scenario_index,episode_length,accuracy,at_fault_collision,comfort,distance_into_oncoming_traffic,nuplan_driving_direction_compliance,log_divergence,offroad,offroad_in_box,distance_on_multiple_lanes,time_on_multiple_lanes,multiple_lanes_score,overlap,progress_ratio,making_progress,run_red_light,sdc_off_route,sdc_progression,sdc_wrongway,max_overspeed_m_per_s,max_overspeed_km_per_h,nuplan_speed_compliance,min_ttc,average_ttc,ttc_within_bound,nuplan_aggregate_score,vmax_aggregate_score,rideflux_aggregate_score,fail_accuracy,fail_overlap,fail_offroad,fail_at_fault_collision,fail_overlap_and_offroad,fail_collision_and_overlap,at_fault_without_overlap,low_progress_05,low_progress_07,low_comfort_05,low_rideflux_05,zero_rideflux,primary_category
0,80,1,0.0,0.8875,0.0,1.0,5.092324,1.0,0.0,78.78019,5.300000000000001,0.5,0.0,1.0,1.0,0.0,0.0,0.0,0.0,0.5340748,1.9226692,0.9622071,5.0,5.0,1.0,0.0,0.0,0.96625006,False,False,False,False,False,False,False,False,False,False,False,False,PASS
1,58,0,0.0,0.8448276,0.0,1.0,0.9514631,1.0,1.0,39.29812,5.800000000000001,0.0,0.0,0.6600362,1.0,0.0,0.0,0.0,0.0,0.0,0.0,1.0,2.0,4.8965516,1.0,0.0,0.0,0.0,True,False,True,False,False,False,False,False,True,False,True,True,OFFROAD
2,80,1,0.0,0.875,0.0,1.0,14.311643,1.0,0.0,64.105225,8.0,0.0,0.0,0.6872841,1.0,0.0,0.0,0.0,0.0,0.0,0.0,1.0,5.0,5.0,1.0,0.0,0.0,0.7435989,False,False,False,False,False,False,False,False,True,False,False,False,PASS
3,80,1,0.0,0.725,0.0,1.0,3.3013024,0.0,0.0,54.737183,5.9,0.0,0.0,0.982406,1.0,0.0,0.0,0.0,0.0,0.0,0.0,1.0,5.0,5.0,1.0,0.9601269,0.8085279,0.9051842,False,False,False,False,False,False,False,False,False,False,False,False,PASS
4,80,1,0.0,0.8875,0.0,1.0,11.689429,1.0,0.0,94.40471,5.4,0.5,0.0,0.8006291,1.0,0.0,0.0,0.0,0.0,0.01966858,0.07080688,0.99988836,5.0,5.0,1.0,0.0,0.0,0.8266903,False,False,False,False,False,False,False,False,False,False,False,False,PASS
5,80,1,0.0,1.0,0.0,1.0,0.087601535,0.0,0.0,0.0,0.0,1.0,0.0,0.9989648,1.0,0.0,0.0,0.0,0.0,0.0,0.0,1.0,5.0,5.0,1.0,0.99967647,0.99972755,0.9992754,False,False,False,False,False,False,False,False,False,False,False,False,PASS
6,80,1,0.0,1.0,0.0,1.0,2.405913,1.0,0.0,15.019285,8.0,0.0,0.0,0.97095114,1.0,0.0,0.0,0.0,0.0,0.0,0.0,1.0,4.4,4.9837503,1.0,0.0,0.0,0.97966576,False,False,False,False,False,False,False,False,False,False,False,False,PASS
7,80,1,0.0,0.7375,0.0,1.0,10.466361,0.0,0.0,57.810722,5.1000000000000005,0.5,0.0,0.79929036,1.0,0.0,0.0,0.0,0.0,0.0,0.0,1.0,5.0,5.0,1.0,0.9044658,0.84060276,0.7807533,False,False,False,False,False,False,False,False,False,False,False,False,PASS
8,80,1,0.0,1.0,0.0,1.0,1.08064,1.0,0.0,62.28397,7.800000000000001,0.0,0.0,1.0,1.0,0.0,0.0,0.0,0.0,0.0,0.0,1.0,4.8,4.99625,1.0,0.0,0.0,1.0,False,False,False,False,False,False,False,False,False,False,False,False,PASS
9,80,1,0.0,0.925,0.0,1.0,3.7689626,1.0,0.0,47.11403,8.0,0.0,0.0,0.99999994,1.0,0.0,0.0,0.0,0.0,0.0,0.0,1.0,5.0,5.0,1.0,0.0,0.0,0.97749996,False,False,False,False,False,False,False,False,False,False,False,False,PASS
10,80,1,0.0,0.8875,0.0,1.0,1.6931435,1.0,0.0,50.84844,6.2,0.0,0.0,0.97547793,1.0,0.0,0.0,0.0,0.0,0.0,0.0,1.0,2.3,4.535,1.0,0.0,0.0,0.94908446,False,False,False,False,False,False,False,False,False,False,False,False,PASS
11,80,1,0.0,0.8875,0.0,1.0,12.918181,1.0,0.0,110.057495,6.4,0.0,0.0,0.83652323,1.0,0.0,0.0,0.0,0.0,0.5493717,1.9777381,0.989921,5.0,5.0,1.0,0.0,0.0,0.8518163,False,False,False,False,False,False,False,False,False,False,False,False,PASS
12,80,1,0.0,1.0,0.0,1.0,0.14589216,1.0,0.0,0.13240476,8.0,0.0,0.0,1.0,1.0,0.0,0.0,0.0,0.0,0.0,0.0,1.0,5.0,5.0,1.0,0.0,0.0,1.0,False,False,False,False,False,False,False,False,False,False,False,False,PASS
13,1,0,1.0,1.0,0.0,1.0,0.0055940687,1.0,0.0,0.010815969,0.1,1.0,1.0,1.0,1.0,0.0,0.0,0.0,0.0,0.0,0.0,1.0,5.0,5.0,1.0,0.0,0.0,0.0,True,True,False,True,False,True,False,False,False,False,True,True,OVERLAP+AT_FAULT
14,80,1,0.0,0.8875,0.0,1.0,10.734176,1.0,0.0,141.4139,8.0,0.0,0.0,0.8260731,1.0,0.0,0.0,0.0,0.0,0.98479843,3.5452743,0.96221733,5.0,5.0,1.0,0.0,0.0,0.84450114,False,False,False,False,False,False,False,False,False,False,False,False,PASS
15,80,1,0.0,0.675,0.0,1.0,12.247798,1.0,0.0,160.51707,7.800000000000001,0.0,0.0,0.86163837,1.0,0.0,0.0,0.0,0.0,3.372158,12.139769,0.6489096,5.0,5.0,1.0,0.0,0.0,0.8056469,False,False,False,False,False,False,False,False,False,False,False,False,PASS
16,80,1,0.0,1.0,0.0,1.0,6.550154,0.0,0.0,111.76523,8.0,0.0,0.0,0.8646715,1.0,0.0,0.0,0.0,0.0,0.0,0.0,1.0,5.0,5.0,1.0,0.95770985,0.8064925,0.90527004,False,False,False,False,False,False,False,False,False,False,False,False,PASS
17,80,1,0.0,0.8875,0.0,1.0,7.39146,1.0,0.0,128.46297,8.0,0.0,0.0,0.9002727,1.0,0.0,0.0,0.0,0.0,0.0,0.0,1.0,5.0,5.0,1.0,0.0,0.0,0.8964409,False,False,False,False,False,False,False,False,False,False,False,False,PASS
18,80,1,0.0,1.0,0.0,1.0,7.138266,0.0,0.0,62.1083,8.0,0.0,0.0,0.7455458,1.0,0.0,0.0,0.0,0.0,0.0,0.0,1.0,5.0,5.0,1.0,0.92048305,0.7751436,0.82188207,False,False,False,False,False,False,False,False,False,False,False,False,PASS
19,80,1,0.0,0.8,0.0,1.0,5.979289,0.0,0.0,72.49745,8.0,0.0,0.0,1.0,1.0,0.0,0.0,0.0,0.0,0.0,0.0,1.0,2.5,4.7125,1.0,0.975,0.8210527,0.94,False,False,False,False,False,False,False,False,False,False,False,False,PASS
20,80,1,0.0,0.875,0.0,1.0,15.185312,1.0,0.0,102.85208,6.0,0.0,0.0,0.7749516,1.0,0.0,0.0,0.0,0.0,1.6155834,5.8161,0.9400341,5.0,5.0,1.0,0.0,0.0,0.80496615,False,False,False,False,False,False,False,False,False,False,False,False,PASS
21,80,1,0.0,1.0,0.0,1.0,2.0162022,1.0,0.0,5.6552353,8.0,0.0,0.0,1.0,1.0,0.0,0.0,0.0,0.0,0.0,0.0,1.0,5.0,5.0,1.0,0.0,0.0,1.0,False,False,False,False,False,False,False,False,False,False,False,False,PASS
22,80,1,0.0,1.0,0.0,1.0,0.2651089,1.0,0.0,0.25626075,8.0,0.0,0.0,1.0,1.0,0.0,0.0,0.0,0.0,0.0,0.0,1.0,4.6,4.9762497,1.0,0.0,0.0,1.0,False,False,False,False,False,False,False,False,False,False,False,False,PASS
23,80,1,0.0,0.8875,0.0,1.0,10.781614,0.0,0.0,135.4407,8.0,0.0,0.0,0.82487917,1.0,0.0,0.0,0.0,0.0,0.26255798,0.9452087,0.9969474,5.0,5.0,1.0,0.930449,0.783536,0.8436654,False,False,False,False,False,False,False,False,False,False,False,False,PASS
24,27,0,1.0,0.6296296,0.0,1.0,2.2054486,0.0,0.0,42.35717,2.7,1.0,1.0,0.3193352,1.0,0.0,0.0,0.0,0.0,0.0,0.0,1.0,0.0,3.8,0.0,0.0,0.0,0.0,True,True,False,True,False,True,False,True,True,False,True,True,OVERLAP+AT_FAULT
25,80,1,0.0,0.8625,0.0,1.0,11.901898,0.0,0.0,65.6747,6.9,0.0,0.0,0.72693396,1.0,0.0,0.0,0.0,0.0,0.0,0.0,1.0,5.0,5.0,1.0,0.8974794,0.7557722,0.7676038,False,False,False,False,False,False,False,False,False,False,False,False,PASS
26,80,1,0.0,1.0,0.0,1.0,0.07736154,0.0,0.0,0.1138025,8.0,0.0,0.0,1.0,1.0,0.0,0.0,0.0,0.0,0.0,0.0,1.0,4.8,4.99125,1.0,1.0,0.84210527,1.0,False,False,False,False,False,False,False,False,False,False,False,False,PASS
27,80,1,0.0,0.8875,9.262033,0.0,3.0519621,1.0,0.0,61.253334,8.0,0.0,0.0,0.9417385,1.0,0.0,0.0,0.0,0.0,0.0,0.0,1.0,5.0,5.0,1.0,0.0,0.0,0.92546695,False,False,False,False,False,False,False,False,False,False,False,False,PASS
28,80,1,0.0,0.925,0.0,1.0,12.450792,1.0,0.0,78.50845,8.0,0.0,0.0,0.69889396,1.0,0.0,0.0,0.0,0.0,0.0,0.0,1.0,4.1,4.91,1.0,0.0,0.0,0.7667258,False,False,False,False,False,False,False,False,True,False,False,False,PASS
29,14,0,1.0,0.5714286,0.0,1.0,0.3739709,1.0,0.0,25.501446,1.4,1.0,1.0,0.18427512,0.0,0.0,0.0,0.0,0.0,0.0,0.0,1.0,0.0,3.6,0.0,0.0,0.0,0.0,True,True,False,True,False,True,False,True,True,False,True,True,OVERLAP+AT_FAULT
30,80,1,0.0,0.8875,0.0,1.0,9.686007,1.0,0.0,0.0,0.0,1.0,0.0,0.7866564,1.0,0.0,0.0,0.0,0.0,0.0,0.0,1.0,5.0,5.0,1.0,0.0,0.0,0.81690943,False,False,False,False,False,False,False,False,False,False,False,False,PASS
31,1,0,1.0,1.0,0.0,1.0,0.0031075526,1.0,0.0,0.005977977,0.1,1.0,1.0,1.0,1.0,0.0,0.0,0.0,0.0,0.0,0.0,1.0,5.0,5.0,1.0,0.0,0.0,0.0,True,True,False,True,False,True,False,False,False,False,True,True,OVERLAP+AT_FAULT
32,80,1,0.0,1.0,0.0,1.0,0.07815371,0.0,0.0,0.07030959,8.0,0.0,0.0,1.0,1.0,0.0,0.0,0.0,0.0,0.0,0.0,1.0,5.0,5.0,1.0,1.0,0.84210527,1.0,False,False,False,False,False,False,False,False,False,False,False,False,PASS
33,80,1,0.0,1.0,0.0,1.0,0.014382714,1.0,0.0,0.15923132,8.0,0.0,0.0,1.0,1.0,0.0,0.0,0.0,0.0,0.0,0.0,1.0,5.0,5.0,1.0,0.0,0.0,1.0,False,False,False,False,False,False,False,False,False,False,False,False,PASS
34,80,1,0.0,0.8625,0.0,1.0,1.8940934,1.0,0.0,56.46833,7.7,0.0,0.0,0.92701626,1.0,0.0,0.0,0.0,0.0,0.0,0.0,1.0,3.3,4.9425,1.0,0.0,0.0,0.90766144,False,False,False,False,False,False,False,False,False,False,False,False,PASS
35,80,1,0.0,0.8875,0.0,1.0,6.686815,1.0,0.0,72.94862,8.0,0.0,0.0,0.82434976,1.0,0.0,0.0,0.0,0.0,0.0,0.0,1.0,1.7,4.645,1.0,0.0,0.0,0.8432948,False,False,False,False,False,False,False,False,False,False,False,False,PASS
36,80,1,0.0,1.0,0.0,1.0,0.0151578905,1.0,0.0,0.0,0.0,1.0,0.0,1.0,1.0,0.0,0.0,0.0,0.0,0.0,0.0,1.0,5.0,5.0,1.0,0.0,0.0,1.0,False,False,False,False,False,False,False,False,False,False,False,False,PASS
37,1,0,0.0,0.0,0.0,1.0,0.25058773,1.0,1.0,2.3347082,0.1,1.0,0.0,0.013706785,0.0,0.0,0.0,0.0,0.0,3.230856,11.631081,1.0,5.0,5.0,1.0,0.0,0.0,0.0,True,False,True,False,False,False,False,True,True,True,True,True,OFFROAD
38,80,1,0.0,0.925,0.0,1.0,3.214991,1.0,0.0,36.738785,6.9,0.0,0.0,0.8188209,1.0,0.0,0.0,0.0,0.0,0.0,0.0,1.0,3.8,4.8562503,1.0,0.0,0.0,0.8506746,False,False,False,False,False,False,False,False,False,False,False,False,PASS
39,80,1,0.0,0.875,0.0,1.0,13.089813,0.0,0.0,116.98326,6.2,0.0,0.0,0.79978323,1.0,0.0,0.0,0.0,0.0,2.2386208,8.059034,0.87118894,5.0,5.0,1.0,0.8896045,0.7491406,0.82234824,False,False,False,False,False,False,False,False,False,False,False,False,PASS
40,80,1,0.0,0.71250004,0.0,1.0,10.941489,1.0,0.0,146.96921,8.0,0.0,0.0,0.83172363,1.0,0.0,0.0,0.0,0.0,0.35194778,1.267012,0.9956958,5.0,5.0,1.0,0.0,0.0,0.79595655,False,False,False,False,False,False,False,False,False,False,False,False,PASS
41,80,1,0.0,0.8,0.0,1.0,1.2330183,0.0,0.0,139.21164,8.0,0.0,0.0,0.9873938,1.0,0.0,0.0,0.0,0.0,0.0,0.0,1.0,5.0,5.0,1.0,0.9710606,0.81773525,0.93117565,False,False,False,False,False,False,False,False,False,False,False,False,PASS
42,80,1,0.0,0.8875,0.0,1.0,7.289921,1.0,0.0,166.3237,8.0,0.0,0.0,0.90733135,1.0,0.0,0.0,0.0,0.0,3.2257977,11.612871,0.492814,5.0,5.0,1.0,0.0,0.0,0.9013819,False,False,False,False,False,False,False,False,False,False,False,False,PASS
43,80,1,0.0,0.875,0.0,1.0,12.641329,1.0,0.0,159.74286,8.0,0.0,0.0,0.82474875,1.0,0.0,0.0,0.0,0.0,4.0274143,14.498692,0.6209902,5.0,5.0,1.0,0.0,0.0,0.83982414,False,False,False,False,False,False,False,False,False,False,False,False,PASS
44,80,1,0.0,0.6,0.0,1.0,5.9723363,0.0,0.0,158.6445,8.0,0.0,0.0,0.89689106,1.0,0.0,0.0,0.0,0.0,1.9170017,6.901206,0.8311555,4.6,4.9950004,1.0,0.8755673,0.7373198,0.8078238,False,False,False,False,False,False,False,False,False,False,False,False,PASS
45,80,1,0.0,0.6125,0.0,1.0,8.3027935,0.0,0.0,115.38686,6.800000000000001,0.0,0.0,0.86235136,1.0,0.0,0.0,0.0,0.0,0.0,0.0,1.0,5.0,5.0,1.0,0.9085473,0.76509243,0.78739595,False,False,False,False,False,False,False,False,False,False,False,False,PASS
46,80,1,0.0,0.8,0.0,1.0,12.902605,0.0,0.0,141.01471,7.2,0.0,0.0,0.8154887,1.0,0.0,0.0,0.0,0.0,3.6145973,13.01255,0.67862594,5.0,5.0,1.0,0.8369968,0.7048394,0.81084216,False,False,False,False,False,False,False,False,False,False,False,False,PASS
47,80,1,0.0,0.8875,0.0,1.0,2.503606,0.0,0.0,111.79027,6.7,0.0,0.0,0.9368209,1.0,0.0,0.0,0.0,0.0,0.0,0.0,1.0,5.0,5.0,1.0,0.96619403,0.8136371,0.92202467,False,False,False,False,False,False,False,False,False,False,False,False,PASS
48,80,1,0.0,1.0,0.0,1.0,0.86331475,1.0,0.0,1.2372077,8.0,0.0,0.0,1.0,1.0,0.0,0.0,0.0,0.0,0.0,0.0,1.0,3.2,4.8025002,1.0,0.0,0.0,1.0,False,False,False,False,False,False,False,False,False,False,False,False,PASS
49,80,1,0.0,1.0,0.0,1.0,0.26853296,1.0,0.0,0.2622235,8.0,0.0,0.0,1.0,1.0,0.0,0.0,0.0,0.0,0.0,0.0,1.0,5.0,5.0,1.0,0.0,0.0,1.0,False,False,False,False,False,False,False,False,False,False,False,False,PASS
50,80,1,0.0,0.875,0.0,1.0,11.440147,1.0,0.0,138.17502,7.6,0.0,0.0,0.84115267,1.0,0.0,0.0,0.0,0.0,1.5818748,5.6947494,0.93046474,5.0,5.0,1.0,0.0,0.0,0.8513069,False,False,False,False,False,False,False,False,False,False,False,False,PASS
51,64,0,0.0,1.0,0.0,1.0,4.9168015,1.0,1.0,1.1562176,0.6000000000000001,1.0,0.0,1.0,1.0,0.0,0.0,0.0,0.0,0.0,0.0,1.0,2.2,3.75625,1.0,0.0,0.0,0.0,True,False,True,False,False,False,False,False,False,False,True,True,OFFROAD
52,80,1,0.0,0.6625,1.4382602,1.0,14.656794,1.0,0.0,70.69574,8.0,0.0,0.0,0.6294694,1.0,0.0,0.0,0.0,0.0,0.0,0.0,1.0,1.8000001,4.38875,1.0,0.0,0.0,0.6393786,False,False,False,False,False,False,False,False,True,False,False,False,PASS
53,80,1,0.0,0.875,0.0,1.0,2.404581,1.0,0.0,51.150444,8.0,0.0,0.0,0.9616851,1.0,0.0,0.0,0.0,0.0,0.0,0.0,1.0,5.0,5.0,1.0,0.0,0.0,0.9356796,False,False,False,False,False,False,False,False,False,False,False,False,PASS
54,80,1,0.0,1.0,0.0,1.0,0.19671166,0.0,0.0,0.18995288,8.0,0.0,0.0,1.0,1.0,0.0,0.0,0.0,0.0,0.0,0.0,1.0,5.0,5.0,1.0,1.0,0.84210527,1.0,False,False,False,False,False,False,False,False,False,False,False,False,PASS
55,80,1,0.0,0.6,0.0,1.0,7.5403366,1.0,0.0,98.72397,4.7,0.5,0.0,0.8755179,1.0,0.0,0.0,0.0,0.0,3.8602905,13.897045,0.31416488,5.0,5.0,1.0,0.0,0.0,0.7928626,False,False,False,False,False,False,False,False,False,False,False,False,PASS
56,80,1,0.0,1.0,0.0,1.0,0.23140478,0.0,0.0,0.2361599,8.0,0.0,0.0,1.0,1.0,0.0,0.0,0.0,0.0,0.0,0.0,1.0,5.0,5.0,1.0,1.0,0.84210527,1.0,False,False,False,False,False,False,False,False,False,False,False,False,PASS
57,80,1,0.0,0.77500004,0.0,1.0,12.702904,1.0,0.0,191.7278,8.0,0.0,0.0,0.987499,1.0,0.0,0.0,0.0,0.0,4.0601425,14.616512,0.0,5.0,5.0,1.0,0.0,0.0,0.92374927,False,False,False,False,False,False,False,False,False,False,False,False,PASS
58,80,1,0.0,1.0,0.0,1.0,11.752553,1.0,0.0,34.573803,3.2,1.5,0.0,0.7408749,1.0,0.0,0.0,0.0,0.0,0.0,0.0,1.0,5.0,5.0,1.0,0.0,0.0,0.8186125,False,False,False,False,False,False,False,False,False,False,False,False,PASS
59,80,1,0.0,1.0,0.0,1.0,0.15361492,0.0,0.0,0.15154739,8.0,0.0,0.0,1.0,1.0,0.0,0.0,0.0,0.0,0.0,0.0,1.0,5.0,5.0,1.0,1.0,0.84210527,1.0,False,False,False,False,False,False,False,False,False,False,False,False,PASS
60,80,1,0.0,1.0,0.0,1.0,1.3799986,1.0,0.0,2.484134,8.0,0.0,0.0,1.0,1.0,0.0,0.0,0.0,0.0,0.0,0.0,1.0,2.3,4.7575,1.0,0.0,0.0,1.0,False,False,False,False,False,False,False,False,False,False,False,False,PASS
61,80,1,0.0,0.85,0.0,1.0,6.998871,0.0,0.0,48.099354,8.0,0.0,0.0,1.0,1.0,0.0,0.0,0.0,0.0,0.0,0.0,1.0,4.5,4.9512496,1.0,0.98125,0.82631576,0.95500004,False,False,False,False,False,False,False,False,False,False,False,False,PASS
62,80,1,0.0,0.7625,0.0,1.0,14.442215,1.0,0.0,108.727646,5.4,0.5,0.0,0.79989046,1.0,0.0,0.0,0.0,0.0,3.3710327,12.135717,0.75400686,5.0,5.0,1.0,0.0,0.0,0.78867334,False,False,False,False,False,False,False,False,False,False,False,False,PASS
63,80,1,0.0,0.8875,0.0,1.0,2.969652,1.0,0.0,89.722115,7.9,0.0,0.0,0.9763869,1.0,0.0,0.0,0.0,0.0,0.0,0.0,1.0,5.0,5.0,1.0,0.0,0.0,0.9497208,False,False,False,False,False,False,False,False,False,False,False,False,PASS
64,80,1,0.0,1.0,0.0,1.0,9.285274,1.0,0.0,82.221214,4.800000000000001,0.5,0.0,0.8375344,1.0,0.0,0.0,0.0,0.0,0.0,0.0,1.0,5.0,5.0,1.0,0.0,0.0,0.88627416,False,False,False,False,False,False,False,False,False,False,False,False,PASS
65,80,1,0.0,0.85,0.0,1.0,3.756813,0.0,0.0,9.955087,2.1,1.0,0.0,1.0,1.0,0.0,0.0,0.0,0.0,0.0,0.0,1.0,1.5,4.95625,1.0,0.98125,0.98421055,0.95500004,False,False,False,False,False,False,False,False,False,False,False,False,PASS
66,80,1,0.0,0.8875,0.0,1.0,13.006235,1.0,0.0,81.97992,5.4,0.5,0.0,0.7818373,1.0,0.0,0.0,0.0,0.0,0.0,0.0,1.0,5.0,5.0,1.0,0.0,0.0,0.8135361,False,False,False,False,False,False,False,False,False,False,False,False,PASS
67,80,1,0.0,0.8875,0.0,1.0,3.7400482,0.0,0.0,83.11906,8.0,0.0,0.0,0.9130892,1.0,0.0,0.0,0.0,0.0,0.0,0.0,1.0,5.0,5.0,1.0,0.95877784,0.8073919,0.9054125,False,False,False,False,False,False,False,False,False,False,False,False,PASS
68,80,1,0.0,1.0,0.0,1.0,0.26176128,0.0,0.0,0.23666176,8.0,0.0,0.0,1.0,1.0,0.0,0.0,0.0,0.0,0.0,0.0,1.0,0.5,4.4962497,0.0,0.6875,0.57894737,1.0,False,False,False,False,False,False,False,False,False,False,False,False,PASS
69,80,1,0.0,0.875,0.0,1.0,18.211353,1.0,0.0,59.796432,3.1,1.5,0.0,0.7315259,1.0,0.0,0.0,0.0,0.0,1.8230648,6.563033,0.9359968,5.0,5.0,1.0,0.0,0.0,0.77456814,False,False,False,False,False,False,False,False,False,False,False,False,PASS
70,80,1,0.0,1.0,0.0,1.0,0.118067645,1.0,0.0,0.31392616,8.0,0.0,0.0,1.0,1.0,0.0,0.0,0.0,0.0,0.0,0.0,1.0,5.0,5.0,1.0,0.0,0.0,1.0,False,False,False,False,False,False,False,False,False,False,False,False,PASS
71,80,1,0.0,0.725,0.0,1.0,10.444575,1.0,0.0,150.60959,8.0,0.0,0.0,0.83557844,1.0,0.0,0.0,0.0,0.0,2.2326584,8.03757,0.84068227,5.0,5.0,1.0,0.0,0.0,0.802405,False,False,False,False,False,False,False,False,False,False,False,False,PASS
72,80,1,0.0,0.5125,0.0,1.0,1.7388287,1.0,0.0,91.43971,8.0,0.0,0.0,0.99999994,1.0,0.0,0.0,0.0,0.0,0.0,0.0,1.0,1.2,4.8700004,1.0,0.0,0.0,0.85374993,False,False,False,False,False,False,False,False,False,False,False,False,PASS
73,80,1,0.0,0.875,0.0,1.0,5.138158,1.0,0.0,100.47761,8.0,0.0,0.0,0.8960601,1.0,0.0,0.0,0.0,0.0,0.0,0.0,1.0,1.7,4.6800003,1.0,0.0,0.0,0.8897421,False,False,False,False,False,False,False,False,False,False,False,False,PASS
74,8,0,0.0,1.0,0.0,1.0,0.0015139702,1.0,0.0,0.0043552984,0.8,1.0,1.0,1.0,1.0,0.0,0.0,0.0,0.0,0.0,0.0,1.0,5.0,5.0,1.0,0.0,0.0,0.0,True,True,False,False,False,False,False,False,False,False,True,True,OVERLAP
75,80,1,0.0,1.0,0.0,1.0,0.3081741,1.0,0.0,0.0,0.0,1.0,0.0,1.0,1.0,0.0,0.0,0.0,0.0,0.0,0.0,1.0,5.0,5.0,1.0,0.0,0.0,1.0,False,False,False,False,False,False,False,False,False,False,False,False,PASS
76,80,1,0.0,0.925,0.0,1.0,3.4086404,1.0,0.0,6.2595787,8.0,0.0,0.0,1.0,1.0,0.0,0.0,0.0,0.0,0.0,0.0,1.0,5.0,5.0,1.0,0.0,0.0,0.97749996,False,False,False,False,False,False,False,False,False,False,False,False,PASS
77,80,1,0.0,0.83750004,0.0,1.0,12.288642,1.0,0.0,140.9931,8.0,0.0,0.0,0.7997132,1.0,0.0,0.0,0.0,0.0,1.9625587,7.0652113,0.9348311,5.0,5.0,1.0,0.0,0.0,0.8110493,False,False,False,False,False,False,False,False,False,False,False,False,PASS
78,80,1,0.0,0.925,0.0,1.0,2.2345655,0.0,0.0,31.317068,5.0,0.5,0.0,1.0,1.0,0.0,0.0,0.0,0.0,0.0,0.0,1.0,4.5,4.9900002,1.0,0.990625,0.91315794,0.97749996,False,False,False,False,False,False,False,False,False,False,False,False,PASS
79,80,1,0.0,1.0,0.0,1.0,3.2676556,1.0,0.0,48.08099,6.5,0.0,0.0,0.8760959,1.0,0.0,0.0,0.0,0.0,0.0,0.0,1.0,3.9,4.86,1.0,0.0,0.0,0.91326714,False,False,False,False,False,False,False,False,False,False,False,False,PASS
80,80,1,0.0,1.0,0.0,1.0,0.25096345,0.0,0.0,0.2417744,8.0,0.0,0.0,1.0,1.0,0.0,0.0,0.0,0.0,0.0,0.0,1.0,5.0,5.0,1.0,1.0,0.84210527,1.0,False,False,False,False,False,False,False,False,False,False,False,False,PASS
81,80,1,0.0,0.7875,0.0,1.0,11.072612,1.0,0.0,98.53825,7.300000000000001,0.0,0.0,0.76512855,1.0,0.0,0.0,0.0,0.0,0.0,0.0,1.0,5.0,5.0,1.0,0.0,0.0,0.77184004,False,False,False,False,False,False,False,False,False,False,False,False,PASS
82,80,1,0.0,0.85,0.0,1.0,4.3469367,1.0,0.0,65.228806,8.0,0.0,0.0,1.0,1.0,0.0,0.0,0.0,0.0,0.0,0.0,1.0,5.0,5.0,1.0,0.0,0.0,0.95500004,False,False,False,False,False,False,False,False,False,False,False,False,PASS
83,80,1,0.0,1.0,0.0,1.0,1.2684127,1.0,0.0,27.03807,3.9,0.5,0.0,0.99999994,1.0,0.0,0.0,0.0,0.0,0.0,0.0,1.0,5.0,5.0,1.0,0.0,0.0,1.0,False,False,False,False,False,False,False,False,False,False,False,False,PASS
84,80,1,0.0,0.8875,0.0,1.0,9.710437,1.0,0.0,80.78113,8.0,0.0,0.0,0.7885698,1.0,0.0,0.0,0.0,0.0,0.0,0.0,1.0,5.0,5.0,1.0,0.0,0.0,0.81824887,False,False,False,False,False,False,False,False,False,False,False,False,PASS
85,80,1,0.0,0.9125,0.0,1.0,14.309058,1.0,0.0,70.18706,7.300000000000001,0.0,0.0,0.687449,1.0,0.0,0.0,0.0,0.0,0.0,0.0,1.0,5.0,5.0,1.0,0.0,0.0,0.7549643,False,False,False,False,False,False,False,False,True,False,False,False,PASS
86,80,1,0.0,0.8875,0.0,1.0,9.323404,0.0,0.0,27.839228,3.6,0.5,0.0,0.7720542,1.0,0.0,0.0,0.0,0.0,0.0,0.0,1.0,5.0,5.0,1.0,0.91470444,0.8492248,0.80668795,False,False,False,False,False,False,False,False,False,False,False,False,PASS
87,80,1,0.0,0.8875,0.0,1.0,1.9813232,1.0,0.0,28.332762,4.2,0.5,0.0,0.8650061,1.0,0.0,0.0,0.0,0.0,0.0,0.0,1.0,3.4,4.9125,1.0,0.0,0.0,0.8717543,False,False,False,False,False,False,False,False,False,False,False,False,PASS
88,80,1,0.0,0.925,0.0,1.0,10.920915,0.0,0.0,129.64256,7.1000000000000005,0.0,0.0,0.84117264,1.0,0.0,0.0,0.0,0.0,2.636238,9.490457,0.83905435,5.0,5.0,1.0,0.90075505,0.75853056,0.8663208,False,False,False,False,False,False,False,False,False,False,False,False,PASS
89,80,1,0.0,1.0,0.0,1.0,3.6975353,0.0,0.0,82.234695,8.0,0.0,0.0,0.899349,1.0,0.0,0.0,0.0,0.0,0.0,0.0,1.0,5.0,5.0,1.0,0.96854657,0.81561816,0.92954427,False,False,False,False,False,False,False,False,False,False,False,False,PASS
90,80,1,0.0,1.0,0.0,1.0,0.07781754,0.0,0.0,2.817953,8.0,0.0,0.0,0.8140714,1.0,0.0,0.0,0.0,0.0,0.0,0.0,1.0,5.0,5.0,1.0,0.94189733,0.7931767,0.86985,False,False,False,False,False,False,False,False,False,False,False,False,PASS
91,80,1,0.0,0.725,0.0,1.0,13.201224,1.0,0.0,184.42317,8.0,0.0,0.0,0.9883313,1.0,0.0,0.0,0.0,0.0,3.401352,12.244866,0.0,5.0,5.0,1.0,0.0,0.0,0.9093319,False,False,False,False,False,False,False,False,False,False,False,False,PASS
92,80,1,0.0,0.8875,0.0,1.0,8.243663,1.0,0.0,69.32774,7.800000000000001,0.0,0.0,0.7917706,1.0,0.0,0.0,0.0,0.0,0.0,0.0,1.0,5.0,5.0,1.0,0.0,0.0,0.8204894,False,False,False,False,False,False,False,False,False,False,False,False,PASS
93,44,0,0.0,0.79545456,0.0,1.0,1.1240675,1.0,1.0,34.595226,4.4,0.5,0.0,0.7646744,1.0,0.0,0.0,0.0,0.0,0.0,0.0,1.0,3.6000001,4.686364,1.0,0.0,0.0,0.0,True,False,True,False,False,False,False,False,False,False,True,True,OFFROAD
94,80,1,0.0,1.0,0.0,1.0,0.022325039,1.0,0.0,0.019855725,8.0,0.0,0.0,1.0,1.0,0.0,0.0,0.0,0.0,0.0,0.0,1.0,5.0,5.0,1.0,0.0,0.0,1.0,False,False,False,False,False,False,False,False,False,False,False,False,PASS
95,80,1,0.0,1.0,0.0,1.0,0.17315875,0.0,0.0,0.26767692,8.0,0.0,0.0,1.0,1.0,0.0,0.0,0.0,0.0,0.0,0.0,1.0,5.0,5.0,1.0,1.0,0.84210527,1.0,False,False,False,False,False,False,False,False,False,False,False,False,PASS
96,80,1,0.0,0.8875,0.0,1.0,0.6532654,1.0,0.0,49.602825,5.6000000000000005,0.5,0.0,1.0,1.0,0.0,0.0,0.0,0.0,0.0,0.0,1.0,2.3,4.81,1.0,0.0,0.0,0.96625006,False,False,False,False,False,False,False,False,False,False,False,False,PASS
97,80,1,0.0,1.0,0.0,1.0,0.13836752,1.0,0.0,0.13342756,8.0,0.0,0.0,1.0,1.0,0.0,0.0,0.0,0.0,0.0,0.0,1.0,5.0,5.0,1.0,0.0,0.0,1.0,False,False,False,False,False,False,False,False,False,False,False,False,PASS
98,80,1,0.0,0.8875,0.0,1.0,10.91949,0.0,0.0,125.69292,7.0,0.0,0.0,0.8292144,1.0,0.0,0.0,0.0,0.0,1.5831108,5.6991987,0.9316852,5.0,5.0,1.0,0.9154883,0.7709375,0.84670013,False,False,False,False,False,False,False,False,False,False,False,False,PASS
99,80,1,0.0,1.0,0.0,1.0,10.245018,1.0,0.0,76.31557,8.0,0.0,0.0,0.7305824,1.0,0.0,0.0,0.0,0.0,0.0,0.0,1.0,5.0,5.0,1.0,0.0,0.0,0.8114077,False,False,False,False,False,False,False,False,False,False,False,False,PASS
100,80,1,0.0,1.0,0.0,1.0,1.6748205,1.0,0.0,105.66141,8.0,0.0,0.0,0.9616811,1.0,0.0,0.0,0.0,0.0,0.0,0.0,1.0,2.5,4.96875,1.0,0.0,0.0,0.9731768,False,False,False,False,False,False,False,False,False,False,False,False,PASS
101,80,1,0.0,0.875,0.0,1.0,7.1749606,1.0,0.0,127.23474,8.0,0.0,0.0,0.9095005,1.0,0.0,0.0,0.0,0.0,0.0,0.0,1.0,5.0,5.0,1.0,0.0,0.0,0.8991503,False,False,False,False,False,False,False,False,False,False,False,False,PASS
102,80,1,0.0,0.8875,0.0,1.0,1.4467705,1.0,0.0,25.209969,3.7,0.5,0.0,0.975238,1.0,0.0,0.0,0.0,0.0,0.0,0.0,1.0,2.3,4.7337503,1.0,0.0,0.0,0.9489166,False,False,False,False,False,False,False,False,False,False,False,False,PASS
103,80,1,0.0,0.8875,0.0,1.0,11.259361,1.0,0.0,121.20223,7.2,0.0,0.0,0.8124802,1.0,0.0,0.0,0.0,0.0,0.835783,3.0088186,0.97827667,5.0,5.0,1.0,0.0,0.0,0.83498615,False,False,False,False,False,False,False,False,False,False,False,False,PASS
104,80,1,0.0,0.675,0.0,1.0,10.642539,1.0,0.0,121.01989,6.300000000000001,0.0,0.0,0.8622192,1.0,0.0,0.0,0.0,0.0,1.9419956,6.991184,0.90338916,5.0,5.0,1.0,0.0,0.0,0.80605346,False,False,False,False,False,False,False,False,False,False,False,False,PASS
105,80,1,0.0,1.0,0.0,1.0,0.0100877285,1.0,0.0,0.0,0.0,1.0,0.0,1.0,1.0,0.0,0.0,0.0,0.0,0.0,0.0,1.0,5.0,5.0,1.0,0.0,0.0,1.0,False,False,False,False,False,False,False,False,False,False,False,False,PASS
106,80,1,0.0,1.0,0.0,1.0,1.6585416,1.0,0.0,19.951164,6.5,0.0,0.0,0.9430295,1.0,0.0,0.0,0.0,0.0,0.0,0.0,1.0,2.6000001,4.8875003,1.0,0.0,0.0,0.9601207,False,False,False,False,False,False,False,False,False,False,False,False,PASS
107,80,1,0.0,1.0,0.0,1.0,0.4640997,1.0,0.0,0.4498387,8.0,0.0,0.0,1.0,1.0,0.0,0.0,0.0,0.0,0.0,0.0,1.0,4.5,4.99375,1.0,0.0,0.0,1.0,False,False,False,False,False,False,False,False,False,False,False,False,PASS
108,80,1,0.0,1.0,0.0,1.0,0.31954214,1.0,0.0,0.24280682,8.0,0.0,0.0,1.0,1.0,0.0,0.0,0.0,0.0,0.0,0.0,1.0,5.0,5.0,1.0,0.0,0.0,1.0,False,False,False,False,False,False,False,False,False,False,False,False,PASS
109,80,1,0.0,0.71250004,0.0,1.0,7.7561007,1.0,0.0,110.62953,6.2,0.0,0.0,0.86659163,1.0,0.0,0.0,0.0,0.0,0.45236588,1.6285172,0.991731,5.0,5.0,1.0,0.0,0.0,0.8203642,False,False,False,False,False,False,False,False,False,False,False,False,PASS
110,80,1,0.0,1.0,0.0,1.0,4.8664374,1.0,0.0,51.003113,7.5,0.0,0.0,1.0,1.0,0.0,0.0,0.0,0.0,0.0,0.0,1.0,2.8,4.6575003,1.0,0.0,0.0,1.0,False,False,False,False,False,False,False,False,False,False,False,False,PASS
111,80,1,0.0,1.0,0.0,1.0,0.74782944,1.0,0.0,1.428645,8.0,0.0,0.0,1.0,1.0,0.0,0.0,0.0,0.0,0.0,0.0,1.0,5.0,5.0,1.0,0.0,0.0,1.0,False,False,False,False,False,False,False,False,False,False,False,False,PASS
112,2,0,1.0,1.0,0.0,1.0,0.0032751083,1.0,0.0,0.0025484595,0.2,1.0,1.0,1.0,1.0,0.0,0.0,0.0,0.0,0.0,0.0,1.0,0.0,2.5,0.0,0.0,0.0,0.0,True,True,False,True,False,True,False,False,False,False,True,True,OVERLAP+AT_FAULT
113,80,1,0.0,0.7625,0.0,1.0,17.825956,1.0,0.0,109.3638,6.7,0.0,0.0,0.7247429,1.0,0.0,0.0,0.0,0.0,1.8372078,6.613948,0.94530386,5.0,5.0,1.0,0.0,0.0,0.73607004,False,False,False,False,False,False,False,False,False,False,False,False,PASS
114,80,1,0.0,0.83750004,0.0,1.0,10.376117,1.0,0.0,0.0,0.0,1.0,0.0,0.7067788,1.0,0.0,0.0,0.0,0.0,0.0,0.0,1.0,2.2,4.7475,1.0,0.0,0.0,0.74599516,False,False,False,False,False,False,False,False,False,False,False,False,PASS
115,80,1,0.0,0.725,0.0,1.0,2.79615,1.0,0.0,50.855686,8.0,0.0,0.0,0.8209614,1.0,0.0,0.0,0.0,0.0,0.0,0.0,1.0,5.0,5.0,1.0,0.0,0.0,0.792173,False,False,False,False,False,False,False,False,False,False,False,False,PASS
116,80,1,0.0,0.925,0.0,1.0,13.672493,1.0,0.0,71.43388,5.9,0.0,0.0,0.7470063,1.0,0.0,0.0,0.0,0.0,0.0,0.0,1.0,5.0,5.0,1.0,0.0,0.0,0.80040437,False,False,False,False,False,False,False,False,False,False,False,False,PASS
117,80,1,0.0,0.8,0.0,1.0,10.903984,0.0,0.0,107.027084,6.1000000000000005,0.0,0.0,0.8124073,1.0,0.0,0.0,0.0,0.0,0.6034317,2.172354,0.9883369,5.0,5.0,1.0,0.91346157,0.7692308,0.8086851,False,False,False,False,False,False,False,False,False,False,False,False,PASS
118,80,1,0.0,1.0,0.0,1.0,11.305422,1.0,0.0,124.461716,8.0,0.0,0.0,0.800421,1.0,0.0,0.0,0.0,0.0,0.0,0.0,1.0,5.0,5.0,1.0,0.0,0.0,0.86029476,False,False,False,False,False,False,False,False,False,False,False,False,PASS
119,80,1,0.0,1.0,0.0,1.0,7.175008,1.0,0.0,126.966446,5.9,0.0,0.0,0.91252536,1.0,0.0,0.0,0.0,0.0,3.5177402,12.663864,0.33825117,5.0,5.0,1.0,0.0,0.0,0.93876785,False,False,False,False,False,False,False,False,False,False,False,False,PASS
120,80,1,0.0,1.0,0.0,1.0,7.0724154,1.0,0.0,27.630268,5.4,0.5,0.0,1.0,1.0,0.0,0.0,0.0,0.0,0.0,0.0,1.0,1.8000001,4.8475,1.0,0.0,0.0,1.0,False,False,False,False,False,False,False,False,False,False,False,False,PASS
121,80,1,0.0,1.0,0.0,1.0,0.4706428,1.0,0.0,0.4481086,8.0,0.0,0.0,1.0,1.0,0.0,0.0,0.0,0.0,0.0,0.0,1.0,4.3,4.99125,1.0,0.0,0.0,1.0,False,False,False,False,False,False,False,False,False,False,False,False,PASS
122,80,1,0.0,1.0,0.0,1.0,0.23441187,1.0,0.0,0.23873776,8.0,0.0,0.0,1.0,1.0,0.0,0.0,0.0,0.0,0.0,0.0,1.0,5.0,5.0,1.0,0.0,0.0,1.0,False,False,False,False,False,False,False,False,False,False,False,False,PASS
123,80,1,0.0,1.0,0.0,1.0,0.020732788,1.0,0.0,0.12122593,8.0,0.0,0.0,1.0,1.0,0.0,0.0,0.0,0.0,0.0,0.0,1.0,5.0,5.0,1.0,0.0,0.0,1.0,False,False,False,False,False,False,False,False,False,False,False,False,PASS
124,80,1,0.0,0.8125,0.0,1.0,4.765812,1.0,0.0,60.93483,8.0,0.0,0.0,0.8303829,1.0,0.0,0.0,0.0,0.0,0.0,0.0,1.0,5.0,5.0,1.0,0.0,0.0,0.82501805,False,False,False,False,False,False,False,False,False,False,False,False,PASS
125,80,1,0.0,1.0,0.0,1.0,3.1331062,0.0,0.0,0.0,0.0,1.0,0.0,1.0,1.0,0.0,0.0,0.0,0.0,0.0,0.0,1.0,3.2,4.8137503,1.0,1.0,1.0,1.0,False,False,False,False,False,False,False,False,False,False,False,False,PASS
126,80,1,0.0,1.0,0.0,1.0,0.22518964,1.0,0.0,0.0,0.0,1.0,0.0,1.0,1.0,0.0,0.0,0.0,0.0,0.0,0.0,1.0,5.0,5.0,1.0,0.0,0.0,1.0,False,False,False,False,False,False,False,False,False,False,False,False,PASS
127,80,1,0.0,0.8875,0.0,1.0,3.9410932,0.0,0.0,163.98328,8.0,0.0,0.0,0.95417094,1.0,0.0,0.0,0.0,0.0,3.2201595,11.592574,0.54656327,5.0,5.0,1.0,0.8582567,0.7227425,0.9341696,False,False,False,False,False,False,False,False,False,False,False,False,PASS
128,23,0,0.0,0.6086957,0.0,1.0,2.683686,1.0,1.0,43.87539,2.3000000000000003,1.0,0.0,0.29591426,1.0,0.0,0.0,0.0,0.0,1.9797554,7.127119,0.8102629,1.9,4.7347827,1.0,0.0,0.0,0.0,True,False,True,False,False,False,False,True,True,False,True,True,OFFROAD
129,80,1,0.0,0.8875,0.0,1.0,3.6491864,1.0,0.0,81.98268,8.0,0.0,0.0,0.92867327,1.0,0.0,0.0,0.0,0.0,0.0,0.0,1.0,3.8,4.95625,1.0,0.0,0.0,0.9163213,False,False,False,False,False,False,False,False,False,False,False,False,PASS
130,80,1,0.0,1.0,0.0,1.0,2.3119476,1.0,0.0,40.633392,6.0,0.0,0.0,1.0,1.0,0.0,0.0,0.0,0.0,0.0,0.0,1.0,5.0,5.0,1.0,0.0,0.0,1.0,False,False,False,False,False,False,False,False,False,False,False,False,PASS
131,80,1,0.0,1.0,0.0,1.0,1.1831623,1.0,0.0,0.80524737,8.0,0.0,0.0,0.5219714,1.0,0.0,0.0,0.0,0.0,0.0,0.0,1.0,5.0,5.0,1.0,0.0,0.0,0.66538,False,False,False,False,False,False,False,False,True,False,False,False,PASS
132,46,0,0.0,1.0,0.0,1.0,0.38635707,1.0,0.0,5.8729877,4.6000000000000005,0.5,1.0,0.9061453,1.0,0.0,0.0,0.0,0.0,0.0,0.0,1.0,4.2000003,4.882609,1.0,0.0,0.0,0.0,True,True,False,False,False,False,False,False,False,False,True,True,OVERLAP
133,80,1,0.0,0.5625,0.0,1.0,15.34209,0.0,0.0,79.06215,7.6,0.0,0.0,0.99999994,1.0,0.0,0.0,0.0,0.0,4.1077957,14.788064,0.3748598,1.6,4.72375,1.0,0.78902745,0.66444415,0.86875004,False,False,False,False,False,False,False,False,False,False,False,False,PASS
134,80,1,0.0,1.0,0.0,1.0,3.8371441,0.0,0.0,9.556585,8.0,0.0,0.0,1.0,1.0,0.0,0.0,0.0,0.0,0.0,0.0,1.0,5.0,5.0,1.0,1.0,0.84210527,1.0,False,False,False,False,False,False,False,False,False,False,False,False,PASS
135,80,1,0.0,0.8875,0.0,1.0,11.355094,0.0,0.0,87.08088,8.0,0.0,0.0,0.7553901,1.0,0.0,0.0,0.0,0.0,0.0,0.0,1.0,5.0,5.0,1.0,0.9094969,0.76589215,0.7950231,False,False,False,False,False,False,False,False,False,False,False,False,PASS
136,80,1,0.0,1.0,0.0,1.0,10.144249,1.0,0.0,73.64989,8.0,0.0,0.0,0.73452836,1.0,0.0,0.0,0.0,0.0,0.0,0.0,1.0,5.0,5.0,1.0,0.0,0.0,0.8141699,False,False,False,False,False,False,False,False,False,False,False,False,PASS
137,80,1,0.0,0.8625,0.0,1.0,11.530674,1.0,0.0,17.329033,4.1000000000000005,0.5,0.0,0.99999994,1.0,0.0,0.0,0.0,0.0,0.0,0.0,1.0,5.0,5.0,1.0,0.0,0.0,0.95874995,False,False,False,False,False,False,False,False,False,False,False,False,PASS
138,80,1,0.0,0.925,0.0,1.0,9.688944,1.0,0.0,30.43099,5.300000000000001,0.5,0.0,1.0,1.0,0.0,0.0,0.0,0.0,0.0,0.0,1.0,5.0,5.0,1.0,0.0,0.0,0.97749996,False,False,False,False,False,False,False,False,False,False,False,False,PASS
139,80,1,0.0,0.8625,0.0,1.0,6.6090884,1.0,0.0,73.254135,5.2,0.5,0.0,0.8797243,1.0,0.0,0.0,0.0,0.0,0.0,0.0,1.0,5.0,5.0,1.0,0.0,0.0,0.874557,False,False,False,False,False,False,False,False,False,False,False,False,PASS
140,1,0,1.0,1.0,0.0,1.0,0.014522377,1.0,0.0,0.027766857,0.1,1.0,1.0,1.0,1.0,0.0,0.0,0.0,0.0,0.0,0.0,1.0,4.2000003,4.2000003,1.0,0.0,0.0,0.0,True,True,False,True,False,True,False,False,False,False,True,True,OVERLAP+AT_FAULT
141,80,1,0.0,0.825,0.0,1.0,7.263294,1.0,0.0,83.07829,6.800000000000001,0.0,0.0,0.8803124,1.0,0.0,0.0,0.0,0.0,0.0,0.0,1.0,3.5,4.9812503,1.0,0.0,0.0,0.8637186,False,False,False,False,False,False,False,False,False,False,False,False,PASS
142,40,0,1.0,0.22500001,0.0,1.0,10.871498,1.0,0.0,66.98007,4.0,0.5,1.0,0.85747963,1.0,0.0,0.0,0.0,0.0,7.26824,26.165663,0.0,0.0,3.235,0.0,0.0,0.0,0.0,True,True,False,True,False,True,False,False,False,True,True,True,OVERLAP+AT_FAULT
143,80,1,0.0,0.8875,0.0,1.0,1.9862921,1.0,0.0,0.0,0.0,1.0,0.0,1.0,1.0,0.0,0.0,0.0,0.0,0.0,0.0,1.0,5.0,5.0,1.0,0.0,0.0,0.96625006,False,False,False,False,False,False,False,False,False,False,False,False,PASS
144,80,1,0.0,0.8625,0.0,1.0,14.371124,1.0,0.0,158.37906,8.0,0.0,0.0,0.9741156,1.0,0.0,0.0,0.0,0.0,0.541584,1.9497024,0.9407904,5.0,5.0,1.0,0.0,0.0,0.9406309,False,False,False,False,False,False,False,False,False,False,False,False,PASS
145,55,0,1.0,0.76363635,0.0,1.0,12.563522,1.0,0.0,61.986923,4.800000000000001,0.5,1.0,0.47454846,1.0,0.0,0.0,0.0,0.0,0.0,0.0,1.0,4.9,4.9981813,1.0,0.0,0.0,0.0,True,True,False,True,False,True,False,True,True,False,True,True,OVERLAP+AT_FAULT
146,80,1,0.0,0.7625,0.0,1.0,4.5546145,1.0,0.0,15.176952,1.7000000000000002,1.0,0.0,0.8988553,1.0,0.0,0.0,0.0,0.0,0.0,0.0,1.0,2.0,4.7112503,1.0,0.0,0.0,0.8579487,False,False,False,False,False,False,False,False,False,False,False,False,PASS
147,80,1,0.0,1.0,0.0,1.0,4.8980846,1.0,0.0,42.44943,6.0,0.0,0.0,0.8297452,1.0,0.0,0.0,0.0,0.0,0.0,0.0,1.0,5.0,5.0,1.0,0.0,0.0,0.88082165,False,False,False,False,False,False,False,False,False,False,False,False,PASS
148,80,1,0.0,1.0,0.0,1.0,0.8331854,1.0,0.0,0.78259104,8.0,0.0,0.0,1.0,1.0,0.0,0.0,0.0,0.0,0.0,0.0,1.0,5.0,5.0,1.0,0.0,0.0,1.0,False,False,False,False,False,False,False,False,False,False,False,False,PASS
149,80,1,0.0,1.0,0.0,1.0,11.879088,1.0,0.0,66.87837,8.0,0.0,0.0,0.6818532,1.0,0.0,0.0,0.0,0.0,0.0,0.0,1.0,5.0,5.0,1.0,0.0,0.0,0.7772972,False,False,False,False,False,False,False,False,True,False,False,False,PASS
150,80,1,0.0,0.675,0.0,1.0,4.71663,0.0,0.0,7.110891,0.9,1.0,0.0,0.8705413,1.0,0.0,0.0,0.0,0.0,0.0,0.0,1.0,2.1000001,4.82625,1.0,0.9189192,0.93172145,0.811879,False,False,False,False,False,False,False,False,False,False,False,False,PASS
151,80,1,0.0,1.0,0.0,1.0,12.20328,0.0,0.0,132.9386,8.0,0.0,0.0,0.7995417,1.0,0.0,0.0,0.0,0.0,0.39074135,1.4066688,0.99492574,5.0,5.0,1.0,0.9360882,0.78828484,0.8596792,False,False,False,False,False,False,False,False,False,False,False,False,PASS
152,80,1,0.0,0.8125,0.0,1.0,11.628174,1.0,0.0,71.02556,6.800000000000001,0.0,0.0,0.7627101,1.0,0.0,0.0,0.0,0.0,0.0,0.0,1.0,5.0,5.0,1.0,0.0,0.0,0.7776471,False,False,False,False,False,False,False,False,False,False,False,False,PASS
153,80,1,0.0,0.8875,0.0,1.0,0.52801436,1.0,0.0,1.5841577,8.0,0.0,0.0,0.57659644,1.0,0.0,0.0,0.0,0.0,0.0,0.0,1.0,5.0,5.0,1.0,0.0,0.0,0.6698675,False,False,False,False,False,False,False,False,True,False,False,False,PASS
154,80,1,0.0,1.0,0.0,1.0,0.3894824,1.0,0.0,0.35954982,8.0,0.0,0.0,1.0,1.0,0.0,0.0,0.0,0.0,0.0,0.0,1.0,5.0,5.0,1.0,0.0,0.0,1.0,False,False,False,False,False,False,False,False,False,False,False,False,PASS
155,80,1,0.0,0.675,0.0,1.0,10.114951,0.0,0.0,85.46173,4.4,0.5,0.0,0.82197523,1.0,0.0,0.0,0.0,0.0,1.6431255,5.9152517,0.8548252,5.0,5.0,1.0,0.8674486,0.8094304,0.7778827,False,False,False,False,False,False,False,False,False,False,False,False,PASS
156,80,1,0.0,1.0,0.0,1.0,0.09852578,1.0,0.0,1.1778126,8.0,0.0,0.0,0.975575,1.0,0.0,0.0,0.0,0.0,0.0,0.0,1.0,5.0,5.0,1.0,0.0,0.0,0.9829025,False,False,False,False,False,False,False,False,False,False,False,False,PASS
157,80,1,0.0,0.8875,0.0,1.0,9.509833,1.0,0.0,167.09583,8.0,0.0,0.0,0.8875439,1.0,0.0,0.0,0.0,0.0,3.2857304,11.828629,0.4661463,5.0,5.0,1.0,0.0,0.0,0.88753074,False,False,False,False,False,False,False,False,False,False,False,False,PASS
158,10,0,1.0,0.0,0.0,1.0,0.6879418,1.0,0.0,10.730562,1.0,1.0,1.0,0.10361835,0.0,0.0,0.0,0.0,0.0,0.0,0.0,1.0,0.6,4.15,0.0,0.0,0.0,0.0,True,True,False,True,False,True,False,True,True,True,True,True,OVERLAP+AT_FAULT
159,80,1,0.0,0.75,0.0,1.0,21.33252,1.0,0.0,185.68555,8.0,0.0,0.0,0.9499022,1.0,0.0,0.0,0.0,0.0,3.4443169,12.39954,0.0,5.0,5.0,1.0,0.0,0.0,0.8899315,False,False,False,False,False,False,False,False,False,False,False,False,PASS
160,80,1,0.0,1.0,0.0,1.0,8.885144,1.0,0.0,44.34925,6.800000000000001,0.0,0.0,0.6801362,1.0,0.0,0.0,0.0,0.0,0.0,0.0,1.0,5.0,5.0,1.0,0.0,0.0,0.77609533,False,False,False,False,False,False,False,False,True,False,False,False,PASS
161,80,1,0.0,0.8875,0.0,1.0,10.649119,1.0,0.0,112.20413,6.4,0.0,0.0,0.81235665,1.0,0.0,0.0,0.0,0.0,0.5608578,2.019088,0.9894279,5.0,5.0,1.0,0.0,0.0,0.8348997,False,False,False,False,False,False,False,False,False,False,False,False,PASS
162,80,1,0.0,0.8875,0.0,1.0,12.501434,1.0,0.0,48.231342,5.0,0.5,0.0,0.6821844,1.0,0.0,0.0,0.0,0.0,0.0,0.0,1.0,2.2,4.965,1.0,0.0,0.0,0.7437791,False,False,False,False,False,False,False,False,True,False,False,False,PASS
163,80,1,0.0,1.0,0.0,1.0,0.74730015,0.0,0.0,1.6541802,8.0,0.0,0.0,1.0,1.0,0.0,0.0,0.0,0.0,0.0,0.0,1.0,5.0,5.0,1.0,1.0,0.84210527,1.0,False,False,False,False,False,False,False,False,False,False,False,False,PASS
164,80,1,0.0,0.6875,0.0,1.0,15.581125,1.0,0.0,31.138542,2.6,1.0,0.0,0.66898024,1.0,0.0,0.0,0.0,0.0,0.0,0.0,1.0,5.0,5.0,1.0,0.0,0.0,0.67453617,False,False,False,False,False,False,False,False,True,False,False,False,PASS
165,80,1,0.0,1.0,0.0,1.0,0.0340281,0.0,0.0,0.03353225,8.0,0.0,0.0,1.0,1.0,0.0,0.0,0.0,0.0,0.0,0.0,1.0,5.0,5.0,1.0,1.0,0.84210527,1.0,False,False,False,False,False,False,False,False,False,False,False,False,PASS
166,80,1,0.0,0.8875,0.0,1.0,5.4736223,1.0,0.0,147.44577,8.0,0.0,0.0,0.9001802,1.0,0.0,0.0,0.0,0.0,1.348589,4.85492,0.92996734,5.0,5.0,1.0,0.0,0.0,0.89637613,False,False,False,False,False,False,False,False,False,False,False,False,PASS
167,80,1,0.0,0.925,0.0,1.0,5.4015155,1.0,0.0,151.85237,6.9,0.0,0.0,0.9365,1.0,0.0,0.0,0.0,0.0,2.2791405,8.2049055,0.1585691,5.0,5.0,1.0,0.0,0.0,0.93305,False,False,False,False,False,False,False,False,False,False,False,False,PASS
168,80,1,0.0,0.8875,0.0,1.0,3.8517907,1.0,0.0,56.746223,7.5,0.0,0.0,0.888996,1.0,0.0,0.0,0.0,0.0,0.0,0.0,1.0,5.0,5.0,1.0,0.0,0.0,0.8885471,False,False,False,False,False,False,False,False,False,False,False,False,PASS
169,80,1,0.0,0.925,0.0,1.0,10.996904,1.0,0.0,122.638,7.6,0.0,0.0,0.8150196,1.0,0.0,0.0,0.0,0.0,0.0,0.0,1.0,5.0,5.0,1.0,0.0,0.0,0.8480137,False,False,False,False,False,False,False,False,False,False,False,False,PASS
170,80,1,0.0,0.725,0.0,1.0,11.502086,0.0,0.0,142.19475,8.0,0.0,0.0,0.81314945,1.0,0.0,0.0,0.0,0.0,1.5047569,5.4171247,0.9113405,5.0,5.0,1.0,0.8850693,0.7453215,0.78670466,False,False,False,False,False,False,False,False,False,False,False,False,PASS
171,80,1,0.0,0.8875,0.0,1.0,3.2826703,1.0,0.0,49.95903,7.800000000000001,0.0,0.0,1.0,1.0,0.0,0.0,0.0,0.0,0.0,0.0,1.0,5.0,5.0,1.0,0.0,0.0,0.96625006,False,False,False,False,False,False,False,False,False,False,False,False,PASS
172,80,1,0.0,0.8625,0.0,1.0,11.685039,1.0,0.0,67.53419,3.6,0.5,0.0,0.80986285,1.0,0.0,0.0,0.0,0.0,0.815073,2.9342628,0.97069293,5.0,5.0,1.0,0.0,0.0,0.82565403,False,False,False,False,False,False,False,False,False,False,False,False,PASS
173,80,1,0.0,0.925,0.0,1.0,2.0133271,1.0,0.0,35.763706,5.0,0.5,0.0,1.0,1.0,0.0,0.0,0.0,0.0,0.0,0.0,1.0,3.1000001,4.8875003,1.0,0.0,0.0,0.97749996,False,False,False,False,False,False,False,False,False,False,False,False,PASS
174,80,1,0.0,1.0,0.0,1.0,0.3233237,1.0,0.0,0.45621538,8.0,0.0,0.0,1.0,1.0,0.0,0.0,0.0,0.0,0.0,0.0,1.0,5.0,5.0,1.0,0.0,0.0,1.0,False,False,False,False,False,False,False,False,False,False,False,False,PASS
175,80,1,0.0,0.7875,0.0,1.0,5.968146,1.0,0.0,146.1745,8.0,0.0,0.0,0.8895753,1.0,0.0,0.0,0.0,0.0,0.8509979,3.0635924,0.93174297,5.0,5.0,1.0,0.0,0.0,0.8589527,False,False,False,False,False,False,False,False,False,False,False,False,PASS
176,80,1,0.0,1.0,0.0,1.0,0.15703094,1.0,0.0,0.0,0.0,1.0,0.0,1.0,1.0,0.0,0.0,0.0,0.0,0.0,0.0,1.0,5.0,5.0,1.0,0.0,0.0,1.0,False,False,False,False,False,False,False,False,False,False,False,False,PASS
177,80,1,0.0,0.85,0.0,1.0,21.436457,1.0,0.0,21.780104,2.2,1.0,0.0,0.6536375,1.0,0.0,0.0,0.0,0.0,0.0,0.0,1.0,5.0,5.0,1.0,0.0,0.0,0.7125463,False,False,False,False,False,False,False,False,True,False,False,False,PASS
178,80,1,0.0,0.8875,0.0,1.0,8.37911,1.0,0.0,81.152695,8.0,0.0,0.0,0.7775689,1.0,0.0,0.0,0.0,0.0,0.0,0.0,1.0,5.0,5.0,1.0,0.0,0.0,0.81054825,False,False,False,False,False,False,False,False,False,False,False,False,PASS
179,80,1,0.0,1.0,0.0,1.0,18.63967,1.0,0.0,19.91939,3.1,1.5,0.0,0.5407355,1.0,0.0,0.0,0.0,0.0,0.0,0.0,1.0,5.0,5.0,1.0,0.0,0.0,0.6785149,False,False,False,False,False,False,False,False,True,False,False,False,PASS
180,80,1,0.0,1.0,0.0,1.0,1.6208187,1.0,0.0,44.82717,6.2,0.0,0.0,1.0,1.0,0.0,0.0,0.0,0.0,0.0,0.0,1.0,5.0,5.0,1.0,0.0,0.0,1.0,False,False,False,False,False,False,False,False,False,False,False,False,PASS
181,80,1,0.0,1.0,0.0,1.0,8.7225895,0.0,0.0,30.41013,7.0,0.0,0.0,1.0,1.0,0.0,0.0,0.0,0.0,0.0,0.0,1.0,5.0,5.0,1.0,1.0,0.84210527,1.0,False,False,False,False,False,False,False,False,False,False,False,False,PASS
182,80,1,0.0,1.0,0.0,1.0,1.0867395,1.0,0.0,0.0,0.0,1.0,0.0,1.0,1.0,0.0,0.0,0.0,0.0,0.0,0.0,1.0,5.0,5.0,1.0,0.0,0.0,1.0,False,False,False,False,False,False,False,False,False,False,False,False,PASS
183,80,1,0.0,0.8125,0.0,1.0,16.98441,1.0,0.0,58.712208,4.2,0.5,0.0,0.6937098,1.0,0.0,0.0,0.0,0.0,0.0,0.0,1.0,1.5,4.89375,1.0,0.0,0.0,0.7293469,False,False,False,False,False,False,False,False,True,False,False,False,PASS
184,80,1,0.0,0.8875,0.0,1.0,8.121795,1.0,0.0,160.17126,8.0,0.0,0.0,0.8594191,1.0,0.0,0.0,0.0,0.0,2.876503,10.355411,0.6769936,5.0,5.0,1.0,0.0,0.0,0.86784345,False,False,False,False,False,False,False,False,False,False,False,False,PASS
185,80,1,0.0,0.85,0.0,1.0,7.289721,1.0,0.0,28.322193,5.1000000000000005,0.5,0.0,1.0,1.0,0.0,0.0,0.0,0.0,0.0,0.0,1.0,5.0,5.0,1.0,0.0,0.0,0.95500004,False,False,False,False,False,False,False,False,False,False,False,False,PASS
186,80,1,0.0,1.0,0.0,1.0,18.30633,1.0,0.0,0.0,0.0,1.0,0.0,0.6429592,1.0,0.0,0.0,0.0,0.0,0.0,0.0,1.0,5.0,5.0,1.0,0.0,0.0,0.75007147,False,False,False,False,False,False,False,False,True,False,False,False,PASS
187,80,1,0.0,1.0,2.493624,0.5,2.7219129,0.0,0.0,23.568487,4.0,0.5,0.0,1.0,1.0,0.0,0.0,0.0,0.0,0.0,0.0,1.0,3.3,4.9587502,1.0,0.5,0.46052632,1.0,False,False,False,False,False,False,False,False,False,False,False,False,PASS
188,80,1,0.0,1.0,0.0,1.0,6.2743726,0.0,0.0,23.660633,4.9,0.5,0.0,0.99999994,1.0,0.0,0.0,0.0,0.0,0.0,0.0,1.0,5.0,5.0,1.0,1.0,0.92105263,1.0,False,False,False,False,False,False,False,False,False,False,False,False,PASS
189,80,1,0.0,1.0,0.0,1.0,0.15325008,1.0,0.0,0.15366167,8.0,0.0,0.0,1.0,1.0,0.0,0.0,0.0,0.0,0.0,0.0,1.0,5.0,5.0,1.0,0.0,0.0,1.0,False,False,False,False,False,False,False,False,False,False,False,False,PASS
190,80,1,0.0,1.0,0.0,1.0,0.13359438,0.0,0.0,0.13066597,8.0,0.0,0.0,1.0,1.0,0.0,0.0,0.0,0.0,0.0,0.0,1.0,5.0,5.0,1.0,1.0,0.84210527,1.0,False,False,False,False,False,False,False,False,False,False,False,False,PASS
191,80,1,0.0,0.8,0.0,1.0,3.4927375,1.0,0.0,66.29456,8.0,0.0,0.0,1.0000001,1.0,0.0,0.0,0.0,0.0,0.0,0.0,1.0,5.0,5.0,1.0,0.0,0.0,0.94,False,False,False,False,False,False,False,False,False,False,False,False,PASS
192,80,1,0.0,1.0,0.0,1.0,0.38972613,1.0,0.0,0.37598747,8.0,0.0,0.0,1.0,1.0,0.0,0.0,0.0,0.0,0.0,0.0,1.0,5.0,5.0,1.0,0.0,0.0,1.0,False,False,False,False,False,False,False,False,False,False,False,False,PASS
193,80,1,0.0,1.0,0.0,1.0,0.0036308772,0.0,0.0,0.011287944,8.0,0.0,0.0,1.0,1.0,0.0,0.0,0.0,0.0,0.0,0.0,1.0,5.0,5.0,1.0,1.0,0.84210527,1.0,False,False,False,False,False,False,False,False,False,False,False,False,PASS
194,80,1,0.0,0.875,0.0,1.0,9.946642,0.0,0.0,136.15506,7.9,0.0,0.0,0.8224402,1.0,0.0,0.0,0.0,0.0,0.7883549,2.8380775,0.9796632,5.0,5.0,1.0,0.9238034,0.7779397,0.8382082,False,False,False,False,False,False,False,False,False,False,False,False,PASS
195,11,0,0.0,0.90909094,0.0,1.0,0.25452018,1.0,0.0,0.0,0.0,1.0,1.0,0.05179509,0.0,0.0,0.0,0.0,0.0,0.0,0.0,1.0,5.0,5.0,1.0,0.0,0.0,0.0,True,True,False,False,False,False,False,True,True,False,True,True,OVERLAP
196,80,1,0.0,1.0,0.0,1.0,0.038035985,0.0,0.0,0.019849427,8.0,0.0,0.0,1.0,1.0,0.0,0.0,0.0,0.0,0.0,0.0,1.0,5.0,5.0,1.0,1.0,0.84210527,1.0,False,False,False,False,False,False,False,False,False,False,False,False,PASS
197,80,1,0.0,1.0,0.0,1.0,6.371074,0.0,0.0,50.394463,8.0,0.0,0.0,1.0,1.0,0.0,0.0,0.0,0.0,0.0,0.0,1.0,5.0,5.0,1.0,1.0,0.84210527,1.0,False,False,False,False,False,False,False,False,False,False,False,False,PASS
198,80,1,0.0,1.0,0.0,1.0,10.691741,1.0,0.0,0.0,0.0,1.0,0.0,0.8326282,1.0,0.0,0.0,0.0,0.0,1.7963886,6.466999,0.8996129,5.0,5.0,1.0,0.0,0.0,0.8828398,False,False,False,False,False,False,False,False,False,False,False,False,PASS
199,80,1,0.0,1.0,0.0,1.0,7.0908103,1.0,0.0,43.58622,6.5,0.0,0.0,1.0,1.0,0.0,0.0,0.0,0.0,0.0,0.0,1.0,5.0,5.0,1.0,0.0,0.0,1.0,False,False,False,False,False,False,False,False,False,False,False,False,PASS
200,80,1,0.0,0.925,0.0,1.0,4.110366,1.0,0.0,37.688305,8.0,0.0,0.0,1.0,1.0,0.0,0.0,0.0,0.0,0.0,0.0,1.0,2.5,4.3550005,1.0,0.0,0.0,0.97749996,False,False,False,False,False,False,False,False,False,False,False,False,PASS
201,80,1,0.0,0.7375,0.0,1.0,0.9587454,1.0,0.0,52.73705,5.9,0.0,0.0,1.0,1.0,0.0,0.0,0.0,0.0,0.0,0.0,1.0,4.4,4.9812503,1.0,0.0,0.0,0.92125,False,False,False,False,False,False,False,False,False,False,False,False,PASS
202,80,1,0.0,0.8875,0.0,1.0,13.1246,0.0,0.0,145.6777,8.0,0.0,0.0,0.79762113,1.0,0.0,0.0,0.0,0.0,2.1662273,7.798418,0.8653806,5.0,5.0,1.0,0.8890392,0.7486646,0.8245848,False,False,False,False,False,False,False,False,False,False,False,False,PASS
203,80,1,0.0,0.77500004,0.0,1.0,10.761775,0.0,0.0,157.80823,8.0,0.0,0.0,0.8386279,1.0,0.0,0.0,0.0,0.0,3.511423,12.641123,0.62730056,5.0,5.0,1.0,0.8282714,0.6974917,0.81953955,False,False,False,False,False,False,False,False,False,False,False,False,PASS
204,80,1,0.0,1.0,0.0,1.0,0.084641844,1.0,0.0,0.0,0.0,1.0,0.0,1.0,1.0,0.0,0.0,0.0,0.0,0.0,0.0,1.0,5.0,5.0,1.0,0.0,0.0,1.0,False,False,False,False,False,False,False,False,False,False,False,False,PASS
205,80,1,0.0,0.8125,0.0,1.0,13.046149,1.0,0.0,141.46465,8.0,0.0,0.0,0.80008924,1.0,0.0,0.0,0.0,0.0,1.6452827,5.9230175,0.9394322,5.0,5.0,1.0,0.0,0.0,0.80381244,False,False,False,False,False,False,False,False,False,False,False,False,PASS
206,80,1,0.0,0.71250004,0.0,1.0,14.187083,1.0,0.0,133.56873,7.6,0.0,0.0,0.789674,1.0,0.0,0.0,0.0,0.0,1.95895,7.05222,0.92178124,5.0,5.0,1.0,0.0,0.0,0.7665219,False,False,False,False,False,False,False,False,False,False,False,False,PASS
207,80,1,0.0,1.0,0.0,1.0,0.07454844,1.0,0.0,0.073706426,8.0,0.0,0.0,1.0,1.0,0.0,0.0,0.0,0.0,0.0,0.0,1.0,5.0,5.0,1.0,0.0,0.0,1.0,False,False,False,False,False,False,False,False,False,False,False,False,PASS
208,80,1,0.0,0.925,0.0,1.0,4.32196,1.0,0.0,52.80912,7.300000000000001,0.0,0.0,0.87524813,1.0,0.0,0.0,0.0,0.0,0.0,0.0,1.0,5.0,5.0,1.0,0.0,0.0,0.89017373,False,False,False,False,False,False,False,False,False,False,False,False,PASS
209,80,1,0.0,1.0,0.0,1.0,1.4724883,1.0,0.0,16.101992,2.5,1.0,0.0,1.0,1.0,0.0,0.0,0.0,0.0,0.0,0.0,1.0,5.0,5.0,1.0,0.0,0.0,1.0,False,False,False,False,False,False,False,False,False,False,False,False,PASS
210,80,1,0.0,0.90000004,0.0,1.0,8.517891,1.0,0.0,24.278738,8.0,0.0,0.0,1.0,1.0,0.0,0.0,0.0,0.0,0.0,0.0,1.0,5.0,5.0,1.0,0.0,0.0,0.96999997,False,False,False,False,False,False,False,False,False,False,False,False,PASS
211,80,1,0.0,0.65000004,0.0,1.0,25.96589,1.0,0.0,71.02185,8.0,0.0,0.0,0.53539073,1.0,0.0,0.0,0.0,0.0,0.0,0.0,1.0,1.1,4.28875,1.0,0.0,0.0,0.5697735,False,False,False,False,False,False,False,False,True,False,False,False,PASS
212,80,1,0.0,1.0,0.0,1.0,0.11558633,0.0,0.0,0.19251949,8.0,0.0,0.0,1.0,1.0,0.0,0.0,0.0,0.0,0.0,0.0,1.0,5.0,5.0,1.0,1.0,0.84210527,1.0,False,False,False,False,False,False,False,False,False,False,False,False,PASS
213,80,1,0.0,1.0,0.0,1.0,2.5820546,0.0,0.0,62.4382,8.0,0.0,0.0,0.9378487,1.0,0.0,0.0,0.0,0.0,0.0,0.0,1.0,5.0,5.0,1.0,0.9805777,0.82574964,0.95649415,False,False,False,False,False,False,False,False,False,False,False,False,PASS
214,80,1,0.0,0.7625,0.0,1.0,18.248762,1.0,0.0,144.28485,8.0,0.0,0.0,0.76266015,1.0,0.0,0.0,0.0,0.0,3.5147877,12.653235,0.8167649,0.6,4.6575003,0.0,0.0,0.0,0.7626121,False,False,False,False,False,False,False,False,False,False,False,False,PASS
215,80,1,0.0,1.0,0.0,1.0,9.183856,0.0,0.0,0.0,0.0,1.0,0.0,0.7693799,1.0,0.0,0.0,0.0,0.0,0.0,0.0,1.0,5.0,5.0,1.0,0.9279312,0.9393105,0.83856595,False,False,False,False,False,False,False,False,False,False,False,False,PASS
216,80,1,0.0,1.0,0.0,1.0,0.036654424,0.0,0.0,0.0,0.0,1.0,0.0,1.0,1.0,0.0,0.0,0.0,0.0,0.0,0.0,1.0,5.0,5.0,1.0,1.0,1.0,1.0,False,False,False,False,False,False,False,False,False,False,False,False,PASS
217,80,1,0.0,1.0,0.0,1.0,3.619227,1.0,0.0,13.072248,5.9,0.0,0.0,1.0,1.0,0.0,0.0,0.0,0.0,0.0,0.0,1.0,3.0,4.24375,1.0,0.0,0.0,1.0,False,False,False,False,False,False,False,False,False,False,False,False,PASS
218,80,1,0.0,0.83750004,0.0,1.0,14.866206,1.0,0.0,182.2647,8.0,0.0,0.0,0.94988686,1.0,0.0,0.0,0.0,0.0,3.3382854,12.017827,0.0,5.0,5.0,1.0,0.0,0.0,0.9161708,False,False,False,False,False,False,False,False,False,False,False,False,PASS
219,80,1,0.0,1.0,0.0,1.0,0.11175423,1.0,0.0,0.68500614,8.0,0.0,0.0,1.0,1.0,0.0,0.0,0.0,0.0,0.0,0.0,1.0,5.0,5.0,1.0,0.0,0.0,1.0,False,False,False,False,False,False,False,False,False,False,False,False,PASS
220,80,1,0.0,0.7375,0.0,1.0,7.141343,1.0,0.0,126.31967,6.4,0.0,0.0,0.8626695,1.0,0.0,0.0,0.0,0.0,3.365345,12.115242,0.4428059,5.0,5.0,1.0,0.0,0.0,0.82511866,False,False,False,False,False,False,False,False,False,False,False,False,PASS
221,80,1,0.0,0.8875,0.0,1.0,7.173725,0.0,0.0,132.6785,7.4,0.0,0.0,0.88740087,1.0,0.0,0.0,0.0,0.0,0.0,0.0,1.0,5.0,5.0,1.0,0.95075023,0.80063176,0.8874306,False,False,False,False,False,False,False,False,False,False,False,False,PASS
222,80,1,0.0,1.0,0.0,1.0,7.5331874,1.0,0.0,63.737255,8.0,0.0,0.0,1.0,1.0,0.0,0.0,0.0,0.0,0.0,0.0,1.0,3.2,4.8362503,1.0,0.0,0.0,1.0,False,False,False,False,False,False,False,False,False,False,False,False,PASS
223,80,1,0.0,0.83750004,0.0,1.0,17.21411,0.0,0.0,142.06805,8.0,0.0,0.0,0.92760074,1.0,0.0,0.0,0.0,0.0,0.0,0.0,1.0,5.0,5.0,1.0,0.9570628,0.8059476,0.9005705,False,False,False,False,False,False,False,False,False,False,False,False,PASS
224,80,1,0.0,0.8875,0.0,1.0,1.301472,1.0,0.0,60.94455,8.0,0.0,0.0,1.0,1.0,0.0,0.0,0.0,0.0,0.0,0.0,1.0,2.9,4.8387504,1.0,0.0,0.0,0.96625006,False,False,False,False,False,False,False,False,False,False,False,False,PASS
225,80,1,0.0,1.0,0.0,1.0,8.488311,1.0,0.0,21.979584,3.2,1.5,0.0,1.0,1.0,0.0,0.0,0.0,0.0,0.0,0.0,1.0,5.0,5.0,1.0,0.0,0.0,1.0,False,False,False,False,False,False,False,False,False,False,False,False,PASS
226,80,1,0.0,1.0,0.0,1.0,1.53064,1.0,0.0,11.436667,8.0,0.0,0.0,1.0,1.0,0.0,0.0,0.0,0.0,0.0,0.0,1.0,5.0,5.0,1.0,0.0,0.0,1.0,False,False,False,False,False,False,False,False,False,False,False,False,PASS
227,80,1,0.0,1.0,0.0,1.0,0.25170323,1.0,0.0,0.25302896,8.0,0.0,0.0,1.0,1.0,0.0,0.0,0.0,0.0,0.0,0.0,1.0,5.0,5.0,1.0,0.0,0.0,1.0,False,False,False,False,False,False,False,False,False,False,False,False,PASS
228,80,1,0.0,0.8875,0.0,1.0,3.2790086,1.0,0.0,89.94886,8.0,0.0,0.0,1.0,1.0,0.0,0.0,0.0,0.0,0.0,0.0,1.0,2.0,4.1062503,1.0,0.0,0.0,0.96625006,False,False,False,False,False,False,False,False,False,False,False,False,PASS
229,80,1,0.0,1.0,0.0,1.0,1.2246367,1.0,0.0,31.110847,5.4,0.5,0.0,1.0,1.0,0.0,0.0,0.0,0.0,0.0,0.0,1.0,3.1000001,4.7525,1.0,0.0,0.0,1.0,False,False,False,False,False,False,False,False,False,False,False,False,PASS
230,80,1,0.0,1.0,0.0,1.0,0.070819736,1.0,0.0,0.06387463,8.0,0.0,0.0,1.0,1.0,0.0,0.0,0.0,0.0,0.0,0.0,1.0,5.0,5.0,1.0,0.0,0.0,1.0,False,False,False,False,False,False,False,False,False,False,False,False,PASS
231,69,0,1.0,0.8550725,0.0,1.0,4.3017516,1.0,0.0,142.61705,6.9,0.0,1.0,0.8194018,1.0,0.0,0.0,0.0,0.0,1.8279381,6.580577,0.68618345,0.0,3.7724636,0.0,0.0,0.0,0.0,True,True,False,True,False,True,False,False,False,False,True,True,OVERLAP+AT_FAULT
232,80,1,0.0,0.8875,0.0,1.0,9.65742,1.0,0.0,165.56299,8.0,0.0,0.0,0.88788515,1.0,0.0,0.0,0.0,0.0,3.169569,11.410448,0.5176246,5.0,5.0,1.0,0.0,0.0,0.88776964,False,False,False,False,False,False,False,False,False,False,False,False,PASS
233,80,1,0.0,0.725,0.0,1.0,10.057396,1.0,0.0,49.504807,8.0,0.0,0.0,1.0,1.0,0.0,0.0,0.0,0.0,0.0,0.0,1.0,2.9,4.855,1.0,0.0,0.0,0.9175,False,False,False,False,False,False,False,False,False,False,False,False,PASS
234,80,1,0.0,1.0,0.0,1.0,10.238785,0.0,0.0,63.93444,8.0,0.0,0.0,0.6984091,1.0,0.0,0.0,0.0,0.0,0.0,0.0,1.0,5.0,5.0,1.0,0.90575284,0.76273924,0.78888637,False,False,False,False,False,False,False,False,True,False,False,False,PASS
235,80,1,0.0,0.6875,0.0,1.0,10.261376,0.0,0.0,120.12457,8.0,0.0,0.0,0.80836856,1.0,0.0,0.0,0.0,0.0,0.0,0.0,1.0,5.0,5.0,1.0,0.9010527,0.75878125,0.772108,False,False,False,False,False,False,False,False,False,False,False,False,PASS
236,80,1,0.0,0.6125,0.0,1.0,9.891871,1.0,0.0,69.1022,8.0,0.0,0.0,0.7801215,1.0,0.0,0.0,0.0,0.0,0.0,0.0,1.0,1.0,4.20875,1.0,0.0,0.0,0.7298351,False,False,False,False,False,False,False,False,False,False,False,False,PASS
237,80,1,0.0,0.9375,0.0,1.0,1.5757078,1.0,0.0,54.421562,7.2,0.0,0.0,0.96357936,1.0,0.0,0.0,0.0,0.0,0.0,0.0,1.0,5.0,5.0,1.0,0.0,0.0,0.95575565,False,False,False,False,False,False,False,False,False,False,False,False,PASS
238,80,1,0.0,1.0,0.0,1.0,0.08535349,1.0,0.0,0.09994541,8.0,0.0,0.0,1.0,1.0,0.0,0.0,0.0,0.0,0.0,0.0,1.0,5.0,5.0,1.0,0.0,0.0,1.0,False,False,False,False,False,False,False,False,False,False,False,False,PASS
239,80,1,0.0,0.925,0.0,1.0,14.366127,0.0,0.0,6.11889,0.8,1.0,0.0,0.659362,1.0,0.0,0.0,0.0,0.0,0.0,0.0,1.0,5.0,5.0,1.0,0.88417566,0.90246373,0.7390534,False,False,False,False,False,False,False,False,True,False,False,False,PASS
240,80,1,0.0,0.4875,0.0,1.0,13.673839,1.0,0.0,123.07989,8.0,0.0,0.0,0.7614341,1.0,0.0,0.0,0.0,0.0,0.0,0.0,1.0,5.0,5.0,1.0,0.0,0.0,0.6792539,False,False,False,False,False,False,False,False,False,True,False,False,LOW_COMFORT
241,80,1,0.0,0.825,0.0,1.0,18.239325,1.0,0.0,126.566986,8.0,0.0,0.0,0.7125268,1.0,0.0,0.0,0.0,0.0,1.7892914,6.4414487,0.9476211,5.0,5.0,1.0,0.0,0.0,0.74626875,False,False,False,False,False,False,False,False,False,False,False,False,PASS
242,80,1,0.0,0.8875,0.0,1.0,3.6910303,0.0,0.0,56.917294,8.0,0.0,0.0,0.8843124,1.0,0.0,0.0,0.0,0.0,0.0,0.0,1.0,4.4,4.96875,1.0,0.9497851,0.79981905,0.8852686,False,False,False,False,False,False,False,False,False,False,False,False,PASS
243,80,1,0.0,0.83750004,0.0,1.0,5.370851,1.0,0.0,46.2361,6.300000000000001,0.0,0.0,1.0,1.0,0.0,0.0,0.0,0.0,0.0,0.0,1.0,5.0,5.0,1.0,0.0,0.0,0.95125,False,False,False,False,False,False,False,False,False,False,False,False,PASS
244,80,1,0.0,0.7625,0.0,1.0,9.10807,0.0,0.0,137.95598,7.7,0.0,0.0,0.8603169,1.0,0.0,0.0,0.0,0.0,0.56975555,2.05112,0.98813534,5.0,5.0,1.0,0.9236953,0.7778487,0.83097184,False,False,False,False,False,False,False,False,False,False,False,False,PASS
245,80,1,0.0,1.0,0.0,1.0,0.44369516,1.0,0.0,0.4736067,8.0,0.0,0.0,1.0,1.0,0.0,0.0,0.0,0.0,0.0,0.0,1.0,5.0,5.0,1.0,0.0,0.0,1.0,False,False,False,False,False,False,False,False,False,False,False,False,PASS
246,80,1,0.0,1.0,0.0,1.0,0.2721378,1.0,0.0,0.6658751,8.0,0.0,0.0,0.25886935,1.0,0.0,0.0,0.0,0.0,0.0,0.0,1.0,5.0,5.0,1.0,0.0,0.0,0.48120853,False,False,False,False,False,False,False,True,True,False,True,False,LOW_PROGRESS
247,80,1,0.0,0.7375,0.0,1.0,13.853396,1.0,0.0,136.79147,7.7,0.0,0.0,0.8023941,1.0,0.0,0.0,0.0,0.0,1.7791653,6.404995,0.94130564,3.2,4.93375,1.0,0.0,0.0,0.7829259,False,False,False,False,False,False,False,False,False,False,False,False,PASS
248,80,1,0.0,0.8875,1.3795117,1.0,10.968605,1.0,0.0,37.850464,5.300000000000001,0.5,0.0,0.66432905,1.0,0.0,0.0,0.0,0.0,0.0,0.0,1.0,3.9,4.88875,1.0,0.0,0.0,0.7312803,False,False,False,False,False,False,False,False,True,False,False,False,PASS
249,80,1,0.0,0.725,0.0,1.0,9.226179,1.0,0.0,118.734436,8.0,0.0,0.0,0.83988744,1.0,0.0,0.0,0.0,0.0,0.0,0.0,1.0,5.0,5.0,1.0,0.0,0.0,0.8054213,False,False,False,False,False,False,False,False,False,False,False,False,PASS
250,80,1,0.0,0.58750004,0.0,1.0,4.8263426,1.0,0.0,108.22767,6.300000000000001,0.0,0.0,0.9258023,1.0,0.0,0.0,0.0,0.0,0.0,0.0,1.0,5.0,5.0,1.0,0.0,0.0,0.8243117,False,False,False,False,False,False,False,False,False,False,False,False,PASS
251,80,1,0.0,1.0,0.0,1.0,0.040115234,0.0,0.0,0.03594074,8.0,0.0,0.0,1.0,1.0,0.0,0.0,0.0,0.0,0.0,0.0,1.0,5.0,5.0,1.0,1.0,0.84210527,1.0,False,False,False,False,False,False,False,False,False,False,False,False,PASS
252,80,1,0.0,0.8,0.0,1.0,2.077112,1.0,0.0,0.0,0.0,1.0,0.0,1.0,1.0,0.0,0.0,0.0,0.0,0.0,0.0,1.0,3.0,4.65875,1.0,0.0,0.0,0.94,False,False,False,False,False,False,False,False,False,False,False,False,PASS
253,80,1,0.0,0.8875,0.0,1.0,1.6866045,0.0,0.0,34.978218,4.7,0.5,0.0,0.99999994,1.0,0.0,0.0,0.0,0.0,0.0,0.0,1.0,5.0,5.0,1.0,0.9859375,0.9092105,0.96624994,False,False,False,False,False,False,False,False,False,False,False,False,PASS
254,80,1,0.0,1.0,0.0,1.0,9.320493,1.0,0.0,45.613007,8.0,0.0,0.0,1.0,1.0,0.0,0.0,0.0,0.0,0.0,0.0,1.0,5.0,5.0,1.0,0.0,0.0,1.0,False,False,False,False,False,False,False,False,False,False,False,False,PASS
255,80,1,0.0,0.625,0.0,1.0,19.398432,1.0,0.0,115.02068,8.0,0.0,0.0,0.75562656,1.0,0.0,0.0,0.0,0.0,0.0,0.0,1.0,0.5,4.585,0.0,0.0,0.0,0.7164386,False,False,False,False,False,False,False,False,False,False,False,False,PASS
256,80,1,0.0,0.8,0.0,1.0,6.6989474,1.0,0.0,78.216385,8.0,0.0,0.0,0.8552572,1.0,0.0,0.0,0.0,0.0,0.0,0.0,1.0,5.0,5.0,1.0,0.0,0.0,0.8386801,False,False,False,False,False,False,False,False,False,False,False,False,PASS
257,80,1,0.0,1.0,0.0,1.0,2.7754064,1.0,0.0,23.575489,2.1,1.0,0.0,1.0,1.0,0.0,0.0,0.0,0.0,0.0,0.0,1.0,5.0,5.0,1.0,0.0,0.0,1.0,False,False,False,False,False,False,False,False,False,False,False,False,PASS
258,80,1,0.0,0.8875,0.0,1.0,12.035087,1.0,0.0,76.15408,7.800000000000001,0.0,0.0,0.71270686,1.0,0.0,0.0,0.0,0.0,0.0,0.0,1.0,5.0,5.0,1.0,0.0,0.0,0.76514477,False,False,False,False,False,False,False,False,False,False,False,False,PASS
259,80,1,0.0,1.0,0.0,1.0,0.23125254,1.0,0.0,0.31697834,8.0,0.0,0.0,1.0,1.0,0.0,0.0,0.0,0.0,0.0,0.0,1.0,5.0,5.0,1.0,0.0,0.0,1.0,False,False,False,False,False,False,False,False,False,False,False,False,PASS
260,15,0,1.0,1.0,0.0,1.0,0.19610023,0.0,0.0,0.17397769,1.5,1.0,1.0,1.0,1.0,0.0,0.0,0.0,0.0,0.0,0.0,1.0,5.0,5.0000005,1.0,0.0,0.0,0.0,True,True,False,True,False,True,False,False,False,False,True,True,OVERLAP+AT_FAULT
261,80,1,0.0,1.0,0.0,1.0,1.8757458,1.0,0.0,102.65744,8.0,0.0,0.0,1.0,1.0,0.0,0.0,0.0,0.0,0.0,0.0,1.0,5.0,5.0,1.0,0.0,0.0,1.0,False,False,False,False,False,False,False,False,False,False,False,False,PASS
262,80,1,0.0,1.0,0.0,1.0,1.417233,1.0,0.0,34.2496,4.4,0.5,0.0,0.9501514,1.0,0.0,0.0,0.0,0.0,0.0,0.0,1.0,2.2,4.535,1.0,0.0,0.0,0.965106,False,False,False,False,False,False,False,False,False,False,False,False,PASS
263,80,1,0.0,0.8875,0.0,1.0,3.1833644,1.0,0.0,75.91252,8.0,0.0,0.0,0.9439628,1.0,0.0,0.0,0.0,0.0,0.0,0.0,1.0,5.0,5.0,1.0,0.0,0.0,0.9270239,False,False,False,False,False,False,False,False,False,False,False,False,PASS
264,80,1,0.0,1.0,0.0,1.0,0.34790373,1.0,0.0,0.33632344,8.0,0.0,0.0,1.0,1.0,0.0,0.0,0.0,0.0,0.0,0.0,1.0,5.0,5.0,1.0,0.0,0.0,1.0,False,False,False,False,False,False,False,False,False,False,False,False,PASS
265,80,1,0.0,0.7375,0.98028004,1.0,4.291604,1.0,0.0,94.26574,7.6,0.0,0.0,0.88857764,1.0,0.0,0.0,0.0,0.0,0.0,0.0,1.0,5.0,5.0,1.0,0.0,0.0,0.8432544,False,False,False,False,False,False,False,False,False,False,False,False,PASS
266,80,1,0.0,0.875,0.0,1.0,2.8410394,1.0,0.0,94.878044,6.2,0.0,0.0,0.92467755,1.0,0.0,0.0,0.0,0.0,0.0,0.0,1.0,5.0,5.0,1.0,0.0,0.0,0.9097743,False,False,False,False,False,False,False,False,False,False,False,False,PASS
267,80,1,0.0,0.8875,0.0,1.0,7.0474763,1.0,0.0,183.73999,8.0,0.0,0.0,0.94963294,1.0,0.0,0.0,0.0,0.0,3.8152142,13.734771,0.0,5.0,5.0,1.0,0.0,0.0,0.9309931,False,False,False,False,False,False,False,False,False,False,False,False,PASS
268,80,1,0.0,1.0,0.0,1.0,2.1028821,1.0,0.0,86.73735,7.6,0.0,0.0,0.9814413,1.0,0.0,0.0,0.0,0.0,0.0,0.0,1.0,5.0,5.0,1.0,0.0,0.0,0.98700887,False,False,False,False,False,False,False,False,False,False,False,False,PASS
269,80,1,0.0,1.0,0.0,1.0,2.4716594,0.0,0.0,0.0,0.0,1.0,0.0,0.7705713,1.0,0.0,0.0,0.0,0.0,0.0,0.0,1.0,5.0,5.0,1.0,0.92830354,0.939624,0.83939993,False,False,False,False,False,False,False,False,False,False,False,False,PASS
270,80,1,0.0,1.0,0.0,1.0,3.609446,1.0,0.0,3.6288533,4.7,0.5,0.0,0.99999994,1.0,0.0,0.0,0.0,0.0,0.0,0.0,1.0,3.0,4.6875,1.0,0.0,0.0,1.0,False,False,False,False,False,False,False,False,False,False,False,False,PASS
271,80,1,0.0,0.8625,0.0,1.0,4.4987855,1.0,0.0,22.844303,4.6000000000000005,0.5,0.0,1.0,1.0,0.0,0.0,0.0,0.0,0.0,0.0,1.0,5.0,5.0,1.0,0.0,0.0,0.95874995,False,False,False,False,False,False,False,False,False,False,False,False,PASS
272,80,1,0.0,1.0,0.0,1.0,0.37085673,1.0,0.0,0.36356637,8.0,0.0,0.0,1.0,1.0,0.0,0.0,0.0,0.0,0.0,0.0,1.0,5.0,5.0,1.0,0.0,0.0,1.0,False,False,False,False,False,False,False,False,False,False,False,False,PASS
273,80,1,0.0,1.0,0.0,1.0,0.04485805,1.0,0.0,0.0984257,8.0,0.0,0.0,1.0,1.0,0.0,0.0,0.0,0.0,0.0,0.0,1.0,5.0,5.0,1.0,0.0,0.0,1.0,False,False,False,False,False,False,False,False,False,False,False,False,PASS
274,80,1,0.0,0.8875,6.7017937,0.0,2.505603,1.0,0.0,40.830116,5.2,0.5,0.0,0.9362288,1.0,0.0,0.0,0.0,0.0,0.0,0.0,1.0,3.8,4.9500003,1.0,0.0,0.0,0.9216102,False,False,False,False,False,False,False,False,False,False,False,False,PASS
275,80,1,0.0,1.0,0.0,1.0,0.04048071,1.0,0.0,0.08847433,8.0,0.0,0.0,1.0,1.0,0.0,0.0,0.0,0.0,0.0,0.0,1.0,5.0,5.0,1.0,0.0,0.0,1.0,False,False,False,False,False,False,False,False,False,False,False,False,PASS
276,80,1,0.0,1.0,0.0,1.0,3.426915,1.0,0.0,8.749857,8.0,0.0,0.0,1.0,1.0,0.0,0.0,0.0,0.0,0.0,0.0,1.0,5.0,5.0,1.0,0.0,0.0,1.0,False,False,False,False,False,False,False,False,False,False,False,False,PASS
277,80,1,0.0,0.8875,0.0,1.0,7.6861863,1.0,0.0,89.74112,6.300000000000001,0.0,0.0,0.8499779,1.0,0.0,0.0,0.0,0.0,0.0,0.0,1.0,5.0,5.0,1.0,0.0,0.0,0.8612345,False,False,False,False,False,False,False,False,False,False,False,False,PASS
278,80,1,0.0,0.875,0.0,1.0,2.1462924,1.0,0.0,17.041498,8.0,0.0,0.0,1.0,1.0,0.0,0.0,0.0,0.0,0.0,0.0,1.0,5.0,5.0,1.0,0.0,0.0,0.96250004,False,False,False,False,False,False,False,False,False,False,False,False,PASS
279,80,1,0.0,0.9125,0.0,1.0,1.7552675,1.0,0.0,10.339891,3.0,1.0,0.0,0.9486735,1.0,0.0,0.0,0.0,0.0,0.0,0.0,1.0,2.7,4.5987506,1.0,0.0,0.0,0.9378215,False,False,False,False,False,False,False,False,False,False,False,False,PASS
280,80,1,0.0,0.8875,41.052437,0.0,9.696471,1.0,0.0,74.158615,7.5,0.0,0.0,0.7635656,1.0,0.0,0.0,0.0,0.0,0.0,0.0,1.0,5.0,5.0,1.0,0.0,0.0,0.80074596,False,False,False,False,False,False,False,False,False,False,False,False,PASS
281,80,1,0.0,0.925,0.0,1.0,10.004671,1.0,0.0,124.634155,8.0,0.0,0.0,0.8128412,1.0,0.0,0.0,0.0,0.0,0.0,0.0,1.0,5.0,5.0,1.0,0.0,0.0,0.8464888,False,False,False,False,False,False,False,False,False,False,False,False,PASS
282,80,1,0.0,1.0,0.0,1.0,8.389638,1.0,0.0,51.568935,5.800000000000001,0.0,0.0,0.7789575,1.0,0.0,0.0,0.0,0.0,0.0,0.0,1.0,5.0,5.0,1.0,0.0,0.0,0.8452703,False,False,False,False,False,False,False,False,False,False,False,False,PASS
283,80,1,0.0,0.8125,0.0,1.0,13.033055,1.0,0.0,137.4568,7.1000000000000005,0.0,0.0,0.8008557,1.0,0.0,0.0,0.0,0.0,3.3965359,12.227529,0.7103163,5.0,5.0,1.0,0.0,0.0,0.80434895,False,False,False,False,False,False,False,False,False,False,False,False,PASS
284,80,1,0.0,0.8875,0.0,1.0,12.5329275,1.0,0.0,6.4496326,0.3,1.0,0.0,0.7941749,1.0,0.0,0.0,0.0,0.0,1.457571,5.247256,0.9245596,5.0,5.0,1.0,0.0,0.0,0.82217234,False,False,False,False,False,False,False,False,False,False,False,False,PASS
285,80,1,0.0,0.8125,0.0,1.0,3.9207046,0.0,0.0,152.91415,8.0,0.0,0.0,0.9254318,1.0,0.0,0.0,0.0,0.0,0.0,0.0,1.0,5.0,5.0,1.0,0.95325994,0.8027452,0.89155227,False,False,False,False,False,False,False,False,False,False,False,False,PASS
286,80,1,0.0,0.7875,0.0,1.0,4.3507285,1.0,0.0,58.955,6.2,0.0,0.0,0.8716487,1.0,0.0,0.0,0.0,0.0,0.0,0.0,1.0,5.0,5.0,1.0,0.0,0.0,0.8464041,False,False,False,False,False,False,False,False,False,False,False,False,PASS
287,80,1,0.0,1.0,0.0,1.0,0.1946974,0.0,0.0,0.1904199,8.0,0.0,0.0,1.0,1.0,0.0,0.0,0.0,0.0,0.0,0.0,1.0,5.0,5.0,1.0,1.0,0.84210527,1.0,False,False,False,False,False,False,False,False,False,False,False,False,PASS
288,80,1,0.0,0.8625,0.0,1.0,19.532793,1.0,0.0,106.12644,7.5,0.0,0.0,0.6782807,1.0,0.0,0.0,0.0,0.0,0.0,0.0,1.0,5.0,5.0,1.0,0.0,0.0,0.7335465,False,False,False,False,False,False,False,False,True,False,False,False,PASS
289,80,1,0.0,1.0,0.0,1.0,4.3224893,1.0,0.0,14.613441,7.5,0.0,0.0,0.9916984,1.0,0.0,0.0,0.0,0.0,0.0,0.0,1.0,3.1000001,4.5762496,1.0,0.0,0.0,0.9941889,False,False,False,False,False,False,False,False,False,False,False,False,PASS
290,80,1,0.0,1.0,0.0,1.0,2.0925112,1.0,0.0,41.949497,8.0,0.0,0.0,1.0,1.0,0.0,0.0,0.0,0.0,0.0,0.0,1.0,2.7,4.6037498,1.0,0.0,0.0,1.0,False,False,False,False,False,False,False,False,False,False,False,False,PASS
291,80,1,0.0,0.8875,0.0,1.0,10.874939,1.0,0.0,136.94975,8.0,0.0,0.0,0.8250592,1.0,0.0,0.0,0.0,0.0,0.71805,2.58498,0.98377293,5.0,5.0,1.0,0.0,0.0,0.8437914,False,False,False,False,False,False,False,False,False,False,False,False,PASS
292,80,1,0.0,1.0,0.0,1.0,0.852421,1.0,0.0,43.968864,6.7,0.0,0.0,0.9554876,1.0,0.0,0.0,0.0,0.0,0.0,0.0,1.0,5.0,5.0,1.0,0.0,0.0,0.9688414,False,False,False,False,False,False,False,False,False,False,False,False,PASS
293,80,1,0.0,1.0,0.0,1.0,0.17315632,1.0,0.0,0.17332488,8.0,0.0,0.0,1.0,1.0,0.0,0.0,0.0,0.0,0.0,0.0,1.0,5.0,5.0,1.0,0.0,0.0,1.0,False,False,False,False,False,False,False,False,False,False,False,False,PASS
294,80,1,0.0,0.7875,0.0,1.0,10.236472,1.0,0.0,128.16666,8.0,0.0,0.0,0.82531315,1.0,0.0,0.0,0.0,0.0,0.0,0.0,1.0,5.0,5.0,1.0,0.0,0.0,0.81396925,False,False,False,False,False,False,False,False,False,False,False,False,PASS
295,80,1,0.0,1.0,0.0,1.0,3.632177,1.0,0.0,10.028899,6.7,0.0,0.0,0.52665097,1.0,0.0,0.0,0.0,0.0,0.0,0.0,1.0,5.0,5.0,1.0,0.0,0.0,0.6686557,False,False,False,False,False,False,False,False,True,False,False,False,PASS
296,80,1,0.0,0.925,0.0,1.0,2.1056411,1.0,0.0,105.74271,6.300000000000001,0.0,0.0,1.0,1.0,0.0,0.0,0.0,0.0,0.0,0.0,1.0,5.0,5.0,1.0,0.0,0.0,0.97749996,False,False,False,False,False,False,False,False,False,False,False,False,PASS
297,80,1,0.0,0.8125,0.0,1.0,8.315323,1.0,0.0,71.42276,4.800000000000001,0.5,0.0,0.99999994,1.0,0.0,0.0,0.0,0.0,0.0,0.0,1.0,5.0,5.0,1.0,0.0,0.0,0.94375,False,False,False,False,False,False,False,False,False,False,False,False,PASS
298,80,1,0.0,0.925,0.0,1.0,9.775513,1.0,0.0,83.99751,5.9,0.0,0.0,0.82685626,1.0,0.0,0.0,0.0,0.0,0.0,0.0,1.0,5.0,5.0,1.0,0.0,0.0,0.8562994,False,False,False,False,False,False,False,False,False,False,False,False,PASS
299,80,1,0.0,0.8625,0.0,1.0,10.4513855,1.0,0.0,81.832726,8.0,0.0,0.0,0.7490574,1.0,0.0,0.0,0.0,0.0,0.0,0.0,1.0,5.0,5.0,1.0,0.0,0.0,0.78309023,False,False,False,False,False,False,False,False,False,False,False,False,PASS
300,80,1,0.0,1.0,0.0,1.0,2.0077627,1.0,0.0,5.604101,8.0,0.0,0.0,1.0,1.0,0.0,0.0,0.0,0.0,0.0,0.0,1.0,5.0,5.0,1.0,0.0,0.0,1.0,False,False,False,False,False,False,False,False,False,False,False,False,PASS
301,80,1,0.0,0.875,0.0,1.0,2.8466008,1.0,0.0,17.464388,1.3,1.0,0.0,0.9747066,1.0,0.0,0.0,0.0,0.0,0.0,0.0,1.0,5.0,5.0,1.0,0.0,0.0,0.94479465,False,False,False,False,False,False,False,False,False,False,False,False,PASS
302,80,1,0.0,1.0,0.0,1.0,0.18271819,0.0,0.0,0.0,0.0,1.0,0.0,1.0,1.0,0.0,0.0,0.0,0.0,0.0,0.0,1.0,5.0,5.0,1.0,1.0,1.0,1.0,False,False,False,False,False,False,False,False,False,False,False,False,PASS
303,80,1,0.0,1.0,0.0,1.0,0.15640704,0.0,0.0,0.15564877,8.0,0.0,0.0,1.0,1.0,0.0,0.0,0.0,0.0,0.0,0.0,1.0,5.0,5.0,1.0,1.0,0.84210527,1.0,False,False,False,False,False,False,False,False,False,False,False,False,PASS
304,64,0,1.0,1.0,0.0,1.0,2.684826,1.0,0.0,1.4825946,0.5,1.0,1.0,1.0,1.0,0.0,0.0,0.0,0.0,0.0,0.0,1.0,3.4,4.746875,1.0,0.0,0.0,0.0,True,True,False,True,False,True,False,False,False,False,True,True,OVERLAP+AT_FAULT
305,80,1,0.0,0.75,0.0,1.0,8.790016,1.0,0.0,151.73622,8.0,0.0,0.0,0.85035646,1.0,0.0,0.0,0.0,0.0,1.8961678,6.826204,0.83314836,5.0,5.0,1.0,0.0,0.0,0.82024956,False,False,False,False,False,False,False,False,False,False,False,False,PASS
306,80,1,0.0,0.8875,0.0,1.0,12.200297,1.0,0.0,49.849136,4.5,0.5,0.0,0.7052731,1.0,0.0,0.0,0.0,0.0,0.0,0.0,1.0,4.0,4.9587502,1.0,0.0,0.0,0.75994116,False,False,False,False,False,False,False,False,False,False,False,False,PASS
307,80,1,0.0,0.7875,0.0,1.0,7.39395,1.0,0.0,54.066666,7.4,0.0,0.0,1.0,1.0,0.0,0.0,0.0,0.0,0.0,0.0,1.0,4.1,4.96125,1.0,0.0,0.0,0.93625003,False,False,False,False,False,False,False,False,False,False,False,False,PASS
308,80,1,0.0,0.925,0.0,1.0,5.659868,1.0,0.0,170.38118,8.0,0.0,0.0,0.91230834,1.0,0.0,0.0,0.0,0.0,2.9019356,10.446968,0.4491595,5.0,5.0,1.0,0.0,0.0,0.9161159,False,False,False,False,False,False,False,False,False,False,False,False,PASS
309,80,1,0.0,1.0,0.0,1.0,0.12010093,1.0,0.0,0.124571174,8.0,0.0,0.0,1.0,1.0,0.0,0.0,0.0,0.0,0.0,0.0,1.0,5.0,5.0,1.0,0.0,0.0,1.0,False,False,False,False,False,False,False,False,False,False,False,False,PASS
310,80,1,0.0,0.925,0.0,1.0,5.1746755,1.0,0.0,0.0,0.0,1.0,0.0,1.0,1.0,0.0,0.0,0.0,0.0,0.0,0.0,1.0,4.6,4.9762497,1.0,0.0,0.0,0.97749996,False,False,False,False,False,False,False,False,False,False,False,False,PASS
311,80,1,0.0,0.8875,0.0,1.0,5.2562838,1.0,0.0,47.246063,3.0,1.0,0.0,0.9002635,1.0,0.0,0.0,0.0,0.0,0.0,0.0,1.0,5.0,5.0,1.0,0.0,0.0,0.8964344,False,False,False,False,False,False,False,False,False,False,False,False,PASS
312,80,1,0.0,1.0,0.0,1.0,3.0019028,1.0,0.0,71.854645,8.0,0.0,0.0,1.0,1.0,0.0,0.0,0.0,0.0,0.0,0.0,1.0,5.0,5.0,1.0,0.0,0.0,1.0,False,False,False,False,False,False,False,False,False,False,False,False,PASS
313,1,0,1.0,1.0,0.0,1.0,0.012439348,1.0,0.0,0.021438299,0.1,1.0,1.0,1.0,1.0,0.0,0.0,0.0,0.0,0.0,0.0,1.0,5.0,5.0,1.0,0.0,0.0,0.0,True,True,False,True,False,True,False,False,False,False,True,True,OVERLAP+AT_FAULT
314,80,1,0.0,0.71250004,0.0,1.0,14.173082,1.0,0.0,78.77862,4.6000000000000005,0.5,0.0,0.77313316,1.0,0.0,0.0,0.0,0.0,2.328804,8.383695,0.936974,5.0,5.0,1.0,0.0,0.0,0.7549432,False,False,False,False,False,False,False,False,False,False,False,False,PASS
315,80,1,0.0,1.0,0.0,1.0,9.117254,0.0,0.0,161.59341,8.0,0.0,0.0,0.8998394,1.0,0.0,0.0,0.0,0.0,1.8210831,6.5558987,0.8298482,5.0,5.0,1.0,0.9261619,0.7799258,0.9298876,False,False,False,False,False,False,False,False,False,False,False,False,PASS
316,80,1,0.0,0.725,0.0,1.0,12.329544,1.0,0.0,151.23318,7.300000000000001,0.0,0.0,0.8870012,1.0,0.0,0.0,0.0,0.0,3.3026276,11.889459,0.626847,5.0,5.0,1.0,0.0,0.0,0.83840084,False,False,False,False,False,False,False,False,False,False,False,False,PASS
317,80,1,0.0,1.0,0.0,1.0,0.055946447,1.0,0.0,0.050658867,8.0,0.0,0.0,1.0,1.0,0.0,0.0,0.0,0.0,0.0,0.0,1.0,5.0,5.0,1.0,0.0,0.0,1.0,False,False,False,False,False,False,False,False,False,False,False,False,PASS
318,80,1,0.0,1.0,0.0,1.0,1.4836645,1.0,0.0,3.6575286,8.0,0.0,0.0,1.0,1.0,0.0,0.0,0.0,0.0,0.0,0.0,1.0,3.7,4.9787498,1.0,0.0,0.0,1.0,False,False,False,False,False,False,False,False,False,False,False,False,PASS
319,1,0,1.0,1.0,0.0,1.0,0.006596316,1.0,0.0,0.01373592,0.1,1.0,1.0,1.0,1.0,0.0,0.0,0.0,0.0,0.0,0.0,1.0,5.0,5.0,1.0,0.0,0.0,0.0,True,True,False,True,False,True,False,False,False,False,True,True,OVERLAP+AT_FAULT
320,80,1,0.0,1.0,0.0,1.0,11.010614,1.0,0.0,76.46302,8.0,0.0,0.0,0.75052434,1.0,0.0,0.0,0.0,0.0,0.0,0.0,1.0,5.0,5.0,1.0,0.0,0.0,0.825367,False,False,False,False,False,False,False,False,False,False,False,False,PASS
321,80,1,0.0,1.0,0.0,1.0,4.6951976,1.0,0.0,55.64935,6.800000000000001,0.0,0.0,1.0,1.0,0.0,0.0,0.0,0.0,0.0,0.0,1.0,3.1000001,4.6775002,1.0,0.0,0.0,1.0,False,False,False,False,False,False,False,False,False,False,False,False,PASS
322,80,1,0.0,0.7875,0.0,1.0,5.5140014,1.0,0.0,170.75482,7.800000000000001,0.0,0.0,0.92492753,1.0,0.0,0.0,0.0,0.0,3.419672,12.310819,0.108151674,5.0,5.0,1.0,0.0,0.0,0.88369924,False,False,False,False,False,False,False,False,False,False,False,False,PASS
323,80,1,0.0,0.8875,0.0,1.0,2.3886054,1.0,0.0,0.0,0.0,1.0,0.0,0.9344845,1.0,0.0,0.0,0.0,0.0,0.0,0.0,1.0,3.1000001,4.8887496,1.0,0.0,0.0,0.9203892,False,False,False,False,False,False,False,False,False,False,False,False,PASS
324,80,1,0.0,1.0,0.0,1.0,5.610557,1.0,0.0,72.9757,6.800000000000001,0.0,0.0,0.8786634,1.0,0.0,0.0,0.0,0.0,0.0,0.0,1.0,5.0,5.0,1.0,0.0,0.0,0.91506445,False,False,False,False,False,False,False,False,False,False,False,False,PASS
325,80,1,0.0,1.0,0.0,1.0,0.45623618,1.0,0.0,0.4279049,8.0,0.0,0.0,1.0,1.0,0.0,0.0,0.0,0.0,0.0,0.0,1.0,5.0,5.0,1.0,0.0,0.0,1.0,False,False,False,False,False,False,False,False,False,False,False,False,PASS
326,80,1,0.0,1.0,0.0,1.0,0.08920922,1.0,0.0,0.0,0.0,1.0,0.0,1.0,1.0,0.0,0.0,0.0,0.0,0.0,0.0,1.0,5.0,5.0,1.0,0.0,0.0,1.0,False,False,False,False,False,False,False,False,False,False,False,False,PASS
327,80,1,0.0,0.8125,0.0,1.0,10.713536,1.0,0.0,61.10948,6.7,0.0,0.0,0.76677144,1.0,0.0,0.0,0.0,0.0,0.0,0.0,1.0,5.0,5.0,1.0,0.0,0.0,0.78049004,False,False,False,False,False,False,False,False,False,False,False,False,PASS
328,80,1,0.0,0.875,0.0,1.0,13.807144,1.0,0.0,139.88063,8.0,0.0,0.0,0.78693515,1.0,0.0,0.0,0.0,0.0,1.6713829,6.0169783,0.92680013,5.0,5.0,1.0,0.0,0.0,0.8133546,False,False,False,False,False,False,False,False,False,False,False,False,PASS
329,80,1,0.0,0.7875,0.0,1.0,10.789506,0.0,0.0,158.99919,8.0,0.0,0.0,0.8500668,1.0,0.0,0.0,0.0,0.0,3.2108727,11.559141,0.7030562,5.0,5.0,1.0,0.85234743,0.7177663,0.83129674,False,False,False,False,False,False,False,False,False,False,False,False,PASS
330,80,1,0.0,1.0,0.0,1.0,0.25965333,0.0,0.0,0.24636255,8.0,0.0,0.0,1.0,1.0,0.0,0.0,0.0,0.0,0.0,0.0,1.0,5.0,5.0,1.0,1.0,0.84210527,1.0,False,False,False,False,False,False,False,False,False,False,False,False,PASS
331,80,1,0.0,1.0,0.0,1.0,0.14052384,1.0,0.0,0.14512666,8.0,0.0,0.0,1.0,1.0,0.0,0.0,0.0,0.0,0.0,0.0,1.0,5.0,5.0,1.0,0.0,0.0,1.0,False,False,False,False,False,False,False,False,False,False,False,False,PASS
332,80,1,0.0,0.8875,0.0,1.0,16.177055,1.0,0.0,84.843155,7.9,0.0,0.0,0.7413394,1.0,0.0,0.0,0.0,0.0,0.0,0.0,1.0,3.2,4.8675003,1.0,0.0,0.0,0.7851876,False,False,False,False,False,False,False,False,False,False,False,False,PASS
333,80,1,0.0,0.85,0.0,1.0,12.630317,1.0,0.0,145.27396,7.6,0.0,0.0,0.8119716,1.0,0.0,0.0,0.0,0.0,3.091692,11.130091,0.7459062,5.0,5.0,1.0,0.0,0.0,0.8233801,False,False,False,False,False,False,False,False,False,False,False,False,PASS
334,80,1,0.0,0.925,0.0,1.0,6.2315106,1.0,0.0,32.457375,5.5,0.5,0.0,1.0,1.0,0.0,0.0,0.0,0.0,0.0,0.0,1.0,5.0,5.0,1.0,0.0,0.0,0.97749996,False,False,False,False,False,False,False,False,False,False,False,False,PASS
335,80,1,0.0,0.90000004,0.0,1.0,9.771489,0.0,0.0,147.602,8.0,0.0,0.0,0.8605448,1.0,0.0,0.0,0.0,0.0,0.55220985,1.9879555,0.9927985,5.0,5.0,1.0,0.9421199,0.7933641,0.8723814,False,False,False,False,False,False,False,False,False,False,False,False,PASS
336,80,1,0.0,0.85,0.0,1.0,14.188379,1.0,0.0,43.23004,3.0,1.0,0.0,0.7368663,1.0,0.0,0.0,0.0,0.0,0.0,0.0,1.0,5.0,5.0,1.0,0.0,0.0,0.77080643,False,False,False,False,False,False,False,False,False,False,False,False,PASS
337,80,1,0.0,0.925,0.0,1.0,4.9149036,0.0,0.0,46.238525,8.0,0.0,0.0,1.0,1.0,0.0,0.0,0.0,0.0,0.0,0.0,1.0,5.0,5.0,1.0,0.990625,0.8342106,0.97749996,False,False,False,False,False,False,False,False,False,False,False,False,PASS
338,80,1,0.0,1.0,0.0,1.0,2.226078,0.0,0.0,6.1064987,8.0,0.0,0.0,1.0,1.0,0.0,0.0,0.0,0.0,0.0,0.0,1.0,5.0,5.0,1.0,1.0,0.84210527,1.0,False,False,False,False,False,False,False,False,False,False,False,False,PASS
339,80,1,0.0,1.0,0.0,1.0,0.4133869,1.0,0.0,0.3943241,8.0,0.0,0.0,1.0,1.0,0.0,0.0,0.0,0.0,0.0,0.0,1.0,5.0,5.0,1.0,0.0,0.0,1.0,False,False,False,False,False,False,False,False,False,False,False,False,PASS
340,80,1,0.0,1.0,0.0,1.0,0.13297477,1.0,0.0,0.12910694,8.0,0.0,0.0,1.0,1.0,0.0,0.0,0.0,0.0,0.0,0.0,1.0,5.0,5.0,1.0,0.0,0.0,1.0,False,False,False,False,False,False,False,False,False,False,False,False,PASS
341,80,1,0.0,0.8875,0.0,1.0,13.620417,1.0,0.0,118.04734,8.0,0.0,0.0,0.7509139,1.0,0.0,0.0,0.0,0.0,0.0,0.0,1.0,5.0,5.0,1.0,0.0,0.0,0.7918897,False,False,False,False,False,False,False,False,False,False,False,False,PASS
342,80,1,0.0,1.0,0.0,1.0,0.085994825,0.0,0.0,0.07006624,8.0,0.0,0.0,1.0,1.0,0.0,0.0,0.0,0.0,0.0,0.0,1.0,5.0,5.0,1.0,1.0,0.84210527,1.0,False,False,False,False,False,False,False,False,False,False,False,False,PASS
343,80,1,0.0,1.0,0.0,1.0,0.14694552,1.0,0.0,0.9002318,8.0,0.0,0.0,1.0,1.0,0.0,0.0,0.0,0.0,0.0,0.0,1.0,5.0,5.0,1.0,0.0,0.0,1.0,False,False,False,False,False,False,False,False,False,False,False,False,PASS
344,80,1,0.0,0.8625,2.1759057,0.5,7.6864824,1.0,0.0,31.294754,6.2,0.0,0.0,0.683222,1.0,0.0,0.0,0.0,0.0,0.0,0.0,1.0,5.0,5.0,1.0,0.0,0.0,0.7370054,False,False,False,False,False,False,False,False,True,False,False,False,PASS
345,80,1,0.0,1.0,0.0,1.0,12.838069,1.0,0.0,74.60888,7.6,0.0,0.0,0.71200055,1.0,0.0,0.0,0.0,0.0,0.0,0.0,1.0,5.0,5.0,1.0,0.0,0.0,0.7984004,False,False,False,False,False,False,False,False,False,False,False,False,PASS
346,80,1,0.0,1.0,0.0,1.0,13.828071,1.0,0.0,15.810057,2.1,1.0,0.0,0.68790907,1.0,0.0,0.0,0.0,0.0,0.0,0.0,1.0,5.0,5.0,1.0,0.0,0.0,0.78153634,False,False,False,False,False,False,False,False,True,False,False,False,PASS
347,80,1,0.0,0.8875,0.0,1.0,5.699247,1.0,0.0,154.33017,8.0,0.0,0.0,0.89765555,1.0,0.0,0.0,0.0,0.0,1.8585529,6.69079,0.8616946,5.0,5.0,1.0,0.0,0.0,0.8946089,False,False,False,False,False,False,False,False,False,False,False,False,PASS
348,80,1,0.0,0.925,0.0,1.0,4.167755,1.0,0.0,98.97249,8.0,0.0,0.0,0.92325705,1.0,0.0,0.0,0.0,0.0,0.0,0.0,1.0,2.2,4.9,1.0,0.0,0.0,0.92377996,False,False,False,False,False,False,False,False,False,False,False,False,PASS
349,80,1,0.0,0.875,0.0,1.0,4.0993323,0.0,0.0,132.28757,6.7,0.0,0.0,0.93939716,1.0,0.0,0.0,0.0,0.0,1.5422497,5.5520988,0.87448406,1.9,4.96125,1.0,0.9340576,0.78657484,0.920078,False,False,False,False,False,False,False,False,False,False,False,False,PASS
350,80,1,0.0,0.8125,0.0,1.0,9.883881,0.0,0.0,140.94827,6.800000000000001,0.0,0.0,0.84826016,1.0,0.0,0.0,0.0,0.0,3.4961185,12.586026,0.57033885,5.0,5.0,1.0,0.82172847,0.69198185,0.83753216,False,False,False,False,False,False,False,False,False,False,False,False,PASS
351,80,1,0.0,0.8875,0.0,1.0,10.498708,1.0,0.0,130.22867,8.0,0.0,0.0,0.8100569,1.0,0.0,0.0,0.0,0.0,0.0,0.0,1.0,5.0,5.0,1.0,0.0,0.0,0.8332899,False,False,False,False,False,False,False,False,False,False,False,False,PASS
352,80,1,0.0,1.0,0.0,1.0,0.19986579,0.0,0.0,0.19414312,8.0,0.0,0.0,1.0,1.0,0.0,0.0,0.0,0.0,0.0,0.0,1.0,5.0,5.0,1.0,1.0,0.84210527,1.0,False,False,False,False,False,False,False,False,False,False,False,False,PASS
353,80,1,0.0,0.3375,0.0,1.0,0.7287529,1.0,0.0,79.937325,7.4,0.0,0.0,0.985777,1.0,0.0,0.0,0.0,0.0,0.0,0.0,1.0,3.7,4.9837503,1.0,0.0,0.0,0.7912939,False,False,False,False,False,False,False,False,False,True,False,False,LOW_COMFORT
354,48,0,1.0,0.4166667,0.0,1.0,7.432649,1.0,0.0,88.53609,4.800000000000001,0.5,1.0,0.51393723,1.0,0.0,0.0,0.0,0.0,0.47852516,1.7226906,0.9867133,0.0,3.4812503,0.0,0.0,0.0,0.0,True,True,False,True,False,True,False,False,True,True,True,True,OVERLAP+AT_FAULT
355,80,1,0.0,0.8875,0.0,1.0,12.066344,1.0,0.0,86.41615,8.0,0.0,0.0,0.73429567,1.0,0.0,0.0,0.0,0.0,0.0,0.0,1.0,5.0,5.0,1.0,0.0,0.0,0.7802569,False,False,False,False,False,False,False,False,False,False,False,False,PASS
356,80,1,0.0,0.8875,0.0,1.0,2.3061264,1.0,0.0,173.99854,8.0,0.0,0.0,0.97380966,1.0,0.0,0.0,0.0,0.0,2.2878819,8.236375,0.25817567,5.0,5.0,1.0,0.0,0.0,0.9479168,False,False,False,False,False,False,False,False,False,False,False,False,PASS
357,80,1,0.0,0.8875,0.0,1.0,2.42745,0.0,0.0,106.05114,5.1000000000000005,0.5,0.0,0.9875936,1.0,0.0,0.0,0.0,0.0,1.4353218,5.1671586,0.70013964,5.0,5.0,1.0,0.9070953,0.8428171,0.9575655,False,False,False,False,False,False,False,False,False,False,False,False,PASS
358,80,1,0.0,0.8875,0.0,1.0,9.327831,1.0,0.0,110.140686,8.0,0.0,0.0,0.83714145,1.0,0.0,0.0,0.0,0.0,0.0,0.0,1.0,1.8000001,4.7075,1.0,0.0,0.0,0.85224897,False,False,False,False,False,False,False,False,False,False,False,False,PASS
359,15,0,1.0,1.0,0.0,1.0,0.52121854,1.0,0.0,1.6503313,1.5,1.0,1.0,1.0,1.0,0.0,0.0,0.0,0.0,0.0,0.0,1.0,5.0,5.0000005,1.0,0.0,0.0,0.0,True,True,False,True,False,True,False,False,False,False,True,True,OVERLAP+AT_FAULT
360,80,1,0.0,1.0,0.0,1.0,0.09016371,0.0,0.0,0.0,0.0,1.0,0.0,1.0,1.0,0.0,0.0,0.0,0.0,0.0,0.0,1.0,5.0,5.0,1.0,1.0,1.0,1.0,False,False,False,False,False,False,False,False,False,False,False,False,PASS
361,80,1,0.0,0.83750004,0.0,1.0,22.041904,1.0,0.0,154.59274,8.0,0.0,0.0,0.8856977,1.0,0.0,0.0,0.0,0.0,0.3148613,1.1335007,0.9834152,5.0,5.0,1.0,0.0,0.0,0.8712384,False,False,False,False,False,False,False,False,False,False,False,False,PASS
362,80,1,0.0,0.8875,0.0,1.0,2.5300605,1.0,0.0,109.296455,7.9,0.0,0.0,0.96035045,1.0,0.0,0.0,0.0,0.0,0.0,0.0,1.0,5.0,5.0,1.0,0.0,0.0,0.9384953,False,False,False,False,False,False,False,False,False,False,False,False,PASS
363,80,1,0.0,1.0,0.0,1.0,4.4928546,1.0,0.0,57.309433,7.7,0.0,0.0,0.81634396,1.0,0.0,0.0,0.0,0.0,0.0,0.0,1.0,5.0,5.0,1.0,0.0,0.0,0.8714408,False,False,False,False,False,False,False,False,False,False,False,False,PASS
364,80,1,0.0,0.8875,0.0,1.0,13.564997,0.0,0.0,42.071655,4.5,0.5,0.0,0.7405359,1.0,0.0,0.0,0.0,0.0,0.0,0.0,1.0,5.0,5.0,1.0,0.90485495,0.8409305,0.7846252,False,False,False,False,False,False,False,False,False,False,False,False,PASS
365,80,1,0.0,1.0,0.0,1.0,3.7507076,1.0,0.0,3.7298582,1.8,1.0,0.0,1.0000001,1.0,0.0,0.0,0.0,0.0,0.0,0.0,1.0,5.0,5.0,1.0,0.0,0.0,1.0,False,False,False,False,False,False,False,False,False,False,False,False,PASS
366,80,1,0.0,1.0,0.0,1.0,8.919893,1.0,0.0,58.180515,6.7,0.0,0.0,0.736074,1.0,0.0,0.0,0.0,0.0,0.0,0.0,1.0,5.0,5.0,1.0,0.0,0.0,0.81525177,False,False,False,False,False,False,False,False,False,False,False,False,PASS
367,80,1,0.0,0.9125,0.0,1.0,12.447878,1.0,0.0,45.108788,8.0,0.0,0.0,1.0,1.0,0.0,0.0,0.0,0.0,0.0,0.0,1.0,1.7,4.7225,1.0,0.0,0.0,0.97375005,False,False,False,False,False,False,False,False,False,False,False,False,PASS
368,80,1,0.0,0.8875,0.0,1.0,8.785566,1.0,0.0,109.337746,8.0,0.0,0.0,0.8346507,1.0,0.0,0.0,0.0,0.0,0.0,0.0,1.0,5.0,5.0,1.0,0.0,0.0,0.8505055,False,False,False,False,False,False,False,False,False,False,False,False,PASS
369,80,1,0.0,0.925,0.0,1.0,1.9084142,0.0,0.0,2.4753067,1.0,1.0,0.0,0.65029025,1.0,0.0,0.0,0.0,0.0,0.0,0.0,1.0,0.8,3.325,0.0,0.56884074,0.63691854,0.73270315,False,False,False,False,False,False,False,False,True,False,False,False,PASS
370,80,1,0.0,1.0,0.0,1.0,1.4040098,1.0,0.0,16.805695,2.4000000000000004,1.0,0.0,0.9391098,1.0,0.0,0.0,0.0,0.0,0.0,0.0,1.0,5.0,5.0,1.0,0.0,0.0,0.9573769,False,False,False,False,False,False,False,False,False,False,False,False,PASS
371,80,1,0.0,1.0,0.0,1.0,0.25219533,1.0,0.0,0.2403415,8.0,0.0,0.0,1.0,1.0,0.0,0.0,0.0,0.0,0.0,0.0,1.0,5.0,5.0,1.0,0.0,0.0,1.0,False,False,False,False,False,False,False,False,False,False,False,False,PASS
372,80,1,0.0,0.6125,0.0,1.0,7.823978,1.0,0.0,161.39171,8.0,0.0,0.0,0.90022224,1.0,0.0,0.0,0.0,0.0,1.9531307,7.0312705,0.7270584,5.0,5.0,1.0,0.0,0.0,0.81390554,False,False,False,False,False,False,False,False,False,False,False,False,PASS
373,80,1,0.0,1.0,0.0,1.0,1.2339934,0.0,0.0,0.0,0.0,1.0,0.0,1.0,1.0,0.0,0.0,0.0,0.0,0.0,0.0,1.0,5.0,5.0,1.0,1.0,1.0,1.0,False,False,False,False,False,False,False,False,False,False,False,False,PASS
374,80,1,0.0,1.0,0.0,1.0,3.123712,1.0,0.0,8.245044,1.6,1.0,0.0,1.0,1.0,0.0,0.0,0.0,0.0,0.0,0.0,1.0,2.2,4.8849998,1.0,0.0,0.0,1.0,False,False,False,False,False,False,False,False,False,False,False,False,PASS
375,1,0,1.0,1.0,0.0,1.0,0.0046325694,1.0,0.0,0.0,0.0,1.0,1.0,1.0,1.0,0.0,0.0,0.0,0.0,0.0,0.0,1.0,5.0,5.0,1.0,0.0,0.0,0.0,True,True,False,True,False,True,False,False,False,False,True,True,OVERLAP+AT_FAULT
376,80,1,0.0,1.0,0.0,1.0,2.9833791,1.0,0.0,98.764206,8.0,0.0,0.0,0.9448605,1.0,0.0,0.0,0.0,0.0,0.0,0.0,1.0,5.0,5.0,1.0,0.0,0.0,0.96140236,False,False,False,False,False,False,False,False,False,False,False,False,PASS
377,80,1,0.0,1.0,0.0,1.0,0.038358826,0.0,0.0,0.08811129,8.0,0.0,0.0,1.0,1.0,0.0,0.0,0.0,0.0,0.0,0.0,1.0,5.0,5.0,1.0,1.0,0.84210527,1.0,False,False,False,False,False,False,False,False,False,False,False,False,PASS
378,80,1,0.0,0.8875,0.0,1.0,8.888152,1.0,0.0,157.53711,8.0,0.0,0.0,0.89974445,1.0,0.0,0.0,0.0,0.0,0.9552517,3.438906,0.96589506,5.0,5.0,1.0,0.0,0.0,0.8960711,False,False,False,False,False,False,False,False,False,False,False,False,PASS
379,80,1,0.0,0.925,0.0,1.0,3.6329057,1.0,0.0,71.035736,8.0,0.0,0.0,0.87639034,1.0,0.0,0.0,0.0,0.0,0.0,0.0,1.0,2.1000001,4.51875,1.0,0.0,0.0,0.89097327,False,False,False,False,False,False,False,False,False,False,False,False,PASS
380,80,1,0.0,0.85,0.0,1.0,4.0279975,1.0,0.0,146.10687,8.0,0.0,0.0,1.0,1.0,0.0,0.0,0.0,0.0,0.0,0.0,1.0,5.0,5.0,1.0,0.0,0.0,0.95500004,False,False,False,False,False,False,False,False,False,False,False,False,PASS
381,80,1,0.0,1.0,0.0,1.0,0.22621389,0.0,0.0,0.2370694,8.0,0.0,0.0,1.0,1.0,0.0,0.0,0.0,0.0,0.0,0.0,1.0,4.1,4.9587502,1.0,1.0,0.84210527,1.0,False,False,False,False,False,False,False,False,False,False,False,False,PASS
382,80,1,0.0,0.8625,0.0,1.0,7.3246017,1.0,0.0,22.421831,3.7,0.5,0.0,1.0,1.0,0.0,0.0,0.0,0.0,0.0,0.0,1.0,5.0,5.0,1.0,0.0,0.0,0.95874995,False,False,False,False,False,False,False,False,False,False,False,False,PASS
383,80,1,0.0,1.0,0.0,1.0,1.8271149,1.0,0.0,42.573235,5.5,0.5,0.0,0.9492417,1.0,0.0,0.0,0.0,0.0,0.0,0.0,1.0,2.7,4.97125,1.0,0.0,0.0,0.96446913,False,False,False,False,False,False,False,False,False,False,False,False,PASS
384,80,1,0.0,1.0,0.0,1.0,0.041834127,1.0,0.0,0.0,0.0,1.0,0.0,1.0,1.0,0.0,0.0,0.0,0.0,0.0,0.0,1.0,5.0,5.0,1.0,0.0,0.0,1.0,False,False,False,False,False,False,False,False,False,False,False,False,PASS
385,80,1,0.0,0.8875,0.0,1.0,16.108076,1.0,0.0,70.868195,8.0,0.0,0.0,0.6357743,1.0,0.0,0.0,0.0,0.0,0.0,0.0,1.0,2.1000001,4.76125,1.0,0.0,0.0,0.711292,False,False,False,False,False,False,False,False,True,False,False,False,PASS
386,80,1,0.0,1.0,0.0,1.0,0.8389284,1.0,0.0,0.0,0.0,1.0,0.0,0.9010624,1.0,0.0,0.0,0.0,0.0,0.0,0.0,1.0,5.0,5.0,1.0,0.0,0.0,0.9307437,False,False,False,False,False,False,False,False,False,False,False,False,PASS
387,80,1,0.0,1.0,0.0,1.0,6.2804885,0.0,0.0,16.175953,8.0,0.0,0.0,0.9963048,1.0,0.0,0.0,0.0,0.0,0.0,0.0,1.0,5.0,5.0,1.0,0.9988452,0.8411328,0.99741334,False,False,False,False,False,False,False,False,False,False,False,False,PASS
388,80,1,0.0,0.8,0.0,1.0,3.6258519,1.0,0.0,88.03196,8.0,0.0,0.0,1.0,1.0,0.0,0.0,0.0,0.0,0.0,0.0,1.0,4.8,4.99625,1.0,0.0,0.0,0.94,False,False,False,False,False,False,False,False,False,False,False,False,PASS
389,80,1,0.0,0.875,0.0,1.0,3.749052,1.0,0.0,107.197876,6.1000000000000005,0.0,0.0,0.9248116,1.0,0.0,0.0,0.0,0.0,0.0,0.0,1.0,5.0,5.0,1.0,0.0,0.0,0.9098682,False,False,False,False,False,False,False,False,False,False,False,False,PASS
390,80,1,0.0,1.0,0.0,1.0,10.24765,1.0,0.0,80.27986,7.9,0.0,0.0,0.7747505,1.0,0.0,0.0,0.0,0.0,0.0,0.0,1.0,2.7,4.7650003,1.0,0.0,0.0,0.8423253,False,False,False,False,False,False,False,False,False,False,False,False,PASS
391,80,1,0.0,0.83750004,0.0,1.0,14.940294,1.0,0.0,75.89704,8.0,0.0,0.0,0.6852467,1.0,0.0,0.0,0.0,0.0,0.0,0.0,1.0,3.4,4.88125,1.0,0.0,0.0,0.7309227,False,False,False,False,False,False,False,False,True,False,False,False,PASS
392,80,1,0.0,0.925,0.0,1.0,8.38045,1.0,0.0,56.809696,8.0,0.0,0.0,0.73635226,1.0,0.0,0.0,0.0,0.0,0.0,0.0,1.0,3.2,4.7900004,1.0,0.0,0.0,0.7929466,False,False,False,False,False,False,False,False,False,False,False,False,PASS
393,80,1,0.0,0.65000004,0.0,1.0,11.263601,1.0,0.0,131.12595,8.0,0.0,0.0,0.79844105,1.0,0.0,0.0,0.0,0.0,0.0,0.0,1.0,5.0,5.0,1.0,0.0,0.0,0.75390875,False,False,False,False,False,False,False,False,False,False,False,False,PASS
394,80,1,0.0,1.0,0.0,1.0,13.832694,1.0,0.0,96.469025,5.7,0.5,0.0,0.7925924,1.0,0.0,0.0,0.0,0.0,0.88085365,3.171073,0.9781578,1.3000001,4.95375,1.0,0.0,0.0,0.8548147,False,False,False,False,False,False,False,False,False,False,False,False,PASS
395,80,1,0.0,1.0,0.0,1.0,0.18218698,1.0,0.0,0.18076824,8.0,0.0,0.0,1.0,1.0,0.0,0.0,0.0,0.0,0.0,0.0,1.0,5.0,5.0,1.0,0.0,0.0,1.0,False,False,False,False,False,False,False,False,False,False,False,False,PASS
396,80,1,0.0,1.0,0.0,1.0,6.145444,1.0,0.0,82.30171,8.0,0.0,0.0,0.82557625,1.0,0.0,0.0,0.0,0.0,0.0,0.0,1.0,4.4,4.9587502,1.0,0.0,0.0,0.8779034,False,False,False,False,False,False,False,False,False,False,False,False,PASS
397,80,1,0.0,1.0,0.0,1.0,0.23909564,1.0,0.0,0.24852878,8.0,0.0,0.0,1.0,1.0,0.0,0.0,0.0,0.0,0.0,0.0,1.0,5.0,5.0,1.0,0.0,0.0,1.0,False,False,False,False,False,False,False,False,False,False,False,False,PASS
398,80,1,0.0,0.9125,0.0,1.0,2.3897214,1.0,0.0,3.2465181,8.0,0.0,0.0,1.0,1.0,0.0,0.0,0.0,0.0,0.0,0.0,1.0,5.0,5.0,1.0,0.0,0.0,0.97375005,False,False,False,False,False,False,False,False,False,False,False,False,PASS
399,80,1,0.0,0.825,0.0,1.0,16.914715,1.0,0.0,137.38571,8.0,0.0,0.0,0.8340424,1.0,0.0,0.0,0.0,0.0,0.0,0.0,1.0,5.0,5.0,1.0,0.0,0.0,0.83132964,False,False,False,False,False,False,False,False,False,False,False,False,PASS
400,80,1,0.0,1.0,0.0,1.0,1.9872421,1.0,0.0,26.705597,8.0,0.0,0.0,1.0,1.0,0.0,0.0,0.0,0.0,0.0,0.0,1.0,5.0,5.0,1.0,0.0,0.0,1.0,False,False,False,False,False,False,False,False,False,False,False,False,PASS
401,80,1,0.0,1.0,0.0,1.0,0.4176341,1.0,0.0,1.8029772,8.0,0.0,0.0,1.0,1.0,0.0,0.0,0.0,0.0,0.0,0.0,1.0,5.0,5.0,1.0,0.0,0.0,1.0,False,False,False,False,False,False,False,False,False,False,False,False,PASS
402,80,1,0.0,1.0,0.0,1.0,0.08811681,1.0,0.0,0.10236592,8.0,0.0,0.0,1.0,1.0,0.0,0.0,0.0,0.0,0.0,0.0,1.0,5.0,5.0,1.0,0.0,0.0,1.0,False,False,False,False,False,False,False,False,False,False,False,False,PASS
403,80,1,0.0,0.8875,0.0,1.0,4.6558204,1.0,0.0,77.08704,6.0,0.0,0.0,0.8973967,1.0,0.0,0.0,0.0,0.0,0.0,0.0,1.0,5.0,5.0,1.0,0.0,0.0,0.8944277,False,False,False,False,False,False,False,False,False,False,False,False,PASS
404,80,1,0.0,0.825,0.0,1.0,13.174045,1.0,0.0,45.955185,5.5,0.5,0.0,0.67149717,1.0,0.0,0.0,0.0,0.0,0.0,0.0,1.0,2.6000001,4.5462503,1.0,0.0,0.0,0.717548,False,False,False,False,False,False,False,False,True,False,False,False,PASS
405,80,1,0.0,1.0,0.0,1.0,3.1478112,1.0,0.0,7.2276125,8.0,0.0,0.0,0.9722263,1.0,0.0,0.0,0.0,0.0,0.0,0.0,1.0,5.0,5.0,1.0,0.0,0.0,0.9805584,False,False,False,False,False,False,False,False,False,False,False,False,PASS
406,80,1,0.0,1.0,0.0,1.0,3.4345002,1.0,0.0,48.86211,7.6,0.0,0.0,1.0,1.0,0.0,0.0,0.0,0.0,0.0,0.0,1.0,5.0,5.0,1.0,0.0,0.0,1.0,False,False,False,False,False,False,False,False,False,False,False,False,PASS
407,80,1,0.0,1.0,0.0,1.0,3.4862995,0.0,0.0,8.8137245,8.0,0.0,0.0,1.0,1.0,0.0,0.0,0.0,0.0,0.0,0.0,1.0,5.0,5.0,1.0,1.0,0.84210527,1.0,False,False,False,False,False,False,False,False,False,False,False,False,PASS
408,80,1,0.0,1.0,0.0,1.0,2.3013933,1.0,0.0,25.245708,5.800000000000001,0.0,0.0,0.99999994,1.0,0.0,0.0,0.0,0.0,0.0,0.0,1.0,4.5,4.96125,1.0,0.0,0.0,1.0,False,False,False,False,False,False,False,False,False,False,False,False,PASS
409,80,1,0.0,1.0,1.9421046,1.0,3.957508,1.0,0.0,9.618405,8.0,0.0,0.0,0.5625516,1.0,0.0,0.0,0.0,0.0,0.0,0.0,1.0,1.3000001,4.9525003,1.0,0.0,0.0,0.69378614,False,False,False,False,False,False,False,False,True,False,False,False,PASS
410,42,0,1.0,1.0,0.0,1.0,0.25670075,1.0,0.0,0.25661284,4.2,0.5,1.0,1.0,1.0,0.0,0.0,0.0,0.0,0.0,0.0,1.0,5.0,5.0,1.0,0.0,0.0,0.0,True,True,False,True,False,True,False,False,False,False,True,True,OVERLAP+AT_FAULT
411,80,1,0.0,0.8875,0.0,1.0,5.25374,1.0,0.0,96.104904,7.2,0.0,0.0,0.8890803,1.0,0.0,0.0,0.0,0.0,0.0,0.0,1.0,5.0,5.0,1.0,0.0,0.0,0.88860625,False,False,False,False,False,False,False,False,False,False,False,False,PASS
412,80,1,0.0,1.0,0.0,1.0,0.061252523,0.0,0.0,0.062145952,8.0,0.0,0.0,1.0,1.0,0.0,0.0,0.0,0.0,0.0,0.0,1.0,5.0,5.0,1.0,1.0,0.84210527,1.0,False,False,False,False,False,False,False,False,False,False,False,False,PASS
413,80,1,0.0,0.875,0.0,1.0,12.861798,1.0,0.0,77.78782,8.0,0.0,0.0,0.7000945,1.0,0.0,0.0,0.0,0.0,0.0,0.0,1.0,5.0,5.0,1.0,0.0,0.0,0.75256616,False,False,False,False,False,False,False,False,False,False,False,False,PASS
414,80,1,0.0,1.0,0.0,1.0,0.92252344,1.0,0.0,1.4165276,8.0,0.0,0.0,1.0,1.0,0.0,0.0,0.0,0.0,0.0,0.0,1.0,4.2000003,4.93625,1.0,0.0,0.0,1.0,False,False,False,False,False,False,False,False,False,False,False,False,PASS
415,80,1,0.0,1.0,0.0,1.0,2.689426,1.0,0.0,26.340221,6.7,0.0,0.0,1.0000001,1.0,0.0,0.0,0.0,0.0,0.0,0.0,1.0,4.2000003,4.9474998,1.0,0.0,0.0,1.0,False,False,False,False,False,False,False,False,False,False,False,False,PASS
416,80,1,0.0,1.0,0.0,1.0,2.5415838,1.0,0.0,51.871876,7.2,0.0,0.0,0.93185693,1.0,0.0,0.0,0.0,0.0,0.0,0.0,1.0,5.0,5.0,1.0,0.0,0.0,0.9522999,False,False,False,False,False,False,False,False,False,False,False,False,PASS
417,80,1,0.0,1.0,0.0,1.0,10.580976,1.0,0.0,78.3946,8.0,0.0,0.0,0.72932893,1.0,0.0,0.0,0.0,0.0,0.0,0.0,1.0,5.0,5.0,1.0,0.0,0.0,0.8105303,False,False,False,False,False,False,False,False,False,False,False,False,PASS
418,80,1,0.0,0.8875,4.7177954,0.5,10.971705,1.0,0.0,62.440258,7.5,0.0,0.0,0.72331417,1.0,0.0,0.0,0.0,0.0,0.0,0.0,1.0,2.9,4.81625,1.0,0.0,0.0,0.7725699,False,False,False,False,False,False,False,False,False,False,False,False,PASS
419,80,1,0.0,0.7875,0.0,1.0,3.4618645,1.0,0.0,37.396034,2.1,1.0,0.0,0.98562944,1.0,0.0,0.0,0.0,0.0,0.0,0.0,1.0,1.9,4.7200003,1.0,0.0,0.0,0.92619056,False,False,False,False,False,False,False,False,False,False,False,False,PASS
420,80,1,0.0,0.7875,0.0,1.0,6.3403454,0.0,0.0,160.08078,8.0,0.0,0.0,0.9029321,1.0,0.0,0.0,0.0,0.0,2.5389175,9.140103,0.7797032,5.0,5.0,1.0,0.8880295,0.74781436,0.8683025,False,False,False,False,False,False,False,False,False,False,False,False,PASS
421,80,1,0.0,0.925,0.0,1.0,12.278472,1.0,0.0,13.590487,1.5,1.0,0.0,0.69822526,1.0,0.0,0.0,0.0,0.0,0.0,0.0,1.0,5.0,5.0,1.0,0.0,0.0,0.7662577,False,False,False,False,False,False,False,False,True,False,False,False,PASS
422,80,1,0.0,1.0,0.0,1.0,0.70603603,1.0,0.0,1.9167328,8.0,0.0,0.0,1.0,1.0,0.0,0.0,0.0,0.0,0.0,0.0,1.0,5.0,5.0,1.0,0.0,0.0,1.0,False,False,False,False,False,False,False,False,False,False,False,False,PASS
423,80,1,0.0,0.875,0.0,1.0,1.8528489,1.0,0.0,41.5856,5.7,0.5,0.0,0.93679607,1.0,0.0,0.0,0.0,0.0,0.0,0.0,1.0,4.2000003,4.95375,1.0,0.0,0.0,0.91825724,False,False,False,False,False,False,False,False,False,False,False,False,PASS
424,80,1,0.0,0.7625,0.0,1.0,9.515857,1.0,0.0,62.184254,8.0,0.0,0.0,0.71954453,1.0,0.0,0.0,0.0,0.0,0.0,0.0,1.0,5.0,5.0,1.0,0.0,0.0,0.7324312,False,False,False,False,False,False,False,False,False,False,False,False,PASS
425,80,1,0.0,1.0,0.0,1.0,8.553937,1.0,0.0,104.700554,5.7,0.5,0.0,0.8630437,1.0,0.0,0.0,0.0,0.0,1.4836025,5.340969,0.86078095,5.0,5.0,1.0,0.0,0.0,0.9041306,False,False,False,False,False,False,False,False,False,False,False,False,PASS
426,80,1,0.0,0.7375,0.0,1.0,13.019358,1.0,0.0,90.47467,5.300000000000001,0.5,0.0,0.8250623,1.0,0.0,0.0,0.0,0.0,0.0,0.0,1.0,2.6000001,4.6349998,1.0,0.0,0.0,0.7987936,False,False,False,False,False,False,False,False,False,False,False,False,PASS
427,80,1,0.0,0.875,0.0,1.0,8.113179,1.0,0.0,116.37736,8.0,0.0,0.0,0.83709353,1.0,0.0,0.0,0.0,0.0,0.0,0.0,1.0,5.0,5.0,1.0,0.0,0.0,0.84846556,False,False,False,False,False,False,False,False,False,False,False,False,PASS
428,80,1,0.0,0.6375,0.0,1.0,10.038006,1.0,0.0,75.68409,8.0,0.0,0.0,0.73720014,1.0,0.0,0.0,0.0,0.0,0.0,0.0,1.0,5.0,5.0,1.0,0.0,0.0,0.7072901,False,False,False,False,False,False,False,False,False,False,False,False,PASS
429,80,1,0.0,0.8,0.0,1.0,14.496053,1.0,0.0,132.47606,8.0,0.0,0.0,0.99999994,1.0,0.0,0.0,0.0,0.0,1.6468143,5.9285316,0.53787583,5.0,5.0,1.0,0.0,0.0,0.94,False,False,False,False,False,False,False,False,False,False,False,False,PASS
430,80,1,0.0,0.8125,0.0,1.0,15.914405,1.0,0.0,142.86609,8.0,0.0,0.0,0.79986423,1.0,0.0,0.0,0.0,0.0,1.9825344,7.1371236,0.9388448,5.0,5.0,1.0,0.0,0.0,0.80365497,False,False,False,False,False,False,False,False,False,False,False,False,PASS
431,80,1,0.0,1.0,0.0,1.0,0.19150577,0.0,0.0,0.18637428,8.0,0.0,0.0,1.0,1.0,0.0,0.0,0.0,0.0,0.0,0.0,1.0,5.0,5.0,1.0,1.0,0.84210527,1.0,False,False,False,False,False,False,False,False,False,False,False,False,PASS
432,80,1,0.0,0.8875,0.0,1.0,4.282598,1.0,0.0,77.4198,8.0,0.0,0.0,1.0,1.0,0.0,0.0,0.0,0.0,0.0,0.0,1.0,5.0,5.0,1.0,0.0,0.0,0.96625006,False,False,False,False,False,False,False,False,False,False,False,False,PASS
433,80,1,0.0,0.8875,0.0,1.0,2.0615067,1.0,0.0,63.949074,8.0,0.0,0.0,0.9870734,1.0,0.0,0.0,0.0,0.0,0.0,0.0,1.0,5.0,5.0,1.0,0.0,0.0,0.9572014,False,False,False,False,False,False,False,False,False,False,False,False,PASS
434,80,1,0.0,1.0,0.0,1.0,0.2377924,0.0,0.0,0.22632676,8.0,0.0,0.0,1.0,1.0,0.0,0.0,0.0,0.0,0.0,0.0,1.0,5.0,5.0,1.0,1.0,0.84210527,1.0,False,False,False,False,False,False,False,False,False,False,False,False,PASS
435,80,1,0.0,0.8875,0.0,1.0,11.034961,1.0,0.0,71.09493,4.0,0.5,0.0,0.82511574,1.0,0.0,0.0,0.0,0.0,3.0909805,11.127529,0.7173953,5.0,5.0,1.0,0.0,0.0,0.84383106,False,False,False,False,False,False,False,False,False,False,False,False,PASS
436,69,0,1.0,0.7826087,0.0,1.0,5.526415,1.0,0.0,49.721302,6.2,0.0,1.0,0.72084606,1.0,0.0,0.0,0.0,0.0,0.0,0.0,1.0,0.0,3.3971014,0.0,0.0,0.0,0.0,True,True,False,True,False,True,False,False,False,False,True,True,OVERLAP+AT_FAULT
437,80,1,0.0,0.90000004,0.0,1.0,11.914359,0.0,0.0,64.666,4.5,0.5,0.0,0.7838018,1.0,0.0,0.0,0.0,0.0,0.0,0.0,1.0,5.0,5.0,1.0,0.9199381,0.8536321,0.8186612,False,False,False,False,False,False,False,False,False,False,False,False,PASS
438,80,1,0.0,0.8875,0.0,1.0,2.92479,1.0,0.0,113.28405,6.5,0.0,0.0,0.9748631,1.0,0.0,0.0,0.0,0.0,0.0,0.0,1.0,5.0,5.0,1.0,0.0,0.0,0.9486542,False,False,False,False,False,False,False,False,False,False,False,False,PASS
439,80,1,0.0,0.85,0.0,1.0,1.6235405,1.0,0.0,76.31517,7.800000000000001,0.0,0.0,1.0,1.0,0.0,0.0,0.0,0.0,0.0,0.0,1.0,5.0,5.0,1.0,0.0,0.0,0.95500004,False,False,False,False,False,False,False,False,False,False,False,False,PASS
440,80,1,0.0,1.0,0.0,1.0,1.9184439,1.0,0.0,0.0,0.0,1.0,0.0,0.9236633,1.0,0.0,0.0,0.0,0.0,0.0,0.0,1.0,5.0,5.0,1.0,0.0,0.0,0.9465643,False,False,False,False,False,False,False,False,False,False,False,False,PASS
441,80,1,0.0,0.8875,0.0,1.0,2.7045002,1.0,0.0,48.87029,8.0,0.0,0.0,1.0,1.0,0.0,0.0,0.0,0.0,0.0,0.0,1.0,1.1,3.9087498,1.0,0.0,0.0,0.96625006,False,False,False,False,False,False,False,False,False,False,False,False,PASS
442,80,1,0.0,0.875,1.3667368,1.0,14.1914015,1.0,0.0,71.02742,7.6,0.0,0.0,0.6887848,1.0,0.0,0.0,0.0,0.0,0.0,0.0,1.0,5.0,5.0,1.0,0.0,0.0,0.74464935,False,False,False,False,False,False,False,False,True,False,False,False,PASS
443,80,1,0.0,0.83750004,0.0,1.0,14.095403,1.0,0.0,19.094673,0.9,1.0,0.0,0.7870757,1.0,0.0,0.0,0.0,0.0,1.8225975,6.561351,0.93802565,5.0,5.0,1.0,0.0,0.0,0.802203,False,False,False,False,False,False,False,False,False,False,False,False,PASS
444,80,1,0.0,1.0,0.0,1.0,0.034058753,0.0,0.0,0.03368146,8.0,0.0,0.0,1.0,1.0,0.0,0.0,0.0,0.0,0.0,0.0,1.0,5.0,5.0,1.0,1.0,0.84210527,1.0,False,False,False,False,False,False,False,False,False,False,False,False,PASS
445,80,1,0.0,1.0,0.0,1.0,2.154518,1.0,0.0,10.614233,1.3,1.0,0.0,0.921376,1.0,0.0,0.0,0.0,0.0,0.0,0.0,1.0,3.8,4.93375,1.0,0.0,0.0,0.94496316,False,False,False,False,False,False,False,False,False,False,False,False,PASS
446,80,1,0.0,1.0,0.0,1.0,6.5822053,0.0,0.0,0.0,0.0,1.0,0.0,0.8688696,1.0,0.0,0.0,0.0,0.0,0.0,0.0,1.0,5.0,5.0,1.0,0.95902175,0.96549207,0.90820867,False,False,False,False,False,False,False,False,False,False,False,False,PASS
447,80,1,0.0,0.8,0.0,1.0,13.395316,1.0,0.0,61.994247,7.0,0.0,0.0,0.66281617,1.0,0.0,0.0,0.0,0.0,0.0,0.0,1.0,2.3,4.30375,1.0,0.0,0.0,0.7039713,False,False,False,False,False,False,False,False,True,False,False,False,PASS
448,80,1,0.0,0.85,0.0,1.0,6.788585,0.0,0.0,12.533394,1.4,1.0,0.0,0.7739014,1.0,0.0,0.0,0.0,0.0,0.0,0.0,1.0,5.0,5.0,1.0,0.91059417,0.9247109,0.796731,False,False,False,False,False,False,False,False,False,False,False,False,PASS
449,80,1,0.0,0.85,0.0,1.0,11.992215,1.0,0.0,117.52945,8.0,0.0,0.0,0.7631351,1.0,0.0,0.0,0.0,0.0,0.0,0.0,1.0,5.0,5.0,1.0,0.0,0.0,0.7891946,False,False,False,False,False,False,False,False,False,False,False,False,PASS
450,80,1,0.0,1.0,0.0,1.0,3.5983624,0.0,0.0,3.4369035,8.0,0.0,0.0,0.22624452,1.0,0.0,0.0,0.0,0.0,0.0,0.0,1.0,5.0,5.0,1.0,0.7582014,0.63848543,0.45837116,False,False,False,False,False,False,False,True,True,False,True,False,LOW_PROGRESS
451,1,0,1.0,1.0,0.0,1.0,0.0009765625,1.0,0.0,0.00021223165,0.1,1.0,1.0,1.0,1.0,0.0,0.0,0.0,0.0,0.0,0.0,1.0,5.0,5.0,1.0,0.0,0.0,0.0,True,True,False,True,False,True,False,False,False,False,True,True,OVERLAP+AT_FAULT
452,80,1,0.0,0.8875,0.0,1.0,7.819877,1.0,0.0,105.70076,7.6,0.0,0.0,0.8383665,1.0,0.0,0.0,0.0,0.0,0.0,0.0,1.0,5.0,5.0,1.0,0.0,0.0,0.8531065,False,False,False,False,False,False,False,False,False,False,False,False,PASS
453,80,1,0.0,0.8875,0.0,1.0,10.840205,1.0,0.0,7.2216697,0.3,1.0,0.0,0.8364321,1.0,0.0,0.0,0.0,0.0,4.031986,14.51515,0.48109734,5.0,5.0,1.0,0.0,0.0,0.85175246,False,False,False,False,False,False,False,False,False,False,False,False,PASS
454,80,1,0.0,0.8875,13.02569,0.0,4.2119045,1.0,0.0,49.26763,7.1000000000000005,0.0,0.0,0.8811385,1.0,0.0,0.0,0.0,0.0,0.0,0.0,1.0,5.0,5.0,1.0,0.0,0.0,0.8830469,False,False,False,False,False,False,False,False,False,False,False,False,PASS
455,80,1,0.0,1.0,0.0,1.0,0.20389616,0.0,0.0,0.19485617,8.0,0.0,0.0,1.0,1.0,0.0,0.0,0.0,0.0,0.0,0.0,1.0,5.0,5.0,1.0,1.0,0.84210527,1.0,False,False,False,False,False,False,False,False,False,False,False,False,PASS
456,80,1,0.0,0.90000004,0.0,1.0,7.538391,0.0,0.0,15.914497,3.6,0.5,0.0,1.0,1.0,0.0,0.0,0.0,0.0,0.0,0.0,1.0,2.6000001,4.8275003,1.0,0.9875,0.9105263,0.96999997,False,False,False,False,False,False,False,False,False,False,False,False,PASS
457,80,1,0.0,0.8875,0.0,1.0,4.2924294,1.0,0.0,178.30247,8.0,0.0,0.0,0.9373719,1.0,0.0,0.0,0.0,0.0,3.6282063,13.0615425,0.009243786,2.3,4.5875,1.0,0.0,0.0,0.9224104,False,False,False,False,False,False,False,False,False,False,False,False,PASS
458,80,1,0.0,0.8875,4.1716127,0.5,2.7953026,1.0,0.0,47.970207,7.0,0.0,0.0,1.0,1.0,0.0,0.0,0.0,0.0,0.0,0.0,1.0,5.0,5.0,1.0,0.0,0.0,0.96625006,False,False,False,False,False,False,False,False,False,False,False,False,PASS
459,69,0,1.0,1.0,0.0,1.0,10.359724,1.0,0.0,5.3382297,6.9,0.0,1.0,0.095692195,0.0,0.0,0.0,0.0,0.0,0.0,0.0,1.0,5.0,5.0,1.0,0.0,0.0,0.0,True,True,False,True,False,True,False,True,True,False,True,True,OVERLAP+AT_FAULT
460,80,1,0.0,1.0,0.0,1.0,7.961384,1.0,0.0,39.608738,7.0,0.0,0.0,1.0000001,1.0,0.0,0.0,0.0,0.0,0.0,0.0,1.0,4.0,4.94,1.0,0.0,0.0,1.0,False,False,False,False,False,False,False,False,False,False,False,False,PASS
461,32,0,1.0,1.0,0.0,1.0,0.26599905,1.0,0.0,0.0,0.0,1.0,1.0,1.0,1.0,0.0,0.0,0.0,0.0,0.0,0.0,1.0,5.0,5.0,1.0,0.0,0.0,0.0,True,True,False,True,False,True,False,False,False,False,True,True,OVERLAP+AT_FAULT
462,80,1,0.0,0.77500004,0.0,1.0,16.176935,1.0,0.0,130.97263,8.0,0.0,0.0,0.8239663,1.0,0.0,0.0,0.0,0.0,0.0,0.0,1.0,5.0,5.0,1.0,0.0,0.0,0.8092764,False,False,False,False,False,False,False,False,False,False,False,False,PASS
463,80,1,0.0,0.6,0.0,1.0,6.0819526,1.0,0.0,66.67701,8.0,0.0,0.0,1.0,1.0,0.0,0.0,0.0,0.0,0.0,0.0,1.0,5.0,5.0,1.0,0.0,0.0,0.88000005,False,False,False,False,False,False,False,False,False,False,False,False,PASS
464,80,1,0.0,0.825,0.0,1.0,3.383213,1.0,0.0,51.907425,7.1000000000000005,0.0,0.0,0.84810954,1.0,0.0,0.0,0.0,0.0,0.0,0.0,1.0,3.1000001,4.7900004,1.0,0.0,0.0,0.8411766,False,False,False,False,False,False,False,False,False,False,False,False,PASS
465,80,1,0.0,0.85,8.741682,0.0,9.451187,1.0,0.0,48.78241,7.9,0.0,0.0,0.8268327,1.0,0.0,0.0,0.0,0.0,0.0,0.0,1.0,5.0,5.0,1.0,0.0,0.0,0.833783,False,False,False,False,False,False,False,False,False,False,False,False,PASS
466,80,1,0.0,0.8875,0.0,1.0,12.504619,0.0,0.0,115.28061,6.2,0.0,0.0,0.7970702,1.0,0.0,0.0,0.0,0.0,1.6591606,5.972978,0.89582974,5.0,5.0,1.0,0.89647937,0.75493,0.82419914,False,False,False,False,False,False,False,False,False,False,False,False,PASS
467,80,1,0.0,1.0,0.0,1.0,7.02498,1.0,0.0,23.807322,4.1000000000000005,0.5,0.0,0.99999994,1.0,0.0,0.0,0.0,0.0,0.0,0.0,1.0,5.0,5.0,1.0,0.0,0.0,1.0,False,False,False,False,False,False,False,False,False,False,False,False,PASS
468,80,1,0.0,1.0,0.0,1.0,0.1142777,1.0,0.0,0.10563719,8.0,0.0,0.0,1.0,1.0,0.0,0.0,0.0,0.0,0.0,0.0,1.0,5.0,5.0,1.0,0.0,0.0,1.0,False,False,False,False,False,False,False,False,False,False,False,False,PASS
469,80,1,0.0,0.6875,0.0,1.0,10.3199835,1.0,0.0,154.51532,8.0,0.0,0.0,0.874613,1.0,0.0,0.0,0.0,0.0,1.7748985,6.3896346,0.90543497,5.0,5.0,1.0,0.0,0.0,0.8184792,False,False,False,False,False,False,False,False,False,False,False,False,PASS
470,80,1,0.0,0.8875,39.71237,0.0,19.137022,1.0,0.0,40.19681,3.3000000000000003,1.5,0.0,0.6352017,1.0,0.0,0.0,0.0,0.0,0.0,0.0,1.0,5.0,5.0,1.0,0.0,0.0,0.7108912,False,False,False,False,False,False,False,False,True,False,False,False,PASS
471,80,1,0.0,0.875,0.0,1.0,12.7838545,1.0,0.0,44.07319,2.2,1.0,0.0,0.799199,1.0,0.0,0.0,0.0,0.0,1.3071289,4.705664,0.96388686,5.0,5.0,1.0,0.0,0.0,0.8219393,False,False,False,False,False,False,False,False,False,False,False,False,PASS
472,80,1,0.0,1.0,0.0,1.0,1.0298077,1.0,0.0,50.97252,8.0,0.0,0.0,0.9847539,1.0,0.0,0.0,0.0,0.0,0.0,0.0,1.0,5.0,5.0,1.0,0.0,0.0,0.9893277,False,False,False,False,False,False,False,False,False,False,False,False,PASS
473,80,1,0.0,1.0,0.0,1.0,0.06113564,0.0,0.0,0.0,0.0,1.0,0.0,1.0,1.0,0.0,0.0,0.0,0.0,0.0,0.0,1.0,5.0,5.0,1.0,1.0,1.0,1.0,False,False,False,False,False,False,False,False,False,False,False,False,PASS
474,80,1,0.0,1.0,0.0,1.0,11.476456,1.0,0.0,88.39333,8.0,0.0,0.0,0.73618317,1.0,0.0,0.0,0.0,0.0,0.0,0.0,1.0,5.0,5.0,1.0,0.0,0.0,0.81532824,False,False,False,False,False,False,False,False,False,False,False,False,PASS
475,80,1,0.0,1.0,0.0,1.0,8.153933,1.0,0.0,105.96414,8.0,0.0,0.0,0.8208774,1.0,0.0,0.0,0.0,0.0,0.0,0.0,1.0,5.0,5.0,1.0,0.0,0.0,0.8746142,False,False,False,False,False,False,False,False,False,False,False,False,PASS
476,80,1,0.0,0.925,0.0,1.0,1.3347199,1.0,0.0,0.60018283,8.0,0.0,0.0,0.3210347,1.0,0.0,0.0,0.0,0.0,0.0,0.0,1.0,5.0,5.0,1.0,0.0,0.0,0.5022243,False,False,False,False,False,False,False,True,True,False,False,False,LOW_PROGRESS
477,80,1,0.0,1.0,0.0,1.0,0.026979873,0.0,0.0,0.0,0.0,1.0,0.0,1.0,1.0,0.0,0.0,0.0,0.0,0.0,0.0,1.0,5.0,5.0,1.0,1.0,1.0,1.0,False,False,False,False,False,False,False,False,False,False,False,False,PASS
478,80,1,0.0,1.0,0.0,1.0,0.5846337,1.0,0.0,0.12613608,0.6000000000000001,1.0,0.0,1.0,1.0,0.0,0.0,0.0,0.0,0.0,0.0,1.0,5.0,5.0,1.0,0.0,0.0,1.0,False,False,False,False,False,False,False,False,False,False,False,False,PASS
479,80,1,0.0,0.8,0.0,1.0,14.781615,1.0,0.0,42.226593,6.9,0.0,0.0,1.0,1.0,0.0,0.0,0.0,0.0,0.0,0.0,1.0,5.0,5.0,1.0,0.0,0.0,0.94,False,False,False,False,False,False,False,False,False,False,False,False,PASS
480,80,1,0.0,1.0,0.0,1.0,0.23729463,1.0,0.0,0.22246625,8.0,0.0,0.0,1.0,1.0,0.0,0.0,0.0,0.0,0.0,0.0,1.0,5.0,5.0,1.0,0.0,0.0,1.0,False,False,False,False,False,False,False,False,False,False,False,False,PASS
481,60,0,1.0,0.4666667,0.0,1.0,6.5823903,0.0,0.0,24.564602,5.9,0.0,1.0,1.0,1.0,0.0,0.0,0.0,0.0,0.0,0.0,1.0,0.0,4.831667,0.0,0.0,0.0,0.0,True,True,False,True,False,True,False,False,False,True,True,True,OVERLAP+AT_FAULT
482,80,1,0.0,1.0,0.0,1.0,0.09331288,0.0,0.0,0.116859876,8.0,0.0,0.0,1.0,1.0,0.0,0.0,0.0,0.0,0.0,0.0,1.0,5.0,5.0,1.0,1.0,0.84210527,1.0,False,False,False,False,False,False,False,False,False,False,False,False,PASS
483,80,1,0.0,1.0,0.0,1.0,0.063732445,0.0,0.0,0.0,0.0,1.0,0.0,1.0,1.0,0.0,0.0,0.0,0.0,0.0,0.0,1.0,5.0,5.0,1.0,1.0,1.0,1.0,False,False,False,False,False,False,False,False,False,False,False,False,PASS
484,80,1,0.0,1.0,0.0,1.0,0.05850314,1.0,0.0,0.052780803,8.0,0.0,0.0,1.0,1.0,0.0,0.0,0.0,0.0,0.0,0.0,1.0,5.0,5.0,1.0,0.0,0.0,1.0,False,False,False,False,False,False,False,False,False,False,False,False,PASS
485,80,1,0.0,0.77500004,0.0,1.0,0.99085563,1.0,0.0,130.2604,6.9,0.0,0.0,0.98812145,1.0,0.0,0.0,0.0,0.0,0.0,0.0,1.0,5.0,5.0,1.0,0.0,0.0,0.924185,False,False,False,False,False,False,False,False,False,False,False,False,PASS
486,80,1,0.0,0.875,0.0,1.0,10.355912,1.0,0.0,119.338684,7.9,0.0,0.0,0.8152991,1.0,0.0,0.0,0.0,0.0,0.0,0.0,1.0,5.0,5.0,1.0,0.0,0.0,0.83320946,False,False,False,False,False,False,False,False,False,False,False,False,PASS
487,80,1,0.0,0.675,0.0,1.0,11.421351,0.0,0.0,39.550323,2.3000000000000003,1.0,0.0,0.82501274,1.0,0.0,0.0,0.0,0.0,3.4820251,12.53529,0.64923525,5.0,5.0,1.0,0.8170003,0.845895,0.780009,False,False,False,False,False,False,False,False,False,False,False,False,PASS
488,80,1,0.0,0.85,0.0,1.0,8.107559,1.0,0.0,159.35785,7.800000000000001,0.0,0.0,0.86127603,1.0,0.0,0.0,0.0,0.0,3.4186401,12.307104,0.51990926,5.0,5.0,1.0,0.0,0.0,0.85789317,False,False,False,False,False,False,False,False,False,False,False,False,PASS
489,80,1,0.0,1.0,0.0,1.0,8.717486,1.0,0.0,99.20547,8.0,0.0,0.0,0.8054749,1.0,0.0,0.0,0.0,0.0,0.0,0.0,1.0,4.3,4.99125,1.0,0.0,0.0,0.8638325,False,False,False,False,False,False,False,False,False,False,False,False,PASS
490,80,1,0.0,1.0,0.0,1.0,2.7152753,1.0,0.0,38.010277,5.800000000000001,0.0,0.0,1.0,1.0,0.0,0.0,0.0,0.0,0.0,0.0,1.0,1.8000001,4.5437503,1.0,0.0,0.0,1.0,False,False,False,False,False,False,False,False,False,False,False,False,PASS
491,80,1,0.0,0.8875,0.0,1.0,4.9477344,0.0,0.0,67.66006,8.0,0.0,0.0,0.92628735,1.0,0.0,0.0,0.0,0.0,0.0,0.0,1.0,3.0,4.71625,1.0,0.9629023,0.8108651,0.9146511,False,False,False,False,False,False,False,False,False,False,False,False,PASS
492,80,1,0.0,1.0,0.0,1.0,1.7327874,1.0,0.0,63.78543,8.0,0.0,0.0,0.96406364,1.0,0.0,0.0,0.0,0.0,0.0,0.0,1.0,5.0,5.0,1.0,0.0,0.0,0.9748446,False,False,False,False,False,False,False,False,False,False,False,False,PASS
493,80,1,0.0,0.5125,0.0,1.0,23.293144,1.0,0.0,87.7896,8.0,0.0,0.0,0.9997016,1.0,0.0,0.0,0.0,0.0,2.0653934,7.435416,0.6059506,5.0,5.0,1.0,0.0,0.0,0.8535412,False,False,False,False,False,False,False,False,False,False,False,False,PASS
494,80,1,0.0,1.0,0.0,1.0,9.402114,1.0,0.0,158.56943,8.0,0.0,0.0,0.85001785,1.0,0.0,0.0,0.0,0.0,3.1927242,11.493807,0.6436899,5.0,5.0,1.0,0.0,0.0,0.8950125,False,False,False,False,False,False,False,False,False,False,False,False,PASS
495,80,1,0.0,1.0,0.0,1.0,0.040005047,0.0,0.0,0.035938993,8.0,0.0,0.0,1.0,1.0,0.0,0.0,0.0,0.0,0.0,0.0,1.0,5.0,5.0,1.0,1.0,0.84210527,1.0,False,False,False,False,False,False,False,False,False,False,False,False,PASS
496,80,1,0.0,1.0,0.0,1.0,15.526526,1.0,0.0,2.2386348,0.2,1.0,0.0,0.6977704,1.0,0.0,0.0,0.0,0.0,0.0,0.0,1.0,5.0,5.0,1.0,0.0,0.0,0.7884393,False,False,False,False,False,False,False,False,True,False,False,False,PASS
497,80,1,0.0,0.6125,3.1611626,0.5,3.4821553,1.0,0.0,58.088078,7.4,0.0,0.0,0.95453614,1.0,0.0,0.0,0.0,0.0,0.5487194,1.9753898,0.99592096,1.9,4.15375,1.0,0.0,0.0,0.8519253,False,False,False,False,False,False,False,False,False,False,False,False,PASS
498,80,1,0.0,0.925,0.0,1.0,3.3310852,1.0,0.0,23.17232,8.0,0.0,0.0,1.0,1.0,0.0,0.0,0.0,0.0,0.0,0.0,1.0,2.4,4.2625003,1.0,0.0,0.0,0.97749996,False,False,False,False,False,False,False,False,False,False,False,False,PASS
499,80,1,0.0,0.925,0.0,1.0,2.063778,1.0,0.0,34.640778,5.4,0.5,0.0,0.929999,1.0,0.0,0.0,0.0,0.0,0.0,0.0,1.0,2.2,4.6925,1.0,0.0,0.0,0.92849934,False,False,False,False,False,False,False,False,False,False,False,False,PASS
500,80,1,0.0,0.8875,0.0,1.0,7.8093324,1.0,0.0,167.8899,8.0,0.0,0.0,0.8874093,1.0,0.0,0.0,0.0,0.0,3.1948738,11.501545,0.4193701,5.0,5.0,1.0,0.0,0.0,0.8874365,False,False,False,False,False,False,False,False,False,False,False,False,PASS
501,80,1,0.0,0.8875,0.0,1.0,10.68621,1.0,0.0,146.80917,8.0,0.0,0.0,0.8198809,1.0,0.0,0.0,0.0,0.0,1.4848328,5.345398,0.91154754,5.0,5.0,1.0,0.0,0.0,0.8401667,False,False,False,False,False,False,False,False,False,False,False,False,PASS
502,80,1,0.0,1.0,0.0,1.0,0.020218188,1.0,0.0,0.02097373,8.0,0.0,0.0,1.0,1.0,0.0,0.0,0.0,0.0,0.0,0.0,1.0,5.0,5.0,1.0,0.0,0.0,1.0,False,False,False,False,False,False,False,False,False,False,False,False,PASS
503,80,1,0.0,0.8625,0.0,1.0,15.789856,1.0,0.0,182.81152,8.0,0.0,0.0,0.9625574,1.0,0.0,0.0,0.0,0.0,3.2349014,11.645645,0.0,5.0,5.0,1.0,0.0,0.0,0.9325401,False,False,False,False,False,False,False,False,False,False,False,False,PASS
504,80,1,0.0,0.77500004,0.0,1.0,8.514409,1.0,0.0,139.69011,7.9,0.0,0.0,0.86165106,1.0,0.0,0.0,0.0,0.0,0.0,0.0,1.0,5.0,5.0,1.0,0.0,0.0,0.8356558,False,False,False,False,False,False,False,False,False,False,False,False,PASS
505,80,1,0.0,0.6625,1.1596277,1.0,9.621459,1.0,0.0,42.60755,7.6,0.0,0.0,0.6298113,1.0,0.0,0.0,0.0,0.0,0.0,0.0,1.0,5.0,5.0,1.0,0.0,0.0,0.6396179,False,False,False,False,False,False,False,False,True,False,False,False,PASS
506,80,1,0.0,0.8875,0.0,1.0,9.14508,1.0,0.0,1.7904541,0.1,1.0,0.0,0.82426435,1.0,0.0,0.0,0.0,0.0,0.0,0.0,1.0,5.0,5.0,1.0,0.0,0.0,0.843235,False,False,False,False,False,False,False,False,False,False,False,False,PASS
507,80,1,0.0,0.875,0.0,1.0,9.115465,1.0,0.0,137.71623,8.0,0.0,0.0,0.8643433,1.0,0.0,0.0,0.0,0.0,0.0,0.0,1.0,5.0,5.0,1.0,0.0,0.0,0.86754036,False,False,False,False,False,False,False,False,False,False,False,False,PASS
508,80,1,0.0,0.925,0.0,1.0,4.2832613,1.0,0.0,31.692118,7.0,0.0,0.0,0.89990485,1.0,0.0,0.0,0.0,0.0,0.0,0.0,1.0,5.0,5.0,1.0,0.0,0.0,0.90743345,False,False,False,False,False,False,False,False,False,False,False,False,PASS
509,80,1,0.0,1.0,0.0,1.0,0.043171316,0.0,0.0,0.060947154,8.0,0.0,0.0,1.0,1.0,0.0,0.0,0.0,0.0,0.0,0.0,1.0,5.0,5.0,1.0,1.0,0.84210527,1.0,False,False,False,False,False,False,False,False,False,False,False,False,PASS
510,45,0,0.0,1.0,0.0,1.0,1.9892943,1.0,1.0,15.139908,2.1,1.0,0.0,0.8355014,1.0,0.0,0.0,0.0,0.0,0.0,0.0,1.0,5.0,5.0,1.0,0.0,0.0,0.0,True,False,True,False,False,False,False,False,False,False,True,True,OFFROAD
511,80,1,0.0,1.0,0.0,1.0,6.5142426,1.0,0.0,49.370728,7.6,0.0,0.0,1.0,1.0,0.0,0.0,0.0,0.0,0.0,0.0,1.0,4.5,4.9787498,1.0,0.0,0.0,1.0,False,False,False,False,False,False,False,False,False,False,False,False,PASS
512,80,1,0.0,1.0,0.0,1.0,2.2433813,1.0,0.0,31.078909,4.9,0.5,0.0,0.982787,1.0,0.0,0.0,0.0,0.0,0.0,0.0,1.0,5.0,5.0,1.0,0.0,0.0,0.9879509,False,False,False,False,False,False,False,False,False,False,False,False,PASS
513,80,1,0.0,0.83750004,0.0,1.0,10.730064,1.0,0.0,103.76117,6.2,0.0,0.0,0.80567455,1.0,0.0,0.0,0.0,0.0,0.0,0.0,1.0,5.0,5.0,1.0,0.0,0.0,0.8152222,False,False,False,False,False,False,False,False,False,False,False,False,PASS
514,80,1,0.0,1.0,0.0,1.0,1.8954538,1.0,0.0,5.0224714,8.0,0.0,0.0,1.0,1.0,0.0,0.0,0.0,0.0,0.0,0.0,1.0,5.0,5.0,1.0,0.0,0.0,1.0,False,False,False,False,False,False,False,False,False,False,False,False,PASS
515,80,1,0.0,0.8875,0.0,1.0,8.174807,1.0,0.0,94.709526,6.6000000000000005,0.0,0.0,0.8373841,1.0,0.0,0.0,0.0,0.0,0.0,0.0,1.0,5.0,5.0,1.0,0.0,0.0,0.8524189,False,False,False,False,False,False,False,False,False,False,False,False,PASS
516,80,1,0.0,1.0,0.0,1.0,0.13072321,1.0,0.0,0.12984985,8.0,0.0,0.0,1.0,1.0,0.0,0.0,0.0,0.0,0.0,0.0,1.0,5.0,5.0,1.0,0.0,0.0,1.0,False,False,False,False,False,False,False,False,False,False,False,False,PASS
517,80,1,0.0,1.0,0.0,1.0,7.744934,1.0,0.0,41.99913,5.9,0.0,0.0,0.75465065,1.0,0.0,0.0,0.0,0.0,0.0,0.0,1.0,5.0,5.0,1.0,0.0,0.0,0.8282555,False,False,False,False,False,False,False,False,False,False,False,False,PASS
518,80,1,0.0,0.8875,0.0,1.0,9.85786,1.0,0.0,130.77736,8.0,0.0,0.0,0.8644539,1.0,0.0,0.0,0.0,0.0,0.0,0.0,1.0,5.0,5.0,1.0,0.0,0.0,0.87136775,False,False,False,False,False,False,False,False,False,False,False,False,PASS
519,80,1,0.0,1.0,0.0,1.0,0.27714276,1.0,0.0,0.24743505,8.0,0.0,0.0,1.0,1.0,0.0,0.0,0.0,0.0,0.0,0.0,1.0,5.0,5.0,1.0,0.0,0.0,1.0,False,False,False,False,False,False,False,False,False,False,False,False,PASS
520,80,1,0.0,1.0,0.0,1.0,9.638791,1.0,0.0,149.87181,7.800000000000001,0.0,0.0,0.8755249,1.0,0.0,0.0,0.0,0.0,2.0614796,7.421326,0.79191077,5.0,5.0,1.0,0.0,0.0,0.91286737,False,False,False,False,False,False,False,False,False,False,False,False,PASS
521,80,1,0.0,0.8875,0.0,1.0,7.5501833,1.0,0.0,154.66942,8.0,0.0,0.0,0.87620044,1.0,0.0,0.0,0.0,0.0,2.5227718,9.081979,0.7566043,5.0,5.0,1.0,0.0,0.0,0.8795902,False,False,False,False,False,False,False,False,False,False,False,False,PASS
522,80,1,0.0,0.7875,0.0,1.0,18.851217,1.0,0.0,134.2344,8.0,0.0,0.0,0.73714453,1.0,0.0,0.0,0.0,0.0,1.9622746,7.064188,0.8632047,1.6,4.56875,1.0,0.0,0.0,0.7522512,False,False,False,False,False,False,False,False,False,False,False,False,PASS
523,80,1,0.0,1.0,0.0,1.0,0.1375337,1.0,0.0,0.1358451,8.0,0.0,0.0,1.0,1.0,0.0,0.0,0.0,0.0,0.0,0.0,1.0,5.0,5.0,1.0,0.0,0.0,1.0,False,False,False,False,False,False,False,False,False,False,False,False,PASS
524,80,1,0.0,0.8125,0.0,1.0,4.0564575,1.0,0.0,145.37926,7.4,0.0,0.0,0.9393011,1.0,0.0,0.0,0.0,0.0,0.9754715,3.5116973,0.9008868,5.0,5.0,1.0,0.0,0.0,0.9012608,False,False,False,False,False,False,False,False,False,False,False,False,PASS
525,80,1,0.0,0.8125,0.0,1.0,9.92646,1.0,0.0,135.66156,7.4,0.0,0.0,0.8380927,1.0,0.0,0.0,0.0,0.0,1.3844509,4.984023,0.9284625,5.0,5.0,1.0,0.0,0.0,0.8304149,False,False,False,False,False,False,False,False,False,False,False,False,PASS
526,80,1,0.0,0.83750004,0.0,1.0,6.3855658,1.0,0.0,24.065462,8.0,0.0,0.0,1.0,1.0,0.0,0.0,0.0,0.0,0.0,0.0,1.0,2.5,4.28625,1.0,0.0,0.0,0.95125,False,False,False,False,False,False,False,False,False,False,False,False,PASS
527,80,1,0.0,1.0,0.0,1.0,2.9481182,0.0,0.0,4.5182695,4.3,0.5,0.0,1.0,1.0,0.0,0.0,0.0,0.0,0.0,0.0,1.0,5.0,5.0,1.0,1.0,0.92105263,1.0,False,False,False,False,False,False,False,False,False,False,False,False,PASS
528,80,1,0.0,1.0,0.0,1.0,0.27821705,0.0,0.0,0.89869976,8.0,0.0,0.0,1.0,1.0,0.0,0.0,0.0,0.0,0.0,0.0,1.0,1.0,4.9500003,1.0,1.0,0.84210527,1.0,False,False,False,False,False,False,False,False,False,False,False,False,PASS
529,80,1,0.0,1.0,0.0,1.0,3.1616719,1.0,0.0,34.62638,8.0,0.0,0.0,1.0000001,1.0,0.0,0.0,0.0,0.0,0.0,0.0,1.0,5.0,5.0,1.0,0.0,0.0,1.0,False,False,False,False,False,False,False,False,False,False,False,False,PASS
530,80,1,0.0,0.875,0.0,1.0,12.0839815,0.0,0.0,131.04303,8.0,0.0,0.0,0.79853415,1.0,0.0,0.0,0.0,0.0,0.0,0.0,1.0,5.0,5.0,1.0,0.92141694,0.77593005,0.8214739,False,False,False,False,False,False,False,False,False,False,False,False,PASS
531,80,1,0.0,0.71250004,0.0,1.0,13.042956,1.0,0.0,154.98401,8.0,0.0,0.0,0.83644474,1.0,0.0,0.0,0.0,0.0,2.2458382,8.085017,0.8613594,5.0,5.0,1.0,0.0,0.0,0.7992613,False,False,False,False,False,False,False,False,False,False,False,False,PASS
532,80,1,0.0,0.85,0.0,1.0,10.609415,0.0,0.0,0.0,0.0,1.0,0.0,0.8247698,1.0,0.0,0.0,0.0,0.0,2.3313332,8.392799,0.827525,5.0,5.0,1.0,0.8833718,0.9017868,0.8323389,False,False,False,False,False,False,False,False,False,False,False,False,PASS
533,80,1,0.0,1.0,0.0,1.0,4.5639405,1.0,0.0,56.26523,7.800000000000001,0.0,0.0,1.0,1.0,0.0,0.0,0.0,0.0,0.0,0.0,1.0,4.2000003,4.9325004,1.0,0.0,0.0,1.0,False,False,False,False,False,False,False,False,False,False,False,False,PASS
534,80,1,0.0,1.0,0.0,1.0,0.34499285,0.0,0.0,0.34748423,8.0,0.0,0.0,1.0,1.0,0.0,0.0,0.0,0.0,0.0,0.0,1.0,5.0,5.0,1.0,1.0,0.84210527,1.0,False,False,False,False,False,False,False,False,False,False,False,False,PASS
535,80,1,0.0,1.0,0.0,1.0,3.3272717,1.0,0.0,79.90895,7.4,0.0,0.0,0.87177354,1.0,0.0,0.0,0.0,0.0,0.0,0.0,1.0,5.0,5.0,1.0,0.0,0.0,0.91024154,False,False,False,False,False,False,False,False,False,False,False,False,PASS
536,80,1,0.0,1.0,0.0,1.0,3.4911866,1.0,0.0,58.10074,8.0,0.0,0.0,0.8328564,1.0,0.0,0.0,0.0,0.0,0.0,0.0,1.0,5.0,5.0,1.0,0.0,0.0,0.88299954,False,False,False,False,False,False,False,False,False,False,False,False,PASS
537,80,1,0.0,0.8,0.0,1.0,17.02451,1.0,0.0,61.33972,5.4,0.5,0.0,0.6843829,1.0,0.0,0.0,0.0,0.0,0.0,0.0,1.0,3.0,4.86375,1.0,0.0,0.0,0.71906805,False,False,False,False,False,False,False,False,True,False,False,False,PASS
538,80,1,0.0,0.875,0.0,1.0,12.88785,1.0,0.0,117.30164,6.7,0.0,0.0,0.81944406,1.0,0.0,0.0,0.0,0.0,1.3756981,4.952513,0.94558686,5.0,5.0,1.0,0.0,0.0,0.8361109,False,False,False,False,False,False,False,False,False,False,False,False,PASS
539,80,1,0.0,1.0,0.0,1.0,7.966411,1.0,0.0,63.93331,8.0,0.0,0.0,0.773159,1.0,0.0,0.0,0.0,0.0,0.0,0.0,1.0,2.9,4.9487505,1.0,0.0,0.0,0.8412113,False,False,False,False,False,False,False,False,False,False,False,False,PASS
540,80,1,0.0,0.77500004,0.0,1.0,5.3149886,1.0,0.0,162.4409,8.0,0.0,0.0,0.9117824,1.0,0.0,0.0,0.0,0.0,2.0413857,7.348988,0.7090306,5.0,5.0,1.0,0.0,0.0,0.8707477,False,False,False,False,False,False,False,False,False,False,False,False,PASS
541,80,1,0.0,0.8875,0.0,1.0,10.194885,1.0,0.0,49.51113,7.4,0.0,0.0,0.68633056,1.0,0.0,0.0,0.0,0.0,0.0,0.0,1.0,1.8000001,4.34,1.0,0.0,0.0,0.7466814,False,False,False,False,False,False,False,False,True,False,False,False,PASS
542,80,1,0.0,1.0,0.0,1.0,0.8664552,1.0,0.0,2.9875832,8.0,0.0,0.0,1.0,1.0,0.0,0.0,0.0,0.0,0.0,0.0,1.0,5.0,5.0,1.0,0.0,0.0,1.0,False,False,False,False,False,False,False,False,False,False,False,False,PASS
543,26,0,0.0,1.0,0.0,1.0,0.0878241,0.0,0.0,0.091195896,2.6,1.0,1.0,1.0,1.0,0.0,0.0,0.0,0.0,0.0,0.0,1.0,2.9,4.7000003,1.0,1.0,1.0,0.0,True,True,False,False,False,False,False,False,False,False,True,True,OVERLAP
544,80,1,0.0,1.0,0.0,1.0,0.2509506,0.0,0.0,0.0,0.0,1.0,0.0,1.0,1.0,0.0,0.0,0.0,0.0,0.0,0.0,1.0,5.0,5.0,1.0,1.0,1.0,1.0,False,False,False,False,False,False,False,False,False,False,False,False,PASS
545,80,1,0.0,1.0,0.0,1.0,2.267393,1.0,0.0,93.72009,8.0,0.0,0.0,0.92266613,1.0,0.0,0.0,0.0,0.0,0.0,0.0,1.0,5.0,5.0,1.0,0.0,0.0,0.9458663,False,False,False,False,False,False,False,False,False,False,False,False,PASS
546,80,1,0.0,1.0,0.0,1.0,1.1231225,1.0,0.0,3.0872815,8.0,0.0,0.0,0.9674237,1.0,0.0,0.0,0.0,0.0,0.0,0.0,1.0,5.0,5.0,1.0,0.0,0.0,0.97719663,False,False,False,False,False,False,False,False,False,False,False,False,PASS
547,80,1,0.0,1.0,0.0,1.0,0.23941103,1.0,0.0,0.23107758,8.0,0.0,0.0,1.0,1.0,0.0,0.0,0.0,0.0,0.0,0.0,1.0,5.0,5.0,1.0,0.0,0.0,1.0,False,False,False,False,False,False,False,False,False,False,False,False,PASS
548,80,1,0.0,0.875,0.0,1.0,14.071045,0.0,0.0,135.93654,7.2,0.0,0.0,0.79929686,1.0,0.0,0.0,0.0,0.0,2.907652,10.467546,0.7843922,5.0,5.0,1.0,0.8677533,0.73073965,0.8220078,False,False,False,False,False,False,False,False,False,False,False,False,PASS
549,80,1,0.0,0.8875,0.0,1.0,11.638062,1.0,0.0,64.932274,3.2,1.5,0.0,0.81512785,1.0,0.0,0.0,0.0,0.0,2.2489834,8.09634,0.8627711,5.0,5.0,1.0,0.0,0.0,0.8368395,False,False,False,False,False,False,False,False,False,False,False,False,PASS
550,71,0,0.0,0.8309859,0.0,1.0,7.9993157,1.0,1.0,26.528652,4.5,0.5,0.0,1.0,1.0,0.0,0.0,0.0,0.0,0.0,0.0,1.0,5.0,5.0,1.0,0.0,0.0,0.0,True,False,True,False,False,False,False,False,False,False,True,True,OFFROAD
551,43,0,0.0,1.0,0.0,1.0,2.2692325,1.0,0.0,86.91177,4.3,0.5,1.0,0.4878095,1.0,0.0,0.0,0.0,0.0,2.1480923,7.733132,0.6335194,5.0,5.0,1.0,0.0,0.0,0.0,True,True,False,False,False,False,False,True,True,False,True,True,OVERLAP
552,80,1,0.0,0.8875,0.0,1.0,2.938394,1.0,0.0,48.063293,7.6,0.0,0.0,1.0,1.0,0.0,0.0,0.0,0.0,0.0,0.0,1.0,5.0,5.0,1.0,0.0,0.0,0.96625006,False,False,False,False,False,False,False,False,False,False,False,False,PASS
553,80,1,0.0,1.0,0.0,1.0,11.462952,1.0,0.0,121.47275,8.0,0.0,0.0,0.7874504,1.0,0.0,0.0,0.0,0.0,0.0,0.0,1.0,5.0,5.0,1.0,0.0,0.0,0.8512153,False,False,False,False,False,False,False,False,False,False,False,False,PASS
554,1,0,1.0,0.0,0.0,1.0,0.02745189,1.0,0.0,0.053974837,0.1,1.0,1.0,0.0012901034,0.0,0.0,0.0,0.0,0.0,0.0,0.0,1.0,5.0,5.0,1.0,0.0,0.0,0.0,True,True,False,True,False,True,False,True,True,True,True,True,OVERLAP+AT_FAULT
555,80,1,0.0,0.7625,0.0,1.0,5.9798903,1.0,0.0,70.52777,8.0,0.0,0.0,1.0,1.0,0.0,0.0,0.0,0.0,0.0,0.0,1.0,5.0,5.0,1.0,0.0,0.0,0.92875004,False,False,False,False,False,False,False,False,False,False,False,False,PASS
556,80,1,0.0,0.725,0.0,1.0,12.8496275,1.0,0.0,148.79126,7.800000000000001,0.0,0.0,0.8112945,1.0,0.0,0.0,0.0,0.0,3.3015747,11.885669,0.7252428,5.0,5.0,1.0,0.0,0.0,0.7854062,False,False,False,False,False,False,False,False,False,False,False,False,PASS
557,80,1,0.0,1.0,0.0,1.0,3.1162174,1.0,0.0,0.0,0.0,1.0,0.0,1.0,1.0,0.0,0.0,0.0,0.0,0.0,0.0,1.0,5.0,5.0,1.0,0.0,0.0,1.0,False,False,False,False,False,False,False,False,False,False,False,False,PASS
558,80,1,0.0,0.8875,0.0,1.0,7.336876,1.0,0.0,39.284676,5.5,0.5,0.0,0.7280499,1.0,0.0,0.0,0.0,0.0,0.0,0.0,1.0,0.2,4.6025,0.0,0.0,0.0,0.7758849,False,False,False,False,False,False,False,False,False,False,False,False,PASS
559,80,1,0.0,1.0,0.0,1.0,0.13124917,1.0,0.0,0.12252069,8.0,0.0,0.0,1.0,1.0,0.0,0.0,0.0,0.0,0.0,0.0,1.0,5.0,5.0,1.0,0.0,0.0,1.0,False,False,False,False,False,False,False,False,False,False,False,False,PASS
560,80,1,0.0,0.8625,0.0,1.0,16.039505,1.0,0.0,168.57593,8.0,0.0,0.0,0.93753487,1.0,0.0,0.0,0.0,0.0,1.8556385,6.6802983,0.5624647,5.0,5.0,1.0,0.0,0.0,0.9150244,False,False,False,False,False,False,False,False,False,False,False,False,PASS
561,80,1,0.0,0.7625,0.0,1.0,16.848417,1.0,0.0,112.3892,7.6,0.0,0.0,0.7252584,1.0,0.0,0.0,0.0,0.0,0.5276413,1.8995086,0.9950464,3.8,4.92,1.0,0.0,0.0,0.7364309,False,False,False,False,False,False,False,False,False,False,False,False,PASS
562,80,1,0.0,1.0,0.0,1.0,0.8374788,1.0,0.0,6.379259,8.0,0.0,0.0,0.99999994,1.0,0.0,0.0,0.0,0.0,0.0,0.0,1.0,5.0,5.0,1.0,0.0,0.0,1.0,False,False,False,False,False,False,False,False,False,False,False,False,PASS
563,58,0,0.0,0.7413793,0.0,1.0,8.506834,0.0,0.0,74.79468,3.8,0.5,1.0,0.6112997,1.0,0.0,0.0,0.0,0.0,1.7174892,6.182961,0.8905082,0.0,4.913793,0.0,0.5063306,0.50533104,0.0,True,True,False,False,False,False,False,False,True,False,True,True,OVERLAP
564,80,1,0.0,1.0,0.0,1.0,0.0510464,1.0,0.0,0.0,0.0,1.0,0.0,1.0,1.0,0.0,0.0,0.0,0.0,0.0,0.0,1.0,5.0,5.0,1.0,0.0,0.0,1.0,False,False,False,False,False,False,False,False,False,False,False,False,PASS
565,80,1,0.0,0.7875,0.0,1.0,15.043622,0.0,0.0,70.04326,8.0,0.0,0.0,0.63865197,1.0,0.0,0.0,0.0,0.0,0.0,0.0,1.0,4.0,4.9387503,1.0,0.86051625,0.72464526,0.6833064,False,False,False,False,False,False,False,False,True,False,False,False,PASS
566,80,1,0.0,0.75,0.0,1.0,19.513212,1.0,0.0,149.91843,7.6,0.0,0.0,0.8620626,1.0,0.0,0.0,0.0,0.0,1.8279171,6.5805016,0.86542904,5.0,5.0,1.0,0.0,0.0,0.8284438,False,False,False,False,False,False,False,False,False,False,False,False,PASS
567,80,1,0.0,0.725,0.0,1.0,4.8166757,1.0,0.0,125.193054,8.0,0.0,0.0,0.9082937,1.0,0.0,0.0,0.0,0.0,0.0,0.0,1.0,5.0,5.0,1.0,0.0,0.0,0.85330564,False,False,False,False,False,False,False,False,False,False,False,False,PASS
568,80,1,0.0,1.0,0.0,1.0,7.6114182,1.0,0.0,167.12567,8.0,0.0,0.0,0.8752355,1.0,0.0,0.0,0.0,0.0,3.8375149,13.815053,0.44445473,5.0,5.0,1.0,0.0,0.0,0.91266483,False,False,False,False,False,False,False,False,False,False,False,False,PASS
569,44,0,0.0,0.6818182,0.0,1.0,4.3462095,1.0,0.0,84.47855,4.4,0.5,1.0,0.49690765,1.0,0.0,0.0,0.0,0.0,1.3761349,4.9540854,0.9417718,5.0,5.0,1.0,0.0,0.0,0.0,True,True,False,False,False,False,False,True,True,False,True,True,OVERLAP
570,80,1,0.0,0.8875,0.0,1.0,6.643866,1.0,0.0,105.93104,7.800000000000001,0.0,0.0,0.87142175,1.0,0.0,0.0,0.0,0.0,0.0,0.0,1.0,3.8,4.9199996,1.0,0.0,0.0,0.8762452,False,False,False,False,False,False,False,False,False,False,False,False,PASS
571,80,1,0.0,0.8125,0.0,1.0,10.256269,1.0,0.0,92.99725,8.0,0.0,0.0,0.99999994,1.0,0.0,0.0,0.0,0.0,0.95429516,3.4354625,0.751922,2.2,4.4375,1.0,0.0,0.0,0.94375,False,False,False,False,False,False,False,False,False,False,False,False,PASS
572,80,1,0.0,0.8875,0.0,1.0,6.458816,1.0,0.0,59.495327,7.2,0.0,0.0,0.8038582,1.0,0.0,0.0,0.0,0.0,0.0,0.0,1.0,5.0,5.0,1.0,0.0,0.0,0.8289507,False,False,False,False,False,False,False,False,False,False,False,False,PASS
573,80,1,0.0,0.8875,0.0,1.0,9.552086,1.0,0.0,34.00803,4.2,0.5,0.0,0.73264915,1.0,0.0,0.0,0.0,0.0,0.0,0.0,1.0,5.0,5.0,1.0,0.0,0.0,0.7791044,False,False,False,False,False,False,False,False,False,False,False,False,PASS
574,80,1,0.0,0.8875,0.0,1.0,5.91274,1.0,0.0,57.12796,8.0,0.0,0.0,0.86095726,1.0,0.0,0.0,0.0,0.0,0.0,0.0,1.0,5.0,5.0,1.0,0.0,0.0,0.86892015,False,False,False,False,False,False,False,False,False,False,False,False,PASS
575,80,1,0.0,1.0,0.0,1.0,9.196701,1.0,0.0,72.123505,8.0,0.0,0.0,0.78580064,1.0,0.0,0.0,0.0,0.0,0.0,0.0,1.0,5.0,5.0,1.0,0.0,0.0,0.85006046,False,False,False,False,False,False,False,False,False,False,False,False,PASS
576,80,1,0.0,0.8875,0.0,1.0,11.456455,1.0,0.0,89.4288,8.0,0.0,0.0,0.7433871,1.0,0.0,0.0,0.0,0.0,0.0,0.0,1.0,5.0,5.0,1.0,0.0,0.0,0.786621,False,False,False,False,False,False,False,False,False,False,False,False,PASS
577,80,1,0.0,1.0,0.0,1.0,0.1744948,1.0,0.0,0.1694561,8.0,0.0,0.0,1.0,1.0,0.0,0.0,0.0,0.0,0.0,0.0,1.0,5.0,5.0,1.0,0.0,0.0,1.0,False,False,False,False,False,False,False,False,False,False,False,False,PASS
578,80,1,0.0,0.6,0.0,1.0,18.364588,1.0,0.0,171.03018,8.0,0.0,0.0,0.8763847,1.0,0.0,0.0,0.0,0.0,3.2798882,11.807597,0.42347586,1.2,4.68375,1.0,0.0,0.0,0.7934693,False,False,False,False,False,False,False,False,False,False,False,False,PASS
579,80,1,0.0,1.0,0.0,1.0,2.3115091,0.0,0.0,14.915345,6.9,0.0,0.0,1.0,1.0,0.0,0.0,0.0,0.0,0.0,0.0,1.0,5.0,5.0,1.0,1.0,0.84210527,1.0,False,False,False,False,False,False,False,False,False,False,False,False,PASS
580,80,1,0.0,1.0,0.0,1.0,0.10754464,1.0,0.0,0.514936,8.0,0.0,0.0,1.0,1.0,0.0,0.0,0.0,0.0,0.0,0.0,1.0,5.0,5.0,1.0,0.0,0.0,1.0,False,False,False,False,False,False,False,False,False,False,False,False,PASS
581,80,1,0.0,1.0,0.0,1.0,0.58059007,1.0,0.0,0.5650122,8.0,0.0,0.0,1.0,1.0,0.0,0.0,0.0,0.0,0.0,0.0,1.0,5.0,5.0,1.0,0.0,0.0,1.0,False,False,False,False,False,False,False,False,False,False,False,False,PASS
582,80,1,0.0,0.8875,0.0,1.0,10.116602,1.0,0.0,146.96797,8.0,0.0,0.0,0.8476103,1.0,0.0,0.0,0.0,0.0,1.0366821,3.7320557,0.9463352,5.0,5.0,1.0,0.0,0.0,0.8595772,False,False,False,False,False,False,False,False,False,False,False,False,PASS
583,80,1,0.0,0.8875,0.0,1.0,11.152207,0.0,0.0,36.756832,2.3000000000000003,1.0,0.0,0.82432646,1.0,0.0,0.0,0.0,0.0,1.9029827,6.8507376,0.88455147,5.0,5.0,1.0,0.90217733,0.91762304,0.8432785,False,False,False,False,False,False,False,False,False,False,False,False,PASS
584,80,1,0.0,0.925,0.0,1.0,3.22255,0.0,0.0,8.902166,1.3,1.0,0.0,0.9909077,1.0,0.0,0.0,0.0,0.0,0.0,0.0,1.0,1.6,4.18375,1.0,0.9877837,0.9897126,0.97113544,False,False,False,False,False,False,False,False,False,False,False,False,PASS
585,1,0,1.0,1.0,0.0,1.0,0.012276986,1.0,0.0,0.024029993,0.1,1.0,1.0,1.0,1.0,0.0,0.0,0.0,0.0,0.0,0.0,1.0,5.0,5.0,1.0,0.0,0.0,0.0,True,True,False,True,False,True,False,False,False,False,True,True,OVERLAP+AT_FAULT
586,80,1,0.0,0.8875,0.0,1.0,4.439188,1.0,0.0,16.20607,2.6,1.0,0.0,0.85503584,1.0,0.0,0.0,0.0,0.0,0.0,0.0,1.0,5.0,5.0,1.0,0.0,0.0,0.8647751,False,False,False,False,False,False,False,False,False,False,False,False,PASS
587,80,1,0.0,0.7375,0.0,1.0,4.432165,1.0,0.0,110.10745,8.0,0.0,0.0,0.88567954,1.0,0.0,0.0,0.0,0.0,0.0,0.0,1.0,5.0,5.0,1.0,0.0,0.0,0.8412256,False,False,False,False,False,False,False,False,False,False,False,False,PASS
588,80,1,0.0,1.0,0.0,1.0,0.10461783,1.0,0.0,0.11589282,8.0,0.0,0.0,1.0,1.0,0.0,0.0,0.0,0.0,0.0,0.0,1.0,5.0,5.0,1.0,0.0,0.0,1.0,False,False,False,False,False,False,False,False,False,False,False,False,PASS
589,80,1,0.0,1.0,0.0,1.0,0.004918805,0.0,0.0,0.0,0.0,1.0,0.0,1.0,1.0,0.0,0.0,0.0,0.0,0.0,0.0,1.0,5.0,5.0,1.0,1.0,1.0,1.0,False,False,False,False,False,False,False,False,False,False,False,False,PASS
590,80,1,0.0,0.96250004,0.0,1.0,5.0469317,1.0,0.0,168.08557,8.0,0.0,0.0,0.92658937,1.0,0.0,0.0,0.0,0.0,2.5896683,9.322805,0.58159447,5.0,5.0,1.0,0.0,0.0,0.9373626,False,False,False,False,False,False,False,False,False,False,False,False,PASS
591,80,1,0.0,0.925,11.609476,0.0,12.073626,1.0,0.0,62.629944,8.0,0.0,0.0,0.6648213,1.0,0.0,0.0,0.0,0.0,0.0,0.0,1.0,3.4,4.92625,1.0,0.0,0.0,0.742875,False,False,False,False,False,False,False,False,True,False,False,False,PASS
592,80,1,0.0,0.8875,0.0,1.0,7.338437,0.0,0.0,59.48889,3.9,0.5,0.0,0.8503573,1.0,0.0,0.0,0.0,0.0,0.0,0.0,1.0,5.0,5.0,1.0,0.9391741,0.8698309,0.8615002,False,False,False,False,False,False,False,False,False,False,False,False,PASS
593,80,1,0.0,1.0,0.0,1.0,9.102113,0.0,0.0,85.687805,8.0,0.0,0.0,0.8239487,1.0,0.0,0.0,0.0,0.0,0.0,0.0,1.0,5.0,5.0,1.0,0.94498396,0.79577595,0.8767641,False,False,False,False,False,False,False,False,False,False,False,False,PASS
594,80,1,0.0,0.8125,0.0,1.0,4.2502375,1.0,0.0,121.93436,6.4,0.0,0.0,1.0,1.0,0.0,0.0,0.0,0.0,4.134161,14.882979,0.4362836,5.0,5.0,1.0,0.0,0.0,0.94375,False,False,False,False,False,False,False,False,False,False,False,False,PASS
595,80,1,0.0,1.0,0.0,1.0,0.16737302,0.0,0.0,0.0,0.0,1.0,0.0,1.0,1.0,0.0,0.0,0.0,0.0,0.0,0.0,1.0,5.0,5.0,1.0,1.0,1.0,1.0,False,False,False,False,False,False,False,False,False,False,False,False,PASS
596,80,1,0.0,0.75,0.0,1.0,7.8803964,1.0,0.0,146.74316,8.0,0.0,0.0,0.8625295,1.0,0.0,0.0,0.0,0.0,1.4733925,5.304213,0.8864124,5.0,5.0,1.0,0.0,0.0,0.82877064,False,False,False,False,False,False,False,False,False,False,False,False,PASS
597,80,1,0.0,0.925,0.0,1.0,2.2385204,1.0,0.0,7.558585,7.5,0.0,0.0,0.9946322,1.0,0.0,0.0,0.0,0.0,0.0,0.0,1.0,3.6000001,4.7087502,1.0,0.0,0.0,0.9737425,False,False,False,False,False,False,False,False,False,False,False,False,PASS
598,80,1,0.0,0.8875,0.0,1.0,11.089116,1.0,0.0,133.72049,8.0,0.0,0.0,0.8340073,1.0,0.0,0.0,0.0,0.0,0.0,0.0,1.0,5.0,5.0,1.0,0.0,0.0,0.85005516,False,False,False,False,False,False,False,False,False,False,False,False,PASS
599,80,1,0.0,1.0,0.0,1.0,2.486599,0.0,0.0,6.0482473,8.0,0.0,0.0,1.0,1.0,0.0,0.0,0.0,0.0,0.0,0.0,1.0,5.0,5.0,1.0,1.0,0.84210527,1.0,False,False,False,False,False,False,False,False,False,False,False,False,PASS
600,80,1,0.0,0.9125,0.0,1.0,24.662195,0.0,0.0,26.471577,3.1,1.5,0.0,0.6013286,1.0,0.0,0.0,0.0,0.0,0.0,0.0,1.0,5.0,5.0,1.0,0.8644777,0.96482337,0.69468004,False,False,False,False,False,False,False,False,True,False,False,False,PASS
601,80,1,0.0,0.8,0.0,1.0,7.438629,0.0,0.0,147.21469,8.0,0.0,0.0,0.8747807,1.0,0.0,0.0,0.0,0.0,0.95653725,3.443534,0.9417967,5.0,5.0,1.0,0.9213182,0.7758469,0.85234654,False,False,False,False,False,False,False,False,False,False,False,False,PASS
602,80,1,0.0,0.875,0.0,1.0,7.8938446,1.0,0.0,7.985049,6.0,0.0,0.0,0.9947822,1.0,0.0,0.0,0.0,0.0,0.0,0.0,1.0,5.0,5.0,1.0,0.0,0.0,0.9588475,False,False,False,False,False,False,False,False,False,False,False,False,PASS
603,80,1,0.0,0.925,0.0,1.0,1.0494512,1.0,0.0,42.073,5.4,0.5,0.0,0.9638283,1.0,0.0,0.0,0.0,0.0,0.0,0.0,1.0,4.0,4.9675,1.0,0.0,0.0,0.9521799,False,False,False,False,False,False,False,False,False,False,False,False,PASS
604,80,1,0.0,0.8875,0.0,1.0,8.948462,1.0,0.0,136.10359,6.800000000000001,0.0,0.0,0.89056057,1.0,0.0,0.0,0.0,0.0,2.0037308,7.2134304,0.8540852,5.0,5.0,1.0,0.0,0.0,0.88964236,False,False,False,False,False,False,False,False,False,False,False,False,PASS
605,80,1,0.0,1.0,0.0,1.0,0.08513961,1.0,0.0,0.21606457,8.0,0.0,0.0,0.1883693,0.0,0.0,0.0,0.0,0.0,0.0,0.0,1.0,5.0,5.0,1.0,0.0,0.0,0.43185854,False,False,False,False,False,False,False,True,True,False,True,False,LOW_PROGRESS
606,80,1,0.0,0.8875,0.0,1.0,8.418632,1.0,0.0,140.16864,7.0,0.0,0.0,0.8885259,1.0,0.0,0.0,0.0,0.0,2.884901,10.385644,0.78869164,5.0,5.0,1.0,0.0,0.0,0.8882181,False,False,False,False,False,False,False,False,False,False,False,False,PASS
607,80,1,0.0,0.7875,0.0,1.0,8.116187,0.0,0.0,111.126785,8.0,0.0,0.0,0.85243183,1.0,0.0,0.0,0.0,0.0,0.0,0.0,1.0,5.0,5.0,1.0,0.92732245,0.7809031,0.8329523,False,False,False,False,False,False,False,False,False,False,False,False,PASS
608,80,1,0.0,1.0,0.0,1.0,13.260755,1.0,0.0,0.0,0.0,1.0,0.0,0.6502822,1.0,0.0,0.0,0.0,0.0,0.0,0.0,1.0,5.0,5.0,1.0,0.0,0.0,0.7551975,False,False,False,False,False,False,False,False,True,False,False,False,PASS
609,80,1,0.0,1.0,0.0,1.0,9.976711,1.0,0.0,125.936264,8.0,0.0,0.0,0.81270534,1.0,0.0,0.0,0.0,0.0,0.0,0.0,1.0,5.0,5.0,1.0,0.0,0.0,0.86889374,False,False,False,False,False,False,False,False,False,False,False,False,PASS
610,80,1,0.0,1.0,0.0,1.0,0.043662075,0.0,0.0,0.040347524,8.0,0.0,0.0,1.0,1.0,0.0,0.0,0.0,0.0,0.0,0.0,1.0,5.0,5.0,1.0,1.0,0.84210527,1.0,False,False,False,False,False,False,False,False,False,False,False,False,PASS
611,80,1,0.0,1.0,0.0,1.0,0.65370554,1.0,0.0,1.6189542,8.0,0.0,0.0,1.0,1.0,0.0,0.0,0.0,0.0,0.0,0.0,1.0,5.0,5.0,1.0,0.0,0.0,1.0,False,False,False,False,False,False,False,False,False,False,False,False,PASS
612,55,0,1.0,0.5272727,0.0,1.0,9.841353,1.0,0.0,59.82135,5.5,0.5,1.0,1.0,1.0,0.0,0.0,0.0,0.0,0.56412506,2.0308502,0.91026527,0.0,4.6654544,0.0,0.0,0.0,0.0,True,True,False,True,False,True,False,False,False,False,True,True,OVERLAP+AT_FAULT
613,80,1,0.0,0.8875,0.0,1.0,11.670806,0.0,0.0,2.2222447,0.1,1.0,0.0,0.82544523,1.0,0.0,0.0,0.0,0.0,3.2514553,11.705238,0.70857775,5.0,5.0,1.0,0.8585335,0.88087034,0.8440617,False,False,False,False,False,False,False,False,False,False,False,False,PASS
614,1,0,1.0,1.0,0.0,1.0,0.005004601,1.0,0.0,0.009304575,0.1,1.0,1.0,1.0,1.0,0.0,0.0,0.0,0.0,0.0,0.0,1.0,5.0,5.0,1.0,0.0,0.0,0.0,True,True,False,True,False,True,False,False,False,False,True,True,OVERLAP+AT_FAULT
615,80,1,0.0,1.0,0.0,1.0,2.4980981,1.0,0.0,29.988876,5.0,0.5,0.0,1.0,1.0,0.0,0.0,0.0,0.0,0.0,0.0,1.0,5.0,5.0,1.0,0.0,0.0,1.0,False,False,False,False,False,False,False,False,False,False,False,False,PASS
616,80,1,0.0,1.0,0.0,1.0,2.0205622,1.0,0.0,69.82326,6.6000000000000005,0.0,0.0,0.97242594,1.0,0.0,0.0,0.0,0.0,0.0,0.0,1.0,5.0,5.0,1.0,0.0,0.0,0.9806982,False,False,False,False,False,False,False,False,False,False,False,False,PASS
617,80,1,0.0,0.8875,0.0,1.0,10.367638,1.0,0.0,98.459724,8.0,0.0,0.0,0.7852667,1.0,0.0,0.0,0.0,0.0,0.0,0.0,1.0,3.0,4.93125,1.0,0.0,0.0,0.8159367,False,False,False,False,False,False,False,False,False,False,False,False,PASS
618,80,1,0.0,1.0,0.0,1.0,0.25816977,1.0,0.0,0.24974072,8.0,0.0,0.0,1.0,1.0,0.0,0.0,0.0,0.0,0.0,0.0,1.0,2.0,4.66625,1.0,0.0,0.0,1.0,False,False,False,False,False,False,False,False,False,False,False,False,PASS
619,80,1,0.0,1.0,0.0,1.0,5.8704987,1.0,0.0,35.598793,5.6000000000000005,0.5,0.0,1.0,1.0,0.0,0.0,0.0,0.0,0.0,0.0,1.0,2.1000001,4.6175,1.0,0.0,0.0,1.0,False,False,False,False,False,False,False,False,False,False,False,False,PASS
620,80,1,0.0,1.0,0.0,1.0,0.08528636,1.0,0.0,0.4465685,8.0,0.0,0.0,1.0,1.0,0.0,0.0,0.0,0.0,0.0,0.0,1.0,5.0,5.0,1.0,0.0,0.0,1.0,False,False,False,False,False,False,False,False,False,False,False,False,PASS
621,80,1,0.0,1.0,0.0,1.0,4.951755,1.0,0.0,45.14373,6.300000000000001,0.0,0.0,0.851024,1.0,0.0,0.0,0.0,0.0,0.0,0.0,1.0,4.6,4.9900002,1.0,0.0,0.0,0.8957168,False,False,False,False,False,False,False,False,False,False,False,False,PASS
622,80,1,0.0,0.8875,0.0,1.0,12.443633,1.0,0.0,121.959175,6.1000000000000005,0.0,0.0,0.81256366,1.0,0.0,0.0,0.0,0.0,3.2521152,11.707615,0.72184455,5.0,5.0,1.0,0.0,0.0,0.8350445,False,False,False,False,False,False,False,False,False,False,False,False,PASS
623,80,1,0.0,0.71250004,0.0,1.0,7.0544,0.0,0.0,20.770338,2.9000000000000004,1.0,0.0,1.0,1.0,0.0,0.0,0.0,0.0,0.0,0.0,1.0,3.3,4.96875,1.0,0.9640625,0.9697368,0.91375,False,False,False,False,False,False,False,False,False,False,False,False,PASS
624,80,1,0.0,0.8125,0.0,1.0,6.173487,0.0,0.0,79.79428,7.0,0.0,0.0,0.8693407,1.0,0.0,0.0,0.0,0.0,0.0,0.0,1.0,5.0,5.0,1.0,0.9357315,0.78798443,0.8522884,False,False,False,False,False,False,False,False,False,False,False,False,PASS
625,80,1,0.0,0.8875,0.0,1.0,9.827637,1.0,0.0,107.08222,8.0,0.0,0.0,0.80554724,1.0,0.0,0.0,0.0,0.0,0.0,0.0,1.0,5.0,5.0,1.0,0.0,0.0,0.8301331,False,False,False,False,False,False,False,False,False,False,False,False,PASS
626,80,1,0.0,0.875,0.0,1.0,11.858066,0.0,0.0,135.29552,7.5,0.0,0.0,0.8130354,1.0,0.0,0.0,0.0,0.0,1.98382,7.141752,0.8967783,5.0,5.0,1.0,0.90014315,0.7580153,0.8316248,False,False,False,False,False,False,False,False,False,False,False,False,PASS
627,80,1,0.0,0.925,0.0,1.0,6.989432,0.0,0.0,122.645454,6.9,0.0,0.0,0.8582051,1.0,0.0,0.0,0.0,0.0,1.9078865,6.868391,0.91507334,5.0,5.0,1.0,0.92508245,0.7790168,0.8782436,False,False,False,False,False,False,False,False,False,False,False,False,PASS
628,80,1,0.0,0.6875,0.0,1.0,9.677898,1.0,0.0,71.7182,8.0,0.0,0.0,0.7437044,1.0,0.0,0.0,0.0,0.0,0.0,0.0,1.0,5.0,5.0,1.0,0.0,0.0,0.72684306,False,False,False,False,False,False,False,False,False,False,False,False,PASS
629,80,1,0.0,0.65000004,0.0,1.0,9.931847,1.0,0.0,56.926697,5.9,0.0,0.0,0.99999994,1.0,0.0,0.0,0.0,0.0,0.0,0.0,1.0,5.0,5.0,1.0,0.0,0.0,0.895,False,False,False,False,False,False,False,False,False,False,False,False,PASS
630,80,1,0.0,0.875,0.0,1.0,11.696582,0.0,0.0,56.55139,2.6,1.0,0.0,0.824907,1.0,0.0,0.0,0.0,0.0,3.2072124,11.545964,0.71892196,5.0,5.0,1.0,0.8593889,0.8815906,0.83993495,False,False,False,False,False,False,False,False,False,False,False,False,PASS
631,80,1,0.0,1.0,0.0,1.0,4.861985,1.0,0.0,0.66870147,0.3,1.0,0.0,1.0,1.0,0.0,0.0,0.0,0.0,0.0,0.0,1.0,5.0,5.0,1.0,0.0,0.0,1.0,False,False,False,False,False,False,False,False,False,False,False,False,PASS
632,80,1,0.0,0.875,0.0,1.0,17.384062,0.0,0.0,180.76936,8.0,0.0,0.0,0.96209514,1.0,0.0,0.0,0.0,0.0,2.7941551,10.058958,0.0,5.0,5.0,1.0,0.72252977,0.6084461,0.9359666,False,False,False,False,False,False,False,False,False,False,False,False,PASS
633,80,1,0.0,0.8875,0.0,1.0,1.2996738,1.0,0.0,84.343346,8.0,0.0,0.0,1.0,1.0,0.0,0.0,0.0,0.0,0.0,0.0,1.0,5.0,5.0,1.0,0.0,0.0,0.96625006,False,False,False,False,False,False,False,False,False,False,False,False,PASS
634,80,1,0.0,0.8875,0.0,1.0,10.444038,0.0,0.0,129.52795,8.0,0.0,0.0,0.8249773,1.0,0.0,0.0,0.0,0.0,0.0,0.0,1.0,5.0,5.0,1.0,0.9312429,0.78420454,0.8437341,False,False,False,False,False,False,False,False,False,False,False,False,PASS
635,80,1,0.0,0.8875,0.0,1.0,4.6869073,1.0,0.0,65.13605,7.9,0.0,0.0,1.0,1.0,0.0,0.0,0.0,0.0,0.0,0.0,1.0,5.0,5.0,1.0,0.0,0.0,0.96625006,False,False,False,False,False,False,False,False,False,False,False,False,PASS
636,80,1,0.0,0.7375,0.0,1.0,9.72629,1.0,0.0,156.8162,8.0,0.0,0.0,0.91320556,1.0,0.0,0.0,0.0,0.0,1.8035679,6.492844,0.7645345,5.0,5.0,1.0,0.0,0.0,0.86049384,False,False,False,False,False,False,False,False,False,False,False,False,PASS
637,80,1,0.0,1.0,0.0,1.0,4.3164625,0.0,0.0,15.254664,8.0,0.0,0.0,0.99999994,1.0,0.0,0.0,0.0,0.0,0.0,0.0,1.0,5.0,5.0,1.0,1.0,0.84210527,1.0,False,False,False,False,False,False,False,False,False,False,False,False,PASS
638,80,1,0.0,0.7375,0.0,1.0,4.387497,1.0,0.0,147.16867,8.0,0.0,0.0,0.9104321,1.0,0.0,0.0,0.0,0.0,2.0099182,7.2357054,0.91024375,5.0,5.0,1.0,0.0,0.0,0.8585526,False,False,False,False,False,False,False,False,False,False,False,False,PASS
639,80,1,0.0,0.8,0.0,1.0,9.688144,0.0,0.0,140.49568,6.800000000000001,0.0,0.0,0.85011345,1.0,0.0,0.0,0.0,0.0,3.486475,12.55131,0.57371646,5.0,5.0,1.0,0.8215896,0.6918649,0.8350794,False,False,False,False,False,False,False,False,False,False,False,False,PASS
640,80,1,0.0,0.8,0.0,1.0,5.2142305,1.0,0.0,55.01422,8.0,0.0,0.0,0.8929306,1.0,0.0,0.0,0.0,0.0,0.0,0.0,1.0,4.7000003,4.9775004,1.0,0.0,0.0,0.86505145,False,False,False,False,False,False,False,False,False,False,False,False,PASS
641,80,1,0.0,0.875,0.0,1.0,6.964699,0.0,0.0,85.4779,5.9,0.0,0.0,0.8673377,1.0,0.0,0.0,0.0,0.0,0.0,0.0,1.0,5.0,5.0,1.0,0.94291806,0.79403627,0.86963636,False,False,False,False,False,False,False,False,False,False,False,False,PASS
642,80,1,0.0,0.8625,0.0,1.0,13.844075,0.0,0.0,115.32092,7.7,0.0,0.0,0.7748115,1.0,0.0,0.0,0.0,0.0,0.0,0.0,1.0,5.0,5.0,1.0,0.91244113,0.76837146,0.8011181,False,False,False,False,False,False,False,False,False,False,False,False,PASS
643,72,0,0.0,0.8333333,0.0,1.0,2.3018627,1.0,1.0,22.41567,7.2,0.0,0.0,1.0,1.0,0.0,0.0,0.0,0.0,0.0,0.0,1.0,5.0,5.0,1.0,0.0,0.0,0.0,True,False,True,False,False,False,False,False,False,False,True,True,OFFROAD
644,1,0,1.0,1.0,0.0,1.0,0.013981781,1.0,0.0,0.027352551,0.1,1.0,1.0,1.0,1.0,0.0,0.0,0.0,0.0,0.0,0.0,1.0,5.0,5.0,1.0,0.0,0.0,0.0,True,True,False,True,False,True,False,False,False,False,True,True,OVERLAP+AT_FAULT
645,80,1,0.0,0.925,0.0,1.0,0.7071786,1.0,0.0,47.639153,2.6,1.0,0.0,1.0,1.0,0.0,0.0,0.0,0.0,0.0,0.0,1.0,5.0,5.0,1.0,0.0,0.0,0.97749996,False,False,False,False,False,False,False,False,False,False,False,False,PASS
646,80,1,0.0,0.8875,0.0,1.0,15.078194,1.0,0.0,68.40321,8.0,0.0,0.0,0.63442194,1.0,0.0,0.0,0.0,0.0,0.0,0.0,1.0,5.0,5.0,1.0,0.0,0.0,0.7103454,False,False,False,False,False,False,False,False,True,False,False,False,PASS
647,80,1,0.0,0.8875,0.0,1.0,10.726559,1.0,0.0,69.481705,8.0,0.0,0.0,0.7067619,1.0,0.0,0.0,0.0,0.0,0.0,0.0,1.0,3.5,4.9637504,1.0,0.0,0.0,0.76098335,False,False,False,False,False,False,False,False,False,False,False,False,PASS
648,80,1,0.0,0.8875,0.0,1.0,9.375309,0.0,0.0,13.51087,1.2000000000000002,1.0,0.0,0.7732467,1.0,0.0,0.0,0.0,0.0,0.0,0.0,1.0,1.8000001,4.8775,1.0,0.9150771,0.928486,0.8075227,False,False,False,False,False,False,False,False,False,False,False,False,PASS
649,80,1,0.0,0.925,0.0,1.0,10.0669,1.0,0.0,55.487194,6.300000000000001,0.0,0.0,0.99999994,1.0,0.0,0.0,0.0,0.0,0.0,0.0,1.0,5.0,5.0,1.0,0.0,0.0,0.97749996,False,False,False,False,False,False,False,False,False,False,False,False,PASS
650,80,1,0.0,0.925,0.0,1.0,10.983243,1.0,0.0,62.4235,7.4,0.0,0.0,0.72625047,1.0,0.0,0.0,0.0,0.0,0.0,0.0,1.0,5.0,5.0,1.0,0.0,0.0,0.7858753,False,False,False,False,False,False,False,False,False,False,False,False,PASS
651,80,1,0.0,1.0,0.0,1.0,0.3366383,1.0,0.0,0.31448328,8.0,0.0,0.0,1.0,1.0,0.0,0.0,0.0,0.0,0.0,0.0,1.0,5.0,5.0,1.0,0.0,0.0,1.0,False,False,False,False,False,False,False,False,False,False,False,False,PASS
652,80,1,0.0,0.8875,0.0,1.0,3.3916206,0.0,0.0,47.716663,7.0,0.0,0.0,0.86675286,1.0,0.0,0.0,0.0,0.0,0.0,0.0,1.0,4.6,4.975,1.0,0.94429773,0.7951981,0.8729771,False,False,False,False,False,False,False,False,False,False,False,False,PASS
653,80,1,0.0,0.83750004,0.0,1.0,15.222071,0.0,0.0,178.64365,8.0,0.0,0.0,0.91154724,1.0,0.0,0.0,0.0,0.0,3.1517677,11.346363,0.0,5.0,5.0,1.0,0.70204604,0.59119666,0.88933307,False,False,False,False,False,False,False,False,False,False,False,False,PASS
654,29,0,0.0,1.0,0.0,1.0,0.055416353,1.0,0.0,0.04354951,2.9000000000000004,1.0,1.0,1.0,1.0,0.0,0.0,0.0,0.0,0.0,0.0,1.0,5.0,5.0,1.0,0.0,0.0,0.0,True,True,False,False,False,False,False,False,False,False,True,True,OVERLAP
655,80,1,0.0,0.6125,0.0,1.0,14.130518,1.0,0.0,141.19763,8.0,0.0,0.0,0.80996597,1.0,0.0,0.0,0.0,0.0,0.73802567,2.6568923,0.9912532,5.0,5.0,1.0,0.0,0.0,0.75072616,False,False,False,False,False,False,False,False,False,False,False,False,PASS
656,80,1,0.0,1.0,0.0,1.0,0.18875931,0.0,0.0,0.18399534,8.0,0.0,0.0,1.0,1.0,0.0,0.0,0.0,0.0,0.0,0.0,1.0,5.0,5.0,1.0,1.0,0.84210527,1.0,False,False,False,False,False,False,False,False,False,False,False,False,PASS
657,80,1,0.0,0.5,0.0,1.0,20.813538,1.0,0.0,92.98114,8.0,0.0,0.0,1.0,1.0,0.0,0.0,0.0,0.0,2.0926867,7.533672,0.6049962,1.9,4.20625,1.0,0.0,0.0,0.85,False,False,False,False,False,False,False,False,False,False,False,False,PASS
658,80,1,0.0,1.0,0.0,1.0,0.25902152,0.0,0.0,0.0,0.0,1.0,0.0,1.0,1.0,0.0,0.0,0.0,0.0,0.0,0.0,1.0,5.0,5.0,1.0,1.0,1.0,1.0,False,False,False,False,False,False,False,False,False,False,False,False,PASS
659,80,1,0.0,0.9875,0.64509934,1.0,1.1848953,0.0,0.0,8.251667,1.2000000000000002,1.0,0.0,0.9709364,1.0,0.0,0.0,0.0,0.0,0.0,0.0,1.0,5.0,5.0,1.0,0.98935515,0.991036,0.97590554,False,False,False,False,False,False,False,False,False,False,False,False,PASS
660,80,1,0.0,0.8625,0.0,1.0,9.416354,1.0,0.0,161.25342,8.0,0.0,0.0,0.88845557,1.0,0.0,0.0,0.0,0.0,2.534811,9.1253195,0.7387731,5.0,5.0,1.0,0.0,0.0,0.88066894,False,False,False,False,False,False,False,False,False,False,False,False,PASS
661,80,1,0.0,1.0,0.0,1.0,12.991533,1.0,0.0,10.601856,0.9,1.0,0.0,0.6754343,1.0,0.0,0.0,0.0,0.0,0.0,0.0,1.0,4.6,4.9737506,1.0,0.0,0.0,0.772804,False,False,False,False,False,False,False,False,True,False,False,False,PASS
662,80,1,0.0,1.0,0.0,1.0,2.524985,1.0,0.0,58.428585,6.300000000000001,0.0,0.0,0.9698217,1.0,0.0,0.0,0.0,0.0,0.0,0.0,1.0,5.0,5.0,1.0,0.0,0.0,0.97887516,False,False,False,False,False,False,False,False,False,False,False,False,PASS
663,80,1,0.0,0.75,0.0,1.0,20.551329,1.0,0.0,121.110825,7.6,0.0,0.0,0.7200805,1.0,0.0,0.0,0.0,0.0,2.0307522,7.3107076,0.9538845,5.0,5.0,1.0,0.0,0.0,0.72905636,False,False,False,False,False,False,False,False,False,False,False,False,PASS
664,80,1,0.0,0.8875,0.0,1.0,15.711838,1.0,0.0,40.358562,4.1000000000000005,0.5,0.0,0.71246016,1.0,0.0,0.0,0.0,0.0,0.0,0.0,1.0,1.4,4.93625,1.0,0.0,0.0,0.76497215,False,False,False,False,False,False,False,False,False,False,False,False,PASS
665,80,1,0.0,1.0,0.0,1.0,2.8094728,1.0,0.0,26.695782,8.0,0.0,0.0,1.0,1.0,0.0,0.0,0.0,0.0,0.0,0.0,1.0,4.1,4.9474998,1.0,0.0,0.0,1.0,False,False,False,False,False,False,False,False,False,False,False,False,PASS
666,80,1,0.0,0.875,0.0,1.0,11.872687,1.0,0.0,180.63724,8.0,0.0,0.0,1.0,1.0,0.0,0.0,0.0,0.0,3.2218647,11.598713,0.0,5.0,5.0,1.0,0.0,0.0,0.96250004,False,False,False,False,False,False,False,False,False,False,False,False,PASS
667,80,1,0.0,0.925,0.0,1.0,3.8104444,1.0,0.0,20.11114,3.1,1.5,0.0,1.0,1.0,0.0,0.0,0.0,0.0,0.0,0.0,1.0,5.0,5.0,1.0,0.0,0.0,0.97749996,False,False,False,False,False,False,False,False,False,False,False,False,PASS
668,80,1,0.0,0.8875,0.0,1.0,11.3060875,1.0,0.0,144.72069,7.9,0.0,0.0,0.83864236,1.0,0.0,0.0,0.0,0.0,2.070837,7.4550133,0.91385746,5.0,5.0,1.0,0.0,0.0,0.85329974,False,False,False,False,False,False,False,False,False,False,False,False,PASS
669,80,1,0.0,1.0,0.0,1.0,0.04341353,1.0,0.0,0.0,0.0,1.0,0.0,1.0,1.0,0.0,0.0,0.0,0.0,0.0,0.0,1.0,5.0,5.0,1.0,0.0,0.0,1.0,False,False,False,False,False,False,False,False,False,False,False,False,PASS
670,80,1,0.0,0.925,0.0,1.0,10.188373,0.0,0.0,86.8386,5.300000000000001,0.5,0.0,0.812557,1.0,0.0,0.0,0.0,0.0,0.0,0.0,1.0,5.0,5.0,1.0,0.9320491,0.86383075,0.8462898,False,False,False,False,False,False,False,False,False,False,False,False,PASS
671,80,1,0.0,1.0,0.0,1.0,0.19451945,0.0,0.0,0.18742146,8.0,0.0,0.0,1.0,1.0,0.0,0.0,0.0,0.0,0.0,0.0,1.0,5.0,5.0,1.0,1.0,0.84210527,1.0,False,False,False,False,False,False,False,False,False,False,False,False,PASS
672,80,1,0.0,1.0,0.0,1.0,0.15760949,1.0,0.0,0.4775148,8.0,0.0,0.0,1.0,1.0,0.0,0.0,0.0,0.0,0.0,0.0,1.0,5.0,5.0,1.0,0.0,0.0,1.0,False,False,False,False,False,False,False,False,False,False,False,False,PASS
673,80,1,0.0,1.0,0.0,1.0,0.8208801,1.0,0.0,0.0,0.0,1.0,0.0,0.97321033,1.0,0.0,0.0,0.0,0.0,0.0,0.0,1.0,2.2,4.8962502,1.0,0.0,0.0,0.98124725,False,False,False,False,False,False,False,False,False,False,False,False,PASS
674,80,1,0.0,1.0,0.0,1.0,5.8658767,1.0,0.0,47.051792,8.0,0.0,0.0,1.0,1.0,0.0,0.0,0.0,0.0,0.0,0.0,1.0,4.3,4.95375,1.0,0.0,0.0,1.0,False,False,False,False,False,False,False,False,False,False,False,False,PASS
675,80,1,0.0,0.925,0.0,1.0,3.0958493,1.0,0.0,11.57008,8.0,0.0,0.0,1.0,1.0,0.0,0.0,0.0,0.0,0.0,0.0,1.0,3.7,4.90125,1.0,0.0,0.0,0.97749996,False,False,False,False,False,False,False,False,False,False,False,False,PASS
676,80,1,0.0,1.0,0.0,1.0,0.12462377,1.0,0.0,0.11462286,8.0,0.0,0.0,1.0,1.0,0.0,0.0,0.0,0.0,0.0,0.0,1.0,5.0,5.0,1.0,0.0,0.0,1.0,False,False,False,False,False,False,False,False,False,False,False,False,PASS
677,80,1,0.0,1.0,0.0,1.0,0.22916356,1.0,0.0,0.22439796,8.0,0.0,0.0,1.0,1.0,0.0,0.0,0.0,0.0,0.0,0.0,1.0,5.0,5.0,1.0,0.0,0.0,1.0,False,False,False,False,False,False,False,False,False,False,False,False,PASS
678,80,1,0.0,0.77500004,0.0,1.0,19.445948,1.0,0.0,58.331196,8.0,0.0,0.0,1.0,1.0,0.0,0.0,0.0,0.0,0.0,0.0,1.0,5.0,5.0,1.0,0.0,0.0,0.9325,False,False,False,False,False,False,False,False,False,False,False,False,PASS
679,80,1,0.0,0.975,0.0,1.0,6.3028827,1.0,0.0,48.536385,8.0,0.0,0.0,1.0,1.0,0.0,0.0,0.0,0.0,0.0,0.0,1.0,2.2,4.6625,1.0,0.0,0.0,0.9925,False,False,False,False,False,False,False,False,False,False,False,False,PASS
680,80,1,0.0,1.0,0.0,1.0,0.7602501,1.0,0.0,5.7943945,8.0,0.0,0.0,0.99999994,1.0,0.0,0.0,0.0,0.0,0.0,0.0,1.0,2.6000001,4.5087504,1.0,0.0,0.0,1.0,False,False,False,False,False,False,False,False,False,False,False,False,PASS
681,80,1,0.0,1.0,0.0,1.0,0.20856087,0.0,0.0,0.20257819,8.0,0.0,0.0,1.0,1.0,0.0,0.0,0.0,0.0,0.0,0.0,1.0,5.0,5.0,1.0,1.0,0.84210527,1.0,False,False,False,False,False,False,False,False,False,False,False,False,PASS
682,80,1,0.0,0.8,0.0,1.0,12.59746,1.0,0.0,150.75809,8.0,0.0,0.0,0.8124082,1.0,0.0,0.0,0.0,0.0,3.0567627,11.004345,0.7634577,5.0,5.0,1.0,0.0,0.0,0.8086857,False,False,False,False,False,False,False,False,False,False,False,False,PASS
683,80,1,0.0,0.8,0.0,1.0,2.6336339,1.0,0.0,22.14378,3.9,0.5,0.0,0.938514,1.0,0.0,0.0,0.0,0.0,0.0,0.0,1.0,2.5,4.4525003,1.0,0.0,0.0,0.8969599,False,False,False,False,False,False,False,False,False,False,False,False,PASS
684,80,1,0.0,1.0,0.0,1.0,0.13839355,1.0,0.0,0.0,0.0,1.0,0.0,1.0,1.0,0.0,0.0,0.0,0.0,0.0,0.0,1.0,5.0,5.0,1.0,0.0,0.0,1.0,False,False,False,False,False,False,False,False,False,False,False,False,PASS
685,80,1,0.0,1.0,18.489685,0.0,0.939493,1.0,0.0,23.440643,3.2,1.5,0.0,0.99999994,1.0,0.0,0.0,0.0,0.0,0.0,0.0,1.0,5.0,5.0,1.0,0.0,0.0,1.0,False,False,False,False,False,False,False,False,False,False,False,False,PASS
686,80,1,0.0,0.8,0.0,1.0,9.829232,0.0,0.0,161.56726,8.0,0.0,0.0,0.8517088,1.0,0.0,0.0,0.0,0.0,3.7495842,13.498503,0.52874315,5.0,5.0,1.0,0.8108448,0.6828167,0.8361961,False,False,False,False,False,False,False,False,False,False,False,False,PASS
687,80,1,0.0,0.8875,0.0,1.0,3.1976616,1.0,0.0,77.65683,8.0,0.0,0.0,0.9116568,1.0,0.0,0.0,0.0,0.0,0.0,0.0,1.0,5.0,5.0,1.0,0.0,0.0,0.9044098,False,False,False,False,False,False,False,False,False,False,False,False,PASS
688,80,1,0.0,1.0,0.0,1.0,0.8277769,1.0,0.0,0.79487574,8.0,0.0,0.0,1.0,1.0,0.0,0.0,0.0,0.0,0.0,0.0,1.0,5.0,5.0,1.0,0.0,0.0,1.0,False,False,False,False,False,False,False,False,False,False,False,False,PASS
689,80,1,0.0,1.0,0.0,1.0,1.0458242,1.0,0.0,4.9577093,8.0,0.0,0.0,1.0,1.0,0.0,0.0,0.0,0.0,0.0,0.0,1.0,5.0,5.0,1.0,0.0,0.0,1.0,False,False,False,False,False,False,False,False,False,False,False,False,PASS
690,80,1,0.0,0.8875,0.0,1.0,10.35599,1.0,0.0,53.57026,5.4,0.5,0.0,0.7359995,1.0,0.0,0.0,0.0,0.0,0.0,0.0,1.0,2.5,4.70375,1.0,0.0,0.0,0.7814497,False,False,False,False,False,False,False,False,False,False,False,False,PASS
691,80,1,0.0,0.925,0.0,1.0,7.552499,1.0,0.0,106.812546,5.4,0.5,0.0,0.87572825,1.0,0.0,0.0,0.0,0.0,3.5236797,12.685246,0.4225263,5.0,5.0,1.0,0.0,0.0,0.8905098,False,False,False,False,False,False,False,False,False,False,False,False,PASS
692,80,1,0.0,0.8875,0.0,1.0,15.657599,1.0,0.0,94.55072,7.9,0.0,0.0,0.7009905,1.0,0.0,0.0,0.0,0.0,0.0,0.0,1.0,1.3000001,4.68125,1.0,0.0,0.0,0.75694335,False,False,False,False,False,False,False,False,False,False,False,False,PASS
693,80,1,0.0,0.825,0.0,1.0,16.128082,1.0,0.0,95.832535,7.2,0.0,0.0,0.71246904,1.0,0.0,0.0,0.0,0.0,0.0,0.0,1.0,5.0,5.0,1.0,0.0,0.0,0.74622834,False,False,False,False,False,False,False,False,False,False,False,False,PASS
694,80,1,0.0,1.0,0.0,1.0,3.178221,1.0,0.0,13.478291,7.800000000000001,0.0,0.0,1.0,1.0,0.0,0.0,0.0,0.0,0.0,0.0,1.0,5.0,5.0,1.0,0.0,0.0,1.0,False,False,False,False,False,False,False,False,False,False,False,False,PASS
695,80,1,0.0,0.9375,0.0,1.0,2.9389648,1.0,0.0,104.47829,8.0,0.0,0.0,0.9548468,1.0,0.0,0.0,0.0,0.0,0.0,0.0,1.0,5.0,5.0,1.0,0.0,0.0,0.9496428,False,False,False,False,False,False,False,False,False,False,False,False,PASS
696,80,1,0.0,0.85,0.0,1.0,10.413348,0.0,0.0,0.0,0.0,1.0,0.0,0.83661765,1.0,0.0,0.0,0.0,0.0,0.0,0.0,1.0,0.8,4.9474998,0.0,0.617693,0.67805725,0.84063244,False,False,False,False,False,False,False,False,False,False,False,False,PASS
697,80,1,0.0,0.6625,9.286295,0.0,10.488559,1.0,0.0,68.73146,7.1000000000000005,0.0,0.0,0.7783118,1.0,0.0,0.0,0.0,0.0,0.0,0.0,1.0,1.4,4.3900003,1.0,0.0,0.0,0.7435683,False,False,False,False,False,False,False,False,False,False,False,False,PASS
698,80,1,0.0,0.8,0.0,1.0,23.399323,1.0,0.0,112.21127,8.0,0.0,0.0,0.64225036,1.0,0.0,0.0,0.0,0.0,1.8090038,6.5124135,0.9535215,2.5,4.9150004,1.0,0.0,0.0,0.68957525,False,False,False,False,False,False,False,False,True,False,False,False,PASS
699,80,1,0.0,1.0,0.0,1.0,0.009859855,1.0,0.0,0.034044184,8.0,0.0,0.0,1.0,1.0,0.0,0.0,0.0,0.0,0.0,0.0,1.0,5.0,5.0,1.0,0.0,0.0,1.0,False,False,False,False,False,False,False,False,False,False,False,False,PASS
700,80,1,0.0,0.8625,0.0,1.0,10.2557955,1.0,0.0,77.95964,4.6000000000000005,0.5,0.0,0.8243226,1.0,0.0,0.0,0.0,0.0,0.0,0.0,1.0,5.0,5.0,1.0,0.0,0.0,0.8357758,False,False,False,False,False,False,False,False,False,False,False,False,PASS
701,80,1,0.0,1.0,0.0,1.0,0.11738815,1.0,0.0,0.12017998,8.0,0.0,0.0,1.0,1.0,0.0,0.0,0.0,0.0,0.0,0.0,1.0,5.0,5.0,1.0,0.0,0.0,1.0,False,False,False,False,False,False,False,False,False,False,False,False,PASS
702,80,1,0.0,0.7375,0.0,1.0,3.7313192,0.0,0.0,37.23474,3.0,1.0,0.0,0.99999994,1.0,0.0,0.0,0.0,0.0,0.0,0.0,1.0,1.2,4.1525,1.0,0.9671875,0.9723684,0.92125,False,False,False,False,False,False,False,False,False,False,False,False,PASS
703,80,1,0.0,0.75,0.0,1.0,7.867911,1.0,0.0,130.92561,7.6,0.0,0.0,0.8776055,1.0,0.0,0.0,0.0,0.0,0.22126198,0.7965431,0.99815726,5.0,5.0,1.0,0.0,0.0,0.8393238,False,False,False,False,False,False,False,False,False,False,False,False,PASS
704,80,1,0.0,1.0,0.0,1.0,0.8934908,1.0,0.0,7.173976,8.0,0.0,0.0,1.0,1.0,0.0,0.0,0.0,0.0,0.0,0.0,1.0,5.0,5.0,1.0,0.0,0.0,1.0,False,False,False,False,False,False,False,False,False,False,False,False,PASS
705,80,1,0.0,1.0,0.0,1.0,5.919406,1.0,0.0,1.8615516,8.0,0.0,0.0,0.09541425,0.0,0.0,0.0,0.0,0.0,0.0,0.0,1.0,5.0,5.0,1.0,0.0,0.0,0.36678997,False,False,False,False,False,False,False,True,True,False,True,False,LOW_PROGRESS
706,80,1,0.0,0.8875,0.0,1.0,10.055507,0.0,0.0,59.397003,7.5,0.0,0.0,0.7355597,1.0,0.0,0.0,0.0,0.0,0.0,0.0,1.0,5.0,5.0,1.0,0.90329987,0.7606736,0.7811418,False,False,False,False,False,False,False,False,False,False,False,False,PASS
707,80,1,0.0,0.75,0.0,1.0,7.5714464,0.0,0.0,49.39392,8.0,0.0,0.0,0.70108545,1.0,0.0,0.0,0.0,0.0,0.0,0.0,1.0,5.0,5.0,1.0,0.8753392,0.7371278,0.7157598,False,False,False,False,False,False,False,False,False,False,False,False,PASS
708,80,1,0.0,1.0,0.0,1.0,0.08232176,1.0,0.0,0.0,0.0,1.0,0.0,1.0,1.0,0.0,0.0,0.0,0.0,0.0,0.0,1.0,5.0,5.0,1.0,0.0,0.0,1.0,False,False,False,False,False,False,False,False,False,False,False,False,PASS
709,80,1,0.0,1.0,0.0,1.0,0.2511281,1.0,0.0,0.22858873,8.0,0.0,0.0,1.0,1.0,0.0,0.0,0.0,0.0,0.0,0.0,1.0,5.0,5.0,1.0,0.0,0.0,1.0,False,False,False,False,False,False,False,False,False,False,False,False,PASS
710,80,1,0.0,0.8875,0.0,1.0,7.3083587,1.0,0.0,165.43019,8.0,0.0,0.0,0.87490296,1.0,0.0,0.0,0.0,0.0,3.5950317,12.942114,0.3472408,5.0,5.0,1.0,0.0,0.0,0.87868214,False,False,False,False,False,False,False,False,False,False,False,False,PASS
711,80,1,0.0,1.0,0.0,1.0,4.714032,1.0,0.0,30.930662,6.6000000000000005,0.0,0.0,1.0,1.0,0.0,0.0,0.0,0.0,0.0,0.0,1.0,1.9,4.5400004,1.0,0.0,0.0,1.0,False,False,False,False,False,False,False,False,False,False,False,False,PASS
712,80,1,0.0,1.0,0.0,1.0,0.35549107,1.0,0.0,0.33209318,8.0,0.0,0.0,1.0,1.0,0.0,0.0,0.0,0.0,0.0,0.0,1.0,5.0,5.0,1.0,0.0,0.0,1.0,False,False,False,False,False,False,False,False,False,False,False,False,PASS
713,80,1,0.0,1.0,0.0,1.0,0.035677064,0.0,0.0,0.0,0.0,1.0,0.0,1.0,1.0,0.0,0.0,0.0,0.0,0.0,0.0,1.0,5.0,5.0,1.0,1.0,1.0,1.0,False,False,False,False,False,False,False,False,False,False,False,False,PASS
714,80,1,0.0,1.0,0.0,1.0,7.02522,1.0,0.0,83.73051,7.7,0.0,0.0,0.8067084,1.0,0.0,0.0,0.0,0.0,0.0,0.0,1.0,3.7,4.91,1.0,0.0,0.0,0.86469597,False,False,False,False,False,False,False,False,False,False,False,False,PASS
715,80,1,0.0,0.8875,0.0,1.0,10.379859,1.0,0.0,140.42044,6.9,0.0,0.0,0.8371737,1.0,0.0,0.0,0.0,0.0,3.413372,12.288139,0.6235837,5.0,5.0,1.0,0.0,0.0,0.8522717,False,False,False,False,False,False,False,False,False,False,False,False,PASS
716,80,1,0.0,0.71250004,0.0,1.0,7.834504,1.0,0.0,116.78626,7.300000000000001,0.0,0.0,0.89905804,1.0,0.0,0.0,0.0,0.0,0.0,0.0,1.0,5.0,5.0,1.0,0.0,0.0,0.84309065,False,False,False,False,False,False,False,False,False,False,False,False,PASS
717,80,1,0.0,0.8875,1.9596889,1.0,13.520698,1.0,0.0,65.7371,7.1000000000000005,0.0,0.0,0.7008058,1.0,0.0,0.0,0.0,0.0,0.0,0.0,1.0,5.0,5.0,1.0,0.0,0.0,0.75681406,False,False,False,False,False,False,False,False,False,False,False,False,PASS
718,80,1,0.0,0.7875,0.0,1.0,16.141022,1.0,0.0,76.50453,5.800000000000001,0.0,0.0,0.7377312,1.0,0.0,0.0,0.0,0.0,0.0,0.0,1.0,5.0,5.0,1.0,0.0,0.0,0.7526619,False,False,False,False,False,False,False,False,False,False,False,False,PASS
719,80,1,0.0,1.0,0.0,1.0,9.370786,1.0,0.0,155.56757,7.800000000000001,0.0,0.0,0.85011405,1.0,0.0,0.0,0.0,0.0,3.339529,12.022305,0.6060358,5.0,5.0,1.0,0.0,0.0,0.8950798,False,False,False,False,False,False,False,False,False,False,False,False,PASS
720,80,1,0.0,0.875,0.0,1.0,11.498805,1.0,0.0,109.43977,5.9,0.0,0.0,0.8250375,1.0,0.0,0.0,0.0,0.0,3.4225826,12.321297,0.66558164,5.0,5.0,1.0,0.0,0.0,0.8400263,False,False,False,False,False,False,False,False,False,False,False,False,PASS
721,80,1,0.0,1.0,0.0,1.0,9.679465,1.0,0.0,33.0948,5.4,0.5,0.0,0.99999994,1.0,0.0,0.0,0.0,0.0,0.0,0.0,1.0,5.0,5.0,1.0,0.0,0.0,1.0,False,False,False,False,False,False,False,False,False,False,False,False,PASS
722,80,1,0.0,1.0,0.0,1.0,2.7873516,1.0,0.0,60.931526,5.6000000000000005,0.5,0.0,0.9306625,1.0,0.0,0.0,0.0,0.0,0.0,0.0,1.0,5.0,5.0,1.0,0.0,0.0,0.9514637,False,False,False,False,False,False,False,False,False,False,False,False,PASS
723,80,1,0.0,1.0,0.0,1.0,4.6052475,1.0,0.0,17.641193,8.0,0.0,0.0,0.99999994,1.0,0.0,0.0,0.0,0.0,0.0,0.0,1.0,5.0,5.0,1.0,0.0,0.0,1.0,False,False,False,False,False,False,False,False,False,False,False,False,PASS
724,80,1,0.0,0.8875,0.0,1.0,16.397663,1.0,0.0,136.48148,8.0,0.0,0.0,0.749165,1.0,0.0,0.0,0.0,0.0,2.388483,8.598538,0.83160514,5.0,5.0,1.0,0.0,0.0,0.7906655,False,False,False,False,False,False,False,False,False,False,False,False,PASS
725,80,1,0.0,1.0,0.0,1.0,0.16833225,1.0,0.0,0.0,0.0,1.0,0.0,1.0,1.0,0.0,0.0,0.0,0.0,0.0,0.0,1.0,5.0,5.0,1.0,0.0,0.0,1.0,False,False,False,False,False,False,False,False,False,False,False,False,PASS
726,80,1,0.0,0.8875,0.0,1.0,8.213788,1.0,0.0,156.41855,8.0,0.0,0.0,0.8990421,1.0,0.0,0.0,0.0,0.0,1.8623047,6.7042966,0.826879,5.0,5.0,1.0,0.0,0.0,0.8955795,False,False,False,False,False,False,False,False,False,False,False,False,PASS
727,80,1,0.0,0.925,0.0,1.0,9.592531,1.0,0.0,12.945398,1.6,1.0,0.0,0.7257395,1.0,0.0,0.0,0.0,0.0,0.0,0.0,1.0,5.0,5.0,1.0,0.0,0.0,0.78551763,False,False,False,False,False,False,False,False,False,False,False,False,PASS
728,80,1,0.0,1.0,0.0,1.0,0.19531432,1.0,0.0,0.17416212,8.0,0.0,0.0,1.0,1.0,0.0,0.0,0.0,0.0,0.0,0.0,1.0,5.0,5.0,1.0,0.0,0.0,1.0,False,False,False,False,False,False,False,False,False,False,False,False,PASS
729,80,1,0.0,1.0,0.0,1.0,0.040647518,1.0,0.0,0.03860411,8.0,0.0,0.0,1.0,1.0,0.0,0.0,0.0,0.0,0.0,0.0,1.0,5.0,5.0,1.0,0.0,0.0,1.0,False,False,False,False,False,False,False,False,False,False,False,False,PASS
730,80,1,0.0,1.0,0.0,1.0,0.1341427,1.0,0.0,0.13081479,8.0,0.0,0.0,1.0,1.0,0.0,0.0,0.0,0.0,0.0,0.0,1.0,5.0,5.0,1.0,0.0,0.0,1.0,False,False,False,False,False,False,False,False,False,False,False,False,PASS
731,80,1,0.0,1.0,0.0,1.0,0.0015188805,0.0,0.0,0.010078947,8.0,0.0,0.0,1.0,1.0,0.0,0.0,0.0,0.0,0.0,0.0,1.0,5.0,5.0,1.0,1.0,0.84210527,1.0,False,False,False,False,False,False,False,False,False,False,False,False,PASS
732,80,1,0.0,1.0,0.0,1.0,1.2308767,1.0,0.0,2.988205,8.0,0.0,0.0,1.0,1.0,0.0,0.0,0.0,0.0,0.0,0.0,1.0,5.0,5.0,1.0,0.0,0.0,1.0,False,False,False,False,False,False,False,False,False,False,False,False,PASS
733,80,1,0.0,0.90000004,1.015461,1.0,8.070818,1.0,0.0,24.358742,5.4,0.5,0.0,0.99999994,1.0,0.0,0.0,0.0,0.0,0.0,0.0,1.0,4.3,4.98875,1.0,0.0,0.0,0.96999997,False,False,False,False,False,False,False,False,False,False,False,False,PASS
734,80,1,0.0,0.8875,0.0,1.0,16.421068,1.0,0.0,92.04464,7.1000000000000005,0.0,0.0,0.71281254,1.0,0.0,0.0,0.0,0.0,0.0,0.0,1.0,5.0,5.0,1.0,0.0,0.0,0.7652188,False,False,False,False,False,False,False,False,False,False,False,False,PASS
735,80,1,0.0,0.875,0.0,1.0,12.356419,1.0,0.0,73.67102,3.4000000000000004,0.5,0.0,0.8123921,1.0,0.0,0.0,0.0,0.0,3.444519,12.400269,0.6972414,5.0,5.0,1.0,0.0,0.0,0.8311745,False,False,False,False,False,False,False,False,False,False,False,False,PASS
736,80,1,0.0,0.8875,0.0,1.0,11.10491,1.0,0.0,126.09108,8.0,0.0,0.0,0.80077606,1.0,0.0,0.0,0.0,0.0,0.0,0.0,1.0,5.0,5.0,1.0,0.0,0.0,0.8267933,False,False,False,False,False,False,False,False,False,False,False,False,PASS
737,80,1,0.0,1.0,0.0,1.0,0.38672975,1.0,0.0,0.34256774,8.0,0.0,0.0,1.0,1.0,0.0,0.0,0.0,0.0,0.0,0.0,1.0,5.0,5.0,1.0,0.0,0.0,1.0,False,False,False,False,False,False,False,False,False,False,False,False,PASS
738,80,1,0.0,0.925,5.3329935,0.5,4.0491395,1.0,0.0,35.496822,6.6000000000000005,0.0,0.0,0.8146463,1.0,0.0,0.0,0.0,0.0,0.0,0.0,1.0,2.6000001,4.6974998,1.0,0.0,0.0,0.8477524,False,False,False,False,False,False,False,False,False,False,False,False,PASS
739,80,1,0.0,1.0,0.0,1.0,7.8872247,1.0,0.0,44.949722,8.0,0.0,0.0,1.0,1.0,0.0,0.0,0.0,0.0,0.0,0.0,1.0,5.0,5.0,1.0,0.0,0.0,1.0,False,False,False,False,False,False,False,False,False,False,False,False,PASS
740,80,1,0.0,0.875,0.0,1.0,13.632181,0.0,0.0,185.79395,8.0,0.0,0.0,0.9612558,1.0,0.0,0.0,0.0,0.0,3.4445343,12.400323,0.0,5.0,5.0,1.0,0.72226745,0.6082252,0.935379,False,False,False,False,False,False,False,False,False,False,False,False,PASS
741,80,1,0.0,1.0,0.0,1.0,0.10697583,1.0,0.0,0.10903704,8.0,0.0,0.0,1.0,1.0,0.0,0.0,0.0,0.0,0.0,0.0,1.0,5.0,5.0,1.0,0.0,0.0,1.0,False,False,False,False,False,False,False,False,False,False,False,False,PASS
742,80,1,0.0,0.8875,0.0,1.0,4.278377,1.0,0.0,56.006996,3.7,0.5,0.0,0.90023905,1.0,0.0,0.0,0.0,0.0,0.0,0.0,1.0,5.0,5.0,1.0,0.0,0.0,0.8964173,False,False,False,False,False,False,False,False,False,False,False,False,PASS
743,80,1,0.0,0.625,0.0,1.0,7.3669243,1.0,0.0,67.64888,6.5,0.0,0.0,0.8351574,1.0,0.0,0.0,0.0,0.0,0.0,0.0,1.0,3.7,4.97,1.0,0.0,0.0,0.77211016,False,False,False,False,False,False,False,False,False,False,False,False,PASS
744,80,1,0.0,0.8875,0.0,1.0,9.055278,0.0,0.0,161.50835,8.0,0.0,0.0,0.8623941,1.0,0.0,0.0,0.0,0.0,3.4244003,12.327841,0.5715012,5.0,5.0,1.0,0.83581096,0.7038408,0.8699259,False,False,False,False,False,False,False,False,False,False,False,False,PASS
745,80,1,0.0,0.65000004,0.0,1.0,10.101912,1.0,0.0,133.26805,8.0,0.0,0.0,0.83208776,1.0,0.0,0.0,0.0,0.0,0.0,0.0,1.0,5.0,5.0,1.0,0.0,0.0,0.77746147,False,False,False,False,False,False,False,False,False,False,False,False,PASS
746,80,1,0.0,0.925,0.0,1.0,9.688445,1.0,0.0,37.54618,8.0,0.0,0.0,1.0,1.0,0.0,0.0,0.0,0.0,0.0,0.0,1.0,4.4,4.98875,1.0,0.0,0.0,0.97749996,False,False,False,False,False,False,False,False,False,False,False,False,PASS
747,1,0,1.0,1.0,0.0,1.0,0.00049208116,1.0,0.0,0.00031170668,0.1,1.0,1.0,1.0,1.0,0.0,0.0,0.0,0.0,0.0,0.0,1.0,5.0,5.0,1.0,0.0,0.0,0.0,True,True,False,True,False,True,False,False,False,False,True,True,OVERLAP+AT_FAULT
748,80,1,0.0,1.0,0.0,1.0,0.05427414,1.0,0.0,0.064171836,8.0,0.0,0.0,1.0,1.0,0.0,0.0,0.0,0.0,0.0,0.0,1.0,5.0,5.0,1.0,0.0,0.0,1.0,False,False,False,False,False,False,False,False,False,False,False,False,PASS
749,80,1,0.0,0.71250004,0.0,1.0,16.565128,1.0,0.0,170.87253,8.0,0.0,0.0,0.88809234,1.0,0.0,0.0,0.0,0.0,3.692213,13.291966,0.43561846,5.0,5.0,1.0,0.0,0.0,0.8354146,False,False,False,False,False,False,False,False,False,False,False,False,PASS
750,80,1,0.0,0.75,0.0,1.0,11.883458,0.0,0.0,98.5679,5.4,0.5,0.0,0.8140877,1.0,0.0,0.0,0.0,0.0,1.0000534,3.600192,0.97055024,2.8,4.9725,1.0,0.90329,0.8396126,0.7948614,False,False,False,False,False,False,False,False,False,False,False,False,PASS
751,80,1,0.0,0.8875,0.0,1.0,14.024158,1.0,0.0,117.13658,6.5,0.0,0.0,0.79992616,1.0,0.0,0.0,0.0,0.0,3.0544395,10.995982,0.82538825,5.0,5.0,1.0,0.0,0.0,0.8261983,False,False,False,False,False,False,False,False,False,False,False,False,PASS
752,80,1,0.0,0.77500004,0.0,1.0,8.481375,1.0,0.0,29.079,2.4000000000000004,1.0,0.0,0.8492653,1.0,0.0,0.0,0.0,0.0,0.0,0.0,1.0,4.5,4.99375,1.0,0.0,0.0,0.8269858,False,False,False,False,False,False,False,False,False,False,False,False,PASS
753,80,1,0.0,0.8875,0.0,1.0,10.344089,0.0,0.0,110.781975,6.7,0.0,0.0,0.8252415,1.0,0.0,0.0,0.0,0.0,0.0,0.0,1.0,5.0,5.0,1.0,0.93132544,0.78427404,0.843919,False,False,False,False,False,False,False,False,False,False,False,False,PASS
754,80,1,0.0,1.0,0.0,1.0,0.109537244,1.0,0.0,0.13520376,8.0,0.0,0.0,1.0,1.0,0.0,0.0,0.0,0.0,0.0,0.0,1.0,5.0,5.0,1.0,0.0,0.0,1.0,False,False,False,False,False,False,False,False,False,False,False,False,PASS
755,80,1,0.0,0.8875,0.0,1.0,19.719055,1.0,0.0,96.56119,8.0,0.0,0.0,0.65411186,1.0,0.0,0.0,0.0,0.0,0.0,0.0,1.0,5.0,5.0,1.0,0.0,0.0,0.7241283,False,False,False,False,False,False,False,False,True,False,False,False,PASS
756,80,1,0.0,0.83750004,0.0,1.0,2.9307404,1.0,0.0,91.139336,7.7,0.0,0.0,0.9377932,1.0,0.0,0.0,0.0,0.0,0.0,0.0,1.0,5.0,5.0,1.0,0.0,0.0,0.90770525,False,False,False,False,False,False,False,False,False,False,False,False,PASS
757,80,1,0.0,0.8875,0.0,1.0,8.4486265,0.0,0.0,11.493628,0.8,1.0,0.0,0.86264664,1.0,0.0,0.0,0.0,0.0,0.0,0.0,1.0,5.0,5.0,1.0,0.94301456,0.95201224,0.8701027,False,False,False,False,False,False,False,False,False,False,False,False,PASS
758,3,0,1.0,1.0,0.0,1.0,0.0041503906,1.0,0.0,0.0005776948,0.3,1.0,1.0,0.0,0.0,0.0,0.0,0.0,0.0,0.0,0.0,1.0,5.0,5.0,1.0,0.0,0.0,0.0,True,True,False,True,False,True,False,True,True,False,True,True,OVERLAP+AT_FAULT
759,80,1,0.0,0.925,0.0,1.0,5.5304213,1.0,0.0,14.266654,8.0,0.0,0.0,1.0,1.0,0.0,0.0,0.0,0.0,0.0,0.0,1.0,5.0,5.0,1.0,0.0,0.0,0.97749996,False,False,False,False,False,False,False,False,False,False,False,False,PASS
760,80,1,0.0,0.8,0.0,1.0,11.150967,1.0,0.0,124.643936,7.4,0.0,0.0,0.81542605,1.0,0.0,0.0,0.0,0.0,0.2201519,0.7925468,0.9976887,5.0,5.0,1.0,0.0,0.0,0.8107983,False,False,False,False,False,False,False,False,False,False,False,False,PASS
761,80,1,0.0,1.0,0.0,1.0,0.26909012,1.0,0.0,0.0,0.0,1.0,0.0,1.0,1.0,0.0,0.0,0.0,0.0,0.0,0.0,1.0,5.0,5.0,1.0,0.0,0.0,1.0,False,False,False,False,False,False,False,False,False,False,False,False,PASS
762,80,1,0.0,0.8875,0.0,1.0,13.7084875,1.0,0.0,71.96716,8.0,0.0,0.0,0.6693129,1.0,0.0,0.0,0.0,0.0,0.0,0.0,1.0,3.6000001,4.7962503,1.0,0.0,0.0,0.73476905,False,False,False,False,False,False,False,False,True,False,False,False,PASS
763,80,1,0.0,0.8875,0.0,1.0,6.5895076,1.0,0.0,88.65166,8.0,0.0,0.0,0.8699094,1.0,0.0,0.0,0.0,0.0,0.0,0.0,1.0,2.6000001,4.9212503,1.0,0.0,0.0,0.87518656,False,False,False,False,False,False,False,False,False,False,False,False,PASS
764,80,1,0.0,1.0,0.0,1.0,0.2862505,1.0,0.0,0.3039406,8.0,0.0,0.0,1.0,1.0,0.0,0.0,0.0,0.0,0.0,0.0,1.0,4.0,4.91,1.0,0.0,0.0,1.0,False,False,False,False,False,False,False,False,False,False,False,False,PASS
765,80,1,0.0,0.925,0.0,1.0,15.523082,0.0,0.0,119.30347,7.0,0.0,0.0,0.77943397,1.0,0.0,0.0,0.0,0.0,1.7913055,6.4487,0.92809737,5.0,5.0,1.0,0.9037225,0.7610295,0.8231037,False,False,False,False,False,False,False,False,False,False,False,False,PASS
766,80,1,0.0,0.9125,0.0,1.0,10.618044,1.0,0.0,55.175274,8.0,0.0,0.0,1.0,1.0,0.0,0.0,0.0,0.0,0.0,0.0,1.0,5.0,5.0,1.0,0.0,0.0,0.97375005,False,False,False,False,False,False,False,False,False,False,False,False,PASS
767,80,1,0.0,1.0,0.0,1.0,5.198996,1.0,0.0,63.244644,6.7,0.0,0.0,0.88479084,1.0,0.0,0.0,0.0,0.0,0.0,0.0,1.0,3.4,4.80625,1.0,0.0,0.0,0.9193536,False,False,False,False,False,False,False,False,False,False,False,False,PASS
768,1,0,1.0,1.0,0.0,1.0,0.00745029,1.0,0.0,0.0124985445,0.1,1.0,1.0,1.0,1.0,0.0,0.0,0.0,0.0,0.0,0.0,1.0,5.0,5.0,1.0,0.0,0.0,0.0,True,True,False,True,False,True,False,False,False,False,True,True,OVERLAP+AT_FAULT
769,80,1,0.0,1.0,0.0,1.0,15.925967,1.0,0.0,107.35561,8.0,0.0,0.0,0.6943703,1.0,0.0,0.0,0.0,0.0,0.0,0.0,1.0,1.6,4.8762503,1.0,0.0,0.0,0.78605926,False,False,False,False,False,False,False,False,True,False,False,False,PASS
770,80,1,0.0,1.0,0.0,1.0,1.8052794,1.0,0.0,40.16593,5.6000000000000005,0.5,0.0,1.0,1.0,0.0,0.0,0.0,0.0,0.0,0.0,1.0,5.0,5.0,1.0,0.0,0.0,1.0,False,False,False,False,False,False,False,False,False,False,False,False,PASS
771,80,1,0.0,0.8,0.0,1.0,10.680236,1.0,0.0,80.40057,4.5,0.5,0.0,0.85088974,1.0,0.0,0.0,0.0,0.0,1.0050468,3.6181686,0.9765735,5.0,5.0,1.0,0.0,0.0,0.8356228,False,False,False,False,False,False,False,False,False,False,False,False,PASS
772,80,1,0.0,1.0,0.0,1.0,5.5630274,1.0,0.0,96.458374,8.0,0.0,0.0,0.85124904,1.0,0.0,0.0,0.0,0.0,0.0,0.0,1.0,5.0,5.0,1.0,0.0,0.0,0.8958743,False,False,False,False,False,False,False,False,False,False,False,False,PASS
773,80,1,0.0,0.8875,0.0,1.0,12.192698,1.0,0.0,110.34707,5.5,0.5,0.0,0.81149244,1.0,0.0,0.0,0.0,0.0,3.4979343,12.592564,0.67485964,5.0,5.0,1.0,0.0,0.0,0.83429474,False,False,False,False,False,False,False,False,False,False,False,False,PASS
774,63,0,0.0,1.0,0.0,1.0,6.532491,1.0,1.0,45.351524,3.8,0.5,0.0,0.66124684,1.0,0.0,0.0,0.0,0.0,0.0,0.0,1.0,2.8,4.9380956,1.0,0.0,0.0,0.0,True,False,True,False,False,False,False,False,True,False,True,True,OFFROAD
775,80,1,0.0,1.0,0.0,1.0,0.38888952,1.0,0.0,0.35562676,8.0,0.0,0.0,1.0,1.0,0.0,0.0,0.0,0.0,0.0,0.0,1.0,5.0,5.0,1.0,0.0,0.0,1.0,False,False,False,False,False,False,False,False,False,False,False,False,PASS
776,80,1,0.0,0.8875,0.0,1.0,13.886899,1.0,0.0,121.7377,8.0,0.0,0.0,0.7753702,1.0,0.0,0.0,0.0,0.0,0.0,0.0,1.0,5.0,5.0,1.0,0.0,0.0,0.8090092,False,False,False,False,False,False,False,False,False,False,False,False,PASS
777,80,1,0.0,0.8875,0.0,1.0,3.2213256,1.0,0.0,120.73018,7.4,0.0,0.0,1.0,1.0,0.0,0.0,0.0,0.0,0.0,0.0,1.0,5.0,5.0,1.0,0.0,0.0,0.96625006,False,False,False,False,False,False,False,False,False,False,False,False,PASS
778,80,1,0.0,1.0,0.0,1.0,0.07220512,0.0,0.0,0.062329434,8.0,0.0,0.0,1.0,1.0,0.0,0.0,0.0,0.0,0.0,0.0,1.0,4.5,4.97625,1.0,1.0,0.84210527,1.0,False,False,False,False,False,False,False,False,False,False,False,False,PASS
779,80,1,0.0,1.0,0.0,1.0,0.71938825,0.0,0.0,5.2172427,8.0,0.0,0.0,1.0,1.0,0.0,0.0,0.0,0.0,0.0,0.0,1.0,5.0,5.0,1.0,1.0,0.84210527,1.0,False,False,False,False,False,False,False,False,False,False,False,False,PASS
780,80,1,0.0,1.0,0.0,1.0,7.7155585,1.0,0.0,11.57262,0.9,1.0,0.0,0.83450377,1.0,0.0,0.0,0.0,0.0,0.0,0.0,1.0,5.0,5.0,1.0,0.0,0.0,0.8841526,False,False,False,False,False,False,False,False,False,False,False,False,PASS
781,1,0,1.0,1.0,0.0,1.0,0.005673972,1.0,0.0,0.011280398,0.1,1.0,1.0,1.0,1.0,0.0,0.0,0.0,0.0,0.0,0.0,1.0,5.0,5.0,1.0,0.0,0.0,0.0,True,True,False,True,False,True,False,False,False,False,True,True,OVERLAP+AT_FAULT
782,80,1,0.0,0.6375,0.0,1.0,7.4563723,1.0,0.0,155.40152,8.0,0.0,0.0,0.8783871,1.0,0.0,0.0,0.0,0.0,1.6956577,6.1043677,0.78414166,3.3,4.9675,1.0,0.0,0.0,0.806121,False,False,False,False,False,False,False,False,False,False,False,False,PASS
783,80,1,0.0,1.0,0.0,1.0,5.705776,1.0,0.0,95.65764,8.0,0.0,0.0,0.8498943,1.0,0.0,0.0,0.0,0.0,0.0,0.0,1.0,5.0,5.0,1.0,0.0,0.0,0.894926,False,False,False,False,False,False,False,False,False,False,False,False,PASS
784,80,1,0.0,1.0,0.0,1.0,5.582279,0.0,0.0,101.772644,5.5,0.5,0.0,0.91448224,1.0,0.0,0.0,0.0,0.0,1.2560272,4.521698,0.91808265,5.0,5.0,1.0,0.95279634,0.8813022,0.94013757,False,False,False,False,False,False,False,False,False,False,False,False,PASS
785,63,0,0.0,0.8253969,0.0,1.0,10.989129,1.0,1.0,10.816595,0.8,1.0,0.0,0.6141019,1.0,0.0,0.0,0.0,0.0,0.0,0.0,1.0,5.0,5.0000005,1.0,0.0,0.0,0.0,True,False,True,False,False,False,False,False,True,False,True,True,OFFROAD
786,80,1,0.0,0.8875,0.0,1.0,8.252317,1.0,0.0,123.55854,8.0,0.0,0.0,0.8523365,1.0,0.0,0.0,0.0,0.0,0.0,0.0,1.0,5.0,5.0,1.0,0.0,0.0,0.8628856,False,False,False,False,False,False,False,False,False,False,False,False,PASS
787,80,1,0.0,0.65000004,0.0,1.0,7.0552325,1.0,0.0,94.04579,6.6000000000000005,0.0,0.0,1.0,1.0,0.0,0.0,0.0,0.0,0.2913065,1.0487033,0.98448557,5.0,5.0,1.0,0.0,0.0,0.895,False,False,False,False,False,False,False,False,False,False,False,False,PASS
788,80,1,0.0,1.0,0.0,1.0,0.26340604,1.0,0.0,0.24885191,8.0,0.0,0.0,1.0,1.0,0.0,0.0,0.0,0.0,0.0,0.0,1.0,5.0,5.0,1.0,0.0,0.0,1.0,False,False,False,False,False,False,False,False,False,False,False,False,PASS
789,80,1,0.0,1.0,0.0,1.0,11.0574255,1.0,0.0,56.459736,8.0,0.0,0.0,0.6680773,1.0,0.0,0.0,0.0,0.0,0.0,0.0,1.0,5.0,5.0,1.0,0.0,0.0,0.7676541,False,False,False,False,False,False,False,False,True,False,False,False,PASS
790,80,1,0.0,1.0,0.0,1.0,2.2584782,1.0,0.0,43.807076,6.1000000000000005,0.0,0.0,0.9868829,1.0,0.0,0.0,0.0,0.0,0.0,0.0,1.0,5.0,5.0,1.0,0.0,0.0,0.990818,False,False,False,False,False,False,False,False,False,False,False,False,PASS
791,80,1,0.0,0.95,0.0,1.0,6.406092,1.0,0.0,127.4152,8.0,0.0,0.0,0.8466963,1.0,0.0,0.0,0.0,0.0,0.0,0.0,1.0,1.4,4.6712503,1.0,0.0,0.0,0.87768745,False,False,False,False,False,False,False,False,False,False,False,False,PASS
792,80,1,0.0,1.0,0.0,1.0,2.4927368,1.0,0.0,56.356697,3.4000000000000004,0.5,0.0,0.9632471,1.0,0.0,0.0,0.0,0.0,0.0,0.0,1.0,5.0,5.0,1.0,0.0,0.0,0.9742729,False,False,False,False,False,False,False,False,False,False,False,False,PASS
793,80,1,0.0,0.8875,0.0,1.0,7.29097,0.0,0.0,73.29358,6.2,0.0,0.0,0.83825445,1.0,0.0,0.0,0.0,0.0,0.0,0.0,1.0,3.2,4.9775004,1.0,0.935392,0.78769857,0.8530281,False,False,False,False,False,False,False,False,False,False,False,False,PASS
794,80,1,0.0,0.8875,0.0,1.0,4.497551,1.0,0.0,51.36926,7.1000000000000005,0.0,0.0,0.8751938,1.0,0.0,0.0,0.0,0.0,0.0,0.0,1.0,5.0,5.0,1.0,0.0,0.0,0.8788857,False,False,False,False,False,False,False,False,False,False,False,False,PASS
795,80,1,0.0,0.8125,0.0,1.0,9.719756,0.0,0.0,137.36125,8.0,0.0,0.0,0.84808993,1.0,0.0,0.0,0.0,0.0,0.22356606,0.80483776,0.998669,5.0,5.0,1.0,0.9287579,0.78211194,0.83741295,False,False,False,False,False,False,False,False,False,False,False,False,PASS
796,80,1,0.0,0.6875,0.0,1.0,12.892886,1.0,0.0,170.90488,8.0,0.0,0.0,0.89999956,1.0,0.0,0.0,0.0,0.0,3.2507858,11.702828,0.4337814,5.0,5.0,1.0,0.0,0.0,0.83624977,False,False,False,False,False,False,False,False,False,False,False,False,PASS
797,80,1,0.0,1.0,0.0,1.0,1.8055995,1.0,0.0,17.492754,8.0,0.0,0.0,1.0,1.0,0.0,0.0,0.0,0.0,0.0,0.0,1.0,4.3,4.9762497,1.0,0.0,0.0,1.0,False,False,False,False,False,False,False,False,False,False,False,False,PASS
798,80,1,0.0,1.0,2.1396022,0.5,0.43790436,1.0,0.0,1.7900436,3.8,0.5,0.0,0.93051285,1.0,0.0,0.0,0.0,0.0,0.0,0.0,1.0,5.0,5.0,1.0,0.0,0.0,0.951359,False,False,False,False,False,False,False,False,False,False,False,False,PASS
799,80,1,0.0,1.0,0.0,1.0,7.8833423,1.0,0.0,25.433395,2.1,1.0,0.0,0.8472554,1.0,0.0,0.0,0.0,0.0,0.0,0.0,1.0,5.0,5.0,1.0,0.0,0.0,0.8930788,False,False,False,False,False,False,False,False,False,False,False,False,PASS
800,80,1,0.0,1.0,0.0,1.0,3.3176353,1.0,0.0,1.1297829,0.8,1.0,0.0,1.0,1.0,0.0,0.0,0.0,0.0,0.0,0.0,1.0,5.0,5.0,1.0,0.0,0.0,1.0,False,False,False,False,False,False,False,False,False,False,False,False,PASS
801,80,1,0.0,1.0,0.0,1.0,7.755643,1.0,0.0,0.0,0.0,1.0,0.0,1.0,1.0,0.0,0.0,0.0,0.0,0.0,0.0,1.0,5.0,5.0,1.0,0.0,0.0,1.0,False,False,False,False,False,False,False,False,False,False,False,False,PASS
802,80,1,0.0,0.77500004,0.0,1.0,5.115503,1.0,0.0,88.74914,7.1000000000000005,0.0,0.0,0.8994872,1.0,0.0,0.0,0.0,0.0,0.0,0.0,1.0,5.0,5.0,1.0,0.0,0.0,0.8621411,False,False,False,False,False,False,False,False,False,False,False,False,PASS
803,80,1,0.0,1.0,0.0,1.0,9.221924,1.0,0.0,98.85759,8.0,0.0,0.0,0.7968069,1.0,0.0,0.0,0.0,0.0,0.0,0.0,1.0,5.0,5.0,1.0,0.0,0.0,0.85776484,False,False,False,False,False,False,False,False,False,False,False,False,PASS
804,80,1,0.0,0.8875,0.0,1.0,9.73745,1.0,0.0,123.32878,8.0,0.0,0.0,0.8243514,1.0,0.0,0.0,0.0,0.0,0.0,0.0,1.0,5.0,5.0,1.0,0.0,0.0,0.843296,False,False,False,False,False,False,False,False,False,False,False,False,PASS
805,80,1,0.0,1.0,0.0,1.0,6.9400163,1.0,0.0,48.809326,8.0,0.0,0.0,1.0,1.0,0.0,0.0,0.0,0.0,0.0,0.0,1.0,5.0,5.0,1.0,0.0,0.0,1.0,False,False,False,False,False,False,False,False,False,False,False,False,PASS
806,80,1,0.0,1.0,3.1117098,0.5,6.2936325,1.0,0.0,66.33906,7.9,0.0,0.0,0.8175686,1.0,0.0,0.0,0.0,0.0,0.0,0.0,1.0,5.0,5.0,1.0,0.0,0.0,0.87229806,False,False,False,False,False,False,False,False,False,False,False,False,PASS
807,80,1,0.0,0.8125,0.0,1.0,15.309801,0.0,0.0,138.97719,8.0,0.0,0.0,0.78321594,1.0,0.0,0.0,0.0,0.0,1.389946,5.0038056,0.9480497,5.0,5.0,1.0,0.8958299,0.7543831,0.7920012,False,False,False,False,False,False,False,False,False,False,False,False,PASS
808,80,1,0.0,0.925,0.0,1.0,17.604689,0.0,0.0,21.715895,3.2,1.5,0.0,0.6016912,1.0,0.0,0.0,0.0,0.0,0.0,0.0,1.0,5.0,5.0,1.0,0.86615354,0.9662346,0.69868386,False,False,False,False,False,False,False,False,True,False,False,False,PASS
809,80,1,0.0,1.0,0.0,1.0,11.195035,1.0,0.0,131.94165,8.0,0.0,0.0,0.8131351,1.0,0.0,0.0,0.0,0.0,0.06015396,0.21655425,0.9996585,5.0,5.0,1.0,0.0,0.0,0.8691946,False,False,False,False,False,False,False,False,False,False,False,False,PASS
810,80,1,0.0,1.0,0.0,1.0,4.097197,1.0,0.0,47.809242,6.2,0.0,0.0,0.8707501,1.0,0.0,0.0,0.0,0.0,0.0,0.0,1.0,5.0,5.0,1.0,0.0,0.0,0.9095251,False,False,False,False,False,False,False,False,False,False,False,False,PASS
811,80,1,0.0,1.0,0.0,1.0,5.8609476,1.0,0.0,53.60291,7.2,0.0,0.0,0.8354284,1.0,0.0,0.0,0.0,0.0,0.0,0.0,1.0,5.0,5.0,1.0,0.0,0.0,0.88479996,False,False,False,False,False,False,False,False,False,False,False,False,PASS
812,80,1,0.0,0.875,0.0,1.0,15.835693,1.0,0.0,180.90598,7.9,0.0,0.0,0.9622987,1.0,0.0,0.0,0.0,0.0,3.0148869,10.853592,0.0,5.0,5.0,1.0,0.0,0.0,0.93610907,False,False,False,False,False,False,False,False,False,False,False,False,PASS
813,80,1,0.0,0.8,0.0,1.0,8.058322,1.0,0.0,111.67994,6.300000000000001,0.0,0.0,0.87384945,1.0,0.0,0.0,0.0,0.0,0.0,0.0,1.0,5.0,5.0,1.0,0.0,0.0,0.8516947,False,False,False,False,False,False,False,False,False,False,False,False,PASS
814,80,1,0.0,1.0,0.0,1.0,11.2598095,1.0,0.0,55.33747,6.7,0.0,0.0,0.7199379,1.0,0.0,0.0,0.0,0.0,0.0,0.0,1.0,5.0,5.0,1.0,0.0,0.0,0.8039566,False,False,False,False,False,False,False,False,False,False,False,False,PASS
815,80,1,0.0,0.7625,0.0,1.0,18.561865,1.0,0.0,114.183754,8.0,0.0,0.0,0.8748453,1.0,0.0,0.0,0.0,0.0,0.42138672,1.5169921,0.9734997,5.0,5.0,1.0,0.0,0.0,0.8411417,False,False,False,False,False,False,False,False,False,False,False,False,PASS
816,80,1,0.0,0.925,0.9811251,1.0,8.265198,1.0,0.0,15.081915,3.2,1.5,0.0,1.0,1.0,0.0,0.0,0.0,0.0,0.0,0.0,1.0,5.0,5.0,1.0,0.0,0.0,0.97749996,False,False,False,False,False,False,False,False,False,False,False,False,PASS
817,80,1,0.0,1.0,0.7252575,1.0,0.949591,1.0,0.0,40.86374,5.800000000000001,0.0,0.0,1.0000001,1.0,0.0,0.0,0.0,0.0,0.0,0.0,1.0,4.6,4.99375,1.0,0.0,0.0,1.0,False,False,False,False,False,False,False,False,False,False,False,False,PASS
818,80,1,0.0,1.0,0.0,1.0,7.1741114,1.0,0.0,72.108795,7.6,0.0,0.0,0.7939632,1.0,0.0,0.0,0.0,0.0,0.0,0.0,1.0,5.0,5.0,1.0,0.0,0.0,0.8557742,False,False,False,False,False,False,False,False,False,False,False,False,PASS
819,80,1,0.0,0.8875,0.0,1.0,10.136649,0.0,0.0,96.59633,8.0,0.0,0.0,0.9377526,1.0,0.0,0.0,0.0,0.0,0.0,0.0,1.0,5.0,5.0,1.0,0.96648514,0.81388223,0.92267686,False,False,False,False,False,False,False,False,False,False,False,False,PASS
820,80,1,0.0,0.9125,0.57137257,1.0,8.938324,1.0,0.0,41.02034,6.2,0.0,0.0,1.0,1.0,0.0,0.0,0.0,0.0,0.0,0.0,1.0,3.0,4.7925005,1.0,0.0,0.0,0.97375005,False,False,False,False,False,False,False,False,False,False,False,False,PASS
821,80,1,0.0,0.6125,0.0,1.0,12.175105,1.0,0.0,39.409195,2.1,1.0,0.0,0.8371971,1.0,0.0,0.0,0.0,0.0,1.9551811,7.038652,0.9235238,5.0,5.0,1.0,0.0,0.0,0.76978797,False,False,False,False,False,False,False,False,False,False,False,False,PASS
822,80,1,0.0,0.90000004,0.0,1.0,3.902952,1.0,0.0,61.738205,8.0,0.0,0.0,0.8452153,1.0,0.0,0.0,0.0,0.0,0.0,0.0,1.0,4.3,4.9675,1.0,0.0,0.0,0.86165076,False,False,False,False,False,False,False,False,False,False,False,False,PASS
823,80,1,0.0,1.0,0.0,1.0,3.3318398,1.0,0.0,51.27816,8.0,0.0,0.0,1.0,1.0,0.0,0.0,0.0,0.0,0.0,0.0,1.0,4.2000003,4.94125,1.0,0.0,0.0,1.0,False,False,False,False,False,False,False,False,False,False,False,False,PASS
824,80,1,0.0,1.0,0.0,1.0,7.9515643,1.0,0.0,53.68927,5.7,0.5,0.0,1.0,1.0,0.0,0.0,0.0,0.0,0.0,0.0,1.0,3.3,4.7650003,1.0,0.0,0.0,1.0,False,False,False,False,False,False,False,False,False,False,False,False,PASS
825,80,1,0.0,0.9125,0.0,1.0,6.4531875,0.0,0.0,66.785255,5.9,0.0,0.0,0.9898467,1.0,0.0,0.0,0.0,0.0,0.0,0.0,1.0,5.0,5.0,1.0,0.9858896,0.83022285,0.9666428,False,False,False,False,False,False,False,False,False,False,False,False,PASS
826,80,1,0.0,0.8875,0.0,1.0,10.547545,1.0,0.0,38.97386,3.9,0.5,0.0,0.7578706,1.0,0.0,0.0,0.0,0.0,0.0,0.0,1.0,5.0,5.0,1.0,0.0,0.0,0.7967594,False,False,False,False,False,False,False,False,False,False,False,False,PASS
827,80,1,0.0,0.8875,0.0,1.0,9.490089,1.0,0.0,134.65448,8.0,0.0,0.0,0.8649887,1.0,0.0,0.0,0.0,0.0,0.0,0.0,1.0,5.0,5.0,1.0,0.0,0.0,0.87174207,False,False,False,False,False,False,False,False,False,False,False,False,PASS
828,80,1,0.0,1.0,0.0,1.0,0.32594225,0.0,0.0,0.28206182,8.0,0.0,0.0,1.0,1.0,0.0,0.0,0.0,0.0,0.0,0.0,1.0,5.0,5.0,1.0,1.0,0.84210527,1.0,False,False,False,False,False,False,False,False,False,False,False,False,PASS
829,80,1,0.0,1.0,0.0,1.0,0.16990502,1.0,0.0,0.20992905,8.0,0.0,0.0,1.0,1.0,0.0,0.0,0.0,0.0,0.0,0.0,1.0,5.0,5.0,1.0,0.0,0.0,1.0,False,False,False,False,False,False,False,False,False,False,False,False,PASS
830,80,1,0.0,0.8875,0.0,1.0,12.477966,1.0,0.0,72.33392,7.6,0.0,0.0,0.7004212,1.0,0.0,0.0,0.0,0.0,0.0,0.0,1.0,3.4,4.92375,1.0,0.0,0.0,0.7565448,False,False,False,False,False,False,False,False,False,False,False,False,PASS
831,80,1,0.0,0.77500004,0.0,1.0,4.3931155,1.0,0.0,109.7499,5.6000000000000005,0.5,0.0,0.9119441,1.0,0.0,0.0,0.0,0.0,1.8490276,6.6564994,0.7121309,5.0,5.0,1.0,0.0,0.0,0.8708609,False,False,False,False,False,False,False,False,False,False,False,False,PASS
832,80,1,0.0,0.8125,0.0,1.0,6.367517,1.0,0.0,24.259338,3.7,0.5,0.0,0.79901135,1.0,0.0,0.0,0.0,0.0,0.0,0.0,1.0,1.5,4.89875,1.0,0.0,0.0,0.80305797,False,False,False,False,False,False,False,False,False,False,False,False,PASS
833,80,1,0.0,0.90000004,0.0,1.0,4.5310826,1.0,0.0,132.488,8.0,0.0,0.0,1.0,1.0,0.0,0.0,0.0,0.0,0.0,0.0,1.0,5.0,5.0,1.0,0.0,0.0,0.96999997,False,False,False,False,False,False,False,False,False,False,False,False,PASS
834,80,1,0.0,1.0,0.0,1.0,5.0016212,1.0,0.0,41.134834,7.6,0.0,0.0,0.99999994,1.0,0.0,0.0,0.0,0.0,0.0,0.0,1.0,5.0,5.0,1.0,0.0,0.0,1.0,False,False,False,False,False,False,False,False,False,False,False,False,PASS
835,80,1,0.0,1.0,0.0,1.0,0.17525266,1.0,0.0,0.17071012,8.0,0.0,0.0,1.0,1.0,0.0,0.0,0.0,0.0,0.0,0.0,1.0,5.0,5.0,1.0,0.0,0.0,1.0,False,False,False,False,False,False,False,False,False,False,False,False,PASS
836,80,1,0.0,1.0,0.0,1.0,0.4572812,1.0,0.0,0.43365628,8.0,0.0,0.0,1.0,1.0,0.0,0.0,0.0,0.0,0.0,0.0,1.0,5.0,5.0,1.0,0.0,0.0,1.0,False,False,False,False,False,False,False,False,False,False,False,False,PASS
837,80,1,0.0,0.6875,0.0,1.0,12.35909,1.0,0.0,127.41449,6.800000000000001,0.0,0.0,0.8348607,1.0,0.0,0.0,0.0,0.0,1.8400478,6.624172,0.94785905,5.0,5.0,1.0,0.0,0.0,0.79065245,False,False,False,False,False,False,False,False,False,False,False,False,PASS
838,38,0,0.0,0.4473684,0.0,1.0,3.3278463,0.0,0.0,82.19812,3.8,0.5,1.0,0.43778974,1.0,0.0,0.0,0.0,0.0,3.3124638,11.92487,0.28393787,5.0,5.0,1.0,0.57621485,0.5641809,0.0,True,True,False,False,False,False,False,True,True,True,True,True,OVERLAP
839,80,1,0.0,1.0,0.0,1.0,0.17998163,0.0,0.0,0.16929477,8.0,0.0,0.0,1.0,1.0,0.0,0.0,0.0,0.0,0.0,0.0,1.0,5.0,5.0,1.0,1.0,0.84210527,1.0,False,False,False,False,False,False,False,False,False,False,False,False,PASS
840,80,1,0.0,0.8875,0.0,1.0,3.768601,0.0,0.0,77.709656,8.0,0.0,0.0,0.912433,1.0,0.0,0.0,0.0,0.0,0.0,0.0,1.0,2.7,4.945,1.0,0.9585728,0.8072192,0.9049531,False,False,False,False,False,False,False,False,False,False,False,False,PASS
841,80,1,0.0,0.6375,0.0,1.0,7.433231,1.0,0.0,76.51016,5.6000000000000005,0.5,0.0,0.8587614,1.0,0.0,0.0,0.0,0.0,0.0,0.0,1.0,5.0,5.0,1.0,0.0,0.0,0.792383,False,False,False,False,False,False,False,False,False,False,False,False,PASS
842,80,1,0.0,1.0,0.0,1.0,1.5435404,1.0,0.0,0.0,0.0,1.0,0.0,1.0,1.0,0.0,0.0,0.0,0.0,0.0,0.0,1.0,5.0,5.0,1.0,0.0,0.0,1.0,False,False,False,False,False,False,False,False,False,False,False,False,PASS
843,80,1,0.0,0.875,0.0,1.0,9.498433,1.0,0.0,128.52396,8.0,0.0,0.0,0.8502445,1.0,0.0,0.0,0.0,0.0,0.0,0.0,1.0,5.0,5.0,1.0,0.0,0.0,0.8576712,False,False,False,False,False,False,False,False,False,False,False,False,PASS
844,80,1,0.0,1.0,0.0,1.0,3.787255,1.0,0.0,9.486949,8.0,0.0,0.0,1.0,1.0,0.0,0.0,0.0,0.0,0.0,0.0,1.0,5.0,5.0,1.0,0.0,0.0,1.0,False,False,False,False,False,False,False,False,False,False,False,False,PASS
845,80,1,0.0,1.0,0.0,1.0,12.081568,1.0,0.0,144.30789,8.0,0.0,0.0,0.81260747,1.0,0.0,0.0,0.0,0.0,1.8986778,6.83524,0.8753803,5.0,5.0,1.0,0.0,0.0,0.86882526,False,False,False,False,False,False,False,False,False,False,False,False,PASS
846,80,1,0.0,1.0,0.0,1.0,8.974048,1.0,0.0,112.575325,8.0,0.0,0.0,0.79429185,1.0,0.0,0.0,0.0,0.0,0.0,0.0,1.0,1.9,4.9175005,1.0,0.0,0.0,0.85600436,False,False,False,False,False,False,False,False,False,False,False,False,PASS
847,80,1,0.0,1.0,0.0,1.0,3.7888494,1.0,0.0,69.619675,7.4,0.0,0.0,0.87566745,1.0,0.0,0.0,0.0,0.0,0.0,0.0,1.0,5.0,5.0,1.0,0.0,0.0,0.9129672,False,False,False,False,False,False,False,False,False,False,False,False,PASS
848,80,1,0.0,0.8875,0.0,1.0,12.674511,1.0,0.0,130.75368,7.6,0.0,0.0,0.79434997,1.0,0.0,0.0,0.0,0.0,0.33469772,1.2049118,0.99535024,5.0,5.0,1.0,0.0,0.0,0.822295,False,False,False,False,False,False,False,False,False,False,False,False,PASS
849,80,1,0.0,0.8875,0.0,1.0,19.38346,1.0,0.0,133.8691,8.0,0.0,0.0,0.72187775,1.0,0.0,0.0,0.0,0.0,2.3928719,8.614339,0.90235186,1.3000001,4.95375,1.0,0.0,0.0,0.7715644,False,False,False,False,False,False,False,False,False,False,False,False,PASS
850,80,1,0.0,1.0,0.0,1.0,0.12485211,1.0,0.0,0.11277276,8.0,0.0,0.0,1.0,1.0,0.0,0.0,0.0,0.0,0.0,0.0,1.0,5.0,5.0,1.0,0.0,0.0,1.0,False,False,False,False,False,False,False,False,False,False,False,False,PASS
851,80,1,0.0,0.8875,0.0,1.0,1.5117787,0.0,0.0,122.89458,7.300000000000001,0.0,0.0,0.9898844,1.0,0.0,0.0,0.0,0.0,0.0,0.0,1.0,5.0,5.0,1.0,0.98277634,0.82760113,0.95916903,False,False,False,False,False,False,False,False,False,False,False,False,PASS
852,80,1,0.0,1.0,0.0,1.0,3.850454,1.0,0.0,11.415426,5.2,0.5,0.0,0.6311472,1.0,0.0,0.0,0.0,0.0,0.0,0.0,1.0,5.0,5.0,1.0,0.0,0.0,0.74180305,False,False,False,False,False,False,False,False,True,False,False,False,PASS
853,80,1,0.0,0.71250004,0.0,1.0,12.25044,1.0,0.0,106.625404,7.9,0.0,0.0,0.8112607,1.0,0.0,0.0,0.0,0.0,0.0,0.0,1.0,5.0,5.0,1.0,0.0,0.0,0.78163254,False,False,False,False,False,False,False,False,False,False,False,False,PASS
854,80,1,0.0,0.675,0.0,1.0,12.958968,1.0,0.0,134.48193,8.0,0.0,0.0,1.0,1.0,0.0,0.0,0.0,0.0,2.5111504,9.040141,0.41434133,1.9,4.6962504,1.0,0.0,0.0,0.9025,False,False,False,False,False,False,False,False,False,False,False,False,PASS
855,80,1,0.0,1.0,0.0,1.0,9.713973,1.0,0.0,29.650997,3.9,0.5,0.0,0.70552135,1.0,0.0,0.0,0.0,0.0,0.0,0.0,1.0,5.0,5.0,1.0,0.0,0.0,0.7938649,False,False,False,False,False,False,False,False,False,False,False,False,PASS
856,80,1,0.0,0.8875,0.0,1.0,9.677356,1.0,0.0,88.32942,8.0,0.0,0.0,0.7982769,1.0,0.0,0.0,0.0,0.0,0.0,0.0,1.0,3.8,4.8362503,1.0,0.0,0.0,0.82504386,False,False,False,False,False,False,False,False,False,False,False,False,PASS
857,80,1,0.0,0.875,0.0,1.0,8.86079,1.0,0.0,25.549257,6.6000000000000005,0.0,0.0,1.0,1.0,0.0,0.0,0.0,0.0,0.0,0.0,1.0,2.4,4.4425,1.0,0.0,0.0,0.96250004,False,False,False,False,False,False,False,False,False,False,False,False,PASS
858,80,1,0.0,1.0,0.0,1.0,3.4532077,0.0,0.0,62.221718,8.0,0.0,0.0,1.0,1.0,0.0,0.0,0.0,0.0,0.0,0.0,1.0,4.1,4.96,1.0,1.0,0.84210527,1.0,False,False,False,False,False,False,False,False,False,False,False,False,PASS
859,80,1,0.0,0.7375,0.0,1.0,10.467331,0.0,0.0,159.86456,8.0,0.0,0.0,0.84967196,1.0,0.0,0.0,0.0,0.0,3.1924381,11.492777,0.71193695,5.0,5.0,1.0,0.84819424,0.71426886,0.8160204,False,False,False,False,False,False,False,False,False,False,False,False,PASS
860,80,1,0.0,0.5125,0.0,1.0,93.005424,0.0,0.0,182.54285,8.0,0.0,0.0,0.42438042,1.0,0.0,0.0,0.0,0.0,3.7215347,13.397525,0.0,5.0,5.0,1.0,0.5091814,0.4287843,0.4508163,False,False,False,False,False,False,False,True,True,False,True,False,LOW_PROGRESS
861,80,1,0.0,1.0,0.58869797,1.0,5.6175685,0.0,0.0,32.045258,5.5,0.5,0.0,1.0,1.0,0.0,0.0,0.0,0.0,0.0,0.0,1.0,5.0,5.0,1.0,1.0,0.92105263,1.0,False,False,False,False,False,False,False,False,False,False,False,False,PASS
862,80,1,0.0,0.85,0.0,1.0,10.5462675,1.0,0.0,151.34006,8.0,0.0,0.0,0.8498411,1.0,0.0,0.0,0.0,0.0,1.868021,6.7248755,0.9026989,5.0,5.0,1.0,0.0,0.0,0.8498888,False,False,False,False,False,False,False,False,False,False,False,False,PASS
863,80,1,0.0,0.925,0.0,1.0,2.5479007,0.0,0.0,50.148544,3.6,0.5,0.0,0.99999994,1.0,0.0,0.0,0.0,0.0,0.0,0.0,1.0,5.0,5.0,1.0,0.990625,0.91315794,0.97749996,False,False,False,False,False,False,False,False,False,False,False,False,PASS
864,80,1,0.0,0.925,0.0,1.0,4.9063506,1.0,0.0,45.85092,6.800000000000001,0.0,0.0,1.0,1.0,0.0,0.0,0.0,0.0,0.0,0.0,1.0,5.0,5.0,1.0,0.0,0.0,0.97749996,False,False,False,False,False,False,False,False,False,False,False,False,PASS
865,80,1,0.0,0.6375,0.0,1.0,16.813175,1.0,0.0,123.6859,7.4,0.0,0.0,0.74988693,1.0,0.0,0.0,0.0,0.0,1.9041538,6.854954,0.9380024,5.0,5.0,1.0,0.0,0.0,0.71617085,False,False,False,False,False,False,False,False,False,False,False,False,PASS
866,80,1,0.0,0.875,0.0,1.0,8.874056,0.0,0.0,1.8681033,0.1,1.0,0.0,0.8387495,1.0,0.0,0.0,0.0,0.0,0.0,0.0,1.0,5.0,5.0,1.0,0.9339842,0.9444078,0.84962463,False,False,False,False,False,False,False,False,False,False,False,False,PASS
867,80,1,0.0,1.0,0.0,1.0,8.920166,1.0,0.0,139.74814,7.6,0.0,0.0,0.8619886,1.0,0.0,0.0,0.0,0.0,1.0408936,3.7472167,0.95397705,5.0,5.0,1.0,0.0,0.0,0.903392,False,False,False,False,False,False,False,False,False,False,False,False,PASS
868,80,1,0.0,1.0,0.0,1.0,0.16349784,1.0,0.0,0.15190713,8.0,0.0,0.0,1.0,1.0,0.0,0.0,0.0,0.0,0.0,0.0,1.0,5.0,5.0,1.0,0.0,0.0,1.0,False,False,False,False,False,False,False,False,False,False,False,False,PASS
869,80,1,0.0,1.0,0.0,1.0,0.028914625,1.0,0.0,0.043407045,8.0,0.0,0.0,1.0,1.0,0.0,0.0,0.0,0.0,0.0,0.0,1.0,5.0,5.0,1.0,0.0,0.0,1.0,False,False,False,False,False,False,False,False,False,False,False,False,PASS
870,80,1,0.0,1.0,0.0,1.0,7.793358,1.0,0.0,111.36516,8.0,0.0,0.0,0.8344729,1.0,0.0,0.0,0.0,0.0,0.0,0.0,1.0,5.0,5.0,1.0,0.0,0.0,0.8841311,False,False,False,False,False,False,False,False,False,False,False,False,PASS
871,80,1,0.0,0.875,0.0,1.0,18.048374,0.0,0.0,122.835335,7.5,0.0,0.0,0.7364277,1.0,0.0,0.0,0.0,0.0,1.8868732,6.7927437,0.9354673,5.0,5.0,1.0,0.88587546,0.7460004,0.7779994,False,False,False,False,False,False,False,False,False,False,False,False,PASS
872,80,1,0.0,0.875,0.0,1.0,7.6913505,1.0,0.0,45.42657,7.0,0.0,0.0,0.99999994,1.0,0.0,0.0,0.0,0.0,0.0,0.0,1.0,5.0,5.0,1.0,0.0,0.0,0.96250004,False,False,False,False,False,False,False,False,False,False,False,False,PASS
873,80,1,0.0,1.0,0.0,1.0,0.017507968,0.0,0.0,0.16540489,8.0,0.0,0.0,1.0,1.0,0.0,0.0,0.0,0.0,0.0,0.0,1.0,4.2000003,4.96875,1.0,1.0,0.84210527,1.0,False,False,False,False,False,False,False,False,False,False,False,False,PASS
874,80,1,0.0,0.83750004,0.0,1.0,18.494902,1.0,0.0,125.91501,8.0,0.0,0.0,0.7127148,1.0,0.0,0.0,0.0,0.0,1.8827152,6.777775,0.9453428,5.0,5.0,1.0,0.0,0.0,0.7501504,False,False,False,False,False,False,False,False,False,False,False,False,PASS
875,80,1,0.0,0.825,0.0,1.0,17.35453,1.0,0.0,160.57936,8.0,0.0,0.0,0.87534964,1.0,0.0,0.0,0.0,0.0,1.8235722,6.5648594,0.83992857,5.0,5.0,1.0,0.0,0.0,0.86024475,False,False,False,False,False,False,False,False,False,False,False,False,PASS
876,80,1,0.0,0.8875,0.0,1.0,4.9235826,1.0,0.0,61.36638,8.0,0.0,0.0,0.96077853,1.0,0.0,0.0,0.0,0.0,0.0,0.0,1.0,5.0,5.0,1.0,0.0,0.0,0.9387949,False,False,False,False,False,False,False,False,False,False,False,False,PASS
877,80,1,0.0,1.0,0.0,1.0,11.270388,1.0,0.0,73.73116,6.7,0.0,0.0,0.7605357,1.0,0.0,0.0,0.0,0.0,0.0,0.0,1.0,2.8,4.81625,1.0,0.0,0.0,0.832375,False,False,False,False,False,False,False,False,False,False,False,False,PASS
878,80,1,0.0,1.0,0.0,1.0,2.2779224,0.0,0.0,6.172337,8.0,0.0,0.0,1.0,1.0,0.0,0.0,0.0,0.0,0.0,0.0,1.0,5.0,5.0,1.0,1.0,0.84210527,1.0,False,False,False,False,False,False,False,False,False,False,False,False,PASS
879,80,1,0.0,1.0,0.0,1.0,0.0923687,1.0,0.0,0.09465831,8.0,0.0,0.0,1.0,1.0,0.0,0.0,0.0,0.0,0.0,0.0,1.0,5.0,5.0,1.0,0.0,0.0,1.0,False,False,False,False,False,False,False,False,False,False,False,False,PASS
880,80,1,0.0,0.77500004,0.0,1.0,9.597655,1.0,0.0,154.43127,8.0,0.0,0.0,0.8752952,1.0,0.0,0.0,0.0,0.0,1.9306717,6.950418,0.88574827,5.0,5.0,1.0,0.0,0.0,0.8452067,False,False,False,False,False,False,False,False,False,False,False,False,PASS
881,80,1,0.0,0.8875,0.0,1.0,4.4142656,1.0,0.0,128.18433,8.0,0.0,0.0,0.96863115,1.0,0.0,0.0,0.0,0.0,0.0,0.0,1.0,5.0,5.0,1.0,0.0,0.0,0.9442918,False,False,False,False,False,False,False,False,False,False,False,False,PASS
882,80,1,0.0,0.925,0.0,1.0,5.328396,1.0,0.0,47.744118,8.0,0.0,0.0,1.0,1.0,0.0,0.0,0.0,0.0,0.0,0.0,1.0,5.0,5.0,1.0,0.0,0.0,0.97749996,False,False,False,False,False,False,False,False,False,False,False,False,PASS
883,80,1,0.0,1.0,0.0,1.0,0.0951305,1.0,0.0,0.09328065,8.0,0.0,0.0,1.0,1.0,0.0,0.0,0.0,0.0,0.0,0.0,1.0,5.0,5.0,1.0,0.0,0.0,1.0,False,False,False,False,False,False,False,False,False,False,False,False,PASS
884,80,1,0.0,1.0,0.0,1.0,0.6153859,1.0,0.0,0.5979079,8.0,0.0,0.0,1.0,1.0,0.0,0.0,0.0,0.0,0.0,0.0,1.0,5.0,5.0,1.0,0.0,0.0,1.0,False,False,False,False,False,False,False,False,False,False,False,False,PASS
885,80,1,0.0,0.8875,13.131041,0.0,2.2546148,1.0,0.0,67.3434,6.7,0.0,0.0,0.976231,1.0,0.0,0.0,0.0,0.0,0.0,0.0,1.0,4.9,4.99875,1.0,0.0,0.0,0.94961166,False,False,False,False,False,False,False,False,False,False,False,False,PASS
886,80,1,0.0,0.8875,0.0,1.0,9.995067,1.0,0.0,155.28474,8.0,0.0,0.0,0.875539,1.0,0.0,0.0,0.0,0.0,1.8737583,6.7455297,0.8210721,4.7000003,4.9925,1.0,0.0,0.0,0.8791273,False,False,False,False,False,False,False,False,False,False,False,False,PASS
887,1,0,1.0,0.0,0.0,1.0,0.017253501,1.0,0.0,0.034026463,0.1,1.0,1.0,1.0,1.0,0.0,0.0,0.0,0.0,0.0,0.0,1.0,5.0,5.0,1.0,0.0,0.0,0.0,True,True,False,True,False,True,False,False,False,True,True,True,OVERLAP+AT_FAULT
888,80,1,0.0,0.7875,0.0,1.0,16.973986,1.0,0.0,167.61815,8.0,0.0,0.0,0.9233961,1.0,0.0,0.0,0.0,0.0,1.6215115,5.837441,0.6158248,5.0,5.0,1.0,0.0,0.0,0.8826273,False,False,False,False,False,False,False,False,False,False,False,False,PASS
889,80,1,0.0,0.85,0.0,1.0,8.727671,1.0,0.0,155.67337,8.0,0.0,0.0,0.8614766,1.0,0.0,0.0,0.0,0.0,2.992796,10.774065,0.75042605,5.0,5.0,1.0,0.0,0.0,0.85803366,False,False,False,False,False,False,False,False,False,False,False,False,PASS
890,80,1,0.0,1.0,0.0,1.0,0.020963266,1.0,0.0,0.03173161,8.0,0.0,0.0,1.0,1.0,0.0,0.0,0.0,0.0,0.0,0.0,1.0,5.0,5.0,1.0,0.0,0.0,1.0,False,False,False,False,False,False,False,False,False,False,False,False,PASS
891,80,1,0.0,0.8875,0.0,1.0,14.569129,1.0,0.0,123.961136,8.0,0.0,0.0,0.75371736,1.0,0.0,0.0,0.0,0.0,0.0,0.0,1.0,5.0,5.0,1.0,0.0,0.0,0.79385215,False,False,False,False,False,False,False,False,False,False,False,False,PASS
892,80,1,0.0,1.0,0.0,1.0,4.7197714,1.0,0.0,10.243835,8.0,0.0,0.0,0.9901702,1.0,0.0,0.0,0.0,0.0,0.0,0.0,1.0,0.6,4.7599998,0.0,0.0,0.0,0.9931192,False,False,False,False,False,False,False,False,False,False,False,False,PASS
893,80,1,0.0,0.83750004,0.0,1.0,9.296892,1.0,0.0,70.91469,8.0,0.0,0.0,0.7436845,1.0,0.0,0.0,0.0,0.0,0.0,0.0,1.0,5.0,5.0,1.0,0.0,0.0,0.7718291,False,False,False,False,False,False,False,False,False,False,False,False,PASS
894,80,1,0.0,0.8125,0.0,1.0,14.892207,1.0,0.0,154.62105,7.6,0.0,0.0,0.8498874,1.0,0.0,0.0,0.0,0.0,3.4219055,12.318859,0.5706712,5.0,5.0,1.0,0.0,0.0,0.83867115,False,False,False,False,False,False,False,False,False,False,False,False,PASS
895,80,1,0.0,0.925,0.0,1.0,14.467391,1.0,0.0,60.62633,7.0,0.0,0.0,0.6638332,1.0,0.0,0.0,0.0,0.0,0.0,0.0,1.0,5.0,5.0,1.0,0.0,0.0,0.74218327,False,False,False,False,False,False,False,False,True,False,False,False,PASS
896,80,1,0.0,0.83750004,0.0,1.0,4.289285,1.0,0.0,47.221138,8.0,0.0,0.0,0.8652691,1.0,0.0,0.0,0.0,0.0,0.0,0.0,1.0,5.0,5.0,1.0,0.0,0.0,0.85693836,False,False,False,False,False,False,False,False,False,False,False,False,PASS
897,80,1,0.0,0.725,0.0,1.0,3.0453,0.0,0.0,167.88367,8.0,0.0,0.0,0.93617845,1.0,0.0,0.0,0.0,0.0,2.577139,9.277699,0.45093602,5.0,5.0,1.0,0.80841476,0.68077034,0.87282497,False,False,False,False,False,False,False,False,False,False,False,False,PASS
898,80,1,0.0,0.65000004,0.0,1.0,13.654677,0.0,0.0,56.995033,2.6,1.0,0.0,0.80071115,1.0,0.0,0.0,0.0,0.0,3.5470123,12.769244,0.7069739,5.0,5.0,1.0,0.8207157,0.8490237,0.7554979,False,False,False,False,False,False,False,False,False,False,False,False,PASS
899,80,1,0.0,0.8875,0.0,1.0,7.5383487,0.0,0.0,98.28602,6.800000000000001,0.0,0.0,0.8497661,1.0,0.0,0.0,0.0,0.0,0.0,0.0,1.0,5.0,5.0,1.0,0.9389894,0.7907279,0.8610863,False,False,False,False,False,False,False,False,False,False,False,False,PASS
900,80,1,0.0,0.8875,0.0,1.0,8.755124,1.0,0.0,128.27591,8.0,0.0,0.0,0.8358782,1.0,0.0,0.0,0.0,0.0,0.0,0.0,1.0,5.0,5.0,1.0,0.0,0.0,0.85136473,False,False,False,False,False,False,False,False,False,False,False,False,PASS
901,80,1,0.0,0.8875,0.0,1.0,4.289758,1.0,0.0,86.556915,8.0,0.0,0.0,1.0,1.0,0.0,0.0,0.0,0.0,0.0,0.0,1.0,2.5,4.8562503,1.0,0.0,0.0,0.96625006,False,False,False,False,False,False,False,False,False,False,False,False,PASS
902,80,1,0.0,0.8625,0.0,1.0,3.5953858,1.0,0.0,119.53563,8.0,0.0,0.0,0.99999994,1.0,0.0,0.0,0.0,0.0,0.0,0.0,1.0,5.0,5.0,1.0,0.0,0.0,0.95874995,False,False,False,False,False,False,False,False,False,False,False,False,PASS
903,80,1,0.0,0.8875,0.0,1.0,12.217822,1.0,0.0,154.5437,8.0,0.0,0.0,0.8126526,1.0,0.0,0.0,0.0,0.0,3.537899,12.736436,0.67050064,5.0,5.0,1.0,0.0,0.0,0.83510685,False,False,False,False,False,False,False,False,False,False,False,False,PASS
904,80,1,0.0,0.925,0.0,1.0,6.1081285,1.0,0.0,100.48088,8.0,0.0,0.0,0.859989,1.0,0.0,0.0,0.0,0.0,0.0,0.0,1.0,5.0,5.0,1.0,0.0,0.0,0.8794923,False,False,False,False,False,False,False,False,False,False,False,False,PASS
905,73,0,0.0,0.7808219,0.0,1.0,14.727653,0.0,0.0,128.15967,7.300000000000001,0.0,1.0,0.72492397,1.0,0.0,0.0,0.0,0.0,1.9659023,7.077248,0.9409123,1.7,4.8273973,1.0,0.87186956,0.73420596,0.0,True,True,False,False,False,False,False,False,False,False,True,True,OVERLAP
906,80,1,0.0,0.925,0.0,1.0,14.445073,1.0,0.0,63.510414,6.7,0.0,0.0,0.6851499,1.0,0.0,0.0,0.0,0.0,0.0,0.0,1.0,2.0,4.92625,1.0,0.0,0.0,0.75710493,False,False,False,False,False,False,False,False,True,False,False,False,PASS
907,80,1,0.0,0.8875,0.0,1.0,12.0157385,1.0,0.0,90.019394,4.4,0.5,0.0,0.81237036,1.0,0.0,0.0,0.0,0.0,3.3379688,12.016687,0.695559,5.0,5.0,1.0,0.0,0.0,0.83490926,False,False,False,False,False,False,False,False,False,False,False,False,PASS
908,80,1,0.0,1.0,0.0,1.0,0.048361167,0.0,0.0,0.0,0.0,1.0,0.0,1.0,1.0,0.0,0.0,0.0,0.0,0.0,0.0,1.0,5.0,5.0,1.0,1.0,1.0,1.0,False,False,False,False,False,False,False,False,False,False,False,False,PASS
909,80,1,0.0,0.8625,0.0,1.0,11.036778,1.0,0.0,119.1992,8.0,0.0,0.0,0.81546676,1.0,0.0,0.0,0.0,0.0,0.0,0.0,1.0,5.0,5.0,1.0,0.0,0.0,0.8295767,False,False,False,False,False,False,False,False,False,False,False,False,PASS
910,80,1,0.0,0.3375,1.1902837,1.0,11.864943,1.0,0.0,111.589584,7.2,0.0,0.0,0.7726202,1.0,0.0,0.0,0.0,0.0,0.0,0.0,1.0,1.4,4.81875,1.0,0.0,0.0,0.6420841,False,False,False,False,False,False,False,False,False,True,False,False,LOW_COMFORT
911,1,0,1.0,1.0,0.0,1.0,0.0061181462,1.0,0.0,0.0,0.0,1.0,1.0,1.0,1.0,0.0,0.0,0.0,0.0,0.0,0.0,1.0,5.0,5.0,1.0,0.0,0.0,0.0,True,True,False,True,False,True,False,False,False,False,True,True,OVERLAP+AT_FAULT
912,80,1,0.0,1.0,0.0,1.0,9.983155,1.0,0.0,27.876432,3.5,0.5,0.0,0.69495374,1.0,0.0,0.0,0.0,0.0,0.0,0.0,1.0,5.0,5.0,1.0,0.0,0.0,0.7864676,False,False,False,False,False,False,False,False,True,False,False,False,PASS
913,80,1,0.0,1.0,0.0,1.0,2.4226189,1.0,0.0,97.45175,8.0,0.0,0.0,0.9483966,1.0,0.0,0.0,0.0,0.0,0.0,0.0,1.0,5.0,5.0,1.0,0.0,0.0,0.9638777,False,False,False,False,False,False,False,False,False,False,False,False,PASS
914,80,1,0.0,1.0,0.0,1.0,3.5350645,1.0,0.0,40.01531,8.0,0.0,0.0,1.0,1.0,0.0,0.0,0.0,0.0,0.0,0.0,1.0,5.0,5.0,1.0,0.0,0.0,1.0,False,False,False,False,False,False,False,False,False,False,False,False,PASS
915,80,1,0.0,0.8875,0.0,1.0,12.280676,1.0,0.0,86.31595,4.4,0.5,0.0,0.83766145,1.0,0.0,0.0,0.0,0.0,3.1458588,11.325091,0.81683457,5.0,5.0,1.0,0.0,0.0,0.8526131,False,False,False,False,False,False,False,False,False,False,False,False,PASS
916,80,1,0.0,1.0,0.0,1.0,0.028798625,0.0,0.0,0.11092558,8.0,0.0,0.0,1.0,1.0,0.0,0.0,0.0,0.0,0.0,0.0,1.0,2.7,4.97125,1.0,1.0,0.84210527,1.0,False,False,False,False,False,False,False,False,False,False,False,False,PASS
917,80,1,0.0,0.8875,0.0,1.0,10.113474,1.0,0.0,147.8082,8.0,0.0,0.0,0.84944296,1.0,0.0,0.0,0.0,0.0,1.6943245,6.099568,0.91239583,5.0,5.0,1.0,0.0,0.0,0.86086005,False,False,False,False,False,False,False,False,False,False,False,False,PASS
918,80,1,0.0,1.0,0.0,1.0,2.953263,1.0,0.0,53.105915,8.0,0.0,0.0,0.9152088,1.0,0.0,0.0,0.0,0.0,0.0,0.0,1.0,5.0,5.0,1.0,0.0,0.0,0.9406462,False,False,False,False,False,False,False,False,False,False,False,False,PASS
919,80,1,0.0,0.8875,0.0,1.0,8.405785,1.0,0.0,80.88396,7.9,0.0,0.0,0.7897692,1.0,0.0,0.0,0.0,0.0,0.0,0.0,1.0,5.0,5.0,1.0,0.0,0.0,0.8190884,False,False,False,False,False,False,False,False,False,False,False,False,PASS
920,80,1,0.0,0.8875,0.0,1.0,19.554722,1.0,0.0,71.723976,5.9,0.0,0.0,0.65391004,1.0,0.0,0.0,0.0,0.0,0.0,0.0,1.0,5.0,5.0,1.0,0.0,0.0,0.72398704,False,False,False,False,False,False,False,False,True,False,False,False,PASS
921,80,1,0.0,0.8875,0.0,1.0,5.256746,1.0,0.0,15.457876,2.1,1.0,0.0,0.8654425,1.0,0.0,0.0,0.0,0.0,0.0,0.0,1.0,3.5,4.84875,1.0,0.0,0.0,0.8720598,False,False,False,False,False,False,False,False,False,False,False,False,PASS
922,80,1,0.0,0.875,0.0,1.0,4.872852,1.0,0.0,139.85992,6.6000000000000005,0.0,0.0,0.923591,1.0,0.0,0.0,0.0,0.0,3.0317478,10.914291,0.47729015,5.0,5.0,1.0,0.0,0.0,0.90901375,False,False,False,False,False,False,False,False,False,False,False,False,PASS
923,80,1,0.0,0.8875,0.0,1.0,1.6224064,1.0,0.0,71.511215,7.800000000000001,0.0,0.0,1.0,1.0,0.0,0.0,0.0,0.0,0.0,0.0,1.0,5.0,5.0,1.0,0.0,0.0,0.96625006,False,False,False,False,False,False,False,False,False,False,False,False,PASS
924,80,1,0.0,0.6625,0.0,1.0,21.537924,0.0,0.0,0.0,0.0,1.0,0.0,0.63733345,1.0,0.0,0.0,0.0,0.0,0.0,0.0,1.0,5.0,5.0,1.0,0.8444792,0.8690351,0.64488345,False,False,False,False,False,False,False,False,True,False,False,False,PASS
925,80,1,0.0,0.6625,0.0,1.0,17.516644,1.0,0.0,110.92891,8.0,0.0,0.0,1.0,1.0,0.0,0.0,0.0,0.0,3.822875,13.76235,0.0,1.7,4.4175,1.0,0.0,0.0,0.89875,False,False,False,False,False,False,False,False,False,False,False,False,PASS
926,80,1,0.0,0.77500004,0.0,1.0,9.313495,1.0,0.0,100.04893,8.0,0.0,0.0,1.0,1.0,0.0,0.0,0.0,0.0,0.0,0.0,1.0,3.4,4.9425,1.0,0.0,0.0,0.9325,False,False,False,False,False,False,False,False,False,False,False,False,PASS
927,80,1,0.0,1.0,0.0,1.0,11.281812,1.0,0.0,93.48863,6.9,0.0,0.0,0.7997362,1.0,0.0,0.0,0.0,0.0,0.0,0.0,1.0,5.0,5.0,1.0,0.0,0.0,0.8598154,False,False,False,False,False,False,False,False,False,False,False,False,PASS
928,80,1,0.0,0.83750004,0.0,1.0,5.229229,1.0,0.0,46.059612,7.7,0.0,0.0,1.0,1.0,0.0,0.0,0.0,0.0,0.0,0.0,1.0,5.0,5.0,1.0,0.0,0.0,0.95125,False,False,False,False,False,False,False,False,False,False,False,False,PASS
929,80,1,0.0,1.0,0.0,1.0,0.19314288,1.0,0.0,0.19731125,8.0,0.0,0.0,1.0,1.0,0.0,0.0,0.0,0.0,0.0,0.0,1.0,5.0,5.0,1.0,0.0,0.0,1.0,False,False,False,False,False,False,False,False,False,False,False,False,PASS
930,80,1,0.0,0.8125,0.0,1.0,14.182701,1.0,0.0,126.53987,6.6000000000000005,0.0,0.0,0.7872981,1.0,0.0,0.0,0.0,0.0,3.1571217,11.365638,0.7809911,5.0,5.0,1.0,0.0,0.0,0.79485863,False,False,False,False,False,False,False,False,False,False,False,False,PASS
931,80,1,0.0,0.875,0.0,1.0,15.781262,0.0,0.0,187.12363,8.0,0.0,0.0,0.96233094,1.0,0.0,0.0,0.0,0.0,3.6194363,13.02997,0.0,5.0,5.0,1.0,0.72260344,0.60850817,0.93613166,False,False,False,False,False,False,False,False,False,False,False,False,PASS
932,80,1,0.0,1.0,0.0,1.0,0.7403862,1.0,0.0,4.09425,8.0,0.0,0.0,0.52633303,1.0,0.0,0.0,0.0,0.0,0.0,0.0,1.0,5.0,5.0,1.0,0.0,0.0,0.6684331,False,False,False,False,False,False,False,False,True,False,False,False,PASS
933,80,1,0.0,0.8875,0.0,1.0,1.3873173,1.0,0.0,80.85766,4.7,0.5,0.0,0.98770815,1.0,0.0,0.0,0.0,0.0,0.0,0.0,1.0,5.0,5.0,1.0,0.0,0.0,0.9576457,False,False,False,False,False,False,False,False,False,False,False,False,PASS
934,80,1,0.0,0.8875,0.0,1.0,10.980463,1.0,0.0,132.17636,6.7,0.0,0.0,0.8505499,1.0,0.0,0.0,0.0,0.0,3.3477268,12.051816,0.7005336,5.0,5.0,1.0,0.0,0.0,0.8616349,False,False,False,False,False,False,False,False,False,False,False,False,PASS
935,80,1,0.0,0.83750004,0.0,1.0,12.324187,1.0,0.0,153.95775,7.9,0.0,0.0,0.8258276,1.0,0.0,0.0,0.0,0.0,3.5884495,12.918418,0.7342744,5.0,5.0,1.0,0.0,0.0,0.8293293,False,False,False,False,False,False,False,False,False,False,False,False,PASS
936,80,1,0.0,1.0,0.0,1.0,2.8015385,1.0,0.0,27.929928,6.4,0.0,0.0,1.0,1.0,0.0,0.0,0.0,0.0,0.0,0.0,1.0,5.0,5.0,1.0,0.0,0.0,1.0,False,False,False,False,False,False,False,False,False,False,False,False,PASS
937,80,1,0.0,0.875,0.0,1.0,3.815291,1.0,0.0,73.46188,8.0,0.0,0.0,1.0,1.0,0.0,0.0,0.0,0.0,0.0,0.0,1.0,3.8,4.88375,1.0,0.0,0.0,0.96250004,False,False,False,False,False,False,False,False,False,False,False,False,PASS
938,80,1,0.0,1.0,0.0,1.0,11.621583,1.0,0.0,120.37484,8.0,0.0,0.0,0.7748267,1.0,0.0,0.0,0.0,0.0,0.0,0.0,1.0,5.0,5.0,1.0,0.0,0.0,0.84237874,False,False,False,False,False,False,False,False,False,False,False,False,PASS
939,80,1,0.0,0.925,0.0,1.0,10.990104,1.0,0.0,89.301544,8.0,0.0,0.0,0.73908937,1.0,0.0,0.0,0.0,0.0,0.0,0.0,1.0,5.0,5.0,1.0,0.0,0.0,0.79486257,False,False,False,False,False,False,False,False,False,False,False,False,PASS
940,80,1,0.0,1.0,0.0,1.0,0.25379032,1.0,0.0,0.21211137,8.0,0.0,0.0,1.0,1.0,0.0,0.0,0.0,0.0,0.0,0.0,1.0,5.0,5.0,1.0,0.0,0.0,1.0,False,False,False,False,False,False,False,False,False,False,False,False,PASS
941,80,1,0.0,0.6625,0.0,1.0,6.912812,1.0,0.0,35.474133,2.1,1.0,0.0,1.0,1.0,0.0,0.0,0.0,0.0,0.0,0.0,1.0,5.0,5.0,1.0,0.0,0.0,0.89875,False,False,False,False,False,False,False,False,False,False,False,False,PASS
942,80,1,0.0,1.0,0.0,1.0,0.07372317,1.0,0.0,0.080352485,8.0,0.0,0.0,1.0,1.0,0.0,0.0,0.0,0.0,0.0,0.0,1.0,5.0,5.0,1.0,0.0,0.0,1.0,False,False,False,False,False,False,False,False,False,False,False,False,PASS
943,80,1,0.0,1.0,0.6570811,1.0,12.170501,1.0,0.0,53.21146,8.0,0.0,0.0,0.6306024,1.0,0.0,0.0,0.0,0.0,0.0,0.0,1.0,4.6,4.9824996,1.0,0.0,0.0,0.7414217,False,False,False,False,False,False,False,False,True,False,False,False,PASS
944,80,1,0.0,0.8125,0.0,1.0,14.367401,1.0,0.0,142.11569,8.0,0.0,0.0,1.0,1.0,0.0,0.0,0.0,0.0,3.140295,11.305061,0.007472515,5.0,5.0,1.0,0.0,0.0,0.94375,False,False,False,False,False,False,False,False,False,False,False,False,PASS
945,80,1,0.0,0.8125,0.0,1.0,11.82562,1.0,0.0,92.1423,4.4,0.5,0.0,0.8249937,1.0,0.0,0.0,0.0,0.0,3.3850899,12.186323,0.6899508,5.0,5.0,1.0,0.0,0.0,0.8212456,False,False,False,False,False,False,False,False,False,False,False,False,PASS
946,80,1,0.0,0.8875,0.0,1.0,3.2196908,0.0,0.0,37.44517,4.7,0.5,0.0,0.9413,1.0,0.0,0.0,0.0,0.0,0.0,0.0,1.0,1.2,4.4525003,1.0,0.9675937,0.8937632,0.92516005,False,False,False,False,False,False,False,False,False,False,False,False,PASS
947,80,1,0.0,0.8875,0.0,1.0,11.036132,1.0,0.0,55.532543,5.1000000000000005,0.5,0.0,0.74853235,1.0,0.0,0.0,0.0,0.0,0.0,0.0,1.0,4.5,4.9837503,1.0,0.0,0.0,0.79022264,False,False,False,False,False,False,False,False,False,False,False,False,PASS
948,80,1,0.0,1.0,0.0,1.0,0.14702639,1.0,0.0,0.15337333,8.0,0.0,0.0,1.0,1.0,0.0,0.0,0.0,0.0,0.0,0.0,1.0,5.0,5.0,1.0,0.0,0.0,1.0,False,False,False,False,False,False,False,False,False,False,False,False,PASS
949,80,1,0.0,1.0,0.0,1.0,9.287355,1.0,0.0,87.686676,8.0,0.0,0.0,0.78738457,1.0,0.0,0.0,0.0,0.0,0.0,0.0,1.0,5.0,5.0,1.0,0.0,0.0,0.8511692,False,False,False,False,False,False,False,False,False,False,False,False,PASS
950,80,1,0.0,0.875,0.0,1.0,4.167871,0.0,0.0,128.25224,8.0,0.0,0.0,0.9742128,1.0,0.0,0.0,0.0,0.0,0.0,0.0,1.0,5.0,5.0,1.0,0.9763165,0.82216126,0.94444907,False,False,False,False,False,False,False,False,False,False,False,False,PASS
951,80,1,0.0,0.77500004,0.0,1.0,1.4882596,1.0,0.0,36.818016,4.7,0.5,0.0,0.99999994,1.0,0.0,0.0,0.0,0.0,0.0,0.0,1.0,2.5,4.5975,1.0,0.0,0.0,0.9325,False,False,False,False,False,False,False,False,False,False,False,False,PASS
952,80,1,0.0,1.0,0.0,1.0,0.098680854,1.0,0.0,0.1079718,8.0,0.0,0.0,1.0,1.0,0.0,0.0,0.0,0.0,0.0,0.0,1.0,5.0,5.0,1.0,0.0,0.0,1.0,False,False,False,False,False,False,False,False,False,False,False,False,PASS
953,80,1,0.0,0.8875,0.0,1.0,5.7104797,0.0,0.0,56.66352,4.3,0.5,0.0,0.8228899,1.0,0.0,0.0,0.0,0.0,0.0,0.0,1.0,2.8,4.42875,1.0,0.93059057,0.86260265,0.84227294,False,False,False,False,False,False,False,False,False,False,False,False,PASS
954,80,1,0.0,0.7625,0.0,1.0,2.7128177,1.0,0.0,57.20677,8.0,0.0,0.0,0.93190724,1.0,0.0,0.0,0.0,0.0,0.0,0.0,1.0,5.0,5.0,1.0,0.0,0.0,0.88108504,False,False,False,False,False,False,False,False,False,False,False,False,PASS
955,80,1,0.0,0.8875,0.0,1.0,12.734217,1.0,0.0,75.09682,8.0,0.0,0.0,0.7104977,1.0,0.0,0.0,0.0,0.0,0.0,0.0,1.0,5.0,5.0,1.0,0.0,0.0,0.7635984,False,False,False,False,False,False,False,False,False,False,False,False,PASS
956,80,1,0.0,1.0,0.0,1.0,0.48877144,0.0,0.0,1.9404552,8.0,0.0,0.0,0.3757392,1.0,0.0,0.0,0.0,0.0,0.0,0.0,1.0,5.0,5.0,1.0,0.8049185,0.6778261,0.5630175,False,False,False,False,False,False,False,True,True,False,False,False,LOW_PROGRESS
957,80,1,0.0,0.8875,0.0,1.0,5.8095016,1.0,0.0,43.281013,5.7,0.5,0.0,1.0,1.0,0.0,0.0,0.0,0.0,0.0,0.0,1.0,2.5,4.11125,1.0,0.0,0.0,0.96625006,False,False,False,False,False,False,False,False,False,False,False,False,PASS
958,80,1,0.0,1.0,0.0,1.0,0.09288206,1.0,0.0,0.0,0.0,1.0,0.0,1.0,1.0,0.0,0.0,0.0,0.0,0.0,0.0,1.0,5.0,5.0,1.0,0.0,0.0,1.0,False,False,False,False,False,False,False,False,False,False,False,False,PASS
959,80,1,0.0,0.825,0.0,1.0,7.883523,1.0,0.0,40.37565,4.1000000000000005,0.5,0.0,0.8502315,1.0,0.0,0.0,0.0,0.0,0.0,0.0,1.0,5.0,5.0,1.0,0.0,0.0,0.84266204,False,False,False,False,False,False,False,False,False,False,False,False,PASS
960,80,1,0.0,1.0,0.0,1.0,0.037577964,1.0,0.0,0.036183387,8.0,0.0,0.0,1.0,1.0,0.0,0.0,0.0,0.0,0.0,0.0,1.0,5.0,5.0,1.0,0.0,0.0,1.0,False,False,False,False,False,False,False,False,False,False,False,False,PASS
961,80,1,0.0,0.85,0.0,1.0,7.509299,0.0,0.0,83.10956,4.7,0.5,0.0,0.8983501,1.0,0.0,0.0,0.0,0.0,0.0,0.0,1.0,5.0,5.0,1.0,0.9494844,0.8785132,0.88384515,False,False,False,False,False,False,False,False,False,False,False,False,PASS
962,80,1,0.0,1.0,0.0,1.0,0.047319446,0.0,0.0,0.04687463,8.0,0.0,0.0,1.0,1.0,0.0,0.0,0.0,0.0,0.0,0.0,1.0,5.0,5.0,1.0,1.0,0.84210527,1.0,False,False,False,False,False,False,False,False,False,False,False,False,PASS
963,80,1,0.0,1.0,0.0,1.0,2.0138803,1.0,0.0,24.855228,8.0,0.0,0.0,1.0,1.0,0.0,0.0,0.0,0.0,0.0,0.0,1.0,3.2,4.6475,1.0,0.0,0.0,1.0,False,False,False,False,False,False,False,False,False,False,False,False,PASS
964,80,1,0.0,0.8875,0.0,1.0,10.749507,1.0,0.0,2.36793,0.1,1.0,0.0,0.8360299,1.0,0.0,0.0,0.0,0.0,3.5630722,12.82706,0.61242807,5.0,5.0,1.0,0.0,0.0,0.85147095,False,False,False,False,False,False,False,False,False,False,False,False,PASS
965,80,1,0.0,1.0,0.0,1.0,0.38224158,1.0,0.0,1.0160265,8.0,0.0,0.0,1.0,1.0,0.0,0.0,0.0,0.0,0.0,0.0,1.0,5.0,5.0,1.0,0.0,0.0,1.0,False,False,False,False,False,False,False,False,False,False,False,False,PASS
966,80,1,0.0,0.77500004,0.0,1.0,9.685865,1.0,0.0,158.73672,8.0,0.0,0.0,0.8706226,1.0,0.0,0.0,0.0,0.0,1.3289986,4.7843947,0.95390445,5.0,5.0,1.0,0.0,0.0,0.8419358,False,False,False,False,False,False,False,False,False,False,False,False,PASS
967,80,1,0.0,0.7,0.0,1.0,21.6842,1.0,0.0,138.79132,8.0,0.0,0.0,1.0,1.0,0.0,0.0,0.0,0.0,4.4555664,16.04004,0.0,2.7,4.925,1.0,0.0,0.0,0.91,False,False,False,False,False,False,False,False,False,False,False,False,PASS
968,80,1,0.0,1.0,0.0,1.0,0.05580471,1.0,0.0,0.055570297,8.0,0.0,0.0,1.0,1.0,0.0,0.0,0.0,0.0,0.0,0.0,1.0,5.0,5.0,1.0,0.0,0.0,1.0,False,False,False,False,False,False,False,False,False,False,False,False,PASS
969,56,0,1.0,1.0,0.0,1.0,0.46084118,1.0,0.0,0.40898904,5.6000000000000005,0.5,1.0,0.34048402,1.0,0.0,0.0,0.0,0.0,0.0,0.0,1.0,5.0,5.0,1.0,0.0,0.0,0.0,True,True,False,True,False,True,False,True,True,False,True,True,OVERLAP+AT_FAULT
970,80,1,0.0,1.0,0.0,1.0,0.13365647,1.0,0.0,0.13096681,8.0,0.0,0.0,1.0,1.0,0.0,0.0,0.0,0.0,0.0,0.0,1.0,5.0,5.0,1.0,0.0,0.0,1.0,False,False,False,False,False,False,False,False,False,False,False,False,PASS
971,80,1,0.0,0.7875,0.0,1.0,6.02448,1.0,0.0,120.298996,6.7,0.0,0.0,0.9110037,1.0,0.0,0.0,0.0,0.0,0.0,0.0,1.0,5.0,5.0,1.0,0.0,0.0,0.8739527,False,False,False,False,False,False,False,False,False,False,False,False,PASS
972,80,1,0.0,1.0,0.0,1.0,0.3197367,1.0,0.0,0.31249335,8.0,0.0,0.0,1.0,1.0,0.0,0.0,0.0,0.0,0.0,0.0,1.0,5.0,5.0,1.0,0.0,0.0,1.0,False,False,False,False,False,False,False,False,False,False,False,False,PASS
973,80,1,0.0,0.8625,0.0,1.0,11.504837,1.0,0.0,148.99872,8.0,0.0,0.0,0.87274027,1.0,0.0,0.0,0.0,0.0,1.199955,4.319838,0.94699204,5.0,5.0,1.0,0.0,0.0,0.8696682,False,False,False,False,False,False,False,False,False,False,False,False,PASS
974,80,1,0.0,1.0,1.9122257,1.0,1.8953422,1.0,0.0,22.212872,3.5,0.5,0.0,1.0,1.0,0.0,0.0,0.0,0.0,0.0,0.0,1.0,5.0,5.0,1.0,0.0,0.0,1.0,False,False,False,False,False,False,False,False,False,False,False,False,PASS
975,80,1,0.0,0.8,0.0,1.0,6.408863,1.0,0.0,95.70633,5.4,0.5,0.0,0.902391,1.0,0.0,0.0,0.0,0.0,0.90200424,3.2472153,0.9333422,5.0,5.0,1.0,0.0,0.0,0.87167376,False,False,False,False,False,False,False,False,False,False,False,False,PASS
976,16,0,1.0,0.375,0.0,1.0,2.0585935,1.0,0.0,10.3849125,1.6,1.0,1.0,0.14780958,0.0,0.0,0.0,0.0,0.0,0.0,0.0,1.0,0.3,4.41875,0.0,0.0,0.0,0.0,True,True,False,True,False,True,False,True,True,True,True,True,OVERLAP+AT_FAULT
977,80,1,0.0,0.8125,0.0,1.0,14.845108,0.0,0.0,121.54818,7.5,0.0,0.0,0.7737331,1.0,0.0,0.0,0.0,0.0,0.3309021,1.1912476,0.9975038,5.0,5.0,1.0,0.90523005,0.762299,0.78536314,False,False,False,False,False,False,False,False,False,False,False,False,PASS
978,80,1,0.0,0.8,0.0,1.0,8.825139,1.0,0.0,74.2041,8.0,0.0,0.0,0.84612185,1.0,0.0,0.0,0.0,0.0,0.0,0.0,1.0,5.0,5.0,1.0,0.0,0.0,0.83228534,False,False,False,False,False,False,False,False,False,False,False,False,PASS
979,80,1,0.0,0.90000004,0.0,1.0,12.355894,0.0,0.0,32.522934,6.2,0.0,0.0,1.0,1.0,0.0,0.0,0.0,0.0,0.0,0.0,1.0,1.1,3.7862499,1.0,0.9875,0.83157897,0.96999997,False,False,False,False,False,False,False,False,False,False,False,False,PASS
980,1,0,1.0,0.0,0.0,1.0,0.015758894,1.0,0.0,2.3804302,0.1,1.0,1.0,0.012566287,0.0,0.0,0.0,0.0,0.0,3.688076,13.277073,1.0,5.0,5.0,1.0,0.0,0.0,0.0,True,True,False,True,False,True,False,True,True,True,True,True,OVERLAP+AT_FAULT
981,80,1,0.0,0.8875,0.0,1.0,13.161318,1.0,0.0,106.21865,6.300000000000001,0.0,0.0,0.78288686,1.0,0.0,0.0,0.0,0.0,0.0,0.0,1.0,5.0,5.0,1.0,0.0,0.0,0.8142708,False,False,False,False,False,False,False,False,False,False,False,False,PASS
982,80,1,0.0,0.8875,0.0,1.0,8.12556,1.0,0.0,166.50165,8.0,0.0,0.0,0.87512785,1.0,0.0,0.0,0.0,0.0,3.4781647,12.521393,0.48024064,5.0,5.0,1.0,0.0,0.0,0.8788395,False,False,False,False,False,False,False,False,False,False,False,False,PASS
983,80,1,0.0,0.8125,0.0,1.0,4.876351,1.0,0.0,113.52696,6.4,0.0,0.0,0.8878115,1.0,0.0,0.0,0.0,0.0,0.0,0.0,1.0,5.0,5.0,1.0,0.0,0.0,0.865218,False,False,False,False,False,False,False,False,False,False,False,False,PASS
984,80,1,0.0,0.925,0.0,1.0,12.070587,0.0,0.0,61.294483,3.4000000000000004,0.5,0.0,0.81998914,1.0,0.0,0.0,0.0,0.0,0.54620934,1.9663535,0.9925643,5.0,5.0,1.0,0.93251264,0.86422116,0.8514924,False,False,False,False,False,False,False,False,False,False,False,False,PASS
985,80,1,0.0,0.8875,0.0,1.0,14.048746,1.0,0.0,66.15727,8.0,0.0,0.0,0.6381648,1.0,0.0,0.0,0.0,0.0,0.0,0.0,1.0,5.0,5.0,1.0,0.0,0.0,0.71296537,False,False,False,False,False,False,False,False,True,False,False,False,PASS
986,80,1,0.0,0.8125,0.0,1.0,5.9938016,1.0,0.0,138.7439,7.800000000000001,0.0,0.0,0.8991591,1.0,0.0,0.0,0.0,0.0,0.0,0.0,1.0,5.0,5.0,1.0,0.0,0.0,0.8731613,False,False,False,False,False,False,False,False,False,False,False,False,PASS
987,80,1,0.0,1.0,0.0,1.0,4.80543,1.0,0.0,42.109173,7.6,0.0,0.0,0.99999994,1.0,0.0,0.0,0.0,0.0,0.0,0.0,1.0,5.0,5.0,1.0,0.0,0.0,1.0,False,False,False,False,False,False,False,False,False,False,False,False,PASS
988,80,1,0.0,1.0,0.0,1.0,9.154309,1.0,0.0,142.01733,8.0,0.0,0.0,0.83804953,1.0,0.0,0.0,0.0,0.0,1.1521759,4.1478333,0.95370597,5.0,5.0,1.0,0.0,0.0,0.88663465,False,False,False,False,False,False,False,False,False,False,False,False,PASS
989,80,1,0.0,0.8875,0.0,1.0,7.296657,1.0,0.0,13.417158,1.3,1.0,0.0,0.7944851,1.0,0.0,0.0,0.0,0.0,0.0,0.0,1.0,1.9,4.47625,1.0,0.0,0.0,0.8223896,False,False,False,False,False,False,False,False,False,False,False,False,PASS
990,80,1,0.0,1.0,0.0,1.0,9.9252825,1.0,0.0,0.0,0.0,1.0,0.0,0.76040655,1.0,0.0,0.0,0.0,0.0,0.0,0.0,1.0,5.0,5.0,1.0,0.0,0.0,0.83228457,False,False,False,False,False,False,False,False,False,False,False,False,PASS
991,80,1,0.0,0.8875,0.0,1.0,8.186446,1.0,0.0,32.485077,5.300000000000001,0.5,0.0,1.0,1.0,0.0,0.0,0.0,0.0,0.0,0.0,1.0,5.0,5.0,1.0,0.0,0.0,0.96625006,False,False,False,False,False,False,False,False,False,False,False,False,PASS
992,80,1,0.0,1.0,0.0,1.0,6.1950145,1.0,0.0,137.53041,8.0,0.0,0.0,0.8875088,1.0,0.0,0.0,0.0,0.0,0.0,0.0,1.0,5.0,5.0,1.0,0.0,0.0,0.9212562,False,False,False,False,False,False,False,False,False,False,False,False,PASS
993,80,1,0.0,0.8875,0.0,1.0,10.599586,0.0,0.0,144.47061,8.0,0.0,0.0,0.8321479,1.0,0.0,0.0,0.0,0.0,0.7728329,2.7821982,0.971134,5.0,5.0,1.0,0.9262672,0.7800145,0.8487536,False,False,False,False,False,False,False,False,False,False,False,False,PASS
994,80,1,0.0,0.8875,0.0,1.0,1.4940876,0.0,0.0,0.0,0.0,1.0,0.0,1.0,1.0,0.0,0.0,0.0,0.0,0.0,0.0,1.0,4.7000003,4.99625,1.0,0.9859375,0.98815787,0.96625006,False,False,False,False,False,False,False,False,False,False,False,False,PASS
995,80,1,0.0,1.0,0.0,1.0,0.3185959,0.0,0.0,0.7095791,8.0,0.0,0.0,0.3115731,1.0,0.0,0.0,0.0,0.0,0.0,0.0,1.0,5.0,5.0,1.0,0.7848666,0.6609403,0.51810116,False,False,False,False,False,False,False,True,True,False,False,False,LOW_PROGRESS
996,80,1,0.0,1.0,0.7624469,1.0,1.963941,0.0,0.0,42.45121,8.0,0.0,0.0,0.9547744,1.0,0.0,0.0,0.0,0.0,0.0,0.0,1.0,5.0,5.0,1.0,0.985867,0.83020383,0.968342,False,False,False,False,False,False,False,False,False,False,False,False,PASS
997,80,1,0.0,1.0,4.7865667,0.5,3.867645,1.0,0.0,28.398777,6.9,0.0,0.0,1.0,1.0,0.0,0.0,0.0,0.0,0.0,0.0,1.0,0.5,3.56125,0.0,0.0,0.0,1.0,False,False,False,False,False,False,False,False,False,False,False,False,PASS
998,80,1,0.0,1.0,0.0,1.0,0.040121216,1.0,0.0,0.024135564,8.0,0.0,0.0,0.095550634,0.0,0.0,0.0,0.0,0.0,0.0,0.0,1.0,5.0,5.0,1.0,0.0,0.0,0.36688545,False,False,False,False,False,False,False,True,True,False,True,False,LOW_PROGRESS
999,80,1,0.0,0.675,0.0,1.0,5.260242,1.0,0.0,53.047104,3.3000000000000003,1.5,0.0,1.0,1.0,0.0,0.0,0.0,0.0,0.0,0.0,1.0,5.0,5.0,1.0,0.0,0.0,0.9025,False,False,False,False,False,False,False,False,False,False,False,False,PASS
1000,80,1,0.0,0.77500004,0.0,1.0,4.974305,1.0,0.0,130.24928,8.0,0.0,0.0,0.90825945,1.0,0.0,0.0,0.0,0.0,0.0,0.0,1.0,2.1000001,4.8362503,1.0,0.0,0.0,0.86828166,False,False,False,False,False,False,False,False,False,False,False,False,PASS
1001,80,1,0.0,0.7375,0.0,1.0,12.186156,1.0,0.0,40.037945,5.9,0.0,0.0,0.99838865,1.0,0.0,0.0,0.0,0.0,0.0,0.0,1.0,2.4,4.81625,1.0,0.0,0.0,0.9201221,False,False,False,False,False,False,False,False,False,False,False,False,PASS
1002,80,1,0.0,0.65000004,0.0,1.0,4.65878,1.0,0.0,114.33615,5.300000000000001,0.5,0.0,0.93759376,1.0,0.0,0.0,0.0,0.0,2.038124,7.3372464,0.5517083,5.0,5.0,1.0,0.0,0.0,0.8513156,False,False,False,False,False,False,False,False,False,False,False,False,PASS
1003,80,1,0.0,0.71250004,0.0,1.0,6.2233605,1.0,0.0,161.8234,8.0,0.0,0.0,0.9117848,1.0,0.0,0.0,0.0,0.0,1.4394207,5.1819143,0.6974492,3.9,4.98625,1.0,0.0,0.0,0.8519994,False,False,False,False,False,False,False,False,False,False,False,False,PASS
1004,80,1,0.0,0.925,0.0,1.0,19.340973,1.0,0.0,82.12765,7.9,0.0,0.0,0.62391937,1.0,0.0,0.0,0.0,0.0,0.0,0.0,1.0,1.4,4.6725,1.0,0.0,0.0,0.7142436,False,False,False,False,False,False,False,False,True,False,False,False,PASS
1005,80,1,0.0,1.0,0.0,1.0,0.0493715,0.0,0.0,0.0,0.0,1.0,0.0,1.0,1.0,0.0,0.0,0.0,0.0,0.0,0.0,1.0,5.0,5.0,1.0,1.0,1.0,1.0,False,False,False,False,False,False,False,False,False,False,False,False,PASS
1006,80,1,0.0,0.725,0.0,1.0,5.417077,0.0,0.0,71.261,3.7,0.5,0.0,0.9246481,1.0,0.0,0.0,0.0,0.0,0.9197235,3.3110046,0.9504974,5.0,5.0,1.0,0.92970186,0.86185426,0.8647537,False,False,False,False,False,False,False,False,False,False,False,False,PASS
1007,80,1,0.0,1.0,0.0,1.0,0.25457165,1.0,0.0,0.24352151,8.0,0.0,0.0,1.0,1.0,0.0,0.0,0.0,0.0,0.0,0.0,1.0,5.0,5.0,1.0,0.0,0.0,1.0,False,False,False,False,False,False,False,False,False,False,False,False,PASS
1008,80,1,0.0,1.0,0.0,1.0,2.9992728,1.0,0.0,2.0325778,0.3,1.0,0.0,0.88980645,1.0,0.0,0.0,0.0,0.0,0.0,0.0,1.0,5.0,5.0,1.0,0.0,0.0,0.92286456,False,False,False,False,False,False,False,False,False,False,False,False,PASS
1009,80,1,0.0,0.8875,0.0,1.0,14.609632,1.0,0.0,150.6269,8.0,0.0,0.0,0.8978644,1.0,0.0,0.0,0.0,0.0,0.0,0.0,1.0,5.0,5.0,1.0,0.0,0.0,0.89475507,False,False,False,False,False,False,False,False,False,False,False,False,PASS
1010,80,1,0.0,0.6375,0.0,1.0,18.860949,1.0,0.0,125.8922,7.9,0.0,0.0,0.7110662,1.0,0.0,0.0,0.0,0.0,1.8900032,6.8040113,0.9308688,0.5,4.42375,0.0,0.0,0.0,0.6889963,False,False,False,False,False,False,False,False,False,False,False,False,PASS
1011,80,1,0.0,1.0,0.0,1.0,0.31807533,1.0,0.0,0.27614468,8.0,0.0,0.0,1.0,1.0,0.0,0.0,0.0,0.0,0.0,0.0,1.0,5.0,5.0,1.0,0.0,0.0,1.0,False,False,False,False,False,False,False,False,False,False,False,False,PASS
1012,80,1,0.0,0.90000004,0.0,1.0,6.5439835,1.0,0.0,126.546814,6.6000000000000005,0.0,0.0,0.8764287,1.0,0.0,0.0,0.0,0.0,1.9916058,7.1697807,0.75781524,5.0,5.0,1.0,0.0,0.0,0.8835001,False,False,False,False,False,False,False,False,False,False,False,False,PASS
1013,80,1,0.0,1.0,0.0,1.0,2.853411,1.0,0.0,40.006893,6.0,0.0,0.0,1.0,1.0,0.0,0.0,0.0,0.0,0.0,0.0,1.0,5.0,5.0,1.0,0.0,0.0,1.0,False,False,False,False,False,False,False,False,False,False,False,False,PASS
1014,5,0,0.0,0.0,0.0,1.0,0.24190669,1.0,1.0,1.1246722,0.5,1.0,0.0,0.6776562,1.0,0.0,0.0,0.0,0.0,0.0,0.0,1.0,5.0,5.0,1.0,0.0,0.0,0.0,True,False,True,False,False,False,False,False,True,True,True,True,OFFROAD
1015,80,1,0.0,0.6375,0.0,1.0,11.77419,0.0,0.0,40.966217,2.2,1.0,0.0,0.81257576,1.0,0.0,0.0,0.0,0.0,3.4679794,12.484726,0.65752363,5.0,5.0,1.0,0.8104983,0.84041965,0.76005304,False,False,False,False,False,False,False,False,False,False,False,False,PASS
1016,80,1,0.0,0.8625,0.0,1.0,19.035378,1.0,0.0,72.194,6.1000000000000005,0.0,0.0,0.6750979,1.0,0.0,0.0,0.0,0.0,0.0,0.0,1.0,5.0,5.0,1.0,0.0,0.0,0.73131853,False,False,False,False,False,False,False,False,True,False,False,False,PASS
1017,80,1,0.0,1.0,0.0,1.0,5.7023387,1.0,0.0,51.592022,8.0,0.0,0.0,1.0,1.0,0.0,0.0,0.0,0.0,0.0,0.0,1.0,5.0,5.0,1.0,0.0,0.0,1.0,False,False,False,False,False,False,False,False,False,False,False,False,PASS
1018,80,1,0.0,1.0,0.0,1.0,0.9425644,1.0,0.0,58.307297,7.0,0.0,0.0,0.99999994,1.0,0.0,0.0,0.0,0.0,0.0,0.0,1.0,5.0,5.0,1.0,0.0,0.0,1.0,False,False,False,False,False,False,False,False,False,False,False,False,PASS
1019,80,1,0.0,1.0,0.0,1.0,8.941392,1.0,0.0,156.9909,8.0,0.0,0.0,0.87014025,1.0,0.0,0.0,0.0,0.0,1.4567986,5.244475,0.898704,5.0,5.0,1.0,0.0,0.0,0.90909827,False,False,False,False,False,False,False,False,False,False,False,False,PASS
1020,80,1,0.0,1.0,0.0,1.0,0.036730956,0.0,0.0,0.036182456,8.0,0.0,0.0,1.0,1.0,0.0,0.0,0.0,0.0,0.0,0.0,1.0,5.0,5.0,1.0,1.0,0.84210527,1.0,False,False,False,False,False,False,False,False,False,False,False,False,PASS
1021,80,1,0.0,0.8875,0.0,1.0,4.946056,1.0,0.0,99.15876,8.0,0.0,0.0,0.8732407,1.0,0.0,0.0,0.0,0.0,0.0,0.0,1.0,5.0,5.0,1.0,0.0,0.0,0.8775185,False,False,False,False,False,False,False,False,False,False,False,False,PASS
1022,80,1,0.0,1.0,0.0,1.0,1.9078687,1.0,0.0,4.0627966,8.0,0.0,0.0,0.5983896,1.0,0.0,0.0,0.0,0.0,0.0,0.0,1.0,5.0,5.0,1.0,0.0,0.0,0.7188727,False,False,False,False,False,False,False,False,True,False,False,False,PASS
1023,80,1,0.0,1.0,0.0,1.0,5.598251,1.0,0.0,16.412823,8.0,0.0,0.0,1.0,1.0,0.0,0.0,0.0,0.0,0.0,0.0,1.0,5.0,5.0,1.0,0.0,0.0,1.0,False,False,False,False,False,False,False,False,False,False,False,False,PASS
1024,80,1,0.0,1.0,0.0,1.0,0.07122802,1.0,0.0,0.0685921,8.0,0.0,0.0,1.0,1.0,0.0,0.0,0.0,0.0,0.0,0.0,1.0,5.0,5.0,1.0,0.0,0.0,1.0,False,False,False,False,False,False,False,False,False,False,False,False,PASS
1025,80,1,0.0,1.0,0.0,1.0,9.612614,1.0,0.0,65.10124,8.0,0.0,0.0,1.0,1.0,0.0,0.0,0.0,0.0,0.0,0.0,1.0,3.2,4.7825,1.0,0.0,0.0,1.0,False,False,False,False,False,False,False,False,False,False,False,False,PASS
1026,80,1,0.0,1.0,0.0,1.0,3.3202329,1.0,0.0,53.383595,7.6,0.0,0.0,1.0,1.0,0.0,0.0,0.0,0.0,0.0,0.0,1.0,5.0,5.0,1.0,0.0,0.0,1.0,False,False,False,False,False,False,False,False,False,False,False,False,PASS
1027,80,1,0.0,0.75,0.0,1.0,6.9882355,0.0,0.0,84.34388,5.2,0.5,0.0,0.9001017,1.0,0.0,0.0,0.0,0.0,0.0,0.0,1.0,5.0,5.0,1.0,0.9375318,0.86844784,0.85507125,False,False,False,False,False,False,False,False,False,False,False,False,PASS
1028,80,1,0.0,1.0,0.0,1.0,2.4775047,1.0,0.0,47.81681,8.0,0.0,0.0,1.0,1.0,0.0,0.0,0.0,0.0,0.0,0.0,1.0,4.5,4.9800005,1.0,0.0,0.0,1.0,False,False,False,False,False,False,False,False,False,False,False,False,PASS
1029,80,1,0.0,1.0,0.0,1.0,5.93455,1.0,0.0,37.60224,6.4,0.0,0.0,1.0,1.0,0.0,0.0,0.0,0.0,0.0,0.0,1.0,5.0,5.0,1.0,0.0,0.0,1.0,False,False,False,False,False,False,False,False,False,False,False,False,PASS
1030,80,1,0.0,0.8875,0.0,1.0,6.780989,0.0,0.0,67.98729,6.7,0.0,0.0,0.8703493,1.0,0.0,0.0,0.0,0.0,0.0,0.0,1.0,3.5,4.95375,1.0,0.94542164,0.79614455,0.8754945,False,False,False,False,False,False,False,False,False,False,False,False,PASS
1031,80,1,0.0,0.825,0.0,1.0,7.861612,1.0,0.0,147.6342,8.0,0.0,0.0,0.8726486,1.0,0.0,0.0,0.0,0.0,0.18165016,0.65394056,0.99850464,5.0,5.0,1.0,0.0,0.0,0.85835403,False,False,False,False,False,False,False,False,False,False,False,False,PASS
1032,53,0,1.0,0.7924528,4.491293,0.5,3.2753413,0.0,0.0,36.062943,4.0,0.5,1.0,0.63944745,1.0,0.0,0.0,0.0,0.0,0.0,0.0,1.0,0.0,2.6528304,0.0,0.0,0.0,0.0,True,True,False,True,False,True,False,False,True,False,True,True,OVERLAP+AT_FAULT
1033,80,1,0.0,1.0,0.0,1.0,3.1089933,1.0,0.0,0.0,0.0,1.0,0.0,1.0,1.0,0.0,0.0,0.0,0.0,0.0,0.0,1.0,5.0,5.0,1.0,0.0,0.0,1.0,False,False,False,False,False,False,False,False,False,False,False,False,PASS
1034,80,1,0.0,0.8875,0.0,1.0,10.063308,1.0,0.0,122.05348,8.0,0.0,0.0,0.83559227,1.0,0.0,0.0,0.0,0.0,0.0,0.0,1.0,5.0,5.0,1.0,0.0,0.0,0.85116464,False,False,False,False,False,False,False,False,False,False,False,False,PASS
1035,80,1,0.0,1.0,0.0,1.0,0.32527658,1.0,0.0,0.49570403,8.0,0.0,0.0,1.0,1.0,0.0,0.0,0.0,0.0,0.0,0.0,1.0,5.0,5.0,1.0,0.0,0.0,1.0,False,False,False,False,False,False,False,False,False,False,False,False,PASS
1036,80,1,0.0,0.8875,0.0,1.0,5.5815353,1.0,0.0,90.84564,5.2,0.5,0.0,0.8860373,1.0,0.0,0.0,0.0,0.0,0.20480537,0.7372993,0.9961046,5.0,5.0,1.0,0.0,0.0,0.88647616,False,False,False,False,False,False,False,False,False,False,False,False,PASS
1037,80,1,0.0,1.0,0.0,1.0,0.063417256,0.0,0.0,0.15193127,8.0,0.0,0.0,1.0,1.0,0.0,0.0,0.0,0.0,0.0,0.0,1.0,5.0,5.0,1.0,1.0,0.84210527,1.0,False,False,False,False,False,False,False,False,False,False,False,False,PASS
1038,80,1,0.0,1.0,0.0,1.0,0.25646982,0.0,0.0,1.4612379,8.0,0.0,0.0,1.0,1.0,0.0,0.0,0.0,0.0,0.0,0.0,1.0,5.0,5.0,1.0,1.0,0.84210527,1.0,False,False,False,False,False,False,False,False,False,False,False,False,PASS
1039,80,1,0.0,1.0,20.756535,0.0,5.2950363,1.0,0.0,27.059786,4.4,0.5,0.0,1.0,1.0,0.0,0.0,0.0,0.0,0.0,0.0,1.0,5.0,5.0,1.0,0.0,0.0,1.0,False,False,False,False,False,False,False,False,False,False,False,False,PASS
1040,80,1,0.0,0.875,0.0,1.0,2.1305864,1.0,0.0,73.01692,8.0,0.0,0.0,0.9749877,1.0,0.0,0.0,0.0,0.0,0.0,0.0,1.0,5.0,5.0,1.0,0.0,0.0,0.9449914,False,False,False,False,False,False,False,False,False,False,False,False,PASS
1041,80,1,0.0,0.85,0.0,1.0,5.640499,0.0,0.0,35.776024,8.0,0.0,0.0,0.91869146,1.0,0.0,0.0,0.0,0.0,0.0,0.0,1.0,5.0,5.0,1.0,0.95584106,0.8049188,0.8980841,False,False,False,False,False,False,False,False,False,False,False,False,PASS
1042,80,1,0.0,0.8875,0.0,1.0,12.777458,1.0,0.0,91.9487,5.5,0.5,0.0,0.80712694,1.0,0.0,0.0,0.0,0.0,0.44433975,1.5996231,0.99330604,5.0,5.0,1.0,0.0,0.0,0.83123887,False,False,False,False,False,False,False,False,False,False,False,False,PASS
1043,80,1,0.0,0.875,0.0,1.0,14.887946,1.0,0.0,68.59712,7.2,0.0,0.0,0.66217,1.0,0.0,0.0,0.0,0.0,0.0,0.0,1.0,5.0,5.0,1.0,0.0,0.0,0.726019,False,False,False,False,False,False,False,False,True,False,False,False,PASS
1044,1,0,1.0,1.0,0.0,1.0,0.00096505054,1.0,0.0,0.0048585646,0.1,1.0,1.0,1.0,1.0,0.0,0.0,0.0,0.0,0.0,0.0,1.0,5.0,5.0,1.0,0.0,0.0,0.0,True,True,False,True,False,True,False,False,False,False,True,True,OVERLAP+AT_FAULT
1045,80,1,0.0,0.8,0.0,1.0,13.242332,1.0,0.0,148.39343,7.300000000000001,0.0,0.0,0.9358589,1.0,0.0,0.0,0.0,0.0,0.893837,3.217813,0.8357251,5.0,5.0,1.0,0.0,0.0,0.89510125,False,False,False,False,False,False,False,False,False,False,False,False,PASS
1046,62,0,0.0,0.7258064,0.0,1.0,12.552239,1.0,1.0,103.01002,6.2,0.0,0.0,0.68247175,1.0,0.0,0.0,0.0,0.0,0.0,0.0,1.0,2.7,4.927419,1.0,0.0,0.0,0.0,True,False,True,False,False,False,False,False,True,False,True,True,OFFROAD
1047,80,1,0.0,0.7625,0.0,1.0,6.012755,1.0,0.0,80.65576,8.0,0.0,0.0,0.99999994,1.0,0.0,0.0,0.0,0.0,0.0,0.0,1.0,5.0,5.0,1.0,0.0,0.0,0.92875,False,False,False,False,False,False,False,False,False,False,False,False,PASS
1048,80,1,0.0,0.8875,0.0,1.0,3.1478953,1.0,0.0,58.240303,8.0,0.0,0.0,0.88326305,1.0,0.0,0.0,0.0,0.0,0.0,0.0,1.0,3.1000001,4.6962504,1.0,0.0,0.0,0.88453406,False,False,False,False,False,False,False,False,False,False,False,False,PASS
1049,80,1,0.0,0.875,0.0,1.0,15.977229,1.0,0.0,161.22577,8.0,0.0,0.0,0.9492093,1.0,0.0,0.0,0.0,0.0,0.7993431,2.877635,0.8797428,5.0,5.0,1.0,0.0,0.0,0.92694646,False,False,False,False,False,False,False,False,False,False,False,False,PASS
1050,80,1,0.0,1.0,0.0,1.0,2.793544,1.0,0.0,39.065662,8.0,0.0,0.0,1.0,1.0,0.0,0.0,0.0,0.0,0.0,0.0,1.0,5.0,5.0,1.0,0.0,0.0,1.0,False,False,False,False,False,False,False,False,False,False,False,False,PASS
1051,80,1,0.0,0.825,0.0,1.0,15.402267,0.0,0.0,184.32098,8.0,0.0,0.0,0.9754035,1.0,0.0,0.0,0.0,0.0,3.2025661,11.529238,0.0,5.0,5.0,1.0,0.7204386,0.60668516,0.9302824,False,False,False,False,False,False,False,False,False,False,False,False,PASS
1052,80,1,0.0,1.0,0.0,1.0,13.877213,1.0,0.0,97.73398,6.4,0.0,0.0,0.77919793,1.0,0.0,0.0,0.0,0.0,0.0,0.0,1.0,5.0,5.0,1.0,0.0,0.0,0.8454386,False,False,False,False,False,False,False,False,False,False,False,False,PASS
1053,80,1,0.0,0.8875,0.0,1.0,13.712024,1.0,0.0,118.61227,8.0,0.0,0.0,0.7632414,1.0,0.0,0.0,0.0,0.0,0.0,0.0,1.0,5.0,5.0,1.0,0.0,0.0,0.800519,False,False,False,False,False,False,False,False,False,False,False,False,PASS
1054,80,1,0.0,0.8875,0.0,1.0,10.296155,1.0,0.0,86.70557,8.0,0.0,0.0,0.76811755,1.0,0.0,0.0,0.0,0.0,0.0,0.0,1.0,5.0,5.0,1.0,0.0,0.0,0.8039323,False,False,False,False,False,False,False,False,False,False,False,False,PASS
1055,80,1,0.0,0.7375,0.0,1.0,8.026581,1.0,0.0,107.959305,7.5,0.0,0.0,0.9716541,1.0,0.0,0.0,0.0,0.0,0.0,0.0,1.0,5.0,5.0,1.0,0.0,0.0,0.9014079,False,False,False,False,False,False,False,False,False,False,False,False,PASS
1056,80,1,0.0,1.0,0.0,1.0,0.36152554,1.0,0.0,0.5402629,8.0,0.0,0.0,1.0,1.0,0.0,0.0,0.0,0.0,0.0,0.0,1.0,5.0,5.0,1.0,0.0,0.0,1.0,False,False,False,False,False,False,False,False,False,False,False,False,PASS
1057,80,1,0.0,0.8875,0.0,1.0,4.25347,1.0,0.0,36.800552,5.6000000000000005,0.5,0.0,1.0,1.0,0.0,0.0,0.0,0.0,0.0,0.0,1.0,5.0,5.0,1.0,0.0,0.0,0.96625006,False,False,False,False,False,False,False,False,False,False,False,False,PASS
1058,80,1,0.0,0.7625,0.0,1.0,14.590591,1.0,0.0,138.98773,8.0,0.0,0.0,0.7865471,1.0,0.0,0.0,0.0,0.0,1.5842056,5.7031403,0.9489787,5.0,5.0,1.0,0.0,0.0,0.779333,False,False,False,False,False,False,False,False,False,False,False,False,PASS
1059,80,1,0.0,1.0,0.0,1.0,7.918257,1.0,0.0,57.220863,5.4,0.5,0.0,0.80183023,1.0,0.0,0.0,0.0,0.0,0.0,0.0,1.0,5.0,5.0,1.0,0.0,0.0,0.8612812,False,False,False,False,False,False,False,False,False,False,False,False,PASS
1060,80,1,0.0,1.0,19.15155,0.0,8.218528,1.0,0.0,24.495535,3.4000000000000004,0.5,0.0,1.0,1.0,0.0,0.0,0.0,0.0,0.0,0.0,1.0,5.0,5.0,1.0,0.0,0.0,1.0,False,False,False,False,False,False,False,False,False,False,False,False,PASS
1061,80,1,0.0,0.85,0.0,1.0,4.5394754,1.0,0.0,52.825005,7.5,0.0,0.0,0.99999994,1.0,0.0,0.0,0.0,0.0,0.0,0.0,1.0,1.9,4.14375,1.0,0.0,0.0,0.9549999,False,False,False,False,False,False,False,False,False,False,False,False,PASS
1062,28,0,1.0,1.0,0.0,1.0,0.41847098,0.0,0.0,0.33659568,2.8000000000000003,1.0,1.0,1.0,1.0,0.0,0.0,0.0,0.0,0.0,0.0,1.0,5.0,5.0,1.0,0.0,0.0,0.0,True,True,False,True,False,True,False,False,False,False,True,True,OVERLAP+AT_FAULT
1063,19,0,1.0,0.42105263,0.0,1.0,0.53426844,1.0,0.0,0.26067504,1.9,1.0,1.0,0.09828278,0.0,0.0,0.0,0.0,0.0,0.0,0.0,1.0,0.0,4.7210526,0.0,0.0,0.0,0.0,True,True,False,True,False,True,False,True,True,True,True,True,OVERLAP+AT_FAULT
1064,80,1,0.0,1.0,0.0,1.0,1.2998027,1.0,0.0,6.6190486,8.0,0.0,0.0,0.872888,1.0,0.0,0.0,0.0,0.0,0.0,0.0,1.0,5.0,5.0,1.0,0.0,0.0,0.91102165,False,False,False,False,False,False,False,False,False,False,False,False,PASS
1065,80,1,0.0,1.0,0.0,1.0,7.177543,1.0,0.0,162.12192,8.0,0.0,0.0,0.863414,1.0,0.0,0.0,0.0,0.0,3.4897022,12.562927,0.45001483,5.0,5.0,1.0,0.0,0.0,0.9043898,False,False,False,False,False,False,False,False,False,False,False,False,PASS
1066,80,1,0.0,0.8875,0.0,1.0,10.178453,1.0,0.0,127.070625,8.0,0.0,0.0,0.82635045,1.0,0.0,0.0,0.0,0.0,0.0,0.0,1.0,5.0,5.0,1.0,0.0,0.0,0.84469527,False,False,False,False,False,False,False,False,False,False,False,False,PASS
1067,80,1,0.0,0.8875,3.0036778,0.5,12.742057,1.0,0.0,85.8898,7.5,0.0,0.0,0.7570897,1.0,0.0,0.0,0.0,0.0,0.0,0.0,1.0,3.0,4.8137503,1.0,0.0,0.0,0.7962128,False,False,False,False,False,False,False,False,False,False,False,False,PASS
1068,80,1,0.0,0.83750004,0.0,1.0,9.964253,0.0,0.0,151.70354,7.6,0.0,0.0,0.84997874,1.0,0.0,0.0,0.0,0.0,3.2967644,11.868351,0.60752636,5.0,5.0,1.0,0.8346874,0.7028947,0.8462351,False,False,False,False,False,False,False,False,False,False,False,False,PASS
1069,80,1,0.0,0.75,0.0,1.0,11.374666,1.0,0.0,139.1186,8.0,0.0,0.0,0.8754653,1.0,0.0,0.0,0.0,0.0,0.0,0.0,1.0,5.0,5.0,1.0,0.0,0.0,0.8378257,False,False,False,False,False,False,False,False,False,False,False,False,PASS
1070,80,1,0.0,0.77500004,0.0,1.0,1.8892807,1.0,0.0,137.93533,8.0,0.0,0.0,1.0,1.0,0.0,0.0,0.0,0.0,0.0,0.0,1.0,5.0,5.0,1.0,0.0,0.0,0.9325,False,False,False,False,False,False,False,False,False,False,False,False,PASS
1071,80,1,0.0,1.0,0.0,1.0,0.15025257,0.0,0.0,0.0,0.0,1.0,0.0,1.0,1.0,0.0,0.0,0.0,0.0,0.0,0.0,1.0,5.0,5.0,1.0,1.0,1.0,1.0,False,False,False,False,False,False,False,False,False,False,False,False,PASS
1072,80,1,0.0,0.8,0.0,1.0,9.6361685,1.0,0.0,82.66615,8.0,0.0,0.0,0.8088196,1.0,0.0,0.0,0.0,0.0,0.0,0.0,1.0,5.0,5.0,1.0,0.0,0.0,0.80617374,False,False,False,False,False,False,False,False,False,False,False,False,PASS
1073,80,1,0.0,0.8875,0.0,1.0,2.750736,1.0,0.0,17.762684,2.3000000000000003,1.0,0.0,1.0,1.0,0.0,0.0,0.0,0.0,0.0,0.0,1.0,5.0,5.0,1.0,0.0,0.0,0.96625006,False,False,False,False,False,False,False,False,False,False,False,False,PASS
1074,80,1,0.0,0.8875,0.0,1.0,7.5066705,1.0,0.0,116.47789,6.4,0.0,0.0,0.87558836,1.0,0.0,0.0,0.0,0.0,0.42333794,1.5240165,0.98989975,5.0,5.0,1.0,0.0,0.0,0.87916183,False,False,False,False,False,False,False,False,False,False,False,False,PASS
1075,80,1,0.0,1.0,0.0,1.0,0.226739,0.0,0.0,0.0,0.0,1.0,0.0,1.0,1.0,0.0,0.0,0.0,0.0,0.0,0.0,1.0,5.0,5.0,1.0,1.0,1.0,1.0,False,False,False,False,False,False,False,False,False,False,False,False,PASS
1076,80,1,0.0,0.9125,0.0,1.0,10.79479,1.0,0.0,176.69685,8.0,0.0,0.0,0.96202683,1.0,0.0,0.0,0.0,0.0,2.3577023,8.487728,0.10501009,5.0,5.0,1.0,0.0,0.0,0.9471688,False,False,False,False,False,False,False,False,False,False,False,False,PASS
1077,80,1,0.0,0.925,0.0,1.0,20.818365,1.0,0.0,99.73615,8.0,0.0,0.0,0.656059,1.0,0.0,0.0,0.0,0.0,0.0,0.0,1.0,5.0,5.0,1.0,0.0,0.0,0.7367413,False,False,False,False,False,False,False,False,True,False,False,False,PASS
1078,80,1,0.0,0.8875,0.0,1.0,13.416934,1.0,0.0,139.2965,8.0,0.0,0.0,0.7984746,1.0,0.0,0.0,0.0,0.0,1.5847225,5.705001,0.9459074,5.0,5.0,1.0,0.0,0.0,0.82518214,False,False,False,False,False,False,False,False,False,False,False,False,PASS
1079,80,1,0.0,0.8875,0.0,1.0,8.6586,1.0,0.0,106.45315,8.0,0.0,0.0,0.81950307,1.0,0.0,0.0,0.0,0.0,0.0,0.0,1.0,2.7,4.7149997,1.0,0.0,0.0,0.8399021,False,False,False,False,False,False,False,False,False,False,False,False,PASS
1080,46,0,0.0,0.54347825,0.0,1.0,6.029593,1.0,0.0,70.43792,4.4,0.5,1.0,0.46884593,1.0,0.0,0.0,0.0,0.0,0.0,0.0,1.0,5.0,5.0,1.0,0.0,0.0,0.0,True,True,False,False,False,False,False,True,True,False,True,True,OVERLAP
1081,80,1,0.0,1.0,0.0,1.0,11.275657,1.0,0.0,121.19551,8.0,0.0,0.0,0.78750116,1.0,0.0,0.0,0.0,0.0,0.0,0.0,1.0,5.0,5.0,1.0,0.0,0.0,0.8512508,False,False,False,False,False,False,False,False,False,False,False,False,PASS
1082,80,1,0.0,1.0,0.0,1.0,0.2596574,1.0,0.0,0.2570151,8.0,0.0,0.0,1.0,1.0,0.0,0.0,0.0,0.0,0.0,0.0,1.0,5.0,5.0,1.0,0.0,0.0,1.0,False,False,False,False,False,False,False,False,False,False,False,False,PASS
1083,80,1,0.0,0.875,0.0,1.0,13.370429,1.0,0.0,151.23888,8.0,0.0,0.0,0.836106,1.0,0.0,0.0,0.0,0.0,2.0169945,7.26118,0.89464563,5.0,5.0,1.0,0.0,0.0,0.8477742,False,False,False,False,False,False,False,False,False,False,False,False,PASS
1084,80,1,0.0,0.725,0.0,1.0,11.319304,0.0,0.0,31.627636,1.5,1.0,0.0,0.8375915,1.0,0.0,0.0,0.0,0.0,3.3249302,11.9697485,0.6919477,5.0,5.0,1.0,0.8378593,0.8634604,0.8038141,False,False,False,False,False,False,False,False,False,False,False,False,PASS
1085,80,1,0.0,1.0,0.0,1.0,1.543887,1.0,0.0,54.518707,5.300000000000001,0.5,0.0,1.0,1.0,0.0,0.0,0.0,0.0,0.0,0.0,1.0,5.0,5.0,1.0,0.0,0.0,1.0,False,False,False,False,False,False,False,False,False,False,False,False,PASS
1086,80,1,0.0,0.8875,0.0,1.0,11.553378,1.0,0.0,85.83896,6.2,0.0,0.0,0.80869496,1.0,0.0,0.0,0.0,0.0,0.0,0.0,1.0,5.0,5.0,1.0,0.0,0.0,0.8323364,False,False,False,False,False,False,False,False,False,False,False,False,PASS
1087,80,1,0.0,0.77500004,0.0,1.0,8.156278,1.0,0.0,142.4625,7.0,0.0,0.0,0.8885602,1.0,0.0,0.0,0.0,0.0,2.9708557,10.695081,0.73867357,5.0,5.0,1.0,0.0,0.0,0.8544921,False,False,False,False,False,False,False,False,False,False,False,False,PASS
1088,80,1,0.0,0.925,5.9646053,0.5,4.3071723,1.0,0.0,19.237473,3.3000000000000003,1.5,0.0,0.99999994,1.0,0.0,0.0,0.0,0.0,0.0,0.0,1.0,4.3,4.9474998,1.0,0.0,0.0,0.97749996,False,False,False,False,False,False,False,False,False,False,False,False,PASS
1089,80,1,0.0,1.0,0.0,1.0,0.13800561,1.0,0.0,0.13365461,8.0,0.0,0.0,1.0,1.0,0.0,0.0,0.0,0.0,0.0,0.0,1.0,5.0,5.0,1.0,0.0,0.0,1.0,False,False,False,False,False,False,False,False,False,False,False,False,PASS
1090,80,1,0.0,0.7625,0.0,1.0,1.6748093,1.0,0.0,74.09685,8.0,0.0,0.0,0.99999994,1.0,0.0,0.0,0.0,0.0,0.0,0.0,1.0,4.2000003,4.9300003,1.0,0.0,0.0,0.92875,False,False,False,False,False,False,False,False,False,False,False,False,PASS
1091,80,1,0.0,0.925,0.0,1.0,3.6300304,1.0,0.0,5.4103374,5.1000000000000005,0.5,0.0,1.0,1.0,0.0,0.0,0.0,0.0,0.0,0.0,1.0,4.8,4.99375,1.0,0.0,0.0,0.97749996,False,False,False,False,False,False,False,False,False,False,False,False,PASS
1092,80,1,0.0,0.9125,0.0,1.0,7.2725434,1.0,0.0,37.472313,8.0,0.0,0.0,1.0,1.0,0.0,0.0,0.0,0.0,0.0,0.0,1.0,5.0,5.0,1.0,0.0,0.0,0.97375005,False,False,False,False,False,False,False,False,False,False,False,False,PASS
1093,80,1,0.0,0.77500004,0.0,1.0,6.2471123,1.0,0.0,30.024796,5.4,0.5,0.0,0.7962009,1.0,0.0,0.0,0.0,0.0,0.0,0.0,1.0,5.0,5.0,1.0,0.0,0.0,0.78984064,False,False,False,False,False,False,False,False,False,False,False,False,PASS
1094,80,1,0.0,1.0,6.693913,0.0,3.9018192,1.0,0.0,52.513184,8.0,0.0,0.0,0.8211087,1.0,0.0,0.0,0.0,0.0,0.0,0.0,1.0,5.0,5.0,1.0,0.0,0.0,0.87477607,False,False,False,False,False,False,False,False,False,False,False,False,PASS
1095,80,1,0.0,0.6875,0.0,1.0,9.226199,1.0,0.0,88.76854,7.2,0.0,0.0,0.7810986,1.0,0.0,0.0,0.0,0.0,0.0,0.0,1.0,3.1000001,4.86875,1.0,0.0,0.0,0.75301903,False,False,False,False,False,False,False,False,False,False,False,False,PASS
1096,80,1,0.0,0.7875,0.0,1.0,10.897601,0.0,0.0,158.71722,8.0,0.0,0.0,0.83931565,1.0,0.0,0.0,0.0,0.0,3.650835,13.143005,0.60033095,5.0,5.0,1.0,0.8233064,0.6933106,0.823771,False,False,False,False,False,False,False,False,False,False,False,False,PASS
1097,80,1,0.0,0.875,0.0,1.0,10.261115,1.0,0.0,61.84983,7.1000000000000005,0.0,0.0,0.71056074,1.0,0.0,0.0,0.0,0.0,0.0,0.0,1.0,5.0,5.0,1.0,0.0,0.0,0.7598925,False,False,False,False,False,False,False,False,False,False,False,False,PASS
1098,80,1,0.0,0.65000004,0.0,1.0,13.940837,1.0,0.0,94.54539,7.1000000000000005,0.0,0.0,0.7545715,1.0,0.0,0.0,0.0,0.0,0.0,0.0,1.0,4.8,4.99625,1.0,0.0,0.0,0.7232,False,False,False,False,False,False,False,False,False,False,False,False,PASS
1099,80,1,0.0,1.0,0.0,1.0,6.1203303,1.0,0.0,116.98045,8.0,0.0,0.0,0.8635051,1.0,0.0,0.0,0.0,0.0,0.0,0.0,1.0,5.0,5.0,1.0,0.0,0.0,0.9044536,False,False,False,False,False,False,False,False,False,False,False,False,PASS
1100,80,1,0.0,1.0,0.0,1.0,2.0805078,1.0,0.0,18.794558,3.3000000000000003,1.5,0.0,1.0,1.0,0.0,0.0,0.0,0.0,0.0,0.0,1.0,4.0,4.8650002,1.0,0.0,0.0,1.0,False,False,False,False,False,False,False,False,False,False,False,False,PASS
1101,80,1,0.0,1.0,0.0,1.0,12.874339,1.0,0.0,0.0,0.0,1.0,0.0,0.7973629,1.0,0.0,0.0,0.0,0.0,1.3776779,4.9596405,0.94128656,5.0,5.0,1.0,0.0,0.0,0.8581541,False,False,False,False,False,False,False,False,False,False,False,False,PASS
1102,80,1,0.0,0.7375,0.0,1.0,3.514448,0.0,0.0,35.131638,5.0,0.5,0.0,0.9102816,1.0,0.0,0.0,0.0,0.0,0.0,0.0,1.0,5.0,5.0,1.0,0.9391505,0.86981094,0.8584471,False,False,False,False,False,False,False,False,False,False,False,False,PASS
1103,80,1,0.0,0.8625,0.0,1.0,15.695264,1.0,0.0,187.45026,8.0,0.0,0.0,0.94960475,1.0,0.0,0.0,0.0,0.0,3.7305412,13.429948,0.0,5.0,5.0,1.0,0.0,0.0,0.92347336,False,False,False,False,False,False,False,False,False,False,False,False,PASS
1104,80,1,0.0,0.925,0.0,1.0,0.75120944,1.0,0.0,56.25827,6.7,0.0,0.0,0.9859095,1.0,0.0,0.0,0.0,0.0,0.0,0.0,1.0,5.0,5.0,1.0,0.0,0.0,0.9676367,False,False,False,False,False,False,False,False,False,False,False,False,PASS
1105,80,1,0.0,0.8875,1.9455775,1.0,5.5815325,1.0,0.0,61.748737,6.800000000000001,0.0,0.0,1.0,1.0,0.0,0.0,0.0,0.0,0.0,0.0,1.0,5.0,5.0,1.0,0.0,0.0,0.96625006,False,False,False,False,False,False,False,False,False,False,False,False,PASS
1106,80,1,0.0,0.8875,0.0,1.0,17.328049,1.0,0.0,79.7805,8.0,0.0,0.0,0.6519075,1.0,0.0,0.0,0.0,0.0,0.0,0.0,1.0,2.8,4.8275003,1.0,0.0,0.0,0.72258526,False,False,False,False,False,False,False,False,True,False,False,False,PASS
1107,80,1,0.0,0.85,0.0,1.0,5.199371,1.0,0.0,149.04181,6.7,0.0,0.0,0.9255491,1.0,0.0,0.0,0.0,0.0,3.8415108,13.829438,0.014465332,5.0,5.0,1.0,0.0,0.0,0.9028844,False,False,False,False,False,False,False,False,False,False,False,False,PASS
1108,80,1,0.0,1.0,0.0,1.0,5.9768844,1.0,0.0,35.255684,8.0,0.0,0.0,1.0,1.0,0.0,0.0,0.0,0.0,0.0,0.0,1.0,5.0,5.0,1.0,0.0,0.0,1.0,False,False,False,False,False,False,False,False,False,False,False,False,PASS
1109,80,1,0.0,1.0,0.0,1.0,6.134182,1.0,0.0,61.17646,8.0,0.0,0.0,0.81913203,1.0,0.0,0.0,0.0,0.0,0.0,0.0,1.0,5.0,5.0,1.0,0.0,0.0,0.8733925,False,False,False,False,False,False,False,False,False,False,False,False,PASS
1110,80,1,0.0,0.875,0.0,1.0,10.423138,1.0,0.0,151.41992,7.800000000000001,0.0,0.0,0.8375477,1.0,0.0,0.0,0.0,0.0,2.8948746,10.421548,0.7274406,5.0,5.0,1.0,0.0,0.0,0.84878343,False,False,False,False,False,False,False,False,False,False,False,False,PASS
1111,80,1,0.0,0.925,0.0,1.0,13.173027,0.0,0.0,138.19992,7.5,0.0,0.0,0.80160654,1.0,0.0,0.0,0.0,0.0,3.2261086,11.613991,0.742538,5.0,5.0,1.0,0.86426157,0.72779924,0.8386246,False,False,False,False,False,False,False,False,False,False,False,False,PASS
1112,80,1,0.0,0.925,0.0,1.0,6.722339,0.0,0.0,46.122707,4.800000000000001,0.5,0.0,0.81697404,1.0,0.0,0.0,0.0,0.0,0.0,0.0,1.0,5.0,5.0,1.0,0.9334294,0.86499316,0.84938186,False,False,False,False,False,False,False,False,False,False,False,False,PASS
1113,80,1,0.0,0.8875,0.0,1.0,10.608761,1.0,0.0,151.9306,7.6,0.0,0.0,0.83769196,1.0,0.0,0.0,0.0,0.0,3.4278393,12.340221,0.62520295,5.0,5.0,1.0,0.0,0.0,0.85263443,False,False,False,False,False,False,False,False,False,False,False,False,PASS
1114,80,1,0.0,0.85,0.0,1.0,24.658773,0.0,0.0,45.80364,4.800000000000001,0.5,0.0,0.5997227,1.0,0.0,0.0,0.0,0.0,0.0,0.0,1.0,5.0,5.0,1.0,0.8561633,0.799927,0.6748059,False,False,False,False,False,False,False,False,True,False,False,False,PASS
1115,80,1,0.0,1.0,0.0,1.0,0.41050625,1.0,0.0,0.40771258,8.0,0.0,0.0,1.0,1.0,0.0,0.0,0.0,0.0,0.0,0.0,1.0,5.0,5.0,1.0,0.0,0.0,1.0,False,False,False,False,False,False,False,False,False,False,False,False,PASS
1116,80,1,0.0,1.0,0.0,1.0,7.8060517,1.0,0.0,86.32541,8.0,0.0,0.0,0.8484507,1.0,0.0,0.0,0.0,0.0,0.0,0.0,1.0,5.0,5.0,1.0,0.0,0.0,0.8939156,False,False,False,False,False,False,False,False,False,False,False,False,PASS
1117,80,1,0.0,0.8875,0.0,1.0,7.8855104,0.0,0.0,151.2211,8.0,0.0,0.0,0.87358594,1.0,0.0,0.0,0.0,0.0,1.0889549,3.9202375,0.93772554,5.0,5.0,1.0,0.93086445,0.78388584,0.8777601,False,False,False,False,False,False,False,False,False,False,False,False,PASS
1118,76,0,1.0,0.92105263,0.0,1.0,1.3077389,0.0,0.0,0.60422456,7.6,0.0,1.0,0.0,0.0,0.0,0.0,0.0,0.0,0.0,0.0,1.0,0.0,4.934211,0.0,0.0,0.0,0.0,True,True,False,True,False,True,False,True,True,False,True,True,OVERLAP+AT_FAULT
1119,80,1,0.0,0.925,0.0,1.0,4.4239283,1.0,0.0,35.495117,8.0,0.0,0.0,1.0,1.0,0.0,0.0,0.0,0.0,0.0,0.0,1.0,3.4,4.92875,1.0,0.0,0.0,0.97749996,False,False,False,False,False,False,False,False,False,False,False,False,PASS
1120,80,1,0.0,1.0,0.0,1.0,6.7736864,1.0,0.0,124.96424,8.0,0.0,0.0,0.86493343,1.0,0.0,0.0,0.0,0.0,0.0,0.0,1.0,5.0,5.0,1.0,0.0,0.0,0.9054534,False,False,False,False,False,False,False,False,False,False,False,False,PASS
1121,80,1,0.0,0.8875,0.0,1.0,13.999021,1.0,0.0,130.17957,7.7,0.0,0.0,0.77878875,1.0,0.0,0.0,0.0,0.0,0.50886154,1.8319016,0.99122924,5.0,5.0,1.0,0.0,0.0,0.81140214,False,False,False,False,False,False,False,False,False,False,False,False,PASS
1122,80,1,0.0,0.75,0.0,1.0,9.31327,1.0,0.0,37.034332,1.9,1.0,0.0,0.849308,1.0,0.0,0.0,0.0,0.0,0.8785114,3.162641,0.9756691,5.0,5.0,1.0,0.0,0.0,0.81951565,False,False,False,False,False,False,False,False,False,False,False,False,PASS
1123,51,0,0.0,0.88235295,0.0,1.0,4.208462,1.0,1.0,97.35002,5.1000000000000005,0.5,0.0,0.5720157,1.0,0.0,0.0,0.0,0.0,0.40629005,1.4626441,0.98212045,4.2000003,4.956863,1.0,0.0,0.0,0.0,True,False,True,False,False,False,False,False,True,False,True,True,OFFROAD
1124,80,1,0.0,1.0,0.0,1.0,0.7271134,1.0,0.0,0.76535416,8.0,0.0,0.0,1.0,1.0,0.0,0.0,0.0,0.0,0.0,0.0,1.0,1.5,4.9187503,1.0,0.0,0.0,1.0,False,False,False,False,False,False,False,False,False,False,False,False,PASS
1125,80,1,0.0,0.925,0.0,1.0,8.780368,1.0,0.0,36.203266,8.0,0.0,0.0,1.0,1.0,0.0,0.0,0.0,0.0,0.0,0.0,1.0,5.0,5.0,1.0,0.0,0.0,0.97749996,False,False,False,False,False,False,False,False,False,False,False,False,PASS
1126,80,1,0.0,0.9125,0.0,1.0,16.750336,1.0,0.0,91.19607,8.0,0.0,0.0,0.6630847,1.0,0.0,0.0,0.0,0.0,0.0,0.0,1.0,5.0,5.0,1.0,0.0,0.0,0.7379093,False,False,False,False,False,False,False,False,True,False,False,False,PASS
1127,80,1,0.0,1.0,0.0,1.0,0.30293193,0.0,0.0,0.29138333,8.0,0.0,0.0,1.0,1.0,0.0,0.0,0.0,0.0,0.0,0.0,1.0,5.0,5.0,1.0,1.0,0.84210527,1.0,False,False,False,False,False,False,False,False,False,False,False,False,PASS
1128,80,1,0.0,0.7625,0.0,1.0,6.010455,1.0,0.0,147.15805,7.800000000000001,0.0,0.0,0.91606224,1.0,0.0,0.0,0.0,0.0,1.5043716,5.4157376,0.9342793,5.0,5.0,1.0,0.0,0.0,0.8699936,False,False,False,False,False,False,False,False,False,False,False,False,PASS
1129,80,1,0.0,1.0,0.0,1.0,6.210679,1.0,0.0,41.545776,6.300000000000001,0.0,0.0,0.8231768,1.0,0.0,0.0,0.0,0.0,0.0,0.0,1.0,5.0,5.0,1.0,0.0,0.0,0.87622374,False,False,False,False,False,False,False,False,False,False,False,False,PASS
1130,80,1,0.0,1.0,0.0,1.0,8.110873,0.0,0.0,105.41884,8.0,0.0,0.0,0.84405655,1.0,0.0,0.0,0.0,0.0,0.0,0.0,1.0,5.0,5.0,1.0,0.95126766,0.80106753,0.8908396,False,False,False,False,False,False,False,False,False,False,False,False,PASS
1131,80,1,0.0,1.0,0.0,1.0,1.9382771,1.0,0.0,24.709972,4.5,0.5,0.0,1.0,1.0,0.0,0.0,0.0,0.0,0.0,0.0,1.0,5.0,5.0,1.0,0.0,0.0,1.0,False,False,False,False,False,False,False,False,False,False,False,False,PASS
1132,80,1,0.0,0.8875,0.0,1.0,6.7085834,1.0,0.0,65.3026,8.0,0.0,0.0,0.89307904,1.0,0.0,0.0,0.0,0.0,0.0,0.0,1.0,3.9,4.9150004,1.0,0.0,0.0,0.8914053,False,False,False,False,False,False,False,False,False,False,False,False,PASS
1133,80,1,0.0,0.925,0.0,1.0,3.2435029,1.0,0.0,73.26939,7.300000000000001,0.0,0.0,0.9134319,1.0,0.0,0.0,0.0,0.0,0.0,0.0,1.0,2.9,4.88125,1.0,0.0,0.0,0.91690236,False,False,False,False,False,False,False,False,False,False,False,False,PASS
1134,39,0,1.0,1.0,0.0,1.0,0.25511467,0.0,0.0,0.25983584,3.9,0.5,1.0,1.0,1.0,0.0,0.0,0.0,0.0,0.0,0.0,1.0,5.0,5.0,1.0,0.0,0.0,0.0,True,True,False,True,False,True,False,False,False,False,True,True,OVERLAP+AT_FAULT
1135,80,1,0.0,0.825,0.0,1.0,10.930646,1.0,0.0,38.081642,8.0,0.0,0.0,1.0,1.0,0.0,0.0,0.0,0.0,0.0,0.0,1.0,5.0,5.0,1.0,0.0,0.0,0.94750005,False,False,False,False,False,False,False,False,False,False,False,False,PASS
1136,80,1,0.0,1.0,0.0,1.0,7.4866405,1.0,0.0,115.70689,8.0,0.0,0.0,0.8503403,1.0,0.0,0.0,0.0,0.0,0.0,0.0,1.0,5.0,5.0,1.0,0.0,0.0,0.8952382,False,False,False,False,False,False,False,False,False,False,False,False,PASS
1137,80,1,0.0,1.0,0.0,1.0,0.087126546,0.0,0.0,0.0,0.0,1.0,0.0,1.0,1.0,0.0,0.0,0.0,0.0,0.0,0.0,1.0,5.0,5.0,1.0,1.0,1.0,1.0,False,False,False,False,False,False,False,False,False,False,False,False,PASS
1138,80,1,0.0,0.8625,0.0,1.0,9.525265,1.0,0.0,117.52922,8.0,0.0,0.0,0.840633,1.0,0.0,0.0,0.0,0.0,0.0,0.0,1.0,5.0,5.0,1.0,0.0,0.0,0.8471932,False,False,False,False,False,False,False,False,False,False,False,False,PASS
1139,80,1,0.0,0.8125,0.0,1.0,9.443231,1.0,0.0,156.91924,8.0,0.0,0.0,0.8477942,1.0,0.0,0.0,0.0,0.0,2.9610634,10.659828,0.69156754,5.0,5.0,1.0,0.0,0.0,0.8372059,False,False,False,False,False,False,False,False,False,False,False,False,PASS
1140,80,1,0.0,0.875,0.0,1.0,8.475471,1.0,0.0,161.16394,8.0,0.0,0.0,0.84870976,1.0,0.0,0.0,0.0,0.0,3.5245342,12.688323,0.4592306,5.0,5.0,1.0,0.0,0.0,0.8565969,False,False,False,False,False,False,False,False,False,False,False,False,PASS
1141,80,1,0.0,1.0,0.0,1.0,0.14181183,1.0,0.0,0.14016223,8.0,0.0,0.0,1.0,1.0,0.0,0.0,0.0,0.0,0.0,0.0,1.0,5.0,5.0,1.0,0.0,0.0,1.0,False,False,False,False,False,False,False,False,False,False,False,False,PASS
1142,80,1,0.0,1.0,0.0,1.0,0.010384536,0.0,0.0,0.0,0.0,1.0,0.0,1.0,1.0,0.0,0.0,0.0,0.0,0.0,0.0,1.0,5.0,5.0,1.0,1.0,1.0,1.0,False,False,False,False,False,False,False,False,False,False,False,False,PASS
1143,5,0,1.0,0.2,0.0,1.0,0.062828325,0.0,0.0,1.1306431,0.5,1.0,1.0,0.013795355,0.0,0.0,0.0,0.0,0.0,0.0,0.0,1.0,0.1,4.02,0.0,0.0,0.0,0.0,True,True,False,True,False,True,False,True,True,True,True,True,OVERLAP+AT_FAULT
1144,80,1,0.0,1.0,0.0,1.0,0.20854345,0.0,0.0,0.20747901,8.0,0.0,0.0,1.0,1.0,0.0,0.0,0.0,0.0,0.0,0.0,1.0,5.0,5.0,1.0,1.0,0.84210527,1.0,False,False,False,False,False,False,False,False,False,False,False,False,PASS
1145,80,1,0.0,0.725,0.0,1.0,11.070273,1.0,0.0,97.35445,7.6,0.0,0.0,0.7735704,1.0,0.0,0.0,0.0,0.0,0.0,0.0,1.0,5.0,5.0,1.0,0.0,0.0,0.7589993,False,False,False,False,False,False,False,False,False,False,False,False,PASS
1146,80,1,0.0,1.0,0.0,1.0,12.503323,1.0,0.0,42.256966,7.6,0.0,0.0,1.0,1.0,0.0,0.0,0.0,0.0,0.0,0.0,1.0,5.0,5.0,1.0,0.0,0.0,1.0,False,False,False,False,False,False,False,False,False,False,False,False,PASS
1147,80,1,0.0,0.725,0.0,1.0,5.1536417,1.0,0.0,169.31403,8.0,0.0,0.0,0.96158856,1.0,0.0,0.0,0.0,0.0,1.9013672,6.8449216,0.5240838,5.0,5.0,1.0,0.0,0.0,0.89061207,False,False,False,False,False,False,False,False,False,False,False,False,PASS
1148,80,1,0.0,1.0,0.0,1.0,7.8126864,1.0,0.0,32.00312,8.0,0.0,0.0,1.0,1.0,0.0,0.0,0.0,0.0,0.0,0.0,1.0,1.3000001,4.4187503,1.0,0.0,0.0,1.0,False,False,False,False,False,False,False,False,False,False,False,False,PASS
1149,80,1,0.0,1.0,0.0,1.0,0.562952,1.0,0.0,1.3851868,8.0,0.0,0.0,0.9179491,1.0,0.0,0.0,0.0,0.0,0.0,0.0,1.0,5.0,5.0,1.0,0.0,0.0,0.9425644,False,False,False,False,False,False,False,False,False,False,False,False,PASS
1150,1,0,1.0,0.0,0.0,1.0,0.00660205,1.0,0.0,0.0,0.0,1.0,1.0,1.0,1.0,0.0,0.0,0.0,0.0,0.0,0.0,1.0,5.0,5.0,1.0,0.0,0.0,0.0,True,True,False,True,False,True,False,False,False,True,True,True,OVERLAP+AT_FAULT
1151,80,1,0.0,0.8875,0.0,1.0,19.814243,1.0,0.0,166.61026,8.0,0.0,0.0,0.89975953,1.0,0.0,0.0,0.0,0.0,1.9784298,7.122347,0.6265253,5.0,5.0,1.0,0.0,0.0,0.89608175,False,False,False,False,False,False,False,False,False,False,False,False,PASS
1152,80,1,0.0,0.875,0.0,1.0,9.451392,1.0,0.0,127.304756,8.0,0.0,0.0,0.8365584,1.0,0.0,0.0,0.0,0.0,0.0,0.0,1.0,5.0,5.0,1.0,0.0,0.0,0.84809095,False,False,False,False,False,False,False,False,False,False,False,False,PASS
1153,80,1,0.0,0.71250004,0.0,1.0,9.610292,1.0,0.0,129.26712,7.300000000000001,0.0,0.0,0.85026175,1.0,0.0,0.0,0.0,0.0,0.8311691,2.9922087,0.97800267,5.0,5.0,1.0,0.0,0.0,0.80893326,False,False,False,False,False,False,False,False,False,False,False,False,PASS
1154,80,1,0.0,0.925,0.0,1.0,14.202277,1.0,0.0,67.16881,8.0,0.0,0.0,0.63701856,1.0,0.0,0.0,0.0,0.0,0.0,0.0,1.0,5.0,5.0,1.0,0.0,0.0,0.723413,False,False,False,False,False,False,False,False,True,False,False,False,PASS
1155,80,1,0.0,0.8875,0.0,1.0,6.4368205,1.0,0.0,146.5256,7.800000000000001,0.0,0.0,0.88745046,1.0,0.0,0.0,0.0,0.0,0.701561,2.5256195,0.97453207,5.0,5.0,1.0,0.0,0.0,0.8874653,False,False,False,False,False,False,False,False,False,False,False,False,PASS
1156,80,1,0.0,0.8875,0.0,1.0,10.631121,0.0,0.0,3.767201,0.2,1.0,0.0,0.80971014,1.0,0.0,0.0,0.0,0.0,0.0,0.0,1.0,5.0,5.0,1.0,0.9264719,0.93808156,0.8330471,False,False,False,False,False,False,False,False,False,False,False,False,PASS
1157,80,1,0.0,1.0,0.0,1.0,2.22679,1.0,0.0,6.579767,8.0,0.0,0.0,1.0,1.0,0.0,0.0,0.0,0.0,0.0,0.0,1.0,5.0,5.0,1.0,0.0,0.0,1.0,False,False,False,False,False,False,False,False,False,False,False,False,PASS
1158,80,1,0.0,0.8875,0.0,1.0,4.0670404,0.0,0.0,30.31401,3.4000000000000004,0.5,0.0,1.0,1.0,0.0,0.0,0.0,0.0,0.0,0.0,1.0,5.0,5.0,1.0,0.9859375,0.9092105,0.96625006,False,False,False,False,False,False,False,False,False,False,False,False,PASS
1159,80,1,0.0,1.0,0.0,1.0,9.5162735,1.0,0.0,125.87325,8.0,0.0,0.0,0.8309405,1.0,0.0,0.0,0.0,0.0,0.0,0.0,1.0,4.3,4.9525003,1.0,0.0,0.0,0.8816584,False,False,False,False,False,False,False,False,False,False,False,False,PASS
1160,80,1,0.0,0.925,0.0,1.0,2.2613177,1.0,0.0,48.937653,5.2,0.5,0.0,1.0,1.0,0.0,0.0,0.0,0.0,0.0,0.0,1.0,4.9,4.9950004,1.0,0.0,0.0,0.97749996,False,False,False,False,False,False,False,False,False,False,False,False,PASS
1161,80,1,0.0,0.7875,0.0,1.0,1.2462982,1.0,0.0,54.514366,8.0,0.0,0.0,0.99999994,1.0,0.0,0.0,0.0,0.0,0.0,0.0,1.0,1.2,4.87375,1.0,0.0,0.0,0.9362499,False,False,False,False,False,False,False,False,False,False,False,False,PASS
1162,80,1,0.0,0.5375,0.0,1.0,15.755753,1.0,0.0,117.40914,7.1000000000000005,0.0,0.0,0.88771373,1.0,0.0,0.0,0.0,0.0,0.0,0.0,1.0,5.0,5.0,1.0,0.0,0.0,0.78264964,False,False,False,False,False,False,False,False,False,False,False,False,PASS
1163,80,1,0.0,1.0,0.0,1.0,6.1862497,1.0,0.0,52.432014,5.5,0.5,0.0,0.868331,1.0,0.0,0.0,0.0,0.0,0.0,0.0,1.0,3.1000001,4.815,1.0,0.0,0.0,0.9078318,False,False,False,False,False,False,False,False,False,False,False,False,PASS
1164,80,1,0.0,0.875,0.0,1.0,12.199284,0.0,0.0,116.01511,8.0,0.0,0.0,0.8723635,1.0,0.0,0.0,0.0,0.0,0.0,0.0,1.0,5.0,5.0,1.0,0.9444886,0.79535884,0.87315446,False,False,False,False,False,False,False,False,False,False,False,False,PASS
1165,80,1,0.0,0.8875,0.0,1.0,10.112027,1.0,0.0,79.57793,8.0,0.0,0.0,0.8184582,1.0,0.0,0.0,0.0,0.0,0.0,0.0,1.0,5.0,5.0,1.0,0.0,0.0,0.83917075,False,False,False,False,False,False,False,False,False,False,False,False,PASS
1166,80,1,0.0,0.925,0.0,1.0,9.403009,1.0,0.0,160.96027,8.0,0.0,0.0,0.8514063,1.0,0.0,0.0,0.0,0.0,3.343319,12.035948,0.62237,5.0,5.0,1.0,0.0,0.0,0.87348443,False,False,False,False,False,False,False,False,False,False,False,False,PASS
1167,80,1,0.0,0.8875,0.0,1.0,7.7278132,1.0,0.0,114.74286,8.0,0.0,0.0,0.83833265,1.0,0.0,0.0,0.0,0.0,0.0,0.0,1.0,5.0,5.0,1.0,0.0,0.0,0.85308284,False,False,False,False,False,False,False,False,False,False,False,False,PASS
1168,80,1,0.0,0.9125,0.0,1.0,15.667328,1.0,0.0,140.49426,7.9,0.0,0.0,0.8005156,1.0,0.0,0.0,0.0,0.0,1.9159508,6.897423,0.95715314,5.0,5.0,1.0,0.0,0.0,0.8341109,False,False,False,False,False,False,False,False,False,False,False,False,PASS
1169,80,1,0.0,0.8875,0.0,1.0,11.620791,1.0,0.0,154.58743,7.9,0.0,0.0,0.8373192,1.0,0.0,0.0,0.0,0.0,3.485695,12.548501,0.70101106,5.0,5.0,1.0,0.0,0.0,0.8523734,False,False,False,False,False,False,False,False,False,False,False,False,PASS
1170,80,1,0.0,0.83750004,0.0,1.0,11.195895,1.0,0.0,160.44708,8.0,0.0,0.0,0.8613974,1.0,0.0,0.0,0.0,0.0,2.409296,8.673466,0.6801801,5.0,5.0,1.0,0.0,0.0,0.8542282,False,False,False,False,False,False,False,False,False,False,False,False,PASS
1171,80,1,0.0,0.8875,0.0,1.0,4.0275874,1.0,0.0,48.90645,8.0,0.0,0.0,0.9341888,1.0,0.0,0.0,0.0,0.0,0.0,0.0,1.0,4.5,4.9837503,1.0,0.0,0.0,0.92018217,False,False,False,False,False,False,False,False,False,False,False,False,PASS
1172,80,1,0.0,0.83750004,0.0,1.0,14.469172,1.0,0.0,115.171326,6.300000000000001,0.0,0.0,0.7869782,1.0,0.0,0.0,0.0,0.0,3.0919266,11.130936,0.8257109,5.0,5.0,1.0,0.0,0.0,0.8021347,False,False,False,False,False,False,False,False,False,False,False,False,PASS
1173,80,1,0.0,0.8125,0.0,1.0,3.701677,1.0,0.0,14.239096,8.0,0.0,0.0,0.8860619,1.0,0.0,0.0,0.0,0.0,0.0,0.0,1.0,0.1,4.93375,0.0,0.0,0.0,0.86399335,False,False,False,False,False,False,False,False,False,False,False,False,PASS
1174,80,1,0.0,0.65000004,0.0,1.0,9.721685,0.0,0.0,147.3104,8.0,0.0,0.0,0.8785023,1.0,0.0,0.0,0.0,0.0,0.57476807,2.069165,0.9890292,5.0,5.0,1.0,0.91553926,0.7709804,0.8099516,False,False,False,False,False,False,False,False,False,False,False,False,PASS
1175,80,1,0.0,0.75,0.0,1.0,27.636103,1.0,0.0,107.9011,8.0,0.0,0.0,0.676497,1.0,0.0,0.0,0.0,0.0,0.0,0.0,1.0,3.8,4.96,1.0,0.0,0.0,0.6985479,False,False,False,False,False,False,False,False,True,False,False,False,PASS
1176,80,1,0.0,0.71250004,0.0,1.0,7.1146483,0.0,0.0,49.2341,2.4000000000000004,1.0,0.0,0.8995869,1.0,0.0,0.0,0.0,0.0,3.3860664,12.189838,0.59404236,3.2,4.96125,1.0,0.831194,0.8578475,0.84346086,False,False,False,False,False,False,False,False,False,False,False,False,PASS
1177,80,1,0.0,0.90000004,0.0,1.0,5.836685,0.0,0.0,116.367874,6.5,0.0,0.0,0.89818364,1.0,0.0,0.0,0.0,0.0,0.0,0.0,1.0,5.0,5.0,1.0,0.9556824,0.8047852,0.89872855,False,False,False,False,False,False,False,False,False,False,False,False,PASS
1178,80,1,0.0,0.8,0.0,1.0,13.269777,1.0,0.0,67.47145,5.800000000000001,0.0,0.0,0.7505198,1.0,0.0,0.0,0.0,0.0,0.0,0.0,1.0,5.0,5.0,1.0,0.0,0.0,0.7653639,False,False,False,False,False,False,False,False,False,False,False,False,PASS
1179,80,1,0.0,1.0,0.0,1.0,9.527362,1.0,0.0,136.58667,7.5,0.0,0.0,0.86180055,1.0,0.0,0.0,0.0,0.0,0.44569588,1.6045051,0.99252003,5.0,5.0,1.0,0.0,0.0,0.9032604,False,False,False,False,False,False,False,False,False,False,False,False,PASS
1180,80,1,0.0,0.25,0.0,1.0,24.584328,1.0,0.0,146.94914,8.0,0.0,0.0,1.0,1.0,0.0,0.0,0.0,0.0,4.550787,16.382833,0.0,5.0,5.0,1.0,0.0,0.0,0.77500004,False,False,False,False,False,False,False,False,False,True,False,False,LOW_COMFORT
1181,80,1,0.0,0.8875,0.0,1.0,9.661845,1.0,0.0,161.61028,8.0,0.0,0.0,0.8494253,1.0,0.0,0.0,0.0,0.0,3.7334175,13.440303,0.5414817,5.0,5.0,1.0,0.0,0.0,0.86084765,False,False,False,False,False,False,False,False,False,False,False,False,PASS
1182,80,1,0.0,0.875,0.0,1.0,6.9315295,1.0,0.0,164.27489,7.800000000000001,0.0,0.0,0.9011522,1.0,0.0,0.0,0.0,0.0,3.2303467,11.629248,0.5090258,5.0,5.0,1.0,0.0,0.0,0.89330655,False,False,False,False,False,False,False,False,False,False,False,False,PASS
1183,80,1,0.0,0.825,0.0,1.0,10.153189,1.0,0.0,165.54572,8.0,0.0,0.0,0.8743971,1.0,0.0,0.0,0.0,0.0,3.2125416,11.565149,0.5105824,5.0,5.0,1.0,0.0,0.0,0.85957795,False,False,False,False,False,False,False,False,False,False,False,False,PASS
1184,80,1,0.0,0.8875,29.009558,0.0,14.70047,1.0,0.0,97.18283,6.2,0.0,0.0,0.8224112,1.0,0.0,0.0,0.0,0.0,0.0,0.0,1.0,5.0,5.0,1.0,0.0,0.0,0.84193784,False,False,False,False,False,False,False,False,False,False,False,False,PASS
1185,80,1,0.0,1.0,0.0,1.0,0.29485172,1.0,0.0,0.30666888,8.0,0.0,0.0,1.0,1.0,0.0,0.0,0.0,0.0,0.0,0.0,1.0,5.0,5.0,1.0,0.0,0.0,1.0,False,False,False,False,False,False,False,False,False,False,False,False,PASS
1186,80,1,0.0,1.0,0.0,1.0,12.179252,1.0,0.0,78.10621,8.0,0.0,0.0,0.7091308,1.0,0.0,0.0,0.0,0.0,0.0,0.0,1.0,5.0,5.0,1.0,0.0,0.0,0.7963916,False,False,False,False,False,False,False,False,False,False,False,False,PASS
1187,80,1,0.0,0.875,0.0,1.0,14.761542,1.0,0.0,10.43686,0.6000000000000001,1.0,0.0,0.7679442,1.0,0.0,0.0,0.0,0.0,1.5734386,5.664379,0.93501824,5.0,5.0,1.0,0.0,0.0,0.8000609,False,False,False,False,False,False,False,False,False,False,False,False,PASS
1188,80,1,0.0,1.0,0.0,1.0,13.406482,1.0,0.0,48.01412,4.2,0.5,0.0,0.71045345,1.0,0.0,0.0,0.0,0.0,0.0,0.0,1.0,5.0,5.0,1.0,0.0,0.0,0.79731745,False,False,False,False,False,False,False,False,False,False,False,False,PASS
1189,80,1,0.0,1.0,0.0,1.0,3.3790212,1.0,0.0,36.232628,5.4,0.5,0.0,0.9202802,1.0,0.0,0.0,0.0,0.0,0.0,0.0,1.0,1.4,4.475,1.0,0.0,0.0,0.94419616,False,False,False,False,False,False,False,False,False,False,False,False,PASS
1190,80,1,0.0,0.8875,0.0,1.0,8.022517,1.0,0.0,90.61844,6.300000000000001,0.0,0.0,0.8379795,1.0,0.0,0.0,0.0,0.0,0.0,0.0,1.0,5.0,5.0,1.0,0.0,0.0,0.85283566,False,False,False,False,False,False,False,False,False,False,False,False,PASS
1191,80,1,0.0,1.0,0.0,1.0,0.43087378,0.0,0.0,0.4102937,8.0,0.0,0.0,1.0,1.0,0.0,0.0,0.0,0.0,0.0,0.0,1.0,5.0,5.0,1.0,1.0,0.84210527,1.0,False,False,False,False,False,False,False,False,False,False,False,False,PASS
1192,80,1,0.0,0.925,0.0,1.0,8.543603,0.0,0.0,73.543976,4.6000000000000005,0.5,0.0,0.86280465,1.0,0.0,0.0,0.0,0.0,0.0,0.0,1.0,5.0,5.0,1.0,0.94775146,0.8770538,0.8814632,False,False,False,False,False,False,False,False,False,False,False,False,PASS
1193,80,1,0.0,0.6625,0.0,1.0,17.80752,1.0,0.0,67.72296,8.0,0.0,0.0,0.6109745,1.0,0.0,0.0,0.0,0.0,0.0,0.0,1.0,1.9,4.8125,1.0,0.0,0.0,0.6264322,False,False,False,False,False,False,False,False,True,False,False,False,PASS
1194,80,1,0.0,1.0,0.0,1.0,0.9268862,1.0,0.0,2.1634188,8.0,0.0,0.0,1.0,1.0,0.0,0.0,0.0,0.0,0.0,0.0,1.0,5.0,5.0,1.0,0.0,0.0,1.0,False,False,False,False,False,False,False,False,False,False,False,False,PASS
1195,80,1,0.0,0.8,0.0,1.0,9.720116,1.0,0.0,139.84372,7.2,0.0,0.0,0.83589,1.0,0.0,0.0,0.0,0.0,2.654848,9.557453,0.6702584,5.0,5.0,1.0,0.0,0.0,0.825123,False,False,False,False,False,False,False,False,False,False,False,False,PASS
1196,80,1,0.0,0.8875,0.0,1.0,13.987162,1.0,0.0,29.104004,3.3000000000000003,1.5,0.0,0.6285967,1.0,0.0,0.0,0.0,0.0,0.0,0.0,1.0,5.0,5.0,1.0,0.0,0.0,0.7062677,False,False,False,False,False,False,False,False,True,False,False,False,PASS
1197,80,1,0.0,0.8875,0.0,1.0,3.7867088,1.0,0.0,70.77185,6.9,0.0,0.0,0.88074094,1.0,0.0,0.0,0.0,0.0,0.0,0.0,1.0,5.0,5.0,1.0,0.0,0.0,0.88276863,False,False,False,False,False,False,False,False,False,False,False,False,PASS
1198,80,1,0.0,0.8875,0.0,1.0,11.64474,1.0,0.0,30.825836,1.5,1.0,0.0,0.81274164,1.0,0.0,0.0,0.0,0.0,2.3157177,8.336583,0.85214734,5.0,5.0,1.0,0.0,0.0,0.83516914,False,False,False,False,False,False,False,False,False,False,False,False,PASS
1199,80,1,0.0,0.875,0.0,1.0,4.114663,1.0,0.0,59.498222,8.0,0.0,0.0,0.88019127,1.0,0.0,0.0,0.0,0.0,0.0,0.0,1.0,4.8,4.9950004,1.0,0.0,0.0,0.8786339,False,False,False,False,False,False,False,False,False,False,False,False,PASS
1200,80,1,0.0,0.7,0.0,1.0,3.7299716,1.0,0.0,125.355125,6.1000000000000005,0.0,0.0,0.93891424,1.0,0.0,0.0,0.0,0.0,2.8029633,10.090668,0.60853463,5.0,5.0,1.0,0.0,0.0,0.86723995,False,False,False,False,False,False,False,False,False,False,False,False,PASS
1201,80,1,0.0,0.8875,0.0,1.0,13.058937,1.0,0.0,70.95088,8.0,0.0,0.0,0.67766625,1.0,0.0,0.0,0.0,0.0,0.0,0.0,1.0,5.0,5.0,1.0,0.0,0.0,0.7406164,False,False,False,False,False,False,False,False,True,False,False,False,PASS
1202,80,1,0.0,0.8625,0.0,1.0,13.0073185,0.0,0.0,179.96155,8.0,0.0,0.0,0.97480655,1.0,0.0,0.0,0.0,0.0,2.9117393,10.482262,0.0,5.0,5.0,1.0,0.7249396,0.6104754,0.9411146,False,False,False,False,False,False,False,False,False,False,False,False,PASS
1203,80,1,0.0,0.625,0.0,1.0,14.117868,0.0,0.0,103.47728,8.0,0.0,0.0,1.0,1.0,0.0,0.0,0.0,0.0,4.022172,14.479818,0.1395194,1.3000001,4.5175004,1.0,0.73800486,0.6214778,0.8875,False,False,False,False,False,False,False,False,False,False,False,False,PASS
1204,80,1,0.0,0.8875,0.0,1.0,13.83613,1.0,0.0,155.60263,8.0,0.0,0.0,0.8246986,1.0,0.0,0.0,0.0,0.0,2.832159,10.195772,0.8654543,5.0,5.0,1.0,0.0,0.0,0.84353906,False,False,False,False,False,False,False,False,False,False,False,False,PASS
1205,80,1,0.0,0.96250004,0.0,1.0,9.131775,1.0,0.0,117.98976,6.6000000000000005,0.0,0.0,0.8476411,1.0,0.0,0.0,0.0,0.0,1.1417961,4.110466,0.93883324,5.0,5.0,1.0,0.0,0.0,0.8820988,False,False,False,False,False,False,False,False,False,False,False,False,PASS
1206,80,1,0.0,0.6375,0.0,1.0,14.562415,0.0,0.0,149.96751,8.0,0.0,0.0,0.7871791,1.0,0.0,0.0,0.0,0.0,3.2835827,11.820897,0.74807054,5.0,5.0,1.0,0.8251986,0.6949041,0.7422754,False,False,False,False,False,False,False,False,False,False,False,False,PASS
1207,80,1,0.0,0.8125,0.0,1.0,3.0033336,1.0,0.0,62.856995,8.0,0.0,0.0,0.906087,1.0,0.0,0.0,0.0,0.0,0.0,0.0,1.0,5.0,5.0,1.0,0.0,0.0,0.8780109,False,False,False,False,False,False,False,False,False,False,False,False,PASS
1208,80,1,0.0,0.7625,1.8197477,1.0,21.796803,1.0,0.0,73.08339,7.2,0.0,0.0,1.0,1.0,0.0,0.0,0.0,0.0,0.19895458,0.7162365,0.99079067,5.0,5.0,1.0,0.0,0.0,0.92875004,False,False,False,False,False,False,False,False,False,False,False,False,PASS
1209,80,1,0.0,1.0,0.0,1.0,0.20766568,0.0,0.0,0.20305711,8.0,0.0,0.0,1.0,1.0,0.0,0.0,0.0,0.0,0.0,0.0,1.0,5.0,5.0,1.0,1.0,0.84210527,1.0,False,False,False,False,False,False,False,False,False,False,False,False,PASS
1210,80,1,0.0,0.83750004,0.0,1.0,8.188557,1.0,0.0,31.884748,7.5,0.0,0.0,1.0,1.0,0.0,0.0,0.0,0.0,0.0,0.0,1.0,3.5,4.9787498,1.0,0.0,0.0,0.95125,False,False,False,False,False,False,False,False,False,False,False,False,PASS
1211,80,1,0.0,0.7375,0.0,1.0,2.8744428,1.0,0.0,125.17857,6.6000000000000005,0.0,0.0,0.9749505,1.0,0.0,0.0,0.0,0.0,0.27550888,0.99183196,0.99728054,5.0,5.0,1.0,0.0,0.0,0.9037153,False,False,False,False,False,False,False,False,False,False,False,False,PASS
1212,80,1,0.0,1.0,0.0,1.0,0.16153817,1.0,0.0,0.15062007,8.0,0.0,0.0,1.0,1.0,0.0,0.0,0.0,0.0,0.0,0.0,1.0,5.0,5.0,1.0,0.0,0.0,1.0,False,False,False,False,False,False,False,False,False,False,False,False,PASS
1213,80,1,0.0,1.0,0.0,1.0,3.807167,0.0,0.0,9.529441,8.0,0.0,0.0,1.0,1.0,0.0,0.0,0.0,0.0,0.0,0.0,1.0,5.0,5.0,1.0,1.0,0.84210527,1.0,False,False,False,False,False,False,False,False,False,False,False,False,PASS
1214,80,1,0.0,0.83750004,0.0,1.0,8.272038,1.0,0.0,66.98321,7.6,0.0,0.0,0.99999994,1.0,0.0,0.0,0.0,0.0,0.0,0.0,1.0,5.0,5.0,1.0,0.0,0.0,0.95125,False,False,False,False,False,False,False,False,False,False,False,False,PASS
1215,16,0,1.0,1.0,0.0,1.0,1.284129,1.0,0.0,33.421585,1.6,1.0,1.0,0.21245009,1.0,0.0,0.0,0.0,0.0,1.7311897,6.2322826,0.5993226,5.0,5.0,1.0,0.0,0.0,0.0,True,True,False,True,False,True,False,True,True,False,True,True,OVERLAP+AT_FAULT
1216,80,1,0.0,0.8875,0.0,1.0,13.675682,1.0,0.0,122.98676,8.0,0.0,0.0,0.77642775,1.0,0.0,0.0,0.0,0.0,0.0,0.0,1.0,5.0,5.0,1.0,0.0,0.0,0.8097494,False,False,False,False,False,False,False,False,False,False,False,False,PASS
1217,80,1,0.0,1.0,0.0,1.0,2.5956585,1.0,0.0,65.93161,7.4,0.0,0.0,0.95191276,1.0,0.0,0.0,0.0,0.0,0.0,0.0,1.0,5.0,5.0,1.0,0.0,0.0,0.96633893,False,False,False,False,False,False,False,False,False,False,False,False,PASS
1218,80,1,0.0,1.0,0.0,1.0,0.17925882,1.0,0.0,0.0,0.0,1.0,0.0,1.0,1.0,0.0,0.0,0.0,0.0,0.0,0.0,1.0,3.5,4.8224998,1.0,0.0,0.0,1.0,False,False,False,False,False,False,False,False,False,False,False,False,PASS
1219,80,1,0.0,0.5125,0.0,1.0,19.034311,1.0,0.0,67.5477,8.0,0.0,0.0,1.0,1.0,0.0,0.0,0.0,0.0,1.1570225,4.165281,0.89311534,0.4,3.9862504,0.0,0.0,0.0,0.85375005,False,False,False,False,False,False,False,False,False,False,False,False,PASS
1220,80,1,0.0,1.0,0.0,1.0,11.10014,1.0,0.0,79.92933,8.0,0.0,0.0,0.72344184,1.0,0.0,0.0,0.0,0.0,0.0,0.0,1.0,5.0,5.0,1.0,0.0,0.0,0.8064093,False,False,False,False,False,False,False,False,False,False,False,False,PASS
1221,80,1,0.0,1.0,0.0,1.0,1.6007775,1.0,0.0,2.9914408,3.2,1.5,0.0,1.0,1.0,0.0,0.0,0.0,0.0,0.0,0.0,1.0,5.0,5.0,1.0,0.0,0.0,1.0,False,False,False,False,False,False,False,False,False,False,False,False,PASS
1222,80,1,0.0,0.85,0.0,1.0,15.564654,1.0,0.0,132.24115,8.0,0.0,0.0,0.74998844,1.0,0.0,0.0,0.0,0.0,2.0223274,7.2803783,0.9157703,5.0,5.0,1.0,0.0,0.0,0.7799919,False,False,False,False,False,False,False,False,False,False,False,False,PASS
1223,80,1,0.0,1.0,0.0,1.0,0.9119963,1.0,0.0,0.0,0.0,1.0,0.0,0.60408574,1.0,0.0,0.0,0.0,0.0,0.0,0.0,1.0,5.0,5.0,1.0,0.0,0.0,0.72286004,False,False,False,False,False,False,False,False,True,False,False,False,PASS
1224,80,1,0.0,0.8875,0.0,1.0,10.139468,1.0,0.0,157.38351,8.0,0.0,0.0,0.8604486,1.0,0.0,0.0,0.0,0.0,1.5424728,5.552902,0.90346617,5.0,5.0,1.0,0.0,0.0,0.86856407,False,False,False,False,False,False,False,False,False,False,False,False,PASS
1225,80,1,0.0,0.85,0.0,1.0,17.831554,1.0,0.0,188.52168,8.0,0.0,0.0,0.97505397,1.0,0.0,0.0,0.0,0.0,3.6458035,13.124892,0.0,5.0,5.0,1.0,0.0,0.0,0.9375378,False,False,False,False,False,False,False,False,False,False,False,False,PASS
1226,80,1,0.0,0.925,0.0,1.0,9.876128,0.0,0.0,41.60077,7.300000000000001,0.0,0.0,1.0,1.0,0.0,0.0,0.0,0.0,0.0,0.0,1.0,5.0,5.0,1.0,0.990625,0.8342106,0.97749996,False,False,False,False,False,False,False,False,False,False,False,False,PASS
1227,80,1,0.0,0.925,0.0,1.0,1.8026867,1.0,0.0,12.730202,8.0,0.0,0.0,0.9553147,1.0,0.0,0.0,0.0,0.0,0.0,0.0,1.0,1.1,4.1987505,1.0,0.0,0.0,0.94622034,False,False,False,False,False,False,False,False,False,False,False,False,PASS
1228,80,1,0.0,0.8125,0.0,1.0,9.453273,0.0,0.0,98.54758,4.6000000000000005,0.5,0.0,0.8485145,1.0,0.0,0.0,0.0,0.0,3.2514572,11.705246,0.62200904,5.0,5.0,1.0,0.83472556,0.7818742,0.8377102,False,False,False,False,False,False,False,False,False,False,False,False,PASS
1229,80,1,0.0,0.7625,0.0,1.0,12.933209,0.0,0.0,145.26965,8.0,0.0,0.0,0.797466,1.0,0.0,0.0,0.0,0.0,2.2556076,8.120187,0.86402225,5.0,5.0,1.0,0.87302613,0.7351799,0.7869762,False,False,False,False,False,False,False,False,False,False,False,False,PASS
1230,80,1,0.0,1.0,0.0,1.0,5.9625554,1.0,0.0,26.594738,8.0,0.0,0.0,1.0,1.0,0.0,0.0,0.0,0.0,0.0,0.0,1.0,5.0,5.0,1.0,0.0,0.0,1.0,False,False,False,False,False,False,False,False,False,False,False,False,PASS
1231,80,1,0.0,1.0,0.0,1.0,12.121209,1.0,0.0,78.20144,8.0,0.0,0.0,0.70948666,1.0,0.0,0.0,0.0,0.0,0.0,0.0,1.0,5.0,5.0,1.0,0.0,0.0,0.7966407,False,False,False,False,False,False,False,False,False,False,False,False,PASS
1232,80,1,0.0,0.925,0.0,1.0,8.550338,1.0,0.0,16.132336,3.5,0.5,0.0,0.999818,1.0,0.0,0.0,0.0,0.0,0.0,0.0,1.0,3.6000001,4.9474998,1.0,0.0,0.0,0.97737265,False,False,False,False,False,False,False,False,False,False,False,False,PASS
1233,80,1,0.0,0.8125,0.0,1.0,8.413348,1.0,0.0,157.72406,7.4,0.0,0.0,0.8749873,1.0,0.0,0.0,0.0,0.0,4.182596,15.057346,0.3104642,5.0,5.0,1.0,0.0,0.0,0.85624117,False,False,False,False,False,False,False,False,False,False,False,False,PASS
1234,80,1,0.0,1.0,0.0,1.0,0.13443185,1.0,0.0,0.13069634,8.0,0.0,0.0,1.0,1.0,0.0,0.0,0.0,0.0,0.0,0.0,1.0,5.0,5.0,1.0,0.0,0.0,1.0,False,False,False,False,False,False,False,False,False,False,False,False,PASS
1235,80,1,0.0,0.8875,0.0,1.0,2.1915116,1.0,0.0,52.893967,6.800000000000001,0.0,0.0,0.9681815,1.0,0.0,0.0,0.0,0.0,0.0,0.0,1.0,1.8000001,4.2137504,1.0,0.0,0.0,0.943977,False,False,False,False,False,False,False,False,False,False,False,False,PASS
1236,80,1,0.0,0.8875,0.0,1.0,6.2765164,0.0,0.0,140.39417,8.0,0.0,0.0,0.8876482,1.0,0.0,0.0,0.0,0.0,0.0,0.0,1.0,5.0,5.0,1.0,0.95082754,0.8006969,0.88760376,False,False,False,False,False,False,False,False,False,False,False,False,PASS
1237,30,0,1.0,1.0,0.0,1.0,0.8842242,1.0,0.0,1.3475168,3.0,1.0,1.0,0.35406885,1.0,0.0,0.0,0.0,0.0,0.0,0.0,1.0,0.0,3.0900002,0.0,0.0,0.0,0.0,True,True,False,True,False,True,False,True,True,False,True,True,OVERLAP+AT_FAULT
1238,80,1,0.0,1.0,0.0,1.0,1.0880487,1.0,0.0,1.7375166,8.0,0.0,0.0,1.0,1.0,0.0,0.0,0.0,0.0,0.0,0.0,1.0,3.4,4.94,1.0,0.0,0.0,1.0,False,False,False,False,False,False,False,False,False,False,False,False,PASS
1239,80,1,0.0,0.875,0.0,1.0,7.39721,1.0,0.0,14.216445,1.8,1.0,0.0,0.99999994,1.0,0.0,0.0,0.0,0.0,0.0,0.0,1.0,4.2000003,4.9125,1.0,0.0,0.0,0.96250004,False,False,False,False,False,False,False,False,False,False,False,False,PASS
1240,80,1,0.0,0.85,0.0,1.0,11.503955,0.0,0.0,105.745544,6.1000000000000005,0.0,0.0,0.8527098,1.0,0.0,0.0,0.0,0.0,0.009275436,0.03339157,0.99994737,5.0,5.0,1.0,0.9352086,0.78754413,0.8518969,False,False,False,False,False,False,False,False,False,False,False,False,PASS
1241,80,1,0.0,1.0,0.0,1.0,0.41747352,1.0,0.0,1.8345261,8.0,0.0,0.0,1.0,1.0,0.0,0.0,0.0,0.0,0.0,0.0,1.0,5.0,5.0,1.0,0.0,0.0,1.0,False,False,False,False,False,False,False,False,False,False,False,False,PASS
1242,80,1,0.0,0.925,0.0,1.0,7.0500574,1.0,0.0,24.845005,8.0,0.0,0.0,0.99999994,1.0,0.0,0.0,0.0,0.0,0.0,0.0,1.0,3.9,4.89875,1.0,0.0,0.0,0.97749996,False,False,False,False,False,False,False,False,False,False,False,False,PASS
1243,80,1,0.0,1.0,0.0,1.0,9.022812,0.0,0.0,66.80361,8.0,0.0,0.0,0.7882189,1.0,0.0,0.0,0.0,0.0,0.0,0.0,1.0,5.0,5.0,1.0,0.9338184,0.7863734,0.85175323,False,False,False,False,False,False,False,False,False,False,False,False,PASS
1244,80,1,0.0,1.0,0.0,1.0,0.05568822,0.0,0.0,0.0,0.0,1.0,0.0,1.0,1.0,0.0,0.0,0.0,0.0,0.0,0.0,1.0,5.0,5.0,1.0,1.0,1.0,1.0,False,False,False,False,False,False,False,False,False,False,False,False,PASS
1245,80,1,0.0,1.0,0.0,1.0,0.12924586,1.0,0.0,0.12695694,8.0,0.0,0.0,1.0,1.0,0.0,0.0,0.0,0.0,0.0,0.0,1.0,5.0,5.0,1.0,0.0,0.0,1.0,False,False,False,False,False,False,False,False,False,False,False,False,PASS
1246,80,1,0.0,0.8125,0.0,1.0,7.0501556,1.0,0.0,50.393894,7.4,0.0,0.0,0.8090091,1.0,0.0,0.0,0.0,0.0,0.0,0.0,1.0,5.0,5.0,1.0,0.0,0.0,0.8100563,False,False,False,False,False,False,False,False,False,False,False,False,PASS
1247,80,1,0.0,0.8875,0.0,1.0,10.060872,1.0,0.0,59.61853,3.7,0.5,0.0,0.82572806,1.0,0.0,0.0,0.0,0.0,0.0,0.0,1.0,5.0,5.0,1.0,0.0,0.0,0.8442597,False,False,False,False,False,False,False,False,False,False,False,False,PASS
1248,80,1,0.0,1.0,0.0,1.0,0.16975251,1.0,0.0,0.16352412,8.0,0.0,0.0,1.0,1.0,0.0,0.0,0.0,0.0,0.0,0.0,1.0,5.0,5.0,1.0,0.0,0.0,1.0,False,False,False,False,False,False,False,False,False,False,False,False,PASS
1249,34,0,1.0,1.0,0.0,1.0,0.28669503,1.0,0.0,0.0,0.0,1.0,1.0,1.0,1.0,0.0,0.0,0.0,0.0,0.0,0.0,1.0,5.0,5.0,1.0,0.0,0.0,0.0,True,True,False,True,False,True,False,False,False,False,True,True,OVERLAP+AT_FAULT
1250,80,1,0.0,0.8875,0.0,1.0,8.991147,1.0,0.0,51.87069,3.3000000000000003,1.5,0.0,0.83724564,1.0,0.0,0.0,0.0,0.0,0.0,0.0,1.0,5.0,5.0,1.0,0.0,0.0,0.85232204,False,False,False,False,False,False,False,False,False,False,False,False,PASS
1251,80,1,0.0,1.0,0.0,1.0,0.14917962,0.0,0.0,0.14609137,8.0,0.0,0.0,1.0,1.0,0.0,0.0,0.0,0.0,0.0,0.0,1.0,3.8,4.88,1.0,1.0,0.84210527,1.0,False,False,False,False,False,False,False,False,False,False,False,False,PASS
1252,80,1,0.0,1.0,0.0,1.0,5.9827666,0.0,0.0,167.73267,8.0,0.0,0.0,0.89958364,1.0,0.0,0.0,0.0,0.0,3.233614,11.64101,0.45375395,5.0,5.0,1.0,0.83205837,0.70068073,0.9297085,False,False,False,False,False,False,False,False,False,False,False,False,PASS
1253,80,1,0.0,0.925,0.0,1.0,5.5495486,1.0,0.0,154.25012,8.0,0.0,0.0,0.88725203,1.0,0.0,0.0,0.0,0.0,1.9747849,7.1092253,0.69484377,5.0,5.0,1.0,0.0,0.0,0.89857644,False,False,False,False,False,False,False,False,False,False,False,False,PASS
1254,80,1,0.0,0.8875,0.0,1.0,8.863926,1.0,0.0,72.83034,5.1000000000000005,0.5,0.0,0.82523274,1.0,0.0,0.0,0.0,0.0,0.0,0.0,1.0,5.0,5.0,1.0,0.0,0.0,0.8439129,False,False,False,False,False,False,False,False,False,False,False,False,PASS
1255,80,1,0.0,1.0,0.0,1.0,4.595157,0.0,0.0,56.432068,8.0,0.0,0.0,0.84772307,1.0,0.0,0.0,0.0,0.0,0.0,0.0,1.0,5.0,5.0,1.0,0.95241344,0.80203235,0.8934061,False,False,False,False,False,False,False,False,False,False,False,False,PASS
1256,80,1,0.0,0.8875,0.0,1.0,14.384903,1.0,0.0,75.94064,5.5,0.5,0.0,0.7314757,1.0,0.0,0.0,0.0,0.0,0.0,0.0,1.0,5.0,5.0,1.0,0.0,0.0,0.778283,False,False,False,False,False,False,False,False,False,False,False,False,PASS
1257,80,1,0.0,1.0,0.0,1.0,7.5683336,1.0,0.0,84.59255,8.0,0.0,0.0,0.83561975,1.0,0.0,0.0,0.0,0.0,0.0,0.0,1.0,2.4,4.79875,1.0,0.0,0.0,0.8849339,False,False,False,False,False,False,False,False,False,False,False,False,PASS
1258,80,1,0.0,0.8875,0.0,1.0,8.347862,0.0,0.0,123.42177,8.0,0.0,0.0,0.8510256,1.0,0.0,0.0,0.0,0.0,0.0,0.0,1.0,5.0,5.0,1.0,0.939383,0.7910594,0.86196786,False,False,False,False,False,False,False,False,False,False,False,False,PASS
1259,80,1,0.0,1.0,0.0,1.0,9.199791,0.0,0.0,45.796597,5.4,0.5,0.0,0.7458337,1.0,0.0,0.0,0.0,0.0,0.0,0.0,1.0,5.0,5.0,1.0,0.920573,0.85416675,0.8220836,False,False,False,False,False,False,False,False,False,False,False,False,PASS
1260,80,1,0.0,1.0,0.0,1.0,2.2605426,0.0,0.0,4.584818,8.0,0.0,0.0,1.0,1.0,0.0,0.0,0.0,0.0,0.0,0.0,1.0,5.0,5.0,1.0,1.0,0.84210527,1.0,False,False,False,False,False,False,False,False,False,False,False,False,PASS
1261,80,1,0.0,0.8875,0.0,1.0,11.353377,1.0,0.0,32.7333,5.7,0.5,0.0,1.0,1.0,0.0,0.0,0.0,0.0,0.0,0.0,1.0,5.0,5.0,1.0,0.0,0.0,0.96625006,False,False,False,False,False,False,False,False,False,False,False,False,PASS
1262,80,1,0.0,0.6625,0.0,1.0,27.417068,1.0,0.0,174.1889,8.0,0.0,0.0,0.8873952,1.0,0.0,0.0,0.0,0.0,2.2540417,8.11455,0.24736941,5.0,5.0,1.0,0.0,0.0,0.8199267,False,False,False,False,False,False,False,False,False,False,False,False,PASS
1263,80,1,0.0,0.8875,0.0,1.0,8.032095,1.0,0.0,71.70532,4.9,0.5,0.0,0.836898,1.0,0.0,0.0,0.0,0.0,0.0,0.0,1.0,5.0,5.0,1.0,0.0,0.0,0.8520786,False,False,False,False,False,False,False,False,False,False,False,False,PASS
1264,80,1,0.0,1.0,0.0,1.0,2.2037282,1.0,0.0,42.4665,8.0,0.0,0.0,0.98007965,1.0,0.0,0.0,0.0,0.0,0.0,0.0,1.0,5.0,5.0,1.0,0.0,0.0,0.9860558,False,False,False,False,False,False,False,False,False,False,False,False,PASS
1265,80,1,0.0,0.8,0.0,1.0,10.718812,0.0,0.0,158.04572,7.9,0.0,0.0,0.8510478,1.0,0.0,0.0,0.0,0.0,3.400528,12.2419,0.65488845,5.0,5.0,1.0,0.8421746,0.70919967,0.8357334,False,False,False,False,False,False,False,False,False,False,False,False,PASS
1266,80,1,0.0,1.0,0.0,1.0,2.1137378,1.0,0.0,49.83763,5.5,0.5,0.0,0.92613655,1.0,0.0,0.0,0.0,0.0,0.0,0.0,1.0,1.1,4.2937503,1.0,0.0,0.0,0.9482956,False,False,False,False,False,False,False,False,False,False,False,False,PASS
1267,80,1,0.0,1.0,0.0,1.0,7.879905,0.0,0.0,42.00531,6.5,0.0,0.0,1.0,1.0,0.0,0.0,0.0,0.0,0.0,0.0,1.0,5.0,5.0,1.0,1.0,0.84210527,1.0,False,False,False,False,False,False,False,False,False,False,False,False,PASS
1268,80,1,0.0,1.0,0.0,1.0,1.3877836,1.0,0.0,2.594207,8.0,0.0,0.0,1.0,1.0,0.0,0.0,0.0,0.0,0.0,0.0,1.0,5.0,5.0,1.0,0.0,0.0,1.0,False,False,False,False,False,False,False,False,False,False,False,False,PASS
1269,80,1,0.0,0.8875,0.0,1.0,3.8166673,0.0,0.0,22.252989,1.9,1.0,0.0,0.97410715,1.0,0.0,0.0,0.0,0.0,0.0,0.0,1.0,5.0,5.0,1.0,0.97784597,0.98134404,0.948125,False,False,False,False,False,False,False,False,False,False,False,False,PASS
1270,80,1,0.0,0.8875,4.5117574,0.5,6.2193885,1.0,0.0,43.08161,7.5,0.0,0.0,0.9443106,1.0,0.0,0.0,0.0,0.0,0.0,0.0,1.0,5.0,5.0,1.0,0.0,0.0,0.9272675,False,False,False,False,False,False,False,False,False,False,False,False,PASS
1271,80,1,0.0,0.8,0.0,1.0,17.84316,1.0,0.0,139.93167,8.0,0.0,0.0,0.78718895,1.0,0.0,0.0,0.0,0.0,1.597414,5.7506905,0.9681913,5.0,5.0,1.0,0.0,0.0,0.79103225,False,False,False,False,False,False,False,False,False,False,False,False,PASS
1272,1,0,1.0,1.0,0.0,1.0,0.007642079,1.0,0.0,0.010982412,0.1,1.0,1.0,1.0,1.0,0.0,0.0,0.0,0.0,0.0,0.0,1.0,5.0,5.0,1.0,0.0,0.0,0.0,True,True,False,True,False,True,False,False,False,False,True,True,OVERLAP+AT_FAULT
1273,80,1,0.0,0.8875,0.0,1.0,5.2518787,1.0,0.0,142.39325,8.0,0.0,0.0,0.91105753,1.0,0.0,0.0,0.0,0.0,0.14490128,0.5216446,0.9991775,5.0,5.0,1.0,0.0,0.0,0.90399027,False,False,False,False,False,False,False,False,False,False,False,False,PASS
1274,80,1,0.0,1.0,0.0,1.0,4.4696403,1.0,0.0,181.63423,8.0,0.0,0.0,0.949889,1.0,0.0,0.0,0.0,0.0,3.6855087,13.267831,0.0,5.0,5.0,1.0,0.0,0.0,0.96492237,False,False,False,False,False,False,False,False,False,False,False,False,PASS
1275,80,1,0.0,1.0,0.0,1.0,1.8057717,1.0,0.0,53.102108,7.0,0.0,0.0,0.9031675,1.0,0.0,0.0,0.0,0.0,0.0,0.0,1.0,5.0,5.0,1.0,0.0,0.0,0.93221724,False,False,False,False,False,False,False,False,False,False,False,False,PASS
1276,80,1,0.0,0.85,0.0,1.0,13.446497,0.0,0.0,187.36102,8.0,0.0,0.0,0.9762955,1.0,0.0,0.0,0.0,0.0,3.6653862,13.19539,0.0,5.0,5.0,1.0,0.7238423,0.6095514,0.9384069,False,False,False,False,False,False,False,False,False,False,False,False,PASS
1277,80,1,0.0,0.7375,0.0,1.0,6.0848756,1.0,0.0,145.16608,7.6,0.0,0.0,0.89898616,1.0,0.0,0.0,0.0,0.0,0.7504425,2.701593,0.97246,5.0,5.0,1.0,0.0,0.0,0.85054034,False,False,False,False,False,False,False,False,False,False,False,False,PASS
1278,80,1,0.0,0.8875,0.0,1.0,12.872203,1.0,0.0,99.75909,5.0,0.5,0.0,0.8004997,1.0,0.0,0.0,0.0,0.0,3.226427,11.615137,0.74328095,5.0,5.0,1.0,0.0,0.0,0.8265997,False,False,False,False,False,False,False,False,False,False,False,False,PASS
1279,80,1,0.0,1.0,0.0,1.0,4.115337,1.0,0.0,41.278458,6.2,0.0,0.0,1.0,1.0,0.0,0.0,0.0,0.0,0.0,0.0,1.0,2.8,4.63125,1.0,0.0,0.0,1.0,False,False,False,False,False,False,False,False,False,False,False,False,PASS
1280,65,0,1.0,0.8923077,0.0,1.0,8.778129,1.0,0.0,57.584297,6.5,0.0,1.0,0.5421787,1.0,0.0,0.0,0.0,0.0,0.0,0.0,1.0,5.0,5.0,1.0,0.0,0.0,0.0,True,True,False,True,False,True,False,False,True,False,True,True,OVERLAP+AT_FAULT
1281,80,1,0.0,1.0,0.0,1.0,5.801712,1.0,0.0,6.967989,4.0,0.5,0.0,0.46992916,1.0,0.0,0.0,0.0,0.0,0.0,0.0,1.0,5.0,5.0,1.0,0.0,0.0,0.6289504,False,False,False,False,False,False,False,True,True,False,False,False,LOW_PROGRESS
1282,80,1,0.0,0.8875,0.0,1.0,8.935168,1.0,0.0,107.8725,6.800000000000001,0.0,0.0,0.84037703,1.0,0.0,0.0,0.0,0.0,0.0,0.0,1.0,5.0,5.0,1.0,0.0,0.0,0.85451394,False,False,False,False,False,False,False,False,False,False,False,False,PASS
1283,80,1,0.0,0.6875,0.0,1.0,6.4352846,1.0,0.0,127.196075,7.9,0.0,0.0,0.99999994,1.0,0.0,0.0,0.0,0.0,0.0,0.0,1.0,5.0,5.0,1.0,0.0,0.0,0.90625,False,False,False,False,False,False,False,False,False,False,False,False,PASS
1284,56,0,0.0,1.0,0.0,1.0,5.700858,1.0,1.0,108.465416,5.6000000000000005,0.5,0.0,0.78779167,1.0,0.0,0.0,0.0,0.0,1.1572361,4.16605,0.84754515,5.0,5.0,1.0,0.0,0.0,0.0,True,False,True,False,False,False,False,False,False,False,True,True,OFFROAD
1285,80,1,0.0,1.0,8.974817,0.0,2.10286,1.0,0.0,51.796505,8.0,0.0,0.0,0.91659826,1.0,0.0,0.0,0.0,0.0,0.0,0.0,1.0,5.0,5.0,1.0,0.0,0.0,0.94161874,False,False,False,False,False,False,False,False,False,False,False,False,PASS
1286,80,1,0.0,1.0,0.0,1.0,0.35667896,0.0,0.0,0.35069466,8.0,0.0,0.0,1.0,1.0,0.0,0.0,0.0,0.0,0.0,0.0,1.0,4.3,4.965,1.0,1.0,0.84210527,1.0,False,False,False,False,False,False,False,False,False,False,False,False,PASS
1287,80,1,0.0,0.8875,0.0,1.0,8.342308,1.0,0.0,25.46914,8.0,0.0,0.0,1.0,1.0,0.0,0.0,0.0,0.0,0.0,0.0,1.0,5.0,5.0,1.0,0.0,0.0,0.96625006,False,False,False,False,False,False,False,False,False,False,False,False,PASS
1288,80,1,0.0,0.925,0.0,1.0,3.3385932,1.0,0.0,109.796005,7.9,0.0,0.0,0.99999994,1.0,0.0,0.0,0.0,0.0,0.0,0.0,1.0,4.0,4.9500003,1.0,0.0,0.0,0.97749996,False,False,False,False,False,False,False,False,False,False,False,False,PASS
1289,80,1,0.0,1.0,0.0,1.0,10.685027,1.0,0.0,0.0,0.0,1.0,0.0,0.82711107,1.0,0.0,0.0,0.0,0.0,1.8650589,6.714212,0.89816135,5.0,5.0,1.0,0.0,0.0,0.8789778,False,False,False,False,False,False,False,False,False,False,False,False,PASS
1290,80,1,0.0,0.8875,0.0,1.0,7.820189,1.0,0.0,173.09132,8.0,0.0,0.0,0.91230536,1.0,0.0,0.0,0.0,0.0,3.1325989,11.277355,0.30967188,5.0,5.0,1.0,0.0,0.0,0.9048638,False,False,False,False,False,False,False,False,False,False,False,False,PASS
1291,80,1,0.0,1.0,0.0,1.0,0.01991455,1.0,0.0,0.028821591,8.0,0.0,0.0,1.0,1.0,0.0,0.0,0.0,0.0,0.0,0.0,1.0,5.0,5.0,1.0,0.0,0.0,1.0,False,False,False,False,False,False,False,False,False,False,False,False,PASS
1292,80,1,0.0,0.8875,0.0,1.0,9.518756,1.0,0.0,81.33555,7.7,0.0,0.0,0.7811682,1.0,0.0,0.0,0.0,0.0,0.0,0.0,1.0,5.0,5.0,1.0,0.0,0.0,0.81306785,False,False,False,False,False,False,False,False,False,False,False,False,PASS
1293,80,1,0.0,1.0,0.0,1.0,2.8622415,0.0,0.0,26.510044,8.0,0.0,0.0,0.9592268,1.0,0.0,0.0,0.0,0.0,0.0,0.0,1.0,1.9,4.3075,1.0,0.9872584,0.8313755,0.97145885,False,False,False,False,False,False,False,False,False,False,False,False,PASS
1294,80,1,0.0,0.71250004,0.0,1.0,15.04585,1.0,0.0,122.20348,8.0,0.0,0.0,1.0,1.0,0.0,0.0,0.0,0.0,7.2103786,25.957363,0.0,0.7,4.16125,0.0,0.0,0.0,0.91375,False,False,False,False,False,False,False,False,False,False,False,False,PASS
1295,80,1,0.0,0.925,0.0,1.0,2.8180842,1.0,0.0,23.168875,3.4000000000000004,0.5,0.0,1.0,1.0,0.0,0.0,0.0,0.0,0.0,0.0,1.0,2.5,4.6150002,1.0,0.0,0.0,0.97749996,False,False,False,False,False,False,False,False,False,False,False,False,PASS
1296,80,1,0.0,0.8875,0.0,1.0,13.975809,1.0,0.0,118.26811,6.2,0.0,0.0,0.8246723,1.0,0.0,0.0,0.0,0.0,2.6930485,9.694974,0.8798009,5.0,5.0,1.0,0.0,0.0,0.8435206,False,False,False,False,False,False,False,False,False,False,False,False,PASS
1297,80,1,0.0,0.8,0.0,1.0,6.588489,0.0,0.0,138.88132,6.5,0.0,0.0,0.887391,1.0,0.0,0.0,0.0,0.0,3.253811,11.713718,0.41447586,5.0,5.0,1.0,0.79342866,0.6681505,0.8611736,False,False,False,False,False,False,False,False,False,False,False,False,PASS
1298,80,1,0.0,0.8875,0.0,1.0,18.5192,1.0,0.0,127.42833,8.0,0.0,0.0,0.72035384,1.0,0.0,0.0,0.0,0.0,1.1202393,4.032861,0.97866356,5.0,5.0,1.0,0.0,0.0,0.7704977,False,False,False,False,False,False,False,False,False,False,False,False,PASS
1299,80,1,0.0,1.0,0.0,1.0,0.15043426,0.0,0.0,0.14258546,8.0,0.0,0.0,1.0,1.0,0.0,0.0,0.0,0.0,0.0,0.0,1.0,5.0,5.0,1.0,1.0,0.84210527,1.0,False,False,False,False,False,False,False,False,False,False,False,False,PASS
1300,80,1,0.0,1.0,0.0,1.0,13.148783,0.0,0.0,71.07537,8.0,0.0,0.0,0.68248314,1.0,0.0,0.0,0.0,0.0,0.0,0.0,1.0,5.0,5.0,1.0,0.90077597,0.7585482,0.7777382,False,False,False,False,False,False,False,False,True,False,False,False,PASS
1301,80,1,0.0,0.8875,0.0,1.0,2.9892766,1.0,0.0,46.24664,6.800000000000001,0.0,0.0,1.0,1.0,0.0,0.0,0.0,0.0,0.0,0.0,1.0,5.0,5.0,1.0,0.0,0.0,0.96625006,False,False,False,False,False,False,False,False,False,False,False,False,PASS
1302,80,1,0.0,1.0,0.0,1.0,0.13057853,1.0,0.0,0.12695456,8.0,0.0,0.0,1.0,1.0,0.0,0.0,0.0,0.0,0.0,0.0,1.0,5.0,5.0,1.0,0.0,0.0,1.0,False,False,False,False,False,False,False,False,False,False,False,False,PASS
1303,80,1,0.0,0.8875,0.0,1.0,10.913675,1.0,0.0,133.27419,7.9,0.0,0.0,0.81520903,1.0,0.0,0.0,0.0,0.0,0.67432785,2.42758,0.98599154,5.0,5.0,1.0,0.0,0.0,0.83689636,False,False,False,False,False,False,False,False,False,False,False,False,PASS
1304,80,1,0.0,1.0,0.0,1.0,0.4312667,1.0,0.0,0.40878248,8.0,0.0,0.0,1.0,1.0,0.0,0.0,0.0,0.0,0.0,0.0,1.0,5.0,5.0,1.0,0.0,0.0,1.0,False,False,False,False,False,False,False,False,False,False,False,False,PASS
1305,80,1,0.0,1.0,0.0,1.0,0.34017488,1.0,0.0,0.3309986,8.0,0.0,0.0,1.0,1.0,0.0,0.0,0.0,0.0,0.0,0.0,1.0,5.0,5.0,1.0,0.0,0.0,1.0,False,False,False,False,False,False,False,False,False,False,False,False,PASS
1306,80,1,0.0,1.0,0.0,1.0,0.08795198,0.0,0.0,0.18294969,8.0,0.0,0.0,1.0,1.0,0.0,0.0,0.0,0.0,0.0,0.0,1.0,5.0,5.0,1.0,1.0,0.84210527,1.0,False,False,False,False,False,False,False,False,False,False,False,False,PASS
1307,80,1,0.0,1.0,0.0,1.0,1.2378496,1.0,0.0,8.985167,8.0,0.0,0.0,0.9995313,1.0,0.0,0.0,0.0,0.0,0.0,0.0,1.0,5.0,5.0,1.0,0.0,0.0,0.99967194,False,False,False,False,False,False,False,False,False,False,False,False,PASS
1308,59,0,0.0,0.47457626,0.0,1.0,11.993739,0.0,1.0,28.51957,4.0,0.5,0.0,0.99997985,1.0,0.0,0.0,0.0,0.0,1.2434788,4.4765234,0.91310334,2.5,4.7898307,1.0,0.9125916,0.84744555,0.0,True,False,True,False,False,False,False,False,False,True,True,True,OFFROAD
1309,80,1,0.0,1.0,0.0,1.0,0.1287418,1.0,0.0,0.123834684,8.0,0.0,0.0,1.0,1.0,0.0,0.0,0.0,0.0,0.0,0.0,1.0,5.0,5.0,1.0,0.0,0.0,1.0,False,False,False,False,False,False,False,False,False,False,False,False,PASS
1310,80,1,0.0,0.77500004,0.0,1.0,6.027227,1.0,0.0,90.6716,7.9,0.0,0.0,0.99999994,1.0,0.0,0.0,0.0,0.0,1.1162233,4.018404,0.77006567,0.2,4.83125,0.0,0.0,0.0,0.9325,False,False,False,False,False,False,False,False,False,False,False,False,PASS
1311,49,0,0.0,0.57142854,0.0,1.0,8.724241,1.0,1.0,18.464634,2.4000000000000004,1.0,0.0,0.99999994,1.0,0.0,0.0,0.0,0.0,0.0,0.0,1.0,1.6,3.7632651,1.0,0.0,0.0,0.0,True,False,True,False,False,False,False,False,False,False,True,True,OFFROAD
1312,80,1,0.0,1.0,0.0,1.0,9.033867,1.0,0.0,23.028599,7.1000000000000005,0.0,0.0,1.0,1.0,0.0,0.0,0.0,0.0,0.0,0.0,1.0,2.1000001,4.90375,1.0,0.0,0.0,1.0,False,False,False,False,False,False,False,False,False,False,False,False,PASS
1313,80,1,0.0,0.725,0.0,1.0,11.120534,0.0,0.0,110.17975,6.5,0.0,0.0,0.8124909,1.0,0.0,0.0,0.0,0.0,0.0,0.0,1.0,5.0,5.0,1.0,0.9070284,0.7638134,0.7862436,False,False,False,False,False,False,False,False,False,False,False,False,PASS
1314,80,1,0.0,0.925,0.0,1.0,6.5240664,1.0,0.0,118.67405,8.0,0.0,0.0,0.8771406,1.0,0.0,0.0,0.0,0.0,0.0,0.0,1.0,5.0,5.0,1.0,0.0,0.0,0.8914984,False,False,False,False,False,False,False,False,False,False,False,False,PASS
1315,80,1,0.0,0.9125,0.0,1.0,4.1724067,1.0,0.0,55.752914,8.0,0.0,0.0,0.8527961,1.0,0.0,0.0,0.0,0.0,0.0,0.0,1.0,5.0,5.0,1.0,0.0,0.0,0.87070733,False,False,False,False,False,False,False,False,False,False,False,False,PASS
1316,80,1,0.0,1.0,0.0,1.0,0.11435487,1.0,0.0,0.20832834,8.0,0.0,0.0,1.0,1.0,0.0,0.0,0.0,0.0,0.0,0.0,1.0,5.0,5.0,1.0,0.0,0.0,1.0,False,False,False,False,False,False,False,False,False,False,False,False,PASS
1317,80,1,0.0,1.0,0.0,1.0,0.06484216,0.0,0.0,0.06417112,8.0,0.0,0.0,1.0,1.0,0.0,0.0,0.0,0.0,0.0,0.0,1.0,5.0,5.0,1.0,1.0,0.84210527,1.0,False,False,False,False,False,False,False,False,False,False,False,False,PASS
1318,80,1,0.0,0.9125,0.0,1.0,7.146445,1.0,0.0,45.28925,5.7,0.5,0.0,1.0000001,1.0,0.0,0.0,0.0,0.0,0.0,0.0,1.0,5.0,5.0,1.0,0.0,0.0,0.97375005,False,False,False,False,False,False,False,False,False,False,False,False,PASS
1319,80,1,0.0,0.8875,4.207973,0.5,11.219101,1.0,0.0,69.127495,7.300000000000001,0.0,0.0,0.72247857,1.0,0.0,0.0,0.0,0.0,0.0,0.0,1.0,5.0,5.0,1.0,0.0,0.0,0.771985,False,False,False,False,False,False,False,False,False,False,False,False,PASS
1320,48,0,1.0,0.6041667,0.0,1.0,11.5507765,0.0,0.0,82.306076,4.800000000000001,0.5,1.0,0.55454296,1.0,0.0,0.0,0.0,0.0,0.0,0.0,1.0,0.0,3.7562501,0.0,0.0,0.0,0.0,True,True,False,True,False,True,False,False,True,False,True,True,OVERLAP+AT_FAULT
1321,80,1,0.0,0.8875,0.0,1.0,7.2326674,1.0,0.0,150.1936,8.0,0.0,0.0,0.8866359,1.0,0.0,0.0,0.0,0.0,0.71896553,2.588276,0.96808034,5.0,5.0,1.0,0.0,0.0,0.8868952,False,False,False,False,False,False,False,False,False,False,False,False,PASS
1322,80,1,0.0,0.875,0.0,1.0,8.8950615,1.0,0.0,74.80681,4.9,0.5,0.0,0.8197635,1.0,0.0,0.0,0.0,0.0,0.0,0.0,1.0,5.0,5.0,1.0,0.0,0.0,0.8363344,False,False,False,False,False,False,False,False,False,False,False,False,PASS
1323,80,1,0.0,1.0,0.0,1.0,0.11533864,1.0,0.0,0.12229094,8.0,0.0,0.0,1.0,1.0,0.0,0.0,0.0,0.0,0.0,0.0,1.0,5.0,5.0,1.0,0.0,0.0,1.0,False,False,False,False,False,False,False,False,False,False,False,False,PASS
1324,80,1,0.0,0.90000004,0.0,1.0,7.415634,1.0,0.0,43.69432,3.4000000000000004,0.5,0.0,0.8663851,1.0,0.0,0.0,0.0,0.0,0.0,0.0,1.0,5.0,5.0,1.0,0.0,0.0,0.8764696,False,False,False,False,False,False,False,False,False,False,False,False,PASS
1325,80,1,0.0,0.8875,0.0,1.0,5.485391,0.0,0.0,51.260468,7.2,0.0,0.0,0.8780478,1.0,0.0,0.0,0.0,0.0,0.0,0.0,1.0,3.1000001,4.91125,1.0,0.94782746,0.7981705,0.8808834,False,False,False,False,False,False,False,False,False,False,False,False,PASS
1326,35,0,1.0,0.34285715,0.0,1.0,2.5955122,1.0,0.0,21.532589,2.3000000000000003,1.0,1.0,0.34718758,1.0,0.0,0.0,0.0,0.0,0.0,0.0,1.0,5.0,5.0,1.0,0.0,0.0,0.0,True,True,False,True,False,True,False,True,True,True,True,True,OVERLAP+AT_FAULT
1327,80,1,0.0,0.85,0.0,1.0,6.1839437,1.0,0.0,65.46942,8.0,0.0,0.0,0.99999994,1.0,0.0,0.0,0.0,0.0,0.0,0.0,1.0,3.5,4.7525,1.0,0.0,0.0,0.9549999,False,False,False,False,False,False,False,False,False,False,False,False,PASS
1328,80,1,0.0,1.0,0.0,1.0,0.67867607,1.0,0.0,0.38081446,8.0,0.0,0.0,0.22935463,1.0,0.0,0.0,0.0,0.0,0.0,0.0,1.0,4.1,4.8612504,1.0,0.0,0.0,0.46054825,False,False,False,False,False,False,False,True,True,False,True,False,LOW_PROGRESS
1329,80,1,0.0,1.0,0.0,1.0,0.16603087,0.0,0.0,0.0,0.0,1.0,0.0,1.0,1.0,0.0,0.0,0.0,0.0,0.0,0.0,1.0,5.0,5.0,1.0,1.0,1.0,1.0,False,False,False,False,False,False,False,False,False,False,False,False,PASS
1330,80,1,0.0,0.8875,0.0,1.0,6.460071,1.0,0.0,63.14892,7.6,0.0,0.0,1.0,1.0,0.0,0.0,0.0,0.0,0.0,0.0,1.0,5.0,5.0,1.0,0.0,0.0,0.96625006,False,False,False,False,False,False,False,False,False,False,False,False,PASS
1331,80,1,0.0,0.8125,0.0,1.0,8.618545,0.0,0.0,79.80655,4.7,0.5,0.0,0.8562016,1.0,0.0,0.0,0.0,0.0,0.0,0.0,1.0,5.0,5.0,1.0,0.9316255,0.8634741,0.84309113,False,False,False,False,False,False,False,False,False,False,False,False,PASS
1332,80,1,0.0,0.725,0.0,1.0,7.7314715,1.0,0.0,109.91478,5.9,0.0,0.0,0.9094743,1.0,0.0,0.0,0.0,0.0,0.7148056,2.5733001,0.98349994,5.0,5.0,1.0,0.0,0.0,0.8541321,False,False,False,False,False,False,False,False,False,False,False,False,PASS
1333,80,1,0.0,0.8,0.0,1.0,3.4244046,1.0,0.0,41.42025,6.1000000000000005,0.0,0.0,0.9136004,1.0,0.0,0.0,0.0,0.0,0.0,0.0,1.0,3.2,4.675,1.0,0.0,0.0,0.87952024,False,False,False,False,False,False,False,False,False,False,False,False,PASS
1334,80,1,0.0,0.8875,0.0,1.0,10.151751,1.0,0.0,184.44965,8.0,0.0,0.0,1.0,1.0,0.0,0.0,0.0,0.0,3.214653,11.57275,0.0,5.0,5.0,1.0,0.0,0.0,0.96625006,False,False,False,False,False,False,False,False,False,False,False,False,PASS
1335,80,1,0.0,0.875,0.0,1.0,4.184944,1.0,0.0,39.99925,2.9000000000000004,1.0,0.0,0.90234655,1.0,0.0,0.0,0.0,0.0,0.0,0.0,1.0,5.0,5.0,1.0,0.0,0.0,0.89414257,False,False,False,False,False,False,False,False,False,False,False,False,PASS
1336,80,1,0.0,0.6,0.0,1.0,5.836309,0.0,0.0,70.028366,3.3000000000000003,1.5,0.0,0.92507046,1.0,0.0,0.0,0.0,0.0,3.335369,12.007328,0.2863096,5.0,5.0,1.0,0.748162,0.8668733,0.8275494,False,False,False,False,False,False,False,False,False,False,False,False,PASS
1337,80,1,0.0,1.0,0.0,1.0,0.13675185,1.0,0.0,0.12631954,8.0,0.0,0.0,1.0,1.0,0.0,0.0,0.0,0.0,0.0,0.0,1.0,5.0,5.0,1.0,0.0,0.0,1.0,False,False,False,False,False,False,False,False,False,False,False,False,PASS
1338,80,1,0.0,1.0,0.0,1.0,7.8324847,1.0,0.0,162.16537,8.0,0.0,0.0,0.8753959,1.0,0.0,0.0,0.0,0.0,2.8665123,10.319444,0.6255722,5.0,5.0,1.0,0.0,0.0,0.9127771,False,False,False,False,False,False,False,False,False,False,False,False,PASS
1339,80,1,0.0,0.8125,0.0,1.0,8.138406,0.0,0.0,135.55997,8.0,0.0,0.0,0.87517595,1.0,0.0,0.0,0.0,0.0,0.0,0.0,1.0,5.0,5.0,1.0,0.93755496,0.78951997,0.85637325,False,False,False,False,False,False,False,False,False,False,False,False,PASS
1340,80,1,0.0,1.0,0.0,1.0,0.16394381,1.0,0.0,0.16733477,8.0,0.0,0.0,1.0,1.0,0.0,0.0,0.0,0.0,0.0,0.0,1.0,5.0,5.0,1.0,0.0,0.0,1.0,False,False,False,False,False,False,False,False,False,False,False,False,PASS
1341,80,1,0.0,0.8,0.0,1.0,8.435786,0.0,0.0,142.8729,8.0,0.0,0.0,0.88302064,1.0,0.0,0.0,0.0,0.0,0.6441517,2.3189461,0.9812088,5.0,5.0,1.0,0.93374616,0.7863126,0.8581144,False,False,False,False,False,False,False,False,False,False,False,False,PASS
1342,80,1,0.0,0.8875,0.0,1.0,12.205905,0.0,0.0,74.060905,8.0,0.0,0.0,0.7278961,1.0,0.0,0.0,0.0,0.0,0.0,0.0,1.0,5.0,5.0,1.0,0.900905,0.75865686,0.7757773,False,False,False,False,False,False,False,False,False,False,False,False,PASS
1343,80,1,0.0,1.0,0.0,1.0,4.4331603,1.0,0.0,60.015392,8.0,0.0,0.0,0.81151485,1.0,0.0,0.0,0.0,0.0,0.0,0.0,1.0,3.8,4.8900003,1.0,0.0,0.0,0.8680604,False,False,False,False,False,False,False,False,False,False,False,False,PASS
1344,80,1,0.0,0.8875,0.0,1.0,9.160576,1.0,0.0,112.68215,8.0,0.0,0.0,0.83577895,1.0,0.0,0.0,0.0,0.0,0.0,0.0,1.0,5.0,5.0,1.0,0.0,0.0,0.8512953,False,False,False,False,False,False,False,False,False,False,False,False,PASS
1345,80,1,0.0,1.0,0.0,1.0,11.873385,1.0,0.0,55.958015,8.0,0.0,0.0,0.65093064,1.0,0.0,0.0,0.0,0.0,0.0,0.0,1.0,5.0,5.0,1.0,0.0,0.0,0.7556515,False,False,False,False,False,False,False,False,True,False,False,False,PASS
1346,80,1,0.0,1.0,0.0,1.0,0.1713879,1.0,0.0,0.15789238,8.0,0.0,0.0,1.0,1.0,0.0,0.0,0.0,0.0,0.0,0.0,1.0,5.0,5.0,1.0,0.0,0.0,1.0,False,False,False,False,False,False,False,False,False,False,False,False,PASS
1347,80,1,0.0,0.8875,0.0,1.0,2.1762364,1.0,0.0,65.380066,8.0,0.0,0.0,0.97503984,1.0,0.0,0.0,0.0,0.0,0.0,0.0,1.0,5.0,5.0,1.0,0.0,0.0,0.94877785,False,False,False,False,False,False,False,False,False,False,False,False,PASS
1348,42,0,1.0,1.0,0.0,1.0,0.26142997,0.0,0.0,0.25273097,4.2,0.5,1.0,1.0,1.0,0.0,0.0,0.0,0.0,0.0,0.0,1.0,5.0,5.0,1.0,0.0,0.0,0.0,True,True,False,True,False,True,False,False,False,False,True,True,OVERLAP+AT_FAULT
1349,80,1,0.0,0.65000004,0.0,1.0,17.72737,1.0,0.0,127.78643,8.0,0.0,0.0,0.72522503,1.0,0.0,0.0,0.0,0.0,1.9316845,6.954064,0.93633556,5.0,5.0,1.0,0.0,0.0,0.7026575,False,False,False,False,False,False,False,False,False,False,False,False,PASS
1350,80,1,0.0,0.8875,0.0,1.0,10.449074,1.0,0.0,143.64066,8.0,0.0,0.0,0.84774953,1.0,0.0,0.0,0.0,0.0,0.5109558,1.8394408,0.98625845,5.0,5.0,1.0,0.0,0.0,0.85967463,False,False,False,False,False,False,False,False,False,False,False,False,PASS
1351,80,1,0.0,0.925,0.0,1.0,11.187665,1.0,0.0,44.55921,8.0,0.0,0.0,0.9998849,1.0,0.0,0.0,0.0,0.0,0.0,0.0,1.0,5.0,5.0,1.0,0.0,0.0,0.9774195,False,False,False,False,False,False,False,False,False,False,False,False,PASS
1352,80,1,0.0,0.8,0.0,1.0,12.238532,0.0,0.0,117.995544,6.9,0.0,0.0,0.814297,1.0,0.0,0.0,0.0,0.0,0.7534523,2.712428,0.9776417,5.0,5.0,1.0,0.91137826,0.76747644,0.81000787,False,False,False,False,False,False,False,False,False,False,False,False,PASS
1353,80,1,0.0,0.875,0.0,1.0,10.291411,1.0,0.0,126.64316,6.300000000000001,0.0,0.0,0.8624409,1.0,0.0,0.0,0.0,0.0,3.1330547,11.278996,0.7506531,5.0,5.0,1.0,0.0,0.0,0.8662087,False,False,False,False,False,False,False,False,False,False,False,False,PASS
1354,80,1,0.0,0.8,0.0,1.0,12.678174,1.0,0.0,152.541,8.0,0.0,0.0,0.8113882,1.0,0.0,0.0,0.0,0.0,3.4082165,12.269579,0.7171664,5.0,5.0,1.0,0.0,0.0,0.8079718,False,False,False,False,False,False,False,False,False,False,False,False,PASS
1355,80,1,0.0,0.8875,0.0,1.0,3.4494538,0.0,0.0,63.595795,5.5,0.5,0.0,1.0,1.0,0.0,0.0,0.0,0.0,0.0,0.0,1.0,5.0,5.0,1.0,0.9859375,0.9092105,0.96625006,False,False,False,False,False,False,False,False,False,False,False,False,PASS
1356,80,1,0.0,1.0,0.0,1.0,1.2319267,0.0,0.0,56.947353,5.4,0.5,0.0,0.9628637,1.0,0.0,0.0,0.0,0.0,0.0,0.0,1.0,5.0,5.0,1.0,0.9883949,0.91128,0.97400457,False,False,False,False,False,False,False,False,False,False,False,False,PASS
1357,80,1,0.0,1.0,0.0,1.0,9.117328,1.0,0.0,8.129509,1.8,1.0,0.0,1.0,1.0,0.0,0.0,0.0,0.0,0.0,0.0,1.0,3.0,4.9075003,1.0,0.0,0.0,1.0,False,False,False,False,False,False,False,False,False,False,False,False,PASS
1358,80,1,0.0,0.8875,0.0,1.0,14.2993,1.0,0.0,68.554756,7.0,0.0,0.0,0.67493224,1.0,0.0,0.0,0.0,0.0,0.0,0.0,1.0,5.0,5.0,1.0,0.0,0.0,0.73870254,False,False,False,False,False,False,False,False,True,False,False,False,PASS
1359,80,1,0.0,1.0,0.0,1.0,7.053264,1.0,0.0,106.81525,6.300000000000001,0.0,0.0,0.8446995,1.0,0.0,0.0,0.0,0.0,0.0,0.0,1.0,5.0,5.0,1.0,0.0,0.0,0.8912897,False,False,False,False,False,False,False,False,False,False,False,False,PASS
1360,80,1,0.0,1.0,0.0,1.0,0.1721401,0.0,0.0,0.17122209,8.0,0.0,0.0,1.0,1.0,0.0,0.0,0.0,0.0,0.0,0.0,1.0,5.0,5.0,1.0,1.0,0.84210527,1.0,False,False,False,False,False,False,False,False,False,False,False,False,PASS
1361,80,1,0.0,0.875,0.0,1.0,5.8378897,0.0,0.0,51.252846,8.0,0.0,0.0,1.0,1.0,0.0,0.0,0.0,0.0,0.0,0.0,1.0,5.0,5.0,1.0,0.984375,0.82894737,0.96250004,False,False,False,False,False,False,False,False,False,False,False,False,PASS
1362,80,1,0.0,1.0,0.0,1.0,2.0130785,1.0,0.0,55.32734,8.0,0.0,0.0,0.99999994,1.0,0.0,0.0,0.0,0.0,0.0,0.0,1.0,5.0,5.0,1.0,0.0,0.0,1.0,False,False,False,False,False,False,False,False,False,False,False,False,PASS
1363,80,1,0.0,1.0,0.0,1.0,0.075383626,0.0,0.0,0.06326684,8.0,0.0,0.0,1.0,1.0,0.0,0.0,0.0,0.0,0.0,0.0,1.0,5.0,5.0,1.0,1.0,0.84210527,1.0,False,False,False,False,False,False,False,False,False,False,False,False,PASS
1364,80,1,0.0,0.925,0.0,1.0,3.6266754,1.0,0.0,73.08742,7.2,0.0,0.0,0.9001341,1.0,0.0,0.0,0.0,0.0,0.0,0.0,1.0,5.0,5.0,1.0,0.0,0.0,0.9075939,False,False,False,False,False,False,False,False,False,False,False,False,PASS
1365,1,0,1.0,1.0,0.0,1.0,0.00548722,1.0,0.0,0.009832687,0.1,1.0,1.0,1.0,1.0,0.0,0.0,0.0,0.0,0.0,0.0,1.0,5.0,5.0,1.0,0.0,0.0,0.0,True,True,False,True,False,True,False,False,False,False,True,True,OVERLAP+AT_FAULT
1366,80,1,0.0,0.90000004,0.0,1.0,10.840362,0.0,0.0,55.86099,8.0,0.0,0.0,1.0,1.0,0.0,0.0,0.0,0.0,0.0,0.0,1.0,5.0,5.0,1.0,0.9875,0.83157897,0.96999997,False,False,False,False,False,False,False,False,False,False,False,False,PASS
1367,80,1,0.0,1.0,0.0,1.0,15.961159,1.0,0.0,149.72607,8.0,0.0,0.0,0.7881008,1.0,0.0,0.0,0.0,0.0,3.3691769,12.129036,0.8194531,5.0,5.0,1.0,0.0,0.0,0.85167056,False,False,False,False,False,False,False,False,False,False,False,False,PASS
1368,80,1,0.0,1.0,0.0,1.0,3.9981935,0.0,0.0,17.39869,7.7,0.0,0.0,1.0,1.0,0.0,0.0,0.0,0.0,0.0,0.0,1.0,3.6000001,4.87125,1.0,1.0,0.84210527,1.0,False,False,False,False,False,False,False,False,False,False,False,False,PASS
1369,80,1,0.0,0.8875,0.0,1.0,1.8899481,1.0,0.0,137.05579,8.0,0.0,0.0,1.0,1.0,0.0,0.0,0.0,0.0,0.0,0.0,1.0,5.0,5.0,1.0,0.0,0.0,0.96625006,False,False,False,False,False,False,False,False,False,False,False,False,PASS
1370,80,1,0.0,1.0,0.0,1.0,3.593383,0.0,0.0,11.165268,4.0,0.5,0.0,0.67616844,1.0,0.0,0.0,0.0,0.0,0.0,0.0,1.0,5.0,5.0,1.0,0.89880264,0.8358338,0.77331793,False,False,False,False,False,False,False,False,True,False,False,False,PASS
1371,80,1,0.0,1.0,0.0,1.0,0.08297579,0.0,0.0,0.0,0.0,1.0,0.0,1.0,1.0,0.0,0.0,0.0,0.0,0.0,0.0,1.0,5.0,5.0,1.0,1.0,1.0,1.0,False,False,False,False,False,False,False,False,False,False,False,False,PASS
1372,80,1,0.0,1.0,0.0,1.0,0.07647449,1.0,0.0,0.36935496,8.0,0.0,0.0,1.0,1.0,0.0,0.0,0.0,0.0,0.0,0.0,1.0,5.0,5.0,1.0,0.0,0.0,1.0,False,False,False,False,False,False,False,False,False,False,False,False,PASS
1373,80,1,0.0,1.0,0.0,1.0,6.582297,1.0,0.0,21.954117,3.9,0.5,0.0,1.0,1.0,0.0,0.0,0.0,0.0,0.0,0.0,1.0,5.0,5.0,1.0,0.0,0.0,1.0,False,False,False,False,False,False,False,False,False,False,False,False,PASS
1374,80,1,0.0,1.0,0.0,1.0,0.042013414,1.0,0.0,0.049355064,8.0,0.0,0.0,1.0,1.0,0.0,0.0,0.0,0.0,0.0,0.0,1.0,5.0,5.0,1.0,0.0,0.0,1.0,False,False,False,False,False,False,False,False,False,False,False,False,PASS
1375,80,1,0.0,1.0,0.0,1.0,0.25526276,1.0,0.0,0.24214348,8.0,0.0,0.0,1.0,1.0,0.0,0.0,0.0,0.0,0.0,0.0,1.0,5.0,5.0,1.0,0.0,0.0,1.0,False,False,False,False,False,False,False,False,False,False,False,False,PASS
1376,80,1,0.0,0.77500004,0.0,1.0,6.209012,0.0,0.0,72.2657,6.300000000000001,0.0,0.0,0.9483109,1.0,0.0,0.0,0.0,0.0,0.0,0.0,1.0,2.3,4.9325004,1.0,0.95572215,0.8048187,0.89631766,False,False,False,False,False,False,False,False,False,False,False,False,PASS
1377,80,1,0.0,1.0,0.0,1.0,1.818187,1.0,0.0,0.0,0.0,1.0,0.0,1.0,1.0,0.0,0.0,0.0,0.0,0.0,0.0,1.0,5.0,5.0,1.0,0.0,0.0,1.0,False,False,False,False,False,False,False,False,False,False,False,False,PASS
1378,6,0,1.0,0.0,0.0,1.0,0.20751736,0.0,0.0,0.68670046,0.6000000000000001,1.0,1.0,0.017098319,0.0,0.0,0.0,0.0,0.0,0.0,0.0,1.0,5.0,5.0,1.0,0.0,0.0,0.0,True,True,False,True,False,True,False,True,True,True,True,True,OVERLAP+AT_FAULT
1379,80,1,0.0,0.85,0.0,1.0,10.505544,1.0,0.0,126.04861,6.300000000000001,0.0,0.0,0.8372807,1.0,0.0,0.0,0.0,0.0,3.1715565,11.417603,0.6655506,5.0,5.0,1.0,0.0,0.0,0.8410965,False,False,False,False,False,False,False,False,False,False,False,False,PASS
1380,80,1,0.0,0.85,0.0,1.0,12.949373,1.0,0.0,126.06525,8.0,0.0,0.0,0.7878384,1.0,0.0,0.0,0.0,0.0,0.0,0.0,1.0,5.0,5.0,1.0,0.0,0.0,0.8064869,False,False,False,False,False,False,False,False,False,False,False,False,PASS
1381,80,1,0.0,1.0,0.0,1.0,5.5255747,1.0,0.0,18.066835,7.2,0.0,0.0,0.99415886,1.0,0.0,0.0,0.0,0.0,0.0,0.0,1.0,4.7000003,4.9925,1.0,0.0,0.0,0.99591124,False,False,False,False,False,False,False,False,False,False,False,False,PASS
1382,80,1,0.0,1.0,0.0,1.0,0.59089434,1.0,0.0,0.55761063,8.0,0.0,0.0,1.0,1.0,0.0,0.0,0.0,0.0,0.0,0.0,1.0,5.0,5.0,1.0,0.0,0.0,1.0,False,False,False,False,False,False,False,False,False,False,False,False,PASS
1383,80,1,0.0,0.8875,0.0,1.0,2.2439244,1.0,0.0,52.360634,7.2,0.0,0.0,0.9351262,1.0,0.0,0.0,0.0,0.0,0.0,0.0,1.0,5.0,5.0,1.0,0.0,0.0,0.92083836,False,False,False,False,False,False,False,False,False,False,False,False,PASS
1384,80,1,0.0,0.7375,0.0,1.0,5.9097204,1.0,0.0,40.664345,6.7,0.0,0.0,1.0,1.0,0.0,0.0,0.0,0.0,0.0,0.0,1.0,5.0,5.0,1.0,0.0,0.0,0.92125,False,False,False,False,False,False,False,False,False,False,False,False,PASS
1385,80,1,0.0,0.8,0.0,1.0,10.755709,1.0,0.0,71.77745,7.5,0.0,0.0,0.7310906,1.0,0.0,0.0,0.0,0.0,0.0,0.0,1.0,5.0,5.0,1.0,0.0,0.0,0.75176346,False,False,False,False,False,False,False,False,False,False,False,False,PASS
1386,80,1,0.0,0.7375,0.0,1.0,8.359481,1.0,0.0,99.979904,8.0,0.0,0.0,0.8636935,1.0,0.0,0.0,0.0,0.0,0.0,0.0,1.0,3.0,4.8224998,1.0,0.0,0.0,0.8258354,False,False,False,False,False,False,False,False,False,False,False,False,PASS
1387,80,1,0.0,1.0,0.0,1.0,5.6917663,1.0,0.0,76.84497,8.0,0.0,0.0,0.91289026,1.0,0.0,0.0,0.0,0.0,0.0,0.0,1.0,5.0,5.0,1.0,0.0,0.0,0.9390232,False,False,False,False,False,False,False,False,False,False,False,False,PASS
1388,80,1,0.0,0.85,0.0,1.0,8.45331,1.0,0.0,175.30544,8.0,0.0,0.0,0.9375331,1.0,0.0,0.0,0.0,0.0,3.2914677,11.849283,0.18399203,5.0,5.0,1.0,0.0,0.0,0.9112732,False,False,False,False,False,False,False,False,False,False,False,False,PASS
1389,80,1,0.0,0.9125,0.0,1.0,2.2985818,1.0,0.0,2.6406858,8.0,0.0,0.0,0.48023254,1.0,0.0,0.0,0.0,0.0,0.0,0.0,1.0,5.0,5.0,1.0,0.0,0.0,0.6099128,False,False,False,False,False,False,False,True,True,False,False,False,LOW_PROGRESS
1390,80,1,0.0,0.875,0.0,1.0,9.978141,1.0,0.0,148.92018,8.0,0.0,0.0,0.84709346,1.0,0.0,0.0,0.0,0.0,2.093813,7.5377264,0.90564686,5.0,5.0,1.0,0.0,0.0,0.8554654,False,False,False,False,False,False,False,False,False,False,False,False,PASS
1391,80,1,0.0,0.7375,0.0,1.0,21.113092,1.0,0.0,182.10153,8.0,0.0,0.0,0.94975775,1.0,0.0,0.0,0.0,0.0,3.0854301,11.107548,0.0,5.0,5.0,1.0,0.0,0.0,0.88608044,False,False,False,False,False,False,False,False,False,False,False,False,PASS
1392,80,1,0.0,1.0,0.0,1.0,2.699477,0.0,0.0,62.195435,8.0,0.0,0.0,0.8670246,1.0,0.0,0.0,0.0,0.0,0.0,0.0,1.0,5.0,5.0,1.0,0.9584452,0.80711174,0.9069172,False,False,False,False,False,False,False,False,False,False,False,False,PASS
1393,80,1,0.0,0.925,0.0,1.0,1.8474159,1.0,0.0,31.56194,4.5,0.5,0.0,1.0,1.0,0.0,0.0,0.0,0.0,0.0,0.0,1.0,3.6000001,4.79875,1.0,0.0,0.0,0.97749996,False,False,False,False,False,False,False,False,False,False,False,False,PASS
1394,80,1,0.0,0.725,0.0,1.0,11.092821,0.0,0.0,154.08282,7.800000000000001,0.0,0.0,0.8378786,1.0,0.0,0.0,0.0,0.0,3.4666367,12.479892,0.63671833,5.0,5.0,1.0,0.8241416,0.694014,0.804015,False,False,False,False,False,False,False,False,False,False,False,False,PASS
1395,80,1,0.0,1.0,0.0,1.0,2.8750262,1.0,0.0,23.294724,3.3000000000000003,1.5,0.0,0.9061096,1.0,0.0,0.0,0.0,0.0,0.0,0.0,1.0,5.0,5.0,1.0,0.0,0.0,0.9342767,False,False,False,False,False,False,False,False,False,False,False,False,PASS
1396,80,1,0.0,0.925,0.0,1.0,7.498653,0.0,0.0,163.5432,8.0,0.0,0.0,0.8750231,1.0,0.0,0.0,0.0,0.0,3.123989,11.246361,0.56832284,5.0,5.0,1.0,0.84365046,0.7104425,0.8900162,False,False,False,False,False,False,False,False,False,False,False,False,PASS
1397,80,1,0.0,0.725,0.0,1.0,6.1469893,1.0,0.0,98.946945,8.0,0.0,0.0,0.83578527,1.0,0.0,0.0,0.0,0.0,0.0,0.0,1.0,5.0,5.0,1.0,0.0,0.0,0.8025498,False,False,False,False,False,False,False,False,False,False,False,False,PASS
1398,80,1,0.0,0.8875,0.0,1.0,5.2746873,0.0,0.0,50.850445,7.0,0.0,0.0,0.80307126,1.0,0.0,0.0,0.0,0.0,0.0,0.0,1.0,5.0,5.0,1.0,0.92439723,0.77843976,0.82839984,False,False,False,False,False,False,False,False,False,False,False,False,PASS
1399,80,1,0.0,0.5,0.0,1.0,11.0546665,0.0,0.0,139.98457,8.0,0.0,0.0,0.83484554,1.0,0.0,0.0,0.0,0.0,0.0,0.0,1.0,5.0,5.0,1.0,0.88588923,0.746012,0.73439187,False,False,False,False,False,False,False,False,False,False,False,False,PASS
1400,80,1,0.0,0.58750004,0.0,1.0,17.81813,0.0,0.0,78.533554,8.0,0.0,0.0,0.99999994,1.0,0.0,0.0,0.0,0.0,1.3943758,5.019753,0.81661195,5.0,5.0,1.0,0.9025905,0.7600762,0.87624997,False,False,False,False,False,False,False,False,False,False,False,False,PASS
1401,80,1,0.0,0.7875,0.0,1.0,2.4304502,0.0,0.0,0.0,0.0,1.0,0.0,1.0,1.0,0.0,0.0,0.0,0.0,0.0,0.0,1.0,5.0,5.0,1.0,0.9734375,0.9776316,0.93625003,False,False,False,False,False,False,False,False,False,False,False,False,PASS
1402,1,0,1.0,1.0,0.0,1.0,0.0111521315,1.0,0.0,0.024204612,0.1,1.0,1.0,1.0,1.0,0.0,0.0,0.0,0.0,0.0,0.0,1.0,5.0,5.0,1.0,0.0,0.0,0.0,True,True,False,True,False,True,False,False,False,False,True,True,OVERLAP+AT_FAULT
1403,80,1,0.0,0.8875,0.0,1.0,9.367198,0.0,0.0,140.20161,6.9,0.0,0.0,0.85071486,1.0,0.0,0.0,0.0,0.0,3.3406544,12.026356,0.6168709,5.0,5.0,1.0,0.8435036,0.7103188,0.8617504,False,False,False,False,False,False,False,False,False,False,False,False,PASS
1404,80,1,0.0,0.9125,0.0,1.0,6.009535,0.0,0.0,4.199031,0.2,1.0,0.0,0.88719815,1.0,0.0,0.0,0.0,0.0,1.0307426,3.7106733,0.8908719,5.0,5.0,1.0,0.92652994,0.93813056,0.89478874,False,False,False,False,False,False,False,False,False,False,False,False,PASS
1405,80,1,0.0,0.77500004,0.0,1.0,14.084586,0.0,0.0,124.783485,6.4,0.0,0.0,0.78742045,1.0,0.0,0.0,0.0,0.0,3.313427,11.928337,0.7337184,5.0,5.0,1.0,0.8388735,0.7064198,0.7836944,False,False,False,False,False,False,False,False,False,False,False,False,PASS
1406,80,1,0.0,0.8875,0.0,1.0,7.4651566,1.0,0.0,111.78438,7.9,0.0,0.0,0.82611924,1.0,0.0,0.0,0.0,0.0,0.0,0.0,1.0,5.0,5.0,1.0,0.0,0.0,0.84453344,False,False,False,False,False,False,False,False,False,False,False,False,PASS
1407,80,1,0.0,1.0,0.0,1.0,10.845459,1.0,0.0,61.194134,6.9,0.0,0.0,0.76332855,1.0,0.0,0.0,0.0,0.0,0.0,0.0,1.0,5.0,5.0,1.0,0.0,0.0,0.83433,False,False,False,False,False,False,False,False,False,False,False,False,PASS
1408,80,1,0.0,0.9125,0.0,1.0,5.4349566,1.0,0.0,51.673492,7.7,0.0,0.0,1.0,1.0,0.0,0.0,0.0,0.0,0.0,0.0,1.0,5.0,5.0,1.0,0.0,0.0,0.97375005,False,False,False,False,False,False,False,False,False,False,False,False,PASS
1409,80,1,0.0,0.8875,0.0,1.0,5.946868,1.0,0.0,137.7541,8.0,0.0,0.0,0.8891267,1.0,0.0,0.0,0.0,0.0,0.0,0.0,1.0,5.0,5.0,1.0,0.0,0.0,0.8886387,False,False,False,False,False,False,False,False,False,False,False,False,PASS
1410,80,1,0.0,1.0,0.0,1.0,0.17818503,1.0,0.0,0.1711508,8.0,0.0,0.0,1.0,1.0,0.0,0.0,0.0,0.0,0.0,0.0,1.0,4.6,4.9637504,1.0,0.0,0.0,1.0,False,False,False,False,False,False,False,False,False,False,False,False,PASS
1411,74,0,0.0,0.6486487,0.0,1.0,2.776135,1.0,1.0,136.38919,6.5,0.0,0.0,0.88795555,1.0,0.0,0.0,0.0,0.0,2.6911526,9.688149,0.35991675,5.0,5.0,1.0,0.0,0.0,0.0,True,False,True,False,False,False,False,False,False,False,True,True,OFFROAD
1412,80,1,0.0,0.875,0.0,1.0,12.177078,1.0,0.0,144.41263,7.800000000000001,0.0,0.0,0.81192636,1.0,0.0,0.0,0.0,0.0,2.5908012,9.326884,0.82381016,5.0,5.0,1.0,0.0,0.0,0.8308485,False,False,False,False,False,False,False,False,False,False,False,False,PASS
1413,80,1,0.0,1.0,0.0,1.0,14.072258,1.0,0.0,111.569,8.0,0.0,0.0,0.7334927,1.0,0.0,0.0,0.0,0.0,0.0,0.0,1.0,5.0,5.0,1.0,0.0,0.0,0.8134449,False,False,False,False,False,False,False,False,False,False,False,False,PASS
1414,80,1,0.0,0.75,0.0,1.0,5.041172,1.0,0.0,82.24094,7.1000000000000005,0.0,0.0,0.93789834,1.0,0.0,0.0,0.0,0.0,0.0,0.0,1.0,0.4,4.6087503,0.0,0.0,0.0,0.88152885,False,False,False,False,False,False,False,False,False,False,False,False,PASS
1415,80,1,0.0,0.8875,0.0,1.0,5.559157,0.0,0.0,129.89056,7.9,0.0,0.0,0.91345096,1.0,0.0,0.0,0.0,0.0,0.0,0.0,1.0,5.0,5.0,1.0,0.9588909,0.8074871,0.9056656,False,False,False,False,False,False,False,False,False,False,False,False,PASS
1416,80,1,0.0,1.0,0.0,1.0,0.32623217,1.0,0.0,0.32801306,8.0,0.0,0.0,1.0,1.0,0.0,0.0,0.0,0.0,0.0,0.0,1.0,5.0,5.0,1.0,0.0,0.0,1.0,False,False,False,False,False,False,False,False,False,False,False,False,PASS
1417,80,1,0.0,1.0,0.0,1.0,4.658401,1.0,0.0,30.617903,8.0,0.0,0.0,0.99999994,1.0,0.0,0.0,0.0,0.0,0.0,0.0,1.0,5.0,5.0,1.0,0.0,0.0,1.0,False,False,False,False,False,False,False,False,False,False,False,False,PASS
1418,80,1,0.0,0.77500004,0.0,1.0,16.54624,1.0,0.0,164.18181,8.0,0.0,0.0,0.86299294,1.0,0.0,0.0,0.0,0.0,3.2752972,11.791069,0.7232693,5.0,5.0,1.0,0.0,0.0,0.83659506,False,False,False,False,False,False,False,False,False,False,False,False,PASS
1419,80,1,0.0,0.875,0.0,1.0,9.577103,0.0,0.0,77.65079,4.5,0.5,0.0,0.8288027,1.0,0.0,0.0,0.0,0.0,0.0,0.0,1.0,5.0,5.0,1.0,0.93087584,0.86284274,0.84266186,False,False,False,False,False,False,False,False,False,False,False,False,PASS
1420,80,1,0.0,1.0,0.0,1.0,11.141011,1.0,0.0,100.9005,7.5,0.0,0.0,0.79984206,1.0,0.0,0.0,0.0,0.0,0.0,0.0,1.0,5.0,5.0,1.0,0.0,0.0,0.85988945,False,False,False,False,False,False,False,False,False,False,False,False,PASS
1421,39,0,1.0,0.7692308,0.0,1.0,0.11913043,1.0,0.0,0.16281332,3.9,0.5,1.0,1.0,1.0,0.0,0.0,0.0,0.0,0.0,0.0,1.0,0.0,4.8717947,0.0,0.0,0.0,0.0,True,True,False,True,False,True,False,False,False,False,True,True,OVERLAP+AT_FAULT
1422,80,1,0.0,1.0,0.0,1.0,0.07594486,1.0,0.0,0.4515148,8.0,0.0,0.0,1.0,1.0,0.0,0.0,0.0,0.0,0.0,0.0,1.0,5.0,5.0,1.0,0.0,0.0,1.0,False,False,False,False,False,False,False,False,False,False,False,False,PASS
1423,80,1,0.0,0.8875,0.0,1.0,6.096063,0.0,0.0,27.659855,5.0,0.5,0.0,1.0,1.0,0.0,0.0,0.0,0.0,0.0,0.0,1.0,5.0,5.0,1.0,0.9859375,0.9092105,0.96625006,False,False,False,False,False,False,False,False,False,False,False,False,PASS
1424,9,0,0.0,1.0,0.0,1.0,0.09221085,1.0,1.0,0.25119197,0.9,1.0,0.0,1.0,1.0,0.0,0.0,0.0,0.0,0.0,0.0,1.0,3.5,4.7,1.0,0.0,0.0,0.0,True,False,True,False,False,False,False,False,False,False,True,True,OFFROAD
1425,80,1,0.0,0.875,0.0,1.0,8.427054,1.0,0.0,59.5803,8.0,0.0,0.0,0.79926264,1.0,0.0,0.0,0.0,0.0,0.0,0.0,1.0,2.5,4.8900003,1.0,0.0,0.0,0.82198393,False,False,False,False,False,False,False,False,False,False,False,False,PASS
1426,80,1,0.0,1.0,0.0,1.0,6.5386477,1.0,0.0,63.005226,7.0,0.0,0.0,0.8031847,1.0,0.0,0.0,0.0,0.0,0.0,0.0,1.0,3.8,4.93625,1.0,0.0,0.0,0.86222935,False,False,False,False,False,False,False,False,False,False,False,False,PASS
1427,80,1,0.0,1.0,0.0,1.0,9.691203,1.0,0.0,4.027732,0.3,1.0,0.0,0.8209107,1.0,0.0,0.0,0.0,0.0,0.0,0.0,1.0,5.0,5.0,1.0,0.0,0.0,0.87463754,False,False,False,False,False,False,False,False,False,False,False,False,PASS
1428,80,1,0.0,1.0,0.0,1.0,0.76541907,1.0,0.0,0.6748225,8.0,0.0,0.0,0.5095435,1.0,0.0,0.0,0.0,0.0,0.0,0.0,1.0,5.0,5.0,1.0,0.0,0.0,0.65668046,False,False,False,False,False,False,False,False,True,False,False,False,PASS
1429,1,0,0.0,0.0,0.0,1.0,0.029080994,1.0,0.0,0.24612097,0.1,1.0,1.0,0.008587202,0.0,0.0,0.0,0.0,0.0,0.0,0.0,1.0,5.0,5.0,1.0,0.0,0.0,0.0,True,True,False,False,False,False,False,True,True,True,True,True,OVERLAP
1430,39,0,0.0,0.84615386,0.0,1.0,3.7406425,1.0,1.0,22.558617,3.9,0.5,0.0,0.89488035,1.0,0.0,0.0,0.0,0.0,0.0,0.0,1.0,2.7,4.7820516,1.0,0.0,0.0,0.0,True,False,True,False,False,False,False,False,False,False,True,True,OFFROAD
1431,80,1,0.0,1.0,0.0,1.0,0.16826442,1.0,0.0,0.0,0.0,1.0,0.0,1.0,1.0,0.0,0.0,0.0,0.0,0.0,0.0,1.0,5.0,5.0,1.0,0.0,0.0,1.0,False,False,False,False,False,False,False,False,False,False,False,False,PASS
1432,80,1,0.0,0.8875,0.0,1.0,10.640322,1.0,0.0,159.06499,8.0,0.0,0.0,0.8377057,1.0,0.0,0.0,0.0,0.0,3.521305,12.676698,0.62326574,5.0,5.0,1.0,0.0,0.0,0.85264397,False,False,False,False,False,False,False,False,False,False,False,False,PASS
1433,80,1,0.0,1.0,0.0,1.0,9.924426,1.0,0.0,78.45993,7.4,0.0,0.0,1.0,1.0,0.0,0.0,0.0,0.0,0.38946438,1.4020717,0.9609653,4.0,4.9237504,1.0,0.0,0.0,1.0,False,False,False,False,False,False,False,False,False,False,False,False,PASS
1434,80,1,0.0,0.8875,0.0,1.0,8.716964,1.0,0.0,154.04001,8.0,0.0,0.0,0.8445503,1.0,0.0,0.0,0.0,0.0,2.0438766,7.357956,0.8199101,5.0,5.0,1.0,0.0,0.0,0.8574352,False,False,False,False,False,False,False,False,False,False,False,False,PASS
1435,80,1,0.0,1.0,0.0,1.0,7.8192916,1.0,0.0,0.0,0.0,1.0,0.0,1.0,1.0,0.0,0.0,0.0,0.0,0.0,0.0,1.0,5.0,5.0,1.0,0.0,0.0,1.0,False,False,False,False,False,False,False,False,False,False,False,False,PASS
1436,80,1,0.0,0.8875,0.0,1.0,5.5643697,1.0,0.0,77.63145,8.0,0.0,0.0,0.79684174,1.0,0.0,0.0,0.0,0.0,0.0,0.0,1.0,5.0,5.0,1.0,0.0,0.0,0.8240393,False,False,False,False,False,False,False,False,False,False,False,False,PASS
1437,80,1,0.0,0.8875,0.0,1.0,8.410491,1.0,0.0,157.83264,8.0,0.0,0.0,0.9138376,1.0,0.0,0.0,0.0,0.0,1.3999996,5.0399985,0.88410795,5.0,5.0,1.0,0.0,0.0,0.90593636,False,False,False,False,False,False,False,False,False,False,False,False,PASS
1438,80,1,0.0,1.0,0.0,1.0,0.008483154,1.0,0.0,0.037854586,8.0,0.0,0.0,1.0,1.0,0.0,0.0,0.0,0.0,0.0,0.0,1.0,5.0,5.0,1.0,0.0,0.0,1.0,False,False,False,False,False,False,False,False,False,False,False,False,PASS
1439,80,1,0.0,0.8,0.0,1.0,9.667259,1.0,0.0,156.83237,7.800000000000001,0.0,0.0,0.8625494,1.0,0.0,0.0,0.0,0.0,3.088747,11.119489,0.74354327,5.0,5.0,1.0,0.0,0.0,0.84378463,False,False,False,False,False,False,False,False,False,False,False,False,PASS
1440,80,1,0.0,0.6875,0.0,1.0,4.267889,1.0,0.0,1.1665006,0.2,1.0,0.0,1.0,1.0,0.0,0.0,0.0,0.0,0.0,0.0,1.0,5.0,5.0,1.0,0.0,0.0,0.90625,False,False,False,False,False,False,False,False,False,False,False,False,PASS
1441,80,1,0.0,0.7625,0.0,1.0,14.098029,1.0,0.0,143.14493,7.4,0.0,0.0,0.799911,1.0,0.0,0.0,0.0,0.0,3.728239,13.42166,0.69894904,5.0,5.0,1.0,0.0,0.0,0.7886877,False,False,False,False,False,False,False,False,False,False,False,False,PASS
1442,80,1,0.0,0.7625,0.0,1.0,10.684351,1.0,0.0,122.57278,6.5,0.0,0.0,0.84962875,1.0,0.0,0.0,0.0,0.0,1.5753899,5.6714034,0.91626054,5.0,5.0,1.0,0.0,0.0,0.82349014,False,False,False,False,False,False,False,False,False,False,False,False,PASS
1443,80,1,0.0,0.8125,0.0,1.0,9.390458,0.0,0.0,144.63632,6.9,0.0,0.0,0.85116607,1.0,0.0,0.0,0.0,0.0,3.7428532,13.474271,0.50460815,5.0,5.0,1.0,0.80620396,0.6789086,0.83956623,False,False,False,False,False,False,False,False,False,False,False,False,PASS
1444,80,1,0.0,1.0,0.0,1.0,0.27376977,0.0,0.0,0.0,0.0,1.0,0.0,1.0,1.0,0.0,0.0,0.0,0.0,0.0,0.0,1.0,5.0,5.0,1.0,1.0,1.0,1.0,False,False,False,False,False,False,False,False,False,False,False,False,PASS
1445,80,1,0.0,0.6125,0.0,1.0,10.76295,1.0,0.0,149.24164,8.0,0.0,0.0,0.83539826,1.0,0.0,0.0,0.0,0.0,1.8405704,6.6260533,0.8602065,5.0,5.0,1.0,0.0,0.0,0.7685288,False,False,False,False,False,False,False,False,False,False,False,False,PASS
1446,80,1,0.0,1.0,0.0,1.0,14.868219,1.0,0.0,95.7895,8.0,0.0,0.0,0.69682866,1.0,0.0,0.0,0.0,0.0,0.0,0.0,1.0,5.0,5.0,1.0,0.0,0.0,0.78778005,False,False,False,False,False,False,False,False,True,False,False,False,PASS
1447,80,1,0.0,1.0,0.0,1.0,4.4297004,1.0,0.0,7.610209,1.2000000000000002,1.0,0.0,1.0,1.0,0.0,0.0,0.0,0.0,0.0,0.0,1.0,5.0,5.0,1.0,0.0,0.0,1.0,False,False,False,False,False,False,False,False,False,False,False,False,PASS
1448,80,1,0.0,0.8125,0.0,1.0,7.3454742,1.0,0.0,148.6913,8.0,0.0,0.0,0.8824359,1.0,0.0,0.0,0.0,0.0,0.31973648,1.1510513,0.99201334,5.0,5.0,1.0,0.0,0.0,0.86145514,False,False,False,False,False,False,False,False,False,False,False,False,PASS
1449,80,1,0.0,0.83750004,0.0,1.0,12.556981,1.0,0.0,134.79987,6.9,0.0,0.0,0.81211245,1.0,0.0,0.0,0.0,0.0,3.1606617,11.378382,0.72920495,5.0,5.0,1.0,0.0,0.0,0.8197288,False,False,False,False,False,False,False,False,False,False,False,False,PASS
1450,80,1,0.0,0.75,0.0,1.0,14.285502,1.0,0.0,140.66281,8.0,0.0,0.0,0.7858584,1.0,0.0,0.0,0.0,0.0,1.3864403,4.9911847,0.93547773,5.0,5.0,1.0,0.0,0.0,0.7751009,False,False,False,False,False,False,False,False,False,False,False,False,PASS
1451,1,0,1.0,1.0,0.0,1.0,0.008578646,1.0,0.0,0.016402474,0.1,1.0,1.0,1.0,1.0,0.0,0.0,0.0,0.0,0.0,0.0,1.0,5.0,5.0,1.0,0.0,0.0,0.0,True,True,False,True,False,True,False,False,False,False,True,True,OVERLAP+AT_FAULT
1452,80,1,0.0,0.8875,0.0,1.0,2.6018808,1.0,0.0,53.99926,8.0,0.0,0.0,0.97061366,1.0,0.0,0.0,0.0,0.0,0.0,0.0,1.0,4.4,4.97,1.0,0.0,0.0,0.9456796,False,False,False,False,False,False,False,False,False,False,False,False,PASS
1453,80,1,0.0,0.9375,0.0,1.0,0.020582378,1.0,0.0,0.0861243,8.0,0.0,0.0,1.0,1.0,0.0,0.0,0.0,0.0,0.0,0.0,1.0,5.0,5.0,1.0,0.0,0.0,0.98125,False,False,False,False,False,False,False,False,False,False,False,False,PASS
1454,80,1,0.0,0.85,0.0,1.0,19.20583,1.0,0.0,109.707184,7.6,0.0,0.0,0.6807488,1.0,0.0,0.0,0.0,0.0,0.27378845,0.9856384,0.99812615,5.0,5.0,1.0,0.0,0.0,0.73152417,False,False,False,False,False,False,False,False,True,False,False,False,PASS
1455,80,1,0.0,0.8875,0.0,1.0,10.1925335,1.0,0.0,83.335724,5.800000000000001,0.0,0.0,0.8546278,1.0,0.0,0.0,0.0,0.0,0.0,0.0,1.0,5.0,5.0,1.0,0.0,0.0,0.8644895,False,False,False,False,False,False,False,False,False,False,False,False,PASS
1456,80,1,0.0,0.7,0.0,1.0,13.735041,1.0,0.0,58.89914,8.0,0.0,0.0,1.0,1.0,0.0,0.0,0.0,0.0,0.2703972,0.97342986,0.98880225,0.90000004,4.3325,0.0,0.0,0.0,0.91,False,False,False,False,False,False,False,False,False,False,False,False,PASS
1457,80,1,0.0,1.0,0.0,1.0,4.632287,1.0,0.0,38.964695,6.6000000000000005,0.0,0.0,1.0,1.0,0.0,0.0,0.0,0.0,0.0,0.0,1.0,5.0,5.0,1.0,0.0,0.0,1.0,False,False,False,False,False,False,False,False,False,False,False,False,PASS
1458,80,1,0.0,0.875,0.0,1.0,10.344447,1.0,0.0,106.850464,7.1000000000000005,0.0,0.0,0.8034952,1.0,0.0,0.0,0.0,0.0,0.0,0.0,1.0,5.0,5.0,1.0,0.0,0.0,0.8249466,False,False,False,False,False,False,False,False,False,False,False,False,PASS
1459,80,1,0.0,1.0,0.0,1.0,0.29569295,1.0,0.0,0.5253831,8.0,0.0,0.0,1.0,1.0,0.0,0.0,0.0,0.0,0.0,0.0,1.0,5.0,5.0,1.0,0.0,0.0,1.0,False,False,False,False,False,False,False,False,False,False,False,False,PASS
1460,80,1,0.0,0.45000002,0.0,1.0,22.848585,1.0,0.0,78.20489,6.1000000000000005,0.0,0.0,0.6443724,1.0,0.0,0.0,0.0,0.0,0.0,0.0,1.0,0.5,4.2000003,0.0,0.0,0.0,0.5860607,False,False,False,False,False,False,False,False,True,True,False,False,LOW_COMFORT
1461,80,1,0.0,0.7625,0.0,1.0,12.126285,1.0,0.0,95.2033,4.800000000000001,0.5,0.0,0.81250095,1.0,0.0,0.0,0.0,0.0,3.3302536,11.988913,0.6977559,5.0,5.0,1.0,0.0,0.0,0.79750067,False,False,False,False,False,False,False,False,False,False,False,False,PASS
1462,76,0,0.0,0.92105263,0.0,1.0,6.711507,1.0,1.0,29.416214,3.6,0.5,0.0,0.7193211,1.0,0.0,0.0,0.0,0.0,0.0,0.0,1.0,3.9,4.9723682,1.0,0.0,0.0,0.0,True,False,True,False,False,False,False,False,False,False,True,True,OFFROAD
1463,80,1,0.0,1.0,0.0,1.0,0.2334893,1.0,0.0,0.22757912,8.0,0.0,0.0,1.0,1.0,0.0,0.0,0.0,0.0,0.0,0.0,1.0,5.0,5.0,1.0,0.0,0.0,1.0,False,False,False,False,False,False,False,False,False,False,False,False,PASS
1464,80,1,0.0,1.0,0.0,1.0,0.19433378,1.0,0.0,0.18842816,8.0,0.0,0.0,1.0,1.0,0.0,0.0,0.0,0.0,0.0,0.0,1.0,5.0,5.0,1.0,0.0,0.0,1.0,False,False,False,False,False,False,False,False,False,False,False,False,PASS
1465,80,1,0.0,0.875,0.0,1.0,9.678472,1.0,0.0,152.30972,8.0,0.0,0.0,0.888421,1.0,0.0,0.0,0.0,0.0,1.261528,4.5415006,0.91070116,5.0,5.0,1.0,0.0,0.0,0.88439465,False,False,False,False,False,False,False,False,False,False,False,False,PASS
1466,80,1,0.0,0.6,0.0,1.0,5.292201,1.0,0.0,110.73302,7.300000000000001,0.0,0.0,0.9295805,1.0,0.0,0.0,0.0,0.0,0.0,0.0,1.0,2.3,4.69,1.0,0.0,0.0,0.8307063,False,False,False,False,False,False,False,False,False,False,False,False,PASS
1467,80,1,0.0,0.8875,0.0,1.0,4.6913924,1.0,0.0,57.48475,7.7,0.0,0.0,0.99999994,1.0,0.0,0.0,0.0,0.0,0.0,0.0,1.0,5.0,5.0,1.0,0.0,0.0,0.96624994,False,False,False,False,False,False,False,False,False,False,False,False,PASS
1468,80,1,0.0,0.9125,0.0,1.0,15.257291,0.0,0.0,33.99492,4.6000000000000005,0.5,0.0,0.6263457,1.0,0.0,0.0,0.0,0.0,0.0,0.0,1.0,2.3,4.35,1.0,0.8722955,0.813512,0.712192,False,False,False,False,False,False,False,False,True,False,False,False,PASS
1469,80,1,0.0,0.8875,0.0,1.0,1.6475325,1.0,0.0,61.337673,7.9,0.0,0.0,1.0,1.0,0.0,0.0,0.0,0.0,0.0,0.0,1.0,5.0,5.0,1.0,0.0,0.0,0.96625006,False,False,False,False,False,False,False,False,False,False,False,False,PASS
1470,80,1,0.0,1.0,0.0,1.0,5.1150813,1.0,0.0,34.29014,5.300000000000001,0.5,0.0,1.0,1.0,0.0,0.0,0.0,0.0,0.0,0.0,1.0,5.0,5.0,1.0,0.0,0.0,1.0,False,False,False,False,False,False,False,False,False,False,False,False,PASS
1471,80,1,0.0,1.0,0.0,1.0,1.0135281,0.0,0.0,2.8741229,8.0,0.0,0.0,1.0,1.0,0.0,0.0,0.0,0.0,0.0,0.0,1.0,5.0,5.0,1.0,1.0,0.84210527,1.0,False,False,False,False,False,False,False,False,False,False,False,False,PASS
1472,80,1,0.0,1.0,0.0,1.0,0.17003678,0.0,0.0,0.16603252,8.0,0.0,0.0,1.0,1.0,0.0,0.0,0.0,0.0,0.0,0.0,1.0,5.0,5.0,1.0,1.0,0.84210527,1.0,False,False,False,False,False,False,False,False,False,False,False,False,PASS
1473,80,1,0.0,1.0,0.0,1.0,0.14135109,0.0,0.0,0.24383172,8.0,0.0,0.0,1.0,1.0,0.0,0.0,0.0,0.0,0.0,0.0,1.0,5.0,5.0,1.0,1.0,0.84210527,1.0,False,False,False,False,False,False,False,False,False,False,False,False,PASS
1474,80,1,0.0,1.0,0.0,1.0,0.20723943,0.0,0.0,0.18126905,8.0,0.0,0.0,1.0,1.0,0.0,0.0,0.0,0.0,0.0,0.0,1.0,5.0,5.0,1.0,1.0,0.84210527,1.0,False,False,False,False,False,False,False,False,False,False,False,False,PASS
1475,80,1,0.0,0.8,0.0,1.0,5.6340218,1.0,0.0,77.70546,8.0,0.0,0.0,1.0,1.0,0.0,0.0,0.0,0.0,0.6120014,2.203205,0.97301215,1.9,4.7375,1.0,0.0,0.0,0.94,False,False,False,False,False,False,False,False,False,False,False,False,PASS
1476,80,1,0.0,0.55,0.0,1.0,5.5656967,1.0,0.0,79.90663,3.9,0.5,0.0,0.9373136,1.0,0.0,0.0,0.0,0.0,1.9938583,7.17789,0.6477071,5.0,5.0,1.0,0.0,0.0,0.8211195,False,False,False,False,False,False,False,False,False,False,False,False,PASS
1477,80,1,0.0,0.6625,0.0,1.0,10.809173,1.0,0.0,179.11777,8.0,0.0,0.0,1.0,1.0,0.0,0.0,0.0,0.0,3.3073235,11.906364,0.0,5.0,5.0,1.0,0.0,0.0,0.89875,False,False,False,False,False,False,False,False,False,False,False,False,PASS
1478,80,1,0.0,0.8875,0.0,1.0,8.827395,1.0,0.0,114.1503,6.0,0.0,0.0,0.8489583,1.0,0.0,0.0,0.0,0.0,1.9612999,7.0606794,0.7790637,5.0,5.0,1.0,0.0,0.0,0.8605208,False,False,False,False,False,False,False,False,False,False,False,False,PASS
1479,72,0,1.0,1.0,0.0,1.0,1.7656229,1.0,0.0,15.225978,5.9,0.0,1.0,0.845965,1.0,0.0,0.0,0.0,0.0,0.0,0.0,1.0,0.4,3.1638887,0.0,0.0,0.0,0.0,True,True,False,True,False,True,False,False,False,False,True,True,OVERLAP+AT_FAULT
1480,80,1,0.0,0.925,0.0,1.0,15.283675,1.0,0.0,105.83364,7.800000000000001,0.0,0.0,0.7260948,1.0,0.0,0.0,0.0,0.0,0.0,0.0,1.0,5.0,5.0,1.0,0.0,0.0,0.78576636,False,False,False,False,False,False,False,False,False,False,False,False,PASS
1481,80,1,0.0,1.0,0.0,1.0,0.14440611,1.0,0.0,0.1204751,8.0,0.0,0.0,1.0,1.0,0.0,0.0,0.0,0.0,0.0,0.0,1.0,5.0,5.0,1.0,0.0,0.0,1.0,False,False,False,False,False,False,False,False,False,False,False,False,PASS
1482,26,0,1.0,1.0,0.0,1.0,0.37976104,1.0,0.0,0.9924561,2.6,1.0,1.0,1.0,1.0,0.0,0.0,0.0,0.0,0.0,0.0,1.0,0.0,4.8076925,0.0,0.0,0.0,0.0,True,True,False,True,False,True,False,False,False,False,True,True,OVERLAP+AT_FAULT
1483,80,1,0.0,0.875,0.0,1.0,3.238934,1.0,0.0,37.520096,2.9000000000000004,1.0,0.0,0.92482984,1.0,0.0,0.0,0.0,0.0,0.0,0.0,1.0,5.0,5.0,1.0,0.0,0.0,0.9098808,False,False,False,False,False,False,False,False,False,False,False,False,PASS
1484,80,1,0.0,0.85,0.0,1.0,6.84375,1.0,0.0,49.064507,8.0,0.0,0.0,1.0,1.0,0.0,0.0,0.0,0.0,0.0,0.0,1.0,5.0,5.0,1.0,0.0,0.0,0.95500004,False,False,False,False,False,False,False,False,False,False,False,False,PASS
1485,80,1,0.0,0.8875,0.0,1.0,2.4579911,0.0,0.0,23.30156,3.2,1.5,0.0,0.9034658,1.0,0.0,0.0,0.0,0.0,0.0,0.0,1.0,2.0,4.3574996,1.0,0.95577055,1.0417016,0.8986761,False,False,False,False,False,False,False,False,False,False,False,False,PASS
1486,80,1,0.0,0.8625,0.0,1.0,10.448546,1.0,0.0,71.082596,7.4,0.0,0.0,0.7996441,1.0,0.0,0.0,0.0,0.0,0.0,0.0,1.0,5.0,5.0,1.0,0.0,0.0,0.81850094,False,False,False,False,False,False,False,False,False,False,False,False,PASS
1487,31,0,1.0,1.0,0.0,1.0,0.27624893,1.0,0.0,0.0,0.0,1.0,1.0,1.0,1.0,0.0,0.0,0.0,0.0,0.0,0.0,1.0,5.0,5.0,1.0,0.0,0.0,0.0,True,True,False,True,False,True,False,False,False,False,True,True,OVERLAP+AT_FAULT
1488,80,1,0.0,1.0,0.0,1.0,3.5716896,1.0,0.0,49.41057,8.0,0.0,0.0,1.0,1.0,0.0,0.0,0.0,0.0,0.0,0.0,1.0,3.3,4.90375,1.0,0.0,0.0,1.0,False,False,False,False,False,False,False,False,False,False,False,False,PASS
1489,6,0,1.0,0.16666667,0.0,1.0,0.18783662,0.0,0.0,0.5112174,0.6000000000000001,1.0,1.0,0.02662053,0.0,0.0,0.0,0.0,0.0,0.0,0.0,1.0,5.0,5.0,1.0,0.0,0.0,0.0,True,True,False,True,False,True,False,True,True,True,True,True,OVERLAP+AT_FAULT
1490,80,1,0.0,0.8125,0.0,1.0,18.382215,1.0,0.0,106.76464,7.0,0.0,0.0,0.7126297,1.0,0.0,0.0,0.0,0.0,1.7253513,6.2112646,0.95155346,5.0,5.0,1.0,0.0,0.0,0.7425908,False,False,False,False,False,False,False,False,False,False,False,False,PASS
1491,80,1,0.0,0.8,0.0,1.0,9.482578,1.0,0.0,95.43655,8.0,0.0,0.0,0.8061243,1.0,0.0,0.0,0.0,0.0,0.0,0.0,1.0,5.0,5.0,1.0,0.0,0.0,0.8042871,False,False,False,False,False,False,False,False,False,False,False,False,PASS
1492,80,1,0.0,1.0,0.0,1.0,5.3666277,1.0,0.0,27.777292,7.0,0.0,0.0,0.99999994,1.0,0.0,0.0,0.0,0.0,0.0,0.0,1.0,2.1000001,4.2312503,1.0,0.0,0.0,1.0,False,False,False,False,False,False,False,False,False,False,False,False,PASS
1493,80,1,0.0,0.875,0.0,1.0,7.683343,1.0,0.0,133.77852,8.0,0.0,0.0,0.8959622,1.0,0.0,0.0,0.0,0.0,0.0,0.0,1.0,5.0,5.0,1.0,0.0,0.0,0.88967353,False,False,False,False,False,False,False,False,False,False,False,False,PASS
1494,1,0,1.0,1.0,0.0,1.0,0.006321781,1.0,0.0,0.014493863,0.1,1.0,1.0,1.0,1.0,0.0,0.0,0.0,0.0,0.0,0.0,1.0,5.0,5.0,1.0,0.0,0.0,0.0,True,True,False,True,False,True,False,False,False,False,True,True,OVERLAP+AT_FAULT
1495,80,1,0.0,0.8875,0.0,1.0,8.576421,1.0,0.0,26.837406,2.5,1.0,0.0,0.85908705,1.0,0.0,0.0,0.0,0.0,0.0,0.0,1.0,5.0,5.0,1.0,0.0,0.0,0.86761093,False,False,False,False,False,False,False,False,False,False,False,False,PASS
1496,80,1,0.0,0.7875,0.0,1.0,11.451331,1.0,0.0,144.57962,8.0,0.0,0.0,1.0,1.0,0.0,0.0,0.0,0.0,0.17612457,0.63404846,0.99259293,5.0,5.0,1.0,0.0,0.0,0.93625003,False,False,False,False,False,False,False,False,False,False,False,False,PASS
1497,80,1,0.0,0.925,0.0,1.0,12.870664,1.0,0.0,94.38789,7.2,0.0,0.0,0.79538524,1.0,0.0,0.0,0.0,0.0,0.0,0.0,1.0,5.0,5.0,1.0,0.0,0.0,0.8342697,False,False,False,False,False,False,False,False,False,False,False,False,PASS
1498,80,1,0.0,1.0,0.0,1.0,0.1379975,1.0,0.0,0.13258162,8.0,0.0,0.0,1.0,1.0,0.0,0.0,0.0,0.0,0.0,0.0,1.0,5.0,5.0,1.0,0.0,0.0,1.0,False,False,False,False,False,False,False,False,False,False,False,False,PASS
1499,80,1,0.0,1.0,0.0,1.0,1.0410292,1.0,0.0,0.0,0.0,1.0,0.0,1.0,1.0,0.0,0.0,0.0,0.0,0.0,0.0,1.0,5.0,5.0,1.0,0.0,0.0,1.0,False,False,False,False,False,False,False,False,False,False,False,False,PASS
1500,80,1,0.0,0.925,0.0,1.0,9.853925,1.0,0.0,127.54672,8.0,0.0,0.0,0.8252208,1.0,0.0,0.0,0.0,0.0,0.0,0.0,1.0,5.0,5.0,1.0,0.0,0.0,0.85515463,False,False,False,False,False,False,False,False,False,False,False,False,PASS
1501,80,1,0.0,1.0,0.0,1.0,3.2199333,1.0,0.0,57.98774,8.0,0.0,0.0,0.8729155,1.0,0.0,0.0,0.0,0.0,0.0,0.0,1.0,5.0,5.0,1.0,0.0,0.0,0.9110409,False,False,False,False,False,False,False,False,False,False,False,False,PASS
1502,80,1,0.0,0.77500004,0.0,1.0,8.666471,1.0,0.0,88.037674,8.0,0.0,0.0,0.78524095,1.0,0.0,0.0,0.0,0.0,0.0,0.0,1.0,2.3,4.96625,1.0,0.0,0.0,0.7821687,False,False,False,False,False,False,False,False,False,False,False,False,PASS
1503,80,1,0.0,0.8125,0.0,1.0,7.5143023,1.0,0.0,25.137907,4.0,0.5,0.0,0.72041017,1.0,0.0,0.0,0.0,0.0,0.0,0.0,1.0,1.8000001,4.8337502,1.0,0.0,0.0,0.7480371,False,False,False,False,False,False,False,False,False,False,False,False,PASS
1504,15,0,0.0,0.33333334,0.0,1.0,0.09047192,1.0,0.0,0.0,0.0,1.0,1.0,0.21104118,1.0,0.0,0.0,0.0,0.0,0.0,0.0,1.0,5.0,5.0000005,1.0,0.0,0.0,0.0,True,True,False,False,False,False,False,True,True,True,True,True,OVERLAP
1505,80,1,0.0,0.8875,0.0,1.0,11.835395,1.0,0.0,156.24298,8.0,0.0,0.0,0.8248327,1.0,0.0,0.0,0.0,0.0,3.546608,12.767788,0.67258024,5.0,5.0,1.0,0.0,0.0,0.8436329,False,False,False,False,False,False,False,False,False,False,False,False,PASS
1506,78,0,0.0,0.74358976,0.0,1.0,9.305219,1.0,1.0,132.86072,7.800000000000001,0.0,0.0,0.81099695,1.0,0.0,0.0,0.0,0.0,0.26435852,0.9516907,0.9971423,5.0,5.0,1.0,0.0,0.0,0.0,True,False,True,False,False,False,False,False,False,False,True,True,OFFROAD
1507,80,1,0.0,0.8875,0.0,1.0,11.936442,0.0,0.0,71.0302,3.9,0.5,0.0,0.8009751,1.0,0.0,0.0,0.0,0.0,0.78645134,2.8312247,0.9830197,5.0,5.0,1.0,0.91949713,0.85326076,0.82693255,False,False,False,False,False,False,False,False,False,False,False,False,PASS
1508,80,1,0.0,1.0,0.0,1.0,0.27563748,1.0,0.0,0.2701191,8.0,0.0,0.0,1.0,1.0,0.0,0.0,0.0,0.0,0.0,0.0,1.0,5.0,5.0,1.0,0.0,0.0,1.0,False,False,False,False,False,False,False,False,False,False,False,False,PASS
1509,80,1,0.0,0.85,0.0,1.0,9.090209,1.0,0.0,88.09671,5.800000000000001,0.0,0.0,0.8208048,1.0,0.0,0.0,0.0,0.0,0.0,0.0,1.0,5.0,5.0,1.0,0.0,0.0,0.8295633,False,False,False,False,False,False,False,False,False,False,False,False,PASS
1510,80,1,0.0,0.85,0.0,1.0,11.992771,0.0,0.0,153.29369,8.0,0.0,0.0,0.8125557,1.0,0.0,0.0,0.0,0.0,3.2968712,11.868736,0.697785,2.4,4.5525002,1.0,0.84711987,0.7133641,0.82378906,False,False,False,False,False,False,False,False,False,False,False,False,PASS
1511,80,1,0.0,1.0,1.3840473,1.0,9.434021,1.0,0.0,62.40535,8.0,0.0,0.0,0.73055047,1.0,0.0,0.0,0.0,0.0,0.0,0.0,1.0,2.2,4.9212503,1.0,0.0,0.0,0.81138533,False,False,False,False,False,False,False,False,False,False,False,False,PASS
1512,80,1,0.0,1.0,0.0,1.0,0.1345708,1.0,0.0,0.1308687,8.0,0.0,0.0,1.0,1.0,0.0,0.0,0.0,0.0,0.0,0.0,1.0,5.0,5.0,1.0,0.0,0.0,1.0,False,False,False,False,False,False,False,False,False,False,False,False,PASS
1513,80,1,0.0,1.0,0.0,1.0,0.6614229,1.0,0.0,0.91549504,8.0,0.0,0.0,0.008785421,0.0,0.0,0.0,0.0,0.0,0.0,0.0,1.0,5.0,5.0,1.0,0.0,0.0,0.3061498,False,False,False,False,False,False,False,True,True,False,True,False,LOW_PROGRESS
1514,80,1,0.0,0.7375,0.0,1.0,10.449727,0.0,0.0,104.6264,5.6000000000000005,0.5,0.0,0.85109514,1.0,0.0,0.0,0.0,0.0,1.1641655,4.1909957,0.9589027,5.0,5.0,1.0,0.9103805,0.84558356,0.8170166,False,False,False,False,False,False,False,False,False,False,False,False,PASS
1515,80,1,0.0,1.0,0.0,1.0,0.086839736,1.0,0.0,0.0,0.0,1.0,0.0,1.0,1.0,0.0,0.0,0.0,0.0,0.0,0.0,1.0,5.0,5.0,1.0,0.0,0.0,1.0,False,False,False,False,False,False,False,False,False,False,False,False,PASS
1516,80,1,0.0,0.8875,0.0,1.0,8.815371,1.0,0.0,142.59822,8.0,0.0,0.0,0.84691143,1.0,0.0,0.0,0.0,0.0,0.9648304,3.4733894,0.96399546,5.0,5.0,1.0,0.0,0.0,0.85908794,False,False,False,False,False,False,False,False,False,False,False,False,PASS
1517,80,1,0.0,1.0,0.0,1.0,10.943245,1.0,0.0,140.33185,8.0,0.0,0.0,0.8107856,1.0,0.0,0.0,0.0,0.0,1.0313873,3.7129943,0.9636938,5.0,5.0,1.0,0.0,0.0,0.8675499,False,False,False,False,False,False,False,False,False,False,False,False,PASS
1518,80,1,0.0,0.77500004,0.0,1.0,11.735954,1.0,0.0,69.614494,8.0,0.0,0.0,0.7022315,1.0,0.0,0.0,0.0,0.0,0.0,0.0,1.0,5.0,5.0,1.0,0.0,0.0,0.7240621,False,False,False,False,False,False,False,False,False,False,False,False,PASS
1519,80,1,0.0,0.90000004,0.0,1.0,7.178173,1.0,0.0,12.340125,8.0,0.0,0.0,1.0,1.0,0.0,0.0,0.0,0.0,0.0,0.0,1.0,5.0,5.0,1.0,0.0,0.0,0.96999997,False,False,False,False,False,False,False,False,False,False,False,False,PASS
1520,80,1,0.0,0.8875,0.0,1.0,2.7581334,1.0,0.0,59.575382,8.0,0.0,0.0,1.0,1.0,0.0,0.0,0.0,0.0,0.0,0.0,1.0,5.0,5.0,1.0,0.0,0.0,0.96625006,False,False,False,False,False,False,False,False,False,False,False,False,PASS
1521,80,1,0.0,1.0,0.0,1.0,6.975235,1.0,0.0,59.64086,5.4,0.5,0.0,0.8001906,1.0,0.0,0.0,0.0,0.0,0.0,0.0,1.0,5.0,5.0,1.0,0.0,0.0,0.86013347,False,False,False,False,False,False,False,False,False,False,False,False,PASS
1522,80,1,0.0,1.0,0.0,1.0,1.2699579,1.0,0.0,23.156176,3.6,0.5,0.0,1.0,1.0,0.0,0.0,0.0,0.0,0.0,0.0,1.0,2.9,4.74625,1.0,0.0,0.0,1.0,False,False,False,False,False,False,False,False,False,False,False,False,PASS
1523,80,1,0.0,1.0,0.0,1.0,0.08290082,1.0,0.0,0.096302256,8.0,0.0,0.0,1.0,1.0,0.0,0.0,0.0,0.0,0.0,0.0,1.0,5.0,5.0,1.0,0.0,0.0,1.0,False,False,False,False,False,False,False,False,False,False,False,False,PASS
1524,80,1,0.0,0.825,0.0,1.0,9.705798,1.0,0.0,39.02255,7.9,0.0,0.0,1.0,1.0,0.0,0.0,0.0,0.0,0.0,0.0,1.0,5.0,5.0,1.0,0.0,0.0,0.94750005,False,False,False,False,False,False,False,False,False,False,False,False,PASS
1525,80,1,0.0,0.8875,0.0,1.0,10.485062,1.0,0.0,145.31458,8.0,0.0,0.0,0.8781111,1.0,0.0,0.0,0.0,0.0,0.29898262,1.0763375,0.9966898,5.0,5.0,1.0,0.0,0.0,0.88092786,False,False,False,False,False,False,False,False,False,False,False,False,PASS
1526,80,1,0.0,1.0,0.0,1.0,0.3445943,1.0,0.0,0.3263416,8.0,0.0,0.0,1.0,1.0,0.0,0.0,0.0,0.0,0.0,0.0,1.0,5.0,5.0,1.0,0.0,0.0,1.0,False,False,False,False,False,False,False,False,False,False,False,False,PASS
1527,80,1,0.0,0.8,0.0,1.0,11.704026,1.0,0.0,115.98906,6.2,0.0,0.0,0.8390615,1.0,0.0,0.0,0.0,0.0,1.8368645,6.612712,0.9221639,2.1000001,4.8962502,1.0,0.0,0.0,0.827343,False,False,False,False,False,False,False,False,False,False,False,False,PASS
1528,80,1,0.0,0.8875,0.0,1.0,13.580558,1.0,0.0,160.10794,8.0,0.0,0.0,0.92652816,1.0,0.0,0.0,0.0,0.0,2.5704365,9.2535715,0.6800958,5.0,5.0,1.0,0.0,0.0,0.9148197,False,False,False,False,False,False,False,False,False,False,False,False,PASS
1529,80,1,0.0,1.0,0.0,1.0,2.5589063,1.0,0.0,37.246956,5.300000000000001,0.5,0.0,1.0,1.0,0.0,0.0,0.0,0.0,0.0,0.0,1.0,3.6000001,4.8224998,1.0,0.0,0.0,1.0,False,False,False,False,False,False,False,False,False,False,False,False,PASS
1530,80,1,0.0,1.0,0.0,1.0,0.35541844,0.0,0.0,0.0,0.0,1.0,0.0,1.0,1.0,0.0,0.0,0.0,0.0,0.0,0.0,1.0,1.7,4.76375,1.0,1.0,1.0,1.0,False,False,False,False,False,False,False,False,False,False,False,False,PASS
1531,80,1,0.0,0.9125,0.0,1.0,8.044362,1.0,0.0,39.39808,7.800000000000001,0.0,0.0,1.0,1.0,0.0,0.0,0.0,0.0,0.0,0.0,1.0,5.0,5.0,1.0,0.0,0.0,0.97375005,False,False,False,False,False,False,False,False,False,False,False,False,PASS
1532,80,1,0.0,0.925,0.0,1.0,1.4906533,1.0,0.0,136.3963,8.0,0.0,0.0,0.9877021,1.0,0.0,0.0,0.0,0.0,0.0,0.0,1.0,5.0,5.0,1.0,0.0,0.0,0.96889156,False,False,False,False,False,False,False,False,False,False,False,False,PASS
1533,80,1,0.0,0.8875,0.0,1.0,5.4288735,1.0,0.0,29.774605,5.4,0.5,0.0,1.0,1.0,0.0,0.0,0.0,0.0,0.0,0.0,1.0,5.0,5.0,1.0,0.0,0.0,0.96625006,False,False,False,False,False,False,False,False,False,False,False,False,PASS
1534,80,1,0.0,0.8875,0.0,1.0,13.323535,0.0,0.0,108.321365,6.7,0.0,0.0,0.7889523,1.0,0.0,0.0,0.0,0.0,0.66579056,2.396846,0.99145454,5.0,5.0,1.0,0.9178487,0.77292526,0.81851655,False,False,False,False,False,False,False,False,False,False,False,False,PASS
1535,80,1,0.0,1.0,0.0,1.0,0.8086204,1.0,0.0,0.6657775,8.0,0.0,0.0,1.0,1.0,0.0,0.0,0.0,0.0,0.0,0.0,1.0,5.0,5.0,1.0,0.0,0.0,1.0,False,False,False,False,False,False,False,False,False,False,False,False,PASS
1536,80,1,0.0,1.0,0.0,1.0,0.54231405,1.0,0.0,0.51429033,8.0,0.0,0.0,1.0,1.0,0.0,0.0,0.0,0.0,0.0,0.0,1.0,5.0,5.0,1.0,0.0,0.0,1.0,False,False,False,False,False,False,False,False,False,False,False,False,PASS
1537,80,1,0.0,1.0,0.0,1.0,8.1208315,1.0,0.0,100.712006,5.6000000000000005,0.5,0.0,0.8633146,1.0,0.0,0.0,0.0,0.0,1.8729038,6.7424536,0.85312545,5.0,5.0,1.0,0.0,0.0,0.90432024,False,False,False,False,False,False,False,False,False,False,False,False,PASS
1538,80,1,0.0,1.0,0.0,1.0,12.498034,1.0,0.0,69.69147,8.0,0.0,0.0,0.67639476,1.0,0.0,0.0,0.0,0.0,0.0,0.0,1.0,3.9,4.91375,1.0,0.0,0.0,0.7734763,False,False,False,False,False,False,False,False,True,False,False,False,PASS
1539,80,1,0.0,1.0,0.0,1.0,5.3831253,1.0,0.0,69.89313,4.1000000000000005,0.5,0.0,0.8981658,1.0,0.0,0.0,0.0,0.0,0.0,0.0,1.0,5.0,5.0,1.0,0.0,0.0,0.9287161,False,False,False,False,False,False,False,False,False,False,False,False,PASS
1540,80,1,0.0,1.0,0.0,1.0,3.6428335,1.0,0.0,44.733994,7.4,0.0,0.0,1.0,1.0,0.0,0.0,0.0,0.0,0.0,0.0,1.0,5.0,5.0,1.0,0.0,0.0,1.0,False,False,False,False,False,False,False,False,False,False,False,False,PASS
1541,80,1,0.0,0.85,0.0,1.0,11.071141,0.0,0.0,0.0,0.0,1.0,0.0,0.81326634,1.0,0.0,0.0,0.0,0.0,1.4158001,5.0968804,0.93397117,5.0,5.0,1.0,0.9063885,0.9211693,0.82428646,False,False,False,False,False,False,False,False,False,False,False,False,PASS
1542,80,1,0.0,0.8875,0.0,1.0,6.8949256,1.0,0.0,69.36101,8.0,0.0,0.0,0.80993956,1.0,0.0,0.0,0.0,0.0,0.0,0.0,1.0,5.0,5.0,1.0,0.0,0.0,0.8332077,False,False,False,False,False,False,False,False,False,False,False,False,PASS
1543,80,1,0.0,0.8875,0.0,1.0,2.9178498,1.0,0.0,52.02768,8.0,0.0,0.0,0.97378266,1.0,0.0,0.0,0.0,0.0,0.0,0.0,1.0,5.0,5.0,1.0,0.0,0.0,0.9478979,False,False,False,False,False,False,False,False,False,False,False,False,PASS
1544,80,1,0.0,1.0,0.0,1.0,2.0640955,1.0,0.0,14.009701,8.0,0.0,0.0,0.9537041,1.0,0.0,0.0,0.0,0.0,0.0,0.0,1.0,5.0,5.0,1.0,0.0,0.0,0.9675929,False,False,False,False,False,False,False,False,False,False,False,False,PASS
1545,80,1,0.0,1.0,0.0,1.0,0.044062834,0.0,0.0,0.051352262,8.0,0.0,0.0,1.0,1.0,0.0,0.0,0.0,0.0,0.0,0.0,1.0,4.8,4.985,1.0,1.0,0.84210527,1.0,False,False,False,False,False,False,False,False,False,False,False,False,PASS
1546,80,1,0.0,1.0,0.0,1.0,9.185481,1.0,0.0,57.553604,8.0,0.0,0.0,0.7503874,1.0,0.0,0.0,0.0,0.0,0.0,0.0,1.0,5.0,5.0,1.0,0.0,0.0,0.82527125,False,False,False,False,False,False,False,False,False,False,False,False,PASS
1547,80,1,0.0,1.0,0.0,1.0,6.565745,1.0,0.0,13.461937,0.9,1.0,0.0,0.86265546,1.0,0.0,0.0,0.0,0.0,0.0,0.0,1.0,5.0,5.0,1.0,0.0,0.0,0.9038588,False,False,False,False,False,False,False,False,False,False,False,False,PASS
1548,80,1,0.0,0.9125,0.0,1.0,20.730877,1.0,0.0,47.434273,5.6000000000000005,0.5,0.0,0.58241343,1.0,0.0,0.0,0.0,0.0,0.0,0.0,1.0,3.8,4.815,1.0,0.0,0.0,0.6814394,False,False,False,False,False,False,False,False,True,False,False,False,PASS
1549,80,1,0.0,0.875,0.0,1.0,12.303357,0.0,0.0,137.75095,7.9,0.0,0.0,0.7995461,1.0,0.0,0.0,0.0,0.0,1.2662182,4.5583854,0.95330876,5.0,5.0,1.0,0.91006035,0.7663666,0.8221823,False,False,False,False,False,False,False,False,False,False,False,False,PASS
1550,80,1,0.0,1.0,0.0,1.0,1.1872374,1.0,0.0,12.924126,6.5,0.0,0.0,0.9973705,1.0,0.0,0.0,0.0,0.0,0.0,0.0,1.0,5.0,5.0,1.0,0.0,0.0,0.99815935,False,False,False,False,False,False,False,False,False,False,False,False,PASS
1551,80,1,0.0,1.0,0.0,1.0,0.043907046,1.0,0.0,0.04022602,8.0,0.0,0.0,1.0,1.0,0.0,0.0,0.0,0.0,0.0,0.0,1.0,5.0,5.0,1.0,0.0,0.0,1.0,False,False,False,False,False,False,False,False,False,False,False,False,PASS
1552,80,1,0.0,1.0,0.0,1.0,0.028693402,1.0,0.0,0.016506925,8.0,0.0,0.0,1.0,1.0,0.0,0.0,0.0,0.0,0.0,0.0,1.0,5.0,5.0,1.0,0.0,0.0,1.0,False,False,False,False,False,False,False,False,False,False,False,False,PASS
1553,80,1,0.0,0.8875,0.5889726,1.0,9.601156,1.0,0.0,15.5165615,3.9,0.5,0.0,1.0,1.0,0.0,0.0,0.0,0.0,0.0,0.0,1.0,5.0,5.0,1.0,0.0,0.0,0.96625006,False,False,False,False,False,False,False,False,False,False,False,False,PASS
1554,80,1,0.0,0.925,0.0,1.0,4.4546046,0.0,0.0,44.975792,8.0,0.0,0.0,1.0,1.0,0.0,0.0,0.0,0.0,0.0,0.0,1.0,2.9,4.19375,1.0,0.990625,0.8342106,0.97749996,False,False,False,False,False,False,False,False,False,False,False,False,PASS
1555,80,1,0.0,0.65000004,0.0,1.0,12.88536,1.0,0.0,14.761006,1.6,1.0,0.0,0.7351035,1.0,0.0,0.0,0.0,0.0,0.0,0.0,1.0,5.0,5.0,1.0,0.0,0.0,0.70957243,False,False,False,False,False,False,False,False,False,False,False,False,PASS
1556,80,1,0.0,0.8875,0.0,1.0,8.9953,0.0,0.0,71.881256,7.0,0.0,0.0,0.8129285,1.0,0.0,0.0,0.0,0.0,0.0,0.0,1.0,1.4,4.6300006,1.0,0.9274776,0.78103375,0.8352999,False,False,False,False,False,False,False,False,False,False,False,False,PASS
1557,80,1,0.0,1.0,0.0,1.0,1.0265168,1.0,0.0,15.217464,2.2,1.0,0.0,1.0,1.0,0.0,0.0,0.0,0.0,0.0,0.0,1.0,1.2,4.4474998,1.0,0.0,0.0,1.0,False,False,False,False,False,False,False,False,False,False,False,False,PASS
1558,80,1,0.0,0.925,0.0,1.0,0.22915073,1.0,0.0,0.24519148,8.0,0.0,0.0,1.0,1.0,0.0,0.0,0.0,0.0,0.0,0.0,1.0,5.0,5.0,1.0,0.0,0.0,0.97749996,False,False,False,False,False,False,False,False,False,False,False,False,PASS
1559,80,1,0.0,0.825,0.0,1.0,8.853869,1.0,0.0,118.105965,8.0,0.0,0.0,0.86198443,1.0,0.0,0.0,0.0,0.0,0.0,0.0,1.0,5.0,5.0,1.0,0.0,0.0,0.85088915,False,False,False,False,False,False,False,False,False,False,False,False,PASS
1560,80,1,0.0,0.8875,0.0,1.0,3.6823926,0.0,0.0,57.610657,8.0,0.0,0.0,0.915315,1.0,0.0,0.0,0.0,0.0,0.0,0.0,1.0,5.0,5.0,1.0,0.9594734,0.80797756,0.90697044,False,False,False,False,False,False,False,False,False,False,False,False,PASS
1561,80,1,0.0,0.8875,0.0,1.0,8.549372,1.0,0.0,80.39055,8.0,0.0,0.0,0.8407782,1.0,0.0,0.0,0.0,0.0,0.0,0.0,1.0,5.0,5.0,1.0,0.0,0.0,0.8547947,False,False,False,False,False,False,False,False,False,False,False,False,PASS
1562,80,1,0.0,0.77500004,0.0,1.0,6.813541,1.0,0.0,124.88274,6.800000000000001,0.0,0.0,0.887968,1.0,0.0,0.0,0.0,0.0,1.5887527,5.7195096,0.9001385,5.0,5.0,1.0,0.0,0.0,0.85407764,False,False,False,False,False,False,False,False,False,False,False,False,PASS
1563,80,1,0.0,0.90000004,0.0,1.0,12.116277,1.0,0.0,26.998928,5.300000000000001,0.5,0.0,0.99999994,1.0,0.0,0.0,0.0,0.0,0.0,0.0,1.0,5.0,5.0,1.0,0.0,0.0,0.96999997,False,False,False,False,False,False,False,False,False,False,False,False,PASS
1564,80,1,0.0,0.8125,0.0,1.0,7.733031,1.0,0.0,120.39833,7.2,0.0,0.0,0.86585456,1.0,0.0,0.0,0.0,0.0,0.0,0.0,1.0,5.0,5.0,1.0,0.0,0.0,0.8498482,False,False,False,False,False,False,False,False,False,False,False,False,PASS
1565,80,1,0.0,0.90000004,0.0,1.0,13.791185,1.0,0.0,1.1553795,8.0,0.0,0.0,0.034079578,0.0,0.0,0.0,0.0,0.0,0.0,0.0,1.0,2.9,4.95375,1.0,0.0,0.0,0.29385573,False,False,False,False,False,False,False,True,True,False,True,False,LOW_PROGRESS
1566,80,1,0.0,1.0,0.0,1.0,5.6224127,1.0,0.0,35.617126,5.6000000000000005,0.5,0.0,1.0,1.0,0.0,0.0,0.0,0.0,0.0,0.0,1.0,5.0,5.0,1.0,0.0,0.0,1.0,False,False,False,False,False,False,False,False,False,False,False,False,PASS
1567,26,0,0.0,0.9615385,0.0,1.0,1.0903513,1.0,0.0,54.588955,2.6,1.0,1.0,0.30873618,1.0,0.0,0.0,0.0,0.0,1.7368774,6.2527585,0.5857285,5.0,5.0,1.0,0.0,0.0,0.0,True,True,False,False,False,False,False,True,True,False,True,True,OVERLAP
1568,80,1,0.0,1.0,0.0,1.0,0.7612175,1.0,0.0,15.252538,5.6000000000000005,0.5,0.0,0.99999994,1.0,0.0,0.0,0.0,0.0,0.0,0.0,1.0,5.0,5.0,1.0,0.0,0.0,1.0,False,False,False,False,False,False,False,False,False,False,False,False,PASS
1569,80,1,0.0,0.875,0.0,1.0,11.987017,0.0,0.0,56.851337,2.9000000000000004,1.0,0.0,0.8141736,1.0,0.0,0.0,0.0,0.0,1.9537983,7.033674,0.89667106,5.0,5.0,1.0,0.900472,0.91618687,0.8324215,False,False,False,False,False,False,False,False,False,False,False,False,PASS
1570,80,1,0.0,0.8,0.0,1.0,16.526068,0.0,0.0,139.47623,8.0,0.0,0.0,1.0000001,1.0,0.0,0.0,0.0,0.0,2.8437347,10.237445,0.16681075,5.0,5.0,1.0,0.7667027,0.64564437,0.94,False,False,False,False,False,False,False,False,False,False,False,False,PASS
1571,80,1,0.0,0.825,0.0,1.0,4.4242454,1.0,0.0,50.55098,4.5,0.5,0.0,1.0,1.0,0.0,0.0,0.0,0.0,0.0,0.0,1.0,4.1,4.9075003,1.0,0.0,0.0,0.94750005,False,False,False,False,False,False,False,False,False,False,False,False,PASS
1572,80,1,0.0,0.8875,0.0,1.0,14.747174,1.0,0.0,149.48618,8.0,0.0,0.0,0.78731114,1.0,0.0,0.0,0.0,0.0,3.3284988,11.982595,0.77053046,5.0,5.0,1.0,0.0,0.0,0.81736773,False,False,False,False,False,False,False,False,False,False,False,False,PASS
1573,80,1,0.0,0.8625,0.0,1.0,14.718658,1.0,0.0,108.08104,7.6,0.0,0.0,0.7503164,1.0,0.0,0.0,0.0,0.0,0.0,0.0,1.0,5.0,5.0,1.0,0.0,0.0,0.7839715,False,False,False,False,False,False,False,False,False,False,False,False,PASS
1574,80,1,0.0,0.8875,0.0,1.0,4.324252,1.0,0.0,31.525341,3.8,0.5,0.0,0.8590306,1.0,0.0,0.0,0.0,0.0,0.0,0.0,1.0,5.0,5.0,1.0,0.0,0.0,0.8675715,False,False,False,False,False,False,False,False,False,False,False,False,PASS
1575,80,1,0.0,1.0,0.0,1.0,9.338982,1.0,0.0,19.458614,7.1000000000000005,0.0,0.0,0.993632,1.0,0.0,0.0,0.0,0.0,0.0,0.0,1.0,2.5,4.67,1.0,0.0,0.0,0.99554247,False,False,False,False,False,False,False,False,False,False,False,False,PASS
1576,80,1,0.0,0.8125,0.0,1.0,12.259425,1.0,0.0,131.80658,8.0,0.0,0.0,0.8499768,1.0,0.0,0.0,0.0,0.0,0.0,0.0,1.0,5.0,5.0,1.0,0.0,0.0,0.8387338,False,False,False,False,False,False,False,False,False,False,False,False,PASS
1577,80,1,0.0,1.0,0.0,1.0,5.875323,0.0,0.0,14.405197,8.0,0.0,0.0,0.53596675,1.0,0.0,0.0,0.0,0.0,0.0,0.0,1.0,4.9,4.9975,1.0,0.85498965,0.71999127,0.67517674,False,False,False,False,False,False,False,False,True,False,False,False,PASS
1578,80,1,0.0,0.925,0.0,1.0,0.23800878,1.0,0.0,0.38133925,8.0,0.0,0.0,1.0,1.0,0.0,0.0,0.0,0.0,0.0,0.0,1.0,5.0,5.0,1.0,0.0,0.0,0.97749996,False,False,False,False,False,False,False,False,False,False,False,False,PASS
1579,80,1,0.0,0.8875,0.0,1.0,4.8202143,1.0,0.0,163.22153,7.9,0.0,0.0,0.93743306,1.0,0.0,0.0,0.0,0.0,1.6981583,6.1133695,0.70723724,5.0,5.0,1.0,0.0,0.0,0.9224531,False,False,False,False,False,False,False,False,False,False,False,False,PASS
1580,80,1,0.0,0.95,0.0,1.0,4.156898,1.0,0.0,0.0,0.0,1.0,0.0,1.0,1.0,0.0,0.0,0.0,0.0,0.0,0.0,1.0,5.0,5.0,1.0,0.0,0.0,0.9850001,False,False,False,False,False,False,False,False,False,False,False,False,PASS
1581,80,1,0.0,0.875,0.0,1.0,12.592307,0.0,0.0,114.086136,6.0,0.0,0.0,0.81222403,1.0,0.0,0.0,0.0,0.0,2.2812176,8.212383,0.8592769,5.0,5.0,1.0,0.89051425,0.7499067,0.8310568,False,False,False,False,False,False,False,False,False,False,False,False,PASS
1582,80,1,0.0,1.0,0.0,1.0,0.6307354,1.0,0.0,4.6264944,8.0,0.0,0.0,0.997439,1.0,0.0,0.0,0.0,0.0,0.0,0.0,1.0,5.0,5.0,1.0,0.0,0.0,0.9982073,False,False,False,False,False,False,False,False,False,False,False,False,PASS
1583,80,1,0.0,0.725,0.0,1.0,12.407241,1.0,0.0,39.538845,8.0,0.0,0.0,0.9989675,1.0,0.0,0.0,0.0,0.0,0.0,0.0,1.0,2.7,4.9150004,1.0,0.0,0.0,0.91677725,False,False,False,False,False,False,False,False,False,False,False,False,PASS
1584,80,1,0.0,0.83750004,0.0,1.0,1.0087726,1.0,0.0,21.084587,8.0,0.0,0.0,1.0,1.0,0.0,0.0,0.0,0.0,0.0,0.0,1.0,2.5,4.76875,1.0,0.0,0.0,0.95125,False,False,False,False,False,False,False,False,False,False,False,False,PASS
1585,80,1,0.0,1.0,0.0,1.0,2.2694643,1.0,0.0,6.1365643,8.0,0.0,0.0,1.0,1.0,0.0,0.0,0.0,0.0,0.0,0.0,1.0,5.0,5.0,1.0,0.0,0.0,1.0,False,False,False,False,False,False,False,False,False,False,False,False,PASS
1586,80,1,0.0,0.925,0.0,1.0,12.293612,1.0,0.0,7.756047,0.4,1.0,0.0,0.7929108,1.0,0.0,0.0,0.0,0.0,0.0,0.0,1.0,5.0,5.0,1.0,0.0,0.0,0.83253765,False,False,False,False,False,False,False,False,False,False,False,False,PASS
1587,80,1,0.0,1.0,0.0,1.0,19.157316,1.0,0.0,35.759575,3.9,0.5,0.0,0.9962624,1.0,0.0,0.0,0.0,0.0,0.0,0.0,1.0,4.0,4.9675,1.0,0.0,0.0,0.9973837,False,False,False,False,False,False,False,False,False,False,False,False,PASS
1588,80,1,0.0,0.71250004,0.0,1.0,14.869387,1.0,0.0,53.148407,6.6000000000000005,0.0,0.0,0.6294799,1.0,0.0,0.0,0.0,0.0,0.0,0.0,1.0,1.3000001,4.6175,1.0,0.0,0.0,0.654386,False,False,False,False,False,False,False,False,True,False,False,False,PASS
1589,80,1,0.0,0.8875,0.0,1.0,7.21738,0.0,0.0,140.48904,8.0,0.0,0.0,0.99999994,1.0,0.0,0.0,0.0,0.0,0.0,0.0,1.0,1.1,4.8125,1.0,0.9859375,0.83026314,0.96624994,False,False,False,False,False,False,False,False,False,False,False,False,PASS
1590,80,1,0.0,0.85,0.0,1.0,13.105408,1.0,0.0,43.803463,3.9,0.5,0.0,0.71134275,1.0,0.0,0.0,0.0,0.0,0.0,0.0,1.0,1.7,4.88,1.0,0.0,0.0,0.75293994,False,False,False,False,False,False,False,False,False,False,False,False,PASS
1591,80,1,0.0,1.0,0.0,1.0,7.4387903,1.0,0.0,20.619652,1.8,1.0,0.0,0.8691942,1.0,0.0,0.0,0.0,0.0,0.0,0.0,1.0,5.0,5.0,1.0,0.0,0.0,0.908436,False,False,False,False,False,False,False,False,False,False,False,False,PASS
1592,80,1,0.0,1.0,0.0,1.0,0.059212077,0.0,0.0,0.060967352,8.0,0.0,0.0,1.0,1.0,0.0,0.0,0.0,0.0,0.0,0.0,1.0,5.0,5.0,1.0,1.0,0.84210527,1.0,False,False,False,False,False,False,False,False,False,False,False,False,PASS
1593,80,1,0.0,0.8875,0.0,1.0,3.8567178,0.0,0.0,81.67556,6.2,0.0,0.0,0.9364152,1.0,0.0,0.0,0.0,0.0,0.0,0.0,1.0,5.0,5.0,1.0,0.9660672,0.81353027,0.92174065,False,False,False,False,False,False,False,False,False,False,False,False,PASS
1594,80,1,0.0,0.8875,0.0,1.0,7.6412125,1.0,0.0,109.836105,8.0,0.0,0.0,0.89080507,1.0,0.0,0.0,0.0,0.0,0.0,0.0,1.0,5.0,5.0,1.0,0.0,0.0,0.88981354,False,False,False,False,False,False,False,False,False,False,False,False,PASS
1595,80,1,0.0,0.825,0.0,1.0,8.912775,1.0,0.0,23.5364,8.0,0.0,0.0,1.0,1.0,0.0,0.0,0.0,0.0,0.0,0.0,1.0,5.0,5.0,1.0,0.0,0.0,0.94750005,False,False,False,False,False,False,False,False,False,False,False,False,PASS
1596,80,1,0.0,0.8875,0.0,1.0,7.5114236,1.0,0.0,111.7919,7.9,0.0,0.0,0.84992045,1.0,0.0,0.0,0.0,0.0,0.0,0.0,1.0,5.0,5.0,1.0,0.0,0.0,0.8611943,False,False,False,False,False,False,False,False,False,False,False,False,PASS
1597,80,1,0.0,0.625,0.0,1.0,74.52917,1.0,0.0,91.4592,8.0,0.0,0.0,0.087117456,0.0,0.0,0.0,0.0,0.0,0.0,0.0,1.0,5.0,5.0,1.0,0.0,0.0,0.24848223,False,False,False,False,False,False,False,True,True,False,True,False,LOW_PROGRESS
1598,80,1,0.0,0.8875,0.0,1.0,11.258754,0.0,0.0,94.21653,5.6000000000000005,0.5,0.0,0.8133595,1.0,0.0,0.0,0.0,0.0,0.2193203,0.78955305,0.997761,5.0,5.0,1.0,0.92705256,0.85962325,0.8356016,False,False,False,False,False,False,False,False,False,False,False,False,PASS
1599,80,1,0.0,0.90000004,0.0,1.0,9.477656,1.0,0.0,132.2842,8.0,0.0,0.0,0.83801585,1.0,0.0,0.0,0.0,0.0,0.0,0.0,1.0,5.0,5.0,1.0,0.0,0.0,0.8566111,False,False,False,False,False,False,False,False,False,False,False,False,PASS
1600,80,1,0.0,0.8875,0.0,1.0,11.882499,1.0,0.0,24.699295,1.2000000000000002,1.0,0.0,0.8126118,1.0,0.0,0.0,0.0,0.0,2.3360195,8.40967,0.85571766,5.0,5.0,1.0,0.0,0.0,0.83507824,False,False,False,False,False,False,False,False,False,False,False,False,PASS
1601,80,1,0.0,1.0,0.0,1.0,0.0042293156,0.0,0.0,0.0,0.0,1.0,0.0,1.0,1.0,0.0,0.0,0.0,0.0,0.0,0.0,1.0,5.0,5.0,1.0,1.0,1.0,1.0,False,False,False,False,False,False,False,False,False,False,False,False,PASS
1602,80,1,0.0,0.8875,0.0,1.0,10.565529,1.0,0.0,128.25037,6.0,0.0,0.0,0.88786376,1.0,0.0,0.0,0.0,0.0,3.698124,13.313246,0.4173872,5.0,5.0,1.0,0.0,0.0,0.8877546,False,False,False,False,False,False,False,False,False,False,False,False,PASS
1603,80,1,0.0,1.0,0.0,1.0,0.09557255,1.0,0.0,0.0,0.0,1.0,0.0,1.0,1.0,0.0,0.0,0.0,0.0,0.0,0.0,1.0,5.0,5.0,1.0,0.0,0.0,1.0,False,False,False,False,False,False,False,False,False,False,False,False,PASS
1604,80,1,0.0,1.0,0.0,1.0,1.4761966,1.0,0.0,2.0575528,8.0,0.0,0.0,1.0,1.0,0.0,0.0,0.0,0.0,0.0,0.0,1.0,5.0,5.0,1.0,0.0,0.0,1.0,False,False,False,False,False,False,False,False,False,False,False,False,PASS
1605,80,1,0.0,0.8875,0.0,1.0,10.208757,1.0,0.0,11.507761,0.6000000000000001,1.0,0.0,0.82749736,1.0,0.0,0.0,0.0,0.0,1.1863003,4.270681,0.9540463,5.0,5.0,1.0,0.0,0.0,0.8454981,False,False,False,False,False,False,False,False,False,False,False,False,PASS
1606,80,1,0.0,0.8875,3.0442605,0.5,15.769141,0.0,0.0,43.191322,4.9,0.5,0.0,0.6455788,1.0,0.0,0.0,0.0,0.0,0.0,0.0,1.0,2.8,4.44,1.0,0.43759042,0.40797088,0.71815515,False,False,False,False,False,False,False,False,True,False,False,False,PASS
1607,80,1,0.0,0.8125,0.0,1.0,11.779685,0.0,0.0,161.15773,8.0,0.0,0.0,0.8616694,1.0,0.0,0.0,0.0,0.0,2.0906506,7.526342,0.85848135,5.0,5.0,1.0,0.8979546,0.7561723,0.8469186,False,False,False,False,False,False,False,False,False,False,False,False,PASS
1608,80,1,0.0,0.7875,0.0,1.0,12.891708,1.0,0.0,153.19492,8.0,0.0,0.0,0.81286466,1.0,0.0,0.0,0.0,0.0,3.3621998,12.103919,0.71545863,5.0,5.0,1.0,0.0,0.0,0.80525535,False,False,False,False,False,False,False,False,False,False,False,False,PASS
1609,80,1,0.0,1.0,0.0,1.0,5.774456,1.0,0.0,3.0757232,0.7000000000000001,1.0,0.0,1.0,1.0,0.0,0.0,0.0,0.0,0.0,0.0,1.0,5.0,5.0,1.0,0.0,0.0,1.0,False,False,False,False,False,False,False,False,False,False,False,False,PASS
1610,80,1,0.0,0.8625,0.0,1.0,7.3077683,1.0,0.0,152.13531,8.0,0.0,0.0,0.91147655,1.0,0.0,0.0,0.0,0.0,0.9425411,3.393148,0.9724997,5.0,5.0,1.0,0.0,0.0,0.89678365,False,False,False,False,False,False,False,False,False,False,False,False,PASS
1611,80,1,0.0,1.0,0.0,1.0,3.7875907,1.0,0.0,9.490837,8.0,0.0,0.0,1.0,1.0,0.0,0.0,0.0,0.0,0.0,0.0,1.0,5.0,5.0,1.0,0.0,0.0,1.0,False,False,False,False,False,False,False,False,False,False,False,False,PASS
1612,80,1,0.0,0.8875,0.0,1.0,9.774196,1.0,0.0,114.09999,8.0,0.0,0.0,0.8291947,1.0,0.0,0.0,0.0,0.0,0.0,0.0,1.0,5.0,5.0,1.0,0.0,0.0,0.84668636,False,False,False,False,False,False,False,False,False,False,False,False,PASS
1613,80,1,0.0,0.925,0.0,1.0,11.077334,1.0,0.0,4.08839,0.2,1.0,0.0,0.8108226,1.0,0.0,0.0,0.0,0.0,0.37496185,1.3498627,0.9947583,5.0,5.0,1.0,0.0,0.0,0.8450758,False,False,False,False,False,False,False,False,False,False,False,False,PASS
1614,80,1,0.0,1.0,0.0,1.0,0.03904431,1.0,0.0,0.13860172,8.0,0.0,0.0,1.0,1.0,0.0,0.0,0.0,0.0,0.0,0.0,1.0,5.0,5.0,1.0,0.0,0.0,1.0,False,False,False,False,False,False,False,False,False,False,False,False,PASS
1615,80,1,0.0,1.0,0.0,1.0,0.16465245,0.0,0.0,0.1639713,8.0,0.0,0.0,1.0,1.0,0.0,0.0,0.0,0.0,0.0,0.0,1.0,5.0,5.0,1.0,1.0,0.84210527,1.0,False,False,False,False,False,False,False,False,False,False,False,False,PASS
1616,80,1,0.0,1.0,0.0,1.0,0.13958347,0.0,0.0,0.0,0.0,1.0,0.0,1.0,1.0,0.0,0.0,0.0,0.0,0.0,0.0,1.0,5.0,5.0,1.0,1.0,1.0,1.0,False,False,False,False,False,False,False,False,False,False,False,False,PASS
1617,80,1,0.0,1.0,0.0,1.0,1.1953945,1.0,0.0,17.730167,3.1,1.5,0.0,0.9678727,1.0,0.0,0.0,0.0,0.0,0.0,0.0,1.0,3.8,4.9700003,1.0,0.0,0.0,0.97751087,False,False,False,False,False,False,False,False,False,False,False,False,PASS
1618,80,1,0.0,1.0,0.0,1.0,4.6198254,1.0,0.0,43.302055,5.800000000000001,0.0,0.0,0.99999994,1.0,0.0,0.0,0.0,0.0,0.0,0.0,1.0,1.7,4.52875,1.0,0.0,0.0,1.0,False,False,False,False,False,False,False,False,False,False,False,False,PASS
1619,80,1,0.0,1.0,0.0,1.0,6.086742,0.0,0.0,23.242188,3.5,0.5,0.0,0.99849874,1.0,0.0,0.0,0.0,0.0,0.0,0.0,1.0,4.1,4.9587502,1.0,0.99953085,0.9206575,0.99894905,False,False,False,False,False,False,False,False,False,False,False,False,PASS
1620,80,1,0.0,1.0,0.0,1.0,8.318789,1.0,0.0,164.59204,8.0,0.0,0.0,0.8624434,1.0,0.0,0.0,0.0,0.0,3.7148209,13.373355,0.4435354,5.0,5.0,1.0,0.0,0.0,0.90371037,False,False,False,False,False,False,False,False,False,False,False,False,PASS
1621,80,1,0.0,0.77500004,0.0,1.0,10.811969,1.0,0.0,109.071396,5.6000000000000005,0.5,0.0,0.83822006,1.0,0.0,0.0,0.0,0.0,1.985672,7.148419,0.8842633,5.0,5.0,1.0,0.0,0.0,0.81925404,False,False,False,False,False,False,False,False,False,False,False,False,PASS
1622,80,1,0.0,1.0,0.0,1.0,0.13398519,1.0,0.0,0.12910819,8.0,0.0,0.0,1.0,1.0,0.0,0.0,0.0,0.0,0.0,0.0,1.0,5.0,5.0,1.0,0.0,0.0,1.0,False,False,False,False,False,False,False,False,False,False,False,False,PASS
1623,1,0,1.0,1.0,0.0,1.0,0.0040409006,1.0,0.0,0.0,0.0,1.0,1.0,1.0,1.0,0.0,0.0,0.0,0.0,0.0,0.0,1.0,5.0,5.0,1.0,0.0,0.0,0.0,True,True,False,True,False,True,False,False,False,False,True,True,OVERLAP+AT_FAULT
1624,80,1,0.0,1.0,0.0,1.0,13.479029,1.0,0.0,91.37958,4.4,0.5,0.0,0.8000497,1.0,0.0,0.0,0.0,0.0,3.9989262,14.396133,0.5728278,5.0,5.0,1.0,0.0,0.0,0.86003476,False,False,False,False,False,False,False,False,False,False,False,False,PASS
1625,80,1,0.0,0.6875,0.0,1.0,12.697318,1.0,0.0,97.800766,7.7,0.0,0.0,0.76351154,1.0,0.0,0.0,0.0,0.0,0.0,0.0,1.0,1.1,4.0987506,1.0,0.0,0.0,0.74070805,False,False,False,False,False,False,False,False,False,False,False,False,PASS
1626,80,1,0.0,1.0,0.0,1.0,8.790913,1.0,0.0,43.82543,6.7,0.0,0.0,0.68785775,1.0,0.0,0.0,0.0,0.0,0.0,0.0,1.0,3.1000001,4.85875,1.0,0.0,0.0,0.78150046,False,False,False,False,False,False,False,False,True,False,False,False,PASS
1627,80,1,0.0,0.8,3.5452683,0.5,6.752337,1.0,0.0,44.632637,6.5,0.0,0.0,1.0,1.0,0.0,0.0,0.0,0.0,0.0,0.0,1.0,4.3,4.96625,1.0,0.0,0.0,0.94,False,False,False,False,False,False,False,False,False,False,False,False,PASS
1628,80,1,0.0,1.0,0.0,1.0,6.131679,1.0,0.0,53.96354,8.0,0.0,0.0,0.73377234,1.0,0.0,0.0,0.0,0.0,0.0,0.0,1.0,2.9,4.7025003,1.0,0.0,0.0,0.8136406,False,False,False,False,False,False,False,False,False,False,False,False,PASS
1629,80,1,0.0,0.8125,0.0,1.0,8.333212,0.0,0.0,149.26624,8.0,0.0,0.0,0.91576844,1.0,0.0,0.0,0.0,0.0,1.8262997,6.5746784,0.92680085,5.0,5.0,1.0,0.9319403,0.7847918,0.884788,False,False,False,False,False,False,False,False,False,False,False,False,PASS
1630,1,0,1.0,1.0,0.0,1.0,0.0050700367,1.0,0.0,0.009278678,0.1,1.0,1.0,1.0,1.0,0.0,0.0,0.0,0.0,0.0,0.0,1.0,5.0,5.0,1.0,0.0,0.0,0.0,True,True,False,True,False,True,False,False,False,False,True,True,OVERLAP+AT_FAULT
1631,80,1,0.0,1.0,0.0,1.0,0.053800058,0.0,0.0,0.0,0.0,1.0,0.0,1.0,1.0,0.0,0.0,0.0,0.0,0.0,0.0,1.0,5.0,5.0,1.0,1.0,1.0,1.0,False,False,False,False,False,False,False,False,False,False,False,False,PASS
1632,80,1,0.0,1.0,0.0,1.0,0.018865956,1.0,0.0,0.10943739,8.0,0.0,0.0,1.0,1.0,0.0,0.0,0.0,0.0,0.0,0.0,1.0,5.0,5.0,1.0,0.0,0.0,1.0,False,False,False,False,False,False,False,False,False,False,False,False,PASS
1633,80,1,0.0,0.8875,0.0,1.0,8.78325,1.0,0.0,140.46341,7.4,0.0,0.0,0.85145193,1.0,0.0,0.0,0.0,0.0,2.1563244,7.762768,0.8746381,5.0,5.0,1.0,0.0,0.0,0.86226636,False,False,False,False,False,False,False,False,False,False,False,False,PASS
1634,80,1,0.0,1.0,0.0,1.0,13.2588625,1.0,0.0,115.46804,6.4,0.0,0.0,0.781185,1.0,0.0,0.0,0.0,0.0,0.7853546,2.8272765,0.9780387,5.0,5.0,1.0,0.0,0.0,0.8468294,False,False,False,False,False,False,False,False,False,False,False,False,PASS
1635,80,1,0.0,1.0,0.0,1.0,0.4829282,1.0,0.0,0.38366574,8.0,0.0,0.0,0.0,0.0,0.0,0.0,0.0,0.0,0.0,0.0,1.0,5.0,5.0,1.0,0.0,0.0,0.3,False,False,False,False,False,False,False,True,True,False,True,False,LOW_PROGRESS
1636,80,1,0.0,1.0,0.0,1.0,0.30436912,1.0,0.0,0.0,0.0,1.0,0.0,1.0,1.0,0.0,0.0,0.0,0.0,0.0,0.0,1.0,5.0,5.0,1.0,0.0,0.0,1.0,False,False,False,False,False,False,False,False,False,False,False,False,PASS
1637,80,1,0.0,0.8125,0.0,1.0,7.5386157,0.0,0.0,148.7396,8.0,0.0,0.0,0.8883733,1.0,0.0,0.0,0.0,0.0,0.918993,3.3083746,0.9395635,5.0,5.0,1.0,0.92657,0.7802695,0.86561126,False,False,False,False,False,False,False,False,False,False,False,False,PASS
1638,80,1,0.0,1.0,0.0,1.0,7.0334077,0.0,0.0,168.15039,8.0,0.0,0.0,0.8873917,1.0,0.0,0.0,0.0,0.0,3.3875751,12.195271,0.43069446,5.0,5.0,1.0,0.82248354,0.6926177,0.9211742,False,False,False,False,False,False,False,False,False,False,False,False,PASS
1639,79,0,0.0,0.79746836,0.0,1.0,19.804237,1.0,1.0,83.79047,7.9,0.0,0.0,0.7232199,1.0,0.0,0.0,0.0,0.0,0.0,0.0,1.0,1.8000001,4.921519,1.0,0.0,0.0,0.0,True,False,True,False,False,False,False,False,False,False,True,True,OFFROAD
1640,80,1,0.0,1.0,0.0,1.0,0.7196623,1.0,0.0,1.4457593,8.0,0.0,0.0,1.0,1.0,0.0,0.0,0.0,0.0,0.0,0.0,1.0,5.0,5.0,1.0,0.0,0.0,1.0,False,False,False,False,False,False,False,False,False,False,False,False,PASS
1641,80,1,0.0,0.75,0.0,1.0,7.7622886,1.0,0.0,26.058262,8.0,0.0,0.0,1.0,1.0,0.0,0.0,0.0,0.0,0.0,0.0,1.0,1.6,4.8125,1.0,0.0,0.0,0.925,False,False,False,False,False,False,False,False,False,False,False,False,PASS
1642,80,1,0.0,0.9125,0.0,1.0,18.412704,1.0,0.0,119.34847,7.5,0.0,0.0,0.7124308,1.0,0.0,0.0,0.0,0.0,1.8619728,6.703102,0.94543934,5.0,5.0,1.0,0.0,0.0,0.7724516,False,False,False,False,False,False,False,False,False,False,False,False,PASS
1643,80,1,0.0,0.75,0.0,1.0,14.89474,0.0,0.0,78.70936,8.0,0.0,0.0,0.71797943,1.0,0.0,0.0,0.0,0.0,0.0,0.0,1.0,5.0,5.0,1.0,0.8806186,0.7415735,0.7275856,False,False,False,False,False,False,False,False,False,False,False,False,PASS
1644,80,1,0.0,0.8125,0.0,1.0,13.768671,1.0,0.0,50.788345,3.8,0.5,0.0,0.716389,1.0,0.0,0.0,0.0,0.0,0.0,0.0,1.0,5.0,5.0,1.0,0.0,0.0,0.7452223,False,False,False,False,False,False,False,False,False,False,False,False,PASS
1645,80,1,0.0,0.8875,0.0,1.0,12.14915,1.0,0.0,128.08018,7.4,0.0,0.0,0.7989478,1.0,0.0,0.0,0.0,0.0,1.1238384,4.0458183,0.9624033,5.0,5.0,1.0,0.0,0.0,0.8255135,False,False,False,False,False,False,False,False,False,False,False,False,PASS
1646,80,1,0.0,1.0,0.0,1.0,3.225969,1.0,0.0,32.97301,5.1000000000000005,0.5,0.0,1.0,1.0,0.0,0.0,0.0,0.0,0.0,0.0,1.0,5.0,5.0,1.0,0.0,0.0,1.0,False,False,False,False,False,False,False,False,False,False,False,False,PASS
1647,80,1,0.0,1.0,0.0,1.0,12.712642,1.0,0.0,24.679117,2.8000000000000003,1.0,0.0,0.7032887,1.0,0.0,0.0,0.0,0.0,0.0,0.0,1.0,5.0,5.0,1.0,0.0,0.0,0.7923021,False,False,False,False,False,False,False,False,False,False,False,False,PASS
1648,80,1,0.0,0.8875,0.0,1.0,10.088595,1.0,0.0,68.27559,4.1000000000000005,0.5,0.0,0.83116484,1.0,0.0,0.0,0.0,0.0,0.0,0.0,1.0,5.0,5.0,1.0,0.0,0.0,0.8480654,False,False,False,False,False,False,False,False,False,False,False,False,PASS
1649,80,1,0.0,0.7375,0.0,1.0,4.5592117,1.0,0.0,97.2656,5.5,0.5,0.0,0.89766604,1.0,0.0,0.0,0.0,0.0,0.39525223,1.422908,0.97519183,5.0,5.0,1.0,0.0,0.0,0.8496162,False,False,False,False,False,False,False,False,False,False,False,False,PASS
1650,80,1,0.0,0.8625,0.0,1.0,10.482856,1.0,0.0,21.650684,1.5,1.0,0.0,0.8177998,1.0,0.0,0.0,0.0,0.0,0.0,0.0,1.0,2.9,4.85,1.0,0.0,0.0,0.83120996,False,False,False,False,False,False,False,False,False,False,False,False,PASS
1651,80,1,0.0,1.0,0.0,1.0,5.7106514,0.0,0.0,0.0,0.0,1.0,0.0,0.8763242,1.0,0.0,0.0,0.0,0.0,0.0,0.0,1.0,5.0,5.0,1.0,0.9613513,0.9674537,0.913427,False,False,False,False,False,False,False,False,False,False,False,False,PASS
1652,80,1,0.0,0.875,0.0,1.0,12.216186,0.0,0.0,150.65579,8.0,0.0,0.0,0.8217454,1.0,0.0,0.0,0.0,0.0,2.4371014,8.773564,0.8661143,5.0,5.0,1.0,0.895199,0.7538518,0.8377218,False,False,False,False,False,False,False,False,False,False,False,False,PASS
1653,80,1,0.0,0.90000004,0.0,1.0,8.334935,0.0,0.0,146.48203,8.0,0.0,0.0,0.84674114,1.0,0.0,0.0,0.0,0.0,1.9180336,6.9049206,0.8866401,5.0,5.0,1.0,0.9112666,0.76738244,0.86271876,False,False,False,False,False,False,False,False,False,False,False,False,PASS
1654,80,1,0.0,1.0,0.0,1.0,0.016907943,0.0,0.0,0.035111018,8.0,0.0,0.0,1.0,1.0,0.0,0.0,0.0,0.0,0.0,0.0,1.0,5.0,5.0,1.0,1.0,0.84210527,1.0,False,False,False,False,False,False,False,False,False,False,False,False,PASS
1655,80,1,0.0,1.0,0.0,1.0,11.740056,1.0,0.0,54.320763,6.2,0.0,0.0,0.7158917,1.0,0.0,0.0,0.0,0.0,0.0,0.0,1.0,4.6,4.9950004,1.0,0.0,0.0,0.8011242,False,False,False,False,False,False,False,False,False,False,False,False,PASS
1656,80,1,0.0,0.8875,0.0,1.0,6.7154694,0.0,0.0,88.69668,8.0,0.0,0.0,0.9025329,1.0,0.0,0.0,0.0,0.0,0.0,0.0,1.0,4.5,4.97625,1.0,0.955479,0.80461395,0.89802307,False,False,False,False,False,False,False,False,False,False,False,False,PASS
1657,80,1,0.0,1.0,0.0,1.0,1.7224352,1.0,0.0,44.25582,6.7,0.0,0.0,0.99999994,1.0,0.0,0.0,0.0,0.0,0.0,0.0,1.0,5.0,5.0,1.0,0.0,0.0,1.0,False,False,False,False,False,False,False,False,False,False,False,False,PASS
1658,80,1,0.0,1.0,0.0,1.0,0.76461935,0.0,0.0,2.6141322,8.0,0.0,0.0,1.0,1.0,0.0,0.0,0.0,0.0,0.0,0.0,1.0,5.0,5.0,1.0,1.0,0.84210527,1.0,False,False,False,False,False,False,False,False,False,False,False,False,PASS
1659,41,0,0.0,0.7804878,0.0,1.0,2.9382823,1.0,1.0,10.314956,0.9,1.0,0.0,0.41582587,1.0,0.0,0.0,0.0,0.0,0.0,0.0,1.0,5.0,5.0,1.0,0.0,0.0,0.0,True,False,True,False,False,False,False,True,True,False,True,True,OFFROAD
1660,80,1,0.0,1.0,0.0,1.0,0.22638492,0.0,0.0,0.21782869,8.0,0.0,0.0,1.0,1.0,0.0,0.0,0.0,0.0,0.0,0.0,1.0,5.0,5.0,1.0,1.0,0.84210527,1.0,False,False,False,False,False,False,False,False,False,False,False,False,PASS
1661,80,1,0.0,1.0,0.0,1.0,3.0675504,1.0,0.0,48.4841,7.1000000000000005,0.0,0.0,1.0,1.0,0.0,0.0,0.0,0.0,0.0,0.0,1.0,5.0,5.0,1.0,0.0,0.0,1.0,False,False,False,False,False,False,False,False,False,False,False,False,PASS
1662,80,1,0.0,0.875,0.0,1.0,17.058958,1.0,0.0,127.43762,8.0,0.0,0.0,0.8694965,1.0,0.0,0.0,0.0,0.0,0.0,0.0,1.0,5.0,5.0,1.0,0.0,0.0,0.8711476,False,False,False,False,False,False,False,False,False,False,False,False,PASS
1663,80,1,0.0,0.8125,0.0,1.0,1.4166664,0.0,0.0,0.7261106,8.0,0.0,0.0,0.20855086,1.0,0.0,0.0,0.0,0.0,0.0,0.0,1.0,5.0,5.0,1.0,0.72923464,0.61409235,0.3897356,False,False,False,False,False,False,False,True,True,False,True,False,LOW_PROGRESS
1664,80,1,0.0,0.7875,0.0,1.0,12.375533,1.0,0.0,153.07289,8.0,0.0,0.0,0.8124404,1.0,0.0,0.0,0.0,0.0,3.3968868,12.228792,0.70102954,5.0,5.0,1.0,0.0,0.0,0.80495834,False,False,False,False,False,False,False,False,False,False,False,False,PASS
1665,80,1,0.0,0.83750004,0.0,1.0,13.381766,1.0,0.0,186.00803,8.0,0.0,0.0,0.97441095,1.0,0.0,0.0,0.0,0.0,3.648512,13.134643,0.0,5.0,5.0,1.0,0.0,0.0,0.9333377,False,False,False,False,False,False,False,False,False,False,False,False,PASS
1666,45,0,1.0,1.0,0.0,1.0,2.329017,1.0,0.0,7.4703517,4.5,0.5,1.0,0.78857094,1.0,0.0,0.0,0.0,0.0,0.0,0.0,1.0,0.0,3.4333334,0.0,0.0,0.0,0.0,True,True,False,True,False,True,False,False,False,False,True,True,OVERLAP+AT_FAULT
1667,80,1,0.0,1.0,0.0,1.0,0.21015003,1.0,0.0,0.20199732,8.0,0.0,0.0,1.0,1.0,0.0,0.0,0.0,0.0,0.0,0.0,1.0,5.0,5.0,1.0,0.0,0.0,1.0,False,False,False,False,False,False,False,False,False,False,False,False,PASS
1668,80,1,0.0,0.7375,0.0,1.0,11.665465,0.0,0.0,133.2258,6.800000000000001,0.0,0.0,0.8248351,1.0,0.0,0.0,0.0,0.0,3.5295315,12.706313,0.6818825,5.0,5.0,1.0,0.8329191,0.7014056,0.7986346,False,False,False,False,False,False,False,False,False,False,False,False,PASS
1669,80,1,0.0,0.7625,0.0,1.0,7.647953,0.0,0.0,140.45029,8.0,0.0,0.0,0.8879465,1.0,0.0,0.0,0.0,0.0,0.0,0.0,1.0,5.0,5.0,1.0,0.93529576,0.7876175,0.85031253,False,False,False,False,False,False,False,False,False,False,False,False,PASS
1670,16,0,1.0,1.0,0.0,1.0,0.09394969,1.0,0.0,0.094207585,1.6,1.0,1.0,1.0,1.0,0.0,0.0,0.0,0.0,0.0,0.0,1.0,5.0,5.0,1.0,0.0,0.0,0.0,True,True,False,True,False,True,False,False,False,False,True,True,OVERLAP+AT_FAULT
1671,80,1,0.0,1.0,0.0,1.0,0.040315744,1.0,0.0,0.14019737,8.0,0.0,0.0,1.0,1.0,0.0,0.0,0.0,0.0,0.0,0.0,1.0,5.0,5.0,1.0,0.0,0.0,1.0,False,False,False,False,False,False,False,False,False,False,False,False,PASS
1672,80,1,0.0,0.8,0.0,1.0,3.831326,1.0,0.0,45.29077,6.5,0.0,0.0,0.88217837,1.0,0.0,0.0,0.0,0.0,0.0,0.0,1.0,3.7,4.93125,1.0,0.0,0.0,0.8575249,False,False,False,False,False,False,False,False,False,False,False,False,PASS
1673,80,1,0.0,0.875,0.0,1.0,10.960101,1.0,0.0,36.143204,3.8,0.5,0.0,0.7631833,1.0,0.0,0.0,0.0,0.0,0.0,0.0,1.0,1.6,4.9387503,1.0,0.0,0.0,0.7967283,False,False,False,False,False,False,False,False,False,False,False,False,PASS
1674,80,1,0.0,0.7875,0.0,1.0,8.5027,1.0,0.0,109.42396,7.1000000000000005,0.0,0.0,0.87889385,1.0,0.0,0.0,0.0,0.0,0.0,0.0,1.0,5.0,5.0,1.0,0.0,0.0,0.8514757,False,False,False,False,False,False,False,False,False,False,False,False,PASS
1675,80,1,0.0,1.0,0.0,1.0,0.056563705,0.0,0.0,0.0,0.0,1.0,0.0,1.0,1.0,0.0,0.0,0.0,0.0,0.0,0.0,1.0,5.0,5.0,1.0,1.0,1.0,1.0,False,False,False,False,False,False,False,False,False,False,False,False,PASS
1676,80,1,0.0,1.0,0.0,1.0,1.8257211,1.0,0.0,13.773357,1.9,1.0,0.0,0.9782419,1.0,0.0,0.0,0.0,0.0,0.0,0.0,1.0,2.0,4.89125,1.0,0.0,0.0,0.98476934,False,False,False,False,False,False,False,False,False,False,False,False,PASS
1677,80,1,0.0,0.71250004,0.0,1.0,7.9345217,1.0,0.0,134.9364,7.9,0.0,0.0,0.8617502,1.0,0.0,0.0,0.0,0.0,0.0,0.0,1.0,5.0,5.0,1.0,0.0,0.0,0.8169751,False,False,False,False,False,False,False,False,False,False,False,False,PASS
1678,80,1,0.0,0.8,0.0,1.0,13.237132,1.0,0.0,154.01926,8.0,0.0,0.0,0.7995617,1.0,0.0,0.0,0.0,0.0,3.834423,13.803923,0.6704135,5.0,5.0,1.0,0.0,0.0,0.7996932,False,False,False,False,False,False,False,False,False,False,False,False,PASS
1679,80,1,0.0,0.2375,2.9740043,0.5,40.83072,1.0,0.0,70.76903,6.5,0.0,0.0,0.22823884,1.0,0.0,0.0,0.0,0.0,2.0236864,7.2852707,0.54007137,5.0,5.0,1.0,0.0,0.0,0.23101719,False,False,False,False,False,False,False,True,True,True,True,False,LOW_PROGRESS
1680,80,1,0.0,1.0,0.0,1.0,4.898835,1.0,0.0,0.0,0.0,1.0,0.0,1.0,1.0,0.0,0.0,0.0,0.0,0.0,0.0,1.0,5.0,5.0,1.0,0.0,0.0,1.0,False,False,False,False,False,False,False,False,False,False,False,False,PASS
1681,80,1,0.0,1.0,0.0,1.0,0.21610413,0.0,0.0,0.2204952,8.0,0.0,0.0,1.0,1.0,0.0,0.0,0.0,0.0,0.0,0.0,1.0,5.0,5.0,1.0,1.0,0.84210527,1.0,False,False,False,False,False,False,False,False,False,False,False,False,PASS
1682,75,0,1.0,1.0,0.0,1.0,0.25016978,1.0,0.0,0.22775811,7.5,0.0,1.0,1.0,1.0,0.0,0.0,0.0,0.0,0.0,0.0,1.0,0.0,4.6173334,0.0,0.0,0.0,0.0,True,True,False,True,False,True,False,False,False,False,True,True,OVERLAP+AT_FAULT
1683,80,1,0.0,0.5375,0.0,1.0,4.7474914,1.0,0.0,56.835304,8.0,0.0,0.0,0.8736496,1.0,0.0,0.0,0.0,0.0,0.0,0.0,1.0,1.5,4.9212503,1.0,0.0,0.0,0.77280474,False,False,False,False,False,False,False,False,False,False,False,False,PASS
1684,80,1,0.0,0.83750004,0.0,1.0,7.8515215,1.0,0.0,28.72628,6.1000000000000005,0.0,0.0,1.0,1.0,0.0,0.0,0.0,0.0,0.0,0.0,1.0,5.0,5.0,1.0,0.0,0.0,0.95125,False,False,False,False,False,False,False,False,False,False,False,False,PASS
1685,80,1,0.0,0.6625,0.0,1.0,4.4942904,1.0,0.0,149.81631,8.0,0.0,0.0,1.0,1.0,0.0,0.0,0.0,0.0,1.8557606,6.680738,0.80317456,1.1,4.8212504,1.0,0.0,0.0,0.89875,False,False,False,False,False,False,False,False,False,False,False,False,PASS
1686,80,1,0.0,0.85,0.0,1.0,10.277828,1.0,0.0,112.35843,6.300000000000001,0.0,0.0,0.8263886,1.0,0.0,0.0,0.0,0.0,0.4046421,1.4567115,0.99176013,5.0,5.0,1.0,0.0,0.0,0.8334721,False,False,False,False,False,False,False,False,False,False,False,False,PASS
1687,80,1,0.0,0.8,0.0,1.0,2.1506355,1.0,0.0,73.460434,7.800000000000001,0.0,0.0,1.0,1.0,0.0,0.0,0.0,0.0,0.0,0.0,1.0,4.7000003,4.99625,1.0,0.0,0.0,0.94,False,False,False,False,False,False,False,False,False,False,False,False,PASS
1688,80,1,0.0,0.925,0.0,1.0,4.3425193,1.0,0.0,55.925056,6.300000000000001,0.0,0.0,1.0,1.0,0.0,0.0,0.0,0.0,0.0,0.0,1.0,2.7,4.78875,1.0,0.0,0.0,0.97749996,False,False,False,False,False,False,False,False,False,False,False,False,PASS
1689,80,1,0.0,0.925,0.0,1.0,7.0138826,0.0,0.0,134.47452,6.9,0.0,0.0,0.8855509,1.0,0.0,0.0,0.0,0.0,2.3416424,8.429913,0.7287482,5.0,5.0,1.0,0.8870467,0.7469867,0.8973856,False,False,False,False,False,False,False,False,False,False,False,False,PASS
1690,80,1,0.0,0.7375,0.0,1.0,4.212567,0.0,0.0,102.135994,5.7,0.5,0.0,0.9114639,1.0,0.0,0.0,0.0,0.0,0.0,0.0,1.0,5.0,5.0,1.0,0.93952,0.87012213,0.8592748,False,False,False,False,False,False,False,False,False,False,False,False,PASS
1691,80,1,0.0,0.8875,0.0,1.0,5.050874,1.0,0.0,152.76715,8.0,0.0,0.0,0.9626888,1.0,0.0,0.0,0.0,0.0,0.0,0.0,1.0,5.0,5.0,1.0,0.0,0.0,0.94013214,False,False,False,False,False,False,False,False,False,False,False,False,PASS
1692,80,1,0.0,1.0,0.0,1.0,12.394231,1.0,0.0,51.72861,5.300000000000001,0.5,0.0,0.7306368,1.0,0.0,0.0,0.0,0.0,0.0,0.0,1.0,5.0,5.0,1.0,0.0,0.0,0.81144583,False,False,False,False,False,False,False,False,False,False,False,False,PASS
1693,35,0,0.0,1.0,0.0,1.0,0.2582728,1.0,0.0,0.2544167,3.5,0.5,1.0,1.0,1.0,0.0,0.0,0.0,0.0,0.0,0.0,1.0,0.0,4.857143,0.0,0.0,0.0,0.0,True,True,False,False,False,False,False,False,False,False,True,True,OVERLAP
1694,80,1,0.0,0.83750004,0.0,1.0,9.16913,1.0,0.0,40.882927,8.0,0.0,0.0,1.0,1.0,0.0,0.0,0.0,0.0,0.0,0.0,1.0,4.1,4.98875,1.0,0.0,0.0,0.95125,False,False,False,False,False,False,False,False,False,False,False,False,PASS
1695,80,1,0.0,0.8875,0.0,1.0,7.7649612,0.0,0.0,106.05759,6.5,0.0,0.0,0.8744601,1.0,0.0,0.0,0.0,0.0,0.0,0.0,1.0,5.0,5.0,1.0,0.9467063,0.79722637,0.878372,False,False,False,False,False,False,False,False,False,False,False,False,PASS
1696,80,1,0.0,0.8875,0.0,1.0,12.42362,1.0,0.0,155.386,8.0,0.0,0.0,0.81283134,1.0,0.0,0.0,0.0,0.0,3.7711296,13.576066,0.6403857,5.0,5.0,1.0,0.0,0.0,0.83523196,False,False,False,False,False,False,False,False,False,False,False,False,PASS
1697,80,1,0.0,1.0,0.0,1.0,6.5670214,1.0,0.0,156.26422,8.0,0.0,0.0,0.8727354,1.0,0.0,0.0,0.0,0.0,2.4104652,8.677674,0.71087956,5.0,5.0,1.0,0.0,0.0,0.91091484,False,False,False,False,False,False,False,False,False,False,False,False,PASS
1698,80,1,0.0,0.925,0.0,1.0,8.127933,1.0,0.0,0.0,0.0,1.0,0.0,1.0,1.0,0.0,0.0,0.0,0.0,0.0,0.0,1.0,5.0,5.0,1.0,0.0,0.0,0.97749996,False,False,False,False,False,False,False,False,False,False,False,False,PASS
1699,80,1,0.0,0.925,0.0,1.0,19.355995,1.0,0.0,29.144423,2.8000000000000003,1.0,0.0,0.6741747,1.0,0.0,0.0,0.0,0.0,0.0,0.0,1.0,5.0,5.0,1.0,0.0,0.0,0.7494223,False,False,False,False,False,False,False,False,True,False,False,False,PASS
1700,80,1,0.0,1.0,0.0,1.0,0.13508503,0.0,0.0,0.13168736,8.0,0.0,0.0,1.0,1.0,0.0,0.0,0.0,0.0,0.0,0.0,1.0,5.0,5.0,1.0,1.0,0.84210527,1.0,False,False,False,False,False,False,False,False,False,False,False,False,PASS
1701,80,1,0.0,0.85,0.0,1.0,12.376597,1.0,0.0,155.55469,8.0,0.0,0.0,0.8135118,1.0,0.0,0.0,0.0,0.0,3.6995506,13.318382,0.6626878,5.0,5.0,1.0,0.0,0.0,0.8244583,False,False,False,False,False,False,False,False,False,False,False,False,PASS
1702,80,1,0.0,0.8125,0.0,1.0,7.2887244,1.0,0.0,54.23024,5.2,0.5,0.0,0.99999994,1.0,0.0,0.0,0.0,0.0,0.0,0.0,1.0,1.4,3.8037498,1.0,0.0,0.0,0.94375,False,False,False,False,False,False,False,False,False,False,False,False,PASS
1703,80,1,0.0,1.0,0.0,1.0,6.3194604,1.0,0.0,25.13614,8.0,0.0,0.0,0.998153,1.0,0.0,0.0,0.0,0.0,0.0,0.0,1.0,5.0,5.0,1.0,0.0,0.0,0.9987071,False,False,False,False,False,False,False,False,False,False,False,False,PASS
1704,80,1,0.0,0.8125,0.0,1.0,13.612762,1.0,0.0,149.69942,6.300000000000001,0.0,0.0,1.0,1.0,0.0,0.0,0.0,0.0,7.148552,25.734787,0.0,5.0,5.0,1.0,0.0,0.0,0.94375,False,False,False,False,False,False,False,False,False,False,False,False,PASS
1705,80,1,0.0,0.7875,0.0,1.0,17.343586,1.0,0.0,159.95453,8.0,0.0,0.0,0.8381355,1.0,0.0,0.0,0.0,0.0,3.312481,11.924931,0.7844532,5.0,5.0,1.0,0.0,0.0,0.8229448,False,False,False,False,False,False,False,False,False,False,False,False,PASS
1706,80,1,0.0,1.0,0.0,1.0,12.323206,1.0,0.0,0.0,0.0,1.0,0.0,0.74974716,1.0,0.0,0.0,0.0,0.0,0.0,0.0,1.0,5.0,5.0,1.0,0.0,0.0,0.824823,False,False,False,False,False,False,False,False,False,False,False,False,PASS
1707,80,1,0.0,1.0,0.0,1.0,0.8436133,1.0,0.0,0.7980911,8.0,0.0,0.0,1.0,1.0,0.0,0.0,0.0,0.0,0.0,0.0,1.0,5.0,5.0,1.0,0.0,0.0,1.0,False,False,False,False,False,False,False,False,False,False,False,False,PASS
1708,80,1,0.0,1.0,0.0,1.0,0.10821196,1.0,0.0,0.0,0.0,1.0,0.0,1.0,1.0,0.0,0.0,0.0,0.0,0.0,0.0,1.0,5.0,5.0,1.0,0.0,0.0,1.0,False,False,False,False,False,False,False,False,False,False,False,False,PASS
1709,80,1,0.0,0.7,0.0,1.0,6.5622287,1.0,0.0,161.1105,7.800000000000001,0.0,0.0,0.8881608,1.0,0.0,0.0,0.0,0.0,3.3718643,12.138711,0.38971412,5.0,5.0,1.0,0.0,0.0,0.83171254,False,False,False,False,False,False,False,False,False,False,False,False,PASS
1710,80,1,0.0,0.8875,0.0,1.0,6.902736,1.0,0.0,50.52137,7.1000000000000005,0.0,0.0,0.87329346,1.0,0.0,0.0,0.0,0.0,0.0,0.0,1.0,5.0,5.0,1.0,0.0,0.0,0.8775555,False,False,False,False,False,False,False,False,False,False,False,False,PASS
1711,80,1,0.0,0.8875,0.0,1.0,9.08304,0.0,0.0,113.61341,7.2,0.0,0.0,0.8383477,1.0,0.0,0.0,0.0,0.0,0.0,0.0,1.0,5.0,5.0,1.0,0.9354211,0.78772306,0.8530933,False,False,False,False,False,False,False,False,False,False,False,False,PASS
1712,80,1,0.0,0.875,0.0,1.0,8.931285,0.0,0.0,77.8886,4.5,0.5,0.0,0.84043556,1.0,0.0,0.0,0.0,0.0,0.0,0.0,1.0,5.0,5.0,1.0,0.9345111,0.86590415,0.8508049,False,False,False,False,False,False,False,False,False,False,False,False,PASS
1713,80,1,0.0,0.875,0.0,1.0,8.945098,1.0,0.0,97.00058,8.0,0.0,0.0,0.8516716,1.0,0.0,0.0,0.0,0.0,0.0,0.0,1.0,5.0,5.0,1.0,0.0,0.0,0.85867006,False,False,False,False,False,False,False,False,False,False,False,False,PASS
1714,80,1,0.0,1.0,0.0,1.0,0.06218307,0.0,0.0,0.061891608,8.0,0.0,0.0,1.0,1.0,0.0,0.0,0.0,0.0,0.0,0.0,1.0,5.0,5.0,1.0,1.0,0.84210527,1.0,False,False,False,False,False,False,False,False,False,False,False,False,PASS
1715,80,1,0.0,0.8875,0.0,1.0,7.2997193,1.0,0.0,157.47714,8.0,0.0,0.0,0.90471196,1.0,0.0,0.0,0.0,0.0,2.1532402,7.7516646,0.765503,5.0,5.0,1.0,0.0,0.0,0.89954835,False,False,False,False,False,False,False,False,False,False,False,False,PASS
1716,80,1,0.0,0.8875,0.0,1.0,3.9783845,0.0,0.0,56.639473,7.5,0.0,0.0,1.0,1.0,0.0,0.0,0.0,0.0,0.0,0.0,1.0,5.0,5.0,1.0,0.9859375,0.83026314,0.96625006,False,False,False,False,False,False,False,False,False,False,False,False,PASS
1717,80,1,0.0,0.925,0.0,1.0,2.2992294,1.0,0.0,0.0,0.0,1.0,0.0,1.0,1.0,0.0,0.0,0.0,0.0,0.0,0.0,1.0,5.0,5.0,1.0,0.0,0.0,0.97749996,False,False,False,False,False,False,False,False,False,False,False,False,PASS
1718,80,1,0.0,0.925,0.0,1.0,7.139807,1.0,0.0,34.001534,8.0,0.0,0.0,0.6177921,1.0,0.0,0.0,0.0,0.0,0.0,0.0,1.0,1.3000001,4.0462503,1.0,0.0,0.0,0.7099545,False,False,False,False,False,False,False,False,True,False,False,False,PASS
1719,80,1,0.0,0.96250004,33.854008,0.0,12.561826,1.0,0.0,38.74362,4.0,0.5,0.0,0.6980181,1.0,0.0,0.0,0.0,0.0,0.0,0.0,1.0,4.0,4.9462504,1.0,0.0,0.0,0.77736264,False,False,False,False,False,False,False,False,True,False,False,False,PASS
1720,80,1,0.0,1.0,0.0,1.0,7.058269,1.0,0.0,0.0,0.0,1.0,0.0,0.84916043,1.0,0.0,0.0,0.0,0.0,0.0,0.0,1.0,5.0,5.0,1.0,0.0,0.0,0.89441234,False,False,False,False,False,False,False,False,False,False,False,False,PASS
1721,80,1,0.0,0.8875,0.0,1.0,9.129885,1.0,0.0,115.78828,8.0,0.0,0.0,0.8271429,1.0,0.0,0.0,0.0,0.0,0.0,0.0,1.0,5.0,5.0,1.0,0.0,0.0,0.84525007,False,False,False,False,False,False,False,False,False,False,False,False,PASS
1722,80,1,0.0,0.725,0.0,1.0,9.309511,1.0,0.0,123.970634,6.800000000000001,0.0,0.0,0.8593128,1.0,0.0,0.0,0.0,0.0,0.0,0.0,1.0,5.0,5.0,1.0,0.0,0.0,0.81901896,False,False,False,False,False,False,False,False,False,False,False,False,PASS
1723,80,1,0.0,1.0,0.0,1.0,1.3351148,0.0,0.0,3.460176,8.0,0.0,0.0,1.0,1.0,0.0,0.0,0.0,0.0,0.0,0.0,1.0,5.0,5.0,1.0,1.0,0.84210527,1.0,False,False,False,False,False,False,False,False,False,False,False,False,PASS
1724,2,0,0.0,1.0,0.0,1.0,0.0057819244,1.0,0.0,0.169595,0.2,1.0,1.0,0.008631383,0.0,0.0,0.0,0.0,0.0,0.0,0.0,1.0,5.0,5.0,1.0,0.0,0.0,0.0,True,True,False,False,False,False,False,True,True,False,True,True,OVERLAP
1725,80,1,0.0,0.8875,0.0,1.0,7.313152,1.0,0.0,116.19631,8.0,0.0,0.0,0.847572,1.0,0.0,0.0,0.0,0.0,0.0,0.0,1.0,5.0,5.0,1.0,0.0,0.0,0.8595505,False,False,False,False,False,False,False,False,False,False,False,False,PASS
1726,80,1,0.0,1.0,0.0,1.0,0.22816478,0.0,0.0,0.0,0.0,1.0,0.0,1.0,1.0,0.0,0.0,0.0,0.0,0.0,0.0,1.0,5.0,5.0,1.0,1.0,1.0,1.0,False,False,False,False,False,False,False,False,False,False,False,False,PASS
1727,80,1,0.0,0.7,0.0,1.0,8.089477,1.0,0.0,63.943546,8.0,0.0,0.0,0.74402326,1.0,0.0,0.0,0.0,0.0,0.0,0.0,1.0,1.5,4.5625,1.0,0.0,0.0,0.7308163,False,False,False,False,False,False,False,False,False,False,False,False,PASS
1728,80,1,0.0,1.0,0.0,1.0,0.05906632,0.0,0.0,0.07357942,8.0,0.0,0.0,1.0,1.0,0.0,0.0,0.0,0.0,0.0,0.0,1.0,5.0,5.0,1.0,1.0,0.84210527,1.0,False,False,False,False,False,False,False,False,False,False,False,False,PASS
1729,80,1,0.0,0.8875,36.209145,0.0,14.60409,0.0,0.0,42.930977,6.1000000000000005,0.0,0.0,0.61875826,1.0,0.0,0.0,0.0,0.0,0.0,0.0,1.0,5.0,5.0,1.0,0.0,0.0,0.6993808,False,False,False,False,False,False,False,False,True,False,False,False,PASS
1730,80,1,0.0,1.0,7.760504,0.0,5.0170226,1.0,0.0,45.105297,7.7,0.0,0.0,1.0,1.0,0.0,0.0,0.0,0.0,0.0,0.0,1.0,2.0,4.1275,1.0,0.0,0.0,1.0,False,False,False,False,False,False,False,False,False,False,False,False,PASS
1731,80,1,0.0,0.7,0.0,1.0,2.283778,1.0,0.0,58.419693,7.4,0.0,0.0,0.99999994,1.0,0.0,0.0,0.0,0.0,0.0,0.0,1.0,5.0,5.0,1.0,0.0,0.0,0.90999997,False,False,False,False,False,False,False,False,False,False,False,False,PASS
1732,80,1,0.0,1.0,0.0,1.0,0.048291396,0.0,0.0,0.04630688,8.0,0.0,0.0,1.0,1.0,0.0,0.0,0.0,0.0,0.0,0.0,1.0,5.0,5.0,1.0,1.0,0.84210527,1.0,False,False,False,False,False,False,False,False,False,False,False,False,PASS
1733,41,0,1.0,0.99999994,0.0,1.0,0.43336624,1.0,0.0,0.95077956,4.1000000000000005,0.5,1.0,0.10982065,0.0,0.0,0.0,0.0,0.0,0.0,0.0,1.0,5.0,5.0,1.0,0.0,0.0,0.0,True,True,False,True,False,True,False,True,True,False,True,True,OVERLAP+AT_FAULT
1734,80,1,0.0,0.925,0.0,1.0,13.732615,1.0,0.0,63.83666,7.4,0.0,0.0,0.6607771,1.0,0.0,0.0,0.0,0.0,0.0,0.0,1.0,5.0,5.0,1.0,0.0,0.0,0.740044,False,False,False,False,False,False,False,False,True,False,False,False,PASS
1735,80,1,0.0,0.8125,0.0,1.0,5.697718,1.0,0.0,47.155716,8.0,0.0,0.0,1.0,1.0,0.0,0.0,0.0,0.0,0.0,0.0,1.0,5.0,5.0,1.0,0.0,0.0,0.94375,False,False,False,False,False,False,False,False,False,False,False,False,PASS
1736,80,1,0.0,0.8875,0.0,1.0,10.521469,0.0,0.0,121.493645,8.0,0.0,0.0,0.8070287,1.0,0.0,0.0,0.0,0.0,0.0,0.0,1.0,5.0,5.0,1.0,0.9256339,0.7794812,0.8311701,False,False,False,False,False,False,False,False,False,False,False,False,PASS
1737,80,1,0.0,1.0,0.0,1.0,0.13367946,1.0,0.0,0.13107288,8.0,0.0,0.0,1.0,1.0,0.0,0.0,0.0,0.0,0.0,0.0,1.0,5.0,5.0,1.0,0.0,0.0,1.0,False,False,False,False,False,False,False,False,False,False,False,False,PASS
1738,80,1,0.0,1.0,0.0,1.0,0.2466908,1.0,0.0,0.2266244,8.0,0.0,0.0,1.0,1.0,0.0,0.0,0.0,0.0,0.0,0.0,1.0,4.3,4.9550004,1.0,0.0,0.0,1.0,False,False,False,False,False,False,False,False,False,False,False,False,PASS
1739,80,1,0.0,1.0,0.0,1.0,0.31058487,1.0,0.0,0.3091245,8.0,0.0,0.0,1.0,1.0,0.0,0.0,0.0,0.0,0.0,0.0,1.0,5.0,5.0,1.0,0.0,0.0,1.0,False,False,False,False,False,False,False,False,False,False,False,False,PASS
1740,80,1,0.0,1.0,0.0,1.0,0.37007943,0.0,0.0,1.4225225,8.0,0.0,0.0,0.8973972,1.0,0.0,0.0,0.0,0.0,0.0,0.0,1.0,5.0,5.0,1.0,0.96793664,0.81510454,0.928178,False,False,False,False,False,False,False,False,False,False,False,False,PASS
1741,80,1,0.0,1.0,0.0,1.0,0.29207197,1.0,0.0,0.35065073,8.0,0.0,0.0,1.0,1.0,0.0,0.0,0.0,0.0,0.0,0.0,1.0,5.0,5.0,1.0,0.0,0.0,1.0,False,False,False,False,False,False,False,False,False,False,False,False,PASS
1742,80,1,0.0,1.0,0.0,1.0,0.21895865,1.0,0.0,0.21267492,8.0,0.0,0.0,1.0,1.0,0.0,0.0,0.0,0.0,0.0,0.0,1.0,5.0,5.0,1.0,0.0,0.0,1.0,False,False,False,False,False,False,False,False,False,False,False,False,PASS
1743,80,1,0.0,1.0,0.0,1.0,0.06549839,0.0,0.0,0.095963895,8.0,0.0,0.0,1.0,1.0,0.0,0.0,0.0,0.0,0.0,0.0,1.0,5.0,5.0,1.0,1.0,0.84210527,1.0,False,False,False,False,False,False,False,False,False,False,False,False,PASS
1744,80,1,0.0,0.925,0.0,1.0,4.4788356,1.0,0.0,32.39499,4.800000000000001,0.5,0.0,1.0,1.0,0.0,0.0,0.0,0.0,0.0,0.0,1.0,5.0,5.0,1.0,0.0,0.0,0.97749996,False,False,False,False,False,False,False,False,False,False,False,False,PASS
1745,80,1,0.0,1.0,0.0,1.0,2.836678,0.0,0.0,76.9427,8.0,0.0,0.0,1.0,1.0,0.0,0.0,0.0,0.0,0.0,0.0,1.0,5.0,5.0,1.0,1.0,0.84210527,1.0,False,False,False,False,False,False,False,False,False,False,False,False,PASS
1746,80,1,0.0,0.9125,0.0,1.0,5.156444,0.0,0.0,41.065147,6.800000000000001,0.0,0.0,1.0,1.0,0.0,0.0,0.0,0.0,0.0,0.0,1.0,5.0,5.0,1.0,0.9890625,0.83289474,0.97375005,False,False,False,False,False,False,False,False,False,False,False,False,PASS
1747,80,1,0.0,1.0,37.55415,0.0,3.7489533,1.0,0.0,3.5775387,0.7000000000000001,1.0,0.0,0.89792,1.0,0.0,0.0,0.0,0.0,0.0,0.0,1.0,2.7,4.9237504,1.0,0.0,0.0,0.92854404,False,False,False,False,False,False,False,False,False,False,False,False,PASS
1748,80,1,0.0,0.8125,0.0,1.0,2.9440868,1.0,0.0,157.53175,7.9,0.0,0.0,0.9495417,1.0,0.0,0.0,0.0,0.0,1.9864368,7.1511726,0.83038217,5.0,5.0,1.0,0.0,0.0,0.90842915,False,False,False,False,False,False,False,False,False,False,False,False,PASS
1749,80,1,0.0,0.8875,0.0,1.0,12.366275,1.0,0.0,54.191677,8.0,0.0,0.0,0.6411881,1.0,0.0,0.0,0.0,0.0,0.0,0.0,1.0,5.0,5.0,1.0,0.0,0.0,0.71508163,False,False,False,False,False,False,False,False,True,False,False,False,PASS
1750,80,1,0.0,0.925,0.0,1.0,2.1060312,1.0,0.0,0.0,0.0,1.0,0.0,0.95693445,1.0,0.0,0.0,0.0,0.0,0.0,0.0,1.0,2.5,4.7912498,1.0,0.0,0.0,0.94735414,False,False,False,False,False,False,False,False,False,False,False,False,PASS
1751,80,1,0.0,0.875,0.0,1.0,12.667999,1.0,0.0,150.9709,8.0,0.0,0.0,0.8136964,1.0,0.0,0.0,0.0,0.0,3.2615795,11.741686,0.7377162,2.9,4.83625,1.0,0.0,0.0,0.8320875,False,False,False,False,False,False,False,False,False,False,False,False,PASS
1752,80,1,0.0,1.0,0.0,1.0,5.5161014,1.0,0.0,54.34897,8.0,0.0,0.0,0.8032817,1.0,0.0,0.0,0.0,0.0,0.0,0.0,1.0,5.0,5.0,1.0,0.0,0.0,0.86229724,False,False,False,False,False,False,False,False,False,False,False,False,PASS
1753,80,1,0.0,0.925,0.0,1.0,10.596816,1.0,0.0,97.002625,5.5,0.5,0.0,0.81487167,1.0,0.0,0.0,0.0,0.0,1.2079048,4.3484573,0.9172853,5.0,5.0,1.0,0.0,0.0,0.8479101,False,False,False,False,False,False,False,False,False,False,False,False,PASS
1754,80,1,0.0,1.0,0.0,1.0,0.15780751,1.0,0.0,0.15472801,8.0,0.0,0.0,1.0,1.0,0.0,0.0,0.0,0.0,0.0,0.0,1.0,5.0,5.0,1.0,0.0,0.0,1.0,False,False,False,False,False,False,False,False,False,False,False,False,PASS
1755,80,1,0.0,1.0,0.0,1.0,0.044652533,0.0,0.0,0.14217326,8.0,0.0,0.0,1.0,1.0,0.0,0.0,0.0,0.0,0.0,0.0,1.0,5.0,5.0,1.0,1.0,0.84210527,1.0,False,False,False,False,False,False,False,False,False,False,False,False,PASS
1756,80,1,0.0,0.77500004,0.0,1.0,4.90244,1.0,0.0,174.8391,8.0,0.0,0.0,1.0,1.0,0.0,0.0,0.0,0.0,3.068985,11.048346,0.21046227,5.0,5.0,1.0,0.0,0.0,0.9325,False,False,False,False,False,False,False,False,False,False,False,False,PASS
1757,80,1,0.0,1.0,0.0,1.0,0.118529774,1.0,0.0,0.11510773,8.0,0.0,0.0,1.0,1.0,0.0,0.0,0.0,0.0,0.0,0.0,1.0,5.0,5.0,1.0,0.0,0.0,1.0,False,False,False,False,False,False,False,False,False,False,False,False,PASS
1758,80,1,0.0,0.8875,0.0,1.0,9.239828,0.0,0.0,108.0383,8.0,0.0,0.0,0.8103242,1.0,0.0,0.0,0.0,0.0,0.0,0.0,1.0,5.0,5.0,1.0,0.92666376,0.7803484,0.83347696,False,False,False,False,False,False,False,False,False,False,False,False,PASS
1759,80,1,0.0,1.0,0.0,1.0,0.15073185,1.0,0.0,0.15432957,8.0,0.0,0.0,1.0,1.0,0.0,0.0,0.0,0.0,0.0,0.0,1.0,5.0,5.0,1.0,0.0,0.0,1.0,False,False,False,False,False,False,False,False,False,False,False,False,PASS
1760,80,1,0.0,1.0,0.0,1.0,0.21978317,1.0,0.0,0.21287051,8.0,0.0,0.0,1.0,1.0,0.0,0.0,0.0,0.0,0.0,0.0,1.0,5.0,5.0,1.0,0.0,0.0,1.0,False,False,False,False,False,False,False,False,False,False,False,False,PASS
1761,80,1,0.0,1.0,0.0,1.0,1.2431738,1.0,0.0,3.0070643,8.0,0.0,0.0,1.0,1.0,0.0,0.0,0.0,0.0,0.0,0.0,1.0,5.0,5.0,1.0,0.0,0.0,1.0,False,False,False,False,False,False,False,False,False,False,False,False,PASS
1762,80,1,0.0,0.725,0.0,1.0,12.735674,0.0,0.0,109.66619,5.4,0.5,0.0,0.81211317,1.0,0.0,0.0,0.0,0.0,3.3896885,12.202878,0.7200293,5.0,5.0,1.0,0.8369177,0.7837202,0.7859792,False,False,False,False,False,False,False,False,False,False,False,False,PASS
1763,80,1,0.0,0.875,0.0,1.0,10.657913,1.0,0.0,70.457794,4.9,0.5,0.0,0.80882293,1.0,0.0,0.0,0.0,0.0,0.0,0.0,1.0,5.0,5.0,1.0,0.0,0.0,0.82867604,False,False,False,False,False,False,False,False,False,False,False,False,PASS
1764,80,1,0.0,1.0,0.0,1.0,0.19695306,0.0,0.0,0.18733951,8.0,0.0,0.0,1.0,1.0,0.0,0.0,0.0,0.0,0.0,0.0,1.0,5.0,5.0,1.0,1.0,0.84210527,1.0,False,False,False,False,False,False,False,False,False,False,False,False,PASS
1765,80,1,0.0,1.0,0.0,1.0,0.1324512,1.0,0.0,0.11720227,8.0,0.0,0.0,1.0,1.0,0.0,0.0,0.0,0.0,0.0,0.0,1.0,5.0,5.0,1.0,0.0,0.0,1.0,False,False,False,False,False,False,False,False,False,False,False,False,PASS
1766,80,1,0.0,1.0,0.0,1.0,0.8127287,1.0,0.0,0.09303907,0.1,1.0,0.0,1.0,1.0,0.0,0.0,0.0,0.0,0.0,0.0,1.0,5.0,5.0,1.0,0.0,0.0,1.0,False,False,False,False,False,False,False,False,False,False,False,False,PASS
1767,80,1,0.0,0.8125,0.0,1.0,9.135165,1.0,0.0,133.89511,6.4,0.0,0.0,0.8499089,1.0,0.0,0.0,0.0,0.0,3.5440254,12.7584915,0.5606928,5.0,5.0,1.0,0.0,0.0,0.83868617,False,False,False,False,False,False,False,False,False,False,False,False,PASS
1768,80,1,0.0,1.0,0.0,1.0,12.07452,1.0,0.0,47.18718,5.2,0.5,0.0,0.68766934,1.0,0.0,0.0,0.0,0.0,0.0,0.0,1.0,5.0,5.0,1.0,0.0,0.0,0.78136855,False,False,False,False,False,False,False,False,True,False,False,False,PASS
1769,80,1,0.0,0.8875,0.0,1.0,7.104669,1.0,0.0,147.98042,7.4,0.0,0.0,0.8820107,1.0,0.0,0.0,0.0,0.0,3.5202618,12.672942,0.6444466,5.0,5.0,1.0,0.0,0.0,0.88365746,False,False,False,False,False,False,False,False,False,False,False,False,PASS
1770,80,1,0.0,0.8875,0.0,1.0,17.688065,1.0,0.0,125.5235,7.7,0.0,0.0,0.7255896,1.0,0.0,0.0,0.0,0.0,1.9048462,6.857446,0.9401375,5.0,5.0,1.0,0.0,0.0,0.7741627,False,False,False,False,False,False,False,False,False,False,False,False,PASS
1771,80,1,0.0,0.925,0.0,1.0,7.216797,0.0,0.0,28.57341,4.2,0.5,0.0,0.9996268,1.0,0.0,0.0,0.0,0.0,0.0,0.0,1.0,2.6000001,4.1987505,1.0,0.99050844,0.9130598,0.97723883,False,False,False,False,False,False,False,False,False,False,False,False,PASS
1772,80,1,0.0,0.8875,22.766361,0.0,3.6155548,1.0,0.0,66.66614,5.9,0.0,0.0,0.909201,1.0,0.0,0.0,0.0,0.0,0.0,0.0,1.0,3.2,4.96,1.0,0.0,0.0,0.9026907,False,False,False,False,False,False,False,False,False,False,False,False,PASS
1773,80,1,0.0,0.8875,0.0,1.0,6.390654,1.0,0.0,167.04022,8.0,0.0,0.0,0.91396016,1.0,0.0,0.0,0.0,0.0,2.7406902,9.866485,0.51918036,5.0,5.0,1.0,0.0,0.0,0.9060221,False,False,False,False,False,False,False,False,False,False,False,False,PASS
1774,1,0,1.0,1.0,0.0,1.0,0.0007349606,1.0,0.0,0.00034741065,0.1,1.0,1.0,1.0,1.0,0.0,0.0,0.0,0.0,0.0,0.0,1.0,5.0,5.0,1.0,0.0,0.0,0.0,True,True,False,True,False,True,False,False,False,False,True,True,OVERLAP+AT_FAULT
1775,80,1,0.0,1.0,0.0,1.0,5.700599,1.0,0.0,42.18078,7.300000000000001,0.0,0.0,1.0,1.0,0.0,0.0,0.0,0.0,0.0,0.0,1.0,4.9,4.9925003,1.0,0.0,0.0,1.0,False,False,False,False,False,False,False,False,False,False,False,False,PASS
1776,80,1,0.0,0.8875,0.0,1.0,12.354698,1.0,0.0,79.69708,7.5,0.0,0.0,0.7692727,1.0,0.0,0.0,0.0,0.0,0.0,0.0,1.0,5.0,5.0,1.0,0.0,0.0,0.8047409,False,False,False,False,False,False,False,False,False,False,False,False,PASS
1777,80,1,0.0,1.0,0.0,1.0,4.1385083,1.0,0.0,57.51877,8.0,0.0,0.0,0.99999994,1.0,0.0,0.0,0.0,0.0,0.0,0.0,1.0,5.0,5.0,1.0,0.0,0.0,1.0,False,False,False,False,False,False,False,False,False,False,False,False,PASS
1778,80,1,0.0,0.8875,0.0,1.0,1.0406065,1.0,0.0,0.818603,8.0,0.0,0.0,0.20840311,1.0,0.0,0.0,0.0,0.0,0.0,0.0,1.0,5.0,5.0,1.0,0.0,0.0,0.41213217,False,False,False,False,False,False,False,True,True,False,True,False,LOW_PROGRESS
1779,80,1,0.0,1.0,1.5250211,1.0,5.3364553,1.0,0.0,25.567488,5.1000000000000005,0.5,0.0,1.0,1.0,0.0,0.0,0.0,0.0,0.0,0.0,1.0,3.2,4.935,1.0,0.0,0.0,1.0,False,False,False,False,False,False,False,False,False,False,False,False,PASS
1780,80,1,0.0,0.90000004,0.0,1.0,6.473607,1.0,0.0,11.270213,8.0,0.0,0.0,1.0,1.0,0.0,0.0,0.0,0.0,0.0,0.0,1.0,5.0,5.0,1.0,0.0,0.0,0.96999997,False,False,False,False,False,False,False,False,False,False,False,False,PASS
1781,39,0,1.0,0.7692308,0.0,1.0,14.466609,1.0,0.0,88.951004,3.9,0.5,1.0,0.45030606,1.0,0.0,0.0,0.0,0.0,3.625616,13.0522175,0.0,0.0,4.38718,0.0,0.0,0.0,0.0,True,True,False,True,False,True,False,True,True,False,True,True,OVERLAP+AT_FAULT
1782,80,1,0.0,0.8875,0.0,1.0,19.813162,1.0,0.0,66.28316,8.0,0.0,0.0,0.56873643,1.0,0.0,0.0,0.0,0.0,0.0,0.0,1.0,3.9,4.8862505,1.0,0.0,0.0,0.6643655,False,False,False,False,False,False,False,False,True,False,False,False,PASS
1783,80,1,0.0,0.85,0.0,1.0,9.271445,1.0,0.0,120.37727,7.4,0.0,0.0,0.83735824,1.0,0.0,0.0,0.0,0.0,0.0,0.0,1.0,5.0,5.0,1.0,0.0,0.0,0.84115076,False,False,False,False,False,False,False,False,False,False,False,False,PASS
1784,80,1,0.0,0.7375,0.0,1.0,10.923648,1.0,0.0,49.683907,4.1000000000000005,0.5,0.0,0.7868279,1.0,0.0,0.0,0.0,0.0,0.0,0.0,1.0,5.0,5.0,1.0,0.0,0.0,0.7720296,False,False,False,False,False,False,False,False,False,False,False,False,PASS
1785,1,0,1.0,0.0,0.0,1.0,0.010433442,0.0,0.0,0.03289361,0.1,1.0,1.0,0.00046530622,0.0,0.0,0.0,0.0,0.0,0.0,0.0,1.0,5.0,5.0,1.0,0.0,0.0,0.0,True,True,False,True,False,True,False,True,True,True,True,True,OVERLAP+AT_FAULT
1786,80,1,0.0,0.925,0.0,1.0,10.944472,1.0,0.0,9.028738,1.2000000000000002,1.0,0.0,0.7342975,1.0,0.0,0.0,0.0,0.0,0.0,0.0,1.0,5.0,5.0,1.0,0.0,0.0,0.79150826,False,False,False,False,False,False,False,False,False,False,False,False,PASS
1787,80,1,0.0,1.0,0.0,1.0,8.087959,1.0,0.0,33.232872,4.7,0.5,0.0,1.0,1.0,0.0,0.0,0.0,0.0,0.0,0.0,1.0,5.0,5.0,1.0,0.0,0.0,1.0,False,False,False,False,False,False,False,False,False,False,False,False,PASS
1788,80,1,0.0,0.71250004,0.0,1.0,8.369803,0.0,0.0,57.416637,5.300000000000001,0.5,0.0,0.87697524,1.0,0.0,0.0,0.0,0.0,0.0,0.0,1.0,2.4,4.90875,1.0,0.9256173,0.85841453,0.8276327,False,False,False,False,False,False,False,False,False,False,False,False,PASS
1789,80,1,0.0,1.0,0.0,1.0,0.16964237,0.0,0.0,0.8736341,8.0,0.0,0.0,1.0,1.0,0.0,0.0,0.0,0.0,0.0,0.0,1.0,5.0,5.0,1.0,1.0,0.84210527,1.0,False,False,False,False,False,False,False,False,False,False,False,False,PASS
1790,80,1,0.0,0.8,0.0,1.0,0.96299535,1.0,0.0,45.01525,3.8,0.5,0.0,1.0,1.0,0.0,0.0,0.0,0.0,0.0,0.0,1.0,5.0,5.0,1.0,0.0,0.0,0.94,False,False,False,False,False,False,False,False,False,False,False,False,PASS
1791,80,1,0.0,1.0,0.0,1.0,9.207801,0.0,0.0,65.03627,7.7,0.0,0.0,0.8045054,1.0,0.0,0.0,0.0,0.0,0.0,0.0,1.0,5.0,5.0,1.0,0.938908,0.79065937,0.8631539,False,False,False,False,False,False,False,False,False,False,False,False,PASS
1792,80,1,0.0,0.725,0.0,1.0,3.5727158,0.0,0.0,133.37491,8.0,0.0,0.0,0.95089674,1.0,0.0,0.0,0.0,0.0,0.0,0.0,1.0,5.0,5.0,1.0,0.95028025,0.800236,0.8831278,False,False,False,False,False,False,False,False,False,False,False,False,PASS
1793,80,1,0.0,0.65000004,0.0,1.0,4.4071407,0.0,0.0,79.44408,5.1000000000000005,0.5,0.0,1.0,1.0,0.0,0.0,0.0,0.0,0.039111137,0.14080009,0.99879074,5.0,5.0,1.0,0.9559477,0.8839559,0.895,False,False,False,False,False,False,False,False,False,False,False,False,PASS
1794,80,1,0.0,0.925,0.0,1.0,5.6283855,1.0,0.0,73.590515,8.0,0.0,0.0,0.81310725,1.0,0.0,0.0,0.0,0.0,0.0,0.0,1.0,5.0,5.0,1.0,0.0,0.0,0.8466751,False,False,False,False,False,False,False,False,False,False,False,False,PASS
1795,80,1,0.0,0.725,0.0,1.0,10.108724,0.0,0.0,114.872086,6.0,0.0,0.0,0.8454259,1.0,0.0,0.0,0.0,0.0,2.5982533,9.353711,0.82940924,5.0,5.0,1.0,0.87467283,0.7365666,0.80929816,False,False,False,False,False,False,False,False,False,False,False,False,PASS
1796,80,1,0.0,1.0,0.0,1.0,0.14944355,0.0,0.0,0.0,0.0,1.0,0.0,1.0,1.0,0.0,0.0,0.0,0.0,0.0,0.0,1.0,5.0,5.0,1.0,1.0,1.0,1.0,False,False,False,False,False,False,False,False,False,False,False,False,PASS
1797,80,1,0.0,0.8875,0.0,1.0,11.149451,1.0,0.0,94.19819,5.5,0.5,0.0,0.8115446,1.0,0.0,0.0,0.0,0.0,0.41478348,1.4932204,0.99424744,5.0,5.0,1.0,0.0,0.0,0.8343312,False,False,False,False,False,False,False,False,False,False,False,False,PASS
1798,80,1,0.0,1.0,0.0,1.0,0.9703683,1.0,0.0,1.402182,8.0,0.0,0.0,1.0,1.0,0.0,0.0,0.0,0.0,0.0,0.0,1.0,5.0,5.0,1.0,0.0,0.0,1.0,False,False,False,False,False,False,False,False,False,False,False,False,PASS
1799,57,0,1.0,0.77192986,0.0,1.0,5.1710315,0.0,0.0,24.716522,5.7,0.5,1.0,0.85175633,1.0,0.0,0.0,0.0,0.0,0.0,0.0,1.0,0.0,4.814035,0.0,0.0,0.0,0.0,True,True,False,True,False,True,False,False,False,False,True,True,OVERLAP+AT_FAULT
1800,25,0,1.0,0.76,0.0,1.0,2.0206525,1.0,0.0,44.87609,2.5,1.0,1.0,0.273218,1.0,0.0,0.0,0.0,0.0,0.024457932,0.08804855,0.999543,0.0,3.2240002,0.0,0.0,0.0,0.0,True,True,False,True,False,True,False,True,True,False,True,True,OVERLAP+AT_FAULT
1801,80,1,0.0,0.52500004,0.0,1.0,12.075191,1.0,0.0,158.96536,7.9,0.0,0.0,0.8385929,1.0,0.0,0.0,0.0,0.0,3.3537426,12.073473,0.6060314,5.0,5.0,1.0,0.0,0.0,0.74451506,False,False,False,False,False,False,False,False,False,False,False,False,PASS
1802,80,1,0.0,1.0,0.0,1.0,3.8657627,1.0,0.0,56.308678,8.0,0.0,0.0,1.0,1.0,0.0,0.0,0.0,0.0,0.0,0.0,1.0,5.0,5.0,1.0,0.0,0.0,1.0,False,False,False,False,False,False,False,False,False,False,False,False,PASS
1803,80,1,0.0,0.925,0.0,1.0,4.553038,1.0,0.0,80.39851,5.1000000000000005,0.5,0.0,0.9379733,1.0,0.0,0.0,0.0,0.0,0.0,0.0,1.0,5.0,5.0,1.0,0.0,0.0,0.93408126,False,False,False,False,False,False,False,False,False,False,False,False,PASS
1804,27,0,0.0,0.6666667,0.0,1.0,3.0331647,1.0,1.0,58.564644,2.7,1.0,0.0,0.32713762,1.0,0.0,0.0,0.0,0.0,2.2603683,8.137326,0.2515223,5.0,5.0,1.0,0.0,0.0,0.0,True,False,True,False,False,False,False,True,True,False,True,True,OFFROAD
1805,80,1,0.0,0.825,0.0,1.0,22.163807,1.0,0.0,110.35145,8.0,0.0,0.0,0.673219,1.0,0.0,0.0,0.0,0.0,0.0,0.0,1.0,5.0,5.0,1.0,0.0,0.0,0.7187533,False,False,False,False,False,False,False,False,True,False,False,False,PASS
1806,80,1,0.0,0.8875,0.0,1.0,15.626862,1.0,0.0,20.667864,2.6,1.0,0.0,0.65990496,1.0,0.0,0.0,0.0,0.0,0.0,0.0,1.0,5.0,5.0,1.0,0.0,0.0,0.72818345,False,False,False,False,False,False,False,False,True,False,False,False,PASS
1807,80,1,0.0,0.8125,0.0,1.0,10.055068,1.0,0.0,84.30507,4.9,0.5,0.0,0.8342313,1.0,0.0,0.0,0.0,0.0,0.0,0.0,1.0,5.0,5.0,1.0,0.0,0.0,0.8277119,False,False,False,False,False,False,False,False,False,False,False,False,PASS
1808,80,1,0.0,0.8875,0.0,1.0,3.7327855,1.0,0.0,90.31814,7.0,0.0,0.0,0.93779945,1.0,0.0,0.0,0.0,0.0,0.0,0.0,1.0,5.0,5.0,1.0,0.0,0.0,0.92270964,False,False,False,False,False,False,False,False,False,False,False,False,PASS
1809,80,1,0.0,1.0,0.0,1.0,7.9006667,1.0,0.0,37.928616,5.0,0.5,0.0,1.0,1.0,0.0,0.0,0.0,0.0,0.0,0.0,1.0,5.0,5.0,1.0,0.0,0.0,1.0,False,False,False,False,False,False,False,False,False,False,False,False,PASS
1810,80,1,0.0,1.0,0.0,1.0,0.9898742,1.0,0.0,1.4418343,8.0,0.0,0.0,1.0,1.0,0.0,0.0,0.0,0.0,0.0,0.0,1.0,5.0,5.0,1.0,0.0,0.0,1.0,False,False,False,False,False,False,False,False,False,False,False,False,PASS
1811,80,1,0.0,1.0,0.0,1.0,9.069686,1.0,0.0,37.191833,2.7,1.0,0.0,0.80281705,1.0,0.0,0.0,0.0,0.0,0.0,0.0,1.0,5.0,5.0,1.0,0.0,0.0,0.861972,False,False,False,False,False,False,False,False,False,False,False,False,PASS
1812,80,1,0.0,0.875,0.0,1.0,16.635519,1.0,0.0,132.08133,8.0,0.0,0.0,0.84785795,1.0,0.0,0.0,0.0,0.0,0.0,0.0,1.0,5.0,5.0,1.0,0.0,0.0,0.85600054,False,False,False,False,False,False,False,False,False,False,False,False,PASS
1813,80,1,0.0,0.425,0.0,1.0,28.384932,1.0,0.0,44.55018,3.5,0.5,0.0,1.0,1.0,0.0,0.0,0.0,0.0,3.6820345,13.255323,0.0,5.0,5.0,1.0,0.0,0.0,0.8275,False,False,False,False,False,False,False,False,False,True,False,False,LOW_COMFORT
1814,80,1,0.0,0.625,0.0,1.0,6.7253723,0.0,0.0,122.99198,6.800000000000001,0.0,0.0,0.9134794,1.0,0.0,0.0,0.0,0.0,0.0,0.0,1.0,5.0,5.0,1.0,0.9260873,0.779863,0.8269356,False,False,False,False,False,False,False,False,False,False,False,False,PASS
1815,80,1,0.0,1.0,0.0,1.0,1.0648922,1.0,0.0,64.25932,7.7,0.0,0.0,1.0,1.0,0.0,0.0,0.0,0.0,0.0,0.0,1.0,5.0,5.0,1.0,0.0,0.0,1.0,False,False,False,False,False,False,False,False,False,False,False,False,PASS
1816,80,1,0.0,0.925,0.0,1.0,4.4402385,1.0,0.0,56.66693,8.0,0.0,0.0,0.8337749,1.0,0.0,0.0,0.0,0.0,0.0,0.0,1.0,5.0,5.0,1.0,0.0,0.0,0.86114246,False,False,False,False,False,False,False,False,False,False,False,False,PASS
1817,80,1,0.0,1.0,0.0,1.0,4.5125318,1.0,0.0,93.955795,8.0,0.0,0.0,1.0,1.0,0.0,0.0,0.0,0.0,0.0,0.0,1.0,5.0,5.0,1.0,0.0,0.0,1.0,False,False,False,False,False,False,False,False,False,False,False,False,PASS
1818,80,1,0.0,0.8875,0.0,1.0,8.24998,1.0,0.0,151.29733,8.0,0.0,0.0,0.84596306,1.0,0.0,0.0,0.0,0.0,1.8169327,6.5409575,0.8054215,5.0,5.0,1.0,0.0,0.0,0.8584242,False,False,False,False,False,False,False,False,False,False,False,False,PASS
1819,80,1,0.0,0.8875,0.0,1.0,10.737108,1.0,0.0,158.1547,8.0,0.0,0.0,0.8370798,1.0,0.0,0.0,0.0,0.0,3.1002235,11.160805,0.67702115,5.0,5.0,1.0,0.0,0.0,0.8522059,False,False,False,False,False,False,False,False,False,False,False,False,PASS
1820,80,1,0.0,1.0,0.0,1.0,6.82055,1.0,0.0,63.62966,7.800000000000001,0.0,0.0,0.9992074,1.0,0.0,0.0,0.0,0.0,0.0,0.0,1.0,5.0,5.0,1.0,0.0,0.0,0.99944514,False,False,False,False,False,False,False,False,False,False,False,False,PASS
1821,80,1,0.0,0.77500004,0.0,1.0,18.011679,1.0,0.0,73.99615,5.4,0.5,0.0,0.6994556,1.0,0.0,0.0,0.0,0.0,0.0,0.0,1.0,2.8,4.92625,1.0,0.0,0.0,0.722119,False,False,False,False,False,False,False,False,True,False,False,False,PASS
1822,80,1,0.0,1.0,0.0,1.0,2.5630345,1.0,0.0,6.5962315,7.800000000000001,0.0,0.0,1.0,1.0,0.0,0.0,0.0,0.0,0.0,0.0,1.0,5.0,5.0,1.0,0.0,0.0,1.0,False,False,False,False,False,False,False,False,False,False,False,False,PASS
1823,80,1,0.0,0.7875,0.0,1.0,13.681708,0.0,0.0,54.456306,5.2,0.5,0.0,0.70479536,1.0,0.0,0.0,0.0,0.0,0.0,0.0,1.0,5.0,5.0,1.0,0.88118607,0.8209988,0.7296068,False,False,False,False,False,False,False,False,False,False,False,False,PASS
1824,80,1,0.0,0.9375,0.0,1.0,6.6474223,1.0,0.0,94.87096,5.300000000000001,0.5,0.0,0.8877086,1.0,0.0,0.0,0.0,0.0,0.0,0.0,1.0,5.0,5.0,1.0,0.0,0.0,0.90264606,False,False,False,False,False,False,False,False,False,False,False,False,PASS
1825,80,1,0.0,1.0,0.0,1.0,0.07028091,1.0,0.0,0.062038418,8.0,0.0,0.0,1.0,1.0,0.0,0.0,0.0,0.0,0.0,0.0,1.0,5.0,5.0,1.0,0.0,0.0,1.0,False,False,False,False,False,False,False,False,False,False,False,False,PASS
1826,80,1,0.0,0.75,0.0,1.0,12.797427,0.0,0.0,39.95311,8.0,0.0,0.0,1.0,1.0,0.0,0.0,0.0,0.0,0.0,0.0,1.0,5.0,5.0,1.0,0.96875,0.81578946,0.925,False,False,False,False,False,False,False,False,False,False,False,False,PASS
1827,80,1,0.0,0.77500004,0.0,1.0,11.433062,1.0,0.0,56.293896,7.5,0.0,0.0,0.67898756,1.0,0.0,0.0,0.0,0.0,0.0,0.0,1.0,5.0,5.0,1.0,0.0,0.0,0.7077913,False,False,False,False,False,False,False,False,True,False,False,False,PASS
1828,80,1,0.0,0.7375,0.0,1.0,12.678315,0.0,0.0,146.04504,7.300000000000001,0.0,0.0,0.82492965,1.0,0.0,0.0,0.0,0.0,3.7932014,13.655525,0.6518929,5.0,5.0,1.0,0.82545125,0.6951169,0.79870075,False,False,False,False,False,False,False,False,False,False,False,False,PASS
1829,80,1,0.0,0.85,0.0,1.0,11.367202,1.0,0.0,25.349705,1.3,1.0,0.0,0.83462334,1.0,0.0,0.0,0.0,0.0,0.85006905,3.0602484,0.9669912,5.0,5.0,1.0,0.0,0.0,0.8392364,False,False,False,False,False,False,False,False,False,False,False,False,PASS
1830,80,1,0.0,0.8875,0.0,1.0,8.179436,1.0,0.0,120.89789,8.0,0.0,0.0,0.8382243,1.0,0.0,0.0,0.0,0.0,0.0,0.0,1.0,5.0,5.0,1.0,0.0,0.0,0.85300696,False,False,False,False,False,False,False,False,False,False,False,False,PASS
1831,80,1,0.0,0.925,0.0,1.0,2.846523,1.0,0.0,125.04273,6.7,0.0,0.0,0.94922876,1.0,0.0,0.0,0.0,0.0,0.0,0.0,1.0,5.0,5.0,1.0,0.0,0.0,0.94196016,False,False,False,False,False,False,False,False,False,False,False,False,PASS
1832,80,1,0.0,1.0,0.0,1.0,0.34833327,1.0,0.0,0.0,0.0,1.0,0.0,0.16711047,0.0,0.0,0.0,0.0,0.0,0.0,0.0,1.0,5.0,5.0,1.0,0.0,0.0,0.41697732,False,False,False,False,False,False,False,True,True,False,True,False,LOW_PROGRESS
1833,80,1,0.0,0.8875,0.0,1.0,10.40745,1.0,0.0,89.4287,7.6,0.0,0.0,0.7691947,1.0,0.0,0.0,0.0,0.0,0.0,0.0,1.0,5.0,5.0,1.0,0.0,0.0,0.80468637,False,False,False,False,False,False,False,False,False,False,False,False,PASS
1834,80,1,0.0,0.925,0.0,1.0,7.675326,1.0,0.0,139.95749,8.0,0.0,0.0,0.8497211,1.0,0.0,0.0,0.0,0.0,0.6335087,2.2806313,0.98538435,5.0,5.0,1.0,0.0,0.0,0.87230474,False,False,False,False,False,False,False,False,False,False,False,False,PASS
1835,80,1,0.0,0.8875,0.0,1.0,6.398687,1.0,0.0,24.466228,3.0,1.0,0.0,0.80324143,1.0,0.0,0.0,0.0,0.0,0.0,0.0,1.0,1.9,4.4525,1.0,0.0,0.0,0.82851905,False,False,False,False,False,False,False,False,False,False,False,False,PASS
1836,80,1,0.0,0.9125,0.0,1.0,14.979871,1.0,0.0,73.77289,8.0,0.0,0.0,0.6623386,1.0,0.0,0.0,0.0,0.0,0.0,0.0,1.0,5.0,5.0,1.0,0.0,0.0,0.73738706,False,False,False,False,False,False,False,False,True,False,False,False,PASS
1837,80,1,0.0,1.0,0.0,1.0,11.825328,1.0,0.0,120.49657,8.0,0.0,0.0,0.7750894,1.0,0.0,0.0,0.0,0.0,0.0,0.0,1.0,5.0,5.0,1.0,0.0,0.0,0.8425626,False,False,False,False,False,False,False,False,False,False,False,False,PASS
1838,80,1,0.0,1.0,0.0,1.0,0.08217298,0.0,0.0,0.11373693,8.0,0.0,0.0,1.0,1.0,0.0,0.0,0.0,0.0,0.0,0.0,1.0,5.0,5.0,1.0,1.0,0.84210527,1.0,False,False,False,False,False,False,False,False,False,False,False,False,PASS
1839,80,1,0.0,1.0,0.0,1.0,3.3839004,1.0,0.0,8.397747,8.0,0.0,0.0,1.0,1.0,0.0,0.0,0.0,0.0,0.0,0.0,1.0,5.0,5.0,1.0,0.0,0.0,1.0,False,False,False,False,False,False,False,False,False,False,False,False,PASS
1840,80,1,0.0,0.8875,0.0,1.0,3.0577772,0.0,0.0,102.8566,6.2,0.0,0.0,0.9218312,1.0,0.0,0.0,0.0,0.0,0.0,0.0,1.0,5.0,5.0,1.0,0.9615097,0.8096924,0.91153187,False,False,False,False,False,False,False,False,False,False,False,False,PASS
1841,80,1,0.0,0.8875,0.0,1.0,3.7701004,1.0,0.0,52.09239,8.0,0.0,0.0,0.98574644,1.0,0.0,0.0,0.0,0.0,0.0,0.0,1.0,5.0,5.0,1.0,0.0,0.0,0.95627254,False,False,False,False,False,False,False,False,False,False,False,False,PASS
1842,80,1,0.0,1.0,0.0,1.0,0.36550465,1.0,0.0,0.36509705,8.0,0.0,0.0,1.0,1.0,0.0,0.0,0.0,0.0,0.0,0.0,1.0,5.0,5.0,1.0,0.0,0.0,1.0,False,False,False,False,False,False,False,False,False,False,False,False,PASS
1843,80,1,0.0,0.8875,0.0,1.0,8.073314,1.0,0.0,150.78587,8.0,0.0,0.0,0.8777272,1.0,0.0,0.0,0.0,0.0,0.96024513,3.4568825,0.9400746,5.0,5.0,1.0,0.0,0.0,0.8806591,False,False,False,False,False,False,False,False,False,False,False,False,PASS
1844,80,1,0.0,1.0,0.0,1.0,3.9924486,1.0,0.0,9.839352,8.0,0.0,0.0,1.0,1.0,0.0,0.0,0.0,0.0,0.0,0.0,1.0,5.0,5.0,1.0,0.0,0.0,1.0,False,False,False,False,False,False,False,False,False,False,False,False,PASS
1845,80,1,0.0,0.925,0.0,1.0,9.26504,1.0,0.0,137.27739,8.0,0.0,0.0,0.8340345,1.0,0.0,0.0,0.0,0.0,0.37383652,1.3458115,0.99384487,5.0,5.0,1.0,0.0,0.0,0.86132413,False,False,False,False,False,False,False,False,False,False,False,False,PASS
1846,80,1,0.0,0.8875,0.0,1.0,17.44161,1.0,0.0,86.44975,8.0,0.0,0.0,0.6363635,1.0,0.0,0.0,0.0,0.0,0.0,0.0,1.0,5.0,5.0,1.0,0.0,0.0,0.71170443,False,False,False,False,False,False,False,False,True,False,False,False,PASS
1847,80,1,0.0,1.0,0.0,1.0,5.903196,1.0,0.0,76.04832,5.7,0.5,0.0,0.8752033,1.0,0.0,0.0,0.0,0.0,0.0,0.0,1.0,5.0,5.0,1.0,0.0,0.0,0.9126423,False,False,False,False,False,False,False,False,False,False,False,False,PASS
1848,80,1,0.0,1.0,0.0,1.0,2.8591967,1.0,0.0,51.0266,8.0,0.0,0.0,1.0,1.0,0.0,0.0,0.0,0.0,0.0,0.0,1.0,5.0,5.0,1.0,0.0,0.0,1.0,False,False,False,False,False,False,False,False,False,False,False,False,PASS
1849,80,1,0.0,0.8875,0.0,1.0,10.045443,1.0,0.0,62.236244,4.800000000000001,0.5,0.0,0.84257656,1.0,0.0,0.0,0.0,0.0,0.0,0.0,1.0,3.9,4.95375,1.0,0.0,0.0,0.85605353,False,False,False,False,False,False,False,False,False,False,False,False,PASS
1850,80,1,0.0,0.8875,0.0,1.0,9.599181,1.0,0.0,95.09335,8.0,0.0,0.0,0.80004406,1.0,0.0,0.0,0.0,0.0,0.0,0.0,1.0,5.0,5.0,1.0,0.0,0.0,0.8262808,False,False,False,False,False,False,False,False,False,False,False,False,PASS
1851,80,1,0.0,1.0,0.0,1.0,0.07324108,1.0,0.0,0.07239014,8.0,0.0,0.0,1.0,1.0,0.0,0.0,0.0,0.0,0.0,0.0,1.0,5.0,5.0,1.0,0.0,0.0,1.0,False,False,False,False,False,False,False,False,False,False,False,False,PASS
1852,80,1,0.0,0.75,0.0,1.0,10.771372,1.0,0.0,122.31382,7.1000000000000005,0.0,0.0,0.82112616,1.0,0.0,0.0,0.0,0.0,0.43735695,1.574485,0.9931346,5.0,5.0,1.0,0.0,0.0,0.79978836,False,False,False,False,False,False,False,False,False,False,False,False,PASS
1853,80,1,0.0,0.925,0.0,1.0,12.32067,1.0,0.0,133.3212,7.800000000000001,0.0,0.0,0.80101544,1.0,0.0,0.0,0.0,0.0,1.170414,4.21349,0.934551,5.0,5.0,1.0,0.0,0.0,0.8382109,False,False,False,False,False,False,False,False,False,False,False,False,PASS
1854,80,1,0.0,0.8875,0.0,1.0,8.297154,1.0,0.0,162.2344,7.9,0.0,0.0,0.8625442,1.0,0.0,0.0,0.0,0.0,3.569067,12.84864,0.4959672,5.0,5.0,1.0,0.0,0.0,0.870031,False,False,False,False,False,False,False,False,False,False,False,False,PASS
1855,80,1,0.0,0.8875,0.0,1.0,8.03246,1.0,0.0,91.19127,6.300000000000001,0.0,0.0,0.8372122,1.0,0.0,0.0,0.0,0.0,0.0,0.0,1.0,5.0,5.0,1.0,0.0,0.0,0.85229856,False,False,False,False,False,False,False,False,False,False,False,False,PASS
1856,80,1,0.0,1.0,0.0,1.0,7.2441683,1.0,0.0,25.095024,6.6000000000000005,0.0,0.0,1.0,1.0,0.0,0.0,0.0,0.0,0.0,0.0,1.0,5.0,5.0,1.0,0.0,0.0,1.0,False,False,False,False,False,False,False,False,False,False,False,False,PASS
1857,80,1,0.0,1.0,0.0,1.0,7.844046,1.0,0.0,46.44827,7.6,0.0,0.0,0.99999994,1.0,0.0,0.0,0.0,0.0,0.0,0.0,1.0,3.5,4.8775,1.0,0.0,0.0,1.0,False,False,False,False,False,False,False,False,False,False,False,False,PASS
1858,80,1,0.0,1.0,0.0,1.0,7.193344,1.0,0.0,51.853317,6.9,0.0,0.0,1.0,1.0,0.0,0.0,0.0,0.0,0.0,0.0,1.0,2.6000001,4.61625,1.0,0.0,0.0,1.0,False,False,False,False,False,False,False,False,False,False,False,False,PASS
1859,80,1,0.0,1.0,0.0,1.0,1.0524457,1.0,0.0,19.071247,2.7,1.0,0.0,0.9332136,1.0,0.0,0.0,0.0,0.0,0.0,0.0,1.0,4.0,4.9212503,1.0,0.0,0.0,0.9532496,False,False,False,False,False,False,False,False,False,False,False,False,PASS
1860,80,1,0.0,1.0,0.0,1.0,0.574206,1.0,0.0,0.7850251,8.0,0.0,0.0,1.0,1.0,0.0,0.0,0.0,0.0,0.0,0.0,1.0,5.0,5.0,1.0,0.0,0.0,1.0,False,False,False,False,False,False,False,False,False,False,False,False,PASS
1861,80,1,0.0,1.0,0.0,1.0,1.1223681,1.0,0.0,0.0,0.0,1.0,0.0,0.52404207,1.0,0.0,0.0,0.0,0.0,0.0,0.0,1.0,5.0,5.0,1.0,0.0,0.0,0.66682947,False,False,False,False,False,False,False,False,True,False,False,False,PASS
1862,80,1,0.0,1.0,0.0,1.0,0.049009617,1.0,0.0,0.049388085,8.0,0.0,0.0,1.0,1.0,0.0,0.0,0.0,0.0,0.0,0.0,1.0,5.0,5.0,1.0,0.0,0.0,1.0,False,False,False,False,False,False,False,False,False,False,False,False,PASS
1863,80,1,0.0,0.8875,0.0,1.0,3.3391774,1.0,0.0,63.002003,8.0,0.0,0.0,0.9026931,1.0,0.0,0.0,0.0,0.0,0.0,0.0,1.0,1.9,4.7175,1.0,0.0,0.0,0.8981352,False,False,False,False,False,False,False,False,False,False,False,False,PASS
1864,80,1,0.0,0.8125,0.0,1.0,9.205342,1.0,0.0,144.30936,7.6,0.0,0.0,0.8505788,1.0,0.0,0.0,0.0,0.0,2.4323215,8.756357,0.8117305,5.0,5.0,1.0,0.0,0.0,0.8391552,False,False,False,False,False,False,False,False,False,False,False,False,PASS
1865,80,1,0.0,1.0,0.0,1.0,3.2458687,1.0,0.0,129.92249,8.0,0.0,0.0,0.96330816,1.0,0.0,0.0,0.0,0.0,0.0,0.0,1.0,5.0,5.0,1.0,0.0,0.0,0.97431564,False,False,False,False,False,False,False,False,False,False,False,False,PASS
1866,8,0,1.0,1.0,0.0,1.0,0.05171925,1.0,0.0,0.048981544,0.8,1.0,1.0,1.0,1.0,0.0,0.0,0.0,0.0,0.0,0.0,1.0,0.0,4.375,0.0,0.0,0.0,0.0,True,True,False,True,False,True,False,False,False,False,True,True,OVERLAP+AT_FAULT
1867,39,0,1.0,1.0,0.0,1.0,0.25820172,0.0,0.0,0.24958971,3.9,0.5,1.0,1.0,1.0,0.0,0.0,0.0,0.0,0.0,0.0,1.0,5.0,5.0,1.0,0.0,0.0,0.0,True,True,False,True,False,True,False,False,False,False,True,True,OVERLAP+AT_FAULT
1868,80,1,0.0,0.71250004,3.0161667,0.5,5.449399,1.0,0.0,56.302948,7.2,0.0,0.0,0.80711555,1.0,0.0,0.0,0.0,0.0,0.0,0.0,1.0,2.9,4.7775,1.0,0.0,0.0,0.77873087,False,False,False,False,False,False,False,False,False,False,False,False,PASS
1869,80,1,0.0,0.925,0.0,1.0,2.1377957,1.0,0.0,155.37279,8.0,0.0,0.0,0.9867641,1.0,0.0,0.0,0.0,0.0,0.9841652,3.5429945,0.97020143,5.0,5.0,1.0,0.0,0.0,0.96823484,False,False,False,False,False,False,False,False,False,False,False,False,PASS
1870,80,1,0.0,1.0,0.0,1.0,0.5636126,1.0,0.0,0.5581261,8.0,0.0,0.0,1.0,1.0,0.0,0.0,0.0,0.0,0.0,0.0,1.0,5.0,5.0,1.0,0.0,0.0,1.0,False,False,False,False,False,False,False,False,False,False,False,False,PASS
1871,80,1,0.0,0.7875,0.0,1.0,5.8359847,1.0,0.0,141.16156,8.0,0.0,0.0,0.9198189,1.0,0.0,0.0,0.0,0.0,0.6762943,2.4346595,0.98581153,5.0,5.0,1.0,0.0,0.0,0.88012326,False,False,False,False,False,False,False,False,False,False,False,False,PASS
1872,80,1,0.0,0.8875,0.0,1.0,10.890533,0.0,0.0,139.35284,7.9,0.0,0.0,0.8406349,1.0,0.0,0.0,0.0,0.0,0.8896618,3.2027824,0.9752082,5.0,5.0,1.0,0.92993796,0.7831057,0.85469437,False,False,False,False,False,False,False,False,False,False,False,False,PASS
1873,80,1,0.0,1.0,0.0,1.0,9.744166,1.0,0.0,107.841415,6.1000000000000005,0.0,0.0,0.84861076,1.0,0.0,0.0,0.0,0.0,0.27058792,0.9741165,0.9897877,5.0,5.0,1.0,0.0,0.0,0.89402753,False,False,False,False,False,False,False,False,False,False,False,False,PASS
1874,80,1,0.0,1.0,0.0,1.0,0.054357197,1.0,0.0,0.05200755,8.0,0.0,0.0,1.0,1.0,0.0,0.0,0.0,0.0,0.0,0.0,1.0,5.0,5.0,1.0,0.0,0.0,1.0,False,False,False,False,False,False,False,False,False,False,False,False,PASS
1875,80,1,0.0,1.0,0.0,1.0,3.7853832,1.0,0.0,9.4873705,8.0,0.0,0.0,1.0,1.0,0.0,0.0,0.0,0.0,0.0,0.0,1.0,5.0,5.0,1.0,0.0,0.0,1.0,False,False,False,False,False,False,False,False,False,False,False,False,PASS
1876,80,1,0.0,0.5625,0.0,1.0,5.7988954,1.0,0.0,103.73586,6.800000000000001,0.0,0.0,0.99999994,1.0,0.0,0.0,0.0,0.0,1.4968452,5.388643,0.83596176,5.0,5.0,1.0,0.0,0.0,0.86875004,False,False,False,False,False,False,False,False,False,False,False,False,PASS
1877,80,1,0.0,0.875,0.0,1.0,2.8174725,0.0,0.0,14.089974,1.2000000000000002,1.0,0.0,0.9321778,1.0,0.0,0.0,0.0,0.0,0.0,0.0,1.0,5.0,5.0,1.0,0.96318054,0.96899414,0.91502446,False,False,False,False,False,False,False,False,False,False,False,False,PASS
1878,80,1,0.0,0.925,0.0,1.0,9.331083,1.0,0.0,139.81955,7.5,0.0,0.0,0.8538559,1.0,0.0,0.0,0.0,0.0,1.7264938,6.215378,0.8897024,5.0,5.0,1.0,0.0,0.0,0.87519914,False,False,False,False,False,False,False,False,False,False,False,False,PASS
1879,80,1,0.0,0.675,0.0,1.0,9.847649,1.0,0.0,164.5091,7.9,0.0,0.0,0.86265427,1.0,0.0,0.0,0.0,0.0,4.0038776,14.4139595,0.4853409,5.0,5.0,1.0,0.0,0.0,0.806358,False,False,False,False,False,False,False,False,False,False,False,False,PASS
1880,80,1,0.0,1.0,0.0,1.0,0.1355188,1.0,0.0,0.1285474,8.0,0.0,0.0,1.0,1.0,0.0,0.0,0.0,0.0,0.0,0.0,1.0,5.0,5.0,1.0,0.0,0.0,1.0,False,False,False,False,False,False,False,False,False,False,False,False,PASS
1881,80,1,0.0,0.8875,0.0,1.0,3.8663063,1.0,0.0,91.25964,8.0,0.0,0.0,0.8962186,1.0,0.0,0.0,0.0,0.0,0.0,0.0,1.0,5.0,5.0,1.0,0.0,0.0,0.89360297,False,False,False,False,False,False,False,False,False,False,False,False,PASS
1882,80,1,0.0,1.0,0.0,1.0,0.13302682,1.0,0.0,0.13701077,8.0,0.0,0.0,1.0,1.0,0.0,0.0,0.0,0.0,0.0,0.0,1.0,5.0,5.0,1.0,0.0,0.0,1.0,False,False,False,False,False,False,False,False,False,False,False,False,PASS
1883,80,1,0.0,1.0,0.0,1.0,0.13796763,1.0,0.0,0.1350404,8.0,0.0,0.0,1.0,1.0,0.0,0.0,0.0,0.0,0.0,0.0,1.0,5.0,5.0,1.0,0.0,0.0,1.0,False,False,False,False,False,False,False,False,False,False,False,False,PASS
1884,80,1,0.0,1.0,0.0,1.0,12.972148,1.0,0.0,76.2967,7.800000000000001,0.0,0.0,0.70022166,1.0,0.0,0.0,0.0,0.0,0.0,0.0,1.0,5.0,5.0,1.0,0.0,0.0,0.7901552,False,False,False,False,False,False,False,False,False,False,False,False,PASS
1885,80,1,0.0,0.8125,0.0,1.0,1.7806405,1.0,0.0,130.53995,8.0,0.0,0.0,1.0,1.0,0.0,0.0,0.0,0.0,0.0,0.0,1.0,5.0,5.0,1.0,0.0,0.0,0.94375,False,False,False,False,False,False,False,False,False,False,False,False,PASS
1886,80,1,0.0,0.7,0.0,1.0,12.322406,0.0,0.0,146.9884,7.800000000000001,0.0,0.0,0.8231517,1.0,0.0,0.0,0.0,0.0,3.1578312,11.368192,0.7577969,5.0,5.0,1.0,0.8466841,0.71299714,0.7862062,False,False,False,False,False,False,False,False,False,False,False,False,PASS
1887,80,1,0.0,0.8625,0.0,1.0,9.423302,0.0,0.0,112.99468,6.2,0.0,0.0,0.86417717,1.0,0.0,0.0,0.0,0.0,0.8431606,3.0353782,0.9778695,5.0,5.0,1.0,0.93483526,0.7872297,0.863674,False,False,False,False,False,False,False,False,False,False,False,False,PASS
1888,80,1,0.0,0.85,0.0,1.0,6.9145226,0.0,0.0,37.583393,8.0,0.0,0.0,1.0,1.0,0.0,0.0,0.0,0.0,0.0,0.0,1.0,5.0,5.0,1.0,0.98125,0.82631576,0.95500004,False,False,False,False,False,False,False,False,False,False,False,False,PASS
1889,80,1,0.0,1.0,0.0,1.0,0.16874535,0.0,0.0,0.1717931,8.0,0.0,0.0,1.0,1.0,0.0,0.0,0.0,0.0,0.0,0.0,1.0,4.7000003,4.9875,1.0,1.0,0.84210527,1.0,False,False,False,False,False,False,False,False,False,False,False,False,PASS
1890,80,1,0.0,1.0,0.0,1.0,0.42943856,1.0,0.0,1.7194453,8.0,0.0,0.0,0.6232504,1.0,0.0,0.0,0.0,0.0,0.0,0.0,1.0,5.0,5.0,1.0,0.0,0.0,0.7362753,False,False,False,False,False,False,False,False,True,False,False,False,PASS
1891,80,1,0.0,1.0,0.0,1.0,0.21997276,1.0,0.0,0.22091587,8.0,0.0,0.0,1.0,1.0,0.0,0.0,0.0,0.0,0.0,0.0,1.0,4.9,4.99875,1.0,0.0,0.0,1.0,False,False,False,False,False,False,False,False,False,False,False,False,PASS
1892,80,1,0.0,0.7625,0.0,1.0,16.130318,1.0,0.0,186.96005,8.0,0.0,0.0,0.97504765,1.0,0.0,0.0,0.0,0.0,3.6135979,13.008952,0.0,5.0,5.0,1.0,0.0,0.0,0.9112833,False,False,False,False,False,False,False,False,False,False,False,False,PASS
1893,80,1,0.0,0.83750004,0.0,1.0,11.450297,0.0,0.0,2.33328,0.1,1.0,0.0,0.8248576,1.0,0.0,0.0,0.0,0.0,3.2165737,11.579665,0.7084655,5.0,5.0,1.0,0.85207194,0.875429,0.8286503,False,False,False,False,False,False,False,False,False,False,False,False,PASS
1894,80,1,0.0,0.8,0.0,1.0,11.536487,1.0,0.0,78.12352,8.0,0.0,0.0,0.7317544,1.0,0.0,0.0,0.0,0.0,0.0,0.0,1.0,5.0,5.0,1.0,0.0,0.0,0.75222814,False,False,False,False,False,False,False,False,False,False,False,False,PASS
1895,80,1,0.0,0.925,0.0,1.0,2.8524008,1.0,0.0,3.4526782,3.1,1.5,0.0,1.0,1.0,0.0,0.0,0.0,0.0,0.0,0.0,1.0,3.6000001,4.7862506,1.0,0.0,0.0,0.97749996,False,False,False,False,False,False,False,False,False,False,False,False,PASS
1896,80,1,0.0,0.90000004,0.0,1.0,6.5937166,0.0,0.0,1.9530779,0.3,1.0,0.0,1.0,1.0,0.0,0.0,0.0,0.0,0.0,0.0,1.0,5.0,5.0,1.0,0.9875,0.98947364,0.96999997,False,False,False,False,False,False,False,False,False,False,False,False,PASS
1897,80,1,0.0,0.875,0.0,1.0,1.5126907,1.0,0.0,135.67052,8.0,0.0,0.0,1.0,1.0,0.0,0.0,0.0,0.0,0.0,0.0,1.0,5.0,5.0,1.0,0.0,0.0,0.96250004,False,False,False,False,False,False,False,False,False,False,False,False,PASS
1898,80,1,0.0,0.8875,0.0,1.0,2.9697077,1.0,0.0,133.10449,8.0,0.0,0.0,1.0,1.0,0.0,0.0,0.0,0.0,0.0,0.0,1.0,5.0,5.0,1.0,0.0,0.0,0.96625006,False,False,False,False,False,False,False,False,False,False,False,False,PASS
1899,80,1,0.0,0.875,0.0,1.0,11.962967,1.0,0.0,153.79773,8.0,0.0,0.0,0.8108737,1.0,0.0,0.0,0.0,0.0,3.4096851,12.274866,0.69052315,5.0,5.0,1.0,0.0,0.0,0.8301116,False,False,False,False,False,False,False,False,False,False,False,False,PASS
1900,80,1,0.0,0.8875,0.0,1.0,10.354079,0.0,0.0,153.67049,7.9,0.0,0.0,0.83763975,1.0,0.0,0.0,0.0,0.0,3.3766212,12.155836,0.65083253,5.0,5.0,1.0,0.847908,0.7140278,0.85259783,False,False,False,False,False,False,False,False,False,False,False,False,PASS
1901,80,1,0.0,0.8875,4.7721443,0.5,10.369514,1.0,0.0,105.412766,7.300000000000001,0.0,0.0,0.85126215,1.0,0.0,0.0,0.0,0.0,0.0,0.0,1.0,4.8,4.99625,1.0,0.0,0.0,0.8621335,False,False,False,False,False,False,False,False,False,False,False,False,PASS
1902,80,1,0.0,1.0,0.0,1.0,0.13810469,0.0,0.0,0.14370567,8.0,0.0,0.0,1.0,1.0,0.0,0.0,0.0,0.0,0.0,0.0,1.0,5.0,5.0,1.0,1.0,0.84210527,1.0,False,False,False,False,False,False,False,False,False,False,False,False,PASS
1903,80,1,0.0,0.65000004,2.6954398,0.5,6.612157,0.0,0.0,42.91112,4.5,0.5,0.0,0.81071,1.0,0.0,0.0,0.0,0.0,0.0,0.0,1.0,1.9,4.64125,1.0,0.44854847,0.41719872,0.76249707,False,False,False,False,False,False,False,False,False,False,False,False,PASS
1904,80,1,0.0,0.8625,0.0,1.0,3.3353207,1.0,0.0,56.313206,8.0,0.0,0.0,0.8838894,1.0,0.0,0.0,0.0,0.0,0.0,0.0,1.0,5.0,5.0,1.0,0.0,0.0,0.8774726,False,False,False,False,False,False,False,False,False,False,False,False,PASS
1905,80,1,0.0,0.925,0.0,1.0,2.0650795,1.0,0.0,38.42771,5.300000000000001,0.5,0.0,0.95181537,1.0,0.0,0.0,0.0,0.0,0.0,0.0,1.0,4.2000003,4.9587502,1.0,0.0,0.0,0.9437708,False,False,False,False,False,False,False,False,False,False,False,False,PASS
1906,80,1,0.0,0.75,0.0,1.0,15.784667,1.0,0.0,71.73535,7.1000000000000005,0.0,0.0,0.69836944,1.0,0.0,0.0,0.0,0.0,0.0,0.0,1.0,5.0,5.0,1.0,0.0,0.0,0.7138586,False,False,False,False,False,False,False,False,True,False,False,False,PASS
1907,80,1,0.0,0.675,0.0,1.0,13.646121,1.0,0.0,53.07995,6.300000000000001,0.0,0.0,0.6521476,1.0,0.0,0.0,0.0,0.0,0.0,0.0,1.0,5.0,5.0,1.0,0.0,0.0,0.6590033,False,False,False,False,False,False,False,False,True,False,False,False,PASS
1908,80,1,0.0,0.8125,0.0,1.0,12.708562,0.0,0.0,12.9227705,1.6,1.0,0.0,0.7176447,1.0,0.0,0.0,0.0,0.0,0.0,0.0,1.0,5.0,5.0,1.0,0.88832647,0.90595907,0.7461013,False,False,False,False,False,False,False,False,False,False,False,False,PASS
1909,80,1,0.0,0.8875,0.0,1.0,3.2935112,1.0,0.0,49.402733,8.0,0.0,0.0,1.0,1.0,0.0,0.0,0.0,0.0,0.0,0.0,1.0,2.2,4.00375,1.0,0.0,0.0,0.96625006,False,False,False,False,False,False,False,False,False,False,False,False,PASS
1910,49,0,0.0,0.8163265,0.0,1.0,7.0014396,1.0,1.0,36.64273,3.8,0.5,0.0,0.44032168,1.0,0.0,0.0,0.0,0.0,0.0,0.0,1.0,5.0,5.0,1.0,0.0,0.0,0.0,True,False,True,False,False,False,False,True,True,False,True,True,OFFROAD
1911,80,1,0.0,1.0,0.0,1.0,0.25220075,0.0,0.0,0.24083081,8.0,0.0,0.0,1.0,1.0,0.0,0.0,0.0,0.0,0.0,0.0,1.0,5.0,5.0,1.0,1.0,0.84210527,1.0,False,False,False,False,False,False,False,False,False,False,False,False,PASS
1912,80,1,0.0,0.52500004,0.0,1.0,28.451452,1.0,0.0,65.436035,7.7,0.0,0.0,1.0,1.0,0.0,0.0,0.0,0.0,2.227354,8.018475,0.9475066,3.4,4.9462504,1.0,0.0,0.0,0.8575,False,False,False,False,False,False,False,False,False,False,False,False,PASS
1913,80,1,0.0,1.0,7.143545,0.0,5.2929263,1.0,0.0,76.37564,7.0,0.0,0.0,0.8619404,1.0,0.0,0.0,0.0,0.0,0.0,0.0,1.0,5.0,5.0,1.0,0.0,0.0,0.9033583,False,False,False,False,False,False,False,False,False,False,False,False,PASS
1914,80,1,0.0,1.0,0.0,1.0,0.09377057,1.0,0.0,0.093972504,8.0,0.0,0.0,1.0,1.0,0.0,0.0,0.0,0.0,0.0,0.0,1.0,5.0,5.0,1.0,0.0,0.0,1.0,False,False,False,False,False,False,False,False,False,False,False,False,PASS
1915,80,1,0.0,1.0,5.932448,0.5,6.0437064,1.0,0.0,40.42907,6.1000000000000005,0.0,0.0,1.0,1.0,0.0,0.0,0.0,0.0,0.0,0.0,1.0,2.5,4.27375,1.0,0.0,0.0,1.0,False,False,False,False,False,False,False,False,False,False,False,False,PASS
1916,80,1,0.0,1.0,0.0,1.0,3.8943894,1.0,0.0,38.008705,8.0,0.0,0.0,1.0,1.0,0.0,0.0,0.0,0.0,0.0,0.0,1.0,2.0,3.7275002,1.0,0.0,0.0,1.0,False,False,False,False,False,False,False,False,False,False,False,False,PASS
1917,80,1,0.0,0.925,0.0,1.0,2.810185,1.0,0.0,48.844933,7.7,0.0,0.0,0.9120873,1.0,0.0,0.0,0.0,0.0,0.0,0.0,1.0,5.0,5.0,1.0,0.0,0.0,0.9159611,False,False,False,False,False,False,False,False,False,False,False,False,PASS
1918,80,1,0.0,1.0,0.0,1.0,0.14507926,1.0,0.0,0.14353746,8.0,0.0,0.0,1.0,1.0,0.0,0.0,0.0,0.0,0.0,0.0,1.0,5.0,5.0,1.0,0.0,0.0,1.0,False,False,False,False,False,False,False,False,False,False,False,False,PASS
1919,80,1,0.0,1.0,0.0,1.0,0.22223559,0.0,0.0,0.21835679,8.0,0.0,0.0,1.0,1.0,0.0,0.0,0.0,0.0,0.0,0.0,1.0,5.0,5.0,1.0,1.0,0.84210527,1.0,False,False,False,False,False,False,False,False,False,False,False,False,PASS
1920,80,1,0.0,0.6125,0.0,1.0,1.1871057,1.0,0.0,116.21456,7.5,0.0,0.0,0.97295064,1.0,0.0,0.0,0.0,0.0,0.0,0.0,1.0,5.0,5.0,1.0,0.0,0.0,0.86481553,False,False,False,False,False,False,False,False,False,False,False,False,PASS
1921,80,1,0.0,0.85,0.0,1.0,25.50103,1.0,0.0,125.8416,8.0,0.0,0.0,0.787758,1.0,0.0,0.0,0.0,0.0,0.0,0.0,1.0,5.0,5.0,1.0,0.0,0.0,0.80643064,False,False,False,False,False,False,False,False,False,False,False,False,PASS
1922,80,1,0.0,0.6375,0.0,1.0,9.442351,1.0,0.0,118.32283,6.2,0.0,0.0,0.87491834,1.0,0.0,0.0,0.0,0.0,1.8625736,6.705265,0.82313865,5.0,5.0,1.0,0.0,0.0,0.8036928,False,False,False,False,False,False,False,False,False,False,False,False,PASS
1923,80,1,0.0,1.0,0.0,1.0,0.40392166,1.0,0.0,0.66301036,8.0,0.0,0.0,1.0,1.0,0.0,0.0,0.0,0.0,0.0,0.0,1.0,5.0,5.0,1.0,0.0,0.0,1.0,False,False,False,False,False,False,False,False,False,False,False,False,PASS
1924,80,1,0.0,1.0,0.0,1.0,15.612656,1.0,0.0,64.32592,6.5,0.0,0.0,1.0,1.0,0.0,0.0,0.0,0.0,0.71785927,2.5842934,0.92033356,5.0,5.0,1.0,0.0,0.0,1.0,False,False,False,False,False,False,False,False,False,False,False,False,PASS
1925,80,1,0.0,0.8875,0.0,1.0,11.517151,0.0,0.0,114.68783,8.0,0.0,0.0,0.8893501,1.0,0.0,0.0,0.0,0.0,0.0,0.0,1.0,5.0,5.0,1.0,0.9513594,0.8011448,0.8887951,False,False,False,False,False,False,False,False,False,False,False,False,PASS
1926,80,1,0.0,0.52500004,0.0,1.0,11.0726385,1.0,0.0,98.84626,8.0,0.0,0.0,0.8439334,1.0,0.0,0.0,0.0,0.0,0.0,0.0,1.0,2.1000001,4.8025002,1.0,0.0,0.0,0.74825335,False,False,False,False,False,False,False,False,False,False,False,False,PASS
1927,80,1,0.0,1.0,0.0,1.0,4.8101726,1.0,0.0,0.0,0.0,1.0,0.0,1.0,1.0,0.0,0.0,0.0,0.0,0.0,0.0,1.0,5.0,5.0,1.0,0.0,0.0,1.0,False,False,False,False,False,False,False,False,False,False,False,False,PASS
1928,80,1,0.0,0.8875,0.0,1.0,6.3586326,0.0,0.0,141.14893,8.0,0.0,0.0,0.90149367,1.0,0.0,0.0,0.0,0.0,0.0,0.0,1.0,5.0,5.0,1.0,0.95515424,0.8043404,0.8972956,False,False,False,False,False,False,False,False,False,False,False,False,PASS
1929,80,1,0.0,1.0,0.0,1.0,0.04249287,0.0,0.0,0.035863258,8.0,0.0,0.0,1.0,1.0,0.0,0.0,0.0,0.0,0.0,0.0,1.0,5.0,5.0,1.0,1.0,0.84210527,1.0,False,False,False,False,False,False,False,False,False,False,False,False,PASS
1930,80,1,0.0,0.75,0.0,1.0,2.910176,0.0,0.0,150.22833,8.0,0.0,0.0,0.9754451,1.0,0.0,0.0,0.0,0.0,0.0,0.0,1.0,5.0,5.0,1.0,0.9610766,0.80932766,0.9078116,False,False,False,False,False,False,False,False,False,False,False,False,PASS
1931,80,1,0.0,0.7375,0.0,1.0,10.541593,1.0,0.0,120.33638,6.1000000000000005,0.0,0.0,0.83674204,1.0,0.0,0.0,0.0,0.0,2.2540188,8.114468,0.8110541,5.0,5.0,1.0,0.0,0.0,0.80696946,False,False,False,False,False,False,False,False,False,False,False,False,PASS
1932,80,1,0.0,1.0,0.0,1.0,5.393398,1.0,0.0,94.28854,8.0,0.0,0.0,0.8488266,1.0,0.0,0.0,0.0,0.0,0.0,0.0,1.0,5.0,5.0,1.0,0.0,0.0,0.89417857,False,False,False,False,False,False,False,False,False,False,False,False,PASS
1933,80,1,0.0,0.8875,0.0,1.0,12.871012,1.0,0.0,78.812775,8.0,0.0,0.0,0.7259437,1.0,0.0,0.0,0.0,0.0,0.0,0.0,1.0,5.0,5.0,1.0,0.0,0.0,0.7744106,False,False,False,False,False,False,False,False,False,False,False,False,PASS
1934,35,0,0.0,0.71428573,0.0,1.0,1.8026462,1.0,1.0,29.517971,2.4000000000000004,1.0,0.0,0.40136933,1.0,0.0,0.0,0.0,0.0,0.0,0.0,1.0,5.0,5.0,1.0,0.0,0.0,0.0,True,False,True,False,False,False,False,True,True,False,True,True,OFFROAD
1935,80,1,0.0,0.8875,0.0,1.0,18.368229,1.0,0.0,178.73383,8.0,0.0,0.0,0.93778765,1.0,0.0,0.0,0.0,0.0,3.008335,10.830006,0.0,5.0,5.0,1.0,0.0,0.0,0.92270136,False,False,False,False,False,False,False,False,False,False,False,False,PASS
1936,80,1,0.0,1.0,0.0,1.0,0.35598236,1.0,0.0,0.31487092,8.0,0.0,0.0,1.0,1.0,0.0,0.0,0.0,0.0,0.0,0.0,1.0,5.0,5.0,1.0,0.0,0.0,1.0,False,False,False,False,False,False,False,False,False,False,False,False,PASS
1937,80,1,0.0,1.0,0.0,1.0,0.35748082,1.0,0.0,0.3514616,8.0,0.0,0.0,1.0,1.0,0.0,0.0,0.0,0.0,0.0,0.0,1.0,5.0,5.0,1.0,0.0,0.0,1.0,False,False,False,False,False,False,False,False,False,False,False,False,PASS
1938,80,1,0.0,1.0,0.0,1.0,5.7920647,1.0,0.0,33.226418,5.6000000000000005,0.5,0.0,1.0,1.0,0.0,0.0,0.0,0.0,0.0,0.0,1.0,5.0,5.0,1.0,0.0,0.0,1.0,False,False,False,False,False,False,False,False,False,False,False,False,PASS
1939,80,1,0.0,1.0,0.0,1.0,0.055099037,0.0,0.0,0.0,0.0,1.0,0.0,1.0,1.0,0.0,0.0,0.0,0.0,0.0,0.0,1.0,5.0,5.0,1.0,1.0,1.0,1.0,False,False,False,False,False,False,False,False,False,False,False,False,PASS
1940,80,1,0.0,0.85,0.0,1.0,13.906806,1.0,0.0,139.17531,8.0,0.0,0.0,0.7870308,1.0,0.0,0.0,0.0,0.0,1.9489269,7.0161366,0.920458,5.0,5.0,1.0,0.0,0.0,0.80592155,False,False,False,False,False,False,False,False,False,False,False,False,PASS
1941,80,1,0.0,0.95,0.0,1.0,7.948509,1.0,0.0,120.35632,6.2,0.0,0.0,0.8622867,1.0,0.0,0.0,0.0,0.0,3.3015747,11.885669,0.5019941,5.0,5.0,1.0,0.0,0.0,0.88860077,False,False,False,False,False,False,False,False,False,False,False,False,PASS
1942,80,1,0.0,1.0,0.0,1.0,3.458699,1.0,0.0,67.03338,8.0,0.0,0.0,0.86816466,1.0,0.0,0.0,0.0,0.0,0.0,0.0,1.0,5.0,5.0,1.0,0.0,0.0,0.90771526,False,False,False,False,False,False,False,False,False,False,False,False,PASS
1943,21,0,1.0,0.5714286,0.0,1.0,0.75567764,0.0,0.0,15.078585,2.1,1.0,1.0,0.23671795,1.0,0.0,0.0,0.0,0.0,0.0,0.0,1.0,4.0,4.6952386,1.0,0.0,0.0,0.0,True,True,False,True,False,True,False,True,True,False,True,True,OVERLAP+AT_FAULT
1944,80,1,0.0,0.9125,0.0,1.0,0.61091125,1.0,0.0,2.1706815,8.0,0.0,0.0,1.0,1.0,0.0,0.0,0.0,0.0,0.0,0.0,1.0,5.0,5.0,1.0,0.0,0.0,0.97375005,False,False,False,False,False,False,False,False,False,False,False,False,PASS
1945,1,0,1.0,1.0,0.0,1.0,0.002782638,1.0,0.0,0.0,0.0,1.0,1.0,0.0,0.0,0.0,0.0,0.0,0.0,0.0,0.0,1.0,5.0,5.0,1.0,0.0,0.0,0.0,True,True,False,True,False,True,False,True,True,False,True,True,OVERLAP+AT_FAULT
1946,80,1,0.0,0.925,0.0,1.0,14.061625,0.0,0.0,0.0,0.0,1.0,0.0,0.7614677,1.0,0.0,0.0,0.0,0.0,0.0,0.0,1.0,5.0,5.0,1.0,0.9160837,0.9293336,0.81052744,False,False,False,False,False,False,False,False,False,False,False,False,PASS
1947,80,1,0.0,1.0,0.0,1.0,10.2354765,0.0,0.0,0.0,0.0,1.0,0.0,0.8250507,1.0,0.0,0.0,0.0,0.0,0.0,0.0,1.0,5.0,5.0,1.0,0.94532835,0.9539607,0.87753546,False,False,False,False,False,False,False,False,False,False,False,False,PASS
1948,80,1,0.0,1.0,0.0,1.0,9.4318495,1.0,0.0,55.63067,8.0,0.0,0.0,0.73879915,1.0,0.0,0.0,0.0,0.0,0.0,0.0,1.0,5.0,5.0,1.0,0.0,0.0,0.8171595,False,False,False,False,False,False,False,False,False,False,False,False,PASS
1949,80,1,0.0,0.85,0.0,1.0,12.179963,0.0,0.0,140.39856,8.0,0.0,0.0,0.8107051,1.0,0.0,0.0,0.0,0.0,1.3994465,5.0380073,0.95669085,5.0,5.0,1.0,0.91126806,0.76738364,0.82249355,False,False,False,False,False,False,False,False,False,False,False,False,PASS
1950,80,1,0.0,0.875,0.0,1.0,10.749175,0.0,0.0,114.817085,8.0,0.0,0.0,0.82045037,1.0,0.0,0.0,0.0,0.0,0.0,0.0,1.0,5.0,5.0,1.0,0.92826575,0.78169745,0.8368153,False,False,False,False,False,False,False,False,False,False,False,False,PASS
1951,80,1,0.0,0.95,0.0,1.0,1.0162019,1.0,0.0,42.205162,8.0,0.0,0.0,0.9888797,1.0,0.0,0.0,0.0,0.0,0.0,0.0,1.0,5.0,5.0,1.0,0.0,0.0,0.97721577,False,False,False,False,False,False,False,False,False,False,False,False,PASS
1952,80,1,0.0,0.8875,0.0,1.0,2.890136,1.0,0.0,61.78315,8.0,0.0,0.0,0.9733414,1.0,0.0,0.0,0.0,0.0,0.0,0.0,1.0,5.0,5.0,1.0,0.0,0.0,0.9475889,False,False,False,False,False,False,False,False,False,False,False,False,PASS
1953,80,1,0.0,1.0,0.0,1.0,10.176277,1.0,0.0,0.0,0.0,1.0,0.0,0.7820055,1.0,0.0,0.0,0.0,0.0,0.0,0.0,1.0,4.4,4.9925,1.0,0.0,0.0,0.84740394,False,False,False,False,False,False,False,False,False,False,False,False,PASS
1954,80,1,0.0,0.925,23.176525,0.0,7.205678,1.0,0.0,43.094368,4.800000000000001,0.5,0.0,0.79150116,1.0,0.0,0.0,0.0,0.0,0.0,0.0,1.0,5.0,5.0,1.0,0.0,0.0,0.8315508,False,False,False,False,False,False,False,False,False,False,False,False,PASS
1955,80,1,0.0,0.8875,0.0,1.0,10.220881,1.0,0.0,162.53165,8.0,0.0,0.0,0.8497529,1.0,0.0,0.0,0.0,0.0,3.9222145,14.119972,0.50156736,4.0,4.9875,1.0,0.0,0.0,0.861077,False,False,False,False,False,False,False,False,False,False,False,False,PASS
1956,80,1,0.0,0.875,0.0,1.0,22.186335,1.0,0.0,63.033524,8.0,0.0,0.0,0.5282906,1.0,0.0,0.0,0.0,0.0,0.0,0.0,1.0,2.9,4.9212503,1.0,0.0,0.0,0.6323034,False,False,False,False,False,False,False,False,True,False,False,False,PASS
1957,80,1,0.0,1.0,0.0,1.0,7.2468734,1.0,0.0,46.80121,7.1000000000000005,0.0,0.0,1.0,1.0,0.0,0.0,0.0,0.0,0.0,0.0,1.0,5.0,5.0,1.0,0.0,0.0,1.0,False,False,False,False,False,False,False,False,False,False,False,False,PASS
1958,80,1,0.0,1.0,0.0,1.0,3.2966576,1.0,0.0,34.226456,8.0,0.0,0.0,1.0,1.0,0.0,0.0,0.0,0.0,0.0,0.0,1.0,3.7,4.84375,1.0,0.0,0.0,1.0,False,False,False,False,False,False,False,False,False,False,False,False,PASS
1959,80,1,0.0,1.0,0.0,1.0,0.23038988,1.0,0.0,0.2170206,8.0,0.0,0.0,1.0,1.0,0.0,0.0,0.0,0.0,0.0,0.0,1.0,5.0,5.0,1.0,0.0,0.0,1.0,False,False,False,False,False,False,False,False,False,False,False,False,PASS
1960,80,1,0.0,1.0,0.0,1.0,1.425865,1.0,0.0,22.134129,3.4000000000000004,0.5,0.0,1.0,1.0,0.0,0.0,0.0,0.0,0.0,0.0,1.0,5.0,5.0,1.0,0.0,0.0,1.0,False,False,False,False,False,False,False,False,False,False,False,False,PASS
1961,80,1,0.0,0.6875,0.0,1.0,5.6964135,0.0,0.0,160.01517,8.0,0.0,0.0,0.9128602,1.0,0.0,0.0,0.0,0.0,1.5792656,5.685356,0.79772866,5.0,5.0,1.0,0.8831384,0.7436955,0.84525216,False,False,False,False,False,False,False,False,False,False,False,False,PASS
1962,80,1,0.0,0.875,0.0,1.0,12.285665,1.0,0.0,105.94232,5.300000000000001,0.5,0.0,0.8142566,1.0,0.0,0.0,0.0,0.0,2.8749733,10.349904,0.78355145,5.0,5.0,1.0,0.0,0.0,0.83247966,False,False,False,False,False,False,False,False,False,False,False,False,PASS
1963,80,1,0.0,0.85,0.0,1.0,10.785585,0.0,0.0,160.17673,8.0,0.0,0.0,0.83840287,1.0,0.0,0.0,0.0,0.0,3.5630913,12.827128,0.6126664,5.0,5.0,1.0,0.8339175,0.7022463,0.84188205,False,False,False,False,False,False,False,False,False,False,False,False,PASS
1964,80,1,0.0,1.0,0.0,1.0,2.025802,1.0,0.0,38.661015,5.4,0.5,0.0,0.99999994,1.0,0.0,0.0,0.0,0.0,0.0,0.0,1.0,5.0,5.0,1.0,0.0,0.0,1.0,False,False,False,False,False,False,False,False,False,False,False,False,PASS
1965,80,1,0.0,1.0,0.0,1.0,0.20502058,0.0,0.0,0.20273021,8.0,0.0,0.0,1.0,1.0,0.0,0.0,0.0,0.0,0.0,0.0,1.0,5.0,5.0,1.0,1.0,0.84210527,1.0,False,False,False,False,False,False,False,False,False,False,False,False,PASS
1966,80,1,0.0,1.0,0.0,1.0,0.36717257,1.0,0.0,0.3448025,8.0,0.0,0.0,1.0,1.0,0.0,0.0,0.0,0.0,0.0,0.0,1.0,5.0,5.0,1.0,0.0,0.0,1.0,False,False,False,False,False,False,False,False,False,False,False,False,PASS
1967,80,1,0.0,1.0,0.0,1.0,4.1212306,0.0,0.0,9.724812,8.0,0.0,0.0,1.0,1.0,0.0,0.0,0.0,0.0,0.0,0.0,1.0,5.0,5.0,1.0,1.0,0.84210527,1.0,False,False,False,False,False,False,False,False,False,False,False,False,PASS
1968,80,1,0.0,0.8875,0.0,1.0,4.9044657,1.0,0.0,33.172447,4.2,0.5,0.0,0.90738666,1.0,0.0,0.0,0.0,0.0,0.0,0.0,1.0,5.0,5.0,1.0,0.0,0.0,0.9014206,False,False,False,False,False,False,False,False,False,False,False,False,PASS
1969,80,1,0.0,0.925,0.0,1.0,6.8313684,1.0,0.0,65.965416,8.0,0.0,0.0,0.8227132,1.0,0.0,0.0,0.0,0.0,0.0,0.0,1.0,5.0,5.0,1.0,0.0,0.0,0.8533993,False,False,False,False,False,False,False,False,False,False,False,False,PASS
1970,80,1,0.0,0.83750004,1.4500868,1.0,5.6677437,1.0,0.0,60.87742,7.7,0.0,0.0,1.0,1.0,0.0,0.0,0.0,0.0,0.0,0.0,1.0,4.9,4.99875,1.0,0.0,0.0,0.95125,False,False,False,False,False,False,False,False,False,False,False,False,PASS
1971,80,1,0.0,0.8625,0.0,1.0,12.862289,1.0,0.0,144.07184,7.7,0.0,0.0,0.811294,1.0,0.0,0.0,0.0,0.0,2.843422,10.236319,0.788251,5.0,5.0,1.0,0.0,0.0,0.8266558,False,False,False,False,False,False,False,False,False,False,False,False,PASS
1972,80,1,0.0,1.0,0.0,1.0,4.0796413,0.0,0.0,9.575307,8.0,0.0,0.0,1.0,1.0,0.0,0.0,0.0,0.0,0.0,0.0,1.0,5.0,5.0,1.0,1.0,0.84210527,1.0,False,False,False,False,False,False,False,False,False,False,False,False,PASS
1973,80,1,0.0,1.0,0.0,1.0,10.38619,1.0,0.0,1.3087257,0.1,1.0,0.0,0.7610674,1.0,0.0,0.0,0.0,0.0,0.0,0.0,1.0,5.0,5.0,1.0,0.0,0.0,0.83274716,False,False,False,False,False,False,False,False,False,False,False,False,PASS
1974,80,1,0.0,1.0,0.0,1.0,7.991113,0.0,0.0,34.588257,7.4,0.0,0.0,1.0,1.0,0.0,0.0,0.0,0.0,0.0,0.0,1.0,1.6,4.4175,1.0,1.0,0.84210527,1.0,False,False,False,False,False,False,False,False,False,False,False,False,PASS
1975,80,1,0.0,0.7,0.0,1.0,10.198842,1.0,0.0,159.0957,8.0,0.0,0.0,0.8506075,1.0,0.0,0.0,0.0,0.0,3.1736546,11.425156,0.65261066,5.0,5.0,1.0,0.0,0.0,0.8054253,False,False,False,False,False,False,False,False,False,False,False,False,PASS
1976,80,1,0.0,0.7375,0.0,1.0,3.6234689,1.0,0.0,51.643036,6.4,0.0,0.0,0.8933747,1.0,0.0,0.0,0.0,0.0,0.0,0.0,1.0,3.2,4.85125,1.0,0.0,0.0,0.8466124,False,False,False,False,False,False,False,False,False,False,False,False,PASS
1977,80,1,0.0,0.8125,0.0,1.0,8.93514,1.0,0.0,17.417336,1.5,1.0,0.0,0.7914613,1.0,0.0,0.0,0.0,0.0,0.0,0.0,1.0,5.0,5.0,1.0,0.0,0.0,0.7977729,False,False,False,False,False,False,False,False,False,False,False,False,PASS
1978,80,1,0.0,0.8875,0.0,1.0,13.23526,1.0,0.0,60.95639,5.9,0.0,0.0,0.71371526,1.0,0.0,0.0,0.0,0.0,0.0,0.0,1.0,5.0,5.0,1.0,0.0,0.0,0.7658507,False,False,False,False,False,False,False,False,False,False,False,False,PASS
1979,68,0,1.0,0.7794118,0.0,1.0,7.515902,1.0,0.0,12.706932,0.7000000000000001,1.0,1.0,0.7283015,1.0,0.0,0.0,0.0,0.0,0.27891922,1.0041091,0.99596655,0.0,4.9264708,0.0,0.0,0.0,0.0,True,True,False,True,False,True,False,False,False,False,True,True,OVERLAP+AT_FAULT
1980,80,1,0.0,1.0,0.0,1.0,4.599554,1.0,0.0,39.989613,5.9,0.0,0.0,1.0,1.0,0.0,0.0,0.0,0.0,0.0,0.0,1.0,5.0,5.0,1.0,0.0,0.0,1.0,False,False,False,False,False,False,False,False,False,False,False,False,PASS
1981,80,1,0.0,0.7,0.0,1.0,1.7840141,1.0,0.0,79.80771,8.0,0.0,0.0,1.0,1.0,0.0,0.0,0.0,0.0,1.0240784,3.686682,0.9691554,1.7,4.8625,1.0,0.0,0.0,0.91,False,False,False,False,False,False,False,False,False,False,False,False,PASS
1982,80,1,0.0,1.0,0.0,1.0,11.054843,0.0,0.0,0.0,0.0,1.0,0.0,0.8272279,1.0,0.0,0.0,0.0,0.0,0.0,0.0,1.0,5.0,5.0,1.0,0.9460087,0.95453364,0.8790595,False,False,False,False,False,False,False,False,False,False,False,False,PASS
1983,80,1,0.0,1.0,0.0,1.0,1.4288393,1.0,0.0,7.5392075,8.0,0.0,0.0,0.9118331,1.0,0.0,0.0,0.0,0.0,0.0,0.0,1.0,5.0,5.0,1.0,0.0,0.0,0.93828315,False,False,False,False,False,False,False,False,False,False,False,False,PASS
1984,80,1,0.0,1.0,0.0,1.0,12.206344,1.0,0.0,51.463524,8.0,0.0,0.0,1.0,1.0,0.0,0.0,0.0,0.0,0.0,0.0,1.0,5.0,5.0,1.0,0.0,0.0,1.0,False,False,False,False,False,False,False,False,False,False,False,False,PASS
1985,80,1,0.0,1.0,0.0,1.0,3.1024058,1.0,0.0,102.30976,8.0,0.0,0.0,0.9293632,1.0,0.0,0.0,0.0,0.0,0.0,0.0,1.0,5.0,5.0,1.0,0.0,0.0,0.9505543,False,False,False,False,False,False,False,False,False,False,False,False,PASS
1986,80,1,0.0,1.0,0.0,1.0,0.261543,1.0,0.0,0.24757874,8.0,0.0,0.0,1.0,1.0,0.0,0.0,0.0,0.0,0.0,0.0,1.0,5.0,5.0,1.0,0.0,0.0,1.0,False,False,False,False,False,False,False,False,False,False,False,False,PASS
1987,80,1,0.0,1.0,0.0,1.0,0.09211208,1.0,0.0,0.10699938,8.0,0.0,0.0,1.0,1.0,0.0,0.0,0.0,0.0,0.0,0.0,1.0,5.0,5.0,1.0,0.0,0.0,1.0,False,False,False,False,False,False,False,False,False,False,False,False,PASS
1988,80,1,0.0,0.8875,0.0,1.0,8.533812,1.0,0.0,81.37349,5.9,0.0,0.0,0.83466977,1.0,0.0,0.0,0.0,0.0,0.0,0.0,1.0,5.0,5.0,1.0,0.0,0.0,0.8505188,False,False,False,False,False,False,False,False,False,False,False,False,PASS
1989,80,1,0.0,0.8875,0.0,1.0,9.64785,0.0,0.0,150.30406,7.4,0.0,0.0,0.8499421,1.0,0.0,0.0,0.0,0.0,3.387497,12.194988,0.5946812,5.0,5.0,1.0,0.8377147,0.7054439,0.8612095,False,False,False,False,False,False,False,False,False,False,False,False,PASS
1990,80,1,0.0,0.8125,0.0,1.0,14.80421,1.0,0.0,112.83574,6.6000000000000005,0.0,0.0,0.79842204,1.0,0.0,0.0,0.0,0.0,0.67129517,2.4166625,0.99153876,5.0,5.0,1.0,0.0,0.0,0.8026455,False,False,False,False,False,False,False,False,False,False,False,False,PASS
1991,80,1,0.0,0.8,0.0,1.0,12.237427,1.0,0.0,151.51724,7.9,0.0,0.0,0.8127306,1.0,0.0,0.0,0.0,0.0,3.3670654,12.121435,0.710482,5.0,5.0,1.0,0.0,0.0,0.80891144,False,False,False,False,False,False,False,False,False,False,False,False,PASS
1992,80,1,0.0,1.0,0.0,1.0,1.0231211,1.0,0.0,1.5670791,8.0,0.0,0.0,1.0,1.0,0.0,0.0,0.0,0.0,0.0,0.0,1.0,5.0,5.0,1.0,0.0,0.0,1.0,False,False,False,False,False,False,False,False,False,False,False,False,PASS
1993,80,1,0.0,0.8875,0.0,1.0,10.418034,1.0,0.0,31.743793,7.4,0.0,0.0,1.0,1.0,0.0,0.0,0.0,0.0,0.0,0.0,1.0,5.0,5.0,1.0,0.0,0.0,0.96625006,False,False,False,False,False,False,False,False,False,False,False,False,PASS
1994,72,0,1.0,0.8611111,0.0,1.0,2.473682,1.0,0.0,43.84479,7.2,0.0,1.0,0.91796154,1.0,0.0,0.0,0.0,0.0,0.0,0.0,1.0,0.0,4.809722,0.0,0.0,0.0,0.0,True,True,False,True,False,True,False,False,False,False,True,True,OVERLAP+AT_FAULT
1995,80,1,0.0,0.83750004,0.0,1.0,24.065857,1.0,0.0,123.094124,8.0,0.0,0.0,0.6759409,1.0,0.0,0.0,0.0,0.0,1.9558239,7.040966,0.94695157,5.0,5.0,1.0,0.0,0.0,0.7244086,False,False,False,False,False,False,False,False,True,False,False,False,PASS
1996,80,1,0.0,1.0,0.0,1.0,2.4031513,1.0,0.0,0.0,0.0,1.0,0.0,0.91309816,1.0,0.0,0.0,0.0,0.0,0.0,0.0,1.0,5.0,5.0,1.0,0.0,0.0,0.93916875,False,False,False,False,False,False,False,False,False,False,False,False,PASS
1997,80,1,0.0,0.8875,0.0,1.0,9.042317,1.0,0.0,34.57666,2.2,1.0,0.0,0.83723384,1.0,0.0,0.0,0.0,0.0,0.0,0.0,1.0,5.0,5.0,1.0,0.0,0.0,0.85231364,False,False,False,False,False,False,False,False,False,False,False,False,PASS
1998,80,1,0.0,0.71250004,0.0,1.0,6.088379,1.0,0.0,152.35611,8.0,0.0,0.0,0.9297277,1.0,0.0,0.0,0.0,0.0,2.142973,7.7147026,0.8807009,5.0,5.0,1.0,0.0,0.0,0.86455935,False,False,False,False,False,False,False,False,False,False,False,False,PASS
1999,80,1,0.0,0.4625,2.49495,0.5,13.666776,1.0,0.0,65.08118,8.0,0.0,0.0,0.65005565,1.0,0.0,0.0,0.0,0.0,0.0,0.0,1.0,2.4,4.8075004,1.0,0.0,0.0,0.5937889,False,False,False,False,False,False,False,False,True,True,False,False,LOW_COMFORT
2000,80,1,0.0,0.8125,0.0,1.0,6.7908845,1.0,0.0,123.25499,6.6000000000000005,0.0,0.0,0.8735517,1.0,0.0,0.0,0.0,0.0,1.4394779,5.1821203,0.8275242,5.0,5.0,1.0,0.0,0.0,0.85523623,False,False,False,False,False,False,False,False,False,False,False,False,PASS
2001,80,1,0.0,0.925,0.0,1.0,17.123173,1.0,0.0,88.43912,7.5,0.0,0.0,0.6731459,1.0,0.0,0.0,0.0,0.0,0.0,0.0,1.0,3.4,4.90875,1.0,0.0,0.0,0.74870217,False,False,False,False,False,False,False,False,True,False,False,False,PASS
2002,80,1,0.0,0.8875,0.0,1.0,11.277419,1.0,0.0,71.78176,4.3,0.5,0.0,0.83465755,1.0,0.0,0.0,0.0,0.0,0.0,0.0,1.0,5.0,5.0,1.0,0.0,0.0,0.85051024,False,False,False,False,False,False,False,False,False,False,False,False,PASS
2003,80,1,0.0,1.0,0.0,1.0,0.3191628,1.0,0.0,0.31634367,8.0,0.0,0.0,1.0,1.0,0.0,0.0,0.0,0.0,0.0,0.0,1.0,5.0,5.0,1.0,0.0,0.0,1.0,False,False,False,False,False,False,False,False,False,False,False,False,PASS
2004,80,1,0.0,0.8,0.0,1.0,6.7448373,0.0,0.0,84.350945,4.4,0.5,0.0,0.8998892,1.0,0.0,0.0,0.0,0.0,1.145628,4.1242604,0.9440454,5.0,5.0,1.0,0.9297267,0.8618751,0.86992246,False,False,False,False,False,False,False,False,False,False,False,False,PASS
2005,80,1,0.0,0.8875,0.0,1.0,6.011972,0.0,0.0,20.970543,3.2,1.5,0.0,0.7675201,1.0,0.0,0.0,0.0,0.0,0.0,0.0,1.0,5.0,5.0,1.0,0.9132875,1.0059264,0.8035141,False,False,False,False,False,False,False,False,False,False,False,False,PASS
2006,80,1,0.0,1.0,0.0,1.0,3.2789116,0.0,0.0,59.874706,8.0,0.0,0.0,0.90238243,1.0,0.0,0.0,0.0,0.0,0.0,0.0,1.0,5.0,5.0,1.0,0.9694945,0.81641644,0.93166775,False,False,False,False,False,False,False,False,False,False,False,False,PASS
2007,80,1,0.0,0.8875,0.0,1.0,9.957743,1.0,0.0,59.018406,8.0,0.0,0.0,0.7148487,1.0,0.0,0.0,0.0,0.0,0.0,0.0,1.0,2.7,4.59125,1.0,0.0,0.0,0.7666441,False,False,False,False,False,False,False,False,False,False,False,False,PASS
2008,80,1,0.0,1.0,0.0,1.0,10.423877,1.0,0.0,99.14182,8.0,0.0,0.0,0.75978804,1.0,0.0,0.0,0.0,0.0,0.0,0.0,1.0,5.0,5.0,1.0,0.0,0.0,0.8318516,False,False,False,False,False,False,False,False,False,False,False,False,PASS
2009,80,1,0.0,0.8875,0.0,1.0,8.599399,1.0,0.0,108.31596,6.300000000000001,0.0,0.0,0.8501235,1.0,0.0,0.0,0.0,0.0,0.0,0.0,1.0,5.0,5.0,1.0,0.0,0.0,0.8613365,False,False,False,False,False,False,False,False,False,False,False,False,PASS
2010,80,1,0.0,1.0,0.0,1.0,7.628769,0.0,0.0,13.334599,1.0,1.0,0.0,0.8432981,1.0,0.0,0.0,0.0,0.0,0.0,0.0,1.0,5.0,5.0,1.0,0.9510306,0.95876265,0.8903087,False,False,False,False,False,False,False,False,False,False,False,False,PASS
2011,80,1,0.0,1.0,0.0,1.0,4.736032,0.0,0.0,43.873734,7.0,0.0,0.0,1.0,1.0,0.0,0.0,0.0,0.0,0.0,0.0,1.0,5.0,5.0,1.0,1.0,0.84210527,1.0,False,False,False,False,False,False,False,False,False,False,False,False,PASS
2012,80,1,0.0,1.0,0.0,1.0,5.023089,0.0,0.0,32.61392,4.7,0.5,0.0,0.8492479,1.0,0.0,0.0,0.0,0.0,0.0,0.0,1.0,5.0,5.0,1.0,0.9528899,0.881381,0.8944735,False,False,False,False,False,False,False,False,False,False,False,False,PASS
2013,80,1,0.0,0.5375,0.0,1.0,4.137391,0.0,0.0,139.15268,8.0,0.0,0.0,0.91204554,1.0,0.0,0.0,0.0,0.0,0.0,0.0,1.0,5.0,5.0,1.0,0.91470176,0.7702752,0.7996819,False,False,False,False,False,False,False,False,False,False,False,False,PASS
2014,80,1,0.0,1.0,0.0,1.0,10.415435,1.0,0.0,61.447502,8.0,0.0,0.0,0.7504068,1.0,0.0,0.0,0.0,0.0,0.0,0.0,1.0,5.0,5.0,1.0,0.0,0.0,0.8252848,False,False,False,False,False,False,False,False,False,False,False,False,PASS
2015,80,1,0.0,1.0,0.0,1.0,0.08682719,1.0,0.0,0.057238065,8.0,0.0,0.0,1.0,1.0,0.0,0.0,0.0,0.0,0.0,0.0,1.0,5.0,5.0,1.0,0.0,0.0,1.0,False,False,False,False,False,False,False,False,False,False,False,False,PASS
2016,80,1,0.0,0.825,0.0,1.0,11.456297,0.0,0.0,45.898846,8.0,0.0,0.0,1.0,1.0,0.0,0.0,0.0,0.0,0.0,0.0,1.0,2.4,4.9675,1.0,0.978125,0.8236842,0.94750005,False,False,False,False,False,False,False,False,False,False,False,False,PASS
2017,80,1,0.0,1.0,0.0,1.0,0.086487554,0.0,0.0,0.12831436,8.0,0.0,0.0,1.0,1.0,0.0,0.0,0.0,0.0,0.0,0.0,1.0,5.0,5.0,1.0,1.0,0.84210527,1.0,False,False,False,False,False,False,False,False,False,False,False,False,PASS
2018,80,1,0.0,1.0,0.0,1.0,0.1190262,1.0,0.0,0.10660733,8.0,0.0,0.0,1.0,1.0,0.0,0.0,0.0,0.0,0.0,0.0,1.0,5.0,5.0,1.0,0.0,0.0,1.0,False,False,False,False,False,False,False,False,False,False,False,False,PASS
2019,80,1,0.0,0.8875,0.0,1.0,15.757425,1.0,0.0,1.5438685,0.1,1.0,0.0,0.73390645,1.0,0.0,0.0,0.0,0.0,0.0,0.0,1.0,5.0,5.0,1.0,0.0,0.0,0.77998453,False,False,False,False,False,False,False,False,False,False,False,False,PASS
2020,80,1,0.0,0.9125,0.0,1.0,20.950697,1.0,0.0,115.58746,8.0,0.0,0.0,0.6792093,1.0,0.0,0.0,0.0,0.0,0.044654846,0.16075744,0.9997465,5.0,5.0,1.0,0.0,0.0,0.7491965,False,False,False,False,False,False,False,False,True,False,False,False,PASS
2021,2,0,1.0,1.0,0.0,1.0,0.0036315918,1.0,0.0,0.00039799392,0.2,1.0,1.0,1.0,1.0,0.0,0.0,0.0,0.0,0.0,0.0,1.0,5.0,5.0,1.0,0.0,0.0,0.0,True,True,False,True,False,True,False,False,False,False,True,True,OVERLAP+AT_FAULT
2022,80,1,0.0,1.0,0.0,1.0,13.180995,1.0,0.0,23.509953,1.7000000000000002,1.0,0.0,0.71601886,1.0,0.0,0.0,0.0,0.0,0.0,0.0,1.0,5.0,5.0,1.0,0.0,0.0,0.80121326,False,False,False,False,False,False,False,False,False,False,False,False,PASS
2023,80,1,0.0,0.8875,0.0,1.0,2.0493515,0.0,0.0,78.24351,8.0,0.0,0.0,1.0,1.0,0.0,0.0,0.0,0.0,0.0,0.0,1.0,2.5,4.44125,1.0,0.9859375,0.83026314,0.96625006,False,False,False,False,False,False,False,False,False,False,False,False,PASS
2024,80,1,0.0,1.0,0.0,1.0,0.052680146,1.0,0.0,0.0,0.0,1.0,0.0,1.0,1.0,0.0,0.0,0.0,0.0,0.0,0.0,1.0,5.0,5.0,1.0,0.0,0.0,1.0,False,False,False,False,False,False,False,False,False,False,False,False,PASS
2025,80,1,0.0,0.6375,0.0,1.0,6.227861,1.0,0.0,136.44055,8.0,0.0,0.0,0.89951986,1.0,0.0,0.0,0.0,0.0,0.0,0.0,1.0,5.0,5.0,1.0,0.0,0.0,0.8209139,False,False,False,False,False,False,False,False,False,False,False,False,PASS
2026,80,1,0.0,0.925,0.0,1.0,8.108869,1.0,0.0,18.979343,2.4000000000000004,1.0,0.0,0.71821815,1.0,0.0,0.0,0.0,0.0,0.0,0.0,1.0,5.0,5.0,1.0,0.0,0.0,0.7802527,False,False,False,False,False,False,False,False,False,False,False,False,PASS
2027,80,1,0.0,0.6625,0.0,1.0,12.5238285,0.0,0.0,88.78249,5.0,0.5,0.0,0.799177,1.0,0.0,0.0,0.0,0.0,0.7199669,2.5918808,0.98418933,1.5,4.755,1.0,0.8911026,0.8293496,0.7581739,False,False,False,False,False,False,False,False,False,False,False,False,PASS
2028,80,1,0.0,0.90000004,0.0,1.0,5.7706447,1.0,0.0,9.59272,8.0,0.0,0.0,1.0,1.0,0.0,0.0,0.0,0.0,0.0,0.0,1.0,5.0,5.0,1.0,0.0,0.0,0.96999997,False,False,False,False,False,False,False,False,False,False,False,False,PASS
2029,80,1,0.0,0.875,0.0,1.0,14.326738,1.0,0.0,129.38474,7.9,0.0,0.0,0.76881933,1.0,0.0,0.0,0.0,0.0,0.3478222,1.2521598,0.9944471,5.0,5.0,1.0,0.0,0.0,0.8006735,False,False,False,False,False,False,False,False,False,False,False,False,PASS
2030,80,1,0.0,0.6125,0.0,1.0,10.190454,1.0,0.0,158.96823,8.0,0.0,0.0,0.8371371,1.0,0.0,0.0,0.0,0.0,3.438612,12.379003,0.5782634,5.0,5.0,1.0,0.0,0.0,0.769746,False,False,False,False,False,False,False,False,False,False,False,False,PASS
2031,80,1,0.0,0.8875,0.0,1.0,9.077922,1.0,0.0,80.91217,4.800000000000001,0.5,0.0,0.83670175,1.0,0.0,0.0,0.0,0.0,0.0,0.0,1.0,5.0,5.0,1.0,0.0,0.0,0.8519412,False,False,False,False,False,False,False,False,False,False,False,False,PASS
2032,80,1,0.0,1.0,0.0,1.0,0.8133187,0.0,0.0,68.293304,8.0,0.0,0.0,1.0,1.0,0.0,0.0,0.0,0.0,0.0,0.0,1.0,5.0,5.0,1.0,1.0,0.84210527,1.0,False,False,False,False,False,False,False,False,False,False,False,False,PASS
2033,80,1,0.0,1.0,0.0,1.0,0.0020397871,0.0,0.0,0.010500067,8.0,0.0,0.0,1.0,1.0,0.0,0.0,0.0,0.0,0.0,0.0,1.0,5.0,5.0,1.0,1.0,0.84210527,1.0,False,False,False,False,False,False,False,False,False,False,False,False,PASS
2034,80,1,0.0,1.0,0.0,1.0,4.9774866,1.0,0.0,36.3297,5.0,0.5,0.0,0.8332875,1.0,0.0,0.0,0.0,0.0,0.0,0.0,1.0,5.0,5.0,1.0,0.0,0.0,0.88330126,False,False,False,False,False,False,False,False,False,False,False,False,PASS
2035,80,1,0.0,1.0,0.0,1.0,8.044475,1.0,0.0,44.003357,8.0,0.0,0.0,0.9993284,1.0,0.0,0.0,0.0,0.0,0.0,0.0,1.0,5.0,5.0,1.0,0.0,0.0,0.99952984,False,False,False,False,False,False,False,False,False,False,False,False,PASS
2036,80,1,0.0,0.8875,0.0,1.0,10.094583,1.0,0.0,49.28576,3.0,1.0,0.0,0.82588404,1.0,0.0,0.0,0.0,0.0,0.0,0.0,1.0,5.0,5.0,1.0,0.0,0.0,0.8443689,False,False,False,False,False,False,False,False,False,False,False,False,PASS
2037,1,0,1.0,1.0,0.0,1.0,0.009156596,1.0,0.0,0.018531376,0.1,1.0,1.0,1.0,1.0,0.0,0.0,0.0,0.0,0.0,0.0,1.0,5.0,5.0,1.0,0.0,0.0,0.0,True,True,False,True,False,True,False,False,False,False,True,True,OVERLAP+AT_FAULT
2038,80,1,0.0,1.0,0.0,1.0,0.10274788,0.0,0.0,0.0,0.0,1.0,0.0,1.0,1.0,0.0,0.0,0.0,0.0,0.0,0.0,1.0,5.0,5.0,1.0,1.0,1.0,1.0,False,False,False,False,False,False,False,False,False,False,False,False,PASS
2039,38,0,0.0,1.0,0.0,1.0,1.547324,1.0,1.0,7.6808457,1.8,1.0,0.0,0.5064585,1.0,0.0,0.0,0.0,0.0,0.0,0.0,1.0,5.0,5.0,1.0,0.0,0.0,0.0,True,False,True,False,False,False,False,False,True,False,True,True,OFFROAD
2040,80,1,0.0,0.8,0.0,1.0,12.802577,0.0,0.0,46.766827,2.1,1.0,0.0,0.81206536,1.0,0.0,0.0,0.0,0.0,3.3072758,11.906193,0.71968913,5.0,5.0,1.0,0.8461927,0.8704781,0.80844575,False,False,False,False,False,False,False,False,False,False,False,False,PASS
2041,80,1,0.0,0.925,0.0,1.0,7.5097313,1.0,0.0,138.82492,7.4,0.0,0.0,0.8595758,1.0,0.0,0.0,0.0,0.0,2.0618515,7.422665,0.8246771,5.0,5.0,1.0,0.0,0.0,0.879203,False,False,False,False,False,False,False,False,False,False,False,False,PASS
2042,80,1,0.0,1.0,0.0,1.0,0.32269058,1.0,0.0,0.29171306,8.0,0.0,0.0,1.0,1.0,0.0,0.0,0.0,0.0,0.0,0.0,1.0,5.0,5.0,1.0,0.0,0.0,1.0,False,False,False,False,False,False,False,False,False,False,False,False,PASS
2043,80,1,0.0,1.0,0.0,1.0,12.471225,1.0,0.0,90.52289,8.0,0.0,0.0,0.7179278,1.0,0.0,0.0,0.0,0.0,0.0,0.0,1.0,5.0,5.0,1.0,0.0,0.0,0.8025495,False,False,False,False,False,False,False,False,False,False,False,False,PASS
2044,80,1,0.0,0.825,0.0,1.0,11.2371435,1.0,0.0,114.9975,7.1000000000000005,0.0,0.0,0.8117575,1.0,0.0,0.0,0.0,0.0,0.0,0.0,1.0,5.0,5.0,1.0,0.0,0.0,0.8157303,False,False,False,False,False,False,False,False,False,False,False,False,PASS
2045,80,1,0.0,0.675,0.0,1.0,22.861908,1.0,0.0,103.28635,6.7,0.0,0.0,0.66252834,1.0,0.0,0.0,0.0,0.0,1.7092686,6.1533666,0.9589388,0.4,4.5837502,0.0,0.0,0.0,0.66626984,False,False,False,False,False,False,False,False,True,False,False,False,PASS
2046,80,1,0.0,0.925,0.0,1.0,5.8976045,1.0,0.0,44.623802,8.0,0.0,0.0,1.0,1.0,0.0,0.0,0.0,0.0,0.0,0.0,1.0,5.0,5.0,1.0,0.0,0.0,0.97749996,False,False,False,False,False,False,False,False,False,False,False,False,PASS
2047,80,1,0.0,0.8875,0.0,1.0,7.28355,1.0,0.0,69.29605,6.300000000000001,0.0,0.0,1.0,1.0,0.0,0.0,0.0,0.0,0.0,0.0,1.0,5.0,5.0,1.0,0.0,0.0,0.96625006,False,False,False,False,False,False,False,False,False,False,False,False,PASS
2048,80,1,0.0,0.875,0.0,1.0,7.5102553,1.0,0.0,81.243484,4.6000000000000005,0.5,0.0,0.86607754,1.0,0.0,0.0,0.0,0.0,0.8536835,3.0732603,0.9774527,2.0,4.9625,1.0,0.0,0.0,0.8687543,False,False,False,False,False,False,False,False,False,False,False,False,PASS
2049,80,1,0.0,0.7375,0.0,1.0,9.479192,1.0,0.0,148.59216,7.6,0.0,0.0,0.8820329,1.0,0.0,0.0,0.0,0.0,3.1189003,11.228041,0.69989634,5.0,5.0,1.0,0.0,0.0,0.83867306,False,False,False,False,False,False,False,False,False,False,False,False,PASS
2050,80,1,0.0,1.0,0.0,1.0,0.06523078,0.0,0.0,0.06388622,8.0,0.0,0.0,1.0,1.0,0.0,0.0,0.0,0.0,0.0,0.0,1.0,5.0,5.0,1.0,1.0,0.84210527,1.0,False,False,False,False,False,False,False,False,False,False,False,False,PASS
2051,80,1,0.0,0.95,0.0,1.0,7.0267367,1.0,0.0,72.60857,8.0,0.0,0.0,0.78081477,1.0,0.0,0.0,0.0,0.0,0.0,0.0,1.0,5.0,5.0,1.0,0.0,0.0,0.8315703,False,False,False,False,False,False,False,False,False,False,False,False,PASS
2052,80,1,0.0,0.825,0.0,1.0,4.325226,1.0,0.0,129.71527,5.7,0.5,0.0,1.0,1.0,0.0,0.0,0.0,0.0,3.657528,13.1671,0.0,5.0,5.0,1.0,0.0,0.0,0.94750005,False,False,False,False,False,False,False,False,False,False,False,False,PASS
2053,80,1,0.0,0.71250004,0.0,1.0,15.365981,1.0,0.0,105.58302,8.0,0.0,0.0,0.99999994,1.0,0.0,0.0,0.0,0.0,3.8693867,13.929791,0.0,5.0,5.0,1.0,0.0,0.0,0.91375,False,False,False,False,False,False,False,False,False,False,False,False,PASS
2054,80,1,0.0,0.6,0.0,1.0,8.061748,1.0,0.0,107.813416,6.1000000000000005,0.0,0.0,0.8901659,1.0,0.0,0.0,0.0,0.0,0.0,0.0,1.0,5.0,5.0,1.0,0.0,0.0,0.80311614,False,False,False,False,False,False,False,False,False,False,False,False,PASS
2055,80,1,0.0,1.0,0.0,1.0,4.3919005,1.0,0.0,36.08721,6.0,0.0,0.0,1.0,1.0,0.0,0.0,0.0,0.0,0.0,0.0,1.0,5.0,5.0,1.0,0.0,0.0,1.0,False,False,False,False,False,False,False,False,False,False,False,False,PASS
2056,80,1,0.0,1.0,0.0,1.0,0.10361614,1.0,0.0,0.096546076,8.0,0.0,0.0,1.0,1.0,0.0,0.0,0.0,0.0,0.0,0.0,1.0,5.0,5.0,1.0,0.0,0.0,1.0,False,False,False,False,False,False,False,False,False,False,False,False,PASS
2057,80,1,0.0,0.8875,0.0,1.0,8.084553,1.0,0.0,78.71005,5.4,0.5,0.0,0.8375665,1.0,0.0,0.0,0.0,0.0,0.0,0.0,1.0,5.0,5.0,1.0,0.0,0.0,0.8525465,False,False,False,False,False,False,False,False,False,False,False,False,PASS
2058,80,1,0.0,0.8,0.0,1.0,4.6346135,1.0,0.0,73.436386,7.0,0.0,0.0,0.99999994,1.0,0.0,0.0,0.0,0.0,0.31595993,1.1374557,0.9785483,5.0,5.0,1.0,0.0,0.0,0.94,False,False,False,False,False,False,False,False,False,False,False,False,PASS
2059,80,1,0.0,0.875,0.0,1.0,12.678337,0.0,0.0,83.1701,6.7,0.0,0.0,0.7393448,1.0,0.0,0.0,0.0,0.0,0.0,0.0,1.0,5.0,5.0,1.0,0.90292025,0.7603539,0.7800414,False,False,False,False,False,False,False,False,False,False,False,False,PASS
2060,80,1,0.0,0.6875,0.0,1.0,1.7544882,1.0,0.0,23.44318,8.0,0.0,0.0,1.0,1.0,0.0,0.0,0.0,0.0,0.0,0.0,1.0,1.3000001,3.82375,1.0,0.0,0.0,0.90625,False,False,False,False,False,False,False,False,False,False,False,False,PASS
2061,80,1,0.0,0.8875,0.0,1.0,5.8933268,0.0,0.0,56.313,4.1000000000000005,0.5,0.0,0.864292,1.0,0.0,0.0,0.0,0.0,0.0,0.0,1.0,5.0,5.0,1.0,0.9435288,0.8734979,0.8712544,False,False,False,False,False,False,False,False,False,False,False,False,PASS
2062,80,1,0.0,0.8875,0.0,1.0,4.8058085,1.0,0.0,53.289787,6.9,0.0,0.0,1.0,1.0,0.0,0.0,0.0,0.0,0.0,0.0,1.0,3.4,4.725,1.0,0.0,0.0,0.96625006,False,False,False,False,False,False,False,False,False,False,False,False,PASS
2063,80,1,0.0,1.0,0.0,1.0,8.984256,1.0,0.0,132.63927,8.0,0.0,0.0,0.8359318,1.0,0.0,0.0,0.0,0.0,0.0,0.0,1.0,5.0,5.0,1.0,0.0,0.0,0.8851523,False,False,False,False,False,False,False,False,False,False,False,False,PASS
2064,80,1,0.0,1.0,0.0,1.0,1.312995,1.0,0.0,8.4090805,7.5,0.0,0.0,1.0,1.0,0.0,0.0,0.0,0.0,0.0,0.0,1.0,5.0,5.0,1.0,0.0,0.0,1.0,False,False,False,False,False,False,False,False,False,False,False,False,PASS
2065,80,1,0.0,1.0,0.0,1.0,0.12347921,1.0,0.0,0.11783126,8.0,0.0,0.0,1.0,1.0,0.0,0.0,0.0,0.0,0.0,0.0,1.0,5.0,5.0,1.0,0.0,0.0,1.0,False,False,False,False,False,False,False,False,False,False,False,False,PASS
2066,80,1,0.0,1.0,0.0,1.0,0.09592668,0.0,0.0,0.0,0.0,1.0,0.0,1.0,1.0,0.0,0.0,0.0,0.0,0.0,0.0,1.0,5.0,5.0,1.0,1.0,1.0,1.0,False,False,False,False,False,False,False,False,False,False,False,False,PASS
2067,63,0,0.0,1.0,0.0,1.0,2.958849,1.0,1.0,10.373912,4.6000000000000005,0.5,0.0,0.9955303,1.0,0.0,0.0,0.0,0.0,0.0,0.0,1.0,5.0,5.0000005,1.0,0.0,0.0,0.0,True,False,True,False,False,False,False,False,False,False,True,True,OFFROAD
2068,8,0,1.0,1.0,0.0,1.0,0.19704977,1.0,0.0,0.540709,0.8,1.0,1.0,0.028353421,0.0,0.0,0.0,0.0,0.0,0.0,0.0,1.0,5.0,5.0,1.0,0.0,0.0,0.0,True,True,False,True,False,True,False,True,True,False,True,True,OVERLAP+AT_FAULT
2069,1,0,1.0,1.0,0.0,1.0,0.0073282863,1.0,0.0,0.014663919,0.1,1.0,1.0,1.0,1.0,0.0,0.0,0.0,0.0,0.0,0.0,1.0,5.0,5.0,1.0,0.0,0.0,0.0,True,True,False,True,False,True,False,False,False,False,True,True,OVERLAP+AT_FAULT
2070,80,1,0.0,1.0,0.0,1.0,7.0019045,1.0,0.0,26.281477,4.4,0.5,0.0,1.0,1.0,0.0,0.0,0.0,0.0,0.0,0.0,1.0,5.0,5.0,1.0,0.0,0.0,1.0,False,False,False,False,False,False,False,False,False,False,False,False,PASS
2071,59,0,0.0,0.89830506,0.0,1.0,6.776084,1.0,1.0,10.298017,0.8,1.0,0.0,0.6261451,1.0,0.0,0.0,0.0,0.0,0.0,0.0,1.0,5.0,5.0,1.0,0.0,0.0,0.0,True,False,True,False,False,False,False,False,True,False,True,True,OFFROAD
2072,80,1,0.0,0.77500004,0.0,1.0,7.842061,0.0,0.0,145.02783,8.0,0.0,0.0,0.8640255,1.0,0.0,0.0,0.0,0.0,0.9175949,3.3033416,0.9683353,5.0,5.0,1.0,0.92146677,0.775972,0.8373179,False,False,False,False,False,False,False,False,False,False,False,False,PASS
2073,80,1,0.0,0.8875,0.0,1.0,7.322989,1.0,0.0,126.033325,8.0,0.0,0.0,0.86456203,1.0,0.0,0.0,0.0,0.0,0.0,0.0,1.0,5.0,5.0,1.0,0.0,0.0,0.8714434,False,False,False,False,False,False,False,False,False,False,False,False,PASS
2074,80,1,0.0,1.0,0.0,1.0,3.5737665,0.0,0.0,44.419025,6.6000000000000005,0.0,0.0,0.8167208,1.0,0.0,0.0,0.0,0.0,0.0,0.0,1.0,5.0,5.0,1.0,0.94272524,0.7938739,0.8717045,False,False,False,False,False,False,False,False,False,False,False,False,PASS
2075,80,1,0.0,1.0,0.0,1.0,1.6765101,1.0,0.0,3.850839,8.0,0.0,0.0,1.0,1.0,0.0,0.0,0.0,0.0,0.0,0.0,1.0,5.0,5.0,1.0,0.0,0.0,1.0,False,False,False,False,False,False,False,False,False,False,False,False,PASS
2076,80,1,0.0,0.8875,0.0,1.0,11.948374,0.0,0.0,64.64526,8.0,0.0,0.0,0.6676177,1.0,0.0,0.0,0.0,0.0,0.0,0.0,1.0,5.0,5.0,1.0,0.88206804,0.74279416,0.7335824,False,False,False,False,False,False,False,False,True,False,False,False,PASS
2077,80,1,0.0,0.875,0.0,1.0,15.206787,0.0,0.0,144.69113,8.0,0.0,0.0,0.7726102,1.0,0.0,0.0,0.0,0.0,2.229967,8.027882,0.8687097,5.0,5.0,1.0,0.88049304,0.74146783,0.8033272,False,False,False,False,False,False,False,False,False,False,False,False,PASS
2078,80,1,0.0,0.875,0.0,1.0,13.509604,1.0,0.0,52.584732,4.2,0.5,0.0,0.75023276,1.0,0.0,0.0,0.0,0.0,0.0,0.0,1.0,5.0,5.0,1.0,0.0,0.0,0.7876629,False,False,False,False,False,False,False,False,False,False,False,False,PASS
2079,80,1,0.0,1.0,0.0,1.0,4.6143126,0.0,0.0,8.309879,8.0,0.0,0.0,1.0,1.0,0.0,0.0,0.0,0.0,0.0,0.0,1.0,5.0,5.0,1.0,1.0,0.84210527,1.0,False,False,False,False,False,False,False,False,False,False,False,False,PASS
2080,80,1,0.0,1.0,0.0,1.0,0.022885254,0.0,0.0,0.1333741,8.0,0.0,0.0,1.0,1.0,0.0,0.0,0.0,0.0,0.0,0.0,1.0,5.0,5.0,1.0,1.0,0.84210527,1.0,False,False,False,False,False,False,False,False,False,False,False,False,PASS
2081,1,0,2.0,1.0,0.0,1.0,0.011901895,1.0,0.0,0.016519902,0.1,1.0,1.0,0.96773446,1.0,0.0,0.0,0.0,0.0,0.0,0.0,1.0,5.0,5.0,1.0,-0.0,-0.0,0.0,True,True,False,True,False,True,False,False,False,False,True,True,OVERLAP+AT_FAULT
2082,80,1,0.0,1.0,0.0,1.0,0.33404255,1.0,0.0,0.3208186,8.0,0.0,0.0,1.0,1.0,0.0,0.0,0.0,0.0,0.0,0.0,1.0,5.0,5.0,1.0,0.0,0.0,1.0,False,False,False,False,False,False,False,False,False,False,False,False,PASS
2083,80,1,0.0,1.0,0.0,1.0,7.1917205,1.0,0.0,16.490135,2.1,1.0,0.0,0.7755362,1.0,0.0,0.0,0.0,0.0,0.0,0.0,1.0,5.0,5.0,1.0,0.0,0.0,0.8428753,False,False,False,False,False,False,False,False,False,False,False,False,PASS
2084,80,1,0.0,0.7875,0.0,1.0,6.7243524,1.0,0.0,48.73178,7.6,0.0,0.0,1.0,1.0,0.0,0.0,0.0,0.0,0.0,0.0,1.0,2.7,4.5262504,1.0,0.0,0.0,0.93625003,False,False,False,False,False,False,False,False,False,False,False,False,PASS
2085,80,1,0.0,0.8875,0.0,1.0,10.06276,1.0,0.0,113.39781,6.1000000000000005,0.0,0.0,0.86074245,1.0,0.0,0.0,0.0,0.0,1.7888012,6.439684,0.94901526,5.0,5.0,1.0,0.0,0.0,0.86876965,False,False,False,False,False,False,False,False,False,False,False,False,PASS
2086,80,1,0.0,1.0,0.0,1.0,13.634723,1.0,0.0,58.20874,6.300000000000001,0.0,0.0,0.6529225,1.0,0.0,0.0,0.0,0.0,0.0,0.0,1.0,2.3,4.8300004,1.0,0.0,0.0,0.75704575,False,False,False,False,False,False,False,False,True,False,False,False,PASS
2087,80,1,0.0,0.7625,0.0,1.0,5.930506,1.0,0.0,66.8129,8.0,0.0,0.0,0.88302255,1.0,0.0,0.0,0.0,0.0,0.0,0.0,1.0,5.0,5.0,1.0,0.0,0.0,0.84686583,False,False,False,False,False,False,False,False,False,False,False,False,PASS
2088,69,0,1.0,0.68115944,0.0,1.0,10.021377,0.0,0.0,46.122383,6.300000000000001,0.0,1.0,1.0,1.0,0.0,0.0,0.0,0.0,0.0,0.0,1.0,5.0,5.0,1.0,0.0,0.0,0.0,True,True,False,True,False,True,False,False,False,False,True,True,OVERLAP+AT_FAULT
2089,80,1,0.0,0.85,0.0,1.0,16.97088,1.0,0.0,112.556076,7.7,0.0,0.0,0.7128959,1.0,0.0,0.0,0.0,0.0,0.47911835,1.724826,0.99562985,5.0,5.0,1.0,0.0,0.0,0.7540271,False,False,False,False,False,False,False,False,False,False,False,False,PASS
2090,80,1,0.0,0.77500004,0.0,1.0,11.74285,1.0,0.0,118.04809,7.7,0.0,0.0,0.7995105,1.0,0.0,0.0,0.0,0.0,0.0,0.0,1.0,5.0,5.0,1.0,0.0,0.0,0.79215735,False,False,False,False,False,False,False,False,False,False,False,False,PASS
2091,80,1,0.0,1.0,0.0,1.0,0.086145096,1.0,0.0,0.13768329,8.0,0.0,0.0,1.0,1.0,0.0,0.0,0.0,0.0,0.0,0.0,1.0,5.0,5.0,1.0,0.0,0.0,1.0,False,False,False,False,False,False,False,False,False,False,False,False,PASS
2092,80,1,0.0,0.875,0.0,1.0,10.103856,0.0,0.0,149.40115,8.0,0.0,0.0,0.8494585,1.0,0.0,0.0,0.0,0.0,1.7518978,6.306832,0.9287576,5.0,5.0,1.0,0.9195202,0.7743328,0.85712093,False,False,False,False,False,False,False,False,False,False,False,False,PASS
2093,80,1,0.0,1.0,0.0,1.0,0.2755232,1.0,0.0,0.26745003,8.0,0.0,0.0,1.0,1.0,0.0,0.0,0.0,0.0,0.0,0.0,1.0,5.0,5.0,1.0,0.0,0.0,1.0,False,False,False,False,False,False,False,False,False,False,False,False,PASS
2094,80,1,0.0,0.7875,0.0,1.0,11.583788,1.0,0.0,112.965,5.5,0.5,0.0,0.83895737,1.0,0.0,0.0,0.0,0.0,3.7700882,13.572317,0.65070504,5.0,5.0,1.0,0.0,0.0,0.8235202,False,False,False,False,False,False,False,False,False,False,False,False,PASS
2095,80,1,0.0,0.8125,0.0,1.0,8.568115,1.0,0.0,124.26578,7.4,0.0,0.0,0.85140955,1.0,0.0,0.0,0.0,0.0,0.0,0.0,1.0,5.0,5.0,1.0,0.0,0.0,0.83973676,False,False,False,False,False,False,False,False,False,False,False,False,PASS
2096,80,1,0.0,0.8875,0.0,1.0,4.5860653,1.0,0.0,52.892147,7.1000000000000005,0.0,0.0,1.0,1.0,0.0,0.0,0.0,0.0,0.0,0.0,1.0,5.0,5.0,1.0,0.0,0.0,0.96625006,False,False,False,False,False,False,False,False,False,False,False,False,PASS
2097,80,1,0.0,1.0,0.0,1.0,0.3410558,0.0,0.0,0.33931148,8.0,0.0,0.0,1.0,1.0,0.0,0.0,0.0,0.0,0.0,0.0,1.0,3.3,4.91,1.0,1.0,0.84210527,1.0,False,False,False,False,False,False,False,False,False,False,False,False,PASS
2098,80,1,0.0,1.0,0.0,1.0,0.22922082,0.0,0.0,0.0,0.0,1.0,0.0,1.0,1.0,0.0,0.0,0.0,0.0,0.0,0.0,1.0,5.0,5.0,1.0,1.0,1.0,1.0,False,False,False,False,False,False,False,False,False,False,False,False,PASS
2099,80,1,0.0,0.4125,0.0,1.0,2.5048928,1.0,0.0,90.1631,8.0,0.0,0.0,0.9470686,1.0,0.0,0.0,0.0,0.0,0.0,0.0,1.0,5.0,5.0,1.0,0.0,0.0,0.786698,False,False,False,False,False,False,False,False,False,True,False,False,LOW_COMFORT
2100,80,1,0.0,0.8875,0.0,1.0,9.166428,1.0,0.0,119.758766,8.0,0.0,0.0,0.82536626,1.0,0.0,0.0,0.0,0.0,0.0,0.0,1.0,5.0,5.0,1.0,0.0,0.0,0.84400636,False,False,False,False,False,False,False,False,False,False,False,False,PASS
2101,80,1,0.0,0.90000004,0.0,1.0,20.592098,1.0,0.0,82.21564,6.9,0.0,0.0,0.70026135,1.0,0.0,0.0,0.0,0.0,0.0,0.0,1.0,5.0,5.0,1.0,0.0,0.0,0.760183,False,False,False,False,False,False,False,False,False,False,False,False,PASS
2102,80,1,0.0,1.0,0.0,1.0,0.11035266,1.0,0.0,0.107861094,8.0,0.0,0.0,1.0,1.0,0.0,0.0,0.0,0.0,0.0,0.0,1.0,5.0,5.0,1.0,0.0,0.0,1.0,False,False,False,False,False,False,False,False,False,False,False,False,PASS
2103,80,1,0.0,0.8875,0.0,1.0,9.546478,1.0,0.0,122.27959,7.1000000000000005,0.0,0.0,0.8400894,1.0,0.0,0.0,0.0,0.0,0.3349266,1.2057358,0.9948451,5.0,5.0,1.0,0.0,0.0,0.85431254,False,False,False,False,False,False,False,False,False,False,False,False,PASS
2104,80,1,0.0,0.8875,0.0,1.0,6.5241776,1.0,0.0,185.10999,8.0,0.0,0.0,0.9500647,1.0,0.0,0.0,0.0,0.0,4.2864304,15.431149,0.0,5.0,5.0,1.0,0.0,0.0,0.93129534,False,False,False,False,False,False,False,False,False,False,False,False,PASS
2105,80,1,0.0,0.875,0.0,1.0,9.0554905,1.0,0.0,69.24092,8.0,0.0,0.0,0.760187,1.0,0.0,0.0,0.0,0.0,0.0,0.0,1.0,2.0,4.9025,1.0,0.0,0.0,0.7946309,False,False,False,False,False,False,False,False,False,False,False,False,PASS
2106,80,1,0.0,0.8875,0.0,1.0,4.18498,0.0,0.0,79.01172,8.0,0.0,0.0,0.9772298,1.0,0.0,0.0,0.0,0.0,0.0,0.0,1.0,5.0,5.0,1.0,0.97882175,0.82427096,0.9503109,False,False,False,False,False,False,False,False,False,False,False,False,PASS
2107,80,1,0.0,0.8875,0.0,1.0,21.324781,1.0,0.0,128.657,8.0,0.0,0.0,0.7008954,1.0,0.0,0.0,0.0,0.0,1.9957962,7.184866,0.94144917,5.0,5.0,1.0,0.0,0.0,0.7568768,False,False,False,False,False,False,False,False,False,False,False,False,PASS
2108,80,1,0.0,0.8125,1.3463787,1.0,3.258971,1.0,0.0,93.466705,6.800000000000001,0.0,0.0,1.0,1.0,0.0,0.0,0.0,0.0,0.0,0.0,1.0,5.0,5.0,1.0,0.0,0.0,0.94375,False,False,False,False,False,False,False,False,False,False,False,False,PASS
2109,80,1,0.0,0.7375,0.0,1.0,6.6746736,1.0,0.0,87.12979,4.800000000000001,0.5,0.0,0.89085364,1.0,0.0,0.0,0.0,0.0,1.2096348,4.3546853,0.90019965,5.0,5.0,1.0,0.0,0.0,0.8448475,False,False,False,False,False,False,False,False,False,False,False,False,PASS
2110,80,1,0.0,1.0,0.0,1.0,0.89079934,0.0,0.0,0.0,0.0,1.0,0.0,1.0,1.0,0.0,0.0,0.0,0.0,0.0,0.0,1.0,1.5,4.535,1.0,1.0,1.0,1.0,False,False,False,False,False,False,False,False,False,False,False,False,PASS
2111,80,1,0.0,0.875,0.0,1.0,12.939407,1.0,0.0,75.29849,8.0,0.0,0.0,0.67429906,1.0,0.0,0.0,0.0,0.0,0.0,0.0,1.0,5.0,5.0,1.0,0.0,0.0,0.73450935,False,False,False,False,False,False,False,False,True,False,False,False,PASS
2112,79,0,0.0,0.77215195,4.404424,0.5,3.3870828,1.0,1.0,45.22455,5.1000000000000005,0.5,0.0,0.9202727,1.0,0.0,0.0,0.0,0.0,0.0,0.0,1.0,4.0,4.898734,1.0,0.0,0.0,0.0,True,False,True,False,False,False,False,False,False,False,True,True,OFFROAD
2113,80,1,0.0,1.0,0.0,1.0,0.041628912,1.0,0.0,0.0,0.0,1.0,0.0,1.0,1.0,0.0,0.0,0.0,0.0,0.0,0.0,1.0,5.0,5.0,1.0,0.0,0.0,1.0,False,False,False,False,False,False,False,False,False,False,False,False,PASS
2114,80,1,0.0,0.8875,0.0,1.0,7.423804,1.0,0.0,27.169065,2.7,1.0,0.0,1.0,1.0,0.0,0.0,0.0,0.0,0.0,0.0,1.0,2.3,4.68125,1.0,0.0,0.0,0.96625006,False,False,False,False,False,False,False,False,False,False,False,False,PASS
2115,80,1,0.0,0.8875,0.0,1.0,1.5759691,1.0,0.0,0.7291648,0.1,1.0,0.0,1.0,1.0,0.0,0.0,0.0,0.0,0.0,0.0,1.0,5.0,5.0,1.0,0.0,0.0,0.96625006,False,False,False,False,False,False,False,False,False,False,False,False,PASS
2116,80,1,0.0,1.0,0.0,1.0,0.174129,1.0,0.0,0.17052756,8.0,0.0,0.0,1.0,1.0,0.0,0.0,0.0,0.0,0.0,0.0,1.0,5.0,5.0,1.0,0.0,0.0,1.0,False,False,False,False,False,False,False,False,False,False,False,False,PASS
2117,80,1,0.0,0.875,0.0,1.0,10.240134,1.0,0.0,98.99019,6.1000000000000005,0.0,0.0,0.83726245,1.0,0.0,0.0,0.0,0.0,0.0,0.0,1.0,5.0,5.0,1.0,0.0,0.0,0.8485837,False,False,False,False,False,False,False,False,False,False,False,False,PASS
2118,80,1,0.0,0.7,0.7095567,1.0,10.4137535,1.0,0.0,41.60903,5.0,0.5,0.0,1.0,1.0,0.0,0.0,0.0,0.0,0.0,0.0,1.0,5.0,5.0,1.0,0.0,0.0,0.91,False,False,False,False,False,False,False,False,False,False,False,False,PASS
2119,80,1,0.0,1.0,0.0,1.0,0.8851941,1.0,0.0,19.805016,3.0,1.0,0.0,1.0,1.0,0.0,0.0,0.0,0.0,0.0,0.0,1.0,5.0,5.0,1.0,0.0,0.0,1.0,False,False,False,False,False,False,False,False,False,False,False,False,PASS
2120,80,1,0.0,1.0,0.0,1.0,0.3958771,1.0,0.0,0.3474748,8.0,0.0,0.0,1.0,1.0,0.0,0.0,0.0,0.0,0.0,0.0,1.0,5.0,5.0,1.0,0.0,0.0,1.0,False,False,False,False,False,False,False,False,False,False,False,False,PASS
2121,80,1,0.0,0.8625,0.0,1.0,9.392555,1.0,0.0,118.87274,8.0,0.0,0.0,0.8053533,1.0,0.0,0.0,0.0,0.0,0.0,0.0,1.0,2.7,4.94375,1.0,0.0,0.0,0.82249737,False,False,False,False,False,False,False,False,False,False,False,False,PASS
2122,80,1,0.0,0.925,0.0,1.0,9.880211,1.0,0.0,82.23159,4.0,0.5,0.0,0.83724314,1.0,0.0,0.0,0.0,0.0,3.6927261,13.293814,0.4535269,5.0,5.0,1.0,0.0,0.0,0.8635702,False,False,False,False,False,False,False,False,False,False,False,False,PASS
2123,80,1,0.0,0.8,0.0,1.0,10.875359,0.0,0.0,99.50814,5.5,0.5,0.0,0.85030764,1.0,0.0,0.0,0.0,0.0,0.6543522,2.3556678,0.98460585,5.0,5.0,1.0,0.9243726,0.8573664,0.8352154,False,False,False,False,False,False,False,False,False,False,False,False,PASS
2124,80,1,0.0,1.0,0.0,1.0,0.0032680393,1.0,0.0,0.0,0.0,1.0,0.0,1.0,1.0,0.0,0.0,0.0,0.0,0.0,0.0,1.0,5.0,5.0,1.0,0.0,0.0,1.0,False,False,False,False,False,False,False,False,False,False,False,False,PASS
2125,80,1,0.0,1.0,0.0,1.0,9.269353,0.0,0.0,134.80792,7.800000000000001,0.0,0.0,0.84732383,1.0,0.0,0.0,0.0,0.0,0.58431053,2.1035178,0.99213266,5.0,5.0,1.0,0.95032185,0.80027103,0.89312667,False,False,False,False,False,False,False,False,False,False,False,False,PASS
2126,80,1,0.0,0.8875,0.0,1.0,8.476675,1.0,0.0,151.14117,8.0,0.0,0.0,0.8739203,1.0,0.0,0.0,0.0,0.0,1.420866,5.1151175,0.89241564,5.0,5.0,1.0,0.0,0.0,0.8779942,False,False,False,False,False,False,False,False,False,False,False,False,PASS
2127,80,1,0.0,0.85,0.0,1.0,12.231691,1.0,0.0,165.30878,8.0,0.0,0.0,1.0,1.0,0.0,0.0,0.0,0.0,2.976429,10.715144,0.5982458,1.0,4.06125,1.0,0.0,0.0,0.95500004,False,False,False,False,False,False,False,False,False,False,False,False,PASS
2128,80,1,0.0,1.0,0.0,1.0,0.017889252,1.0,0.0,0.07020461,8.0,0.0,0.0,1.0,1.0,0.0,0.0,0.0,0.0,0.0,0.0,1.0,5.0,5.0,1.0,0.0,0.0,1.0,False,False,False,False,False,False,False,False,False,False,False,False,PASS
2129,80,1,0.0,0.875,0.0,1.0,21.059946,1.0,0.0,57.673298,7.800000000000001,0.0,0.0,0.52473,1.0,0.0,0.0,0.0,0.0,0.0,0.0,1.0,5.0,5.0,1.0,0.0,0.0,0.629811,False,False,False,False,False,False,False,False,True,False,False,False,PASS
2130,80,1,0.0,0.75,0.0,1.0,15.304522,1.0,0.0,188.607,8.0,0.0,0.0,0.9623519,1.0,0.0,0.0,0.0,0.0,3.8151398,13.734503,0.0,5.0,5.0,1.0,0.0,0.0,0.89864635,False,False,False,False,False,False,False,False,False,False,False,False,PASS
2131,80,1,0.0,0.8875,0.0,1.0,3.0257432,0.0,0.0,82.29497,8.0,0.0,0.0,0.92134815,1.0,0.0,0.0,0.0,0.0,0.0,0.0,1.0,5.0,5.0,1.0,0.9613588,0.8095653,0.91119367,False,False,False,False,False,False,False,False,False,False,False,False,PASS
2132,80,1,0.0,1.0,0.0,1.0,0.23602305,1.0,0.0,0.27718523,8.0,0.0,0.0,1.0,1.0,0.0,0.0,0.0,0.0,0.0,0.0,1.0,5.0,5.0,1.0,0.0,0.0,1.0,False,False,False,False,False,False,False,False,False,False,False,False,PASS
2133,63,0,0.0,1.0,0.0,1.0,4.3142257,1.0,1.0,21.766705,3.3000000000000003,1.5,0.0,0.6488909,1.0,0.0,0.0,0.0,0.0,0.0,0.0,1.0,2.3,4.4111114,1.0,0.0,0.0,0.0,True,False,True,False,False,False,False,False,True,False,True,True,OFFROAD
2134,80,1,0.0,0.7625,0.0,1.0,15.08136,1.0,0.0,145.53204,7.9,0.0,0.0,0.82564974,1.0,0.0,0.0,0.0,0.0,1.923975,6.9263096,0.9365777,5.0,5.0,1.0,0.0,0.0,0.8067048,False,False,False,False,False,False,False,False,False,False,False,False,PASS
2135,80,1,0.0,1.0,0.0,1.0,5.8313165,1.0,0.0,172.60263,8.0,0.0,0.0,0.91261977,1.0,0.0,0.0,0.0,0.0,3.3140469,11.930569,0.31737185,5.0,5.0,1.0,0.0,0.0,0.93883383,False,False,False,False,False,False,False,False,False,False,False,False,PASS
2136,80,1,0.0,0.85,0.0,1.0,4.457943,0.0,0.0,106.821434,5.6000000000000005,0.5,0.0,0.91127896,1.0,0.0,0.0,0.0,0.0,0.27640915,0.9950729,0.9965819,5.0,5.0,1.0,0.95267016,0.88119596,0.89289534,False,False,False,False,False,False,False,False,False,False,False,False,PASS
2137,80,1,0.0,0.8875,0.0,1.0,9.50131,1.0,0.0,157.88095,8.0,0.0,0.0,0.87295425,1.0,0.0,0.0,0.0,0.0,2.0668678,7.440724,0.7643141,5.0,5.0,1.0,0.0,0.0,0.877318,False,False,False,False,False,False,False,False,False,False,False,False,PASS
2138,80,1,0.0,0.825,0.0,1.0,7.6558275,0.0,0.0,18.65318,1.8,1.0,0.0,0.779562,1.0,0.0,0.0,0.0,0.0,0.0,0.0,1.0,5.0,5.0,1.0,0.9092381,0.9235689,0.7931934,False,False,False,False,False,False,False,False,False,False,False,False,PASS
2139,80,1,0.0,1.0,0.0,1.0,8.5715275,1.0,0.0,36.90691,8.0,0.0,0.0,1.0,1.0,0.0,0.0,0.0,0.0,0.0,0.0,1.0,2.4,4.8075004,1.0,0.0,0.0,1.0,False,False,False,False,False,False,False,False,False,False,False,False,PASS
2140,80,1,0.0,0.825,0.0,1.0,12.073716,1.0,0.0,70.234955,5.1000000000000005,0.5,0.0,1.0,1.0,0.0,0.0,0.0,0.0,0.0,0.0,1.0,5.0,5.0,1.0,0.0,0.0,0.94750005,False,False,False,False,False,False,False,False,False,False,False,False,PASS
2141,80,1,0.0,1.0,0.0,1.0,3.0686257,1.0,0.0,41.29033,7.2,0.0,0.0,1.0,1.0,0.0,0.0,0.0,0.0,0.0,0.0,1.0,2.7,4.7425003,1.0,0.0,0.0,1.0,False,False,False,False,False,False,False,False,False,False,False,False,PASS
2142,80,1,0.0,0.8,0.0,1.0,6.2573543,0.0,0.0,138.55815,8.0,0.0,0.0,0.8953651,1.0,0.0,0.0,0.0,0.0,0.0,0.0,1.0,5.0,5.0,1.0,0.94230163,0.7935172,0.8667556,False,False,False,False,False,False,False,False,False,False,False,False,PASS
2143,48,0,0.0,1.0,0.0,1.0,3.885355,1.0,1.0,24.20508,3.4000000000000004,0.5,0.0,0.9988325,1.0,0.0,0.0,0.0,0.0,0.0,0.0,1.0,5.0,5.0,1.0,0.0,0.0,0.0,True,False,True,False,False,False,False,False,False,False,True,True,OFFROAD
2144,80,1,0.0,0.925,0.0,1.0,10.30215,1.0,0.0,0.0,0.0,1.0,0.0,0.8392389,1.0,0.0,0.0,0.0,0.0,2.8220215,10.159277,0.7658739,5.0,5.0,1.0,0.0,0.0,0.86496717,False,False,False,False,False,False,False,False,False,False,False,False,PASS
2145,80,1,0.0,1.0,0.0,1.0,0.3122019,0.0,0.0,0.30047527,8.0,0.0,0.0,1.0,1.0,0.0,0.0,0.0,0.0,0.0,0.0,1.0,5.0,5.0,1.0,1.0,0.84210527,1.0,False,False,False,False,False,False,False,False,False,False,False,False,PASS
2146,80,1,0.0,0.8875,0.0,1.0,3.67118,0.0,0.0,96.48384,8.0,0.0,0.0,1.0,1.0,0.0,0.0,0.0,0.0,0.0,0.0,1.0,5.0,5.0,1.0,0.9859375,0.83026314,0.96625006,False,False,False,False,False,False,False,False,False,False,False,False,PASS
2147,80,1,0.0,1.0,0.0,1.0,8.91326,1.0,0.0,42.251,8.0,0.0,0.0,1.0,1.0,0.0,0.0,0.0,0.0,0.0,0.0,1.0,5.0,5.0,1.0,0.0,0.0,1.0,False,False,False,False,False,False,False,False,False,False,False,False,PASS
2148,80,1,0.0,1.0,0.0,1.0,0.60750216,1.0,0.0,0.58971655,8.0,0.0,0.0,1.0,1.0,0.0,0.0,0.0,0.0,0.0,0.0,1.0,5.0,5.0,1.0,0.0,0.0,1.0,False,False,False,False,False,False,False,False,False,False,False,False,PASS
2149,80,1,0.0,0.875,0.0,1.0,13.00739,0.0,0.0,147.59012,8.0,0.0,0.0,0.79537034,1.0,0.0,0.0,0.0,0.0,2.1446457,7.720724,0.8576684,5.0,5.0,1.0,0.8848453,0.7451329,0.8192593,False,False,False,False,False,False,False,False,False,False,False,False,PASS
2150,80,1,0.0,0.8875,0.0,1.0,8.830556,1.0,0.0,148.68607,7.1000000000000005,0.0,0.0,0.8752345,1.0,0.0,0.0,0.0,0.0,3.4769478,12.517012,0.54769135,4.9,4.99875,1.0,0.0,0.0,0.87891406,False,False,False,False,False,False,False,False,False,False,False,False,PASS
2151,80,1,0.0,1.0,0.0,1.0,0.584259,1.0,0.0,0.5674212,8.0,0.0,0.0,1.0,1.0,0.0,0.0,0.0,0.0,0.0,0.0,1.0,5.0,5.0,1.0,0.0,0.0,1.0,False,False,False,False,False,False,False,False,False,False,False,False,PASS
2152,80,1,0.0,0.875,0.0,1.0,12.023132,1.0,0.0,62.371864,7.1000000000000005,0.0,0.0,0.72420293,1.0,0.0,0.0,0.0,0.0,0.0,0.0,1.0,5.0,5.0,1.0,0.0,0.0,0.769442,False,False,False,False,False,False,False,False,False,False,False,False,PASS
2153,80,1,0.0,0.8875,0.0,1.0,7.858728,1.0,0.0,78.68426,8.0,0.0,0.0,0.79002815,1.0,0.0,0.0,0.0,0.0,0.0,0.0,1.0,5.0,5.0,1.0,0.0,0.0,0.8192698,False,False,False,False,False,False,False,False,False,False,False,False,PASS
2154,80,1,0.0,0.8875,0.0,1.0,14.486795,1.0,0.0,66.83624,7.5,0.0,0.0,0.66274,1.0,0.0,0.0,0.0,0.0,0.0,0.0,1.0,5.0,5.0,1.0,0.0,0.0,0.73016804,False,False,False,False,False,False,False,False,True,False,False,False,PASS
2155,80,1,0.0,0.8875,0.0,1.0,8.780597,1.0,0.0,137.73495,8.0,0.0,0.0,0.8553724,1.0,0.0,0.0,0.0,0.0,0.0,0.0,1.0,5.0,5.0,1.0,0.0,0.0,0.8650107,False,False,False,False,False,False,False,False,False,False,False,False,PASS
2156,80,1,0.0,0.8,0.0,1.0,14.654317,1.0,0.0,82.59128,4.4,0.5,0.0,0.79642564,1.0,0.0,0.0,0.0,0.0,1.9809132,7.131287,0.9119623,5.0,5.0,1.0,0.0,0.0,0.7974979,False,False,False,False,False,False,False,False,False,False,False,False,PASS
2157,80,1,0.0,0.8,0.0,1.0,13.977892,1.0,0.0,140.27669,8.0,0.0,0.0,0.7877832,1.0,0.0,0.0,0.0,0.0,1.904192,6.855091,0.9292424,5.0,5.0,1.0,0.0,0.0,0.7914483,False,False,False,False,False,False,False,False,False,False,False,False,PASS
2158,80,1,0.0,0.8625,0.9599163,1.0,4.4638724,1.0,0.0,35.972706,3.9,0.5,0.0,0.8975977,1.0,0.0,0.0,0.0,0.0,0.0,0.0,1.0,5.0,5.0,1.0,0.0,0.0,0.8870684,False,False,False,False,False,False,False,False,False,False,False,False,PASS
2159,80,1,0.0,0.925,0.0,1.0,6.4113274,1.0,0.0,48.456726,3.7,0.5,0.0,0.86309046,1.0,0.0,0.0,0.0,0.0,0.0,0.0,1.0,5.0,5.0,1.0,0.0,0.0,0.8816633,False,False,False,False,False,False,False,False,False,False,False,False,PASS
2160,80,1,0.0,0.8875,0.0,1.0,12.585333,1.0,0.0,173.88834,8.0,0.0,0.0,0.9121625,1.0,0.0,0.0,0.0,0.0,3.3514729,12.065302,0.2644313,5.0,5.0,1.0,0.0,0.0,0.9047638,False,False,False,False,False,False,False,False,False,False,False,False,PASS
2161,80,1,0.0,0.8875,0.0,1.0,10.789899,1.0,0.0,124.54694,8.0,0.0,0.0,0.83373475,1.0,0.0,0.0,0.0,0.0,0.0,0.0,1.0,5.0,5.0,1.0,0.0,0.0,0.8498644,False,False,False,False,False,False,False,False,False,False,False,False,PASS
2162,80,1,0.0,0.8875,0.0,1.0,9.584266,1.0,0.0,154.40149,7.7,0.0,0.0,0.8519455,1.0,0.0,0.0,0.0,0.0,3.3489037,12.056053,0.62458575,5.0,5.0,1.0,0.0,0.0,0.8626119,False,False,False,False,False,False,False,False,False,False,False,False,PASS
2163,80,1,0.0,0.7375,0.0,1.0,9.138007,0.0,0.0,156.09042,7.6,0.0,0.0,0.8620826,1.0,0.0,0.0,0.0,0.0,3.695509,13.303832,0.5241149,5.0,5.0,1.0,0.8051171,0.67799336,0.8247078,False,False,False,False,False,False,False,False,False,False,False,False,PASS
2164,80,1,0.0,0.725,0.0,1.0,12.207995,1.0,0.0,80.979614,8.0,0.0,0.0,0.7252913,1.0,0.0,0.0,0.0,0.0,0.0,0.0,1.0,3.1000001,4.95375,1.0,0.0,0.0,0.72520393,False,False,False,False,False,False,False,False,False,False,False,False,PASS
2165,80,1,0.0,0.8875,0.0,1.0,9.823134,1.0,0.0,152.12943,8.0,0.0,0.0,0.8734037,1.0,0.0,0.0,0.0,0.0,1.0277443,3.6998794,0.9450211,5.0,5.0,1.0,0.0,0.0,0.8776326,False,False,False,False,False,False,False,False,False,False,False,False,PASS
2166,80,1,0.0,1.0,0.0,1.0,4.492528,1.0,0.0,56.777443,8.0,0.0,0.0,0.78351355,1.0,0.0,0.0,0.0,0.0,0.0,0.0,1.0,5.0,5.0,1.0,0.0,0.0,0.8484594,False,False,False,False,False,False,False,False,False,False,False,False,PASS
2167,80,1,0.0,1.0,0.0,1.0,4.187917,1.0,0.0,0.0,0.0,1.0,0.0,0.0,0.0,0.0,0.0,0.0,0.0,0.0,0.0,1.0,5.0,5.0,1.0,0.0,0.0,0.3,False,False,False,False,False,False,False,True,True,False,True,False,LOW_PROGRESS
2168,80,1,0.0,1.0,0.0,1.0,0.1440213,1.0,0.0,0.14027044,8.0,0.0,0.0,1.0,1.0,0.0,0.0,0.0,0.0,0.0,0.0,1.0,5.0,5.0,1.0,0.0,0.0,1.0,False,False,False,False,False,False,False,False,False,False,False,False,PASS
2169,80,1,0.0,1.0,0.0,1.0,3.5845146,1.0,0.0,55.35184,8.0,0.0,0.0,0.851576,1.0,0.0,0.0,0.0,0.0,0.0,0.0,1.0,5.0,5.0,1.0,0.0,0.0,0.8961032,False,False,False,False,False,False,False,False,False,False,False,False,PASS
2170,80,1,0.0,0.8875,0.0,1.0,9.191982,1.0,0.0,158.9166,7.6,0.0,0.0,0.8623781,1.0,0.0,0.0,0.0,0.0,4.024439,14.48798,0.42686397,5.0,5.0,1.0,0.0,0.0,0.86991465,False,False,False,False,False,False,False,False,False,False,False,False,PASS
2171,80,1,0.0,1.0,15.152542,0.0,12.705887,1.0,0.0,59.279484,6.9,0.0,0.0,0.6774469,1.0,0.0,0.0,0.0,0.0,0.0,0.0,1.0,5.0,5.0,1.0,0.0,0.0,0.77421284,False,False,False,False,False,False,False,False,True,False,False,False,PASS
2172,80,1,0.0,1.0,0.0,1.0,0.3653166,0.0,0.0,0.7091917,8.0,0.0,0.0,0.86454177,1.0,0.0,0.0,0.0,0.0,0.0,0.0,1.0,5.0,5.0,1.0,0.9576693,0.80645835,0.9051792,False,False,False,False,False,False,False,False,False,False,False,False,PASS
2173,80,1,0.0,1.0,0.0,1.0,1.1923513,1.0,0.0,3.7745368,0.5,1.0,0.0,0.9544278,1.0,0.0,0.0,0.0,0.0,0.0,0.0,1.0,5.0,5.0,1.0,0.0,0.0,0.9680994,False,False,False,False,False,False,False,False,False,False,False,False,PASS
2174,9,0,1.0,0.0,0.0,1.0,0.56082314,0.0,0.0,6.289135,0.9,1.0,1.0,0.08032385,0.0,0.0,0.0,0.0,0.0,0.0,0.0,1.0,4.7000003,4.9444447,1.0,0.0,0.0,0.0,True,True,False,True,False,True,False,True,True,True,True,True,OVERLAP+AT_FAULT
2175,80,1,0.0,1.0,0.0,1.0,0.20984726,0.0,0.0,0.18960163,8.0,0.0,0.0,1.0,1.0,0.0,0.0,0.0,0.0,0.0,0.0,1.0,5.0,5.0,1.0,1.0,0.84210527,1.0,False,False,False,False,False,False,False,False,False,False,False,False,PASS
2176,80,1,0.0,0.8,0.0,1.0,8.198313,1.0,0.0,145.96194,7.0,0.0,0.0,0.88732463,1.0,0.0,0.0,0.0,0.0,2.7182999,9.785879,0.6055873,2.0,4.9625,1.0,0.0,0.0,0.8611273,False,False,False,False,False,False,False,False,False,False,False,False,PASS
2177,80,1,0.0,0.8875,0.0,1.0,14.488158,1.0,0.0,34.344055,4.9,0.5,0.0,0.6287619,1.0,0.0,0.0,0.0,0.0,0.0,0.0,1.0,3.6000001,4.9375,1.0,0.0,0.0,0.70638335,False,False,False,False,False,False,False,False,True,False,False,False,PASS
2178,80,1,0.0,0.875,0.0,1.0,11.876331,1.0,0.0,138.68027,8.0,0.0,0.0,0.8235042,1.0,0.0,0.0,0.0,0.0,0.40338707,1.4521934,0.99394065,5.0,5.0,1.0,0.0,0.0,0.83895296,False,False,False,False,False,False,False,False,False,False,False,False,PASS
2179,44,0,1.0,1.0,0.0,1.0,0.26459557,1.0,0.0,0.25912988,4.4,0.5,1.0,1.0,1.0,0.0,0.0,0.0,0.0,0.0,0.0,1.0,5.0,5.0,1.0,0.0,0.0,0.0,True,True,False,True,False,True,False,False,False,False,True,True,OVERLAP+AT_FAULT
2180,80,1,0.0,0.8875,0.0,1.0,7.679764,0.0,0.0,63.583767,4.2,0.5,0.0,0.8484875,1.0,0.0,0.0,0.0,0.0,0.0,0.0,1.0,5.0,5.0,1.0,0.9385898,0.8693388,0.8601913,False,False,False,False,False,False,False,False,False,False,False,False,PASS
2181,80,1,0.0,0.8125,0.0,1.0,10.392954,1.0,0.0,98.89308,5.6000000000000005,0.5,0.0,0.8183485,1.0,0.0,0.0,0.0,0.0,0.06798363,0.24474105,0.9995946,5.0,5.0,1.0,0.0,0.0,0.81659395,False,False,False,False,False,False,False,False,False,False,False,False,PASS
2182,80,1,0.0,1.0,0.0,1.0,0.22241382,1.0,0.0,0.21381927,8.0,0.0,0.0,1.0,1.0,0.0,0.0,0.0,0.0,0.0,0.0,1.0,5.0,5.0,1.0,0.0,0.0,1.0,False,False,False,False,False,False,False,False,False,False,False,False,PASS
2183,80,1,0.0,1.0,0.0,1.0,8.088003,1.0,0.0,116.975426,6.9,0.0,0.0,0.866025,1.0,0.0,0.0,0.0,0.0,0.0,0.0,1.0,5.0,5.0,1.0,0.0,0.0,0.9062175,False,False,False,False,False,False,False,False,False,False,False,False,PASS
2184,80,1,0.0,0.8875,0.0,1.0,8.753268,0.0,0.0,104.10631,8.0,0.0,0.0,0.8098735,1.0,0.0,0.0,0.0,0.0,0.0,0.0,1.0,5.0,5.0,1.0,0.926523,0.78022987,0.8331615,False,False,False,False,False,False,False,False,False,False,False,False,PASS
2185,80,1,0.0,1.0,0.6976949,1.0,3.2132492,1.0,0.0,55.525753,8.0,0.0,0.0,0.9015511,1.0,0.0,0.0,0.0,0.0,0.0,0.0,1.0,3.1000001,4.8975,1.0,0.0,0.0,0.93108577,False,False,False,False,False,False,False,False,False,False,False,False,PASS
2186,80,1,0.0,1.0,0.0,1.0,3.2881417,1.0,0.0,24.199331,4.2,0.5,0.0,1.0,1.0,0.0,0.0,0.0,0.0,0.0,0.0,1.0,5.0,5.0,1.0,0.0,0.0,1.0,False,False,False,False,False,False,False,False,False,False,False,False,PASS
2187,80,1,0.0,1.0,0.0,1.0,7.7223854,1.0,0.0,41.677284,8.0,0.0,0.0,1.0,1.0,0.0,0.0,0.0,0.0,0.0,0.0,1.0,2.4,4.36,1.0,0.0,0.0,1.0,False,False,False,False,False,False,False,False,False,False,False,False,PASS
2188,80,1,0.0,0.8875,0.0,1.0,10.481012,1.0,0.0,141.85614,8.0,0.0,0.0,0.8361845,1.0,0.0,0.0,0.0,0.0,1.1211243,4.0360475,0.95476633,5.0,5.0,1.0,0.0,0.0,0.8515791,False,False,False,False,False,False,False,False,False,False,False,False,PASS
2189,80,1,0.0,1.0,0.0,1.0,0.26012,1.0,0.0,0.26316637,8.0,0.0,0.0,1.0,1.0,0.0,0.0,0.0,0.0,0.0,0.0,1.0,5.0,5.0,1.0,0.0,0.0,1.0,False,False,False,False,False,False,False,False,False,False,False,False,PASS
2190,80,1,0.0,1.0,0.0,1.0,10.502265,1.0,0.0,0.0,0.0,1.0,0.0,0.8121828,1.0,0.0,0.0,0.0,0.0,0.0,0.0,1.0,5.0,5.0,1.0,0.0,0.0,0.868528,False,False,False,False,False,False,False,False,False,False,False,False,PASS
2191,80,1,0.0,1.0,0.0,1.0,0.085377276,1.0,0.0,0.0,0.0,1.0,0.0,1.0,1.0,0.0,0.0,0.0,0.0,0.0,0.0,1.0,5.0,5.0,1.0,0.0,0.0,1.0,False,False,False,False,False,False,False,False,False,False,False,False,PASS
2192,80,1,0.0,0.8125,0.0,1.0,12.626344,1.0,0.0,111.038925,5.4,0.5,0.0,0.81135947,1.0,0.0,0.0,0.0,0.0,3.2964134,11.867088,0.68889654,5.0,5.0,1.0,0.0,0.0,0.8117016,False,False,False,False,False,False,False,False,False,False,False,False,PASS
2193,80,1,0.0,0.8875,0.0,1.0,4.048057,1.0,0.0,55.339687,7.1000000000000005,0.0,0.0,0.8864143,1.0,0.0,0.0,0.0,0.0,0.0,0.0,1.0,3.2,4.78125,1.0,0.0,0.0,0.8867399,False,False,False,False,False,False,False,False,False,False,False,False,PASS
2194,80,1,0.0,0.8125,0.0,1.0,12.929431,1.0,0.0,135.15582,7.0,0.0,0.0,0.7993584,1.0,0.0,0.0,0.0,0.0,3.4096222,12.274639,0.7080934,5.0,5.0,1.0,0.0,0.0,0.80330086,False,False,False,False,False,False,False,False,False,False,False,False,PASS
2195,80,1,0.0,0.7625,0.0,1.0,14.973244,1.0,0.0,49.33502,6.7,0.0,0.0,0.6286087,1.0,0.0,0.0,0.0,0.0,0.0,0.0,1.0,1.6,4.5724998,1.0,0.0,0.0,0.6687761,False,False,False,False,False,False,False,False,True,False,False,False,PASS
2196,80,1,0.0,0.8875,0.0,1.0,9.2002325,1.0,0.0,159.58318,7.7,0.0,0.0,0.86288226,1.0,0.0,0.0,0.0,0.0,3.9446602,14.200776,0.4547606,5.0,5.0,1.0,0.0,0.0,0.87026757,False,False,False,False,False,False,False,False,False,False,False,False,PASS
2197,80,1,0.0,1.0,0.0,1.0,10.811928,1.0,0.0,61.755238,8.0,0.0,0.0,0.6945013,1.0,0.0,0.0,0.0,0.0,0.0,0.0,1.0,5.0,5.0,1.0,0.0,0.0,0.7861509,False,False,False,False,False,False,False,False,True,False,False,False,PASS
2198,80,1,0.0,0.8875,0.0,1.0,6.9875717,1.0,0.0,16.484947,8.0,0.0,0.0,1.0,1.0,0.0,0.0,0.0,0.0,0.0,0.0,1.0,5.0,5.0,1.0,0.0,0.0,0.96625006,False,False,False,False,False,False,False,False,False,False,False,False,PASS
2199,80,1,0.0,0.71250004,0.0,1.0,6.020383,1.0,0.0,89.64191,8.0,0.0,0.0,0.8882656,1.0,0.0,0.0,0.0,0.0,0.0,0.0,1.0,3.6000001,4.93375,1.0,0.0,0.0,0.83553594,False,False,False,False,False,False,False,False,False,False,False,False,PASS
2200,80,1,0.0,0.8875,0.0,1.0,12.5781765,1.0,0.0,78.11247,8.0,0.0,0.0,0.6998656,1.0,0.0,0.0,0.0,0.0,0.0,0.0,1.0,5.0,5.0,1.0,0.0,0.0,0.7561559,False,False,False,False,False,False,False,False,True,False,False,False,PASS
2201,80,1,0.0,0.7625,0.0,1.0,8.958559,1.0,0.0,83.07525,8.0,0.0,0.0,0.8086066,1.0,0.0,0.0,0.0,0.0,0.0,0.0,1.0,0.5,4.6037498,0.0,0.0,0.0,0.79477465,False,False,False,False,False,False,False,False,False,False,False,False,PASS
2202,80,1,0.0,0.875,0.0,1.0,14.037155,1.0,0.0,70.37033,7.300000000000001,0.0,0.0,0.68908405,1.0,0.0,0.0,0.0,0.0,0.0,0.0,1.0,5.0,5.0,1.0,0.0,0.0,0.74485886,False,False,False,False,False,False,False,False,True,False,False,False,PASS
2203,80,1,0.0,0.8875,0.0,1.0,3.7212102,1.0,0.0,42.05024,4.6000000000000005,0.5,0.0,0.9243062,1.0,0.0,0.0,0.0,0.0,0.0,0.0,1.0,3.2,4.8574996,1.0,0.0,0.0,0.9132643,False,False,False,False,False,False,False,False,False,False,False,False,PASS
2204,80,1,0.0,0.8875,0.0,1.0,16.387691,1.0,0.0,100.25621,7.4,0.0,0.0,0.71229875,1.0,0.0,0.0,0.0,0.0,0.0,0.0,1.0,5.0,5.0,1.0,0.0,0.0,0.76485914,False,False,False,False,False,False,False,False,False,False,False,False,PASS
2205,80,1,0.0,1.0,0.0,1.0,1.3115745,1.0,0.0,2.4076889,8.0,0.0,0.0,1.0,1.0,0.0,0.0,0.0,0.0,0.0,0.0,1.0,5.0,5.0,1.0,0.0,0.0,1.0,False,False,False,False,False,False,False,False,False,False,False,False,PASS
2206,80,1,0.0,0.7375,0.0,1.0,12.720667,0.0,0.0,144.7739,7.4,0.0,0.0,0.8134851,1.0,0.0,0.0,0.0,0.0,3.6554127,13.159485,0.66797507,5.0,5.0,1.0,0.8258953,0.6954908,0.7906896,False,False,False,False,False,False,False,False,False,False,False,False,PASS
2207,80,1,0.0,0.8875,0.0,1.0,20.012867,1.0,0.0,9.222786,0.7000000000000001,1.0,0.0,0.6128711,1.0,0.0,0.0,0.0,0.0,0.0,0.0,1.0,5.0,5.0,1.0,0.0,0.0,0.69525975,False,False,False,False,False,False,False,False,True,False,False,False,PASS
2208,80,1,0.0,1.0,0.0,1.0,8.734833,1.0,0.0,81.34365,8.0,0.0,0.0,0.76846397,1.0,0.0,0.0,0.0,0.0,0.0,0.0,1.0,5.0,5.0,1.0,0.0,0.0,0.8379248,False,False,False,False,False,False,False,False,False,False,False,False,PASS
2209,80,1,0.0,1.0,0.0,1.0,0.36231303,0.0,0.0,0.39722472,8.0,0.0,0.0,1.0,1.0,0.0,0.0,0.0,0.0,0.0,0.0,1.0,5.0,5.0,1.0,1.0,0.84210527,1.0,False,False,False,False,False,False,False,False,False,False,False,False,PASS
2210,80,1,0.0,0.71250004,0.0,1.0,3.4421074,1.0,0.0,4.6279984,8.0,0.0,0.0,1.0,1.0,0.0,0.0,0.0,0.0,0.0,0.0,1.0,2.4,4.67375,1.0,0.0,0.0,0.91375,False,False,False,False,False,False,False,False,False,False,False,False,PASS
2211,80,1,0.0,0.8125,0.0,1.0,8.328509,0.0,0.0,165.35132,7.9,0.0,0.0,0.8746429,1.0,0.0,0.0,0.0,0.0,3.504673,12.616822,0.51611364,5.0,5.0,1.0,0.81641686,0.68750894,0.85600007,False,False,False,False,False,False,False,False,False,False,False,False,PASS
2212,80,1,0.0,0.7625,0.0,1.0,9.542937,1.0,0.0,27.55536,8.0,0.0,0.0,1.0,1.0,0.0,0.0,0.0,0.0,0.0,0.0,1.0,5.0,5.0,1.0,0.0,0.0,0.92875004,False,False,False,False,False,False,False,False,False,False,False,False,PASS
2213,80,1,0.0,0.7375,0.0,1.0,12.403755,1.0,0.0,128.5138,6.5,0.0,0.0,0.8365501,1.0,0.0,0.0,0.0,0.0,3.577711,12.87976,0.76253885,5.0,5.0,1.0,0.0,0.0,0.8068351,False,False,False,False,False,False,False,False,False,False,False,False,PASS
2214,80,1,0.0,1.0,0.0,1.0,1.942954,1.0,0.0,63.999405,6.6000000000000005,0.0,0.0,1.0,1.0,0.0,0.0,0.0,0.0,0.0,0.0,1.0,4.9,4.99875,1.0,0.0,0.0,1.0,False,False,False,False,False,False,False,False,False,False,False,False,PASS
2215,80,1,0.0,0.925,0.0,1.0,9.390048,1.0,0.0,141.2427,7.9,0.0,0.0,0.8666842,1.0,0.0,0.0,0.0,0.0,0.06892395,0.24812621,0.9994565,5.0,5.0,1.0,0.0,0.0,0.88417894,False,False,False,False,False,False,False,False,False,False,False,False,PASS
2216,80,1,0.0,1.0,0.0,1.0,0.94551986,1.0,0.0,12.405216,6.0,0.0,0.0,1.0,1.0,0.0,0.0,0.0,0.0,0.0,0.0,1.0,5.0,5.0,1.0,0.0,0.0,1.0,False,False,False,False,False,False,False,False,False,False,False,False,PASS
2217,80,1,0.0,1.0,0.0,1.0,0.13277803,1.0,0.0,0.12822568,8.0,0.0,0.0,1.0,1.0,0.0,0.0,0.0,0.0,0.0,0.0,1.0,5.0,5.0,1.0,0.0,0.0,1.0,False,False,False,False,False,False,False,False,False,False,False,False,PASS
2218,80,1,0.0,1.0,0.0,1.0,3.2572136,1.0,0.0,30.86116,6.9,0.0,0.0,1.0,1.0,0.0,0.0,0.0,0.0,0.0,0.0,1.0,2.0,4.6225004,1.0,0.0,0.0,1.0,False,False,False,False,False,False,False,False,False,False,False,False,PASS
2219,80,1,0.0,1.0,0.0,1.0,0.27922186,0.0,0.0,0.0,0.0,1.0,0.0,1.0,1.0,0.0,0.0,0.0,0.0,0.0,0.0,1.0,5.0,5.0,1.0,1.0,1.0,1.0,False,False,False,False,False,False,False,False,False,False,False,False,PASS
2220,80,1,0.0,0.71250004,0.0,1.0,6.826558,1.0,0.0,84.51819,4.2,0.5,0.0,0.91493636,1.0,0.0,0.0,0.0,0.0,2.220312,7.9931235,0.81740814,5.0,5.0,1.0,0.0,0.0,0.8542054,False,False,False,False,False,False,False,False,False,False,False,False,PASS
2221,80,1,0.0,0.925,0.0,1.0,17.861792,1.0,0.0,73.509605,6.4,0.0,0.0,0.6850461,1.0,0.0,0.0,0.0,0.0,0.0,0.0,1.0,5.0,5.0,1.0,0.0,0.0,0.7570323,False,False,False,False,False,False,False,False,True,False,False,False,PASS
2222,80,1,0.0,0.85,0.0,1.0,7.203209,0.0,0.0,95.66548,4.800000000000001,0.5,0.0,0.8729112,1.0,0.0,0.0,0.0,0.0,2.3970242,8.629287,0.8179273,5.0,5.0,1.0,0.8960166,0.8334877,0.86603785,False,False,False,False,False,False,False,False,False,False,False,False,PASS
2223,80,1,0.0,1.0,0.0,1.0,0.90588516,1.0,0.0,2.2166784,8.0,0.0,0.0,1.0,1.0,0.0,0.0,0.0,0.0,0.0,0.0,1.0,5.0,5.0,1.0,0.0,0.0,1.0,False,False,False,False,False,False,False,False,False,False,False,False,PASS
2224,80,1,0.0,0.8875,0.0,1.0,7.4340105,1.0,0.0,111.26713,8.0,0.0,0.0,0.8488481,1.0,0.0,0.0,0.0,0.0,0.0,0.0,1.0,5.0,5.0,1.0,0.0,0.0,0.8604437,False,False,False,False,False,False,False,False,False,False,False,False,PASS
2225,80,1,0.0,0.8875,0.0,1.0,4.578383,1.0,0.0,33.216255,3.7,0.5,0.0,1.0,1.0,0.0,0.0,0.0,0.0,0.0,0.0,1.0,5.0,5.0,1.0,0.0,0.0,0.96625006,False,False,False,False,False,False,False,False,False,False,False,False,PASS
2226,80,1,0.0,1.0,0.0,1.0,1.8986298,1.0,0.0,97.220314,8.0,0.0,0.0,1.0,1.0,0.0,0.0,0.0,0.0,0.0,0.0,1.0,3.1000001,4.94375,1.0,0.0,0.0,1.0,False,False,False,False,False,False,False,False,False,False,False,False,PASS
2227,80,1,0.0,1.0,0.0,1.0,0.048918646,1.0,0.0,0.047152396,8.0,0.0,0.0,1.0,1.0,0.0,0.0,0.0,0.0,0.0,0.0,1.0,5.0,5.0,1.0,0.0,0.0,1.0,False,False,False,False,False,False,False,False,False,False,False,False,PASS
2228,80,1,0.0,1.0,0.0,1.0,2.1150718,1.0,0.0,14.408026,8.0,0.0,0.0,1.0,1.0,0.0,0.0,0.0,0.0,0.0,0.0,1.0,5.0,5.0,1.0,0.0,0.0,1.0,False,False,False,False,False,False,False,False,False,False,False,False,PASS
2229,80,1,0.0,1.0,0.0,1.0,9.78715,1.0,0.0,0.0,0.0,1.0,0.0,0.82536227,1.0,0.0,0.0,0.0,0.0,0.0,0.0,1.0,5.0,5.0,1.0,0.0,0.0,0.8777537,False,False,False,False,False,False,False,False,False,False,False,False,PASS
2230,80,1,0.0,0.8125,0.0,1.0,1.5089886,1.0,0.0,56.535603,8.0,0.0,0.0,1.0,1.0,0.0,0.0,0.0,0.0,0.0,0.0,1.0,5.0,5.0,1.0,0.0,0.0,0.94375,False,False,False,False,False,False,False,False,False,False,False,False,PASS
2231,80,1,0.0,1.0,0.0,1.0,12.084753,1.0,0.0,53.387844,5.2,0.5,0.0,0.76677716,1.0,0.0,0.0,0.0,0.0,0.0,0.0,1.0,5.0,5.0,1.0,0.0,0.0,0.836744,False,False,False,False,False,False,False,False,False,False,False,False,PASS
2232,80,1,0.0,1.0,0.0,1.0,1.7727944,1.0,0.0,3.5159645,8.0,0.0,0.0,1.0,1.0,0.0,0.0,0.0,0.0,0.0,0.0,1.0,5.0,5.0,1.0,0.0,0.0,1.0,False,False,False,False,False,False,False,False,False,False,False,False,PASS
2233,80,1,0.0,1.0,0.0,1.0,0.03603717,1.0,0.0,0.0,0.0,1.0,0.0,1.0,1.0,0.0,0.0,0.0,0.0,0.0,0.0,1.0,5.0,5.0,1.0,0.0,0.0,1.0,False,False,False,False,False,False,False,False,False,False,False,False,PASS
2234,80,1,0.0,0.8875,0.0,1.0,4.969535,1.0,0.0,66.024796,8.0,0.0,0.0,1.0,1.0,0.0,0.0,0.0,0.0,0.0,0.0,1.0,1.0,4.7287498,1.0,0.0,0.0,0.96625006,False,False,False,False,False,False,False,False,False,False,False,False,PASS
2235,80,1,0.0,1.0,0.0,1.0,15.501653,1.0,0.0,82.287766,7.800000000000001,0.0,0.0,0.71869534,1.0,0.0,0.0,0.0,0.0,0.0,0.0,1.0,5.0,5.0,1.0,0.0,0.0,0.80308676,False,False,False,False,False,False,False,False,False,False,False,False,PASS
2236,80,1,0.0,0.52500004,0.0,1.0,14.881912,1.0,0.0,148.9947,7.9,0.0,0.0,0.7998629,1.0,0.0,0.0,0.0,0.0,2.667406,9.602662,0.84277016,5.0,5.0,1.0,0.0,0.0,0.71740407,False,False,False,False,False,False,False,False,False,False,False,False,PASS
2237,80,1,0.0,1.0,0.0,1.0,13.448206,1.0,0.0,71.124626,8.0,0.0,0.0,0.6902514,1.0,0.0,0.0,0.0,0.0,0.0,0.0,1.0,3.2,4.6662498,1.0,0.0,0.0,0.783176,False,False,False,False,False,False,False,False,True,False,False,False,PASS
2238,80,1,0.0,1.0,0.0,1.0,0.18500726,1.0,0.0,0.17863414,8.0,0.0,0.0,1.0,1.0,0.0,0.0,0.0,0.0,0.0,0.0,1.0,5.0,5.0,1.0,0.0,0.0,1.0,False,False,False,False,False,False,False,False,False,False,False,False,PASS
2239,80,1,0.0,1.0,0.0,1.0,1.1809801,1.0,0.0,62.02552,8.0,0.0,0.0,0.99999994,1.0,0.0,0.0,0.0,0.0,0.0,0.0,1.0,3.6000001,4.92875,1.0,0.0,0.0,1.0,False,False,False,False,False,False,False,False,False,False,False,False,PASS
2240,80,1,0.0,0.8125,0.0,1.0,6.260245,1.0,0.0,86.4793,6.6000000000000005,0.0,0.0,0.88209844,1.0,0.0,0.0,0.0,0.0,0.0,0.0,1.0,5.0,5.0,1.0,0.0,0.0,0.8612189,False,False,False,False,False,False,False,False,False,False,False,False,PASS
2241,80,1,0.0,1.0,0.0,1.0,15.139724,1.0,0.0,71.623505,7.6,0.0,0.0,0.6844104,1.0,0.0,0.0,0.0,0.0,0.0,0.0,1.0,2.1000001,4.51875,1.0,0.0,0.0,0.77908725,False,False,False,False,False,False,False,False,True,False,False,False,PASS
2242,80,1,0.0,0.875,0.0,1.0,9.863448,1.0,0.0,95.269485,6.6000000000000005,0.0,0.0,0.8159708,1.0,0.0,0.0,0.0,0.0,0.0,0.0,1.0,5.0,5.0,1.0,0.0,0.0,0.8336796,False,False,False,False,False,False,False,False,False,False,False,False,PASS
2243,80,1,0.0,0.925,0.0,1.0,12.320166,1.0,0.0,74.255165,7.2,0.0,0.0,0.7302271,1.0,0.0,0.0,0.0,0.0,0.0,0.0,1.0,5.0,5.0,1.0,0.0,0.0,0.78865904,False,False,False,False,False,False,False,False,False,False,False,False,PASS
2244,80,1,0.0,1.0,0.0,1.0,1.3549216,1.0,0.0,2.831582,8.0,0.0,0.0,0.5938464,1.0,0.0,0.0,0.0,0.0,0.0,0.0,1.0,5.0,5.0,1.0,0.0,0.0,0.71569246,False,False,False,False,False,False,False,False,True,False,False,False,PASS
2245,80,1,0.0,1.0,0.0,1.0,0.13130155,0.0,0.0,0.12980306,8.0,0.0,0.0,1.0,1.0,0.0,0.0,0.0,0.0,0.0,0.0,1.0,2.9,4.9500003,1.0,1.0,0.84210527,1.0,False,False,False,False,False,False,False,False,False,False,False,False,PASS
2246,80,1,0.0,0.8875,0.0,1.0,0.82964677,0.0,0.0,47.01375,7.1000000000000005,0.0,0.0,1.0,1.0,0.0,0.0,0.0,0.0,0.0,0.0,1.0,5.0,5.0,1.0,0.9859375,0.83026314,0.96625006,False,False,False,False,False,False,False,False,False,False,False,False,PASS
2247,80,1,0.0,1.0,0.0,1.0,0.3042415,1.0,0.0,1.0435082,8.0,0.0,0.0,1.0,1.0,0.0,0.0,0.0,0.0,0.0,0.0,1.0,5.0,5.0,1.0,0.0,0.0,1.0,False,False,False,False,False,False,False,False,False,False,False,False,PASS
2248,80,1,0.0,0.8625,0.0,1.0,2.4950924,1.0,0.0,24.725233,3.5,0.5,0.0,0.8950836,1.0,0.0,0.0,0.0,0.0,0.0,0.0,1.0,5.0,5.0,1.0,0.0,0.0,0.88530856,False,False,False,False,False,False,False,False,False,False,False,False,PASS
2249,80,1,0.0,0.575,0.0,1.0,11.640757,1.0,0.0,148.17917,8.0,0.0,0.0,0.8399401,1.0,0.0,0.0,0.0,0.0,1.9622612,7.0641403,0.89865845,5.0,5.0,1.0,0.0,0.0,0.76045805,False,False,False,False,False,False,False,False,False,False,False,False,PASS
2250,80,1,0.0,1.0,0.0,1.0,1.589987,1.0,0.0,11.989212,1.6,1.0,0.0,0.91479355,1.0,0.0,0.0,0.0,0.0,0.0,0.0,1.0,5.0,5.0,1.0,0.0,0.0,0.9403555,False,False,False,False,False,False,False,False,False,False,False,False,PASS
2251,80,1,0.0,1.0,0.0,1.0,0.037278432,1.0,0.0,0.039273605,8.0,0.0,0.0,1.0,1.0,0.0,0.0,0.0,0.0,0.0,0.0,1.0,5.0,5.0,1.0,0.0,0.0,1.0,False,False,False,False,False,False,False,False,False,False,False,False,PASS
2252,80,1,0.0,1.0,0.0,1.0,0.09910302,1.0,0.0,0.0,0.0,1.0,0.0,1.0,1.0,0.0,0.0,0.0,0.0,0.0,0.0,1.0,0.90000004,4.52375,0.0,0.0,0.0,1.0,False,False,False,False,False,False,False,False,False,False,False,False,PASS
2253,80,1,0.0,0.71250004,0.0,1.0,5.8025823,1.0,0.0,122.34297,6.300000000000001,0.0,0.0,0.88949096,1.0,0.0,0.0,0.0,0.0,2.950966,10.623477,0.5669918,5.0,5.0,1.0,0.0,0.0,0.83639365,False,False,False,False,False,False,False,False,False,False,False,False,PASS
2254,80,1,0.0,0.71250004,0.0,1.0,21.470745,1.0,0.0,75.49273,8.0,0.0,0.0,0.99999994,1.0,0.0,0.0,0.0,0.0,0.51289845,1.8464344,0.976986,2.2,4.6337504,1.0,0.0,0.0,0.91375,False,False,False,False,False,False,False,False,False,False,False,False,PASS
2255,80,1,0.0,1.0,0.0,1.0,13.551722,1.0,0.0,80.651955,7.4,0.0,0.0,0.78734016,1.0,0.0,0.0,0.0,0.0,0.0,0.0,1.0,5.0,5.0,1.0,0.0,0.0,0.8511381,False,False,False,False,False,False,False,False,False,False,False,False,PASS
2256,80,1,0.0,1.0,0.0,1.0,0.21119784,1.0,0.0,0.20632698,8.0,0.0,0.0,1.0,1.0,0.0,0.0,0.0,0.0,0.0,0.0,1.0,5.0,5.0,1.0,0.0,0.0,1.0,False,False,False,False,False,False,False,False,False,False,False,False,PASS
2257,80,1,0.0,0.8875,0.0,1.0,5.0729556,1.0,0.0,91.52907,7.800000000000001,0.0,0.0,0.8701871,1.0,0.0,0.0,0.0,0.0,0.0,0.0,1.0,5.0,5.0,1.0,0.0,0.0,0.87538093,False,False,False,False,False,False,False,False,False,False,False,False,PASS
2258,80,1,0.0,1.0,0.0,1.0,0.06942266,0.0,0.0,0.0,0.0,1.0,0.0,1.0,1.0,0.0,0.0,0.0,0.0,0.0,0.0,1.0,5.0,5.0,1.0,1.0,1.0,1.0,False,False,False,False,False,False,False,False,False,False,False,False,PASS
2259,80,1,0.0,0.925,0.0,1.0,2.0227199,1.0,0.0,54.36355,5.800000000000001,0.0,0.0,0.99999994,1.0,0.0,0.0,0.0,0.0,0.0,0.0,1.0,5.0,5.0,1.0,0.0,0.0,0.97749996,False,False,False,False,False,False,False,False,False,False,False,False,PASS
2260,80,1,0.0,0.8875,0.0,1.0,4.765535,1.0,0.0,56.41241,4.5,0.5,0.0,0.85426635,1.0,0.0,0.0,0.0,0.0,0.0,0.0,1.0,5.0,5.0,1.0,0.0,0.0,0.8642365,False,False,False,False,False,False,False,False,False,False,False,False,PASS
2261,80,1,0.0,1.0,0.0,1.0,10.399993,1.0,0.0,35.015697,8.0,0.0,0.0,1.0,1.0,0.0,0.0,0.0,0.0,0.0,0.0,1.0,3.1000001,4.845,1.0,0.0,0.0,1.0,False,False,False,False,False,False,False,False,False,False,False,False,PASS
2262,80,1,0.0,0.8875,0.0,1.0,9.863389,1.0,0.0,162.14786,8.0,0.0,0.0,0.87518424,1.0,0.0,0.0,0.0,0.0,2.7635574,9.948807,0.6221006,5.0,5.0,1.0,0.0,0.0,0.878879,False,False,False,False,False,False,False,False,False,False,False,False,PASS
2263,80,1,0.0,0.8875,0.0,1.0,10.271286,0.0,0.0,129.82489,7.4,0.0,0.0,0.8245696,1.0,0.0,0.0,0.0,0.0,0.567646,2.0435257,0.98687345,5.0,5.0,1.0,0.92783386,0.7813338,0.84344864,False,False,False,False,False,False,False,False,False,False,False,False,PASS
2264,80,1,0.0,1.0,0.0,1.0,0.028031293,0.0,0.0,0.0,0.0,1.0,0.0,1.0,1.0,0.0,0.0,0.0,0.0,0.0,0.0,1.0,5.0,5.0,1.0,1.0,1.0,1.0,False,False,False,False,False,False,False,False,False,False,False,False,PASS
2265,80,1,0.0,0.825,0.0,1.0,12.532134,1.0,0.0,156.34311,8.0,0.0,0.0,0.82474804,1.0,0.0,0.0,0.0,0.0,3.5929947,12.93478,0.6906046,5.0,5.0,1.0,0.0,0.0,0.82482356,False,False,False,False,False,False,False,False,False,False,False,False,PASS
2266,80,1,0.0,1.0,0.0,1.0,0.20131297,0.0,0.0,0.19565803,8.0,0.0,0.0,1.0,1.0,0.0,0.0,0.0,0.0,0.0,0.0,1.0,5.0,5.0,1.0,1.0,0.84210527,1.0,False,False,False,False,False,False,False,False,False,False,False,False,PASS
2267,80,1,0.0,0.825,0.0,1.0,8.468086,1.0,0.0,3.7685344,0.6000000000000001,1.0,0.0,1.0,1.0,0.0,0.0,0.0,0.0,0.0,0.0,1.0,5.0,5.0,1.0,0.0,0.0,0.94750005,False,False,False,False,False,False,False,False,False,False,False,False,PASS
2268,80,1,0.0,1.0,0.0,1.0,8.162226,0.0,0.0,83.5031,6.0,0.0,0.0,0.82052535,1.0,0.0,0.0,0.0,0.0,0.0,0.0,1.0,5.0,5.0,1.0,0.9439142,0.7948751,0.8743677,False,False,False,False,False,False,False,False,False,False,False,False,PASS
2269,80,1,0.0,0.8875,0.0,1.0,13.592395,1.0,0.0,141.92706,8.0,0.0,0.0,0.80138665,1.0,0.0,0.0,0.0,0.0,1.888195,6.797502,0.9156213,5.0,5.0,1.0,0.0,0.0,0.8272206,False,False,False,False,False,False,False,False,False,False,False,False,PASS
2270,80,1,0.0,1.0,0.0,1.0,0.12880257,1.0,0.0,0.11960491,8.0,0.0,0.0,1.0,1.0,0.0,0.0,0.0,0.0,0.0,0.0,1.0,5.0,5.0,1.0,0.0,0.0,1.0,False,False,False,False,False,False,False,False,False,False,False,False,PASS
2271,32,0,1.0,0.28125,0.0,1.0,2.7975326,0.0,0.0,15.883596,3.2,1.5,1.0,0.6023608,1.0,0.0,0.0,0.0,0.0,0.0,0.0,1.0,0.0,1.8625,0.0,0.0,0.0,0.0,True,True,False,True,False,True,False,False,True,True,True,True,OVERLAP+AT_FAULT
2272,80,1,0.0,0.71250004,0.0,1.0,12.344981,0.0,0.0,149.9329,8.0,0.0,0.0,0.8115487,1.0,0.0,0.0,0.0,0.0,2.845684,10.244462,0.7780149,5.0,5.0,1.0,0.8496752,0.715516,0.7818341,False,False,False,False,False,False,False,False,False,False,False,False,PASS
2273,80,1,0.0,1.0,0.0,1.0,6.905764,1.0,0.0,9.206942,5.300000000000001,0.5,0.0,1.0,1.0,0.0,0.0,0.0,0.0,0.0,0.0,1.0,5.0,5.0,1.0,0.0,0.0,1.0,False,False,False,False,False,False,False,False,False,False,False,False,PASS
2274,80,1,0.0,0.8875,0.0,1.0,6.0424614,1.0,0.0,43.929108,3.1,1.5,0.0,0.8751393,1.0,0.0,0.0,0.0,0.0,0.0,0.0,1.0,5.0,5.0,1.0,0.0,0.0,0.87884754,False,False,False,False,False,False,False,False,False,False,False,False,PASS
2275,80,1,0.0,1.0,0.0,1.0,0.049770396,0.0,0.0,0.046793085,8.0,0.0,0.0,1.0,1.0,0.0,0.0,0.0,0.0,0.0,0.0,1.0,5.0,5.0,1.0,1.0,0.84210527,1.0,False,False,False,False,False,False,False,False,False,False,False,False,PASS
2276,80,1,0.0,1.0,0.0,1.0,8.6449,1.0,0.0,153.53098,8.0,0.0,0.0,0.86029637,1.0,0.0,0.0,0.0,0.0,1.7438564,6.277883,0.8844406,5.0,5.0,1.0,0.0,0.0,0.9022075,False,False,False,False,False,False,False,False,False,False,False,False,PASS
2277,80,1,0.0,0.7875,0.0,1.0,7.4353495,1.0,0.0,123.19386,8.0,0.0,0.0,0.8576137,1.0,0.0,0.0,0.0,0.0,0.0,0.0,1.0,5.0,5.0,1.0,0.0,0.0,0.8365796,False,False,False,False,False,False,False,False,False,False,False,False,PASS
2278,80,1,0.0,0.8875,0.0,1.0,2.6097095,0.0,0.0,1.2563255,8.0,0.0,0.0,0.024074385,0.0,0.0,0.0,0.0,0.0,0.0,0.0,1.0,5.0,5.0,1.0,0.0,0.0,0.28310207,False,False,False,False,False,False,False,True,True,False,True,False,LOW_PROGRESS
2279,80,1,0.0,0.71250004,0.0,1.0,2.6706505,1.0,0.0,36.624126,8.0,0.0,0.0,1.0,1.0,0.0,0.0,0.0,0.0,0.0,0.0,1.0,0.4,3.4337502,0.0,0.0,0.0,0.91375,False,False,False,False,False,False,False,False,False,False,False,False,PASS
2280,80,1,0.0,0.875,0.0,1.0,12.252001,1.0,0.0,83.48369,5.0,0.5,0.0,0.8258674,1.0,0.0,0.0,0.0,0.0,0.0,0.0,1.0,5.0,5.0,1.0,0.0,0.0,0.84060717,False,False,False,False,False,False,False,False,False,False,False,False,PASS
2281,80,1,0.0,0.8875,0.0,1.0,10.3936,0.0,0.0,104.960754,6.300000000000001,0.0,0.0,0.8252632,1.0,0.0,0.0,0.0,0.0,0.0,0.0,1.0,5.0,5.0,1.0,0.93133223,0.78427976,0.84393424,False,False,False,False,False,False,False,False,False,False,False,False,PASS
2282,80,1,0.0,1.0,0.0,1.0,0.10455871,0.0,0.0,0.0,0.0,1.0,0.0,1.0,1.0,0.0,0.0,0.0,0.0,0.0,0.0,1.0,5.0,5.0,1.0,1.0,1.0,1.0,False,False,False,False,False,False,False,False,False,False,False,False,PASS
2283,80,1,0.0,1.0,0.0,1.0,0.85674566,1.0,0.0,9.418167,8.0,0.0,0.0,1.0,1.0,0.0,0.0,0.0,0.0,0.0,0.0,1.0,5.0,5.0,1.0,0.0,0.0,1.0,False,False,False,False,False,False,False,False,False,False,False,False,PASS
2284,80,1,0.0,1.0,0.0,1.0,1.2266028,1.0,0.0,2.980554,8.0,0.0,0.0,1.0,1.0,0.0,0.0,0.0,0.0,0.0,0.0,1.0,5.0,5.0,1.0,0.0,0.0,1.0,False,False,False,False,False,False,False,False,False,False,False,False,PASS
2285,80,1,0.0,0.65000004,0.0,1.0,17.070757,1.0,0.0,130.19882,8.0,0.0,0.0,0.73652226,1.0,0.0,0.0,0.0,0.0,1.9499683,7.019886,0.93740344,5.0,5.0,1.0,0.0,0.0,0.71056557,False,False,False,False,False,False,False,False,False,False,False,False,PASS
2286,80,1,0.0,1.0,0.0,1.0,15.0879965,1.0,0.0,13.818336,1.2000000000000002,1.0,0.0,0.72329056,1.0,0.0,0.0,0.0,0.0,0.0,0.0,1.0,5.0,5.0,1.0,0.0,0.0,0.80630344,False,False,False,False,False,False,False,False,False,False,False,False,PASS
2287,80,1,0.0,0.875,0.0,1.0,10.202178,0.0,0.0,121.86583,8.0,0.0,0.0,0.8274916,1.0,0.0,0.0,0.0,0.0,0.0,0.0,1.0,5.0,5.0,1.0,0.9304661,0.78355044,0.84174407,False,False,False,False,False,False,False,False,False,False,False,False,PASS
2288,80,1,0.0,1.0,0.0,1.0,13.489145,1.0,0.0,69.070694,8.0,0.0,0.0,0.6634991,1.0,0.0,0.0,0.0,0.0,0.0,0.0,1.0,5.0,5.0,1.0,0.0,0.0,0.7644494,False,False,False,False,False,False,False,False,True,False,False,False,PASS
2289,80,1,0.0,0.875,0.0,1.0,6.349592,1.0,0.0,154.04495,8.0,0.0,0.0,0.8982506,1.0,0.0,0.0,0.0,0.0,0.82850266,2.9826095,0.9565753,5.0,5.0,1.0,0.0,0.0,0.8912754,False,False,False,False,False,False,False,False,False,False,False,False,PASS
2290,80,1,0.0,0.925,0.0,1.0,6.449806,1.0,0.0,42.089615,7.300000000000001,0.0,0.0,1.0000001,1.0,0.0,0.0,0.0,0.0,0.0,0.0,1.0,3.9,4.90375,1.0,0.0,0.0,0.97749996,False,False,False,False,False,False,False,False,False,False,False,False,PASS
2291,80,1,0.0,1.0,0.0,1.0,0.6038742,1.0,0.0,0.13156888,1.3,1.0,0.0,1.0,1.0,0.0,0.0,0.0,0.0,0.0,0.0,1.0,5.0,5.0,1.0,0.0,0.0,1.0,False,False,False,False,False,False,False,False,False,False,False,False,PASS
2292,80,1,0.0,0.8625,0.0,1.0,2.7642727,1.0,0.0,64.76759,8.0,0.0,0.0,1.0,1.0,0.0,0.0,0.0,0.0,0.0,0.0,1.0,5.0,5.0,1.0,0.0,0.0,0.95874995,False,False,False,False,False,False,False,False,False,False,False,False,PASS
2293,56,0,0.0,0.83928573,0.0,1.0,3.4593768,1.0,1.0,49.118515,5.6000000000000005,0.5,0.0,0.77050775,1.0,0.0,0.0,0.0,0.0,0.0,0.0,1.0,5.0,5.0,1.0,0.0,0.0,0.0,True,False,True,False,False,False,False,False,False,False,True,True,OFFROAD
2294,80,1,0.0,0.8875,0.0,1.0,4.4970255,1.0,0.0,84.66963,8.0,0.0,0.0,0.88328946,1.0,0.0,0.0,0.0,0.0,0.0,0.0,1.0,5.0,5.0,1.0,0.0,0.0,0.8845526,False,False,False,False,False,False,False,False,False,False,False,False,PASS
2295,1,0,1.0,1.0,0.0,1.0,0.009188845,1.0,0.0,0.018311983,0.1,1.0,1.0,1.0,1.0,0.0,0.0,0.0,0.0,0.0,0.0,1.0,5.0,5.0,1.0,0.0,0.0,0.0,True,True,False,True,False,True,False,False,False,False,True,True,OVERLAP+AT_FAULT
2296,64,0,0.0,0.890625,4.6694202,0.5,4.7343025,1.0,1.0,45.17697,5.7,0.5,0.0,0.90063,1.0,0.0,0.0,0.0,0.0,0.0,0.0,1.0,5.0,5.0,1.0,0.0,0.0,0.0,True,False,True,False,False,False,False,False,False,False,True,True,OFFROAD
2297,80,1,0.0,0.925,2.105064,0.5,14.698837,1.0,0.0,26.22568,3.5,0.5,0.0,0.63057023,1.0,0.0,0.0,0.0,0.0,0.0,0.0,1.0,5.0,5.0,1.0,0.0,0.0,0.7188992,False,False,False,False,False,False,False,False,True,False,False,False,PASS
2298,80,1,0.0,1.0,0.0,1.0,9.6159315,1.0,0.0,57.697372,8.0,0.0,0.0,0.73192286,1.0,0.0,0.0,0.0,0.0,0.0,0.0,1.0,4.5,4.9725,1.0,0.0,0.0,0.812346,False,False,False,False,False,False,False,False,False,False,False,False,PASS
2299,80,1,0.0,0.8625,0.0,1.0,4.4254127,1.0,0.0,158.16335,8.0,0.0,0.0,0.91380286,1.0,0.0,0.0,0.0,0.0,3.0891132,11.120808,0.5151072,0.7,4.6087503,0.0,0.0,0.0,0.8984119,False,False,False,False,False,False,False,False,False,False,False,False,PASS
2300,80,1,0.0,0.875,0.0,1.0,2.079869,1.0,0.0,47.353615,7.4,0.0,0.0,0.9425017,1.0,0.0,0.0,0.0,0.0,0.0,0.0,1.0,5.0,5.0,1.0,0.0,0.0,0.9222512,False,False,False,False,False,False,False,False,False,False,False,False,PASS
2301,9,0,1.0,0.33333334,0.0,1.0,0.22234042,0.0,0.0,5.0602884,0.9,1.0,1.0,0.07289834,0.0,0.0,0.0,0.0,0.0,0.0,0.0,1.0,0.5,2.6777778,0.0,0.0,0.0,0.0,True,True,False,True,False,True,False,True,True,True,True,True,OVERLAP+AT_FAULT
2302,80,1,0.0,0.8875,0.0,1.0,14.837375,1.0,0.0,104.95555,8.0,0.0,0.0,0.73139817,1.0,0.0,0.0,0.0,0.0,0.0,0.0,1.0,3.0,4.7650003,1.0,0.0,0.0,0.7782287,False,False,False,False,False,False,False,False,False,False,False,False,PASS
2303,80,1,0.0,0.8875,0.0,1.0,11.765182,1.0,0.0,135.7644,8.0,0.0,0.0,0.80682194,1.0,0.0,0.0,0.0,0.0,0.0,0.0,1.0,5.0,5.0,1.0,0.0,0.0,0.8310253,False,False,False,False,False,False,False,False,False,False,False,False,PASS
2304,80,1,0.0,1.0,0.0,1.0,5.776844,1.0,0.0,60.47792,5.300000000000001,0.5,0.0,0.8506347,1.0,0.0,0.0,0.0,0.0,0.0,0.0,1.0,5.0,5.0,1.0,0.0,0.0,0.89544433,False,False,False,False,False,False,False,False,False,False,False,False,PASS
2305,80,1,0.0,0.725,0.0,1.0,3.4350872,1.0,0.0,123.84112,6.6000000000000005,0.0,0.0,0.9379346,1.0,0.0,0.0,0.0,0.0,0.23975563,0.86312026,0.99704355,5.0,5.0,1.0,0.0,0.0,0.87405425,False,False,False,False,False,False,False,False,False,False,False,False,PASS
2306,80,1,0.0,1.0,0.0,1.0,7.2177925,1.0,0.0,57.17359,5.1000000000000005,0.5,0.0,0.8022835,1.0,0.0,0.0,0.0,0.0,0.0,0.0,1.0,5.0,5.0,1.0,0.0,0.0,0.8615985,False,False,False,False,False,False,False,False,False,False,False,False,PASS
2307,80,1,0.0,0.8875,0.0,1.0,2.378614,1.0,0.0,43.01761,7.7,0.0,0.0,1.0,1.0,0.0,0.0,0.0,0.0,0.0,0.0,1.0,5.0,5.0,1.0,0.0,0.0,0.96625006,False,False,False,False,False,False,False,False,False,False,False,False,PASS
2308,80,1,0.0,0.925,0.0,1.0,11.180049,1.0,0.0,39.710884,7.1000000000000005,0.0,0.0,0.99589145,1.0,0.0,0.0,0.0,0.0,0.0,0.0,1.0,2.8,4.8650002,1.0,0.0,0.0,0.9746241,False,False,False,False,False,False,False,False,False,False,False,False,PASS
2309,80,1,0.0,0.9375,0.0,1.0,8.055583,1.0,0.0,43.674637,2.5,1.0,0.0,0.87657624,1.0,0.0,0.0,0.0,0.0,1.055357,3.799285,0.9260546,5.0,5.0,1.0,0.0,0.0,0.8948534,False,False,False,False,False,False,False,False,False,False,False,False,PASS
2310,22,0,0.0,1.0,0.0,1.0,0.43830475,1.0,1.0,6.881679,1.9,1.0,0.0,0.30465844,1.0,0.0,0.0,0.0,0.0,0.0,0.0,1.0,4.8,4.9909096,1.0,0.0,0.0,0.0,True,False,True,False,False,False,False,True,True,False,True,True,OFFROAD
2311,80,1,0.0,1.0,0.0,1.0,0.2322795,0.0,0.0,0.6172495,8.0,0.0,0.0,1.0,1.0,0.0,0.0,0.0,0.0,0.0,0.0,1.0,5.0,5.0,1.0,1.0,0.84210527,1.0,False,False,False,False,False,False,False,False,False,False,False,False,PASS
2312,80,1,0.0,0.7,0.0,1.0,9.998973,1.0,0.0,94.924515,7.5,0.0,0.0,0.7679129,1.0,0.0,0.0,0.0,0.0,0.0,0.0,1.0,4.2000003,4.9837503,1.0,0.0,0.0,0.74753904,False,False,False,False,False,False,False,False,False,False,False,False,PASS
2313,80,1,0.0,0.925,0.0,1.0,4.203502,1.0,0.0,0.0,0.0,1.0,0.0,0.81949663,1.0,0.0,0.0,0.0,0.0,0.0,0.0,1.0,5.0,5.0,1.0,0.0,0.0,0.85114765,False,False,False,False,False,False,False,False,False,False,False,False,PASS
2314,80,1,0.0,0.875,0.0,1.0,5.122847,0.0,0.0,54.027508,8.0,0.0,0.0,1.0,1.0,0.0,0.0,0.0,0.0,0.0,0.0,1.0,5.0,5.0,1.0,0.984375,0.82894737,0.96250004,False,False,False,False,False,False,False,False,False,False,False,False,PASS
2315,80,1,0.0,1.0,0.0,1.0,4.4854174,0.0,0.0,0.0,0.0,1.0,0.0,0.99999994,1.0,0.0,0.0,0.0,0.0,0.0,0.0,1.0,5.0,5.0,1.0,1.0,1.0,1.0,False,False,False,False,False,False,False,False,False,False,False,False,PASS
2316,80,1,0.0,0.8875,0.0,1.0,17.342873,1.0,0.0,112.53482,7.5,0.0,0.0,0.71188223,1.0,0.0,0.0,0.0,0.0,0.4697361,1.6910499,0.99606663,5.0,5.0,1.0,0.0,0.0,0.76456755,False,False,False,False,False,False,False,False,False,False,False,False,PASS
2317,80,1,0.0,1.0,0.0,1.0,2.9220216,1.0,0.0,43.507294,6.9,0.0,0.0,1.0,1.0,0.0,0.0,0.0,0.0,0.0,0.0,1.0,4.1,4.9425,1.0,0.0,0.0,1.0,False,False,False,False,False,False,False,False,False,False,False,False,PASS
2318,62,0,0.0,0.6612903,0.0,1.0,4.6577144,1.0,0.0,79.94927,4.6000000000000005,0.5,1.0,0.706457,1.0,0.0,0.0,0.0,0.0,0.0,0.0,1.0,5.0,5.0,1.0,0.0,0.0,0.0,True,True,False,False,False,False,False,False,False,False,True,True,OVERLAP
2319,80,1,0.0,1.0,0.0,1.0,0.12312447,1.0,0.0,0.12314378,8.0,0.0,0.0,1.0,1.0,0.0,0.0,0.0,0.0,0.0,0.0,1.0,5.0,5.0,1.0,0.0,0.0,1.0,False,False,False,False,False,False,False,False,False,False,False,False,PASS
2320,80,1,0.0,1.0,0.0,1.0,0.6051796,1.0,0.0,0.5522454,8.0,0.0,0.0,1.0,1.0,0.0,0.0,0.0,0.0,0.0,0.0,1.0,5.0,5.0,1.0,0.0,0.0,1.0,False,False,False,False,False,False,False,False,False,False,False,False,PASS
2321,80,1,0.0,0.575,0.0,1.0,6.746635,1.0,0.0,104.35104,6.6000000000000005,0.0,0.0,0.95584047,1.0,0.0,0.0,0.0,0.0,0.0,0.0,1.0,0.90000004,4.82375,0.0,0.0,0.0,0.8415883,False,False,False,False,False,False,False,False,False,False,False,False,PASS
2322,80,1,0.0,0.725,0.0,1.0,10.424145,1.0,0.0,136.97768,8.0,0.0,0.0,0.9385989,1.0,0.0,0.0,0.0,0.0,0.0,0.0,1.0,5.0,5.0,1.0,0.0,0.0,0.8745193,False,False,False,False,False,False,False,False,False,False,False,False,PASS
2323,80,1,0.0,0.7875,0.0,1.0,9.538513,0.0,0.0,86.04625,4.800000000000001,0.5,0.0,0.8421453,1.0,0.0,0.0,0.0,0.0,1.0552788,3.7990036,0.966513,5.0,5.0,1.0,0.91573614,0.85009366,0.8257517,False,False,False,False,False,False,False,False,False,False,False,False,PASS
2324,80,1,0.0,1.0,0.0,1.0,9.854052,1.0,0.0,4.7272177,0.3,1.0,0.0,0.804723,1.0,0.0,0.0,0.0,0.0,0.0,0.0,1.0,5.0,5.0,1.0,0.0,0.0,0.86330616,False,False,False,False,False,False,False,False,False,False,False,False,PASS
2325,80,1,0.0,0.925,0.0,1.0,6.7091646,1.0,0.0,14.784967,5.4,0.5,0.0,0.99999994,1.0,0.0,0.0,0.0,0.0,0.0,0.0,1.0,3.2,4.84375,1.0,0.0,0.0,0.97749996,False,False,False,False,False,False,False,False,False,False,False,False,PASS
2326,80,1,0.0,0.8875,0.0,1.0,7.458917,1.0,0.0,159.29962,8.0,0.0,0.0,0.9111797,1.0,0.0,0.0,0.0,0.0,1.2049904,4.3379655,0.8542573,5.0,5.0,1.0,0.0,0.0,0.9040758,False,False,False,False,False,False,False,False,False,False,False,False,PASS
2327,4,0,1.0,0.0,0.0,1.0,0.18940127,0.0,0.0,2.0312035,0.4,1.0,1.0,0.052349806,0.0,0.0,0.0,0.0,0.0,0.0,0.0,1.0,0.0,0.425,0.0,0.0,0.0,0.0,True,True,False,True,False,True,False,True,True,True,True,True,OVERLAP+AT_FAULT
2328,1,0,1.0,1.0,0.0,1.0,0.0021546793,1.0,0.0,0.006002072,0.1,1.0,1.0,1.0,1.0,0.0,0.0,0.0,0.0,0.0,0.0,1.0,5.0,5.0,1.0,0.0,0.0,0.0,True,True,False,True,False,True,False,False,False,False,True,True,OVERLAP+AT_FAULT
2329,80,1,0.0,1.0,0.0,1.0,2.560767,1.0,0.0,36.805527,4.2,0.5,0.0,0.91436124,1.0,0.0,0.0,0.0,0.0,0.0,0.0,1.0,1.7,4.3275003,1.0,0.0,0.0,0.9400529,False,False,False,False,False,False,False,False,False,False,False,False,PASS
2330,80,1,0.0,0.8625,0.0,1.0,14.110919,1.0,0.0,95.574745,6.6000000000000005,0.0,0.0,0.75282943,1.0,0.0,0.0,0.0,0.0,0.0,0.0,1.0,5.0,5.0,1.0,0.0,0.0,0.7857306,False,False,False,False,False,False,False,False,False,False,False,False,PASS
2331,80,1,0.0,1.0,0.0,1.0,0.07558645,1.0,0.0,0.05439908,8.0,0.0,0.0,1.0,1.0,0.0,0.0,0.0,0.0,0.0,0.0,1.0,5.0,5.0,1.0,0.0,0.0,1.0,False,False,False,False,False,False,False,False,False,False,False,False,PASS
2332,31,0,2.0,1.0,0.0,1.0,0.27276033,1.0,0.0,0.3289664,3.1,1.5,1.0,1.0,1.0,0.0,0.0,0.0,0.0,0.0,0.0,1.0,5.0,5.0,1.0,-0.0,-0.0,0.0,True,True,False,True,False,True,False,False,False,False,True,True,OVERLAP+AT_FAULT
2333,80,1,0.0,1.0,0.0,1.0,0.32025,1.0,0.0,2.2416,8.0,0.0,0.0,0.95367074,1.0,0.0,0.0,0.0,0.0,0.0,0.0,1.0,5.0,5.0,1.0,0.0,0.0,0.96756953,False,False,False,False,False,False,False,False,False,False,False,False,PASS
2334,80,1,0.0,1.0,0.0,1.0,0.14276989,1.0,0.0,0.6832568,8.0,0.0,0.0,1.0,1.0,0.0,0.0,0.0,0.0,0.0,0.0,1.0,5.0,5.0,1.0,0.0,0.0,1.0,False,False,False,False,False,False,False,False,False,False,False,False,PASS
2335,80,1,0.0,1.0,0.0,1.0,12.961736,1.0,0.0,70.98915,8.0,0.0,0.0,0.6718858,1.0,0.0,0.0,0.0,0.0,0.0,0.0,1.0,2.8,4.9725,1.0,0.0,0.0,0.77032006,False,False,False,False,False,False,False,False,True,False,False,False,PASS
2336,80,1,0.0,0.7875,0.0,1.0,15.180533,1.0,0.0,133.07141,8.0,0.0,0.0,0.91806895,1.0,0.0,0.0,0.0,0.0,0.0,0.0,1.0,5.0,5.0,1.0,0.0,0.0,0.87889826,False,False,False,False,False,False,False,False,False,False,False,False,PASS
2337,80,1,0.0,0.8875,0.0,1.0,4.4985003,1.0,0.0,54.336205,8.0,0.0,0.0,1.0,1.0,0.0,0.0,0.0,0.0,0.0,0.0,1.0,3.5,4.8975,1.0,0.0,0.0,0.96625006,False,False,False,False,False,False,False,False,False,False,False,False,PASS
2338,80,1,0.0,0.8875,0.0,1.0,12.161115,1.0,0.0,117.108215,7.0,0.0,0.0,0.7981608,1.0,0.0,0.0,0.0,0.0,0.0,0.0,1.0,5.0,5.0,1.0,0.0,0.0,0.8249626,False,False,False,False,False,False,False,False,False,False,False,False,PASS
2339,80,1,0.0,0.8875,0.0,1.0,13.320986,1.0,0.0,140.85397,8.0,0.0,0.0,0.8027665,1.0,0.0,0.0,0.0,0.0,0.18785286,0.67627025,0.99816203,5.0,5.0,1.0,0.0,0.0,0.82818663,False,False,False,False,False,False,False,False,False,False,False,False,PASS
2340,80,1,0.0,1.0,0.0,1.0,3.25984,1.0,0.0,0.97957677,0.7000000000000001,1.0,0.0,1.0,1.0,0.0,0.0,0.0,0.0,0.0,0.0,1.0,5.0,5.0,1.0,0.0,0.0,1.0,False,False,False,False,False,False,False,False,False,False,False,False,PASS
2341,80,1,0.0,0.925,0.0,1.0,5.460538,1.0,0.0,175.90747,7.9,0.0,0.0,0.9122194,1.0,0.0,0.0,0.0,0.0,3.9510803,14.223888,0.032125175,5.0,5.0,1.0,0.0,0.0,0.9160536,False,False,False,False,False,False,False,False,False,False,False,False,PASS
2342,43,0,0.0,0.37209302,0.0,1.0,5.600972,1.0,1.0,88.35533,4.3,0.5,0.0,0.49981567,1.0,0.0,0.0,0.0,0.0,1.8922672,6.812162,0.6399634,5.0,5.0,1.0,0.0,0.0,0.0,True,False,True,False,False,False,False,True,True,True,True,True,OFFROAD
2343,80,1,0.0,0.925,0.0,1.0,27.651693,1.0,0.0,87.88086,8.0,0.0,0.0,0.56805116,1.0,0.0,0.0,0.0,0.0,0.0,0.0,1.0,5.0,5.0,1.0,0.0,0.0,0.6751358,False,False,False,False,False,False,False,False,True,False,False,False,PASS
2344,80,1,0.0,1.0,0.0,1.0,6.966919,1.0,0.0,59.136864,8.0,0.0,0.0,0.8385985,1.0,0.0,0.0,0.0,0.0,0.0,0.0,1.0,2.1000001,4.5012503,1.0,0.0,0.0,0.887019,False,False,False,False,False,False,False,False,False,False,False,False,PASS
2345,80,1,0.0,0.925,0.0,1.0,17.37124,1.0,0.0,73.4583,7.300000000000001,0.0,0.0,0.66020566,1.0,0.0,0.0,0.0,0.0,0.0,0.0,1.0,5.0,5.0,1.0,0.0,0.0,0.739644,False,False,False,False,False,False,False,False,True,False,False,False,PASS
2346,80,1,0.0,1.0,0.0,1.0,4.6967416,1.0,0.0,73.13309,8.0,0.0,0.0,0.8441913,1.0,0.0,0.0,0.0,0.0,0.0,0.0,1.0,3.6000001,4.9125,1.0,0.0,0.0,0.89093393,False,False,False,False,False,False,False,False,False,False,False,False,PASS
2347,80,1,0.0,0.8875,34.74711,0.0,11.273631,1.0,0.0,73.56377,7.5,0.0,0.0,0.7417696,1.0,0.0,0.0,0.0,0.0,0.0,0.0,1.0,5.0,5.0,1.0,0.0,0.0,0.7854887,False,False,False,False,False,False,False,False,False,False,False,False,PASS
2348,80,1,0.0,1.0,0.0,1.0,0.33198115,1.0,0.0,0.31686187,8.0,0.0,0.0,1.0,1.0,0.0,0.0,0.0,0.0,0.0,0.0,1.0,4.4,4.9875,1.0,0.0,0.0,1.0,False,False,False,False,False,False,False,False,False,False,False,False,PASS
2349,80,1,0.0,1.0,0.0,1.0,3.5805511,1.0,0.0,51.219055,7.9,0.0,0.0,1.0,1.0,0.0,0.0,0.0,0.0,0.0,0.0,1.0,4.4,4.96375,1.0,0.0,0.0,1.0,False,False,False,False,False,False,False,False,False,False,False,False,PASS
2350,15,0,1.0,0.6,0.0,1.0,0.82083404,1.0,0.0,14.987817,1.5,1.0,1.0,0.14959401,0.0,0.0,0.0,0.0,0.0,0.0,0.0,1.0,0.1,4.6733336,0.0,0.0,0.0,0.0,True,True,False,True,False,True,False,True,True,False,True,True,OVERLAP+AT_FAULT
2351,80,1,0.0,0.875,0.0,1.0,7.6864204,1.0,0.0,103.451294,5.1000000000000005,0.5,0.0,0.84687895,1.0,0.0,0.0,0.0,0.0,2.3785381,8.562737,0.63600725,5.0,5.0,1.0,0.0,0.0,0.8553152,False,False,False,False,False,False,False,False,False,False,False,False,PASS
2352,80,1,0.0,1.0,0.0,1.0,4.121944,1.0,0.0,21.462177,8.0,0.0,0.0,0.59320384,1.0,0.0,0.0,0.0,0.0,0.0,0.0,1.0,3.9,4.96875,1.0,0.0,0.0,0.7152427,False,False,False,False,False,False,False,False,True,False,False,False,PASS
2353,80,1,0.0,0.75,0.0,1.0,5.2221026,1.0,0.0,124.757904,8.0,0.0,0.0,0.99999994,1.0,0.0,0.0,0.0,0.0,0.0,0.0,1.0,5.0,5.0,1.0,0.0,0.0,0.925,False,False,False,False,False,False,False,False,False,False,False,False,PASS
2354,80,1,0.0,0.8875,0.0,1.0,4.855719,1.0,0.0,64.84732,7.5,0.0,0.0,1.0,1.0,0.0,0.0,0.0,0.0,0.0,0.0,1.0,5.0,5.0,1.0,0.0,0.0,0.96625006,False,False,False,False,False,False,False,False,False,False,False,False,PASS
2355,80,1,0.0,0.6125,0.0,1.0,6.318807,1.0,0.0,45.131035,5.2,0.5,0.0,0.8671796,1.0,0.0,0.0,0.0,0.0,0.0,0.0,1.0,3.5,4.9637504,1.0,0.0,0.0,0.7907757,False,False,False,False,False,False,False,False,False,False,False,False,PASS
2356,80,1,0.0,1.0,0.0,1.0,0.0215026,1.0,0.0,0.028764658,8.0,0.0,0.0,1.0,1.0,0.0,0.0,0.0,0.0,0.0,0.0,1.0,5.0,5.0,1.0,0.0,0.0,1.0,False,False,False,False,False,False,False,False,False,False,False,False,PASS
2357,80,1,0.0,1.0,0.0,1.0,6.261687,1.0,0.0,32.925056,8.0,0.0,0.0,1.0,1.0,0.0,0.0,0.0,0.0,0.0,0.0,1.0,5.0,5.0,1.0,0.0,0.0,1.0,False,False,False,False,False,False,False,False,False,False,False,False,PASS
2358,80,1,0.0,1.0,0.0,1.0,4.597061,1.0,0.0,57.07043,8.0,0.0,0.0,0.8408713,1.0,0.0,0.0,0.0,0.0,0.0,0.0,1.0,5.0,5.0,1.0,0.0,0.0,0.8886099,False,False,False,False,False,False,False,False,False,False,False,False,PASS
2359,80,1,0.0,0.65000004,0.0,1.0,11.73227,0.0,0.0,34.44432,1.5,1.0,0.0,0.825265,1.0,0.0,0.0,0.0,0.0,3.8869762,13.993114,0.5926702,5.0,5.0,1.0,0.7998129,0.83142143,0.7726855,False,False,False,False,False,False,False,False,False,False,False,False,PASS
2360,80,1,0.0,1.0,0.0,1.0,0.15975355,0.0,0.0,0.0,0.0,1.0,0.0,1.0,1.0,0.0,0.0,0.0,0.0,0.0,0.0,1.0,5.0,5.0,1.0,1.0,1.0,1.0,False,False,False,False,False,False,False,False,False,False,False,False,PASS
2361,80,1,0.0,0.85,0.0,1.0,12.806506,1.0,0.0,100.52716,8.0,0.0,0.0,0.82850283,1.0,0.0,0.0,0.0,0.0,0.0,0.0,1.0,4.0,4.9875,1.0,0.0,0.0,0.834952,False,False,False,False,False,False,False,False,False,False,False,False,PASS
2362,80,1,0.0,0.8875,0.0,1.0,10.076547,0.0,0.0,47.875755,2.9000000000000004,1.0,0.0,0.82414836,1.0,0.0,0.0,0.0,0.0,0.23593903,0.8493805,0.9974061,5.0,5.0,1.0,0.9303354,0.9413351,0.8431539,False,False,False,False,False,False,False,False,False,False,False,False,PASS
2363,80,1,0.0,1.0,0.0,1.0,0.08177777,0.0,0.0,0.0,0.0,1.0,0.0,1.0,1.0,0.0,0.0,0.0,0.0,0.0,0.0,1.0,5.0,5.0,1.0,1.0,1.0,1.0,False,False,False,False,False,False,False,False,False,False,False,False,PASS
2364,80,1,0.0,1.0,0.0,1.0,3.3482747,1.0,0.0,9.466856,8.0,0.0,0.0,0.9976786,1.0,0.0,0.0,0.0,0.0,0.0,0.0,1.0,3.1000001,4.72375,1.0,0.0,0.0,0.99837494,False,False,False,False,False,False,False,False,False,False,False,False,PASS
2365,80,1,0.0,1.0,0.0,1.0,0.3168573,1.0,0.0,0.35678008,8.0,0.0,0.0,1.0,1.0,0.0,0.0,0.0,0.0,0.0,0.0,1.0,5.0,5.0,1.0,0.0,0.0,1.0,False,False,False,False,False,False,False,False,False,False,False,False,PASS
2366,80,1,0.0,1.0,0.0,1.0,0.04611085,1.0,0.0,0.043902926,8.0,0.0,0.0,1.0,1.0,0.0,0.0,0.0,0.0,0.0,0.0,1.0,5.0,5.0,1.0,0.0,0.0,1.0,False,False,False,False,False,False,False,False,False,False,False,False,PASS
2367,8,0,1.0,1.0,0.0,1.0,0.02754698,1.0,0.0,0.026253302,0.8,1.0,1.0,1.0,1.0,0.0,0.0,0.0,0.0,0.0,0.0,1.0,5.0,5.0,1.0,0.0,0.0,0.0,True,True,False,True,False,True,False,False,False,False,True,True,OVERLAP+AT_FAULT
2368,80,1,0.0,0.8875,0.0,1.0,2.8837736,1.0,0.0,70.48604,8.0,0.0,0.0,1.0,1.0,0.0,0.0,0.0,0.0,0.0,0.0,1.0,5.0,5.0,1.0,0.0,0.0,0.96625006,False,False,False,False,False,False,False,False,False,False,False,False,PASS
2369,80,1,0.0,1.0,0.0,1.0,0.10037489,0.0,0.0,0.0,0.0,1.0,0.0,1.0,1.0,0.0,0.0,0.0,0.0,0.0,0.0,1.0,5.0,5.0,1.0,1.0,1.0,1.0,False,False,False,False,False,False,False,False,False,False,False,False,PASS
2370,80,1,0.0,0.8,0.0,1.0,16.811642,0.0,0.0,11.231297,1.3,1.0,0.0,0.687218,1.0,0.0,0.0,0.0,0.0,0.0,0.0,1.0,5.0,5.0,1.0,0.8772557,0.89663637,0.7210526,False,False,False,False,False,False,False,False,True,False,False,False,PASS
2371,80,1,0.0,0.8875,0.0,1.0,2.9253738,1.0,0.0,61.97587,7.7,0.0,0.0,0.91158664,1.0,0.0,0.0,0.0,0.0,0.0,0.0,1.0,5.0,5.0,1.0,0.0,0.0,0.9043606,False,False,False,False,False,False,False,False,False,False,False,False,PASS
2372,80,1,0.0,0.8125,0.0,1.0,11.150523,1.0,0.0,119.0102,8.0,0.0,0.0,0.79558176,1.0,0.0,0.0,0.0,0.0,0.0,0.0,1.0,5.0,5.0,1.0,0.0,0.0,0.8006573,False,False,False,False,False,False,False,False,False,False,False,False,PASS
2373,80,1,0.0,0.8875,0.0,1.0,13.959185,1.0,0.0,61.006638,7.7,0.0,0.0,0.69929713,1.0,0.0,0.0,0.0,0.0,0.0,0.0,1.0,5.0,5.0,1.0,0.0,0.0,0.755758,False,False,False,False,False,False,False,False,True,False,False,False,PASS
2374,80,1,0.0,0.875,0.0,1.0,11.878337,1.0,0.0,109.253075,6.5,0.0,0.0,0.8026833,1.0,0.0,0.0,0.0,0.0,0.91596794,3.2974844,0.96955335,5.0,5.0,1.0,0.0,0.0,0.8243783,False,False,False,False,False,False,False,False,False,False,False,False,PASS
2375,47,0,0.0,0.99999994,0.0,1.0,0.7887999,1.0,1.0,3.005151,2.2,1.0,0.0,0.23795368,1.0,0.0,0.0,0.0,0.0,0.0,0.0,1.0,5.0,5.0,1.0,0.0,0.0,0.0,True,False,True,False,False,False,False,True,True,False,True,True,OFFROAD
2376,80,1,0.0,0.8,0.0,1.0,12.92435,0.0,0.0,92.35516,5.6000000000000005,0.5,0.0,0.8069928,1.0,0.0,0.0,0.0,0.0,1.6051769,5.778637,0.9528113,5.0,5.0,1.0,0.90288806,0.83927417,0.80489504,False,False,False,False,False,False,False,False,False,False,False,False,PASS
2377,80,1,0.0,1.0,0.0,1.0,2.1805468,1.0,0.0,45.703087,8.0,0.0,0.0,1.0,1.0,0.0,0.0,0.0,0.0,0.0,0.0,1.0,5.0,5.0,1.0,0.0,0.0,1.0,False,False,False,False,False,False,False,False,False,False,False,False,PASS
2378,80,1,0.0,1.0,0.0,1.0,0.34736845,0.0,0.0,0.0,0.0,1.0,0.0,1.0,1.0,0.0,0.0,0.0,0.0,0.0,0.0,1.0,5.0,5.0,1.0,1.0,1.0,1.0,False,False,False,False,False,False,False,False,False,False,False,False,PASS
2379,80,1,0.0,0.925,0.0,1.0,3.2759988,0.0,0.0,44.55993,8.0,0.0,0.0,1.0,1.0,0.0,0.0,0.0,0.0,0.0,0.0,1.0,5.0,5.0,1.0,0.990625,0.8342106,0.97749996,False,False,False,False,False,False,False,False,False,False,False,False,PASS
2380,80,1,0.0,0.85,0.0,1.0,2.4443614,1.0,0.0,55.591064,8.0,0.0,0.0,0.86060745,1.0,0.0,0.0,0.0,0.0,0.0,0.0,1.0,5.0,5.0,1.0,0.0,0.0,0.8574252,False,False,False,False,False,False,False,False,False,False,False,False,PASS
2381,80,1,0.0,0.8875,0.0,1.0,17.619223,1.0,0.0,128.12085,8.0,0.0,0.0,0.7249669,1.0,0.0,0.0,0.0,0.0,1.9324341,6.9567623,0.9384842,5.0,5.0,1.0,0.0,0.0,0.7737268,False,False,False,False,False,False,False,False,False,False,False,False,PASS
2382,80,1,0.0,0.85,0.0,1.0,2.4576988,1.0,0.0,44.15885,8.0,0.0,0.0,0.9183984,1.0,0.0,0.0,0.0,0.0,0.0,0.0,1.0,5.0,5.0,1.0,0.0,0.0,0.8978788,False,False,False,False,False,False,False,False,False,False,False,False,PASS
2383,80,1,0.0,1.0,0.0,1.0,1.203122,0.0,0.0,0.0,0.0,1.0,0.0,1.0,1.0,0.0,0.0,0.0,0.0,0.0,0.0,1.0,5.0,5.0,1.0,1.0,1.0,1.0,False,False,False,False,False,False,False,False,False,False,False,False,PASS
2384,80,1,0.0,0.83750004,0.0,1.0,14.570688,1.0,0.0,75.76849,4.5,0.5,0.0,0.786966,1.0,0.0,0.0,0.0,0.0,1.9286213,6.9430366,0.9065079,5.0,5.0,1.0,0.0,0.0,0.8021262,False,False,False,False,False,False,False,False,False,False,False,False,PASS
2385,80,1,0.0,0.75,0.0,1.0,12.416086,1.0,0.0,133.47644,8.0,0.0,0.0,0.8010766,1.0,0.0,0.0,0.0,0.0,0.5189686,1.8682868,0.99053866,5.0,5.0,1.0,0.0,0.0,0.78575367,False,False,False,False,False,False,False,False,False,False,False,False,PASS
2386,80,1,0.0,1.0,0.0,1.0,0.7712137,1.0,0.0,1.429815,8.0,0.0,0.0,1.0,1.0,0.0,0.0,0.0,0.0,0.0,0.0,1.0,5.0,5.0,1.0,0.0,0.0,1.0,False,False,False,False,False,False,False,False,False,False,False,False,PASS
2387,80,1,0.0,0.85,0.0,1.0,10.545333,1.0,0.0,127.923,7.4,0.0,0.0,0.82362926,1.0,0.0,0.0,0.0,0.0,1.03228,3.7162077,0.96229774,5.0,5.0,1.0,0.0,0.0,0.8315405,False,False,False,False,False,False,False,False,False,False,False,False,PASS
2388,80,1,0.0,0.8875,0.0,1.0,20.562067,1.0,0.0,81.36553,7.800000000000001,0.0,0.0,0.6203769,1.0,0.0,0.0,0.0,0.0,0.0,0.0,1.0,5.0,5.0,1.0,0.0,0.0,0.7005138,False,False,False,False,False,False,False,False,True,False,False,False,PASS
2389,80,1,0.0,1.0,0.0,1.0,0.13029441,1.0,0.0,0.117742546,8.0,0.0,0.0,1.0,1.0,0.0,0.0,0.0,0.0,0.0,0.0,1.0,5.0,5.0,1.0,0.0,0.0,1.0,False,False,False,False,False,False,False,False,False,False,False,False,PASS
2390,80,1,0.0,0.90000004,0.0,1.0,7.316349,1.0,0.0,34.15805,3.4000000000000004,0.5,0.0,0.7902862,1.0,0.0,0.0,0.0,0.0,0.0,0.0,1.0,5.0,5.0,1.0,0.0,0.0,0.82320035,False,False,False,False,False,False,False,False,False,False,False,False,PASS
2391,80,1,0.0,0.875,0.0,1.0,3.1700296,1.0,0.0,68.85106,8.0,0.0,0.0,1.0,1.0,0.0,0.0,0.0,0.0,0.0,0.0,1.0,5.0,5.0,1.0,0.0,0.0,0.96250004,False,False,False,False,False,False,False,False,False,False,False,False,PASS
2392,80,1,0.0,1.0,0.0,1.0,0.13534527,0.0,0.0,0.32241678,8.0,0.0,0.0,1.0,1.0,0.0,0.0,0.0,0.0,0.0,0.0,1.0,5.0,5.0,1.0,1.0,0.84210527,1.0,False,False,False,False,False,False,False,False,False,False,False,False,PASS
2393,80,1,0.0,0.7875,0.0,1.0,10.356833,0.0,0.0,157.09958,7.800000000000001,0.0,0.0,0.8486611,1.0,0.0,0.0,0.0,0.0,3.4208279,12.31498,0.65524346,5.0,5.0,1.0,0.8399549,0.70733047,0.83031285,False,False,False,False,False,False,False,False,False,False,False,False,PASS
2394,80,1,0.0,1.0,0.0,1.0,6.636869,1.0,0.0,44.805454,5.0,0.5,0.0,0.8179557,1.0,0.0,0.0,0.0,0.0,0.0,0.0,1.0,5.0,5.0,1.0,0.0,0.0,0.872569,False,False,False,False,False,False,False,False,False,False,False,False,PASS
2395,80,1,0.0,1.0,0.0,1.0,4.147176,0.0,0.0,9.168799,8.0,0.0,0.0,1.0,1.0,0.0,0.0,0.0,0.0,0.0,0.0,1.0,5.0,5.0,1.0,1.0,0.84210527,1.0,False,False,False,False,False,False,False,False,False,False,False,False,PASS
2396,80,1,0.0,1.0,0.0,1.0,0.29820186,0.0,0.0,0.2898043,8.0,0.0,0.0,1.0,1.0,0.0,0.0,0.0,0.0,0.0,0.0,1.0,5.0,5.0,1.0,1.0,0.84210527,1.0,False,False,False,False,False,False,False,False,False,False,False,False,PASS
2397,80,1,0.0,1.0,0.0,1.0,14.493213,1.0,0.0,167.10037,8.0,0.0,0.0,0.9657266,1.0,0.0,0.0,0.0,0.0,1.4354839,5.1677423,0.63578284,5.0,5.0,1.0,0.0,0.0,0.9760086,False,False,False,False,False,False,False,False,False,False,False,False,PASS
2398,80,1,0.0,0.83750004,0.0,1.0,14.501389,0.0,0.0,91.065926,4.9,0.5,0.0,0.81228244,1.0,0.0,0.0,0.0,0.0,1.0657845,3.836824,0.97248286,5.0,5.0,1.0,0.91414654,0.848755,0.8198477,False,False,False,False,False,False,False,False,False,False,False,False,PASS
2399,80,1,0.0,1.0,0.0,1.0,11.034921,1.0,0.0,73.242714,7.6,0.0,0.0,0.7472288,1.0,0.0,0.0,0.0,0.0,0.0,0.0,1.0,5.0,5.0,1.0,0.0,0.0,0.8230602,False,False,False,False,False,False,False,False,False,False,False,False,PASS
2400,80,1,0.0,1.0,0.0,1.0,0.09696292,1.0,0.0,0.14202625,8.0,0.0,0.0,1.0,1.0,0.0,0.0,0.0,0.0,0.0,0.0,1.0,5.0,5.0,1.0,0.0,0.0,1.0,False,False,False,False,False,False,False,False,False,False,False,False,PASS
2401,80,1,0.0,1.0,0.0,1.0,0.40881497,1.0,0.0,0.39609715,8.0,0.0,0.0,1.0,1.0,0.0,0.0,0.0,0.0,0.0,0.0,1.0,5.0,5.0,1.0,0.0,0.0,1.0,False,False,False,False,False,False,False,False,False,False,False,False,PASS
2402,80,1,0.0,0.7625,0.0,1.0,6.2162323,1.0,0.0,179.80453,8.0,0.0,0.0,0.94985753,1.0,0.0,0.0,0.0,0.0,3.2505646,11.702032,0.0,5.0,5.0,1.0,0.0,0.0,0.89365023,False,False,False,False,False,False,False,False,False,False,False,False,PASS
2403,80,1,0.0,0.8875,0.0,1.0,6.0452056,1.0,0.0,42.866623,5.6000000000000005,0.5,0.0,0.8588527,1.0,0.0,0.0,0.0,0.0,0.0,0.0,1.0,5.0,5.0,1.0,0.0,0.0,0.8674469,False,False,False,False,False,False,False,False,False,False,False,False,PASS
2404,80,1,0.0,1.0,0.0,1.0,0.78227264,1.0,0.0,48.1608,7.300000000000001,0.0,0.0,0.97555953,1.0,0.0,0.0,0.0,0.0,0.0,0.0,1.0,2.1000001,4.40375,1.0,0.0,0.0,0.9828917,False,False,False,False,False,False,False,False,False,False,False,False,PASS
2405,80,1,0.0,1.0,0.0,1.0,0.4693145,1.0,0.0,0.4553648,8.0,0.0,0.0,1.0,1.0,0.0,0.0,0.0,0.0,0.0,0.0,1.0,5.0,5.0,1.0,0.0,0.0,1.0,False,False,False,False,False,False,False,False,False,False,False,False,PASS
2406,80,1,0.0,0.725,0.0,1.0,1.7318894,0.0,0.0,69.357605,6.4,0.0,0.0,0.9605268,1.0,0.0,0.0,0.0,0.0,0.0,0.0,1.0,2.7,4.76,1.0,0.9532896,0.8027702,0.88986874,False,False,False,False,False,False,False,False,False,False,False,False,PASS
2407,80,1,0.0,1.0,0.0,1.0,0.20013702,0.0,0.0,0.19592525,8.0,0.0,0.0,1.0,1.0,0.0,0.0,0.0,0.0,0.0,0.0,1.0,5.0,5.0,1.0,1.0,0.84210527,1.0,False,False,False,False,False,False,False,False,False,False,False,False,PASS
2408,80,1,0.0,0.8,0.0,1.0,10.207575,1.0,0.0,62.35832,5.1000000000000005,0.5,0.0,0.78703654,1.0,0.0,0.0,0.0,0.0,0.0,0.0,1.0,5.0,5.0,1.0,0.0,0.0,0.7909256,False,False,False,False,False,False,False,False,False,False,False,False,PASS
2409,80,1,0.0,1.0,0.0,1.0,0.08220915,0.0,0.0,0.09824954,8.0,0.0,0.0,1.0,1.0,0.0,0.0,0.0,0.0,0.0,0.0,1.0,5.0,5.0,1.0,1.0,0.84210527,1.0,False,False,False,False,False,False,False,False,False,False,False,False,PASS
2410,22,0,1.0,0.3181818,0.0,1.0,10.265419,1.0,0.0,52.858353,2.2,1.0,1.0,0.2495871,1.0,0.0,0.0,0.0,0.0,4.02063,14.474267,0.0,0.0,2.8136365,0.0,0.0,0.0,0.0,True,True,False,True,False,True,False,True,True,True,True,True,OVERLAP+AT_FAULT
2411,67,0,0.0,0.86567163,0.0,1.0,4.353914,1.0,1.0,33.929237,5.0,0.5,0.0,1.0,1.0,0.0,0.0,0.0,0.0,0.0,0.0,1.0,5.0,5.0,1.0,0.0,0.0,0.0,True,False,True,False,False,False,False,False,False,False,True,True,OFFROAD
2412,80,1,0.0,0.8875,0.0,1.0,3.2397945,0.0,0.0,108.68495,8.0,0.0,0.0,0.9135861,1.0,0.0,0.0,0.0,0.0,0.0,0.0,1.0,4.8,4.99625,1.0,0.9589331,0.80752265,0.9057602,False,False,False,False,False,False,False,False,False,False,False,False,PASS
2413,80,1,0.0,1.0,0.0,1.0,0.29565632,1.0,0.0,0.46704537,8.0,0.0,0.0,1.0,1.0,0.0,0.0,0.0,0.0,0.0,0.0,1.0,5.0,5.0,1.0,0.0,0.0,1.0,False,False,False,False,False,False,False,False,False,False,False,False,PASS
2414,80,1,0.0,0.83750004,0.0,1.0,10.871178,1.0,0.0,32.717346,8.0,0.0,0.0,0.99996144,1.0,0.0,0.0,0.0,0.0,0.0,0.0,1.0,3.9,4.98625,1.0,0.0,0.0,0.951223,False,False,False,False,False,False,False,False,False,False,False,False,PASS
2415,80,1,0.0,0.7375,0.0,1.0,22.299627,1.0,0.0,118.72889,8.0,0.0,0.0,0.6626534,1.0,0.0,0.0,0.0,0.0,1.7822285,6.4160223,0.9633345,4.0,4.9875,1.0,0.0,0.0,0.6851074,False,False,False,False,False,False,False,False,True,False,False,False,PASS
2416,80,1,0.0,1.0,0.0,1.0,0.47876787,0.0,0.0,0.0,0.0,1.0,0.0,1.0,1.0,0.0,0.0,0.0,0.0,0.0,0.0,1.0,5.0,5.0,1.0,1.0,1.0,1.0,False,False,False,False,False,False,False,False,False,False,False,False,PASS
2417,1,0,0.0,0.0,0.0,1.0,0.012796476,1.0,0.0,2.002119,0.1,1.0,1.0,0.0130111,0.0,0.0,0.0,0.0,0.0,0.0,0.0,1.0,5.0,5.0,1.0,0.0,0.0,0.0,True,True,False,False,False,False,False,True,True,True,True,True,OVERLAP
2418,80,1,0.0,0.75,0.0,1.0,10.5864,1.0,0.0,136.60397,6.5,0.0,0.0,0.84975475,1.0,0.0,0.0,0.0,0.0,3.9104786,14.077723,0.5419629,5.0,5.0,1.0,0.0,0.0,0.81982833,False,False,False,False,False,False,False,False,False,False,False,False,PASS
2419,80,1,0.0,1.0,0.0,1.0,1.6826214,1.0,0.0,3.1450367,8.0,0.0,0.0,1.0,1.0,0.0,0.0,0.0,0.0,0.0,0.0,1.0,5.0,5.0,1.0,0.0,0.0,1.0,False,False,False,False,False,False,False,False,False,False,False,False,PASS
2420,80,1,0.0,0.8125,0.0,1.0,5.943186,1.0,0.0,82.426605,6.9,0.0,0.0,0.87442786,1.0,0.0,0.0,0.0,0.0,0.0,0.0,1.0,5.0,5.0,1.0,0.0,0.0,0.85584944,False,False,False,False,False,False,False,False,False,False,False,False,PASS
2421,80,1,0.0,0.875,0.0,1.0,12.82062,1.0,0.0,152.3665,8.0,0.0,0.0,0.8135108,1.0,0.0,0.0,0.0,0.0,3.3897438,12.203077,0.72411084,5.0,5.0,1.0,0.0,0.0,0.8319575,False,False,False,False,False,False,False,False,False,False,False,False,PASS
2422,80,1,0.0,0.875,0.0,1.0,10.753767,1.0,0.0,71.35864,7.300000000000001,0.0,0.0,0.7476168,1.0,0.0,0.0,0.0,0.0,0.0,0.0,1.0,5.0,5.0,1.0,0.0,0.0,0.7858318,False,False,False,False,False,False,False,False,False,False,False,False,PASS
2423,80,1,0.0,0.8,0.0,1.0,12.120731,1.0,0.0,91.76451,4.3,0.5,0.0,0.81244004,1.0,0.0,0.0,0.0,0.0,3.6716785,13.218042,0.6000148,5.0,5.0,1.0,0.0,0.0,0.808708,False,False,False,False,False,False,False,False,False,False,False,False,PASS
2424,80,1,0.0,1.0,0.0,1.0,10.027587,1.0,0.0,14.930167,1.2000000000000002,1.0,0.0,0.7742104,1.0,0.0,0.0,0.0,0.0,0.0,0.0,1.0,5.0,5.0,1.0,0.0,0.0,0.84194726,False,False,False,False,False,False,False,False,False,False,False,False,PASS
2425,80,1,0.0,0.8875,0.0,1.0,1.9510962,1.0,0.0,62.279213,8.0,0.0,0.0,1.0,1.0,0.0,0.0,0.0,0.0,0.0,0.0,1.0,5.0,5.0,1.0,0.0,0.0,0.96625006,False,False,False,False,False,False,False,False,False,False,False,False,PASS
2426,80,1,0.0,0.725,0.0,1.0,13.997321,0.0,0.0,153.45831,8.0,0.0,0.0,0.97749466,1.0,0.0,0.0,0.0,0.0,0.0,0.0,1.0,5.0,5.0,1.0,0.95859206,0.8072354,0.9017463,False,False,False,False,False,False,False,False,False,False,False,False,PASS
2427,80,1,0.0,0.725,0.0,1.0,12.263124,0.0,0.0,187.5636,8.0,0.0,0.0,1.0,1.0,0.0,0.0,0.0,0.0,3.9755745,14.312068,0.0,2.7,4.9175,1.0,0.715625,0.60263157,0.9175,False,False,False,False,False,False,False,False,False,False,False,False,PASS
2428,80,1,0.0,0.875,0.0,1.0,6.6760683,0.0,0.0,31.893087,4.5,0.5,0.0,1.0,1.0,0.0,0.0,0.0,0.0,0.0,0.0,1.0,5.0,5.0,1.0,0.984375,0.90789473,0.96250004,False,False,False,False,False,False,False,False,False,False,False,False,PASS
2429,80,1,0.0,1.0,0.0,1.0,0.1660888,0.0,0.0,0.16273728,8.0,0.0,0.0,1.0,1.0,0.0,0.0,0.0,0.0,0.0,0.0,1.0,5.0,5.0,1.0,1.0,0.84210527,1.0,False,False,False,False,False,False,False,False,False,False,False,False,PASS
2430,80,1,0.0,1.0,10.842506,0.0,6.0145416,1.0,0.0,23.727034,3.9,0.5,0.0,1.0,1.0,0.0,0.0,0.0,0.0,0.0,0.0,1.0,5.0,5.0,1.0,0.0,0.0,1.0,False,False,False,False,False,False,False,False,False,False,False,False,PASS
2431,80,1,0.0,1.0,0.0,1.0,0.01104518,1.0,0.0,0.0,0.0,1.0,0.0,1.0,1.0,0.0,0.0,0.0,0.0,0.0,0.0,1.0,5.0,5.0,1.0,0.0,0.0,1.0,False,False,False,False,False,False,False,False,False,False,False,False,PASS
2432,80,1,0.0,0.8875,0.0,1.0,9.427127,1.0,0.0,87.68204,4.3,0.5,0.0,0.8374967,1.0,0.0,0.0,0.0,0.0,3.3725166,12.14106,0.5354383,5.0,5.0,1.0,0.0,0.0,0.8524977,False,False,False,False,False,False,False,False,False,False,False,False,PASS
2433,80,1,0.0,0.925,0.0,1.0,4.2139983,1.0,0.0,49.59347,8.0,0.0,0.0,0.97968674,1.0,0.0,0.0,0.0,0.0,0.0,0.0,1.0,5.0,5.0,1.0,0.0,0.0,0.9632807,False,False,False,False,False,False,False,False,False,False,False,False,PASS
2434,80,1,0.0,0.8875,0.0,1.0,3.9734552,1.0,0.0,64.68713,8.0,0.0,0.0,0.8680999,1.0,0.0,0.0,0.0,0.0,0.0,0.0,1.0,5.0,5.0,1.0,0.0,0.0,0.8739199,False,False,False,False,False,False,False,False,False,False,False,False,PASS
2435,80,1,0.0,0.925,0.0,1.0,7.9274936,1.0,0.0,0.0,0.0,1.0,0.0,0.99999994,1.0,0.0,0.0,0.0,0.0,0.0,0.0,1.0,5.0,5.0,1.0,0.0,0.0,0.97749996,False,False,False,False,False,False,False,False,False,False,False,False,PASS
2436,80,1,0.0,1.0,0.0,1.0,0.28282788,0.0,0.0,0.0,0.0,1.0,0.0,1.0,1.0,0.0,0.0,0.0,0.0,0.0,0.0,1.0,5.0,5.0,1.0,1.0,1.0,1.0,False,False,False,False,False,False,False,False,False,False,False,False,PASS
2437,80,1,0.0,0.9875,0.0,1.0,8.982836,1.0,0.0,81.57503,7.300000000000001,0.0,0.0,0.7727103,1.0,0.0,0.0,0.0,0.0,0.0,0.0,1.0,1.3000001,4.27,1.0,0.0,0.0,0.83714724,False,False,False,False,False,False,False,False,False,False,False,False,PASS
2438,80,1,0.0,1.0,0.0,1.0,0.3118937,1.0,0.0,0.2642278,8.0,0.0,0.0,1.0,1.0,0.0,0.0,0.0,0.0,0.0,0.0,1.0,5.0,5.0,1.0,0.0,0.0,1.0,False,False,False,False,False,False,False,False,False,False,False,False,PASS
2439,80,1,0.0,1.0,0.0,1.0,8.386635,1.0,0.0,0.0,0.0,1.0,0.0,0.8622003,1.0,0.0,0.0,0.0,0.0,0.0,0.0,1.0,5.0,5.0,1.0,0.0,0.0,0.90354025,False,False,False,False,False,False,False,False,False,False,False,False,PASS
2440,80,1,0.0,0.90000004,0.0,1.0,11.093013,1.0,0.0,107.02257,8.0,0.0,0.0,0.80006206,1.0,0.0,0.0,0.0,0.0,0.0,0.0,1.0,5.0,5.0,1.0,0.0,0.0,0.83004344,False,False,False,False,False,False,False,False,False,False,False,False,PASS
2441,80,1,0.0,0.8875,0.0,1.0,3.8190935,1.0,0.0,14.985696,1.7000000000000002,1.0,0.0,1.0,1.0,0.0,0.0,0.0,0.0,0.0,0.0,1.0,5.0,5.0,1.0,0.0,0.0,0.96625006,False,False,False,False,False,False,False,False,False,False,False,False,PASS
2442,80,1,0.0,0.8875,0.0,1.0,3.9973602,0.0,0.0,120.37514,6.9,0.0,0.0,0.9388217,1.0,0.0,0.0,0.0,0.0,0.0,0.0,1.0,5.0,5.0,1.0,0.9668193,0.8141636,0.92342514,False,False,False,False,False,False,False,False,False,False,False,False,PASS
2443,80,1,0.0,0.7625,0.0,1.0,9.27978,1.0,0.0,23.987978,1.2000000000000002,1.0,0.0,0.8743973,1.0,0.0,0.0,0.0,0.0,2.8102303,10.116829,0.81241894,5.0,5.0,1.0,0.0,0.0,0.8408281,False,False,False,False,False,False,False,False,False,False,False,False,PASS
2444,80,1,0.0,1.0,0.0,1.0,0.13169467,1.0,0.0,0.12815432,8.0,0.0,0.0,1.0,1.0,0.0,0.0,0.0,0.0,0.0,0.0,1.0,5.0,5.0,1.0,0.0,0.0,1.0,False,False,False,False,False,False,False,False,False,False,False,False,PASS
2445,80,1,0.0,1.0,0.0,1.0,9.255217,1.0,0.0,61.70578,7.5,0.0,0.0,0.8055834,1.0,0.0,0.0,0.0,0.0,0.0,0.0,1.0,5.0,5.0,1.0,0.0,0.0,0.8639084,False,False,False,False,False,False,False,False,False,False,False,False,PASS
2446,80,1,0.0,0.8875,0.0,1.0,14.780194,1.0,0.0,147.22296,8.0,0.0,0.0,0.7988732,1.0,0.0,0.0,0.0,0.0,2.6891136,9.680809,0.87001544,5.0,5.0,1.0,0.0,0.0,0.8254612,False,False,False,False,False,False,False,False,False,False,False,False,PASS
2447,80,1,0.0,0.8875,0.0,1.0,19.962584,1.0,0.0,68.36484,7.7,0.0,0.0,0.5956884,1.0,0.0,0.0,0.0,0.0,0.0,0.0,1.0,3.0,4.84375,1.0,0.0,0.0,0.6832319,False,False,False,False,False,False,False,False,True,False,False,False,PASS
2448,80,1,0.0,0.8875,0.0,1.0,11.947519,1.0,0.0,137.3941,7.0,0.0,0.0,0.8123071,1.0,0.0,0.0,0.0,0.0,3.2950096,11.862034,0.7098516,5.0,5.0,1.0,0.0,0.0,0.83486503,False,False,False,False,False,False,False,False,False,False,False,False,PASS
2449,80,1,0.0,1.0,0.0,1.0,0.10342659,0.0,0.0,0.10078064,8.0,0.0,0.0,1.0,1.0,0.0,0.0,0.0,0.0,0.0,0.0,1.0,5.0,5.0,1.0,1.0,0.84210527,1.0,False,False,False,False,False,False,False,False,False,False,False,False,PASS
2450,80,1,0.0,0.925,0.0,1.0,5.888675,1.0,0.0,148.57214,8.0,0.0,0.0,0.93336314,1.0,0.0,0.0,0.0,0.0,0.069776535,0.25119552,0.9994479,5.0,5.0,1.0,0.0,0.0,0.93085426,False,False,False,False,False,False,False,False,False,False,False,False,PASS
2451,80,1,0.0,0.8625,0.0,1.0,8.034545,1.0,0.0,138.46675,8.0,0.0,0.0,0.87532115,1.0,0.0,0.0,0.0,0.0,0.0,0.0,1.0,5.0,5.0,1.0,0.0,0.0,0.87147486,False,False,False,False,False,False,False,False,False,False,False,False,PASS
2452,80,1,0.0,1.0,0.0,1.0,0.061675876,0.0,0.0,0.061903454,8.0,0.0,0.0,1.0,1.0,0.0,0.0,0.0,0.0,0.0,0.0,1.0,5.0,5.0,1.0,1.0,0.84210527,1.0,False,False,False,False,False,False,False,False,False,False,False,False,PASS
2453,80,1,0.0,0.52500004,0.0,1.0,7.0762544,1.0,0.0,91.90651,6.300000000000001,0.0,0.0,0.8889804,1.0,0.0,0.0,0.0,0.0,0.0,0.0,1.0,5.0,5.0,1.0,0.0,0.0,0.7797863,False,False,False,False,False,False,False,False,False,False,False,False,PASS
2454,80,1,0.0,0.925,0.0,1.0,9.383933,1.0,0.0,161.97348,8.0,0.0,0.0,0.86213064,1.0,0.0,0.0,0.0,0.0,3.3569736,12.085105,0.5577675,3.0,4.95125,1.0,0.0,0.0,0.88099146,False,False,False,False,False,False,False,False,False,False,False,False,PASS
2455,80,1,0.0,0.8625,0.0,1.0,12.8126135,1.0,0.0,154.0553,8.0,0.0,0.0,0.8125236,1.0,0.0,0.0,0.0,0.0,3.3935146,12.216652,0.7522593,5.0,5.0,1.0,0.0,0.0,0.82751656,False,False,False,False,False,False,False,False,False,False,False,False,PASS
2456,80,1,0.0,1.0,0.0,1.0,11.967399,1.0,0.0,89.65776,4.9,0.5,0.0,0.8245883,1.0,0.0,0.0,0.0,0.0,3.3037643,11.893551,0.71224463,5.0,5.0,1.0,0.0,0.0,0.87721175,False,False,False,False,False,False,False,False,False,False,False,False,PASS
2457,80,1,0.0,0.925,0.0,1.0,3.0424664,1.0,0.0,50.482773,8.0,0.0,0.0,1.0,1.0,0.0,0.0,0.0,0.0,0.0,0.0,1.0,5.0,5.0,1.0,0.0,0.0,0.97749996,False,False,False,False,False,False,False,False,False,False,False,False,PASS
2458,80,1,0.0,0.8875,21.577518,0.0,9.516054,1.0,0.0,90.362686,6.5,0.0,0.0,0.83408314,1.0,0.0,0.0,0.0,0.0,0.0,0.0,1.0,5.0,5.0,1.0,0.0,0.0,0.85010815,False,False,False,False,False,False,False,False,False,False,False,False,PASS
2459,80,1,0.0,1.0,0.0,1.0,0.4809761,1.0,0.0,0.9069127,8.0,0.0,0.0,1.0,1.0,0.0,0.0,0.0,0.0,0.0,0.0,1.0,5.0,5.0,1.0,0.0,0.0,1.0,False,False,False,False,False,False,False,False,False,False,False,False,PASS
2460,42,0,1.0,1.0,0.0,1.0,0.3322089,0.0,0.0,0.36778852,4.2,0.5,1.0,1.0,1.0,0.0,0.0,0.0,0.0,0.0,0.0,1.0,0.0,2.2714288,0.0,0.0,0.0,0.0,True,True,False,True,False,True,False,False,False,False,True,True,OVERLAP+AT_FAULT
2461,80,1,0.0,0.9875,0.0,1.0,1.7951778,1.0,0.0,53.171333,8.0,0.0,0.0,0.9268969,1.0,0.0,0.0,0.0,0.0,0.0,0.0,1.0,5.0,5.0,1.0,0.0,0.0,0.9450779,False,False,False,False,False,False,False,False,False,False,False,False,PASS
2462,80,1,0.0,0.8875,3.201534,0.5,17.434607,1.0,0.0,36.044674,5.2,0.5,0.0,0.5915436,1.0,0.0,0.0,0.0,0.0,0.0,0.0,1.0,5.0,5.0,1.0,0.0,0.0,0.6803305,False,False,False,False,False,False,False,False,True,False,False,False,PASS
2463,80,1,0.0,0.8625,0.0,1.0,3.1276176,1.0,0.0,54.927124,8.0,0.0,0.0,0.99999994,1.0,0.0,0.0,0.0,0.0,0.0,0.0,1.0,1.4,4.155,1.0,0.0,0.0,0.95874995,False,False,False,False,False,False,False,False,False,False,False,False,PASS
2464,80,1,0.0,0.875,0.0,1.0,9.78656,1.0,0.0,166.43369,8.0,0.0,0.0,0.88745624,1.0,0.0,0.0,0.0,0.0,3.25136,11.704895,0.48775357,5.0,5.0,1.0,0.0,0.0,0.8837194,False,False,False,False,False,False,False,False,False,False,False,False,PASS
2465,80,1,0.0,0.8875,0.0,1.0,5.09223,1.0,0.0,109.70697,8.0,0.0,0.0,0.9383998,1.0,0.0,0.0,0.0,0.0,0.0,0.0,1.0,5.0,5.0,1.0,0.0,0.0,0.92312986,False,False,False,False,False,False,False,False,False,False,False,False,PASS
2466,80,1,0.0,1.0,0.0,1.0,0.10091867,1.0,0.0,0.0,0.0,1.0,0.0,1.0,1.0,0.0,0.0,0.0,0.0,0.0,0.0,1.0,5.0,5.0,1.0,0.0,0.0,1.0,False,False,False,False,False,False,False,False,False,False,False,False,PASS
2467,80,1,0.0,0.6875,0.0,1.0,10.335586,0.0,0.0,140.88155,8.0,0.0,0.0,0.8246047,1.0,0.0,0.0,0.0,0.0,0.85541916,3.0795088,0.9679343,5.0,5.0,1.0,0.8981101,0.75630325,0.7834733,False,False,False,False,False,False,False,False,False,False,False,False,PASS
2468,21,0,0.0,1.0,0.0,1.0,1.2464538,1.0,1.0,6.5116196,1.2000000000000002,1.0,0.0,0.38660958,1.0,0.0,0.0,0.0,0.0,0.0,0.0,1.0,5.0,5.0,1.0,0.0,0.0,0.0,True,False,True,False,False,False,False,True,True,False,True,True,OFFROAD
2469,80,1,0.0,1.0,0.0,1.0,3.2960014,1.0,0.0,50.485558,8.0,0.0,0.0,0.9634653,1.0,0.0,0.0,0.0,0.0,0.0,0.0,1.0,2.4,4.90625,1.0,0.0,0.0,0.97442573,False,False,False,False,False,False,False,False,False,False,False,False,PASS
2470,80,1,0.0,0.8125,0.0,1.0,9.036665,1.0,0.0,91.61717,8.0,0.0,0.0,0.7896258,1.0,0.0,0.0,0.0,0.0,0.0,0.0,1.0,5.0,5.0,1.0,0.0,0.0,0.7964881,False,False,False,False,False,False,False,False,False,False,False,False,PASS
2471,80,1,0.0,1.0,0.0,1.0,7.0465517,1.0,0.0,41.252304,8.0,0.0,0.0,1.0,1.0,0.0,0.0,0.0,0.0,0.0,0.0,1.0,2.9,4.5975,1.0,0.0,0.0,1.0,False,False,False,False,False,False,False,False,False,False,False,False,PASS
2472,80,1,0.0,0.8,0.0,1.0,3.0139592,1.0,0.0,52.964615,8.0,0.0,0.0,0.8143401,1.0,0.0,0.0,0.0,0.0,0.0,0.0,1.0,5.0,5.0,1.0,0.0,0.0,0.8100381,False,False,False,False,False,False,False,False,False,False,False,False,PASS
2473,29,0,1.0,0.62068963,0.0,1.0,1.5562733,1.0,0.0,19.559132,2.9000000000000004,1.0,1.0,0.27492577,1.0,0.0,0.0,0.0,0.0,0.0,0.0,1.0,0.0,3.4310346,0.0,0.0,0.0,0.0,True,True,False,True,False,True,False,True,True,False,True,True,OVERLAP+AT_FAULT
2474,80,1,0.0,1.0,0.0,1.0,0.027665723,1.0,0.0,0.06308903,8.0,0.0,0.0,1.0,1.0,0.0,0.0,0.0,0.0,0.0,0.0,1.0,5.0,5.0,1.0,0.0,0.0,1.0,False,False,False,False,False,False,False,False,False,False,False,False,PASS
2475,80,1,0.0,1.0,4.015952,0.5,6.8469424,1.0,0.0,19.411812,3.1,1.5,0.0,1.0,1.0,0.0,0.0,0.0,0.0,0.0,0.0,1.0,5.0,5.0,1.0,0.0,0.0,1.0,False,False,False,False,False,False,False,False,False,False,False,False,PASS
2476,80,1,0.0,1.0,0.0,1.0,3.8581789,1.0,0.0,39.590363,8.0,0.0,0.0,1.0000001,1.0,0.0,0.0,0.0,0.0,0.0,0.0,1.0,2.3,4.4012504,1.0,0.0,0.0,1.0,False,False,False,False,False,False,False,False,False,False,False,False,PASS
2477,80,1,0.0,0.5125,0.0,1.0,4.4572587,1.0,0.0,76.2066,8.0,0.0,0.0,0.8756242,1.0,0.0,0.0,0.0,0.0,0.0,0.0,1.0,1.2,4.5074997,1.0,0.0,0.0,0.7666869,False,False,False,False,False,False,False,False,False,False,False,False,PASS
2478,80,1,0.0,1.0,0.0,1.0,1.6830906,0.0,0.0,4.248289,8.0,0.0,0.0,1.0,1.0,0.0,0.0,0.0,0.0,0.0,0.0,1.0,5.0,5.0,1.0,1.0,0.84210527,1.0,False,False,False,False,False,False,False,False,False,False,False,False,PASS
2479,80,1,0.0,0.96250004,0.0,1.0,5.5982013,1.0,0.0,141.4219,8.0,0.0,0.0,0.9126733,1.0,0.0,0.0,0.0,0.0,0.0,0.0,1.0,1.5,4.75625,1.0,0.0,0.0,0.9276213,False,False,False,False,False,False,False,False,False,False,False,False,PASS
2480,80,1,0.0,0.875,0.0,1.0,9.5915365,0.0,0.0,70.20277,5.1000000000000005,0.5,0.0,0.80968416,1.0,0.0,0.0,0.0,0.0,0.0,0.0,1.0,5.0,5.0,1.0,0.9249013,0.85781157,0.82927895,False,False,False,False,False,False,False,False,False,False,False,False,PASS
2481,80,1,0.0,0.8125,0.0,1.0,16.322815,1.0,0.0,128.60822,7.7,0.0,0.0,0.78040725,1.0,0.0,0.0,0.0,0.0,0.25126076,0.9045387,0.9979294,5.0,5.0,1.0,0.0,0.0,0.79003507,False,False,False,False,False,False,False,False,False,False,False,False,PASS
2482,80,1,0.0,0.85,0.0,1.0,5.352318,1.0,0.0,36.977047,5.800000000000001,0.0,0.0,0.7784432,1.0,0.0,0.0,0.0,0.0,0.0,0.0,1.0,2.6000001,4.6125,1.0,0.0,0.0,0.79991025,False,False,False,False,False,False,False,False,False,False,False,False,PASS
2483,80,1,0.0,0.825,0.0,1.0,1.0565289,1.0,0.0,39.25795,5.300000000000001,0.5,0.0,1.0,1.0,0.0,0.0,0.0,0.0,0.0,0.0,1.0,2.1000001,4.63625,1.0,0.0,0.0,0.94750005,False,False,False,False,False,False,False,False,False,False,False,False,PASS
2484,80,1,0.0,0.77500004,0.0,1.0,10.314502,0.0,0.0,74.15573,4.3,0.5,0.0,0.8257186,1.0,0.0,0.0,0.0,0.0,0.0,0.0,1.0,5.0,5.0,1.0,0.9174121,0.85150486,0.810503,False,False,False,False,False,False,False,False,False,False,False,False,PASS
2485,80,1,0.0,1.0,0.0,1.0,3.360667,1.0,0.0,54.420097,7.9,0.0,0.0,0.9038383,1.0,0.0,0.0,0.0,0.0,0.0,0.0,1.0,4.6,4.99375,1.0,0.0,0.0,0.9326868,False,False,False,False,False,False,False,False,False,False,False,False,PASS
2486,80,1,0.0,0.925,0.0,1.0,5.8944836,1.0,0.0,59.561546,8.0,0.0,0.0,0.8341144,1.0,0.0,0.0,0.0,0.0,0.0,0.0,1.0,5.0,5.0,1.0,0.0,0.0,0.86138004,False,False,False,False,False,False,False,False,False,False,False,False,PASS
2487,80,1,0.0,1.0,0.0,1.0,2.9970357,1.0,0.0,48.497288,4.800000000000001,0.5,0.0,0.9084061,1.0,0.0,0.0,0.0,0.0,0.0,0.0,1.0,5.0,5.0,1.0,0.0,0.0,0.9358843,False,False,False,False,False,False,False,False,False,False,False,False,PASS
2488,80,1,0.0,1.0,0.0,1.0,0.14635713,1.0,0.0,0.28878292,8.0,0.0,0.0,1.0,1.0,0.0,0.0,0.0,0.0,0.0,0.0,1.0,5.0,5.0,1.0,0.0,0.0,1.0,False,False,False,False,False,False,False,False,False,False,False,False,PASS
2489,80,1,0.0,0.8875,0.0,1.0,13.004023,1.0,0.0,104.15606,5.300000000000001,0.5,0.0,0.8126125,1.0,0.0,0.0,0.0,0.0,3.183836,11.461809,0.7961336,5.0,5.0,1.0,0.0,0.0,0.8350787,False,False,False,False,False,False,False,False,False,False,False,False,PASS
2490,80,1,0.0,1.0,0.0,1.0,0.3288551,0.0,0.0,0.0,0.0,1.0,0.0,1.0,1.0,0.0,0.0,0.0,0.0,0.0,0.0,1.0,5.0,5.0,1.0,1.0,1.0,1.0,False,False,False,False,False,False,False,False,False,False,False,False,PASS
2491,80,1,0.0,0.58750004,0.0,1.0,10.616206,1.0,0.0,152.38333,7.4,0.0,0.0,0.86241424,1.0,0.0,0.0,0.0,0.0,3.5574665,12.806879,0.66325414,5.0,5.0,1.0,0.0,0.0,0.77993995,False,False,False,False,False,False,False,False,False,False,False,False,PASS
2492,80,1,0.0,1.0,0.0,1.0,6.0566773,1.0,0.0,23.82177,8.0,0.0,0.0,1.0,1.0,0.0,0.0,0.0,0.0,0.0,0.0,1.0,1.8000001,3.98125,1.0,0.0,0.0,1.0,False,False,False,False,False,False,False,False,False,False,False,False,PASS
2493,80,1,0.0,0.8875,0.0,1.0,12.232801,1.0,0.0,154.45122,8.0,0.0,0.0,0.8124381,1.0,0.0,0.0,0.0,0.0,3.5022106,12.607958,0.6778736,5.0,5.0,1.0,0.0,0.0,0.83495665,False,False,False,False,False,False,False,False,False,False,False,False,PASS
2494,80,1,0.0,1.0,0.0,1.0,8.861066,1.0,0.0,95.78888,6.800000000000001,0.0,0.0,0.82214075,1.0,0.0,0.0,0.0,0.0,0.0,0.0,1.0,5.0,5.0,1.0,0.0,0.0,0.8754986,False,False,False,False,False,False,False,False,False,False,False,False,PASS
2495,80,1,0.0,0.8875,0.0,1.0,13.9288025,1.0,0.0,114.862274,6.800000000000001,0.0,0.0,0.81086016,1.0,0.0,0.0,0.0,0.0,0.7206707,2.5944145,0.9842485,5.0,5.0,1.0,0.0,0.0,0.8338521,False,False,False,False,False,False,False,False,False,False,False,False,PASS
2496,80,1,0.0,0.96250004,0.0,1.0,6.8137527,0.0,0.0,24.131567,3.4000000000000004,0.5,0.0,0.8064588,1.0,0.0,0.0,0.0,0.0,0.0,0.0,1.0,5.0,5.0,1.0,0.93483084,0.8661733,0.8532711,False,False,False,False,False,False,False,False,False,False,False,False,PASS
2497,80,1,0.0,0.8875,0.0,1.0,11.943682,1.0,0.0,155.48822,8.0,0.0,0.0,0.82524675,1.0,0.0,0.0,0.0,0.0,3.3448887,12.041599,0.68425345,5.0,5.0,1.0,0.0,0.0,0.84392273,False,False,False,False,False,False,False,False,False,False,False,False,PASS
2498,80,1,0.0,1.0,0.0,1.0,0.12725969,1.0,0.0,0.13233796,8.0,0.0,0.0,1.0,1.0,0.0,0.0,0.0,0.0,0.0,0.0,1.0,5.0,5.0,1.0,0.0,0.0,1.0,False,False,False,False,False,False,False,False,False,False,False,False,PASS
2499,80,1,0.0,0.875,0.0,1.0,12.790603,1.0,0.0,74.05425,3.8,0.5,0.0,0.81263477,1.0,0.0,0.0,0.0,0.0,3.2848244,11.825367,0.73301107,5.0,5.0,1.0,0.0,0.0,0.8313443,False,False,False,False,False,False,False,False,False,False,False,False,PASS
2500,80,1,0.0,1.0,0.0,1.0,0.27096185,1.0,0.0,0.26607785,8.0,0.0,0.0,1.0,1.0,0.0,0.0,0.0,0.0,0.0,0.0,1.0,5.0,5.0,1.0,0.0,0.0,1.0,False,False,False,False,False,False,False,False,False,False,False,False,PASS
2501,80,1,0.0,1.0,0.0,1.0,10.827629,1.0,0.0,158.6611,6.300000000000001,0.0,0.0,1.0,1.0,0.0,0.0,0.0,0.0,6.404171,23.055016,0.0,5.0,5.0,1.0,0.0,0.0,1.0,False,False,False,False,False,False,False,False,False,False,False,False,PASS
2502,80,1,0.0,0.83750004,0.0,1.0,14.6829195,1.0,0.0,89.56825,6.6000000000000005,0.0,0.0,0.7072659,1.0,0.0,0.0,0.0,0.0,0.0,0.0,1.0,5.0,5.0,1.0,0.0,0.0,0.74633616,False,False,False,False,False,False,False,False,False,False,False,False,PASS
2503,80,1,0.0,1.0,0.0,1.0,5.713214,0.0,0.0,52.234142,8.0,0.0,0.0,1.0,1.0,0.0,0.0,0.0,0.0,0.0,0.0,1.0,5.0,5.0,1.0,1.0,0.84210527,1.0,False,False,False,False,False,False,False,False,False,False,False,False,PASS
2504,80,1,0.0,1.0,0.0,1.0,4.7924733,1.0,0.0,44.62941,6.1000000000000005,0.0,0.0,0.86598694,1.0,0.0,0.0,0.0,0.0,0.0,0.0,1.0,5.0,5.0,1.0,0.0,0.0,0.9061909,False,False,False,False,False,False,False,False,False,False,False,False,PASS
2505,80,1,0.0,0.8625,0.0,1.0,17.7011,1.0,0.0,181.49408,8.0,0.0,0.0,0.95015186,1.0,0.0,0.0,0.0,0.0,2.9229126,10.522485,0.0,5.0,5.0,1.0,0.0,0.0,0.9238564,False,False,False,False,False,False,False,False,False,False,False,False,PASS
2506,80,1,0.0,0.83750004,0.0,1.0,12.220349,1.0,0.0,125.642334,7.7,0.0,0.0,0.7986962,1.0,0.0,0.0,0.0,0.0,0.17354393,0.6247581,0.9983508,5.0,5.0,1.0,0.0,0.0,0.81033736,False,False,False,False,False,False,False,False,False,False,False,False,PASS
2507,80,1,0.0,0.8625,0.0,1.0,17.6167,1.0,0.0,154.08553,8.0,0.0,0.0,0.9001694,1.0,0.0,0.0,0.0,0.0,0.12864685,0.46312866,0.9942288,5.0,5.0,1.0,0.0,0.0,0.8888685,False,False,False,False,False,False,False,False,False,False,False,False,PASS
2508,80,1,0.0,0.925,0.0,1.0,13.354049,0.0,0.0,122.86481,8.0,0.0,0.0,0.7877685,1.0,0.0,0.0,0.0,0.0,0.0,0.0,1.0,5.0,5.0,1.0,0.9243027,0.7783602,0.82893795,False,False,False,False,False,False,False,False,False,False,False,False,PASS
2509,80,1,0.0,0.8875,0.0,1.0,9.297019,1.0,0.0,154.95654,8.0,0.0,0.0,0.8643096,1.0,0.0,0.0,0.0,0.0,2.6691017,9.608766,0.72419834,2.0,4.8925004,1.0,0.0,0.0,0.8712668,False,False,False,False,False,False,False,False,False,False,False,False,PASS
2510,80,1,0.0,0.8875,0.0,1.0,2.841462,0.0,0.0,52.73352,7.1000000000000005,0.0,0.0,1.0000001,1.0,0.0,0.0,0.0,0.0,0.0,0.0,1.0,5.0,5.0,1.0,0.9859375,0.83026314,0.96625006,False,False,False,False,False,False,False,False,False,False,False,False,PASS
2511,80,1,0.0,1.0,0.0,1.0,10.844638,1.0,0.0,129.25424,7.5,0.0,0.0,0.8065814,1.0,0.0,0.0,0.0,0.0,0.07513046,0.27046967,0.9995735,5.0,5.0,1.0,0.0,0.0,0.864607,False,False,False,False,False,False,False,False,False,False,False,False,PASS
2512,80,1,0.0,1.0,0.0,1.0,0.07426971,0.0,0.0,0.066416085,8.0,0.0,0.0,1.0,1.0,0.0,0.0,0.0,0.0,0.0,0.0,1.0,5.0,5.0,1.0,1.0,0.84210527,1.0,False,False,False,False,False,False,False,False,False,False,False,False,PASS
2513,80,1,0.0,1.0,0.0,1.0,0.6989813,1.0,0.0,0.59648347,8.0,0.0,0.0,1.0,1.0,0.0,0.0,0.0,0.0,0.0,0.0,1.0,5.0,5.0,1.0,0.0,0.0,1.0,False,False,False,False,False,False,False,False,False,False,False,False,PASS
2514,80,1,0.0,0.875,0.0,1.0,10.723348,0.0,0.0,0.0,0.0,1.0,0.0,0.73841524,1.0,0.0,0.0,0.0,0.0,0.0,0.0,1.0,5.0,5.0,1.0,0.90262973,0.918004,0.7793907,False,False,False,False,False,False,False,False,False,False,False,False,PASS
2515,80,1,0.0,1.0,0.0,1.0,1.4078337,1.0,0.0,2.5022135,8.0,0.0,0.0,0.99999994,1.0,0.0,0.0,0.0,0.0,0.0,0.0,1.0,5.0,5.0,1.0,0.0,0.0,1.0,False,False,False,False,False,False,False,False,False,False,False,False,PASS
2516,80,1,0.0,1.0,0.0,1.0,4.821843,1.0,0.0,24.44196,8.0,0.0,0.0,0.9194686,1.0,0.0,0.0,0.0,0.0,0.0,0.0,1.0,3.1000001,4.9325004,1.0,0.0,0.0,0.943628,False,False,False,False,False,False,False,False,False,False,False,False,PASS
2517,80,1,0.0,1.0,0.0,1.0,6.9569793,1.0,0.0,66.91399,7.6,0.0,0.0,0.80576223,1.0,0.0,0.0,0.0,0.0,0.0,0.0,1.0,5.0,5.0,1.0,0.0,0.0,0.8640335,False,False,False,False,False,False,False,False,False,False,False,False,PASS
2518,80,1,0.0,1.0,0.0,1.0,0.48651358,1.0,0.0,0.7960402,8.0,0.0,0.0,1.0,1.0,0.0,0.0,0.0,0.0,0.0,0.0,1.0,5.0,5.0,1.0,0.0,0.0,1.0,False,False,False,False,False,False,False,False,False,False,False,False,PASS
2519,80,1,0.0,0.8125,0.0,1.0,17.816996,1.0,0.0,154.1285,8.0,0.0,0.0,0.7878509,1.0,0.0,0.0,0.0,0.0,4.022354,14.480474,0.73923004,5.0,5.0,1.0,0.0,0.0,0.79524565,False,False,False,False,False,False,False,False,False,False,False,False,PASS
2520,80,1,0.0,0.8,0.0,1.0,7.692145,0.0,0.0,133.89134,8.0,0.0,0.0,0.89463586,1.0,0.0,0.0,0.0,0.0,0.0,0.0,1.0,5.0,5.0,1.0,0.9420737,0.79332525,0.8662451,False,False,False,False,False,False,False,False,False,False,False,False,PASS
2521,80,1,0.0,1.0,0.0,1.0,11.373997,1.0,0.0,101.8734,5.1000000000000005,0.5,0.0,0.81256676,1.0,0.0,0.0,0.0,0.0,3.3437119,12.037362,0.6638708,5.0,5.0,1.0,0.0,0.0,0.86879677,False,False,False,False,False,False,False,False,False,False,False,False,PASS
2522,80,1,0.0,0.8875,0.0,1.0,11.322275,0.0,0.0,101.36661,6.4,0.0,0.0,0.79249465,1.0,0.0,0.0,0.0,0.0,0.0,0.0,1.0,5.0,5.0,1.0,0.92109203,0.77565646,0.8209963,False,False,False,False,False,False,False,False,False,False,False,False,PASS
2523,80,1,0.0,1.0,0.0,1.0,2.635032,0.0,0.0,8.140279,8.0,0.0,0.0,1.0,1.0,0.0,0.0,0.0,0.0,0.0,0.0,1.0,2.4,4.4212503,1.0,1.0,0.84210527,1.0,False,False,False,False,False,False,False,False,False,False,False,False,PASS
2524,80,1,0.0,1.0,0.0,1.0,2.0289924,1.0,0.0,50.53304,8.0,0.0,0.0,0.9695117,1.0,0.0,0.0,0.0,0.0,0.0,0.0,1.0,2.1000001,4.7050004,1.0,0.0,0.0,0.9786582,False,False,False,False,False,False,False,False,False,False,False,False,PASS
2525,80,1,0.0,0.625,0.0,1.0,11.115548,1.0,0.0,60.877697,4.5,0.5,0.0,0.7997447,1.0,0.0,0.0,0.0,0.0,0.0,0.0,1.0,5.0,5.0,1.0,0.0,0.0,0.7473213,False,False,False,False,False,False,False,False,False,False,False,False,PASS
2526,80,1,0.0,0.625,0.0,1.0,3.1788929,1.0,0.0,87.64348,4.0,0.5,0.0,0.97799146,1.0,0.0,0.0,0.0,0.0,3.6016102,12.965796,0.17317271,5.0,5.0,1.0,0.0,0.0,0.872094,False,False,False,False,False,False,False,False,False,False,False,False,PASS
2527,80,1,0.0,0.875,0.0,1.0,14.948175,1.0,0.0,179.1803,7.800000000000001,0.0,0.0,0.96253175,1.0,0.0,0.0,0.0,0.0,3.5815125,12.893444,0.0,5.0,5.0,1.0,0.0,0.0,0.93627226,False,False,False,False,False,False,False,False,False,False,False,False,PASS
2528,80,1,0.0,0.875,0.0,1.0,11.954571,1.0,0.0,44.92202,2.4000000000000004,1.0,0.0,0.80312544,1.0,0.0,0.0,0.0,0.0,0.29595375,1.0654335,0.9973667,5.0,5.0,1.0,0.0,0.0,0.8246878,False,False,False,False,False,False,False,False,False,False,False,False,PASS
2529,80,1,0.0,0.8875,0.0,1.0,9.963145,1.0,0.0,43.38719,5.0,0.5,0.0,0.7863144,1.0,0.0,0.0,0.0,0.0,0.0,0.0,1.0,3.6000001,4.9225,1.0,0.0,0.0,0.81667006,False,False,False,False,False,False,False,False,False,False,False,False,PASS
2530,80,1,0.0,0.8875,0.0,1.0,1.9632248,0.0,0.0,47.81823,4.3,0.5,0.0,1.0,1.0,0.0,0.0,0.0,0.0,0.0,0.0,1.0,5.0,5.0,1.0,0.9859375,0.9092105,0.96625006,False,False,False,False,False,False,False,False,False,False,False,False,PASS
2531,80,1,0.0,0.925,0.0,1.0,5.0556912,0.0,0.0,49.383034,5.7,0.5,0.0,0.9177199,1.0,0.0,0.0,0.0,0.0,0.0,0.0,1.0,2.6000001,4.65125,1.0,0.96491253,0.8915053,0.91990393,False,False,False,False,False,False,False,False,False,False,False,False,PASS
2532,80,1,0.0,0.83750004,0.0,1.0,7.2448397,1.0,0.0,137.17822,8.0,0.0,0.0,0.8871355,1.0,0.0,0.0,0.0,0.0,0.0,0.0,1.0,5.0,5.0,1.0,0.0,0.0,0.87224483,False,False,False,False,False,False,False,False,False,False,False,False,PASS
2533,80,1,0.0,0.875,0.0,1.0,10.965104,1.0,0.0,115.13118,8.0,0.0,0.0,0.8243095,1.0,0.0,0.0,0.0,0.0,0.0,0.0,1.0,5.0,5.0,1.0,0.0,0.0,0.83951664,False,False,False,False,False,False,False,False,False,False,False,False,PASS
2534,80,1,0.0,0.925,0.0,1.0,1.55605,1.0,0.0,4.700811,8.0,0.0,0.0,0.5578262,1.0,0.0,0.0,0.0,0.0,0.0,0.0,1.0,5.0,5.0,1.0,0.0,0.0,0.6679784,False,False,False,False,False,False,False,False,True,False,False,False,PASS
2535,80,1,0.0,1.0,0.0,1.0,0.20495294,1.0,0.0,0.22500277,8.0,0.0,0.0,1.0,1.0,0.0,0.0,0.0,0.0,0.0,0.0,1.0,5.0,5.0,1.0,0.0,0.0,1.0,False,False,False,False,False,False,False,False,False,False,False,False,PASS
2536,80,1,0.0,1.0,0.0,1.0,0.24938639,1.0,0.0,0.46548244,8.0,0.0,0.0,1.0,1.0,0.0,0.0,0.0,0.0,0.0,0.0,1.0,5.0,5.0,1.0,0.0,0.0,1.0,False,False,False,False,False,False,False,False,False,False,False,False,PASS
2537,80,1,0.0,1.0,0.0,1.0,9.963651,1.0,0.0,80.95513,8.0,0.0,0.0,0.7521423,1.0,0.0,0.0,0.0,0.0,0.0,0.0,1.0,4.5,4.97375,1.0,0.0,0.0,0.8264996,False,False,False,False,False,False,False,False,False,False,False,False,PASS
2538,1,0,1.0,1.0,0.0,1.0,0.0009236295,1.0,0.0,0.0048198644,0.1,1.0,1.0,0.0,0.0,0.0,0.0,0.0,0.0,0.0,0.0,1.0,5.0,5.0,1.0,0.0,0.0,0.0,True,True,False,True,False,True,False,True,True,False,True,True,OVERLAP+AT_FAULT
2539,80,1,0.0,0.8875,0.0,1.0,4.707809,1.0,0.0,47.763878,5.9,0.0,0.0,0.8784494,1.0,0.0,0.0,0.0,0.0,0.0,0.0,1.0,5.0,5.0,1.0,0.0,0.0,0.88116455,False,False,False,False,False,False,False,False,False,False,False,False,PASS
2540,80,1,0.0,0.8875,0.0,1.0,14.804077,0.0,0.0,114.630135,8.0,0.0,0.0,0.84032696,1.0,0.0,0.0,0.0,0.0,0.0,0.0,1.0,5.0,5.0,1.0,0.9360397,0.78824395,0.85447884,False,False,False,False,False,False,False,False,False,False,False,False,PASS
2541,80,1,0.0,1.0,0.0,1.0,0.20670748,0.0,0.0,0.1993675,8.0,0.0,0.0,1.0,1.0,0.0,0.0,0.0,0.0,0.0,0.0,1.0,5.0,5.0,1.0,1.0,0.84210527,1.0,False,False,False,False,False,False,False,False,False,False,False,False,PASS
2542,80,1,0.0,1.0,0.0,1.0,0.31501958,1.0,0.0,0.28769442,8.0,0.0,0.0,1.0,1.0,0.0,0.0,0.0,0.0,0.0,0.0,1.0,5.0,5.0,1.0,0.0,0.0,1.0,False,False,False,False,False,False,False,False,False,False,False,False,PASS
2543,15,0,0.0,0.40000004,5.565922,0.5,1.7141005,1.0,1.0,8.413116,0.8,1.0,0.0,0.18094648,0.0,0.0,0.0,0.0,0.0,0.0,0.0,1.0,5.0,5.0000005,1.0,0.0,0.0,0.0,True,False,True,False,False,False,False,True,True,True,True,True,OFFROAD
2544,80,1,0.0,1.0,0.0,1.0,11.310806,1.0,0.0,141.04816,8.0,0.0,0.0,0.8081626,1.0,0.0,0.0,0.0,0.0,1.118906,4.0280614,0.9580456,5.0,5.0,1.0,0.0,0.0,0.8657139,False,False,False,False,False,False,False,False,False,False,False,False,PASS
2545,80,1,0.0,0.85,0.0,1.0,11.554799,1.0,0.0,101.29295,8.0,0.0,0.0,0.76125467,1.0,0.0,0.0,0.0,0.0,0.0,0.0,1.0,4.9,4.99625,1.0,0.0,0.0,0.7878783,False,False,False,False,False,False,False,False,False,False,False,False,PASS
2546,80,1,0.0,0.8875,0.0,1.0,4.689611,1.0,0.0,74.11751,8.0,0.0,0.0,0.8635876,1.0,0.0,0.0,0.0,0.0,0.0,0.0,1.0,5.0,5.0,1.0,0.0,0.0,0.87076133,False,False,False,False,False,False,False,False,False,False,False,False,PASS
2547,80,1,0.0,0.725,0.0,1.0,11.791185,0.0,0.0,143.28937,8.0,0.0,0.0,0.8135536,1.0,0.0,0.0,0.0,0.0,2.1974564,7.910843,0.87883914,5.0,5.0,1.0,0.87707025,0.7385855,0.7869875,False,False,False,False,False,False,False,False,False,False,False,False,PASS
2548,19,0,0.0,0.0,0.0,1.0,2.7591372,1.0,1.0,15.982347,1.7000000000000002,1.0,0.0,0.17686847,0.0,0.0,0.0,0.0,0.0,0.0,0.0,1.0,2.7,4.2000003,1.0,0.0,0.0,0.0,True,False,True,False,False,False,False,True,True,True,True,True,OFFROAD
2549,80,1,0.0,0.875,0.0,1.0,14.697573,0.0,0.0,145.20126,8.0,0.0,0.0,0.7851764,1.0,0.0,0.0,0.0,0.0,2.4813175,8.932743,0.8453209,5.0,5.0,1.0,0.8785729,0.7398509,0.8121235,False,False,False,False,False,False,False,False,False,False,False,False,PASS
2550,80,1,0.0,1.0,0.0,1.0,0.33139554,1.0,0.0,0.3044541,8.0,0.0,0.0,1.0,1.0,0.0,0.0,0.0,0.0,0.0,0.0,1.0,5.0,5.0,1.0,0.0,0.0,1.0,False,False,False,False,False,False,False,False,False,False,False,False,PASS
2551,80,1,0.0,0.7375,0.0,1.0,19.171848,1.0,0.0,88.87875,8.0,0.0,0.0,0.65088487,1.0,0.0,0.0,0.0,0.0,0.0,0.0,1.0,5.0,5.0,1.0,0.0,0.0,0.67686945,False,False,False,False,False,False,False,False,True,False,False,False,PASS
2552,80,1,0.0,0.8875,0.0,1.0,11.347308,1.0,0.0,125.89873,8.0,0.0,0.0,0.8002753,1.0,0.0,0.0,0.0,0.0,0.0,0.0,1.0,5.0,5.0,1.0,0.0,0.0,0.8264427,False,False,False,False,False,False,False,False,False,False,False,False,PASS
2553,80,1,0.0,0.7625,0.0,1.0,12.389414,1.0,0.0,56.791927,6.1000000000000005,0.0,0.0,0.6899293,1.0,0.0,0.0,0.0,0.0,0.0,0.0,1.0,1.6,4.9112506,1.0,0.0,0.0,0.7117005,False,False,False,False,False,False,False,False,True,False,False,False,PASS
2554,80,1,0.0,1.0,0.0,1.0,3.4636002,1.0,0.0,54.555077,7.0,0.0,0.0,0.88877636,1.0,0.0,0.0,0.0,0.0,0.0,0.0,1.0,5.0,5.0,1.0,0.0,0.0,0.92214346,False,False,False,False,False,False,False,False,False,False,False,False,PASS
2555,80,1,0.0,1.0,0.0,1.0,0.10993268,0.0,0.0,0.0,0.0,1.0,0.0,1.0,1.0,0.0,0.0,0.0,0.0,0.0,0.0,1.0,5.0,5.0,1.0,1.0,1.0,1.0,False,False,False,False,False,False,False,False,False,False,False,False,PASS
2556,80,1,0.0,0.875,0.0,1.0,6.949945,1.0,0.0,124.91829,6.2,0.0,0.0,0.87503463,1.0,0.0,0.0,0.0,0.0,3.2492828,11.697418,0.4711904,5.0,5.0,1.0,0.0,0.0,0.87502426,False,False,False,False,False,False,False,False,False,False,False,False,PASS
2557,80,1,0.0,1.0,0.0,1.0,2.6287174,1.0,0.0,105.01865,8.0,0.0,0.0,0.94673795,1.0,0.0,0.0,0.0,0.0,0.0,0.0,1.0,5.0,5.0,1.0,0.0,0.0,0.9627166,False,False,False,False,False,False,False,False,False,False,False,False,PASS
2558,80,1,0.0,1.0,0.0,1.0,4.8961673,0.0,0.0,157.21985,8.0,0.0,0.0,0.95692706,1.0,0.0,0.0,0.0,0.0,1.453474,5.2325063,0.8419882,5.0,5.0,1.0,0.94703674,0.7975046,0.96984893,False,False,False,False,False,False,False,False,False,False,False,False,PASS
2559,80,1,0.0,1.0,0.0,1.0,4.6220355,1.0,0.0,9.720614,4.1000000000000005,0.5,0.0,1.0,1.0,0.0,0.0,0.0,0.0,0.0,0.0,1.0,1.7,4.3375,1.0,0.0,0.0,1.0,False,False,False,False,False,False,False,False,False,False,False,False,PASS
2560,80,1,0.0,1.0,0.0,1.0,3.2029412,1.0,0.0,8.459116,8.0,0.0,0.0,1.0,1.0,0.0,0.0,0.0,0.0,0.0,0.0,1.0,5.0,5.0,1.0,0.0,0.0,1.0,False,False,False,False,False,False,False,False,False,False,False,False,PASS
2561,80,1,0.0,0.925,0.0,1.0,3.0207946,1.0,0.0,41.843727,8.0,0.0,0.0,1.0,1.0,0.0,0.0,0.0,0.0,0.0,0.0,1.0,5.0,5.0,1.0,0.0,0.0,0.97749996,False,False,False,False,False,False,False,False,False,False,False,False,PASS
2562,80,1,0.0,0.8875,0.0,1.0,9.679538,1.0,0.0,56.939335,5.9,0.0,0.0,0.8007745,1.0,0.0,0.0,0.0,0.0,0.0,0.0,1.0,5.0,5.0,1.0,0.0,0.0,0.8267922,False,False,False,False,False,False,False,False,False,False,False,False,PASS
2563,80,1,0.0,1.0,0.0,1.0,3.1725128,1.0,0.0,53.49661,8.0,0.0,0.0,1.0,1.0,0.0,0.0,0.0,0.0,0.0,0.0,1.0,5.0,5.0,1.0,0.0,0.0,1.0,False,False,False,False,False,False,False,False,False,False,False,False,PASS
2564,80,1,0.0,0.8875,0.0,1.0,8.34574,1.0,0.0,132.54239,7.5,0.0,0.0,0.8521161,1.0,0.0,0.0,0.0,0.0,0.8822613,3.1761405,0.9723981,5.0,5.0,1.0,0.0,0.0,0.8627313,False,False,False,False,False,False,False,False,False,False,False,False,PASS
2565,80,1,0.0,1.0,0.0,1.0,2.0680687,1.0,0.0,2.5458608,4.9,0.5,0.0,1.0,1.0,0.0,0.0,0.0,0.0,0.0,0.0,1.0,5.0,5.0,1.0,0.0,0.0,1.0,False,False,False,False,False,False,False,False,False,False,False,False,PASS
2566,80,1,0.0,0.8875,0.0,1.0,14.977081,1.0,0.0,70.93623,8.0,0.0,0.0,0.64791113,1.0,0.0,0.0,0.0,0.0,0.0,0.0,1.0,4.4,4.9925,1.0,0.0,0.0,0.7197878,False,False,False,False,False,False,False,False,True,False,False,False,PASS
2567,12,0,1.0,1.0,0.0,1.0,0.043676287,1.0,0.0,0.040670432,1.2000000000000002,1.0,1.0,1.0,1.0,0.0,0.0,0.0,0.0,0.0,0.0,1.0,5.0,5.0,1.0,0.0,0.0,0.0,True,True,False,True,False,True,False,False,False,False,True,True,OVERLAP+AT_FAULT
2568,80,1,0.0,0.4625,0.0,1.0,9.938176,1.0,0.0,124.55841,7.800000000000001,0.0,0.0,0.79630536,1.0,0.0,0.0,0.0,0.0,0.24696732,0.8890823,0.99586964,5.0,5.0,1.0,0.0,0.0,0.6961638,False,False,False,False,False,False,False,False,False,True,False,False,LOW_COMFORT
2569,80,1,0.0,0.7,0.0,1.0,13.086985,0.0,0.0,127.98419,6.2,0.0,0.0,0.8134698,1.0,0.0,0.0,0.0,0.0,4.2042866,15.135431,0.5703051,5.0,5.0,1.0,0.79678553,0.6709773,0.7794289,False,False,False,False,False,False,False,False,False,False,False,False,PASS
2570,80,1,0.0,0.925,0.0,1.0,6.3545732,1.0,0.0,29.38068,5.1000000000000005,0.5,0.0,1.0,1.0,0.0,0.0,0.0,0.0,0.0,0.0,1.0,5.0,5.0,1.0,0.0,0.0,0.97749996,False,False,False,False,False,False,False,False,False,False,False,False,PASS
2571,80,1,0.0,0.8875,0.0,1.0,11.655138,1.0,0.0,150.58942,8.0,0.0,0.0,0.8243148,1.0,0.0,0.0,0.0,0.0,2.5721302,9.259668,0.81589043,5.0,5.0,1.0,0.0,0.0,0.8432703,False,False,False,False,False,False,False,False,False,False,False,False,PASS
2572,51,0,1.0,0.5882353,0.0,1.0,5.8306217,1.0,0.0,104.12126,5.1000000000000005,0.5,1.0,0.6984797,1.0,0.0,0.0,0.0,0.0,1.8719482,6.7390137,0.70206,0.0,4.447059,0.0,0.0,0.0,0.0,True,True,False,True,False,True,False,False,True,False,True,True,OVERLAP+AT_FAULT
2573,80,1,0.0,1.0,0.0,1.0,0.5999324,1.0,0.0,2.0739806,0.3,1.0,0.0,1.0,1.0,0.0,0.0,0.0,0.0,0.0,0.0,1.0,5.0,5.0,1.0,0.0,0.0,1.0,False,False,False,False,False,False,False,False,False,False,False,False,PASS
2574,31,0,1.0,1.0,0.0,1.0,0.4067877,0.0,0.0,0.40808347,3.1,1.5,1.0,1.0,1.0,0.0,0.0,0.0,0.0,0.0,0.0,1.0,5.0,5.0,1.0,0.0,0.0,0.0,True,True,False,True,False,True,False,False,False,False,True,True,OVERLAP+AT_FAULT
2575,80,1,0.0,0.925,0.0,1.0,4.4971566,1.0,0.0,33.873707,4.6000000000000005,0.5,0.0,0.8229397,1.0,0.0,0.0,0.0,0.0,0.0,0.0,1.0,5.0,5.0,1.0,0.0,0.0,0.85355777,False,False,False,False,False,False,False,False,False,False,False,False,PASS
2576,80,1,0.0,0.8875,0.0,1.0,6.7925296,1.0,0.0,103.583496,8.0,0.0,0.0,0.8418198,1.0,0.0,0.0,0.0,0.0,0.0,0.0,1.0,5.0,5.0,1.0,0.0,0.0,0.8555239,False,False,False,False,False,False,False,False,False,False,False,False,PASS
2577,80,1,0.0,1.0,0.0,1.0,0.12345681,0.0,0.0,0.0,0.0,1.0,0.0,1.0,1.0,0.0,0.0,0.0,0.0,0.0,0.0,1.0,4.7000003,4.99375,1.0,1.0,1.0,1.0,False,False,False,False,False,False,False,False,False,False,False,False,PASS
2578,80,1,0.0,0.8875,0.0,1.0,12.716216,1.0,0.0,110.92943,5.7,0.5,0.0,0.8358061,1.0,0.0,0.0,0.0,0.0,2.7106056,9.75818,0.853365,5.0,5.0,1.0,0.0,0.0,0.85131425,False,False,False,False,False,False,False,False,False,False,False,False,PASS
2579,80,1,0.0,1.0,0.0,1.0,3.4099739,1.0,0.0,36.980038,8.0,0.0,0.0,1.0,1.0,0.0,0.0,0.0,0.0,0.0,0.0,1.0,5.0,5.0,1.0,0.0,0.0,1.0,False,False,False,False,False,False,False,False,False,False,False,False,PASS
2580,20,0,0.0,1.0,0.0,1.0,0.6952612,1.0,1.0,4.719631,1.1,1.0,0.0,0.20667262,1.0,0.0,0.0,0.0,0.0,0.0,0.0,1.0,4.0,4.5750003,1.0,0.0,0.0,0.0,True,False,True,False,False,False,False,True,True,False,True,True,OFFROAD
2581,80,1,0.0,0.875,0.0,1.0,3.7482083,1.0,0.0,150.7622,8.0,0.0,0.0,0.94987047,1.0,0.0,0.0,0.0,0.0,0.0,0.0,1.0,5.0,5.0,1.0,0.0,0.0,0.92740935,False,False,False,False,False,False,False,False,False,False,False,False,PASS
2582,80,1,0.0,0.8875,0.0,1.0,7.9725375,1.0,0.0,112.55458,8.0,0.0,0.0,0.8377322,1.0,0.0,0.0,0.0,0.0,0.0,0.0,1.0,5.0,5.0,1.0,0.0,0.0,0.8526625,False,False,False,False,False,False,False,False,False,False,False,False,PASS
2583,80,1,0.0,1.0,0.0,1.0,0.20192595,0.0,0.0,0.19649598,8.0,0.0,0.0,1.0,1.0,0.0,0.0,0.0,0.0,0.0,0.0,1.0,5.0,5.0,1.0,1.0,0.84210527,1.0,False,False,False,False,False,False,False,False,False,False,False,False,PASS
2584,80,1,0.0,0.8875,0.0,1.0,5.8987613,1.0,0.0,98.47853,8.0,0.0,0.0,0.92532396,1.0,0.0,0.0,0.0,0.0,0.0,0.0,1.0,5.0,5.0,1.0,0.0,0.0,0.9139768,False,False,False,False,False,False,False,False,False,False,False,False,PASS
2585,80,1,0.0,0.8125,0.0,1.0,9.16527,1.0,0.0,150.74344,8.0,0.0,0.0,0.8748483,1.0,0.0,0.0,0.0,0.0,1.3268299,4.7765875,0.9395878,5.0,5.0,1.0,0.0,0.0,0.8561438,False,False,False,False,False,False,False,False,False,False,False,False,PASS
2586,80,1,0.0,1.0,0.0,1.0,1.9057436,0.0,0.0,29.46009,5.5,0.5,0.0,1.0,1.0,0.0,0.0,0.0,0.0,0.0,0.0,1.0,1.9,4.2575,1.0,1.0,0.92105263,1.0,False,False,False,False,False,False,False,False,False,False,False,False,PASS
2587,80,1,0.0,0.8875,0.0,1.0,8.445476,1.0,0.0,51.30201,8.0,0.0,0.0,1.0,1.0,0.0,0.0,0.0,0.0,0.0,0.0,1.0,5.0,5.0,1.0,0.0,0.0,0.96625006,False,False,False,False,False,False,False,False,False,False,False,False,PASS
2588,65,0,1.0,0.7076923,0.0,1.0,11.217986,1.0,0.0,68.94783,5.800000000000001,0.0,1.0,0.5759031,1.0,0.0,0.0,0.0,0.0,0.0,0.0,1.0,3.0,4.941539,1.0,0.0,0.0,0.0,True,True,False,True,False,True,False,False,True,False,True,True,OVERLAP+AT_FAULT
2589,80,1,0.0,0.6875,0.0,1.0,15.600223,1.0,0.0,138.56422,7.9,0.0,0.0,0.8108004,1.0,0.0,0.0,0.0,0.0,0.8988857,3.2359886,0.9834616,5.0,5.0,1.0,0.0,0.0,0.77381027,False,False,False,False,False,False,False,False,False,False,False,False,PASS
2590,80,1,0.0,1.0,0.0,1.0,0.38184395,0.0,0.0,0.0,0.0,1.0,0.0,1.0,1.0,0.0,0.0,0.0,0.0,0.0,0.0,1.0,5.0,5.0,1.0,1.0,1.0,1.0,False,False,False,False,False,False,False,False,False,False,False,False,PASS
2591,80,1,0.0,0.925,0.0,1.0,9.181101,1.0,0.0,140.3991,8.0,0.0,0.0,0.8442068,1.0,0.0,0.0,0.0,0.0,0.0,0.0,1.0,5.0,5.0,1.0,0.0,0.0,0.86844486,False,False,False,False,False,False,False,False,False,False,False,False,PASS
2592,80,1,0.0,0.8875,0.0,1.0,3.1891286,1.0,0.0,44.316216,7.1000000000000005,0.0,0.0,1.0,1.0,0.0,0.0,0.0,0.0,0.0,0.0,1.0,5.0,5.0,1.0,0.0,0.0,0.96625006,False,False,False,False,False,False,False,False,False,False,False,False,PASS
2593,80,1,0.0,1.0,0.0,1.0,4.9994655,1.0,0.0,98.88516,8.0,0.0,0.0,0.87578136,1.0,0.0,0.0,0.0,0.0,0.0,0.0,1.0,5.0,5.0,1.0,0.0,0.0,0.91304696,False,False,False,False,False,False,False,False,False,False,False,False,PASS
2594,80,1,0.0,1.0,0.0,1.0,7.3828163,1.0,0.0,15.264517,1.6,1.0,0.0,0.79129624,1.0,0.0,0.0,0.0,0.0,0.0,0.0,1.0,5.0,5.0,1.0,0.0,0.0,0.8539074,False,False,False,False,False,False,False,False,False,False,False,False,PASS
2595,80,1,0.0,0.7375,0.0,1.0,12.598953,1.0,0.0,150.43053,7.9,0.0,0.0,0.849818,1.0,0.0,0.0,0.0,0.0,1.7838306,6.42179,0.9175618,5.0,5.0,1.0,0.0,0.0,0.81612265,False,False,False,False,False,False,False,False,False,False,False,False,PASS
2596,80,1,0.0,0.7875,0.0,1.0,8.281718,1.0,0.0,50.34376,8.0,0.0,0.0,1.0,1.0,0.0,0.0,0.0,0.0,0.0,0.0,1.0,0.5,4.53625,0.0,0.0,0.0,0.93625003,False,False,False,False,False,False,False,False,False,False,False,False,PASS
2597,80,1,0.0,1.0,0.0,1.0,0.29425335,0.0,0.0,0.25901338,8.0,0.0,0.0,1.0,1.0,0.0,0.0,0.0,0.0,0.0,0.0,1.0,2.4,4.0837502,1.0,1.0,0.84210527,1.0,False,False,False,False,False,False,False,False,False,False,False,False,PASS
2598,80,1,0.0,0.8875,0.0,1.0,14.66438,1.0,0.0,11.974147,1.5,1.0,0.0,0.62566984,1.0,0.0,0.0,0.0,0.0,0.0,0.0,1.0,5.0,5.0,1.0,0.0,0.0,0.70421886,False,False,False,False,False,False,False,False,True,False,False,False,PASS
2599,80,1,0.0,0.90000004,0.0,1.0,4.7593474,1.0,0.0,48.415848,7.7,0.0,0.0,1.0,1.0,0.0,0.0,0.0,0.0,0.0,0.0,1.0,5.0,5.0,1.0,0.0,0.0,0.96999997,False,False,False,False,False,False,False,False,False,False,False,False,PASS
2600,80,1,0.0,0.8625,0.0,1.0,14.011645,1.0,0.0,185.63187,8.0,0.0,0.0,0.9638428,1.0,0.0,0.0,0.0,0.0,3.4954643,12.583672,0.0,5.0,5.0,1.0,0.0,0.0,0.93344,False,False,False,False,False,False,False,False,False,False,False,False,PASS
2601,80,1,0.0,0.825,0.0,1.0,10.09317,0.0,0.0,143.70404,8.0,0.0,0.0,0.83085173,1.0,0.0,0.0,0.0,0.0,0.9050579,3.2582083,0.964005,5.0,5.0,1.0,0.9162674,0.77159363,0.82909626,False,False,False,False,False,False,False,False,False,False,False,False,PASS
2602,80,1,0.0,1.0,0.0,1.0,0.12199824,1.0,0.0,0.121416,8.0,0.0,0.0,1.0,1.0,0.0,0.0,0.0,0.0,0.0,0.0,1.0,5.0,5.0,1.0,0.0,0.0,1.0,False,False,False,False,False,False,False,False,False,False,False,False,PASS
2603,80,1,0.0,1.0,0.0,1.0,3.1162417,1.0,0.0,0.0,0.0,1.0,0.0,1.0,1.0,0.0,0.0,0.0,0.0,0.0,0.0,1.0,5.0,5.0,1.0,0.0,0.0,1.0,False,False,False,False,False,False,False,False,False,False,False,False,PASS
2604,80,1,0.0,0.875,0.0,1.0,13.4247465,1.0,0.0,119.60797,7.300000000000001,0.0,0.0,0.7856098,1.0,0.0,0.0,0.0,0.0,0.8871937,3.1938972,0.9784659,5.0,5.0,1.0,0.0,0.0,0.81242687,False,False,False,False,False,False,False,False,False,False,False,False,PASS
2605,80,1,0.0,0.725,0.0,1.0,12.272679,1.0,0.0,94.064606,6.4,0.0,0.0,0.8117203,1.0,0.0,0.0,0.0,0.0,0.0,0.0,1.0,5.0,5.0,1.0,0.0,0.0,0.78570426,False,False,False,False,False,False,False,False,False,False,False,False,PASS
2606,80,1,0.0,0.8875,0.0,1.0,7.5094028,0.0,0.0,95.66256,6.300000000000001,0.0,0.0,0.840858,1.0,0.0,0.0,0.0,0.0,0.0,0.0,1.0,5.0,5.0,1.0,0.9362056,0.78838366,0.8548506,False,False,False,False,False,False,False,False,False,False,False,False,PASS
2607,80,1,0.0,0.6375,0.0,1.0,6.551398,1.0,0.0,49.27289,8.0,0.0,0.0,0.8184666,1.0,0.0,0.0,0.0,0.0,0.0,0.0,1.0,3.0,4.73625,1.0,0.0,0.0,0.7641766,False,False,False,False,False,False,False,False,False,False,False,False,PASS
2608,80,1,0.0,0.83750004,0.0,1.0,16.03696,1.0,0.0,141.99945,8.0,0.0,0.0,0.7815417,1.0,0.0,0.0,0.0,0.0,1.4691257,5.2888527,0.91255736,2.2,4.965,1.0,0.0,0.0,0.7983292,False,False,False,False,False,False,False,False,False,False,False,False,PASS
2609,80,1,0.0,1.0,0.0,1.0,3.8051445,1.0,0.0,20.424572,6.6000000000000005,0.0,0.0,0.6599651,1.0,0.0,0.0,0.0,0.0,0.0,0.0,1.0,5.0,5.0,1.0,0.0,0.0,0.7619756,False,False,False,False,False,False,False,False,True,False,False,False,PASS
2610,80,1,0.0,1.0,0.0,1.0,7.366765,1.0,0.0,26.037443,7.300000000000001,0.0,0.0,1.0,1.0,0.0,0.0,0.0,0.0,0.0,0.0,1.0,1.8000001,4.76125,1.0,0.0,0.0,1.0,False,False,False,False,False,False,False,False,False,False,False,False,PASS
2611,80,1,0.0,1.0,0.0,1.0,0.32230836,1.0,0.0,0.47942254,8.0,0.0,0.0,1.0,1.0,0.0,0.0,0.0,0.0,0.0,0.0,1.0,5.0,5.0,1.0,0.0,0.0,1.0,False,False,False,False,False,False,False,False,False,False,False,False,PASS
2612,80,1,0.0,0.8875,0.0,1.0,11.9452,1.0,0.0,67.85098,7.4,0.0,0.0,0.7345859,1.0,0.0,0.0,0.0,0.0,0.0,0.0,1.0,3.8,4.8587503,1.0,0.0,0.0,0.7804601,False,False,False,False,False,False,False,False,False,False,False,False,PASS
2613,80,1,0.0,0.8875,0.0,1.0,10.581815,0.0,0.0,111.82565,6.6000000000000005,0.0,0.0,0.8251755,1.0,0.0,0.0,0.0,0.0,0.053792953,0.19365463,0.99969465,5.0,5.0,1.0,0.93122846,0.7841924,0.84387285,False,False,False,False,False,False,False,False,False,False,False,False,PASS
2614,80,1,0.0,0.8875,0.0,1.0,7.4304004,1.0,0.0,119.605484,8.0,0.0,0.0,0.8502488,1.0,0.0,0.0,0.0,0.0,0.0,0.0,1.0,5.0,5.0,1.0,0.0,0.0,0.86142415,False,False,False,False,False,False,False,False,False,False,False,False,PASS
2615,11,0,1.0,0.09090909,0.0,1.0,0.5632214,1.0,0.0,1.5912664,1.1,1.0,1.0,0.057982855,0.0,0.0,0.0,0.0,0.0,0.0,0.0,1.0,5.0,5.0,1.0,0.0,0.0,0.0,True,True,False,True,False,True,False,True,True,True,True,True,OVERLAP+AT_FAULT
2616,80,1,0.0,0.925,0.0,1.0,7.1034546,1.0,0.0,65.29023,7.2,0.0,0.0,0.9773392,1.0,0.0,0.0,0.0,0.0,0.0,0.0,1.0,5.0,5.0,1.0,0.0,0.0,0.9616375,False,False,False,False,False,False,False,False,False,False,False,False,PASS
2617,80,1,0.0,0.925,0.0,1.0,4.9447203,1.0,0.0,43.26518,6.0,0.0,0.0,1.0,1.0,0.0,0.0,0.0,0.0,0.0,0.0,1.0,1.5,4.8775,1.0,0.0,0.0,0.97749996,False,False,False,False,False,False,False,False,False,False,False,False,PASS
2618,80,1,0.0,0.875,0.0,1.0,4.466718,1.0,0.0,147.36758,7.800000000000001,0.0,0.0,1.0,1.0,0.0,0.0,0.0,0.0,0.2883091,1.0379127,0.9868324,5.0,5.0,1.0,0.0,0.0,0.96250004,False,False,False,False,False,False,False,False,False,False,False,False,PASS
2619,80,1,0.0,1.0,0.0,1.0,7.613529,1.0,0.0,112.91295,5.800000000000001,0.0,0.0,0.8677526,1.0,0.0,0.0,0.0,0.0,3.4834518,12.540426,0.42442304,5.0,5.0,1.0,0.0,0.0,0.90742683,False,False,False,False,False,False,False,False,False,False,False,False,PASS
2620,80,1,0.0,1.0,0.0,1.0,0.074007064,0.0,0.0,0.11248921,8.0,0.0,0.0,1.0,1.0,0.0,0.0,0.0,0.0,0.0,0.0,1.0,5.0,5.0,1.0,1.0,0.84210527,1.0,False,False,False,False,False,False,False,False,False,False,False,False,PASS
2621,80,1,0.0,0.5625,0.0,1.0,9.151546,1.0,0.0,153.87634,8.0,0.0,0.0,0.8626442,1.0,0.0,0.0,0.0,0.0,1.9548397,7.0374227,0.77952826,5.0,5.0,1.0,0.0,0.0,0.77260095,False,False,False,False,False,False,False,False,False,False,False,False,PASS
2622,80,1,0.0,1.0,0.0,1.0,0.06572606,0.0,0.0,0.06450161,8.0,0.0,0.0,1.0,1.0,0.0,0.0,0.0,0.0,0.0,0.0,1.0,5.0,5.0,1.0,1.0,0.84210527,1.0,False,False,False,False,False,False,False,False,False,False,False,False,PASS
2623,3,0,1.0,0.6666667,0.0,1.0,0.1494046,0.0,0.0,3.861073,0.3,1.0,1.0,0.036324386,0.0,0.0,0.0,0.0,0.0,0.0,0.0,1.0,3.9,4.633333,1.0,0.0,0.0,0.0,True,True,False,True,False,True,False,True,True,False,True,True,OVERLAP+AT_FAULT
2624,80,1,0.0,0.8125,0.0,1.0,11.740697,1.0,0.0,0.0,0.0,1.0,0.0,0.71286523,1.0,0.0,0.0,0.0,0.0,0.0,0.0,1.0,5.0,5.0,1.0,0.0,0.0,0.74275565,False,False,False,False,False,False,False,False,False,False,False,False,PASS
2625,80,1,0.0,0.8875,0.0,1.0,4.071811,1.0,0.0,118.47001,8.0,0.0,0.0,0.90031344,1.0,0.0,0.0,0.0,0.0,0.0,0.0,1.0,5.0,5.0,1.0,0.0,0.0,0.8964694,False,False,False,False,False,False,False,False,False,False,False,False,PASS
2626,80,1,0.0,1.0,0.0,1.0,0.016712839,1.0,0.0,0.01736638,8.0,0.0,0.0,1.0,1.0,0.0,0.0,0.0,0.0,0.0,0.0,1.0,5.0,5.0,1.0,0.0,0.0,1.0,False,False,False,False,False,False,False,False,False,False,False,False,PASS
2627,80,1,0.0,0.7625,0.0,1.0,8.597301,1.0,0.0,41.02158,5.4,0.5,0.0,1.0,1.0,0.0,0.0,0.0,0.0,0.0,0.0,1.0,1.4,4.0,1.0,0.0,0.0,0.92875004,False,False,False,False,False,False,False,False,False,False,False,False,PASS
2628,80,1,0.0,1.0,0.0,1.0,4.4762063,1.0,0.0,35.81788,6.9,0.0,0.0,1.0,1.0,0.0,0.0,0.0,0.0,0.0,0.0,1.0,5.0,5.0,1.0,0.0,0.0,1.0,False,False,False,False,False,False,False,False,False,False,False,False,PASS
2629,80,1,0.0,1.0,0.0,1.0,3.186625,1.0,0.0,34.647854,4.800000000000001,0.5,0.0,1.0,1.0,0.0,0.0,0.0,0.0,0.0,0.0,1.0,4.2000003,4.955,1.0,0.0,0.0,1.0,False,False,False,False,False,False,False,False,False,False,False,False,PASS
2630,80,1,0.0,0.8125,0.0,1.0,22.798353,1.0,0.0,93.70252,8.0,0.0,0.0,1.0,1.0,0.0,0.0,0.0,0.0,2.005951,7.221423,0.65847015,5.0,5.0,1.0,0.0,0.0,0.94375,False,False,False,False,False,False,False,False,False,False,False,False,PASS
2631,80,1,0.0,1.0,0.0,1.0,0.0010554526,1.0,0.0,0.0,0.0,1.0,0.0,1.0,1.0,0.0,0.0,0.0,0.0,0.0,0.0,1.0,5.0,5.0,1.0,0.0,0.0,1.0,False,False,False,False,False,False,False,False,False,False,False,False,PASS
2632,80,1,0.0,0.8875,0.0,1.0,8.206393,0.0,0.0,87.55775,4.2,0.5,0.0,0.8499008,1.0,0.0,0.0,0.0,0.0,3.2691631,11.768987,0.49665004,5.0,5.0,1.0,0.813194,0.7637423,0.8611805,False,False,False,False,False,False,False,False,False,False,False,False,PASS
2633,80,1,0.0,0.8875,0.0,1.0,8.063231,0.0,0.0,0.0,0.0,1.0,0.0,0.8055017,1.0,0.0,0.0,0.0,0.0,0.0,0.0,1.0,5.0,5.0,1.0,0.9251568,0.9369741,0.8301012,False,False,False,False,False,False,False,False,False,False,False,False,PASS
2634,80,1,0.0,0.7625,0.0,1.0,5.486038,1.0,0.0,116.7215,8.0,0.0,0.0,1.0,1.0,0.0,0.0,0.0,0.0,0.0,0.0,1.0,2.6000001,4.725,1.0,0.0,0.0,0.92875004,False,False,False,False,False,False,False,False,False,False,False,False,PASS
2635,80,1,0.0,0.9125,0.0,1.0,1.1728346,1.0,0.0,1.5113083,8.0,0.0,0.0,1.0,1.0,0.0,0.0,0.0,0.0,0.0,0.0,1.0,5.0,5.0,1.0,0.0,0.0,0.97375005,False,False,False,False,False,False,False,False,False,False,False,False,PASS
2636,80,1,0.0,0.8875,0.0,1.0,14.80384,1.0,0.0,138.09769,7.9,0.0,0.0,0.7883312,1.0,0.0,0.0,0.0,0.0,1.9947643,7.1811514,0.9264025,5.0,5.0,1.0,0.0,0.0,0.81808186,False,False,False,False,False,False,False,False,False,False,False,False,PASS
2637,80,1,0.0,1.0,0.0,1.0,0.109537065,1.0,0.0,0.0,0.0,1.0,0.0,1.0,1.0,0.0,0.0,0.0,0.0,0.0,0.0,1.0,5.0,5.0,1.0,0.0,0.0,1.0,False,False,False,False,False,False,False,False,False,False,False,False,PASS
2638,80,1,0.0,0.8875,0.0,1.0,13.532282,1.0,0.0,80.41457,7.300000000000001,0.0,0.0,0.7221038,1.0,0.0,0.0,0.0,0.0,0.0,0.0,1.0,5.0,5.0,1.0,0.0,0.0,0.7717227,False,False,False,False,False,False,False,False,False,False,False,False,PASS
2639,80,1,0.0,1.0,0.0,1.0,8.4538965,1.0,0.0,48.36961,8.0,0.0,0.0,1.0,1.0,0.0,0.0,0.0,0.0,0.0,0.0,1.0,5.0,5.0,1.0,0.0,0.0,1.0,False,False,False,False,False,False,False,False,False,False,False,False,PASS
2640,80,1,0.0,1.0,0.0,1.0,2.295492,0.0,0.0,5.303938,8.0,0.0,0.0,1.0,1.0,0.0,0.0,0.0,0.0,0.0,0.0,1.0,5.0,5.0,1.0,1.0,0.84210527,1.0,False,False,False,False,False,False,False,False,False,False,False,False,PASS
2641,80,1,0.0,0.7375,0.0,1.0,11.3966465,1.0,0.0,157.01869,8.0,0.0,0.0,0.8237756,1.0,0.0,0.0,0.0,0.0,3.2262115,11.614361,0.6509912,1.8000001,4.89875,1.0,0.0,0.0,0.7978929,False,False,False,False,False,False,False,False,False,False,False,False,PASS
2642,80,1,0.0,1.0,0.0,1.0,0.40245864,0.0,0.0,0.42641872,8.0,0.0,0.0,1.0,1.0,0.0,0.0,0.0,0.0,0.0,0.0,1.0,5.0,5.0,1.0,1.0,0.84210527,1.0,False,False,False,False,False,False,False,False,False,False,False,False,PASS
2643,80,1,0.0,0.925,0.0,1.0,14.600243,1.0,0.0,148.1557,8.0,0.0,0.0,0.78656536,1.0,0.0,0.0,0.0,0.0,3.462181,12.463852,0.7292255,5.0,5.0,1.0,0.0,0.0,0.82809585,False,False,False,False,False,False,False,False,False,False,False,False,PASS
2644,40,0,0.0,1.0,0.0,1.0,0.45501375,1.0,0.0,0.9346159,4.0,0.5,1.0,1.0,1.0,0.0,0.0,0.0,0.0,0.0,0.0,1.0,5.0,5.0,1.0,0.0,0.0,0.0,True,True,False,False,False,False,False,False,False,False,True,True,OVERLAP
2645,80,1,0.0,0.8875,0.0,1.0,3.142103,0.0,0.0,81.272125,8.0,0.0,0.0,0.9262348,1.0,0.0,0.0,0.0,0.0,0.0,0.0,1.0,2.4,4.9675,1.0,0.96288586,0.8108513,0.9146143,False,False,False,False,False,False,False,False,False,False,False,False,PASS
2646,80,1,0.0,1.0,0.0,1.0,11.363573,1.0,0.0,115.19525,8.0,0.0,0.0,0.7560249,1.0,0.0,0.0,0.0,0.0,0.0,0.0,1.0,5.0,5.0,1.0,0.0,0.0,0.82921743,False,False,False,False,False,False,False,False,False,False,False,False,PASS
2647,80,1,0.0,0.8125,0.0,1.0,5.0964985,1.0,0.0,147.19695,8.0,0.0,0.0,0.8867918,1.0,0.0,0.0,0.0,0.0,0.6718235,2.4185646,0.9161932,5.0,5.0,1.0,0.0,0.0,0.8645043,False,False,False,False,False,False,False,False,False,False,False,False,PASS
2648,80,1,0.0,1.0,0.0,1.0,0.20126744,0.0,0.0,0.1843678,8.0,0.0,0.0,1.0,1.0,0.0,0.0,0.0,0.0,0.0,0.0,1.0,5.0,5.0,1.0,1.0,0.84210527,1.0,False,False,False,False,False,False,False,False,False,False,False,False,PASS
2649,51,0,1.0,0.8235294,0.0,1.0,1.6356287,0.0,0.0,14.355299,5.1000000000000005,0.5,1.0,1.0,1.0,0.0,0.0,0.0,0.0,0.0,0.0,1.0,2.4,4.756863,1.0,0.0,0.0,0.0,True,True,False,True,False,True,False,False,False,False,True,True,OVERLAP+AT_FAULT
2650,80,1,0.0,0.8125,0.0,1.0,8.158551,1.0,0.0,44.852726,7.0,0.0,0.0,0.696675,1.0,0.0,0.0,0.0,0.0,0.0,0.0,1.0,5.0,5.0,1.0,0.0,0.0,0.73142254,False,False,False,False,False,False,False,False,True,False,False,False,PASS
2651,7,0,1.0,1.0,0.0,1.0,0.03683188,1.0,0.0,0.045413278,0.7000000000000001,1.0,1.0,1.0,1.0,0.0,0.0,0.0,0.0,0.0,0.0,1.0,0.0,4.2857146,0.0,0.0,0.0,0.0,True,True,False,True,False,True,False,False,False,False,True,True,OVERLAP+AT_FAULT
2652,80,1,0.0,1.0,0.0,1.0,1.0285982,0.0,0.0,5.2122307,8.0,0.0,0.0,1.0,1.0,0.0,0.0,0.0,0.0,0.0,0.0,1.0,5.0,5.0,1.0,1.0,0.84210527,1.0,False,False,False,False,False,False,False,False,False,False,False,False,PASS
2653,80,1,0.0,0.8875,0.0,1.0,8.319106,1.0,0.0,80.54644,8.0,0.0,0.0,0.76797813,1.0,0.0,0.0,0.0,0.0,0.0,0.0,1.0,2.7,4.6375003,1.0,0.0,0.0,0.80383474,False,False,False,False,False,False,False,False,False,False,False,False,PASS
2654,80,1,0.0,0.8875,49.24763,0.0,12.708575,1.0,0.0,23.899126,2.2,1.0,0.0,0.7055712,1.0,0.0,0.0,0.0,0.0,0.0,0.0,1.0,5.0,5.0,1.0,0.0,0.0,0.76014984,False,False,False,False,False,False,False,False,False,False,False,False,PASS
2655,80,1,0.0,0.45000002,0.0,1.0,2.3781931,1.0,0.0,90.099625,8.0,0.0,0.0,0.9870375,1.0,0.0,0.0,0.0,0.0,0.0,0.0,1.0,2.1000001,4.60125,1.0,0.0,0.0,0.82592624,False,False,False,False,False,False,False,False,False,True,False,False,LOW_COMFORT
2656,80,1,0.0,1.0,0.0,1.0,0.13964723,1.0,0.0,0.12904033,8.0,0.0,0.0,1.0,1.0,0.0,0.0,0.0,0.0,0.0,0.0,1.0,5.0,5.0,1.0,0.0,0.0,1.0,False,False,False,False,False,False,False,False,False,False,False,False,PASS
2657,80,1,0.0,1.0,0.0,1.0,0.4554885,1.0,0.0,0.43447942,8.0,0.0,0.0,1.0,1.0,0.0,0.0,0.0,0.0,0.0,0.0,1.0,5.0,5.0,1.0,0.0,0.0,1.0,False,False,False,False,False,False,False,False,False,False,False,False,PASS
2658,80,1,0.0,0.575,0.0,1.0,9.197693,1.0,0.0,152.47525,8.0,0.0,0.0,0.8869385,1.0,0.0,0.0,0.0,0.0,1.1395893,4.1025214,0.90792924,5.0,5.0,1.0,0.0,0.0,0.79335696,False,False,False,False,False,False,False,False,False,False,False,False,PASS
2659,80,1,0.0,0.8875,0.0,1.0,5.0394845,1.0,0.0,57.726543,8.0,0.0,0.0,0.8183948,1.0,0.0,0.0,0.0,0.0,0.0,0.0,1.0,5.0,5.0,1.0,0.0,0.0,0.8391264,False,False,False,False,False,False,False,False,False,False,False,False,PASS
2660,80,1,0.0,0.7375,0.0,1.0,9.872223,0.0,0.0,87.39221,4.0,0.5,0.0,0.85015666,1.0,0.0,0.0,0.0,0.0,3.348917,12.056101,0.5945642,5.0,5.0,1.0,0.81900257,0.7686337,0.8163597,False,False,False,False,False,False,False,False,False,False,False,False,PASS
2661,80,1,0.0,0.875,0.0,1.0,6.4226413,1.0,0.0,81.90526,6.0,0.0,0.0,0.8780458,1.0,0.0,0.0,0.0,0.0,0.0,0.0,1.0,5.0,5.0,1.0,0.0,0.0,0.87713206,False,False,False,False,False,False,False,False,False,False,False,False,PASS
2662,80,1,0.0,1.0,0.0,1.0,0.58045596,1.0,0.0,0.5638819,8.0,0.0,0.0,1.0,1.0,0.0,0.0,0.0,0.0,0.0,0.0,1.0,5.0,5.0,1.0,0.0,0.0,1.0,False,False,False,False,False,False,False,False,False,False,False,False,PASS
2663,80,1,0.0,0.3,0.0,1.0,4.558338,1.0,0.0,111.95238,7.800000000000001,0.0,0.0,0.9275196,1.0,0.0,0.0,0.0,0.0,0.0,0.0,1.0,1.8000001,4.5212502,1.0,0.0,0.0,0.7392637,False,False,False,False,False,False,False,False,False,True,False,False,LOW_COMFORT
2664,80,1,0.0,0.85,0.0,1.0,17.19009,1.0,0.0,147.80966,8.0,0.0,0.0,0.7876763,1.0,0.0,0.0,0.0,0.0,3.0581646,11.009392,0.86016494,0.2,4.40625,0.0,0.0,0.0,0.8063734,False,False,False,False,False,False,False,False,False,False,False,False,PASS
2665,80,1,0.0,1.0,0.0,1.0,0.7613985,1.0,0.0,0.35178,0.7000000000000001,1.0,0.0,1.0,1.0,0.0,0.0,0.0,0.0,0.0,0.0,1.0,5.0,5.0,1.0,0.0,0.0,1.0,False,False,False,False,False,False,False,False,False,False,False,False,PASS
2666,80,1,0.0,1.0,0.0,1.0,1.2537482,0.0,0.0,0.0,0.0,1.0,0.0,1.0,1.0,0.0,0.0,0.0,0.0,0.0,0.0,1.0,5.0,5.0,1.0,1.0,1.0,1.0,False,False,False,False,False,False,False,False,False,False,False,False,PASS
2667,80,1,0.0,0.8875,0.0,1.0,5.9901853,1.0,0.0,27.3061,8.0,0.0,0.0,1.0,1.0,0.0,0.0,0.0,0.0,0.0,0.0,1.0,2.3,4.93375,1.0,0.0,0.0,0.96625006,False,False,False,False,False,False,False,False,False,False,False,False,PASS
2668,80,1,0.0,0.925,0.0,1.0,10.75753,1.0,0.0,47.647224,5.6000000000000005,0.5,0.0,0.7959844,1.0,0.0,0.0,0.0,0.0,0.0,0.0,1.0,4.6,4.9875,1.0,0.0,0.0,0.83468914,False,False,False,False,False,False,False,False,False,False,False,False,PASS
2669,80,1,0.0,1.0,0.0,1.0,0.13161995,1.0,0.0,0.1217393,8.0,0.0,0.0,1.0,1.0,0.0,0.0,0.0,0.0,0.0,0.0,1.0,5.0,5.0,1.0,0.0,0.0,1.0,False,False,False,False,False,False,False,False,False,False,False,False,PASS
2670,80,1,0.0,1.0,0.0,1.0,5.1171746,1.0,0.0,6.3379316,0.9,1.0,0.0,0.87966365,1.0,0.0,0.0,0.0,0.0,0.0,0.0,1.0,5.0,5.0,1.0,0.0,0.0,0.91576463,False,False,False,False,False,False,False,False,False,False,False,False,PASS
2671,80,1,0.0,0.7625,0.0,1.0,5.482213,1.0,0.0,70.44204,6.7,0.0,0.0,0.9602709,1.0,0.0,0.0,0.0,0.0,0.0,0.0,1.0,0.8,4.21,0.0,0.0,0.0,0.9009396,False,False,False,False,False,False,False,False,False,False,False,False,PASS
2672,80,1,0.0,1.0,0.0,1.0,0.84752524,0.0,0.0,0.0,0.0,1.0,0.0,0.90360624,1.0,0.0,0.0,0.0,0.0,0.0,0.0,1.0,5.0,5.0,1.0,0.96987695,0.9746333,0.9325243,False,False,False,False,False,False,False,False,False,False,False,False,PASS
2673,80,1,0.0,0.77500004,0.0,1.0,3.5643609,1.0,0.0,99.73787,8.0,0.0,0.0,1.0,1.0,0.0,0.0,0.0,0.0,0.0,0.0,1.0,4.9,4.99875,1.0,0.0,0.0,0.9325,False,False,False,False,False,False,False,False,False,False,False,False,PASS
2674,80,1,0.0,1.0,0.0,1.0,5.824455,1.0,0.0,53.672104,7.7,0.0,0.0,0.85820323,1.0,0.0,0.0,0.0,0.0,0.0,0.0,1.0,5.0,5.0,1.0,0.0,0.0,0.90074223,False,False,False,False,False,False,False,False,False,False,False,False,PASS
2675,80,1,0.0,1.0,0.0,1.0,6.8629885,1.0,0.0,113.26622,8.0,0.0,0.0,0.8485769,1.0,0.0,0.0,0.0,0.0,0.0,0.0,1.0,5.0,5.0,1.0,0.0,0.0,0.89400387,False,False,False,False,False,False,False,False,False,False,False,False,PASS
2676,80,1,0.0,0.7875,0.0,1.0,11.460599,0.0,0.0,154.36694,7.9,0.0,0.0,0.82532233,1.0,0.0,0.0,0.0,0.0,3.488636,12.55909,0.649245,5.0,5.0,1.0,0.831162,0.6999259,0.81397575,False,False,False,False,False,False,False,False,False,False,False,False,PASS
2677,80,1,0.0,1.0,0.0,1.0,1.764391,1.0,0.0,0.0,0.0,1.0,0.0,1.0,1.0,0.0,0.0,0.0,0.0,0.0,0.0,1.0,5.0,5.0,1.0,0.0,0.0,1.0,False,False,False,False,False,False,False,False,False,False,False,False,PASS
2678,73,0,1.0,0.75342464,0.0,1.0,3.101007,1.0,0.0,48.65492,7.300000000000001,0.0,1.0,0.969571,1.0,0.0,0.0,0.0,0.0,0.0,0.0,1.0,0.0,3.7972605,0.0,0.0,0.0,0.0,True,True,False,True,False,True,False,False,False,False,True,True,OVERLAP+AT_FAULT
2679,80,1,0.0,1.0,0.0,1.0,7.015462,1.0,0.0,29.939991,8.0,0.0,0.0,1.0,1.0,0.0,0.0,0.0,0.0,0.0,0.0,1.0,5.0,5.0,1.0,0.0,0.0,1.0,False,False,False,False,False,False,False,False,False,False,False,False,PASS
2680,74,0,0.0,1.0,0.0,1.0,5.3196864,1.0,1.0,70.94656,7.4,0.0,0.0,1.0000001,1.0,0.0,0.0,0.0,0.0,0.0,0.0,1.0,2.9,4.748649,1.0,0.0,0.0,0.0,True,False,True,False,False,False,False,False,False,False,True,True,OFFROAD
2681,80,1,0.0,0.875,0.0,1.0,0.5675161,1.0,0.0,0.8347886,8.0,0.0,0.0,0.6366829,1.0,0.0,0.0,0.0,0.0,0.0,0.0,1.0,5.0,5.0,1.0,0.0,0.0,0.70817804,False,False,False,False,False,False,False,False,True,False,False,False,PASS
2682,80,1,0.0,0.6,0.0,1.0,11.135019,1.0,0.0,88.51256,6.300000000000001,0.0,0.0,0.7888304,1.0,0.0,0.0,0.0,0.0,0.0,0.0,1.0,1.7,4.8450003,1.0,0.0,0.0,0.7321813,False,False,False,False,False,False,False,False,False,False,False,False,PASS
2683,80,1,0.0,1.0,0.0,1.0,0.17486809,0.0,0.0,0.17637101,8.0,0.0,0.0,1.0,1.0,0.0,0.0,0.0,0.0,0.0,0.0,1.0,5.0,5.0,1.0,1.0,0.84210527,1.0,False,False,False,False,False,False,False,False,False,False,False,False,PASS
2684,80,1,0.0,1.0,0.0,1.0,0.13517606,0.0,0.0,0.14347056,8.0,0.0,0.0,1.0,1.0,0.0,0.0,0.0,0.0,0.0,0.0,1.0,5.0,5.0,1.0,1.0,0.84210527,1.0,False,False,False,False,False,False,False,False,False,False,False,False,PASS
2685,80,1,0.0,0.8875,0.0,1.0,4.6084228,1.0,0.0,49.724976,7.5,0.0,0.0,0.990175,1.0,0.0,0.0,0.0,0.0,0.0,0.0,1.0,2.4,4.5662503,1.0,0.0,0.0,0.9593725,False,False,False,False,False,False,False,False,False,False,False,False,PASS
2686,1,0,1.0,1.0,0.0,1.0,0.005645752,1.0,0.0,0.013840687,0.1,1.0,1.0,1.0,1.0,0.0,0.0,0.0,0.0,0.0,0.0,1.0,5.0,5.0,1.0,0.0,0.0,0.0,True,True,False,True,False,True,False,False,False,False,True,True,OVERLAP+AT_FAULT
2687,64,0,2.0,1.0,0.0,1.0,0.15714195,1.0,0.0,0.122846365,6.4,0.0,1.0,1.0,1.0,0.0,0.0,0.0,0.0,0.0,0.0,1.0,0.0,4.921875,0.0,-0.0,-0.0,0.0,True,True,False,True,False,True,False,False,False,False,True,True,OVERLAP+AT_FAULT
2688,80,1,0.0,1.0,0.0,1.0,4.181774,0.0,0.0,9.853096,8.0,0.0,0.0,1.0,1.0,0.0,0.0,0.0,0.0,0.0,0.0,1.0,5.0,5.0,1.0,1.0,0.84210527,1.0,False,False,False,False,False,False,False,False,False,False,False,False,PASS
2689,64,0,1.0,0.65625,0.0,1.0,14.362578,1.0,0.0,147.77373,6.4,0.0,1.0,0.7632365,1.0,0.0,0.0,0.0,0.0,3.515339,12.65522,0.0,0.0,4.734375,0.0,0.0,0.0,0.0,True,True,False,True,False,True,False,False,False,False,True,True,OVERLAP+AT_FAULT
2690,80,1,0.0,0.925,1.269381,1.0,4.0676637,1.0,0.0,51.866802,7.7,0.0,0.0,1.0,1.0,0.0,0.0,0.0,0.0,0.0,0.0,1.0,5.0,5.0,1.0,0.0,0.0,0.97749996,False,False,False,False,False,False,False,False,False,False,False,False,PASS
2691,80,1,0.0,1.0,0.0,1.0,0.2235806,1.0,0.0,0.21329325,8.0,0.0,0.0,1.0,1.0,0.0,0.0,0.0,0.0,0.0,0.0,1.0,2.1000001,4.74375,1.0,0.0,0.0,1.0,False,False,False,False,False,False,False,False,False,False,False,False,PASS
2692,80,1,0.0,0.6875,0.0,1.0,14.383916,1.0,0.0,0.0,0.0,1.0,0.0,0.72082317,1.0,0.0,0.0,0.0,0.0,0.0,0.0,1.0,5.0,5.0,1.0,0.0,0.0,0.7108262,False,False,False,False,False,False,False,False,False,False,False,False,PASS
2693,80,1,0.0,1.0,0.0,1.0,0.15100144,0.0,0.0,0.15498605,8.0,0.0,0.0,1.0,1.0,0.0,0.0,0.0,0.0,0.0,0.0,1.0,5.0,5.0,1.0,1.0,0.84210527,1.0,False,False,False,False,False,False,False,False,False,False,False,False,PASS
2694,80,1,0.0,0.7375,0.0,1.0,15.656039,1.0,0.0,106.71658,7.7,0.0,0.0,0.7247756,1.0,0.0,0.0,0.0,0.0,0.0,0.0,1.0,5.0,5.0,1.0,0.0,0.0,0.72859293,False,False,False,False,False,False,False,False,False,False,False,False,PASS
2695,80,1,0.0,0.8875,0.0,1.0,12.299443,1.0,0.0,130.6884,7.800000000000001,0.0,0.0,0.801614,1.0,0.0,0.0,0.0,0.0,0.81149673,2.9213881,0.98216724,5.0,5.0,1.0,0.0,0.0,0.8273798,False,False,False,False,False,False,False,False,False,False,False,False,PASS
2696,80,1,0.0,0.8875,0.0,1.0,5.7066026,1.0,0.0,103.58502,8.0,0.0,0.0,1.0,1.0,0.0,0.0,0.0,0.0,0.0,0.0,1.0,5.0,5.0,1.0,0.0,0.0,0.96625006,False,False,False,False,False,False,False,False,False,False,False,False,PASS
2697,80,1,0.0,0.725,0.0,1.0,6.3204484,0.0,0.0,146.9878,7.300000000000001,0.0,0.0,0.88402975,1.0,0.0,0.0,0.0,0.0,1.7812405,6.4124656,0.7557395,5.0,5.0,1.0,0.86831915,0.73121613,0.8363209,False,False,False,False,False,False,False,False,False,False,False,False,PASS
2698,80,1,0.0,1.0,0.0,1.0,2.0678172,1.0,0.0,52.26177,8.0,0.0,0.0,0.9258969,1.0,0.0,0.0,0.0,0.0,0.0,0.0,1.0,5.0,5.0,1.0,0.0,0.0,0.94812787,False,False,False,False,False,False,False,False,False,False,False,False,PASS
2699,80,1,0.0,0.6875,0.0,1.0,15.177287,1.0,0.0,105.48595,7.800000000000001,0.0,0.0,0.7181906,1.0,0.0,0.0,0.0,0.0,0.0,0.0,1.0,3.0,4.975,1.0,0.0,0.0,0.7089834,False,False,False,False,False,False,False,False,False,False,False,False,PASS
2700,80,1,0.0,1.0,0.0,1.0,2.2251878,1.0,0.0,22.455067,8.0,0.0,0.0,1.0,1.0,0.0,0.0,0.0,0.0,0.0,0.0,1.0,1.0,4.90375,1.0,0.0,0.0,1.0,False,False,False,False,False,False,False,False,False,False,False,False,PASS
2701,80,1,0.0,0.725,0.0,1.0,2.850127,1.0,0.0,57.056847,8.0,0.0,0.0,1.0,1.0,0.0,0.0,0.0,0.0,0.0,0.0,1.0,2.3,4.45625,1.0,0.0,0.0,0.9175,False,False,False,False,False,False,False,False,False,False,False,False,PASS
2702,80,1,0.0,0.85,0.0,1.0,7.6871886,1.0,0.0,84.99272,5.800000000000001,0.0,0.0,0.8506715,1.0,0.0,0.0,0.0,0.0,0.0,0.0,1.0,5.0,5.0,1.0,0.0,0.0,0.85047007,False,False,False,False,False,False,False,False,False,False,False,False,PASS
2703,80,1,0.0,0.8875,0.0,1.0,2.7980664,1.0,0.0,34.56125,4.5,0.5,0.0,0.9363664,1.0,0.0,0.0,0.0,0.0,0.0,0.0,1.0,1.5,4.49875,1.0,0.0,0.0,0.9217064,False,False,False,False,False,False,False,False,False,False,False,False,PASS
2704,65,0,0.0,0.8769231,0.0,1.0,9.44084,1.0,0.0,112.63569,6.300000000000001,0.0,1.0,0.66030264,1.0,0.0,0.0,0.0,0.0,1.5980949,5.7531414,0.92485356,5.0,5.0,1.0,0.0,0.0,0.0,True,True,False,False,False,False,False,False,True,False,True,True,OVERLAP
2705,80,1,0.0,0.875,0.0,1.0,12.40108,0.0,0.0,106.59969,5.5,0.5,0.0,0.82470465,1.0,0.0,0.0,0.0,0.0,3.355194,12.078698,0.78026867,5.0,5.0,1.0,0.8746624,0.8155052,0.8397932,False,False,False,False,False,False,False,False,False,False,False,False,PASS
2706,8,0,0.0,1.0,0.0,1.0,0.082651265,1.0,1.0,0.2300876,0.8,1.0,0.0,1.0,1.0,0.0,0.0,0.0,0.0,0.0,0.0,1.0,5.0,5.0,1.0,0.0,0.0,0.0,True,False,True,False,False,False,False,False,False,False,True,True,OFFROAD
2707,16,0,0.0,1.0,0.0,1.0,1.093706,1.0,1.0,7.681052,1.0,1.0,0.0,0.18713187,0.0,0.0,0.0,0.0,0.0,0.0,0.0,1.0,5.0,5.0,1.0,0.0,0.0,0.0,True,False,True,False,False,False,False,True,True,False,True,True,OFFROAD
2708,68,0,0.0,0.64705884,0.0,1.0,9.07261,1.0,1.0,69.16466,5.5,0.5,0.0,0.69052875,1.0,0.0,0.0,0.0,0.0,0.0,0.0,1.0,5.0,5.0,1.0,0.0,0.0,0.0,True,False,True,False,False,False,False,False,True,False,True,True,OFFROAD
2709,80,1,0.0,0.8875,7.187215,0.0,6.76241,1.0,0.0,91.925766,7.9,0.0,0.0,0.8450471,1.0,0.0,0.0,0.0,0.0,0.0,0.0,1.0,5.0,5.0,1.0,0.0,0.0,0.85778296,False,False,False,False,False,False,False,False,False,False,False,False,PASS
2710,80,1,0.0,0.925,0.0,1.0,11.031512,1.0,0.0,29.812744,8.0,0.0,0.0,1.0,1.0,0.0,0.0,0.0,0.0,0.0,0.0,1.0,5.0,5.0,1.0,0.0,0.0,0.97749996,False,False,False,False,False,False,False,False,False,False,False,False,PASS
2711,80,1,0.0,1.0,0.0,1.0,1.0689423,1.0,0.0,0.0,0.0,1.0,0.0,0.20193733,1.0,0.0,0.0,0.0,0.0,0.0,0.0,1.0,5.0,5.0,1.0,0.0,0.0,0.44135615,False,False,False,False,False,False,False,True,True,False,True,False,LOW_PROGRESS
2712,80,1,0.0,0.8875,0.0,1.0,5.253283,1.0,0.0,43.35197,8.0,0.0,0.0,1.0,1.0,0.0,0.0,0.0,0.0,0.0,0.0,1.0,5.0,5.0,1.0,0.0,0.0,0.96625006,False,False,False,False,False,False,False,False,False,False,False,False,PASS
2713,80,1,0.0,0.77500004,0.0,1.0,20.966948,1.0,0.0,136.94437,8.0,0.0,0.0,1.0,1.0,0.0,0.0,0.0,0.0,2.95323,10.631627,0.29418474,5.0,5.0,1.0,0.0,0.0,0.9325,False,False,False,False,False,False,False,False,False,False,False,False,PASS
2714,80,1,0.0,0.8875,0.0,1.0,7.4316897,1.0,0.0,44.612774,6.2,0.0,0.0,0.72847456,1.0,0.0,0.0,0.0,0.0,0.0,0.0,1.0,1.5,4.5462503,1.0,0.0,0.0,0.7761822,False,False,False,False,False,False,False,False,False,False,False,False,PASS
2715,80,1,0.0,0.8875,0.0,1.0,5.240844,1.0,0.0,141.5452,8.0,0.0,0.0,0.9135977,1.0,0.0,0.0,0.0,0.0,0.0,0.0,1.0,5.0,5.0,1.0,0.0,0.0,0.9057684,False,False,False,False,False,False,False,False,False,False,False,False,PASS
2716,80,1,0.0,1.0,0.0,1.0,4.571726,0.0,0.0,61.41362,8.0,0.0,0.0,0.8929928,1.0,0.0,0.0,0.0,0.0,0.0,0.0,1.0,5.0,5.0,1.0,0.96656024,0.8139455,0.925095,False,False,False,False,False,False,False,False,False,False,False,False,PASS
2717,80,1,0.0,1.0,0.0,1.0,7.206653,1.0,0.0,80.70004,8.0,0.0,0.0,0.82061464,1.0,0.0,0.0,0.0,0.0,0.0,0.0,1.0,5.0,5.0,1.0,0.0,0.0,0.8744303,False,False,False,False,False,False,False,False,False,False,False,False,PASS
2718,80,1,0.0,0.52500004,0.0,1.0,14.185287,1.0,0.0,140.66397,8.0,0.0,0.0,0.78760266,1.0,0.0,0.0,0.0,0.0,1.8252449,6.5708814,0.94687366,5.0,5.0,1.0,0.0,0.0,0.7088219,False,False,False,False,False,False,False,False,False,False,False,False,PASS
2719,80,1,0.0,1.0,0.0,1.0,20.355398,1.0,0.0,77.244606,4.3,0.5,0.0,0.6752863,1.0,0.0,0.0,0.0,0.0,1.9736271,7.1050572,0.9134747,5.0,5.0,1.0,0.0,0.0,0.7727004,False,False,False,False,False,False,False,False,True,False,False,False,PASS
2720,80,1,0.0,0.8875,3.7033548,0.5,20.964176,1.0,0.0,110.37064,7.5,0.0,0.0,0.99999994,1.0,0.0,0.0,0.0,0.0,0.18661404,0.6718105,0.9876636,1.5,4.24625,1.0,0.0,0.0,0.96624994,False,False,False,False,False,False,False,False,False,False,False,False,PASS
2721,80,1,0.0,0.8875,0.0,1.0,7.2757983,1.0,0.0,155.00876,8.0,0.0,0.0,0.89719814,1.0,0.0,0.0,0.0,0.0,3.5220547,12.679397,0.69575477,5.0,5.0,1.0,0.0,0.0,0.89428866,False,False,False,False,False,False,False,False,False,False,False,False,PASS
2722,80,1,0.0,0.925,0.0,1.0,18.652029,1.0,0.0,11.22543,0.6000000000000001,1.0,0.0,0.7005069,1.0,0.0,0.0,0.0,0.0,0.0,0.0,1.0,5.0,5.0,1.0,0.0,0.0,0.76785487,False,False,False,False,False,False,False,False,False,False,False,False,PASS
2723,80,1,0.0,1.0,0.0,1.0,1.1137339,1.0,0.0,67.30637,8.0,0.0,0.0,0.9859207,1.0,0.0,0.0,0.0,0.0,0.0,0.0,1.0,5.0,5.0,1.0,0.0,0.0,0.99014455,False,False,False,False,False,False,False,False,False,False,False,False,PASS
2724,80,1,0.0,0.52500004,0.0,1.0,6.2920604,1.0,0.0,100.40505,5.2,0.5,0.0,0.89099085,1.0,0.0,0.0,0.0,0.0,2.6745872,9.628514,0.84499687,5.0,5.0,1.0,0.0,0.0,0.7811937,False,False,False,False,False,False,False,False,False,False,False,False,PASS
2725,80,1,0.0,1.0,0.0,1.0,0.1967931,0.0,0.0,0.18930063,8.0,0.0,0.0,1.0,1.0,0.0,0.0,0.0,0.0,0.0,0.0,1.0,5.0,5.0,1.0,1.0,0.84210527,1.0,False,False,False,False,False,False,False,False,False,False,False,False,PASS
2726,80,1,0.0,0.6375,0.0,1.0,6.7990265,1.0,0.0,100.82007,5.800000000000001,0.0,0.0,0.90083396,1.0,0.0,0.0,0.0,0.0,0.0,0.0,1.0,5.0,5.0,1.0,0.0,0.0,0.8218338,False,False,False,False,False,False,False,False,False,False,False,False,PASS
2727,80,1,0.0,1.0,0.0,1.0,0.10712206,1.0,0.0,0.0,0.0,1.0,0.0,1.0,1.0,0.0,0.0,0.0,0.0,0.0,0.0,1.0,5.0,5.0,1.0,0.0,0.0,1.0,False,False,False,False,False,False,False,False,False,False,False,False,PASS
2728,68,0,0.0,0.8235294,0.0,1.0,6.420085,0.0,0.0,1.3221575,0.1,1.0,1.0,0.7494012,1.0,0.0,0.0,0.0,0.0,0.0,0.0,1.0,5.0,5.0,1.0,0.899629,0.91547704,0.0,True,True,False,False,False,False,False,False,False,False,True,True,OVERLAP
2729,80,1,0.0,0.8125,0.0,1.0,10.890056,0.0,0.0,70.2114,7.6,0.0,0.0,0.79358566,1.0,0.0,0.0,0.0,0.0,0.0,0.0,1.0,5.0,5.0,1.0,0.912058,0.7680488,0.79925996,False,False,False,False,False,False,False,False,False,False,False,False,PASS
2730,80,1,0.0,0.5375,0.0,1.0,9.681602,0.0,0.0,91.64134,6.0,0.0,0.0,0.79970545,1.0,0.0,0.0,0.0,0.0,0.0,0.0,1.0,5.0,5.0,1.0,0.87959546,0.740712,0.7210438,False,False,False,False,False,False,False,False,False,False,False,False,PASS
2731,80,1,0.0,1.0,8.062674,0.0,0.93191415,1.0,0.0,23.035786,3.2,1.5,0.0,0.9763667,1.0,0.0,0.0,0.0,0.0,0.0,0.0,1.0,5.0,5.0,1.0,0.0,0.0,0.98345673,False,False,False,False,False,False,False,False,False,False,False,False,PASS
2732,80,1,0.0,0.8875,0.0,1.0,3.6482308,1.0,0.0,52.06025,7.1000000000000005,0.0,0.0,0.92040753,1.0,0.0,0.0,0.0,0.0,0.0,0.0,1.0,1.6,4.61,1.0,0.0,0.0,0.9105353,False,False,False,False,False,False,False,False,False,False,False,False,PASS
2733,80,1,0.0,0.8,0.0,1.0,12.714728,1.0,0.0,147.28088,8.0,0.0,0.0,0.8110455,1.0,0.0,0.0,0.0,0.0,2.2914734,8.249304,0.86130023,5.0,5.0,1.0,0.0,0.0,0.8077318,False,False,False,False,False,False,False,False,False,False,False,False,PASS
2734,80,1,0.0,0.825,0.0,1.0,5.2882805,1.0,0.0,34.923058,6.9,0.0,0.0,1.0,1.0,0.0,0.0,0.0,0.0,0.0,0.0,1.0,5.0,5.0,1.0,0.0,0.0,0.94750005,False,False,False,False,False,False,False,False,False,False,False,False,PASS
2735,80,1,0.0,1.0,0.0,1.0,1.7987098,0.0,0.0,4.281128,8.0,0.0,0.0,1.0,1.0,0.0,0.0,0.0,0.0,0.0,0.0,1.0,5.0,5.0,1.0,1.0,0.84210527,1.0,False,False,False,False,False,False,False,False,False,False,False,False,PASS
2736,80,1,0.0,0.7375,0.0,1.0,8.731354,0.0,0.0,131.92752,8.0,0.0,0.0,0.8603761,1.0,0.0,0.0,0.0,0.0,0.0,0.0,1.0,5.0,5.0,1.0,0.9235551,0.7777306,0.8235132,False,False,False,False,False,False,False,False,False,False,False,False,PASS
2737,80,1,0.0,0.925,0.0,1.0,7.389419,1.0,0.0,69.91434,6.2,0.0,0.0,0.8597497,1.0,0.0,0.0,0.0,0.0,0.0,0.0,1.0,3.2,4.8625,1.0,0.0,0.0,0.87932473,False,False,False,False,False,False,False,False,False,False,False,False,PASS
2738,80,1,0.0,0.925,0.0,1.0,11.519381,1.0,0.0,6.238204,0.9,1.0,0.0,1.0,1.0,0.0,0.0,0.0,0.0,0.0,0.0,1.0,5.0,5.0,1.0,0.0,0.0,0.97749996,False,False,False,False,False,False,False,False,False,False,False,False,PASS
2739,80,1,0.0,0.8875,0.0,1.0,3.925214,1.0,0.0,38.57,5.1000000000000005,0.5,0.0,0.8550824,1.0,0.0,0.0,0.0,0.0,0.0,0.0,1.0,5.0,5.0,1.0,0.0,0.0,0.8648077,False,False,False,False,False,False,False,False,False,False,False,False,PASS
2740,80,1,0.0,0.8875,0.0,1.0,2.4895337,1.0,0.0,79.176926,8.0,0.0,0.0,0.9866237,1.0,0.0,0.0,0.0,0.0,0.0,0.0,1.0,5.0,5.0,1.0,0.0,0.0,0.9568866,False,False,False,False,False,False,False,False,False,False,False,False,PASS
2741,80,1,0.0,0.9125,0.0,1.0,13.785019,1.0,0.0,125.44896,6.800000000000001,0.0,0.0,0.7872274,1.0,0.0,0.0,0.0,0.0,3.8621025,13.903568,0.6446105,5.0,5.0,1.0,0.0,0.0,0.8248092,False,False,False,False,False,False,False,False,False,False,False,False,PASS
2742,80,1,0.0,1.0,0.0,1.0,3.4768617,1.0,0.0,18.766697,8.0,0.0,0.0,1.0,1.0,0.0,0.0,0.0,0.0,0.0,0.0,1.0,3.3,4.9375,1.0,0.0,0.0,1.0,False,False,False,False,False,False,False,False,False,False,False,False,PASS
2743,80,1,0.0,1.0,0.0,1.0,0.032496955,1.0,0.0,0.14374042,8.0,0.0,0.0,1.0,1.0,0.0,0.0,0.0,0.0,0.0,0.0,1.0,5.0,5.0,1.0,0.0,0.0,1.0,False,False,False,False,False,False,False,False,False,False,False,False,PASS
2744,80,1,0.0,0.8875,0.0,1.0,11.0348015,1.0,0.0,68.635315,8.0,0.0,0.0,0.7213683,1.0,0.0,0.0,0.0,0.0,0.0,0.0,1.0,5.0,5.0,1.0,0.0,0.0,0.7712078,False,False,False,False,False,False,False,False,False,False,False,False,PASS
2745,80,1,0.0,0.8125,0.0,1.0,18.283232,1.0,0.0,95.85115,8.0,0.0,0.0,0.66640085,1.0,0.0,0.0,0.0,0.0,0.0,0.0,1.0,5.0,5.0,1.0,0.0,0.0,0.7102306,False,False,False,False,False,False,False,False,True,False,False,False,PASS
2746,80,1,0.0,0.8125,0.0,1.0,10.865643,1.0,0.0,118.507996,7.9,0.0,0.0,0.78786623,1.0,0.0,0.0,0.0,0.0,0.0,0.0,1.0,3.0,4.71625,1.0,0.0,0.0,0.7952564,False,False,False,False,False,False,False,False,False,False,False,False,PASS
2747,7,0,0.0,1.0,0.0,1.0,0.08581365,1.0,1.0,0.23800999,0.7000000000000001,1.0,0.0,1.0,1.0,0.0,0.0,0.0,0.0,0.0,0.0,1.0,5.0,5.0,1.0,0.0,0.0,0.0,True,False,True,False,False,False,False,False,False,False,True,True,OFFROAD
2748,80,1,0.0,1.0,0.0,1.0,0.38007748,1.0,0.0,0.3608796,8.0,0.0,0.0,1.0,1.0,0.0,0.0,0.0,0.0,0.0,0.0,1.0,5.0,5.0,1.0,0.0,0.0,1.0,False,False,False,False,False,False,False,False,False,False,False,False,PASS
2749,80,1,0.0,1.0,0.0,1.0,4.161294,1.0,0.0,45.641983,8.0,0.0,0.0,1.0,1.0,0.0,0.0,0.0,0.0,0.0,0.0,1.0,5.0,5.0,1.0,0.0,0.0,1.0,False,False,False,False,False,False,False,False,False,False,False,False,PASS
2750,80,1,0.0,0.7375,0.0,1.0,9.318113,1.0,0.0,152.62927,7.7,0.0,0.0,0.86277467,1.0,0.0,0.0,0.0,0.0,2.607994,9.388779,0.8000082,5.0,5.0,1.0,0.0,0.0,0.8251923,False,False,False,False,False,False,False,False,False,False,False,False,PASS
2751,80,1,0.0,0.8875,0.0,1.0,8.451449,1.0,0.0,157.20946,7.6,0.0,0.0,0.86411345,1.0,0.0,0.0,0.0,0.0,3.8595295,13.894306,0.44053113,5.0,5.0,1.0,0.0,0.0,0.87112945,False,False,False,False,False,False,False,False,False,False,False,False,PASS
2752,80,1,0.0,0.8875,0.0,1.0,10.56305,1.0,0.0,56.75937,3.7,0.5,0.0,0.8110908,1.0,0.0,0.0,0.0,0.0,0.0,0.0,1.0,5.0,5.0,1.0,0.0,0.0,0.8340136,False,False,False,False,False,False,False,False,False,False,False,False,PASS
2753,80,1,0.0,1.0,0.0,1.0,7.469194,1.0,0.0,39.311916,8.0,0.0,0.0,0.9998874,1.0,0.0,0.0,0.0,0.0,0.0,0.0,1.0,3.7,4.9012504,1.0,0.0,0.0,0.99992126,False,False,False,False,False,False,False,False,False,False,False,False,PASS
2754,80,1,0.0,0.8875,0.0,1.0,2.1543653,1.0,0.0,64.12537,8.0,0.0,0.0,0.97629166,1.0,0.0,0.0,0.0,0.0,0.0,0.0,1.0,5.0,5.0,1.0,0.0,0.0,0.9496542,False,False,False,False,False,False,False,False,False,False,False,False,PASS
2755,80,1,0.0,0.8125,0.0,1.0,12.701388,1.0,0.0,61.69501,3.2,1.5,0.0,0.81242776,1.0,0.0,0.0,0.0,0.0,3.1557121,11.360563,0.74817455,5.0,5.0,1.0,0.0,0.0,0.81244946,False,False,False,False,False,False,False,False,False,False,False,False,PASS
2756,1,0,1.0,1.0,0.0,1.0,0.0088690715,1.0,0.0,0.018169347,0.1,1.0,1.0,1.0,1.0,0.0,0.0,0.0,0.0,0.0,0.0,1.0,5.0,5.0,1.0,0.0,0.0,0.0,True,True,False,True,False,True,False,False,False,False,True,True,OVERLAP+AT_FAULT
2757,80,1,0.0,0.8875,0.0,1.0,13.041224,0.0,0.0,73.72243,8.0,0.0,0.0,0.6847425,1.0,0.0,0.0,0.0,0.0,0.0,0.0,1.0,5.0,5.0,1.0,0.8874195,0.7473007,0.74556977,False,False,False,False,False,False,False,False,True,False,False,False,PASS
2758,80,1,0.0,0.8875,0.0,1.0,5.148568,0.0,0.0,79.763794,5.300000000000001,0.5,0.0,0.900591,1.0,0.0,0.0,0.0,0.0,0.0,0.0,1.0,5.0,5.0,1.0,0.95487213,0.8830502,0.89666367,False,False,False,False,False,False,False,False,False,False,False,False,PASS
2759,80,1,0.0,1.0,0.0,1.0,0.12447279,1.0,0.0,0.0,0.0,1.0,0.0,1.0,1.0,0.0,0.0,0.0,0.0,0.0,0.0,1.0,0.8,4.55875,0.0,0.0,0.0,1.0,False,False,False,False,False,False,False,False,False,False,False,False,PASS
2760,1,0,1.0,1.0,0.0,1.0,0.0025024414,1.0,0.0,2.1651575e-05,0.1,1.0,1.0,1.0,1.0,0.0,0.0,0.0,0.0,0.0,0.0,1.0,5.0,5.0,1.0,0.0,0.0,0.0,True,True,False,True,False,True,False,False,False,False,True,True,OVERLAP+AT_FAULT
2761,80,1,0.0,0.8875,0.0,1.0,21.258001,1.0,0.0,48.209427,5.2,0.5,0.0,0.56878304,1.0,0.0,0.0,0.0,0.0,0.0,0.0,1.0,5.0,5.0,1.0,0.0,0.0,0.66439813,False,False,False,False,False,False,False,False,True,False,False,False,PASS
2762,80,1,0.0,1.0,0.0,1.0,8.613336,1.0,0.0,164.2562,8.0,0.0,0.0,0.8632715,1.0,0.0,0.0,0.0,0.0,3.8798542,13.967475,0.44896632,5.0,5.0,1.0,0.0,0.0,0.90429,False,False,False,False,False,False,False,False,False,False,False,False,PASS
2763,80,1,0.0,1.0,0.0,1.0,0.056525197,0.0,0.0,0.0,0.0,1.0,0.0,1.0,1.0,0.0,0.0,0.0,0.0,0.0,0.0,1.0,5.0,5.0,1.0,1.0,1.0,1.0,False,False,False,False,False,False,False,False,False,False,False,False,PASS
2764,80,1,0.0,0.8875,0.0,1.0,10.022441,1.0,0.0,164.29907,8.0,0.0,0.0,0.8748847,1.0,0.0,0.0,0.0,0.0,3.0825596,11.097214,0.5564574,5.0,5.0,1.0,0.0,0.0,0.8786694,False,False,False,False,False,False,False,False,False,False,False,False,PASS
2765,80,1,0.0,1.0,0.0,1.0,2.9856727,1.0,0.0,11.346897,5.4,0.5,0.0,1.0,1.0,0.0,0.0,0.0,0.0,0.0,0.0,1.0,1.0,4.435,1.0,0.0,0.0,1.0,False,False,False,False,False,False,False,False,False,False,False,False,PASS
2766,80,1,0.0,0.8875,0.0,1.0,7.846256,1.0,0.0,70.35046,4.9,0.5,0.0,0.8373751,1.0,0.0,0.0,0.0,0.0,0.0,0.0,1.0,2.0,4.9625,1.0,0.0,0.0,0.85241264,False,False,False,False,False,False,False,False,False,False,False,False,PASS
2767,80,1,0.0,0.8625,0.0,1.0,11.572322,1.0,0.0,147.78992,8.0,0.0,0.0,0.8250656,1.0,0.0,0.0,0.0,0.0,1.9631157,7.0672164,0.8949401,5.0,5.0,1.0,0.0,0.0,0.8362959,False,False,False,False,False,False,False,False,False,False,False,False,PASS
2768,80,1,0.0,0.8875,0.0,1.0,11.34154,1.0,0.0,57.192184,6.7,0.0,0.0,0.7202814,1.0,0.0,0.0,0.0,0.0,0.0,0.0,1.0,5.0,5.0,1.0,0.0,0.0,0.77044696,False,False,False,False,False,False,False,False,False,False,False,False,PASS
2769,80,1,0.0,1.0,0.0,1.0,0.10907447,0.0,0.0,0.0,0.0,1.0,0.0,1.0,1.0,0.0,0.0,0.0,0.0,0.0,0.0,1.0,5.0,5.0,1.0,1.0,1.0,1.0,False,False,False,False,False,False,False,False,False,False,False,False,PASS
2770,80,1,0.0,1.0,0.0,1.0,1.6958138,1.0,0.0,2.5009642,8.0,0.0,0.0,1.0,1.0,0.0,0.0,0.0,0.0,0.0,0.0,1.0,5.0,5.0,1.0,0.0,0.0,1.0,False,False,False,False,False,False,False,False,False,False,False,False,PASS
2771,80,1,0.0,0.875,0.0,1.0,14.047622,0.0,0.0,130.13672,8.0,0.0,0.0,0.7666634,1.0,0.0,0.0,0.0,0.0,0.0,0.0,1.0,5.0,5.0,1.0,0.9114573,0.767543,0.79916435,False,False,False,False,False,False,False,False,False,False,False,False,PASS
2772,74,0,0.0,1.0,0.0,1.0,0.2152306,0.0,0.0,0.22958744,7.4,0.0,1.0,1.0,1.0,0.0,0.0,0.0,0.0,0.0,0.0,1.0,5.0,5.0,1.0,1.0,0.84210527,0.0,True,True,False,False,False,False,False,False,False,False,True,True,OVERLAP
2773,80,1,0.0,1.0,0.0,1.0,0.059489645,1.0,0.0,0.07016741,8.0,0.0,0.0,1.0,1.0,0.0,0.0,0.0,0.0,0.0,0.0,1.0,5.0,5.0,1.0,0.0,0.0,1.0,False,False,False,False,False,False,False,False,False,False,False,False,PASS
2774,80,1,0.0,1.0,0.0,1.0,8.578811,1.0,0.0,92.69317,4.9,0.5,0.0,0.8484525,1.0,0.0,0.0,0.0,0.0,1.8541527,6.6749496,0.8152623,5.0,5.0,1.0,0.0,0.0,0.8939167,False,False,False,False,False,False,False,False,False,False,False,False,PASS
2775,80,1,0.0,0.8625,0.0,1.0,7.087526,1.0,0.0,15.558273,6.0,0.0,0.0,1.0,1.0,0.0,0.0,0.0,0.0,0.0,0.0,1.0,5.0,5.0,1.0,0.0,0.0,0.95874995,False,False,False,False,False,False,False,False,False,False,False,False,PASS
2776,80,1,0.0,0.85,0.0,1.0,11.382221,1.0,0.0,138.88794,8.0,0.0,0.0,0.80870867,1.0,0.0,0.0,0.0,0.0,1.9790955,7.1247435,0.8810612,1.7,4.6650004,1.0,0.0,0.0,0.82109606,False,False,False,False,False,False,False,False,False,False,False,False,PASS
2777,80,1,0.0,0.7375,0.0,1.0,11.810462,1.0,0.0,142.55333,8.0,0.0,0.0,0.81326777,1.0,0.0,0.0,0.0,0.0,1.4095516,5.0743856,0.94343656,5.0,5.0,1.0,0.0,0.0,0.7905375,False,False,False,False,False,False,False,False,False,False,False,False,PASS
2778,80,1,0.0,0.8875,0.0,1.0,25.09033,1.0,0.0,104.28262,8.0,0.0,0.0,0.68719447,1.0,0.0,0.0,0.0,0.0,0.0,0.0,1.0,5.0,5.0,1.0,0.0,0.0,0.74728614,False,False,False,False,False,False,False,False,True,False,False,False,PASS
2779,8,0,1.0,0.0,0.0,1.0,0.34578896,1.0,0.0,6.0532284,0.8,1.0,1.0,0.08388639,0.0,0.0,0.0,0.0,0.0,0.0,0.0,1.0,0.0,3.5375,0.0,0.0,0.0,0.0,True,True,False,True,False,True,False,True,True,True,True,True,OVERLAP+AT_FAULT
2780,80,1,0.0,0.8875,14.148489,0.0,13.155057,1.0,0.0,70.13411,7.5,0.0,0.0,0.69932985,1.0,0.0,0.0,0.0,0.0,0.0,0.0,1.0,5.0,5.0,1.0,0.0,0.0,0.7557809,False,False,False,False,False,False,False,False,True,False,False,False,PASS
2781,80,1,0.0,0.875,0.0,1.0,3.337853,0.0,0.0,20.228577,3.2,1.5,0.0,1.0,1.0,0.0,0.0,0.0,0.0,0.0,0.0,1.0,5.0,5.0,1.0,0.984375,1.0657895,0.96250004,False,False,False,False,False,False,False,False,False,False,False,False,PASS
2782,80,1,0.0,0.77500004,0.0,1.0,12.9828005,1.0,0.0,150.99948,8.0,0.0,0.0,0.81247145,1.0,0.0,0.0,0.0,0.0,3.2132835,11.567821,0.7470193,5.0,5.0,1.0,0.0,0.0,0.8012301,False,False,False,False,False,False,False,False,False,False,False,False,PASS
2783,80,1,0.0,0.85,0.0,1.0,6.7508507,1.0,0.0,128.66714,6.800000000000001,0.0,0.0,0.90208465,1.0,0.0,0.0,0.0,0.0,0.6904011,2.4854438,0.9801451,5.0,5.0,1.0,0.0,0.0,0.8864593,False,False,False,False,False,False,False,False,False,False,False,False,PASS
2784,80,1,0.0,0.8875,0.0,1.0,17.740278,1.0,0.0,76.96181,8.0,0.0,0.0,0.61792284,1.0,0.0,0.0,0.0,0.0,0.0,0.0,1.0,5.0,5.0,1.0,0.0,0.0,0.698796,False,False,False,False,False,False,False,False,True,False,False,False,PASS
2785,80,1,0.0,0.925,0.0,1.0,10.011713,1.0,0.0,7.075138,0.3,1.0,0.0,0.85009825,1.0,0.0,0.0,0.0,0.0,3.5397415,12.743069,0.5745651,5.0,5.0,1.0,0.0,0.0,0.8725688,False,False,False,False,False,False,False,False,False,False,False,False,PASS
2786,80,1,0.0,1.0,0.0,1.0,0.13423179,1.0,0.0,0.12421015,8.0,0.0,0.0,1.0,1.0,0.0,0.0,0.0,0.0,0.0,0.0,1.0,3.1000001,4.72125,1.0,0.0,0.0,1.0,False,False,False,False,False,False,False,False,False,False,False,False,PASS
2787,1,0,1.0,1.0,0.0,1.0,0.0036524327,1.0,0.0,0.007995761,0.1,1.0,1.0,0.00080205686,0.0,0.0,0.0,0.0,0.0,0.0,0.0,1.0,0.0,0.0,0.0,0.0,0.0,0.0,True,True,False,True,False,True,False,True,True,False,True,True,OVERLAP+AT_FAULT
2788,80,1,0.0,0.825,0.0,1.0,10.400059,1.0,0.0,46.087486,5.800000000000001,0.0,0.0,0.7158477,1.0,0.0,0.0,0.0,0.0,0.0,0.0,1.0,1.7,4.795,1.0,0.0,0.0,0.7485934,False,False,False,False,False,False,False,False,False,False,False,False,PASS
2789,80,1,0.0,0.8875,0.0,1.0,12.643936,1.0,0.0,150.7671,7.9,0.0,0.0,0.8124388,1.0,0.0,0.0,0.0,0.0,3.4221268,12.319656,0.70962083,5.0,5.0,1.0,0.0,0.0,0.8349571,False,False,False,False,False,False,False,False,False,False,False,False,PASS
2790,80,1,0.0,1.0,0.0,1.0,0.26534554,1.0,0.0,0.24491677,8.0,0.0,0.0,1.0,1.0,0.0,0.0,0.0,0.0,0.0,0.0,1.0,5.0,5.0,1.0,0.0,0.0,1.0,False,False,False,False,False,False,False,False,False,False,False,False,PASS
2791,80,1,0.0,1.0,6.6250525,0.0,9.943549,1.0,0.0,69.868576,7.300000000000001,0.0,0.0,0.78527737,1.0,0.0,0.0,0.0,0.0,0.0,0.0,1.0,5.0,5.0,1.0,0.0,0.0,0.8496942,False,False,False,False,False,False,False,False,False,False,False,False,PASS
2792,80,1,0.0,0.875,0.0,1.0,11.48551,1.0,0.0,132.96072,8.0,0.0,0.0,0.80858696,1.0,0.0,0.0,0.0,0.0,0.13779831,0.4960739,0.9989893,5.0,5.0,1.0,0.0,0.0,0.8285109,False,False,False,False,False,False,False,False,False,False,False,False,PASS
2793,80,1,0.0,0.8875,0.0,1.0,12.2186575,1.0,0.0,77.17964,7.7,0.0,0.0,0.7257991,1.0,0.0,0.0,0.0,0.0,0.0,0.0,1.0,2.2,4.965,1.0,0.0,0.0,0.77430934,False,False,False,False,False,False,False,False,False,False,False,False,PASS
2794,80,1,0.0,1.0,0.0,1.0,9.412142,1.0,0.0,161.51297,8.0,0.0,0.0,0.8498455,1.0,0.0,0.0,0.0,0.0,3.3312683,11.992565,0.5804676,5.0,5.0,1.0,0.0,0.0,0.8948919,False,False,False,False,False,False,False,False,False,False,False,False,PASS
2795,80,1,0.0,0.875,0.0,1.0,6.6687503,1.0,0.0,156.61664,7.300000000000001,0.0,0.0,0.89985585,1.0,0.0,0.0,0.0,0.0,3.6380615,13.097021,0.26682407,5.0,5.0,1.0,0.0,0.0,0.89239913,False,False,False,False,False,False,False,False,False,False,False,False,PASS
2796,80,1,0.0,0.875,0.0,1.0,3.4394104,1.0,0.0,25.806286,1.4,1.0,0.0,0.9124771,1.0,0.0,0.0,0.0,0.0,0.0,0.0,1.0,5.0,5.0,1.0,0.0,0.0,0.901234,False,False,False,False,False,False,False,False,False,False,False,False,PASS
2797,80,1,0.0,1.0,0.0,1.0,3.6264398,0.0,0.0,0.0,0.0,1.0,0.0,0.95539737,1.0,0.0,0.0,0.0,0.0,0.0,0.0,1.0,5.0,5.0,1.0,0.9860617,0.9882625,0.96877813,False,False,False,False,False,False,False,False,False,False,False,False,PASS
2798,80,1,0.0,0.925,1.3459537,1.0,4.314767,1.0,0.0,53.193985,8.0,0.0,0.0,1.0,1.0,0.0,0.0,0.0,0.0,0.0,0.0,1.0,5.0,5.0,1.0,0.0,0.0,0.97749996,False,False,False,False,False,False,False,False,False,False,False,False,PASS
2799,80,1,0.0,1.0,0.0,1.0,6.4288898,1.0,0.0,15.381333,6.1000000000000005,0.0,0.0,1.0,1.0,0.0,0.0,0.0,0.0,0.0,0.0,1.0,0.8,4.6662498,0.0,0.0,0.0,1.0,False,False,False,False,False,False,False,False,False,False,False,False,PASS
2800,80,1,0.0,1.0,0.0,1.0,0.15781827,1.0,0.0,0.15760618,8.0,0.0,0.0,1.0,1.0,0.0,0.0,0.0,0.0,0.0,0.0,1.0,5.0,5.0,1.0,0.0,0.0,1.0,False,False,False,False,False,False,False,False,False,False,False,False,PASS
2801,80,1,0.0,0.8875,0.0,1.0,2.7716968,1.0,0.0,17.101374,2.5,1.0,0.0,0.881471,1.0,0.0,0.0,0.0,0.0,0.0,0.0,1.0,5.0,5.0,1.0,0.0,0.0,0.8832796,False,False,False,False,False,False,False,False,False,False,False,False,PASS
2802,80,1,0.0,0.8125,0.0,1.0,13.508486,1.0,0.0,150.13748,8.0,0.0,0.0,0.8001675,1.0,0.0,0.0,0.0,0.0,3.3082294,11.909626,0.7459719,5.0,5.0,1.0,0.0,0.0,0.8038673,False,False,False,False,False,False,False,False,False,False,False,False,PASS
2803,80,1,0.0,0.77500004,0.0,1.0,1.4400358,1.0,0.0,58.917953,8.0,0.0,0.0,0.9338615,1.0,0.0,0.0,0.0,0.0,0.0,0.0,1.0,3.3,4.7599998,1.0,0.0,0.0,0.886203,False,False,False,False,False,False,False,False,False,False,False,False,PASS
2804,80,1,0.0,0.475,0.0,1.0,14.206748,1.0,0.0,75.166306,3.1,1.5,0.0,1.0,1.0,0.0,0.0,0.0,0.0,4.746975,17.08911,0.0,4.2000003,4.92875,1.0,0.0,0.0,0.84250003,False,False,False,False,False,False,False,False,False,True,False,False,LOW_COMFORT
2805,80,1,0.0,0.8875,0.0,1.0,6.77455,1.0,0.0,162.3132,7.6,0.0,0.0,0.90026534,1.0,0.0,0.0,0.0,0.0,3.6538181,13.153745,0.35034657,5.0,5.0,1.0,0.0,0.0,0.89643574,False,False,False,False,False,False,False,False,False,False,False,False,PASS
2806,80,1,0.0,1.0,0.0,1.0,13.559974,1.0,0.0,14.802752,1.8,1.0,0.0,0.7031618,1.0,0.0,0.0,0.0,0.0,0.0,0.0,1.0,5.0,5.0,1.0,0.0,0.0,0.79221326,False,False,False,False,False,False,False,False,False,False,False,False,PASS
2807,80,1,0.0,1.0,0.0,1.0,1.2658012,1.0,0.0,2.9880776,8.0,0.0,0.0,1.0,1.0,0.0,0.0,0.0,0.0,0.0,0.0,1.0,5.0,5.0,1.0,0.0,0.0,1.0,False,False,False,False,False,False,False,False,False,False,False,False,PASS
2808,80,1,0.0,0.8875,0.0,1.0,14.620908,1.0,0.0,148.99542,8.0,0.0,0.0,0.7999567,1.0,0.0,0.0,0.0,0.0,2.5980759,9.353073,0.82363796,5.0,5.0,1.0,0.0,0.0,0.8262197,False,False,False,False,False,False,False,False,False,False,False,False,PASS
2809,80,1,0.0,0.725,0.0,1.0,10.693976,0.0,0.0,156.2026,8.0,0.0,0.0,0.8375705,1.0,0.0,0.0,0.0,0.0,3.312498,11.924993,0.66949975,5.0,5.0,1.0,0.83224076,0.70083433,0.80379933,False,False,False,False,False,False,False,False,False,False,False,False,PASS
2810,80,1,0.0,0.925,0.0,1.0,3.9669259,1.0,0.0,44.978325,7.0,0.0,0.0,1.0,1.0,0.0,0.0,0.0,0.0,0.0,0.0,1.0,5.0,5.0,1.0,0.0,0.0,0.97749996,False,False,False,False,False,False,False,False,False,False,False,False,PASS
2811,80,1,0.0,1.0,0.0,1.0,1.8139619,1.0,0.0,3.0277739,8.0,0.0,0.0,0.8189285,1.0,0.0,0.0,0.0,0.0,0.0,0.0,1.0,5.0,5.0,1.0,0.0,0.0,0.87324995,False,False,False,False,False,False,False,False,False,False,False,False,PASS
2812,80,1,0.0,0.85,0.0,1.0,9.9914055,1.0,0.0,162.45712,8.0,0.0,0.0,0.86289376,1.0,0.0,0.0,0.0,0.0,3.4563332,12.442799,0.6586784,5.0,5.0,1.0,0.0,0.0,0.85902566,False,False,False,False,False,False,False,False,False,False,False,False,PASS
2813,80,1,0.0,0.875,0.0,1.0,8.810905,1.0,0.0,78.12128,8.0,0.0,0.0,0.84622663,1.0,0.0,0.0,0.0,0.0,0.0,0.0,1.0,5.0,5.0,1.0,0.0,0.0,0.8548586,False,False,False,False,False,False,False,False,False,False,False,False,PASS
2814,80,1,0.0,0.925,0.0,1.0,12.361123,1.0,0.0,90.87392,5.800000000000001,0.0,0.0,0.7825985,1.0,0.0,0.0,0.0,0.0,0.0,0.0,1.0,5.0,5.0,1.0,0.0,0.0,0.82531893,False,False,False,False,False,False,False,False,False,False,False,False,PASS
2815,80,1,0.0,0.8625,0.0,1.0,14.292392,1.0,0.0,87.77556,5.9,0.0,0.0,0.7860211,1.0,0.0,0.0,0.0,0.0,0.0,0.0,1.0,5.0,5.0,1.0,0.0,0.0,0.8089647,False,False,False,False,False,False,False,False,False,False,False,False,PASS
2816,80,1,0.0,1.0,0.0,1.0,0.014944109,0.0,0.0,0.023003723,8.0,0.0,0.0,1.0,1.0,0.0,0.0,0.0,0.0,0.0,0.0,1.0,5.0,5.0,1.0,1.0,0.84210527,1.0,False,False,False,False,False,False,False,False,False,False,False,False,PASS
2817,80,1,0.0,0.8875,0.0,1.0,9.655736,0.0,0.0,158.7949,8.0,0.0,0.0,0.85009116,1.0,0.0,0.0,0.0,0.0,3.272911,11.782479,0.6329641,5.0,5.0,1.0,0.847332,0.71354276,0.8613138,False,False,False,False,False,False,False,False,False,False,False,False,PASS
2818,80,1,0.0,1.0,0.0,1.0,2.7968807,1.0,0.0,92.22278,6.300000000000001,0.0,0.0,0.96052444,1.0,0.0,0.0,0.0,0.0,0.0,0.0,1.0,5.0,5.0,1.0,0.0,0.0,0.9723671,False,False,False,False,False,False,False,False,False,False,False,False,PASS
2819,80,1,0.0,1.0,0.0,1.0,0.34731653,1.0,0.0,0.33618957,8.0,0.0,0.0,1.0,1.0,0.0,0.0,0.0,0.0,0.0,0.0,1.0,5.0,5.0,1.0,0.0,0.0,1.0,False,False,False,False,False,False,False,False,False,False,False,False,PASS
2820,80,1,0.0,0.925,0.0,1.0,2.4101555,1.0,0.0,52.48886,3.5,0.5,0.0,1.0,1.0,0.0,0.0,0.0,0.0,0.0,0.0,1.0,5.0,5.0,1.0,0.0,0.0,0.97749996,False,False,False,False,False,False,False,False,False,False,False,False,PASS
2821,80,1,0.0,1.0,0.0,1.0,2.139609,1.0,0.0,0.0,0.0,1.0,0.0,1.0,1.0,0.0,0.0,0.0,0.0,0.0,0.0,1.0,5.0,5.0,1.0,0.0,0.0,1.0,False,False,False,False,False,False,False,False,False,False,False,False,PASS
2822,80,1,0.0,1.0,0.0,1.0,0.17655309,1.0,0.0,0.36966604,8.0,0.0,0.0,1.0,1.0,0.0,0.0,0.0,0.0,0.0,0.0,1.0,5.0,5.0,1.0,0.0,0.0,1.0,False,False,False,False,False,False,False,False,False,False,False,False,PASS
2823,80,1,0.0,1.0,0.0,1.0,0.18213299,0.0,0.0,0.32336086,8.0,0.0,0.0,1.0,1.0,0.0,0.0,0.0,0.0,0.0,0.0,1.0,5.0,5.0,1.0,1.0,0.84210527,1.0,False,False,False,False,False,False,False,False,False,False,False,False,PASS
2824,80,1,0.0,1.0,0.0,1.0,0.06652381,0.0,0.0,0.30797517,8.0,0.0,0.0,1.0,1.0,0.0,0.0,0.0,0.0,0.0,0.0,1.0,2.3,4.7587504,1.0,1.0,0.84210527,1.0,False,False,False,False,False,False,False,False,False,False,False,False,PASS
2825,80,1,0.0,1.0,0.0,1.0,5.2923656,1.0,0.0,26.307465,3.0,1.0,0.0,0.99999994,1.0,0.0,0.0,0.0,0.0,0.0,0.0,1.0,2.4,4.7550006,1.0,0.0,0.0,1.0,False,False,False,False,False,False,False,False,False,False,False,False,PASS
2826,80,1,0.0,1.0,0.0,1.0,9.460462,0.0,0.0,77.06476,4.3,0.5,0.0,0.81295145,1.0,0.0,0.0,0.0,0.0,0.0,0.0,1.0,5.0,5.0,1.0,0.94154733,0.8718294,0.86906606,False,False,False,False,False,False,False,False,False,False,False,False,PASS
2827,80,1,0.0,1.0,0.0,1.0,2.045958,1.0,0.0,0.0,0.0,1.0,0.0,1.0,1.0,0.0,0.0,0.0,0.0,0.0,0.0,1.0,5.0,5.0,1.0,0.0,0.0,1.0,False,False,False,False,False,False,False,False,False,False,False,False,PASS
2828,80,1,0.0,0.925,0.0,1.0,3.020503,1.0,0.0,87.59979,7.1000000000000005,0.0,0.0,1.0,1.0,0.0,0.0,0.0,0.0,0.0,0.0,1.0,4.8,4.9975,1.0,0.0,0.0,0.97749996,False,False,False,False,False,False,False,False,False,False,False,False,PASS
2829,80,1,0.0,0.875,0.0,1.0,3.4111862,1.0,0.0,159.30585,8.0,0.0,0.0,0.96271324,1.0,0.0,0.0,0.0,0.0,1.9094906,6.874166,0.87586343,5.0,5.0,1.0,0.0,0.0,0.9363993,False,False,False,False,False,False,False,False,False,False,False,False,PASS
2830,80,1,0.0,0.7625,0.0,1.0,11.250724,1.0,0.0,155.73242,8.0,0.0,0.0,0.82489586,1.0,0.0,0.0,0.0,0.0,3.3047867,11.897232,0.6748991,5.0,5.0,1.0,0.0,0.0,0.80617714,False,False,False,False,False,False,False,False,False,False,False,False,PASS
2831,80,1,0.0,0.8875,0.0,1.0,8.395549,1.0,0.0,72.94305,8.0,0.0,0.0,0.8349805,1.0,0.0,0.0,0.0,0.0,0.0,0.0,1.0,1.1,4.7574997,1.0,0.0,0.0,0.8507363,False,False,False,False,False,False,False,False,False,False,False,False,PASS
2832,80,1,0.0,1.0,0.0,1.0,3.107126,1.0,0.0,0.0,0.0,1.0,0.0,1.0,1.0,0.0,0.0,0.0,0.0,0.0,0.0,1.0,5.0,5.0,1.0,0.0,0.0,1.0,False,False,False,False,False,False,False,False,False,False,False,False,PASS
2833,80,1,0.0,0.8875,0.0,1.0,4.5383162,1.0,0.0,48.841446,8.0,0.0,0.0,1.0,1.0,0.0,0.0,0.0,0.0,0.0,0.0,1.0,3.8,4.935,1.0,0.0,0.0,0.96625006,False,False,False,False,False,False,False,False,False,False,False,False,PASS
2834,80,1,0.0,0.8125,0.0,1.0,17.942507,1.0,0.0,188.35323,8.0,0.0,0.0,0.9625608,1.0,0.0,0.0,0.0,0.0,3.6930141,13.29485,0.0,5.0,5.0,1.0,0.0,0.0,0.9175426,False,False,False,False,False,False,False,False,False,False,False,False,PASS
2835,80,1,0.0,1.0,0.0,1.0,0.54253787,1.0,0.0,0.5139126,8.0,0.0,0.0,1.0,1.0,0.0,0.0,0.0,0.0,0.0,0.0,1.0,5.0,5.0,1.0,0.0,0.0,1.0,False,False,False,False,False,False,False,False,False,False,False,False,PASS
2836,80,1,0.0,1.0,0.0,1.0,12.814946,1.0,0.0,64.131195,3.1,1.5,0.0,0.8119141,1.0,0.0,0.0,0.0,0.0,3.2068062,11.544502,0.73238885,5.0,5.0,1.0,0.0,0.0,0.86833996,False,False,False,False,False,False,False,False,False,False,False,False,PASS
2837,80,1,0.0,1.0,0.0,1.0,3.010967,1.0,0.0,81.45461,5.9,0.0,0.0,0.96325284,1.0,0.0,0.0,0.0,0.0,0.0,0.0,1.0,5.0,5.0,1.0,0.0,0.0,0.97427696,False,False,False,False,False,False,False,False,False,False,False,False,PASS
2838,80,1,0.0,1.0,0.0,1.0,0.37927285,1.0,0.0,0.36014497,8.0,0.0,0.0,1.0,1.0,0.0,0.0,0.0,0.0,0.0,0.0,1.0,5.0,5.0,1.0,0.0,0.0,1.0,False,False,False,False,False,False,False,False,False,False,False,False,PASS
2839,80,1,0.0,0.8875,0.0,1.0,14.303393,1.0,0.0,69.23161,8.0,0.0,0.0,0.6341967,1.0,0.0,0.0,0.0,0.0,0.0,0.0,1.0,5.0,5.0,1.0,0.0,0.0,0.7101877,False,False,False,False,False,False,False,False,True,False,False,False,PASS
2840,80,1,0.0,0.8875,0.0,1.0,1.7244762,1.0,0.0,123.08821,6.2,0.0,0.0,0.99999994,1.0,0.0,0.0,0.0,0.0,0.039653778,0.1427536,0.99925494,5.0,5.0,1.0,0.0,0.0,0.96624994,False,False,False,False,False,False,False,False,False,False,False,False,PASS
2841,80,1,0.0,1.0,0.0,1.0,0.24041109,1.0,0.0,0.22840682,8.0,0.0,0.0,1.0,1.0,0.0,0.0,0.0,0.0,0.0,0.0,1.0,5.0,5.0,1.0,0.0,0.0,1.0,False,False,False,False,False,False,False,False,False,False,False,False,PASS
2842,80,1,0.0,0.85,0.0,1.0,11.839023,0.0,0.0,185.29553,8.0,0.0,0.0,0.98750156,1.0,0.0,0.0,0.0,0.0,3.34544,12.043583,0.0,5.0,5.0,1.0,0.7273442,0.61250037,0.9462511,False,False,False,False,False,False,False,False,False,False,False,False,PASS
2843,80,1,0.0,1.0,0.0,1.0,11.183124,1.0,0.0,156.63113,8.0,0.0,0.0,0.82504755,1.0,0.0,0.0,0.0,0.0,3.4325047,12.357017,0.65058887,5.0,5.0,1.0,0.0,0.0,0.8775334,False,False,False,False,False,False,False,False,False,False,False,False,PASS
2844,80,1,0.0,1.0,0.0,1.0,0.16738407,1.0,0.0,0.61372083,8.0,0.0,0.0,1.0,1.0,0.0,0.0,0.0,0.0,0.0,0.0,1.0,5.0,5.0,1.0,0.0,0.0,1.0,False,False,False,False,False,False,False,False,False,False,False,False,PASS
2845,80,1,0.0,1.0,0.0,1.0,7.548323,1.0,0.0,21.646893,8.0,0.0,0.0,1.0,1.0,0.0,0.0,0.0,0.0,0.0,0.0,1.0,5.0,5.0,1.0,0.0,0.0,1.0,False,False,False,False,False,False,False,False,False,False,False,False,PASS
2846,80,1,0.0,0.8875,0.0,1.0,9.198089,0.0,0.0,127.43466,7.800000000000001,0.0,0.0,0.835951,1.0,0.0,0.0,0.0,0.0,0.0,0.0,1.0,5.0,5.0,1.0,0.9346721,0.7870923,0.85141563,False,False,False,False,False,False,False,False,False,False,False,False,PASS
2847,80,1,0.0,1.0,0.0,1.0,8.130574,1.0,0.0,158.72534,7.6,0.0,0.0,0.8754734,1.0,0.0,0.0,0.0,0.0,3.679018,13.244465,0.44869566,5.0,5.0,1.0,0.0,0.0,0.9128313,False,False,False,False,False,False,False,False,False,False,False,False,PASS
2848,80,1,0.0,1.0,0.0,1.0,14.565396,1.0,0.0,62.64293,7.9,0.0,0.0,0.5924928,1.0,0.0,0.0,0.0,0.0,0.0,0.0,1.0,5.0,5.0,1.0,0.0,0.0,0.714745,False,False,False,False,False,False,False,False,True,False,False,False,PASS
2849,80,1,0.0,0.8125,0.0,1.0,2.056811,1.0,0.0,108.76467,8.0,0.0,0.0,0.9750383,1.0,0.0,0.0,0.0,0.0,0.0,0.0,1.0,5.0,5.0,1.0,0.0,0.0,0.9262768,False,False,False,False,False,False,False,False,False,False,False,False,PASS
2850,80,1,0.0,0.8875,0.0,1.0,8.210988,1.0,0.0,167.98332,7.9,0.0,0.0,0.8999142,1.0,0.0,0.0,0.0,0.0,3.5666637,12.839989,0.48453826,5.0,5.0,1.0,0.0,0.0,0.89618987,False,False,False,False,False,False,False,False,False,False,False,False,PASS
2851,80,1,0.0,1.0,0.0,1.0,0.034402378,0.0,0.0,0.03201638,8.0,0.0,0.0,1.0,1.0,0.0,0.0,0.0,0.0,0.0,0.0,1.0,5.0,5.0,1.0,1.0,0.84210527,1.0,False,False,False,False,False,False,False,False,False,False,False,False,PASS
2852,80,1,0.0,0.275,0.0,1.0,1.8255554,0.0,0.0,76.392715,8.0,0.0,0.0,1.0,1.0,0.0,0.0,0.0,0.0,0.012479782,0.044927213,0.9998619,5.0,5.0,1.0,0.9093405,0.7657604,0.78249997,False,False,False,False,False,False,False,False,False,True,False,False,LOW_COMFORT
2853,80,1,0.0,1.0,0.0,1.0,2.6401212,1.0,0.0,39.47923,6.300000000000001,0.0,0.0,1.0,1.0,0.0,0.0,0.0,0.0,0.0,0.0,1.0,2.7,4.25875,1.0,0.0,0.0,1.0,False,False,False,False,False,False,False,False,False,False,False,False,PASS
2854,80,1,0.0,0.925,0.0,1.0,4.5964694,0.0,0.0,51.816673,8.0,0.0,0.0,1.0,1.0,0.0,0.0,0.0,0.0,0.0,0.0,1.0,5.0,5.0,1.0,0.990625,0.8342106,0.97749996,False,False,False,False,False,False,False,False,False,False,False,False,PASS
2855,80,1,0.0,0.825,0.0,1.0,8.672348,0.0,0.0,136.78987,8.0,0.0,0.0,1.0,1.0,0.0,0.0,0.0,0.0,0.0,0.0,1.0,1.4,4.87375,1.0,0.978125,0.8236842,0.94750005,False,False,False,False,False,False,False,False,False,False,False,False,PASS
2856,80,1,0.0,0.9875,0.0,1.0,13.8270445,1.0,0.0,94.709564,6.5,0.0,0.0,0.7540228,1.0,0.0,0.0,0.0,0.0,0.0,0.0,1.0,5.0,5.0,1.0,0.0,0.0,0.824066,False,False,False,False,False,False,False,False,False,False,False,False,PASS
2857,80,1,0.0,0.6625,0.0,1.0,19.775492,1.0,0.0,91.264206,7.5,0.0,0.0,0.65218776,1.0,0.0,0.0,0.0,0.0,0.0,0.0,1.0,5.0,5.0,1.0,0.0,0.0,0.6552815,False,False,False,False,False,False,False,False,True,False,False,False,PASS
2858,80,1,0.0,1.0,0.0,1.0,6.0314856,1.0,0.0,94.728485,8.0,0.0,0.0,0.84897226,1.0,0.0,0.0,0.0,0.0,0.0,0.0,1.0,5.0,5.0,1.0,0.0,0.0,0.8942806,False,False,False,False,False,False,False,False,False,False,False,False,PASS
2859,80,1,0.0,0.8875,0.0,1.0,13.326213,1.0,0.0,153.02336,8.0,0.0,0.0,0.81334764,1.0,0.0,0.0,0.0,0.0,3.0400505,10.944181,0.76611024,5.0,5.0,1.0,0.0,0.0,0.83559334,False,False,False,False,False,False,False,False,False,False,False,False,PASS
2860,80,1,0.0,0.7,0.0,1.0,6.0087304,1.0,0.0,24.29602,4.1000000000000005,0.5,0.0,1.0,1.0,0.0,0.0,0.0,0.0,0.0,0.0,1.0,5.0,5.0,1.0,0.0,0.0,0.91,False,False,False,False,False,False,False,False,False,False,False,False,PASS
2861,62,0,0.0,0.9032258,0.0,1.0,10.507794,1.0,0.0,112.62207,6.2,0.0,1.0,0.63771385,1.0,0.0,0.0,0.0,0.0,1.7760887,6.393919,0.94297314,5.0,5.0,1.0,0.0,0.0,0.0,True,True,False,False,False,False,False,False,True,False,True,True,OVERLAP
2862,80,1,0.0,1.0,0.0,1.0,5.166258,1.0,0.0,179.99226,8.0,0.0,0.0,0.92593706,1.0,0.0,0.0,0.0,0.0,4.069269,14.649368,0.0,5.0,5.0,1.0,0.0,0.0,0.948156,False,False,False,False,False,False,False,False,False,False,False,False,PASS
2863,80,1,0.0,0.8875,0.0,1.0,1.7786463,1.0,0.0,57.021255,8.0,0.0,0.0,0.99999994,1.0,0.0,0.0,0.0,0.0,0.0,0.0,1.0,5.0,5.0,1.0,0.0,0.0,0.96624994,False,False,False,False,False,False,False,False,False,False,False,False,PASS
2864,80,1,0.0,0.9125,0.0,1.0,10.29849,1.0,0.0,149.35416,8.0,0.0,0.0,0.8336116,1.0,0.0,0.0,0.0,0.0,3.354248,12.075293,0.7166289,2.0,4.82,1.0,0.0,0.0,0.85727817,False,False,False,False,False,False,False,False,False,False,False,False,PASS
2865,1,0,1.0,1.0,0.0,1.0,0.0023171264,1.0,0.0,0.0037037102,0.1,1.0,1.0,1.0,1.0,0.0,0.0,0.0,0.0,0.0,0.0,1.0,5.0,5.0,1.0,0.0,0.0,0.0,True,True,False,True,False,True,False,False,False,False,True,True,OVERLAP+AT_FAULT
2866,80,1,0.0,0.8875,0.0,1.0,10.91993,1.0,0.0,56.718163,6.4,0.0,0.0,0.75844455,1.0,0.0,0.0,0.0,0.0,0.0,0.0,1.0,5.0,5.0,1.0,0.0,0.0,0.79716116,False,False,False,False,False,False,False,False,False,False,False,False,PASS
2867,80,1,0.0,0.725,0.0,1.0,8.999114,1.0,0.0,153.04593,7.300000000000001,0.0,0.0,0.8755216,1.0,0.0,0.0,0.0,0.0,3.6964931,13.307375,0.5407369,5.0,5.0,1.0,0.0,0.0,0.8303652,False,False,False,False,False,False,False,False,False,False,False,False,PASS
2868,80,1,0.0,1.0,0.0,1.0,0.042091727,1.0,0.0,0.034869146,8.0,0.0,0.0,1.0,1.0,0.0,0.0,0.0,0.0,0.0,0.0,1.0,5.0,5.0,1.0,0.0,0.0,1.0,False,False,False,False,False,False,False,False,False,False,False,False,PASS
2869,80,1,0.0,0.8875,1.5863472,1.0,14.57773,1.0,0.0,68.46499,7.6,0.0,0.0,0.65918654,1.0,0.0,0.0,0.0,0.0,0.0,0.0,1.0,1.8000001,4.85125,1.0,0.0,0.0,0.7276806,False,False,False,False,False,False,False,False,True,False,False,False,PASS
2870,80,1,0.0,0.7625,0.0,1.0,3.3402882,1.0,0.0,35.770798,5.5,0.5,0.0,0.8484033,1.0,0.0,0.0,0.0,0.0,0.0,0.0,1.0,4.9,4.99875,1.0,0.0,0.0,0.82263225,False,False,False,False,False,False,False,False,False,False,False,False,PASS
2871,80,1,0.0,1.0,0.0,1.0,2.9267647,1.0,0.0,117.31346,5.800000000000001,0.0,0.0,0.9623339,1.0,0.0,0.0,0.0,0.0,0.49573708,1.7846534,0.94310516,5.0,5.0,1.0,0.0,0.0,0.97363377,False,False,False,False,False,False,False,False,False,False,False,False,PASS
2872,80,1,0.0,0.925,0.0,1.0,1.7900378,1.0,0.0,45.311695,6.0,0.0,0.0,0.96385705,1.0,0.0,0.0,0.0,0.0,0.0,0.0,1.0,5.0,5.0,1.0,0.0,0.0,0.95219994,False,False,False,False,False,False,False,False,False,False,False,False,PASS
2873,80,1,0.0,0.90000004,0.0,1.0,9.845749,1.0,0.0,4.4162993,0.3,1.0,0.0,0.83824795,1.0,0.0,0.0,0.0,0.0,1.566145,5.6381216,0.9181032,5.0,5.0,1.0,0.0,0.0,0.85677356,False,False,False,False,False,False,False,False,False,False,False,False,PASS
2874,80,1,0.0,1.0,0.0,1.0,0.15522951,1.0,0.0,0.0,0.0,1.0,0.0,1.0,1.0,0.0,0.0,0.0,0.0,0.0,0.0,1.0,2.8,4.8825,1.0,0.0,0.0,1.0,False,False,False,False,False,False,False,False,False,False,False,False,PASS
2875,80,1,0.0,0.8875,0.0,1.0,8.923564,0.0,0.0,102.824615,7.2,0.0,0.0,0.81949776,1.0,0.0,0.0,0.0,0.0,0.0,0.0,1.0,5.0,5.0,1.0,0.9295305,0.7827625,0.8398985,False,False,False,False,False,False,False,False,False,False,False,False,PASS
2876,80,1,0.0,0.8,0.0,1.0,16.69698,1.0,0.0,67.88452,7.6,0.0,0.0,1.0,1.0,0.0,0.0,0.0,0.0,0.0,0.0,1.0,3.2,4.7625003,1.0,0.0,0.0,0.94,False,False,False,False,False,False,False,False,False,False,False,False,PASS
2877,80,1,0.0,0.8125,0.0,1.0,6.5143785,0.0,0.0,154.90356,8.0,0.0,0.0,0.90564823,1.0,0.0,0.0,0.0,0.0,2.824442,10.167991,0.8012239,5.0,5.0,1.0,0.8973836,0.7556914,0.8777038,False,False,False,False,False,False,False,False,False,False,False,False,PASS
2878,80,1,0.0,1.0,0.0,1.0,0.0538896,1.0,0.0,0.32271427,8.0,0.0,0.0,1.0,1.0,0.0,0.0,0.0,0.0,0.0,0.0,1.0,5.0,5.0,1.0,0.0,0.0,1.0,False,False,False,False,False,False,False,False,False,False,False,False,PASS
2879,80,1,0.0,0.925,0.0,1.0,5.7108893,1.0,0.0,67.862976,7.5,0.0,0.0,1.0,1.0,0.0,0.0,0.0,0.0,0.0,0.0,1.0,3.6000001,4.8475,1.0,0.0,0.0,0.97749996,False,False,False,False,False,False,False,False,False,False,False,False,PASS
2880,80,1,0.0,1.0,0.0,1.0,7.5837493,1.0,0.0,18.53295,3.8,0.5,0.0,1.0,1.0,0.0,0.0,0.0,0.0,0.0,0.0,1.0,5.0,5.0,1.0,0.0,0.0,1.0,False,False,False,False,False,False,False,False,False,False,False,False,PASS
2881,15,0,1.0,1.0,0.0,1.0,0.632357,0.0,0.0,2.8992457,0.8,1.0,1.0,0.7338268,1.0,0.0,0.0,0.0,0.0,0.0,0.0,1.0,0.0,3.7466667,0.0,0.0,0.0,0.0,True,True,False,True,False,True,False,False,False,False,True,True,OVERLAP+AT_FAULT
2882,80,1,0.0,1.0,0.0,1.0,3.2737916,1.0,0.0,2.63547,1.2000000000000002,1.0,0.0,1.0,1.0,0.0,0.0,0.0,0.0,0.0,0.0,1.0,5.0,5.0,1.0,0.0,0.0,1.0,False,False,False,False,False,False,False,False,False,False,False,False,PASS
2883,80,1,0.0,0.725,0.0,1.0,10.572532,1.0,0.0,150.49088,8.0,0.0,0.0,0.87906027,1.0,0.0,0.0,0.0,0.0,1.9938526,7.1778693,0.89741814,5.0,5.0,1.0,0.0,0.0,0.8328423,False,False,False,False,False,False,False,False,False,False,False,False,PASS
2884,80,1,0.0,0.8625,0.0,1.0,8.93808,1.0,0.0,56.931744,7.7,0.0,0.0,1.0,1.0,0.0,0.0,0.0,0.0,0.0,0.0,1.0,3.6000001,4.8925,1.0,0.0,0.0,0.95874995,False,False,False,False,False,False,False,False,False,False,False,False,PASS
2885,80,1,0.0,1.0,0.0,1.0,0.3036711,0.0,0.0,0.90973485,8.0,0.0,0.0,0.86829895,1.0,0.0,0.0,0.0,0.0,0.0,0.0,1.0,5.0,5.0,1.0,0.9588434,0.8074471,0.90780926,False,False,False,False,False,False,False,False,False,False,False,False,PASS
2886,80,1,0.0,0.8625,0.0,1.0,11.95695,1.0,0.0,54.685223,8.0,0.0,0.0,0.6506873,1.0,0.0,0.0,0.0,0.0,0.0,0.0,1.0,5.0,5.0,1.0,0.0,0.0,0.71423113,False,False,False,False,False,False,False,False,True,False,False,False,PASS
2887,80,1,0.0,1.0,0.6759655,1.0,8.063806,0.0,0.0,48.84496,8.0,0.0,0.0,0.99973327,1.0,0.0,0.0,0.0,0.0,0.0,0.0,1.0,5.0,5.0,1.0,0.9999167,0.8420351,0.99981326,False,False,False,False,False,False,False,False,False,False,False,False,PASS
2888,80,1,0.0,0.8875,0.0,1.0,12.590416,1.0,0.0,37.314423,2.1,1.0,0.0,0.78079915,1.0,0.0,0.0,0.0,0.0,0.0,0.0,1.0,5.0,5.0,1.0,0.0,0.0,0.8128094,False,False,False,False,False,False,False,False,False,False,False,False,PASS
2889,80,1,0.0,0.83750004,0.0,1.0,18.20336,1.0,0.0,174.88423,8.0,0.0,0.0,0.9235143,1.0,0.0,0.0,0.0,0.0,2.2327538,8.037913,0.2079004,5.0,5.0,1.0,0.0,0.0,0.89771,False,False,False,False,False,False,False,False,False,False,False,False,PASS
2890,80,1,0.0,1.0,0.0,1.0,1.1524729,1.0,0.0,33.479294,4.5,0.5,0.0,1.0,1.0,0.0,0.0,0.0,0.0,0.0,0.0,1.0,5.0,5.0,1.0,0.0,0.0,1.0,False,False,False,False,False,False,False,False,False,False,False,False,PASS
2891,80,1,0.0,0.875,0.0,1.0,6.4768143,1.0,0.0,63.620586,8.0,0.0,0.0,0.9303032,1.0,0.0,0.0,0.0,0.0,0.0,0.0,1.0,5.0,5.0,1.0,0.0,0.0,0.9137123,False,False,False,False,False,False,False,False,False,False,False,False,PASS
2892,80,1,0.0,0.8875,0.0,1.0,11.12085,1.0,0.0,126.39247,8.0,0.0,0.0,0.8109736,1.0,0.0,0.0,0.0,0.0,0.0,0.0,1.0,5.0,5.0,1.0,0.0,0.0,0.83393157,False,False,False,False,False,False,False,False,False,False,False,False,PASS
2893,80,1,0.0,1.0,0.0,1.0,0.08980149,0.0,0.0,0.0,0.0,1.0,0.0,1.0,1.0,0.0,0.0,0.0,0.0,0.0,0.0,1.0,5.0,5.0,1.0,1.0,1.0,1.0,False,False,False,False,False,False,False,False,False,False,False,False,PASS
2894,80,1,0.0,0.875,0.0,1.0,4.165175,0.0,0.0,51.482002,8.0,0.0,0.0,1.0,1.0,0.0,0.0,0.0,0.0,0.0,0.0,1.0,2.7,4.5775003,1.0,0.984375,0.82894737,0.96250004,False,False,False,False,False,False,False,False,False,False,False,False,PASS
2895,80,1,0.0,0.875,0.0,1.0,8.326517,1.0,0.0,67.55888,8.0,0.0,0.0,0.7784328,1.0,0.0,0.0,0.0,0.0,0.0,0.0,1.0,4.0,4.97625,1.0,0.0,0.0,0.807403,False,False,False,False,False,False,False,False,False,False,False,False,PASS
2896,80,1,0.0,0.8875,0.0,1.0,5.2892537,1.0,0.0,54.243668,7.9,0.0,0.0,0.99999994,1.0,0.0,0.0,0.0,0.0,0.0,0.0,1.0,5.0,5.0,1.0,0.0,0.0,0.96624994,False,False,False,False,False,False,False,False,False,False,False,False,PASS
2897,80,1,0.0,0.825,0.0,1.0,13.739838,0.0,0.0,150.93103,8.0,0.0,0.0,0.8007344,1.0,0.0,0.0,0.0,0.0,3.1223545,11.240476,0.7864045,5.0,5.0,1.0,0.8624556,0.7262784,0.8080141,False,False,False,False,False,False,False,False,False,False,False,False,PASS
2898,80,1,0.0,0.8875,0.0,1.0,4.743297,1.0,0.0,56.310028,8.0,0.0,0.0,0.85095686,1.0,0.0,0.0,0.0,0.0,0.0,0.0,1.0,5.0,5.0,1.0,0.0,0.0,0.8619198,False,False,False,False,False,False,False,False,False,False,False,False,PASS
2899,80,1,0.0,0.8125,0.0,1.0,14.541675,1.0,0.0,58.207695,2.9000000000000004,1.0,0.0,0.78727984,1.0,0.0,0.0,0.0,0.0,2.2019005,7.9268417,0.9080999,5.0,5.0,1.0,0.0,0.0,0.7948459,False,False,False,False,False,False,False,False,False,False,False,False,PASS
2900,80,1,0.0,0.8875,0.0,1.0,12.7423315,1.0,0.0,141.2619,8.0,0.0,0.0,0.8058405,1.0,0.0,0.0,0.0,0.0,1.7189465,6.188207,0.91815555,5.0,5.0,1.0,0.0,0.0,0.8303383,False,False,False,False,False,False,False,False,False,False,False,False,PASS
2901,80,1,0.0,0.83750004,0.0,1.0,8.939284,1.0,0.0,63.26294,7.5,0.0,0.0,0.99999994,1.0,0.0,0.0,0.0,0.0,0.0,0.0,1.0,4.0,4.97125,1.0,0.0,0.0,0.95125,False,False,False,False,False,False,False,False,False,False,False,False,PASS
2902,80,1,0.0,0.5125,0.0,1.0,13.7207365,1.0,0.0,100.36478,6.4,0.0,0.0,0.8017231,1.0,0.0,0.0,0.0,0.0,0.0,0.0,1.0,1.9,4.83125,1.0,0.0,0.0,0.7149562,False,False,False,False,False,False,False,False,False,False,False,False,PASS
2903,80,1,0.0,1.0,0.0,1.0,17.960419,1.0,0.0,51.027023,5.5,0.5,0.0,0.6505199,1.0,0.0,0.0,0.0,0.0,0.0,0.0,1.0,5.0,5.0,1.0,0.0,0.0,0.75536394,False,False,False,False,False,False,False,False,True,False,False,False,PASS
2904,80,1,0.0,1.0,0.0,1.0,0.074342005,0.0,0.0,0.0,0.0,1.0,0.0,1.0,1.0,0.0,0.0,0.0,0.0,0.0,0.0,1.0,5.0,5.0,1.0,1.0,1.0,1.0,False,False,False,False,False,False,False,False,False,False,False,False,PASS
2905,1,0,1.0,1.0,0.0,1.0,0.0010836964,1.0,0.0,0.003132026,0.1,1.0,1.0,1.0,1.0,0.0,0.0,0.0,0.0,0.0,0.0,1.0,5.0,5.0,1.0,0.0,0.0,0.0,True,True,False,True,False,True,False,False,False,False,True,True,OVERLAP+AT_FAULT
2906,80,1,0.0,1.0,0.0,1.0,10.485966,1.0,0.0,158.13217,8.0,0.0,0.0,0.838492,1.0,0.0,0.0,0.0,0.0,3.4061394,12.262101,0.6475802,5.0,5.0,1.0,0.0,0.0,0.8869444,False,False,False,False,False,False,False,False,False,False,False,False,PASS
2907,80,1,0.0,0.925,0.0,1.0,5.5677776,1.0,0.0,148.88435,7.1000000000000005,0.0,0.0,0.92734885,1.0,0.0,0.0,0.0,0.0,3.6422367,13.112052,0.35326982,5.0,5.0,1.0,0.0,0.0,0.92664415,False,False,False,False,False,False,False,False,False,False,False,False,PASS
2908,80,1,0.0,1.0,0.0,1.0,7.617917,1.0,0.0,71.20584,8.0,0.0,0.0,0.7956219,1.0,0.0,0.0,0.0,0.0,0.0,0.0,1.0,5.0,5.0,1.0,0.0,0.0,0.8569353,False,False,False,False,False,False,False,False,False,False,False,False,PASS
2909,33,0,1.0,1.0,0.0,1.0,0.18544301,1.0,0.0,0.18581118,3.3000000000000003,1.5,1.0,1.0,1.0,0.0,0.0,0.0,0.0,0.0,0.0,1.0,0.0,4.848485,0.0,0.0,0.0,0.0,True,True,False,True,False,True,False,False,False,False,True,True,OVERLAP+AT_FAULT
2910,80,1,0.0,1.0,0.0,1.0,1.7913805,1.0,0.0,0.0,0.0,1.0,0.0,1.0,1.0,0.0,0.0,0.0,0.0,0.0,0.0,1.0,5.0,5.0,1.0,0.0,0.0,1.0,False,False,False,False,False,False,False,False,False,False,False,False,PASS
2911,80,1,0.0,1.0,0.0,1.0,9.635973,1.0,0.0,96.44891,5.0,0.5,0.0,0.8659469,1.0,0.0,0.0,0.0,0.0,2.4928284,8.974182,0.7757797,5.0,5.0,1.0,0.0,0.0,0.90616286,False,False,False,False,False,False,False,False,False,False,False,False,PASS
2912,80,1,0.0,0.8875,0.0,1.0,10.867212,0.0,0.0,128.67163,8.0,0.0,0.0,0.8118619,1.0,0.0,0.0,0.0,0.0,0.0,0.0,1.0,5.0,5.0,1.0,0.9271443,0.7807531,0.83455336,False,False,False,False,False,False,False,False,False,False,False,False,PASS
2913,80,1,0.0,1.0,0.0,1.0,0.6102236,0.0,0.0,0.9293125,8.0,0.0,0.0,0.5633247,1.0,0.0,0.0,0.0,0.0,0.0,0.0,1.0,5.0,5.0,1.0,0.863539,0.72719073,0.6943273,False,False,False,False,False,False,False,False,True,False,False,False,PASS
2914,80,1,0.0,1.0,0.0,1.0,0.17407535,1.0,0.0,0.0,0.0,1.0,0.0,1.0,1.0,0.0,0.0,0.0,0.0,0.0,0.0,1.0,5.0,5.0,1.0,0.0,0.0,1.0,False,False,False,False,False,False,False,False,False,False,False,False,PASS
2915,79,0,0.0,1.0,0.0,1.0,8.045052,1.0,1.0,91.27849,7.9,0.0,0.0,0.8345187,1.0,0.0,0.0,0.0,0.0,0.0,0.0,1.0,3.6000001,4.925317,1.0,0.0,0.0,0.0,True,False,True,False,False,False,False,False,False,False,True,True,OFFROAD
2916,80,1,0.0,0.77500004,0.0,1.0,2.056837,1.0,0.0,60.564674,6.9,0.0,0.0,1.0,1.0,0.0,0.0,0.0,0.0,0.0,0.0,1.0,2.3,4.75625,1.0,0.0,0.0,0.9325,False,False,False,False,False,False,False,False,False,False,False,False,PASS
2917,80,1,0.0,0.8625,0.0,1.0,14.48809,1.0,0.0,195.04134,8.0,0.0,0.0,0.98759717,1.0,0.0,0.0,0.0,0.0,4.4206486,15.914334,0.0,5.0,5.0,1.0,0.0,0.0,0.9500681,False,False,False,False,False,False,False,False,False,False,False,False,PASS
2918,80,1,0.0,0.8875,0.0,1.0,1.9686745,0.0,0.0,48.07296,6.300000000000001,0.0,0.0,0.95294774,1.0,0.0,0.0,0.0,0.0,0.0,0.0,1.0,5.0,5.0,1.0,0.9712336,0.8178809,0.93331337,False,False,False,False,False,False,False,False,False,False,False,False,PASS
2919,80,1,0.0,0.8875,0.0,1.0,5.3600183,1.0,0.0,157.3349,8.0,0.0,0.0,0.9158349,1.0,0.0,0.0,0.0,0.0,2.1410408,7.7077465,0.7867651,5.0,5.0,1.0,0.0,0.0,0.90733445,False,False,False,False,False,False,False,False,False,False,False,False,PASS
2920,80,1,0.0,1.0,0.0,1.0,0.10181421,0.0,0.0,0.2566744,8.0,0.0,0.0,1.0,1.0,0.0,0.0,0.0,0.0,0.0,0.0,1.0,5.0,5.0,1.0,1.0,0.84210527,1.0,False,False,False,False,False,False,False,False,False,False,False,False,PASS
2921,80,1,0.0,0.77500004,0.0,1.0,11.264883,0.0,0.0,156.38611,8.0,0.0,0.0,0.8364792,1.0,0.0,0.0,0.0,0.0,2.997408,10.7906685,0.74931383,5.0,5.0,1.0,0.8581032,0.7226132,0.8180354,False,False,False,False,False,False,False,False,False,False,False,False,PASS
2922,80,1,0.0,1.0,0.0,1.0,13.260925,1.0,0.0,17.043646,1.3,1.0,0.0,0.77475756,1.0,0.0,0.0,0.0,0.0,1.0782127,3.8815658,0.9696709,5.0,5.0,1.0,0.0,0.0,0.8423304,False,False,False,False,False,False,False,False,False,False,False,False,PASS
2923,80,1,0.0,1.0,0.0,1.0,2.732352,1.0,0.0,5.9836073,8.0,0.0,0.0,1.0,1.0,0.0,0.0,0.0,0.0,0.0,0.0,1.0,5.0,5.0,1.0,0.0,0.0,1.0,False,False,False,False,False,False,False,False,False,False,False,False,PASS
2924,80,1,0.0,0.8625,0.0,1.0,2.4504437,1.0,0.0,5.4795847,8.0,0.0,0.0,0.9900371,1.0,0.0,0.0,0.0,0.0,0.0,0.0,1.0,4.1,4.91,1.0,0.0,0.0,0.95177597,False,False,False,False,False,False,False,False,False,False,False,False,PASS
2925,80,1,0.0,1.0,0.0,1.0,1.7343978,0.0,0.0,43.64087,6.2,0.0,0.0,0.99999994,1.0,0.0,0.0,0.0,0.0,0.0,0.0,1.0,1.4,4.065,1.0,1.0,0.84210527,1.0,False,False,False,False,False,False,False,False,False,False,False,False,PASS
2926,80,1,0.0,1.0,0.0,1.0,0.14098936,1.0,0.0,0.13919124,8.0,0.0,0.0,1.0,1.0,0.0,0.0,0.0,0.0,0.0,0.0,1.0,4.6,4.9787498,1.0,0.0,0.0,1.0,False,False,False,False,False,False,False,False,False,False,False,False,PASS
2927,80,1,0.0,1.0,0.0,1.0,0.48436186,0.0,0.0,0.0,0.0,1.0,0.0,1.0,1.0,0.0,0.0,0.0,0.0,0.0,0.0,1.0,5.0,5.0,1.0,1.0,1.0,1.0,False,False,False,False,False,False,False,False,False,False,False,False,PASS
2928,80,1,0.0,0.8875,0.0,1.0,3.8477228,1.0,0.0,60.246586,8.0,0.0,0.0,0.86273015,1.0,0.0,0.0,0.0,0.0,0.0,0.0,1.0,5.0,5.0,1.0,0.0,0.0,0.87016106,False,False,False,False,False,False,False,False,False,False,False,False,PASS
2929,80,1,0.0,0.725,0.0,1.0,10.221922,1.0,0.0,60.87538,2.9000000000000004,1.0,0.0,0.86267596,1.0,0.0,0.0,0.0,0.0,1.8729897,6.7427626,0.80953234,5.0,5.0,1.0,0.0,0.0,0.82137316,False,False,False,False,False,False,False,False,False,False,False,False,PASS
2930,80,1,0.0,1.0,0.0,1.0,11.245467,0.0,0.0,135.89139,8.0,0.0,0.0,0.8133309,1.0,0.0,0.0,0.0,0.0,0.40354347,1.4527564,0.99340034,5.0,5.0,1.0,0.940016,0.7915924,0.86933166,False,False,False,False,False,False,False,False,False,False,False,False,PASS
2931,80,1,0.0,0.8875,0.0,1.0,12.0494795,1.0,0.0,143.23141,8.0,0.0,0.0,0.8126207,1.0,0.0,0.0,0.0,0.0,1.8917313,6.810232,0.9017267,5.0,5.0,1.0,0.0,0.0,0.83508456,False,False,False,False,False,False,False,False,False,False,False,False,PASS
2932,80,1,0.0,0.8625,0.0,1.0,8.067787,0.0,0.0,22.759665,3.9,0.5,0.0,1.0,1.0,0.0,0.0,0.0,0.0,0.0,0.0,1.0,3.6000001,4.965,1.0,0.9828125,0.90657896,0.95874995,False,False,False,False,False,False,False,False,False,False,False,False,PASS
2933,80,1,0.0,1.0,2.0156355,0.5,11.153974,1.0,0.0,40.546944,6.1000000000000005,0.0,0.0,0.64323926,1.0,0.0,0.0,0.0,0.0,0.0,0.0,1.0,5.0,5.0,1.0,0.0,0.0,0.7502675,False,False,False,False,False,False,False,False,True,False,False,False,PASS
2934,80,1,0.0,0.8875,0.0,1.0,6.825116,1.0,0.0,115.85916,7.800000000000001,0.0,0.0,0.8635218,1.0,0.0,0.0,0.0,0.0,0.0,0.0,1.0,5.0,5.0,1.0,0.0,0.0,0.8707153,False,False,False,False,False,False,False,False,False,False,False,False,PASS
2935,80,1,0.0,1.0,0.0,1.0,0.09974336,0.0,0.0,0.0,0.0,1.0,0.0,1.0,1.0,0.0,0.0,0.0,0.0,0.0,0.0,1.0,5.0,5.0,1.0,1.0,1.0,1.0,False,False,False,False,False,False,False,False,False,False,False,False,PASS
2936,80,1,0.0,1.0,0.0,1.0,0.1085444,1.0,0.0,0.0,0.0,1.0,0.0,1.0,1.0,0.0,0.0,0.0,0.0,0.0,0.0,1.0,5.0,5.0,1.0,0.0,0.0,1.0,False,False,False,False,False,False,False,False,False,False,False,False,PASS
2937,80,1,0.0,0.8,0.0,1.0,12.172451,0.0,0.0,131.47183,6.7,0.0,0.0,0.8136635,1.0,0.0,0.0,0.0,0.0,3.022953,10.88263,0.77843297,5.0,5.0,1.0,0.8613781,0.725371,0.8095644,False,False,False,False,False,False,False,False,False,False,False,False,PASS
2938,80,1,0.0,0.925,0.0,1.0,18.420134,1.0,0.0,128.15746,8.0,0.0,0.0,1.0,1.0,0.0,0.0,0.0,0.0,1.8885288,6.7987037,0.6796925,1.0,3.9987504,1.0,0.0,0.0,0.97749996,False,False,False,False,False,False,False,False,False,False,False,False,PASS
2939,80,1,0.0,1.0,0.0,1.0,5.006186,1.0,0.0,3.364245,0.5,1.0,0.0,0.7886188,1.0,0.0,0.0,0.0,0.0,0.0,0.0,1.0,5.0,5.0,1.0,0.0,0.0,0.85203314,False,False,False,False,False,False,False,False,False,False,False,False,PASS
2940,80,1,0.0,0.8,0.0,1.0,7.4883533,1.0,0.0,132.5011,6.5,0.0,0.0,0.87495023,1.0,0.0,0.0,0.0,0.0,3.6612358,13.180449,0.36418945,5.0,5.0,1.0,0.0,0.0,0.85246515,False,False,False,False,False,False,False,False,False,False,False,False,PASS
2941,80,1,0.0,1.0,0.0,1.0,4.692393,1.0,0.0,4.261656,4.4,0.5,0.0,0.994215,1.0,0.0,0.0,0.0,0.0,0.0,0.0,1.0,5.0,5.0,1.0,0.0,0.0,0.9959505,False,False,False,False,False,False,False,False,False,False,False,False,PASS
2942,80,1,0.0,0.825,0.0,1.0,7.871203,1.0,0.0,140.99437,8.0,0.0,0.0,0.86256707,1.0,0.0,0.0,0.0,0.0,0.10089493,0.36322173,0.9989323,5.0,5.0,1.0,0.0,0.0,0.851297,False,False,False,False,False,False,False,False,False,False,False,False,PASS
2943,80,1,0.0,0.825,0.0,1.0,2.2312813,1.0,0.0,130.54092,8.0,0.0,0.0,1.0,1.0,0.0,0.0,0.0,0.0,0.0,0.0,1.0,5.0,5.0,1.0,0.0,0.0,0.94750005,False,False,False,False,False,False,False,False,False,False,False,False,PASS
2944,80,1,0.0,0.8875,0.0,1.0,4.7127924,1.0,0.0,65.33393,8.0,0.0,0.0,0.779864,1.0,0.0,0.0,0.0,0.0,0.0,0.0,1.0,5.0,5.0,1.0,0.0,0.0,0.81215477,False,False,False,False,False,False,False,False,False,False,False,False,PASS
2945,80,1,0.0,1.0,0.0,1.0,1.5909064,1.0,0.0,5.831685,8.0,0.0,0.0,0.9915611,1.0,0.0,0.0,0.0,0.0,0.0,0.0,1.0,5.0,5.0,1.0,0.0,0.0,0.99409276,False,False,False,False,False,False,False,False,False,False,False,False,PASS
2946,80,1,0.0,0.925,0.0,1.0,1.4257704,1.0,0.0,99.898544,8.0,0.0,0.0,0.962019,1.0,0.0,0.0,0.0,0.0,0.0,0.0,1.0,5.0,5.0,1.0,0.0,0.0,0.95091337,False,False,False,False,False,False,False,False,False,False,False,False,PASS
2947,80,1,0.0,0.8875,0.0,1.0,14.221379,1.0,0.0,55.3172,8.0,0.0,0.0,0.60870236,1.0,0.0,0.0,0.0,0.0,0.0,0.0,1.0,5.0,5.0,1.0,0.0,0.0,0.6923417,False,False,False,False,False,False,False,False,True,False,False,False,PASS
2948,80,1,0.0,0.675,0.0,1.0,7.318166,1.0,0.0,160.68597,8.0,0.0,0.0,1.0,1.0,0.0,0.0,0.0,0.0,1.1674099,4.2026753,0.80758023,4.3,4.9800005,1.0,0.0,0.0,0.9025,False,False,False,False,False,False,False,False,False,False,False,False,PASS
2949,80,1,0.0,1.0,0.0,1.0,0.31384674,1.0,0.0,0.29864234,8.0,0.0,0.0,1.0,1.0,0.0,0.0,0.0,0.0,0.0,0.0,1.0,5.0,5.0,1.0,0.0,0.0,1.0,False,False,False,False,False,False,False,False,False,False,False,False,PASS
2950,80,1,0.0,1.0,0.0,1.0,1.3176504,1.0,0.0,0.0,0.0,1.0,0.0,1.0,1.0,0.0,0.0,0.0,0.0,0.0,0.0,1.0,5.0,5.0,1.0,0.0,0.0,1.0,False,False,False,False,False,False,False,False,False,False,False,False,PASS
2951,80,1,0.0,1.0,0.0,1.0,10.030814,1.0,0.0,1.2941976,0.1,1.0,0.0,0.81052953,1.0,0.0,0.0,0.0,0.0,0.0,0.0,1.0,5.0,5.0,1.0,0.0,0.0,0.8673706,False,False,False,False,False,False,False,False,False,False,False,False,PASS
2952,80,1,0.0,0.9125,0.0,1.0,13.01314,1.0,0.0,65.85468,7.9,0.0,0.0,0.6592623,1.0,0.0,0.0,0.0,0.0,0.0,0.0,1.0,5.0,5.0,1.0,0.0,0.0,0.73523366,False,False,False,False,False,False,False,False,True,False,False,False,PASS
2953,80,1,0.0,0.7375,0.0,1.0,9.270435,1.0,0.0,123.08917,6.4,0.0,0.0,0.87483454,1.0,0.0,0.0,0.0,0.0,2.5484123,9.174284,0.85811937,5.0,5.0,1.0,0.0,0.0,0.8336342,False,False,False,False,False,False,False,False,False,False,False,False,PASS
2954,80,1,0.0,0.8875,0.0,1.0,8.021777,1.0,0.0,99.51745,8.0,0.0,0.0,1.0,1.0,0.0,0.0,0.0,0.0,0.0,0.0,1.0,5.0,5.0,1.0,0.0,0.0,0.96625006,False,False,False,False,False,False,False,False,False,False,False,False,PASS
2955,55,0,0.0,0.99999994,0.0,1.0,0.24753454,1.0,0.0,0.21929877,5.5,0.5,1.0,1.0,1.0,0.0,0.0,0.0,0.0,0.0,0.0,1.0,5.0,5.0,1.0,0.0,0.0,0.0,True,True,False,False,False,False,False,False,False,False,True,True,OVERLAP
2956,80,1,0.0,0.85,0.0,1.0,14.705136,1.0,0.0,136.96786,8.0,0.0,0.0,0.7757058,1.0,0.0,0.0,0.0,0.0,1.9482288,7.0136237,0.92619795,5.0,5.0,1.0,0.0,0.0,0.7979941,False,False,False,False,False,False,False,False,False,False,False,False,PASS
2957,80,1,0.0,0.875,0.0,1.0,9.558425,0.0,0.0,154.00407,7.9,0.0,0.0,0.85106087,1.0,0.0,0.0,0.0,0.0,3.1104355,11.197567,0.67254424,5.0,5.0,1.0,0.8559676,0.7208148,0.85824263,False,False,False,False,False,False,False,False,False,False,False,False,PASS
2958,80,1,0.0,1.0,0.0,1.0,0.14053054,1.0,0.0,0.0,0.0,1.0,0.0,1.0,1.0,0.0,0.0,0.0,0.0,0.0,0.0,1.0,5.0,5.0,1.0,0.0,0.0,1.0,False,False,False,False,False,False,False,False,False,False,False,False,PASS
2959,80,1,0.0,1.0,0.0,1.0,1.5202509,1.0,0.0,6.6178637,7.300000000000001,0.0,0.0,0.98416114,1.0,0.0,0.0,0.0,0.0,0.0,0.0,1.0,5.0,5.0,1.0,0.0,0.0,0.98891276,False,False,False,False,False,False,False,False,False,False,False,False,PASS
2960,80,1,0.0,0.8125,0.0,1.0,2.6701615,1.0,0.0,43.861458,8.0,0.0,0.0,1.0,1.0,0.0,0.0,0.0,0.0,0.0,0.0,1.0,2.8,4.72125,1.0,0.0,0.0,0.94375,False,False,False,False,False,False,False,False,False,False,False,False,PASS
2961,80,1,0.0,0.85,0.0,1.0,0.2699028,1.0,0.0,0.49857914,8.0,0.0,0.0,1.0,1.0,0.0,0.0,0.0,0.0,0.0,0.0,1.0,0.90000004,4.6462502,0.0,0.0,0.0,0.95500004,False,False,False,False,False,False,False,False,False,False,False,False,PASS
2962,80,1,0.0,1.0,0.0,1.0,2.460093,1.0,0.0,56.60002,8.0,0.0,0.0,0.9015136,1.0,0.0,0.0,0.0,0.0,0.0,0.0,1.0,2.6000001,4.94125,1.0,0.0,0.0,0.9310595,False,False,False,False,False,False,False,False,False,False,False,False,PASS
2963,80,1,0.0,0.7375,0.0,1.0,12.494478,1.0,0.0,115.3051,5.7,0.5,0.0,0.81238574,1.0,0.0,0.0,0.0,0.0,3.269743,11.771074,0.7192553,5.0,5.0,1.0,0.0,0.0,0.78992003,False,False,False,False,False,False,False,False,False,False,False,False,PASS
2964,80,1,0.0,0.8875,0.0,1.0,5.556382,1.0,0.0,92.08976,7.2,0.0,0.0,0.8756854,1.0,0.0,0.0,0.0,0.0,0.0,0.0,1.0,5.0,5.0,1.0,0.0,0.0,0.8792297,False,False,False,False,False,False,False,False,False,False,False,False,PASS
2965,80,1,0.0,0.83750004,0.0,1.0,2.8387623,1.0,0.0,138.88596,7.4,0.0,0.0,0.95983046,1.0,0.0,0.0,0.0,0.0,0.0,0.0,1.0,5.0,5.0,1.0,0.0,0.0,0.9231314,False,False,False,False,False,False,False,False,False,False,False,False,PASS
2966,80,1,0.0,1.0,0.0,1.0,0.2774075,1.0,0.0,0.26261556,8.0,0.0,0.0,1.0,1.0,0.0,0.0,0.0,0.0,0.0,0.0,1.0,5.0,5.0,1.0,0.0,0.0,1.0,False,False,False,False,False,False,False,False,False,False,False,False,PASS
2967,80,1,0.0,0.875,0.0,1.0,4.5059147,1.0,0.0,163.06065,8.0,0.0,0.0,0.9104482,1.0,0.0,0.0,0.0,0.0,2.1807518,7.850706,0.65281165,5.0,5.0,1.0,0.0,0.0,0.8998138,False,False,False,False,False,False,False,False,False,False,False,False,PASS
2968,80,1,0.0,0.8875,0.0,1.0,11.613723,0.0,0.0,135.62793,6.7,0.0,0.0,0.8247999,1.0,0.0,0.0,0.0,0.0,3.404539,12.25634,0.65249205,5.0,5.0,1.0,0.84431046,0.7109983,0.8436099,False,False,False,False,False,False,False,False,False,False,False,False,PASS
2969,80,1,0.0,1.0,0.0,1.0,0.40906116,1.0,0.0,0.8218731,8.0,0.0,0.0,1.0,1.0,0.0,0.0,0.0,0.0,0.0,0.0,1.0,5.0,5.0,1.0,0.0,0.0,1.0,False,False,False,False,False,False,False,False,False,False,False,False,PASS
2970,80,1,0.0,0.8125,0.0,1.0,11.29108,1.0,0.0,153.95036,8.0,0.0,0.0,0.84068906,1.0,0.0,0.0,0.0,0.0,3.1549683,11.357885,0.7506837,5.0,5.0,1.0,0.0,0.0,0.8322323,False,False,False,False,False,False,False,False,False,False,False,False,PASS
2971,80,1,0.0,1.0,0.0,1.0,5.808883,1.0,0.0,163.43932,8.0,0.0,0.0,0.99999994,1.0,0.0,0.0,0.0,0.0,2.4382896,8.7778425,0.67676336,1.2,4.35,1.0,0.0,0.0,1.0,False,False,False,False,False,False,False,False,False,False,False,False,PASS
2972,80,1,0.0,1.0,0.0,1.0,4.0459075,1.0,0.0,37.333153,5.800000000000001,0.0,0.0,1.0,1.0,0.0,0.0,0.0,0.0,0.0,0.0,1.0,5.0,5.0,1.0,0.0,0.0,1.0,False,False,False,False,False,False,False,False,False,False,False,False,PASS
2973,80,1,0.0,0.575,0.0,1.0,10.965632,1.0,0.0,137.50352,8.0,0.0,0.0,0.84999216,1.0,0.0,0.0,0.0,0.0,0.0,0.0,1.0,5.0,5.0,1.0,0.0,0.0,0.7674945,False,False,False,False,False,False,False,False,False,False,False,False,PASS
2974,80,1,0.0,0.7375,0.0,1.0,12.894554,1.0,0.0,131.57524,6.9,0.0,0.0,0.81233895,1.0,0.0,0.0,0.0,0.0,3.865038,13.914136,0.6488472,5.0,5.0,1.0,0.0,0.0,0.7898873,False,False,False,False,False,False,False,False,False,False,False,False,PASS
2975,80,1,0.0,0.675,0.0,1.0,27.990183,1.0,0.0,176.96353,8.0,0.0,0.0,1.0,1.0,0.0,0.0,0.0,0.0,3.8017998,13.686479,0.00395298,5.0,5.0,1.0,0.0,0.0,0.9025,False,False,False,False,False,False,False,False,False,False,False,False,PASS
2976,80,1,0.0,0.83750004,0.0,1.0,14.554514,1.0,0.0,138.35356,8.0,0.0,0.0,0.7744977,1.0,0.0,0.0,0.0,0.0,1.9487114,7.015361,0.93227845,5.0,5.0,1.0,0.0,0.0,0.7933984,False,False,False,False,False,False,False,False,False,False,False,False,PASS
2977,80,1,0.0,1.0,0.0,1.0,7.082376,1.0,0.0,156.74217,8.0,0.0,0.0,0.8843216,1.0,0.0,0.0,0.0,0.0,2.8445034,10.240212,0.7241576,5.0,5.0,1.0,0.0,0.0,0.91902506,False,False,False,False,False,False,False,False,False,False,False,False,PASS
2978,80,1,0.0,1.0,0.0,1.0,0.12887254,0.0,0.0,0.13108778,8.0,0.0,0.0,1.0,1.0,0.0,0.0,0.0,0.0,0.0,0.0,1.0,5.0,5.0,1.0,1.0,0.84210527,1.0,False,False,False,False,False,False,False,False,False,False,False,False,PASS
2979,80,1,0.0,0.5125,0.0,1.0,6.501611,1.0,0.0,88.36751,6.800000000000001,0.0,0.0,0.92581403,1.0,0.0,0.0,0.0,0.0,0.0,0.0,1.0,2.0,4.7012496,1.0,0.0,0.0,0.8018198,False,False,False,False,False,False,False,False,False,False,False,False,PASS
2980,80,1,0.0,0.71250004,0.0,1.0,11.671106,1.0,0.0,72.94129,6.9,0.0,0.0,0.7596865,1.0,0.0,0.0,0.0,0.0,0.0,0.0,1.0,5.0,5.0,1.0,0.0,0.0,0.7455306,False,False,False,False,False,False,False,False,False,False,False,False,PASS
2981,80,1,0.0,0.8875,0.0,1.0,8.839562,1.0,0.0,114.977684,8.0,0.0,0.0,0.8234738,1.0,0.0,0.0,0.0,0.0,0.0,0.0,1.0,5.0,5.0,1.0,0.0,0.0,0.8426817,False,False,False,False,False,False,False,False,False,False,False,False,PASS
2982,80,1,0.0,0.875,0.0,1.0,11.308231,1.0,0.0,133.12895,8.0,0.0,0.0,0.8242587,1.0,0.0,0.0,0.0,0.0,0.0,0.0,1.0,5.0,5.0,1.0,0.0,0.0,0.83948106,False,False,False,False,False,False,False,False,False,False,False,False,PASS
2983,80,1,0.0,1.0,0.0,1.0,5.686811,1.0,0.0,15.05401,2.8000000000000003,1.0,0.0,1.0,1.0,0.0,0.0,0.0,0.0,0.0,0.0,1.0,2.7,4.15625,1.0,0.0,0.0,1.0,False,False,False,False,False,False,False,False,False,False,False,False,PASS
2984,80,1,0.0,0.9875,0.0,1.0,1.3795612,1.0,0.0,51.856056,8.0,0.0,0.0,0.8833806,1.0,0.0,0.0,0.0,0.0,0.0,0.0,1.0,5.0,5.0,1.0,0.0,0.0,0.9146164,False,False,False,False,False,False,False,False,False,False,False,False,PASS
2985,80,1,0.0,0.5375,0.0,1.0,17.301138,1.0,0.0,78.45296,6.300000000000001,0.0,0.0,0.6739149,1.0,0.0,0.0,0.0,0.0,0.0,0.0,1.0,1.2,4.43125,1.0,0.0,0.0,0.6329905,False,False,False,False,False,False,False,False,True,False,False,False,PASS
2986,80,1,0.0,0.75,0.0,1.0,10.355243,1.0,0.0,133.3758,7.2,0.0,0.0,0.83594084,1.0,0.0,0.0,0.0,0.0,1.7840405,6.4225454,0.8946684,5.0,5.0,1.0,0.0,0.0,0.81015855,False,False,False,False,False,False,False,False,False,False,False,False,PASS
2987,80,1,0.0,0.8875,0.0,1.0,9.381744,1.0,0.0,99.16078,5.7,0.5,0.0,0.81678456,1.0,0.0,0.0,0.0,0.0,0.36846924,1.3264892,0.99498886,5.0,5.0,1.0,0.0,0.0,0.83799917,False,False,False,False,False,False,False,False,False,False,False,False,PASS
2988,80,1,0.0,0.7875,0.0,1.0,9.840223,1.0,0.0,26.084898,8.0,0.0,0.0,1.0,1.0,0.0,0.0,0.0,0.0,0.0,0.0,1.0,5.0,5.0,1.0,0.0,0.0,0.93625003,False,False,False,False,False,False,False,False,False,False,False,False,PASS
2989,80,1,0.0,1.0,0.0,1.0,2.2381253,1.0,0.0,89.02887,8.0,0.0,0.0,1.0,1.0,0.0,0.0,0.0,0.0,0.0,0.0,1.0,5.0,5.0,1.0,0.0,0.0,1.0,False,False,False,False,False,False,False,False,False,False,False,False,PASS
2990,80,1,0.0,1.0,0.0,1.0,2.427541,1.0,0.0,7.8998814,8.0,0.0,0.0,1.0,1.0,0.0,0.0,0.0,0.0,0.0,0.0,1.0,5.0,5.0,1.0,0.0,0.0,1.0,False,False,False,False,False,False,False,False,False,False,False,False,PASS
2991,80,1,0.0,0.8875,0.0,1.0,2.2038357,1.0,0.0,52.03768,2.9000000000000004,1.0,0.0,0.9628013,1.0,0.0,0.0,0.0,0.0,0.0,0.0,1.0,5.0,5.0,1.0,0.0,0.0,0.94021094,False,False,False,False,False,False,False,False,False,False,False,False,PASS
2992,80,1,0.0,0.8,0.0,1.0,3.275933,1.0,0.0,47.331013,7.2,0.0,0.0,0.8311021,1.0,0.0,0.0,0.0,0.0,0.0,0.0,1.0,3.5,4.8962502,1.0,0.0,0.0,0.82177144,False,False,False,False,False,False,False,False,False,False,False,False,PASS
2993,80,1,0.0,0.8875,0.0,1.0,11.310781,1.0,0.0,122.867294,8.0,0.0,0.0,0.78157073,1.0,0.0,0.0,0.0,0.0,0.0,0.0,1.0,5.0,5.0,1.0,0.0,0.0,0.81334955,False,False,False,False,False,False,False,False,False,False,False,False,PASS
2994,80,1,0.0,1.0,0.0,1.0,0.67768157,0.0,0.0,2.1252098,8.0,0.0,0.0,0.3870004,1.0,0.0,0.0,0.0,0.0,0.0,0.0,1.0,5.0,5.0,1.0,0.80843765,0.6807896,0.5709003,False,False,False,False,False,False,False,True,True,False,False,False,LOW_PROGRESS
2995,80,1,0.0,0.8875,0.0,1.0,4.5907874,1.0,0.0,90.1675,6.7,0.0,0.0,0.8861436,1.0,0.0,0.0,0.0,0.0,0.0,0.0,1.0,5.0,5.0,1.0,0.0,0.0,0.88655055,False,False,False,False,False,False,False,False,False,False,False,False,PASS
2996,80,1,0.0,1.0,0.0,1.0,0.18614464,1.0,0.0,0.21386103,8.0,0.0,0.0,1.0,1.0,0.0,0.0,0.0,0.0,0.0,0.0,1.0,5.0,5.0,1.0,0.0,0.0,1.0,False,False,False,False,False,False,False,False,False,False,False,False,PASS
2997,80,1,0.0,0.8875,0.0,1.0,3.3808105,1.0,0.0,20.720531,1.5,1.0,0.0,0.98971885,1.0,0.0,0.0,0.0,0.0,0.0,0.0,1.0,5.0,5.0,1.0,0.0,0.0,0.9590532,False,False,False,False,False,False,False,False,False,False,False,False,PASS
2998,80,1,0.0,1.0,0.0,1.0,5.95979,1.0,0.0,37.88588,5.5,0.5,0.0,0.82001364,1.0,0.0,0.0,0.0,0.0,0.0,0.0,1.0,5.0,5.0,1.0,0.0,0.0,0.87400955,False,False,False,False,False,False,False,False,False,False,False,False,PASS
2999,80,1,0.0,0.8,0.0,1.0,12.867572,0.0,0.0,131.51915,6.800000000000001,0.0,0.0,0.8102768,1.0,0.0,0.0,0.0,0.0,2.513256,9.047722,0.80636287,5.0,5.0,1.0,0.86730224,0.7303598,0.80719376,False,False,False,False,False,False,False,False,False,False,False,False,PASS
3000,80,1,0.0,1.0,0.0,1.0,5.115313,1.0,0.0,63.731728,8.0,0.0,0.0,0.8505758,1.0,0.0,0.0,0.0,0.0,0.0,0.0,1.0,2.1000001,4.7575,1.0,0.0,0.0,0.8954031,False,False,False,False,False,False,False,False,False,False,False,False,PASS
3001,80,1,0.0,0.7375,1.3611227,1.0,6.8678827,1.0,0.0,81.22338,7.300000000000001,0.0,0.0,0.9028148,1.0,0.0,0.0,0.0,0.0,0.0,0.0,1.0,1.7,4.4425006,1.0,0.0,0.0,0.8532204,False,False,False,False,False,False,False,False,False,False,False,False,PASS
3002,80,1,0.0,0.925,0.0,1.0,1.2815905,1.0,0.0,57.062057,8.0,0.0,0.0,0.95288527,1.0,0.0,0.0,0.0,0.0,0.0,0.0,1.0,4.0,4.925,1.0,0.0,0.0,0.9445197,False,False,False,False,False,False,False,False,False,False,False,False,PASS
3003,80,1,0.0,1.0,0.0,1.0,0.22212791,1.0,0.0,0.2600726,8.0,0.0,0.0,1.0,1.0,0.0,0.0,0.0,0.0,0.0,0.0,1.0,5.0,5.0,1.0,0.0,0.0,1.0,False,False,False,False,False,False,False,False,False,False,False,False,PASS
3004,80,1,0.0,1.0,0.0,1.0,3.9920204,1.0,0.0,7.358229,1.1,1.0,0.0,0.9369043,1.0,0.0,0.0,0.0,0.0,0.0,0.0,1.0,4.1,4.8837504,1.0,0.0,0.0,0.9558331,False,False,False,False,False,False,False,False,False,False,False,False,PASS
3005,80,1,0.0,1.0,0.0,1.0,5.4389567,1.0,0.0,15.789063,2.7,1.0,0.0,1.0,1.0,0.0,0.0,0.0,0.0,0.0,0.0,1.0,4.4,4.98,1.0,0.0,0.0,1.0,False,False,False,False,False,False,False,False,False,False,False,False,PASS
3006,80,1,0.0,0.7875,0.0,1.0,14.83754,1.0,0.0,109.58736,8.0,0.0,0.0,0.73298484,1.0,0.0,0.0,0.0,0.0,0.0,0.0,1.0,5.0,5.0,1.0,0.0,0.0,0.7493394,False,False,False,False,False,False,False,False,False,False,False,False,PASS
3007,80,1,0.0,0.8875,0.0,1.0,1.8680092,1.0,0.0,80.357185,8.0,0.0,0.0,0.9599515,1.0,0.0,0.0,0.0,0.0,0.0,0.0,1.0,5.0,5.0,1.0,0.0,0.0,0.93821603,False,False,False,False,False,False,False,False,False,False,False,False,PASS
3008,80,1,0.0,1.0,0.0,1.0,0.13447753,1.0,0.0,0.13087448,8.0,0.0,0.0,1.0,1.0,0.0,0.0,0.0,0.0,0.0,0.0,1.0,5.0,5.0,1.0,0.0,0.0,1.0,False,False,False,False,False,False,False,False,False,False,False,False,PASS
3009,80,1,0.0,1.0,0.0,1.0,3.2792473,1.0,0.0,32.011036,8.0,0.0,0.0,0.7814728,1.0,0.0,0.0,0.0,0.0,0.0,0.0,1.0,1.8000001,4.43,1.0,0.0,0.0,0.84703106,False,False,False,False,False,False,False,False,False,False,False,False,PASS
3010,80,1,0.0,1.0,0.0,1.0,0.21105765,1.0,0.0,0.18789308,8.0,0.0,0.0,1.0,1.0,0.0,0.0,0.0,0.0,0.0,0.0,1.0,5.0,5.0,1.0,0.0,0.0,1.0,False,False,False,False,False,False,False,False,False,False,False,False,PASS
3011,80,1,0.0,1.0,0.0,1.0,0.01178744,0.0,0.0,0.049774494,8.0,0.0,0.0,1.0,1.0,0.0,0.0,0.0,0.0,0.0,0.0,1.0,5.0,5.0,1.0,1.0,0.84210527,1.0,False,False,False,False,False,False,False,False,False,False,False,False,PASS
3012,80,1,0.0,0.7625,0.0,1.0,20.28657,1.0,0.0,119.10679,8.0,0.0,0.0,1.0,1.0,0.0,0.0,0.0,0.0,0.0,0.0,1.0,5.0,5.0,1.0,0.0,0.0,0.92875004,False,False,False,False,False,False,False,False,False,False,False,False,PASS
3013,80,1,0.0,0.8875,0.0,1.0,15.242251,1.0,0.0,13.44235,1.2000000000000002,1.0,0.0,0.694146,1.0,0.0,0.0,0.0,0.0,0.0,0.0,1.0,5.0,5.0,1.0,0.0,0.0,0.75215214,False,False,False,False,False,False,False,False,True,False,False,False,PASS
3014,1,0,1.0,1.0,0.0,1.0,0.012679493,1.0,0.0,0.010807454,0.1,1.0,1.0,1.0,1.0,0.0,0.0,0.0,0.0,0.0,0.0,1.0,5.0,5.0,1.0,0.0,0.0,0.0,True,True,False,True,False,True,False,False,False,False,True,True,OVERLAP+AT_FAULT
3015,80,1,0.0,0.925,0.0,1.0,7.2455797,1.0,0.0,85.399475,8.0,0.0,0.0,0.8394691,1.0,0.0,0.0,0.0,0.0,0.0,0.0,1.0,5.0,5.0,1.0,0.0,0.0,0.86512834,False,False,False,False,False,False,False,False,False,False,False,False,PASS
3016,80,1,0.0,0.85,0.0,1.0,12.381259,1.0,0.0,126.35101,7.4,0.0,0.0,0.7966867,1.0,0.0,0.0,0.0,0.0,1.1954498,4.3036194,0.95937806,5.0,5.0,1.0,0.0,0.0,0.8126807,False,False,False,False,False,False,False,False,False,False,False,False,PASS
3017,80,1,0.0,0.875,0.0,1.0,9.001123,1.0,0.0,17.606995,3.6,0.5,0.0,0.99999994,1.0,0.0,0.0,0.0,0.0,0.0,0.0,1.0,5.0,5.0,1.0,0.0,0.0,0.96250004,False,False,False,False,False,False,False,False,False,False,False,False,PASS
3018,80,1,0.0,0.8875,0.0,1.0,12.536033,1.0,0.0,59.55108,3.9,0.5,0.0,0.8013731,1.0,0.0,0.0,0.0,0.0,0.5108204,1.8389534,0.9908543,5.0,5.0,1.0,0.0,0.0,0.8272112,False,False,False,False,False,False,False,False,False,False,False,False,PASS
3019,80,1,0.0,0.8875,0.0,1.0,10.171185,1.0,0.0,115.49322,8.0,0.0,0.0,0.8033856,1.0,0.0,0.0,0.0,0.0,0.0,0.0,1.0,2.4,4.9675,1.0,0.0,0.0,0.82861996,False,False,False,False,False,False,False,False,False,False,False,False,PASS
3020,80,1,0.0,0.8875,0.0,1.0,9.264516,1.0,0.0,92.4062,8.0,0.0,0.0,0.7963874,1.0,0.0,0.0,0.0,0.0,0.0,0.0,1.0,5.0,5.0,1.0,0.0,0.0,0.8237211,False,False,False,False,False,False,False,False,False,False,False,False,PASS
3021,80,1,0.0,0.8875,0.0,1.0,1.5690564,1.0,0.0,33.245834,3.1,1.5,0.0,0.9819053,1.0,0.0,0.0,0.0,0.0,0.0,0.0,1.0,2.2,4.86375,1.0,0.0,0.0,0.9535837,False,False,False,False,False,False,False,False,False,False,False,False,PASS
3022,80,1,0.0,1.0,0.0,1.0,0.16527613,1.0,0.0,0.056007944,8.0,0.0,0.0,0.0,0.0,0.0,0.0,0.0,0.0,0.0,0.0,1.0,5.0,5.0,1.0,0.0,0.0,0.3,False,False,False,False,False,False,False,True,True,False,True,False,LOW_PROGRESS
3023,80,1,0.0,0.4125,0.0,1.0,3.0725243,1.0,0.0,56.469048,3.1,1.5,0.0,0.9753017,1.0,0.0,0.0,0.0,0.0,0.0,0.0,1.0,5.0,5.0,1.0,0.0,0.0,0.80646116,False,False,False,False,False,False,False,False,False,True,False,False,LOW_COMFORT
3024,80,1,0.0,0.8,0.0,1.0,6.4558806,1.0,0.0,131.0679,7.5,0.0,0.0,0.90325344,1.0,0.0,0.0,0.0,0.0,0.0,0.0,1.0,5.0,5.0,1.0,0.0,0.0,0.87227744,False,False,False,False,False,False,False,False,False,False,False,False,PASS
3025,80,1,0.0,0.575,0.0,1.0,3.481057,1.0,0.0,20.497704,8.0,0.0,0.0,0.9975126,1.0,0.0,0.0,0.0,0.0,0.0,0.0,1.0,2.1000001,4.1400003,1.0,0.0,0.0,0.87075883,False,False,False,False,False,False,False,False,False,False,False,False,PASS
3026,65,0,1.0,0.6615385,0.0,1.0,8.760729,1.0,0.0,79.93579,6.1000000000000005,0.0,1.0,0.64606774,1.0,0.0,0.0,0.0,0.0,0.0,0.0,1.0,0.0,4.5076923,0.0,0.0,0.0,0.0,True,True,False,True,False,True,False,False,True,False,True,True,OVERLAP+AT_FAULT
3027,80,1,0.0,1.0,0.0,1.0,0.06992114,0.0,0.0,0.0680082,8.0,0.0,0.0,1.0,1.0,0.0,0.0,0.0,0.0,0.0,0.0,1.0,5.0,5.0,1.0,1.0,0.84210527,1.0,False,False,False,False,False,False,False,False,False,False,False,False,PASS
3028,80,1,0.0,1.0,0.0,1.0,6.983281,0.0,0.0,110.587585,8.0,0.0,0.0,0.85079247,1.0,0.0,0.0,0.0,0.0,0.0,0.0,1.0,5.0,5.0,1.0,0.95337266,0.8028401,0.8955547,False,False,False,False,False,False,False,False,False,False,False,False,PASS
3029,80,1,0.0,0.8875,0.0,1.0,11.698488,1.0,0.0,130.08185,8.0,0.0,0.0,0.96886504,1.0,0.0,0.0,0.0,0.0,0.0,0.0,1.0,5.0,5.0,1.0,0.0,0.0,0.94445556,False,False,False,False,False,False,False,False,False,False,False,False,PASS
3030,80,1,0.0,0.875,0.0,1.0,2.7543793,1.0,0.0,45.36045,7.2,0.0,0.0,1.0,1.0,0.0,0.0,0.0,0.0,0.0,0.0,1.0,2.5,4.68625,1.0,0.0,0.0,0.96250004,False,False,False,False,False,False,False,False,False,False,False,False,PASS
3031,80,1,0.0,0.8875,0.0,1.0,11.240501,1.0,0.0,137.79695,7.800000000000001,0.0,0.0,0.82580006,1.0,0.0,0.0,0.0,0.0,1.2299843,4.427943,0.95697325,5.0,5.0,1.0,0.0,0.0,0.84431,False,False,False,False,False,False,False,False,False,False,False,False,PASS
3032,80,1,0.0,1.0,0.0,1.0,9.449969,1.0,0.0,20.191021,7.9,0.0,0.0,0.4525391,1.0,0.0,0.0,0.0,0.0,0.0,0.0,1.0,5.0,5.0,1.0,0.0,0.0,0.61677736,False,False,False,False,False,False,False,True,True,False,False,False,LOW_PROGRESS
3033,80,1,0.0,1.0,0.0,1.0,1.2917513,1.0,0.0,3.0276752,8.0,0.0,0.0,1.0,1.0,0.0,0.0,0.0,0.0,0.0,0.0,1.0,5.0,5.0,1.0,0.0,0.0,1.0,False,False,False,False,False,False,False,False,False,False,False,False,PASS
3034,54,0,1.0,1.0,0.0,1.0,1.1482807,1.0,0.0,2.7303677,5.4,0.5,1.0,1.0,1.0,0.0,0.0,0.0,0.0,0.0,0.0,1.0,0.0,4.9074073,0.0,0.0,0.0,0.0,True,True,False,True,False,True,False,False,False,False,True,True,OVERLAP+AT_FAULT
3035,80,1,0.0,1.0,0.0,1.0,0.44319636,1.0,0.0,0.42786956,8.0,0.0,0.0,1.0,1.0,0.0,0.0,0.0,0.0,0.0,0.0,1.0,5.0,5.0,1.0,0.0,0.0,1.0,False,False,False,False,False,False,False,False,False,False,False,False,PASS
3036,1,0,1.0,1.0,0.0,1.0,0.0034123186,1.0,0.0,0.0055784467,0.1,1.0,1.0,1.0,1.0,0.0,0.0,0.0,0.0,0.0,0.0,1.0,5.0,5.0,1.0,0.0,0.0,0.0,True,True,False,True,False,True,False,False,False,False,True,True,OVERLAP+AT_FAULT
3037,34,0,1.0,0.8235294,0.0,1.0,1.659753,1.0,0.0,29.724735,3.4000000000000004,0.5,1.0,0.43220326,1.0,0.0,0.0,0.0,0.0,0.0,0.0,1.0,0.0,3.7794118,0.0,0.0,0.0,0.0,True,True,False,True,False,True,False,True,True,False,True,True,OVERLAP+AT_FAULT
3038,80,1,0.0,0.8875,0.0,1.0,17.909468,1.0,0.0,95.705124,5.1000000000000005,0.5,0.0,0.74997437,1.0,0.0,0.0,0.0,0.0,3.3301506,11.988542,0.821635,5.0,5.0,1.0,0.0,0.0,0.79123205,False,False,False,False,False,False,False,False,False,False,False,False,PASS
3039,80,1,0.0,1.0,0.0,1.0,0.5297519,1.0,0.0,0.5295692,8.0,0.0,0.0,1.0,1.0,0.0,0.0,0.0,0.0,0.0,0.0,1.0,5.0,5.0,1.0,0.0,0.0,1.0,False,False,False,False,False,False,False,False,False,False,False,False,PASS
3040,80,1,0.0,0.8875,0.0,1.0,12.852164,1.0,0.0,85.87145,8.0,0.0,0.0,0.73574513,1.0,0.0,0.0,0.0,0.0,0.0,0.0,1.0,5.0,5.0,1.0,0.0,0.0,0.78127164,False,False,False,False,False,False,False,False,False,False,False,False,PASS
3041,80,1,0.0,0.8875,0.0,1.0,4.7756486,1.0,0.0,45.297558,6.5,0.0,0.0,0.86774963,1.0,0.0,0.0,0.0,0.0,0.0,0.0,1.0,5.0,5.0,1.0,0.0,0.0,0.8736748,False,False,False,False,False,False,False,False,False,False,False,False,PASS
3042,80,1,0.0,0.65000004,0.6729472,1.0,15.337466,1.0,0.0,55.309845,8.0,0.0,0.0,0.6349958,1.0,0.0,0.0,0.0,0.0,0.0,0.0,1.0,3.4,4.9587502,1.0,0.0,0.0,0.6394971,False,False,False,False,False,False,False,False,True,False,False,False,PASS
3043,80,1,0.0,0.90000004,0.0,1.0,2.1539814,1.0,0.0,39.89379,6.800000000000001,0.0,0.0,0.8919122,1.0,0.0,0.0,0.0,0.0,0.0,0.0,1.0,2.1000001,4.8450003,1.0,0.0,0.0,0.89433855,False,False,False,False,False,False,False,False,False,False,False,False,PASS
3044,80,1,0.0,1.0,0.0,1.0,0.19800821,0.0,0.0,0.19207606,8.0,0.0,0.0,1.0,1.0,0.0,0.0,0.0,0.0,0.0,0.0,1.0,5.0,5.0,1.0,1.0,0.84210527,1.0,False,False,False,False,False,False,False,False,False,False,False,False,PASS
3045,80,1,0.0,1.0,0.0,1.0,11.509356,1.0,0.0,80.288155,8.0,0.0,0.0,0.72326195,1.0,0.0,0.0,0.0,0.0,0.0,0.0,1.0,5.0,5.0,1.0,0.0,0.0,0.8062834,False,False,False,False,False,False,False,False,False,False,False,False,PASS
3046,80,1,0.0,1.0,0.0,1.0,0.34038755,0.0,0.0,0.83912134,8.0,0.0,0.0,1.0,1.0,0.0,0.0,0.0,0.0,0.0,0.0,1.0,4.4,4.97625,1.0,1.0,0.84210527,1.0,False,False,False,False,False,False,False,False,False,False,False,False,PASS
3047,80,1,0.0,0.8625,0.0,1.0,12.823624,1.0,0.0,149.2707,7.9,0.0,0.0,0.7996494,1.0,0.0,0.0,0.0,0.0,3.2773266,11.798375,0.7351315,5.0,5.0,1.0,0.0,0.0,0.81850463,False,False,False,False,False,False,False,False,False,False,False,False,PASS
3048,80,1,0.0,0.8625,0.0,1.0,9.152803,0.0,0.0,45.9069,8.0,0.0,0.0,1.0,1.0,0.0,0.0,0.0,0.0,0.0,0.0,1.0,2.9,4.97375,1.0,0.9828125,0.8276316,0.95874995,False,False,False,False,False,False,False,False,False,False,False,False,PASS
3049,80,1,0.0,0.90000004,0.0,1.0,8.215776,1.0,0.0,16.792316,5.800000000000001,0.0,0.0,1.0,1.0,0.0,0.0,0.0,0.0,0.0,0.0,1.0,3.5,4.69,1.0,0.0,0.0,0.96999997,False,False,False,False,False,False,False,False,False,False,False,False,PASS
3050,80,1,0.0,0.8875,0.0,1.0,10.697383,0.0,0.0,53.792473,4.2,0.5,0.0,0.7586078,1.0,0.0,0.0,0.0,0.0,0.0,0.0,1.0,5.0,5.0,1.0,0.91050243,0.84568626,0.7972755,False,False,False,False,False,False,False,False,False,False,False,False,PASS
3051,80,1,0.0,0.925,0.0,1.0,2.054057,1.0,0.0,26.046795,8.0,0.0,0.0,0.9996686,1.0,0.0,0.0,0.0,0.0,0.0,0.0,1.0,2.8,4.1875,1.0,0.0,0.0,0.97726804,False,False,False,False,False,False,False,False,False,False,False,False,PASS
3052,80,1,0.0,1.0,0.0,1.0,0.20745699,0.0,0.0,0.20182048,8.0,0.0,0.0,1.0,1.0,0.0,0.0,0.0,0.0,0.0,0.0,1.0,5.0,5.0,1.0,1.0,0.84210527,1.0,False,False,False,False,False,False,False,False,False,False,False,False,PASS
3053,80,1,0.0,0.8,0.0,1.0,9.939484,1.0,0.0,68.606895,7.9,0.0,0.0,1.0,1.0,0.0,0.0,0.0,0.0,0.9459934,3.4055762,0.90287673,2.6000001,4.5075,1.0,0.0,0.0,0.94,False,False,False,False,False,False,False,False,False,False,False,False,PASS
3054,80,1,0.0,1.0,38.876,0.0,9.953697,1.0,0.0,18.489601,2.5,1.0,0.0,0.71684915,1.0,0.0,0.0,0.0,0.0,0.0,0.0,1.0,5.0,5.0,1.0,0.0,0.0,0.80179447,False,False,False,False,False,False,False,False,False,False,False,False,PASS
3055,80,1,0.0,0.8875,0.0,1.0,10.666181,1.0,0.0,137.39069,8.0,0.0,0.0,0.8232305,1.0,0.0,0.0,0.0,0.0,0.5167179,1.8601844,0.98943454,5.0,5.0,1.0,0.0,0.0,0.84251136,False,False,False,False,False,False,False,False,False,False,False,False,PASS
3056,80,1,0.0,0.8875,0.0,1.0,17.735899,1.0,0.0,128.79872,8.0,0.0,0.0,0.72635394,1.0,0.0,0.0,0.0,0.0,1.865366,6.7153172,0.9430268,5.0,5.0,1.0,0.0,0.0,0.7746977,False,False,False,False,False,False,False,False,False,False,False,False,PASS
3057,80,1,0.0,0.8875,0.0,1.0,12.894605,1.0,0.0,142.44899,8.0,0.0,0.0,0.81613964,1.0,0.0,0.0,0.0,0.0,1.0764141,3.8750906,0.9598652,5.0,5.0,1.0,0.0,0.0,0.8375477,False,False,False,False,False,False,False,False,False,False,False,False,PASS
3058,80,1,0.0,1.0,0.0,1.0,0.50083447,1.0,0.0,0.48770672,8.0,0.0,0.0,1.0,1.0,0.0,0.0,0.0,0.0,0.0,0.0,1.0,5.0,5.0,1.0,0.0,0.0,1.0,False,False,False,False,False,False,False,False,False,False,False,False,PASS
3059,80,1,0.0,0.925,0.0,1.0,7.203495,0.0,0.0,112.59601,8.0,0.0,0.0,0.854211,1.0,0.0,0.0,0.0,0.0,0.0,0.0,1.0,5.0,5.0,1.0,0.945066,0.79584503,0.8754477,False,False,False,False,False,False,False,False,False,False,False,False,PASS
3060,80,1,0.0,1.0,0.0,1.0,0.19161527,0.0,0.0,0.18999565,8.0,0.0,0.0,1.0,1.0,0.0,0.0,0.0,0.0,0.0,0.0,1.0,5.0,5.0,1.0,1.0,0.84210527,1.0,False,False,False,False,False,False,False,False,False,False,False,False,PASS
3061,80,1,0.0,0.7,0.0,1.0,16.987589,1.0,0.0,157.92851,8.0,0.0,0.0,0.8244774,1.0,0.0,0.0,0.0,0.0,3.409666,12.274797,0.7552998,5.0,5.0,1.0,0.0,0.0,0.7871342,False,False,False,False,False,False,False,False,False,False,False,False,PASS
3062,80,1,0.0,0.8875,0.0,1.0,2.945514,0.0,0.0,66.34228,7.300000000000001,0.0,0.0,1.0,1.0,0.0,0.0,0.0,0.0,0.0,0.0,1.0,3.0,4.80125,1.0,0.9859375,0.83026314,0.96625006,False,False,False,False,False,False,False,False,False,False,False,False,PASS
3063,80,1,0.0,0.8875,0.0,1.0,9.314735,1.0,0.0,2.4970338,0.6000000000000001,1.0,0.0,0.99999994,1.0,0.0,0.0,0.0,0.0,0.0,0.0,1.0,5.0,5.0,1.0,0.0,0.0,0.96624994,False,False,False,False,False,False,False,False,False,False,False,False,PASS
3064,80,1,0.0,0.925,0.0,1.0,3.245009,1.0,0.0,46.06755,7.4,0.0,0.0,1.0,1.0,0.0,0.0,0.0,0.0,0.0,0.0,1.0,2.7,4.6025004,1.0,0.0,0.0,0.97749996,False,False,False,False,False,False,False,False,False,False,False,False,PASS
3065,80,1,0.0,1.0,0.0,1.0,0.10031476,1.0,0.0,0.09256804,8.0,0.0,0.0,1.0,1.0,0.0,0.0,0.0,0.0,0.0,0.0,1.0,5.0,5.0,1.0,0.0,0.0,1.0,False,False,False,False,False,False,False,False,False,False,False,False,PASS
3066,80,1,0.0,1.0,0.0,1.0,8.578789,1.0,0.0,164.61752,8.0,0.0,0.0,0.86214674,1.0,0.0,0.0,0.0,0.0,3.6226654,13.041595,0.5019537,5.0,5.0,1.0,0.0,0.0,0.90350264,False,False,False,False,False,False,False,False,False,False,False,False,PASS
3067,80,1,0.0,1.0,0.0,1.0,5.292311,1.0,0.0,25.739172,8.0,0.0,0.0,0.99999994,1.0,0.0,0.0,0.0,0.0,0.0,0.0,1.0,2.6000001,4.75,1.0,0.0,0.0,1.0,False,False,False,False,False,False,False,False,False,False,False,False,PASS
3068,80,1,0.0,1.0,0.0,1.0,2.1996899,1.0,0.0,45.91443,7.6,0.0,0.0,1.0,1.0,0.0,0.0,0.0,0.0,0.0,0.0,1.0,5.0,5.0,1.0,0.0,0.0,1.0,False,False,False,False,False,False,False,False,False,False,False,False,PASS
3069,80,1,0.0,0.8875,0.0,1.0,13.362111,0.0,0.0,72.83336,8.0,0.0,0.0,0.67142147,1.0,0.0,0.0,0.0,0.0,0.0,0.0,1.0,5.0,5.0,1.0,0.8832567,0.7437951,0.73624504,False,False,False,False,False,False,False,False,True,False,False,False,PASS
3070,80,1,0.0,0.925,0.0,1.0,2.3395956,1.0,0.0,7.9687557,8.0,0.0,0.0,0.99999994,1.0,0.0,0.0,0.0,0.0,0.0,0.0,1.0,2.7,4.53375,1.0,0.0,0.0,0.97749996,False,False,False,False,False,False,False,False,False,False,False,False,PASS
3071,80,1,0.0,0.8875,0.0,1.0,11.312286,1.0,0.0,59.830482,4.4,0.5,0.0,0.8016451,1.0,0.0,0.0,0.0,0.0,0.0,0.0,1.0,5.0,5.0,1.0,0.0,0.0,0.8274016,False,False,False,False,False,False,False,False,False,False,False,False,PASS
