scenario_index,v17_RideFlux,v24_RideFlux,delta_RideFlux,v17_Progress,v24_Progress,delta_Progress,v17_Comfort,v24_Comfort,delta_Comfort,v17_Collision,v24_Collision,delta_Collision,v17_Overlap,v24_Overlap,delta_Overlap,v17_OffroadBox,v24_OffroadBox,delta_OffroadBox,v17_Accuracy,v24_Accuracy,delta_Accuracy,offroad_fixed_by_v24,offroad_new_in_v24,overlap_fixed_by_v24,overlap_new_in_v24,collision_fixed_by_v24,collision_new_in_v24
0,0.96625006,0.93997824,-0.026271820000000057,1.0,0.96246886,-0.03753114000000002,0.8875,0.8875,0.0,0.0,0.0,0.0,0.0,0.0,0.0,0.0,0.0,0.0,1,1,0,False,False,False,False,False,False
1,0.0,0.85544044,0.85544044,0.6600362,0.79348636,0.13345015999999998,0.8448276,1.0,0.1551724,0.0,0.0,0.0,0.0,0.0,0.0,1.0,0.0,-1.0,0,1,1,True,False,False,False,False,False
2,0.7435989,0.85682243,0.11322353000000007,0.6872841,0.8543892,0.1671051,0.875,0.8625,-0.012499999999999956,0.0,0.0,0.0,0.0,0.0,0.0,0.0,0.0,0.0,1,1,0,False,False,False,False,False,False
3,0.9051842,0.89557403,-0.009610169999999973,0.982406,0.89903426,-0.08337174000000003,0.725,0.8875,0.16249999999999998,0.0,0.0,0.0,0.0,0.0,0.0,0.0,0.0,0.0,1,1,0,False,False,False,False,False,False
4,0.8266903,0.9028292,0.07613890000000001,0.8006291,0.9254702,0.12484110000000004,0.8875,0.85,-0.03749999999999998,0.0,0.0,0.0,0.0,0.0,0.0,0.0,0.0,0.0,1,1,0,False,False,False,False,False,False
5,0.9992754,0.9981284,-0.0011470000000000091,0.9989648,0.9973263,-0.0016384999999999872,1.0,1.0,0.0,0.0,0.0,0.0,0.0,0.0,0.0,0.0,0.0,0.0,1,1,0,False,False,False,False,False,False
6,0.97966576,0.89151937,-0.08814639000000002,0.97095114,0.84502774,-0.12592340000000002,1.0,1.0,0.0,0.0,0.0,0.0,0.0,0.0,0.0,0.0,0.0,0.0,1,1,0,False,False,False,False,False,False
7,0.7807533,0.8161023,0.035348999999999964,0.79929036,0.849789,0.05049864000000004,0.7375,0.7375,0.0,0.0,0.0,0.0,0.0,0.0,0.0,0.0,0.0,0.0,1,1,0,False,False,False,False,False,False
8,1.0,0.9428595,-0.05714050000000004,1.0,0.9183706,-0.08162939999999996,1.0,1.0,0.0,0.0,0.0,0.0,0.0,0.0,0.0,0.0,0.0,0.0,1,1,0,False,False,False,False,False,False
9,0.97749996,0.88873094,-0.08876901999999998,0.99999994,0.8410442,-0.15895574,0.925,1.0,0.07499999999999996,0.0,0.0,0.0,0.0,0.0,0.0,0.0,0.0,0.0,1,1,0,False,False,False,False,False,False
10,0.94908446,0.8494264,-0.09965805999999999,0.97547793,0.86525196,-0.11022597,0.8875,0.8125,-0.07499999999999996,0.0,0.0,0.0,0.0,0.0,0.0,0.0,0.0,0.0,1,1,0,False,False,False,False,False,False
11,0.8518163,0.59147507,-0.26034123,0.83652323,0.59853584,-0.2379873899999999,0.8875,0.575,-0.3125,0.0,0.0,0.0,0.0,0.0,0.0,0.0,0.0,0.0,1,1,0,False,False,False,False,False,False
12,1.0,1.0,0.0,1.0,1.0,0.0,1.0,1.0,0.0,0.0,0.0,0.0,0.0,0.0,0.0,0.0,0.0,0.0,1,1,0,False,False,False,False,False,False
13,0.0,0.0,0.0,1.0,1.0,0.0,1.0,1.0,0.0,1.0,1.0,0.0,1.0,1.0,0.0,0.0,0.0,0.0,0,0,0,False,False,False,False,False,False
14,0.84450114,0.8854448,0.04094366000000005,0.8260731,0.9381355,0.1120624,0.8875,0.7625,-0.125,0.0,0.0,0.0,0.0,0.0,0.0,0.0,0.0,0.0,1,1,0,False,False,False,False,False,False
15,0.8056469,0.52085227,-0.28479463000000005,0.86163837,0.5244318,-0.33720657,0.675,0.5125,-0.1625000000000001,0.0,0.0,0.0,0.0,0.0,0.0,0.0,0.0,0.0,1,1,0,False,False,False,False,False,False
16,0.90527004,0.9318749,0.026604859999999952,0.8646715,0.95089257,0.08622107000000001,1.0,0.8875,-0.11250000000000004,0.0,0.0,0.0,0.0,0.0,0.0,0.0,0.0,0.0,1,1,0,False,False,False,False,False,False
17,0.8964409,0.96250004,0.06605914000000002,0.9002727,1.0,0.09972729999999996,0.8875,0.875,-0.012499999999999956,0.0,0.0,0.0,0.0,0.0,0.0,0.0,0.0,0.0,1,1,0,False,False,False,False,False,False
18,0.82188207,0.8322468,0.010364729999999933,0.7455458,0.76035255,0.01480674999999998,1.0,1.0,0.0,0.0,0.0,0.0,0.0,0.0,0.0,0.0,0.0,0.0,1,1,0,False,False,False,False,False,False
19,0.94,0.94258994,0.002589940000000013,1.0,0.971557,-0.028442999999999996,0.8,0.875,0.07499999999999996,0.0,0.0,0.0,0.0,0.0,0.0,0.0,0.0,0.0,1,1,0,False,False,False,False,False,False
20,0.80496615,0.88122904,0.07626288999999997,0.7749516,0.86247003,0.08751843000000004,0.875,0.925,0.050000000000000044,0.0,0.0,0.0,0.0,0.0,0.0,0.0,0.0,0.0,1,1,0,False,False,False,False,False,False
21,1.0,1.0,0.0,1.0,1.0,0.0,1.0,1.0,0.0,0.0,0.0,0.0,0.0,0.0,0.0,0.0,0.0,0.0,1,1,0,False,False,False,False,False,False
22,1.0,1.0,0.0,1.0,1.0,0.0,1.0,1.0,0.0,0.0,0.0,0.0,0.0,0.0,0.0,0.0,0.0,0.0,1,1,0,False,False,False,False,False,False
23,0.8436654,0.9224908,0.07882540000000005,0.82487917,0.9374868,0.11260762999999996,0.8875,0.8875,0.0,0.0,0.0,0.0,0.0,0.0,0.0,0.0,0.0,0.0,1,1,0,False,False,False,False,False,False
24,0.0,0.8122209,0.8122209,0.3193352,0.9031727,0.5838375,0.6296296,0.6,-0.029629600000000034,1.0,0.0,-1.0,1.0,0.0,-1.0,0.0,0.0,0.0,0,1,1,False,False,True,False,True,False
25,0.7676038,0.8272263,0.05962250000000002,0.72693396,0.8013946,0.07446063999999997,0.8625,0.8875,0.02499999999999991,0.0,0.0,0.0,0.0,0.0,0.0,0.0,0.0,0.0,1,1,0,False,False,False,False,False,False
26,1.0,1.0,0.0,1.0,1.0,0.0,1.0,1.0,0.0,0.0,0.0,0.0,0.0,0.0,0.0,0.0,0.0,0.0,1,1,0,False,False,False,False,False,False
27,0.92546695,0.8838995,-0.04156745000000006,0.9417385,0.8823565,-0.059382000000000046,0.8875,0.8875,0.0,0.0,0.0,0.0,0.0,0.0,0.0,0.0,0.0,0.0,1,1,0,False,False,False,False,False,False
28,0.7667258,0.834668,0.06794219999999995,0.69889396,0.8120257,0.11313173999999993,0.925,0.8875,-0.03750000000000009,0.0,0.0,0.0,0.0,0.0,0.0,0.0,0.0,0.0,1,1,0,False,False,False,False,False,False
29,0.0,0.8600693,0.8600693,0.18427512,0.92867047,0.74439535,0.5714286,0.7,0.1285714,1.0,0.0,-1.0,1.0,0.0,-1.0,0.0,0.0,0.0,0,1,1,False,False,True,False,True,False
30,0.81690943,0.82065946,0.00375002999999996,0.7866564,0.7866564,0.0,0.8875,0.90000004,0.012500040000000046,0.0,0.0,0.0,0.0,0.0,0.0,0.0,0.0,0.0,1,1,0,False,False,False,False,False,False
31,0.0,0.0,0.0,1.0,1.0,0.0,1.0,1.0,0.0,1.0,1.0,0.0,1.0,1.0,0.0,0.0,0.0,0.0,0,0,0,False,False,False,False,False,False
32,1.0,1.0,0.0,1.0,1.0,0.0,1.0,1.0,0.0,0.0,0.0,0.0,0.0,0.0,0.0,0.0,0.0,0.0,1,1,0,False,False,False,False,False,False
33,1.0,1.0,0.0,1.0,1.0,0.0,1.0,1.0,0.0,0.0,0.0,0.0,0.0,0.0,0.0,0.0,0.0,0.0,1,1,0,False,False,False,False,False,False
34,0.90766144,0.77513427,-0.13252717000000003,0.92701626,0.6787633,-0.24825296000000008,0.8625,1.0,0.13749999999999996,0.0,0.0,0.0,0.0,0.0,0.0,0.0,0.0,0.0,1,1,0,False,False,False,False,False,False
35,0.8432948,0.8484028,0.005108000000000001,0.82434976,0.8691468,0.044797039999999955,0.8875,0.8,-0.08749999999999991,0.0,0.0,0.0,0.0,0.0,0.0,0.0,0.0,0.0,1,1,0,False,False,False,False,False,False
36,1.0,1.0,0.0,1.0,1.0,0.0,1.0,1.0,0.0,0.0,0.0,0.0,0.0,0.0,0.0,0.0,0.0,0.0,1,1,0,False,False,False,False,False,False
37,0.0,0.5678443,0.5678443,0.013706785,0.50049174,0.48678495499999996,0.0,0.725,0.725,0.0,0.0,0.0,0.0,0.0,0.0,1.0,0.0,-1.0,0,1,1,True,False,False,False,False,False
38,0.8506746,0.861461,0.010786400000000085,0.8188209,0.80208707,-0.01673382999999995,0.925,1.0,0.07499999999999996,0.0,0.0,0.0,0.0,0.0,0.0,0.0,0.0,0.0,1,1,0,False,False,False,False,False,False
39,0.82234824,0.9049277,0.08257946000000005,0.79978323,0.9123967,0.11261347,0.875,0.8875,0.012499999999999956,0.0,0.0,0.0,0.0,0.0,0.0,0.0,0.0,0.0,1,1,0,False,False,False,False,False,False
40,0.79595655,0.79068106,-0.005275489999999938,0.83172363,0.81883,-0.0128936300000001,0.71250004,0.725,0.012499959999999977,0.0,0.0,0.0,0.0,0.0,0.0,0.0,0.0,0.0,1,1,0,False,False,False,False,False,False
41,0.93117565,0.8442667,-0.08690894999999998,0.9873938,0.9114525,-0.07594129999999999,0.8,0.6875,-0.11250000000000004,0.0,0.0,0.0,0.0,0.0,0.0,0.0,0.0,0.0,1,1,0,False,False,False,False,False,False
42,0.9013819,0.8275,-0.07388189999999994,0.90733135,0.99999994,0.09266859000000005,0.8875,0.425,-0.46249999999999997,0.0,0.0,0.0,0.0,0.0,0.0,0.0,0.0,0.0,1,1,0,False,False,False,False,False,False
43,0.83982414,0.7735681,-0.06625604000000007,0.82474875,0.7622402,-0.06250855,0.875,0.8,-0.07499999999999996,0.0,0.0,0.0,0.0,0.0,0.0,0.0,0.0,0.0,1,1,0,False,False,False,False,False,False
44,0.8078238,0.6555521,-0.1522717,0.89689106,0.9097173,0.012826239999999989,0.6,0.0625,-0.5375,0.0,0.0,0.0,0.0,0.0,0.0,0.0,0.0,0.0,1,1,0,False,False,False,False,False,False
45,0.78739595,0.836146,0.04875004999999999,0.86235136,0.86235136,0.0,0.6125,0.77500004,0.16250003999999996,0.0,0.0,0.0,0.0,0.0,0.0,0.0,0.0,0.0,1,1,0,False,False,False,False,False,False
46,0.81084216,0.8749882,0.06414604000000002,0.8154887,0.90176874,0.08628004,0.8,0.8125,0.012499999999999956,0.0,0.0,0.0,0.0,0.0,0.0,0.0,0.0,0.0,1,1,0,False,False,False,False,False,False
47,0.92202467,0.84699726,-0.07502741000000002,0.9368209,0.8617818,-0.07503909999999991,0.8875,0.8125,-0.07499999999999996,0.0,0.0,0.0,0.0,0.0,0.0,0.0,0.0,0.0,1,1,0,False,False,False,False,False,False
48,1.0,1.0,0.0,1.0,1.0,0.0,1.0,1.0,0.0,0.0,0.0,0.0,0.0,0.0,0.0,0.0,0.0,0.0,1,1,0,False,False,False,False,False,False
49,1.0,1.0,0.0,1.0,1.0,0.0,1.0,1.0,0.0,0.0,0.0,0.0,0.0,0.0,0.0,0.0,0.0,0.0,1,1,0,False,False,False,False,False,False
50,0.8513069,0.83805484,-0.01325206000000001,0.84115267,0.95079273,0.10964005999999993,0.875,0.575,-0.30000000000000004,0.0,0.0,0.0,0.0,0.0,0.0,0.0,0.0,0.0,1,1,0,False,False,False,False,False,False
51,0.0,0.9670286,0.9670286,1.0,0.952898,-0.04710199999999998,1.0,1.0,0.0,0.0,0.0,0.0,0.0,0.0,0.0,1.0,0.0,-1.0,0,1,1,True,False,False,False,False,False
52,0.6393786,0.0,-0.6393786,0.6294694,0.42803386,-0.20143553999999997,0.6625,0.39583334,-0.26666666,0.0,1.0,1.0,0.0,1.0,1.0,0.0,0.0,0.0,1,0,-1,False,False,False,True,False,True
53,0.9356796,0.8815565,-0.05412309999999998,0.9616851,0.83079493,-0.13089016999999992,0.875,1.0,0.125,0.0,0.0,0.0,0.0,0.0,0.0,0.0,0.0,0.0,1,1,0,False,False,False,False,False,False
54,1.0,1.0,0.0,1.0,1.0,0.0,1.0,1.0,0.0,0.0,0.0,0.0,0.0,0.0,0.0,0.0,0.0,0.0,1,1,0,False,False,False,False,False,False
55,0.7928626,0.85914797,0.06628537000000001,0.8755179,0.86306846,-0.012449439999999923,0.6,0.85,0.25,0.0,0.0,0.0,0.0,0.0,0.0,0.0,0.0,0.0,1,1,0,False,False,False,False,False,False
56,1.0,1.0,0.0,1.0,1.0,0.0,1.0,1.0,0.0,0.0,0.0,0.0,0.0,0.0,0.0,0.0,0.0,0.0,1,1,0,False,False,False,False,False,False
57,0.92374927,0.4996868,-0.42406246999999997,0.987499,0.34955254,-0.63794646,0.77500004,0.85,0.07499995999999998,0.0,0.0,0.0,0.0,0.0,0.0,0.0,0.0,0.0,1,1,0,False,False,False,False,False,False
58,0.8186125,0.84597284,0.027360339999999983,0.7408749,0.8281754,0.0873005,1.0,0.8875,-0.11250000000000004,0.0,0.0,0.0,0.0,0.0,0.0,0.0,0.0,0.0,1,1,0,False,False,False,False,False,False
59,1.0,1.0,0.0,1.0,1.0,0.0,1.0,1.0,0.0,0.0,0.0,0.0,0.0,0.0,0.0,0.0,0.0,0.0,1,1,0,False,False,False,False,False,False
60,1.0,1.0,0.0,1.0,1.0,0.0,1.0,1.0,0.0,0.0,0.0,0.0,0.0,0.0,0.0,0.0,0.0,0.0,1,1,0,False,False,False,False,False,False
61,0.95500004,0.88560766,-0.06939238000000003,1.0,0.8847966,-0.11520339999999996,0.85,0.8875,0.03749999999999998,0.0,0.0,0.0,0.0,0.0,0.0,0.0,0.0,0.0,1,1,0,False,False,False,False,False,False
62,0.78867334,0.8174882,0.028814859999999998,0.79989046,0.93748313,0.13759267000000008,0.7625,0.5375,-0.22499999999999998,0.0,0.0,0.0,0.0,0.0,0.0,0.0,0.0,0.0,1,1,0,False,False,False,False,False,False
63,0.9497208,0.92395365,-0.025767150000000072,0.9763869,0.9395767,-0.036810199999999904,0.8875,0.8875,0.0,0.0,0.0,0.0,0.0,0.0,0.0,0.0,0.0,0.0,1,1,0,False,False,False,False,False,False
64,0.88627416,0.8412741,-0.04500006000000001,0.8375344,0.8375344,0.0,1.0,0.85,-0.15000000000000002,0.0,0.0,0.0,0.0,0.0,0.0,0.0,0.0,0.0,1,1,0,False,False,False,False,False,False
65,0.95500004,0.99416655,0.03916650999999993,1.0,0.99166656,-0.008333440000000025,0.85,1.0,0.15000000000000002,0.0,0.0,0.0,0.0,0.0,0.0,0.0,0.0,0.0,1,1,0,False,False,False,False,False,False
66,0.8135361,0.85404426,0.040508160000000015,0.7818373,0.90399176,0.12215446000000008,0.8875,0.7375,-0.1499999999999999,0.0,0.0,0.0,0.0,0.0,0.0,0.0,0.0,0.0,1,1,0,False,False,False,False,False,False
67,0.9054125,0.8967333,-0.008679199999999998,0.9130892,0.90069044,-0.012398760000000064,0.8875,0.8875,0.0,0.0,0.0,0.0,0.0,0.0,0.0,0.0,0.0,0.0,1,1,0,False,False,False,False,False,False
68,1.0,0.90625,-0.09375,1.0,1.0,0.0,1.0,0.6875,-0.3125,0.0,0.0,0.0,0.0,0.0,0.0,0.0,0.0,0.0,1,1,0,False,False,False,False,False,False
69,0.77456814,0.79724497,0.022676830000000092,0.7315259,0.8335642,0.10203830000000003,0.875,0.71250004,-0.16249996,0.0,0.0,0.0,0.0,0.0,0.0,0.0,0.0,0.0,1,1,0,False,False,False,False,False,False
70,1.0,1.0,0.0,1.0,1.0,0.0,1.0,1.0,0.0,0.0,0.0,0.0,0.0,0.0,0.0,0.0,0.0,0.0,1,1,0,False,False,False,False,False,False
71,0.802405,0.80364573,0.0012407299999999122,0.83557844,0.81056535,-0.02501309000000007,0.725,0.7875,0.0625,0.0,0.0,0.0,0.0,0.0,0.0,0.0,0.0,0.0,1,1,0,False,False,False,False,False,False
72,0.85374993,0.8714861,0.01773617000000005,0.99999994,0.977123,-0.022876940000000068,0.5125,0.625,0.11250000000000004,0.0,0.0,0.0,0.0,0.0,0.0,0.0,0.0,0.0,1,1,0,False,False,False,False,False,False
73,0.8897421,0.9025076,0.012765499999999985,0.8960601,0.9089394,0.012879299999999927,0.875,0.8875,0.012499999999999956,0.0,0.0,0.0,0.0,0.0,0.0,0.0,0.0,0.0,1,1,0,False,False,False,False,False,False
74,0.0,0.0,0.0,1.0,1.0,0.0,1.0,1.0,0.0,0.0,0.0,0.0,1.0,1.0,0.0,0.0,0.0,0.0,0,0,0,False,False,False,False,False,False
75,1.0,1.0,0.0,1.0,1.0,0.0,1.0,1.0,0.0,0.0,0.0,0.0,0.0,0.0,0.0,0.0,0.0,0.0,1,1,0,False,False,False,False,False,False
76,0.97749996,1.0,0.022500040000000054,1.0,1.0,0.0,0.925,1.0,0.07499999999999996,0.0,0.0,0.0,0.0,0.0,0.0,0.0,0.0,0.0,1,1,0,False,False,False,False,False,False
77,0.8110493,0.0,-0.8110493,0.7997132,0.4621065,-0.33760670000000004,0.83750004,0.85,0.012499959999999977,0.0,0.0,0.0,0.0,1.0,1.0,0.0,0.0,0.0,1,0,-1,False,False,False,True,False,False
78,0.97749996,0.96194804,-0.015551919999999941,1.0,0.94564,-0.054359999999999964,0.925,1.0,0.07499999999999996,0.0,0.0,0.0,0.0,0.0,0.0,0.0,0.0,0.0,1,1,0,False,False,False,False,False,False
79,0.91326714,0.8698992,-0.043367939999999994,0.8760959,0.8141417,-0.06195420000000007,1.0,1.0,0.0,0.0,0.0,0.0,0.0,0.0,0.0,0.0,0.0,0.0,1,1,0,False,False,False,False,False,False
80,1.0,1.0,0.0,1.0,1.0,0.0,1.0,1.0,0.0,0.0,0.0,0.0,0.0,0.0,0.0,0.0,0.0,0.0,1,1,0,False,False,False,False,False,False
81,0.77184004,0.6842686,-0.08757143999999994,0.76512855,0.77931225,0.014183700000000021,0.7875,0.4625,-0.32499999999999996,0.0,0.0,0.0,0.0,0.0,0.0,0.0,0.0,0.0,1,1,0,False,False,False,False,False,False
82,0.95500004,0.85981923,-0.09518081,1.0,0.79974174,-0.20025826000000002,0.85,1.0,0.15000000000000002,0.0,0.0,0.0,0.0,0.0,0.0,0.0,0.0,0.0,1,1,0,False,False,False,False,False,False
83,1.0,0.9401644,-0.05983559999999999,0.99999994,0.91452056,-0.08547938,1.0,1.0,0.0,0.0,0.0,0.0,0.0,0.0,0.0,0.0,0.0,0.0,1,1,0,False,False,False,False,False,False
84,0.81824887,0.85004324,0.03179436999999996,0.7885698,0.8339903,0.045420499999999975,0.8875,0.8875,0.0,0.0,0.0,0.0,0.0,0.0,0.0,0.0,0.0,0.0,1,1,0,False,False,False,False,False,False
85,0.7549643,0.83381367,0.07884936999999992,0.687449,0.76259094,0.07514194000000007,0.9125,1.0,0.08750000000000002,0.0,0.0,0.0,0.0,0.0,0.0,0.0,0.0,0.0,1,1,0,False,False,False,False,False,False
86,0.80668795,0.8485422,0.04185424999999998,0.7720542,0.8318461,0.05979190000000001,0.8875,0.8875,0.0,0.0,0.0,0.0,0.0,0.0,0.0,0.0,0.0,0.0,1,1,0,False,False,False,False,False,False
87,0.8717543,0.803054,-0.06870029999999994,0.8650061,0.7186485,-0.14635759999999998,0.8875,1.0,0.11250000000000004,0.0,0.0,0.0,0.0,0.0,0.0,0.0,0.0,0.0,1,1,0,False,False,False,False,False,False
88,0.8663208,0.8503214,-0.015999399999999997,0.84117264,0.9147449,0.07357225999999994,0.925,0.7,-0.2250000000000001,0.0,0.0,0.0,0.0,0.0,0.0,0.0,0.0,0.0,1,1,0,False,False,False,False,False,False
89,0.92954427,0.88698006,-0.04256420999999999,0.899349,0.88675725,-0.012591749999999902,1.0,0.8875,-0.11250000000000004,0.0,0.0,0.0,0.0,0.0,0.0,0.0,0.0,0.0,1,1,0,False,False,False,False,False,False
90,0.86985,0.82943934,-0.04041066000000004,0.8140714,0.756342,-0.05772940000000004,1.0,1.0,0.0,0.0,0.0,0.0,0.0,0.0,0.0,0.0,0.0,0.0,1,1,0,False,False,False,False,False,False
91,0.9093319,0.525272,-0.3840599,0.9883313,0.3861028,-0.6022285,0.725,0.85,0.125,0.0,0.0,0.0,0.0,0.0,0.0,0.0,0.0,0.0,1,1,0,False,False,False,False,False,False
92,0.8204894,0.8383898,0.017900399999999927,0.7917706,0.81734246,0.025571860000000002,0.8875,0.8875,0.0,0.0,0.0,0.0,0.0,0.0,0.0,0.0,0.0,0.0,1,1,0,False,False,False,False,False,False
93,0.0,0.91478866,0.91478866,0.7646744,0.92648387,0.16180947,0.79545456,0.8875,0.09204543999999992,0.0,0.0,0.0,0.0,0.0,0.0,1.0,0.0,-1.0,0,1,1,True,False,False,False,False,False
94,1.0,1.0,0.0,1.0,1.0,0.0,1.0,1.0,0.0,0.0,0.0,0.0,0.0,0.0,0.0,0.0,0.0,0.0,1,1,0,False,False,False,False,False,False
95,1.0,1.0,0.0,1.0,1.0,0.0,1.0,1.0,0.0,0.0,0.0,0.0,0.0,0.0,0.0,0.0,0.0,0.0,1,1,0,False,False,False,False,False,False
96,0.96625006,0.89433974,-0.07191031999999997,1.0,0.89727104,-0.10272895999999998,0.8875,0.8875,0.0,0.0,0.0,0.0,0.0,0.0,0.0,0.0,0.0,0.0,1,1,0,False,False,False,False,False,False
97,1.0,1.0,0.0,1.0,1.0,0.0,1.0,1.0,0.0,0.0,0.0,0.0,0.0,0.0,0.0,0.0,0.0,0.0,1,1,0,False,False,False,False,False,False
98,0.84670013,0.9161583,0.06945816999999999,0.8292144,0.93915474,0.10994033999999997,0.8875,0.8625,-0.02499999999999991,0.0,0.0,0.0,0.0,0.0,0.0,0.0,0.0,0.0,1,1,0,False,False,False,False,False,False
99,0.8114077,0.83886206,0.02745436000000001,0.7305824,0.8287315,0.09814909999999999,1.0,0.8625,-0.13749999999999996,0.0,0.0,0.0,0.0,0.0,0.0,0.0,0.0,0.0,1,1,0,False,False,False,False,False,False
100,0.9731768,0.9463958,-0.026780999999999944,0.9616811,0.9234226,-0.03825849999999997,1.0,1.0,0.0,0.0,0.0,0.0,0.0,0.0,0.0,0.0,0.0,0.0,1,1,0,False,False,False,False,False,False
101,0.8991503,0.9408542,0.041703900000000016,0.9095005,0.9476488,0.03814829999999991,0.875,0.925,0.050000000000000044,0.0,0.0,0.0,0.0,0.0,0.0,0.0,0.0,0.0,1,1,0,False,False,False,False,False,False
102,0.9489166,0.86187285,-0.08704374999999998,0.975238,0.8508899,-0.12434810000000007,0.8875,0.8875,0.0,0.0,0.0,0.0,0.0,0.0,0.0,0.0,0.0,0.0,1,1,0,False,False,False,False,False,False
103,0.83498615,0.8749041,0.03991794999999998,0.8124802,0.94986296,0.13738276000000005,0.8875,0.7,-0.1875,0.0,0.0,0.0,0.0,0.0,0.0,0.0,0.0,0.0,1,1,0,False,False,False,False,False,False
104,0.80605346,0.65025127,-0.15580218999999995,0.8622192,0.8860732,0.023854000000000042,0.675,0.1,-0.5750000000000001,0.0,0.0,0.0,0.0,0.0,0.0,0.0,0.0,0.0,1,1,0,False,False,False,False,False,False
105,1.0,1.0,0.0,1.0,1.0,0.0,1.0,1.0,0.0,0.0,0.0,0.0,0.0,0.0,0.0,0.0,0.0,0.0,1,1,0,False,False,False,False,False,False
106,0.9601207,0.8216793,-0.13844140000000005,0.9430295,0.74525607,-0.19777342999999992,1.0,1.0,0.0,0.0,0.0,0.0,0.0,0.0,0.0,0.0,0.0,0.0,1,1,0,False,False,False,False,False,False
107,1.0,1.0,0.0,1.0,1.0,0.0,1.0,1.0,0.0,0.0,0.0,0.0,0.0,0.0,0.0,0.0,0.0,0.0,1,1,0,False,False,False,False,False,False
108,1.0,1.0,0.0,1.0,1.0,0.0,1.0,1.0,0.0,0.0,0.0,0.0,0.0,0.0,0.0,0.0,0.0,0.0,1,1,0,False,False,False,False,False,False
109,0.8203642,0.84341854,0.023054340000000062,0.86659163,0.9638122,0.09722057000000006,0.71250004,0.5625,-0.15000004,0.0,0.0,0.0,0.0,0.0,0.0,0.0,0.0,0.0,1,1,0,False,False,False,False,False,False
110,1.0,0.8633725,-0.1366275,1.0,0.8530322,-0.14696779999999998,1.0,0.8875,-0.11250000000000004,0.0,0.0,0.0,0.0,0.0,0.0,0.0,0.0,0.0,1,1,0,False,False,False,False,False,False
111,1.0,1.0,0.0,1.0,1.0,0.0,1.0,1.0,0.0,0.0,0.0,0.0,0.0,0.0,0.0,0.0,0.0,0.0,1,1,0,False,False,False,False,False,False
112,0.0,0.0,0.0,1.0,1.0,0.0,1.0,1.0,0.0,1.0,1.0,0.0,1.0,1.0,0.0,0.0,0.0,0.0,0,0,0,False,False,False,False,False,False
113,0.73607004,0.75608605,0.020016009999999973,0.7247429,0.81226575,0.08752285000000004,0.7625,0.625,-0.13749999999999996,0.0,0.0,0.0,0.0,0.0,0.0,0.0,0.0,0.0,1,1,0,False,False,False,False,False,False
114,0.74599516,0.84416693,0.09817176999999999,0.7067788,0.82559556,0.11881675999999997,0.83750004,0.8875,0.049999959999999954,0.0,0.0,0.0,0.0,0.0,0.0,0.0,0.0,0.0,1,1,0,False,False,False,False,False,False
115,0.792173,0.7313282,-0.06084480000000003,0.8209614,0.8036831,-0.01727829999999997,0.725,0.5625,-0.16249999999999998,0.0,0.0,0.0,0.0,0.0,0.0,0.0,0.0,0.0,1,1,0,False,False,False,False,False,False
116,0.80040437,0.86709404,0.06668967000000003,0.7470063,0.81013435,0.06312804999999999,0.925,1.0,0.07499999999999996,0.0,0.0,0.0,0.0,0.0,0.0,0.0,0.0,0.0,1,1,0,False,False,False,False,False,False
117,0.8086851,0.8876154,0.07893030000000001,0.8124073,0.92516494,0.11275763999999999,0.8,0.8,0.0,0.0,0.0,0.0,0.0,0.0,0.0,0.0,0.0,0.0,1,1,0,False,False,False,False,False,False
118,0.86029476,0.971374,0.11107923999999991,0.800421,0.9591056,0.15868459999999995,1.0,1.0,0.0,0.0,0.0,0.0,0.0,0.0,0.0,0.0,0.0,0.0,1,1,0,False,False,False,False,False,False
119,0.93876785,0.6974816,-0.24128624999999992,0.91252536,0.93747365,0.024948290000000095,1.0,0.1375,-0.8625,0.0,0.0,0.0,0.0,0.0,0.0,0.0,0.0,0.0,1,1,0,False,False,False,False,False,False
120,1.0,0.90865785,-0.09134215000000001,1.0,0.86951125,-0.13048875000000004,1.0,1.0,0.0,0.0,0.0,0.0,0.0,0.0,0.0,0.0,0.0,0.0,1,1,0,False,False,False,False,False,False
121,1.0,1.0,0.0,1.0,1.0,0.0,1.0,1.0,0.0,0.0,0.0,0.0,0.0,0.0,0.0,0.0,0.0,0.0,1,1,0,False,False,False,False,False,False
122,1.0,1.0,0.0,1.0,1.0,0.0,1.0,1.0,0.0,0.0,0.0,0.0,0.0,0.0,0.0,0.0,0.0,0.0,1,1,0,False,False,False,False,False,False
123,1.0,1.0,0.0,1.0,1.0,0.0,1.0,1.0,0.0,0.0,0.0,0.0,0.0,0.0,0.0,0.0,0.0,0.0,1,1,0,False,False,False,False,False,False
124,0.82501805,0.8045875,-0.020430549999999936,0.8303829,0.8440535,0.013670599999999977,0.8125,0.71250004,-0.09999996,0.0,0.0,0.0,0.0,0.0,0.0,0.0,0.0,0.0,1,1,0,False,False,False,False,False,False
125,1.0,0.91350156,-0.08649843999999995,1.0,0.8764308,-0.12356920000000005,1.0,1.0,0.0,0.0,0.0,0.0,0.0,0.0,0.0,0.0,0.0,0.0,1,1,0,False,False,False,False,False,False
126,1.0,1.0,0.0,1.0,1.0,0.0,1.0,1.0,0.0,0.0,0.0,0.0,0.0,0.0,0.0,0.0,0.0,0.0,1,1,0,False,False,False,False,False,False
127,0.9341696,0.9422598,0.008090199999999936,0.95417094,0.96572834,0.01155739999999994,0.8875,0.8875,0.0,0.0,0.0,0.0,0.0,0.0,0.0,0.0,0.0,0.0,1,1,0,False,False,False,False,False,False
128,0.0,0.91834986,0.91834986,0.29591426,0.91549975,0.61958549,0.6086957,0.925,0.3163043000000001,0.0,0.0,0.0,0.0,0.0,0.0,1.0,0.0,-1.0,0,1,1,True,False,False,False,False,False
129,0.9163213,0.86903876,-0.047282539999999984,0.92867327,0.8611268,-0.06754647000000003,0.8875,0.8875,0.0,0.0,0.0,0.0,0.0,0.0,0.0,0.0,0.0,0.0,1,1,0,False,False,False,False,False,False
130,1.0,0.89385176,-0.10614824,1.0,0.84835964,-0.15164036000000003,1.0,1.0,0.0,0.0,0.0,0.0,0.0,0.0,0.0,0.0,0.0,0.0,1,1,0,False,False,False,False,False,False
131,0.66538,0.6015102,-0.06386979999999998,0.5219714,0.43072885,-0.09124254999999998,1.0,1.0,0.0,0.0,0.0,0.0,0.0,0.0,0.0,0.0,0.0,0.0,1,1,0,False,False,False,False,False,False
132,0.0,0.0,0.0,0.9061453,0.9061453,0.0,1.0,0.99999994,-5.999999996841865e-08,0.0,1.0,1.0,1.0,1.0,0.0,0.0,0.0,0.0,0,0,0,False,False,False,False,False,True
133,0.86875004,0.0,-0.86875004,0.99999994,0.100380026,-0.8996199140000001,0.5625,1.0,0.4375,0.0,1.0,1.0,0.0,1.0,1.0,0.0,0.0,0.0,1,0,-1,False,False,False,True,False,True
134,1.0,1.0,0.0,1.0,1.0,0.0,1.0,1.0,0.0,0.0,0.0,0.0,0.0,0.0,0.0,0.0,0.0,0.0,1,1,0,False,False,False,False,False,False
135,0.7950231,0.7891929,-0.005830200000000008,0.7553901,0.8434898,0.0880997,0.8875,0.6625,-0.22499999999999998,0.0,0.0,0.0,0.0,0.0,0.0,0.0,0.0,0.0,1,1,0,False,False,False,False,False,False
136,0.8141699,0.8944647,0.0802948,0.73452836,0.8492352,0.11470683999999998,1.0,1.0,0.0,0.0,0.0,0.0,0.0,0.0,0.0,0.0,0.0,0.0,1,1,0,False,False,False,False,False,False
137,0.95874995,0.74088055,-0.2178694,0.99999994,0.62982935,-0.3701705900000001,0.8625,1.0,0.13749999999999996,0.0,0.0,0.0,0.0,0.0,0.0,0.0,0.0,0.0,1,1,0,False,False,False,False,False,False
138,0.97749996,0.82946664,-0.1480333199999999,1.0,0.756381,-0.24361900000000003,0.925,1.0,0.07499999999999996,0.0,0.0,0.0,0.0,0.0,0.0,0.0,0.0,0.0,1,1,0,False,False,False,False,False,False
139,0.874557,0.9097269,0.035169899999999976,0.8797243,0.9031813,0.02345699999999995,0.8625,0.925,0.0625,0.0,0.0,0.0,0.0,0.0,0.0,0.0,0.0,0.0,1,1,0,False,False,False,False,False,False
140,0.0,0.0,0.0,1.0,1.0,0.0,1.0,1.0,0.0,1.0,1.0,0.0,1.0,1.0,0.0,0.0,0.0,0.0,0,0,0,False,False,False,False,False,False
141,0.8637186,0.85326,-0.010458599999999985,0.8803124,0.9189428,0.038630399999999954,0.825,0.7,-0.125,0.0,0.0,0.0,0.0,0.0,0.0,0.0,0.0,0.0,1,1,0,False,False,False,False,False,False
142,0.0,0.92584914,0.92584914,0.85747963,0.94764155,0.09016192,0.22500001,0.875,0.64999999,1.0,0.0,-1.0,1.0,0.0,-1.0,0.0,0.0,0.0,0,1,1,False,False,True,False,True,False
143,0.96625006,1.0,0.03374993999999998,1.0,1.0,0.0,0.8875,1.0,0.11250000000000004,0.0,0.0,0.0,0.0,0.0,0.0,0.0,0.0,0.0,1,1,0,False,False,False,False,False,False
144,0.9406309,0.6581135,-0.28251740000000003,0.9741156,0.58123356,-0.39288203999999993,0.8625,0.83750004,-0.024999960000000043,0.0,0.0,0.0,0.0,0.0,0.0,0.0,0.0,0.0,1,1,0,False,False,False,False,False,False
145,0.0,0.0,0.0,0.47454846,0.4496158,-0.024932659999999995,0.76363635,0.7169812,-0.04665514999999998,1.0,1.0,0.0,1.0,1.0,0.0,0.0,0.0,0.0,0,0,0,False,False,False,False,False,False
146,0.8579487,0.842673,-0.015275700000000003,0.8988553,0.8234615,-0.07539380000000007,0.7625,0.8875,0.125,0.0,0.0,0.0,0.0,0.0,0.0,0.0,0.0,0.0,1,1,0,False,False,False,False,False,False
147,0.88082165,0.8722639,-0.00855775000000003,0.8297452,0.81751984,-0.012225359999999963,1.0,1.0,0.0,0.0,0.0,0.0,0.0,0.0,0.0,0.0,0.0,0.0,1,1,0,False,False,False,False,False,False
148,1.0,1.0,0.0,1.0,1.0,0.0,1.0,1.0,0.0,0.0,0.0,0.0,0.0,0.0,0.0,0.0,0.0,0.0,1,1,0,False,False,False,False,False,False
149,0.7772972,0.8793359,0.10203869999999993,0.6818532,0.82762265,0.14576944999999997,1.0,1.0,0.0,0.0,0.0,0.0,0.0,0.0,0.0,0.0,0.0,0.0,1,1,0,False,False,False,False,False,False
150,0.811879,0.8680029,0.056123900000000004,0.8705413,0.8114328,-0.05910850000000001,0.675,1.0,0.32499999999999996,0.0,0.0,0.0,0.0,0.0,0.0,0.0,0.0,0.0,1,1,0,False,False,False,False,False,False
151,0.8596792,0.9185425,0.05886330000000006,0.7995417,0.9372035,0.13766179999999995,1.0,0.875,-0.125,0.0,0.0,0.0,0.0,0.0,0.0,0.0,0.0,0.0,1,1,0,False,False,False,False,False,False
152,0.7776471,0.0,-0.7776471,0.7627101,0.7503321,-0.012378,0.8125,0.62068963,-0.19181037,0.0,1.0,1.0,0.0,1.0,1.0,0.0,0.0,0.0,1,0,-1,False,False,False,True,False,True
153,0.6698675,0.7842503,0.1143828,0.57659644,0.7400005,0.16340405999999996,0.8875,0.8875,0.0,0.0,0.0,0.0,0.0,0.0,0.0,0.0,0.0,0.0,1,1,0,False,False,False,False,False,False
154,1.0,1.0,0.0,1.0,1.0,0.0,1.0,1.0,0.0,0.0,0.0,0.0,0.0,0.0,0.0,0.0,0.0,0.0,1,1,0,False,False,False,False,False,False
155,0.7778827,0.8078827,0.029999999999999916,0.82197523,0.82197523,0.0,0.675,0.77500004,0.10000003999999996,0.0,0.0,0.0,0.0,0.0,0.0,0.0,0.0,0.0,1,1,0,False,False,False,False,False,False
156,0.9829025,0.989521,0.006618499999999972,0.975575,0.98503006,0.00945506000000007,1.0,1.0,0.0,0.0,0.0,0.0,0.0,0.0,0.0,0.0,0.0,0.0,1,1,0,False,False,False,False,False,False
157,0.88753074,0.8975115,0.009980760000000033,0.8875439,0.98751634,0.09997243999999994,0.8875,0.6875,-0.19999999999999996,0.0,0.0,0.0,0.0,0.0,0.0,0.0,0.0,0.0,1,1,0,False,False,False,False,False,False
158,0.0,0.0,0.0,0.10361835,0.10361835,0.0,0.0,0.0,0.0,1.0,1.0,0.0,1.0,1.0,0.0,0.0,0.0,0.0,0,0,0,False,False,False,False,False,False
159,0.8899315,0.59834045,-0.29159104999999996,0.9499022,0.54941493,-0.40048727000000006,0.75,0.71250004,-0.03749996,0.0,0.0,0.0,0.0,0.0,0.0,0.0,0.0,0.0,1,1,0,False,False,False,False,False,False
160,0.77609533,0.8042326,0.028137269999999992,0.6801362,0.7203323,0.04019610000000007,1.0,1.0,0.0,0.0,0.0,0.0,0.0,0.0,0.0,0.0,0.0,0.0,1,1,0,False,False,False,False,False,False
161,0.8348997,0.8211697,-0.01373000000000002,0.81235665,0.93738526,0.12502860999999998,0.8875,0.55,-0.3374999999999999,0.0,0.0,0.0,0.0,0.0,0.0,0.0,0.0,0.0,1,1,0,False,False,False,False,False,False
162,0.7437791,0.79216135,0.04838224999999996,0.6821844,0.78344476,0.10126035999999994,0.8875,0.8125,-0.07499999999999996,0.0,0.0,0.0,0.0,0.0,0.0,0.0,0.0,0.0,1,1,0,False,False,False,False,False,False
163,1.0,1.0,0.0,1.0,1.0,0.0,1.0,1.0,0.0,0.0,0.0,0.0,0.0,0.0,0.0,0.0,0.0,0.0,1,1,0,False,False,False,False,False,False
164,0.67453617,0.71887726,0.04434108999999997,0.66898024,0.72161037,0.05263012999999994,0.6875,0.71250004,0.02500004,0.0,0.0,0.0,0.0,0.0,0.0,0.0,0.0,0.0,1,1,0,False,False,False,False,False,False
165,1.0,1.0,0.0,1.0,1.0,0.0,1.0,1.0,0.0,0.0,0.0,0.0,0.0,0.0,0.0,0.0,0.0,0.0,1,1,0,False,False,False,False,False,False
166,0.89637613,0.8557167,-0.04065943000000005,0.9001802,0.9760239,0.07584370000000007,0.8875,0.575,-0.3125,0.0,0.0,0.0,0.0,0.0,0.0,0.0,0.0,0.0,1,1,0,False,False,False,False,False,False
167,0.93305,0.9221412,-0.010908800000000052,0.9365,0.97448736,0.037987360000000026,0.925,0.8,-0.125,0.0,0.0,0.0,0.0,0.0,0.0,0.0,0.0,0.0,1,1,0,False,False,False,False,False,False
168,0.8885471,0.8885471,0.0,0.888996,0.888996,0.0,0.8875,0.8875,0.0,0.0,0.0,0.0,0.0,0.0,0.0,0.0,0.0,0.0,1,1,0,False,False,False,False,False,False
169,0.8480137,0.799056,-0.04895769999999999,0.8150196,0.8415085,0.026488900000000037,0.925,0.7,-0.2250000000000001,0.0,0.0,0.0,0.0,0.0,0.0,0.0,0.0,0.0,1,1,0,False,False,False,False,False,False
170,0.78670466,0.8727652,0.08606054000000007,0.81314945,0.92537886,0.11222940999999997,0.725,0.75,0.025000000000000022,0.0,0.0,0.0,0.0,0.0,0.0,0.0,0.0,0.0,1,1,0,False,False,False,False,False,False
171,0.96625006,0.93091625,-0.03533381000000002,1.0,0.9495232,-0.05047679999999999,0.8875,0.8875,0.0,0.0,0.0,0.0,0.0,0.0,0.0,0.0,0.0,0.0,1,1,0,False,False,False,False,False,False
172,0.82565403,0.87515146,0.04949742999999995,0.80986285,0.88593054,0.07606769000000002,0.8625,0.85,-0.012500000000000067,0.0,0.0,0.0,0.0,0.0,0.0,0.0,0.0,0.0,1,1,0,False,False,False,False,False,False
173,0.97749996,0.8884509,-0.0890490599999999,1.0,0.8406442,-0.15935580000000005,0.925,1.0,0.07499999999999996,0.0,0.0,0.0,0.0,0.0,0.0,0.0,0.0,0.0,1,1,0,False,False,False,False,False,False
174,1.0,1.0,0.0,1.0,1.0,0.0,1.0,1.0,0.0,0.0,0.0,0.0,0.0,0.0,0.0,0.0,0.0,0.0,1,1,0,False,False,False,False,False,False
175,0.8589527,0.8177027,-0.04125000000000001,0.8895753,0.8895753,0.0,0.7875,0.65000004,-0.13749995999999998,0.0,0.0,0.0,0.0,0.0,0.0,0.0,0.0,0.0,1,1,0,False,False,False,False,False,False
176,1.0,1.0,0.0,1.0,1.0,0.0,1.0,1.0,0.0,0.0,0.0,0.0,0.0,0.0,0.0,0.0,0.0,0.0,1,1,0,False,False,False,False,False,False
177,0.7125463,0.7587365,0.04619020000000007,0.6536375,0.7035521,0.04991460000000003,0.85,0.8875,0.03749999999999998,0.0,0.0,0.0,0.0,0.0,0.0,0.0,0.0,0.0,1,1,0,False,False,False,False,False,False
178,0.81054825,0.8812559,0.07070765000000001,0.7775689,0.83036554,0.05279663999999995,0.8875,1.0,0.11250000000000004,0.0,0.0,0.0,0.0,0.0,0.0,0.0,0.0,0.0,1,1,0,False,False,False,False,False,False
179,0.6785149,0.74593025,0.06741534999999999,0.5407355,0.6959717,0.15523619999999994,1.0,0.8625,-0.13749999999999996,0.0,0.0,0.0,0.0,0.0,0.0,0.0,0.0,0.0,1,1,0,False,False,False,False,False,False
180,1.0,0.892488,-0.10751200000000005,1.0,0.8464114,-0.15358859999999996,1.0,1.0,0.0,0.0,0.0,0.0,0.0,0.0,0.0,0.0,0.0,0.0,1,1,0,False,False,False,False,False,False
181,1.0,1.0,0.0,1.0,1.0,0.0,1.0,1.0,0.0,0.0,0.0,0.0,0.0,0.0,0.0,0.0,0.0,0.0,1,1,0,False,False,False,False,False,False
182,1.0,0.88771725,-0.11228274999999999,1.0,0.8395961,-0.16040390000000004,1.0,1.0,0.0,0.0,0.0,0.0,0.0,0.0,0.0,0.0,0.0,0.0,1,1,0,False,False,False,False,False,False
183,0.7293469,0.6563171,-0.07302980000000003,0.6937098,0.7447387,0.05102889999999993,0.8125,0.45000002,-0.36249998,0.0,0.0,0.0,0.0,0.0,0.0,0.0,0.0,0.0,1,1,0,False,False,False,False,False,False
184,0.86784345,0.721861,-0.14598244999999999,0.8594191,0.9615871,0.10216800000000004,0.8875,0.16250001,-0.7249999899999999,0.0,0.0,0.0,0.0,0.0,0.0,0.0,0.0,0.0,1,1,0,False,False,False,False,False,False
185,0.95500004,0.85115,-0.10385004000000009,1.0,0.7873571,-0.21264289999999997,0.85,1.0,0.15000000000000002,0.0,0.0,0.0,0.0,0.0,0.0,0.0,0.0,0.0,1,1,0,False,False,False,False,False,False
186,0.75007147,0.84171313,0.09164166000000007,0.6429592,0.77387595,0.13091675000000003,1.0,1.0,0.0,0.0,0.0,0.0,0.0,0.0,0.0,0.0,0.0,0.0,1,1,0,False,False,False,False,False,False
187,1.0,0.8553156,-0.14468440000000005,1.0,0.79330796,-0.20669203999999997,1.0,1.0,0.0,0.0,0.0,0.0,0.0,0.0,0.0,0.0,0.0,0.0,1,1,0,False,False,False,False,False,False
188,1.0,0.94236004,-0.057639960000000046,0.99999994,0.91765714,-0.08234280000000005,1.0,1.0,0.0,0.0,0.0,0.0,0.0,0.0,0.0,0.0,0.0,0.0,1,1,0,False,False,False,False,False,False
189,1.0,1.0,0.0,1.0,1.0,0.0,1.0,1.0,0.0,0.0,0.0,0.0,0.0,0.0,0.0,0.0,0.0,0.0,1,1,0,False,False,False,False,False,False
190,1.0,1.0,0.0,1.0,1.0,0.0,1.0,1.0,0.0,0.0,0.0,0.0,0.0,0.0,0.0,0.0,0.0,0.0,1,1,0,False,False,False,False,False,False
191,0.94,0.8716406,-0.06835939999999996,1.0000001,0.86484367,-0.1351564300000001,0.8,0.8875,0.08749999999999991,0.0,0.0,0.0,0.0,0.0,0.0,0.0,0.0,0.0,1,1,0,False,False,False,False,False,False
192,1.0,1.0,0.0,1.0,1.0,0.0,1.0,1.0,0.0,0.0,0.0,0.0,0.0,0.0,0.0,0.0,0.0,0.0,1,1,0,False,False,False,False,False,False
193,1.0,1.0,0.0,1.0,1.0,0.0,1.0,1.0,0.0,0.0,0.0,0.0,0.0,0.0,0.0,0.0,0.0,0.0,1,1,0,False,False,False,False,False,False
194,0.8382082,0.9223814,0.08417320000000006,0.8224402,0.9373305,0.1148903,0.875,0.8875,0.012499999999999956,0.0,0.0,0.0,0.0,0.0,0.0,0.0,0.0,0.0,1,1,0,False,False,False,False,False,False
195,0.0,0.9005384,0.9005384,0.05179509,0.93291193,0.8811168399999999,0.90909094,0.825,-0.08409094000000006,0.0,0.0,0.0,1.0,0.0,-1.0,0.0,0.0,0.0,0,1,1,False,False,True,False,False,False
196,1.0,1.0,0.0,1.0,1.0,0.0,1.0,1.0,0.0,0.0,0.0,0.0,0.0,0.0,0.0,0.0,0.0,0.0,1,1,0,False,False,False,False,False,False
197,1.0,0.86918145,-0.13081854999999998,1.0,0.8131164,-0.18688360000000004,1.0,1.0,0.0,0.0,0.0,0.0,0.0,0.0,0.0,0.0,0.0,0.0,1,1,0,False,False,False,False,False,False
198,0.8828398,0.91327935,0.030439550000000093,0.8326282,0.9403991,0.1077709,1.0,0.85,-0.15000000000000002,0.0,0.0,0.0,0.0,0.0,0.0,0.0,0.0,0.0,1,1,0,False,False,False,False,False,False
199,1.0,0.9256858,-0.0743142,1.0,0.89383686,-0.10616314000000004,1.0,1.0,0.0,0.0,0.0,0.0,0.0,0.0,0.0,0.0,0.0,0.0,1,1,0,False,False,False,False,False,False
200,0.97749996,1.0,0.022500040000000054,1.0,1.0,0.0,0.925,1.0,0.07499999999999996,0.0,0.0,0.0,0.0,0.0,0.0,0.0,0.0,0.0,1,1,0,False,False,False,False,False,False
201,0.92125,0.92773813,0.006488130000000036,1.0,0.95034015,-0.04965984999999995,0.7375,0.875,0.13749999999999996,0.0,0.0,0.0,0.0,0.0,0.0,0.0,0.0,0.0,1,1,0,False,False,False,False,False,False
202,0.8245848,0.8718155,0.04723069999999996,0.79762113,0.9240222,0.12640107,0.8875,0.75,-0.13749999999999996,0.0,0.0,0.0,0.0,0.0,0.0,0.0,0.0,0.0,1,1,0,False,False,False,False,False,False
203,0.81953955,0.8970868,0.07754724999999996,0.8386279,0.93869543,0.10006753000000002,0.77500004,0.8,0.024999960000000043,0.0,0.0,0.0,0.0,0.0,0.0,0.0,0.0,0.0,1,1,0,False,False,False,False,False,False
204,1.0,1.0,0.0,1.0,1.0,0.0,1.0,1.0,0.0,0.0,0.0,0.0,0.0,0.0,0.0,0.0,0.0,0.0,1,1,0,False,False,False,False,False,False
205,0.80381244,0.8312654,0.027452960000000082,0.80008924,0.92502195,0.12493270999999995,0.8125,0.6125,-0.19999999999999996,0.0,0.0,0.0,0.0,0.0,0.0,0.0,0.0,0.0,1,1,0,False,False,False,False,False,False
206,0.7665219,0.6353715,-0.1311504,0.789674,0.7523164,-0.03735759999999999,0.71250004,0.3625,-0.35000004,0.0,0.0,0.0,0.0,0.0,0.0,0.0,0.0,0.0,1,1,0,False,False,False,False,False,False
207,1.0,1.0,0.0,1.0,1.0,0.0,1.0,1.0,0.0,0.0,0.0,0.0,0.0,0.0,0.0,0.0,0.0,0.0,1,1,0,False,False,False,False,False,False
208,0.89017373,0.8261145,-0.06405923000000002,0.87524813,0.7998063,-0.07544183000000004,0.925,0.8875,-0.03750000000000009,0.0,0.0,0.0,0.0,0.0,0.0,0.0,0.0,0.0,1,1,0,False,False,False,False,False,False
209,1.0,0.8369269,-0.16307309999999997,1.0,0.8152526,-0.1847474,1.0,0.8875,-0.11250000000000004,0.0,0.0,0.0,0.0,0.0,0.0,0.0,0.0,0.0,1,1,0,False,False,False,False,False,False
210,0.96999997,0.71634656,-0.2536534100000001,1.0,0.5947808,-0.4052192,0.90000004,1.0,0.09999996,0.0,0.0,0.0,0.0,0.0,0.0,0.0,0.0,0.0,1,1,0,False,False,False,False,False,False
211,0.5697735,0.79436874,0.22459523999999997,0.53539073,0.79195535,0.2565646199999999,0.65000004,0.8,0.14999996000000004,0.0,0.0,0.0,0.0,0.0,0.0,0.0,0.0,0.0,1,1,0,False,False,False,False,False,False
212,1.0,1.0,0.0,1.0,1.0,0.0,1.0,1.0,0.0,0.0,0.0,0.0,0.0,0.0,0.0,0.0,0.0,0.0,1,1,0,False,False,False,False,False,False
213,0.95649415,0.9032367,-0.05325745000000004,0.9378487,0.8617667,-0.07608199999999998,1.0,1.0,0.0,0.0,0.0,0.0,0.0,0.0,0.0,0.0,0.0,0.0,1,1,0,False,False,False,False,False,False
214,0.7626121,0.7401121,-0.022499999999999964,0.76266015,0.76266015,0.0,0.7625,0.6875,-0.07499999999999996,0.0,0.0,0.0,0.0,0.0,0.0,0.0,0.0,0.0,1,1,0,False,False,False,False,False,False
215,0.83856595,0.7124425,-0.12612345000000003,0.7693799,0.7445607,-0.02481920000000004,1.0,0.6375,-0.36250000000000004,0.0,0.0,0.0,0.0,0.0,0.0,0.0,0.0,0.0,1,1,0,False,False,False,False,False,False
216,1.0,1.0,0.0,1.0,1.0,0.0,1.0,1.0,0.0,0.0,0.0,0.0,0.0,0.0,0.0,0.0,0.0,0.0,1,1,0,False,False,False,False,False,False
217,1.0,1.0,0.0,1.0,1.0,0.0,1.0,1.0,0.0,0.0,0.0,0.0,0.0,0.0,0.0,0.0,0.0,0.0,1,1,0,False,False,False,False,False,False
218,0.9161708,0.48566133,-0.43050946999999995,0.94988686,0.399159,-0.5507278600000001,0.83750004,0.6875,-0.15000004,0.0,0.0,0.0,0.0,0.0,0.0,0.0,0.0,0.0,1,1,0,False,False,False,False,False,False
219,1.0,1.0,0.0,1.0,1.0,0.0,1.0,1.0,0.0,0.0,0.0,0.0,0.0,0.0,0.0,0.0,0.0,0.0,1,1,0,False,False,False,False,False,False
220,0.82511866,0.73004013,-0.09507853,0.8626695,0.88755727,0.024887769999999976,0.7375,0.3625,-0.37500000000000006,0.0,0.0,0.0,0.0,0.0,0.0,0.0,0.0,0.0,1,1,0,False,False,False,False,False,False
221,0.8874306,0.92608625,0.03865565000000004,0.88740087,0.974766,0.08736513000000001,0.8875,0.8125,-0.07499999999999996,0.0,0.0,0.0,0.0,0.0,0.0,0.0,0.0,0.0,1,1,0,False,False,False,False,False,False
222,1.0,1.0,0.0,1.0,1.0,0.0,1.0,1.0,0.0,0.0,0.0,0.0,0.0,0.0,0.0,0.0,0.0,0.0,1,1,0,False,False,False,False,False,False
223,0.9005705,0.735008,-0.16556250000000006,0.92760074,0.6857257,-0.24187504000000004,0.83750004,0.85,0.012499959999999977,0.0,0.0,0.0,0.0,0.0,0.0,0.0,0.0,0.0,1,1,0,False,False,False,False,False,False
224,0.96625006,0.9015402,-0.06470986000000001,1.0,0.9343432,-0.06565679999999996,0.8875,0.825,-0.0625,0.0,0.0,0.0,0.0,0.0,0.0,0.0,0.0,0.0,1,1,0,False,False,False,False,False,False
225,1.0,0.91526,-0.08474000000000004,1.0,0.9271572,-0.07284279999999999,1.0,0.8875,-0.11250000000000004,0.0,0.0,0.0,0.0,0.0,0.0,0.0,0.0,0.0,1,1,0,False,False,False,False,False,False
226,1.0,0.54987335,-0.45012664999999996,1.0,0.3569619,-0.6430381000000001,1.0,1.0,0.0,0.0,0.0,0.0,0.0,0.0,0.0,0.0,0.0,0.0,1,1,0,False,False,False,False,False,False
227,1.0,1.0,0.0,1.0,1.0,0.0,1.0,1.0,0.0,0.0,0.0,0.0,0.0,0.0,0.0,0.0,0.0,0.0,1,1,0,False,False,False,False,False,False
228,0.96625006,0.8627105,-0.10353955999999997,1.0,0.90030074,-0.09969925999999996,0.8875,0.77500004,-0.11249995999999995,0.0,0.0,0.0,0.0,0.0,0.0,0.0,0.0,0.0,1,1,0,False,False,False,False,False,False
229,1.0,0.89056677,-0.10943323000000005,1.0,0.8436668,-0.15633319999999995,1.0,1.0,0.0,0.0,0.0,0.0,0.0,0.0,0.0,0.0,0.0,0.0,1,1,0,False,False,False,False,False,False
230,1.0,1.0,0.0,1.0,1.0,0.0,1.0,1.0,0.0,0.0,0.0,0.0,0.0,0.0,0.0,0.0,0.0,0.0,1,1,0,False,False,False,False,False,False
231,0.0,0.0,0.0,0.8194018,0.46927768,-0.35012412,0.8550725,0.8541667,-0.0009058000000000677,1.0,0.0,-1.0,1.0,1.0,0.0,0.0,0.0,0.0,0,0,0,False,False,False,False,True,False
232,0.88776964,0.95874995,0.07098030999999994,0.88788515,1.0,0.11211484999999999,0.8875,0.8625,-0.02499999999999991,0.0,0.0,0.0,0.0,0.0,0.0,0.0,0.0,0.0,1,1,0,False,False,False,False,False,False
233,0.9175,0.0,-0.9175,1.0,1.0,0.0,0.725,0.83606553,0.11106552999999997,0.0,1.0,1.0,0.0,1.0,1.0,0.0,0.0,0.0,1,0,-1,False,False,False,True,False,True
234,0.78888637,0.7851426,-0.003743769999999924,0.6984091,0.72520363,0.026794529999999983,1.0,0.925,-0.07499999999999996,0.0,0.0,0.0,0.0,0.0,0.0,0.0,0.0,0.0,1,1,0,False,False,False,False,False,False
235,0.772108,0.9122888,0.1401808,0.80836856,0.92291254,0.11454397999999999,0.6875,0.8875,0.19999999999999996,0.0,0.0,0.0,0.0,0.0,0.0,0.0,0.0,0.0,1,1,0,False,False,False,False,False,False
236,0.7298351,0.755653,0.02581790000000006,0.7801215,0.8277186,0.04759709999999995,0.6125,0.58750004,-0.024999960000000043,0.0,0.0,0.0,0.0,0.0,0.0,0.0,0.0,0.0,1,1,0,False,False,False,False,False,False
237,0.95575565,0.904616,-0.05113964999999998,0.96357936,0.89052284,-0.07305651999999996,0.9375,0.9375,0.0,0.0,0.0,0.0,0.0,0.0,0.0,0.0,0.0,0.0,1,1,0,False,False,False,False,False,False
238,1.0,1.0,0.0,1.0,1.0,0.0,1.0,1.0,0.0,0.0,0.0,0.0,0.0,0.0,0.0,0.0,0.0,0.0,1,1,0,False,False,False,False,False,False
239,0.7390534,0.83404726,0.09499385999999999,0.659362,0.7629246,0.10356259999999995,0.925,1.0,0.07499999999999996,0.0,0.0,0.0,0.0,0.0,0.0,0.0,0.0,0.0,1,1,0,False,False,False,False,False,False
240,0.6792539,0.87114173,0.19188782999999998,0.7614341,0.9498453,0.1884112,0.4875,0.6875,0.2,0.0,0.0,0.0,0.0,0.0,0.0,0.0,0.0,0.0,1,1,0,False,False,False,False,False,False
241,0.74626875,0.67760986,-0.06865889000000003,0.7125268,0.8126569,0.1001301,0.825,0.3625,-0.46249999999999997,0.0,0.0,0.0,0.0,0.0,0.0,0.0,0.0,0.0,1,1,0,False,False,False,False,False,False
242,0.8852686,0.83551884,-0.049749759999999976,0.8843124,0.8132411,-0.07107129999999995,0.8875,0.8875,0.0,0.0,0.0,0.0,0.0,0.0,0.0,0.0,0.0,0.0,1,1,0,False,False,False,False,False,False
243,0.95125,0.85872155,-0.0925284500000001,1.0,0.8410308,-0.15896920000000003,0.83750004,0.90000004,0.0625,0.0,0.0,0.0,0.0,0.0,0.0,0.0,0.0,0.0,1,1,0,False,False,False,False,False,False
244,0.83097184,0.92995644,0.09898459999999998,0.8603169,0.9481521,0.0878352,0.7625,0.8875,0.125,0.0,0.0,0.0,0.0,0.0,0.0,0.0,0.0,0.0,1,1,0,False,False,False,False,False,False
245,1.0,1.0,0.0,1.0,1.0,0.0,1.0,1.0,0.0,0.0,0.0,0.0,0.0,0.0,0.0,0.0,0.0,0.0,1,1,0,False,False,False,False,False,False
246,0.48120853,0.7136083,0.23239976999999995,0.25886935,0.590869,0.33199965,1.0,1.0,0.0,0.0,0.0,0.0,0.0,0.0,0.0,0.0,0.0,0.0,1,1,0,False,False,False,False,False,False
247,0.7829259,0.7754676,-0.007458299999999918,0.8023941,0.8399536,0.03755949999999997,0.7375,0.625,-0.11250000000000004,0.0,0.0,0.0,0.0,0.0,0.0,0.0,0.0,0.0,1,1,0,False,False,False,False,False,False
248,0.7312803,0.75342804,0.02214773999999997,0.66432905,0.70668286,0.04235381000000005,0.8875,0.8625,-0.02499999999999991,0.0,0.0,0.0,0.0,0.0,0.0,0.0,0.0,0.0,1,1,0,False,False,False,False,False,False
249,0.8054213,0.9149027,0.10948139999999995,0.83988744,0.92664677,0.08675932999999991,0.725,0.8875,0.16249999999999998,0.0,0.0,0.0,0.0,0.0,0.0,0.0,0.0,0.0,1,1,0,False,False,False,False,False,False
250,0.8243117,0.81801605,-0.006295649999999986,0.9258023,0.9007372,-0.02506509999999995,0.58750004,0.625,0.03749996,0.0,0.0,0.0,0.0,0.0,0.0,0.0,0.0,0.0,1,1,0,False,False,False,False,False,False
251,1.0,1.0,0.0,1.0,1.0,0.0,1.0,1.0,0.0,0.0,0.0,0.0,0.0,0.0,0.0,0.0,0.0,0.0,1,1,0,False,False,False,False,False,False
252,0.94,0.8722612,-0.06773879999999999,1.0,0.8764447,-0.12355530000000003,0.8,0.8625,0.0625,0.0,0.0,0.0,0.0,0.0,0.0,0.0,0.0,0.0,1,1,0,False,False,False,False,False,False
253,0.96624994,0.8751651,-0.09108483999999994,0.99999994,0.8698787,-0.13012124000000003,0.8875,0.8875,0.0,0.0,0.0,0.0,0.0,0.0,0.0,0.0,0.0,0.0,1,1,0,False,False,False,False,False,False
254,1.0,0.8865309,-0.11346909999999999,1.0,0.8379013,-0.16209870000000004,1.0,1.0,0.0,0.0,0.0,0.0,0.0,0.0,0.0,0.0,0.0,0.0,1,1,0,False,False,False,False,False,False
255,0.7164386,0.81389064,0.09745203999999996,0.75562656,0.8412723,0.08564574000000003,0.625,0.75,0.125,0.0,0.0,0.0,0.0,0.0,0.0,0.0,0.0,0.0,1,1,0,False,False,False,False,False,False
256,0.8386801,0.0,-0.8386801,0.8552572,0.18276364,-0.67249356,0.8,0.47058824,-0.32941176000000005,0.0,0.0,0.0,0.0,0.0,0.0,0.0,1.0,1.0,1,0,-1,False,True,False,False,False,False
257,1.0,0.96231824,-0.03768176000000001,1.0,0.9461689,-0.05383110000000002,1.0,1.0,0.0,0.0,0.0,0.0,0.0,0.0,0.0,0.0,0.0,0.0,1,1,0,False,False,False,False,False,False
258,0.76514477,0.83499664,0.06985186999999993,0.71270686,0.8124952,0.09978833999999992,0.8875,0.8875,0.0,0.0,0.0,0.0,0.0,0.0,0.0,0.0,0.0,0.0,1,1,0,False,False,False,False,False,False
259,1.0,1.0,0.0,1.0,1.0,0.0,1.0,1.0,0.0,0.0,0.0,0.0,0.0,0.0,0.0,0.0,0.0,0.0,1,1,0,False,False,False,False,False,False
260,0.0,0.0,0.0,1.0,1.0,0.0,1.0,1.0,0.0,1.0,1.0,0.0,1.0,1.0,0.0,0.0,0.0,0.0,0,0,0,False,False,False,False,False,False
261,1.0,0.93625003,-0.06374997000000004,1.0,1.0,0.0,1.0,0.7875,-0.21250000000000002,0.0,0.0,0.0,0.0,0.0,0.0,0.0,0.0,0.0,1,1,0,False,False,False,False,False,False
262,0.965106,0.8350069,-0.13009910000000002,0.9501514,0.81250995,-0.13764144999999994,1.0,0.8875,-0.11250000000000004,0.0,0.0,0.0,0.0,0.0,0.0,0.0,0.0,0.0,1,1,0,False,False,False,False,False,False
263,0.9270239,0.84754497,-0.07947893000000006,0.9439628,0.84649277,-0.09747002999999999,0.8875,0.85,-0.03749999999999998,0.0,0.0,0.0,0.0,0.0,0.0,0.0,0.0,0.0,1,1,0,False,False,False,False,False,False
264,1.0,1.0,0.0,1.0,1.0,0.0,1.0,1.0,0.0,0.0,0.0,0.0,0.0,0.0,0.0,0.0,0.0,0.0,1,1,0,False,False,False,False,False,False
265,0.8432544,0.93425655,0.09100215,0.88857764,0.9382236,0.0496459600000001,0.7375,0.925,0.1875,0.0,0.0,0.0,0.0,0.0,0.0,0.0,0.0,0.0,1,1,0,False,False,False,False,False,False
266,0.9097743,0.88709575,-0.022678550000000075,0.92467755,0.8869225,-0.03775505000000001,0.875,0.8875,0.012499999999999956,0.0,0.0,0.0,0.0,0.0,0.0,0.0,0.0,0.0,1,1,0,False,False,False,False,False,False
267,0.9309931,0.86875004,-0.06224306000000002,0.94963294,1.0,0.05036706000000002,0.8875,0.5625,-0.32499999999999996,0.0,0.0,0.0,0.0,0.0,0.0,0.0,0.0,0.0,1,1,0,False,False,False,False,False,False
268,0.98700887,0.9400379,-0.046970970000000056,0.9814413,0.9625543,-0.018886999999999987,1.0,0.8875,-0.11250000000000004,0.0,0.0,0.0,0.0,0.0,0.0,0.0,0.0,0.0,1,1,0,False,False,False,False,False,False
269,0.83939993,0.95629853,0.11689859999999996,0.7705713,0.9697122,0.19914090000000007,1.0,0.925,-0.07499999999999996,0.0,0.0,0.0,0.0,0.0,0.0,0.0,0.0,0.0,1,1,0,False,False,False,False,False,False
270,1.0,1.0,0.0,0.99999994,0.99999994,0.0,1.0,1.0,0.0,0.0,0.0,0.0,0.0,0.0,0.0,0.0,0.0,0.0,1,1,0,False,False,False,False,False,False
271,0.95874995,0.8165812,-0.14216874999999995,1.0,0.73797315,-0.26202685000000003,0.8625,1.0,0.13749999999999996,0.0,0.0,0.0,0.0,0.0,0.0,0.0,0.0,0.0,1,1,0,False,False,False,False,False,False
272,1.0,1.0,0.0,1.0,1.0,0.0,1.0,1.0,0.0,0.0,0.0,0.0,0.0,0.0,0.0,0.0,0.0,0.0,1,1,0,False,False,False,False,False,False
273,1.0,1.0,0.0,1.0,1.0,0.0,1.0,1.0,0.0,0.0,0.0,0.0,0.0,0.0,0.0,0.0,0.0,0.0,1,1,0,False,False,False,False,False,False
274,0.9216102,0.870916,-0.05069420000000002,0.9362288,0.8638086,-0.07242019999999993,0.8875,0.8875,0.0,0.0,0.0,0.0,0.0,0.0,0.0,0.0,0.0,0.0,1,1,0,False,False,False,False,False,False
275,1.0,1.0,0.0,1.0,1.0,0.0,1.0,1.0,0.0,0.0,0.0,0.0,0.0,0.0,0.0,0.0,0.0,0.0,1,1,0,False,False,False,False,False,False
276,1.0,1.0,0.0,1.0,1.0,0.0,1.0,1.0,0.0,0.0,0.0,0.0,0.0,0.0,0.0,0.0,0.0,0.0,1,1,0,False,False,False,False,False,False
277,0.8612345,0.9224947,0.06126019999999999,0.8499779,0.93749243,0.08751453000000009,0.8875,0.8875,0.0,0.0,0.0,0.0,0.0,0.0,0.0,0.0,0.0,0.0,1,1,0,False,False,False,False,False,False
278,0.96250004,0.9621912,-0.0003088399999999769,1.0,0.98884463,-0.011155369999999998,0.875,0.90000004,0.02500004,0.0,0.0,0.0,0.0,0.0,0.0,0.0,0.0,0.0,1,1,0,False,False,False,False,False,False
279,0.9378215,0.90863514,-0.029186359999999967,0.9486735,0.8694788,-0.07919469999999995,0.9125,1.0,0.08750000000000002,0.0,0.0,0.0,0.0,0.0,0.0,0.0,0.0,0.0,1,1,0,False,False,False,False,False,False
280,0.80074596,0.84520686,0.044460900000000025,0.7635656,0.82708126,0.06351566000000008,0.8875,0.8875,0.0,0.0,0.0,0.0,0.0,0.0,0.0,0.0,0.0,0.0,1,1,0,False,False,False,False,False,False
281,0.8464888,0.9149737,0.06848489999999996,0.8128412,0.9374624,0.12462119999999999,0.925,0.8625,-0.0625,0.0,0.0,0.0,0.0,0.0,0.0,0.0,0.0,0.0,1,1,0,False,False,False,False,False,False
282,0.8452703,0.89117146,0.045901159999999996,0.7789575,0.84453064,0.06557314000000003,1.0,1.0,0.0,0.0,0.0,0.0,0.0,0.0,0.0,0.0,0.0,0.0,1,1,0,False,False,False,False,False,False
283,0.80434895,0.755599,-0.04874994999999993,0.8008557,0.8008557,0.0,0.8125,0.65000004,-0.16249996,0.0,0.0,0.0,0.0,0.0,0.0,0.0,0.0,0.0,1,1,0,False,False,False,False,False,False
284,0.82217234,0.8825474,0.060375060000000036,0.7941749,0.9232819,0.12910699999999997,0.8875,0.7875,-0.09999999999999998,0.0,0.0,0.0,0.0,0.0,0.0,0.0,0.0,0.0,1,1,0,False,False,False,False,False,False
285,0.89155227,0.88775414,-0.003798130000000066,0.9254318,0.8878631,-0.03756870000000001,0.8125,0.8875,0.07499999999999996,0.0,0.0,0.0,0.0,0.0,0.0,0.0,0.0,0.0,1,1,0,False,False,False,False,False,False
286,0.8464041,0.8674776,0.021073499999999967,0.8716487,0.8588966,-0.012752100000000044,0.7875,0.8875,0.09999999999999998,0.0,0.0,0.0,0.0,0.0,0.0,0.0,0.0,0.0,1,1,0,False,False,False,False,False,False
287,1.0,1.0,0.0,1.0,1.0,0.0,1.0,1.0,0.0,0.0,0.0,0.0,0.0,0.0,0.0,0.0,0.0,0.0,1,1,0,False,False,False,False,False,False
288,0.7335465,0.70558417,-0.027962330000000035,0.6782807,0.79369164,0.11541094000000007,0.8625,0.5,-0.36250000000000004,0.0,0.0,0.0,0.0,0.0,0.0,0.0,0.0,0.0,1,1,0,False,False,False,False,False,False
289,0.9941889,0.9941889,0.0,0.9916984,0.9916984,0.0,1.0,1.0,0.0,0.0,0.0,0.0,0.0,0.0,0.0,0.0,0.0,0.0,1,1,0,False,False,False,False,False,False
290,1.0,0.91983855,-0.08016144999999997,1.0,0.8854836,-0.11451639999999996,1.0,1.0,0.0,0.0,0.0,0.0,0.0,0.0,0.0,0.0,0.0,0.0,1,1,0,False,False,False,False,False,False
291,0.8437914,0.91423523,0.07044382999999999,0.8250592,0.92569315,0.10063394999999997,0.8875,0.8875,0.0,0.0,0.0,0.0,0.0,0.0,0.0,0.0,0.0,0.0,1,1,0,False,False,False,False,False,False
292,0.9688414,0.86555177,-0.10328962999999991,0.9554876,0.8079311,-0.14755649999999998,1.0,1.0,0.0,0.0,0.0,0.0,0.0,0.0,0.0,0.0,0.0,0.0,1,1,0,False,False,False,False,False,False
293,1.0,1.0,0.0,1.0,1.0,0.0,1.0,1.0,0.0,0.0,0.0,0.0,0.0,0.0,0.0,0.0,0.0,0.0,1,1,0,False,False,False,False,False,False
294,0.81396925,0.9034794,0.08951015000000007,0.82531315,0.93711346,0.1118003099999999,0.7875,0.825,0.03749999999999998,0.0,0.0,0.0,0.0,0.0,0.0,0.0,0.0,0.0,1,1,0,False,False,False,False,False,False
295,0.6686557,0.85045683,0.1818011300000001,0.52665097,0.7863669,0.25971592999999993,1.0,1.0,0.0,0.0,0.0,0.0,0.0,0.0,0.0,0.0,0.0,0.0,1,1,0,False,False,False,False,False,False
296,0.97749996,0.85375005,-0.12374990999999991,1.0,1.0,0.0,0.925,0.5125,-0.4125000000000001,0.0,0.0,0.0,0.0,0.0,0.0,0.0,0.0,0.0,1,1,0,False,False,False,False,False,False
297,0.94375,0.94375,0.0,0.99999994,0.99999994,0.0,0.8125,0.8125,0.0,0.0,0.0,0.0,0.0,0.0,0.0,0.0,0.0,0.0,1,1,0,False,False,False,False,False,False
298,0.8562994,0.90853703,0.052237629999999924,0.82685626,0.90148145,0.07462519000000001,0.925,0.925,0.0,0.0,0.0,0.0,0.0,0.0,0.0,0.0,0.0,0.0,1,1,0,False,False,False,False,False,False
299,0.78309023,0.83670217,0.053611940000000025,0.7490574,0.8256459,0.07658850000000006,0.8625,0.8625,0.0,0.0,0.0,0.0,0.0,0.0,0.0,0.0,0.0,0.0,1,1,0,False,False,False,False,False,False
300,1.0,1.0,0.0,1.0,1.0,0.0,1.0,1.0,0.0,0.0,0.0,0.0,0.0,0.0,0.0,0.0,0.0,0.0,1,1,0,False,False,False,False,False,False
301,0.94479465,0.86227286,-0.08252178999999993,0.9747066,0.91038984,-0.06431675999999997,0.875,0.75,-0.125,0.0,0.0,0.0,0.0,0.0,0.0,0.0,0.0,0.0,1,1,0,False,False,False,False,False,False
302,1.0,1.0,0.0,1.0,1.0,0.0,1.0,1.0,0.0,0.0,0.0,0.0,0.0,0.0,0.0,0.0,0.0,0.0,1,1,0,False,False,False,False,False,False
303,1.0,1.0,0.0,1.0,1.0,0.0,1.0,1.0,0.0,0.0,0.0,0.0,0.0,0.0,0.0,0.0,0.0,0.0,1,1,0,False,False,False,False,False,False
304,0.0,0.94805807,0.94805807,1.0,0.9257972,-0.07420280000000001,1.0,1.0,0.0,1.0,0.0,-1.0,1.0,0.0,-1.0,0.0,0.0,0.0,0,1,1,False,False,True,False,True,False
305,0.82024956,0.6901044,-0.1301451600000001,0.85035646,0.90014917,0.04979271000000007,0.75,0.2,-0.55,0.0,0.0,0.0,0.0,0.0,0.0,0.0,0.0,0.0,1,1,0,False,False,False,False,False,False
306,0.75994116,0.79170495,0.03176378999999996,0.7052731,0.8202928,0.11501970000000006,0.8875,0.725,-0.16249999999999998,0.0,0.0,0.0,0.0,0.0,0.0,0.0,0.0,0.0,1,1,0,False,False,False,False,False,False
307,0.93625003,1.0,0.06374997000000004,1.0,1.0,0.0,0.7875,1.0,0.21250000000000002,0.0,0.0,0.0,0.0,0.0,0.0,0.0,0.0,0.0,1,1,0,False,False,False,False,False,False
308,0.9161159,0.85375005,-0.062365849999999945,0.91230834,1.0,0.08769165999999995,0.925,0.5125,-0.4125000000000001,0.0,0.0,0.0,0.0,0.0,0.0,0.0,0.0,0.0,1,1,0,False,False,False,False,False,False
309,1.0,1.0,0.0,1.0,1.0,0.0,1.0,1.0,0.0,0.0,0.0,0.0,0.0,0.0,0.0,0.0,0.0,0.0,1,1,0,False,False,False,False,False,False
310,0.97749996,0.92262185,-0.05487810999999998,1.0,0.8894597,-0.11054030000000004,0.925,1.0,0.07499999999999996,0.0,0.0,0.0,0.0,0.0,0.0,0.0,0.0,0.0,1,1,0,False,False,False,False,False,False
311,0.8964344,0.8964344,0.0,0.9002635,0.9002635,0.0,0.8875,0.8875,0.0,0.0,0.0,0.0,0.0,0.0,0.0,0.0,0.0,0.0,1,1,0,False,False,False,False,False,False
312,1.0,0.89452165,-0.10547835000000005,1.0,0.8493166,-0.15068340000000002,1.0,1.0,0.0,0.0,0.0,0.0,0.0,0.0,0.0,0.0,0.0,0.0,1,1,0,False,False,False,False,False,False
313,0.0,0.0,0.0,1.0,1.0,0.0,1.0,1.0,0.0,1.0,1.0,0.0,1.0,1.0,0.0,0.0,0.0,0.0,0,0,0,False,False,False,False,False,False
314,0.7549432,0.7620358,0.0070926000000000045,0.77313316,0.82076544,0.04763227999999997,0.71250004,0.625,-0.08750004,0.0,0.0,0.0,0.0,0.0,0.0,0.0,0.0,0.0,1,1,0,False,False,False,False,False,False
315,0.9298876,0.5630741,-0.3668135,0.8998394,0.56332016,-0.33651924,1.0,0.5625,-0.4375,0.0,0.0,0.0,0.0,0.0,0.0,0.0,0.0,0.0,1,1,0,False,False,False,False,False,False
316,0.83840084,0.54277056,-0.29563028,0.8870012,0.50217223,-0.38482897000000005,0.725,0.6375,-0.08750000000000002,0.0,0.0,0.0,0.0,0.0,0.0,0.0,0.0,0.0,1,1,0,False,False,False,False,False,False
317,1.0,1.0,0.0,1.0,1.0,0.0,1.0,1.0,0.0,0.0,0.0,0.0,0.0,0.0,0.0,0.0,0.0,0.0,1,1,0,False,False,False,False,False,False
318,1.0,1.0,0.0,1.0,1.0,0.0,1.0,1.0,0.0,0.0,0.0,0.0,0.0,0.0,0.0,0.0,0.0,0.0,1,1,0,False,False,False,False,False,False
319,0.0,0.0,0.0,1.0,1.0,0.0,1.0,1.0,0.0,1.0,1.0,0.0,1.0,1.0,0.0,0.0,0.0,0.0,0,0,0,False,False,False,False,False,False
320,0.825367,0.8334074,0.008040400000000059,0.75052434,0.82629627,0.07577193000000004,1.0,0.85,-0.15000000000000002,0.0,0.0,0.0,0.0,0.0,0.0,0.0,0.0,0.0,1,1,0,False,False,False,False,False,False
321,1.0,1.0,0.0,1.0,1.0,0.0,1.0,1.0,0.0,0.0,0.0,0.0,0.0,0.0,0.0,0.0,0.0,0.0,1,1,0,False,False,False,False,False,False
322,0.88369924,0.9246624,0.04096316,0.92492753,0.9888034,0.06387586999999995,0.7875,0.77500004,-0.012499959999999977,0.0,0.0,0.0,0.0,0.0,0.0,0.0,0.0,0.0,1,1,0,False,False,False,False,False,False
323,0.9203892,0.8496958,-0.07069340000000002,0.9344845,0.8174226,-0.11706190000000005,0.8875,0.925,0.03750000000000009,0.0,0.0,0.0,0.0,0.0,0.0,0.0,0.0,0.0,1,1,0,False,False,False,False,False,False
324,0.91506445,0.90939134,-0.005673110000000037,0.8786634,0.93484473,0.05618133000000003,1.0,0.85,-0.15000000000000002,0.0,0.0,0.0,0.0,0.0,0.0,0.0,0.0,0.0,1,1,0,False,False,False,False,False,False
325,1.0,1.0,0.0,1.0,1.0,0.0,1.0,1.0,0.0,0.0,0.0,0.0,0.0,0.0,0.0,0.0,0.0,0.0,1,1,0,False,False,False,False,False,False
326,1.0,1.0,0.0,1.0,1.0,0.0,1.0,1.0,0.0,0.0,0.0,0.0,0.0,0.0,0.0,0.0,0.0,0.0,1,1,0,False,False,False,False,False,False
327,0.78049004,0.87560827,0.09511822999999997,0.76677144,0.8705119,0.10374046000000003,0.8125,0.8875,0.07499999999999996,0.0,0.0,0.0,0.0,0.0,0.0,0.0,0.0,0.0,1,1,0,False,False,False,False,False,False
328,0.8133546,0.82468385,0.011329249999999957,0.78693515,0.8995484,0.11261325,0.875,0.65000004,-0.22499996,0.0,0.0,0.0,0.0,0.0,0.0,0.0,0.0,0.0,1,1,0,False,False,False,False,False,False
329,0.83129674,0.86872864,0.03743190000000007,0.8500668,0.96246946,0.11240265999999999,0.7875,0.65000004,-0.13749995999999998,0.0,0.0,0.0,0.0,0.0,0.0,0.0,0.0,0.0,1,1,0,False,False,False,False,False,False
330,1.0,1.0,0.0,1.0,1.0,0.0,1.0,1.0,0.0,0.0,0.0,0.0,0.0,0.0,0.0,0.0,0.0,0.0,1,1,0,False,False,False,False,False,False
331,1.0,1.0,0.0,1.0,1.0,0.0,1.0,1.0,0.0,0.0,0.0,0.0,0.0,0.0,0.0,0.0,0.0,0.0,1,1,0,False,False,False,False,False,False
332,0.7851876,0.8608028,0.0756152,0.7413394,0.8547183,0.11337890000000006,0.8875,0.875,-0.012499999999999956,0.0,0.0,0.0,0.0,0.0,0.0,0.0,0.0,0.0,1,1,0,False,False,False,False,False,False
333,0.8233801,0.8073271,-0.016052999999999984,0.8119716,0.912253,0.10028139999999997,0.85,0.5625,-0.2875,0.0,0.0,0.0,0.0,0.0,0.0,0.0,0.0,0.0,1,1,0,False,False,False,False,False,False
334,0.97749996,0.8280737,-0.14942625999999992,1.0,0.7865338,-0.21346620000000005,0.925,0.925,0.0,0.0,0.0,0.0,0.0,0.0,0.0,0.0,0.0,0.0,1,1,0,False,False,False,False,False,False
335,0.8723814,0.8849454,0.01256400000000002,0.8605448,0.8731363,0.012591499999999978,0.90000004,0.9125,0.012499959999999977,0.0,0.0,0.0,0.0,0.0,0.0,0.0,0.0,0.0,1,1,0,False,False,False,False,False,False
336,0.77080643,0.8165993,0.045792869999999986,0.7368663,0.86121327,0.12434697000000006,0.85,0.71250004,-0.13749995999999998,0.0,0.0,0.0,0.0,0.0,0.0,0.0,0.0,0.0,1,1,0,False,False,False,False,False,False
337,0.97749996,0.9339892,-0.04351075999999998,1.0,0.9056989,-0.09430110000000003,0.925,1.0,0.07499999999999996,0.0,0.0,0.0,0.0,0.0,0.0,0.0,0.0,0.0,1,1,0,False,False,False,False,False,False
338,1.0,1.0,0.0,1.0,1.0,0.0,1.0,1.0,0.0,0.0,0.0,0.0,0.0,0.0,0.0,0.0,0.0,0.0,1,1,0,False,False,False,False,False,False
339,1.0,1.0,0.0,1.0,1.0,0.0,1.0,1.0,0.0,0.0,0.0,0.0,0.0,0.0,0.0,0.0,0.0,0.0,1,1,0,False,False,False,False,False,False
340,1.0,1.0,0.0,1.0,1.0,0.0,1.0,1.0,0.0,0.0,0.0,0.0,0.0,0.0,0.0,0.0,0.0,0.0,1,1,0,False,False,False,False,False,False
341,0.7918897,0.70192873,-0.08996097000000003,0.7509139,0.7884696,0.03755569999999997,0.8875,0.5,-0.38749999999999996,0.0,0.0,0.0,0.0,0.0,0.0,0.0,0.0,0.0,1,1,0,False,False,False,False,False,False
342,1.0,1.0,0.0,1.0,1.0,0.0,1.0,1.0,0.0,0.0,0.0,0.0,0.0,0.0,0.0,0.0,0.0,0.0,1,1,0,False,False,False,False,False,False
343,1.0,1.0,0.0,1.0,1.0,0.0,1.0,1.0,0.0,0.0,0.0,0.0,0.0,0.0,0.0,0.0,0.0,0.0,1,1,0,False,False,False,False,False,False
344,0.7370054,0.8532707,0.11626530000000002,0.683222,0.7903867,0.1071647,0.8625,1.0,0.13749999999999996,0.0,0.0,0.0,0.0,0.0,0.0,0.0,0.0,0.0,1,1,0,False,False,False,False,False,False
345,0.7984004,0.88853085,0.09013044999999997,0.71200055,0.93718684,0.22518629,1.0,0.77500004,-0.22499996,0.0,0.0,0.0,0.0,0.0,0.0,0.0,0.0,0.0,1,1,0,False,False,False,False,False,False
346,0.78153634,0.63648576,-0.14505058000000004,0.68790907,0.77533674,0.08742766999999996,1.0,0.3125,-0.6875,0.0,0.0,0.0,0.0,0.0,0.0,0.0,0.0,0.0,1,1,0,False,False,False,False,False,False
347,0.8946089,0.7125954,-0.18201350000000005,0.89765555,0.70727915,-0.1903764,0.8875,0.725,-0.16249999999999998,0.0,0.0,0.0,0.0,0.0,0.0,0.0,0.0,0.0,1,1,0,False,False,False,False,False,False
348,0.92377996,0.9113539,-0.012426059999999906,0.92325705,0.9537199,0.03046284999999993,0.925,0.8125,-0.11250000000000004,0.0,0.0,0.0,0.0,0.0,0.0,0.0,0.0,0.0,1,1,0,False,False,False,False,False,False
349,0.920078,0.93235224,0.012274240000000103,0.93939716,0.9515747,0.012177540000000042,0.875,0.8875,0.012499999999999956,0.0,0.0,0.0,0.0,0.0,0.0,0.0,0.0,0.0,1,1,0,False,False,False,False,False,False
350,0.83753216,0.90026474,0.06273258000000004,0.84826016,0.94859254,0.10033238,0.8125,0.7875,-0.025000000000000022,0.0,0.0,0.0,0.0,0.0,0.0,0.0,0.0,0.0,1,1,0,False,False,False,False,False,False
351,0.8332899,0.8816708,0.04838089999999995,0.8100569,0.9381011,0.12804420000000005,0.8875,0.75,-0.13749999999999996,0.0,0.0,0.0,0.0,0.0,0.0,0.0,0.0,0.0,1,1,0,False,False,False,False,False,False
352,1.0,1.0,0.0,1.0,1.0,0.0,1.0,1.0,0.0,0.0,0.0,0.0,0.0,0.0,0.0,0.0,0.0,0.0,1,1,0,False,False,False,False,False,False
353,0.7912939,0.91974586,0.12845196000000003,0.985777,0.9335654,-0.052211600000000025,0.3375,0.8875,0.5499999999999999,0.0,0.0,0.0,0.0,0.0,0.0,0.0,0.0,0.0,1,1,0,False,False,False,False,False,False
354,0.0,0.7867821,0.7867821,0.51393723,0.88826007,0.37432283999999993,0.4166667,0.55,0.13333330000000004,1.0,0.0,-1.0,1.0,0.0,-1.0,0.0,0.0,0.0,0,1,1,False,False,True,False,True,False
355,0.7802569,0.8271999,0.04694299999999996,0.73429567,0.8227855,0.08848982999999999,0.8875,0.83750004,-0.049999959999999954,0.0,0.0,0.0,0.0,0.0,0.0,0.0,0.0,0.0,1,1,0,False,False,False,False,False,False
356,0.9479168,0.73989457,-0.20802222999999997,0.97380966,0.71413505,-0.25967461000000003,0.8875,0.8,-0.08749999999999991,0.0,0.0,0.0,0.0,0.0,0.0,0.0,0.0,0.0,1,1,0,False,False,False,False,False,False
357,0.9575655,0.9056801,-0.05188539999999997,0.9875936,0.9134715,-0.07412209999999997,0.8875,0.8875,0.0,0.0,0.0,0.0,0.0,0.0,0.0,0.0,0.0,0.0,1,1,0,False,False,False,False,False,False
358,0.85224897,0.878555,0.02630602999999998,0.83714145,0.87472147,0.03758002000000005,0.8875,0.8875,0.0,0.0,0.0,0.0,0.0,0.0,0.0,0.0,0.0,0.0,1,1,0,False,False,False,False,False,False
359,0.0,0.0,0.0,1.0,1.0,0.0,1.0,1.0,0.0,1.0,0.0,-1.0,1.0,1.0,0.0,0.0,0.0,0.0,0,0,0,False,False,False,False,True,False
360,1.0,1.0,0.0,1.0,1.0,0.0,1.0,1.0,0.0,0.0,0.0,0.0,0.0,0.0,0.0,0.0,0.0,0.0,1,1,0,False,False,False,False,False,False
361,0.8712384,0.62098867,-0.25024972999999995,0.8856977,0.5121266,-0.37357110000000004,0.83750004,0.875,0.03749996,0.0,0.0,0.0,0.0,0.0,0.0,0.0,0.0,0.0,1,1,0,False,False,False,False,False,False
362,0.9384953,0.86439365,-0.07410165000000002,0.96035045,0.91877663,-0.041573819999999984,0.8875,0.7375,-0.1499999999999999,0.0,0.0,0.0,0.0,0.0,0.0,0.0,0.0,0.0,1,1,0,False,False,False,False,False,False
363,0.8714408,0.8247595,-0.04668130000000004,0.81634396,0.78715634,-0.02918761999999997,1.0,0.9125,-0.08750000000000002,0.0,0.0,0.0,0.0,0.0,0.0,0.0,0.0,0.0,1,1,0,False,False,False,False,False,False
364,0.7846252,0.8183857,0.03376049999999997,0.7405359,0.7887653,0.04822939999999998,0.8875,0.8875,0.0,0.0,0.0,0.0,0.0,0.0,0.0,0.0,0.0,0.0,1,1,0,False,False,False,False,False,False
365,1.0,0.81978655,-0.18021345,1.0000001,0.7425522,-0.25744790000000006,1.0,1.0,0.0,0.0,0.0,0.0,0.0,0.0,0.0,0.0,0.0,0.0,1,1,0,False,False,False,False,False,False
366,0.81525177,0.83320504,0.01795326999999991,0.736074,0.80993575,0.07386174999999995,1.0,0.8875,-0.11250000000000004,0.0,0.0,0.0,0.0,0.0,0.0,0.0,0.0,0.0,1,1,0,False,False,False,False,False,False
367,0.97375005,1.0,0.026249949999999966,1.0,1.0,0.0,0.9125,1.0,0.08750000000000002,0.0,0.0,0.0,0.0,0.0,0.0,0.0,0.0,0.0,1,1,0,False,False,False,False,False,False
368,0.8505055,0.9305521,0.08004659999999997,0.8346507,0.9490029,0.11435220000000001,0.8875,0.8875,0.0,0.0,0.0,0.0,0.0,0.0,0.0,0.0,0.0,0.0,1,1,0,False,False,False,False,False,False
369,0.73270315,0.733226,0.0005228500000000746,0.65029025,0.61889434,-0.03139590999999997,0.925,1.0,0.07499999999999996,0.0,0.0,0.0,0.0,0.0,0.0,0.0,0.0,0.0,1,1,0,False,False,False,False,False,False
370,0.9573769,0.85443515,-0.10294174999999994,0.9391098,0.7920502,-0.14705959999999996,1.0,1.0,0.0,0.0,0.0,0.0,0.0,0.0,0.0,0.0,0.0,0.0,1,1,0,False,False,False,False,False,False
371,1.0,1.0,0.0,1.0,1.0,0.0,1.0,1.0,0.0,0.0,0.0,0.0,0.0,0.0,0.0,0.0,0.0,0.0,1,1,0,False,False,False,False,False,False
372,0.81390554,0.6700985,-0.14380704,0.90022224,0.9251407,0.024918460000000087,0.6125,0.075,-0.5375000000000001,0.0,0.0,0.0,0.0,0.0,0.0,0.0,0.0,0.0,1,1,0,False,False,False,False,False,False
373,1.0,1.0,0.0,1.0,1.0,0.0,1.0,1.0,0.0,0.0,0.0,0.0,0.0,0.0,0.0,0.0,0.0,0.0,1,1,0,False,False,False,False,False,False
374,1.0,0.8736553,-0.12634469999999998,1.0,0.8195076,-0.1804924,1.0,1.0,0.0,0.0,0.0,0.0,0.0,0.0,0.0,0.0,0.0,0.0,1,1,0,False,False,False,False,False,False
375,0.0,0.0,0.0,1.0,1.0,0.0,1.0,1.0,0.0,1.0,1.0,0.0,1.0,1.0,0.0,0.0,0.0,0.0,0,0,0,False,False,False,False,False,False
376,0.96140236,0.9431591,-0.018243259999999983,0.9448605,0.96701294,0.02215244000000005,1.0,0.8875,-0.11250000000000004,0.0,0.0,0.0,0.0,0.0,0.0,0.0,0.0,0.0,1,1,0,False,False,False,False,False,False
377,1.0,1.0,0.0,1.0,1.0,0.0,1.0,1.0,0.0,0.0,0.0,0.0,0.0,0.0,0.0,0.0,0.0,0.0,1,1,0,False,False,False,False,False,False
378,0.8960711,0.7724417,-0.1236294,0.89974445,0.8624167,-0.03732774999999999,0.8875,0.5625,-0.32499999999999996,0.0,0.0,0.0,0.0,0.0,0.0,0.0,0.0,0.0,1,1,0,False,False,False,False,False,False
379,0.89097327,0.85906696,-0.03190630999999999,0.87639034,0.83080995,-0.045580390000000026,0.925,0.925,0.0,0.0,0.0,0.0,0.0,0.0,0.0,0.0,0.0,0.0,1,1,0,False,False,False,False,False,False
380,0.95500004,1.0,0.04499995999999995,1.0,1.0,0.0,0.85,1.0,0.15000000000000002,0.0,0.0,0.0,0.0,0.0,0.0,0.0,0.0,0.0,1,1,0,False,False,False,False,False,False
381,1.0,1.0,0.0,1.0,1.0,0.0,1.0,1.0,0.0,0.0,0.0,0.0,0.0,0.0,0.0,0.0,0.0,0.0,1,1,0,False,False,False,False,False,False
382,0.95874995,0.84444445,-0.11430549999999995,1.0,0.79384923,-0.20615077000000004,0.8625,0.96250004,0.10000003999999996,0.0,0.0,0.0,0.0,0.0,0.0,0.0,0.0,0.0,1,1,0,False,False,False,False,False,False
383,0.96446913,0.833692,-0.13077713000000002,0.9492417,0.8106315,-0.13861020000000002,1.0,0.8875,-0.11250000000000004,0.0,0.0,0.0,0.0,0.0,0.0,0.0,0.0,0.0,1,1,0,False,False,False,False,False,False
384,1.0,1.0,0.0,1.0,1.0,0.0,1.0,1.0,0.0,0.0,0.0,0.0,0.0,0.0,0.0,0.0,0.0,0.0,1,1,0,False,False,False,False,False,False
385,0.711292,0.8035824,0.0922904,0.6357743,0.79976064,0.16398634,0.8875,0.8125,-0.07499999999999996,0.0,0.0,0.0,0.0,0.0,0.0,0.0,0.0,0.0,1,1,0,False,False,False,False,False,False
386,0.9307437,0.9618935,0.031149800000000005,0.9010624,0.945562,0.04449959999999997,1.0,1.0,0.0,0.0,0.0,0.0,0.0,0.0,0.0,0.0,0.0,0.0,1,1,0,False,False,False,False,False,False
387,0.99741334,0.99637985,-0.0010334900000000813,0.9963048,0.99482834,-0.0014764600000000128,1.0,1.0,0.0,0.0,0.0,0.0,0.0,0.0,0.0,0.0,0.0,0.0,1,1,0,False,False,False,False,False,False
388,0.94,0.8912501,-0.0487498999999999,1.0,1.0,0.0,0.8,0.6375,-0.1625000000000001,0.0,0.0,0.0,0.0,0.0,0.0,0.0,0.0,0.0,1,1,0,False,False,False,False,False,False
389,0.9098682,0.83864826,-0.07121993999999998,0.9248116,0.9623546,0.03754299999999999,0.875,0.55,-0.32499999999999996,0.0,0.0,0.0,0.0,0.0,0.0,0.0,0.0,0.0,1,1,0,False,False,False,False,False,False
390,0.8423253,0.9305431,0.0882177999999999,0.7747505,0.90077597,0.12602546999999997,1.0,1.0,0.0,0.0,0.0,0.0,0.0,0.0,0.0,0.0,0.0,0.0,1,1,0,False,False,False,False,False,False
391,0.7309227,0.83595526,0.10503255999999994,0.6852467,0.82457894,0.13933224,0.83750004,0.8625,0.024999960000000043,0.0,0.0,0.0,0.0,0.0,0.0,0.0,0.0,0.0,1,1,0,False,False,False,False,False,False
392,0.7929466,0.85142964,0.05848304000000004,0.73635226,0.7877566,0.05140434000000005,0.925,1.0,0.07499999999999996,0.0,0.0,0.0,0.0,0.0,0.0,0.0,0.0,0.0,1,1,0,False,False,False,False,False,False
393,0.75390875,0.78214484,0.028236089999999936,0.79844105,0.7852069,-0.013234149999999945,0.65000004,0.77500004,0.125,0.0,0.0,0.0,0.0,0.0,0.0,0.0,0.0,0.0,1,1,0,False,False,False,False,False,False
394,0.8548147,0.75661635,-0.09819834999999999,0.7925924,0.75409484,-0.03849755999999993,1.0,0.7625,-0.23750000000000004,0.0,0.0,0.0,0.0,0.0,0.0,0.0,0.0,0.0,1,1,0,False,False,False,False,False,False
395,1.0,1.0,0.0,1.0,1.0,0.0,1.0,1.0,0.0,0.0,0.0,0.0,0.0,0.0,0.0,0.0,0.0,0.0,1,1,0,False,False,False,False,False,False
396,0.8779034,0.88055366,0.0026502600000000154,0.82557625,0.92043364,0.09485739000000004,1.0,0.7875,-0.21250000000000002,0.0,0.0,0.0,0.0,0.0,0.0,0.0,0.0,0.0,1,1,0,False,False,False,False,False,False
397,1.0,1.0,0.0,1.0,1.0,0.0,1.0,1.0,0.0,0.0,0.0,0.0,0.0,0.0,0.0,0.0,0.0,0.0,1,1,0,False,False,False,False,False,False
398,0.97375005,1.0,0.026249949999999966,1.0,1.0,0.0,0.9125,1.0,0.08750000000000002,0.0,0.0,0.0,0.0,0.0,0.0,0.0,0.0,0.0,1,1,0,False,False,False,False,False,False
399,0.83132964,0.5709614,-0.26036824000000003,0.8340424,0.50494486,-0.3290975399999999,0.825,0.725,-0.09999999999999998,0.0,0.0,0.0,0.0,0.0,0.0,0.0,0.0,0.0,1,1,0,False,False,False,False,False,False
400,1.0,0.93838465,-0.06161534999999996,1.0,0.9119781,-0.08802189999999999,1.0,1.0,0.0,0.0,0.0,0.0,0.0,0.0,0.0,0.0,0.0,0.0,1,1,0,False,False,False,False,False,False
401,1.0,0.3012812,-0.6987188,1.0,0.0018302924,-0.9981697076,1.0,1.0,0.0,0.0,0.0,0.0,0.0,0.0,0.0,0.0,0.0,0.0,1,1,0,False,False,False,False,False,False
402,1.0,1.0,0.0,1.0,1.0,0.0,1.0,1.0,0.0,0.0,0.0,0.0,0.0,0.0,0.0,0.0,0.0,0.0,1,1,0,False,False,False,False,False,False
403,0.8944277,0.9032778,0.008850099999999972,0.8973967,0.91003966,0.012642959999999981,0.8875,0.8875,0.0,0.0,0.0,0.0,0.0,0.0,0.0,0.0,0.0,0.0,1,1,0,False,False,False,False,False,False
404,0.717548,0.7921297,0.07458170000000008,0.67149717,0.79947096,0.12797378999999998,0.825,0.77500004,-0.049999959999999954,0.0,0.0,0.0,0.0,0.0,0.0,0.0,0.0,0.0,1,1,0,False,False,False,False,False,False
405,0.9805584,0.9873563,0.006797899999999912,0.9722263,0.9819375,0.009711200000000031,1.0,1.0,0.0,0.0,0.0,0.0,0.0,0.0,0.0,0.0,0.0,0.0,1,1,0,False,False,False,False,False,False
406,1.0,0.8972537,-0.10274629999999996,1.0,0.85321957,-0.14678042999999996,1.0,1.0,0.0,0.0,0.0,0.0,0.0,0.0,0.0,0.0,0.0,0.0,1,1,0,False,False,False,False,False,False
407,1.0,1.0,0.0,1.0,1.0,0.0,1.0,1.0,0.0,0.0,0.0,0.0,0.0,0.0,0.0,0.0,0.0,0.0,1,1,0,False,False,False,False,False,False
408,1.0,0.84978116,-0.15021883999999996,0.99999994,0.7854016,-0.21459834,1.0,1.0,0.0,0.0,0.0,0.0,0.0,0.0,0.0,0.0,0.0,0.0,1,1,0,False,False,False,False,False,False
409,0.69378614,0.7317328,0.03794665999999991,0.5625516,0.61676115,0.05420954999999994,1.0,1.0,0.0,0.0,0.0,0.0,0.0,0.0,0.0,0.0,0.0,0.0,1,1,0,False,False,False,False,False,False
410,0.0,0.0,0.0,1.0,1.0,0.0,1.0,1.0,0.0,1.0,1.0,0.0,1.0,1.0,0.0,0.0,0.0,0.0,0,0,0,False,False,False,False,False,False
411,0.88860625,0.91441154,0.02580528999999998,0.8890803,0.92594516,0.03686486,0.8875,0.8875,0.0,0.0,0.0,0.0,0.0,0.0,0.0,0.0,0.0,0.0,1,1,0,False,False,False,False,False,False
412,1.0,1.0,0.0,1.0,1.0,0.0,1.0,1.0,0.0,0.0,0.0,0.0,0.0,0.0,0.0,0.0,0.0,0.0,1,1,0,False,False,False,False,False,False
413,0.75256616,0.8663298,0.11376364000000005,0.7000945,0.8626139,0.1625194000000001,0.875,0.875,0.0,0.0,0.0,0.0,0.0,0.0,0.0,0.0,0.0,0.0,1,1,0,False,False,False,False,False,False
414,1.0,1.0,0.0,1.0,1.0,0.0,1.0,1.0,0.0,0.0,0.0,0.0,0.0,0.0,0.0,0.0,0.0,0.0,1,1,0,False,False,False,False,False,False
415,1.0,0.8449532,-0.15504680000000004,1.0000001,0.7785045,-0.22149560000000001,1.0,1.0,0.0,0.0,0.0,0.0,0.0,0.0,0.0,0.0,0.0,0.0,1,1,0,False,False,False,False,False,False
416,0.9522999,0.8618292,-0.09047070000000001,0.93185693,0.80261314,-0.12924379000000008,1.0,1.0,0.0,0.0,0.0,0.0,0.0,0.0,0.0,0.0,0.0,0.0,1,1,0,False,False,False,False,False,False
417,0.8105303,0.9002642,0.08973389999999992,0.72932893,0.8575202,0.12819126999999997,1.0,1.0,0.0,0.0,0.0,0.0,0.0,0.0,0.0,0.0,0.0,0.0,1,1,0,False,False,False,False,False,False
418,0.7725699,0.83205044,0.059480539999999915,0.72331417,0.8082863,0.08497213000000003,0.8875,0.8875,0.0,0.0,0.0,0.0,0.0,0.0,0.0,0.0,0.0,0.0,1,1,0,False,False,False,False,False,False
419,0.92619056,0.0,-0.92619056,0.98562944,0.482797,-0.5028324399999999,0.7875,0.2820513,-0.5054487,0.0,1.0,1.0,0.0,1.0,1.0,0.0,0.0,0.0,1,0,-1,False,False,False,True,False,True
420,0.8683025,0.7925734,-0.0757291,0.9029321,0.93939054,0.03645843999999998,0.7875,0.45000002,-0.33749998,0.0,0.0,0.0,0.0,0.0,0.0,0.0,0.0,0.0,1,1,0,False,False,False,False,False,False
421,0.7662577,0.80507225,0.03881455,0.69822526,0.8554603,0.15723504,0.925,0.6875,-0.23750000000000004,0.0,0.0,0.0,0.0,0.0,0.0,0.0,0.0,0.0,1,1,0,False,False,False,False,False,False
422,1.0,0.96999997,-0.030000029999999955,1.0,1.0,0.0,1.0,0.90000004,-0.09999996,0.0,0.0,0.0,0.0,0.0,0.0,0.0,0.0,0.0,1,1,0,False,False,False,False,False,False
423,0.91825724,0.91140807,-0.00684916999999996,0.93679607,0.87344015,-0.06335592000000001,0.875,1.0,0.125,0.0,0.0,0.0,0.0,0.0,0.0,0.0,0.0,0.0,1,1,0,False,False,False,False,False,False
424,0.7324312,0.7618563,0.029425100000000093,0.71954453,0.7722947,0.05275017000000004,0.7625,0.7375,-0.02499999999999991,0.0,0.0,0.0,0.0,0.0,0.0,0.0,0.0,0.0,1,1,0,False,False,False,False,False,False
425,0.9041306,0.7653806,-0.13875000000000004,0.8630437,0.8630437,0.0,1.0,0.5375,-0.4625,0.0,0.0,0.0,0.0,0.0,0.0,0.0,0.0,0.0,1,1,0,False,False,False,False,False,False
426,0.7987936,0.9124861,0.11369249999999997,0.8250623,0.94998014,0.12491783999999995,0.7375,0.825,0.08749999999999991,0.0,0.0,0.0,0.0,0.0,0.0,0.0,0.0,0.0,1,1,0,False,False,False,False,False,False
427,0.84846556,0.9109797,0.06251414,0.83709353,0.9371137,0.10002017000000007,0.875,0.85,-0.025000000000000022,0.0,0.0,0.0,0.0,0.0,0.0,0.0,0.0,0.0,1,1,0,False,False,False,False,False,False
428,0.7072901,0.76376027,0.056470169999999986,0.73720014,0.7750146,0.037814459999999994,0.6375,0.7375,0.10000000000000009,0.0,0.0,0.0,0.0,0.0,0.0,0.0,0.0,0.0,1,1,0,False,False,False,False,False,False
429,0.94,0.897068,-0.04293199999999997,0.99999994,0.85295427,-0.14704567000000002,0.8,1.0,0.19999999999999996,0.0,0.0,0.0,0.0,0.0,0.0,0.0,0.0,0.0,1,1,0,False,False,False,False,False,False
430,0.80365497,0.8536359,0.049980930000000034,0.79986423,0.84983695,0.04997272000000008,0.8125,0.8625,0.050000000000000044,0.0,0.0,0.0,0.0,0.0,0.0,0.0,0.0,0.0,1,1,0,False,False,False,False,False,False
431,1.0,1.0,0.0,1.0,1.0,0.0,1.0,1.0,0.0,0.0,0.0,0.0,0.0,0.0,0.0,0.0,0.0,0.0,1,1,0,False,False,False,False,False,False
432,0.96625006,0.87728083,-0.08896923000000001,1.0,0.8729012,-0.12709879999999996,0.8875,0.8875,0.0,0.0,0.0,0.0,0.0,0.0,0.0,0.0,0.0,0.0,1,1,0,False,False,False,False,False,False
433,0.9572014,0.9023604,-0.05484100000000003,0.9870734,0.9087291,-0.07834430000000003,0.8875,0.8875,0.0,0.0,0.0,0.0,0.0,0.0,0.0,0.0,0.0,0.0,1,1,0,False,False,False,False,False,False
434,1.0,1.0,0.0,1.0,1.0,0.0,1.0,1.0,0.0,0.0,0.0,0.0,0.0,0.0,0.0,0.0,0.0,0.0,1,1,0,False,False,False,False,False,False
435,0.84383106,0.8862988,0.04246774000000009,0.82511574,0.91256976,0.08745402000000002,0.8875,0.825,-0.0625,0.0,0.0,0.0,0.0,0.0,0.0,0.0,0.0,0.0,1,1,0,False,False,False,False,False,False
436,0.0,0.89698786,0.89698786,0.72084606,0.8528397,0.13199364000000002,0.7826087,1.0,0.21739129999999995,1.0,0.0,-1.0,1.0,0.0,-1.0,0.0,0.0,0.0,0,1,1,False,False,True,False,True,False
437,0.8186612,0.8657158,0.04705460000000006,0.7838018,0.8724512,0.08864939999999999,0.90000004,0.85,-0.05000004000000002,0.0,0.0,0.0,0.0,0.0,0.0,0.0,0.0,0.0,1,1,0,False,False,False,False,False,False
438,0.9486542,0.96625006,0.01759586000000002,0.9748631,1.0,0.025136900000000018,0.8875,0.8875,0.0,0.0,0.0,0.0,0.0,0.0,0.0,0.0,0.0,0.0,1,1,0,False,False,False,False,False,False
439,0.95500004,0.89372855,-0.061271490000000095,1.0,0.9124693,-0.08753069999999996,0.85,0.85,0.0,0.0,0.0,0.0,0.0,0.0,0.0,0.0,0.0,0.0,1,1,0,False,False,False,False,False,False
440,0.9465643,0.8806742,-0.06589010000000006,0.9236633,0.8295346,-0.09412869999999995,1.0,1.0,0.0,0.0,0.0,0.0,0.0,0.0,0.0,0.0,0.0,0.0,1,1,0,False,False,False,False,False,False
441,0.96625006,0.91303426,-0.053215800000000035,1.0,0.8757632,-0.12423680000000004,0.8875,1.0,0.11250000000000004,0.0,0.0,0.0,0.0,0.0,0.0,0.0,0.0,0.0,1,1,0,False,False,False,False,False,False
442,0.74464935,0.844044,0.09939465000000003,0.6887848,0.82542,0.13663520000000007,0.875,0.8875,0.012499999999999956,0.0,0.0,0.0,0.0,0.0,0.0,0.0,0.0,0.0,1,1,0,False,False,False,False,False,False
443,0.802203,0.709897,-0.092306,0.7870757,0.87485284,0.08777713999999992,0.83750004,0.32500002,-0.5125000200000001,0.0,0.0,0.0,0.0,0.0,0.0,0.0,0.0,0.0,1,1,0,False,False,False,False,False,False
444,1.0,1.0,0.0,1.0,1.0,0.0,1.0,1.0,0.0,0.0,0.0,0.0,0.0,0.0,0.0,0.0,0.0,0.0,1,1,0,False,False,False,False,False,False
445,0.94496316,0.88128227,-0.06368088999999999,0.921376,0.8304032,-0.09097279999999996,1.0,1.0,0.0,0.0,0.0,0.0,0.0,0.0,0.0,0.0,0.0,0.0,1,1,0,False,False,False,False,False,False
446,0.90820867,0.8083655,-0.09984317000000009,0.8688696,0.8440936,-0.02477600000000002,1.0,0.725,-0.275,0.0,0.0,0.0,0.0,0.0,0.0,0.0,0.0,0.0,1,1,0,False,False,False,False,False,False
447,0.7039713,0.0,-0.7039713,0.66281617,0.27487314,-0.38794303,0.8,0.5714286,-0.2285714000000001,0.0,2.0,2.0,0.0,1.0,1.0,0.0,0.0,0.0,1,0,-1,False,False,False,True,False,True
448,0.796731,0.8263313,0.029600300000000024,0.7739014,0.8001162,0.026214800000000094,0.85,0.8875,0.03749999999999998,0.0,0.0,0.0,0.0,0.0,0.0,0.0,0.0,0.0,1,1,0,False,False,False,False,False,False
449,0.7891946,0.727935,-0.06125959999999997,0.7631351,0.7881215,0.024986400000000075,0.85,0.58750004,-0.26249996,0.0,0.0,0.0,0.0,0.0,0.0,0.0,0.0,0.0,1,1,0,False,False,False,False,False,False
450,0.45837116,0.8598464,0.40147524,0.22624452,0.7997806,0.57353608,1.0,1.0,0.0,0.0,0.0,0.0,0.0,0.0,0.0,0.0,0.0,0.0,1,1,0,False,False,False,False,False,False
451,0.0,0.0,0.0,1.0,1.0,0.0,1.0,1.0,0.0,1.0,1.0,0.0,1.0,1.0,0.0,0.0,0.0,0.0,0,0,0,False,False,False,False,False,False
452,0.8531065,0.9223879,0.06928140000000005,0.8383665,0.9373399,0.09897339999999999,0.8875,0.8875,0.0,0.0,0.0,0.0,0.0,0.0,0.0,0.0,0.0,0.0,1,1,0,False,False,False,False,False,False
453,0.85175246,0.85583746,0.004085000000000005,0.8364321,0.91191053,0.07547842999999999,0.8875,0.725,-0.16249999999999998,0.0,0.0,0.0,0.0,0.0,0.0,0.0,0.0,0.0,1,1,0,False,False,False,False,False,False
454,0.8830469,0.8318057,-0.05124119999999999,0.8811385,0.8079367,-0.0732018000000001,0.8875,0.8875,0.0,0.0,0.0,0.0,0.0,0.0,0.0,0.0,0.0,0.0,1,1,0,False,False,False,False,False,False
455,1.0,1.0,0.0,1.0,1.0,0.0,1.0,1.0,0.0,0.0,0.0,0.0,0.0,0.0,0.0,0.0,0.0,0.0,1,1,0,False,False,False,False,False,False
456,0.96999997,0.9989206,0.028920630000000003,1.0,0.99845797,-0.001542029999999972,0.90000004,1.0,0.09999996,0.0,0.0,0.0,0.0,0.0,0.0,0.0,0.0,0.0,1,1,0,False,False,False,False,False,False
457,0.9224104,0.87853473,-0.04387566999999992,0.9373719,0.8746924,-0.0626795,0.8875,0.8875,0.0,0.0,0.0,0.0,0.0,0.0,0.0,0.0,0.0,0.0,1,1,0,False,False,False,False,False,False
458,0.96625006,0.8920986,-0.07415146000000006,1.0,0.89406955,-0.10593045000000001,0.8875,0.8875,0.0,0.0,0.0,0.0,0.0,0.0,0.0,0.0,0.0,0.0,1,1,0,False,False,False,False,False,False
459,0.0,0.0,0.0,0.095692195,0.12501769,0.029325494999999993,1.0,1.0,0.0,1.0,0.0,-1.0,1.0,0.0,-1.0,0.0,1.0,1.0,0,0,0,False,True,True,False,True,False
460,1.0,0.99882835,-0.0011716499999999685,1.0000001,0.99832624,-0.001673860000000027,1.0,1.0,0.0,0.0,0.0,0.0,0.0,0.0,0.0,0.0,0.0,0.0,1,1,0,False,False,False,False,False,False
461,0.0,0.0,0.0,1.0,1.0,0.0,1.0,1.0,0.0,1.0,1.0,0.0,1.0,1.0,0.0,0.0,0.0,0.0,0,0,0,False,False,False,False,False,False
462,0.8092764,0.8549572,0.045680799999999966,0.8239663,0.8731531,0.049186799999999975,0.77500004,0.8125,0.03749996,0.0,0.0,0.0,0.0,0.0,0.0,0.0,0.0,0.0,1,1,0,False,False,False,False,False,False
463,0.88000005,0.7321667,-0.14783335000000009,1.0,0.7459525,-0.2540475,0.6,0.7,0.09999999999999998,0.0,0.0,0.0,0.0,0.0,0.0,0.0,0.0,0.0,1,1,0,False,False,False,False,False,False
464,0.8411766,0.8088133,-0.032363300000000095,0.84810954,0.80187607,-0.04623347,0.825,0.825,0.0,0.0,0.0,0.0,0.0,0.0,0.0,0.0,0.0,0.0,1,1,0,False,False,False,False,False,False
465,0.833783,0.83173734,-0.00204566000000006,0.8268327,0.8131962,-0.01363649999999994,0.85,0.875,0.025000000000000022,0.0,0.0,0.0,0.0,0.0,0.0,0.0,0.0,0.0,1,1,0,False,False,False,False,False,False
466,0.82419914,0.76505786,-0.059141280000000074,0.7970702,0.7715112,-0.025559,0.8875,0.75,-0.13749999999999996,0.0,0.0,0.0,0.0,0.0,0.0,0.0,0.0,0.0,1,1,0,False,False,False,False,False,False
467,1.0,1.0,0.0,0.99999994,0.99999994,0.0,1.0,1.0,0.0,0.0,0.0,0.0,0.0,0.0,0.0,0.0,0.0,0.0,1,1,0,False,False,False,False,False,False
468,1.0,1.0,0.0,1.0,1.0,0.0,1.0,1.0,0.0,0.0,0.0,0.0,0.0,0.0,0.0,0.0,0.0,0.0,1,1,0,False,False,False,False,False,False
469,0.8184792,0.8998917,0.0814125,0.874613,0.9373453,0.06273230000000007,0.6875,0.8125,0.125,0.0,0.0,0.0,0.0,0.0,0.0,0.0,0.0,0.0,1,1,0,False,False,False,False,False,False
470,0.7108912,0.77987856,0.06898736000000005,0.6352017,0.76589787,0.13069617,0.8875,0.8125,-0.07499999999999996,0.0,0.0,0.0,0.0,0.0,0.0,0.0,0.0,0.0,1,1,0,False,False,False,False,False,False
471,0.8219393,0.8109304,-0.011008899999999988,0.799199,0.9120434,0.11284439999999996,0.875,0.575,-0.30000000000000004,0.0,0.0,0.0,0.0,0.0,0.0,0.0,0.0,0.0,1,1,0,False,False,False,False,False,False
472,0.9893277,0.8623091,-0.12701859999999998,0.9847539,0.80329865,-0.18145524999999996,1.0,1.0,0.0,0.0,0.0,0.0,0.0,0.0,0.0,0.0,0.0,0.0,1,1,0,False,False,False,False,False,False
473,1.0,1.0,0.0,1.0,1.0,0.0,1.0,1.0,0.0,0.0,0.0,0.0,0.0,0.0,0.0,0.0,0.0,0.0,1,1,0,False,False,False,False,False,False
474,0.81532824,0.85413545,0.03880720999999998,0.73618317,0.8505506,0.11436743000000005,1.0,0.8625,-0.13749999999999996,0.0,0.0,0.0,0.0,0.0,0.0,0.0,0.0,0.0,1,1,0,False,False,False,False,False,False
475,0.8746142,0.90366405,0.029049850000000044,0.8208774,0.91059154,0.08971414,1.0,0.8875,-0.11250000000000004,0.0,0.0,0.0,0.0,0.0,0.0,0.0,0.0,0.0,1,1,0,False,False,False,False,False,False
476,0.5022243,0.3007929,-0.20143139999999998,0.3210347,0.0011326993,-0.3199020007,0.925,1.0,0.07499999999999996,0.0,0.0,0.0,0.0,0.0,0.0,0.0,0.0,0.0,1,1,0,False,False,False,False,False,False
477,1.0,1.0,0.0,1.0,1.0,0.0,1.0,1.0,0.0,0.0,0.0,0.0,0.0,0.0,0.0,0.0,0.0,0.0,1,1,0,False,False,False,False,False,False
478,1.0,1.0,0.0,1.0,1.0,0.0,1.0,1.0,0.0,0.0,0.0,0.0,0.0,0.0,0.0,0.0,0.0,0.0,1,1,0,False,False,False,False,False,False
479,0.94,0.96999997,0.029999970000000098,1.0,1.0,0.0,0.8,0.90000004,0.10000003999999996,0.0,0.0,0.0,0.0,0.0,0.0,0.0,0.0,0.0,1,1,0,False,False,False,False,False,False
480,1.0,1.0,0.0,1.0,1.0,0.0,1.0,1.0,0.0,0.0,0.0,0.0,0.0,0.0,0.0,0.0,0.0,0.0,1,1,0,False,False,False,False,False,False
481,0.0,0.88775504,0.88775504,1.0,0.8985786,-0.1014214,0.4666667,0.8625,0.39583330000000005,1.0,0.0,-1.0,1.0,0.0,-1.0,0.0,0.0,0.0,0,1,1,False,False,True,False,True,False
482,1.0,1.0,0.0,1.0,1.0,0.0,1.0,1.0,0.0,0.0,0.0,0.0,0.0,0.0,0.0,0.0,0.0,0.0,1,1,0,False,False,False,False,False,False
483,1.0,1.0,0.0,1.0,1.0,0.0,1.0,1.0,0.0,0.0,0.0,0.0,0.0,0.0,0.0,0.0,0.0,0.0,1,1,0,False,False,False,False,False,False
484,1.0,1.0,0.0,1.0,1.0,0.0,1.0,1.0,0.0,0.0,0.0,0.0,0.0,0.0,0.0,0.0,0.0,0.0,1,1,0,False,False,False,False,False,False
485,0.924185,0.9328933,0.008708300000000002,0.98812145,0.9523476,-0.035773849999999996,0.77500004,0.8875,0.11249995999999995,0.0,0.0,0.0,0.0,0.0,0.0,0.0,0.0,0.0,1,1,0,False,False,False,False,False,False
486,0.83320946,0.83183366,-0.001375799999999927,0.8152991,0.9258337,0.11053459999999993,0.875,0.6125,-0.26249999999999996,0.0,0.0,0.0,0.0,0.0,0.0,0.0,0.0,0.0,1,1,0,False,False,False,False,False,False
487,0.780009,0.83254355,0.05253455000000007,0.82501274,0.90006214,0.07504939999999993,0.675,0.675,0.0,0.0,0.0,0.0,0.0,0.0,0.0,0.0,0.0,0.0,1,1,0,False,False,False,False,False,False
488,0.85789317,0.8779007,0.020007529999999996,0.86127603,0.9487867,0.08751067000000001,0.85,0.71250004,-0.13749995999999998,0.0,0.0,0.0,0.0,0.0,0.0,0.0,0.0,0.0,1,1,0,False,False,False,False,False,False
489,0.8638325,0.9271151,0.06328259999999997,0.8054749,0.8958786,0.09040369999999998,1.0,1.0,0.0,0.0,0.0,0.0,0.0,0.0,0.0,0.0,0.0,0.0,1,1,0,False,False,False,False,False,False
490,1.0,0.87099093,-0.12900906999999995,1.0,0.8639157,-0.13608430000000005,1.0,0.8875,-0.11250000000000004,0.0,0.0,0.0,0.0,0.0,0.0,0.0,0.0,0.0,1,1,0,False,False,False,False,False,False
491,0.9146511,0.87914526,-0.03550584000000001,0.92628735,0.8755647,-0.05072264999999998,0.8875,0.8875,0.0,0.0,0.0,0.0,0.0,0.0,0.0,0.0,0.0,0.0,1,1,0,False,False,False,False,False,False
492,0.9748446,0.90490323,-0.06994137,0.96406364,0.8641474,-0.09991623999999999,1.0,1.0,0.0,0.0,0.0,0.0,0.0,0.0,0.0,0.0,0.0,0.0,1,1,0,False,False,False,False,False,False
493,0.8535412,0.99233,0.13878880000000005,0.9997016,0.98904276,-0.010658839999999947,0.5125,1.0,0.48750000000000004,0.0,0.0,0.0,0.0,0.0,0.0,0.0,0.0,0.0,1,1,0,False,False,False,False,False,False
494,0.8950125,0.88616484,-0.008847660000000035,0.85001785,0.9498783,0.09986044999999999,1.0,0.7375,-0.26249999999999996,0.0,0.0,0.0,0.0,0.0,0.0,0.0,0.0,0.0,1,1,0,False,False,False,False,False,False
495,1.0,1.0,0.0,1.0,1.0,0.0,1.0,1.0,0.0,0.0,0.0,0.0,0.0,0.0,0.0,0.0,0.0,0.0,1,1,0,False,False,False,False,False,False
496,0.7884393,0.774806,-0.01363329999999996,0.6977704,0.7104372,0.012666799999999978,1.0,0.925,-0.07499999999999996,0.0,0.0,0.0,0.0,0.0,0.0,0.0,0.0,0.0,1,1,0,False,False,False,False,False,False
497,0.8519253,0.9532629,0.10133760000000003,0.95453614,0.9332328,-0.021303340000000004,0.6125,1.0,0.38749999999999996,0.0,0.0,0.0,0.0,0.0,0.0,0.0,0.0,0.0,1,1,0,False,False,False,False,False,False
498,0.97749996,0.94883966,-0.028660299999999972,1.0,0.9269138,-0.07308619999999999,0.925,1.0,0.07499999999999996,0.0,0.0,0.0,0.0,0.0,0.0,0.0,0.0,0.0,1,1,0,False,False,False,False,False,False
499,0.92849934,0.8469229,-0.08157643999999997,0.929999,0.7813184,-0.14868060000000005,0.925,1.0,0.07499999999999996,0.0,0.0,0.0,0.0,0.0,0.0,0.0,0.0,0.0,1,1,0,False,False,False,False,False,False
500,0.8874365,0.9262295,0.03879300000000008,0.8874093,0.97497064,0.08756134000000004,0.8875,0.8125,-0.07499999999999996,0.0,0.0,0.0,0.0,0.0,0.0,0.0,0.0,0.0,1,1,0,False,False,False,False,False,False
501,0.8401667,0.8963634,0.05619669999999999,0.8198809,0.9483762,0.12849529999999998,0.8875,0.77500004,-0.11249995999999995,0.0,0.0,0.0,0.0,0.0,0.0,0.0,0.0,0.0,1,1,0,False,False,False,False,False,False
502,1.0,0.96999997,-0.030000029999999955,1.0,1.0,0.0,1.0,0.90000004,-0.09999996,0.0,0.0,0.0,0.0,0.0,0.0,0.0,0.0,0.0,1,1,0,False,False,False,False,False,False
503,0.9325401,0.45859796,-0.47394213999999996,0.9625574,0.31228274,-0.65027466,0.8625,0.8,-0.0625,0.0,0.0,0.0,0.0,0.0,0.0,0.0,0.0,0.0,1,1,0,False,False,False,False,False,False
504,0.8356558,0.77808994,-0.05756585999999997,0.86165106,0.8490571,-0.012593960000000015,0.77500004,0.6125,-0.16250003999999996,0.0,0.0,0.0,0.0,0.0,0.0,0.0,0.0,0.0,1,1,0,False,False,False,False,False,False
505,0.6396179,0.76559794,0.12598004000000007,0.6298113,0.6651399,0.03532860000000004,0.6625,1.0,0.3375,0.0,0.0,0.0,0.0,0.0,0.0,0.0,0.0,0.0,1,1,0,False,False,False,False,False,False
506,0.843235,0.9086035,0.06536850000000005,0.82426435,0.9497906,0.12552625000000006,0.8875,0.8125,-0.07499999999999996,0.0,0.0,0.0,0.0,0.0,0.0,0.0,0.0,0.0,1,1,0,False,False,False,False,False,False
507,0.86754036,0.87647897,0.008938609999999958,0.8643433,0.96282715,0.09848384999999993,0.875,0.675,-0.19999999999999996,0.0,0.0,0.0,0.0,0.0,0.0,0.0,0.0,0.0,1,1,0,False,False,False,False,False,False
508,0.90743345,0.8853156,-0.022117849999999994,0.89990485,0.83616513,-0.06373971999999994,0.925,1.0,0.07499999999999996,0.0,0.0,0.0,0.0,0.0,0.0,0.0,0.0,0.0,1,1,0,False,False,False,False,False,False
509,1.0,1.0,0.0,1.0,1.0,0.0,1.0,1.0,0.0,0.0,0.0,0.0,0.0,0.0,0.0,0.0,0.0,0.0,1,1,0,False,False,False,False,False,False
510,0.0,0.0,0.0,0.8355014,0.91643614,0.08093474,1.0,0.85245895,-0.14754104999999995,0.0,0.0,0.0,0.0,0.0,0.0,1.0,1.0,0.0,0,0,0,False,False,False,False,False,False
511,1.0,0.90545046,-0.09454954000000004,1.0,0.86492914,-0.13507086000000001,1.0,1.0,0.0,0.0,0.0,0.0,0.0,0.0,0.0,0.0,0.0,0.0,1,1,0,False,False,False,False,False,False
512,0.9879509,0.8515585,-0.13639239999999997,0.982787,0.7879406,-0.19484639999999998,1.0,1.0,0.0,0.0,0.0,0.0,0.0,0.0,0.0,0.0,0.0,0.0,1,1,0,False,False,False,False,False,False
513,0.8152222,0.82655686,0.011334659999999941,0.80567455,0.87008125,0.06440670000000004,0.83750004,0.725,-0.11250004000000002,0.0,0.0,0.0,0.0,0.0,0.0,0.0,0.0,0.0,1,1,0,False,False,False,False,False,False
514,1.0,1.0,0.0,1.0,1.0,0.0,1.0,1.0,0.0,0.0,0.0,0.0,0.0,0.0,0.0,0.0,0.0,0.0,1,1,0,False,False,False,False,False,False
515,0.8524189,0.9224753,0.07005640000000002,0.8373841,0.9374646,0.10008050000000002,0.8875,0.8875,0.0,0.0,0.0,0.0,0.0,0.0,0.0,0.0,0.0,0.0,1,1,0,False,False,False,False,False,False
516,1.0,1.0,0.0,1.0,1.0,0.0,1.0,1.0,0.0,0.0,0.0,0.0,0.0,0.0,0.0,0.0,0.0,0.0,1,1,0,False,False,False,False,False,False
517,0.8282555,0.82933027,0.0010747700000000027,0.75465065,0.80440044,0.049749790000000016,1.0,0.8875,-0.11250000000000004,0.0,0.0,0.0,0.0,0.0,0.0,0.0,0.0,0.0,1,1,0,False,False,False,False,False,False
518,0.87136775,0.96625006,0.09488231000000003,0.8644539,1.0,0.1355461,0.8875,0.8875,0.0,0.0,0.0,0.0,0.0,0.0,0.0,0.0,0.0,0.0,1,1,0,False,False,False,False,False,False
519,1.0,1.0,0.0,1.0,1.0,0.0,1.0,1.0,0.0,0.0,0.0,0.0,0.0,0.0,0.0,0.0,0.0,0.0,1,1,0,False,False,False,False,False,False
520,0.91286737,0.5727687,-0.34009866999999994,0.8755249,0.57716954,-0.29835536000000007,1.0,0.5625,-0.4375,0.0,0.0,0.0,0.0,0.0,0.0,0.0,0.0,0.0,1,1,0,False,False,False,False,False,False
521,0.8795902,0.9301816,0.050591400000000064,0.87620044,0.9752594,0.09905896000000003,0.8875,0.825,-0.0625,0.0,0.0,0.0,0.0,0.0,0.0,0.0,0.0,0.0,1,1,0,False,False,False,False,False,False
522,0.7522512,0.56225365,-0.18999754999999996,0.73714453,0.7496481,0.01250357000000002,0.7875,0.125,-0.6625,0.0,0.0,0.0,0.0,0.0,0.0,0.0,0.0,0.0,1,1,0,False,False,False,False,False,False
523,1.0,1.0,0.0,1.0,1.0,0.0,1.0,1.0,0.0,0.0,0.0,0.0,0.0,0.0,0.0,0.0,0.0,0.0,1,1,0,False,False,False,False,False,False
524,0.9012608,0.83751076,-0.06375003999999995,0.9393011,0.9393011,0.0,0.8125,0.6,-0.21250000000000002,0.0,0.0,0.0,0.0,0.0,0.0,0.0,0.0,0.0,1,1,0,False,False,False,False,False,False
525,0.8304149,0.86875075,0.03833585000000006,0.8380927,0.9625011,0.12440839999999997,0.8125,0.65000004,-0.16249996,0.0,0.0,0.0,0.0,0.0,0.0,0.0,0.0,0.0,1,1,0,False,False,False,False,False,False
526,0.95125,1.0,0.04874999999999996,1.0,1.0,0.0,0.83750004,1.0,0.16249996,0.0,0.0,0.0,0.0,0.0,0.0,0.0,0.0,0.0,1,1,0,False,False,False,False,False,False
527,1.0,1.0,0.0,1.0,1.0,0.0,1.0,1.0,0.0,0.0,0.0,0.0,0.0,0.0,0.0,0.0,0.0,0.0,1,1,0,False,False,False,False,False,False
528,1.0,1.0,0.0,1.0,1.0,0.0,1.0,1.0,0.0,0.0,0.0,0.0,0.0,0.0,0.0,0.0,0.0,0.0,1,1,0,False,False,False,False,False,False
529,1.0,0.8378372,-0.16216280000000005,1.0000001,0.7683389,-0.2316612,1.0,1.0,0.0,0.0,0.0,0.0,0.0,0.0,0.0,0.0,0.0,0.0,1,1,0,False,False,False,False,False,False
530,0.8214739,0.8911352,0.06966130000000004,0.79853415,0.9248361,0.12630195,0.875,0.8125,-0.0625,0.0,0.0,0.0,0.0,0.0,0.0,0.0,0.0,0.0,1,1,0,False,False,False,False,False,False
531,0.7992613,0.80239433,0.003133030000000092,0.83644474,0.97484905,0.13840430999999997,0.71250004,0.4,-0.31250004,0.0,0.0,0.0,0.0,0.0,0.0,0.0,0.0,0.0,1,1,0,False,False,False,False,False,False
532,0.8323389,0.8423816,0.01004269999999996,0.8247698,0.9248308,0.10006099999999996,0.85,0.65000004,-0.19999995999999998,0.0,0.0,0.0,0.0,0.0,0.0,0.0,0.0,0.0,1,1,0,False,False,False,False,False,False
533,1.0,0.0,-1.0,1.0,0.30697277,-0.69302723,1.0,0.7777778,-0.22222220000000004,0.0,0.0,0.0,0.0,0.0,0.0,0.0,1.0,1.0,1,0,-1,False,True,False,False,False,False
534,1.0,1.0,0.0,1.0,1.0,0.0,1.0,1.0,0.0,0.0,0.0,0.0,0.0,0.0,0.0,0.0,0.0,0.0,1,1,0,False,False,False,False,False,False
535,0.91024154,0.8098778,-0.10036374000000003,0.87177354,0.8301826,-0.041590939999999965,1.0,0.7625,-0.23750000000000004,0.0,0.0,0.0,0.0,0.0,0.0,0.0,0.0,0.0,1,1,0,False,False,False,False,False,False
536,0.88299954,0.8328832,-0.05011633999999998,0.8328564,0.7612617,-0.07159470000000001,1.0,1.0,0.0,0.0,0.0,0.0,0.0,0.0,0.0,0.0,0.0,0.0,1,1,0,False,False,False,False,False,False
537,0.71906805,0.7753574,0.056289350000000016,0.6843829,0.82372487,0.13934197000000004,0.8,0.6625,-0.13750000000000007,0.0,0.0,0.0,0.0,0.0,0.0,0.0,0.0,0.0,1,1,0,False,False,False,False,False,False
538,0.8361109,0.7830554,-0.05305550000000003,0.81944406,0.87757915,0.058135089999999945,0.875,0.5625,-0.3125,0.0,0.0,0.0,0.0,0.0,0.0,0.0,0.0,0.0,1,1,0,False,False,False,False,False,False
539,0.8412113,0.8739195,0.032708199999999965,0.773159,0.819885,0.046725999999999934,1.0,1.0,0.0,0.0,0.0,0.0,0.0,0.0,0.0,0.0,0.0,0.0,1,1,0,False,False,False,False,False,False
540,0.8707477,0.94243205,0.07168434999999995,0.9117824,0.9874029,0.07562049999999998,0.77500004,0.83750004,0.0625,0.0,0.0,0.0,0.0,0.0,0.0,0.0,0.0,0.0,1,1,0,False,False,False,False,False,False
541,0.7466814,0.0,-0.7466814,0.68633056,0.5733833,-0.11294726,0.8875,0.6935484,-0.1939516,0.0,1.0,1.0,0.0,1.0,1.0,0.0,0.0,0.0,1,0,-1,False,False,False,True,False,True
542,1.0,0.0,-1.0,1.0,0.9797717,-0.020228299999999977,1.0,1.0,0.0,0.0,0.0,0.0,0.0,1.0,1.0,0.0,0.0,0.0,1,0,-1,False,False,False,True,False,False
543,0.0,0.0,0.0,1.0,1.0,0.0,1.0,1.0,0.0,0.0,0.0,0.0,1.0,1.0,0.0,0.0,0.0,0.0,0,0,0,False,False,False,False,False,False
544,1.0,1.0,0.0,1.0,1.0,0.0,1.0,1.0,0.0,0.0,0.0,0.0,0.0,0.0,0.0,0.0,0.0,0.0,1,1,0,False,False,False,False,False,False
545,0.9458663,0.91893667,-0.026929630000000038,0.92266613,0.8841952,-0.038470930000000014,1.0,1.0,0.0,0.0,0.0,0.0,0.0,0.0,0.0,0.0,0.0,0.0,1,1,0,False,False,False,False,False,False
546,0.97719663,0.97719663,0.0,0.9674237,0.9674237,0.0,1.0,1.0,0.0,0.0,0.0,0.0,0.0,0.0,0.0,0.0,0.0,0.0,1,1,0,False,False,False,False,False,False
547,1.0,1.0,0.0,1.0,1.0,0.0,1.0,1.0,0.0,0.0,0.0,0.0,0.0,0.0,0.0,0.0,0.0,0.0,1,1,0,False,False,False,False,False,False
548,0.8220078,0.8660418,0.04403400000000002,0.79929686,0.89970255,0.10040568999999999,0.875,0.7875,-0.08750000000000002,0.0,0.0,0.0,0.0,0.0,0.0,0.0,0.0,0.0,1,1,0,False,False,False,False,False,False
549,0.8368395,0.82040995,-0.016429549999999904,0.81512785,0.9255857,0.11045784999999997,0.8875,0.575,-0.3125,0.0,0.0,0.0,0.0,0.0,0.0,0.0,0.0,0.0,1,1,0,False,False,False,False,False,False
550,0.0,0.8952678,0.8952678,1.0,0.85038257,-0.14961743000000005,0.8309859,1.0,0.16901409999999994,0.0,0.0,0.0,0.0,0.0,0.0,1.0,0.0,-1.0,0,1,1,True,False,False,False,False,False
551,0.0,0.88374996,0.88374996,0.4878095,1.0,0.5121905,1.0,0.6125,-0.38749999999999996,0.0,0.0,0.0,1.0,0.0,-1.0,0.0,0.0,0.0,0,1,1,False,False,True,False,False,False
552,0.96625006,0.8817952,-0.08445486000000002,1.0,0.8793503,-0.12064969999999997,0.8875,0.8875,0.0,0.0,0.0,0.0,0.0,0.0,0.0,0.0,0.0,0.0,1,1,0,False,False,False,False,False,False
553,0.8512153,0.8612137,0.009998399999999963,0.7874504,0.887448,0.09999760000000002,1.0,0.8,-0.19999999999999996,0.0,0.0,0.0,0.0,0.0,0.0,0.0,0.0,0.0,1,1,0,False,False,False,False,False,False
554,0.0,0.0,0.0,0.0012901034,0.000743038,-0.0005470654,0.0,0.0,0.0,1.0,1.0,0.0,1.0,1.0,0.0,0.0,0.0,0.0,0,0,0,False,False,False,False,False,False
555,0.92875004,0.9133049,-0.01544514000000008,1.0,0.92972136,-0.07027863999999995,0.7625,0.875,0.11250000000000004,0.0,0.0,0.0,0.0,0.0,0.0,0.0,0.0,0.0,1,1,0,False,False,False,False,False,False
556,0.7854062,0.8178852,0.032478999999999925,0.8112945,0.91126454,0.09997003999999998,0.725,0.6,-0.125,0.0,0.0,0.0,0.0,0.0,0.0,0.0,0.0,0.0,1,1,0,False,False,False,False,False,False
557,1.0,1.0,0.0,1.0,1.0,0.0,1.0,1.0,0.0,0.0,0.0,0.0,0.0,0.0,0.0,0.0,0.0,0.0,1,1,0,False,False,False,False,False,False
558,0.7758849,0.0,-0.7758849,0.7280499,0.6853295,-0.04272039999999999,0.8875,0.8266667,-0.06083329999999998,0.0,1.0,1.0,0.0,1.0,1.0,0.0,0.0,0.0,1,0,-1,False,False,False,True,False,True
559,1.0,1.0,0.0,1.0,1.0,0.0,1.0,1.0,0.0,0.0,0.0,0.0,0.0,0.0,0.0,0.0,0.0,0.0,1,1,0,False,False,False,False,False,False
560,0.9150244,0.5364932,-0.37853119999999996,0.93753487,0.4128474,-0.52468747,0.8625,0.825,-0.03750000000000009,0.0,0.0,0.0,0.0,0.0,0.0,0.0,0.0,0.0,1,1,0,False,False,False,False,False,False
561,0.7364309,0.6950754,-0.04135549999999999,0.7252584,0.8001077,0.07484930000000001,0.7625,0.45000002,-0.31249997999999996,0.0,0.0,0.0,0.0,0.0,0.0,0.0,0.0,0.0,1,1,0,False,False,False,False,False,False
562,1.0,0.70358366,-0.29641633999999994,0.99999994,0.5765481,-0.42345184,1.0,1.0,0.0,0.0,0.0,0.0,0.0,0.0,0.0,0.0,0.0,0.0,1,1,0,False,False,False,False,False,False
563,0.0,0.0,0.0,0.6112997,0.8199418,0.20864210000000005,0.7413793,0.64285713,-0.09852216999999996,0.0,0.0,0.0,1.0,1.0,0.0,0.0,0.0,0.0,0,0,0,False,False,False,False,False,False
564,1.0,1.0,0.0,1.0,1.0,0.0,1.0,1.0,0.0,0.0,0.0,0.0,0.0,0.0,0.0,0.0,0.0,0.0,1,1,0,False,False,False,False,False,False
565,0.6833064,0.77127177,0.08796537000000004,0.63865197,0.79110247,0.15245050000000004,0.7875,0.725,-0.0625,0.0,0.0,0.0,0.0,0.0,0.0,0.0,0.0,0.0,1,1,0,False,False,False,False,False,False
566,0.8284438,0.70590705,-0.12253674999999997,0.8620626,0.83701,-0.02505259999999998,0.75,0.4,-0.35,0.0,0.0,0.0,0.0,0.0,0.0,0.0,0.0,0.0,1,1,0,False,False,False,False,False,False
567,0.85330564,0.7996579,-0.053647739999999944,0.9082937,0.8691541,-0.03913959999999994,0.725,0.6375,-0.08750000000000002,0.0,0.0,0.0,0.0,0.0,0.0,0.0,0.0,0.0,1,1,0,False,False,False,False,False,False
568,0.91266483,0.80125,-0.11141482999999996,0.8752355,1.0,0.12476449999999994,1.0,0.3375,-0.6625,0.0,0.0,0.0,0.0,0.0,0.0,0.0,0.0,0.0,1,1,0,False,False,False,False,False,False
569,0.0,0.91949654,0.91949654,0.49690765,0.9492807,0.45237305,0.6818182,0.85,0.16818179999999994,0.0,0.0,0.0,1.0,0.0,-1.0,0.0,0.0,0.0,0,1,1,False,False,True,False,False,False
570,0.8762452,0.81244755,-0.06379764999999993,0.87142175,0.84456795,-0.02685380000000004,0.8875,0.7375,-0.1499999999999999,0.0,0.0,0.0,0.0,0.0,0.0,0.0,0.0,0.0,1,1,0,False,False,False,False,False,False
571,0.94375,0.9418616,-0.0018884000000000123,0.99999994,0.91694516,-0.08305478,0.8125,1.0,0.1875,0.0,0.0,0.0,0.0,0.0,0.0,0.0,0.0,0.0,1,1,0,False,False,False,False,False,False
572,0.8289507,0.84643155,0.017480849999999992,0.8038582,0.8288307,0.024972500000000064,0.8875,0.8875,0.0,0.0,0.0,0.0,0.0,0.0,0.0,0.0,0.0,0.0,1,1,0,False,False,False,False,False,False
573,0.7791044,0.80721664,0.02811224000000001,0.73264915,0.7728095,0.04016035000000007,0.8875,0.8875,0.0,0.0,0.0,0.0,0.0,0.0,0.0,0.0,0.0,0.0,1,1,0,False,False,False,False,False,False
574,0.86892015,0.95974696,0.09082681000000004,0.86095726,0.9424957,0.0815384400000001,0.8875,1.0,0.11250000000000004,0.0,0.0,0.0,0.0,0.0,0.0,0.0,0.0,0.0,1,1,0,False,False,False,False,False,False
575,0.85006046,0.8406065,-0.009453959999999983,0.78580064,0.77229494,-0.013505700000000065,1.0,1.0,0.0,0.0,0.0,0.0,0.0,0.0,0.0,0.0,0.0,0.0,1,1,0,False,False,False,False,False,False
576,0.786621,0.82432795,0.03770695000000002,0.7433871,0.8293971,0.08601000000000003,0.8875,0.8125,-0.07499999999999996,0.0,0.0,0.0,0.0,0.0,0.0,0.0,0.0,0.0,1,1,0,False,False,False,False,False,False
577,1.0,1.0,0.0,1.0,1.0,0.0,1.0,1.0,0.0,0.0,0.0,0.0,0.0,0.0,0.0,0.0,0.0,0.0,1,1,0,False,False,False,False,False,False
578,0.7934693,0.48130074,-0.31216856000000004,0.8763847,0.4518582,-0.42452650000000003,0.6,0.55,-0.04999999999999993,0.0,0.0,0.0,0.0,0.0,0.0,0.0,0.0,0.0,1,1,0,False,False,False,False,False,False
579,1.0,0.6762678,-0.3237322,1.0,0.5375255,-0.4624745,1.0,1.0,0.0,0.0,0.0,0.0,0.0,0.0,0.0,0.0,0.0,0.0,1,1,0,False,False,False,False,False,False
580,1.0,1.0,0.0,1.0,1.0,0.0,1.0,1.0,0.0,0.0,0.0,0.0,0.0,0.0,0.0,0.0,0.0,0.0,1,1,0,False,False,False,False,False,False
581,1.0,1.0,0.0,1.0,1.0,0.0,1.0,1.0,0.0,0.0,0.0,0.0,0.0,0.0,0.0,0.0,0.0,0.0,1,1,0,False,False,False,False,False,False
582,0.8595772,0.94463295,0.08505574999999999,0.8476103,0.9744755,0.1268652,0.8875,0.875,-0.012499999999999956,0.0,0.0,0.0,0.0,0.0,0.0,0.0,0.0,0.0,1,1,0,False,False,False,False,False,False
583,0.8432785,0.8953789,0.052100399999999936,0.82432646,0.9362555,0.11192904000000004,0.8875,0.8,-0.08749999999999991,0.0,0.0,0.0,0.0,0.0,0.0,0.0,0.0,0.0,1,1,0,False,False,False,False,False,False
584,0.97113544,0.99369377,0.02255833000000007,0.9909077,0.990991,8.330000000000837e-05,0.925,1.0,0.07499999999999996,0.0,0.0,0.0,0.0,0.0,0.0,0.0,0.0,0.0,1,1,0,False,False,False,False,False,False
585,0.0,0.0,0.0,1.0,1.0,0.0,1.0,1.0,0.0,1.0,1.0,0.0,1.0,1.0,0.0,0.0,0.0,0.0,0,0,0,False,False,False,False,False,False
586,0.8647751,0.84838355,-0.016391550000000032,0.85503584,0.83161926,-0.02341658000000002,0.8875,0.8875,0.0,0.0,0.0,0.0,0.0,0.0,0.0,0.0,0.0,0.0,1,1,0,False,False,False,False,False,False
587,0.8412256,0.8203158,-0.02090979999999998,0.88567954,0.8236654,-0.06201414000000005,0.7375,0.8125,0.07499999999999996,0.0,0.0,0.0,0.0,0.0,0.0,0.0,0.0,0.0,1,1,0,False,False,False,False,False,False
588,1.0,1.0,0.0,1.0,1.0,0.0,1.0,1.0,0.0,0.0,0.0,0.0,0.0,0.0,0.0,0.0,0.0,0.0,1,1,0,False,False,False,False,False,False
589,1.0,1.0,0.0,1.0,1.0,0.0,1.0,1.0,0.0,0.0,0.0,0.0,0.0,0.0,0.0,0.0,0.0,0.0,1,1,0,False,False,False,False,False,False
590,0.9373626,0.68735516,-0.2500074400000001,0.92658937,0.77836454,-0.14822482999999997,0.96250004,0.475,-0.48750004,0.0,0.0,0.0,0.0,0.0,0.0,0.0,0.0,0.0,1,1,0,False,False,False,False,False,False
591,0.742875,0.81895304,0.07607804000000007,0.6648213,0.7842186,0.11939730000000004,0.925,0.90000004,-0.024999960000000043,0.0,0.0,0.0,0.0,0.0,0.0,0.0,0.0,0.0,1,1,0,False,False,False,False,False,False
592,0.8615002,0.92313176,0.06163155999999992,0.8503573,0.93840253,0.08804522999999997,0.8875,0.8875,0.0,0.0,0.0,0.0,0.0,0.0,0.0,0.0,0.0,0.0,1,1,0,False,False,False,False,False,False
593,0.8767641,0.90333575,0.026571649999999947,0.8239487,0.89405113,0.07010243000000005,1.0,0.925,-0.07499999999999996,0.0,0.0,0.0,0.0,0.0,0.0,0.0,0.0,0.0,1,1,0,False,False,False,False,False,False
594,0.94375,0.92771024,-0.01603975999999996,1.0,0.9878003,-0.012199700000000036,0.8125,0.7875,-0.025000000000000022,0.0,0.0,0.0,0.0,0.0,0.0,0.0,0.0,0.0,1,1,0,False,False,False,False,False,False
595,1.0,1.0,0.0,1.0,1.0,0.0,1.0,1.0,0.0,0.0,0.0,0.0,0.0,0.0,0.0,0.0,0.0,0.0,1,1,0,False,False,False,False,False,False
596,0.82877064,0.5693557,-0.25941494,0.8625295,0.46515104,-0.39737845999999993,0.75,0.8125,0.0625,0.0,0.0,0.0,0.0,0.0,0.0,0.0,0.0,0.0,1,1,0,False,False,False,False,False,False
597,0.9737425,0.9962425,0.022500000000000075,0.9946322,0.9946322,0.0,0.925,1.0,0.07499999999999996,0.0,0.0,0.0,0.0,0.0,0.0,0.0,0.0,0.0,1,1,0,False,False,False,False,False,False
598,0.85005516,0.92298263,0.07292747,0.8340073,0.9756894,0.14168210000000003,0.8875,0.8,-0.08749999999999991,0.0,0.0,0.0,0.0,0.0,0.0,0.0,0.0,0.0,1,1,0,False,False,False,False,False,False
599,1.0,1.0,0.0,1.0,1.0,0.0,1.0,1.0,0.0,0.0,0.0,0.0,0.0,0.0,0.0,0.0,0.0,0.0,1,1,0,False,False,False,False,False,False
600,0.69468004,0.6846865,-0.009993540000000078,0.6013286,0.6513378,0.050009199999999976,0.9125,0.7625,-0.15000000000000002,0.0,0.0,0.0,0.0,0.0,0.0,0.0,0.0,0.0,1,1,0,False,False,False,False,False,False
601,0.85234654,0.81877625,-0.03357029,0.8747807,0.8375375,-0.03724319999999992,0.8,0.77500004,-0.024999960000000043,0.0,0.0,0.0,0.0,0.0,0.0,0.0,0.0,0.0,1,1,0,False,False,False,False,False,False
602,0.9588475,0.92721236,-0.031635140000000006,0.9947822,0.94958913,-0.045193069999999946,0.875,0.875,0.0,0.0,0.0,0.0,0.0,0.0,0.0,0.0,0.0,0.0,1,1,0,False,False,False,False,False,False
603,0.9521799,0.9010267,-0.05115320000000001,0.9638283,0.89075243,-0.07307586999999993,0.925,0.925,0.0,0.0,0.0,0.0,0.0,0.0,0.0,0.0,0.0,0.0,1,1,0,False,False,False,False,False,False
604,0.88964236,0.90491307,0.01527071000000002,0.89056057,0.9391615,0.04860092999999999,0.8875,0.825,-0.0625,0.0,0.0,0.0,0.0,0.0,0.0,0.0,0.0,0.0,1,1,0,False,False,False,False,False,False
605,0.43185854,0.31267086,-0.11918768000000002,0.1883693,0.018101204,-0.17026809599999998,1.0,1.0,0.0,0.0,0.0,0.0,0.0,0.0,0.0,0.0,0.0,0.0,1,1,0,False,False,False,False,False,False
606,0.8882181,0.8903664,0.002148299999999992,0.8885259,0.95052344,0.06199754000000002,0.8875,0.75,-0.13749999999999996,0.0,0.0,0.0,0.0,0.0,0.0,0.0,0.0,0.0,1,1,0,False,False,False,False,False,False
607,0.8329523,0.9267189,0.09376660000000003,0.85243183,0.9756698,0.12323797000000003,0.7875,0.8125,0.025000000000000022,0.0,0.0,0.0,0.0,0.0,0.0,0.0,0.0,0.0,1,1,0,False,False,False,False,False,False
608,0.7551975,0.8046091,0.0494116,0.6502822,0.7690844,0.11880219999999997,1.0,0.8875,-0.11250000000000004,0.0,0.0,0.0,0.0,0.0,0.0,0.0,0.0,0.0,1,1,0,False,False,False,False,False,False
609,0.86889374,0.8279502,-0.04094354,0.81270534,0.8988574,0.08615205999999997,1.0,0.6625,-0.3375,0.0,0.0,0.0,0.0,0.0,0.0,0.0,0.0,0.0,1,1,0,False,False,False,False,False,False
610,1.0,1.0,0.0,1.0,1.0,0.0,1.0,1.0,0.0,0.0,0.0,0.0,0.0,0.0,0.0,0.0,0.0,0.0,1,1,0,False,False,False,False,False,False
611,1.0,0.0,-1.0,1.0,1.0,0.0,1.0,1.0,0.0,0.0,0.0,0.0,0.0,1.0,1.0,0.0,0.0,0.0,1,0,-1,False,False,False,True,False,False
612,0.0,0.9153102,0.9153102,1.0,0.87901455,-0.12098545000000005,0.5272727,1.0,0.47272729999999996,1.0,0.0,-1.0,1.0,0.0,-1.0,0.0,0.0,0.0,0,1,1,False,False,True,False,True,False
613,0.8440617,0.87891626,0.03485455999999998,0.82544523,0.9127375,0.08729226999999995,0.8875,0.8,-0.08749999999999991,0.0,0.0,0.0,0.0,0.0,0.0,0.0,0.0,0.0,1,1,0,False,False,False,False,False,False
614,0.0,0.0,0.0,1.0,1.0,0.0,1.0,1.0,0.0,1.0,1.0,0.0,1.0,1.0,0.0,0.0,0.0,0.0,0,0,0,False,False,False,False,False,False
615,1.0,0.96625006,-0.03374993999999998,1.0,1.0,0.0,1.0,0.8875,-0.11250000000000004,0.0,0.0,0.0,0.0,0.0,0.0,0.0,0.0,0.0,1,1,0,False,False,False,False,False,False
616,0.9806982,0.9003216,-0.08037659999999991,0.97242594,0.91653085,-0.055895090000000036,1.0,0.8625,-0.13749999999999996,0.0,0.0,0.0,0.0,0.0,0.0,0.0,0.0,0.0,1,1,0,False,False,False,False,False,False
617,0.8159367,0.7749904,-0.04094629999999999,0.7852667,0.8232005,0.03793380000000002,0.8875,0.6625,-0.22499999999999998,0.0,0.0,0.0,0.0,0.0,0.0,0.0,0.0,0.0,1,1,0,False,False,False,False,False,False
618,1.0,1.0,0.0,1.0,1.0,0.0,1.0,1.0,0.0,0.0,0.0,0.0,0.0,0.0,0.0,0.0,0.0,0.0,1,1,0,False,False,False,False,False,False
619,1.0,0.96819466,-0.031805340000000015,1.0,0.9545638,-0.04543620000000004,1.0,1.0,0.0,0.0,0.0,0.0,0.0,0.0,0.0,0.0,0.0,0.0,1,1,0,False,False,False,False,False,False
620,1.0,1.0,0.0,1.0,1.0,0.0,1.0,1.0,0.0,0.0,0.0,0.0,0.0,0.0,0.0,0.0,0.0,0.0,1,1,0,False,False,False,False,False,False
621,0.8957168,0.8559265,-0.039790299999999945,0.851024,0.7941807,-0.05684330000000004,1.0,1.0,0.0,0.0,0.0,0.0,0.0,0.0,0.0,0.0,0.0,0.0,1,1,0,False,False,False,False,False,False
622,0.8350445,0.86007404,0.025029540000000017,0.81256366,0.9126058,0.10004214,0.8875,0.7375,-0.1499999999999999,0.0,0.0,0.0,0.0,0.0,0.0,0.0,0.0,0.0,1,1,0,False,False,False,False,False,False
623,0.91375,0.9199566,0.006206600000000062,1.0,0.9177952,-0.08220479999999997,0.71250004,0.925,0.21249996000000004,0.0,0.0,0.0,0.0,0.0,0.0,0.0,0.0,0.0,1,1,0,False,False,False,False,False,False
624,0.8522884,0.8137989,-0.038489499999999954,0.8693407,0.84649837,-0.02284232999999991,0.8125,0.7375,-0.07499999999999996,0.0,0.0,0.0,0.0,0.0,0.0,0.0,0.0,0.0,1,1,0,False,False,False,False,False,False
625,0.8301331,0.8862662,0.05613310000000005,0.80554724,0.89645165,0.09090441000000005,0.8875,0.8625,-0.02499999999999991,0.0,0.0,0.0,0.0,0.0,0.0,0.0,0.0,0.0,1,1,0,False,False,False,False,False,False
626,0.8316248,0.8689087,0.037283899999999925,0.8130354,0.9252267,0.1121913,0.875,0.7375,-0.13749999999999996,0.0,0.0,0.0,0.0,0.0,0.0,0.0,0.0,0.0,1,1,0,False,False,False,False,False,False
627,0.8782436,0.9119091,0.033665500000000015,0.8582051,0.92237014,0.0641650399999999,0.925,0.8875,-0.03750000000000009,0.0,0.0,0.0,0.0,0.0,0.0,0.0,0.0,0.0,1,1,0,False,False,False,False,False,False
628,0.72684306,0.7696335,0.042790439999999985,0.7437044,0.8369764,0.09327199999999991,0.6875,0.6125,-0.07499999999999996,0.0,0.0,0.0,0.0,0.0,0.0,0.0,0.0,0.0,1,1,0,False,False,False,False,False,False
629,0.895,1.0,0.10499999999999998,0.99999994,0.99999994,0.0,0.65000004,1.0,0.34999996,0.0,0.0,0.0,0.0,0.0,0.0,0.0,0.0,0.0,1,1,0,False,False,False,False,False,False
630,0.83993495,0.85998267,0.02004771999999999,0.824907,0.9124753,0.08756830000000004,0.875,0.7375,-0.13749999999999996,0.0,0.0,0.0,0.0,0.0,0.0,0.0,0.0,0.0,1,1,0,False,False,False,False,False,False
631,1.0,0.9025632,-0.09743679999999999,1.0,0.86080456,-0.13919543999999995,1.0,1.0,0.0,0.0,0.0,0.0,0.0,0.0,0.0,0.0,0.0,0.0,1,1,0,False,False,False,False,False,False
632,0.9359666,0.5189401,-0.41702649999999997,0.96209514,0.37170005,-0.5903950899999999,0.875,0.8625,-0.012499999999999956,0.0,0.0,0.0,0.0,0.0,0.0,0.0,0.0,0.0,1,1,0,False,False,False,False,False,False
633,0.96625006,0.88658077,-0.07966929,1.0,0.8861868,-0.11381319999999995,0.8875,0.8875,0.0,0.0,0.0,0.0,0.0,0.0,0.0,0.0,0.0,0.0,1,1,0,False,False,False,False,False,False
634,0.8437341,0.8512349,0.007500799999999974,0.8249773,0.9374784,0.11250110000000002,0.8875,0.65000004,-0.23749995999999995,0.0,0.0,0.0,0.0,0.0,0.0,0.0,0.0,0.0,1,1,0,False,False,False,False,False,False
635,0.96625006,0.96625006,0.0,1.0,1.0,0.0,0.8875,0.8875,0.0,0.0,0.0,0.0,0.0,0.0,0.0,0.0,0.0,0.0,1,1,0,False,False,False,False,False,False
636,0.86049384,0.7878502,-0.07264364000000001,0.91320556,0.93800026,0.02479470000000006,0.7375,0.4375,-0.30000000000000004,0.0,0.0,0.0,0.0,0.0,0.0,0.0,0.0,0.0,1,1,0,False,False,False,False,False,False
637,1.0,1.0,0.0,0.99999994,0.99999994,0.0,1.0,1.0,0.0,0.0,0.0,0.0,0.0,0.0,0.0,0.0,0.0,0.0,1,1,0,False,False,False,False,False,False
638,0.8585526,0.8745007,0.01594810000000002,0.9104321,0.8850009,-0.025431199999999987,0.7375,0.85,0.11249999999999993,0.0,0.0,0.0,0.0,0.0,0.0,0.0,0.0,0.0,1,1,0,False,False,False,False,False,False
639,0.8350794,0.9187832,0.0837038,0.85011345,0.9375473,0.08743384999999992,0.8,0.875,0.07499999999999996,0.0,0.0,0.0,0.0,0.0,0.0,0.0,0.0,0.0,1,1,0,False,False,False,False,False,False
640,0.86505145,0.85029984,-0.014751610000000026,0.8929306,0.8664998,-0.026430799999999977,0.8,0.8125,0.012499999999999956,0.0,0.0,0.0,0.0,0.0,0.0,0.0,0.0,0.0,1,1,0,False,False,False,False,False,False
641,0.86963636,0.9018337,0.03219733999999996,0.8673377,0.9401196,0.07278190000000007,0.875,0.8125,-0.0625,0.0,0.0,0.0,0.0,0.0,0.0,0.0,0.0,0.0,1,1,0,False,False,False,False,False,False
642,0.8011181,0.8698829,0.06876479999999996,0.7748115,0.8623327,0.08752119999999997,0.8625,0.8875,0.02499999999999991,0.0,0.0,0.0,0.0,0.0,0.0,0.0,0.0,0.0,1,1,0,False,False,False,False,False,False
643,0.0,0.0,0.0,1.0,0.94273776,-0.05726224000000002,0.8333333,0.9041096,0.0707762999999999,0.0,1.0,1.0,0.0,1.0,1.0,1.0,0.0,-1.0,0,0,0,True,False,False,True,False,True
644,0.0,0.0,0.0,1.0,1.0,0.0,1.0,1.0,0.0,1.0,1.0,0.0,1.0,1.0,0.0,0.0,0.0,0.0,0,0,0,False,False,False,False,False,False
645,0.97749996,0.94375,-0.03374995999999997,1.0,1.0,0.0,0.925,0.8125,-0.11250000000000004,0.0,0.0,0.0,0.0,0.0,0.0,0.0,0.0,0.0,1,1,0,False,False,False,False,False,False
646,0.7103454,0.81150407,0.10115867,0.63442194,0.7789344,0.14451246000000006,0.8875,0.8875,0.0,0.0,0.0,0.0,0.0,0.0,0.0,0.0,0.0,0.0,1,1,0,False,False,False,False,False,False
647,0.76098335,0.80061644,0.03963309000000004,0.7067619,0.7687378,0.06197589999999997,0.8875,0.875,-0.012499999999999956,0.0,0.0,0.0,0.0,0.0,0.0,0.0,0.0,0.0,1,1,0,False,False,False,False,False,False
648,0.8075227,0.7825408,-0.0249819,0.7732467,0.80720115,0.03395445000000008,0.8875,0.725,-0.16249999999999998,0.0,0.0,0.0,0.0,0.0,0.0,0.0,0.0,0.0,1,1,0,False,False,False,False,False,False
649,0.97749996,1.0,0.022500040000000054,0.99999994,0.99999994,0.0,0.925,1.0,0.07499999999999996,0.0,0.0,0.0,0.0,0.0,0.0,0.0,0.0,0.0,1,1,0,False,False,False,False,False,False
650,0.7858753,0.8830022,0.0971268999999999,0.72625047,0.8328603,0.10660983000000002,0.925,1.0,0.07499999999999996,0.0,0.0,0.0,0.0,0.0,0.0,0.0,0.0,0.0,1,1,0,False,False,False,False,False,False
651,1.0,1.0,0.0,1.0,1.0,0.0,1.0,1.0,0.0,0.0,0.0,0.0,0.0,0.0,0.0,0.0,0.0,0.0,1,1,0,False,False,False,False,False,False
652,0.8729771,0.81680727,-0.056169829999999976,0.86675286,0.7865104,-0.0802424599999999,0.8875,0.8875,0.0,0.0,0.0,0.0,0.0,0.0,0.0,0.0,0.0,0.0,1,1,0,False,False,False,False,False,False
653,0.88933307,0.49095947,-0.39837359999999994,0.91154724,0.38529924,-0.526248,0.83750004,0.7375,-0.10000003999999996,0.0,0.0,0.0,0.0,0.0,0.0,0.0,0.0,0.0,1,1,0,False,False,False,False,False,False
654,0.0,0.0,0.0,1.0,1.0,0.0,1.0,1.0,0.0,0.0,0.0,0.0,1.0,1.0,0.0,0.0,0.0,0.0,0,0,0,False,False,False,False,False,False
655,0.75072616,0.6634044,-0.08732176000000003,0.80996597,0.8352206,0.025254629999999945,0.6125,0.26250002,-0.34999998000000004,0.0,0.0,0.0,0.0,0.0,0.0,0.0,0.0,0.0,1,1,0,False,False,False,False,False,False
656,1.0,1.0,0.0,1.0,1.0,0.0,1.0,1.0,0.0,0.0,0.0,0.0,0.0,0.0,0.0,0.0,0.0,0.0,1,1,0,False,False,False,False,False,False
657,0.85,0.9304394,0.08043940000000005,1.0,0.93277043,-0.06722956999999996,0.5,0.925,0.42500000000000004,0.0,0.0,0.0,0.0,0.0,0.0,0.0,0.0,0.0,1,1,0,False,False,False,False,False,False
658,1.0,1.0,0.0,1.0,1.0,0.0,1.0,1.0,0.0,0.0,0.0,0.0,0.0,0.0,0.0,0.0,0.0,0.0,1,1,0,False,False,False,False,False,False
659,0.97590554,0.82601494,-0.14989059999999998,0.9709364,0.8050212,-0.16591520000000004,0.9875,0.875,-0.11250000000000004,0.0,0.0,0.0,0.0,0.0,0.0,0.0,0.0,0.0,1,1,0,False,False,False,False,False,False
660,0.88066894,0.885255,0.004586060000000058,0.88845557,0.93786424,0.04940867000000004,0.8625,0.7625,-0.10000000000000009,0.0,0.0,0.0,0.0,0.0,0.0,0.0,0.0,0.0,1,1,0,False,False,False,False,False,False
661,0.772804,0.7972812,0.024477199999999977,0.6754343,0.7639732,0.08853889999999998,1.0,0.875,-0.125,0.0,0.0,0.0,0.0,0.0,0.0,0.0,0.0,0.0,1,1,0,False,False,False,False,False,False
662,0.97887516,0.8128277,-0.16604745999999992,0.9698217,0.78082526,-0.18899644000000004,1.0,0.8875,-0.11250000000000004,0.0,0.0,0.0,0.0,0.0,0.0,0.0,0.0,0.0,1,1,0,False,False,False,False,False,False
663,0.72905636,0.7297705,0.0007141400000000298,0.7200805,0.81752926,0.09744876000000002,0.75,0.52500004,-0.22499996,0.0,0.0,0.0,0.0,0.0,0.0,0.0,0.0,0.0,1,1,0,False,False,False,False,False,False
664,0.76497215,0.8199822,0.05501005000000003,0.71246016,0.7856888,0.07322863999999996,0.8875,0.90000004,0.012500040000000046,0.0,0.0,0.0,0.0,0.0,0.0,0.0,0.0,0.0,1,1,0,False,False,False,False,False,False
665,1.0,0.93863815,-0.06136185000000005,1.0,0.9123402,-0.08765979999999995,1.0,1.0,0.0,0.0,0.0,0.0,0.0,0.0,0.0,0.0,0.0,0.0,1,1,0,False,False,False,False,False,False
666,0.96250004,0.78682977,-0.17567027000000002,1.0,0.7865425,-0.21345749999999997,0.875,0.7875,-0.08750000000000002,0.0,0.0,0.0,0.0,0.0,0.0,0.0,0.0,0.0,1,1,0,False,False,False,False,False,False
667,0.97749996,0.8725163,-0.10498365999999992,1.0,0.882166,-0.117834,0.925,0.85,-0.07500000000000007,0.0,0.0,0.0,0.0,0.0,0.0,0.0,0.0,0.0,1,1,0,False,False,False,False,False,False
668,0.85329974,0.8783962,0.025096459999999987,0.83864236,0.8262804,-0.012361960000000005,0.8875,1.0,0.11250000000000004,0.0,0.0,0.0,0.0,0.0,0.0,0.0,0.0,0.0,1,1,0,False,False,False,False,False,False
669,1.0,1.0,0.0,1.0,1.0,0.0,1.0,1.0,0.0,0.0,0.0,0.0,0.0,0.0,0.0,0.0,0.0,0.0,1,1,0,False,False,False,False,False,False
670,0.8462898,0.918767,0.07247720000000002,0.812557,0.93752426,0.12496726000000002,0.925,0.875,-0.050000000000000044,0.0,0.0,0.0,0.0,0.0,0.0,0.0,0.0,0.0,1,1,0,False,False,False,False,False,False
671,1.0,1.0,0.0,1.0,1.0,0.0,1.0,1.0,0.0,0.0,0.0,0.0,0.0,0.0,0.0,0.0,0.0,0.0,1,1,0,False,False,False,False,False,False
672,1.0,1.0,0.0,1.0,1.0,0.0,1.0,1.0,0.0,0.0,0.0,0.0,0.0,0.0,0.0,0.0,0.0,0.0,1,1,0,False,False,False,False,False,False
673,0.98124725,0.91945595,-0.06179129999999999,0.97321033,0.9331513,-0.040059029999999995,1.0,0.8875,-0.11250000000000004,0.0,0.0,0.0,0.0,0.0,0.0,0.0,0.0,0.0,1,1,0,False,False,False,False,False,False
674,1.0,0.87276787,-0.12723213,1.0,0.8182397,-0.18176029999999999,1.0,1.0,0.0,0.0,0.0,0.0,0.0,0.0,0.0,0.0,0.0,0.0,1,1,0,False,False,False,False,False,False
675,0.97749996,0.8841241,-0.09337585999999998,1.0,0.834463,-0.16553700000000005,0.925,1.0,0.07499999999999996,0.0,0.0,0.0,0.0,0.0,0.0,0.0,0.0,0.0,1,1,0,False,False,False,False,False,False
676,1.0,1.0,0.0,1.0,1.0,0.0,1.0,1.0,0.0,0.0,0.0,0.0,0.0,0.0,0.0,0.0,0.0,0.0,1,1,0,False,False,False,False,False,False
677,1.0,1.0,0.0,1.0,1.0,0.0,1.0,1.0,0.0,0.0,0.0,0.0,0.0,0.0,0.0,0.0,0.0,0.0,1,1,0,False,False,False,False,False,False
678,0.9325,0.96625006,0.033750060000000026,1.0,1.0,0.0,0.77500004,0.8875,0.11249995999999995,0.0,0.0,0.0,0.0,0.0,0.0,0.0,0.0,0.0,1,1,0,False,False,False,False,False,False
679,0.9925,0.89271957,-0.09978043000000003,1.0,0.8574565,-0.14254350000000005,0.975,0.975,0.0,0.0,0.0,0.0,0.0,0.0,0.0,0.0,0.0,0.0,1,1,0,False,False,False,False,False,False
680,1.0,0.8830067,-0.11699329999999997,0.99999994,0.83286667,-0.16713327,1.0,1.0,0.0,0.0,0.0,0.0,0.0,0.0,0.0,0.0,0.0,0.0,1,1,0,False,False,False,False,False,False
681,1.0,1.0,0.0,1.0,1.0,0.0,1.0,1.0,0.0,0.0,0.0,0.0,0.0,0.0,0.0,0.0,0.0,0.0,1,1,0,False,False,False,False,False,False
682,0.8086857,0.8687443,0.06005860000000007,0.8124082,0.92499185,0.11258364999999992,0.8,0.7375,-0.0625,0.0,0.0,0.0,0.0,0.0,0.0,0.0,0.0,0.0,1,1,0,False,False,False,False,False,False
683,0.8969599,0.83348066,-0.06347924000000005,0.938514,0.79961526,-0.1388987399999999,0.8,0.9125,0.11249999999999993,0.0,0.0,0.0,0.0,0.0,0.0,0.0,0.0,0.0,1,1,0,False,False,False,False,False,False
684,1.0,1.0,0.0,1.0,1.0,0.0,1.0,1.0,0.0,0.0,0.0,0.0,0.0,0.0,0.0,0.0,0.0,0.0,1,1,0,False,False,False,False,False,False
685,1.0,0.8699495,-0.13005049999999996,0.99999994,0.8142137,-0.18578624,1.0,1.0,0.0,0.0,0.0,0.0,0.0,0.0,0.0,0.0,0.0,0.0,1,1,0,False,False,False,False,False,False
686,0.8361961,0.92348444,0.08728833999999996,0.8517088,0.93890643,0.08719762999999991,0.8,0.8875,0.08749999999999991,0.0,0.0,0.0,0.0,0.0,0.0,0.0,0.0,0.0,1,1,0,False,False,False,False,False,False
687,0.9044098,0.88395846,-0.02045134000000004,0.9116568,0.8824407,-0.029216100000000078,0.8875,0.8875,0.0,0.0,0.0,0.0,0.0,0.0,0.0,0.0,0.0,0.0,1,1,0,False,False,False,False,False,False
688,1.0,1.0,0.0,1.0,1.0,0.0,1.0,1.0,0.0,0.0,0.0,0.0,0.0,0.0,0.0,0.0,0.0,0.0,1,1,0,False,False,False,False,False,False
689,1.0,0.4107646,-0.5892354,1.0,0.15823518,-0.84176482,1.0,1.0,0.0,0.0,0.0,0.0,0.0,0.0,0.0,0.0,0.0,0.0,1,1,0,False,False,False,False,False,False
690,0.7814497,0.7740451,-0.007404599999999983,0.7359995,0.77363586,0.037636359999999924,0.8875,0.77500004,-0.11249995999999995,0.0,0.0,0.0,0.0,0.0,0.0,0.0,0.0,0.0,1,1,0,False,False,False,False,False,False
691,0.8905098,0.7270703,-0.16343950000000007,0.87572825,0.8618861,-0.013842149999999998,0.925,0.4125,-0.5125000000000001,0.0,0.0,0.0,0.0,0.0,0.0,0.0,0.0,0.0,1,1,0,False,False,False,False,False,False
692,0.75694335,0.7117196,-0.04522375000000001,0.7009905,0.7756708,0.07468030000000003,0.8875,0.5625,-0.32499999999999996,0.0,0.0,0.0,0.0,0.0,0.0,0.0,0.0,0.0,1,1,0,False,False,False,False,False,False
693,0.74622834,0.7099475,-0.03628084000000009,0.71246904,0.799925,0.08745596,0.825,0.5,-0.32499999999999996,0.0,0.0,0.0,0.0,0.0,0.0,0.0,0.0,0.0,1,1,0,False,False,False,False,False,False
694,1.0,0.97749996,-0.022500040000000054,1.0,1.0,0.0,1.0,0.925,-0.07499999999999996,0.0,0.0,0.0,0.0,0.0,0.0,0.0,0.0,0.0,1,1,0,False,False,False,False,False,False
695,0.9496428,0.9601965,0.0105537,0.9548468,0.9431378,-0.01170899999999997,0.9375,1.0,0.0625,0.0,0.0,0.0,0.0,0.0,0.0,0.0,0.0,0.0,1,1,0,False,False,False,False,False,False
696,0.84063244,0.787986,-0.05264644000000007,0.83661765,0.76140845,-0.07520919999999998,0.85,0.85,0.0,0.0,0.0,0.0,0.0,0.0,0.0,0.0,0.0,0.0,1,1,0,False,False,False,False,False,False
697,0.7435683,0.8569207,0.11335240000000002,0.7783118,0.8491725,0.0708607,0.6625,0.875,0.21250000000000002,0.0,0.0,0.0,0.0,0.0,0.0,0.0,0.0,0.0,1,1,0,False,False,False,False,False,False
698,0.68957525,0.71530217,0.025726919999999986,0.64225036,0.75400305,0.11175268999999999,0.8,0.625,-0.17500000000000004,0.0,0.0,0.0,0.0,0.0,0.0,0.0,0.0,0.0,1,1,0,False,False,False,False,False,False
699,1.0,1.0,0.0,1.0,1.0,0.0,1.0,1.0,0.0,0.0,0.0,0.0,0.0,0.0,0.0,0.0,0.0,0.0,1,1,0,False,False,False,False,False,False
700,0.8357758,0.8083958,-0.02737999999999996,0.8243226,0.886994,0.06267139999999993,0.8625,0.625,-0.23750000000000004,0.0,0.0,0.0,0.0,0.0,0.0,0.0,0.0,0.0,1,1,0,False,False,False,False,False,False
701,1.0,1.0,0.0,1.0,1.0,0.0,1.0,1.0,0.0,0.0,0.0,0.0,0.0,0.0,0.0,0.0,0.0,0.0,1,1,0,False,False,False,False,False,False
702,0.92125,0.9080104,-0.013239600000000018,0.99999994,0.91680056,-0.08319938000000004,0.7375,0.8875,0.1499999999999999,0.0,0.0,0.0,0.0,0.0,0.0,0.0,0.0,0.0,1,1,0,False,False,False,False,False,False
703,0.8393238,0.91545737,0.0761335700000001,0.8776055,0.9756533,0.09804779999999991,0.75,0.77500004,0.02500004,0.0,0.0,0.0,0.0,0.0,0.0,0.0,0.0,0.0,1,1,0,False,False,False,False,False,False
704,1.0,0.8112642,-0.1887358,1.0,0.73037755,-0.26962244999999996,1.0,1.0,0.0,0.0,0.0,0.0,0.0,0.0,0.0,0.0,0.0,0.0,1,1,0,False,False,False,False,False,False
705,0.36678997,0.507921,0.14113102999999994,0.09541425,0.29702997,0.20161571999999997,1.0,1.0,0.0,0.0,0.0,0.0,0.0,0.0,0.0,0.0,0.0,0.0,1,1,0,False,False,False,False,False,False
706,0.7811418,0.83946764,0.05832583999999996,0.7355597,0.8188822,0.08332249999999997,0.8875,0.8875,0.0,0.0,0.0,0.0,0.0,0.0,0.0,0.0,0.0,0.0,1,1,0,False,False,False,False,False,False
707,0.7157598,0.7784047,0.0626449,0.70108545,0.71557814,0.014492689999999975,0.75,0.925,0.17500000000000004,0.0,0.0,0.0,0.0,0.0,0.0,0.0,0.0,0.0,1,1,0,False,False,False,False,False,False
708,1.0,1.0,0.0,1.0,1.0,0.0,1.0,1.0,0.0,0.0,0.0,0.0,0.0,0.0,0.0,0.0,0.0,0.0,1,1,0,False,False,False,False,False,False
709,1.0,1.0,0.0,1.0,1.0,0.0,1.0,1.0,0.0,0.0,0.0,0.0,0.0,0.0,0.0,0.0,0.0,0.0,1,1,0,False,False,False,False,False,False
710,0.87868214,0.8474075,-0.03127464000000002,0.87490296,0.8623679,-0.012535060000000042,0.8875,0.8125,-0.07499999999999996,0.0,0.0,0.0,0.0,0.0,0.0,0.0,0.0,0.0,1,1,0,False,False,False,False,False,False
711,1.0,0.94966185,-0.05033814999999997,1.0,0.97630256,-0.02369743999999996,1.0,0.8875,-0.11250000000000004,0.0,0.0,0.0,0.0,0.0,0.0,0.0,0.0,0.0,1,1,0,False,False,False,False,False,False
712,1.0,1.0,0.0,1.0,1.0,0.0,1.0,1.0,0.0,0.0,0.0,0.0,0.0,0.0,0.0,0.0,0.0,0.0,1,1,0,False,False,False,False,False,False
713,1.0,1.0,0.0,1.0,1.0,0.0,1.0,1.0,0.0,0.0,0.0,0.0,0.0,0.0,0.0,0.0,0.0,0.0,1,1,0,False,False,False,False,False,False
714,0.86469597,0.9099898,0.04529382999999998,0.8067084,0.8714138,0.06470540000000002,1.0,1.0,0.0,0.0,0.0,0.0,0.0,0.0,0.0,0.0,0.0,0.0,1,1,0,False,False,False,False,False,False
715,0.8522717,0.8511516,-0.0011200999999999572,0.8371737,0.93735933,0.10018563000000003,0.8875,0.65000004,-0.23749995999999995,0.0,0.0,0.0,0.0,0.0,0.0,0.0,0.0,0.0,1,1,0,False,False,False,False,False,False
716,0.84309065,0.92875004,0.08565939,0.89905804,1.0,0.10094196,0.71250004,0.7625,0.049999959999999954,0.0,0.0,0.0,0.0,0.0,0.0,0.0,0.0,0.0,1,1,0,False,False,False,False,False,False
717,0.75681406,0.8174891,0.06067504000000001,0.7008058,0.7874843,0.08667849999999999,0.8875,0.8875,0.0,0.0,0.0,0.0,0.0,0.0,0.0,0.0,0.0,0.0,1,1,0,False,False,False,False,False,False
718,0.7526619,0.573915,-0.17874690000000004,0.7377312,0.60023576,-0.13749544000000002,0.7875,0.5125,-0.275,0.0,0.0,0.0,0.0,0.0,0.0,0.0,0.0,0.0,1,1,0,False,False,False,False,False,False
719,0.8950798,0.8612323,-0.03384750000000003,0.85011405,0.9249746,0.07486055000000003,1.0,0.71250004,-0.28749996,0.0,0.0,0.0,0.0,0.0,0.0,0.0,0.0,0.0,1,1,0,False,False,False,False,False,False
720,0.8400263,0.890034,0.05000769999999999,0.8250375,0.91254854,0.08751103999999998,0.875,0.83750004,-0.03749996,0.0,0.0,0.0,0.0,0.0,0.0,0.0,0.0,0.0,1,1,0,False,False,False,False,False,False
721,1.0,1.0,0.0,0.99999994,0.99999994,0.0,1.0,1.0,0.0,0.0,0.0,0.0,0.0,0.0,0.0,0.0,0.0,0.0,1,1,0,False,False,False,False,False,False
722,0.9514637,0.90803546,-0.04342824000000001,0.9306625,0.9168365,-0.013825999999999894,1.0,0.8875,-0.11250000000000004,0.0,0.0,0.0,0.0,0.0,0.0,0.0,0.0,0.0,1,1,0,False,False,False,False,False,False
723,1.0,0.8041496,-0.19585039999999998,0.99999994,0.7202138,-0.27978614,1.0,1.0,0.0,0.0,0.0,0.0,0.0,0.0,0.0,0.0,0.0,0.0,1,1,0,False,False,False,False,False,False
724,0.7906655,0.8511101,0.06044459999999996,0.749165,0.8248001,0.07563510000000007,0.8875,0.9125,0.025000000000000022,0.0,0.0,0.0,0.0,0.0,0.0,0.0,0.0,0.0,1,1,0,False,False,False,False,False,False
725,1.0,1.0,0.0,1.0,1.0,0.0,1.0,1.0,0.0,0.0,0.0,0.0,0.0,0.0,0.0,0.0,0.0,0.0,1,1,0,False,False,False,False,False,False
726,0.8955795,0.87731165,-0.018267849999999974,0.8990421,0.9747309,0.0756888,0.8875,0.65000004,-0.23749995999999995,0.0,0.0,0.0,0.0,0.0,0.0,0.0,0.0,0.0,1,1,0,False,False,False,False,False,False
727,0.78551763,0.7848778,-0.0006398300000000079,0.7257395,0.7783968,0.05265730000000002,0.925,0.8,-0.125,0.0,0.0,0.0,0.0,0.0,0.0,0.0,0.0,0.0,1,1,0,False,False,False,False,False,False
728,1.0,1.0,0.0,1.0,1.0,0.0,1.0,1.0,0.0,0.0,0.0,0.0,0.0,0.0,0.0,0.0,0.0,0.0,1,1,0,False,False,False,False,False,False
729,1.0,1.0,0.0,1.0,1.0,0.0,1.0,1.0,0.0,0.0,0.0,0.0,0.0,0.0,0.0,0.0,0.0,0.0,1,1,0,False,False,False,False,False,False
730,1.0,1.0,0.0,1.0,1.0,0.0,1.0,1.0,0.0,0.0,0.0,0.0,0.0,0.0,0.0,0.0,0.0,0.0,1,1,0,False,False,False,False,False,False
731,1.0,1.0,0.0,1.0,1.0,0.0,1.0,1.0,0.0,0.0,0.0,0.0,0.0,0.0,0.0,0.0,0.0,0.0,1,1,0,False,False,False,False,False,False
732,1.0,1.0,0.0,1.0,1.0,0.0,1.0,1.0,0.0,0.0,0.0,0.0,0.0,0.0,0.0,0.0,0.0,0.0,1,1,0,False,False,False,False,False,False
733,0.96999997,0.8667917,-0.10320826999999999,0.99999994,0.8097025,-0.19029744000000004,0.90000004,1.0,0.09999996,0.0,0.0,0.0,0.0,0.0,0.0,0.0,0.0,0.0,1,1,0,False,False,False,False,False,False
734,0.7652188,0.78834194,0.023123140000000042,0.71281254,0.78870267,0.07589013,0.8875,0.7875,-0.09999999999999998,0.0,0.0,0.0,0.0,0.0,0.0,0.0,0.0,0.0,1,1,0,False,False,False,False,False,False
735,0.8311745,0.87868464,0.04751013999999998,0.8123921,0.9124066,0.1000145,0.875,0.8,-0.07499999999999996,0.0,0.0,0.0,0.0,0.0,0.0,0.0,0.0,0.0,1,1,0,False,False,False,False,False,False
736,0.8267933,0.8170888,-0.009704500000000005,0.80077606,0.92619824,0.12542217999999994,0.8875,0.5625,-0.32499999999999996,0.0,0.0,0.0,0.0,0.0,0.0,0.0,0.0,0.0,1,1,0,False,False,False,False,False,False
737,1.0,1.0,0.0,1.0,1.0,0.0,1.0,1.0,0.0,0.0,0.0,0.0,0.0,0.0,0.0,0.0,0.0,0.0,1,1,0,False,False,False,False,False,False
738,0.8477524,0.87025243,0.022500030000000004,0.8146463,0.8146463,0.0,0.925,1.0,0.07499999999999996,0.0,0.0,0.0,0.0,0.0,0.0,0.0,0.0,0.0,1,1,0,False,False,False,False,False,False
739,1.0,1.0,0.0,1.0,1.0,0.0,1.0,1.0,0.0,0.0,0.0,0.0,0.0,0.0,0.0,0.0,0.0,0.0,1,1,0,False,False,False,False,False,False
740,0.935379,0.46811524,-0.46726376,0.9612558,0.36337885,-0.5978769500000001,0.875,0.71250004,-0.16249996,0.0,0.0,0.0,0.0,0.0,0.0,0.0,0.0,0.0,1,1,0,False,False,False,False,False,False
741,1.0,1.0,0.0,1.0,1.0,0.0,1.0,1.0,0.0,0.0,0.0,0.0,0.0,0.0,0.0,0.0,0.0,0.0,1,1,0,False,False,False,False,False,False
742,0.8964173,0.936197,0.03977969999999997,0.90023905,0.9624243,0.06218524999999997,0.8875,0.875,-0.012499999999999956,0.0,0.0,0.0,0.0,0.0,0.0,0.0,0.0,0.0,1,1,0,False,False,False,False,False,False
743,0.77211016,0.8127295,0.040619340000000004,0.8351574,0.8985421,0.06338469999999996,0.625,0.6125,-0.012499999999999956,0.0,0.0,0.0,0.0,0.0,0.0,0.0,0.0,0.0,1,1,0,False,False,False,False,False,False
744,0.8699259,0.8124737,-0.057452200000000064,0.8623941,0.96246237,0.10006826999999996,0.8875,0.4625,-0.42499999999999993,0.0,0.0,0.0,0.0,0.0,0.0,0.0,0.0,0.0,1,1,0,False,False,False,False,False,False
745,0.77746147,0.7796906,0.0022291300000000236,0.83208776,0.8192009,-0.012886859999999944,0.65000004,0.6875,0.03749996,0.0,0.0,0.0,0.0,0.0,0.0,0.0,0.0,0.0,1,1,0,False,False,False,False,False,False
746,0.97749996,0.86335486,-0.1141451,1.0,0.8047927,-0.19520729999999997,0.925,1.0,0.07499999999999996,0.0,0.0,0.0,0.0,0.0,0.0,0.0,0.0,0.0,1,1,0,False,False,False,False,False,False
747,0.0,0.0,0.0,1.0,1.0,0.0,1.0,1.0,0.0,1.0,1.0,0.0,1.0,1.0,0.0,0.0,0.0,0.0,0,0,0,False,False,False,False,False,False
748,1.0,0.0,-1.0,1.0,1.0,0.0,1.0,1.0,0.0,0.0,1.0,1.0,0.0,1.0,1.0,0.0,0.0,0.0,1,0,-1,False,False,False,True,False,True
749,0.8354146,0.5515787,-0.28383590000000003,0.88809234,0.47725525,-0.41083709,0.71250004,0.725,0.012499959999999977,0.0,0.0,0.0,0.0,0.0,0.0,0.0,0.0,0.0,1,1,0,False,False,False,False,False,False
750,0.7948614,0.89167625,0.0968148499999999,0.8140877,0.9256089,0.11152119999999999,0.75,0.8125,0.0625,0.0,0.0,0.0,0.0,0.0,0.0,0.0,0.0,0.0,1,1,0,False,False,False,False,False,False
751,0.8261983,0.92998314,0.10378483999999999,0.79992616,0.89997596,0.10004979999999997,0.8875,1.0,0.11250000000000004,0.0,0.0,0.0,0.0,0.0,0.0,0.0,0.0,0.0,1,1,0,False,False,False,False,False,False
752,0.8269858,0.8753048,0.048319,0.8492653,0.9129353,0.06367,0.77500004,0.7875,0.012499959999999977,0.0,0.0,0.0,0.0,0.0,0.0,0.0,0.0,0.0,1,1,0,False,False,False,False,False,False
753,0.843919,0.881299,0.03738000000000008,0.8252415,0.97507006,0.14982856,0.8875,0.6625,-0.22499999999999998,0.0,0.0,0.0,0.0,0.0,0.0,0.0,0.0,0.0,1,1,0,False,False,False,False,False,False
754,1.0,1.0,0.0,1.0,1.0,0.0,1.0,1.0,0.0,0.0,0.0,0.0,0.0,0.0,0.0,0.0,0.0,0.0,1,1,0,False,False,False,False,False,False
755,0.7241283,0.7153682,-0.008760099999999937,0.65411186,0.7165974,0.06248554000000006,0.8875,0.71250004,-0.17499995999999995,0.0,0.0,0.0,0.0,0.0,0.0,0.0,0.0,0.0,1,1,0,False,False,False,False,False,False
756,0.90770525,0.88520527,-0.022499979999999975,0.9377932,0.9377932,0.0,0.83750004,0.7625,-0.07500004000000005,0.0,0.0,0.0,0.0,0.0,0.0,0.0,0.0,0.0,1,1,0,False,False,False,False,False,False
757,0.8701027,0.8788725,0.008769799999999939,0.86264664,0.87517494,0.012528299999999937,0.8875,0.8875,0.0,0.0,0.0,0.0,0.0,0.0,0.0,0.0,0.0,0.0,1,1,0,False,False,False,False,False,False
758,0.0,0.85862774,0.85862774,0.0,0.8676824,0.8676824,1.0,0.83750004,-0.16249996,1.0,0.0,-1.0,1.0,0.0,-1.0,0.0,0.0,0.0,0,1,1,False,False,True,False,True,False
759,0.97749996,0.68402284,-0.2934771199999999,1.0,0.548604,-0.451396,0.925,1.0,0.07499999999999996,0.0,0.0,0.0,0.0,0.0,0.0,0.0,0.0,0.0,1,1,0,False,False,False,False,False,False
760,0.8107983,0.8744219,0.0636236,0.81542605,0.9384599,0.12303385,0.8,0.725,-0.07500000000000007,0.0,0.0,0.0,0.0,0.0,0.0,0.0,0.0,0.0,1,1,0,False,False,False,False,False,False
761,1.0,1.0,0.0,1.0,1.0,0.0,1.0,1.0,0.0,0.0,0.0,0.0,0.0,0.0,0.0,0.0,0.0,0.0,1,1,0,False,False,False,False,False,False
762,0.73476905,0.82299966,0.08823060999999999,0.6693129,0.7953567,0.12604380000000004,0.8875,0.8875,0.0,0.0,0.0,0.0,0.0,0.0,0.0,0.0,0.0,0.0,1,1,0,False,False,False,False,False,False
763,0.87518656,0.8963642,0.02117764000000011,0.8699094,0.8840917,0.014182299999999981,0.8875,0.925,0.03750000000000009,0.0,0.0,0.0,0.0,0.0,0.0,0.0,0.0,0.0,1,1,0,False,False,False,False,False,False
764,1.0,1.0,0.0,1.0,1.0,0.0,1.0,1.0,0.0,0.0,0.0,0.0,0.0,0.0,0.0,0.0,0.0,0.0,1,1,0,False,False,False,False,False,False
765,0.8231037,0.92429143,0.10118773000000003,0.77943397,0.8918449,0.11241093000000002,0.925,1.0,0.07499999999999996,0.0,0.0,0.0,0.0,0.0,0.0,0.0,0.0,0.0,1,1,0,False,False,False,False,False,False
766,0.97375005,0.9694473,-0.004302750000000022,1.0,0.9563533,-0.04364670000000004,0.9125,1.0,0.08750000000000002,0.0,0.0,0.0,0.0,0.0,0.0,0.0,0.0,0.0,1,1,0,False,False,False,False,False,False
767,0.9193536,0.9122557,-0.00709789999999999,0.88479084,0.874651,-0.010139840000000011,1.0,1.0,0.0,0.0,0.0,0.0,0.0,0.0,0.0,0.0,0.0,0.0,1,1,0,False,False,False,False,False,False
768,0.0,0.0,0.0,1.0,1.0,0.0,1.0,1.0,0.0,1.0,1.0,0.0,1.0,1.0,0.0,0.0,0.0,0.0,0,0,0,False,False,False,False,False,False
769,0.78605926,0.8047809,0.018721639999999984,0.6943703,0.7800441,0.08567380000000002,1.0,0.8625,-0.13749999999999996,0.0,0.0,0.0,0.0,0.0,0.0,0.0,0.0,0.0,1,1,0,False,False,False,False,False,False
770,1.0,0.8666033,-0.13339670000000003,1.0,0.8897904,-0.11020960000000002,1.0,0.8125,-0.1875,0.0,0.0,0.0,0.0,0.0,0.0,0.0,0.0,0.0,1,1,0,False,False,False,False,False,False
771,0.8356228,0.8742668,0.03864400000000001,0.85088974,0.9007383,0.04984856000000004,0.8,0.8125,0.012499999999999956,0.0,0.0,0.0,0.0,0.0,0.0,0.0,0.0,0.0,1,1,0,False,False,False,False,False,False
772,0.8958743,0.9925,0.09662570000000004,0.85124904,1.0,0.14875096,1.0,0.975,-0.025000000000000022,0.0,0.0,0.0,0.0,0.0,0.0,0.0,0.0,0.0,1,1,0,False,False,False,False,False,False
773,0.83429474,0.82209873,-0.012196010000000035,0.81149244,0.9119268,0.10043436000000006,0.8875,0.6125,-0.2749999999999999,0.0,0.0,0.0,0.0,0.0,0.0,0.0,0.0,0.0,1,1,0,False,False,False,False,False,False
774,0.0,0.7093925,0.7093925,0.66124684,0.79913205,0.13788520999999998,1.0,0.5,-0.5,0.0,0.0,0.0,0.0,0.0,0.0,1.0,0.0,-1.0,0,1,1,True,False,False,False,False,False
775,1.0,1.0,0.0,1.0,1.0,0.0,1.0,1.0,0.0,0.0,0.0,0.0,0.0,0.0,0.0,0.0,0.0,0.0,1,1,0,False,False,False,False,False,False
776,0.8090092,0.8636325,0.05462330000000004,0.7753702,0.8373321,0.061961900000000014,0.8875,0.925,0.03750000000000009,0.0,0.0,0.0,0.0,0.0,0.0,0.0,0.0,0.0,1,1,0,False,False,False,False,False,False
777,0.96625006,0.94750005,-0.018750009999999984,1.0,1.0,0.0,0.8875,0.825,-0.0625,0.0,0.0,0.0,0.0,0.0,0.0,0.0,0.0,0.0,1,1,0,False,False,False,False,False,False
778,1.0,1.0,0.0,1.0,1.0,0.0,1.0,1.0,0.0,0.0,0.0,0.0,0.0,0.0,0.0,0.0,0.0,0.0,1,1,0,False,False,False,False,False,False
779,1.0,0.77403957,-0.22596043,1.0,0.67719936,-0.32280063999999997,1.0,1.0,0.0,0.0,0.0,0.0,0.0,0.0,0.0,0.0,0.0,0.0,1,1,0,False,False,False,False,False,False
780,0.8841526,0.8592457,-0.024906899999999954,0.83450377,0.94892234,0.11441857,1.0,0.65000004,-0.34999996,0.0,0.0,0.0,0.0,0.0,0.0,0.0,0.0,0.0,1,1,0,False,False,False,False,False,False
781,0.0,0.0,0.0,1.0,1.0,0.0,1.0,1.0,0.0,1.0,1.0,0.0,1.0,1.0,0.0,0.0,0.0,0.0,0,0,0,False,False,False,False,False,False
782,0.806121,0.7505063,-0.05561470000000002,0.8783871,0.80429465,-0.07409244999999998,0.6375,0.625,-0.012499999999999956,0.0,0.0,0.0,0.0,0.0,0.0,0.0,0.0,0.0,1,1,0,False,False,False,False,False,False
783,0.894926,0.97749996,0.08257395999999995,0.8498943,0.99999994,0.15010564000000004,1.0,0.925,-0.07499999999999996,0.0,0.0,0.0,0.0,0.0,0.0,0.0,0.0,0.0,1,1,0,False,False,False,False,False,False
784,0.94013757,0.8563637,-0.08377387000000003,0.91448224,0.8537339,-0.060748339999999956,1.0,0.8625,-0.13749999999999996,0.0,0.0,0.0,0.0,0.0,0.0,0.0,0.0,0.0,1,1,0,False,False,False,False,False,False
785,0.0,0.8591034,0.8591034,0.6141019,0.79871917,0.18461727000000006,0.8253969,1.0,0.1746031,0.0,0.0,0.0,0.0,0.0,0.0,1.0,0.0,-1.0,0,1,1,True,False,False,False,False,False
786,0.8628856,0.8804585,0.017572900000000002,0.8523365,0.96315485,0.11081834999999995,0.8875,0.6875,-0.19999999999999996,0.0,0.0,0.0,0.0,0.0,0.0,0.0,0.0,0.0,1,1,0,False,False,False,False,False,False
787,0.895,0.87531626,-0.01968374000000006,1.0,0.87545174,-0.12454825999999997,0.65000004,0.875,0.22499996,0.0,0.0,0.0,0.0,0.0,0.0,0.0,0.0,0.0,1,1,0,False,False,False,False,False,False
788,1.0,1.0,0.0,1.0,1.0,0.0,1.0,1.0,0.0,0.0,0.0,0.0,0.0,0.0,0.0,0.0,0.0,0.0,1,1,0,False,False,False,False,False,False
789,0.7676541,0.8498689,0.08221480000000003,0.6680773,0.78552693,0.11744962999999997,1.0,1.0,0.0,0.0,0.0,0.0,0.0,0.0,0.0,0.0,0.0,0.0,1,1,0,False,False,False,False,False,False
790,0.990818,0.95063204,-0.040185959999999965,0.9868829,0.9294743,-0.05740860000000003,1.0,1.0,0.0,0.0,0.0,0.0,0.0,0.0,0.0,0.0,0.0,0.0,1,1,0,False,False,False,False,False,False
791,0.87768745,0.86734575,-0.01034170000000001,0.8466963,0.8854939,0.03879759999999999,0.95,0.825,-0.125,0.0,0.0,0.0,0.0,0.0,0.0,0.0,0.0,0.0,1,1,0,False,False,False,False,False,False
792,0.9742729,0.92875004,-0.04552285999999994,0.9632471,1.0,0.03675289999999998,1.0,0.7625,-0.23750000000000004,0.0,0.0,0.0,0.0,0.0,0.0,0.0,0.0,0.0,1,1,0,False,False,False,False,False,False
793,0.8530281,0.87051624,0.017488140000000096,0.83825445,0.8632374,0.02498295000000006,0.8875,0.8875,0.0,0.0,0.0,0.0,0.0,0.0,0.0,0.0,0.0,0.0,1,1,0,False,False,False,False,False,False
794,0.8788857,0.83527356,-0.04361214000000002,0.8751938,0.8128907,-0.062303100000000056,0.8875,0.8875,0.0,0.0,0.0,0.0,0.0,0.0,0.0,0.0,0.0,0.0,1,1,0,False,False,False,False,False,False
795,0.83741295,0.7229623,-0.1144506500000001,0.84808993,0.872089,0.02399907000000001,0.8125,0.375,-0.4375,0.0,0.0,0.0,0.0,0.0,0.0,0.0,0.0,0.0,1,1,0,False,False,False,False,False,False
796,0.83624977,0.4723993,-0.36385047,0.89999956,0.4123561,-0.48764346000000003,0.6875,0.6125,-0.07499999999999996,0.0,0.0,0.0,0.0,0.0,0.0,0.0,0.0,0.0,1,1,0,False,False,False,False,False,False
797,1.0,0.9352188,-0.06478119999999998,1.0,0.9074554,-0.09254459999999998,1.0,1.0,0.0,0.0,0.0,0.0,0.0,0.0,0.0,0.0,0.0,0.0,1,1,0,False,False,False,False,False,False
798,0.951359,0.8140611,-0.13729789999999997,0.93051285,0.734373,-0.1961398499999999,1.0,1.0,0.0,0.0,0.0,0.0,0.0,0.0,0.0,0.0,0.0,0.0,1,1,0,False,False,False,False,False,False
799,0.8930788,0.7814456,-0.11163319999999999,0.8472554,0.8699223,0.022666900000000045,1.0,0.575,-0.42500000000000004,0.0,0.0,0.0,0.0,0.0,0.0,0.0,0.0,0.0,1,1,0,False,False,False,False,False,False
800,1.0,1.0,0.0,1.0,1.0,0.0,1.0,1.0,0.0,0.0,0.0,0.0,0.0,0.0,0.0,0.0,0.0,0.0,1,1,0,False,False,False,False,False,False
801,1.0,0.98425436,-0.015745640000000005,1.0,0.9775062,-0.022493800000000008,1.0,1.0,0.0,0.0,0.0,0.0,0.0,0.0,0.0,0.0,0.0,0.0,1,1,0,False,False,False,False,False,False
802,0.8621411,0.8782484,0.016107300000000047,0.8994872,0.8742835,-0.02520370000000005,0.77500004,0.8875,0.11249995999999995,0.0,0.0,0.0,0.0,0.0,0.0,0.0,0.0,0.0,1,1,0,False,False,False,False,False,False
803,0.85776484,0.9328198,0.07505496,0.7968069,0.9040283,0.10722140000000002,1.0,1.0,0.0,0.0,0.0,0.0,0.0,0.0,0.0,0.0,0.0,0.0,1,1,0,False,False,False,False,False,False
804,0.843296,0.90600854,0.06271253999999993,0.8243514,0.924655,0.10030360000000005,0.8875,0.8625,-0.02499999999999991,0.0,0.0,0.0,0.0,0.0,0.0,0.0,0.0,0.0,1,1,0,False,False,False,False,False,False
805,1.0,0.88341486,-0.11658513999999998,1.0,0.8334498,-0.16655019999999998,1.0,1.0,0.0,0.0,0.0,0.0,0.0,0.0,0.0,0.0,0.0,0.0,1,1,0,False,False,False,False,False,False
806,0.87229806,0.8523197,-0.019978359999999973,0.8175686,0.7890281,-0.02854049999999997,1.0,1.0,0.0,0.0,0.0,0.0,0.0,0.0,0.0,0.0,0.0,0.0,1,1,0,False,False,False,False,False,False
807,0.7920012,0.7608519,-0.031149299999999935,0.78321594,0.90478843,0.12157248999999992,0.8125,0.425,-0.3875,0.0,0.0,0.0,0.0,0.0,0.0,0.0,0.0,0.0,1,1,0,False,False,False,False,False,False
808,0.69868386,0.6619326,-0.03675126000000006,0.6016912,0.67776084,0.07606964000000005,0.925,0.625,-0.30000000000000004,0.0,0.0,0.0,0.0,0.0,0.0,0.0,0.0,0.0,1,1,0,False,False,False,False,False,False
809,0.8691946,0.8627343,-0.006460300000000085,0.8131351,0.93783474,0.12469964,1.0,0.6875,-0.3125,0.0,0.0,0.0,0.0,0.0,0.0,0.0,0.0,0.0,1,1,0,False,False,False,False,False,False
810,0.9095251,0.88478893,-0.024736169999999946,0.8707501,0.8354126,-0.03533750000000002,1.0,1.0,0.0,0.0,0.0,0.0,0.0,0.0,0.0,0.0,0.0,0.0,1,1,0,False,False,False,False,False,False
811,0.88479996,0.8762538,-0.00854616000000008,0.8354284,0.8232197,-0.012208699999999961,1.0,1.0,0.0,0.0,0.0,0.0,0.0,0.0,0.0,0.0,0.0,0.0,1,1,0,False,False,False,False,False,False
812,0.93610907,0.5341924,-0.40191667,0.9622987,0.4095605,-0.5527382,0.875,0.825,-0.050000000000000044,0.0,0.0,0.0,0.0,0.0,0.0,0.0,0.0,0.0,1,1,0,False,False,False,False,False,False
813,0.8516947,0.93118364,0.07948893999999995,0.87384945,0.9499052,0.07605574999999998,0.8,0.8875,0.08749999999999991,0.0,0.0,0.0,0.0,0.0,0.0,0.0,0.0,0.0,1,1,0,False,False,False,False,False,False
814,0.8039566,0.8474514,0.043494799999999945,0.7199379,0.7820734,0.06213550000000001,1.0,1.0,0.0,0.0,0.0,0.0,0.0,0.0,0.0,0.0,0.0,0.0,1,1,0,False,False,False,False,False,False
815,0.8411417,0.96625006,0.12510836000000003,0.8748453,1.0000001,0.1251548,0.7625,0.8875,0.125,0.0,0.0,0.0,0.0,0.0,0.0,0.0,0.0,0.0,1,1,0,False,False,False,False,False,False
816,0.97749996,0.8800762,-0.09742375999999997,1.0,0.8286804,-0.17131960000000002,0.925,1.0,0.07499999999999996,0.0,0.0,0.0,0.0,0.0,0.0,0.0,0.0,0.0,1,1,0,False,False,False,False,False,False
817,1.0,0.9552631,-0.04473689999999997,1.0000001,0.93609005,-0.06391005000000005,1.0,1.0,0.0,0.0,0.0,0.0,0.0,0.0,0.0,0.0,0.0,0.0,1,1,0,False,False,False,False,False,False
818,0.8557742,0.8360966,-0.019677600000000073,0.7939632,0.8194237,0.025460499999999997,1.0,0.875,-0.125,0.0,0.0,0.0,0.0,0.0,0.0,0.0,0.0,0.0,1,1,0,False,False,False,False,False,False
819,0.92267686,0.96250004,0.03982317999999996,0.9377526,1.0,0.06224739999999995,0.8875,0.875,-0.012499999999999956,0.0,0.0,0.0,0.0,0.0,0.0,0.0,0.0,0.0,1,1,0,False,False,False,False,False,False
820,0.97375005,0.96250004,-0.011250010000000032,1.0,1.0,0.0,0.9125,0.875,-0.03749999999999998,0.0,0.0,0.0,0.0,0.0,0.0,0.0,0.0,0.0,1,1,0,False,False,False,False,False,False
821,0.76978797,0.6536262,-0.11616176999999994,0.8371971,0.87482315,0.037626049999999966,0.6125,0.1375,-0.47500000000000003,0.0,0.0,0.0,0.0,0.0,0.0,0.0,0.0,0.0,1,1,0,False,False,False,False,False,False
822,0.86165076,0.8389646,-0.02268616000000001,0.8452153,0.7699494,-0.0752659,0.90000004,1.0,0.09999996,0.0,0.0,0.0,0.0,0.0,0.0,0.0,0.0,0.0,1,1,0,False,False,False,False,False,False
823,1.0,0.88143295,-0.11856705000000001,1.0,0.8306184,-0.16938160000000002,1.0,1.0,0.0,0.0,0.0,0.0,0.0,0.0,0.0,0.0,0.0,0.0,1,1,0,False,False,False,False,False,False
824,1.0,1.0,0.0,1.0,1.0,0.0,1.0,1.0,0.0,0.0,0.0,0.0,0.0,0.0,0.0,0.0,0.0,0.0,1,1,0,False,False,False,False,False,False
825,0.9666428,0.96625006,-0.00039274000000000253,0.9898467,1.0,0.010153300000000032,0.9125,0.8875,-0.025000000000000022,0.0,0.0,0.0,0.0,0.0,0.0,0.0,0.0,0.0,1,1,0,False,False,False,False,False,False
826,0.7967594,0.7608219,-0.035937499999999956,0.7578706,0.79760265,0.03973205000000002,0.8875,0.675,-0.2124999999999999,0.0,0.0,0.0,0.0,0.0,0.0,0.0,0.0,0.0,1,1,0,False,False,False,False,False,False
827,0.87174207,0.89016485,0.018422779999999972,0.8649887,0.98773545,0.1227467499999999,0.8875,0.6625,-0.22499999999999998,0.0,0.0,0.0,0.0,0.0,0.0,0.0,0.0,0.0,1,1,0,False,False,False,False,False,False
828,1.0,0.96625006,-0.03374993999999998,1.0,1.0,0.0,1.0,0.8875,-0.11250000000000004,0.0,0.0,0.0,0.0,0.0,0.0,0.0,0.0,0.0,1,1,0,False,False,False,False,False,False
829,1.0,1.0,0.0,1.0,1.0,0.0,1.0,1.0,0.0,0.0,0.0,0.0,0.0,0.0,0.0,0.0,0.0,0.0,1,1,0,False,False,False,False,False,False
830,0.7565448,0.835314,0.07876919999999998,0.7004212,0.8129485,0.1125273,0.8875,0.8875,0.0,0.0,0.0,0.0,0.0,0.0,0.0,0.0,0.0,0.0,1,1,0,False,False,False,False,False,False
831,0.8708609,0.8796579,0.008796999999999944,0.9119441,0.9245113,0.0125672,0.77500004,0.77500004,0.0,0.0,0.0,0.0,0.0,0.0,0.0,0.0,0.0,0.0,1,1,0,False,False,False,False,False,False
832,0.80305797,0.85930794,0.05624996999999998,0.79901135,0.79901135,0.0,0.8125,1.0,0.1875,0.0,0.0,0.0,0.0,0.0,0.0,0.0,0.0,0.0,1,1,0,False,False,False,False,False,False
833,0.96999997,0.92125,-0.04874997000000003,1.0,1.0,0.0,0.90000004,0.7375,-0.16250003999999996,0.0,0.0,0.0,0.0,0.0,0.0,0.0,0.0,0.0,1,1,0,False,False,False,False,False,False
834,1.0,0.9486516,-0.05134839999999996,0.99999994,0.92664516,-0.07335478000000006,1.0,1.0,0.0,0.0,0.0,0.0,0.0,0.0,0.0,0.0,0.0,0.0,1,1,0,False,False,False,False,False,False
835,1.0,1.0,0.0,1.0,1.0,0.0,1.0,1.0,0.0,0.0,0.0,0.0,0.0,0.0,0.0,0.0,0.0,0.0,1,1,0,False,False,False,False,False,False
836,1.0,1.0,0.0,1.0,1.0,0.0,1.0,1.0,0.0,0.0,0.0,0.0,0.0,0.0,0.0,0.0,0.0,0.0,1,1,0,False,False,False,False,False,False
837,0.79065245,0.7713537,-0.01929874999999992,0.8348607,0.8983624,0.0635017,0.6875,0.475,-0.21250000000000002,0.0,0.0,0.0,0.0,0.0,0.0,0.0,0.0,0.0,1,1,0,False,False,False,False,False,False
838,0.0,0.0,0.0,0.43778974,0.50033766,0.06254792000000003,0.4473684,0.63414633,0.18677792999999998,0.0,0.0,0.0,1.0,1.0,0.0,0.0,0.0,0.0,0,0,0,False,False,False,False,False,False
839,1.0,1.0,0.0,1.0,1.0,0.0,1.0,1.0,0.0,0.0,0.0,0.0,0.0,0.0,0.0,0.0,0.0,0.0,1,1,0,False,False,False,False,False,False
840,0.9049531,0.87884676,-0.026106340000000006,0.912433,0.87513816,-0.03729484000000005,0.8875,0.8875,0.0,0.0,0.0,0.0,0.0,0.0,0.0,0.0,0.0,0.0,1,1,0,False,False,False,False,False,False
841,0.792383,0.76422566,-0.02815733999999992,0.8587614,0.8881796,0.02941819999999995,0.6375,0.475,-0.16249999999999998,0.0,0.0,0.0,0.0,0.0,0.0,0.0,0.0,0.0,1,1,0,False,False,False,False,False,False
842,1.0,0.34101927,-0.65898073,1.0,0.05859897,-0.94140103,1.0,1.0,0.0,0.0,0.0,0.0,0.0,0.0,0.0,0.0,0.0,0.0,1,1,0,False,False,False,False,False,False
843,0.8576712,0.92242765,0.06475645000000008,0.8502445,0.9748966,0.12465210000000004,0.875,0.8,-0.07499999999999996,0.0,0.0,0.0,0.0,0.0,0.0,0.0,0.0,0.0,1,1,0,False,False,False,False,False,False
844,1.0,1.0,0.0,1.0,1.0,0.0,1.0,1.0,0.0,0.0,0.0,0.0,0.0,0.0,0.0,0.0,0.0,0.0,1,1,0,False,False,False,False,False,False
845,0.86882526,0.9300844,0.06125913999999999,0.81260747,0.90012056,0.08751308999999996,1.0,1.0,0.0,0.0,0.0,0.0,0.0,0.0,0.0,0.0,0.0,0.0,1,1,0,False,False,False,False,False,False
846,0.85600436,0.7997543,-0.05625005999999999,0.79429185,0.79429185,0.0,1.0,0.8125,-0.1875,0.0,0.0,0.0,0.0,0.0,0.0,0.0,0.0,0.0,1,1,0,False,False,False,False,False,False
847,0.9129672,0.8938207,-0.019146499999999955,0.87566745,0.84831524,-0.027352209999999988,1.0,1.0,0.0,0.0,0.0,0.0,0.0,0.0,0.0,0.0,0.0,0.0,1,1,0,False,False,False,False,False,False
848,0.822295,0.8634617,0.0411667,0.79434997,0.9228023,0.12845233,0.8875,0.725,-0.16249999999999998,0.0,0.0,0.0,0.0,0.0,0.0,0.0,0.0,0.0,1,1,0,False,False,False,False,False,False
849,0.7715644,0.0,-0.7715644,0.72187775,0.47059703,-0.25128071999999996,0.8875,1.0,0.11250000000000004,0.0,1.0,1.0,0.0,1.0,1.0,0.0,0.0,0.0,1,0,-1,False,False,False,True,False,True
850,1.0,1.0,0.0,1.0,1.0,0.0,1.0,1.0,0.0,0.0,0.0,0.0,0.0,0.0,0.0,0.0,0.0,0.0,1,1,0,False,False,False,False,False,False
851,0.95916903,0.9418734,-0.017295630000000006,0.9898844,0.9169619,-0.0729225,0.8875,1.0,0.11250000000000004,0.0,0.0,0.0,0.0,0.0,0.0,0.0,0.0,0.0,1,1,0,False,False,False,False,False,False
852,0.74180305,0.8685913,0.12678824999999994,0.6311472,0.8122732,0.181126,1.0,1.0,0.0,0.0,0.0,0.0,0.0,0.0,0.0,0.0,0.0,0.0,1,1,0,False,False,False,False,False,False
853,0.78163254,0.92227954,0.14064699999999997,0.8112607,0.937185,0.1259243000000001,0.71250004,0.8875,0.17499995999999995,0.0,0.0,0.0,0.0,0.0,0.0,0.0,0.0,0.0,1,1,0,False,False,False,False,False,False
854,0.9025,0.9025,0.0,1.0,1.0,0.0,0.675,0.675,0.0,0.0,0.0,0.0,0.0,0.0,0.0,0.0,0.0,0.0,1,1,0,False,False,False,False,False,False
855,0.7938649,0.7801568,-0.0137081,0.70552135,0.73415256,0.028631209999999907,1.0,0.8875,-0.11250000000000004,0.0,0.0,0.0,0.0,0.0,0.0,0.0,0.0,0.0,1,1,0,False,False,False,False,False,False
856,0.82504386,0.85879385,0.03374999000000001,0.7982769,0.7982769,0.0,0.8875,1.0,0.11250000000000004,0.0,0.0,0.0,0.0,0.0,0.0,0.0,0.0,0.0,1,1,0,False,False,False,False,False,False
857,0.96250004,0.80786383,-0.15463621000000005,1.0,0.7683769,-0.23162309999999997,0.875,0.90000004,0.02500004,0.0,0.0,0.0,0.0,0.0,0.0,0.0,0.0,0.0,1,1,0,False,False,False,False,False,False
858,1.0,0.8758769,-0.12412310000000004,1.0,0.8226813,-0.17731870000000005,1.0,1.0,0.0,0.0,0.0,0.0,0.0,0.0,0.0,0.0,0.0,0.0,1,1,0,False,False,False,False,False,False
859,0.8160204,0.7722047,-0.04381570000000001,0.84967196,0.7870781,-0.06259386,0.7375,0.7375,0.0,0.0,0.0,0.0,0.0,0.0,0.0,0.0,0.0,0.0,1,1,0,False,False,False,False,False,False
860,0.4508163,0.52458185,0.07376555000000001,0.42438042,0.37440255,-0.04997786999999998,0.5125,0.875,0.36250000000000004,0.0,0.0,0.0,0.0,0.0,0.0,0.0,0.0,0.0,1,1,0,False,False,False,False,False,False
861,1.0,0.93366957,-0.06633043000000005,1.0,0.9052422,-0.0947578,1.0,1.0,0.0,0.0,0.0,0.0,0.0,0.0,0.0,0.0,0.0,0.0,1,1,0,False,False,False,False,False,False
862,0.8498888,0.77242416,-0.07746463999999997,0.8498411,0.8998916,0.0500505,0.85,0.475,-0.375,0.0,0.0,0.0,0.0,0.0,0.0,0.0,0.0,0.0,1,1,0,False,False,False,False,False,False
863,0.97749996,0.92875,-0.04874995999999998,0.99999994,0.99999994,0.0,0.925,0.7625,-0.1625000000000001,0.0,0.0,0.0,0.0,0.0,0.0,0.0,0.0,0.0,1,1,0,False,False,False,False,False,False
864,0.97749996,0.94102585,-0.03647410999999989,1.0,0.9157512,-0.08424880000000001,0.925,1.0,0.07499999999999996,0.0,0.0,0.0,0.0,0.0,0.0,0.0,0.0,0.0,1,1,0,False,False,False,False,False,False
865,0.71617085,0.7361763,0.02000544999999998,0.74988693,0.8373947,0.0875077700000001,0.6375,0.5,-0.13749999999999996,0.0,0.0,0.0,0.0,0.0,0.0,0.0,0.0,0.0,1,1,0,False,False,False,False,False,False
866,0.84962463,0.8912708,0.04164617000000004,0.8387495,0.96252966,0.12378015999999992,0.875,0.725,-0.15000000000000002,0.0,0.0,0.0,0.0,0.0,0.0,0.0,0.0,0.0,1,1,0,False,False,False,False,False,False
867,0.903392,0.8593715,-0.04402050000000002,0.8619886,0.79910207,-0.06288653,1.0,1.0,0.0,0.0,0.0,0.0,0.0,0.0,0.0,0.0,0.0,0.0,1,1,0,False,False,False,False,False,False
868,1.0,1.0,0.0,1.0,1.0,0.0,1.0,1.0,0.0,0.0,0.0,0.0,0.0,0.0,0.0,0.0,0.0,0.0,1,1,0,False,False,False,False,False,False
869,1.0,1.0,0.0,1.0,1.0,0.0,1.0,1.0,0.0,0.0,0.0,0.0,0.0,0.0,0.0,0.0,0.0,0.0,1,1,0,False,False,False,False,False,False
870,0.8841311,0.9306122,0.04648110000000005,0.8344729,0.94908893,0.11461603000000009,1.0,0.8875,-0.11250000000000004,0.0,0.0,0.0,0.0,0.0,0.0,0.0,0.0,0.0,1,1,0,False,False,False,False,False,False
871,0.7779994,0.84663355,0.06863414999999995,0.7364277,0.8237621,0.08733440000000003,0.875,0.90000004,0.02500004,0.0,0.0,0.0,0.0,0.0,0.0,0.0,0.0,0.0,1,1,0,False,False,False,False,False,False
872,0.96250004,0.7124071,-0.25009294000000004,0.99999994,0.6587959,-0.34120404000000004,0.875,0.83750004,-0.03749996,0.0,0.0,0.0,0.0,0.0,0.0,0.0,0.0,0.0,1,1,0,False,False,False,False,False,False
873,1.0,1.0,0.0,1.0,1.0,0.0,1.0,1.0,0.0,0.0,0.0,0.0,0.0,0.0,0.0,0.0,0.0,0.0,1,1,0,False,False,False,False,False,False
874,0.7501504,0.7751441,0.024993700000000008,0.7127148,0.8127059,0.0999911,0.83750004,0.6875,-0.15000004,0.0,0.0,0.0,0.0,0.0,0.0,0.0,0.0,0.0,1,1,0,False,False,False,False,False,False
875,0.86024475,0.57557297,-0.28467178000000004,0.87534964,0.50081855,-0.37453109000000007,0.825,0.75,-0.07499999999999996,0.0,0.0,0.0,0.0,0.0,0.0,0.0,0.0,0.0,1,1,0,False,False,False,False,False,False
876,0.9387949,0.92052025,-0.018274649999999948,0.96077853,0.9346718,-0.026106729999999967,0.8875,0.8875,0.0,0.0,0.0,0.0,0.0,0.0,0.0,0.0,0.0,0.0,1,1,0,False,False,False,False,False,False
877,0.832375,0.85834086,0.025965860000000007,0.7605357,0.8619155,0.10137979999999991,1.0,0.85,-0.15000000000000002,0.0,0.0,0.0,0.0,0.0,0.0,0.0,0.0,0.0,1,1,0,False,False,False,False,False,False
878,1.0,1.0,0.0,1.0,1.0,0.0,1.0,1.0,0.0,0.0,0.0,0.0,0.0,0.0,0.0,0.0,0.0,0.0,1,1,0,False,False,False,False,False,False
879,1.0,1.0,0.0,1.0,1.0,0.0,1.0,1.0,0.0,0.0,0.0,0.0,0.0,0.0,0.0,0.0,0.0,0.0,1,1,0,False,False,False,False,False,False
880,0.8452067,0.7914332,-0.05377350000000003,0.8752952,0.9002617,0.024966500000000003,0.77500004,0.5375,-0.23750004000000002,0.0,0.0,0.0,0.0,0.0,0.0,0.0,0.0,0.0,1,1,0,False,False,False,False,False,False
881,0.9442918,0.87624997,-0.06804182999999997,0.96863115,1.0,0.031368850000000004,0.8875,0.58750004,-0.29999995999999995,0.0,0.0,0.0,0.0,0.0,0.0,0.0,0.0,0.0,1,1,0,False,False,False,False,False,False
882,0.97749996,0.8036192,-0.17388075999999997,1.0,0.719456,-0.280544,0.925,1.0,0.07499999999999996,0.0,0.0,0.0,0.0,0.0,0.0,0.0,0.0,0.0,1,1,0,False,False,False,False,False,False
883,1.0,1.0,0.0,1.0,1.0,0.0,1.0,1.0,0.0,0.0,0.0,0.0,0.0,0.0,0.0,0.0,0.0,0.0,1,1,0,False,False,False,False,False,False
884,1.0,1.0,0.0,1.0,1.0,0.0,1.0,1.0,0.0,0.0,0.0,0.0,0.0,0.0,0.0,0.0,0.0,0.0,1,1,0,False,False,False,False,False,False
885,0.94961166,0.87397766,-0.07563399999999998,0.976231,0.8681824,-0.10804859999999994,0.8875,0.8875,0.0,0.0,0.0,0.0,0.0,0.0,0.0,0.0,0.0,0.0,1,1,0,False,False,False,False,False,False
886,0.8791273,0.91375,0.034622700000000006,0.875539,1.0,0.12446100000000004,0.8875,0.71250004,-0.17499995999999995,0.0,0.0,0.0,0.0,0.0,0.0,0.0,0.0,0.0,1,1,0,False,False,False,False,False,False
887,0.0,0.0,0.0,1.0,1.0,0.0,0.0,1.0,1.0,1.0,1.0,0.0,1.0,1.0,0.0,0.0,0.0,0.0,0,0,0,False,False,False,False,False,False
888,0.8826273,0.5613828,-0.32124450000000004,0.9233961,0.46983254,-0.45356356000000003,0.7875,0.77500004,-0.012499959999999977,0.0,0.0,0.0,0.0,0.0,0.0,0.0,0.0,0.0,1,1,0,False,False,False,False,False,False
889,0.85803366,0.7817952,-0.07623846000000001,0.8614766,0.8489932,-0.012483400000000033,0.85,0.625,-0.22499999999999998,0.0,0.0,0.0,0.0,0.0,0.0,0.0,0.0,0.0,1,1,0,False,False,False,False,False,False
890,1.0,1.0,0.0,1.0,1.0,0.0,1.0,1.0,0.0,0.0,0.0,0.0,0.0,0.0,0.0,0.0,0.0,0.0,1,1,0,False,False,False,False,False,False
891,0.79385215,0.8999168,0.10606464999999998,0.75371736,0.9480954,0.19437804000000003,0.8875,0.7875,-0.09999999999999998,0.0,0.0,0.0,0.0,0.0,0.0,0.0,0.0,0.0,1,1,0,False,False,False,False,False,False
892,0.9931192,0.0,-0.9931192,0.9901702,0.9901702,0.0,1.0,1.0,0.0,0.0,1.0,1.0,0.0,1.0,1.0,0.0,0.0,0.0,1,0,-1,False,False,False,True,False,True
893,0.7718291,0.8114988,0.03966969999999992,0.7436845,0.7842841,0.04059960000000007,0.83750004,0.875,0.03749996,0.0,0.0,0.0,0.0,0.0,0.0,0.0,0.0,0.0,1,1,0,False,False,False,False,False,False
894,0.83867115,0.86747104,0.02879988999999994,0.8498874,0.9124586,0.06257120000000005,0.8125,0.7625,-0.050000000000000044,0.0,0.0,0.0,0.0,0.0,0.0,0.0,0.0,0.0,1,1,0,False,False,False,False,False,False
895,0.74218327,0.83899593,0.09681266,0.6638332,0.76999414,0.10616093999999998,0.925,1.0,0.07499999999999996,0.0,0.0,0.0,0.0,0.0,0.0,0.0,0.0,0.0,1,1,0,False,False,False,False,False,False
896,0.85693836,0.73227084,-0.12466752000000003,0.8652691,0.66038686,-0.20488224,0.83750004,0.90000004,0.0625,0.0,0.0,0.0,0.0,0.0,0.0,0.0,0.0,0.0,1,1,0,False,False,False,False,False,False
897,0.87282497,0.80599785,-0.06682712000000002,0.93617845,0.80856836,-0.12761009,0.725,0.8,0.07500000000000007,0.0,0.0,0.0,0.0,0.0,0.0,0.0,0.0,0.0,1,1,0,False,False,False,False,False,False
898,0.7554979,0.7903431,0.03484520000000002,0.80071115,0.8879901,0.08727894999999997,0.65000004,0.5625,-0.08750004,0.0,0.0,0.0,0.0,0.0,0.0,0.0,0.0,0.0,1,1,0,False,False,False,False,False,False
899,0.8610863,0.9136875,0.052601200000000015,0.8497661,0.9249107,0.0751446,0.8875,0.8875,0.0,0.0,0.0,0.0,0.0,0.0,0.0,0.0,0.0,0.0,1,1,0,False,False,False,False,False,False
900,0.85136473,0.8970353,0.045670569999999966,0.8358782,0.9493362,0.11345799999999995,0.8875,0.77500004,-0.11249995999999995,0.0,0.0,0.0,0.0,0.0,0.0,0.0,0.0,0.0,1,1,0,False,False,False,False,False,False
901,0.96625006,0.8875,-0.07875006000000007,1.0,1.0,0.0,0.8875,0.625,-0.26249999999999996,0.0,0.0,0.0,0.0,0.0,0.0,0.0,0.0,0.0,1,1,0,False,False,False,False,False,False
902,0.95874995,0.81625265,-0.14249729999999994,0.99999994,0.87678945,-0.12321049000000006,0.8625,0.675,-0.1875,0.0,0.0,0.0,0.0,0.0,0.0,0.0,0.0,0.0,1,1,0,False,False,False,False,False,False
903,0.83510685,0.8863249,0.051218050000000015,0.8126526,0.91260695,0.09995435000000008,0.8875,0.825,-0.0625,0.0,0.0,0.0,0.0,0.0,0.0,0.0,0.0,0.0,1,1,0,False,False,False,False,False,False
904,0.8794923,0.9038243,0.02433200000000002,0.859989,0.9108205,0.05083150000000003,0.925,0.8875,-0.03750000000000009,0.0,0.0,0.0,0.0,0.0,0.0,0.0,0.0,0.0,1,1,0,False,False,False,False,False,False
905,0.0,0.73499084,0.73499084,0.72492397,0.7874869,0.06256293000000002,0.7808219,0.6125,-0.1683218999999999,0.0,0.0,0.0,1.0,0.0,-1.0,0.0,0.0,0.0,0,1,1,False,False,True,False,False,False
906,0.75710493,0.8037198,0.046614869999999975,0.6851499,0.7624569,0.07730700000000001,0.925,0.90000004,-0.024999960000000043,0.0,0.0,0.0,0.0,0.0,0.0,0.0,0.0,0.0,1,1,0,False,False,False,False,False,False
907,0.83490926,0.8524248,0.017515539999999996,0.81237036,0.9123926,0.10002224000000004,0.8875,0.71250004,-0.17499995999999995,0.0,0.0,0.0,0.0,0.0,0.0,0.0,0.0,0.0,1,1,0,False,False,False,False,False,False
908,1.0,1.0,0.0,1.0,1.0,0.0,1.0,1.0,0.0,0.0,0.0,0.0,0.0,0.0,0.0,0.0,0.0,0.0,1,1,0,False,False,False,False,False,False
909,0.8295767,0.90940154,0.07982484000000001,0.81546676,0.98843074,0.17296398000000002,0.8625,0.725,-0.13750000000000007,0.0,0.0,0.0,0.0,0.0,0.0,0.0,0.0,0.0,1,1,0,False,False,False,False,False,False
910,0.6420841,0.56467974,-0.07740436000000006,0.7726202,0.683471,-0.08914919999999993,0.3375,0.2875,-0.050000000000000044,0.0,0.0,0.0,0.0,0.0,0.0,0.0,0.0,0.0,1,1,0,False,False,False,False,False,False
911,0.0,0.0,0.0,1.0,1.0,0.0,1.0,1.0,0.0,1.0,1.0,0.0,1.0,1.0,0.0,0.0,0.0,0.0,0,0,0,False,False,False,False,False,False
912,0.7864676,0.79633397,0.009866369999999902,0.69495374,0.7733342,0.07838045999999999,1.0,0.85,-0.15000000000000002,0.0,0.0,0.0,0.0,0.0,0.0,0.0,0.0,0.0,1,1,0,False,False,False,False,False,False
913,0.9638777,0.902327,-0.06155069999999996,0.9483966,0.9354671,-0.012929500000000038,1.0,0.825,-0.17500000000000004,0.0,0.0,0.0,0.0,0.0,0.0,0.0,0.0,0.0,1,1,0,False,False,False,False,False,False
914,1.0,0.8273768,-0.17262319999999998,1.0,0.7533953,-0.2466047,1.0,1.0,0.0,0.0,0.0,0.0,0.0,0.0,0.0,0.0,0.0,0.0,1,1,0,False,False,False,False,False,False
915,0.8526131,0.7625799,-0.09003320000000004,0.83766145,0.87511414,0.037452689999999955,0.8875,0.5,-0.38749999999999996,0.0,0.0,0.0,0.0,0.0,0.0,0.0,0.0,0.0,1,1,0,False,False,False,False,False,False
916,1.0,1.0,0.0,1.0,1.0,0.0,1.0,1.0,0.0,0.0,0.0,0.0,0.0,0.0,0.0,0.0,0.0,0.0,1,1,0,False,False,False,False,False,False
917,0.86086005,0.89967173,0.038811680000000015,0.84944296,0.937031,0.08758803999999998,0.8875,0.8125,-0.07499999999999996,0.0,0.0,0.0,0.0,0.0,0.0,0.0,0.0,0.0,1,1,0,False,False,False,False,False,False
918,0.9406462,0.871772,-0.0688742,0.9152088,0.81681716,-0.09839164,1.0,1.0,0.0,0.0,0.0,0.0,0.0,0.0,0.0,0.0,0.0,0.0,1,1,0,False,False,False,False,False,False
919,0.8190884,0.8575042,0.0384158,0.7897692,0.84464884,0.05487964000000001,0.8875,0.8875,0.0,0.0,0.0,0.0,0.0,0.0,0.0,0.0,0.0,0.0,1,1,0,False,False,False,False,False,False
920,0.72398704,0.8239136,0.09992656,0.65391004,0.8127337,0.15882366000000003,0.8875,0.85,-0.03749999999999998,0.0,0.0,0.0,0.0,0.0,0.0,0.0,0.0,0.0,1,1,0,False,False,False,False,False,False
921,0.8720598,0.83790207,-0.03415773,0.8654425,0.81664586,-0.04879664000000006,0.8875,0.8875,0.0,0.0,0.0,0.0,0.0,0.0,0.0,0.0,0.0,0.0,1,1,0,False,False,False,False,False,False
922,0.90901375,0.7243074,-0.1847063499999999,0.923591,0.9490106,0.025419599999999987,0.875,0.2,-0.675,0.0,0.0,0.0,0.0,0.0,0.0,0.0,0.0,0.0,1,1,0,False,False,False,False,False,False
923,0.96625006,0.96010876,-0.006141300000000016,1.0,0.94301254,-0.05698745999999999,0.8875,1.0,0.11250000000000004,0.0,0.0,0.0,0.0,0.0,0.0,0.0,0.0,0.0,1,1,0,False,False,False,False,False,False
924,0.64488345,0.6752574,0.030373949999999983,0.63733345,0.648582,0.011248550000000024,0.6625,0.7375,0.07500000000000007,0.0,0.0,0.0,0.0,0.0,0.0,0.0,0.0,0.0,1,1,0,False,False,False,False,False,False
925,0.89875,0.9025,0.00374999999999992,1.0,1.0,0.0,0.6625,0.675,0.012500000000000067,0.0,0.0,0.0,0.0,0.0,0.0,0.0,0.0,0.0,1,1,0,False,False,False,False,False,False
926,0.9325,0.9412222,0.008722200000000013,1.0,0.9160318,-0.08396820000000005,0.77500004,1.0,0.22499996,0.0,0.0,0.0,0.0,0.0,0.0,0.0,0.0,0.0,1,1,0,False,False,False,False,False,False
927,0.8598154,0.92240906,0.06259366,0.7997362,0.9373702,0.13763400000000003,1.0,0.8875,-0.11250000000000004,0.0,0.0,0.0,0.0,0.0,0.0,0.0,0.0,0.0,1,1,0,False,False,False,False,False,False
928,0.95125,0.8814853,-0.06976470000000001,1.0,0.8842647,-0.11573529999999999,0.83750004,0.875,0.03749996,0.0,0.0,0.0,0.0,0.0,0.0,0.0,0.0,0.0,1,1,0,False,False,False,False,False,False
929,1.0,1.0,0.0,1.0,1.0,0.0,1.0,1.0,0.0,0.0,0.0,0.0,0.0,0.0,0.0,0.0,0.0,0.0,1,1,0,False,False,False,False,False,False
930,0.79485863,0.8085947,0.013736069999999989,0.7872981,0.8122781,0.024980000000000002,0.8125,0.8,-0.012499999999999956,0.0,0.0,0.0,0.0,0.0,0.0,0.0,0.0,0.0,1,1,0,False,False,False,False,False,False
931,0.93613166,0.4538365,-0.48229516000000006,0.96233094,0.3108378,-0.6514931399999999,0.875,0.7875,-0.08750000000000002,0.0,0.0,0.0,0.0,0.0,0.0,0.0,0.0,0.0,1,1,0,False,False,False,False,False,False
932,0.6684331,0.92865485,0.26022175000000003,0.52633303,0.8980784,0.3717453700000001,1.0,1.0,0.0,0.0,0.0,0.0,0.0,0.0,0.0,0.0,0.0,0.0,1,1,0,False,False,False,False,False,False
933,0.9576457,0.9576457,0.0,0.98770815,0.98770815,0.0,0.8875,0.8875,0.0,0.0,0.0,0.0,0.0,0.0,0.0,0.0,0.0,0.0,1,1,0,False,False,False,False,False,False
934,0.8616349,0.90500927,0.043374369999999995,0.8505499,0.91251326,0.06196336000000002,0.8875,0.8875,0.0,0.0,0.0,0.0,0.0,0.0,0.0,0.0,0.0,0.0,1,1,0,False,False,False,False,False,False
935,0.8293293,0.7483944,-0.08093490000000003,0.8258276,0.81199205,-0.01383555000000003,0.83750004,0.6,-0.23750004000000002,0.0,0.0,0.0,0.0,0.0,0.0,0.0,0.0,0.0,1,1,0,False,False,False,False,False,False
936,1.0,0.9306613,-0.06933869999999998,1.0,0.9009447,-0.09905529999999996,1.0,1.0,0.0,0.0,0.0,0.0,0.0,0.0,0.0,0.0,0.0,0.0,1,1,0,False,False,False,False,False,False
937,0.96250004,0.8601366,-0.10236343999999997,1.0,0.9609094,-0.039090599999999975,0.875,0.625,-0.25,0.0,0.0,0.0,0.0,0.0,0.0,0.0,0.0,0.0,1,1,0,False,False,False,False,False,False
938,0.84237874,0.7636892,-0.07868954000000006,0.7748267,0.88741314,0.11258644000000007,1.0,0.475,-0.525,0.0,0.0,0.0,0.0,0.0,0.0,0.0,0.0,0.0,1,1,0,False,False,False,False,False,False
939,0.79486257,0.8588694,0.06400682999999996,0.73908937,0.8465991,0.10750973000000008,0.925,0.8875,-0.03750000000000009,0.0,0.0,0.0,0.0,0.0,0.0,0.0,0.0,0.0,1,1,0,False,False,False,False,False,False
940,1.0,1.0,0.0,1.0,1.0,0.0,1.0,1.0,0.0,0.0,0.0,0.0,0.0,0.0,0.0,0.0,0.0,0.0,1,1,0,False,False,False,False,False,False
941,0.89875,0.0,-0.89875,1.0,1.0,0.0,0.6625,0.39726028,-0.26523971999999996,0.0,1.0,1.0,0.0,1.0,1.0,0.0,0.0,0.0,1,0,-1,False,False,False,True,False,True
942,1.0,1.0,0.0,1.0,1.0,0.0,1.0,1.0,0.0,0.0,0.0,0.0,0.0,0.0,0.0,0.0,0.0,0.0,1,1,0,False,False,False,False,False,False
943,0.7414217,0.7912898,0.04986810000000008,0.6306024,0.7018426,0.07124019999999998,1.0,1.0,0.0,0.0,0.0,0.0,0.0,0.0,0.0,0.0,0.0,0.0,1,1,0,False,False,False,False,False,False
944,0.94375,0.9175,-0.026249999999999996,1.0,1.0,0.0,0.8125,0.725,-0.08750000000000002,0.0,0.0,0.0,0.0,0.0,0.0,0.0,0.0,0.0,1,1,0,False,False,False,False,False,False
945,0.8212456,0.85996974,0.03872414000000002,0.8249937,0.91245675,0.08746304999999999,0.8125,0.7375,-0.07499999999999996,0.0,0.0,0.0,0.0,0.0,0.0,0.0,0.0,0.0,1,1,0,False,False,False,False,False,False
946,0.92516005,0.84970707,-0.07545298,0.9413,0.83351016,-0.10778984000000003,0.8875,0.8875,0.0,0.0,0.0,0.0,0.0,0.0,0.0,0.0,0.0,0.0,1,1,0,False,False,False,False,False,False
947,0.79022264,0.84834427,0.058121630000000035,0.74853235,0.8744202,0.12588785000000002,0.8875,0.7875,-0.09999999999999998,0.0,0.0,0.0,0.0,0.0,0.0,0.0,0.0,0.0,1,1,0,False,False,False,False,False,False
948,1.0,1.0,0.0,1.0,1.0,0.0,1.0,1.0,0.0,0.0,0.0,0.0,0.0,0.0,0.0,0.0,0.0,0.0,1,1,0,False,False,False,False,False,False
949,0.8511692,0.9132435,0.06207430000000003,0.78738457,0.8760621,0.08867753,1.0,1.0,0.0,0.0,0.0,0.0,0.0,0.0,0.0,0.0,0.0,0.0,1,1,0,False,False,False,False,False,False
950,0.94444907,0.90999997,-0.03444910000000001,0.9742128,0.99999994,0.02578714000000004,0.875,0.7,-0.17500000000000004,0.0,0.0,0.0,0.0,0.0,0.0,0.0,0.0,0.0,1,1,0,False,False,False,False,False,False
951,0.9325,0.9011343,-0.03136569999999994,0.99999994,0.92304903,-0.07695090999999998,0.77500004,0.85,0.07499995999999998,0.0,0.0,0.0,0.0,0.0,0.0,0.0,0.0,0.0,1,1,0,False,False,False,False,False,False
952,1.0,1.0,0.0,1.0,1.0,0.0,1.0,1.0,0.0,0.0,0.0,0.0,0.0,0.0,0.0,0.0,0.0,0.0,1,1,0,False,False,False,False,False,False
953,0.84227294,0.84227294,0.0,0.8228899,0.8228899,0.0,0.8875,0.8875,0.0,0.0,0.0,0.0,0.0,0.0,0.0,0.0,0.0,0.0,1,1,0,False,False,False,False,False,False
954,0.88108504,0.80709785,-0.07398718999999998,0.93190724,0.7726398,-0.15926744000000004,0.7625,0.8875,0.125,0.0,0.0,0.0,0.0,0.0,0.0,0.0,0.0,0.0,1,1,0,False,False,False,False,False,False
955,0.7635984,0.8083871,0.044788700000000015,0.7104977,0.828053,0.11755530000000003,0.8875,0.7625,-0.125,0.0,0.0,0.0,0.0,0.0,0.0,0.0,0.0,0.0,1,1,0,False,False,False,False,False,False
956,0.5630175,0.41946474,-0.14355275999999995,0.3757392,0.17066388,-0.20507532,1.0,1.0,0.0,0.0,0.0,0.0,0.0,0.0,0.0,0.0,0.0,0.0,1,1,0,False,False,False,False,False,False
957,0.96625006,0.9445116,-0.021738460000000015,1.0,0.92073095,-0.07926904999999995,0.8875,1.0,0.11250000000000004,0.0,0.0,0.0,0.0,0.0,0.0,0.0,0.0,0.0,1,1,0,False,False,False,False,False,False
958,1.0,1.0,0.0,1.0,1.0,0.0,1.0,1.0,0.0,0.0,0.0,0.0,0.0,0.0,0.0,0.0,0.0,0.0,1,1,0,False,False,False,False,False,False
959,0.84266204,0.84301627,0.0003542300000000109,0.8502315,0.82395184,-0.026279660000000038,0.825,0.8875,0.0625,0.0,0.0,0.0,0.0,0.0,0.0,0.0,0.0,0.0,1,1,0,False,False,False,False,False,False
960,1.0,1.0,0.0,1.0,1.0,0.0,1.0,1.0,0.0,0.0,0.0,0.0,0.0,0.0,0.0,0.0,0.0,0.0,1,1,0,False,False,False,False,False,False
961,0.88384515,0.86271584,-0.021129309999999957,0.8983501,0.9110226,0.012672499999999975,0.85,0.75,-0.09999999999999998,0.0,0.0,0.0,0.0,0.0,0.0,0.0,0.0,0.0,1,1,0,False,False,False,False,False,False
962,1.0,1.0,0.0,1.0,1.0,0.0,1.0,1.0,0.0,0.0,0.0,0.0,0.0,0.0,0.0,0.0,0.0,0.0,1,1,0,False,False,False,False,False,False
963,1.0,0.9082176,-0.09178240000000004,1.0,0.86888236,-0.13111764000000004,1.0,1.0,0.0,0.0,0.0,0.0,0.0,0.0,0.0,0.0,0.0,0.0,1,1,0,False,False,False,False,False,False
964,0.85147095,0.83778584,-0.013685109999999945,0.8360299,0.9129083,0.07687840000000001,0.8875,0.6625,-0.22499999999999998,0.0,0.0,0.0,0.0,0.0,0.0,0.0,0.0,0.0,1,1,0,False,False,False,False,False,False
965,1.0,0.0,-1.0,1.0,1.0,0.0,1.0,1.0,0.0,0.0,1.0,1.0,0.0,1.0,1.0,0.0,0.0,0.0,1,0,-1,False,False,False,True,False,True
966,0.8419358,0.66282433,-0.17911147000000005,0.8706226,0.71653473,-0.15408787000000002,0.77500004,0.5375,-0.23750004000000002,0.0,0.0,0.0,0.0,0.0,0.0,0.0,0.0,0.0,1,1,0,False,False,False,False,False,False
967,0.91,0.8763825,-0.03361750000000008,1.0,0.9037608,-0.09623919999999997,0.7,0.8125,0.11250000000000004,0.0,0.0,0.0,0.0,0.0,0.0,0.0,0.0,0.0,1,1,0,False,False,False,False,False,False
968,1.0,1.0,0.0,1.0,1.0,0.0,1.0,1.0,0.0,0.0,0.0,0.0,0.0,0.0,0.0,0.0,0.0,0.0,1,1,0,False,False,False,False,False,False
969,0.0,0.61071455,0.61071455,0.34048402,0.4438779,0.10339388,1.0,1.0,0.0,1.0,0.0,-1.0,1.0,0.0,-1.0,0.0,0.0,0.0,0,1,1,False,False,True,False,True,False
970,1.0,1.0,0.0,1.0,1.0,0.0,1.0,1.0,0.0,0.0,0.0,0.0,0.0,0.0,0.0,0.0,0.0,0.0,1,1,0,False,False,False,False,False,False
971,0.8739527,0.958172,0.0842193,0.9110037,0.9884601,0.07745639999999998,0.7875,0.8875,0.09999999999999998,0.0,0.0,0.0,0.0,0.0,0.0,0.0,0.0,0.0,1,1,0,False,False,False,False,False,False
972,1.0,1.0,0.0,1.0,1.0,0.0,1.0,1.0,0.0,0.0,0.0,0.0,0.0,0.0,0.0,0.0,0.0,0.0,1,1,0,False,False,False,False,False,False
973,0.8696682,0.93947715,0.06980894999999998,0.87274027,0.961753,0.08901272999999998,0.8625,0.8875,0.02499999999999991,0.0,0.0,0.0,0.0,0.0,0.0,0.0,0.0,0.0,1,1,0,False,False,False,False,False,False
974,1.0,0.9077715,-0.09222850000000005,1.0,0.86824495,-0.13175504999999998,1.0,1.0,0.0,0.0,0.0,0.0,0.0,0.0,0.0,0.0,0.0,0.0,1,1,0,False,False,False,False,False,False
975,0.87167376,0.68092513,-0.19074862999999997,0.902391,0.8656073,-0.036783700000000086,0.8,0.25,-0.55,0.0,0.0,0.0,0.0,0.0,0.0,0.0,0.0,0.0,1,1,0,False,False,False,False,False,False
976,0.0,0.0,0.0,0.14780958,0.110849045,-0.036960535,0.375,0.4,0.025000000000000022,1.0,0.0,-1.0,1.0,0.0,-1.0,0.0,1.0,1.0,0,0,0,False,True,True,False,True,False
977,0.78536314,0.85821515,0.07285201000000008,0.7737331,0.8885216,0.11478850000000007,0.8125,0.7875,-0.025000000000000022,0.0,0.0,0.0,0.0,0.0,0.0,0.0,0.0,0.0,1,1,0,False,False,False,False,False,False
978,0.83228534,0.8998872,0.06760186000000001,0.84612185,0.92662454,0.0805026900000001,0.8,0.83750004,0.03750003999999996,0.0,0.0,0.0,0.0,0.0,0.0,0.0,0.0,0.0,1,1,0,False,False,False,False,False,False
979,0.96999997,0.7985951,-0.17140487000000004,1.0,0.7122786,-0.2877214,0.90000004,1.0,0.09999996,0.0,0.0,0.0,0.0,0.0,0.0,0.0,0.0,0.0,1,1,0,False,False,False,False,False,False
980,0.0,0.94750005,0.94750005,0.012566287,1.0,0.987433713,0.0,0.825,0.825,1.0,0.0,-1.0,1.0,0.0,-1.0,0.0,0.0,0.0,0,1,1,False,False,True,False,True,False
981,0.8142708,0.8788544,0.06458360000000007,0.78288686,0.92336345,0.14047659,0.8875,0.77500004,-0.11249995999999995,0.0,0.0,0.0,0.0,0.0,0.0,0.0,0.0,0.0,1,1,0,False,False,False,False,False,False
982,0.8788395,0.83875,-0.0400895,0.87512785,1.0,0.12487214999999996,0.8875,0.4625,-0.42499999999999993,0.0,0.0,0.0,0.0,0.0,0.0,0.0,0.0,0.0,1,1,0,False,False,False,False,False,False
983,0.865218,0.85159063,-0.013627370000000028,0.8878115,0.8254866,-0.062324900000000016,0.8125,0.9125,0.09999999999999998,0.0,0.0,0.0,0.0,0.0,0.0,0.0,0.0,0.0,1,1,0,False,False,False,False,False,False
984,0.8514924,0.7735685,-0.07792390000000005,0.81998914,0.8586693,0.03868015999999996,0.925,0.575,-0.3500000000000001,0.0,0.0,0.0,0.0,0.0,0.0,0.0,0.0,0.0,1,1,0,False,False,False,False,False,False
985,0.71296537,0.70921534,-0.003750030000000071,0.6381648,0.6381648,0.0,0.8875,0.875,-0.012499999999999956,0.0,0.0,0.0,0.0,0.0,0.0,0.0,0.0,0.0,1,1,0,False,False,False,False,False,False
986,0.8731613,0.9044404,0.031279100000000004,0.8991591,0.9117006,0.012541499999999983,0.8125,0.8875,0.07499999999999996,0.0,0.0,0.0,0.0,0.0,0.0,0.0,0.0,0.0,1,1,0,False,False,False,False,False,False
987,1.0,0.8851684,-0.11483160000000003,0.99999994,0.8359548,-0.16404514000000003,1.0,1.0,0.0,0.0,0.0,0.0,0.0,0.0,0.0,0.0,0.0,0.0,1,1,0,False,False,False,False,False,False
988,0.88663465,0.94881076,0.06217611000000001,0.83804953,0.97508687,0.13703734,1.0,0.8875,-0.11250000000000004,0.0,0.0,0.0,0.0,0.0,0.0,0.0,0.0,0.0,1,1,0,False,False,False,False,False,False
989,0.8223896,0.0,-0.8223896,0.7944851,0.43847165,-0.35601345000000006,0.8875,0.7567568,-0.13074319999999995,0.0,1.0,1.0,0.0,1.0,1.0,0.0,0.0,0.0,1,0,-1,False,False,False,True,False,True
990,0.83228457,0.8411425,0.008857930000000014,0.76040655,0.85341775,0.09301119999999996,1.0,0.8125,-0.1875,0.0,0.0,0.0,0.0,0.0,0.0,0.0,0.0,0.0,1,1,0,False,False,False,False,False,False
991,0.96625006,0.9317732,-0.034476860000000054,1.0,0.9025331,-0.09746690000000002,0.8875,1.0,0.11250000000000004,0.0,0.0,0.0,0.0,0.0,0.0,0.0,0.0,0.0,1,1,0,False,False,False,False,False,False
992,0.9212562,0.9037464,-0.01750980000000002,0.8875088,0.9749949,0.08748610000000001,1.0,0.7375,-0.26249999999999996,0.0,0.0,0.0,0.0,0.0,0.0,0.0,0.0,0.0,1,1,0,False,False,False,False,False,False
993,0.8487536,0.90092844,0.052174840000000056,0.8321479,0.9870406,0.1548927,0.8875,0.7,-0.1875,0.0,0.0,0.0,0.0,0.0,0.0,0.0,0.0,0.0,1,1,0,False,False,False,False,False,False
994,0.96625006,0.839827,-0.12642306000000003,1.0,0.8193956,-0.1806044,0.8875,0.8875,0.0,0.0,0.0,0.0,0.0,0.0,0.0,0.0,0.0,0.0,1,1,0,False,False,False,False,False,False
995,0.51810116,0.30363998,-0.21446117999999997,0.3115731,0.005199935,-0.306373165,1.0,1.0,0.0,0.0,0.0,0.0,0.0,0.0,0.0,0.0,0.0,0.0,1,1,0,False,False,False,False,False,False
996,0.968342,0.9109648,-0.05737720000000002,0.9547744,0.9103068,-0.04446760000000005,1.0,0.9125,-0.08750000000000002,0.0,0.0,0.0,0.0,0.0,0.0,0.0,0.0,0.0,1,1,0,False,False,False,False,False,False
997,1.0,0.9378067,-0.06219330000000001,1.0,0.9111524,-0.08884760000000003,1.0,1.0,0.0,0.0,0.0,0.0,0.0,0.0,0.0,0.0,0.0,0.0,1,1,0,False,False,False,False,False,False
998,0.36688545,0.3014761,-0.06540934999999998,0.095550634,0.002108693,-0.093441941,1.0,1.0,0.0,0.0,0.0,0.0,0.0,0.0,0.0,0.0,0.0,0.0,1,1,0,False,False,False,False,False,False
999,0.9025,0.94,0.03749999999999998,1.0,1.0,0.0,0.675,0.8,0.125,0.0,0.0,0.0,0.0,0.0,0.0,0.0,0.0,0.0,1,1,0,False,False,False,False,False,False
1000,0.86828166,0.84052765,-0.027754009999999996,0.90825945,0.86861086,-0.039648589999999984,0.77500004,0.77500004,0.0,0.0,0.0,0.0,0.0,0.0,0.0,0.0,0.0,0.0,1,1,0,False,False,False,False,False,False
1001,0.9201221,0.0,-0.9201221,0.99838865,0.9514067,-0.04698194999999994,0.7375,0.82,0.0824999999999999,0.0,1.0,1.0,0.0,1.0,1.0,0.0,0.0,0.0,1,0,-1,False,False,False,True,False,True
1002,0.8513156,0.9338156,0.08250000000000002,0.93759376,0.93759376,0.0,0.65000004,0.925,0.27499996000000004,0.0,0.0,0.0,0.0,0.0,0.0,0.0,0.0,0.0,1,1,0,False,False,False,False,False,False
1003,0.8519994,0.7984192,-0.05358019999999997,0.9117848,0.9370274,0.025242600000000004,0.71250004,0.475,-0.23750004000000002,0.0,0.0,0.0,0.0,0.0,0.0,0.0,0.0,0.0,1,1,0,False,False,False,False,False,False
1004,0.7142436,0.7348706,0.020627000000000062,0.62391937,0.7873151,0.16339573000000007,0.925,0.6125,-0.3125,0.0,0.0,0.0,0.0,0.0,0.0,0.0,0.0,0.0,1,1,0,False,False,False,False,False,False
1005,1.0,1.0,0.0,1.0,1.0,0.0,1.0,1.0,0.0,0.0,0.0,0.0,0.0,0.0,0.0,0.0,0.0,0.0,1,1,0,False,False,False,False,False,False
1006,0.8647537,0.82168216,-0.04307153999999991,0.9246481,0.9488316,0.024183500000000024,0.725,0.52500004,-0.19999995999999998,0.0,0.0,0.0,0.0,0.0,0.0,0.0,0.0,0.0,1,1,0,False,False,False,False,False,False
1007,1.0,1.0,0.0,1.0,1.0,0.0,1.0,1.0,0.0,0.0,0.0,0.0,0.0,0.0,0.0,0.0,0.0,0.0,1,1,0,False,False,False,False,False,False
1008,0.92286456,0.88911456,-0.03374999999999995,0.88980645,0.88980645,0.0,1.0,0.8875,-0.11250000000000004,0.0,0.0,0.0,0.0,0.0,0.0,0.0,0.0,0.0,1,1,0,False,False,False,False,False,False
1009,0.89475507,0.6326174,-0.26213767,0.8978644,0.59302485,-0.30483954999999996,0.8875,0.725,-0.16249999999999998,0.0,0.0,0.0,0.0,0.0,0.0,0.0,0.0,0.0,1,1,0,False,False,False,False,False,False
1010,0.6889963,0.72523576,0.03623946,0.7110662,0.69855106,-0.01251513999999998,0.6375,0.7875,0.15000000000000002,0.0,0.0,0.0,0.0,0.0,0.0,0.0,0.0,0.0,1,1,0,False,False,False,False,False,False
1011,1.0,1.0,0.0,1.0,1.0,0.0,1.0,1.0,0.0,0.0,0.0,0.0,0.0,0.0,0.0,0.0,0.0,0.0,1,1,0,False,False,False,False,False,False
1012,0.8835001,0.7358696,-0.1476305,0.8764287,0.9012423,0.024813600000000102,0.90000004,0.35,-0.55000004,0.0,0.0,0.0,0.0,0.0,0.0,0.0,0.0,0.0,1,1,0,False,False,False,False,False,False
1013,1.0,0.9302683,-0.06973169999999995,1.0,0.9485975,-0.05140250000000002,1.0,0.8875,-0.11250000000000004,0.0,0.0,0.0,0.0,0.0,0.0,0.0,0.0,0.0,1,1,0,False,False,False,False,False,False
1014,0.0,0.97182924,0.97182924,0.6776562,0.9972561,0.31959989999999994,0.0,0.9125,0.9125,0.0,0.0,0.0,0.0,0.0,0.0,1.0,0.0,-1.0,0,1,1,True,False,False,False,False,False
1015,0.76005304,0.82375413,0.06370109000000002,0.81257576,0.8875058,0.07493004000000003,0.6375,0.675,0.03750000000000009,0.0,0.0,0.0,0.0,0.0,0.0,0.0,0.0,0.0,1,1,0,False,False,False,False,False,False
1016,0.73131853,0.7713235,0.04000497000000003,0.6750979,0.775105,0.10000710000000002,0.8625,0.7625,-0.10000000000000009,0.0,0.0,0.0,0.0,0.0,0.0,0.0,0.0,0.0,1,1,0,False,False,False,False,False,False
1017,1.0,0.9095461,-0.09045389999999998,1.0,0.8707801,-0.12921990000000005,1.0,1.0,0.0,0.0,0.0,0.0,0.0,0.0,0.0,0.0,0.0,0.0,1,1,0,False,False,False,False,False,False
1018,1.0,0.8765255,-0.12347450000000004,0.99999994,0.8718221,-0.12817784,1.0,0.8875,-0.11250000000000004,0.0,0.0,0.0,0.0,0.0,0.0,0.0,0.0,0.0,1,1,0,False,False,False,False,False,False
1019,0.90909827,0.86607534,-0.043022930000000015,0.87014025,0.9479647,0.07782445000000004,1.0,0.675,-0.32499999999999996,0.0,0.0,0.0,0.0,0.0,0.0,0.0,0.0,0.0,1,1,0,False,False,False,False,False,False
1020,1.0,1.0,0.0,1.0,1.0,0.0,1.0,1.0,0.0,0.0,0.0,0.0,0.0,0.0,0.0,0.0,0.0,0.0,1,1,0,False,False,False,False,False,False
1021,0.8775185,0.9465851,0.06906659999999998,0.8732407,0.923693,0.050452300000000005,0.8875,1.0,0.11250000000000004,0.0,0.0,0.0,0.0,0.0,0.0,0.0,0.0,0.0,1,1,0,False,False,False,False,False,False
1022,0.7188727,1.0,0.28112729999999997,0.5983896,1.0,0.40161040000000003,1.0,1.0,0.0,0.0,0.0,0.0,0.0,0.0,0.0,0.0,0.0,0.0,1,1,0,False,False,False,False,False,False
1023,1.0,0.90054893,-0.09945106999999997,1.0,0.8579271,-0.14207289999999995,1.0,1.0,0.0,0.0,0.0,0.0,0.0,0.0,0.0,0.0,0.0,0.0,1,1,0,False,False,False,False,False,False
1024,1.0,1.0,0.0,1.0,1.0,0.0,1.0,1.0,0.0,0.0,0.0,0.0,0.0,0.0,0.0,0.0,0.0,0.0,1,1,0,False,False,False,False,False,False
1025,1.0,0.9797844,-0.0202156,1.0,0.97112066,-0.02887934000000003,1.0,1.0,0.0,0.0,0.0,0.0,0.0,0.0,0.0,0.0,0.0,0.0,1,1,0,False,False,False,False,False,False
1026,1.0,0.9265612,-0.07343880000000003,1.0,0.8950873,-0.10491269999999997,1.0,1.0,0.0,0.0,0.0,0.0,0.0,0.0,0.0,0.0,0.0,0.0,1,1,0,False,False,False,False,False,False
1027,0.85507125,0.90873635,0.05366510000000002,0.9001017,0.94998044,0.04987874000000003,0.75,0.8125,0.0625,0.0,0.0,0.0,0.0,0.0,0.0,0.0,0.0,0.0,1,1,0,False,False,False,False,False,False
1028,1.0,0.84959775,-0.15040224999999996,1.0,0.78513956,-0.21486044000000004,1.0,1.0,0.0,0.0,0.0,0.0,0.0,0.0,0.0,0.0,0.0,0.0,1,1,0,False,False,False,False,False,False
1029,1.0,1.0,0.0,1.0,1.0,0.0,1.0,1.0,0.0,0.0,0.0,0.0,0.0,0.0,0.0,0.0,0.0,0.0,1,1,0,False,False,False,False,False,False
1030,0.8754945,0.850996,-0.02449849999999998,0.8703493,0.83535147,-0.03499783000000001,0.8875,0.8875,0.0,0.0,0.0,0.0,0.0,0.0,0.0,0.0,0.0,0.0,1,1,0,False,False,False,False,False,False
1031,0.85835403,0.7359881,-0.12236592999999996,0.8726486,0.8853401,0.012691499999999967,0.825,0.38750002,-0.43749997999999996,0.0,0.0,0.0,0.0,0.0,0.0,0.0,0.0,0.0,1,1,0,False,False,False,False,False,False
1032,0.0,0.7950218,0.7950218,0.63944745,0.75538826,0.11594081,0.7924528,0.8875,0.0950472,1.0,0.0,-1.0,1.0,0.0,-1.0,0.0,0.0,0.0,0,1,1,False,False,True,False,True,False
1033,1.0,1.0,0.0,1.0,1.0,0.0,1.0,1.0,0.0,0.0,0.0,0.0,0.0,0.0,0.0,0.0,0.0,0.0,1,1,0,False,False,False,False,False,False
1034,0.85116464,0.9573347,0.10617005999999996,0.83559227,0.98726386,0.15167158999999997,0.8875,0.8875,0.0,0.0,0.0,0.0,0.0,0.0,0.0,0.0,0.0,0.0,1,1,0,False,False,False,False,False,False
1035,1.0,1.0,0.0,1.0,1.0,0.0,1.0,1.0,0.0,0.0,0.0,0.0,0.0,0.0,0.0,0.0,0.0,0.0,1,1,0,False,False,False,False,False,False
1036,0.88647616,0.819393,-0.06708315999999992,0.8860373,0.9241328,0.03809549999999995,0.8875,0.575,-0.3125,0.0,0.0,0.0,0.0,0.0,0.0,0.0,0.0,0.0,1,1,0,False,False,False,False,False,False
1037,1.0,0.0,-1.0,1.0,1.0,0.0,1.0,1.0,0.0,0.0,1.0,1.0,0.0,1.0,1.0,0.0,0.0,0.0,1,0,-1,False,False,False,True,False,True
1038,1.0,1.0,0.0,1.0,1.0,0.0,1.0,1.0,0.0,0.0,0.0,0.0,0.0,0.0,0.0,0.0,0.0,0.0,1,1,0,False,False,False,False,False,False
1039,1.0,0.8406758,-0.15932420000000003,1.0,0.772394,-0.22760599999999998,1.0,1.0,0.0,0.0,0.0,0.0,0.0,0.0,0.0,0.0,0.0,0.0,1,1,0,False,False,False,False,False,False
1040,0.9449914,0.880254,-0.06473740000000006,0.9749877,0.8771486,-0.09783910000000007,0.875,0.8875,0.012499999999999956,0.0,0.0,0.0,0.0,0.0,0.0,0.0,0.0,0.0,1,1,0,False,False,False,False,False,False
1041,0.8980841,0.8674615,-0.030622600000000055,0.91869146,0.8106593,-0.10803216000000004,0.85,1.0,0.15000000000000002,0.0,0.0,0.0,0.0,0.0,0.0,0.0,0.0,0.0,1,1,0,False,False,False,False,False,False
1042,0.83123887,0.8699712,0.03873232999999998,0.80712694,0.9106731,0.10354616000000005,0.8875,0.77500004,-0.11249995999999995,0.0,0.0,0.0,0.0,0.0,0.0,0.0,0.0,0.0,1,1,0,False,False,False,False,False,False
1043,0.726019,0.8125853,0.08656629999999998,0.66217,0.8126219,0.15045189999999997,0.875,0.8125,-0.0625,0.0,0.0,0.0,0.0,0.0,0.0,0.0,0.0,0.0,1,1,0,False,False,False,False,False,False
1044,0.0,0.0,0.0,1.0,1.0,0.0,1.0,1.0,0.0,1.0,1.0,0.0,1.0,1.0,0.0,0.0,0.0,0.0,0,0,0,False,False,False,False,False,False
1045,0.89510125,0.6023776,-0.29272365,0.9358589,0.544468,-0.3913909000000001,0.8,0.7375,-0.0625,0.0,0.0,0.0,0.0,0.0,0.0,0.0,0.0,0.0,1,1,0,False,False,False,False,False,False
1046,0.0,0.836909,0.836909,0.68247175,0.82594144,0.14346968999999998,0.7258064,0.8625,0.13669360000000008,0.0,0.0,0.0,0.0,0.0,0.0,1.0,0.0,-1.0,0,1,1,True,False,False,False,False,False
1047,0.92875,0.8315477,-0.09720229999999996,0.99999994,0.75935376,-0.24064618000000004,0.7625,1.0,0.23750000000000004,0.0,0.0,0.0,0.0,0.0,0.0,0.0,0.0,0.0,1,1,0,False,False,False,False,False,False
1048,0.88453406,0.82394457,-0.060589490000000024,0.88326305,0.79670656,-0.0865564900000001,0.8875,0.8875,0.0,0.0,0.0,0.0,0.0,0.0,0.0,0.0,0.0,0.0,1,1,0,False,False,False,False,False,False
1049,0.92694646,0.6352319,-0.29171456000000007,0.9492093,0.5324741,-0.4167352000000001,0.875,0.875,0.0,0.0,0.0,0.0,0.0,0.0,0.0,0.0,0.0,0.0,1,1,0,False,False,False,False,False,False
1050,1.0,0.90309316,-0.09690684000000005,1.0,0.86156166,-0.13843834,1.0,1.0,0.0,0.0,0.0,0.0,0.0,0.0,0.0,0.0,0.0,0.0,1,1,0,False,False,False,False,False,False
1051,0.9302824,0.54055434,-0.38972805999999993,0.9754035,0.4132919,-0.5621115999999999,0.825,0.83750004,0.012500040000000046,0.0,0.0,0.0,0.0,0.0,0.0,0.0,0.0,0.0,1,1,0,False,False,False,False,False,False
1052,0.8454386,0.90487045,0.05943184999999995,0.77919793,0.8962435,0.11704556999999993,1.0,0.925,-0.07499999999999996,0.0,0.0,0.0,0.0,0.0,0.0,0.0,0.0,0.0,1,1,0,False,False,False,False,False,False
1053,0.800519,0.84029704,0.03977804000000007,0.7632414,0.8629243,0.09968290000000002,0.8875,0.7875,-0.09999999999999998,0.0,0.0,0.0,0.0,0.0,0.0,0.0,0.0,0.0,1,1,0,False,False,False,False,False,False
1054,0.8039323,0.8155575,0.011625200000000002,0.76811755,0.8168678,0.048750249999999995,0.8875,0.8125,-0.07499999999999996,0.0,0.0,0.0,0.0,0.0,0.0,0.0,0.0,0.0,1,1,0,False,False,False,False,False,False
1055,0.9014079,0.86875004,-0.03265786000000004,0.9716541,1.0,0.028345900000000035,0.7375,0.5625,-0.17500000000000004,0.0,0.0,0.0,0.0,0.0,0.0,0.0,0.0,0.0,1,1,0,False,False,False,False,False,False
1056,1.0,1.0,0.0,1.0,1.0,0.0,1.0,1.0,0.0,0.0,0.0,0.0,0.0,0.0,0.0,0.0,0.0,0.0,1,1,0,False,False,False,False,False,False
1057,0.96625006,0.9535802,-0.012669860000000033,1.0,0.933686,-0.06631399999999998,0.8875,1.0,0.11250000000000004,0.0,0.0,0.0,0.0,0.0,0.0,0.0,0.0,0.0,1,1,0,False,False,False,False,False,False
1058,0.779333,0.7307383,-0.0485947000000001,0.7865471,0.82426894,0.037721839999999895,0.7625,0.5125,-0.25,0.0,0.0,0.0,0.0,0.0,0.0,0.0,0.0,0.0,1,1,0,False,False,False,False,False,False
1059,0.8612812,0.87361974,0.012338540000000009,0.80183023,0.8676711,0.06584087000000005,1.0,0.8875,-0.11250000000000004,0.0,0.0,0.0,0.0,0.0,0.0,0.0,0.0,0.0,1,1,0,False,False,False,False,False,False
1060,1.0,0.97572786,-0.024272139999999998,1.0,0.96532553,-0.03467447000000001,1.0,1.0,0.0,0.0,0.0,0.0,0.0,0.0,0.0,0.0,0.0,0.0,1,1,0,False,False,False,False,False,False
1061,0.9549999,0.8992705,-0.05572940000000004,0.99999994,0.9043149,-0.09568504,0.85,0.8875,0.03749999999999998,0.0,0.0,0.0,0.0,0.0,0.0,0.0,0.0,0.0,1,1,0,False,False,False,False,False,False
1062,0.0,0.0,0.0,1.0,1.0,0.0,1.0,1.0,0.0,1.0,1.0,0.0,1.0,1.0,0.0,0.0,0.0,0.0,0,0,0,False,False,False,False,False,False
1063,0.0,0.0,0.0,0.09828278,0.073440656,-0.024842123999999993,0.42105263,0.42105263,0.0,1.0,1.0,0.0,1.0,1.0,0.0,0.0,0.0,0.0,0,0,0,False,False,False,False,False,False
1064,0.91102165,0.8707451,-0.04027654999999997,0.872888,0.84749305,-0.025394950000000027,1.0,0.925,-0.07499999999999996,0.0,0.0,0.0,0.0,0.0,0.0,0.0,0.0,0.0,1,1,0,False,False,False,False,False,False
1065,0.9043898,0.84366685,-0.06072295000000005,0.863414,0.7766668,-0.08674720000000002,1.0,1.0,0.0,0.0,0.0,0.0,0.0,0.0,0.0,0.0,0.0,0.0,1,1,0,False,False,False,False,False,False
1066,0.84469527,0.912809,0.06811372999999998,0.82635045,0.95044136,0.12409091000000005,0.8875,0.825,-0.0625,0.0,0.0,0.0,0.0,0.0,0.0,0.0,0.0,0.0,1,1,0,False,False,False,False,False,False
1067,0.7962128,0.8001936,0.0039807999999998955,0.7570897,0.8592051,0.10211540000000008,0.8875,0.6625,-0.22499999999999998,0.0,0.0,0.0,0.0,0.0,0.0,0.0,0.0,0.0,1,1,0,False,False,False,False,False,False
1068,0.8462351,0.83747476,-0.008760340000000033,0.84997874,0.9124639,0.06248516000000004,0.83750004,0.6625,-0.17500004000000002,0.0,0.0,0.0,0.0,0.0,0.0,0.0,0.0,0.0,1,1,0,False,False,False,False,False,False
1069,0.8378257,0.95761263,0.11978692999999996,0.8754653,0.9876609,0.11219559999999995,0.75,0.8875,0.13749999999999996,0.0,0.0,0.0,0.0,0.0,0.0,0.0,0.0,0.0,1,1,0,False,False,False,False,False,False
1070,0.9325,0.95125,0.018750000000000044,1.0,1.0,0.0,0.77500004,0.83750004,0.0625,0.0,0.0,0.0,0.0,0.0,0.0,0.0,0.0,0.0,1,1,0,False,False,False,False,False,False
1071,1.0,1.0,0.0,1.0,1.0,0.0,1.0,1.0,0.0,0.0,0.0,0.0,0.0,0.0,0.0,0.0,0.0,0.0,1,1,0,False,False,False,False,False,False
1072,0.80617374,0.83154947,0.02537573000000004,0.8088196,0.82364213,0.01482253,0.8,0.85,0.04999999999999993,0.0,0.0,0.0,0.0,0.0,0.0,0.0,0.0,0.0,1,1,0,False,False,False,False,False,False
1073,0.96625006,0.930843,-0.035407060000000046,1.0,0.94941854,-0.05058145999999997,0.8875,0.8875,0.0,0.0,0.0,0.0,0.0,0.0,0.0,0.0,0.0,0.0,1,1,0,False,False,False,False,False,False
1074,0.87916183,0.9574931,0.07833126999999995,0.87558836,0.9874902,0.11190184000000003,0.8875,0.8875,0.0,0.0,0.0,0.0,0.0,0.0,0.0,0.0,0.0,0.0,1,1,0,False,False,False,False,False,False
1075,1.0,1.0,0.0,1.0,1.0,0.0,1.0,1.0,0.0,0.0,0.0,0.0,0.0,0.0,0.0,0.0,0.0,0.0,1,1,0,False,False,False,False,False,False
1076,0.9471688,0.5311288,-0.4160400000000001,0.96202683,0.38375545,-0.57827138,0.9125,0.875,-0.03749999999999998,0.0,0.0,0.0,0.0,0.0,0.0,0.0,0.0,0.0,1,1,0,False,False,False,False,False,False
1077,0.7367413,0.8259558,0.08921449999999997,0.656059,0.8049368,0.14887780000000006,0.925,0.875,-0.050000000000000044,0.0,0.0,0.0,0.0,0.0,0.0,0.0,0.0,0.0,1,1,0,False,False,False,False,False,False
1078,0.82518214,0.75197726,-0.07320488000000003,0.7984746,0.92425317,0.12577856999999992,0.8875,0.35,-0.5375,0.0,0.0,0.0,0.0,0.0,0.0,0.0,0.0,0.0,1,1,0,False,False,False,False,False,False
1079,0.8399021,0.851211,0.011308900000000066,0.81950307,0.8678014,0.048298329999999945,0.8875,0.8125,-0.07499999999999996,0.0,0.0,0.0,0.0,0.0,0.0,0.0,0.0,0.0,1,1,0,False,False,False,False,False,False
1080,0.0,0.8150002,0.8150002,0.46884593,0.7678573,0.29901136999999994,0.54347825,0.925,0.38152175,0.0,0.0,0.0,1.0,0.0,-1.0,0.0,0.0,0.0,0,1,1,False,False,True,False,False,False
1081,0.8512508,0.9074961,0.056245300000000054,0.78750116,0.8999944,0.11249323999999994,1.0,0.925,-0.07499999999999996,0.0,0.0,0.0,0.0,0.0,0.0,0.0,0.0,0.0,1,1,0,False,False,False,False,False,False
1082,1.0,1.0,0.0,1.0,1.0,0.0,1.0,1.0,0.0,0.0,0.0,0.0,0.0,0.0,0.0,0.0,0.0,0.0,1,1,0,False,False,False,False,False,False
1083,0.8477742,0.83061045,-0.017163750000000033,0.836106,0.9240864,0.08798039999999996,0.875,0.6125,-0.26249999999999996,0.0,0.0,0.0,0.0,0.0,0.0,0.0,0.0,0.0,1,1,0,False,False,False,False,False,False
1084,0.8038141,0.8687851,0.064971,0.8375915,0.9250501,0.08745859999999994,0.725,0.7375,0.012500000000000067,0.0,0.0,0.0,0.0,0.0,0.0,0.0,0.0,0.0,1,1,0,False,False,False,False,False,False
1085,1.0,0.94973296,-0.05026704000000004,1.0,0.92819005,-0.07180995000000001,1.0,1.0,0.0,0.0,0.0,0.0,0.0,0.0,0.0,0.0,0.0,0.0,1,1,0,False,False,False,False,False,False
1086,0.8323364,0.8467644,0.014427999999999996,0.80869496,0.8721633,0.06346834000000001,0.8875,0.7875,-0.09999999999999998,0.0,0.0,0.0,0.0,0.0,0.0,0.0,0.0,0.0,1,1,0,False,False,False,False,False,False
1087,0.8544921,0.78677905,-0.06771304999999994,0.8885602,0.9257558,0.037195599999999995,0.77500004,0.4625,-0.31250004,0.0,0.0,0.0,0.0,0.0,0.0,0.0,0.0,0.0,1,1,0,False,False,False,False,False,False
1088,0.97749996,0.922798,-0.05470195999999994,0.99999994,0.8897114,-0.11028853999999999,0.925,1.0,0.07499999999999996,0.0,0.0,0.0,0.0,0.0,0.0,0.0,0.0,0.0,1,1,0,False,False,False,False,False,False
1089,1.0,1.0,0.0,1.0,1.0,0.0,1.0,1.0,0.0,0.0,0.0,0.0,0.0,0.0,0.0,0.0,0.0,0.0,1,1,0,False,False,False,False,False,False
1090,0.92875,0.86229545,-0.06645455,0.99999994,0.89970773,-0.10029220999999999,0.7625,0.77500004,0.012500040000000046,0.0,0.0,0.0,0.0,0.0,0.0,0.0,0.0,0.0,1,1,0,False,False,False,False,False,False
1091,0.97749996,0.824944,-0.15255595999999993,1.0,0.74992,-0.25007999999999997,0.925,1.0,0.07499999999999996,0.0,0.0,0.0,0.0,0.0,0.0,0.0,0.0,0.0,1,1,0,False,False,False,False,False,False
1092,0.97375005,0.9728187,-0.0009313499999999975,1.0,0.9611695,-0.03883049999999999,0.9125,1.0,0.08750000000000002,0.0,0.0,0.0,0.0,0.0,0.0,0.0,0.0,0.0,1,1,0,False,False,False,False,False,False
1093,0.78984064,0.7710906,-0.018750040000000023,0.7962009,0.7962009,0.0,0.77500004,0.71250004,-0.0625,0.0,0.0,0.0,0.0,0.0,0.0,0.0,0.0,0.0,1,1,0,False,False,False,False,False,False
1094,0.87477607,0.79965067,-0.07512540000000001,0.8211087,0.71378666,-0.10732204000000001,1.0,1.0,0.0,0.0,0.0,0.0,0.0,0.0,0.0,0.0,0.0,0.0,1,1,0,False,False,False,False,False,False
1095,0.75301903,0.85574436,0.10272532999999995,0.7810986,0.7939205,0.012821900000000053,0.6875,1.0,0.3125,0.0,0.0,0.0,0.0,0.0,0.0,0.0,0.0,0.0,1,1,0,False,False,False,False,False,False
1096,0.823771,0.858926,0.035154999999999936,0.83931565,0.9377514,0.09843575000000004,0.7875,0.675,-0.11249999999999993,0.0,0.0,0.0,0.0,0.0,0.0,0.0,0.0,0.0,1,1,0,False,False,False,False,False,False
1097,0.7598925,0.0,-0.7598925,0.71056074,0.65756476,-0.052995980000000054,0.875,0.75000006,-0.12499994000000003,0.0,1.0,1.0,0.0,1.0,1.0,0.0,0.0,0.0,1,0,-1,False,False,False,True,False,True
1098,0.7232,0.6651625,-0.058037499999999964,0.7545715,0.6930893,-0.06148219999999993,0.65000004,0.6,-0.05000004000000002,0.0,0.0,0.0,0.0,0.0,0.0,0.0,0.0,0.0,1,1,0,False,False,False,False,False,False
1099,0.9044536,0.9025,-0.0019535999999999998,0.8635051,1.0,0.13649489999999997,1.0,0.675,-0.32499999999999996,0.0,0.0,0.0,0.0,0.0,0.0,0.0,0.0,0.0,1,1,0,False,False,False,False,False,False
1100,1.0,0.9644095,-0.03559049999999997,1.0,0.9491564,-0.05084359999999999,1.0,1.0,0.0,0.0,0.0,0.0,0.0,0.0,0.0,0.0,0.0,0.0,1,1,0,False,False,False,False,False,False
1101,0.8581541,0.7891262,-0.06902790000000003,0.7973629,0.9237518,0.12638890000000003,1.0,0.475,-0.525,0.0,0.0,0.0,0.0,0.0,0.0,0.0,0.0,0.0,1,1,0,False,False,False,False,False,False
1102,0.8584471,0.8448494,-0.013597700000000046,0.9102816,0.8265705,-0.08371110000000004,0.7375,0.8875,0.1499999999999999,0.0,0.0,0.0,0.0,0.0,0.0,0.0,0.0,0.0,1,1,0,False,False,False,False,False,False
1103,0.92347336,0.5001151,-0.42335826,0.94960475,0.3608787,-0.58872605,0.8625,0.825,-0.03750000000000009,0.0,0.0,0.0,0.0,0.0,0.0,0.0,0.0,0.0,1,1,0,False,False,False,False,False,False
1104,0.9676367,0.89438385,-0.07325285000000004,0.9859095,0.8973341,-0.08857539999999997,0.925,0.8875,-0.03750000000000009,0.0,0.0,0.0,0.0,0.0,0.0,0.0,0.0,0.0,1,1,0,False,False,False,False,False,False
1105,0.96625006,0.85298437,-0.11326568999999997,1.0,0.8381919,-0.1618081,0.8875,0.8875,0.0,0.0,0.0,0.0,0.0,0.0,0.0,0.0,0.0,0.0,1,1,0,False,False,False,False,False,False
1106,0.72258526,0.77829367,0.05570841000000004,0.6519075,0.73149097,0.07958346999999999,0.8875,0.8875,0.0,0.0,0.0,0.0,0.0,0.0,0.0,0.0,0.0,0.0,1,1,0,False,False,False,False,False,False
1107,0.9028844,0.76910204,-0.13378236,0.9255491,0.9380028,0.012453700000000012,0.85,0.375,-0.475,0.0,0.0,0.0,0.0,0.0,0.0,0.0,0.0,0.0,1,1,0,False,False,False,False,False,False
1108,1.0,0.9449238,-0.05507620000000002,1.0,0.92131966,-0.07868034000000002,1.0,1.0,0.0,0.0,0.0,0.0,0.0,0.0,0.0,0.0,0.0,0.0,1,1,0,False,False,False,False,False,False
1109,0.8733925,0.8551122,-0.018280300000000027,0.81913203,0.8412317,0.022099670000000016,1.0,0.8875,-0.11250000000000004,0.0,0.0,0.0,0.0,0.0,0.0,0.0,0.0,0.0,1,1,0,False,False,False,False,False,False
1110,0.84878343,0.90487385,0.056090419999999974,0.8375477,0.94981974,0.11227204000000002,0.875,0.8,-0.07499999999999996,0.0,0.0,0.0,0.0,0.0,0.0,0.0,0.0,0.0,1,1,0,False,False,False,False,False,False
1111,0.8386246,0.85355234,0.014927739999999967,0.80160654,0.8390034,0.037396859999999976,0.925,0.8875,-0.03750000000000009,0.0,0.0,0.0,0.0,0.0,0.0,0.0,0.0,0.0,1,1,0,False,False,False,False,False,False
1112,0.84938186,0.8670956,0.017713739999999922,0.81697404,0.8583509,0.04137686000000007,0.925,0.8875,-0.03750000000000009,0.0,0.0,0.0,0.0,0.0,0.0,0.0,0.0,0.0,1,1,0,False,False,False,False,False,False
1113,0.85263443,0.8213531,-0.03128133000000011,0.83769196,0.9376472,0.09995524,0.8875,0.55,-0.3374999999999999,0.0,0.0,0.0,0.0,0.0,0.0,0.0,0.0,0.0,1,1,0,False,False,False,False,False,False
1114,0.6748059,0.75618297,0.08137707000000005,0.5997227,0.69990426,0.10018155999999989,0.85,0.8875,0.03749999999999998,0.0,0.0,0.0,0.0,0.0,0.0,0.0,0.0,0.0,1,1,0,False,False,False,False,False,False
1115,1.0,1.0,0.0,1.0,1.0,0.0,1.0,1.0,0.0,0.0,0.0,0.0,0.0,0.0,0.0,0.0,0.0,0.0,1,1,0,False,False,False,False,False,False
1116,0.8939156,0.92260695,0.028691350000000004,0.8484507,0.9215813,0.07313060000000005,1.0,0.925,-0.07499999999999996,0.0,0.0,0.0,0.0,0.0,0.0,0.0,0.0,0.0,1,1,0,False,False,False,False,False,False
1117,0.8777601,0.80383074,-0.07392936000000006,0.87358594,0.84832966,-0.02525628000000002,0.8875,0.7,-0.1875,0.0,0.0,0.0,0.0,0.0,0.0,0.0,0.0,0.0,1,1,0,False,False,False,False,False,False
1118,0.0,0.0,0.0,0.0,0.036647163,0.036647163,0.92105263,1.0,0.07894736999999996,1.0,1.0,0.0,1.0,1.0,0.0,0.0,0.0,0.0,0,0,0,False,False,False,False,False,False
1119,0.97749996,0.7627248,-0.21477515999999996,1.0,0.6610354,-0.33896459999999995,0.925,1.0,0.07499999999999996,0.0,0.0,0.0,0.0,0.0,0.0,0.0,0.0,0.0,1,1,0,False,False,False,False,False,False
1120,0.9054534,0.88374996,-0.02170344000000002,0.86493343,1.0,0.13506657,1.0,0.6125,-0.38749999999999996,0.0,0.0,0.0,0.0,0.0,0.0,0.0,0.0,0.0,1,1,0,False,False,False,False,False,False
1121,0.81140214,0.8346187,0.023216560000000053,0.77878875,0.9083838,0.12959504999999993,0.8875,0.6625,-0.22499999999999998,0.0,0.0,0.0,0.0,0.0,0.0,0.0,0.0,0.0,1,1,0,False,False,False,False,False,False
1122,0.81951565,0.81695217,-0.0025634800000000624,0.849308,0.8617173,0.012409300000000067,0.75,0.71250004,-0.03749996,0.0,0.0,0.0,0.0,0.0,0.0,0.0,0.0,0.0,1,1,0,False,False,False,False,False,False
1123,0.0,0.904991,0.904991,0.5720157,0.9499871,0.37797139999999996,0.88235295,0.8,-0.08235294999999998,0.0,0.0,0.0,0.0,0.0,0.0,1.0,0.0,-1.0,0,1,1,True,False,False,False,False,False
1124,1.0,1.0,0.0,1.0,1.0,0.0,1.0,1.0,0.0,0.0,0.0,0.0,0.0,0.0,0.0,0.0,0.0,0.0,1,1,0,False,False,False,False,False,False
1125,0.97749996,1.0,0.022500040000000054,1.0,1.0,0.0,0.925,1.0,0.07499999999999996,0.0,0.0,0.0,0.0,0.0,0.0,0.0,0.0,0.0,1,1,0,False,False,False,False,False,False
1126,0.7379093,0.8351412,0.09723190000000004,0.6630847,0.81270176,0.14961706000000008,0.9125,0.8875,-0.025000000000000022,0.0,0.0,0.0,0.0,0.0,0.0,0.0,0.0,0.0,1,1,0,False,False,False,False,False,False
1127,1.0,1.0,0.0,1.0,1.0,0.0,1.0,1.0,0.0,0.0,0.0,0.0,0.0,0.0,0.0,0.0,0.0,0.0,1,1,0,False,False,False,False,False,False
1128,0.8699936,0.91,0.0400064,0.91606224,1.0,0.08393775999999997,0.7625,0.7,-0.0625,0.0,0.0,0.0,0.0,0.0,0.0,0.0,0.0,0.0,1,1,0,False,False,False,False,False,False
1129,0.87622374,0.8507311,-0.025492640000000066,0.8231768,0.8349731,0.011796299999999982,1.0,0.8875,-0.11250000000000004,0.0,0.0,0.0,0.0,0.0,0.0,0.0,0.0,0.0,1,1,0,False,False,False,False,False,False
1130,0.8908396,0.94174814,0.05090854,0.84405655,0.9167831,0.07272654999999995,1.0,1.0,0.0,0.0,0.0,0.0,0.0,0.0,0.0,0.0,0.0,0.0,1,1,0,False,False,False,False,False,False
1131,1.0,0.81544,-0.18455999999999995,1.0,0.7363428,-0.26365720000000004,1.0,1.0,0.0,0.0,0.0,0.0,0.0,0.0,0.0,0.0,0.0,0.0,1,1,0,False,False,False,False,False,False
1132,0.8914053,0.95543045,0.06402515000000009,0.89307904,0.9363292,0.043250159999999926,0.8875,1.0,0.11250000000000004,0.0,0.0,0.0,0.0,0.0,0.0,0.0,0.0,0.0,1,1,0,False,False,False,False,False,False
1133,0.91690236,0.8797035,-0.037198860000000056,0.9134319,0.8763622,-0.03706969999999998,0.925,0.8875,-0.03750000000000009,0.0,0.0,0.0,0.0,0.0,0.0,0.0,0.0,0.0,1,1,0,False,False,False,False,False,False
1134,0.0,1.0,1.0,1.0,1.0,0.0,1.0,1.0,0.0,1.0,0.0,-1.0,1.0,0.0,-1.0,0.0,0.0,0.0,0,1,1,False,False,True,False,True,False
1135,0.94750005,0.84834236,-0.09915769000000008,1.0,0.78334624,-0.21665376000000003,0.825,1.0,0.17500000000000004,0.0,0.0,0.0,0.0,0.0,0.0,0.0,0.0,0.0,1,1,0,False,False,False,False,False,False
1136,0.8952382,0.9175256,0.02228740000000007,0.8503403,0.9625365,0.11219619999999997,1.0,0.8125,-0.1875,0.0,0.0,0.0,0.0,0.0,0.0,0.0,0.0,0.0,1,1,0,False,False,False,False,False,False
1137,1.0,1.0,0.0,1.0,1.0,0.0,1.0,1.0,0.0,0.0,0.0,0.0,0.0,0.0,0.0,0.0,0.0,0.0,1,1,0,False,False,False,False,False,False
1138,0.8471932,0.88012165,0.03292845,0.840633,0.9466022,0.10596919999999999,0.8625,0.725,-0.13750000000000007,0.0,0.0,0.0,0.0,0.0,0.0,0.0,0.0,0.0,1,1,0,False,False,False,False,False,False
1139,0.8372059,0.8070108,-0.03019509999999992,0.8477942,0.92251545,0.07472124999999996,0.8125,0.5375,-0.275,0.0,0.0,0.0,0.0,0.0,0.0,0.0,0.0,0.0,1,1,0,False,False,False,False,False,False
1140,0.8565969,0.7549893,-0.10160760000000002,0.84870976,0.8749848,0.026275040000000027,0.875,0.475,-0.4,0.0,0.0,0.0,0.0,0.0,0.0,0.0,0.0,0.0,1,1,0,False,False,False,False,False,False
1141,1.0,1.0,0.0,1.0,1.0,0.0,1.0,1.0,0.0,0.0,0.0,0.0,0.0,0.0,0.0,0.0,0.0,0.0,1,1,0,False,False,False,False,False,False
1142,1.0,1.0,0.0,1.0,1.0,0.0,1.0,1.0,0.0,0.0,0.0,0.0,0.0,0.0,0.0,0.0,0.0,0.0,1,1,0,False,False,False,False,False,False
1143,0.0,0.0,0.0,0.013795355,0.013795355,0.0,0.2,0.2,0.0,1.0,1.0,0.0,1.0,1.0,0.0,0.0,0.0,0.0,0,0,0,False,False,False,False,False,False
1144,1.0,1.0,0.0,1.0,1.0,0.0,1.0,1.0,0.0,0.0,0.0,0.0,0.0,0.0,0.0,0.0,0.0,0.0,1,1,0,False,False,False,False,False,False
1145,0.7589993,0.68399924,-0.07500006000000004,0.7735704,0.7735704,0.0,0.725,0.475,-0.25,0.0,0.0,0.0,0.0,0.0,0.0,0.0,0.0,0.0,1,1,0,False,False,False,False,False,False
1146,1.0,1.0,0.0,1.0,1.0,0.0,1.0,1.0,0.0,0.0,0.0,0.0,0.0,0.0,0.0,0.0,0.0,0.0,1,1,0,False,False,False,False,False,False
1147,0.89061207,0.798607,-0.09200507000000002,0.96158856,0.8087243,-0.15286426000000009,0.725,0.77500004,0.05000004000000002,0.0,0.0,0.0,0.0,0.0,0.0,0.0,0.0,0.0,1,1,0,False,False,False,False,False,False
1148,1.0,0.97749996,-0.022500040000000054,1.0,1.0,0.0,1.0,0.925,-0.07499999999999996,0.0,0.0,0.0,0.0,0.0,0.0,0.0,0.0,0.0,1,1,0,False,False,False,False,False,False
1149,0.9425644,0.822048,-0.12051639999999997,0.9179491,0.7779258,-0.14002329999999996,1.0,0.925,-0.07499999999999996,0.0,0.0,0.0,0.0,0.0,0.0,0.0,0.0,0.0,1,1,0,False,False,False,False,False,False
1150,0.0,0.0,0.0,1.0,1.0,0.0,0.0,0.0,0.0,1.0,1.0,0.0,1.0,1.0,0.0,0.0,0.0,0.0,0,0,0,False,False,False,False,False,False
1151,0.89608175,0.6412057,-0.25487605,0.89975953,0.5624367,-0.33732282999999996,0.8875,0.825,-0.0625,0.0,0.0,0.0,0.0,0.0,0.0,0.0,0.0,0.0,1,1,0,False,False,False,False,False,False
1152,0.84809095,0.8346777,-0.013413250000000043,0.8365584,0.8602538,0.023695399999999922,0.875,0.77500004,-0.09999996,0.0,0.0,0.0,0.0,0.0,0.0,0.0,0.0,0.0,1,1,0,False,False,False,False,False,False
1153,0.80893326,0.8017252,-0.007208059999999961,0.85026175,0.97389317,0.12363141999999994,0.71250004,0.4,-0.31250004,0.0,0.0,0.0,0.0,0.0,0.0,0.0,0.0,0.0,1,1,0,False,False,False,False,False,False
1154,0.723413,0.7069976,-0.01641539999999997,0.63701856,0.74213934,0.10512078000000002,0.925,0.625,-0.30000000000000004,0.0,0.0,0.0,0.0,0.0,0.0,0.0,0.0,0.0,1,1,0,False,False,False,False,False,False
1155,0.8874653,0.8562481,-0.031217200000000056,0.88745046,0.91249716,0.025046699999999977,0.8875,0.725,-0.16249999999999998,0.0,0.0,0.0,0.0,0.0,0.0,0.0,0.0,0.0,1,1,0,False,False,False,False,False,False
1156,0.8330471,0.92173666,0.08868955999999995,0.80971014,0.9364095,0.12669936000000004,0.8875,0.8875,0.0,0.0,0.0,0.0,0.0,0.0,0.0,0.0,0.0,0.0,1,1,0,False,False,False,False,False,False
1157,1.0,0.84499073,-0.15500926999999998,1.0,0.7785582,-0.22144180000000002,1.0,1.0,0.0,0.0,0.0,0.0,0.0,0.0,0.0,0.0,0.0,0.0,1,1,0,False,False,False,False,False,False
1158,0.96625006,0.86979336,-0.09645670000000006,1.0,0.86220473,-0.13779527000000003,0.8875,0.8875,0.0,0.0,0.0,0.0,0.0,0.0,0.0,0.0,0.0,0.0,1,1,0,False,False,False,False,False,False
1159,0.8816584,0.8988027,0.0171443,0.8309405,0.8554324,0.02449190000000001,1.0,1.0,0.0,0.0,0.0,0.0,0.0,0.0,0.0,0.0,0.0,0.0,1,1,0,False,False,False,False,False,False
1160,0.97749996,0.8748604,-0.10263955999999996,1.0,0.9390863,-0.06091369999999996,0.925,0.725,-0.20000000000000007,0.0,0.0,0.0,0.0,0.0,0.0,0.0,0.0,0.0,1,1,0,False,False,False,False,False,False
1161,0.9362499,0.87531435,-0.06093554999999995,0.99999994,0.8218776,-0.17812234000000005,0.7875,1.0,0.21250000000000002,0.0,0.0,0.0,0.0,0.0,0.0,0.0,0.0,0.0,1,1,0,False,False,False,False,False,False
1162,0.78264964,0.8564071,0.07375745999999994,0.88771373,0.9662958,0.07858207000000006,0.5375,0.6,0.0625,0.0,0.0,0.0,0.0,0.0,0.0,0.0,0.0,0.0,1,1,0,False,False,False,False,False,False
1163,0.9078318,0.88969785,-0.018133949999999954,0.868331,0.8906397,0.02230870000000007,1.0,0.8875,-0.11250000000000004,0.0,0.0,0.0,0.0,0.0,0.0,0.0,0.0,0.0,1,1,0,False,False,False,False,False,False
1164,0.87315446,0.9117684,0.03861394000000007,0.8723635,0.92216915,0.049805650000000035,0.875,0.8875,0.012499999999999956,0.0,0.0,0.0,0.0,0.0,0.0,0.0,0.0,0.0,1,1,0,False,False,False,False,False,False
1165,0.83917075,0.94,0.10082924999999998,0.8184582,1.0,0.18154179999999998,0.8875,0.8,-0.08749999999999991,0.0,0.0,0.0,0.0,0.0,0.0,0.0,0.0,0.0,1,1,0,False,False,False,False,False,False
1166,0.87348443,0.7564102,-0.11707422999999995,0.8514063,0.9252288,0.07382250000000001,0.925,0.3625,-0.5625,0.0,0.0,0.0,0.0,0.0,0.0,0.0,0.0,0.0,1,1,0,False,False,False,False,False,False
1167,0.85308284,0.93140936,0.07832651999999996,0.83833265,0.9502277,0.11189505,0.8875,0.8875,0.0,0.0,0.0,0.0,0.0,0.0,0.0,0.0,0.0,0.0,1,1,0,False,False,False,False,False,False
1168,0.8341109,0.8899566,0.0558457,0.8005156,0.912438,0.11192239999999998,0.9125,0.83750004,-0.07499995999999998,0.0,0.0,0.0,0.0,0.0,0.0,0.0,0.0,0.0,1,1,0,False,False,False,False,False,False
1169,0.8523734,0.8334473,-0.018926099999999946,0.8373192,0.7995674,-0.0377518,0.8875,0.9125,0.025000000000000022,0.0,0.0,0.0,0.0,0.0,0.0,0.0,0.0,0.0,1,1,0,False,False,False,False,False,False
1170,0.8542282,0.7908854,-0.06334280000000003,0.8613974,0.9369791,0.07558169999999997,0.83750004,0.45000002,-0.38750002,0.0,0.0,0.0,0.0,0.0,0.0,0.0,0.0,0.0,1,1,0,False,False,False,False,False,False
1171,0.92018217,0.9090342,-0.011147970000000007,0.9341888,0.8700489,-0.06413990000000003,0.8875,1.0,0.11250000000000004,0.0,0.0,0.0,0.0,0.0,0.0,0.0,0.0,0.0,1,1,0,False,False,False,False,False,False
1172,0.8021347,0.79710245,-0.00503224999999996,0.7869782,0.77443206,-0.012546139999999983,0.83750004,0.85,0.012499959999999977,0.0,0.0,0.0,0.0,0.0,0.0,0.0,0.0,0.0,1,1,0,False,False,False,False,False,False
1173,0.86399335,0.6978472,-0.16614615,0.8860619,0.5683531,-0.3177087999999999,0.8125,1.0,0.1875,0.0,0.0,0.0,0.0,0.0,0.0,0.0,0.0,0.0,1,1,0,False,False,False,False,False,False
1174,0.8099516,0.787764,-0.022187599999999974,0.8785023,0.8414485,-0.037053799999999915,0.65000004,0.6625,0.012499959999999977,0.0,0.0,0.0,0.0,0.0,0.0,0.0,0.0,0.0,1,1,0,False,False,False,False,False,False
1175,0.6985479,0.7752711,0.07672319999999999,0.676497,0.7968159,0.1203189,0.75,0.725,-0.025000000000000022,0.0,0.0,0.0,0.0,0.0,0.0,0.0,0.0,0.0,1,1,0,False,False,False,False,False,False
1176,0.84346086,0.90721095,0.06375008999999998,0.8995869,0.8995869,0.0,0.71250004,0.925,0.21249996000000004,0.0,0.0,0.0,0.0,0.0,0.0,0.0,0.0,0.0,1,1,0,False,False,False,False,False,False
1177,0.89872855,0.97331685,0.07458830000000005,0.89818364,0.9618812,0.06369756000000004,0.90000004,1.0,0.09999996,0.0,0.0,0.0,0.0,0.0,0.0,0.0,0.0,0.0,1,1,0,False,False,False,False,False,False
1178,0.7653639,0.6643594,-0.10100449999999994,0.7505198,0.67587054,-0.07464925999999994,0.8,0.6375,-0.1625000000000001,0.0,0.0,0.0,0.0,0.0,0.0,0.0,0.0,0.0,1,1,0,False,False,False,False,False,False
1179,0.9032604,0.91107315,0.007812750000000035,0.86180055,0.9372472,0.07544664999999995,1.0,0.85,-0.15000000000000002,0.0,0.0,0.0,0.0,0.0,0.0,0.0,0.0,0.0,1,1,0,False,False,False,False,False,False
1180,0.77500004,0.8427807,0.06778066000000005,1.0,0.86111534,-0.13888466,0.25,0.8,0.55,0.0,0.0,0.0,0.0,0.0,0.0,0.0,0.0,0.0,1,1,0,False,False,False,False,False,False
1181,0.86084765,0.84518033,-0.01566731999999993,0.8494253,0.95025766,0.10083235999999995,0.8875,0.6,-0.2875,0.0,0.0,0.0,0.0,0.0,0.0,0.0,0.0,0.0,1,1,0,False,False,False,False,False,False
1182,0.89330655,0.7695963,-0.12371025000000002,0.9011522,0.9387089,0.0375567,0.875,0.375,-0.5,0.0,0.0,0.0,0.0,0.0,0.0,0.0,0.0,0.0,1,1,0,False,False,False,False,False,False
1183,0.85957795,0.8674588,0.00788084999999994,0.8743971,0.9874412,0.11304409999999998,0.825,0.58750004,-0.23749995999999995,0.0,0.0,0.0,0.0,0.0,0.0,0.0,0.0,0.0,1,1,0,False,False,False,False,False,False
1184,0.84193784,0.87855643,0.036618590000000006,0.8224112,0.8800806,0.05766939999999998,0.8875,0.875,-0.012499999999999956,0.0,0.0,0.0,0.0,0.0,0.0,0.0,0.0,0.0,1,1,0,False,False,False,False,False,False
1185,1.0,1.0,0.0,1.0,1.0,0.0,1.0,1.0,0.0,0.0,0.0,0.0,0.0,0.0,0.0,0.0,0.0,0.0,1,1,0,False,False,False,False,False,False
1186,0.7963916,0.84208053,0.04568893000000007,0.7091308,0.822615,0.11348420000000004,1.0,0.8875,-0.11250000000000004,0.0,0.0,0.0,0.0,0.0,0.0,0.0,0.0,0.0,1,1,0,False,False,False,False,False,False
1187,0.8000609,0.7474951,-0.052565799999999996,0.7679442,0.89642155,0.12847735000000005,0.875,0.4,-0.475,0.0,0.0,0.0,0.0,0.0,0.0,0.0,0.0,0.0,1,1,0,False,False,False,False,False,False
1188,0.79731745,0.71016854,-0.08714891000000002,0.71045345,0.8109551,0.10050165,1.0,0.475,-0.525,0.0,0.0,0.0,0.0,0.0,0.0,0.0,0.0,0.0,1,1,0,False,False,False,False,False,False
1189,0.94419616,0.89115906,-0.05303709999999995,0.9202802,0.8445129,-0.07576729999999998,1.0,1.0,0.0,0.0,0.0,0.0,0.0,0.0,0.0,0.0,0.0,0.0,1,1,0,False,False,False,False,False,False
1190,0.85283566,0.92268556,0.06984990000000002,0.8379795,0.93776506,0.09978556000000005,0.8875,0.8875,0.0,0.0,0.0,0.0,0.0,0.0,0.0,0.0,0.0,0.0,1,1,0,False,False,False,False,False,False
1191,1.0,1.0,0.0,1.0,1.0,0.0,1.0,1.0,0.0,0.0,0.0,0.0,0.0,0.0,0.0,0.0,0.0,0.0,1,1,0,False,False,False,False,False,False
1192,0.8814632,0.9313734,0.049910200000000016,0.86280465,0.95017636,0.0873717100000001,0.925,0.8875,-0.03750000000000009,0.0,0.0,0.0,0.0,0.0,0.0,0.0,0.0,0.0,1,1,0,False,False,False,False,False,False
1193,0.6264322,0.7420111,0.11557890000000004,0.6109745,0.76537293,0.15439842999999998,0.6625,0.6875,0.025000000000000022,0.0,0.0,0.0,0.0,0.0,0.0,0.0,0.0,0.0,1,1,0,False,False,False,False,False,False
1194,1.0,0.98125,-0.018750000000000044,1.0,1.0,0.0,1.0,0.9375,-0.0625,0.0,0.0,0.0,0.0,0.0,0.0,0.0,0.0,0.0,1,1,0,False,False,False,False,False,False
1195,0.825123,0.8029356,-0.02218740000000008,0.83589,0.87383664,0.03794664000000003,0.8,0.6375,-0.1625000000000001,0.0,0.0,0.0,0.0,0.0,0.0,0.0,0.0,0.0,1,1,0,False,False,False,False,False,False
1196,0.7062677,0.8269173,0.12064959999999991,0.6285967,0.8009533,0.17235659999999997,0.8875,0.8875,0.0,0.0,0.0,0.0,0.0,0.0,0.0,0.0,0.0,0.0,1,1,0,False,False,False,False,False,False
1197,0.88276863,0.9067913,0.024022669999999913,0.88074094,0.9204162,0.03967525999999999,0.8875,0.875,-0.012499999999999956,0.0,0.0,0.0,0.0,0.0,0.0,0.0,0.0,0.0,1,1,0,False,False,False,False,False,False
1198,0.83516914,0.90257263,0.06740349000000001,0.81274164,0.9251038,0.11236215999999999,0.8875,0.85,-0.03749999999999998,0.0,0.0,0.0,0.0,0.0,0.0,0.0,0.0,0.0,1,1,0,False,False,False,False,False,False
1199,0.8786339,0.8214019,-0.05723199999999995,0.88019127,0.8145027,-0.06568856999999995,0.875,0.83750004,-0.03749996,0.0,0.0,0.0,0.0,0.0,0.0,0.0,0.0,0.0,1,1,0,False,False,False,False,False,False
1200,0.86723995,0.84315157,-0.02408838000000002,0.93891424,0.9634308,0.02451656000000002,0.7,0.5625,-0.13749999999999996,0.0,0.0,0.0,0.0,0.0,0.0,0.0,0.0,0.0,1,1,0,False,False,False,False,False,False
1201,0.7406164,0.8392564,0.09864000000000006,0.67766625,0.81858057,0.14091431999999993,0.8875,0.8875,0.0,0.0,0.0,0.0,0.0,0.0,0.0,0.0,0.0,0.0,1,1,0,False,False,False,False,False,False
1202,0.9411146,0.5421904,-0.39892420000000006,0.97480655,0.42634338,-0.54846317,0.8625,0.8125,-0.050000000000000044,0.0,0.0,0.0,0.0,0.0,0.0,0.0,0.0,0.0,1,1,0,False,False,False,False,False,False
1203,0.8875,0.773766,-0.113734,1.0,0.7678799,-0.23212010000000005,0.625,0.7875,0.16249999999999998,0.0,0.0,0.0,0.0,0.0,0.0,0.0,0.0,0.0,1,1,0,False,False,False,False,False,False
1204,0.84353906,0.87613136,0.03259230000000002,0.8246986,0.8873305,0.06263190000000007,0.8875,0.85,-0.03749999999999998,0.0,0.0,0.0,0.0,0.0,0.0,0.0,0.0,0.0,1,1,0,False,False,False,False,False,False
1205,0.8820988,0.8667347,-0.015364099999999992,0.8476411,0.809621,-0.0380201,0.96250004,1.0,0.03749996,0.0,0.0,0.0,0.0,0.0,0.0,0.0,0.0,0.0,1,1,0,False,False,False,False,False,False
1206,0.7422754,0.66097504,-0.08130036000000007,0.7871791,0.76210713,-0.025071970000000054,0.6375,0.425,-0.21249999999999997,0.0,0.0,0.0,0.0,0.0,0.0,0.0,0.0,0.0,1,1,0,False,False,False,False,False,False
1207,0.8780109,0.8006328,-0.0773781,0.906087,0.84911823,-0.05696877,0.8125,0.6875,-0.125,0.0,0.0,0.0,0.0,0.0,0.0,0.0,0.0,0.0,1,1,0,False,False,False,False,False,False
1208,0.92875004,1.0,0.07124995999999995,1.0,1.0,0.0,0.7625,1.0,0.23750000000000004,0.0,0.0,0.0,0.0,0.0,0.0,0.0,0.0,0.0,1,1,0,False,False,False,False,False,False
1209,1.0,1.0,0.0,1.0,1.0,0.0,1.0,1.0,0.0,0.0,0.0,0.0,0.0,0.0,0.0,0.0,0.0,0.0,1,1,0,False,False,False,False,False,False
1210,0.95125,0.99932194,0.048071939999999924,1.0,0.99903125,-0.0009687499999999627,0.83750004,1.0,0.16249996,0.0,0.0,0.0,0.0,0.0,0.0,0.0,0.0,0.0,1,1,0,False,False,False,False,False,False
1211,0.9037153,0.9012291,-0.002486199999999994,0.9749505,0.9499702,-0.024980300000000066,0.7375,0.7875,0.04999999999999993,0.0,0.0,0.0,0.0,0.0,0.0,0.0,0.0,0.0,1,1,0,False,False,False,False,False,False
1212,1.0,1.0,0.0,1.0,1.0,0.0,1.0,1.0,0.0,0.0,0.0,0.0,0.0,0.0,0.0,0.0,0.0,0.0,1,1,0,False,False,False,False,False,False
1213,1.0,1.0,0.0,1.0,1.0,0.0,1.0,1.0,0.0,0.0,0.0,0.0,0.0,0.0,0.0,0.0,0.0,0.0,1,1,0,False,False,False,False,False,False
1214,0.95125,0.8508763,-0.10037370000000001,0.99999994,0.83518034,-0.16481960000000007,0.83750004,0.8875,0.049999959999999954,0.0,0.0,0.0,0.0,0.0,0.0,0.0,0.0,0.0,1,1,0,False,False,False,False,False,False
1215,0.0,0.8687981,0.8687981,0.21245009,0.8875686,0.67511851,1.0,0.825,-0.17500000000000004,1.0,0.0,-1.0,1.0,0.0,-1.0,0.0,0.0,0.0,0,1,1,False,False,True,False,True,False
1216,0.8097494,0.92696536,0.11721596000000001,0.77642775,0.9867361,0.21030835000000003,0.8875,0.7875,-0.09999999999999998,0.0,0.0,0.0,0.0,0.0,0.0,0.0,0.0,0.0,1,1,0,False,False,False,False,False,False
1217,0.96633893,0.87214816,-0.09419077000000009,0.95191276,0.8655688,-0.08634396,1.0,0.8875,-0.11250000000000004,0.0,0.0,0.0,0.0,0.0,0.0,0.0,0.0,0.0,1,1,0,False,False,False,False,False,False
1218,1.0,1.0,0.0,1.0,1.0,0.0,1.0,1.0,0.0,0.0,0.0,0.0,0.0,0.0,0.0,0.0,0.0,0.0,1,1,0,False,False,False,False,False,False
1219,0.85375005,0.89785635,0.04410629999999993,1.0,0.8540805,-0.14591949999999998,0.5125,1.0,0.48750000000000004,0.0,0.0,0.0,0.0,0.0,0.0,0.0,0.0,0.0,1,1,0,False,False,False,False,False,False
1220,0.8064093,0.8718587,0.06544939999999999,0.72344184,0.84908384,0.12564200000000003,1.0,0.925,-0.07499999999999996,0.0,0.0,0.0,0.0,0.0,0.0,0.0,0.0,0.0,1,1,0,False,False,False,False,False,False
1221,1.0,1.0,0.0,1.0,1.0,0.0,1.0,1.0,0.0,0.0,0.0,0.0,0.0,0.0,0.0,0.0,0.0,0.0,1,1,0,False,False,False,False,False,False
1222,0.7799919,0.6711418,-0.10885009999999995,0.74998844,0.82484543,0.07485699000000001,0.85,0.3125,-0.5375,0.0,0.0,0.0,0.0,0.0,0.0,0.0,0.0,0.0,1,1,0,False,False,False,False,False,False
1223,0.72286004,0.3323675,-0.39049254000000005,0.60408574,0.04623926,-0.55784648,1.0,1.0,0.0,0.0,0.0,0.0,0.0,0.0,0.0,0.0,0.0,0.0,1,1,0,False,False,False,False,False,False
1224,0.86856407,0.7694731,-0.09909097,0.8604486,0.94924724,0.08879864000000004,0.8875,0.35,-0.5375,0.0,0.0,0.0,0.0,0.0,0.0,0.0,0.0,0.0,1,1,0,False,False,False,False,False,False
1225,0.9375378,0.5193886,-0.4181492,0.97505397,0.38841227,-0.5866417,0.85,0.825,-0.025000000000000022,0.0,0.0,0.0,0.0,0.0,0.0,0.0,0.0,0.0,1,1,0,False,False,False,False,False,False
1226,0.97749996,0.9837718,0.0062718400000000285,1.0,0.9768169,-0.023183100000000012,0.925,1.0,0.07499999999999996,0.0,0.0,0.0,0.0,0.0,0.0,0.0,0.0,0.0,1,1,0,False,False,False,False,False,False
1227,0.94622034,0.797956,-0.14826434,0.9553147,0.7113657,-0.24394899999999997,0.925,1.0,0.07499999999999996,0.0,0.0,0.0,0.0,0.0,0.0,0.0,0.0,0.0,1,1,0,False,False,False,False,False,False
1228,0.8377102,0.86366695,0.025956750000000084,0.8485145,0.9498813,0.10136680000000009,0.8125,0.6625,-0.15000000000000002,0.0,0.0,0.0,0.0,0.0,0.0,0.0,0.0,0.0,1,1,0,False,False,False,False,False,False
1229,0.7869762,0.8441397,0.057163500000000034,0.797466,0.9112709,0.11380489999999999,0.7625,0.6875,-0.07499999999999996,0.0,0.0,0.0,0.0,0.0,0.0,0.0,0.0,0.0,1,1,0,False,False,False,False,False,False
1230,1.0,0.6846638,-0.31533619999999996,1.0,0.54951966,-0.45048034000000003,1.0,1.0,0.0,0.0,0.0,0.0,0.0,0.0,0.0,0.0,0.0,0.0,1,1,0,False,False,False,False,False,False
1231,0.7966407,0.884514,0.08787330000000004,0.70948666,0.83501995,0.1255332899999999,1.0,1.0,0.0,0.0,0.0,0.0,0.0,0.0,0.0,0.0,0.0,0.0,1,1,0,False,False,False,False,False,False
1232,0.97737265,0.9983673,0.020994650000000004,0.999818,0.9976675,-0.002150499999999944,0.925,1.0,0.07499999999999996,0.0,0.0,0.0,0.0,0.0,0.0,0.0,0.0,0.0,1,1,0,False,False,False,False,False,False
1233,0.85624117,0.7299836,-0.12625757000000004,0.8749873,0.92497665,0.04998934999999993,0.8125,0.275,-0.5375,0.0,0.0,0.0,0.0,0.0,0.0,0.0,0.0,0.0,1,1,0,False,False,False,False,False,False
1234,1.0,1.0,0.0,1.0,1.0,0.0,1.0,1.0,0.0,0.0,0.0,0.0,0.0,0.0,0.0,0.0,0.0,0.0,1,1,0,False,False,False,False,False,False
1235,0.943977,0.8818547,-0.062122299999999964,0.9681815,0.83122104,-0.13696046000000006,0.8875,1.0,0.11250000000000004,0.0,0.0,0.0,0.0,0.0,0.0,0.0,0.0,0.0,1,1,0,False,False,False,False,False,False
1236,0.88760376,0.90358543,0.01598167000000006,0.8876482,0.8622648,-0.025383399999999945,0.8875,1.0,0.11250000000000004,0.0,0.0,0.0,0.0,0.0,0.0,0.0,0.0,0.0,1,1,0,False,False,False,False,False,False
1237,0.0,0.0,0.0,0.35406885,0.48823965,0.13417080000000003,1.0,1.0,0.0,1.0,1.0,0.0,1.0,1.0,0.0,0.0,0.0,0.0,0,0,0,False,False,False,False,False,False
1238,1.0,1.0,0.0,1.0,1.0,0.0,1.0,1.0,0.0,0.0,0.0,0.0,0.0,0.0,0.0,0.0,0.0,0.0,1,1,0,False,False,False,False,False,False
1239,0.96250004,0.89335245,-0.06914759000000004,0.99999994,0.8958606,-0.10413934000000002,0.875,0.8875,0.012499999999999956,0.0,0.0,0.0,0.0,0.0,0.0,0.0,0.0,0.0,1,1,0,False,False,False,False,False,False
1240,0.8518969,0.88353854,0.031641640000000026,0.8527098,0.9139836,0.061273800000000045,0.85,0.8125,-0.03749999999999998,0.0,0.0,0.0,0.0,0.0,0.0,0.0,0.0,0.0,1,1,0,False,False,False,False,False,False
1241,1.0,1.0,0.0,1.0,1.0,0.0,1.0,1.0,0.0,0.0,0.0,0.0,0.0,0.0,0.0,0.0,0.0,0.0,1,1,0,False,False,False,False,False,False
1242,0.97749996,0.9278969,-0.04960305999999992,0.99999994,0.8969956,-0.10300434000000003,0.925,1.0,0.07499999999999996,0.0,0.0,0.0,0.0,0.0,0.0,0.0,0.0,0.0,1,1,0,False,False,False,False,False,False
1243,0.85175323,0.8940959,0.04234267000000003,0.7882189,0.84870845,0.06048955,1.0,1.0,0.0,0.0,0.0,0.0,0.0,0.0,0.0,0.0,0.0,0.0,1,1,0,False,False,False,False,False,False
1244,1.0,1.0,0.0,1.0,1.0,0.0,1.0,1.0,0.0,0.0,0.0,0.0,0.0,0.0,0.0,0.0,0.0,0.0,1,1,0,False,False,False,False,False,False
1245,1.0,1.0,0.0,1.0,1.0,0.0,1.0,1.0,0.0,0.0,0.0,0.0,0.0,0.0,0.0,0.0,0.0,0.0,1,1,0,False,False,False,False,False,False
1246,0.8100563,0.83255637,0.022500070000000094,0.8090091,0.8090091,0.0,0.8125,0.8875,0.07499999999999996,0.0,0.0,0.0,0.0,0.0,0.0,0.0,0.0,0.0,1,1,0,False,False,False,False,False,False
1247,0.8442597,0.8983347,0.054075000000000095,0.82572806,0.9511924,0.12546434000000006,0.8875,0.77500004,-0.11249995999999995,0.0,0.0,0.0,0.0,0.0,0.0,0.0,0.0,0.0,1,1,0,False,False,False,False,False,False
1248,1.0,1.0,0.0,1.0,1.0,0.0,1.0,1.0,0.0,0.0,0.0,0.0,0.0,0.0,0.0,0.0,0.0,0.0,1,1,0,False,False,False,False,False,False
1249,0.0,0.0,0.0,1.0,1.0,0.0,1.0,1.0,0.0,1.0,1.0,0.0,1.0,1.0,0.0,0.0,0.0,0.0,0,0,0,False,False,False,False,False,False
1250,0.85232204,0.9012007,0.04887865999999996,0.83724564,0.9499295,0.11268385999999997,0.8875,0.7875,-0.09999999999999998,0.0,0.0,0.0,0.0,0.0,0.0,0.0,0.0,0.0,1,1,0,False,False,False,False,False,False
1251,1.0,1.0,0.0,1.0,1.0,0.0,1.0,1.0,0.0,0.0,0.0,0.0,0.0,0.0,0.0,0.0,0.0,0.0,1,1,0,False,False,False,False,False,False
1252,0.9297085,0.925,-0.004708500000000004,0.89958364,1.0,0.10041635999999998,1.0,0.75,-0.25,0.0,0.0,0.0,0.0,0.0,0.0,0.0,0.0,0.0,1,1,0,False,False,False,False,False,False
1253,0.89857644,0.8698682,-0.02870824000000005,0.88725203,0.8623117,-0.024940329999999955,0.925,0.8875,-0.03750000000000009,0.0,0.0,0.0,0.0,0.0,0.0,0.0,0.0,0.0,1,1,0,False,False,False,False,False,False
1254,0.8439129,0.9146534,0.07074049999999998,0.82523274,0.9262906,0.10105785999999994,0.8875,0.8875,0.0,0.0,0.0,0.0,0.0,0.0,0.0,0.0,0.0,0.0,1,1,0,False,False,False,False,False,False
1255,0.8934061,0.8934061,0.0,0.84772307,0.84772307,0.0,1.0,1.0,0.0,0.0,0.0,0.0,0.0,0.0,0.0,0.0,0.0,0.0,1,1,0,False,False,False,False,False,False
1256,0.778283,0.8164627,0.03817970000000004,0.7314757,0.8181611,0.08668540000000002,0.8875,0.8125,-0.07499999999999996,0.0,0.0,0.0,0.0,0.0,0.0,0.0,0.0,0.0,1,1,0,False,False,False,False,False,False
1257,0.8849339,0.91499513,0.03006122999999994,0.83561975,0.92677873,0.09115898,1.0,0.8875,-0.11250000000000004,0.0,0.0,0.0,0.0,0.0,0.0,0.0,0.0,0.0,1,1,0,False,False,False,False,False,False
1258,0.86196786,0.9314788,0.06951094000000002,0.8510256,0.95032686,0.09930125999999995,0.8875,0.8875,0.0,0.0,0.0,0.0,0.0,0.0,0.0,0.0,0.0,0.0,1,1,0,False,False,False,False,False,False
1259,0.8220836,0.89266986,0.07058626000000001,0.7458337,0.84667116,0.10083745999999993,1.0,1.0,0.0,0.0,0.0,0.0,0.0,0.0,0.0,0.0,0.0,0.0,1,1,0,False,False,False,False,False,False
1260,1.0,1.0,0.0,1.0,1.0,0.0,1.0,1.0,0.0,0.0,0.0,0.0,0.0,0.0,0.0,0.0,0.0,0.0,1,1,0,False,False,False,False,False,False
1261,0.96625006,1.0,0.03374993999999998,1.0,1.0,0.0,0.8875,1.0,0.11250000000000004,0.0,0.0,0.0,0.0,0.0,0.0,0.0,0.0,0.0,1,1,0,False,False,False,False,False,False
1262,0.8199267,0.7023701,-0.11755660000000001,0.8873952,0.68731445,-0.20008075000000003,0.6625,0.7375,0.07500000000000007,0.0,0.0,0.0,0.0,0.0,0.0,0.0,0.0,0.0,1,1,0,False,False,False,False,False,False
1263,0.8520786,0.922328,0.07024940000000002,0.836898,0.9372542,0.1003562,0.8875,0.8875,0.0,0.0,0.0,0.0,0.0,0.0,0.0,0.0,0.0,0.0,1,1,0,False,False,False,False,False,False
1264,0.9860558,0.8041893,-0.18186650000000004,0.98007965,0.72027045,-0.25980919999999996,1.0,1.0,0.0,0.0,0.0,0.0,0.0,0.0,0.0,0.0,0.0,0.0,1,1,0,False,False,False,False,False,False
1265,0.8357334,0.85830575,0.02257235000000002,0.8510478,0.926151,0.07510319999999993,0.8,0.7,-0.10000000000000009,0.0,0.0,0.0,0.0,0.0,0.0,0.0,0.0,0.0,1,1,0,False,False,False,False,False,False
1266,0.9482956,0.87870437,-0.06959123,0.92613655,0.82672054,-0.09941601,1.0,1.0,0.0,0.0,0.0,0.0,0.0,0.0,0.0,0.0,0.0,0.0,1,1,0,False,False,False,False,False,False
1267,1.0,0.87413883,-0.12586116999999997,1.0,0.8201983,-0.17980169999999995,1.0,1.0,0.0,0.0,0.0,0.0,0.0,0.0,0.0,0.0,0.0,0.0,1,1,0,False,False,False,False,False,False
1268,1.0,1.0,0.0,1.0,1.0,0.0,1.0,1.0,0.0,0.0,0.0,0.0,0.0,0.0,0.0,0.0,0.0,0.0,1,1,0,False,False,False,False,False,False
1269,0.948125,0.90462446,-0.04350054000000003,0.97410715,0.9869635,0.01285634999999996,0.8875,0.71250004,-0.17499995999999995,0.0,0.0,0.0,0.0,0.0,0.0,0.0,0.0,0.0,1,1,0,False,False,False,False,False,False
1270,0.9272675,0.95563024,0.028362739999999942,0.9443106,0.9366146,-0.007696000000000036,0.8875,1.0,0.11250000000000004,0.0,0.0,0.0,0.0,0.0,0.0,0.0,0.0,0.0,1,1,0,False,False,False,False,False,False
1271,0.79103225,0.0,-0.79103225,0.78718895,0.7496516,-0.037537350000000025,0.8,0.77500004,-0.024999960000000043,0.0,1.0,1.0,0.0,1.0,1.0,0.0,0.0,0.0,1,0,-1,False,False,False,True,False,True
1272,0.0,0.0,0.0,1.0,1.0,0.0,1.0,1.0,0.0,1.0,1.0,0.0,1.0,1.0,0.0,0.0,0.0,0.0,0,0,0,False,False,False,False,False,False
1273,0.90399027,0.87915605,-0.024834220000000018,0.91105753,0.92379427,0.012736740000000024,0.8875,0.77500004,-0.11249995999999995,0.0,0.0,0.0,0.0,0.0,0.0,0.0,0.0,0.0,1,1,0,False,False,False,False,False,False
1274,0.96492237,0.82374996,-0.14117241000000003,0.949889,0.99999994,0.05011094000000005,1.0,0.4125,-0.5875,0.0,0.0,0.0,0.0,0.0,0.0,0.0,0.0,0.0,1,1,0,False,False,False,False,False,False
1275,0.93221724,0.804941,-0.12727623999999993,0.9031675,0.7534871,-0.14968040000000005,1.0,0.925,-0.07499999999999996,0.0,0.0,0.0,0.0,0.0,0.0,0.0,0.0,0.0,1,1,0,False,False,False,False,False,False
1276,0.9384069,0.40760946,-0.5307974400000001,0.9762955,0.36265635,-0.61363915,0.85,0.5125,-0.3375,0.0,0.0,0.0,0.0,0.0,0.0,0.0,0.0,0.0,1,1,0,False,False,False,False,False,False
1277,0.85054034,0.7683283,-0.08221204000000004,0.89898616,0.9368976,0.03791144000000002,0.7375,0.375,-0.36250000000000004,0.0,0.0,0.0,0.0,0.0,0.0,0.0,0.0,0.0,1,1,0,False,False,False,False,False,False
1278,0.8265997,0.89005536,0.06345565999999991,0.8004997,0.9125791,0.11207939999999994,0.8875,0.83750004,-0.049999959999999954,0.0,0.0,0.0,0.0,0.0,0.0,0.0,0.0,0.0,1,1,0,False,False,False,False,False,False
1279,1.0,0.859145,-0.14085499999999995,1.0,0.7987785,-0.20122150000000005,1.0,1.0,0.0,0.0,0.0,0.0,0.0,0.0,0.0,0.0,0.0,0.0,1,1,0,False,False,False,False,False,False
1280,0.0,0.7807034,0.7807034,0.5421787,0.78850484,0.24632613999999997,0.8923077,0.7625,-0.12980770000000008,1.0,0.0,-1.0,1.0,0.0,-1.0,0.0,0.0,0.0,0,1,1,False,False,True,False,True,False
1281,0.6289504,0.87613124,0.24718083999999996,0.46992916,0.8230446,0.35311544,1.0,1.0,0.0,0.0,0.0,0.0,0.0,0.0,0.0,0.0,0.0,0.0,1,1,0,False,False,False,False,False,False
1282,0.85451394,0.9008021,0.04628816000000002,0.84037703,0.93864584,0.09826880999999998,0.8875,0.8125,-0.07499999999999996,0.0,0.0,0.0,0.0,0.0,0.0,0.0,0.0,0.0,1,1,0,False,False,False,False,False,False
1283,0.90625,0.88374996,-0.022500040000000054,0.99999994,0.99999994,0.0,0.6875,0.6125,-0.07499999999999996,0.0,0.0,0.0,0.0,0.0,0.0,0.0,0.0,0.0,1,1,0,False,False,False,False,False,False
1284,0.0,0.97749996,0.97749996,0.78779167,1.0,0.21220832999999995,1.0,0.925,-0.07499999999999996,0.0,0.0,0.0,0.0,0.0,0.0,1.0,0.0,-1.0,0,1,1,True,False,False,False,False,False
1285,0.94161874,0.83003896,-0.11157978000000002,0.91659826,0.75719845,-0.15939981000000003,1.0,1.0,0.0,0.0,0.0,0.0,0.0,0.0,0.0,0.0,0.0,0.0,1,1,0,False,False,False,False,False,False
1286,1.0,1.0,0.0,1.0,1.0,0.0,1.0,1.0,0.0,0.0,0.0,0.0,0.0,0.0,0.0,0.0,0.0,0.0,1,1,0,False,False,False,False,False,False
1287,0.96625006,0.7781914,-0.18805866000000004,1.0,0.6831305,-0.3168695,0.8875,1.0,0.11250000000000004,0.0,0.0,0.0,0.0,0.0,0.0,0.0,0.0,0.0,1,1,0,False,False,False,False,False,False
1288,0.97749996,0.96624994,-0.011250019999999972,0.99999994,0.99999994,0.0,0.925,0.8875,-0.03750000000000009,0.0,0.0,0.0,0.0,0.0,0.0,0.0,0.0,0.0,1,1,0,False,False,False,False,False,False
1289,0.8789778,0.9227875,0.04380969999999995,0.82711107,0.9379108,0.1107997300000001,1.0,0.8875,-0.11250000000000004,0.0,0.0,0.0,0.0,0.0,0.0,0.0,0.0,0.0,1,1,0,False,False,False,False,False,False
1290,0.9048638,0.6606454,-0.24421839999999995,0.91230536,0.57413626,-0.3381691,0.8875,0.8625,-0.02499999999999991,0.0,0.0,0.0,0.0,0.0,0.0,0.0,0.0,0.0,1,1,0,False,False,False,False,False,False
1291,1.0,1.0,0.0,1.0,1.0,0.0,1.0,1.0,0.0,0.0,0.0,0.0,0.0,0.0,0.0,0.0,0.0,0.0,1,1,0,False,False,False,False,False,False
1292,0.81306785,0.80180085,-0.011267000000000027,0.7811682,0.81864405,0.03747584999999998,0.8875,0.7625,-0.125,0.0,0.0,0.0,0.0,0.0,0.0,0.0,0.0,0.0,1,1,0,False,False,False,False,False,False
1293,0.97145885,0.94700664,-0.024452209999999974,0.9592268,0.92429507,-0.03493173000000005,1.0,1.0,0.0,0.0,0.0,0.0,0.0,0.0,0.0,0.0,0.0,0.0,1,1,0,False,False,False,False,False,False
1294,0.91375,0.86499995,-0.04875004999999999,1.0,1.0,0.0,0.71250004,0.55,-0.16250003999999996,0.0,0.0,0.0,0.0,0.0,0.0,0.0,0.0,0.0,1,1,0,False,False,False,False,False,False
1295,0.97749996,0.89810795,-0.07939200999999996,1.0,0.8544399,-0.14556009999999997,0.925,1.0,0.07499999999999996,0.0,0.0,0.0,0.0,0.0,0.0,0.0,0.0,0.0,1,1,0,False,False,False,False,False,False
1296,0.8435206,0.7522573,-0.09126329999999994,0.8246723,0.8871532,0.06248089999999995,0.8875,0.4375,-0.44999999999999996,0.0,0.0,0.0,0.0,0.0,0.0,0.0,0.0,0.0,1,1,0,False,False,False,False,False,False
1297,0.8611736,0.7974269,-0.06374669999999993,0.887391,0.9248956,0.0375046,0.8,0.5,-0.30000000000000004,0.0,0.0,0.0,0.0,0.0,0.0,0.0,0.0,0.0,1,1,0,False,False,False,False,False,False
1298,0.7704977,0.8130757,0.042578000000000005,0.72035384,0.83475107,0.11439723000000002,0.8875,0.7625,-0.125,0.0,0.0,0.0,0.0,0.0,0.0,0.0,0.0,0.0,1,1,0,False,False,False,False,False,False
1299,1.0,1.0,0.0,1.0,1.0,0.0,1.0,1.0,0.0,0.0,0.0,0.0,0.0,0.0,0.0,0.0,0.0,0.0,1,1,0,False,False,False,False,False,False
1300,0.7777382,0.85107464,0.07333643999999995,0.68248314,0.78724945,0.10476631000000003,1.0,1.0,0.0,0.0,0.0,0.0,0.0,0.0,0.0,0.0,0.0,0.0,1,1,0,False,False,False,False,False,False
1301,0.96625006,0.8938112,-0.07243886,1.0,0.8965161,-0.10348389999999996,0.8875,0.8875,0.0,0.0,0.0,0.0,0.0,0.0,0.0,0.0,0.0,0.0,1,1,0,False,False,False,False,False,False
1302,1.0,1.0,0.0,1.0,1.0,0.0,1.0,1.0,0.0,0.0,0.0,0.0,0.0,0.0,0.0,0.0,0.0,0.0,1,1,0,False,False,False,False,False,False
1303,0.83689636,0.90080416,0.06390779999999996,0.81520903,0.9386487,0.12343967,0.8875,0.8125,-0.07499999999999996,0.0,0.0,0.0,0.0,0.0,0.0,0.0,0.0,0.0,1,1,0,False,False,False,False,False,False
1304,1.0,1.0,0.0,1.0,1.0,0.0,1.0,1.0,0.0,0.0,0.0,0.0,0.0,0.0,0.0,0.0,0.0,0.0,1,1,0,False,False,False,False,False,False
1305,1.0,1.0,0.0,1.0,1.0,0.0,1.0,1.0,0.0,0.0,0.0,0.0,0.0,0.0,0.0,0.0,0.0,0.0,1,1,0,False,False,False,False,False,False
1306,1.0,1.0,0.0,1.0,1.0,0.0,1.0,1.0,0.0,0.0,0.0,0.0,0.0,0.0,0.0,0.0,0.0,0.0,1,1,0,False,False,False,False,False,False
1307,0.99967194,0.9942827,-0.005389240000000073,0.9995313,0.9918325,-0.007698800000000006,1.0,1.0,0.0,0.0,0.0,0.0,0.0,0.0,0.0,0.0,0.0,0.0,1,1,0,False,False,False,False,False,False
1308,0.0,0.9999859,0.9999859,0.99997985,0.99997985,0.0,0.47457626,1.0,0.5254237399999999,0.0,0.0,0.0,0.0,0.0,0.0,1.0,0.0,-1.0,0,1,1,True,False,False,False,False,False
1309,1.0,1.0,0.0,1.0,1.0,0.0,1.0,1.0,0.0,0.0,0.0,0.0,0.0,0.0,0.0,0.0,0.0,0.0,1,1,0,False,False,False,False,False,False
1310,0.9325,0.92894423,-0.003555769999999958,0.99999994,0.9895631,-0.010436840000000003,0.77500004,0.7875,0.012499959999999977,0.0,0.0,0.0,0.0,0.0,0.0,0.0,0.0,0.0,1,1,0,False,False,False,False,False,False
1311,0.0,0.97374994,0.97374994,0.99999994,0.99999994,0.0,0.57142854,0.9125,0.34107146,0.0,0.0,0.0,0.0,0.0,0.0,1.0,0.0,-1.0,0,1,1,True,False,False,False,False,False
1312,1.0,1.0,0.0,1.0,1.0,0.0,1.0,1.0,0.0,0.0,0.0,0.0,0.0,0.0,0.0,0.0,0.0,0.0,1,1,0,False,False,False,False,False,False
1313,0.7862436,0.91392344,0.12767984,0.8124909,0.9252478,0.11275689999999994,0.725,0.8875,0.16249999999999998,0.0,0.0,0.0,0.0,0.0,0.0,0.0,0.0,0.0,1,1,0,False,False,False,False,False,False
1314,0.8914984,0.937397,0.04589860000000001,0.8771406,0.9587814,0.08164079999999996,0.925,0.8875,-0.03750000000000009,0.0,0.0,0.0,0.0,0.0,0.0,0.0,0.0,0.0,1,1,0,False,False,False,False,False,False
1315,0.87070733,0.84551746,-0.025189869999999948,0.8527961,0.8168106,-0.03598549999999989,0.9125,0.9125,0.0,0.0,0.0,0.0,0.0,0.0,0.0,0.0,0.0,0.0,1,1,0,False,False,False,False,False,False
1316,1.0,1.0,0.0,1.0,1.0,0.0,1.0,1.0,0.0,0.0,0.0,0.0,0.0,0.0,0.0,0.0,0.0,0.0,1,1,0,False,False,False,False,False,False
1317,1.0,1.0,0.0,1.0,1.0,0.0,1.0,1.0,0.0,0.0,0.0,0.0,0.0,0.0,0.0,0.0,0.0,0.0,1,1,0,False,False,False,False,False,False
1318,0.97375005,0.9299486,-0.04380145000000002,1.0000001,0.9481409,-0.051859200000000105,0.9125,0.8875,-0.025000000000000022,0.0,0.0,0.0,0.0,0.0,0.0,0.0,0.0,0.0,1,1,0,False,False,False,False,False,False
1319,0.771985,0.8261792,0.05419419999999997,0.72247857,0.81061316,0.08813459000000001,0.8875,0.8625,-0.02499999999999991,0.0,0.0,0.0,0.0,0.0,0.0,0.0,0.0,0.0,1,1,0,False,False,False,False,False,False
1320,0.0,0.836899,0.836899,0.55454296,0.8152129,0.26066994,0.6041667,0.8875,0.2833333,1.0,0.0,-1.0,1.0,0.0,-1.0,0.0,0.0,0.0,0,1,1,False,False,True,False,True,False
1321,0.8868952,0.9325,0.0456048,0.8866359,1.0,0.11336409999999997,0.8875,0.77500004,-0.11249995999999995,0.0,0.0,0.0,0.0,0.0,0.0,0.0,0.0,0.0,1,1,0,False,False,False,False,False,False
1322,0.8363344,0.8925875,0.056253099999999945,0.8197635,0.8465536,0.02679010000000004,0.875,1.0,0.125,0.0,0.0,0.0,0.0,0.0,0.0,0.0,0.0,0.0,1,1,0,False,False,False,False,False,False
1323,1.0,1.0,0.0,1.0,1.0,0.0,1.0,1.0,0.0,0.0,0.0,0.0,0.0,0.0,0.0,0.0,0.0,0.0,1,1,0,False,False,False,False,False,False
1324,0.8764696,0.89788836,0.021418760000000092,0.8663851,0.8541263,-0.012258800000000014,0.90000004,1.0,0.09999996,0.0,0.0,0.0,0.0,0.0,0.0,0.0,0.0,0.0,1,1,0,False,False,False,False,False,False
1325,0.8808834,0.86529714,-0.015586259999999963,0.8780478,0.85578156,-0.022266239999999993,0.8875,0.8875,0.0,0.0,0.0,0.0,0.0,0.0,0.0,0.0,0.0,0.0,1,1,0,False,False,False,False,False,False
1326,0.0,0.74578965,0.74578965,0.34718758,0.72791374,0.38072616,0.34285715,0.7875,0.44464285,1.0,0.0,-1.0,1.0,0.0,-1.0,0.0,0.0,0.0,0,1,1,False,False,True,False,True,False
1327,0.9549999,0.88980657,-0.06519333000000005,0.99999994,0.9122237,-0.08777624000000006,0.85,0.83750004,-0.012499959999999977,0.0,0.0,0.0,0.0,0.0,0.0,0.0,0.0,0.0,1,1,0,False,False,False,False,False,False
1328,0.46054825,0.5117643,0.05121604999999996,0.22935463,0.3025204,0.07316577000000002,1.0,1.0,0.0,0.0,0.0,0.0,0.0,0.0,0.0,0.0,0.0,0.0,1,1,0,False,False,False,False,False,False
1329,1.0,1.0,0.0,1.0,1.0,0.0,1.0,1.0,0.0,0.0,0.0,0.0,0.0,0.0,0.0,0.0,0.0,0.0,1,1,0,False,False,False,False,False,False
1330,0.96625006,0.9393358,-0.026914259999999968,1.0,0.9615512,-0.03844879999999995,0.8875,0.8875,0.0,0.0,0.0,0.0,0.0,0.0,0.0,0.0,0.0,0.0,1,1,0,False,False,False,False,False,False
1331,0.84309113,0.9144083,0.07131716999999993,0.8562016,0.9527261,0.09652450000000001,0.8125,0.825,0.012499999999999956,0.0,0.0,0.0,0.0,0.0,0.0,0.0,0.0,0.0,1,1,0,False,False,False,False,False,False
1332,0.8541321,0.89275914,0.03862704000000006,0.9094743,0.98072726,0.07125296000000003,0.725,0.6875,-0.03749999999999998,0.0,0.0,0.0,0.0,0.0,0.0,0.0,0.0,0.0,1,1,0,False,False,False,False,False,False
1333,0.87952024,0.7922091,-0.08731113999999995,0.9136004,0.78351295,-0.13008745,0.8,0.8125,0.012499999999999956,0.0,0.0,0.0,0.0,0.0,0.0,0.0,0.0,0.0,1,1,0,False,False,False,False,False,False
1334,0.96625006,0.48527652,-0.48097354000000003,1.0,0.35575214,-0.64424786,0.8875,0.7875,-0.09999999999999998,0.0,0.0,0.0,0.0,0.0,0.0,0.0,0.0,0.0,1,1,0,False,False,False,False,False,False
1335,0.89414257,0.8742302,-0.019912370000000013,0.90234655,0.8899717,-0.012374849999999937,0.875,0.83750004,-0.03749996,0.0,0.0,0.0,0.0,0.0,0.0,0.0,0.0,0.0,1,1,0,False,False,False,False,False,False
1336,0.8275494,0.7412496,-0.08629980000000004,0.92507046,0.96249944,0.037428979999999945,0.6,0.22500001,-0.37499998999999995,0.0,0.0,0.0,0.0,0.0,0.0,0.0,0.0,0.0,1,1,0,False,False,False,False,False,False
1337,1.0,1.0,0.0,1.0,1.0,0.0,1.0,1.0,0.0,0.0,0.0,0.0,0.0,0.0,0.0,0.0,0.0,0.0,1,1,0,False,False,False,False,False,False
1338,0.9127771,0.83875,-0.07402710000000001,0.8753959,1.0,0.1246041,1.0,0.4625,-0.5375,0.0,0.0,0.0,0.0,0.0,0.0,0.0,0.0,0.0,1,1,0,False,False,False,False,False,False
1339,0.85637325,0.84789103,-0.008482219999999985,0.87517595,0.9005586,0.02538264999999995,0.8125,0.725,-0.08750000000000002,0.0,0.0,0.0,0.0,0.0,0.0,0.0,0.0,0.0,1,1,0,False,False,False,False,False,False
1340,1.0,1.0,0.0,1.0,1.0,0.0,1.0,1.0,0.0,0.0,0.0,0.0,0.0,0.0,0.0,0.0,0.0,0.0,1,1,0,False,False,False,False,False,False
1341,0.8581144,0.8475483,-0.010566100000000023,0.88302064,0.89471173,0.011691090000000015,0.8,0.7375,-0.0625,0.0,0.0,0.0,0.0,0.0,0.0,0.0,0.0,0.0,1,1,0,False,False,False,False,False,False
1342,0.7757773,0.9211699,0.14539259999999998,0.7278961,0.88738555,0.15948944999999992,0.8875,1.0,0.11250000000000004,0.0,0.0,0.0,0.0,0.0,0.0,0.0,0.0,0.0,1,1,0,False,False,False,False,False,False
1343,0.8680604,0.79333484,-0.07472555999999997,0.81151485,0.78512114,-0.026393710000000015,1.0,0.8125,-0.1875,0.0,0.0,0.0,0.0,0.0,0.0,0.0,0.0,0.0,1,1,0,False,False,False,False,False,False
1344,0.8512953,0.94,0.08870469999999997,0.83577895,1.0,0.16422104999999998,0.8875,0.8,-0.08749999999999991,0.0,0.0,0.0,0.0,0.0,0.0,0.0,0.0,0.0,1,1,0,False,False,False,False,False,False
1345,0.7556515,0.82501185,0.06936034999999996,0.65093064,0.75001687,0.09908622999999994,1.0,1.0,0.0,0.0,0.0,0.0,0.0,0.0,0.0,0.0,0.0,0.0,1,1,0,False,False,False,False,False,False
1346,1.0,1.0,0.0,1.0,1.0,0.0,1.0,1.0,0.0,0.0,0.0,0.0,0.0,0.0,0.0,0.0,0.0,0.0,1,1,0,False,False,False,False,False,False
1347,0.94877785,0.86929226,-0.07948559,0.97503984,0.861489,-0.11355084000000004,0.8875,0.8875,0.0,0.0,0.0,0.0,0.0,0.0,0.0,0.0,0.0,0.0,1,1,0,False,False,False,False,False,False
1348,0.0,1.0,1.0,1.0,1.0,0.0,1.0,1.0,0.0,1.0,0.0,-1.0,1.0,0.0,-1.0,0.0,0.0,0.0,0,1,1,False,False,True,False,True,False
1349,0.7026575,0.5838489,-0.11880860000000004,0.72522503,0.8126412,0.0874161699999999,0.65000004,0.05,-0.60000004,0.0,0.0,0.0,0.0,0.0,0.0,0.0,0.0,0.0,1,1,0,False,False,False,False,False,False
1350,0.85967463,0.92125,0.06157537000000002,0.84774953,1.0,0.15225047000000003,0.8875,0.7375,-0.1499999999999999,0.0,0.0,0.0,0.0,0.0,0.0,0.0,0.0,0.0,1,1,0,False,False,False,False,False,False
1351,0.9774195,0.9999194,0.022499900000000017,0.9998849,0.9998849,0.0,0.925,1.0,0.07499999999999996,0.0,0.0,0.0,0.0,0.0,0.0,0.0,0.0,0.0,1,1,0,False,False,False,False,False,False
1352,0.81000787,0.8799025,0.06989463000000007,0.814297,0.87664646,0.06234945999999997,0.8,0.8875,0.08749999999999991,0.0,0.0,0.0,0.0,0.0,0.0,0.0,0.0,0.0,1,1,0,False,False,False,False,False,False
1353,0.8662087,0.7937292,-0.07247950000000003,0.8624409,0.9249702,0.06252930000000001,0.875,0.4875,-0.3875,0.0,0.0,0.0,0.0,0.0,0.0,0.0,0.0,0.0,1,1,0,False,False,False,False,False,False
1354,0.8079718,0.8612504,0.053278599999999954,0.8113882,0.92500055,0.11361235000000003,0.8,0.71250004,-0.08749996000000004,0.0,0.0,0.0,0.0,0.0,0.0,0.0,0.0,0.0,1,1,0,False,False,False,False,False,False
1355,0.96625006,0.96625006,0.0,1.0,1.0,0.0,0.8875,0.8875,0.0,0.0,0.0,0.0,0.0,0.0,0.0,0.0,0.0,0.0,1,1,0,False,False,False,False,False,False
1356,0.97400457,0.88708967,-0.0869148999999999,0.9628637,0.8761994,-0.08666430000000003,1.0,0.9125,-0.08750000000000002,0.0,0.0,0.0,0.0,0.0,0.0,0.0,0.0,0.0,1,1,0,False,False,False,False,False,False
1357,1.0,0.8095523,-0.1904477,1.0,0.72793186,-0.27206814,1.0,1.0,0.0,0.0,0.0,0.0,0.0,0.0,0.0,0.0,0.0,0.0,1,1,0,False,False,False,False,False,False
1358,0.73870254,0.8520919,0.11338936,0.67493224,0.836917,0.16198476000000006,0.8875,0.8875,0.0,0.0,0.0,0.0,0.0,0.0,0.0,0.0,0.0,0.0,1,1,0,False,False,False,False,False,False
1359,0.8912897,0.8757313,-0.015558399999999972,0.8446995,0.9349733,0.09027379999999996,1.0,0.7375,-0.26249999999999996,0.0,0.0,0.0,0.0,0.0,0.0,0.0,0.0,0.0,1,1,0,False,False,False,False,False,False
1360,1.0,1.0,0.0,1.0,1.0,0.0,1.0,1.0,0.0,0.0,0.0,0.0,0.0,0.0,0.0,0.0,0.0,0.0,1,1,0,False,False,False,False,False,False
1361,0.96250004,0.9385051,-0.02399494000000002,1.0,0.94429296,-0.05570704000000004,0.875,0.925,0.050000000000000044,0.0,0.0,0.0,0.0,0.0,0.0,0.0,0.0,0.0,1,1,0,False,False,False,False,False,False
1362,1.0,0.9015503,-0.09844969999999997,0.99999994,0.85935754,-0.14064240000000006,1.0,1.0,0.0,0.0,0.0,0.0,0.0,0.0,0.0,0.0,0.0,0.0,1,1,0,False,False,False,False,False,False
1363,1.0,1.0,0.0,1.0,1.0,0.0,1.0,1.0,0.0,0.0,0.0,0.0,0.0,0.0,0.0,0.0,0.0,0.0,1,1,0,False,False,False,False,False,False
1364,0.9075939,0.8788571,-0.028736800000000007,0.9001341,0.875153,-0.02498110000000009,0.925,0.8875,-0.03750000000000009,0.0,0.0,0.0,0.0,0.0,0.0,0.0,0.0,0.0,1,1,0,False,False,False,False,False,False
1365,0.0,0.0,0.0,1.0,1.0,0.0,1.0,1.0,0.0,1.0,1.0,0.0,1.0,1.0,0.0,0.0,0.0,0.0,0,0,0,False,False,False,False,False,False
1366,0.96999997,0.92314357,-0.04685640000000002,1.0,0.922348,-0.07765200000000005,0.90000004,0.925,0.024999960000000043,0.0,0.0,0.0,0.0,0.0,0.0,0.0,0.0,0.0,1,1,0,False,False,False,False,False,False
1367,0.85167056,0.83804655,-0.01362401000000002,0.7881008,0.83828074,0.05017993999999992,1.0,0.83750004,-0.16249996,0.0,0.0,0.0,0.0,0.0,0.0,0.0,0.0,0.0,1,1,0,False,False,False,False,False,False
1368,1.0,0.8271462,-0.17285379999999995,1.0,0.753066,-0.246934,1.0,1.0,0.0,0.0,0.0,0.0,0.0,0.0,0.0,0.0,0.0,0.0,1,1,0,False,False,False,False,False,False
1369,0.96625006,0.96625006,0.0,1.0,1.0,0.0,0.8875,0.8875,0.0,0.0,0.0,0.0,0.0,0.0,0.0,0.0,0.0,0.0,1,1,0,False,False,False,False,False,False
1370,0.77331793,0.889365,0.11604706999999992,0.67616844,0.84195006,0.16578161999999996,1.0,1.0,0.0,0.0,0.0,0.0,0.0,0.0,0.0,0.0,0.0,0.0,1,1,0,False,False,False,False,False,False
1371,1.0,1.0,0.0,1.0,1.0,0.0,1.0,1.0,0.0,0.0,0.0,0.0,0.0,0.0,0.0,0.0,0.0,0.0,1,1,0,False,False,False,False,False,False
1372,1.0,1.0,0.0,1.0,1.0,0.0,1.0,1.0,0.0,0.0,0.0,0.0,0.0,0.0,0.0,0.0,0.0,0.0,1,1,0,False,False,False,False,False,False
1373,1.0,0.90926677,-0.09073323,1.0,0.87038106,-0.12961893999999996,1.0,1.0,0.0,0.0,0.0,0.0,0.0,0.0,0.0,0.0,0.0,0.0,1,1,0,False,False,False,False,False,False
1374,1.0,1.0,0.0,1.0,1.0,0.0,1.0,1.0,0.0,0.0,0.0,0.0,0.0,0.0,0.0,0.0,0.0,0.0,1,1,0,False,False,False,False,False,False
1375,1.0,1.0,0.0,1.0,1.0,0.0,1.0,1.0,0.0,0.0,0.0,0.0,0.0,0.0,0.0,0.0,0.0,0.0,1,1,0,False,False,False,False,False,False
1376,0.89631766,0.92631763,0.029999969999999987,0.9483109,0.9483109,0.0,0.77500004,0.875,0.09999996,0.0,0.0,0.0,0.0,0.0,0.0,0.0,0.0,0.0,1,1,0,False,False,False,False,False,False
1377,1.0,1.0,0.0,1.0,1.0,0.0,1.0,1.0,0.0,0.0,0.0,0.0,0.0,0.0,0.0,0.0,0.0,0.0,1,1,0,False,False,False,False,False,False
1378,0.0,0.0,0.0,0.017098319,0.005735006,-0.011363313,0.0,1.0,1.0,1.0,1.0,0.0,1.0,1.0,0.0,0.0,0.0,0.0,0,0,0,False,False,False,False,False,False
1379,0.8410965,0.7982893,-0.042807200000000045,0.8372807,0.92612755,0.08884685000000003,0.85,0.5,-0.35,0.0,0.0,0.0,0.0,0.0,0.0,0.0,0.0,0.0,1,1,0,False,False,False,False,False,False
1380,0.8064869,0.82006377,0.013576869999999963,0.7878384,0.9250911,0.1372527,0.85,0.575,-0.275,0.0,0.0,0.0,0.0,0.0,0.0,0.0,0.0,0.0,1,1,0,False,False,False,False,False,False
1381,0.99591124,0.99591124,0.0,0.99415886,0.99415886,0.0,1.0,1.0,0.0,0.0,0.0,0.0,0.0,0.0,0.0,0.0,0.0,0.0,1,1,0,False,False,False,False,False,False
1382,1.0,1.0,0.0,1.0,1.0,0.0,1.0,1.0,0.0,0.0,0.0,0.0,0.0,0.0,0.0,0.0,0.0,0.0,1,1,0,False,False,False,False,False,False
1383,0.92083836,0.8376743,-0.08316405999999998,0.9351262,0.8163205,-0.11880570000000001,0.8875,0.8875,0.0,0.0,0.0,0.0,0.0,0.0,0.0,0.0,0.0,0.0,1,1,0,False,False,False,False,False,False
1384,0.92125,0.80101866,-0.12023134000000002,1.0,0.8228837,-0.1771163,0.7375,0.75,0.012499999999999956,0.0,0.0,0.0,0.0,0.0,0.0,0.0,0.0,0.0,1,1,0,False,False,False,False,False,False
1385,0.75176346,0.7340414,-0.017722060000000095,0.7310906,0.8075591,0.07646849999999994,0.8,0.5625,-0.23750000000000004,0.0,0.0,0.0,0.0,0.0,0.0,0.0,0.0,0.0,1,1,0,False,False,False,False,False,False
1386,0.8258354,0.81251377,-0.013321629999999973,0.8636935,0.85001963,-0.013673869999999977,0.7375,0.725,-0.012500000000000067,0.0,0.0,0.0,0.0,0.0,0.0,0.0,0.0,0.0,1,1,0,False,False,False,False,False,False
1387,0.9390232,0.94293654,0.003913340000000098,0.91289026,0.9666951,0.053804840000000076,1.0,0.8875,-0.11250000000000004,0.0,0.0,0.0,0.0,0.0,0.0,0.0,0.0,0.0,1,1,0,False,False,False,False,False,False
1388,0.9112732,0.9349937,0.023720500000000033,0.9375331,0.98749095,0.04995784999999997,0.85,0.8125,-0.03749999999999998,0.0,0.0,0.0,0.0,0.0,0.0,0.0,0.0,0.0,1,1,0,False,False,False,False,False,False
1389,0.6099128,0.8941677,0.2842549,0.48023254,0.84881103,0.36857849000000004,0.9125,1.0,0.08750000000000002,0.0,0.0,0.0,0.0,0.0,0.0,0.0,0.0,0.0,1,1,0,False,False,False,False,False,False
1390,0.8554654,0.89296544,0.03750003999999996,0.84709346,0.84709346,0.0,0.875,1.0,0.125,0.0,0.0,0.0,0.0,0.0,0.0,0.0,0.0,0.0,1,1,0,False,False,False,False,False,False
1391,0.88608044,0.53200114,-0.3540793,0.94975775,0.41714442,-0.53261333,0.7375,0.8,0.0625,0.0,0.0,0.0,0.0,0.0,0.0,0.0,0.0,0.0,1,1,0,False,False,False,False,False,False
1392,0.9069172,0.8523901,-0.05452709999999994,0.8670246,0.7891287,-0.07789590000000002,1.0,1.0,0.0,0.0,0.0,0.0,0.0,0.0,0.0,0.0,0.0,0.0,1,1,0,False,False,False,False,False,False
1393,0.97749996,0.92704695,-0.05045300999999991,1.0,0.94399565,-0.056004350000000036,0.925,0.8875,-0.03750000000000009,0.0,0.0,0.0,0.0,0.0,0.0,0.0,0.0,0.0,1,1,0,False,False,False,False,False,False
1394,0.804015,0.8463812,0.04236619999999991,0.8378786,0.92518747,0.08730886999999998,0.725,0.6625,-0.0625,0.0,0.0,0.0,0.0,0.0,0.0,0.0,0.0,0.0,1,1,0,False,False,False,False,False,False
1395,0.9342767,0.83250105,-0.10177565,0.9061096,0.80893004,-0.09717955999999994,1.0,0.8875,-0.11250000000000004,0.0,0.0,0.0,0.0,0.0,0.0,0.0,0.0,0.0,1,1,0,False,False,False,False,False,False
1396,0.8900162,0.8503544,-0.03966180000000008,0.8750231,0.9737205,0.09869739999999994,0.925,0.5625,-0.36250000000000004,0.0,0.0,0.0,0.0,0.0,0.0,0.0,0.0,0.0,1,1,0,False,False,False,False,False,False
1397,0.8025498,0.8667289,0.06417910000000004,0.83578527,0.8899698,0.05418453000000001,0.725,0.8125,0.08750000000000002,0.0,0.0,0.0,0.0,0.0,0.0,0.0,0.0,0.0,1,1,0,False,False,False,False,False,False
1398,0.82839984,0.78865874,-0.039741099999999974,0.80307126,0.7462982,-0.05677305999999993,0.8875,0.8875,0.0,0.0,0.0,0.0,0.0,0.0,0.0,0.0,0.0,0.0,1,1,0,False,False,False,False,False,False
1399,0.73439187,0.75083286,0.0164409900000001,0.83484554,0.8476183,0.01277276000000005,0.5,0.52500004,0.02500004,0.0,0.0,0.0,0.0,0.0,0.0,0.0,0.0,0.0,1,1,0,False,False,False,False,False,False
1400,0.87624997,0.79345524,-0.08279473000000004,0.99999994,0.704936,-0.29506394,0.58750004,1.0,0.41249996,0.0,0.0,0.0,0.0,0.0,0.0,0.0,0.0,0.0,1,1,0,False,False,False,False,False,False
1401,0.93625003,0.9098236,-0.02642643,1.0,0.91939086,-0.08060913999999997,0.7875,0.8875,0.09999999999999998,0.0,0.0,0.0,0.0,0.0,0.0,0.0,0.0,0.0,1,1,0,False,False,False,False,False,False
1402,0.0,0.0,0.0,1.0,1.0,0.0,1.0,1.0,0.0,1.0,1.0,0.0,1.0,1.0,0.0,0.0,0.0,0.0,0,0,0,False,False,False,False,False,False
1403,0.8617504,0.8664549,0.0047045,0.85071486,0.93779266,0.08707779999999998,0.8875,0.7,-0.1875,0.0,0.0,0.0,0.0,0.0,0.0,0.0,0.0,0.0,1,1,0,False,False,False,False,False,False
1404,0.89478874,0.7842699,-0.11051884000000001,0.88719815,0.723957,-0.16324115000000006,0.9125,0.925,0.012500000000000067,0.0,0.0,0.0,0.0,0.0,0.0,0.0,0.0,0.0,1,1,0,False,False,False,False,False,False
1405,0.7836944,0.76869434,-0.015000059999999982,0.78742045,0.78742045,0.0,0.77500004,0.725,-0.05000004000000002,0.0,0.0,0.0,0.0,0.0,0.0,0.0,0.0,0.0,1,1,0,False,False,False,False,False,False
1406,0.84453344,0.9053492,0.060815759999999996,0.82611924,0.91299874,0.0868795,0.8875,0.8875,0.0,0.0,0.0,0.0,0.0,0.0,0.0,0.0,0.0,0.0,1,1,0,False,False,False,False,False,False
1407,0.83433,0.8150037,-0.01932630000000002,0.76332855,0.85893387,0.09560532,1.0,0.71250004,-0.28749996,0.0,0.0,0.0,0.0,0.0,0.0,0.0,0.0,0.0,1,1,0,False,False,False,False,False,False
1408,0.97375005,0.82091343,-0.15283661999999998,1.0,0.83523345,-0.16476654999999996,0.9125,0.7875,-0.125,0.0,0.0,0.0,0.0,0.0,0.0,0.0,0.0,0.0,1,1,0,False,False,False,False,False,False
1409,0.8886387,0.90584224,0.017203540000000017,0.8891267,0.9137032,0.0245765,0.8875,0.8875,0.0,0.0,0.0,0.0,0.0,0.0,0.0,0.0,0.0,0.0,1,1,0,False,False,False,False,False,False
1410,1.0,1.0,0.0,1.0,1.0,0.0,1.0,1.0,0.0,0.0,0.0,0.0,0.0,0.0,0.0,0.0,0.0,0.0,1,1,0,False,False,False,False,False,False
1411,0.0,0.86125004,0.86125004,0.88795555,1.0,0.11204444999999996,0.6486487,0.5375,-0.11114869999999999,0.0,0.0,0.0,0.0,0.0,0.0,1.0,0.0,-1.0,0,1,1,True,False,False,False,False,False
1412,0.8308485,0.7496626,-0.08118590000000003,0.81192636,0.862018,0.05009163999999999,0.875,0.4875,-0.3875,0.0,0.0,0.0,0.0,0.0,0.0,0.0,0.0,0.0,1,1,0,False,False,False,False,False,False
1413,0.8134449,0.795922,-0.017522900000000008,0.7334927,0.84774566,0.11425295999999996,1.0,0.675,-0.32499999999999996,0.0,0.0,0.0,0.0,0.0,0.0,0.0,0.0,0.0,1,1,0,False,False,False,False,False,False
1414,0.88152885,0.87394154,-0.007587310000000014,0.93789834,0.9002736,-0.037624740000000045,0.75,0.8125,0.0625,0.0,0.0,0.0,0.0,0.0,0.0,0.0,0.0,0.0,1,1,0,False,False,False,False,False,False
1415,0.9056656,0.9403448,0.03467920000000002,0.91345096,0.96299267,0.04954170999999996,0.8875,0.8875,0.0,0.0,0.0,0.0,0.0,0.0,0.0,0.0,0.0,0.0,1,1,0,False,False,False,False,False,False
1416,1.0,1.0,0.0,1.0,1.0,0.0,1.0,1.0,0.0,0.0,0.0,0.0,0.0,0.0,0.0,0.0,0.0,0.0,1,1,0,False,False,False,False,False,False
1417,1.0,0.8002388,-0.19976119999999997,0.99999994,0.7146269,-0.2853730400000001,1.0,1.0,0.0,0.0,0.0,0.0,0.0,0.0,0.0,0.0,0.0,0.0,1,1,0,False,False,False,False,False,False
1418,0.83659506,0.60045767,-0.2361373899999999,0.86299294,0.48815385,-0.37483909000000004,0.77500004,0.8625,0.08749996000000004,0.0,0.0,0.0,0.0,0.0,0.0,0.0,0.0,0.0,1,1,0,False,False,False,False,False,False
1419,0.84266186,0.93203604,0.08937417999999997,0.8288027,0.9511229,0.12232019999999999,0.875,0.8875,0.012499999999999956,0.0,0.0,0.0,0.0,0.0,0.0,0.0,0.0,0.0,1,1,0,False,False,False,False,False,False
1420,0.85988945,0.9224674,0.06257795,0.79984206,0.93745345,0.13761139,1.0,0.8875,-0.11250000000000004,0.0,0.0,0.0,0.0,0.0,0.0,0.0,0.0,0.0,1,1,0,False,False,False,False,False,False
1421,0.0,0.0,0.0,1.0,1.0,0.0,0.7692308,0.64102566,-0.12820513999999994,1.0,1.0,0.0,1.0,1.0,0.0,0.0,0.0,0.0,0,0,0,False,False,False,False,False,False
1422,1.0,1.0,0.0,1.0,1.0,0.0,1.0,1.0,0.0,0.0,0.0,0.0,0.0,0.0,0.0,0.0,0.0,0.0,1,1,0,False,False,False,False,False,False
1423,0.96625006,1.0,0.03374993999999998,1.0,1.0,0.0,0.8875,1.0,0.11250000000000004,0.0,0.0,0.0,0.0,0.0,0.0,0.0,0.0,0.0,1,1,0,False,False,False,False,False,False
1424,0.0,1.0,1.0,1.0,1.0,0.0,1.0,1.0,0.0,0.0,0.0,0.0,0.0,0.0,0.0,1.0,0.0,-1.0,0,1,1,True,False,False,False,False,False
1425,0.82198393,0.86999196,0.04800802999999998,0.79926264,0.8732028,0.07394015999999992,0.875,0.8625,-0.012499999999999956,0.0,0.0,0.0,0.0,0.0,0.0,0.0,0.0,0.0,1,1,0,False,False,False,False,False,False
1426,0.86222935,0.86802477,0.005795419999999996,0.8031847,0.854321,0.05113630000000002,1.0,0.90000004,-0.09999996,0.0,0.0,0.0,0.0,0.0,0.0,0.0,0.0,0.0,1,1,0,False,False,False,False,False,False
1427,0.87463754,0.89682895,0.02219140999999991,0.8209107,0.9490413,0.12813059999999998,1.0,0.77500004,-0.22499996,0.0,0.0,0.0,0.0,0.0,0.0,0.0,0.0,0.0,1,1,0,False,False,False,False,False,False
1428,0.65668046,0.6824498,0.025769339999999974,0.5095435,0.57849973,0.06895622999999995,1.0,0.925,-0.07499999999999996,0.0,0.0,0.0,0.0,0.0,0.0,0.0,0.0,0.0,1,1,0,False,False,False,False,False,False
1429,0.0,0.0,0.0,0.008587202,0.008587202,0.0,0.0,0.0,0.0,0.0,0.0,0.0,1.0,1.0,0.0,0.0,0.0,0.0,0,0,0,False,False,False,False,False,False
1430,0.0,0.91361517,0.91361517,0.89488035,0.87659305,-0.018287300000000006,0.84615386,1.0,0.15384613999999996,0.0,0.0,0.0,0.0,0.0,0.0,1.0,0.0,-1.0,0,1,1,True,False,False,False,False,False
1431,1.0,1.0,0.0,1.0,1.0,0.0,1.0,1.0,0.0,0.0,0.0,0.0,0.0,0.0,0.0,0.0,0.0,0.0,1,1,0,False,False,False,False,False,False
1432,0.85264397,0.87257063,0.019926659999999985,0.8377057,0.9251009,0.0873952,0.8875,0.75,-0.13749999999999996,0.0,0.0,0.0,0.0,0.0,0.0,0.0,0.0,0.0,1,1,0,False,False,False,False,False,False
1433,1.0,1.0,0.0,1.0,1.0,0.0,1.0,1.0,0.0,0.0,0.0,0.0,0.0,0.0,0.0,0.0,0.0,0.0,1,1,0,False,False,False,False,False,False
1434,0.8574352,0.6985904,-0.1588448,0.8445503,0.89620054,0.05165024000000007,0.8875,0.2375,-0.6499999999999999,0.0,0.0,0.0,0.0,0.0,0.0,0.0,0.0,0.0,1,1,0,False,False,False,False,False,False
1435,1.0,0.91490763,-0.08509237000000003,1.0,0.8784395,-0.12156049999999996,1.0,1.0,0.0,0.0,0.0,0.0,0.0,0.0,0.0,0.0,0.0,0.0,1,1,0,False,False,False,False,False,False
1436,0.8240393,0.8109936,-0.013045700000000049,0.79684174,0.810348,0.013506259999999992,0.8875,0.8125,-0.07499999999999996,0.0,0.0,0.0,0.0,0.0,0.0,0.0,0.0,0.0,1,1,0,False,False,False,False,False,False
1437,0.90593636,0.9175,0.011563639999999986,0.9138376,1.0,0.08616239999999997,0.8875,0.725,-0.16249999999999998,0.0,0.0,0.0,0.0,0.0,0.0,0.0,0.0,0.0,1,1,0,False,False,False,False,False,False
1438,1.0,1.0,0.0,1.0,1.0,0.0,1.0,1.0,0.0,0.0,0.0,0.0,0.0,0.0,0.0,0.0,0.0,0.0,1,1,0,False,False,False,False,False,False
1439,0.84378463,0.82001895,-0.02376568000000001,0.8625494,0.92502713,0.06247773000000001,0.8,0.575,-0.2250000000000001,0.0,0.0,0.0,0.0,0.0,0.0,0.0,0.0,0.0,1,1,0,False,False,False,False,False,False
1440,0.90625,0.0,-0.90625,1.0,0.22114912,-0.77885088,0.6875,0.99999994,0.31249994000000003,0.0,0.0,0.0,0.0,1.0,1.0,0.0,0.0,0.0,1,0,-1,False,False,False,True,False,False
1441,0.7886877,0.8186631,0.029975399999999985,0.799911,0.9123759,0.11246489999999998,0.7625,0.6,-0.16249999999999998,0.0,0.0,0.0,0.0,0.0,0.0,0.0,0.0,0.0,1,1,0,False,False,False,False,False,False
1442,0.82349014,0.7448532,-0.07863693999999999,0.84962875,0.9247903,0.07516154999999991,0.7625,0.32500002,-0.43749997999999996,0.0,0.0,0.0,0.0,0.0,0.0,0.0,0.0,0.0,1,1,0,False,False,False,False,False,False
1443,0.83956623,0.81874007,-0.020826159999999927,0.85116607,0.9499858,0.09881973,0.8125,0.5125,-0.30000000000000004,0.0,0.0,0.0,0.0,0.0,0.0,0.0,0.0,0.0,1,1,0,False,False,False,False,False,False
1444,1.0,0.96625006,-0.03374993999999998,1.0,1.0,0.0,1.0,0.8875,-0.11250000000000004,0.0,0.0,0.0,0.0,0.0,0.0,0.0,0.0,0.0,1,1,0,False,False,False,False,False,False
1445,0.7685288,0.8274771,0.058948299999999954,0.83539826,0.8606815,0.02528324000000004,0.6125,0.75,0.13749999999999996,0.0,0.0,0.0,0.0,0.0,0.0,0.0,0.0,0.0,1,1,0,False,False,False,False,False,False
1446,0.78778005,0.76584667,-0.021933380000000002,0.69682866,0.81013805,0.11330939000000007,1.0,0.6625,-0.3375,0.0,0.0,0.0,0.0,0.0,0.0,0.0,0.0,0.0,1,1,0,False,False,False,False,False,False
1447,1.0,0.9004183,-0.0995817,1.0,0.85774034,-0.14225966,1.0,1.0,0.0,0.0,0.0,0.0,0.0,0.0,0.0,0.0,0.0,0.0,1,1,0,False,False,False,False,False,False
1448,0.86145514,0.0,-0.86145514,0.8824359,0.6771167,-0.20531920000000004,0.8125,0.92,0.10750000000000004,0.0,1.0,1.0,0.0,1.0,1.0,0.0,0.0,0.0,1,0,-1,False,False,False,True,False,True
1449,0.8197288,0.874844,0.05511519999999992,0.81211245,0.9122771,0.10016464999999997,0.83750004,0.7875,-0.05000004000000002,0.0,0.0,0.0,0.0,0.0,0.0,0.0,0.0,0.0,1,1,0,False,False,False,False,False,False
1450,0.7751009,0.7254838,-0.04961709999999997,0.7858584,0.8489054,0.06304700000000008,0.75,0.4375,-0.3125,0.0,0.0,0.0,0.0,0.0,0.0,0.0,0.0,0.0,1,1,0,False,False,False,False,False,False
1451,0.0,0.0,0.0,1.0,1.0,0.0,1.0,1.0,0.0,1.0,1.0,0.0,1.0,1.0,0.0,0.0,0.0,0.0,0,0,0,False,False,False,False,False,False
1452,0.9456796,0.8058777,-0.13980189999999992,0.97061366,0.7708968,-0.19971686,0.8875,0.8875,0.0,0.0,0.0,0.0,0.0,0.0,0.0,0.0,0.0,0.0,1,1,0,False,False,False,False,False,False
1453,0.98125,0.98125,0.0,1.0,1.0,0.0,0.9375,0.9375,0.0,0.0,0.0,0.0,0.0,0.0,0.0,0.0,0.0,0.0,1,1,0,False,False,False,False,False,False
1454,0.73152417,0.7485208,0.016996629999999957,0.6807488,0.8068153,0.12606649999999997,0.85,0.6125,-0.23749999999999993,0.0,0.0,0.0,0.0,0.0,0.0,0.0,0.0,0.0,1,1,0,False,False,False,False,False,False
1455,0.8644895,0.92494166,0.06045215999999998,0.8546278,0.9409881,0.08636029999999995,0.8875,0.8875,0.0,0.0,0.0,0.0,0.0,0.0,0.0,0.0,0.0,0.0,1,1,0,False,False,False,False,False,False
1456,0.91,0.97749996,0.06749995999999991,1.0,1.0,0.0,0.7,0.925,0.2250000000000001,0.0,0.0,0.0,0.0,0.0,0.0,0.0,0.0,0.0,1,1,0,False,False,False,False,False,False
1457,1.0,0.9223752,-0.07762480000000005,1.0,0.88910747,-0.11089252999999999,1.0,1.0,0.0,0.0,0.0,0.0,0.0,0.0,0.0,0.0,0.0,0.0,1,1,0,False,False,False,False,False,False
1458,0.8249466,0.8713724,0.04642580000000007,0.8034952,0.8162462,0.012751000000000068,0.875,1.0,0.125,0.0,0.0,0.0,0.0,0.0,0.0,0.0,0.0,0.0,1,1,0,False,False,False,False,False,False
1459,1.0,1.0,0.0,1.0,1.0,0.0,1.0,1.0,0.0,0.0,0.0,0.0,0.0,0.0,0.0,0.0,0.0,0.0,1,1,0,False,False,False,False,False,False
1460,0.5860607,0.68380266,0.09774196000000002,0.6443724,0.7304324,0.08606000000000003,0.45000002,0.575,0.12499997999999996,0.0,0.0,0.0,0.0,0.0,0.0,0.0,0.0,0.0,1,1,0,False,False,False,False,False,False
1461,0.79750067,0.7887326,-0.008768070000000017,0.81250095,0.9124751,0.09997414999999998,0.7625,0.5,-0.26249999999999996,0.0,0.0,0.0,0.0,0.0,0.0,0.0,0.0,0.0,1,1,0,False,False,False,False,False,False
1462,0.0,0.73891133,0.73891133,0.7193211,0.77701616,0.05769505999999991,0.92105263,0.65000004,-0.27105259000000004,0.0,0.0,0.0,0.0,0.0,0.0,1.0,0.0,-1.0,0,1,1,True,False,False,False,False,False
1463,1.0,1.0,0.0,1.0,1.0,0.0,1.0,1.0,0.0,0.0,0.0,0.0,0.0,0.0,0.0,0.0,0.0,0.0,1,1,0,False,False,False,False,False,False
1464,1.0,1.0,0.0,1.0,1.0,0.0,1.0,1.0,0.0,0.0,0.0,0.0,0.0,0.0,0.0,0.0,0.0,0.0,1,1,0,False,False,False,False,False,False
1465,0.88439465,0.9263937,0.04199905000000004,0.888421,0.97520536,0.08678436,0.875,0.8125,-0.0625,0.0,0.0,0.0,0.0,0.0,0.0,0.0,0.0,0.0,1,1,0,False,False,False,False,False,False
1466,0.8307063,0.7642523,-0.06645400000000001,0.9295805,0.76500326,-0.16457724000000007,0.6,0.7625,0.16249999999999998,0.0,0.0,0.0,0.0,0.0,0.0,0.0,0.0,0.0,1,1,0,False,False,False,False,False,False
1467,0.96624994,0.93245375,-0.033796190000000004,0.99999994,0.9035054,-0.09649454000000002,0.8875,1.0,0.11250000000000004,0.0,0.0,0.0,0.0,0.0,0.0,0.0,0.0,0.0,1,1,0,False,False,False,False,False,False
1468,0.712192,0.7784638,0.06627179999999999,0.6263457,0.73173404,0.10538833999999997,0.9125,0.8875,-0.025000000000000022,0.0,0.0,0.0,0.0,0.0,0.0,0.0,0.0,0.0,1,1,0,False,False,False,False,False,False
1469,0.96625006,0.882617,-0.08363306000000004,1.0,0.8644528,-0.13554719999999998,0.8875,0.925,0.03750000000000009,0.0,0.0,0.0,0.0,0.0,0.0,0.0,0.0,0.0,1,1,0,False,False,False,False,False,False
1470,1.0,0.9238667,-0.07613329999999996,1.0,0.89123803,-0.10876196999999999,1.0,1.0,0.0,0.0,0.0,0.0,0.0,0.0,0.0,0.0,0.0,0.0,1,1,0,False,False,False,False,False,False
1471,1.0,1.0,0.0,1.0,1.0,0.0,1.0,1.0,0.0,0.0,0.0,0.0,0.0,0.0,0.0,0.0,0.0,0.0,1,1,0,False,False,False,False,False,False
1472,1.0,1.0,0.0,1.0,1.0,0.0,1.0,1.0,0.0,0.0,0.0,0.0,0.0,0.0,0.0,0.0,0.0,0.0,1,1,0,False,False,False,False,False,False
1473,1.0,1.0,0.0,1.0,1.0,0.0,1.0,1.0,0.0,0.0,0.0,0.0,0.0,0.0,0.0,0.0,0.0,0.0,1,1,0,False,False,False,False,False,False
1474,1.0,1.0,0.0,1.0,1.0,0.0,1.0,1.0,0.0,0.0,0.0,0.0,0.0,0.0,0.0,0.0,0.0,0.0,1,1,0,False,False,False,False,False,False
1475,0.94,0.90864366,-0.03135633999999998,1.0,0.8694909,-0.13050910000000004,0.8,1.0,0.19999999999999996,0.0,0.0,0.0,0.0,0.0,0.0,0.0,0.0,0.0,1,1,0,False,False,False,False,False,False
1476,0.8211195,0.7698907,-0.05122879999999996,0.9373136,0.9498438,0.012530200000000047,0.55,0.35,-0.20000000000000007,0.0,0.0,0.0,0.0,0.0,0.0,0.0,0.0,0.0,1,1,0,False,False,False,False,False,False
1477,0.89875,0.0,-0.89875,1.0,0.3372403,-0.6627597000000001,0.6625,0.42857146,-0.23392853999999996,0.0,0.0,0.0,0.0,0.0,0.0,0.0,1.0,1.0,1,0,-1,False,True,False,False,False,False
1478,0.8605208,0.82444584,-0.03607495999999999,0.8489583,0.89920825,0.05024994999999999,0.8875,0.65000004,-0.23749995999999995,0.0,0.0,0.0,0.0,0.0,0.0,0.0,0.0,0.0,1,1,0,False,False,False,False,False,False
1479,0.0,0.93298304,0.93298304,0.845965,0.90426147,0.058296470000000045,1.0,1.0,0.0,1.0,0.0,-1.0,1.0,0.0,-1.0,0.0,0.0,0.0,0,1,1,False,False,True,False,True,False
1480,0.78576636,0.7409341,-0.04483225999999996,0.7260948,0.8120486,0.08595379999999997,0.925,0.575,-0.3500000000000001,0.0,0.0,0.0,0.0,0.0,0.0,0.0,0.0,0.0,1,1,0,False,False,False,False,False,False
1481,1.0,1.0,0.0,1.0,1.0,0.0,1.0,1.0,0.0,0.0,0.0,0.0,0.0,0.0,0.0,0.0,0.0,0.0,1,1,0,False,False,False,False,False,False
1482,0.0,0.0,0.0,1.0,1.0,0.0,1.0,1.0,0.0,1.0,1.0,0.0,1.0,1.0,0.0,0.0,0.0,0.0,0,0,0,False,False,False,False,False,False
1483,0.9098808,0.8239334,-0.08594740000000001,0.92482984,0.8502619,-0.07456794,0.875,0.7625,-0.11250000000000004,0.0,0.0,0.0,0.0,0.0,0.0,0.0,0.0,0.0,1,1,0,False,False,False,False,False,False
1484,0.95500004,0.9067688,-0.04823124000000001,1.0,0.86681265,-0.13318735000000004,0.85,1.0,0.15000000000000002,0.0,0.0,0.0,0.0,0.0,0.0,0.0,0.0,0.0,1,1,0,False,False,False,False,False,False
1485,0.8986761,0.8221895,-0.07648659999999996,0.9034658,0.7941994,-0.10926639999999999,0.8875,0.8875,0.0,0.0,0.0,0.0,0.0,0.0,0.0,0.0,0.0,0.0,1,1,0,False,False,False,False,False,False
1486,0.81850094,0.8630745,0.04457356000000001,0.7996441,0.8526065,0.052962400000000076,0.8625,0.8875,0.02499999999999991,0.0,0.0,0.0,0.0,0.0,0.0,0.0,0.0,0.0,1,1,0,False,False,False,False,False,False
1487,0.0,0.0,0.0,1.0,1.0,0.0,1.0,1.0,0.0,1.0,1.0,0.0,1.0,1.0,0.0,0.0,0.0,0.0,0,0,0,False,False,False,False,False,False
1488,1.0,0.9052145,-0.09478549999999997,1.0,0.8645921,-0.13540790000000003,1.0,1.0,0.0,0.0,0.0,0.0,0.0,0.0,0.0,0.0,0.0,0.0,1,1,0,False,False,False,False,False,False
1489,0.0,0.0,0.0,0.02662053,0.02197242,-0.0046481100000000004,0.16666667,0.16666667,0.0,1.0,1.0,0.0,1.0,1.0,0.0,0.0,0.0,0.0,0,0,0,False,False,False,False,False,False
1490,0.7425908,0.7786819,0.03609110000000004,0.7126297,0.81240267,0.09977296999999996,0.8125,0.7,-0.11250000000000004,0.0,0.0,0.0,0.0,0.0,0.0,0.0,0.0,0.0,1,1,0,False,False,False,False,False,False
1491,0.8042871,0.83904725,0.03476014999999999,0.8061243,0.85578173,0.04965743,0.8,0.8,0.0,0.0,0.0,0.0,0.0,0.0,0.0,0.0,0.0,0.0,1,1,0,False,False,False,False,False,False
1492,1.0,0.94835263,-0.05164736999999997,0.99999994,0.92621803,-0.07378191,1.0,1.0,0.0,0.0,0.0,0.0,0.0,0.0,0.0,0.0,0.0,0.0,1,1,0,False,False,False,False,False,False
1493,0.88967353,0.90625,0.016576469999999954,0.8959622,1.0,0.10403779999999996,0.875,0.6875,-0.1875,0.0,0.0,0.0,0.0,0.0,0.0,0.0,0.0,0.0,1,1,0,False,False,False,False,False,False
1494,0.0,0.0,0.0,1.0,1.0,0.0,1.0,1.0,0.0,1.0,1.0,0.0,1.0,1.0,0.0,0.0,0.0,0.0,0,0,0,False,False,False,False,False,False
1495,0.86761093,0.86761093,0.0,0.85908705,0.85908705,0.0,0.8875,0.8875,0.0,0.0,0.0,0.0,0.0,0.0,0.0,0.0,0.0,0.0,1,1,0,False,False,False,False,False,False
1496,0.93625003,0.97749996,0.04124992999999999,1.0,1.0,0.0,0.7875,0.925,0.13750000000000007,0.0,0.0,0.0,0.0,0.0,0.0,0.0,0.0,0.0,1,1,0,False,False,False,False,False,False
1497,0.8342697,0.9025381,0.0682684,0.79538524,0.93576884,0.14038360000000005,0.925,0.825,-0.10000000000000009,0.0,0.0,0.0,0.0,0.0,0.0,0.0,0.0,0.0,1,1,0,False,False,False,False,False,False
1498,1.0,1.0,0.0,1.0,1.0,0.0,1.0,1.0,0.0,0.0,0.0,0.0,0.0,0.0,0.0,0.0,0.0,0.0,1,1,0,False,False,False,False,False,False
1499,1.0,1.0,0.0,1.0,1.0,0.0,1.0,1.0,0.0,0.0,0.0,0.0,0.0,0.0,0.0,0.0,0.0,0.0,1,1,0,False,False,False,False,False,False
1500,0.85515463,0.87881756,0.02366292999999997,0.8252208,0.9125965,0.08737570000000006,0.925,0.8,-0.125,0.0,0.0,0.0,0.0,0.0,0.0,0.0,0.0,0.0,1,1,0,False,False,False,False,False,False
1501,0.9110409,0.87509125,-0.035949650000000055,0.8729155,0.82155895,-0.051356549999999945,1.0,1.0,0.0,0.0,0.0,0.0,0.0,0.0,0.0,0.0,0.0,0.0,1,1,0,False,False,False,False,False,False
1502,0.7821687,0.7659628,-0.016205899999999995,0.78524095,0.847804,0.06256304999999995,0.77500004,0.575,-0.20000004000000005,0.0,0.0,0.0,0.0,0.0,0.0,0.0,0.0,0.0,1,1,0,False,False,False,False,False,False
1503,0.7480371,0.7898224,0.041785300000000025,0.72041017,0.74796057,0.027550400000000086,0.8125,0.8875,0.07499999999999996,0.0,0.0,0.0,0.0,0.0,0.0,0.0,0.0,0.0,1,1,0,False,False,False,False,False,False
1504,0.0,0.83739185,0.83739185,0.21104118,0.81055975,0.5995185700000001,0.33333334,0.90000004,0.5666667000000001,0.0,0.0,0.0,1.0,0.0,-1.0,0.0,0.0,0.0,0,1,1,False,False,True,False,False,False
1505,0.8436329,0.7886829,-0.054950000000000054,0.8248327,0.9124041,0.08757140000000008,0.8875,0.5,-0.38749999999999996,0.0,0.0,0.0,0.0,0.0,0.0,0.0,0.0,0.0,1,1,0,False,False,False,False,False,False
1506,0.0,0.81702226,0.81702226,0.81099695,0.93681747,0.12582052,0.74358976,0.5375,-0.20608976,0.0,0.0,0.0,0.0,0.0,0.0,1.0,0.0,-1.0,0,1,1,True,False,False,False,False,False
1507,0.82693255,0.8916203,0.06468775000000004,0.8009751,0.9255289,0.12455379999999994,0.8875,0.8125,-0.07499999999999996,0.0,0.0,0.0,0.0,0.0,0.0,0.0,0.0,0.0,1,1,0,False,False,False,False,False,False
1508,1.0,1.0,0.0,1.0,1.0,0.0,1.0,1.0,0.0,0.0,0.0,0.0,0.0,0.0,0.0,0.0,0.0,0.0,1,1,0,False,False,False,False,False,False
1509,0.8295633,0.83606017,0.006496869999999988,0.8208048,0.8461573,0.0253525,0.85,0.8125,-0.03749999999999998,0.0,0.0,0.0,0.0,0.0,0.0,0.0,0.0,0.0,1,1,0,False,False,False,False,False,False
1510,0.82378906,0.8600529,0.03626384000000005,0.8125557,0.87507564,0.06251994000000005,0.85,0.825,-0.025000000000000022,0.0,0.0,0.0,0.0,0.0,0.0,0.0,0.0,0.0,1,1,0,False,False,False,False,False,False
1511,0.81138533,0.8312851,0.019899769999999983,0.73055047,0.807193,0.0766425300000001,1.0,0.8875,-0.11250000000000004,0.0,0.0,0.0,0.0,0.0,0.0,0.0,0.0,0.0,1,1,0,False,False,False,False,False,False
1512,1.0,1.0,0.0,1.0,1.0,0.0,1.0,1.0,0.0,0.0,0.0,0.0,0.0,0.0,0.0,0.0,0.0,0.0,1,1,0,False,False,False,False,False,False
1513,0.3061498,0.27642536,-0.02972444000000002,0.008785421,0.0038219274,-0.0049634936000000004,1.0,0.9125,-0.08750000000000002,0.0,0.0,0.0,0.0,0.0,0.0,0.0,0.0,0.0,1,1,0,False,False,False,False,False,False
1514,0.8170166,0.8916502,0.07463359999999997,0.85109514,0.9255716,0.07447646000000008,0.7375,0.8125,0.07499999999999996,0.0,0.0,0.0,0.0,0.0,0.0,0.0,0.0,0.0,1,1,0,False,False,False,False,False,False
1515,1.0,1.0,0.0,1.0,1.0,0.0,1.0,1.0,0.0,0.0,0.0,0.0,0.0,0.0,0.0,0.0,0.0,0.0,1,1,0,False,False,False,False,False,False
1516,0.85908794,0.9355049,0.07641695999999998,0.84691143,0.9882213,0.14130986999999995,0.8875,0.8125,-0.07499999999999996,0.0,0.0,0.0,0.0,0.0,0.0,0.0,0.0,0.0,1,1,0,False,False,False,False,False,False
1517,0.8675499,0.6944831,-0.17306679999999997,0.8107856,0.9117615,0.10097590000000001,1.0,0.1875,-0.8125,0.0,0.0,0.0,0.0,0.0,0.0,0.0,0.0,0.0,1,1,0,False,False,False,False,False,False
1518,0.7240621,0.7962847,0.07222259999999991,0.7022315,0.80540663,0.10317513,0.77500004,0.77500004,0.0,0.0,0.0,0.0,0.0,0.0,0.0,0.0,0.0,0.0,1,1,0,False,False,False,False,False,False
1519,0.96999997,1.0,0.030000029999999955,1.0,1.0,0.0,0.90000004,1.0,0.09999996,0.0,0.0,0.0,0.0,0.0,0.0,0.0,0.0,0.0,1,1,0,False,False,False,False,False,False
1520,0.96625006,0.87266874,-0.09358131999999997,1.0,0.8663125,-0.13368749999999996,0.8875,0.8875,0.0,0.0,0.0,0.0,0.0,0.0,0.0,0.0,0.0,0.0,1,1,0,False,False,False,False,False,False
1521,0.86013347,0.90008396,0.03995049000000006,0.8001906,0.85726273,0.05707213,1.0,1.0,0.0,0.0,0.0,0.0,0.0,0.0,0.0,0.0,0.0,0.0,1,1,0,False,False,False,False,False,False
1522,1.0,0.95881903,-0.04118096999999998,1.0,0.94117,-0.05883000000000005,1.0,1.0,0.0,0.0,0.0,0.0,0.0,0.0,0.0,0.0,0.0,0.0,1,1,0,False,False,False,False,False,False
1523,1.0,1.0,0.0,1.0,1.0,0.0,1.0,1.0,0.0,0.0,0.0,0.0,0.0,0.0,0.0,0.0,0.0,0.0,1,1,0,False,False,False,False,False,False
1524,0.94750005,0.9108459,-0.03665415000000005,1.0,0.9047798,-0.09522019999999998,0.825,0.925,0.10000000000000009,0.0,0.0,0.0,0.0,0.0,0.0,0.0,0.0,0.0,1,1,0,False,False,False,False,False,False
1525,0.88092786,0.6090378,-0.27189006000000004,0.8781111,0.55398256,-0.32412854,0.8875,0.7375,-0.1499999999999999,0.0,0.0,0.0,0.0,0.0,0.0,0.0,0.0,0.0,1,1,0,False,False,False,False,False,False
1526,1.0,1.0,0.0,1.0,1.0,0.0,1.0,1.0,0.0,0.0,0.0,0.0,0.0,0.0,0.0,0.0,0.0,0.0,1,1,0,False,False,False,False,False,False
1527,0.827343,0.85105246,0.02370945999999996,0.8390615,0.85150355,0.012442049999999982,0.8,0.85,0.04999999999999993,0.0,0.0,0.0,0.0,0.0,0.0,0.0,0.0,0.0,1,1,0,False,False,False,False,False,False
1528,0.9148197,0.9035698,-0.011249900000000035,0.92652816,0.92652816,0.0,0.8875,0.85,-0.03749999999999998,0.0,0.0,0.0,0.0,0.0,0.0,0.0,0.0,0.0,1,1,0,False,False,False,False,False,False
1529,1.0,0.8708801,-0.12911989999999995,1.0,0.81554306,-0.18445694,1.0,1.0,0.0,0.0,0.0,0.0,0.0,0.0,0.0,0.0,0.0,0.0,1,1,0,False,False,False,False,False,False
1530,1.0,1.0,0.0,1.0,1.0,0.0,1.0,1.0,0.0,0.0,0.0,0.0,0.0,0.0,0.0,0.0,0.0,0.0,1,1,0,False,False,False,False,False,False
1531,0.97375005,0.99374324,0.019993189999999994,1.0,0.99106175,-0.008938250000000036,0.9125,1.0,0.08750000000000002,0.0,0.0,0.0,0.0,0.0,0.0,0.0,0.0,0.0,1,1,0,False,False,False,False,False,False
1532,0.96889156,0.9568669,-0.01202466000000002,0.9877021,0.9383813,-0.049320800000000053,0.925,1.0,0.07499999999999996,0.0,0.0,0.0,0.0,0.0,0.0,0.0,0.0,0.0,1,1,0,False,False,False,False,False,False
1533,0.96625006,0.92638075,-0.03986931000000005,1.0,0.8948297,-0.10517030000000005,0.8875,1.0,0.11250000000000004,0.0,0.0,0.0,0.0,0.0,0.0,0.0,0.0,0.0,1,1,0,False,False,False,False,False,False
1534,0.81851655,0.9335701,0.11505354999999995,0.7889523,0.9265287,0.13757639999999993,0.8875,0.95,0.0625,0.0,0.0,0.0,0.0,0.0,0.0,0.0,0.0,0.0,1,1,0,False,False,False,False,False,False
1535,1.0,1.0,0.0,1.0,1.0,0.0,1.0,1.0,0.0,0.0,0.0,0.0,0.0,0.0,0.0,0.0,0.0,0.0,1,1,0,False,False,False,False,False,False
1536,1.0,1.0,0.0,1.0,1.0,0.0,1.0,1.0,0.0,0.0,0.0,0.0,0.0,0.0,0.0,0.0,0.0,0.0,1,1,0,False,False,False,False,False,False
1537,0.90432024,0.88510877,-0.019211470000000008,0.8633146,0.97515535,0.11184074999999993,1.0,0.675,-0.32499999999999996,0.0,0.0,0.0,0.0,0.0,0.0,0.0,0.0,0.0,1,1,0,False,False,False,False,False,False
1538,0.7734763,0.84572834,0.07225203999999996,0.67639476,0.77961177,0.10321701000000005,1.0,1.0,0.0,0.0,0.0,0.0,0.0,0.0,0.0,0.0,0.0,0.0,1,1,0,False,False,False,False,False,False
1539,0.9287161,0.8714879,-0.05722820000000006,0.8981658,0.9235541,0.02538830000000003,1.0,0.75,-0.25,0.0,0.0,0.0,0.0,0.0,0.0,0.0,0.0,0.0,1,1,0,False,False,False,False,False,False
1540,1.0,0.90807515,-0.09192484999999995,1.0,0.8686788,-0.13132120000000003,1.0,1.0,0.0,0.0,0.0,0.0,0.0,0.0,0.0,0.0,0.0,0.0,1,1,0,False,False,False,False,False,False
1541,0.82428646,0.8740732,0.04978673999999994,0.81326634,0.93796164,0.12469530000000006,0.85,0.725,-0.125,0.0,0.0,0.0,0.0,0.0,0.0,0.0,0.0,0.0,1,1,0,False,False,False,False,False,False
1542,0.8332077,0.8650098,0.031802100000000055,0.80993956,0.8553711,0.04543154000000005,0.8875,0.8875,0.0,0.0,0.0,0.0,0.0,0.0,0.0,0.0,0.0,0.0,1,1,0,False,False,False,False,False,False
1543,0.9478979,0.8236532,-0.12424469999999999,0.97378266,0.7962904,-0.17749226000000007,0.8875,0.8875,0.0,0.0,0.0,0.0,0.0,0.0,0.0,0.0,0.0,0.0,1,1,0,False,False,False,False,False,False
1544,0.9675929,0.0,-0.9675929,0.9537041,0.1022017,-0.8515024,1.0,1.0,0.0,0.0,0.0,0.0,0.0,0.0,0.0,0.0,1.0,1.0,1,0,-1,False,True,False,False,False,False
1545,1.0,1.0,0.0,1.0,1.0,0.0,1.0,1.0,0.0,0.0,0.0,0.0,0.0,0.0,0.0,0.0,0.0,0.0,1,1,0,False,False,False,False,False,False
1546,0.82527125,0.8594076,0.03413635000000004,0.7503874,0.8312965,0.08090909999999996,1.0,0.925,-0.07499999999999996,0.0,0.0,0.0,0.0,0.0,0.0,0.0,0.0,0.0,1,1,0,False,False,False,False,False,False
1547,0.9038588,0.9183635,0.014504700000000037,0.86265546,0.9369478,0.07429233999999996,1.0,0.875,-0.125,0.0,0.0,0.0,0.0,0.0,0.0,0.0,0.0,0.0,1,1,0,False,False,False,False,False,False
1548,0.6814394,0.8016533,0.12021389999999998,0.58241343,0.7648618,0.18244837000000003,0.9125,0.8875,-0.025000000000000022,0.0,0.0,0.0,0.0,0.0,0.0,0.0,0.0,0.0,1,1,0,False,False,False,False,False,False
1549,0.8221823,0.9050221,0.08283980000000002,0.7995461,0.91253155,0.11298544999999993,0.875,0.8875,0.012499999999999956,0.0,0.0,0.0,0.0,0.0,0.0,0.0,0.0,0.0,1,1,0,False,False,False,False,False,False
1550,0.99815935,1.0,0.0018406499999999992,0.9973705,1.0,0.0026294999999999513,1.0,1.0,0.0,0.0,0.0,0.0,0.0,0.0,0.0,0.0,0.0,0.0,1,1,0,False,False,False,False,False,False
1551,1.0,1.0,0.0,1.0,1.0,0.0,1.0,1.0,0.0,0.0,0.0,0.0,0.0,0.0,0.0,0.0,0.0,0.0,1,1,0,False,False,False,False,False,False
1552,1.0,1.0,0.0,1.0,1.0,0.0,1.0,1.0,0.0,0.0,0.0,0.0,0.0,0.0,0.0,0.0,0.0,0.0,1,1,0,False,False,False,False,False,False
1553,0.96625006,0.80652285,-0.15972721,1.0,0.8468184,-0.15318160000000003,0.8875,0.71250004,-0.17499995999999995,0.0,0.0,0.0,0.0,0.0,0.0,0.0,0.0,0.0,1,1,0,False,False,False,False,False,False
1554,0.97749996,0.9625452,-0.014954759999999956,1.0,0.94649315,-0.053506849999999995,0.925,1.0,0.07499999999999996,0.0,0.0,0.0,0.0,0.0,0.0,0.0,0.0,0.0,1,1,0,False,False,False,False,False,False
1555,0.70957243,0.85878795,0.14921551999999993,0.7351035,0.7982684,0.06316489999999997,0.65000004,1.0,0.34999996,0.0,0.0,0.0,0.0,0.0,0.0,0.0,0.0,0.0,1,1,0,False,False,False,False,False,False
1556,0.8352999,0.0,-0.8352999,0.8129285,0.2676868,-0.5452417,0.8875,0.5909091,-0.2965909,0.0,1.0,1.0,0.0,1.0,1.0,0.0,0.0,0.0,1,0,-1,False,False,False,True,False,True
1557,1.0,0.84607476,-0.15392523999999996,1.0,0.78010684,-0.21989316000000003,1.0,1.0,0.0,0.0,0.0,0.0,0.0,0.0,0.0,0.0,0.0,0.0,1,1,0,False,False,False,False,False,False
1558,0.97749996,0.0,-0.97749996,1.0,1.0,0.0,0.925,0.99999994,0.07499993999999999,0.0,1.0,1.0,0.0,1.0,1.0,0.0,0.0,0.0,1,0,-1,False,False,False,True,False,True
1559,0.85088915,0.8646161,0.013726950000000016,0.86198443,0.88695157,0.02496714,0.825,0.8125,-0.012499999999999956,0.0,0.0,0.0,0.0,0.0,0.0,0.0,0.0,0.0,1,1,0,False,False,False,False,False,False
1560,0.90697044,0.8258467,-0.08112374,0.915315,0.82085234,-0.09446266000000003,0.8875,0.83750004,-0.049999959999999954,0.0,0.0,0.0,0.0,0.0,0.0,0.0,0.0,0.0,1,1,0,False,False,False,False,False,False
1561,0.8547947,0.95341873,0.09862402999999997,0.8407782,0.98166955,0.14089134999999997,0.8875,0.8875,0.0,0.0,0.0,0.0,0.0,0.0,0.0,0.0,0.0,0.0,1,1,0,False,False,False,False,False,False
1562,0.85407764,0.79782766,-0.05624997999999992,0.887968,0.887968,0.0,0.77500004,0.58750004,-0.1875,0.0,0.0,0.0,0.0,0.0,0.0,0.0,0.0,0.0,1,1,0,False,False,False,False,False,False
1563,0.96999997,1.0,0.030000029999999955,0.99999994,0.99999994,0.0,0.90000004,1.0,0.09999996,0.0,0.0,0.0,0.0,0.0,0.0,0.0,0.0,0.0,1,1,0,False,False,False,False,False,False
1564,0.8498482,0.9119131,0.06206489999999998,0.86585456,0.9330902,0.06723563999999993,0.8125,0.8625,0.050000000000000044,0.0,0.0,0.0,0.0,0.0,0.0,0.0,0.0,0.0,1,1,0,False,False,False,False,False,False
1565,0.29385573,0.8385083,0.54465257,0.034079578,0.8014404,0.7673608220000001,0.90000004,0.925,0.024999960000000043,0.0,0.0,0.0,0.0,0.0,0.0,0.0,0.0,0.0,1,1,0,False,False,False,False,False,False
1566,1.0,0.8728676,-0.12713240000000003,1.0,0.8183822,-0.18161780000000005,1.0,1.0,0.0,0.0,0.0,0.0,0.0,0.0,0.0,0.0,0.0,0.0,1,1,0,False,False,False,False,False,False
1567,0.0,0.7701667,0.7701667,0.30873618,0.80023813,0.49150194999999997,0.9615385,0.7,-0.2615385,0.0,0.0,0.0,1.0,0.0,-1.0,0.0,0.0,0.0,0,1,1,False,False,True,False,False,False
1568,1.0,0.9417057,-0.05829430000000002,0.99999994,0.9167224,-0.08327753999999998,1.0,1.0,0.0,0.0,0.0,0.0,0.0,0.0,0.0,0.0,0.0,0.0,1,1,0,False,False,False,False,False,False
1569,0.8324215,0.9227581,0.09033659999999999,0.8141736,0.93786883,0.12369522999999993,0.875,0.8875,0.012499999999999956,0.0,0.0,0.0,0.0,0.0,0.0,0.0,0.0,0.0,1,1,0,False,False,False,False,False,False
1570,0.94,0.92125,-0.018749999999999933,1.0000001,1.0000001,0.0,0.8,0.7375,-0.0625,0.0,0.0,0.0,0.0,0.0,0.0,0.0,0.0,0.0,1,1,0,False,False,False,False,False,False
1571,0.94750005,0.96625006,0.018750009999999984,1.0,1.0,0.0,0.825,0.8875,0.0625,0.0,0.0,0.0,0.0,0.0,0.0,0.0,0.0,0.0,1,1,0,False,False,False,False,False,False
1572,0.81736773,0.66620034,-0.15116739,0.78731114,0.9249291,0.13761795999999993,0.8875,0.0625,-0.825,0.0,0.0,0.0,0.0,0.0,0.0,0.0,0.0,0.0,1,1,0,False,False,False,False,False,False
1573,0.7839715,0.84391385,0.05994234999999992,0.7503164,0.825234,0.07491760000000003,0.8625,0.8875,0.02499999999999991,0.0,0.0,0.0,0.0,0.0,0.0,0.0,0.0,0.0,1,1,0,False,False,False,False,False,False
1574,0.8675715,0.8193955,-0.048176,0.8590306,0.79020774,-0.06882285999999993,0.8875,0.8875,0.0,0.0,0.0,0.0,0.0,0.0,0.0,0.0,0.0,0.0,1,1,0,False,False,False,False,False,False
1575,0.99554247,0.98124516,-0.014297310000000008,0.993632,0.97320735,-0.020424649999999933,1.0,1.0,0.0,0.0,0.0,0.0,0.0,0.0,0.0,0.0,0.0,0.0,1,1,0,False,False,False,False,False,False
1576,0.8387338,0.70938605,-0.12934774999999998,0.8499768,0.67590857,-0.17406822999999993,0.8125,0.7875,-0.025000000000000022,0.0,0.0,0.0,0.0,0.0,0.0,0.0,0.0,0.0,1,1,0,False,False,False,False,False,False
1577,0.67517674,0.8934973,0.21832056,0.53596675,0.8478532,0.3118864499999999,1.0,1.0,0.0,0.0,0.0,0.0,0.0,0.0,0.0,0.0,0.0,0.0,1,1,0,False,False,False,False,False,False
1578,0.97749996,1.0,0.022500040000000054,1.0,1.0,0.0,0.925,1.0,0.07499999999999996,0.0,0.0,0.0,0.0,0.0,0.0,0.0,0.0,0.0,1,1,0,False,False,False,False,False,False
1579,0.9224531,0.92001563,-0.0024374700000000527,0.93743306,0.9875223,0.050089239999999924,0.8875,0.7625,-0.125,0.0,0.0,0.0,0.0,0.0,0.0,0.0,0.0,0.0,1,1,0,False,False,False,False,False,False
1580,0.9850001,0.9850001,0.0,1.0,1.0,0.0,0.95,0.95,0.0,0.0,0.0,0.0,0.0,0.0,0.0,0.0,0.0,0.0,1,1,0,False,False,False,False,False,False
1581,0.8310568,0.88243675,0.05137994999999995,0.81222403,0.9124096,0.10018557000000006,0.875,0.8125,-0.0625,0.0,0.0,0.0,0.0,0.0,0.0,0.0,0.0,0.0,1,1,0,False,False,False,False,False,False
1582,0.9982073,0.9951212,-0.0030860999999999805,0.997439,0.99303037,-0.0044086299999999135,1.0,1.0,0.0,0.0,0.0,0.0,0.0,0.0,0.0,0.0,0.0,0.0,1,1,0,False,False,False,False,False,False
1583,0.91677725,0.9992773,0.08250005000000005,0.9989675,0.9989675,0.0,0.725,1.0,0.275,0.0,0.0,0.0,0.0,0.0,0.0,0.0,0.0,0.0,1,1,0,False,False,False,False,False,False
1584,0.95125,1.0,0.04874999999999996,1.0,1.0,0.0,0.83750004,1.0,0.16249996,0.0,0.0,0.0,0.0,0.0,0.0,0.0,0.0,0.0,1,1,0,False,False,False,False,False,False
1585,1.0,1.0,0.0,1.0,1.0,0.0,1.0,1.0,0.0,0.0,0.0,0.0,0.0,0.0,0.0,0.0,0.0,0.0,1,1,0,False,False,False,False,False,False
1586,0.83253765,0.8760929,0.043555249999999934,0.7929108,0.9354899,0.14257909999999996,0.925,0.7375,-0.1875,0.0,0.0,0.0,0.0,0.0,0.0,0.0,0.0,0.0,1,1,0,False,False,False,False,False,False
1587,0.9973837,0.9973837,0.0,0.9962624,0.9962624,0.0,1.0,1.0,0.0,0.0,0.0,0.0,0.0,0.0,0.0,0.0,0.0,0.0,1,1,0,False,False,False,False,False,False
1588,0.654386,0.7189792,0.06459320000000002,0.6294799,0.7324703,0.10299040000000004,0.71250004,0.6875,-0.02500004,0.0,0.0,0.0,0.0,0.0,0.0,0.0,0.0,0.0,1,1,0,False,False,False,False,False,False
1589,0.96624994,0.93481696,-0.031432979999999944,0.99999994,0.96045274,-0.039547200000000005,0.8875,0.875,-0.012499999999999956,0.0,0.0,0.0,0.0,0.0,0.0,0.0,0.0,0.0,1,1,0,False,False,False,False,False,False
1590,0.75293994,0.74490565,-0.00803429,0.71134275,0.7855795,0.07423674999999996,0.85,0.65000004,-0.19999995999999998,0.0,0.0,0.0,0.0,0.0,0.0,0.0,0.0,0.0,1,1,0,False,False,False,False,False,False
1591,0.908436,0.8769436,-0.031492399999999976,0.8691942,0.8242051,-0.044989100000000004,1.0,1.0,0.0,0.0,0.0,0.0,0.0,0.0,0.0,0.0,0.0,0.0,1,1,0,False,False,False,False,False,False
1592,1.0,1.0,0.0,1.0,1.0,0.0,1.0,1.0,0.0,0.0,0.0,0.0,0.0,0.0,0.0,0.0,0.0,0.0,1,1,0,False,False,False,False,False,False
1593,0.92174065,0.86074525,-0.06099540000000003,0.9364152,0.84927887,-0.08713632999999998,0.8875,0.8875,0.0,0.0,0.0,0.0,0.0,0.0,0.0,0.0,0.0,0.0,1,1,0,False,False,False,False,False,False
1594,0.88981354,0.94080335,0.050989810000000024,0.89080507,0.9636476,0.07284253000000007,0.8875,0.8875,0.0,0.0,0.0,0.0,0.0,0.0,0.0,0.0,0.0,0.0,1,1,0,False,False,False,False,False,False
1595,0.94750005,0.0,-0.94750005,1.0,0.22434908,-0.77565092,0.825,1.0,0.17500000000000004,0.0,1.0,1.0,0.0,1.0,1.0,0.0,0.0,0.0,1,0,-1,False,False,False,True,False,True
1596,0.8611943,0.92244303,0.061248730000000084,0.84992045,0.9374186,0.08749814999999994,0.8875,0.8875,0.0,0.0,0.0,0.0,0.0,0.0,0.0,0.0,0.0,0.0,1,1,0,False,False,False,False,False,False
1597,0.24848223,0.6208198,0.37233757,0.087117456,0.69938546,0.612268004,0.625,0.4375,-0.1875,0.0,0.0,0.0,0.0,0.0,0.0,0.0,0.0,0.0,1,1,0,False,False,False,False,False,False
1598,0.8356016,0.8914059,0.05580429999999992,0.8133595,0.92522264,0.11186313999999997,0.8875,0.8125,-0.07499999999999996,0.0,0.0,0.0,0.0,0.0,0.0,0.0,0.0,0.0,1,1,0,False,False,False,False,False,False
1599,0.8566111,0.796263,-0.060348099999999905,0.83801585,0.9500185,0.11200264999999998,0.90000004,0.4375,-0.46250004,0.0,0.0,0.0,0.0,0.0,0.0,0.0,0.0,0.0,1,1,0,False,False,False,False,False,False
1600,0.83507824,0.882544,0.047465760000000023,0.8126118,0.9125628,0.09995100000000001,0.8875,0.8125,-0.07499999999999996,0.0,0.0,0.0,0.0,0.0,0.0,0.0,0.0,0.0,1,1,0,False,False,False,False,False,False
1601,1.0,1.0,0.0,1.0,1.0,0.0,1.0,1.0,0.0,0.0,0.0,0.0,0.0,0.0,0.0,0.0,0.0,0.0,1,1,0,False,False,False,False,False,False
1602,0.8877546,0.7602547,-0.1274999,0.88786376,0.88786376,0.0,0.8875,0.4625,-0.42499999999999993,0.0,0.0,0.0,0.0,0.0,0.0,0.0,0.0,0.0,1,1,0,False,False,False,False,False,False
1603,1.0,1.0,0.0,1.0,1.0,0.0,1.0,1.0,0.0,0.0,0.0,0.0,0.0,0.0,0.0,0.0,0.0,0.0,1,1,0,False,False,False,False,False,False
1604,1.0,1.0,0.0,1.0,1.0,0.0,1.0,1.0,0.0,0.0,0.0,0.0,0.0,0.0,0.0,0.0,0.0,0.0,1,1,0,False,False,False,False,False,False
1605,0.8454981,0.91217655,0.06667844999999994,0.82749736,0.9388235,0.11132614000000007,0.8875,0.85,-0.03749999999999998,0.0,0.0,0.0,0.0,0.0,0.0,0.0,0.0,0.0,1,1,0,False,False,False,False,False,False
1606,0.71815515,0.78599674,0.06784159000000001,0.6455788,0.7853524,0.13977359999999994,0.8875,0.7875,-0.09999999999999998,0.0,0.0,0.0,0.0,0.0,0.0,0.0,0.0,0.0,1,1,0,False,False,False,False,False,False
1607,0.8469186,0.7676676,-0.07925099999999996,0.8616694,0.7484537,-0.11321570000000003,0.8125,0.8125,0.0,0.0,0.0,0.0,0.0,0.0,0.0,0.0,0.0,0.0,1,1,0,False,False,False,False,False,False
1608,0.80525535,0.8651034,0.05984804999999993,0.81286466,0.9251478,0.11228313999999995,0.7875,0.725,-0.0625,0.0,0.0,0.0,0.0,0.0,0.0,0.0,0.0,0.0,1,1,0,False,False,False,False,False,False
1609,1.0,0.9323868,-0.06761320000000004,1.0,0.9034096,-0.09659039999999997,1.0,1.0,0.0,0.0,0.0,0.0,0.0,0.0,0.0,0.0,0.0,0.0,1,1,0,False,False,False,False,False,False
1610,0.89678365,0.0,-0.89678365,0.91147655,0.53569597,-0.37578058000000003,0.8625,0.79591835,-0.06658165000000005,0.0,1.0,1.0,0.0,1.0,1.0,0.0,0.0,0.0,1,0,-1,False,False,False,True,False,True
1611,1.0,1.0,0.0,1.0,1.0,0.0,1.0,1.0,0.0,0.0,0.0,0.0,0.0,0.0,0.0,0.0,0.0,0.0,1,1,0,False,False,False,False,False,False
1612,0.84668636,0.8612499,0.014563540000000041,0.8291947,0.99999994,0.17080524000000008,0.8875,0.5375,-0.35,0.0,0.0,0.0,0.0,0.0,0.0,0.0,0.0,0.0,1,1,0,False,False,False,False,False,False
1613,0.8450758,0.85454077,0.009464969999999906,0.8108226,0.9368439,0.1260213,0.925,0.6625,-0.26250000000000007,0.0,0.0,0.0,0.0,0.0,0.0,0.0,0.0,0.0,1,1,0,False,False,False,False,False,False
1614,1.0,1.0,0.0,1.0,1.0,0.0,1.0,1.0,0.0,0.0,0.0,0.0,0.0,0.0,0.0,0.0,0.0,0.0,1,1,0,False,False,False,False,False,False
1615,1.0,1.0,0.0,1.0,1.0,0.0,1.0,1.0,0.0,0.0,0.0,0.0,0.0,0.0,0.0,0.0,0.0,0.0,1,1,0,False,False,False,False,False,False
1616,1.0,1.0,0.0,1.0,1.0,0.0,1.0,1.0,0.0,0.0,0.0,0.0,0.0,0.0,0.0,0.0,0.0,0.0,1,1,0,False,False,False,False,False,False
1617,0.97751087,0.8791979,-0.09831297000000006,0.9678727,0.8274256,-0.14044710000000005,1.0,1.0,0.0,0.0,0.0,0.0,0.0,0.0,0.0,0.0,0.0,0.0,1,1,0,False,False,False,False,False,False
1618,1.0,0.96979904,-0.030200960000000054,0.99999994,0.9568558,-0.04314414,1.0,1.0,0.0,0.0,0.0,0.0,0.0,0.0,0.0,0.0,0.0,0.0,1,1,0,False,False,False,False,False,False
1619,0.99894905,0.0,-0.99894905,0.99849874,0.99849874,0.0,1.0,0.82432437,-0.17567562999999997,0.0,1.0,1.0,0.0,1.0,1.0,0.0,0.0,0.0,1,0,-1,False,False,False,True,False,True
1620,0.90371037,0.89669174,-0.007018630000000026,0.8624434,0.94884527,0.08640186999999999,1.0,0.77500004,-0.22499996,0.0,0.0,0.0,0.0,0.0,0.0,0.0,0.0,0.0,1,1,0,False,False,False,False,False,False
1621,0.81925404,0.68036073,-0.13889331000000005,0.83822006,0.8755152,0.037295140000000004,0.77500004,0.22500001,-0.55000003,0.0,0.0,0.0,0.0,0.0,0.0,0.0,0.0,0.0,1,1,0,False,False,False,False,False,False
1622,1.0,1.0,0.0,1.0,1.0,0.0,1.0,1.0,0.0,0.0,0.0,0.0,0.0,0.0,0.0,0.0,0.0,0.0,1,1,0,False,False,False,False,False,False
1623,0.0,0.0,0.0,1.0,1.0,0.0,1.0,1.0,0.0,1.0,1.0,0.0,1.0,1.0,0.0,0.0,0.0,0.0,0,0,0,False,False,False,False,False,False
1624,0.86003476,0.8187941,-0.04124066000000004,0.8000497,0.8375629,0.037513200000000024,1.0,0.77500004,-0.22499996,0.0,0.0,0.0,0.0,0.0,0.0,0.0,0.0,0.0,1,1,0,False,False,False,False,False,False
1625,0.74070805,0.8416056,0.10089755,0.76351154,0.87550795,0.11199641000000005,0.6875,0.7625,0.07499999999999996,0.0,0.0,0.0,0.0,0.0,0.0,0.0,0.0,0.0,1,1,0,False,False,False,False,False,False
1626,0.78150046,0.0,-0.78150046,0.68785775,0.38947678,-0.29838097,1.0,1.0,0.0,0.0,1.0,1.0,0.0,1.0,1.0,0.0,0.0,0.0,1,0,-1,False,False,False,True,False,True
1627,0.94,0.8412777,-0.09872229999999993,1.0,0.82146823,-0.17853176999999998,0.8,0.8875,0.08749999999999991,0.0,0.0,0.0,0.0,0.0,0.0,0.0,0.0,0.0,1,1,0,False,False,False,False,False,False
1628,0.8136406,0.8136406,0.0,0.73377234,0.73377234,0.0,1.0,1.0,0.0,0.0,0.0,0.0,0.0,0.0,0.0,0.0,0.0,0.0,1,1,0,False,False,False,False,False,False
1629,0.884788,0.82382506,-0.06096294000000002,0.91576844,0.8447501,-0.07101834000000007,0.8125,0.77500004,-0.03749996,0.0,0.0,0.0,0.0,0.0,0.0,0.0,0.0,0.0,1,1,0,False,False,False,False,False,False
1630,0.0,0.0,0.0,1.0,1.0,0.0,1.0,1.0,0.0,1.0,1.0,0.0,1.0,1.0,0.0,0.0,0.0,0.0,0,0,0,False,False,False,False,False,False
1631,1.0,1.0,0.0,1.0,1.0,0.0,1.0,1.0,0.0,0.0,0.0,0.0,0.0,0.0,0.0,0.0,0.0,0.0,1,1,0,False,False,False,False,False,False
1632,1.0,1.0,0.0,1.0,1.0,0.0,1.0,1.0,0.0,0.0,0.0,0.0,0.0,0.0,0.0,0.0,0.0,0.0,1,1,0,False,False,False,False,False,False
1633,0.86226636,0.8998686,0.03760224000000001,0.85145193,0.8890979,0.03764597000000003,0.8875,0.925,0.03750000000000009,0.0,0.0,0.0,0.0,0.0,0.0,0.0,0.0,0.0,1,1,0,False,False,False,False,False,False
1634,0.8468294,0.9125269,0.06569750000000008,0.781185,0.92325276,0.14206776,1.0,0.8875,-0.11250000000000004,0.0,0.0,0.0,0.0,0.0,0.0,0.0,0.0,0.0,1,1,0,False,False,False,False,False,False
1635,0.3,1.0,0.7,0.0,1.0,1.0,1.0,1.0,0.0,0.0,0.0,0.0,0.0,0.0,0.0,0.0,0.0,0.0,1,1,0,False,False,False,False,False,False
1636,1.0,1.0,0.0,1.0,1.0,0.0,1.0,1.0,0.0,0.0,0.0,0.0,0.0,0.0,0.0,0.0,0.0,0.0,1,1,0,False,False,False,False,False,False
1637,0.86561126,0.80641264,-0.05919861999999998,0.8883733,0.814518,-0.07385530000000007,0.8125,0.7875,-0.025000000000000022,0.0,0.0,0.0,0.0,0.0,0.0,0.0,0.0,0.0,1,1,0,False,False,False,False,False,False
1638,0.9211742,0.8074816,-0.11369260000000003,0.8873917,0.98747367,0.10008196999999996,1.0,0.38750002,-0.6124999799999999,0.0,0.0,0.0,0.0,0.0,0.0,0.0,0.0,0.0,1,1,0,False,False,False,False,False,False
1639,0.0,0.86479485,0.86479485,0.7232199,0.89792114,0.17470123999999998,0.79746836,0.7875,-0.00996836000000001,0.0,0.0,0.0,0.0,0.0,0.0,1.0,0.0,-1.0,0,1,1,True,False,False,False,False,False
1640,1.0,1.0,0.0,1.0,1.0,0.0,1.0,1.0,0.0,0.0,0.0,0.0,0.0,0.0,0.0,0.0,0.0,0.0,1,1,0,False,False,False,False,False,False
1641,0.925,0.8988144,-0.02618560000000003,1.0,0.8554492,-0.14455079999999998,0.75,1.0,0.25,0.0,0.0,0.0,0.0,0.0,0.0,0.0,0.0,0.0,1,1,0,False,False,False,False,False,False
1642,0.7724516,0.7562087,-0.01624290000000006,0.7124308,0.812441,0.10001019999999994,0.9125,0.625,-0.2875,0.0,0.0,0.0,0.0,0.0,0.0,0.0,0.0,0.0,1,1,0,False,False,False,False,False,False
1643,0.7275856,0.73216486,0.004579259999999974,0.71797943,0.6923784,-0.025601030000000025,0.75,0.825,0.07499999999999996,0.0,0.0,0.0,0.0,0.0,0.0,0.0,0.0,0.0,1,1,0,False,False,False,False,False,False
1644,0.7452223,0.7333285,-0.011893799999999954,0.716389,0.80654067,0.0901516699999999,0.8125,0.5625,-0.25,0.0,0.0,0.0,0.0,0.0,0.0,0.0,0.0,0.0,1,1,0,False,False,False,False,False,False
1645,0.8255135,0.86079437,0.03528087000000002,0.7989478,0.924349,0.1254012,0.8875,0.71250004,-0.17499995999999995,0.0,0.0,0.0,0.0,0.0,0.0,0.0,0.0,0.0,1,1,0,False,False,False,False,False,False
1646,1.0,0.8747773,-0.12522270000000002,1.0,0.8211105,-0.17888950000000003,1.0,1.0,0.0,0.0,0.0,0.0,0.0,0.0,0.0,0.0,0.0,0.0,1,1,0,False,False,False,False,False,False
1647,0.7923021,0.8242403,0.03193820000000003,0.7032887,0.797129,0.09384029999999999,1.0,0.8875,-0.11250000000000004,0.0,0.0,0.0,0.0,0.0,0.0,0.0,0.0,0.0,1,1,0,False,False,False,False,False,False
1648,0.8480654,0.94067824,0.09261284000000003,0.83116484,0.91525465,0.08408980999999993,0.8875,1.0,0.11250000000000004,0.0,0.0,0.0,0.0,0.0,0.0,0.0,0.0,0.0,1,1,0,False,False,False,False,False,False
1649,0.8496162,0.85560817,0.005991969999999958,0.89766604,0.91158307,0.013917029999999997,0.7375,0.725,-0.012500000000000067,0.0,0.0,0.0,0.0,0.0,0.0,0.0,0.0,0.0,1,1,0,False,False,False,False,False,False
1650,0.83120996,0.7736578,-0.057552160000000074,0.8177998,0.8802254,0.06242560000000008,0.8625,0.52500004,-0.33749996000000004,0.0,0.0,0.0,0.0,0.0,0.0,0.0,0.0,0.0,1,1,0,False,False,False,False,False,False
1651,0.913427,0.88723224,-0.026194759999999984,0.8763242,0.8389031,-0.037421099999999985,1.0,1.0,0.0,0.0,0.0,0.0,0.0,0.0,0.0,0.0,0.0,0.0,1,1,0,False,False,False,False,False,False
1652,0.8377218,0.8060705,-0.03165129999999994,0.8217454,0.7711722,-0.050573199999999985,0.875,0.8875,0.012499999999999956,0.0,0.0,0.0,0.0,0.0,0.0,0.0,0.0,0.0,1,1,0,False,False,False,False,False,False
1653,0.86271876,0.80203116,-0.060687600000000064,0.84674114,0.9743301,0.12758895999999997,0.90000004,0.4,-0.50000004,0.0,0.0,0.0,0.0,0.0,0.0,0.0,0.0,0.0,1,1,0,False,False,False,False,False,False
1654,1.0,1.0,0.0,1.0,1.0,0.0,1.0,1.0,0.0,0.0,0.0,0.0,0.0,0.0,0.0,0.0,0.0,0.0,1,1,0,False,False,False,False,False,False
1655,0.8011242,0.83083934,0.029715140000000084,0.7158917,0.75834185,0.042450149999999964,1.0,1.0,0.0,0.0,0.0,0.0,0.0,0.0,0.0,0.0,0.0,0.0,1,1,0,False,False,False,False,False,False
1656,0.89802307,0.8907904,-0.007232670000000052,0.9025329,0.8922005,-0.01033240000000002,0.8875,0.8875,0.0,0.0,0.0,0.0,0.0,0.0,0.0,0.0,0.0,0.0,1,1,0,False,False,False,False,False,False
1657,1.0,0.8971303,-0.10286969999999995,0.99999994,0.8530433,-0.14695664000000008,1.0,1.0,0.0,0.0,0.0,0.0,0.0,0.0,0.0,0.0,0.0,0.0,1,1,0,False,False,False,False,False,False
1658,1.0,1.0,0.0,1.0,1.0,0.0,1.0,1.0,0.0,0.0,0.0,0.0,0.0,0.0,0.0,0.0,0.0,0.0,1,1,0,False,False,False,False,False,False
1659,0.0,0.8121948,0.8121948,0.41582587,0.7799212,0.36409533,0.7804878,0.8875,0.1070122,0.0,0.0,0.0,0.0,0.0,0.0,1.0,0.0,-1.0,0,1,1,True,False,False,False,False,False
1660,1.0,1.0,0.0,1.0,1.0,0.0,1.0,1.0,0.0,0.0,0.0,0.0,0.0,0.0,0.0,0.0,0.0,0.0,1,1,0,False,False,False,False,False,False
1661,1.0,0.9009619,-0.09903810000000002,1.0,0.858517,-0.14148300000000003,1.0,1.0,0.0,0.0,0.0,0.0,0.0,0.0,0.0,0.0,0.0,0.0,1,1,0,False,False,False,False,False,False
1662,0.8711476,0.8481037,-0.023043900000000006,0.8694965,0.83121955,-0.038276949999999976,0.875,0.8875,0.012499999999999956,0.0,0.0,0.0,0.0,0.0,0.0,0.0,0.0,0.0,1,1,0,False,False,False,False,False,False
1663,0.3897356,0.8667173,0.4769817,0.20855086,0.93281037,0.72425951,0.8125,0.71250004,-0.09999996,0.0,0.0,0.0,0.0,0.0,0.0,0.0,0.0,0.0,1,1,0,False,False,False,False,False,False
1664,0.80495834,0.7962556,-0.008702740000000042,0.8124404,0.912508,0.10006760000000003,0.7875,0.52500004,-0.26249996,0.0,0.0,0.0,0.0,0.0,0.0,0.0,0.0,0.0,1,1,0,False,False,False,False,False,False
1665,0.9333377,0.47063556,-0.46270214000000004,0.97441095,0.39912224,-0.5752887099999999,0.83750004,0.6375,-0.20000004000000005,0.0,0.0,0.0,0.0,0.0,0.0,0.0,0.0,0.0,1,1,0,False,False,False,False,False,False
1666,0.0,0.72900105,0.72900105,0.78857094,0.61285865,-0.1757122900000001,1.0,1.0,0.0,1.0,0.0,-1.0,1.0,0.0,-1.0,0.0,0.0,0.0,0,1,1,False,False,True,False,True,False
1667,1.0,1.0,0.0,1.0,1.0,0.0,1.0,1.0,0.0,0.0,0.0,0.0,0.0,0.0,0.0,0.0,0.0,0.0,1,1,0,False,False,False,False,False,False
1668,0.7986346,0.8786406,0.08000600000000002,0.8248351,0.91234374,0.08750863999999992,0.7375,0.8,0.0625,0.0,0.0,0.0,0.0,0.0,0.0,0.0,0.0,0.0,1,1,0,False,False,False,False,False,False
1669,0.85031253,0.0,-0.85031253,0.8879465,0.6498206,-0.2381259,0.7625,0.7540983,-0.008401699999999956,0.0,1.0,1.0,0.0,1.0,1.0,0.0,0.0,0.0,1,0,-1,False,False,False,True,False,True
1670,0.0,0.0,0.0,1.0,1.0,0.0,1.0,1.0,0.0,1.0,1.0,0.0,1.0,1.0,0.0,0.0,0.0,0.0,0,0,0,False,False,False,False,False,False
1671,1.0,1.0,0.0,1.0,1.0,0.0,1.0,1.0,0.0,0.0,0.0,0.0,0.0,0.0,0.0,0.0,0.0,0.0,1,1,0,False,False,False,False,False,False
1672,0.8575249,0.8419738,-0.01555110000000004,0.88217837,0.8171054,-0.06507297000000001,0.8,0.90000004,0.10000003999999996,0.0,0.0,0.0,0.0,0.0,0.0,0.0,0.0,0.0,1,1,0,False,False,False,False,False,False
1673,0.7967283,0.8224785,0.025750200000000056,0.7631833,0.8374692,0.07428590000000002,0.875,0.7875,-0.08750000000000002,0.0,0.0,0.0,0.0,0.0,0.0,0.0,0.0,0.0,1,1,0,False,False,False,False,False,False
1674,0.8514757,0.79130536,-0.06017033999999999,0.87889385,0.900079,0.021185149999999986,0.7875,0.5375,-0.25,0.0,0.0,0.0,0.0,0.0,0.0,0.0,0.0,0.0,1,1,0,False,False,False,False,False,False
1675,1.0,1.0,0.0,1.0,1.0,0.0,1.0,1.0,0.0,0.0,0.0,0.0,0.0,0.0,0.0,0.0,0.0,0.0,1,1,0,False,False,False,False,False,False
1676,0.98476934,0.8989248,-0.08584454000000008,0.9782419,0.85560685,-0.12263504999999997,1.0,1.0,0.0,0.0,0.0,0.0,0.0,0.0,0.0,0.0,0.0,0.0,1,1,0,False,False,False,False,False,False
1677,0.8169751,0.7619004,-0.05507469999999992,0.8617502,0.8366434,-0.025106799999999985,0.71250004,0.58750004,-0.125,0.0,0.0,0.0,0.0,0.0,0.0,0.0,0.0,0.0,1,1,0,False,False,False,False,False,False
1678,0.7996932,0.7398843,-0.05980889999999994,0.7995617,0.9123346,0.11277289999999995,0.8,0.3375,-0.4625,0.0,0.0,0.0,0.0,0.0,0.0,0.0,0.0,0.0,1,1,0,False,False,False,False,False,False
1679,0.23101719,0.81659573,0.58557854,0.22823884,0.7754939,0.5472550599999999,0.2375,0.9125,0.675,0.0,0.0,0.0,0.0,0.0,0.0,0.0,0.0,0.0,1,1,0,False,False,False,False,False,False
1680,1.0,0.9642906,-0.0357094,1.0,0.9489866,-0.05101339999999999,1.0,1.0,0.0,0.0,0.0,0.0,0.0,0.0,0.0,0.0,0.0,0.0,1,1,0,False,False,False,False,False,False
1681,1.0,1.0,0.0,1.0,1.0,0.0,1.0,1.0,0.0,0.0,0.0,0.0,0.0,0.0,0.0,0.0,0.0,0.0,1,1,0,False,False,False,False,False,False
1682,0.0,0.0,0.0,1.0,1.0,0.0,1.0,1.0,0.0,1.0,1.0,0.0,1.0,1.0,0.0,0.0,0.0,0.0,0,0,0,False,False,False,False,False,False
1683,0.77280474,0.71577924,-0.05702549999999995,0.8736496,0.78682745,-0.08682215000000004,0.5375,0.55,0.012500000000000067,0.0,0.0,0.0,0.0,0.0,0.0,0.0,0.0,0.0,1,1,0,False,False,False,False,False,False
1684,0.95125,0.74134535,-0.20990465000000003,1.0,0.6304933,-0.36950669999999997,0.83750004,1.0,0.16249996,0.0,0.0,0.0,0.0,0.0,0.0,0.0,0.0,0.0,1,1,0,False,False,False,False,False,False
1685,0.89875,0.84527063,-0.053479370000000026,1.0,0.928958,-0.07104200000000005,0.6625,0.65000004,-0.012499959999999977,0.0,0.0,0.0,0.0,0.0,0.0,0.0,0.0,0.0,1,1,0,False,False,False,False,False,False
1686,0.8334721,0.8353494,0.0018772999999999707,0.8263886,0.9254991,0.09911049999999999,0.85,0.625,-0.22499999999999998,0.0,0.0,0.0,0.0,0.0,0.0,0.0,0.0,0.0,1,1,0,False,False,False,False,False,False
1687,0.94,0.8901884,-0.049811599999999956,1.0,0.8752691,-0.12473089999999998,0.8,0.925,0.125,0.0,0.0,0.0,0.0,0.0,0.0,0.0,0.0,0.0,1,1,0,False,False,False,False,False,False
1688,0.97749996,0.901833,-0.07566695999999995,1.0,0.8972614,-0.10273860000000001,0.925,0.9125,-0.012500000000000067,0.0,0.0,0.0,0.0,0.0,0.0,0.0,0.0,0.0,1,1,0,False,False,False,False,False,False
1689,0.8973856,0.8585414,-0.038844199999999995,0.8855509,0.8729163,-0.012634600000000051,0.925,0.825,-0.10000000000000009,0.0,0.0,0.0,0.0,0.0,0.0,0.0,0.0,0.0,1,1,0,False,False,False,False,False,False
1690,0.8592748,0.886877,0.02760220000000002,0.9114639,0.92410994,0.012646040000000025,0.7375,0.8,0.0625,0.0,0.0,0.0,0.0,0.0,0.0,0.0,0.0,0.0,1,1,0,False,False,False,False,False,False
1691,0.94013214,0.95125,0.011117860000000035,0.9626888,1.0,0.03731119999999999,0.8875,0.83750004,-0.049999959999999954,0.0,0.0,0.0,0.0,0.0,0.0,0.0,0.0,0.0,1,1,0,False,False,False,False,False,False
1692,0.81144583,0.83749247,0.02604664000000001,0.7306368,0.7678464,0.037209600000000065,1.0,1.0,0.0,0.0,0.0,0.0,0.0,0.0,0.0,0.0,0.0,0.0,1,1,0,False,False,False,False,False,False
1693,0.0,0.0,0.0,1.0,1.0,0.0,1.0,1.0,0.0,0.0,0.0,0.0,1.0,1.0,0.0,0.0,0.0,0.0,0,0,0,False,False,False,False,False,False
1694,0.95125,0.9164261,-0.03482390000000002,1.0,0.9181086,-0.08189139999999995,0.83750004,0.9125,0.07499995999999998,0.0,0.0,0.0,0.0,0.0,0.0,0.0,0.0,0.0,1,1,0,False,False,False,False,False,False
1695,0.878372,0.8973679,0.018995899999999954,0.8744601,0.91231114,0.03785104000000006,0.8875,0.8625,-0.02499999999999991,0.0,0.0,0.0,0.0,0.0,0.0,0.0,0.0,0.0,1,1,0,False,False,False,False,False,False
1696,0.83523196,0.8301384,-0.0050935599999999415,0.81283134,0.91269773,0.09986638999999997,0.8875,0.6375,-0.25,0.0,0.0,0.0,0.0,0.0,0.0,0.0,0.0,0.0,1,1,0,False,False,False,False,False,False
1697,0.91091484,0.84196913,-0.06894571000000005,0.8727354,0.8599558,-0.012779600000000002,1.0,0.8,-0.19999999999999996,0.0,0.0,0.0,0.0,0.0,0.0,0.0,0.0,0.0,1,1,0,False,False,False,False,False,False
1698,0.97749996,0.94081527,-0.036684689999999964,1.0,0.9154504,-0.0845496,0.925,1.0,0.07499999999999996,0.0,0.0,0.0,0.0,0.0,0.0,0.0,0.0,0.0,1,1,0,False,False,False,False,False,False
1699,0.7494223,0.76699364,0.017571340000000046,0.6741747,0.69927657,0.02510186999999997,0.925,0.925,0.0,0.0,0.0,0.0,0.0,0.0,0.0,0.0,0.0,0.0,1,1,0,False,False,False,False,False,False
1700,1.0,1.0,0.0,1.0,1.0,0.0,1.0,1.0,0.0,0.0,0.0,0.0,0.0,0.0,0.0,0.0,0.0,0.0,1,1,0,False,False,False,False,False,False
1701,0.8244583,0.77867526,-0.04578304,0.8135118,0.92489326,0.11138146000000004,0.85,0.4375,-0.4125,0.0,0.0,0.0,0.0,0.0,0.0,0.0,0.0,0.0,1,1,0,False,False,False,False,False,False
1702,0.94375,0.92875,-0.015000000000000013,0.99999994,0.99999994,0.0,0.8125,0.7625,-0.050000000000000044,0.0,0.0,0.0,0.0,0.0,0.0,0.0,0.0,0.0,1,1,0,False,False,False,False,False,False
1703,0.9987071,0.89202785,-0.10667925,0.998153,0.845754,-0.15239899999999995,1.0,1.0,0.0,0.0,0.0,0.0,0.0,0.0,0.0,0.0,0.0,0.0,1,1,0,False,False,False,False,False,False
1704,0.94375,0.0,-0.94375,1.0,0.5252226,-0.4747774,0.8125,0.7857143,-0.026785700000000023,0.0,0.0,0.0,0.0,1.0,1.0,0.0,0.0,0.0,1,0,-1,False,False,False,True,False,False
1705,0.8229448,0.0,-0.8229448,0.8381355,0.37459758,-0.46353792000000005,0.7875,0.61538464,-0.17211535999999994,0.0,1.0,1.0,0.0,1.0,1.0,0.0,0.0,0.0,1,0,-1,False,False,False,True,False,True
1706,0.824823,0.824823,0.0,0.74974716,0.74974716,0.0,1.0,1.0,0.0,0.0,0.0,0.0,0.0,0.0,0.0,0.0,0.0,0.0,1,1,0,False,False,False,False,False,False
1707,1.0,1.0,0.0,1.0,1.0,0.0,1.0,1.0,0.0,0.0,0.0,0.0,0.0,0.0,0.0,0.0,0.0,0.0,1,1,0,False,False,False,False,False,False
1708,1.0,1.0,0.0,1.0,1.0,0.0,1.0,1.0,0.0,0.0,0.0,0.0,0.0,0.0,0.0,0.0,0.0,0.0,1,1,0,False,False,False,False,False,False
1709,0.83171254,0.8243626,-0.007349939999999999,0.8881608,0.8133751,-0.07478569999999995,0.7,0.85,0.15000000000000002,0.0,0.0,0.0,0.0,0.0,0.0,0.0,0.0,0.0,1,1,0,False,False,False,False,False,False
1710,0.8775555,0.8843115,0.006755999999999984,0.87329346,0.88294506,0.009651599999999982,0.8875,0.8875,0.0,0.0,0.0,0.0,0.0,0.0,0.0,0.0,0.0,0.0,1,1,0,False,False,False,False,False,False
1711,0.8530933,0.9228134,0.06972009999999995,0.8383477,0.9379478,0.09960009999999997,0.8875,0.8875,0.0,0.0,0.0,0.0,0.0,0.0,0.0,0.0,0.0,0.0,1,1,0,False,False,False,False,False,False
1712,0.8508049,0.83527434,-0.015530559999999971,0.84043556,0.8771776,0.03674204000000003,0.875,0.7375,-0.13749999999999996,0.0,0.0,0.0,0.0,0.0,0.0,0.0,0.0,0.0,1,1,0,False,False,False,False,False,False
1713,0.85867006,0.88318104,0.02451097999999996,0.8516716,0.91347295,0.06180134999999998,0.875,0.8125,-0.0625,0.0,0.0,0.0,0.0,0.0,0.0,0.0,0.0,0.0,1,1,0,False,False,False,False,False,False
1714,1.0,1.0,0.0,1.0,1.0,0.0,1.0,1.0,0.0,0.0,0.0,0.0,0.0,0.0,0.0,0.0,0.0,0.0,1,1,0,False,False,False,False,False,False
1715,0.89954835,0.95864123,0.059092880000000014,0.90471196,0.9891303,0.08441834000000004,0.8875,0.8875,0.0,0.0,0.0,0.0,0.0,0.0,0.0,0.0,0.0,0.0,1,1,0,False,False,False,False,False,False
1716,0.96625006,0.88918537,-0.07706469000000005,1.0,0.8899076,-0.11009239999999998,0.8875,0.8875,0.0,0.0,0.0,0.0,0.0,0.0,0.0,0.0,0.0,0.0,1,1,0,False,False,False,False,False,False
1717,0.97749996,1.0,0.022500040000000054,1.0,1.0,0.0,0.925,1.0,0.07499999999999996,0.0,0.0,0.0,0.0,0.0,0.0,0.0,0.0,0.0,1,1,0,False,False,False,False,False,False
1718,0.7099545,0.8828641,0.1729096,0.6177921,0.832663,0.2148709000000001,0.925,1.0,0.07499999999999996,0.0,0.0,0.0,0.0,0.0,0.0,0.0,0.0,0.0,1,1,0,False,False,False,False,False,False
1719,0.77736264,0.79412,0.016757360000000054,0.6980181,0.78624284,0.08822474000000002,0.96250004,0.8125,-0.15000004,0.0,0.0,0.0,0.0,0.0,0.0,0.0,0.0,0.0,1,1,0,False,False,False,False,False,False
1720,0.89441234,0.926104,0.03169166000000001,0.84916043,0.9747914,0.12563097,1.0,0.8125,-0.1875,0.0,0.0,0.0,0.0,0.0,0.0,0.0,0.0,0.0,1,1,0,False,False,False,False,False,False
1721,0.84525007,0.8819853,0.03673523000000001,0.8271429,0.93855035,0.11140744999999996,0.8875,0.75,-0.13749999999999996,0.0,0.0,0.0,0.0,0.0,0.0,0.0,0.0,0.0,1,1,0,False,False,False,False,False,False
1722,0.81901896,0.6145264,-0.20449255999999993,0.8593128,0.8082519,-0.051060899999999965,0.725,0.16250001,-0.56249999,0.0,0.0,0.0,0.0,0.0,0.0,0.0,0.0,0.0,1,1,0,False,False,False,False,False,False
1723,1.0,1.0,0.0,1.0,1.0,0.0,1.0,1.0,0.0,0.0,0.0,0.0,0.0,0.0,0.0,0.0,0.0,0.0,1,1,0,False,False,False,False,False,False
1724,0.0,0.0,0.0,0.008631383,0.008631383,0.0,1.0,1.0,0.0,0.0,0.0,0.0,1.0,1.0,0.0,0.0,0.0,0.0,0,0,0,False,False,False,False,False,False
1725,0.8595505,0.9179613,0.058410799999999985,0.847572,0.9363733,0.08880129999999997,0.8875,0.875,-0.012499999999999956,0.0,0.0,0.0,0.0,0.0,0.0,0.0,0.0,0.0,1,1,0,False,False,False,False,False,False
1726,1.0,1.0,0.0,1.0,1.0,0.0,1.0,1.0,0.0,0.0,0.0,0.0,0.0,0.0,0.0,0.0,0.0,0.0,1,1,0,False,False,False,False,False,False
1727,0.7308163,0.7041034,-0.02671289999999993,0.74402326,0.81300485,0.06898159000000004,0.7,0.45000002,-0.24999997999999996,0.0,0.0,0.0,0.0,0.0,0.0,0.0,0.0,0.0,1,1,0,False,False,False,False,False,False
1728,1.0,1.0,0.0,1.0,1.0,0.0,1.0,1.0,0.0,0.0,0.0,0.0,0.0,0.0,0.0,0.0,0.0,0.0,1,1,0,False,False,False,False,False,False
1729,0.6993808,0.7792731,0.07989230000000003,0.61875826,0.7328901,0.11413183999999998,0.8875,0.8875,0.0,0.0,0.0,0.0,0.0,0.0,0.0,0.0,0.0,0.0,1,1,0,False,False,False,False,False,False
1730,1.0,0.8984335,-0.1015665,1.0,0.85490495,-0.14509505,1.0,1.0,0.0,0.0,0.0,0.0,0.0,0.0,0.0,0.0,0.0,0.0,1,1,0,False,False,False,False,False,False
1731,0.90999997,0.84625,-0.06374997000000004,0.99999994,0.99999994,0.0,0.7,0.4875,-0.21249999999999997,0.0,0.0,0.0,0.0,0.0,0.0,0.0,0.0,0.0,1,1,0,False,False,False,False,False,False
1732,1.0,1.0,0.0,1.0,1.0,0.0,1.0,1.0,0.0,0.0,0.0,0.0,0.0,0.0,0.0,0.0,0.0,0.0,1,1,0,False,False,False,False,False,False
1733,0.0,0.7452852,0.7452852,0.10982065,0.6361217,0.52630105,0.99999994,1.0,5.999999996841865e-08,1.0,0.0,-1.0,1.0,0.0,-1.0,0.0,0.0,0.0,0,1,1,False,False,True,False,True,False
1734,0.740044,0.7431655,0.0031214999999999993,0.6607771,0.7884507,0.12767359999999994,0.925,0.6375,-0.2875000000000001,0.0,0.0,0.0,0.0,0.0,0.0,0.0,0.0,0.0,1,1,0,False,False,False,False,False,False
1735,0.94375,0.8458911,-0.09785889999999997,1.0,0.8119873,-0.18801270000000003,0.8125,0.925,0.11250000000000004,0.0,0.0,0.0,0.0,0.0,0.0,0.0,0.0,0.0,1,1,0,False,False,False,False,False,False
1736,0.8311701,0.8781433,0.04697319999999994,0.8070287,0.92234755,0.11531884999999997,0.8875,0.77500004,-0.11249995999999995,0.0,0.0,0.0,0.0,0.0,0.0,0.0,0.0,0.0,1,1,0,False,False,False,False,False,False
1737,1.0,1.0,0.0,1.0,1.0,0.0,1.0,1.0,0.0,0.0,0.0,0.0,0.0,0.0,0.0,0.0,0.0,0.0,1,1,0,False,False,False,False,False,False
1738,1.0,1.0,0.0,1.0,1.0,0.0,1.0,1.0,0.0,0.0,0.0,0.0,0.0,0.0,0.0,0.0,0.0,0.0,1,1,0,False,False,False,False,False,False
1739,1.0,1.0,0.0,1.0,1.0,0.0,1.0,1.0,0.0,0.0,0.0,0.0,0.0,0.0,0.0,0.0,0.0,0.0,1,1,0,False,False,False,False,False,False
1740,0.928178,0.9996139,0.07143590000000011,0.8973972,0.99944836,0.10205116000000003,1.0,1.0,0.0,0.0,0.0,0.0,0.0,0.0,0.0,0.0,0.0,0.0,1,1,0,False,False,False,False,False,False
1741,1.0,1.0,0.0,1.0,1.0,0.0,1.0,1.0,0.0,0.0,0.0,0.0,0.0,0.0,0.0,0.0,0.0,0.0,1,1,0,False,False,False,False,False,False
1742,1.0,1.0,0.0,1.0,1.0,0.0,1.0,1.0,0.0,0.0,0.0,0.0,0.0,0.0,0.0,0.0,0.0,0.0,1,1,0,False,False,False,False,False,False
1743,1.0,1.0,0.0,1.0,1.0,0.0,1.0,1.0,0.0,0.0,0.0,0.0,0.0,0.0,0.0,0.0,0.0,0.0,1,1,0,False,False,False,False,False,False
1744,0.97749996,0.96497774,-0.012522219999999917,1.0,0.9499682,-0.05003179999999996,0.925,1.0,0.07499999999999996,0.0,0.0,0.0,0.0,0.0,0.0,0.0,0.0,0.0,1,1,0,False,False,False,False,False,False
1745,1.0,0.9823009,-0.017699099999999968,1.0,0.9747155,-0.025284500000000043,1.0,1.0,0.0,0.0,0.0,0.0,0.0,0.0,0.0,0.0,0.0,0.0,1,1,0,False,False,False,False,False,False
1746,0.97375005,0.84445775,-0.12929230000000003,1.0,0.77779675,-0.22220324999999996,0.9125,1.0,0.08750000000000002,0.0,0.0,0.0,0.0,0.0,0.0,0.0,0.0,0.0,1,1,0,False,False,False,False,False,False
1747,0.92854404,0.89851934,-0.030024700000000015,0.89792,0.8871705,-0.010749500000000078,1.0,0.925,-0.07499999999999996,0.0,0.0,0.0,0.0,0.0,0.0,0.0,0.0,0.0,1,1,0,False,False,False,False,False,False
1748,0.90842915,0.88374996,-0.024679190000000073,0.9495417,1.0,0.050458299999999956,0.8125,0.6125,-0.19999999999999996,0.0,0.0,0.0,0.0,0.0,0.0,0.0,0.0,0.0,1,1,0,False,False,False,False,False,False
1749,0.71508163,0.79711246,0.08203083,0.6411881,0.758375,0.11718689999999998,0.8875,0.8875,0.0,0.0,0.0,0.0,0.0,0.0,0.0,0.0,0.0,0.0,1,1,0,False,False,False,False,False,False
1750,0.94735414,0.8366004,-0.11075373999999993,0.95693445,0.8147863,-0.14214815000000003,0.925,0.8875,-0.03750000000000009,0.0,0.0,0.0,0.0,0.0,0.0,0.0,0.0,0.0,1,1,0,False,False,False,False,False,False
1751,0.8320875,0.8638037,0.03171619999999997,0.8136964,0.9125766,0.09888019999999997,0.875,0.75,-0.125,0.0,0.0,0.0,0.0,0.0,0.0,0.0,0.0,0.0,1,1,0,False,False,False,False,False,False
1752,0.86229724,0.84308225,-0.019214989999999932,0.8032817,0.77583176,-0.027449940000000006,1.0,1.0,0.0,0.0,0.0,0.0,0.0,0.0,0.0,0.0,0.0,0.0,1,1,0,False,False,False,False,False,False
1753,0.8479101,0.7700256,-0.07788450000000002,0.81487167,0.86432225,0.04945057999999991,0.925,0.55,-0.375,0.0,0.0,0.0,0.0,0.0,0.0,0.0,0.0,0.0,1,1,0,False,False,False,False,False,False
1754,1.0,1.0,0.0,1.0,1.0,0.0,1.0,1.0,0.0,0.0,0.0,0.0,0.0,0.0,0.0,0.0,0.0,0.0,1,1,0,False,False,False,False,False,False
1755,1.0,1.0,0.0,1.0,1.0,0.0,1.0,1.0,0.0,0.0,0.0,0.0,0.0,0.0,0.0,0.0,0.0,0.0,1,1,0,False,False,False,False,False,False
1756,0.9325,0.9259619,-0.006538099999999991,1.0,0.9745884,-0.02541159999999998,0.77500004,0.8125,0.03749996,0.0,0.0,0.0,0.0,0.0,0.0,0.0,0.0,0.0,1,1,0,False,False,False,False,False,False
1757,1.0,1.0,0.0,1.0,1.0,0.0,1.0,1.0,0.0,0.0,0.0,0.0,0.0,0.0,0.0,0.0,0.0,0.0,1,1,0,False,False,False,False,False,False
1758,0.83347696,0.92196006,0.08848309999999993,0.8103242,0.93672866,0.12640445999999994,0.8875,0.8875,0.0,0.0,0.0,0.0,0.0,0.0,0.0,0.0,0.0,0.0,1,1,0,False,False,False,False,False,False
1759,1.0,1.0,0.0,1.0,1.0,0.0,1.0,1.0,0.0,0.0,0.0,0.0,0.0,0.0,0.0,0.0,0.0,0.0,1,1,0,False,False,False,False,False,False
1760,1.0,1.0,0.0,1.0,1.0,0.0,1.0,1.0,0.0,0.0,0.0,0.0,0.0,0.0,0.0,0.0,0.0,0.0,1,1,0,False,False,False,False,False,False
1761,1.0,1.0,0.0,1.0,1.0,0.0,1.0,1.0,0.0,0.0,0.0,0.0,0.0,0.0,0.0,0.0,0.0,0.0,1,1,0,False,False,False,False,False,False
1762,0.7859792,0.85110205,0.06512285000000007,0.81211317,0.8997887,0.08767552999999995,0.725,0.7375,0.012500000000000067,0.0,0.0,0.0,0.0,0.0,0.0,0.0,0.0,0.0,1,1,0,False,False,False,False,False,False
1763,0.82867604,0.8680607,0.03938466000000007,0.80882293,0.85972965,0.05090671999999996,0.875,0.8875,0.012499999999999956,0.0,0.0,0.0,0.0,0.0,0.0,0.0,0.0,0.0,1,1,0,False,False,False,False,False,False
1764,1.0,1.0,0.0,1.0,1.0,0.0,1.0,1.0,0.0,0.0,0.0,0.0,0.0,0.0,0.0,0.0,0.0,0.0,1,1,0,False,False,False,False,False,False
1765,1.0,1.0,0.0,1.0,1.0,0.0,1.0,1.0,0.0,0.0,0.0,0.0,0.0,0.0,0.0,0.0,0.0,0.0,1,1,0,False,False,False,False,False,False
1766,1.0,1.0,0.0,1.0,1.0,0.0,1.0,1.0,0.0,0.0,0.0,0.0,0.0,0.0,0.0,0.0,0.0,0.0,1,1,0,False,False,False,False,False,False
1767,0.83868617,0.8674486,0.028762430000000005,0.8499089,0.9499265,0.10001760000000004,0.8125,0.675,-0.13749999999999996,0.0,0.0,0.0,0.0,0.0,0.0,0.0,0.0,0.0,1,1,0,False,False,False,False,False,False
1768,0.78136855,0.76516247,-0.01620608000000001,0.68766934,0.7770178,0.08934845999999996,1.0,0.7375,-0.26249999999999996,0.0,0.0,0.0,0.0,0.0,0.0,0.0,0.0,0.0,1,1,0,False,False,False,False,False,False
1769,0.88365746,0.8748478,-0.008809660000000052,0.8820107,0.9765683,0.09455759999999991,0.8875,0.6375,-0.25,0.0,0.0,0.0,0.0,0.0,0.0,0.0,0.0,0.0,1,1,0,False,False,False,False,False,False
1770,0.7741627,0.64410996,-0.13005274,0.7255896,0.59872854,-0.12686105999999997,0.8875,0.75,-0.13749999999999996,0.0,0.0,0.0,0.0,0.0,0.0,0.0,0.0,0.0,1,1,0,False,False,False,False,False,False
1771,0.97723883,1.0,0.022761169999999997,0.9996268,1.0,0.00037319999999996245,0.925,1.0,0.07499999999999996,0.0,0.0,0.0,0.0,0.0,0.0,0.0,0.0,0.0,1,1,0,False,False,False,False,False,False
1772,0.9026907,0.8801907,-0.022499999999999964,0.909201,0.909201,0.0,0.8875,0.8125,-0.07499999999999996,0.0,0.0,0.0,0.0,0.0,0.0,0.0,0.0,0.0,1,1,0,False,False,False,False,False,False
1773,0.9060221,0.8122183,-0.0938038000000001,0.91396016,0.7692403,-0.14471986000000003,0.8875,0.9125,0.025000000000000022,0.0,0.0,0.0,0.0,0.0,0.0,0.0,0.0,0.0,1,1,0,False,False,False,False,False,False
1774,0.0,0.0,0.0,1.0,1.0,0.0,1.0,1.0,0.0,1.0,1.0,0.0,1.0,1.0,0.0,0.0,0.0,0.0,0,0,0,False,False,False,False,False,False
1775,1.0,0.9467848,-0.05321520000000002,1.0,0.9239782,-0.07602180000000003,1.0,1.0,0.0,0.0,0.0,0.0,0.0,0.0,0.0,0.0,0.0,0.0,1,1,0,False,False,False,False,False,False
1776,0.8047409,0.87533647,0.07059557000000005,0.7692727,0.8701236,0.10085089999999997,0.8875,0.8875,0.0,0.0,0.0,0.0,0.0,0.0,0.0,0.0,0.0,0.0,1,1,0,False,False,False,False,False,False
1777,1.0,0.9549999,-0.04500009999999999,0.99999994,0.99999994,0.0,1.0,0.85,-0.15000000000000002,0.0,0.0,0.0,0.0,0.0,0.0,0.0,0.0,0.0,1,1,0,False,False,False,False,False,False
1778,0.41213217,0.29307637,-0.11905580000000004,0.20840311,0.03832337,-0.17007974,0.8875,0.8875,0.0,0.0,0.0,0.0,0.0,0.0,0.0,0.0,0.0,0.0,1,1,0,False,False,False,False,False,False
1779,1.0,0.8973072,-0.10269280000000003,1.0,0.8532961,-0.1467039,1.0,1.0,0.0,0.0,0.0,0.0,0.0,0.0,0.0,0.0,0.0,0.0,1,1,0,False,False,False,False,False,False
1780,0.96999997,1.0,0.030000029999999955,1.0,1.0,0.0,0.90000004,1.0,0.09999996,0.0,0.0,0.0,0.0,0.0,0.0,0.0,0.0,0.0,1,1,0,False,False,False,False,False,False
1781,0.0,0.6560839,0.6560839,0.45030606,0.78726274,0.33695667999999995,0.7692308,0.35,-0.4192308,1.0,0.0,-1.0,1.0,0.0,-1.0,0.0,0.0,0.0,0,1,1,False,False,True,False,True,False
1782,0.6643655,0.79814744,0.13378194,0.56873643,0.7598535,0.19111707,0.8875,0.8875,0.0,0.0,0.0,0.0,0.0,0.0,0.0,0.0,0.0,0.0,1,1,0,False,False,False,False,False,False
1783,0.84115076,0.7111513,-0.12999945999999996,0.83735824,0.88735896,0.05000072,0.85,0.3,-0.55,0.0,0.0,0.0,0.0,0.0,0.0,0.0,0.0,0.0,1,1,0,False,False,False,False,False,False
1784,0.7720296,0.816762,0.044732400000000005,0.7868279,0.89894575,0.11211784999999996,0.7375,0.625,-0.11250000000000004,0.0,0.0,0.0,0.0,0.0,0.0,0.0,0.0,0.0,1,1,0,False,False,False,False,False,False
1785,0.0,0.0,0.0,0.00046530622,0.00070893567,0.00024362944999999997,0.0,0.0,0.0,1.0,1.0,0.0,1.0,1.0,0.0,0.0,0.0,0.0,0,0,0,False,False,False,False,False,False
1786,0.79150826,0.8428866,0.05137834000000008,0.7342975,0.8076952,0.0733976999999999,0.925,0.925,0.0,0.0,0.0,0.0,0.0,0.0,0.0,0.0,0.0,0.0,1,1,0,False,False,False,False,False,False
1787,1.0,0.9488034,-0.051196600000000037,1.0,0.92686206,-0.07313793999999996,1.0,1.0,0.0,0.0,0.0,0.0,0.0,0.0,0.0,0.0,0.0,0.0,1,1,0,False,False,False,False,False,False
1788,0.8276327,0.0,-0.8276327,0.87697524,0.41602138,-0.46095386000000005,0.71250004,0.5263158,-0.18618424,0.0,1.0,1.0,0.0,1.0,1.0,0.0,0.0,0.0,1,0,-1,False,False,False,True,False,True
1789,1.0,1.0,0.0,1.0,1.0,0.0,1.0,1.0,0.0,0.0,0.0,0.0,0.0,0.0,0.0,0.0,0.0,0.0,1,1,0,False,False,False,False,False,False
1790,0.94,0.95259684,0.012596840000000054,1.0,0.98049545,-0.019504549999999954,0.8,0.8875,0.08749999999999991,0.0,0.0,0.0,0.0,0.0,0.0,0.0,0.0,0.0,1,1,0,False,False,False,False,False,False
1791,0.8631539,0.9014866,0.0383327,0.8045054,0.8592665,0.05476110000000001,1.0,1.0,0.0,0.0,0.0,0.0,0.0,0.0,0.0,0.0,0.0,0.0,1,1,0,False,False,False,False,False,False
1792,0.8831278,0.9195444,0.03641660000000002,0.95089674,0.93863493,-0.01226181000000004,0.725,0.875,0.15000000000000002,0.0,0.0,0.0,0.0,0.0,0.0,0.0,0.0,0.0,1,1,0,False,False,False,False,False,False
1793,0.895,0.96625006,0.07125006,1.0,1.0,0.0,0.65000004,0.8875,0.23749995999999995,0.0,0.0,0.0,0.0,0.0,0.0,0.0,0.0,0.0,1,1,0,False,False,False,False,False,False
1794,0.8466751,0.844685,-0.0019900999999999947,0.81310725,0.8263358,0.013228550000000006,0.925,0.8875,-0.03750000000000009,0.0,0.0,0.0,0.0,0.0,0.0,0.0,0.0,0.0,1,1,0,False,False,False,False,False,False
1795,0.80929816,0.8649454,0.05564723999999999,0.8454259,0.9409935,0.09556760000000009,0.725,0.6875,-0.03749999999999998,0.0,0.0,0.0,0.0,0.0,0.0,0.0,0.0,0.0,1,1,0,False,False,False,False,False,False
1796,1.0,1.0,0.0,1.0,1.0,0.0,1.0,1.0,0.0,0.0,0.0,0.0,0.0,0.0,0.0,0.0,0.0,0.0,1,1,0,False,False,False,False,False,False
1797,0.8343312,0.7897097,-0.04462150000000009,0.8115446,0.9245852,0.11304060000000005,0.8875,0.475,-0.4125,0.0,0.0,0.0,0.0,0.0,0.0,0.0,0.0,0.0,1,1,0,False,False,False,False,False,False
1798,1.0,0.97749996,-0.022500040000000054,1.0,1.0,0.0,1.0,0.925,-0.07499999999999996,0.0,0.0,0.0,0.0,0.0,0.0,0.0,0.0,0.0,1,1,0,False,False,False,False,False,False
1799,0.0,0.8480032,0.8480032,0.85175633,0.8203617,-0.03139462999999998,0.77192986,0.9125,0.14057014,1.0,0.0,-1.0,1.0,0.0,-1.0,0.0,0.0,0.0,0,1,1,False,False,True,False,True,False
1800,0.0,0.83388215,0.83388215,0.273218,0.7948315,0.5216135,0.76,0.925,0.16500000000000004,1.0,0.0,-1.0,1.0,0.0,-1.0,0.0,0.0,0.0,0,1,1,False,False,True,False,True,False
1801,0.74451506,0.4854848,-0.25903026,0.8385929,0.4256926,-0.4129003,0.52500004,0.625,0.09999996,0.0,0.0,0.0,0.0,0.0,0.0,0.0,0.0,0.0,1,1,0,False,False,False,False,False,False
1802,1.0,0.8937969,-0.1062031,1.0,0.84828126,-0.15171873999999996,1.0,1.0,0.0,0.0,0.0,0.0,0.0,0.0,0.0,0.0,0.0,0.0,1,1,0,False,False,False,False,False,False
1803,0.93408126,0.9396493,0.005568039999999996,0.9379733,0.961999,0.02402570000000004,0.925,0.8875,-0.03750000000000009,0.0,0.0,0.0,0.0,0.0,0.0,0.0,0.0,0.0,1,1,0,False,False,False,False,False,False
1804,0.0,0.9350859,0.9350859,0.32713762,0.98762274,0.66048512,0.6666667,0.8125,0.14583330000000005,0.0,0.0,0.0,0.0,0.0,0.0,1.0,0.0,-1.0,0,1,1,True,False,False,False,False,False
1805,0.7187533,0.7180855,-0.0006677999999999962,0.673219,0.7633364,0.09011740000000001,0.825,0.6125,-0.2124999999999999,0.0,0.0,0.0,0.0,0.0,0.0,0.0,0.0,0.0,1,1,0,False,False,False,False,False,False
1806,0.72818345,0.8159647,0.08778125000000003,0.65990496,0.78530675,0.12540179000000007,0.8875,0.8875,0.0,0.0,0.0,0.0,0.0,0.0,0.0,0.0,0.0,0.0,1,1,0,False,False,False,False,False,False
1807,0.8277119,0.90803814,0.0803262400000001,0.8342313,0.9489831,0.11475179999999996,0.8125,0.8125,0.0,0.0,0.0,0.0,0.0,0.0,0.0,0.0,0.0,0.0,1,1,0,False,False,False,False,False,False
1808,0.92270964,0.91401464,-0.008695000000000008,0.93779945,0.92537814,-0.012421310000000019,0.8875,0.8875,0.0,0.0,0.0,0.0,0.0,0.0,0.0,0.0,0.0,0.0,1,1,0,False,False,False,False,False,False
1809,1.0,0.96625006,-0.03374993999999998,1.0,1.0,0.0,1.0,0.8875,-0.11250000000000004,0.0,0.0,0.0,0.0,0.0,0.0,0.0,0.0,0.0,1,1,0,False,False,False,False,False,False
1810,1.0,0.97749996,-0.022500040000000054,1.0,1.0,0.0,1.0,0.925,-0.07499999999999996,0.0,0.0,0.0,0.0,0.0,0.0,0.0,0.0,0.0,1,1,0,False,False,False,False,False,False
1811,0.861972,0.900567,0.038595000000000046,0.80281705,0.9061671,0.10335004999999997,1.0,0.8875,-0.11250000000000004,0.0,0.0,0.0,0.0,0.0,0.0,0.0,0.0,0.0,1,1,0,False,False,False,False,False,False
1812,0.85600054,0.70476806,-0.15123248,0.84785795,0.64252573,-0.20533221999999995,0.875,0.85,-0.025000000000000022,0.0,0.0,0.0,0.0,0.0,0.0,0.0,0.0,0.0,1,1,0,False,False,False,False,False,False
1813,0.8275,0.96625006,0.13875006,1.0,1.0,0.0,0.425,0.8875,0.46249999999999997,0.0,0.0,0.0,0.0,0.0,0.0,0.0,0.0,0.0,1,1,0,False,False,False,False,False,False
1814,0.8269356,0.8108601,-0.01607550000000002,0.9134794,0.9012286,-0.012250800000000006,0.625,0.6,-0.025000000000000022,0.0,0.0,0.0,0.0,0.0,0.0,0.0,0.0,0.0,1,1,0,False,False,False,False,False,False
1815,1.0,0.9378399,-0.06216010000000005,1.0,0.91119975,-0.08880025000000002,1.0,1.0,0.0,0.0,0.0,0.0,0.0,0.0,0.0,0.0,0.0,0.0,1,1,0,False,False,False,False,False,False
1816,0.86114246,0.85518277,-0.005959690000000073,0.8337749,0.79311824,-0.04065666000000001,0.925,1.0,0.07499999999999996,0.0,0.0,0.0,0.0,0.0,0.0,0.0,0.0,0.0,1,1,0,False,False,False,False,False,False
1817,1.0,0.92875004,-0.07124995999999995,1.0,1.0,0.0,1.0,0.7625,-0.23750000000000004,0.0,0.0,0.0,0.0,0.0,0.0,0.0,0.0,0.0,1,1,0,False,False,False,False,False,False
1818,0.8584242,0.8529785,-0.005445699999999998,0.84596306,0.8971122,0.05114914000000004,0.8875,0.75,-0.13749999999999996,0.0,0.0,0.0,0.0,0.0,0.0,0.0,0.0,0.0,1,1,0,False,False,False,False,False,False
1819,0.8522059,0.8961424,0.043936500000000045,0.8370798,0.9373463,0.10026649999999993,0.8875,0.8,-0.08749999999999991,0.0,0.0,0.0,0.0,0.0,0.0,0.0,0.0,0.0,1,1,0,False,False,False,False,False,False
1820,0.99944514,0.97749996,-0.02194518000000001,0.9992074,1.0,0.0007926000000000322,1.0,0.925,-0.07499999999999996,0.0,0.0,0.0,0.0,0.0,0.0,0.0,0.0,0.0,1,1,0,False,False,False,False,False,False
1821,0.722119,0.69585055,-0.02626845,0.6994556,0.73692936,0.03747376000000002,0.77500004,0.6,-0.17500004000000002,0.0,0.0,0.0,0.0,0.0,0.0,0.0,0.0,0.0,1,1,0,False,False,False,False,False,False
1822,1.0,1.0,0.0,1.0,1.0,0.0,1.0,1.0,0.0,0.0,0.0,0.0,0.0,0.0,0.0,0.0,0.0,0.0,1,1,0,False,False,False,False,False,False
1823,0.7296068,0.73586476,0.006257960000000007,0.70479536,0.75659245,0.05179708999999999,0.7875,0.6875,-0.09999999999999998,0.0,0.0,0.0,0.0,0.0,0.0,0.0,0.0,0.0,1,1,0,False,False,False,False,False,False
1824,0.90264606,0.96876967,0.06612361,0.8877086,0.987528,0.0998194,0.9375,0.925,-0.012499999999999956,0.0,0.0,0.0,0.0,0.0,0.0,0.0,0.0,0.0,1,1,0,False,False,False,False,False,False
1825,1.0,1.0,0.0,1.0,1.0,0.0,1.0,1.0,0.0,0.0,0.0,0.0,0.0,0.0,0.0,0.0,0.0,0.0,1,1,0,False,False,False,False,False,False
1826,0.925,0.8026684,-0.1223316000000001,1.0,0.7180977,-0.28190230000000005,0.75,1.0,0.25,0.0,0.0,0.0,0.0,0.0,0.0,0.0,0.0,0.0,1,1,0,False,False,False,False,False,False
1827,0.7077913,0.75625515,0.048463849999999975,0.67898756,0.74822164,0.06923407999999998,0.77500004,0.77500004,0.0,0.0,0.0,0.0,0.0,0.0,0.0,0.0,0.0,0.0,1,1,0,False,False,False,False,False,False
1828,0.79870075,0.862457,0.06375625000000007,0.82492965,0.8999386,0.07500895000000007,0.7375,0.77500004,0.03750003999999996,0.0,0.0,0.0,0.0,0.0,0.0,0.0,0.0,0.0,1,1,0,False,False,False,False,False,False
1829,0.8392364,0.6197749,-0.21946149999999998,0.83462334,0.88539267,0.050769329999999946,0.85,0.0,-0.85,0.0,0.0,0.0,0.0,0.0,0.0,0.0,0.0,0.0,1,1,0,False,False,False,False,False,False
1830,0.85300696,0.91901475,0.06600779000000001,0.8382243,0.9378782,0.09965389999999996,0.8875,0.875,-0.012499999999999956,0.0,0.0,0.0,0.0,0.0,0.0,0.0,0.0,0.0,1,1,0,False,False,False,False,False,False
1831,0.94196016,0.902096,-0.03986416000000004,0.94922876,0.9619229,0.01269414000000002,0.925,0.7625,-0.1625000000000001,0.0,0.0,0.0,0.0,0.0,0.0,0.0,0.0,0.0,1,1,0,False,False,False,False,False,False
1832,0.41697732,1.0,0.58302268,0.16711047,1.0,0.83288953,1.0,1.0,0.0,0.0,0.0,0.0,0.0,0.0,0.0,0.0,0.0,0.0,1,1,0,False,False,False,False,False,False
1833,0.80468637,0.7852779,-0.01940847000000001,0.7691947,0.7575398,-0.011654900000000024,0.8875,0.85,-0.03749999999999998,0.0,0.0,0.0,0.0,0.0,0.0,0.0,0.0,0.0,1,1,0,False,False,False,False,False,False
1834,0.87230474,0.9074669,0.03516215999999994,0.8497211,0.8999527,0.05023160000000004,0.925,0.925,0.0,0.0,0.0,0.0,0.0,0.0,0.0,0.0,0.0,0.0,1,1,0,False,False,False,False,False,False
1835,0.82851905,0.82851905,0.0,0.80324143,0.80324143,0.0,0.8875,0.8875,0.0,0.0,0.0,0.0,0.0,0.0,0.0,0.0,0.0,0.0,1,1,0,False,False,False,False,False,False
1836,0.73738706,0.8719263,0.13453924000000006,0.6623386,0.8491805,0.1868419,0.9125,0.925,0.012500000000000067,0.0,0.0,0.0,0.0,0.0,0.0,0.0,0.0,0.0,1,1,0,False,False,False,False,False,False
1837,0.8425626,0.89994365,0.057381049999999933,0.7750894,0.89991945,0.12483004999999991,1.0,0.90000004,-0.09999996,0.0,0.0,0.0,0.0,0.0,0.0,0.0,0.0,0.0,1,1,0,False,False,False,False,False,False
1838,1.0,1.0,0.0,1.0,1.0,0.0,1.0,1.0,0.0,0.0,0.0,0.0,0.0,0.0,0.0,0.0,0.0,0.0,1,1,0,False,False,False,False,False,False
1839,1.0,1.0,0.0,1.0,1.0,0.0,1.0,1.0,0.0,0.0,0.0,0.0,0.0,0.0,0.0,0.0,0.0,0.0,1,1,0,False,False,False,False,False,False
1840,0.91153187,0.9259693,0.014437429999999973,0.9218312,0.9478134,0.025982200000000066,0.8875,0.875,-0.012499999999999956,0.0,0.0,0.0,0.0,0.0,0.0,0.0,0.0,0.0,1,1,0,False,False,False,False,False,False
1841,0.95627254,0.8411623,-0.11511023999999992,0.98574644,0.82130337,-0.16444307000000002,0.8875,0.8875,0.0,0.0,0.0,0.0,0.0,0.0,0.0,0.0,0.0,0.0,1,1,0,False,False,False,False,False,False
1842,1.0,1.0,0.0,1.0,1.0,0.0,1.0,1.0,0.0,0.0,0.0,0.0,0.0,0.0,0.0,0.0,0.0,0.0,1,1,0,False,False,False,False,False,False
1843,0.8806591,0.95874995,0.07809084999999993,0.8777272,1.0,0.12227279999999996,0.8875,0.8625,-0.02499999999999991,0.0,0.0,0.0,0.0,0.0,0.0,0.0,0.0,0.0,1,1,0,False,False,False,False,False,False
1844,1.0,1.0,0.0,1.0,1.0,0.0,1.0,1.0,0.0,0.0,0.0,0.0,0.0,0.0,0.0,0.0,0.0,0.0,1,1,0,False,False,False,False,False,False
1845,0.86132413,0.8989353,0.03761117000000003,0.8340345,0.93597895,0.10194444999999996,0.925,0.8125,-0.11250000000000004,0.0,0.0,0.0,0.0,0.0,0.0,0.0,0.0,0.0,1,1,0,False,False,False,False,False,False
1846,0.71170443,0.81018,0.09847556999999996,0.6363635,0.80918574,0.17282224000000002,0.8875,0.8125,-0.07499999999999996,0.0,0.0,0.0,0.0,0.0,0.0,0.0,0.0,0.0,1,1,0,False,False,False,False,False,False
1847,0.9126423,0.9251375,0.012495199999999929,0.8752033,0.9251964,0.04999310000000001,1.0,0.925,-0.07499999999999996,0.0,0.0,0.0,0.0,0.0,0.0,0.0,0.0,0.0,1,1,0,False,False,False,False,False,False
1848,1.0,0.9136904,-0.08630959999999999,1.0,0.8767005,-0.1232995,1.0,1.0,0.0,0.0,0.0,0.0,0.0,0.0,0.0,0.0,0.0,0.0,1,1,0,False,False,False,False,False,False
1849,0.85605353,0.8679592,0.01190567000000009,0.84257656,0.9077988,0.06522223999999999,0.8875,0.77500004,-0.11249995999999995,0.0,0.0,0.0,0.0,0.0,0.0,0.0,0.0,0.0,1,1,0,False,False,False,False,False,False
1850,0.8262808,0.88497126,0.05869046,0.80004406,0.89995897,0.09991491000000008,0.8875,0.85,-0.03749999999999998,0.0,0.0,0.0,0.0,0.0,0.0,0.0,0.0,0.0,1,1,0,False,False,False,False,False,False
1851,1.0,1.0,0.0,1.0,1.0,0.0,1.0,1.0,0.0,0.0,0.0,0.0,0.0,0.0,0.0,0.0,0.0,0.0,1,1,0,False,False,False,False,False,False
1852,0.79978836,0.83373183,0.033943469999999976,0.82112616,0.9231883,0.10206213999999991,0.75,0.625,-0.125,0.0,0.0,0.0,0.0,0.0,0.0,0.0,0.0,0.0,1,1,0,False,False,False,False,False,False
1853,0.8382109,0.8955496,0.057338699999999965,0.80101544,0.85078514,0.04976970000000003,0.925,1.0,0.07499999999999996,0.0,0.0,0.0,0.0,0.0,0.0,0.0,0.0,0.0,1,1,0,False,False,False,False,False,False
1854,0.870031,0.8512856,-0.018745400000000023,0.8625442,0.9750508,0.11250660000000001,0.8875,0.5625,-0.32499999999999996,0.0,0.0,0.0,0.0,0.0,0.0,0.0,0.0,0.0,1,1,0,False,False,False,False,False,False
1855,0.85229856,0.922458,0.07015943999999996,0.8372122,0.93744,0.10022780000000009,0.8875,0.8875,0.0,0.0,0.0,0.0,0.0,0.0,0.0,0.0,0.0,0.0,1,1,0,False,False,False,False,False,False
1856,1.0,0.962175,-0.037825,1.0,0.94596434,-0.05403566000000004,1.0,1.0,0.0,0.0,0.0,0.0,0.0,0.0,0.0,0.0,0.0,0.0,1,1,0,False,False,False,False,False,False
1857,1.0,0.9860822,-0.01391779999999998,0.99999994,0.9801174,-0.019882540000000004,1.0,1.0,0.0,0.0,0.0,0.0,0.0,0.0,0.0,0.0,0.0,0.0,1,1,0,False,False,False,False,False,False
1858,1.0,1.0,0.0,1.0,1.0,0.0,1.0,1.0,0.0,0.0,0.0,0.0,0.0,0.0,0.0,0.0,0.0,0.0,1,1,0,False,False,False,False,False,False
1859,0.9532496,0.8471455,-0.10610410000000003,0.9332136,0.8298506,-0.10336299999999998,1.0,0.8875,-0.11250000000000004,0.0,0.0,0.0,0.0,0.0,0.0,0.0,0.0,0.0,1,1,0,False,False,False,False,False,False
1860,1.0,1.0,0.0,1.0,1.0,0.0,1.0,1.0,0.0,0.0,0.0,0.0,0.0,0.0,0.0,0.0,0.0,0.0,1,1,0,False,False,False,False,False,False
1861,0.66682947,0.5588533,-0.10797617000000004,0.52404207,0.3697905,-0.15425157,1.0,1.0,0.0,0.0,0.0,0.0,0.0,0.0,0.0,0.0,0.0,0.0,1,1,0,False,False,False,False,False,False
1862,1.0,1.0,0.0,1.0,1.0,0.0,1.0,1.0,0.0,0.0,0.0,0.0,0.0,0.0,0.0,0.0,0.0,0.0,1,1,0,False,False,False,False,False,False
1863,0.8981352,0.83850557,-0.05962962999999999,0.9026931,0.81750804,-0.08518506000000003,0.8875,0.8875,0.0,0.0,0.0,0.0,0.0,0.0,0.0,0.0,0.0,0.0,1,1,0,False,False,False,False,False,False
1864,0.8391552,0.7887196,-0.050435600000000025,0.8505788,0.9499565,0.09937770000000001,0.8125,0.4125,-0.4,0.0,0.0,0.0,0.0,0.0,0.0,0.0,0.0,0.0,1,1,0,False,False,False,False,False,False
1865,0.97431564,0.97749996,0.0031843199999999072,0.96330816,1.0,0.03669184000000003,1.0,0.925,-0.07499999999999996,0.0,0.0,0.0,0.0,0.0,0.0,0.0,0.0,0.0,1,1,0,False,False,False,False,False,False
1866,0.0,0.0,0.0,1.0,1.0,0.0,1.0,1.0,0.0,1.0,1.0,0.0,1.0,1.0,0.0,0.0,0.0,0.0,0,0,0,False,False,False,False,False,False
1867,0.0,1.0,1.0,1.0,1.0,0.0,1.0,1.0,0.0,1.0,0.0,-1.0,1.0,0.0,-1.0,0.0,0.0,0.0,0,1,1,False,False,True,False,True,False
1868,0.77873087,0.79366374,0.014932869999999987,0.80711555,0.7534482,-0.05366735,0.71250004,0.8875,0.17499995999999995,0.0,0.0,0.0,0.0,0.0,0.0,0.0,0.0,0.0,1,1,0,False,False,False,False,False,False
1869,0.96823484,0.91104525,-0.05718959000000001,0.9867641,0.9211361,-0.06562800000000002,0.925,0.8875,-0.03750000000000009,0.0,0.0,0.0,0.0,0.0,0.0,0.0,0.0,0.0,1,1,0,False,False,False,False,False,False
1870,1.0,1.0,0.0,1.0,1.0,0.0,1.0,1.0,0.0,0.0,0.0,0.0,0.0,0.0,0.0,0.0,0.0,0.0,1,1,0,False,False,False,False,False,False
1871,0.88012326,0.8146291,-0.06549415999999997,0.9198189,0.83697015,-0.08284875000000003,0.7875,0.7625,-0.025000000000000022,0.0,0.0,0.0,0.0,0.0,0.0,0.0,0.0,0.0,1,1,0,False,False,False,False,False,False
1872,0.85469437,0.80619925,-0.04849512,0.8406349,0.80349904,-0.03713585999999991,0.8875,0.8125,-0.07499999999999996,0.0,0.0,0.0,0.0,0.0,0.0,0.0,0.0,0.0,1,1,0,False,False,False,False,False,False
1873,0.89402753,0.8179569,-0.07607063000000003,0.84861076,0.873867,0.02525623999999993,1.0,0.6875,-0.3125,0.0,0.0,0.0,0.0,0.0,0.0,0.0,0.0,0.0,1,1,0,False,False,False,False,False,False
1874,1.0,1.0,0.0,1.0,1.0,0.0,1.0,1.0,0.0,0.0,0.0,0.0,0.0,0.0,0.0,0.0,0.0,0.0,1,1,0,False,False,False,False,False,False
1875,1.0,1.0,0.0,1.0,1.0,0.0,1.0,1.0,0.0,0.0,0.0,0.0,0.0,0.0,0.0,0.0,0.0,0.0,1,1,0,False,False,False,False,False,False
1876,0.86875004,0.9048943,0.03614426000000004,0.99999994,0.93913466,-0.06086528000000002,0.5625,0.825,0.26249999999999996,0.0,0.0,0.0,0.0,0.0,0.0,0.0,0.0,0.0,1,1,0,False,False,False,False,False,False
1877,0.91502446,0.87187046,-0.043154000000000026,0.9321778,0.86517215,-0.06700564999999992,0.875,0.8875,0.012499999999999956,0.0,0.0,0.0,0.0,0.0,0.0,0.0,0.0,0.0,1,1,0,False,False,False,False,False,False
1878,0.87519914,0.8696026,-0.005596539999999983,0.8538559,0.963718,0.10986209999999996,0.925,0.65000004,-0.27499996000000004,0.0,0.0,0.0,0.0,0.0,0.0,0.0,0.0,0.0,1,1,0,False,False,False,False,False,False
1879,0.806358,0.8188133,0.012455299999999947,0.86265427,0.9500904,0.08743613000000006,0.675,0.5125,-0.1625000000000001,0.0,0.0,0.0,0.0,0.0,0.0,0.0,0.0,0.0,1,1,0,False,False,False,False,False,False
1880,1.0,1.0,0.0,1.0,1.0,0.0,1.0,1.0,0.0,0.0,0.0,0.0,0.0,0.0,0.0,0.0,0.0,0.0,1,1,0,False,False,False,False,False,False
1881,0.89360297,0.91822654,0.02462357000000004,0.8962186,0.88318074,-0.013037859999999957,0.8875,1.0,0.11250000000000004,0.0,0.0,0.0,0.0,0.0,0.0,0.0,0.0,0.0,1,1,0,False,False,False,False,False,False
1882,1.0,1.0,0.0,1.0,1.0,0.0,1.0,1.0,0.0,0.0,0.0,0.0,0.0,0.0,0.0,0.0,0.0,0.0,1,1,0,False,False,False,False,False,False
1883,1.0,1.0,0.0,1.0,1.0,0.0,1.0,1.0,0.0,0.0,0.0,0.0,0.0,0.0,0.0,0.0,0.0,0.0,1,1,0,False,False,False,False,False,False
1884,0.7901552,0.8863869,0.09623170000000003,0.70022166,0.83769554,0.13747388000000005,1.0,1.0,0.0,0.0,0.0,0.0,0.0,0.0,0.0,0.0,0.0,0.0,1,1,0,False,False,False,False,False,False
1885,0.94375,0.882516,-0.06123400000000001,1.0,0.9875229,-0.012477100000000019,0.8125,0.6375,-0.17500000000000004,0.0,0.0,0.0,0.0,0.0,0.0,0.0,0.0,0.0,1,1,0,False,False,False,False,False,False
1886,0.7862062,0.8607379,0.07453169999999998,0.8231517,0.9189113,0.09575959999999994,0.7,0.725,0.025000000000000022,0.0,0.0,0.0,0.0,0.0,0.0,0.0,0.0,0.0,1,1,0,False,False,False,False,False,False
1887,0.863674,0.8313269,-0.03234710000000007,0.86417717,0.8393956,-0.02478157000000003,0.8625,0.8125,-0.050000000000000044,0.0,0.0,0.0,0.0,0.0,0.0,0.0,0.0,0.0,1,1,0,False,False,False,False,False,False
1888,0.95500004,0.74906147,-0.20593857000000004,1.0,0.6415163,-0.35848369999999996,0.85,1.0,0.15000000000000002,0.0,0.0,0.0,0.0,0.0,0.0,0.0,0.0,0.0,1,1,0,False,False,False,False,False,False
1889,1.0,1.0,0.0,1.0,1.0,0.0,1.0,1.0,0.0,0.0,0.0,0.0,0.0,0.0,0.0,0.0,0.0,0.0,1,1,0,False,False,False,False,False,False
1890,0.7362753,0.3528181,-0.38345719999999994,0.6232504,0.07545443,-0.54779597,1.0,1.0,0.0,0.0,0.0,0.0,0.0,0.0,0.0,0.0,0.0,0.0,1,1,0,False,False,False,False,False,False
1891,1.0,1.0,0.0,1.0,1.0,0.0,1.0,1.0,0.0,0.0,0.0,0.0,0.0,0.0,0.0,0.0,0.0,0.0,1,1,0,False,False,False,False,False,False
1892,0.9112833,0.51513046,-0.39615284000000006,0.97504765,0.38768634,-0.58736131,0.7625,0.8125,0.050000000000000044,0.0,0.0,0.0,0.0,0.0,0.0,0.0,0.0,0.0,1,1,0,False,False,False,False,False,False
1893,0.8286503,0.9049328,0.07628250000000003,0.8248576,0.912404,0.08754640000000002,0.83750004,0.8875,0.049999959999999954,0.0,0.0,0.0,0.0,0.0,0.0,0.0,0.0,0.0,1,1,0,False,False,False,False,False,False
1894,0.75222814,0.84734005,0.09511190999999997,0.7317544,0.83012867,0.09837426999999999,0.8,0.8875,0.08749999999999991,0.0,0.0,0.0,0.0,0.0,0.0,0.0,0.0,0.0,1,1,0,False,False,False,False,False,False
1895,0.97749996,0.8325567,-0.1449432599999999,1.0,0.80900955,-0.19099045000000003,0.925,0.8875,-0.03750000000000009,0.0,0.0,0.0,0.0,0.0,0.0,0.0,0.0,0.0,1,1,0,False,False,False,False,False,False
1896,0.96999997,0.9222809,-0.047719070000000086,1.0,0.88897264,-0.11102736000000002,0.90000004,1.0,0.09999996,0.0,0.0,0.0,0.0,0.0,0.0,0.0,0.0,0.0,1,1,0,False,False,False,False,False,False
1897,0.96250004,0.92125,-0.04125003999999999,1.0,1.0,0.0,0.875,0.7375,-0.13749999999999996,0.0,0.0,0.0,0.0,0.0,0.0,0.0,0.0,0.0,1,1,0,False,False,False,False,False,False
1898,0.96625006,0.91,-0.05625005999999999,1.0,1.0,0.0,0.8875,0.7,-0.1875,0.0,0.0,0.0,0.0,0.0,0.0,0.0,0.0,0.0,1,1,0,False,False,False,False,False,False
1899,0.8301116,0.83361787,0.0035062700000000335,0.8108737,0.9123113,0.10143760000000002,0.875,0.65000004,-0.22499996,0.0,0.0,0.0,0.0,0.0,0.0,0.0,0.0,0.0,1,1,0,False,False,False,False,False,False
1900,0.85259783,0.78730184,-0.06529598999999997,0.83763975,0.7765026,-0.06113714999999997,0.8875,0.8125,-0.07499999999999996,0.0,0.0,0.0,0.0,0.0,0.0,0.0,0.0,0.0,1,1,0,False,False,False,False,False,False
1901,0.8621335,0.0,-0.8621335,0.85126215,0.72611713,-0.12514502000000005,0.8875,0.75384617,-0.13365382999999997,0.0,0.0,0.0,0.0,0.0,0.0,0.0,1.0,1.0,1,0,-1,False,True,False,False,False,False
1902,1.0,1.0,0.0,1.0,1.0,0.0,1.0,1.0,0.0,0.0,0.0,0.0,0.0,0.0,0.0,0.0,0.0,0.0,1,1,0,False,False,False,False,False,False
1903,0.76249707,0.88603497,0.12353789999999998,0.81071,0.8907642,0.08005419999999996,0.65000004,0.875,0.22499996,0.0,0.0,0.0,0.0,0.0,0.0,0.0,0.0,0.0,1,1,0,False,False,False,False,False,False
1904,0.8774726,0.7934249,-0.08404770000000006,0.8838894,0.82810694,-0.05578246000000009,0.8625,0.71250004,-0.14999996000000004,0.0,0.0,0.0,0.0,0.0,0.0,0.0,0.0,0.0,1,1,0,False,False,False,False,False,False
1905,0.9437708,0.9159275,-0.027843300000000015,0.95181537,0.8798964,-0.07191897000000003,0.925,1.0,0.07499999999999996,0.0,0.0,0.0,0.0,0.0,0.0,0.0,0.0,0.0,1,1,0,False,False,False,False,False,False
1906,0.7138586,0.76618665,0.05232804999999996,0.69836944,0.78383803,0.08546858999999996,0.75,0.725,-0.025000000000000022,0.0,0.0,0.0,0.0,0.0,0.0,0.0,0.0,0.0,1,1,0,False,False,False,False,False,False
1907,0.6590033,0.76077217,0.10176887000000001,0.6521476,0.7064603,0.05431269999999999,0.675,0.8875,0.2124999999999999,0.0,0.0,0.0,0.0,0.0,0.0,0.0,0.0,0.0,1,1,0,False,False,False,False,False,False
1908,0.7461013,0.8362061,0.09010479999999998,0.7176447,0.8142229,0.09657819999999995,0.8125,0.8875,0.07499999999999996,0.0,0.0,0.0,0.0,0.0,0.0,0.0,0.0,0.0,1,1,0,False,False,False,False,False,False
1909,0.96625006,0.9162294,-0.05002066000000005,1.0,0.9338992,-0.06610079999999996,0.8875,0.875,-0.012499999999999956,0.0,0.0,0.0,0.0,0.0,0.0,0.0,0.0,0.0,1,1,0,False,False,False,False,False,False
1910,0.0,0.0,0.0,0.44032168,0.059474584,-0.380847096,0.8163265,0.0,-0.8163265,0.0,0.0,0.0,0.0,0.0,0.0,1.0,1.0,0.0,0,0,0,False,False,False,False,False,False
1911,1.0,1.0,0.0,1.0,1.0,0.0,1.0,1.0,0.0,0.0,0.0,0.0,0.0,0.0,0.0,0.0,0.0,0.0,1,1,0,False,False,False,False,False,False
1912,0.8575,0.0,-0.8575,1.0,1.0,0.0,0.52500004,0.85,0.32499996,0.0,1.0,1.0,0.0,1.0,1.0,0.0,0.0,0.0,1,0,-1,False,False,False,True,False,True
1913,0.9033583,0.88970727,-0.013651029999999897,0.8619404,0.8745818,0.012641399999999914,1.0,0.925,-0.07499999999999996,0.0,0.0,0.0,0.0,0.0,0.0,0.0,0.0,0.0,1,1,0,False,False,False,False,False,False
1914,1.0,1.0,0.0,1.0,1.0,0.0,1.0,1.0,0.0,0.0,0.0,0.0,0.0,0.0,0.0,0.0,0.0,0.0,1,1,0,False,False,False,False,False,False
1915,1.0,0.95624477,-0.043755230000000034,1.0,0.9374925,-0.06250750000000005,1.0,1.0,0.0,0.0,0.0,0.0,0.0,0.0,0.0,0.0,0.0,0.0,1,1,0,False,False,False,False,False,False
1916,1.0,0.9468794,-0.05312059999999996,1.0,0.95625615,-0.04374385000000003,1.0,0.925,-0.07499999999999996,0.0,0.0,0.0,0.0,0.0,0.0,0.0,0.0,0.0,1,1,0,False,False,False,False,False,False
1917,0.9159611,0.88770926,-0.028251840000000028,0.9120873,0.8395845,-0.07250280000000009,0.925,1.0,0.07499999999999996,0.0,0.0,0.0,0.0,0.0,0.0,0.0,0.0,0.0,1,1,0,False,False,False,False,False,False
1918,1.0,1.0,0.0,1.0,1.0,0.0,1.0,1.0,0.0,0.0,0.0,0.0,0.0,0.0,0.0,0.0,0.0,0.0,1,1,0,False,False,False,False,False,False
1919,1.0,1.0,0.0,1.0,1.0,0.0,1.0,1.0,0.0,0.0,0.0,0.0,0.0,0.0,0.0,0.0,0.0,0.0,1,1,0,False,False,False,False,False,False
1920,0.86481553,0.88148254,0.016667010000000038,0.97295064,0.8789035,-0.09404714000000003,0.6125,0.8875,0.2749999999999999,0.0,0.0,0.0,0.0,0.0,0.0,0.0,0.0,0.0,1,1,0,False,False,False,False,False,False
1921,0.80643064,0.76937056,-0.03706007999999994,0.787758,0.7616008,-0.02615719999999999,0.85,0.7875,-0.0625,0.0,0.0,0.0,0.0,0.0,0.0,0.0,0.0,0.0,1,1,0,False,False,False,False,False,False
1922,0.8036928,0.75247633,-0.05121646999999996,0.87491834,0.9624662,0.08754786000000003,0.6375,0.26250002,-0.37499997999999996,0.0,0.0,0.0,0.0,0.0,0.0,0.0,0.0,0.0,1,1,0,False,False,False,False,False,False
1923,1.0,1.0,0.0,1.0,1.0,0.0,1.0,1.0,0.0,0.0,0.0,0.0,0.0,0.0,0.0,0.0,0.0,0.0,1,1,0,False,False,False,False,False,False
1924,1.0,0.8937745,-0.10622549999999997,1.0,0.8482493,-0.15175070000000002,1.0,1.0,0.0,0.0,0.0,0.0,0.0,0.0,0.0,0.0,0.0,0.0,1,1,0,False,False,False,False,False,False
1925,0.8887951,0.96250004,0.07370494000000005,0.8893501,0.99999994,0.11064984,0.8875,0.875,-0.012499999999999956,0.0,0.0,0.0,0.0,0.0,0.0,0.0,0.0,0.0,1,1,0,False,False,False,False,False,False
1926,0.74825335,0.0,-0.74825335,0.8439334,0.4297882,-0.41414519999999994,0.52500004,0.20833334,-0.31666669999999997,0.0,1.0,1.0,0.0,1.0,1.0,0.0,0.0,0.0,1,0,-1,False,False,False,True,False,True
1927,1.0,0.90960616,-0.09039383999999995,1.0,0.8708659,-0.12913410000000003,1.0,1.0,0.0,0.0,0.0,0.0,0.0,0.0,0.0,0.0,0.0,0.0,1,1,0,False,False,False,False,False,False
1928,0.8972956,0.82332724,-0.07396835999999996,0.90149367,0.8279675,-0.07352617000000006,0.8875,0.8125,-0.07499999999999996,0.0,0.0,0.0,0.0,0.0,0.0,0.0,0.0,0.0,1,1,0,False,False,False,False,False,False
1929,1.0,1.0,0.0,1.0,1.0,0.0,1.0,1.0,0.0,0.0,0.0,0.0,0.0,0.0,0.0,0.0,0.0,0.0,1,1,0,False,False,False,False,False,False
1930,0.9078116,0.9040615,-0.0037501000000000895,0.9754451,0.9754451,0.0,0.75,0.7375,-0.012499999999999956,0.0,0.0,0.0,0.0,0.0,0.0,0.0,0.0,0.0,1,1,0,False,False,False,False,False,False
1931,0.80696946,0.7972149,-0.009754560000000079,0.83674204,0.9245928,0.08785076000000003,0.7375,0.5,-0.23750000000000004,0.0,0.0,0.0,0.0,0.0,0.0,0.0,0.0,0.0,1,1,0,False,False,False,False,False,False
1932,0.89417857,0.89417857,0.0,0.8488266,0.8488266,0.0,1.0,1.0,0.0,0.0,0.0,0.0,0.0,0.0,0.0,0.0,0.0,0.0,1,1,0,False,False,False,False,False,False
1933,0.7744106,0.8442705,0.06985990000000009,0.7259437,0.8257437,0.0998,0.8875,0.8875,0.0,0.0,0.0,0.0,0.0,0.0,0.0,0.0,0.0,0.0,1,1,0,False,False,False,False,False,False
1934,0.0,0.96999997,0.96999997,0.40136933,1.0,0.5986306699999999,0.71428573,0.90000004,0.18571431000000005,0.0,0.0,0.0,0.0,0.0,0.0,1.0,0.0,-1.0,0,1,1,True,False,False,False,False,False
1935,0.92270136,0.8091776,-0.11352375999999997,0.93778765,0.8506108,-0.08717684999999997,0.8875,0.71250004,-0.17499995999999995,0.0,0.0,0.0,0.0,0.0,0.0,0.0,0.0,0.0,1,1,0,False,False,False,False,False,False
1936,1.0,1.0,0.0,1.0,1.0,0.0,1.0,1.0,0.0,0.0,0.0,0.0,0.0,0.0,0.0,0.0,0.0,0.0,1,1,0,False,False,False,False,False,False
1937,1.0,1.0,0.0,1.0,1.0,0.0,1.0,1.0,0.0,0.0,0.0,0.0,0.0,0.0,0.0,0.0,0.0,0.0,1,1,0,False,False,False,False,False,False
1938,1.0,0.0,-1.0,1.0,0.02035865,-0.97964135,1.0,1.0,0.0,0.0,0.0,0.0,0.0,1.0,1.0,0.0,0.0,0.0,1,0,-1,False,False,False,True,False,False
1939,1.0,1.0,0.0,1.0,1.0,0.0,1.0,1.0,0.0,0.0,0.0,0.0,0.0,0.0,0.0,0.0,0.0,0.0,1,1,0,False,False,False,False,False,False
1940,0.80592155,0.74606943,-0.05985211999999995,0.7870308,0.86224204,0.07521124000000001,0.85,0.475,-0.375,0.0,0.0,0.0,0.0,0.0,0.0,0.0,0.0,0.0,1,1,0,False,False,False,False,False,False
1941,0.88860077,0.7773398,-0.11126097000000001,0.8622867,0.83727115,-0.025015549999999998,0.95,0.6375,-0.3125,0.0,0.0,0.0,0.0,0.0,0.0,0.0,0.0,0.0,1,1,0,False,False,False,False,False,False
1942,0.90771526,0.88256186,-0.025153399999999992,0.86816466,0.83223116,-0.03593350000000006,1.0,1.0,0.0,0.0,0.0,0.0,0.0,0.0,0.0,0.0,0.0,0.0,1,1,0,False,False,False,False,False,False
1943,0.0,0.0,0.0,0.23671795,0.22410947,-0.012608480000000005,0.5714286,0.14285715,-0.42857144999999996,1.0,1.0,0.0,1.0,1.0,0.0,0.0,0.0,0.0,0,0,0,False,False,False,False,False,False
1944,0.97375005,1.0,0.026249949999999966,1.0,1.0,0.0,0.9125,1.0,0.08750000000000002,0.0,0.0,0.0,0.0,0.0,0.0,0.0,0.0,0.0,1,1,0,False,False,False,False,False,False
1945,0.0,0.0,0.0,0.0,0.0,0.0,1.0,1.0,0.0,1.0,1.0,0.0,1.0,1.0,0.0,0.0,0.0,0.0,0,0,0,False,False,False,False,False,False
1946,0.81052744,0.719201,-0.09132644000000001,0.7614677,0.7488585,-0.012609199999999987,0.925,0.65000004,-0.27499996000000004,0.0,0.0,0.0,0.0,0.0,0.0,0.0,0.0,0.0,1,1,0,False,False,False,False,False,False
1947,0.87753546,0.84380454,-0.03373092,0.8250507,0.7768637,-0.04818699999999998,1.0,1.0,0.0,0.0,0.0,0.0,0.0,0.0,0.0,0.0,0.0,0.0,1,1,0,False,False,False,False,False,False
1948,0.8171595,0.9126425,0.09548299999999998,0.73879915,0.8752036,0.13640445,1.0,1.0,0.0,0.0,0.0,0.0,0.0,0.0,0.0,0.0,0.0,0.0,1,1,0,False,False,False,False,False,False
1949,0.82249355,0.93776095,0.11526740000000002,0.8107051,0.91108704,0.10038194,0.85,1.0,0.15000000000000002,0.0,0.0,0.0,0.0,0.0,0.0,0.0,0.0,0.0,1,1,0,False,False,False,False,False,False
1950,0.8368153,0.86922425,0.03240894999999999,0.82045037,0.8774632,0.057012830000000014,0.875,0.85,-0.025000000000000022,0.0,0.0,0.0,0.0,0.0,0.0,0.0,0.0,0.0,1,1,0,False,False,False,False,False,False
1951,0.97721577,0.84584486,-0.13137091,0.9888797,0.8012069,-0.18767279999999997,0.95,0.95,0.0,0.0,0.0,0.0,0.0,0.0,0.0,0.0,0.0,0.0,1,1,0,False,False,False,False,False,False
1952,0.9475889,0.8294903,-0.11809859999999994,0.9733414,0.80462897,-0.16871243000000002,0.8875,0.8875,0.0,0.0,0.0,0.0,0.0,0.0,0.0,0.0,0.0,0.0,1,1,0,False,False,False,False,False,False
1953,0.84740394,0.8876614,0.04025746000000008,0.7820055,0.8395162,0.057510700000000026,1.0,1.0,0.0,0.0,0.0,0.0,0.0,0.0,0.0,0.0,0.0,0.0,1,1,0,False,False,False,False,False,False
1954,0.8315508,0.880197,0.04864619999999997,0.79150116,0.82885283,0.03735166999999995,0.925,1.0,0.07499999999999996,0.0,0.0,0.0,0.0,0.0,0.0,0.0,0.0,0.0,1,1,0,False,False,False,False,False,False
1955,0.861077,0.8123806,-0.04869639999999997,0.8497529,0.9248295,0.07507659999999994,0.8875,0.55,-0.3374999999999999,0.0,0.0,0.0,0.0,0.0,0.0,0.0,0.0,0.0,1,1,0,False,False,False,False,False,False
1956,0.6323034,0.66468495,0.03238155000000009,0.5282906,0.7031213,0.1748306999999999,0.875,0.575,-0.30000000000000004,0.0,0.0,0.0,0.0,0.0,0.0,0.0,0.0,0.0,1,1,0,False,False,False,False,False,False
1957,1.0,0.9923596,-0.007640399999999992,1.0,0.98908514,-0.01091485999999997,1.0,1.0,0.0,0.0,0.0,0.0,0.0,0.0,0.0,0.0,0.0,0.0,1,1,0,False,False,False,False,False,False
1958,1.0,0.93735784,-0.06264216,1.0,0.91051114,-0.08948886,1.0,1.0,0.0,0.0,0.0,0.0,0.0,0.0,0.0,0.0,0.0,0.0,1,1,0,False,False,False,False,False,False
1959,1.0,1.0,0.0,1.0,1.0,0.0,1.0,1.0,0.0,0.0,0.0,0.0,0.0,0.0,0.0,0.0,0.0,0.0,1,1,0,False,False,False,False,False,False
1960,1.0,0.8177369,-0.1822631,1.0,0.73962414,-0.26037586,1.0,1.0,0.0,0.0,0.0,0.0,0.0,0.0,0.0,0.0,0.0,0.0,1,1,0,False,False,False,False,False,False
1961,0.84525216,0.8342392,-0.011012960000000072,0.9128602,0.87569886,-0.03716134000000004,0.6875,0.7375,0.050000000000000044,0.0,0.0,0.0,0.0,0.0,0.0,0.0,0.0,0.0,1,1,0,False,False,False,False,False,False
1962,0.83247966,0.8719885,0.0395088400000001,0.8142566,0.913555,0.09929840000000001,0.875,0.77500004,-0.09999996,0.0,0.0,0.0,0.0,0.0,0.0,0.0,0.0,0.0,1,1,0,False,False,False,False,False,False
1963,0.84188205,0.8695556,0.027673549999999936,0.83840287,0.9636508,0.12524793,0.85,0.65000004,-0.19999995999999998,0.0,0.0,0.0,0.0,0.0,0.0,0.0,0.0,0.0,1,1,0,False,False,False,False,False,False
1964,1.0,0.91356385,-0.08643615000000004,0.99999994,0.87651974,-0.12348020000000004,1.0,1.0,0.0,0.0,0.0,0.0,0.0,0.0,0.0,0.0,0.0,0.0,1,1,0,False,False,False,False,False,False
1965,1.0,1.0,0.0,1.0,1.0,0.0,1.0,1.0,0.0,0.0,0.0,0.0,0.0,0.0,0.0,0.0,0.0,0.0,1,1,0,False,False,False,False,False,False
1966,1.0,1.0,0.0,1.0,1.0,0.0,1.0,1.0,0.0,0.0,0.0,0.0,0.0,0.0,0.0,0.0,0.0,0.0,1,1,0,False,False,False,False,False,False
1967,1.0,1.0,0.0,1.0,1.0,0.0,1.0,1.0,0.0,0.0,0.0,0.0,0.0,0.0,0.0,0.0,0.0,0.0,1,1,0,False,False,False,False,False,False
1968,0.9014206,0.88294184,-0.01847876000000004,0.90738666,0.8809884,-0.026398260000000007,0.8875,0.8875,0.0,0.0,0.0,0.0,0.0,0.0,0.0,0.0,0.0,0.0,1,1,0,False,False,False,False,False,False
1969,0.8533993,0.829838,-0.023561300000000007,0.8227132,0.8104828,-0.012230400000000086,0.925,0.875,-0.050000000000000044,0.0,0.0,0.0,0.0,0.0,0.0,0.0,0.0,0.0,1,1,0,False,False,False,False,False,False
1970,0.95125,0.0,-0.95125,1.0,0.49392512,-0.50607488,0.83750004,1.0,0.16249996,0.0,0.0,0.0,0.0,1.0,1.0,0.0,0.0,0.0,1,0,-1,False,False,False,True,False,False
1971,0.8266558,0.6588426,-0.1678132000000001,0.811294,0.71084654,-0.10044745999999993,0.8625,0.5375,-0.32500000000000007,0.0,0.0,0.0,0.0,0.0,0.0,0.0,0.0,0.0,1,1,0,False,False,False,False,False,False
1972,1.0,1.0,0.0,1.0,1.0,0.0,1.0,1.0,0.0,0.0,0.0,0.0,0.0,0.0,0.0,0.0,0.0,0.0,1,1,0,False,False,False,False,False,False
1973,0.83274716,0.8075847,-0.025162459999999998,0.7610674,0.7733353,0.012267899999999998,1.0,0.8875,-0.11250000000000004,0.0,0.0,0.0,0.0,0.0,0.0,0.0,0.0,0.0,1,1,0,False,False,False,False,False,False
1974,1.0,1.0,0.0,1.0,1.0,0.0,1.0,1.0,0.0,0.0,0.0,0.0,0.0,0.0,0.0,0.0,0.0,0.0,1,1,0,False,False,False,False,False,False
1975,0.8054253,0.7904371,-0.014988200000000007,0.8506075,0.8131244,-0.03748309999999999,0.7,0.7375,0.03750000000000009,0.0,0.0,0.0,0.0,0.0,0.0,0.0,0.0,0.0,1,1,0,False,False,False,False,False,False
1976,0.8466124,0.84955627,0.0029438699999999596,0.8933747,0.8332947,-0.06007999999999991,0.7375,0.8875,0.1499999999999999,0.0,0.0,0.0,0.0,0.0,0.0,0.0,0.0,0.0,1,1,0,False,False,False,False,False,False
1977,0.7977729,0.8456848,0.04791190000000001,0.7914613,0.9295497,0.1380884,0.8125,0.65000004,-0.16249996,0.0,0.0,0.0,0.0,0.0,0.0,0.0,0.0,0.0,1,1,0,False,False,False,False,False,False
1978,0.7658507,0.83022183,0.06437113000000005,0.71371526,0.82710266,0.11338740000000003,0.8875,0.83750004,-0.049999959999999954,0.0,0.0,0.0,0.0,0.0,0.0,0.0,0.0,0.0,1,1,0,False,False,False,False,False,False
1979,0.0,0.0,0.0,0.7283015,0.85204786,0.12374635999999994,0.7794118,0.6760563,-0.10335549999999993,1.0,0.0,-1.0,1.0,1.0,0.0,0.0,0.0,0.0,0,0,0,False,False,False,False,True,False
1980,1.0,0.86307734,-0.13692265999999997,1.0,0.85261047,-0.14738953,1.0,0.8875,-0.11250000000000004,0.0,0.0,0.0,0.0,0.0,0.0,0.0,0.0,0.0,1,1,0,False,False,False,False,False,False
1981,0.91,0.9228892,0.012889199999999934,1.0,0.8898417,-0.11015830000000004,0.7,1.0,0.30000000000000004,0.0,0.0,0.0,0.0,0.0,0.0,0.0,0.0,0.0,1,1,0,False,False,False,False,False,False
1982,0.8790595,0.7803719,-0.09868759999999999,0.8272279,0.814817,-0.012410900000000002,1.0,0.7,-0.30000000000000004,0.0,0.0,0.0,0.0,0.0,0.0,0.0,0.0,0.0,1,1,0,False,False,False,False,False,False
1983,0.93828315,0.970115,0.031831849999999995,0.9118331,0.9948071,0.0829740000000001,1.0,0.9125,-0.08750000000000002,0.0,0.0,0.0,0.0,0.0,0.0,0.0,0.0,0.0,1,1,0,False,False,False,False,False,False
1984,1.0,0.9261697,-0.07383030000000002,1.0,0.89452815,-0.10547185000000003,1.0,1.0,0.0,0.0,0.0,0.0,0.0,0.0,0.0,0.0,0.0,0.0,1,1,0,False,False,False,False,False,False
1985,0.9505543,0.89337635,-0.05717794999999992,0.9293632,0.9012519,-0.02811129999999995,1.0,0.875,-0.125,0.0,0.0,0.0,0.0,0.0,0.0,0.0,0.0,0.0,1,1,0,False,False,False,False,False,False
1986,1.0,1.0,0.0,1.0,1.0,0.0,1.0,1.0,0.0,0.0,0.0,0.0,0.0,0.0,0.0,0.0,0.0,0.0,1,1,0,False,False,False,False,False,False
1987,1.0,1.0,0.0,1.0,1.0,0.0,1.0,1.0,0.0,0.0,0.0,0.0,0.0,0.0,0.0,0.0,0.0,0.0,1,1,0,False,False,False,False,False,False
1988,0.8505188,0.91233665,0.06181784999999995,0.83466977,0.9229809,0.08831113000000002,0.8875,0.8875,0.0,0.0,0.0,0.0,0.0,0.0,0.0,0.0,0.0,0.0,1,1,0,False,False,False,False,False,False
1989,0.8612095,0.9040931,0.04288360000000002,0.8499421,0.94870436,0.09876225999999999,0.8875,0.8,-0.08749999999999991,0.0,0.0,0.0,0.0,0.0,0.0,0.0,0.0,0.0,1,1,0,False,False,False,False,False,False
1990,0.8026455,0.8304221,0.02777660000000004,0.79842204,0.8488173,0.05039525999999994,0.8125,0.7875,-0.025000000000000022,0.0,0.0,0.0,0.0,0.0,0.0,0.0,0.0,0.0,1,1,0,False,False,False,False,False,False
1991,0.80891144,0.75507444,-0.053837000000000024,0.8127306,0.91260636,0.09987575999999998,0.8,0.38750002,-0.41249998000000004,0.0,0.0,0.0,0.0,0.0,0.0,0.0,0.0,0.0,1,1,0,False,False,False,False,False,False
1992,1.0,1.0,0.0,1.0,1.0,0.0,1.0,1.0,0.0,0.0,0.0,0.0,0.0,0.0,0.0,0.0,0.0,0.0,1,1,0,False,False,False,False,False,False
1993,0.96625006,0.84240973,-0.12384033000000005,1.0,0.77487093,-0.22512907000000004,0.8875,1.0,0.11250000000000004,0.0,0.0,0.0,0.0,0.0,0.0,0.0,0.0,0.0,1,1,0,False,False,False,False,False,False
1994,0.0,0.84438,0.84438,0.91796154,0.77768564,-0.1402759,0.8611111,1.0,0.13888889999999998,1.0,0.0,-1.0,1.0,0.0,-1.0,0.0,0.0,0.0,0,1,1,False,False,True,False,True,False
1995,0.7244086,0.6295027,-0.09490589999999999,0.6759409,0.5885753,-0.08736559999999993,0.83750004,0.725,-0.11250004000000002,0.0,0.0,0.0,0.0,0.0,0.0,0.0,0.0,0.0,1,1,0,False,False,False,False,False,False
1996,0.93916875,0.94651127,0.007342520000000019,0.91309816,0.9235875,0.010489340000000014,1.0,1.0,0.0,0.0,0.0,0.0,0.0,0.0,0.0,0.0,0.0,0.0,1,1,0,False,False,False,False,False,False
1997,0.85231364,0.9086477,0.056334059999999964,0.83723384,0.94985396,0.11262011999999999,0.8875,0.8125,-0.07499999999999996,0.0,0.0,0.0,0.0,0.0,0.0,0.0,0.0,0.0,1,1,0,False,False,False,False,False,False
1998,0.86455935,0.8400448,-0.024514549999999913,0.9297277,0.83577824,-0.09394946000000004,0.71250004,0.85,0.13749995999999998,0.0,0.0,0.0,0.0,0.0,0.0,0.0,0.0,0.0,1,1,0,False,False,False,False,False,False
1999,0.5937889,0.83134204,0.23755314000000005,0.65005565,0.85013145,0.20007580000000003,0.4625,0.7875,0.32499999999999996,0.0,0.0,0.0,0.0,0.0,0.0,0.0,0.0,0.0,1,1,0,False,False,False,False,False,False
2000,0.85523623,0.86890167,0.013665439999999918,0.8735517,0.86093086,-0.012620840000000078,0.8125,0.8875,0.07499999999999996,0.0,0.0,0.0,0.0,0.0,0.0,0.0,0.0,0.0,1,1,0,False,False,False,False,False,False
2001,0.74870217,0.7568549,0.008152730000000052,0.6731459,0.79729265,0.12414675000000008,0.925,0.6625,-0.26250000000000007,0.0,0.0,0.0,0.0,0.0,0.0,0.0,0.0,0.0,1,1,0,False,False,False,False,False,False
2002,0.85051024,0.82961386,-0.020896379999999937,0.83465755,0.88516265,0.05050510000000008,0.8875,0.7,-0.1875,0.0,0.0,0.0,0.0,0.0,0.0,0.0,0.0,0.0,1,1,0,False,False,False,False,False,False
2003,1.0,1.0,0.0,1.0,1.0,0.0,1.0,1.0,0.0,0.0,0.0,0.0,0.0,0.0,0.0,0.0,0.0,0.0,1,1,0,False,False,False,False,False,False
2004,0.86992246,0.90245515,0.03253269000000003,0.8998892,0.96243584,0.0625466400000001,0.8,0.7625,-0.03750000000000009,0.0,0.0,0.0,0.0,0.0,0.0,0.0,0.0,0.0,1,1,0,False,False,False,False,False,False
2005,0.8035141,0.79235333,-0.011160770000000042,0.7675201,0.7515762,-0.01594390000000001,0.8875,0.8875,0.0,0.0,0.0,0.0,0.0,0.0,0.0,0.0,0.0,0.0,1,1,0,False,False,False,False,False,False
2006,0.93166775,0.8717583,-0.05990945000000003,0.90238243,0.81679755,-0.08558487999999997,1.0,1.0,0.0,0.0,0.0,0.0,0.0,0.0,0.0,0.0,0.0,0.0,1,1,0,False,False,False,False,False,False
2007,0.7666441,0.80710745,0.0404633499999999,0.7148487,0.77801067,0.06316197000000001,0.8875,0.875,-0.012499999999999956,0.0,0.0,0.0,0.0,0.0,0.0,0.0,0.0,0.0,1,1,0,False,False,False,False,False,False
2008,0.8318516,0.833521,0.001669399999999932,0.75978804,0.8853871,0.12559905999999998,1.0,0.71250004,-0.28749996,0.0,0.0,0.0,0.0,0.0,0.0,0.0,0.0,0.0,1,1,0,False,False,False,False,False,False
2009,0.8613365,0.835118,-0.026218499999999922,0.8501235,0.8876686,0.0375451,0.8875,0.71250004,-0.17499995999999995,0.0,0.0,0.0,0.0,0.0,0.0,0.0,0.0,0.0,1,1,0,False,False,False,False,False,False
2010,0.8903087,0.9323519,0.04204320000000006,0.8432981,0.9355026,0.09220449999999991,1.0,0.925,-0.07499999999999996,0.0,0.0,0.0,0.0,0.0,0.0,0.0,0.0,0.0,1,1,0,False,False,False,False,False,False
2011,1.0,0.89182013,-0.10817986999999996,1.0,0.89367163,-0.10632836999999995,1.0,0.8875,-0.11250000000000004,0.0,0.0,0.0,0.0,0.0,0.0,0.0,0.0,0.0,1,1,0,False,False,False,False,False,False
2012,0.8944735,0.8944735,0.0,0.8492479,0.8492479,0.0,1.0,1.0,0.0,0.0,0.0,0.0,0.0,0.0,0.0,0.0,0.0,0.0,1,1,0,False,False,False,False,False,False
2013,0.7996819,0.76949805,-0.0301838499999999,0.91204554,0.8367829,-0.07526264000000005,0.5375,0.6125,0.07500000000000007,0.0,0.0,0.0,0.0,0.0,0.0,0.0,0.0,0.0,1,1,0,False,False,False,False,False,False
2014,0.8252848,0.9050624,0.0797776,0.7504068,0.8643748,0.11396799999999996,1.0,1.0,0.0,0.0,0.0,0.0,0.0,0.0,0.0,0.0,0.0,0.0,1,1,0,False,False,False,False,False,False
2015,1.0,1.0,0.0,1.0,1.0,0.0,1.0,1.0,0.0,0.0,0.0,0.0,0.0,0.0,0.0,0.0,0.0,0.0,1,1,0,False,False,False,False,False,False
2016,0.94750005,0.9324498,-0.015050250000000043,1.0,0.9034997,-0.09650029999999998,0.825,1.0,0.17500000000000004,0.0,0.0,0.0,0.0,0.0,0.0,0.0,0.0,0.0,1,1,0,False,False,False,False,False,False
2017,1.0,1.0,0.0,1.0,1.0,0.0,1.0,1.0,0.0,0.0,0.0,0.0,0.0,0.0,0.0,0.0,0.0,0.0,1,1,0,False,False,False,False,False,False
2018,1.0,1.0,0.0,1.0,1.0,0.0,1.0,1.0,0.0,0.0,0.0,0.0,0.0,0.0,0.0,0.0,0.0,0.0,1,1,0,False,False,False,False,False,False
2019,0.77998453,0.79123455,0.011250019999999972,0.73390645,0.73390645,0.0,0.8875,0.925,0.03750000000000009,0.0,0.0,0.0,0.0,0.0,0.0,0.0,0.0,0.0,1,1,0,False,False,False,False,False,False
2020,0.7491965,0.7115976,-0.03759889999999999,0.6792093,0.7058537,0.026644400000000013,0.9125,0.725,-0.1875,0.0,0.0,0.0,0.0,0.0,0.0,0.0,0.0,0.0,1,1,0,False,False,False,False,False,False
2021,0.0,0.95125,0.95125,1.0,1.0,0.0,1.0,0.83750004,-0.16249996,1.0,0.0,-1.0,1.0,0.0,-1.0,0.0,0.0,0.0,0,1,1,False,False,True,False,True,False
2022,0.80121326,0.739512,-0.06170126000000009,0.71601886,0.7028743,-0.013144560000000083,1.0,0.825,-0.17500000000000004,0.0,0.0,0.0,0.0,0.0,0.0,0.0,0.0,0.0,1,1,0,False,False,False,False,False,False
2023,0.96625006,0.9281228,-0.038127259999999996,1.0,0.9455326,-0.054467400000000055,0.8875,0.8875,0.0,0.0,0.0,0.0,0.0,0.0,0.0,0.0,0.0,0.0,1,1,0,False,False,False,False,False,False
2024,1.0,1.0,0.0,1.0,1.0,0.0,1.0,1.0,0.0,0.0,0.0,0.0,0.0,0.0,0.0,0.0,0.0,0.0,1,1,0,False,False,False,False,False,False
2025,0.8209139,0.76695985,-0.053954049999999976,0.89951986,0.81172836,-0.08779149999999991,0.6375,0.6625,0.025000000000000022,0.0,0.0,0.0,0.0,0.0,0.0,0.0,0.0,0.0,1,1,0,False,False,False,False,False,False
2026,0.7802527,0.79218143,0.011928729999999943,0.71821815,0.70311636,-0.015101790000000004,0.925,1.0,0.07499999999999996,0.0,0.0,0.0,0.0,0.0,0.0,0.0,0.0,0.0,1,1,0,False,False,False,False,False,False
2027,0.7581739,0.84471,0.0865361,0.799177,0.9120856,0.11290860000000003,0.6625,0.6875,0.025000000000000022,0.0,0.0,0.0,0.0,0.0,0.0,0.0,0.0,0.0,1,1,0,False,False,False,False,False,False
2028,0.96999997,1.0,0.030000029999999955,1.0,1.0,0.0,0.90000004,1.0,0.09999996,0.0,0.0,0.0,0.0,0.0,0.0,0.0,0.0,0.0,1,1,0,False,False,False,False,False,False
2029,0.8006735,0.85713714,0.056463639999999926,0.76881933,0.8709102,0.10209086999999994,0.875,0.825,-0.050000000000000044,0.0,0.0,0.0,0.0,0.0,0.0,0.0,0.0,0.0,1,1,0,False,False,False,False,False,False
2030,0.769746,0.88824457,0.11849856999999997,0.8371371,0.9260636,0.08892650000000002,0.6125,0.8,0.1875,0.0,0.0,0.0,0.0,0.0,0.0,0.0,0.0,0.0,1,1,0,False,False,False,False,False,False
2031,0.8519412,0.8671646,0.015223399999999998,0.83670175,0.94952095,0.11281920000000001,0.8875,0.675,-0.2124999999999999,0.0,0.0,0.0,0.0,0.0,0.0,0.0,0.0,0.0,1,1,0,False,False,False,False,False,False
2032,1.0,0.92733496,-0.07266503999999996,1.0,0.8961929,-0.10380710000000004,1.0,1.0,0.0,0.0,0.0,0.0,0.0,0.0,0.0,0.0,0.0,0.0,1,1,0,False,False,False,False,False,False
2033,1.0,1.0,0.0,1.0,1.0,0.0,1.0,1.0,0.0,0.0,0.0,0.0,0.0,0.0,0.0,0.0,0.0,0.0,1,1,0,False,False,False,False,False,False
2034,0.88330126,0.87484485,-0.00845640999999997,0.8332875,0.8212069,-0.012080599999999997,1.0,1.0,0.0,0.0,0.0,0.0,0.0,0.0,0.0,0.0,0.0,0.0,1,1,0,False,False,False,False,False,False
2035,0.99952984,0.99952984,0.0,0.9993284,0.9993284,0.0,1.0,1.0,0.0,0.0,0.0,0.0,0.0,0.0,0.0,0.0,0.0,0.0,1,1,0,False,False,False,False,False,False
2036,0.8443689,0.80776024,-0.03660865999999996,0.82588404,0.9503718,0.12448775999999995,0.8875,0.475,-0.4125,0.0,0.0,0.0,0.0,0.0,0.0,0.0,0.0,0.0,1,1,0,False,False,False,False,False,False
2037,0.0,0.0,0.0,1.0,1.0,0.0,1.0,1.0,0.0,1.0,1.0,0.0,1.0,1.0,0.0,0.0,0.0,0.0,0,0,0,False,False,False,False,False,False
2038,1.0,1.0,0.0,1.0,1.0,0.0,1.0,1.0,0.0,0.0,0.0,0.0,0.0,0.0,0.0,0.0,0.0,0.0,1,1,0,False,False,False,False,False,False
2039,0.0,0.80128956,0.80128956,0.5064585,0.7161279,0.2096694,1.0,1.0,0.0,0.0,0.0,0.0,0.0,0.0,0.0,1.0,0.0,-1.0,0,1,1,True,False,False,False,False,False
2040,0.80844575,0.8361086,0.027662850000000017,0.81206536,0.89979804,0.08773268000000001,0.8,0.6875,-0.11250000000000004,0.0,0.0,0.0,0.0,0.0,0.0,0.0,0.0,0.0,1,1,0,False,False,False,False,False,False
2041,0.879203,0.82759565,-0.05160734999999994,0.8595758,0.8340652,-0.02551060000000005,0.925,0.8125,-0.11250000000000004,0.0,0.0,0.0,0.0,0.0,0.0,0.0,0.0,0.0,1,1,0,False,False,False,False,False,False
2042,1.0,1.0,0.0,1.0,1.0,0.0,1.0,1.0,0.0,0.0,0.0,0.0,0.0,0.0,0.0,0.0,0.0,0.0,1,1,0,False,False,False,False,False,False
2043,0.8025495,0.91381866,0.11126915999999998,0.7179278,0.8768838,0.158956,1.0,1.0,0.0,0.0,0.0,0.0,0.0,0.0,0.0,0.0,0.0,0.0,1,1,0,False,False,False,False,False,False
2044,0.8157303,0.8684745,0.05274420000000002,0.8117575,0.9246064,0.11284890000000003,0.825,0.7375,-0.08749999999999991,0.0,0.0,0.0,0.0,0.0,0.0,0.0,0.0,0.0,1,1,0,False,False,False,False,False,False
2045,0.66626984,0.7487833,0.08251346000000004,0.66252834,0.7000475,0.037519159999999996,0.675,0.8625,0.1875,0.0,0.0,0.0,0.0,0.0,0.0,0.0,0.0,0.0,1,1,0,False,False,False,False,False,False
2046,0.97749996,0.8863625,-0.09113745999999989,1.0,0.8376607,-0.16233929999999996,0.925,1.0,0.07499999999999996,0.0,0.0,0.0,0.0,0.0,0.0,0.0,0.0,0.0,1,1,0,False,False,False,False,False,False
2047,0.96625006,0.89875,-0.06750005999999997,1.0,1.0,0.0,0.8875,0.6625,-0.22499999999999998,0.0,0.0,0.0,0.0,0.0,0.0,0.0,0.0,0.0,1,1,0,False,False,False,False,False,False
2048,0.8687543,0.9232585,0.0545042,0.86607754,0.93858355,0.07250601000000001,0.875,0.8875,0.012499999999999956,0.0,0.0,0.0,0.0,0.0,0.0,0.0,0.0,0.0,1,1,0,False,False,False,False,False,False
2049,0.83867306,0.8084367,-0.030236359999999962,0.8820329,0.82276666,-0.059266240000000026,0.7375,0.77500004,0.03750003999999996,0.0,0.0,0.0,0.0,0.0,0.0,0.0,0.0,0.0,1,1,0,False,False,False,False,False,False
2050,1.0,1.0,0.0,1.0,1.0,0.0,1.0,1.0,0.0,0.0,0.0,0.0,0.0,0.0,0.0,0.0,0.0,0.0,1,1,0,False,False,False,False,False,False
2051,0.8315703,0.87470514,0.04313484000000001,0.78081477,0.8692217,0.08840693,0.95,0.8875,-0.0625,0.0,0.0,0.0,0.0,0.0,0.0,0.0,0.0,0.0,1,1,0,False,False,False,False,False,False
2052,0.94750005,0.97375005,0.026249999999999996,1.0,1.0,0.0,0.825,0.9125,0.08750000000000002,0.0,0.0,0.0,0.0,0.0,0.0,0.0,0.0,0.0,1,1,0,False,False,False,False,False,False
2053,0.91375,0.8481826,-0.06556739999999994,0.99999994,0.783118,-0.21688194000000005,0.71250004,1.0,0.28749996,0.0,0.0,0.0,0.0,0.0,0.0,0.0,0.0,0.0,1,1,0,False,False,False,False,False,False
2054,0.80311614,0.8208359,0.017719759999999973,0.8901659,0.87797976,-0.012186139999999956,0.6,0.6875,0.08750000000000002,0.0,0.0,0.0,0.0,0.0,0.0,0.0,0.0,0.0,1,1,0,False,False,False,False,False,False
2055,1.0,0.95028937,-0.04971062999999998,1.0,0.9879133,-0.012086700000000006,1.0,0.8625,-0.13749999999999996,0.0,0.0,0.0,0.0,0.0,0.0,0.0,0.0,0.0,1,1,0,False,False,False,False,False,False
2056,1.0,1.0,0.0,1.0,1.0,0.0,1.0,1.0,0.0,0.0,0.0,0.0,0.0,0.0,0.0,0.0,0.0,0.0,1,1,0,False,False,False,False,False,False
2057,0.8525465,0.8912453,0.03869880000000003,0.8375665,0.9249932,0.08742669999999997,0.8875,0.8125,-0.07499999999999996,0.0,0.0,0.0,0.0,0.0,0.0,0.0,0.0,0.0,1,1,0,False,False,False,False,False,False
2058,0.94,0.96211034,0.022110340000000006,0.99999994,0.9458719,-0.054128040000000044,0.8,1.0,0.19999999999999996,0.0,0.0,0.0,0.0,0.0,0.0,0.0,0.0,0.0,1,1,0,False,False,False,False,False,False
2059,0.7800414,0.71905357,-0.060987829999999965,0.7393448,0.8022194,0.0628746,0.875,0.52500004,-0.34999996,0.0,0.0,0.0,0.0,0.0,0.0,0.0,0.0,0.0,1,1,0,False,False,False,False,False,False
2060,0.90625,1.0,0.09375,1.0,1.0,0.0,0.6875,1.0,0.3125,0.0,0.0,0.0,0.0,0.0,0.0,0.0,0.0,0.0,1,1,0,False,False,False,False,False,False
2061,0.8712544,0.9057377,0.034483299999999995,0.864292,0.9135539,0.04926190000000008,0.8875,0.8875,0.0,0.0,0.0,0.0,0.0,0.0,0.0,0.0,0.0,0.0,1,1,0,False,False,False,False,False,False
2062,0.96625006,0.92895603,-0.03729402999999998,1.0,0.946723,-0.05327700000000002,0.8875,0.8875,0.0,0.0,0.0,0.0,0.0,0.0,0.0,0.0,0.0,0.0,1,1,0,False,False,False,False,False,False
2063,0.8851523,0.90864986,0.02349756000000003,0.8359318,0.9873569,0.15142509999999998,1.0,0.725,-0.275,0.0,0.0,0.0,0.0,0.0,0.0,0.0,0.0,0.0,1,1,0,False,False,False,False,False,False
2064,1.0,0.95461506,-0.04538494000000004,1.0,0.9726643,-0.027335699999999963,1.0,0.9125,-0.08750000000000002,0.0,0.0,0.0,0.0,0.0,0.0,0.0,0.0,0.0,1,1,0,False,False,False,False,False,False
2065,1.0,1.0,0.0,1.0,1.0,0.0,1.0,1.0,0.0,0.0,0.0,0.0,0.0,0.0,0.0,0.0,0.0,0.0,1,1,0,False,False,False,False,False,False
2066,1.0,1.0,0.0,1.0,1.0,0.0,1.0,1.0,0.0,0.0,0.0,0.0,0.0,0.0,0.0,0.0,0.0,0.0,1,1,0,False,False,False,False,False,False
2067,0.0,0.9968712,0.9968712,0.9955303,0.9955303,0.0,1.0,1.0,0.0,0.0,0.0,0.0,0.0,0.0,0.0,1.0,0.0,-1.0,0,1,1,True,False,False,False,False,False
2068,0.0,0.0,0.0,0.028353421,0.00045188883,-0.02790153217,1.0,1.0,0.0,1.0,0.0,-1.0,1.0,1.0,0.0,0.0,0.0,0.0,0,0,0,False,False,False,False,True,False
2069,0.0,0.0,0.0,1.0,1.0,0.0,1.0,1.0,0.0,1.0,1.0,0.0,1.0,1.0,0.0,0.0,0.0,0.0,0,0,0,False,False,False,False,False,False
2070,1.0,0.919706,-0.08029399999999998,1.0,0.8852943,-0.11470570000000002,1.0,1.0,0.0,0.0,0.0,0.0,0.0,0.0,0.0,0.0,0.0,0.0,1,1,0,False,False,False,False,False,False
2071,0.0,0.8598775,0.8598775,0.6261451,0.8426822,0.21653710000000004,0.89830506,0.90000004,0.0016949800000000126,0.0,0.0,0.0,0.0,0.0,0.0,1.0,0.0,-1.0,0,1,1,True,False,False,False,False,False
2072,0.8373179,0.7975058,-0.039812099999999906,0.8640255,0.801794,-0.062231499999999995,0.77500004,0.7875,0.012499959999999977,0.0,0.0,0.0,0.0,0.0,0.0,0.0,0.0,0.0,1,1,0,False,False,False,False,False,False
2073,0.8714434,0.9025,0.03105659999999999,0.86456203,1.0,0.13543797000000002,0.8875,0.675,-0.2124999999999999,0.0,0.0,0.0,0.0,0.0,0.0,0.0,0.0,0.0,1,1,0,False,False,False,False,False,False
2074,0.8717045,0.8046303,-0.06707419999999997,0.8167208,0.7209005,-0.09582029999999997,1.0,1.0,0.0,0.0,0.0,0.0,0.0,0.0,0.0,0.0,0.0,0.0,1,1,0,False,False,False,False,False,False
2075,1.0,1.0,0.0,1.0,1.0,0.0,1.0,1.0,0.0,0.0,0.0,0.0,0.0,0.0,0.0,0.0,0.0,0.0,1,1,0,False,False,False,False,False,False
2076,0.7335824,0.8093325,0.07575010000000004,0.6676177,0.7597607,0.09214299999999997,0.8875,0.925,0.03750000000000009,0.0,0.0,0.0,0.0,0.0,0.0,0.0,0.0,0.0,1,1,0,False,False,False,False,False,False
2077,0.8033272,0.88667756,0.08335035999999996,0.7726102,0.886325,0.1137148,0.875,0.8875,0.012499999999999956,0.0,0.0,0.0,0.0,0.0,0.0,0.0,0.0,0.0,1,1,0,False,False,False,False,False,False
2078,0.7876629,0.71266294,-0.07499996000000009,0.75023276,0.75023276,0.0,0.875,0.625,-0.25,0.0,0.0,0.0,0.0,0.0,0.0,0.0,0.0,0.0,1,1,0,False,False,False,False,False,False
2079,1.0,1.0,0.0,1.0,1.0,0.0,1.0,1.0,0.0,0.0,0.0,0.0,0.0,0.0,0.0,0.0,0.0,0.0,1,1,0,False,False,False,False,False,False
2080,1.0,1.0,0.0,1.0,1.0,0.0,1.0,1.0,0.0,0.0,0.0,0.0,0.0,0.0,0.0,0.0,0.0,0.0,1,1,0,False,False,False,False,False,False
2081,0.0,0.0,0.0,0.96773446,0.59253037,-0.37520409,1.0,1.0,0.0,2.0,2.0,0.0,1.0,1.0,0.0,0.0,0.0,0.0,0,0,0,False,False,False,False,False,False
2082,1.0,1.0,0.0,1.0,1.0,0.0,1.0,1.0,0.0,0.0,0.0,0.0,0.0,0.0,0.0,0.0,0.0,0.0,1,1,0,False,False,False,False,False,False
2083,0.8428753,0.8428753,0.0,0.7755362,0.7755362,0.0,1.0,1.0,0.0,0.0,0.0,0.0,0.0,0.0,0.0,0.0,0.0,0.0,1,1,0,False,False,False,False,False,False
2084,0.93625003,0.88631594,-0.04993408999999993,1.0,0.87509423,-0.12490577000000003,0.7875,0.9125,0.125,0.0,0.0,0.0,0.0,0.0,0.0,0.0,0.0,0.0,1,1,0,False,False,False,False,False,False
2085,0.86876965,0.78940946,-0.07936018999999994,0.86074245,0.92415637,0.0634139199999999,0.8875,0.475,-0.4125,0.0,0.0,0.0,0.0,0.0,0.0,0.0,0.0,0.0,1,1,0,False,False,False,False,False,False
2086,0.75704575,0.8217789,0.06473315000000002,0.6529225,0.79361266,0.14069016,1.0,0.8875,-0.11250000000000004,0.0,0.0,0.0,0.0,0.0,0.0,0.0,0.0,0.0,1,1,0,False,False,False,False,False,False
2087,0.84686583,0.86117136,0.01430553000000001,0.88302255,0.8927448,0.009722250000000043,0.7625,0.7875,0.025000000000000022,0.0,0.0,0.0,0.0,0.0,0.0,0.0,0.0,0.0,1,1,0,False,False,False,False,False,False
2088,0.0,0.9065607,0.9065607,1.0,0.8665152,-0.13348479999999996,0.68115944,1.0,0.31884056000000005,1.0,0.0,-1.0,1.0,0.0,-1.0,0.0,0.0,0.0,0,1,1,False,False,True,False,True,False
2089,0.7540271,0.682624,-0.07140309999999994,0.7128959,0.7876771,0.07478119999999999,0.85,0.4375,-0.4125,0.0,0.0,0.0,0.0,0.0,0.0,0.0,0.0,0.0,1,1,0,False,False,False,False,False,False
2090,0.79215735,0.83359015,0.04143280000000005,0.7995105,0.91227156,0.11276105999999997,0.77500004,0.65000004,-0.125,0.0,0.0,0.0,0.0,0.0,0.0,0.0,0.0,0.0,1,1,0,False,False,False,False,False,False
2091,1.0,1.0,0.0,1.0,1.0,0.0,1.0,1.0,0.0,0.0,0.0,0.0,0.0,0.0,0.0,0.0,0.0,0.0,1,1,0,False,False,False,False,False,False
2092,0.85712093,0.795694,-0.06142692999999999,0.8494585,0.79920566,-0.050252839999999965,0.875,0.7875,-0.08750000000000002,0.0,0.0,0.0,0.0,0.0,0.0,0.0,0.0,0.0,1,1,0,False,False,False,False,False,False
2093,1.0,1.0,0.0,1.0,1.0,0.0,1.0,1.0,0.0,0.0,0.0,0.0,0.0,0.0,0.0,0.0,0.0,0.0,1,1,0,False,False,False,False,False,False
2094,0.8235202,0.8794252,0.05590499999999998,0.83895737,0.9188217,0.07986432999999993,0.7875,0.7875,0.0,0.0,0.0,0.0,0.0,0.0,0.0,0.0,0.0,0.0,1,1,0,False,False,False,False,False,False
2095,0.83973676,0.8867588,0.04702203999999999,0.85140955,0.95072675,0.0993172,0.8125,0.7375,-0.07499999999999996,0.0,0.0,0.0,0.0,0.0,0.0,0.0,0.0,0.0,1,1,0,False,False,False,False,False,False
2096,0.96625006,0.96625006,0.0,1.0,1.0,0.0,0.8875,0.8875,0.0,0.0,0.0,0.0,0.0,0.0,0.0,0.0,0.0,0.0,1,1,0,False,False,False,False,False,False
2097,1.0,1.0,0.0,1.0,1.0,0.0,1.0,1.0,0.0,0.0,0.0,0.0,0.0,0.0,0.0,0.0,0.0,0.0,1,1,0,False,False,False,False,False,False
2098,1.0,1.0,0.0,1.0,1.0,0.0,1.0,1.0,0.0,0.0,0.0,0.0,0.0,0.0,0.0,0.0,0.0,0.0,1,1,0,False,False,False,False,False,False
2099,0.786698,0.92919797,0.14249997000000003,0.9470686,0.9470686,0.0,0.4125,0.8875,0.475,0.0,0.0,0.0,0.0,0.0,0.0,0.0,0.0,0.0,1,1,0,False,False,False,False,False,False
2100,0.84400636,0.8676282,0.023621840000000005,0.82536626,0.9501831,0.12481683999999993,0.8875,0.675,-0.2124999999999999,0.0,0.0,0.0,0.0,0.0,0.0,0.0,0.0,0.0,1,1,0,False,False,False,False,False,False
2101,0.760183,0.6543699,-0.1058131000000001,0.70026135,0.68838555,-0.011875799999999992,0.90000004,0.575,-0.32500004000000005,0.0,0.0,0.0,0.0,0.0,0.0,0.0,0.0,0.0,1,1,0,False,False,False,False,False,False
2102,1.0,1.0,0.0,1.0,1.0,0.0,1.0,1.0,0.0,0.0,0.0,0.0,0.0,0.0,0.0,0.0,0.0,0.0,1,1,0,False,False,False,False,False,False
2103,0.85431254,0.85828775,0.003975210000000007,0.8400894,0.9636253,0.12353590000000003,0.8875,0.6125,-0.2749999999999999,0.0,0.0,0.0,0.0,0.0,0.0,0.0,0.0,0.0,1,1,0,False,False,False,False,False,False
2104,0.93129534,0.895,-0.03629534000000001,0.9500647,0.99999994,0.04993524000000005,0.8875,0.65000004,-0.23749995999999995,0.0,0.0,0.0,0.0,0.0,0.0,0.0,0.0,0.0,1,1,0,False,False,False,False,False,False
2105,0.7946309,0.7332601,-0.06137080000000006,0.760187,0.72072875,-0.03945824999999992,0.875,0.7625,-0.11250000000000004,0.0,0.0,0.0,0.0,0.0,0.0,0.0,0.0,0.0,1,1,0,False,False,False,False,False,False
2106,0.9503109,0.9273651,-0.022945799999999905,0.9772298,0.9444502,-0.03277960000000002,0.8875,0.8875,0.0,0.0,0.0,0.0,0.0,0.0,0.0,0.0,0.0,0.0,1,1,0,False,False,False,False,False,False
2107,0.7568768,0.7170086,-0.03986820000000002,0.7008954,0.7135837,0.012688300000000097,0.8875,0.725,-0.16249999999999998,0.0,0.0,0.0,0.0,0.0,0.0,0.0,0.0,0.0,1,1,0,False,False,False,False,False,False
2108,0.94375,0.83697575,-0.10677424999999996,1.0,0.83675104,-0.16324896,0.8125,0.83750004,0.02500004,0.0,0.0,0.0,0.0,0.0,0.0,0.0,0.0,0.0,1,1,0,False,False,False,False,False,False
2109,0.8448475,0.78490245,-0.059945049999999944,0.89085364,0.9391463,0.04829265999999999,0.7375,0.425,-0.31250000000000006,0.0,0.0,0.0,0.0,0.0,0.0,0.0,0.0,0.0,1,1,0,False,False,False,False,False,False
2110,1.0,1.0,0.0,1.0,1.0,0.0,1.0,1.0,0.0,0.0,0.0,0.0,0.0,0.0,0.0,0.0,0.0,0.0,1,1,0,False,False,False,False,False,False
2111,0.73450935,0.76594347,0.03143412000000001,0.67429906,0.7620621,0.08776304000000001,0.875,0.77500004,-0.09999996,0.0,0.0,0.0,0.0,0.0,0.0,0.0,0.0,0.0,1,1,0,False,False,False,False,False,False
2112,0.0,0.85166997,0.85166997,0.9202727,0.86845714,-0.051815560000000094,0.77215195,0.8125,0.04034804999999997,0.0,0.0,0.0,0.0,0.0,0.0,1.0,0.0,-1.0,0,1,1,True,False,False,False,False,False
2113,1.0,1.0,0.0,1.0,1.0,0.0,1.0,1.0,0.0,0.0,0.0,0.0,0.0,0.0,0.0,0.0,0.0,0.0,1,1,0,False,False,False,False,False,False
2114,0.96625006,1.0,0.03374993999999998,1.0,1.0,0.0,0.8875,1.0,0.11250000000000004,0.0,0.0,0.0,0.0,0.0,0.0,0.0,0.0,0.0,1,1,0,False,False,False,False,False,False
2115,0.96625006,0.9102732,-0.05597686000000002,1.0,0.9200332,-0.0799668,0.8875,0.8875,0.0,0.0,0.0,0.0,0.0,0.0,0.0,0.0,0.0,0.0,1,1,0,False,False,False,False,False,False
2116,1.0,1.0,0.0,1.0,1.0,0.0,1.0,1.0,0.0,0.0,0.0,0.0,0.0,0.0,0.0,0.0,0.0,0.0,1,1,0,False,False,False,False,False,False
2117,0.8485837,0.8435864,-0.004997300000000093,0.83726245,0.89976627,0.06250381999999999,0.875,0.71250004,-0.16249996,0.0,0.0,0.0,0.0,0.0,0.0,0.0,0.0,0.0,1,1,0,False,False,False,False,False,False
2118,0.91,0.90026134,-0.00973866000000001,1.0,0.88965905,-0.11034095,0.7,0.925,0.2250000000000001,0.0,0.0,0.0,0.0,0.0,0.0,0.0,0.0,0.0,1,1,0,False,False,False,False,False,False
2119,1.0,0.89196503,-0.10803496999999995,1.0,0.8456643,-0.15433569999999996,1.0,1.0,0.0,0.0,0.0,0.0,0.0,0.0,0.0,0.0,0.0,0.0,1,1,0,False,False,False,False,False,False
2120,1.0,1.0,0.0,1.0,1.0,0.0,1.0,1.0,0.0,0.0,0.0,0.0,0.0,0.0,0.0,0.0,0.0,0.0,1,1,0,False,False,False,False,False,False
2121,0.82249737,0.8570704,0.034573030000000005,0.8053533,0.84402907,0.03867577,0.8625,0.8875,0.02499999999999991,0.0,0.0,0.0,0.0,0.0,0.0,0.0,0.0,0.0,1,1,0,False,False,False,False,False,False
2122,0.8635702,0.7973322,-0.06623799999999991,0.83724314,0.84976035,0.012517210000000056,0.925,0.675,-0.25,0.0,0.0,0.0,0.0,0.0,0.0,0.0,0.0,0.0,1,1,0,False,False,False,False,False,False
2123,0.8352154,0.8653513,0.030135899999999993,0.85030764,0.8880019,0.03769425999999998,0.8,0.8125,0.012499999999999956,0.0,0.0,0.0,0.0,0.0,0.0,0.0,0.0,0.0,1,1,0,False,False,False,False,False,False
2124,1.0,1.0,0.0,1.0,1.0,0.0,1.0,1.0,0.0,0.0,0.0,0.0,0.0,0.0,0.0,0.0,0.0,0.0,1,1,0,False,False,False,False,False,False
2125,0.89312667,0.83284324,-0.06028343000000003,0.84732383,0.809419,-0.03790483,1.0,0.8875,-0.11250000000000004,0.0,0.0,0.0,0.0,0.0,0.0,0.0,0.0,0.0,1,1,0,False,False,False,False,False,False
2126,0.8779942,0.79988325,-0.0781109499999999,0.8739203,0.9873332,0.11341290000000004,0.8875,0.3625,-0.5249999999999999,0.0,0.0,0.0,0.0,0.0,0.0,0.0,0.0,0.0,1,1,0,False,False,False,False,False,False
2127,0.95500004,0.0,-0.95500004,1.0,0.74231905,-0.25768095,0.85,0.99999994,0.14999994000000005,0.0,0.0,0.0,0.0,1.0,1.0,0.0,0.0,0.0,1,0,-1,False,False,False,True,False,False
2128,1.0,1.0,0.0,1.0,1.0,0.0,1.0,1.0,0.0,0.0,0.0,0.0,0.0,0.0,0.0,0.0,0.0,0.0,1,1,0,False,False,False,False,False,False
2129,0.629811,0.7729845,0.14317349999999995,0.52473,0.782835,0.2581049999999999,0.875,0.75,-0.125,0.0,0.0,0.0,0.0,0.0,0.0,0.0,0.0,0.0,1,1,0,False,False,False,False,False,False
2130,0.89864635,0.5306279,-0.36801845,0.9623519,0.39911127,-0.56324063,0.75,0.83750004,0.08750004,0.0,0.0,0.0,0.0,0.0,0.0,0.0,0.0,0.0,1,1,0,False,False,False,False,False,False
2131,0.91119367,0.87400913,-0.03718453999999993,0.92134815,0.86822724,-0.05312091000000008,0.8875,0.8875,0.0,0.0,0.0,0.0,0.0,0.0,0.0,0.0,0.0,0.0,1,1,0,False,False,False,False,False,False
2132,1.0,1.0,0.0,1.0,1.0,0.0,1.0,1.0,0.0,0.0,0.0,0.0,0.0,0.0,0.0,0.0,0.0,0.0,1,1,0,False,False,False,False,False,False
2133,0.0,0.84283984,0.84283984,0.6488909,0.82369965,0.17480874999999996,1.0,0.8875,-0.11250000000000004,0.0,0.0,0.0,0.0,0.0,0.0,1.0,0.0,-1.0,0,1,1,True,False,False,False,False,False
2134,0.8067048,0.61025757,-0.19644722999999997,0.82564974,0.5503679,-0.27528184,0.7625,0.75,-0.012499999999999956,0.0,0.0,0.0,0.0,0.0,0.0,0.0,0.0,0.0,1,1,0,False,False,False,False,False,False
2135,0.93883383,0.9425522,0.003718369999999971,0.91261977,0.95007455,0.03745477999999991,1.0,0.925,-0.07499999999999996,0.0,0.0,0.0,0.0,0.0,0.0,0.0,0.0,0.0,1,1,0,False,False,False,False,False,False
2136,0.89289534,0.9153954,0.022500059999999933,0.91127896,0.91127896,0.0,0.85,0.925,0.07500000000000007,0.0,0.0,0.0,0.0,0.0,0.0,0.0,0.0,0.0,1,1,0,False,False,False,False,False,False
2137,0.877318,0.94375,0.06643199999999994,0.87295425,0.99999994,0.12704569,0.8875,0.8125,-0.07499999999999996,0.0,0.0,0.0,0.0,0.0,0.0,0.0,0.0,0.0,1,1,0,False,False,False,False,False,False
2138,0.7931934,0.7596909,-0.0335025000000001,0.779562,0.81741554,0.037853540000000074,0.825,0.625,-0.19999999999999996,0.0,0.0,0.0,0.0,0.0,0.0,0.0,0.0,0.0,1,1,0,False,False,False,False,False,False
2139,1.0,0.0,-1.0,1.0,0.9732836,-0.026716399999999974,1.0,0.8947368,-0.1052632,0.0,0.0,0.0,0.0,1.0,1.0,0.0,0.0,0.0,1,0,-1,False,False,False,True,False,False
2140,0.94750005,0.925,-0.022500049999999994,1.0,1.0,0.0,0.825,0.75,-0.07499999999999996,0.0,0.0,0.0,0.0,0.0,0.0,0.0,0.0,0.0,1,1,0,False,False,False,False,False,False
2141,1.0,0.87502396,-0.12497603999999995,1.0,0.82146275,-0.17853724999999998,1.0,1.0,0.0,0.0,0.0,0.0,0.0,0.0,0.0,0.0,0.0,0.0,1,1,0,False,False,False,False,False,False
2142,0.8667556,0.8758894,0.00913380000000008,0.8953651,0.90841335,0.013048249999999983,0.8,0.8,0.0,0.0,0.0,0.0,0.0,0.0,0.0,0.0,0.0,0.0,1,1,0,False,False,False,False,False,False
2143,0.0,0.9993246,0.9993246,0.9988325,0.9990352,0.0002027000000000001,1.0,1.0,0.0,0.0,0.0,0.0,0.0,0.0,0.0,1.0,0.0,-1.0,0,1,1,True,False,False,False,False,False
2144,0.86496717,0.832671,-0.03229616999999996,0.8392389,0.9377442,0.09850530000000002,0.925,0.58750004,-0.33749996000000004,0.0,0.0,0.0,0.0,0.0,0.0,0.0,0.0,0.0,1,1,0,False,False,False,False,False,False
2145,1.0,1.0,0.0,1.0,1.0,0.0,1.0,1.0,0.0,0.0,0.0,0.0,0.0,0.0,0.0,0.0,0.0,0.0,1,1,0,False,False,False,False,False,False
2146,0.96625006,0.9440178,-0.022232260000000004,1.0,0.96823967,-0.03176033,0.8875,0.8875,0.0,0.0,0.0,0.0,0.0,0.0,0.0,0.0,0.0,0.0,1,1,0,False,False,False,False,False,False
2147,1.0,1.0,0.0,1.0,1.0,0.0,1.0,1.0,0.0,0.0,0.0,0.0,0.0,0.0,0.0,0.0,0.0,0.0,1,1,0,False,False,False,False,False,False
2148,1.0,1.0,0.0,1.0,1.0,0.0,1.0,1.0,0.0,0.0,0.0,0.0,0.0,0.0,0.0,0.0,0.0,0.0,1,1,0,False,False,False,False,False,False
2149,0.8192593,0.8412663,0.022007,0.79537034,0.92323756,0.12786722000000006,0.875,0.65000004,-0.22499996,0.0,0.0,0.0,0.0,0.0,0.0,0.0,0.0,0.0,1,1,0,False,False,False,False,False,False
2150,0.87891406,0.8513325,-0.027581560000000005,0.8752345,0.90011775,0.024883250000000023,0.8875,0.7375,-0.1499999999999999,0.0,0.0,0.0,0.0,0.0,0.0,0.0,0.0,0.0,1,1,0,False,False,False,False,False,False
2151,1.0,1.0,0.0,1.0,1.0,0.0,1.0,1.0,0.0,0.0,0.0,0.0,0.0,0.0,0.0,0.0,0.0,0.0,1,1,0,False,False,False,False,False,False
2152,0.769442,0.93641406,0.1669720600000001,0.72420293,0.96273434,0.23853141,0.875,0.875,0.0,0.0,0.0,0.0,0.0,0.0,0.0,0.0,0.0,0.0,1,1,0,False,False,False,False,False,False
2153,0.8192698,0.8552491,0.035979299999999936,0.79002815,0.83071303,0.04068487999999992,0.8875,0.9125,0.025000000000000022,0.0,0.0,0.0,0.0,0.0,0.0,0.0,0.0,0.0,1,1,0,False,False,False,False,False,False
2154,0.73016804,0.89625114,0.16608309999999993,0.66274,0.9000016,0.23726159999999996,0.8875,0.8875,0.0,0.0,0.0,0.0,0.0,0.0,0.0,0.0,0.0,0.0,1,1,0,False,False,False,False,False,False
2155,0.8650107,0.95313084,0.08812014000000001,0.8553724,0.9759011,0.12052869999999993,0.8875,0.90000004,0.012500040000000046,0.0,0.0,0.0,0.0,0.0,0.0,0.0,0.0,0.0,1,1,0,False,False,False,False,False,False
2156,0.7974979,0.7919853,-0.005512599999999979,0.79642564,0.8474789,0.05105325999999999,0.8,0.6625,-0.13750000000000007,0.0,0.0,0.0,0.0,0.0,0.0,0.0,0.0,0.0,1,1,0,False,False,False,False,False,False
2157,0.7914483,0.71017087,-0.08127742999999998,0.7877832,0.83774406,0.049960859999999996,0.8,0.4125,-0.38750000000000007,0.0,0.0,0.0,0.0,0.0,0.0,0.0,0.0,0.0,1,1,0,False,False,False,False,False,False
2158,0.8870684,0.8523178,-0.034750599999999965,0.8975977,0.8372397,-0.06035800000000002,0.8625,0.8875,0.02499999999999991,0.0,0.0,0.0,0.0,0.0,0.0,0.0,0.0,0.0,1,1,0,False,False,False,False,False,False
2159,0.8816633,0.88650703,0.004843729999999935,0.86309046,0.91286725,0.049776790000000015,0.925,0.825,-0.10000000000000009,0.0,0.0,0.0,0.0,0.0,0.0,0.0,0.0,0.0,1,1,0,False,False,False,False,False,False
2160,0.9047638,0.5111362,-0.39362759999999997,0.9121625,0.4355516,-0.4766109,0.8875,0.6875,-0.19999999999999996,0.0,0.0,0.0,0.0,0.0,0.0,0.0,0.0,0.0,1,1,0,False,False,False,False,False,False
2161,0.8498644,0.92803496,0.07817056,0.83373475,0.9614786,0.12774385,0.8875,0.85,-0.03749999999999998,0.0,0.0,0.0,0.0,0.0,0.0,0.0,0.0,0.0,1,1,0,False,False,False,False,False,False
2162,0.8626119,0.8769989,0.014387000000000039,0.8519455,0.92606986,0.07412436,0.8875,0.7625,-0.125,0.0,0.0,0.0,0.0,0.0,0.0,0.0,0.0,0.0,1,1,0,False,False,False,False,False,False
2163,0.8247078,0.849462,0.02475420000000006,0.8620826,0.9510171,0.08893449999999992,0.7375,0.6125,-0.125,0.0,0.0,0.0,0.0,0.0,0.0,0.0,0.0,0.0,1,1,0,False,False,False,False,False,False
2164,0.72520393,0.8011689,0.07596496999999991,0.7252913,0.8391699,0.11387860000000005,0.725,0.71250004,-0.012499959999999977,0.0,0.0,0.0,0.0,0.0,0.0,0.0,0.0,0.0,1,1,0,False,False,False,False,False,False
2165,0.8776326,0.6515382,-0.22609440000000003,0.8734037,0.60934025,-0.26406345,0.8875,0.75,-0.13749999999999996,0.0,0.0,0.0,0.0,0.0,0.0,0.0,0.0,0.0,1,1,0,False,False,False,False,False,False
2166,0.8484594,0.77734417,-0.07111522999999997,0.78351355,0.7354917,-0.04802185000000003,1.0,0.875,-0.125,0.0,0.0,0.0,0.0,0.0,0.0,0.0,0.0,0.0,1,1,0,False,False,False,False,False,False
2167,0.3,0.6126763,0.31267629999999996,0.0,0.44668052,0.44668052,1.0,1.0,0.0,0.0,0.0,0.0,0.0,0.0,0.0,0.0,0.0,0.0,1,1,0,False,False,False,False,False,False
2168,1.0,1.0,0.0,1.0,1.0,0.0,1.0,1.0,0.0,0.0,0.0,0.0,0.0,0.0,0.0,0.0,0.0,0.0,1,1,0,False,False,False,False,False,False
2169,0.8961032,0.87374365,-0.022359550000000006,0.851576,0.8196338,-0.03194220000000003,1.0,1.0,0.0,0.0,0.0,0.0,0.0,0.0,0.0,0.0,0.0,0.0,1,1,0,False,False,False,False,False,False
2170,0.86991465,0.89370865,0.023793999999999982,0.8623781,0.949941,0.0875629,0.8875,0.7625,-0.125,0.0,0.0,0.0,0.0,0.0,0.0,0.0,0.0,0.0,1,1,0,False,False,False,False,False,False
2171,0.77421284,0.8130208,0.038807959999999975,0.6774469,0.78110117,0.10365427000000005,1.0,0.8875,-0.11250000000000004,0.0,0.0,0.0,0.0,0.0,0.0,0.0,0.0,0.0,1,1,0,False,False,False,False,False,False
2172,0.9051792,0.87142926,-0.03374993999999998,0.86454177,0.86454177,0.0,1.0,0.8875,-0.11250000000000004,0.0,0.0,0.0,0.0,0.0,0.0,0.0,0.0,0.0,1,1,0,False,False,False,False,False,False
2173,0.9680994,0.8693986,-0.09870080000000003,0.9544278,0.8616409,-0.0927869,1.0,0.8875,-0.11250000000000004,0.0,0.0,0.0,0.0,0.0,0.0,0.0,0.0,0.0,1,1,0,False,False,False,False,False,False
2174,0.0,0.0,0.0,0.08032385,0.14599699,0.06567313999999999,0.0,0.05882353,0.05882353,1.0,1.0,0.0,1.0,1.0,0.0,0.0,0.0,0.0,0,0,0,False,False,False,False,False,False
2175,1.0,1.0,0.0,1.0,1.0,0.0,1.0,1.0,0.0,0.0,0.0,0.0,0.0,0.0,0.0,0.0,0.0,0.0,1,1,0,False,False,False,False,False,False
2176,0.8611273,0.691122,-0.17000530000000003,0.88732463,0.8748172,-0.012507429999999986,0.8,0.26250002,-0.53749998,0.0,0.0,0.0,0.0,0.0,0.0,0.0,0.0,0.0,1,1,0,False,False,False,False,False,False
2177,0.70638335,0.8068991,0.10051575000000001,0.6287619,0.77235585,0.14359394999999997,0.8875,0.8875,0.0,0.0,0.0,0.0,0.0,0.0,0.0,0.0,0.0,0.0,1,1,0,False,False,False,False,False,False
2178,0.83895296,0.7253982,-0.11355475999999998,0.8235042,0.8487831,0.025278899999999993,0.875,0.4375,-0.4375,0.0,0.0,0.0,0.0,0.0,0.0,0.0,0.0,0.0,1,1,0,False,False,False,False,False,False
2179,0.0,0.0,0.0,1.0,1.0,0.0,1.0,1.0,0.0,1.0,1.0,0.0,1.0,1.0,0.0,0.0,0.0,0.0,0,0,0,False,False,False,False,False,False
2180,0.8601913,0.89905405,0.03886275000000006,0.8484875,0.93614864,0.08766114000000003,0.8875,0.8125,-0.07499999999999996,0.0,0.0,0.0,0.0,0.0,0.0,0.0,0.0,0.0,1,1,0,False,False,False,False,False,False
2181,0.81659395,0.8887772,0.07218325000000003,0.8183485,0.9214674,0.10311890000000001,0.8125,0.8125,0.0,0.0,0.0,0.0,0.0,0.0,0.0,0.0,0.0,0.0,1,1,0,False,False,False,False,False,False
2182,1.0,1.0,0.0,1.0,1.0,0.0,1.0,1.0,0.0,0.0,0.0,0.0,0.0,0.0,0.0,0.0,0.0,0.0,1,1,0,False,False,False,False,False,False
2183,0.9062175,0.9527113,0.04649380000000003,0.866025,0.93244463,0.06641962999999995,1.0,1.0,0.0,0.0,0.0,0.0,0.0,0.0,0.0,0.0,0.0,0.0,1,1,0,False,False,False,False,False,False
2184,0.8331615,0.9139311,0.0807696,0.8098735,0.92525876,0.11538525999999993,0.8875,0.8875,0.0,0.0,0.0,0.0,0.0,0.0,0.0,0.0,0.0,0.0,1,1,0,False,False,False,False,False,False
2185,0.93108577,0.91156405,-0.019521720000000076,0.9015511,0.8736629,-0.02788820000000003,1.0,1.0,0.0,0.0,0.0,0.0,0.0,0.0,0.0,0.0,0.0,0.0,1,1,0,False,False,False,False,False,False
2186,1.0,0.8648923,-0.13510770000000005,1.0,0.806989,-0.19301100000000004,1.0,1.0,0.0,0.0,0.0,0.0,0.0,0.0,0.0,0.0,0.0,0.0,1,1,0,False,False,False,False,False,False
2187,1.0,0.98596495,-0.014035050000000049,1.0,0.97995,-0.020050000000000012,1.0,1.0,0.0,0.0,0.0,0.0,0.0,0.0,0.0,0.0,0.0,0.0,1,1,0,False,False,False,False,False,False
2188,0.8515791,0.91380703,0.06222792999999993,0.8361845,0.92508143,0.08889692999999999,0.8875,0.8875,0.0,0.0,0.0,0.0,0.0,0.0,0.0,0.0,0.0,0.0,1,1,0,False,False,False,False,False,False
2189,1.0,1.0,0.0,1.0,1.0,0.0,1.0,1.0,0.0,0.0,0.0,0.0,0.0,0.0,0.0,0.0,0.0,0.0,1,1,0,False,False,False,False,False,False
2190,0.868528,0.86490864,-0.0036193599999999604,0.8121828,0.9623694,0.15018660000000006,1.0,0.6375,-0.36250000000000004,0.0,0.0,0.0,0.0,0.0,0.0,0.0,0.0,0.0,1,1,0,False,False,False,False,False,False
2191,1.0,1.0,0.0,1.0,1.0,0.0,1.0,1.0,0.0,0.0,0.0,0.0,0.0,0.0,0.0,0.0,0.0,0.0,1,1,0,False,False,False,False,False,False
2192,0.8117016,0.8333313,0.021629699999999974,0.81135947,0.91190183,0.10054236000000005,0.8125,0.65000004,-0.16249996,0.0,0.0,0.0,0.0,0.0,0.0,0.0,0.0,0.0,1,1,0,False,False,False,False,False,False
2193,0.8867399,0.9559931,0.06925320000000001,0.8864143,0.93713295,0.050718649999999976,0.8875,1.0,0.11250000000000004,0.0,0.0,0.0,0.0,0.0,0.0,0.0,0.0,0.0,1,1,0,False,False,False,False,False,False
2194,0.80330086,0.8096878,0.006386939999999952,0.7993584,0.89955395,0.10019555000000002,0.8125,0.6,-0.21250000000000002,0.0,0.0,0.0,0.0,0.0,0.0,0.0,0.0,0.0,1,1,0,False,False,False,False,False,False
2195,0.6687761,0.6449254,-0.023850700000000002,0.6286087,0.7713221,0.1427134,0.7625,0.35,-0.4125,0.0,0.0,0.0,0.0,0.0,0.0,0.0,0.0,0.0,1,1,0,False,False,False,False,False,False
2196,0.87026757,0.8489172,-0.021350369999999952,0.86288226,0.95023894,0.08735667999999996,0.8875,0.6125,-0.2749999999999999,0.0,0.0,0.0,0.0,0.0,0.0,0.0,0.0,0.0,1,1,0,False,False,False,False,False,False
2197,0.7861509,0.8581764,0.07202549999999996,0.6945013,0.7973948,0.10289349999999997,1.0,1.0,0.0,0.0,0.0,0.0,0.0,0.0,0.0,0.0,0.0,0.0,1,1,0,False,False,False,False,False,False
2198,0.96625006,0.89308846,-0.07316160000000005,1.0,0.8472692,-0.15273080000000006,0.8875,1.0,0.11250000000000004,0.0,0.0,0.0,0.0,0.0,0.0,0.0,0.0,0.0,1,1,0,False,False,False,False,False,False
2199,0.83553594,0.8655359,0.029999960000000048,0.8882656,0.8882656,0.0,0.71250004,0.8125,0.09999996,0.0,0.0,0.0,0.0,0.0,0.0,0.0,0.0,0.0,1,1,0,False,False,False,False,False,False
2200,0.7561559,0.8661373,0.1099814,0.6998656,0.862339,0.1624734,0.8875,0.875,-0.012499999999999956,0.0,0.0,0.0,0.0,0.0,0.0,0.0,0.0,0.0,1,1,0,False,False,False,False,False,False
2201,0.79477465,0.8346025,0.03982785,0.8086066,0.84943205,0.04082545000000004,0.7625,0.8,0.03750000000000009,0.0,0.0,0.0,0.0,0.0,0.0,0.0,0.0,0.0,1,1,0,False,False,False,False,False,False
2202,0.74485886,0.0,-0.74485886,0.68908405,0.8249019,0.13581785000000002,0.875,0.5205479,-0.35445210000000005,0.0,1.0,1.0,0.0,1.0,1.0,0.0,0.0,0.0,1,0,-1,False,False,False,True,False,True
2203,0.9132643,0.8657603,-0.04750399999999999,0.9243062,0.8618005,-0.0625057,0.8875,0.875,-0.012499999999999956,0.0,0.0,0.0,0.0,0.0,0.0,0.0,0.0,0.0,1,1,0,False,False,False,False,False,False
2204,0.76485914,0.7047531,-0.06010603999999997,0.71229875,0.7871472,0.07484845000000007,0.8875,0.5125,-0.375,0.0,0.0,0.0,0.0,0.0,0.0,0.0,0.0,0.0,1,1,0,False,False,False,False,False,False
2205,1.0,0.8399582,-0.1600418,1.0,0.77136886,-0.22863113999999995,1.0,1.0,0.0,0.0,0.0,0.0,0.0,0.0,0.0,0.0,0.0,0.0,1,1,0,False,False,False,False,False,False
2206,0.7906896,0.8473286,0.056638999999999995,0.8134851,0.8997551,0.08627000000000007,0.7375,0.725,-0.012500000000000067,0.0,0.0,0.0,0.0,0.0,0.0,0.0,0.0,0.0,1,1,0,False,False,False,False,False,False
2207,0.69525975,0.8057871,0.11052735000000002,0.6128711,0.77076733,0.15789622999999997,0.8875,0.8875,0.0,0.0,0.0,0.0,0.0,0.0,0.0,0.0,0.0,0.0,1,1,0,False,False,False,False,False,False
2208,0.8379248,0.8491545,0.011229700000000009,0.76846397,0.8327207,0.06425672999999998,1.0,0.8875,-0.11250000000000004,0.0,0.0,0.0,0.0,0.0,0.0,0.0,0.0,0.0,1,1,0,False,False,False,False,False,False
2209,1.0,1.0,0.0,1.0,1.0,0.0,1.0,1.0,0.0,0.0,0.0,0.0,0.0,0.0,0.0,0.0,0.0,0.0,1,1,0,False,False,False,False,False,False
2210,0.91375,0.94750005,0.03375005000000009,1.0,1.0,0.0,0.71250004,0.825,0.11249995999999995,0.0,0.0,0.0,0.0,0.0,0.0,0.0,0.0,0.0,1,1,0,False,False,False,False,False,False
2211,0.85600007,0.93113273,0.07513265999999996,0.8746429,0.9498325,0.07518959999999997,0.8125,0.8875,0.07499999999999996,0.0,0.0,0.0,0.0,0.0,0.0,0.0,0.0,0.0,1,1,0,False,False,False,False,False,False
2212,0.92875004,1.0,0.07124995999999995,1.0,1.0,0.0,0.7625,1.0,0.23750000000000004,0.0,0.0,0.0,0.0,0.0,0.0,0.0,0.0,0.0,1,1,0,False,False,False,False,False,False
2213,0.8068351,0.7843351,-0.022500000000000075,0.8365501,0.8365501,0.0,0.7375,0.6625,-0.07500000000000007,0.0,0.0,0.0,0.0,0.0,0.0,0.0,0.0,0.0,1,1,0,False,False,False,False,False,False
2214,1.0,1.0,0.0,1.0,1.0,0.0,1.0,1.0,0.0,0.0,0.0,0.0,0.0,0.0,0.0,0.0,0.0,0.0,1,1,0,False,False,False,False,False,False
2215,0.88417894,0.8622641,-0.02191483999999999,0.8666842,0.83002,-0.036664200000000036,0.925,0.9375,0.012499999999999956,0.0,0.0,0.0,0.0,0.0,0.0,0.0,0.0,0.0,1,1,0,False,False,False,False,False,False
2216,1.0,0.9779337,-0.022066299999999983,1.0,0.9684768,-0.03152319999999997,1.0,1.0,0.0,0.0,0.0,0.0,0.0,0.0,0.0,0.0,0.0,0.0,1,1,0,False,False,False,False,False,False
2217,1.0,1.0,0.0,1.0,1.0,0.0,1.0,1.0,0.0,0.0,0.0,0.0,0.0,0.0,0.0,0.0,0.0,0.0,1,1,0,False,False,False,False,False,False
2218,1.0,0.9663653,-0.03363470000000002,1.0,0.95195043,-0.048049569999999986,1.0,1.0,0.0,0.0,0.0,0.0,0.0,0.0,0.0,0.0,0.0,0.0,1,1,0,False,False,False,False,False,False
2219,1.0,0.96625006,-0.03374993999999998,1.0,1.0,0.0,1.0,0.8875,-0.11250000000000004,0.0,0.0,0.0,0.0,0.0,0.0,0.0,0.0,0.0,1,1,0,False,False,False,False,False,False
2220,0.8542054,0.8242054,-0.030000000000000027,0.91493636,0.91493636,0.0,0.71250004,0.6125,-0.10000003999999996,0.0,0.0,0.0,0.0,0.0,0.0,0.0,0.0,0.0,1,1,0,False,False,False,False,False,False
2221,0.7570323,0.81657594,0.05954364000000001,0.6850461,0.7861799,0.10113380000000005,0.925,0.8875,-0.03750000000000009,0.0,0.0,0.0,0.0,0.0,0.0,0.0,0.0,0.0,1,1,0,False,False,False,False,False,False
2222,0.86603785,0.87728786,0.011250010000000032,0.8729112,0.8729112,0.0,0.85,0.8875,0.03749999999999998,0.0,0.0,0.0,0.0,0.0,0.0,0.0,0.0,0.0,1,1,0,False,False,False,False,False,False
2223,1.0,0.97749996,-0.022500040000000054,1.0,1.0,0.0,1.0,0.925,-0.07499999999999996,0.0,0.0,0.0,0.0,0.0,0.0,0.0,0.0,0.0,1,1,0,False,False,False,False,False,False
2224,0.8604437,0.9133089,0.052865199999999946,0.8488481,0.92436993,0.07552183000000001,0.8875,0.8875,0.0,0.0,0.0,0.0,0.0,0.0,0.0,0.0,0.0,0.0,1,1,0,False,False,False,False,False,False
2225,0.96625006,0.8520511,-0.11419896000000007,1.0,0.8368587,-0.16314130000000004,0.8875,0.8875,0.0,0.0,0.0,0.0,0.0,0.0,0.0,0.0,0.0,0.0,1,1,0,False,False,False,False,False,False
2226,1.0,0.91865015,-0.08134984999999995,1.0,0.93735737,-0.06264263000000003,1.0,0.875,-0.125,0.0,0.0,0.0,0.0,0.0,0.0,0.0,0.0,0.0,1,1,0,False,False,False,False,False,False
2227,1.0,1.0,0.0,1.0,1.0,0.0,1.0,1.0,0.0,0.0,0.0,0.0,0.0,0.0,0.0,0.0,0.0,0.0,1,1,0,False,False,False,False,False,False
2228,1.0,0.0,-1.0,1.0,0.09914265,-0.90085735,1.0,1.0,0.0,0.0,0.0,0.0,0.0,0.0,0.0,0.0,1.0,1.0,1,0,-1,False,True,False,False,False,False
2229,0.8777537,0.83384174,-0.04391195999999997,0.82536227,0.950131,0.12476873,1.0,0.5625,-0.4375,0.0,0.0,0.0,0.0,0.0,0.0,0.0,0.0,0.0,1,1,0,False,False,False,False,False,False
2230,0.94375,0.92125,-0.022499999999999964,1.0,1.0,0.0,0.8125,0.7375,-0.07499999999999996,0.0,0.0,0.0,0.0,0.0,0.0,0.0,0.0,0.0,1,1,0,False,False,False,False,False,False
2231,0.836744,0.8782263,0.04148229999999997,0.76677716,0.8260375,0.05926034000000002,1.0,1.0,0.0,0.0,0.0,0.0,0.0,0.0,0.0,0.0,0.0,0.0,1,1,0,False,False,False,False,False,False
2232,1.0,0.74617404,-0.25382596,1.0,0.63739145,-0.36260855000000003,1.0,1.0,0.0,0.0,0.0,0.0,0.0,0.0,0.0,0.0,0.0,0.0,1,1,0,False,False,False,False,False,False
2233,1.0,1.0,0.0,1.0,1.0,0.0,1.0,1.0,0.0,0.0,0.0,0.0,0.0,0.0,0.0,0.0,0.0,0.0,1,1,0,False,False,False,False,False,False
2234,0.96625006,0.76945955,-0.19679051000000003,1.0,0.9331565,-0.06684349999999994,0.8875,0.38750002,-0.49999997999999996,0.0,0.0,0.0,0.0,0.0,0.0,0.0,0.0,0.0,1,1,0,False,False,False,False,False,False
2235,0.80308676,0.82405597,0.02096920999999996,0.71869534,0.7807942,0.06209885999999998,1.0,0.925,-0.07499999999999996,0.0,0.0,0.0,0.0,0.0,0.0,0.0,0.0,0.0,1,1,0,False,False,False,False,False,False
2236,0.71740407,0.7404408,0.02303673000000006,0.7998629,0.9131296,0.11326669999999994,0.52500004,0.3375,-0.18750003999999998,0.0,0.0,0.0,0.0,0.0,0.0,0.0,0.0,0.0,1,1,0,False,False,False,False,False,False
2237,0.783176,0.83721715,0.05404114999999998,0.6902514,0.81566745,0.12541605,1.0,0.8875,-0.11250000000000004,0.0,0.0,0.0,0.0,0.0,0.0,0.0,0.0,0.0,1,1,0,False,False,False,False,False,False
2238,1.0,1.0,0.0,1.0,1.0,0.0,1.0,1.0,0.0,0.0,0.0,0.0,0.0,0.0,0.0,0.0,0.0,0.0,1,1,0,False,False,False,False,False,False
2239,1.0,0.8021323,-0.19786769999999998,0.99999994,0.7173319,-0.28266804,1.0,1.0,0.0,0.0,0.0,0.0,0.0,0.0,0.0,0.0,0.0,0.0,1,1,0,False,False,False,False,False,False
2240,0.8612189,0.9363505,0.07513159999999997,0.88209844,0.98942935,0.10733090999999995,0.8125,0.8125,0.0,0.0,0.0,0.0,0.0,0.0,0.0,0.0,0.0,0.0,1,1,0,False,False,False,False,False,False
2241,0.77908725,0.85115063,0.07206338000000001,0.6844104,0.8355723,0.15116190000000007,1.0,0.8875,-0.11250000000000004,0.0,0.0,0.0,0.0,0.0,0.0,0.0,0.0,0.0,1,1,0,False,False,False,False,False,False
2242,0.8336796,0.8640532,0.0303736,0.8159708,0.9397187,0.12374790000000002,0.875,0.6875,-0.1875,0.0,0.0,0.0,0.0,0.0,0.0,0.0,0.0,0.0,1,1,0,False,False,False,False,False,False
2243,0.78865904,0.83830607,0.049647030000000036,0.7302271,0.817223,0.08699590000000001,0.925,0.8875,-0.03750000000000009,0.0,0.0,0.0,0.0,0.0,0.0,0.0,0.0,0.0,1,1,0,False,False,False,False,False,False
2244,0.71569246,0.49312392,-0.22256853999999998,0.5938464,0.27589133,-0.31795507,1.0,1.0,0.0,0.0,0.0,0.0,0.0,0.0,0.0,0.0,0.0,0.0,1,1,0,False,False,False,False,False,False
2245,1.0,1.0,0.0,1.0,1.0,0.0,1.0,1.0,0.0,0.0,0.0,0.0,0.0,0.0,0.0,0.0,0.0,0.0,1,1,0,False,False,False,False,False,False
2246,0.96625006,0.8706115,-0.09563856000000004,1.0,0.8633736,-0.13662640000000004,0.8875,0.8875,0.0,0.0,0.0,0.0,0.0,0.0,0.0,0.0,0.0,0.0,1,1,0,False,False,False,False,False,False
2247,1.0,1.0,0.0,1.0,1.0,0.0,1.0,1.0,0.0,0.0,0.0,0.0,0.0,0.0,0.0,0.0,0.0,0.0,1,1,0,False,False,False,False,False,False
2248,0.88530856,0.7663853,-0.11892325999999998,0.8950836,0.6662647,-0.22881889999999994,0.8625,1.0,0.13749999999999996,0.0,0.0,0.0,0.0,0.0,0.0,0.0,0.0,0.0,1,1,0,False,False,False,False,False,False
2249,0.76045805,0.8834812,0.12302314999999997,0.8399401,0.91390175,0.07396164999999999,0.575,0.8125,0.23750000000000004,0.0,0.0,0.0,0.0,0.0,0.0,0.0,0.0,0.0,1,1,0,False,False,False,False,False,False
2250,0.9403555,0.8625931,-0.07776240000000001,0.91479355,0.8037044,-0.11108914999999997,1.0,1.0,0.0,0.0,0.0,0.0,0.0,0.0,0.0,0.0,0.0,0.0,1,1,0,False,False,False,False,False,False
2251,1.0,1.0,0.0,1.0,1.0,0.0,1.0,1.0,0.0,0.0,0.0,0.0,0.0,0.0,0.0,0.0,0.0,0.0,1,1,0,False,False,False,False,False,False
2252,1.0,1.0,0.0,1.0,1.0,0.0,1.0,1.0,0.0,0.0,0.0,0.0,0.0,0.0,0.0,0.0,0.0,0.0,1,1,0,False,False,False,False,False,False
2253,0.83639365,0.88027155,0.043877900000000025,0.88949096,0.8771737,-0.012317260000000108,0.71250004,0.8875,0.17499995999999995,0.0,0.0,0.0,0.0,0.0,0.0,0.0,0.0,0.0,1,1,0,False,False,False,False,False,False
2254,0.91375,0.97374994,0.059999940000000085,0.99999994,0.99999994,0.0,0.71250004,0.9125,0.19999995999999998,0.0,0.0,0.0,0.0,0.0,0.0,0.0,0.0,0.0,1,1,0,False,False,False,False,False,False
2255,0.8511381,0.933248,0.08210989999999996,0.78734016,0.9421399,0.15479974000000007,1.0,0.9125,-0.08750000000000002,0.0,0.0,0.0,0.0,0.0,0.0,0.0,0.0,0.0,1,1,0,False,False,False,False,False,False
2256,1.0,1.0,0.0,1.0,1.0,0.0,1.0,1.0,0.0,0.0,0.0,0.0,0.0,0.0,0.0,0.0,0.0,0.0,1,1,0,False,False,False,False,False,False
2257,0.87538093,0.9181978,0.04281687000000001,0.8701871,0.8831397,0.01295259999999998,0.8875,1.0,0.11250000000000004,0.0,0.0,0.0,0.0,0.0,0.0,0.0,0.0,0.0,1,1,0,False,False,False,False,False,False
2258,1.0,1.0,0.0,1.0,1.0,0.0,1.0,1.0,0.0,0.0,0.0,0.0,0.0,0.0,0.0,0.0,0.0,0.0,1,1,0,False,False,False,False,False,False
2259,0.97749996,0.85680294,-0.12069701999999993,0.99999994,0.8436471,-0.15635284000000005,0.925,0.8875,-0.03750000000000009,0.0,0.0,0.0,0.0,0.0,0.0,0.0,0.0,0.0,1,1,0,False,False,False,False,False,False
2260,0.8642365,0.88607895,0.02184245000000007,0.85426635,0.88011277,0.025846420000000037,0.8875,0.90000004,0.012500040000000046,0.0,0.0,0.0,0.0,0.0,0.0,0.0,0.0,0.0,1,1,0,False,False,False,False,False,False
2261,1.0,0.6188248,-0.38117520000000005,1.0,0.45546395,-0.54453605,1.0,1.0,0.0,0.0,0.0,0.0,0.0,0.0,0.0,0.0,0.0,0.0,1,1,0,False,False,False,False,False,False
2262,0.878879,0.8750213,-0.003857699999999964,0.87518424,0.98753035,0.11234611000000005,0.8875,0.6125,-0.2749999999999999,0.0,0.0,0.0,0.0,0.0,0.0,0.0,0.0,0.0,1,1,0,False,False,False,False,False,False
2263,0.84344864,0.92250293,0.07905429000000008,0.8245696,0.9375042,0.1129346,0.8875,0.8875,0.0,0.0,0.0,0.0,0.0,0.0,0.0,0.0,0.0,0.0,1,1,0,False,False,False,False,False,False
2264,1.0,1.0,0.0,1.0,1.0,0.0,1.0,1.0,0.0,0.0,0.0,0.0,0.0,0.0,0.0,0.0,0.0,0.0,1,1,0,False,False,False,False,False,False
2265,0.82482356,0.78867304,-0.036150519999999964,0.82474804,0.87489,0.05014195999999993,0.825,0.58750004,-0.23749995999999995,0.0,0.0,0.0,0.0,0.0,0.0,0.0,0.0,0.0,1,1,0,False,False,False,False,False,False
2266,1.0,1.0,0.0,1.0,1.0,0.0,1.0,1.0,0.0,0.0,0.0,0.0,0.0,0.0,0.0,0.0,0.0,0.0,1,1,0,False,False,False,False,False,False
2267,0.94750005,0.7504173,-0.19708275000000008,1.0,0.64345324,-0.35654675999999996,0.825,1.0,0.17500000000000004,0.0,0.0,0.0,0.0,0.0,0.0,0.0,0.0,0.0,1,1,0,False,False,False,False,False,False
2268,0.8743677,0.9469909,0.0726232,0.82052535,0.92427266,0.10374730999999993,1.0,1.0,0.0,0.0,0.0,0.0,0.0,0.0,0.0,0.0,0.0,0.0,1,1,0,False,False,False,False,False,False
2269,0.8272206,0.613478,-0.2137426,0.80138665,0.83889717,0.03751051999999999,0.8875,0.0875,-0.7999999999999999,0.0,0.0,0.0,0.0,0.0,0.0,0.0,0.0,0.0,1,1,0,False,False,False,False,False,False
2270,1.0,1.0,0.0,1.0,1.0,0.0,1.0,1.0,0.0,0.0,0.0,0.0,0.0,0.0,0.0,0.0,0.0,0.0,1,1,0,False,False,False,False,False,False
2271,0.0,0.91937226,0.91937226,0.6023608,0.91696036,0.31459956,0.28125,0.925,0.64375,1.0,0.0,-1.0,1.0,0.0,-1.0,0.0,0.0,0.0,0,1,1,False,False,True,False,True,False
2272,0.7818341,0.78470314,0.0028690399999999894,0.8115487,0.9120759,0.10052720000000004,0.71250004,0.4875,-0.22500004,0.0,0.0,0.0,0.0,0.0,0.0,0.0,0.0,0.0,1,1,0,False,False,False,False,False,False
2273,1.0,1.0,0.0,1.0,1.0,0.0,1.0,1.0,0.0,0.0,0.0,0.0,0.0,0.0,0.0,0.0,0.0,0.0,1,1,0,False,False,False,False,False,False
2274,0.87884754,0.92247146,0.04362392000000004,0.8751393,0.9374592,0.062319900000000095,0.8875,0.8875,0.0,0.0,0.0,0.0,0.0,0.0,0.0,0.0,0.0,0.0,1,1,0,False,False,False,False,False,False
2275,1.0,1.0,0.0,1.0,1.0,0.0,1.0,1.0,0.0,0.0,0.0,0.0,0.0,0.0,0.0,0.0,0.0,0.0,1,1,0,False,False,False,False,False,False
2276,0.9022075,0.87687683,-0.02533067,0.86029637,0.93660975,0.07631337999999999,1.0,0.7375,-0.26249999999999996,0.0,0.0,0.0,0.0,0.0,0.0,0.0,0.0,0.0,1,1,0,False,False,False,False,False,False
2277,0.8365796,0.7625047,-0.07407489999999994,0.8576137,0.8214353,-0.036178400000000055,0.7875,0.625,-0.16249999999999998,0.0,0.0,0.0,0.0,0.0,0.0,0.0,0.0,0.0,1,1,0,False,False,False,False,False,False
2278,0.28310207,0.28310207,0.0,0.024074385,0.024074385,0.0,0.8875,0.8875,0.0,0.0,0.0,0.0,0.0,0.0,0.0,0.0,0.0,0.0,1,1,0,False,False,False,False,False,False
2279,0.91375,0.0,-0.91375,1.0,1.0,0.0,0.71250004,0.9142857,0.20178565999999998,0.0,1.0,1.0,0.0,1.0,1.0,0.0,0.0,0.0,1,0,-1,False,False,False,True,False,True
2280,0.84060717,0.77856725,-0.062039919999999915,0.8258674,0.9247389,0.0988715,0.875,0.4375,-0.4375,0.0,0.0,0.0,0.0,0.0,0.0,0.0,0.0,0.0,1,1,0,False,False,False,False,False,False
2281,0.84393424,0.94880927,0.10487503000000009,0.8252632,0.9750847,0.14982150000000005,0.8875,0.8875,0.0,0.0,0.0,0.0,0.0,0.0,0.0,0.0,0.0,0.0,1,1,0,False,False,False,False,False,False
2282,1.0,1.0,0.0,1.0,1.0,0.0,1.0,1.0,0.0,0.0,0.0,0.0,0.0,0.0,0.0,0.0,0.0,0.0,1,1,0,False,False,False,False,False,False
2283,1.0,0.7496819,-0.2503181,1.0,0.6799026,-0.3200974,1.0,0.9125,-0.08750000000000002,0.0,0.0,0.0,0.0,0.0,0.0,0.0,0.0,0.0,1,1,0,False,False,False,False,False,False
2284,1.0,1.0,0.0,1.0,1.0,0.0,1.0,1.0,0.0,0.0,0.0,0.0,0.0,0.0,0.0,0.0,0.0,0.0,1,1,0,False,False,False,False,False,False
2285,0.71056557,0.7492379,0.03867233000000003,0.73652226,0.7864112,0.04988893999999999,0.65000004,0.6625,0.012499959999999977,0.0,0.0,0.0,0.0,0.0,0.0,0.0,0.0,0.0,1,1,0,False,False,False,False,False,False
2286,0.80630344,0.72485363,-0.08144980999999996,0.72329056,0.83193374,0.10864317999999995,1.0,0.475,-0.525,0.0,0.0,0.0,0.0,0.0,0.0,0.0,0.0,0.0,1,1,0,False,False,False,False,False,False
2287,0.84174407,0.91540736,0.07366329000000005,0.8274916,0.92736775,0.09987615000000005,0.875,0.8875,0.012499999999999956,0.0,0.0,0.0,0.0,0.0,0.0,0.0,0.0,0.0,1,1,0,False,False,False,False,False,False
2288,0.7644494,0.8638073,0.0993579,0.6634991,0.80543894,0.14193984000000004,1.0,1.0,0.0,0.0,0.0,0.0,0.0,0.0,0.0,0.0,0.0,0.0,1,1,0,False,False,False,False,False,False
2289,0.8912754,0.9025,0.011224599999999918,0.8982506,1.0,0.10174939999999999,0.875,0.675,-0.19999999999999996,0.0,0.0,0.0,0.0,0.0,0.0,0.0,0.0,0.0,1,1,0,False,False,False,False,False,False
2290,0.97749996,0.9518018,-0.025698159999999914,1.0000001,0.9311454,-0.06885470000000005,0.925,1.0,0.07499999999999996,0.0,0.0,0.0,0.0,0.0,0.0,0.0,0.0,0.0,1,1,0,False,False,False,False,False,False
2291,1.0,1.0,0.0,1.0,1.0,0.0,1.0,1.0,0.0,0.0,0.0,0.0,0.0,0.0,0.0,0.0,0.0,0.0,1,1,0,False,False,False,False,False,False
2292,0.95874995,0.77234286,-0.18640709,1.0,0.7926326,-0.20736739999999998,0.8625,0.725,-0.13750000000000007,0.0,0.0,0.0,0.0,0.0,0.0,0.0,0.0,0.0,1,1,0,False,False,False,False,False,False
2293,0.0,0.88679963,0.88679963,0.77050775,0.88649946,0.11599170999999997,0.83928573,0.8875,0.048214270000000004,0.0,0.0,0.0,0.0,0.0,0.0,1.0,0.0,-1.0,0,1,1,True,False,False,False,False,False
2294,0.8845526,0.91830266,0.033750060000000026,0.88328946,0.88328946,0.0,0.8875,1.0,0.11250000000000004,0.0,0.0,0.0,0.0,0.0,0.0,0.0,0.0,0.0,1,1,0,False,False,False,False,False,False
2295,0.0,0.0,0.0,1.0,1.0,0.0,1.0,1.0,0.0,1.0,1.0,0.0,1.0,1.0,0.0,0.0,0.0,0.0,0,0,0,False,False,False,False,False,False
2296,0.0,0.90306056,0.90306056,0.90063,0.90972936,0.00909936,0.890625,0.8875,-0.0031250000000000444,0.0,0.0,0.0,0.0,0.0,0.0,1.0,0.0,-1.0,0,1,1,True,False,False,False,False,False
2297,0.7188992,0.763811,0.04491180000000006,0.63057023,0.71080136,0.08023113000000004,0.925,0.8875,-0.03750000000000009,0.0,0.0,0.0,0.0,0.0,0.0,0.0,0.0,0.0,1,1,0,False,False,False,False,False,False
2298,0.812346,0.86990976,0.057563759999999964,0.73192286,0.81415683,0.0822339700000001,1.0,1.0,0.0,0.0,0.0,0.0,0.0,0.0,0.0,0.0,0.0,0.0,1,1,0,False,False,False,False,False,False
2299,0.8984119,0.0,-0.8984119,0.91380286,0.30323562,-0.61056724,0.8625,0.6666667,-0.1958333000000001,0.0,0.0,0.0,0.0,1.0,1.0,0.0,0.0,0.0,1,0,-1,False,False,False,True,False,False
2300,0.9222512,0.82906264,-0.09318856000000009,0.9425017,0.8629466,-0.07955509999999999,0.875,0.75,-0.125,0.0,0.0,0.0,0.0,0.0,0.0,0.0,0.0,0.0,1,1,0,False,False,False,False,False,False
2301,0.0,0.8075372,0.8075372,0.07289834,0.72505313,0.65215479,0.33333334,1.0,0.66666666,1.0,0.0,-1.0,1.0,0.0,-1.0,0.0,0.0,0.0,0,1,1,False,False,True,False,True,False
2302,0.7782287,0.71072876,-0.06749994000000004,0.73139817,0.73139817,0.0,0.8875,0.6625,-0.22499999999999998,0.0,0.0,0.0,0.0,0.0,0.0,0.0,0.0,0.0,1,1,0,False,False,False,False,False,False
2303,0.8310253,0.72517836,-0.10584693999999994,0.80682194,0.83239764,0.02557570000000009,0.8875,0.475,-0.4125,0.0,0.0,0.0,0.0,0.0,0.0,0.0,0.0,0.0,1,1,0,False,False,False,False,False,False
2304,0.89544433,0.86944,-0.02600433000000002,0.8506347,0.8134857,-0.03714899999999999,1.0,1.0,0.0,0.0,0.0,0.0,0.0,0.0,0.0,0.0,0.0,0.0,1,1,0,False,False,False,False,False,False
2305,0.87405425,0.8689849,-0.0050693500000000835,0.9379346,0.96283555,0.024900950000000033,0.725,0.65000004,-0.07499995999999998,0.0,0.0,0.0,0.0,0.0,0.0,0.0,0.0,0.0,1,1,0,False,False,False,False,False,False
2306,0.8615985,0.900488,0.03888949999999991,0.8022835,0.85784,0.05555650000000001,1.0,1.0,0.0,0.0,0.0,0.0,0.0,0.0,0.0,0.0,0.0,0.0,1,1,0,False,False,False,False,False,False
2307,0.96625006,0.896793,-0.06945706000000007,1.0,0.85256135,-0.14743865,0.8875,1.0,0.11250000000000004,0.0,0.0,0.0,0.0,0.0,0.0,0.0,0.0,0.0,1,1,0,False,False,False,False,False,False
2308,0.9746241,0.997124,0.022499900000000017,0.99589145,0.99589145,0.0,0.925,1.0,0.07499999999999996,0.0,0.0,0.0,0.0,0.0,0.0,0.0,0.0,0.0,1,1,0,False,False,False,False,False,False
2309,0.8948534,0.75425893,-0.14059447000000003,0.87657624,0.93822706,0.061650819999999995,0.9375,0.32500002,-0.6124999799999999,0.0,0.0,0.0,0.0,0.0,0.0,0.0,0.0,0.0,1,1,0,False,False,False,False,False,False
2310,0.0,0.99307615,0.99307615,0.30465844,0.99010867,0.68545023,1.0,1.0,0.0,0.0,0.0,0.0,0.0,0.0,0.0,1.0,0.0,-1.0,0,1,1,True,False,False,False,False,False
2311,1.0,1.0,0.0,1.0,1.0,0.0,1.0,1.0,0.0,0.0,0.0,0.0,0.0,0.0,0.0,0.0,0.0,0.0,1,1,0,False,False,False,False,False,False
2312,0.74753904,0.8679525,0.12041345999999997,0.7679129,0.90243214,0.13451924000000004,0.7,0.7875,0.08750000000000002,0.0,0.0,0.0,0.0,0.0,0.0,0.0,0.0,0.0,1,1,0,False,False,False,False,False,False
2313,0.85114765,0.85114765,0.0,0.81949663,0.81949663,0.0,0.925,0.925,0.0,0.0,0.0,0.0,0.0,0.0,0.0,0.0,0.0,0.0,1,1,0,False,False,False,False,False,False
2314,0.96250004,0.83945125,-0.12304879000000002,1.0,0.8188588,-0.1811412,0.875,0.8875,0.012499999999999956,0.0,0.0,0.0,0.0,0.0,0.0,0.0,0.0,0.0,1,1,0,False,False,False,False,False,False
2315,1.0,0.8599106,-0.14008940000000003,0.99999994,0.79987234,-0.20012760000000007,1.0,1.0,0.0,0.0,0.0,0.0,0.0,0.0,0.0,0.0,0.0,0.0,1,1,0,False,False,False,False,False,False
2316,0.76456755,0.6456905,-0.11887705000000004,0.71188223,0.64920074,-0.0626814899999999,0.8875,0.6375,-0.25,0.0,0.0,0.0,0.0,0.0,0.0,0.0,0.0,0.0,1,1,0,False,False,False,False,False,False
2317,1.0,0.83439654,-0.16560346000000004,1.0,0.7634236,-0.23657640000000002,1.0,1.0,0.0,0.0,0.0,0.0,0.0,0.0,0.0,0.0,0.0,0.0,1,1,0,False,False,False,False,False,False
2318,0.0,0.86854285,0.86854285,0.706457,0.924704,0.21824699999999997,0.6612903,0.7375,0.07620970000000005,0.0,0.0,0.0,1.0,0.0,-1.0,0.0,0.0,0.0,0,1,1,False,False,True,False,False,False
2319,1.0,1.0,0.0,1.0,1.0,0.0,1.0,1.0,0.0,0.0,0.0,0.0,0.0,0.0,0.0,0.0,0.0,0.0,1,1,0,False,False,False,False,False,False
2320,1.0,1.0,0.0,1.0,1.0,0.0,1.0,1.0,0.0,0.0,0.0,0.0,0.0,0.0,0.0,0.0,0.0,0.0,1,1,0,False,False,False,False,False,False
2321,0.8415883,0.0,-0.8415883,0.95584047,0.49165994,-0.46418053000000004,0.575,0.6764706,0.10147060000000008,0.0,1.0,1.0,0.0,1.0,1.0,0.0,0.0,0.0,1,0,-1,False,False,False,True,False,True
2322,0.8745193,0.83864987,-0.03586942999999998,0.9385989,0.86592835,-0.07267055,0.725,0.77500004,0.05000004000000002,0.0,0.0,0.0,0.0,0.0,0.0,0.0,0.0,0.0,1,1,0,False,False,False,False,False,False
2323,0.8257517,0.9098012,0.0840495,0.8421453,0.9515017,0.10935640000000002,0.7875,0.8125,0.025000000000000022,0.0,0.0,0.0,0.0,0.0,0.0,0.0,0.0,0.0,1,1,0,False,False,False,False,False,False
2324,0.86330616,0.8757849,0.012478739999999933,0.804723,0.9350497,0.13032670000000002,1.0,0.7375,-0.26249999999999996,0.0,0.0,0.0,0.0,0.0,0.0,0.0,0.0,0.0,1,1,0,False,False,False,False,False,False
2325,0.97749996,0.0,-0.97749996,0.99999994,0.73188925,-0.26811069,0.925,1.0,0.07499999999999996,0.0,0.0,0.0,0.0,1.0,1.0,0.0,0.0,0.0,1,0,-1,False,False,False,True,False,False
2326,0.9040758,0.92125,0.01717420000000003,0.9111797,1.0,0.08882029999999996,0.8875,0.7375,-0.1499999999999999,0.0,0.0,0.0,0.0,0.0,0.0,0.0,0.0,0.0,1,1,0,False,False,False,False,False,False
2327,0.0,0.0,0.0,0.052349806,0.21773346,0.165383654,0.0,0.5,0.5,1.0,1.0,0.0,1.0,1.0,0.0,0.0,0.0,0.0,0,0,0,False,False,False,False,False,False
2328,0.0,0.0,0.0,1.0,1.0,0.0,1.0,1.0,0.0,1.0,1.0,0.0,1.0,1.0,0.0,0.0,0.0,0.0,0,0,0,False,False,False,False,False,False
2329,0.9400529,0.0,-0.9400529,0.91436124,0.15589716,-0.75846408,1.0,0.18181819,-0.81818181,0.0,1.0,1.0,0.0,1.0,1.0,0.0,0.0,0.0,1,0,-1,False,False,False,True,False,True
2330,0.7857306,0.8686681,0.08293750000000011,0.75282943,0.88202584,0.12919640999999993,0.8625,0.83750004,-0.024999960000000043,0.0,0.0,0.0,0.0,0.0,0.0,0.0,0.0,0.0,1,1,0,False,False,False,False,False,False
2331,1.0,1.0,0.0,1.0,1.0,0.0,1.0,1.0,0.0,0.0,0.0,0.0,0.0,0.0,0.0,0.0,0.0,0.0,1,1,0,False,False,False,False,False,False
2332,0.0,0.0,0.0,1.0,1.0,0.0,1.0,1.0,0.0,2.0,2.0,0.0,1.0,1.0,0.0,0.0,0.0,0.0,0,0,0,False,False,False,False,False,False
2333,0.96756953,0.9996031,0.032033569999999956,0.95367074,0.9994329,0.045762159999999996,1.0,1.0,0.0,0.0,0.0,0.0,0.0,0.0,0.0,0.0,0.0,0.0,1,1,0,False,False,False,False,False,False
2334,1.0,1.0,0.0,1.0,1.0,0.0,1.0,1.0,0.0,0.0,0.0,0.0,0.0,0.0,0.0,0.0,0.0,0.0,1,1,0,False,False,False,False,False,False
2335,0.77032006,0.82038784,0.050067780000000006,0.6718858,0.7969826,0.1250968,1.0,0.875,-0.125,0.0,0.0,0.0,0.0,0.0,0.0,0.0,0.0,0.0,1,1,0,False,False,False,False,False,False
2336,0.87889826,0.8452881,-0.033610160000000056,0.91806895,0.9075543,-0.010514649999999959,0.7875,0.7,-0.08750000000000002,0.0,0.0,0.0,0.0,0.0,0.0,0.0,0.0,0.0,1,1,0,False,False,False,False,False,False
2337,0.96625006,0.92178977,-0.04446029000000007,1.0,0.9364853,-0.06351470000000004,0.8875,0.8875,0.0,0.0,0.0,0.0,0.0,0.0,0.0,0.0,0.0,0.0,1,1,0,False,False,False,False,False,False
2338,0.8249626,0.8681946,0.04323200000000005,0.7981608,0.9242065,0.12604570000000004,0.8875,0.7375,-0.1499999999999999,0.0,0.0,0.0,0.0,0.0,0.0,0.0,0.0,0.0,1,1,0,False,False,False,False,False,False
2339,0.82818663,0.87872183,0.0505352,0.8027665,0.9338883,0.13112179999999996,0.8875,0.75,-0.13749999999999996,0.0,0.0,0.0,0.0,0.0,0.0,0.0,0.0,0.0,1,1,0,False,False,False,False,False,False
2340,1.0,1.0,0.0,1.0,1.0,0.0,1.0,1.0,0.0,0.0,0.0,0.0,0.0,0.0,0.0,0.0,0.0,0.0,1,1,0,False,False,False,False,False,False
2341,0.9160536,0.858245,-0.05780859999999999,0.9122194,0.9260643,0.013844899999999938,0.925,0.7,-0.2250000000000001,0.0,0.0,0.0,0.0,0.0,0.0,0.0,0.0,0.0,1,1,0,False,False,False,False,False,False
2342,0.0,0.7928861,0.7928861,0.49981567,0.9237658,0.42395013,0.37209302,0.4875,0.11540697999999999,0.0,0.0,0.0,0.0,0.0,0.0,1.0,0.0,-1.0,0,1,1,True,False,False,False,False,False
2343,0.6751358,0.73143446,0.056298660000000056,0.56805116,0.71276355,0.14471239000000002,0.925,0.77500004,-0.14999996000000004,0.0,0.0,0.0,0.0,0.0,0.0,0.0,0.0,0.0,1,1,0,False,False,False,False,False,False
2344,0.887019,0.89375335,0.00673435,0.8385985,0.84821904,0.00962054000000001,1.0,1.0,0.0,0.0,0.0,0.0,0.0,0.0,0.0,0.0,0.0,0.0,1,1,0,False,False,False,False,False,False
2345,0.739644,0.8497036,0.11005960000000004,0.66020566,0.8227908,0.16258514000000002,0.925,0.9125,-0.012500000000000067,0.0,0.0,0.0,0.0,0.0,0.0,0.0,0.0,0.0,1,1,0,False,False,False,False,False,False
2346,0.89093393,0.89917815,0.008244220000000024,0.8441913,0.85596883,0.011777530000000036,1.0,1.0,0.0,0.0,0.0,0.0,0.0,0.0,0.0,0.0,0.0,0.0,1,1,0,False,False,False,False,False,False
2347,0.7854887,0.8452681,0.05977939999999993,0.7417696,0.82716876,0.08539915999999992,0.8875,0.8875,0.0,0.0,0.0,0.0,0.0,0.0,0.0,0.0,0.0,0.0,1,1,0,False,False,False,False,False,False
2348,1.0,1.0,0.0,1.0,1.0,0.0,1.0,1.0,0.0,0.0,0.0,0.0,0.0,0.0,0.0,0.0,0.0,0.0,1,1,0,False,False,False,False,False,False
2349,1.0,0.89662117,-0.10337883000000003,1.0,0.8523159,-0.14768409999999998,1.0,1.0,0.0,0.0,0.0,0.0,0.0,0.0,0.0,0.0,0.0,0.0,1,1,0,False,False,False,False,False,False
2350,0.0,0.0,0.0,0.14959401,0.13771868,-0.01187532999999999,0.6,0.30769232,-0.29230767999999996,1.0,1.0,0.0,1.0,1.0,0.0,0.0,0.0,0.0,0,0,0,False,False,False,False,False,False
2351,0.8553152,0.0,-0.8553152,0.84687895,0.4181795,-0.42869945000000004,0.875,0.54285717,-0.33214283,0.0,1.0,1.0,0.0,1.0,1.0,0.0,0.0,0.0,1,0,-1,False,False,False,True,False,True
2352,0.7152427,0.0,-0.7152427,0.59320384,0.6719906,0.07878675999999996,1.0,1.0,0.0,0.0,0.0,0.0,0.0,0.0,0.0,0.0,1.0,1.0,1,0,-1,False,True,False,False,False,False
2353,0.925,0.90625,-0.018750000000000044,0.99999994,0.99999994,0.0,0.75,0.6875,-0.0625,0.0,0.0,0.0,0.0,0.0,0.0,0.0,0.0,0.0,1,1,0,False,False,False,False,False,False
2354,0.96625006,0.9933457,0.027095639999999976,1.0,0.9904938,-0.00950620000000002,0.8875,1.0,0.11250000000000004,0.0,0.0,0.0,0.0,0.0,0.0,0.0,0.0,0.0,1,1,0,False,False,False,False,False,False
2355,0.7907757,0.8630867,0.07231100000000001,0.8671796,0.83119524,-0.03598436000000005,0.6125,0.9375,0.32499999999999996,0.0,0.0,0.0,0.0,0.0,0.0,0.0,0.0,0.0,1,1,0,False,False,False,False,False,False
2356,1.0,1.0,0.0,1.0,1.0,0.0,1.0,1.0,0.0,0.0,0.0,0.0,0.0,0.0,0.0,0.0,0.0,0.0,1,1,0,False,False,False,False,False,False
2357,1.0,1.0,0.0,1.0,1.0,0.0,1.0,1.0,0.0,0.0,0.0,0.0,0.0,0.0,0.0,0.0,0.0,0.0,1,1,0,False,False,False,False,False,False
2358,0.8886099,0.8630334,-0.025576500000000002,0.8408713,0.80433345,-0.03653784999999998,1.0,1.0,0.0,0.0,0.0,0.0,0.0,0.0,0.0,0.0,0.0,0.0,1,1,0,False,False,False,False,False,False
2359,0.7726855,0.8638403,0.09115479999999998,0.825265,0.912629,0.087364,0.65000004,0.75,0.09999996,0.0,0.0,0.0,0.0,0.0,0.0,0.0,0.0,0.0,1,1,0,False,False,False,False,False,False
2360,1.0,1.0,0.0,1.0,1.0,0.0,1.0,1.0,0.0,0.0,0.0,0.0,0.0,0.0,0.0,0.0,0.0,0.0,1,1,0,False,False,False,False,False,False
2361,0.834952,0.94,0.10504799999999992,0.82850283,1.0,0.17149716999999998,0.85,0.8,-0.04999999999999993,0.0,0.0,0.0,0.0,0.0,0.0,0.0,0.0,0.0,1,1,0,False,False,False,False,False,False
2362,0.8431539,0.922455,0.07930110000000001,0.82414836,0.93743587,0.11328750999999992,0.8875,0.8875,0.0,0.0,0.0,0.0,0.0,0.0,0.0,0.0,0.0,0.0,1,1,0,False,False,False,False,False,False
2363,1.0,1.0,0.0,1.0,1.0,0.0,1.0,1.0,0.0,0.0,0.0,0.0,0.0,0.0,0.0,0.0,0.0,0.0,1,1,0,False,False,False,False,False,False
2364,0.99837494,0.99614996,-0.002224980000000043,0.9976786,0.9944999,-0.0031786999999999788,1.0,1.0,0.0,0.0,0.0,0.0,0.0,0.0,0.0,0.0,0.0,0.0,1,1,0,False,False,False,False,False,False
2365,1.0,1.0,0.0,1.0,1.0,0.0,1.0,1.0,0.0,0.0,0.0,0.0,0.0,0.0,0.0,0.0,0.0,0.0,1,1,0,False,False,False,False,False,False
2366,1.0,1.0,0.0,1.0,1.0,0.0,1.0,1.0,0.0,0.0,0.0,0.0,0.0,0.0,0.0,0.0,0.0,0.0,1,1,0,False,False,False,False,False,False
2367,0.0,0.0,0.0,1.0,1.0,0.0,1.0,0.99999994,-5.999999996841865e-08,1.0,1.0,0.0,1.0,1.0,0.0,0.0,0.0,0.0,0,0,0,False,False,False,False,False,False
2368,0.96625006,0.96625006,0.0,1.0,1.0,0.0,0.8875,0.8875,0.0,0.0,0.0,0.0,0.0,0.0,0.0,0.0,0.0,0.0,1,1,0,False,False,False,False,False,False
2369,1.0,1.0,0.0,1.0,1.0,0.0,1.0,1.0,0.0,0.0,0.0,0.0,0.0,0.0,0.0,0.0,0.0,0.0,1,1,0,False,False,False,False,False,False
2370,0.7210526,0.7135448,-0.007507800000000064,0.687218,0.64970684,-0.03751115999999999,0.8,0.8625,0.0625,0.0,0.0,0.0,0.0,0.0,0.0,0.0,0.0,0.0,1,1,0,False,False,False,False,False,False
2371,0.9043606,0.832876,-0.07148460000000001,0.91158664,0.80946565,-0.10212098999999997,0.8875,0.8875,0.0,0.0,0.0,0.0,0.0,0.0,0.0,0.0,0.0,0.0,1,1,0,False,False,False,False,False,False
2372,0.8006573,0.87449896,0.07384166000000003,0.79558176,0.9224986,0.12691683999999992,0.8125,0.7625,-0.050000000000000044,0.0,0.0,0.0,0.0,0.0,0.0,0.0,0.0,0.0,1,1,0,False,False,False,False,False,False
2373,0.755758,0.0,-0.755758,0.69929713,0.7983924,0.09909526999999996,0.8875,0.8732394,-0.014260599999999957,0.0,0.0,0.0,0.0,0.0,0.0,0.0,1.0,1.0,1,0,-1,False,True,False,False,False,False
2374,0.8243783,0.8722691,0.04789080000000001,0.8026833,0.87645584,0.07377254,0.875,0.8625,-0.012499999999999956,0.0,0.0,0.0,0.0,0.0,0.0,0.0,0.0,0.0,1,1,0,False,False,False,False,False,False
2375,0.0,0.80117035,0.80117035,0.23795368,0.7159576,0.47800391999999997,0.99999994,1.0,5.999999996841865e-08,0.0,0.0,0.0,0.0,0.0,0.0,1.0,0.0,-1.0,0,1,1,True,False,False,False,False,False
2376,0.80489504,0.84379673,0.03890168999999999,0.8069928,0.91613823,0.1091454300000001,0.8,0.675,-0.125,0.0,0.0,0.0,0.0,0.0,0.0,0.0,0.0,0.0,1,1,0,False,False,False,False,False,False
2377,1.0,0.8909523,-0.10904769999999997,1.0,0.84421766,-0.15578234000000002,1.0,1.0,0.0,0.0,0.0,0.0,0.0,0.0,0.0,0.0,0.0,0.0,1,1,0,False,False,False,False,False,False
2378,1.0,1.0,0.0,1.0,1.0,0.0,1.0,1.0,0.0,0.0,0.0,0.0,0.0,0.0,0.0,0.0,0.0,0.0,1,1,0,False,False,False,False,False,False
2379,0.97749996,0.85830593,-0.11919402999999995,1.0,0.7975798,-0.20242020000000005,0.925,1.0,0.07499999999999996,0.0,0.0,0.0,0.0,0.0,0.0,0.0,0.0,0.0,1,1,0,False,False,False,False,False,False
2380,0.8574252,0.7944085,-0.06301670000000004,0.86060745,0.7062978,-0.15430965000000008,0.85,1.0,0.15000000000000002,0.0,0.0,0.0,0.0,0.0,0.0,0.0,0.0,0.0,1,1,0,False,False,False,False,False,False
2381,0.7737268,0.7861433,0.012416499999999941,0.7249669,0.81234753,0.08738063000000007,0.8875,0.725,-0.16249999999999998,0.0,0.0,0.0,0.0,0.0,0.0,0.0,0.0,0.0,1,1,0,False,False,False,False,False,False
2382,0.8978788,0.8058836,-0.09199519999999994,0.9183984,0.72804797,-0.19035042999999996,0.85,0.9875,0.13750000000000007,0.0,0.0,0.0,0.0,0.0,0.0,0.0,0.0,0.0,1,1,0,False,False,False,False,False,False
2383,1.0,1.0,0.0,1.0,1.0,0.0,1.0,1.0,0.0,0.0,0.0,0.0,0.0,0.0,0.0,0.0,0.0,0.0,1,1,0,False,False,False,False,False,False
2384,0.8021262,0.7846143,-0.017511900000000025,0.786966,0.799449,0.01248299999999991,0.83750004,0.75,-0.08750004,0.0,0.0,0.0,0.0,0.0,0.0,0.0,0.0,0.0,1,1,0,False,False,False,False,False,False
2385,0.78575367,0.88761884,0.10186517000000006,0.8010766,0.92516965,0.12409304999999993,0.75,0.8,0.050000000000000044,0.0,0.0,0.0,0.0,0.0,0.0,0.0,0.0,0.0,1,1,0,False,False,False,False,False,False
2386,1.0,1.0,0.0,1.0,1.0,0.0,1.0,1.0,0.0,0.0,0.0,0.0,0.0,0.0,0.0,0.0,0.0,0.0,1,1,0,False,False,False,False,False,False
2387,0.8315405,0.8521396,0.02059909999999998,0.82362926,0.9494851,0.12585583999999994,0.85,0.625,-0.22499999999999998,0.0,0.0,0.0,0.0,0.0,0.0,0.0,0.0,0.0,1,1,0,False,False,False,False,False,False
2388,0.7005138,0.68210274,-0.018411059999999924,0.6203769,0.5940753,-0.026301600000000036,0.8875,0.8875,0.0,0.0,0.0,0.0,0.0,0.0,0.0,0.0,0.0,0.0,1,1,0,False,False,False,False,False,False
2389,1.0,1.0,0.0,1.0,1.0,0.0,1.0,1.0,0.0,0.0,0.0,0.0,0.0,0.0,0.0,0.0,0.0,0.0,1,1,0,False,False,False,False,False,False
2390,0.82320035,0.85429686,0.03109651000000002,0.7902862,0.8400669,0.0497806999999999,0.90000004,0.8875,-0.012500040000000046,0.0,0.0,0.0,0.0,0.0,0.0,0.0,0.0,0.0,1,1,0,False,False,False,False,False,False
2391,0.96250004,0.913202,-0.04929804000000004,1.0,0.92957425,-0.07042574999999995,0.875,0.875,0.0,0.0,0.0,0.0,0.0,0.0,0.0,0.0,0.0,0.0,1,1,0,False,False,False,False,False,False
2392,1.0,1.0,0.0,1.0,1.0,0.0,1.0,1.0,0.0,0.0,0.0,0.0,0.0,0.0,0.0,0.0,0.0,0.0,1,1,0,False,False,False,False,False,False
2393,0.83031285,0.8390733,0.00876045000000003,0.8486611,0.9361761,0.08751500000000001,0.7875,0.6125,-0.17499999999999993,0.0,0.0,0.0,0.0,0.0,0.0,0.0,0.0,0.0,1,1,0,False,False,False,False,False,False
2394,0.872569,0.83881897,-0.033750029999999986,0.8179557,0.8179557,0.0,1.0,0.8875,-0.11250000000000004,0.0,0.0,0.0,0.0,0.0,0.0,0.0,0.0,0.0,1,1,0,False,False,False,False,False,False
2395,1.0,0.72894764,-0.27105236,1.0,0.61278236,-0.38721764000000003,1.0,1.0,0.0,0.0,0.0,0.0,0.0,0.0,0.0,0.0,0.0,0.0,1,1,0,False,False,False,False,False,False
2396,1.0,1.0,0.0,1.0,1.0,0.0,1.0,1.0,0.0,0.0,0.0,0.0,0.0,0.0,0.0,0.0,0.0,0.0,1,1,0,False,False,False,False,False,False
2397,0.9760086,0.5892449,-0.38676370000000004,0.9657266,0.52034986,-0.44537673999999994,1.0,0.75,-0.25,0.0,0.0,0.0,0.0,0.0,0.0,0.0,0.0,0.0,1,1,0,False,False,False,False,False,False
2398,0.8198477,0.82978535,0.00993765000000002,0.81228244,0.8371934,0.024910959999999926,0.83750004,0.8125,-0.02500004,0.0,0.0,0.0,0.0,0.0,0.0,0.0,0.0,0.0,1,1,0,False,False,False,False,False,False
2399,0.8230602,0.8833804,0.060320199999999935,0.7472288,0.8655434,0.11831459999999994,1.0,0.925,-0.07499999999999996,0.0,0.0,0.0,0.0,0.0,0.0,0.0,0.0,0.0,1,1,0,False,False,False,False,False,False
2400,1.0,1.0,0.0,1.0,1.0,0.0,1.0,1.0,0.0,0.0,0.0,0.0,0.0,0.0,0.0,0.0,0.0,0.0,1,1,0,False,False,False,False,False,False
2401,1.0,1.0,0.0,1.0,1.0,0.0,1.0,1.0,0.0,0.0,0.0,0.0,0.0,0.0,0.0,0.0,0.0,0.0,1,1,0,False,False,False,False,False,False
2402,0.89365023,0.86620677,-0.027443459999999975,0.94985753,0.97493815,0.025080619999999998,0.7625,0.6125,-0.1499999999999999,0.0,0.0,0.0,0.0,0.0,0.0,0.0,0.0,0.0,1,1,0,False,False,False,False,False,False
2403,0.8674469,0.8519662,-0.015480700000000014,0.8588527,0.8688803,0.010027600000000025,0.8875,0.8125,-0.07499999999999996,0.0,0.0,0.0,0.0,0.0,0.0,0.0,0.0,0.0,1,1,0,False,False,False,False,False,False
2404,0.9828917,0.8357627,-0.14712900000000007,0.97555953,0.8135896,-0.16196992999999993,1.0,0.8875,-0.11250000000000004,0.0,0.0,0.0,0.0,0.0,0.0,0.0,0.0,0.0,1,1,0,False,False,False,False,False,False
2405,1.0,1.0,0.0,1.0,1.0,0.0,1.0,1.0,0.0,0.0,0.0,0.0,0.0,0.0,0.0,0.0,0.0,0.0,1,1,0,False,False,False,False,False,False
2406,0.88986874,0.8864154,-0.0034533400000000825,0.9605268,0.9341649,-0.02636190000000005,0.725,0.77500004,0.05000004000000002,0.0,0.0,0.0,0.0,0.0,0.0,0.0,0.0,0.0,1,1,0,False,False,False,False,False,False
2407,1.0,1.0,0.0,1.0,1.0,0.0,1.0,1.0,0.0,0.0,0.0,0.0,0.0,0.0,0.0,0.0,0.0,0.0,1,1,0,False,False,False,False,False,False
2408,0.7909256,0.0,-0.7909256,0.78703654,0.5742052,-0.21283134000000004,0.8,0.8043478,0.004347799999999902,0.0,0.0,0.0,0.0,1.0,1.0,0.0,0.0,0.0,1,0,-1,False,False,False,True,False,False
2409,1.0,1.0,0.0,1.0,1.0,0.0,1.0,1.0,0.0,0.0,0.0,0.0,0.0,0.0,0.0,0.0,0.0,0.0,1,1,0,False,False,False,False,False,False
2410,0.0,0.4695364,0.4695364,0.2495871,0.3493377,0.09975059999999997,0.3181818,0.75,0.4318182,1.0,0.0,-1.0,1.0,0.0,-1.0,0.0,0.0,0.0,0,1,1,False,False,True,False,True,False
2411,0.0,0.8502142,0.8502142,1.0,0.83423465,-0.16576535000000003,0.86567163,0.8875,0.02182836999999993,0.0,0.0,0.0,0.0,0.0,0.0,1.0,0.0,-1.0,0,1,1,True,False,False,False,False,False
2412,0.9057602,0.9057602,0.0,0.9135861,0.9135861,0.0,0.8875,0.8875,0.0,0.0,0.0,0.0,0.0,0.0,0.0,0.0,0.0,0.0,1,1,0,False,False,False,False,False,False
2413,1.0,1.0,0.0,1.0,1.0,0.0,1.0,1.0,0.0,0.0,0.0,0.0,0.0,0.0,0.0,0.0,0.0,0.0,1,1,0,False,False,False,False,False,False
2414,0.951223,0.999973,0.04874999999999996,0.99996144,0.99996144,0.0,0.83750004,1.0,0.16249996,0.0,0.0,0.0,0.0,0.0,0.0,0.0,0.0,0.0,1,1,0,False,False,False,False,False,False
2415,0.6851074,0.0,-0.6851074,0.6626534,0.56259054,-0.10006285999999998,0.7375,0.6779661,-0.05953390000000003,0.0,0.0,0.0,0.0,1.0,1.0,0.0,0.0,0.0,1,0,-1,False,False,False,True,False,False
2416,1.0,1.0,0.0,1.0,1.0,0.0,1.0,1.0,0.0,0.0,0.0,0.0,0.0,0.0,0.0,0.0,0.0,0.0,1,1,0,False,False,False,False,False,False
2417,0.0,0.71146595,0.71146595,0.0130111,0.68423706,0.6712259599999999,0.0,0.77500004,0.77500004,0.0,0.0,0.0,1.0,0.0,-1.0,0.0,0.0,0.0,0,1,1,False,False,True,False,False,False
2418,0.81982833,0.87239784,0.052569509999999986,0.84975475,0.9248541,0.07509935000000001,0.75,0.75,0.0,0.0,0.0,0.0,0.0,0.0,0.0,0.0,0.0,0.0,1,1,0,False,False,False,False,False,False
2419,1.0,0.0,-1.0,1.0,1.0,0.0,1.0,1.0,0.0,0.0,1.0,1.0,0.0,1.0,1.0,0.0,0.0,0.0,1,0,-1,False,False,False,True,False,True
2420,0.85584944,0.775745,-0.08010443999999994,0.87442786,0.8242785,-0.05014935999999992,0.8125,0.6625,-0.15000000000000002,0.0,0.0,0.0,0.0,0.0,0.0,0.0,0.0,0.0,1,1,0,False,False,False,False,False,False
2421,0.8319575,0.8645155,0.032557999999999976,0.8135108,0.91359353,0.10008273000000001,0.875,0.75,-0.125,0.0,0.0,0.0,0.0,0.0,0.0,0.0,0.0,0.0,1,1,0,False,False,False,False,False,False
2422,0.7858318,0.8374254,0.05159360000000002,0.7476168,0.8266792,0.07906239999999998,0.875,0.8625,-0.012499999999999956,0.0,0.0,0.0,0.0,0.0,0.0,0.0,0.0,0.0,1,1,0,False,False,False,False,False,False
2423,0.808708,0.77247703,-0.036230969999999973,0.81244004,0.86246717,0.05002712999999992,0.8,0.5625,-0.23750000000000004,0.0,0.0,0.0,0.0,0.0,0.0,0.0,0.0,0.0,1,1,0,False,False,False,False,False,False
2424,0.84194726,0.87826747,0.036320210000000075,0.7742104,0.8743107,0.10010030000000003,1.0,0.8875,-0.11250000000000004,0.0,0.0,0.0,0.0,0.0,0.0,0.0,0.0,0.0,1,1,0,False,False,False,False,False,False
2425,0.96625006,0.90739506,-0.05885499999999999,1.0,0.91592157,-0.08407843000000004,0.8875,0.8875,0.0,0.0,0.0,0.0,0.0,0.0,0.0,0.0,0.0,0.0,1,1,0,False,False,False,False,False,False
2426,0.9017463,0.8137153,-0.08803099999999997,0.97749466,0.80887896,-0.16861569999999992,0.725,0.825,0.09999999999999998,0.0,0.0,0.0,0.0,0.0,0.0,0.0,0.0,0.0,1,1,0,False,False,False,False,False,False
2427,0.9175,0.5628616,-0.3546384,1.0,0.45051655,-0.54948345,0.725,0.825,0.09999999999999998,0.0,0.0,0.0,0.0,0.0,0.0,0.0,0.0,0.0,1,1,0,False,False,False,False,False,False
2428,0.96250004,0.9482109,-0.014289140000000033,1.0,0.9260156,-0.07398439999999995,0.875,1.0,0.125,0.0,0.0,0.0,0.0,0.0,0.0,0.0,0.0,0.0,1,1,0,False,False,False,False,False,False
2429,1.0,1.0,0.0,1.0,1.0,0.0,1.0,1.0,0.0,0.0,0.0,0.0,0.0,0.0,0.0,0.0,0.0,0.0,1,1,0,False,False,False,False,False,False
2430,1.0,0.9371756,-0.0628244,1.0,0.9102508,-0.08974919999999997,1.0,1.0,0.0,0.0,0.0,0.0,0.0,0.0,0.0,0.0,0.0,0.0,1,1,0,False,False,False,False,False,False
2431,1.0,1.0,0.0,1.0,1.0,0.0,1.0,1.0,0.0,0.0,0.0,0.0,0.0,0.0,0.0,0.0,0.0,0.0,1,1,0,False,False,False,False,False,False
2432,0.8524977,0.8700199,0.017522199999999932,0.8374967,0.86252856,0.025031860000000017,0.8875,0.8875,0.0,0.0,0.0,0.0,0.0,0.0,0.0,0.0,0.0,0.0,1,1,0,False,False,False,False,False,False
2433,0.9632807,0.78703004,-0.17625066,0.97968674,0.69575715,-0.28392958999999995,0.925,1.0,0.07499999999999996,0.0,0.0,0.0,0.0,0.0,0.0,0.0,0.0,0.0,1,1,0,False,False,False,False,False,False
2434,0.8739199,0.85326767,-0.020652229999999938,0.8680999,0.82252514,-0.04557476000000005,0.8875,0.925,0.03750000000000009,0.0,0.0,0.0,0.0,0.0,0.0,0.0,0.0,0.0,1,1,0,False,False,False,False,False,False
2435,0.97749996,0.89819735,-0.07930260999999994,0.99999994,0.85456765,-0.14543229000000002,0.925,1.0,0.07499999999999996,0.0,0.0,0.0,0.0,0.0,0.0,0.0,0.0,0.0,1,1,0,False,False,False,False,False,False
2436,1.0,0.97749996,-0.022500040000000054,1.0,1.0,0.0,1.0,0.925,-0.07499999999999996,0.0,0.0,0.0,0.0,0.0,0.0,0.0,0.0,0.0,1,1,0,False,False,False,False,False,False
2437,0.83714724,0.8208195,-0.016327739999999924,0.7727103,0.8243849,0.051674600000000015,0.9875,0.8125,-0.17500000000000004,0.0,0.0,0.0,0.0,0.0,0.0,0.0,0.0,0.0,1,1,0,False,False,False,False,False,False
2438,1.0,1.0,0.0,1.0,1.0,0.0,1.0,1.0,0.0,0.0,0.0,0.0,0.0,0.0,0.0,0.0,0.0,0.0,1,1,0,False,False,False,False,False,False
2439,0.90354025,0.9307098,0.027169549999999987,0.8622003,0.9492282,0.08702789999999994,1.0,0.8875,-0.11250000000000004,0.0,0.0,0.0,0.0,0.0,0.0,0.0,0.0,0.0,1,1,0,False,False,False,False,False,False
2440,0.83004344,0.9225325,0.09248906000000001,0.80006206,0.9375464,0.13748433999999998,0.90000004,0.8875,-0.012500040000000046,0.0,0.0,0.0,0.0,0.0,0.0,0.0,0.0,0.0,1,1,0,False,False,False,False,False,False
2441,0.96625006,0.92757607,-0.03867399000000005,1.0,0.9447515,-0.055248500000000034,0.8875,0.8875,0.0,0.0,0.0,0.0,0.0,0.0,0.0,0.0,0.0,0.0,1,1,0,False,False,False,False,False,False
2442,0.92342514,0.95665133,0.033226190000000044,0.9388217,0.97557336,0.036751659999999964,0.8875,0.9125,0.025000000000000022,0.0,0.0,0.0,0.0,0.0,0.0,0.0,0.0,0.0,1,1,0,False,False,False,False,False,False
2443,0.8408281,0.85344905,0.012620950000000075,0.8743973,0.9245701,0.050172799999999906,0.7625,0.6875,-0.07499999999999996,0.0,0.0,0.0,0.0,0.0,0.0,0.0,0.0,0.0,1,1,0,False,False,False,False,False,False
2444,1.0,1.0,0.0,1.0,1.0,0.0,1.0,1.0,0.0,0.0,0.0,0.0,0.0,0.0,0.0,0.0,0.0,0.0,1,1,0,False,False,False,False,False,False
2445,0.8639084,0.84606946,-0.01783893999999997,0.8055834,0.78009915,-0.025484249999999986,1.0,1.0,0.0,0.0,0.0,0.0,0.0,0.0,0.0,0.0,0.0,0.0,1,1,0,False,False,False,False,False,False
2446,0.8254612,0.8504216,0.024960399999999994,0.7988732,0.7863166,-0.012556599999999918,0.8875,1.0,0.11250000000000004,0.0,0.0,0.0,0.0,0.0,0.0,0.0,0.0,0.0,1,1,0,False,False,False,False,False,False
2447,0.6832319,0.58643234,-0.09679956,0.5956884,0.6234747,0.02778630000000004,0.8875,0.5,-0.38749999999999996,0.0,0.0,0.0,0.0,0.0,0.0,0.0,0.0,0.0,1,1,0,False,False,False,False,False,False
2448,0.83486503,0.7961882,-0.038676829999999995,0.8123071,0.9124117,0.1001046000000001,0.8875,0.52500004,-0.36249995999999995,0.0,0.0,0.0,0.0,0.0,0.0,0.0,0.0,0.0,1,1,0,False,False,False,False,False,False
2449,1.0,1.0,0.0,1.0,1.0,0.0,1.0,1.0,0.0,0.0,0.0,0.0,0.0,0.0,0.0,0.0,0.0,0.0,1,1,0,False,False,False,False,False,False
2450,0.93085426,0.8403641,-0.0904901600000001,0.93336314,0.95944864,0.026085499999999984,0.925,0.5625,-0.36250000000000004,0.0,0.0,0.0,0.0,0.0,0.0,0.0,0.0,0.0,1,1,0,False,False,False,False,False,False
2451,0.87147486,0.8266694,-0.044805459999999964,0.87532115,0.80059916,-0.07472199000000002,0.8625,0.8875,0.02499999999999991,0.0,0.0,0.0,0.0,0.0,0.0,0.0,0.0,0.0,1,1,0,False,False,False,False,False,False
2452,1.0,1.0,0.0,1.0,1.0,0.0,1.0,1.0,0.0,0.0,0.0,0.0,0.0,0.0,0.0,0.0,0.0,0.0,1,1,0,False,False,False,False,False,False
2453,0.7797863,0.9232363,0.14344999999999997,0.8889804,0.9385518,0.04957140000000004,0.52500004,0.8875,0.36249995999999995,0.0,0.0,0.0,0.0,0.0,0.0,0.0,0.0,0.0,1,1,0,False,False,False,False,False,False
2454,0.88099146,0.8261413,-0.05485015999999998,0.86213064,0.9498447,0.08771406000000004,0.925,0.5375,-0.38750000000000007,0.0,0.0,0.0,0.0,0.0,0.0,0.0,0.0,0.0,1,1,0,False,False,False,False,False,False
2455,0.82751656,0.7950388,-0.03247775999999991,0.8125236,0.78755546,-0.024968140000000028,0.8625,0.8125,-0.050000000000000044,0.0,0.0,0.0,0.0,0.0,0.0,0.0,0.0,0.0,1,1,0,False,False,False,False,False,False
2456,0.87721175,0.8684986,-0.008713149999999947,0.8245883,0.8121409,-0.012447399999999997,1.0,1.0,0.0,0.0,0.0,0.0,0.0,0.0,0.0,0.0,0.0,0.0,1,1,0,False,False,False,False,False,False
2457,0.97749996,0.92383903,-0.05366092999999994,1.0,0.9394129,-0.060587100000000005,0.925,0.8875,-0.03750000000000009,0.0,0.0,0.0,0.0,0.0,0.0,0.0,0.0,0.0,1,1,0,False,False,False,False,False,False
2458,0.85010815,0.9129545,0.06284635000000005,0.83408314,0.92386365,0.08978051000000009,0.8875,0.8875,0.0,0.0,0.0,0.0,0.0,0.0,0.0,0.0,0.0,0.0,1,1,0,False,False,False,False,False,False
2459,1.0,1.0,0.0,1.0,1.0,0.0,1.0,1.0,0.0,0.0,0.0,0.0,0.0,0.0,0.0,0.0,0.0,0.0,1,1,0,False,False,False,False,False,False
2460,0.0,0.0,0.0,1.0,1.0,0.0,1.0,1.0,0.0,1.0,1.0,0.0,1.0,1.0,0.0,0.0,0.0,0.0,0,0,0,False,False,False,False,False,False
2461,0.9450779,0.8611456,-0.08393230000000007,0.9268969,0.90877944,-0.01811746000000003,0.9875,0.75,-0.23750000000000004,0.0,0.0,0.0,0.0,0.0,0.0,0.0,0.0,0.0,1,1,0,False,False,False,False,False,False
2462,0.6803305,0.70118946,0.020858960000000093,0.5915436,0.6695564,0.0780128000000001,0.8875,0.77500004,-0.11249995999999995,0.0,0.0,0.0,0.0,0.0,0.0,0.0,0.0,0.0,1,1,0,False,False,False,False,False,False
2463,0.95874995,0.9479222,-0.010827749999999914,0.99999994,0.92560315,-0.07439678999999999,0.8625,1.0,0.13749999999999996,0.0,0.0,0.0,0.0,0.0,0.0,0.0,0.0,0.0,1,1,0,False,False,False,False,False,False
2464,0.8837194,0.95375043,0.07003103,0.88745624,0.9875006,0.10004435999999994,0.875,0.875,0.0,0.0,0.0,0.0,0.0,0.0,0.0,0.0,0.0,0.0,1,1,0,False,False,False,False,False,False
2465,0.92312986,0.95762676,0.03449690000000005,0.9383998,0.9876811,0.04928129999999997,0.8875,0.8875,0.0,0.0,0.0,0.0,0.0,0.0,0.0,0.0,0.0,0.0,1,1,0,False,False,False,False,False,False
2466,1.0,0.0,-1.0,1.0,1.0,0.0,1.0,1.0,0.0,0.0,1.0,1.0,0.0,1.0,1.0,0.0,0.0,0.0,1,0,-1,False,False,False,True,False,True
2467,0.7834733,0.8060476,0.022574299999999936,0.8246047,0.93721086,0.11260616000000001,0.6875,0.5,-0.1875,0.0,0.0,0.0,0.0,0.0,0.0,0.0,0.0,0.0,1,1,0,False,False,False,False,False,False
2468,0.0,0.85004246,0.85004246,0.38660958,0.78577495,0.39916536999999996,1.0,1.0,0.0,0.0,0.0,0.0,0.0,0.0,0.0,1.0,0.0,-1.0,0,1,1,True,False,False,False,False,False
2469,0.97442573,0.88383764,-0.09058809000000001,0.9634653,0.83405375,-0.12941154999999993,1.0,1.0,0.0,0.0,0.0,0.0,0.0,0.0,0.0,0.0,0.0,0.0,1,1,0,False,False,False,False,False,False
2470,0.7964881,0.95712435,0.16063624999999992,0.7896258,0.938749,0.1491231999999999,0.8125,1.0,0.1875,0.0,0.0,0.0,0.0,0.0,0.0,0.0,0.0,0.0,1,1,0,False,False,False,False,False,False
2471,1.0,0.9605774,-0.039422599999999974,1.0,0.943682,-0.05631799999999998,1.0,1.0,0.0,0.0,0.0,0.0,0.0,0.0,0.0,0.0,0.0,0.0,1,1,0,False,False,False,False,False,False
2472,0.8100381,0.79594547,-0.01409262999999994,0.8143401,0.7567078,-0.05763229999999997,0.8,0.8875,0.08749999999999991,0.0,0.0,0.0,0.0,0.0,0.0,0.0,0.0,0.0,1,1,0,False,False,False,False,False,False
2473,0.0,0.78043604,0.78043604,0.27492577,0.80955154,0.5346257699999999,0.62068963,0.71250004,0.09181041000000001,1.0,0.0,-1.0,1.0,0.0,-1.0,0.0,0.0,0.0,0,1,1,False,False,True,False,True,False
2474,1.0,0.0,-1.0,1.0,1.0,0.0,1.0,1.0,0.0,0.0,1.0,1.0,0.0,1.0,1.0,0.0,0.0,0.0,1,0,-1,False,False,False,True,False,True
2475,1.0,0.9164562,-0.08354379999999995,1.0,0.88065183,-0.11934816999999998,1.0,1.0,0.0,0.0,0.0,0.0,0.0,0.0,0.0,0.0,0.0,0.0,1,1,0,False,False,False,False,False,False
2476,1.0,0.9894954,-0.010504599999999975,1.0000001,0.9849934,-0.01500670000000004,1.0,1.0,0.0,0.0,0.0,0.0,0.0,0.0,0.0,0.0,0.0,0.0,1,1,0,False,False,False,False,False,False
2477,0.7666869,0.7476911,-0.018995799999999896,0.8756242,0.725273,-0.15035120000000002,0.5125,0.8,0.2875000000000001,0.0,0.0,0.0,0.0,0.0,0.0,0.0,0.0,0.0,1,1,0,False,False,False,False,False,False
2478,1.0,1.0,0.0,1.0,1.0,0.0,1.0,1.0,0.0,0.0,0.0,0.0,0.0,0.0,0.0,0.0,0.0,0.0,1,1,0,False,False,False,False,False,False
2479,0.9276213,0.7688658,-0.15875549999999994,0.9126733,0.8626654,-0.050007899999999994,0.96250004,0.55,-0.41250003999999996,0.0,0.0,0.0,0.0,0.0,0.0,0.0,0.0,0.0,1,1,0,False,False,False,False,False,False
2480,0.82927895,0.8461451,0.016866150000000024,0.80968416,0.8605643,0.05088013999999996,0.875,0.8125,-0.0625,0.0,0.0,0.0,0.0,0.0,0.0,0.0,0.0,0.0,1,1,0,False,False,False,False,False,False
2481,0.79003507,0.81909275,0.029057680000000086,0.78040725,0.8058468,0.025439549999999977,0.8125,0.85,0.03749999999999998,0.0,0.0,0.0,0.0,0.0,0.0,0.0,0.0,0.0,1,1,0,False,False,False,False,False,False
2482,0.79991025,0.8130922,0.013181949999999998,0.7784432,0.7651316,-0.013311599999999979,0.85,0.925,0.07500000000000007,0.0,0.0,0.0,0.0,0.0,0.0,0.0,0.0,0.0,1,1,0,False,False,False,False,False,False
2483,0.94750005,0.9082719,-0.03922815000000002,1.0,0.91717416,-0.08282584000000004,0.825,0.8875,0.0625,0.0,0.0,0.0,0.0,0.0,0.0,0.0,0.0,0.0,1,1,0,False,False,False,False,False,False
2484,0.810503,0.8812572,0.07075419999999999,0.8257186,0.9375102,0.11179159999999999,0.77500004,0.75,-0.02500004,0.0,0.0,0.0,0.0,0.0,0.0,0.0,0.0,0.0,1,1,0,False,False,False,False,False,False
2485,0.9326868,0.85611725,-0.07656954999999999,0.9038383,0.8426676,-0.06117070000000002,1.0,0.8875,-0.11250000000000004,0.0,0.0,0.0,0.0,0.0,0.0,0.0,0.0,0.0,1,1,0,False,False,False,False,False,False
2486,0.86138004,0.8838801,0.022500059999999933,0.8341144,0.8341144,0.0,0.925,1.0,0.07499999999999996,0.0,0.0,0.0,0.0,0.0,0.0,0.0,0.0,0.0,1,1,0,False,False,False,False,False,False
2487,0.9358843,0.91850585,-0.017378450000000045,0.9084061,0.9317941,0.023387999999999964,1.0,0.8875,-0.11250000000000004,0.0,0.0,0.0,0.0,0.0,0.0,0.0,0.0,0.0,1,1,0,False,False,False,False,False,False
2488,1.0,1.0,0.0,1.0,1.0,0.0,1.0,1.0,0.0,0.0,0.0,0.0,0.0,0.0,0.0,0.0,0.0,0.0,1,1,0,False,False,False,False,False,False
2489,0.8350787,0.8950621,0.05998340000000002,0.8126125,0.85008866,0.03747616000000009,0.8875,1.0,0.11250000000000004,0.0,0.0,0.0,0.0,0.0,0.0,0.0,0.0,0.0,1,1,0,False,False,False,False,False,False
2490,1.0,1.0,0.0,1.0,1.0,0.0,1.0,1.0,0.0,0.0,0.0,0.0,0.0,0.0,0.0,0.0,0.0,0.0,1,1,0,False,False,False,False,False,False
2491,0.77993995,0.76998746,-0.009952490000000092,0.86241424,0.9124821,0.050067859999999964,0.58750004,0.4375,-0.15000004,0.0,0.0,0.0,0.0,0.0,0.0,0.0,0.0,0.0,1,1,0,False,False,False,False,False,False
2492,1.0,0.79060584,-0.20939416,1.0,0.7008655,-0.29913449999999997,1.0,1.0,0.0,0.0,0.0,0.0,0.0,0.0,0.0,0.0,0.0,0.0,1,1,0,False,False,False,False,False,False
2493,0.83495665,0.8524667,0.017510050000000055,0.8124381,0.91245234,0.10001423999999992,0.8875,0.71250004,-0.17499995999999995,0.0,0.0,0.0,0.0,0.0,0.0,0.0,0.0,0.0,1,1,0,False,False,False,False,False,False
2494,0.8754986,0.9217624,0.046263799999999966,0.82214075,0.93644625,0.11430550000000006,1.0,0.8875,-0.11250000000000004,0.0,0.0,0.0,0.0,0.0,0.0,0.0,0.0,0.0,1,1,0,False,False,False,False,False,False
2495,0.8338521,0.61770415,-0.21614794999999998,0.81086016,0.6092202,-0.20163996000000006,0.8875,0.6375,-0.25,0.0,0.0,0.0,0.0,0.0,0.0,0.0,0.0,0.0,1,1,0,False,False,False,False,False,False
2496,0.8532711,0.7932711,-0.05999999999999994,0.8064588,0.8064588,0.0,0.96250004,0.7625,-0.20000004000000005,0.0,0.0,0.0,0.0,0.0,0.0,0.0,0.0,0.0,1,1,0,False,False,False,False,False,False
2497,0.84392273,0.7687862,-0.07513652999999998,0.82524675,0.9375517,0.11230494999999996,0.8875,0.375,-0.5125,0.0,0.0,0.0,0.0,0.0,0.0,0.0,0.0,0.0,1,1,0,False,False,False,False,False,False
2498,1.0,1.0,0.0,1.0,1.0,0.0,1.0,1.0,0.0,0.0,0.0,0.0,0.0,0.0,0.0,0.0,0.0,0.0,1,1,0,False,False,False,False,False,False
2499,0.8313443,0.8325888,0.0012444999999999817,0.81263477,0.90012676,0.08749199000000007,0.875,0.675,-0.19999999999999996,0.0,0.0,0.0,0.0,0.0,0.0,0.0,0.0,0.0,1,1,0,False,False,False,False,False,False
2500,1.0,1.0,0.0,1.0,1.0,0.0,1.0,1.0,0.0,0.0,0.0,0.0,0.0,0.0,0.0,0.0,0.0,0.0,1,1,0,False,False,False,False,False,False
2501,1.0,0.9304798,-0.06952020000000003,1.0,0.90068537,-0.09931462999999996,1.0,1.0,0.0,0.0,0.0,0.0,0.0,0.0,0.0,0.0,0.0,0.0,1,1,0,False,False,False,False,False,False
2502,0.74633616,0.70911974,-0.03721642000000003,0.7072659,0.80945677,0.10219087000000004,0.83750004,0.475,-0.36250004,0.0,0.0,0.0,0.0,0.0,0.0,0.0,0.0,0.0,1,1,0,False,False,False,False,False,False
2503,1.0,0.93032265,-0.06967734999999997,1.0,0.90046096,-0.09953904000000002,1.0,1.0,0.0,0.0,0.0,0.0,0.0,0.0,0.0,0.0,0.0,0.0,1,1,0,False,False,False,False,False,False
2504,0.9061909,0.84844744,-0.05774345999999997,0.86598694,0.8317106,-0.034276340000000016,1.0,0.8875,-0.11250000000000004,0.0,0.0,0.0,0.0,0.0,0.0,0.0,0.0,0.0,1,1,0,False,False,False,False,False,False
2505,0.9238564,0.51130116,-0.41255524,0.95015186,0.38757303,-0.56257883,0.8625,0.8,-0.0625,0.0,0.0,0.0,0.0,0.0,0.0,0.0,0.0,0.0,1,1,0,False,False,False,False,False,False
2506,0.81033736,0.8831568,0.07281943999999996,0.7986962,0.8866526,0.08795640000000005,0.83750004,0.875,0.03749996,0.0,0.0,0.0,0.0,0.0,0.0,0.0,0.0,0.0,1,1,0,False,False,False,False,False,False
2507,0.8888685,0.6121641,-0.27670439999999996,0.9001694,0.5370201,-0.3631493,0.8625,0.7875,-0.07500000000000007,0.0,0.0,0.0,0.0,0.0,0.0,0.0,0.0,0.0,1,1,0,False,False,False,False,False,False
2508,0.82893795,0.91502094,0.08608298999999997,0.7877685,0.9750299,0.18726140000000002,0.925,0.77500004,-0.14999996000000004,0.0,0.0,0.0,0.0,0.0,0.0,0.0,0.0,0.0,1,1,0,False,False,False,False,False,False
2509,0.8712668,0.8259592,-0.0453076,0.8643096,0.9013703,0.037060699999999946,0.8875,0.65000004,-0.23749995999999995,0.0,0.0,0.0,0.0,0.0,0.0,0.0,0.0,0.0,1,1,0,False,False,False,False,False,False
2510,0.96625006,0.9160491,-0.05020096000000007,1.0000001,0.91221297,-0.08778713000000005,0.8875,0.925,0.03750000000000009,0.0,0.0,0.0,0.0,0.0,0.0,0.0,0.0,0.0,1,1,0,False,False,False,False,False,False
2511,0.864607,0.8624875,-0.002119500000000052,0.8065814,0.9481965,0.1416151,1.0,0.6625,-0.3375,0.0,0.0,0.0,0.0,0.0,0.0,0.0,0.0,0.0,1,1,0,False,False,False,False,False,False
2512,1.0,1.0,0.0,1.0,1.0,0.0,1.0,1.0,0.0,0.0,0.0,0.0,0.0,0.0,0.0,0.0,0.0,0.0,1,1,0,False,False,False,False,False,False
2513,1.0,1.0,0.0,1.0,1.0,0.0,1.0,1.0,0.0,0.0,0.0,0.0,0.0,0.0,0.0,0.0,0.0,0.0,1,1,0,False,False,False,False,False,False
2514,0.7793907,0.7099382,-0.06945250000000003,0.73841524,0.8052688,0.06685355999999998,0.875,0.4875,-0.3875,0.0,0.0,0.0,0.0,0.0,0.0,0.0,0.0,0.0,1,1,0,False,False,False,False,False,False
2515,1.0,0.3685316,-0.6314683999999999,0.99999994,0.0979023,-0.90209764,1.0,1.0,0.0,0.0,0.0,0.0,0.0,0.0,0.0,0.0,0.0,0.0,1,1,0,False,False,False,False,False,False
2516,0.943628,0.9493114,0.005683400000000005,0.9194686,0.9275876,0.008118999999999987,1.0,1.0,0.0,0.0,0.0,0.0,0.0,0.0,0.0,0.0,0.0,0.0,1,1,0,False,False,False,False,False,False
2517,0.8640335,0.8819853,0.017951799999999962,0.80576223,0.83140755,0.02564531999999997,1.0,1.0,0.0,0.0,0.0,0.0,0.0,0.0,0.0,0.0,0.0,0.0,1,1,0,False,False,False,False,False,False
2518,1.0,0.51436347,-0.48563652999999996,1.0,0.30623356,-0.69376644,1.0,1.0,0.0,0.0,0.0,0.0,0.0,0.0,0.0,0.0,0.0,0.0,1,1,0,False,False,False,False,False,False
2519,0.79524565,0.6252672,-0.16997845,0.7878509,0.55038166,-0.23746924000000003,0.8125,0.8,-0.012499999999999956,0.0,0.0,0.0,0.0,0.0,0.0,0.0,0.0,0.0,1,1,0,False,False,False,False,False,False
2520,0.8662451,0.77053064,-0.09571445999999995,0.89463586,0.85432947,-0.040306389999999914,0.8,0.575,-0.2250000000000001,0.0,0.0,0.0,0.0,0.0,0.0,0.0,0.0,0.0,1,1,0,False,False,False,False,False,False
2521,0.86879677,0.8718135,0.003016730000000023,0.81256676,0.8490192,0.03645243999999992,1.0,0.925,-0.07499999999999996,0.0,0.0,0.0,0.0,0.0,0.0,0.0,0.0,0.0,1,1,0,False,False,False,False,False,False
2522,0.8209963,0.881452,0.0604557,0.79249465,0.9217171,0.12922245,0.8875,0.7875,-0.09999999999999998,0.0,0.0,0.0,0.0,0.0,0.0,0.0,0.0,0.0,1,1,0,False,False,False,False,False,False
2523,1.0,0.71965545,-0.28034455,1.0,0.6316506,-0.36834940000000005,1.0,0.925,-0.07499999999999996,0.0,0.0,0.0,0.0,0.0,0.0,0.0,0.0,0.0,1,1,0,False,False,False,False,False,False
2524,0.9786582,0.86274666,-0.11591154000000004,0.9695117,0.80392367,-0.16558803,1.0,1.0,0.0,0.0,0.0,0.0,0.0,0.0,0.0,0.0,0.0,0.0,1,1,0,False,False,False,False,False,False
2525,0.7473213,0.6922147,-0.055106600000000006,0.7997447,0.6620925,-0.1376522,0.625,0.7625,0.13749999999999996,0.0,0.0,0.0,0.0,0.0,0.0,0.0,0.0,0.0,1,1,0,False,False,False,False,False,False
2526,0.872094,0.89396447,0.021870469999999975,0.97799146,0.9663778,-0.011613660000000081,0.625,0.725,0.09999999999999998,0.0,0.0,0.0,0.0,0.0,0.0,0.0,0.0,0.0,1,1,0,False,False,False,False,False,False
2527,0.93627226,0.4909513,-0.44532096,0.96253175,0.36385897,-0.59867278,0.875,0.7875,-0.08750000000000002,0.0,0.0,0.0,0.0,0.0,0.0,0.0,0.0,0.0,1,1,0,False,False,False,False,False,False
2528,0.8246878,0.8834549,0.05876710000000007,0.80312544,0.9138642,0.11073876000000005,0.875,0.8125,-0.0625,0.0,0.0,0.0,0.0,0.0,0.0,0.0,0.0,0.0,1,1,0,False,False,False,False,False,False
2529,0.81667006,0.85671216,0.04004209999999997,0.7863144,0.84887445,0.06256004999999998,0.8875,0.875,-0.012499999999999956,0.0,0.0,0.0,0.0,0.0,0.0,0.0,0.0,0.0,1,1,0,False,False,False,False,False,False
2530,0.96625006,0.9177416,-0.048508459999999975,1.0,0.9307023,-0.06929770000000002,0.8875,0.8875,0.0,0.0,0.0,0.0,0.0,0.0,0.0,0.0,0.0,0.0,1,1,0,False,False,False,False,False,False
2531,0.91990393,0.86725944,-0.052644490000000044,0.9177199,0.85858494,-0.05913496000000007,0.925,0.8875,-0.03750000000000009,0.0,0.0,0.0,0.0,0.0,0.0,0.0,0.0,0.0,1,1,0,False,False,False,False,False,False
2532,0.87224483,0.82991487,-0.04232996,0.8871355,0.9498784,0.06274290000000005,0.83750004,0.55,-0.28750003999999996,0.0,0.0,0.0,0.0,0.0,0.0,0.0,0.0,0.0,1,1,0,False,False,False,False,False,False
2533,0.83951664,0.92236197,0.08284532999999994,0.8243095,0.9373029,0.11299340000000002,0.875,0.8875,0.012499999999999956,0.0,0.0,0.0,0.0,0.0,0.0,0.0,0.0,0.0,1,1,0,False,False,False,False,False,False
2534,0.6679784,0.8862354,0.21825700000000003,0.5578262,0.83747923,0.27965302999999997,0.925,1.0,0.07499999999999996,0.0,0.0,0.0,0.0,0.0,0.0,0.0,0.0,0.0,1,1,0,False,False,False,False,False,False
2535,1.0,1.0,0.0,1.0,1.0,0.0,1.0,1.0,0.0,0.0,0.0,0.0,0.0,0.0,0.0,0.0,0.0,0.0,1,1,0,False,False,False,False,False,False
2536,1.0,1.0,0.0,1.0,1.0,0.0,1.0,1.0,0.0,0.0,0.0,0.0,0.0,0.0,0.0,0.0,0.0,0.0,1,1,0,False,False,False,False,False,False
2537,0.8264996,0.80590975,-0.02058985000000002,0.7521423,0.85129964,0.09915733999999998,1.0,0.7,-0.30000000000000004,0.0,0.0,0.0,0.0,0.0,0.0,0.0,0.0,0.0,1,1,0,False,False,False,False,False,False
2538,0.0,0.0,0.0,0.0,0.00039333504,0.00039333504,1.0,1.0,0.0,1.0,1.0,0.0,1.0,1.0,0.0,0.0,0.0,0.0,0,0,0,False,False,False,False,False,False
2539,0.88116455,0.86664164,-0.014522910000000055,0.8784494,0.85770226,-0.020747139999999997,0.8875,0.8875,0.0,0.0,0.0,0.0,0.0,0.0,0.0,0.0,0.0,0.0,1,1,0,False,False,False,False,False,False
2540,0.85447884,0.88528883,0.030809990000000065,0.84032696,0.8896983,0.0493713400000001,0.8875,0.875,-0.012499999999999956,0.0,0.0,0.0,0.0,0.0,0.0,0.0,0.0,0.0,1,1,0,False,False,False,False,False,False
2541,1.0,1.0,0.0,1.0,1.0,0.0,1.0,1.0,0.0,0.0,0.0,0.0,0.0,0.0,0.0,0.0,0.0,0.0,1,1,0,False,False,False,False,False,False
2542,1.0,1.0,0.0,1.0,1.0,0.0,1.0,1.0,0.0,0.0,0.0,0.0,0.0,0.0,0.0,0.0,0.0,0.0,1,1,0,False,False,False,False,False,False
2543,0.0,0.0,0.0,0.18094648,0.18094648,0.0,0.40000004,0.35714287,-0.04285717,0.0,0.0,0.0,0.0,0.0,0.0,1.0,1.0,0.0,0,0,0,False,False,False,False,False,False
2544,0.8657139,0.775035,-0.0906789,0.8081626,0.9357643,0.12760170000000004,1.0,0.4,-0.6,0.0,0.0,0.0,0.0,0.0,0.0,0.0,0.0,0.0,1,1,0,False,False,False,False,False,False
2545,0.7878783,0.8948334,0.10695509999999997,0.76125467,0.8819049,0.12065022999999997,0.85,0.925,0.07500000000000007,0.0,0.0,0.0,0.0,0.0,0.0,0.0,0.0,0.0,1,1,0,False,False,False,False,False,False
2546,0.87076133,0.8613133,-0.009448030000000052,0.8635876,0.85009044,-0.013497160000000008,0.8875,0.8875,0.0,0.0,0.0,0.0,0.0,0.0,0.0,0.0,0.0,0.0,1,1,0,False,False,False,False,False,False
2547,0.7869875,0.9052523,0.11826480000000006,0.8135536,0.9128604,0.09930680000000003,0.725,0.8875,0.16249999999999998,0.0,0.0,0.0,0.0,0.0,0.0,0.0,0.0,0.0,1,1,0,False,False,False,False,False,False
2548,0.0,0.67224944,0.67224944,0.17686847,0.5960705,0.41920202999999995,0.0,0.85,0.85,0.0,0.0,0.0,0.0,0.0,0.0,1.0,0.0,-1.0,0,1,1,True,False,False,False,False,False
2549,0.8121235,0.7904551,-0.021668400000000032,0.7851764,0.8988644,0.11368800000000001,0.875,0.5375,-0.3375,0.0,0.0,0.0,0.0,0.0,0.0,0.0,0.0,0.0,1,1,0,False,False,False,False,False,False
2550,1.0,1.0,0.0,1.0,1.0,0.0,1.0,1.0,0.0,0.0,0.0,0.0,0.0,0.0,0.0,0.0,0.0,0.0,1,1,0,False,False,False,False,False,False
2551,0.67686945,0.0,-0.67686945,0.65088487,0.57058436,-0.08030050999999994,0.7375,0.78333336,0.045833359999999934,0.0,0.0,0.0,0.0,0.0,0.0,0.0,1.0,1.0,1,0,-1,False,True,False,False,False,False
2552,0.8264427,0.8914675,0.0650248,0.8002753,0.9253107,0.12503540000000002,0.8875,0.8125,-0.07499999999999996,0.0,0.0,0.0,0.0,0.0,0.0,0.0,0.0,0.0,1,1,0,False,False,False,False,False,False
2553,0.7117005,0.74330026,0.03159976000000009,0.6899293,0.7779289,0.08799960000000007,0.7625,0.6625,-0.09999999999999998,0.0,0.0,0.0,0.0,0.0,0.0,0.0,0.0,0.0,1,1,0,False,False,False,False,False,False
2554,0.92214346,0.797966,-0.12417746000000007,0.88877636,0.8078086,-0.08096776000000006,1.0,0.77500004,-0.22499996,0.0,0.0,0.0,0.0,0.0,0.0,0.0,0.0,0.0,1,1,0,False,False,False,False,False,False
2555,1.0,1.0,0.0,1.0,1.0,0.0,1.0,1.0,0.0,0.0,0.0,0.0,0.0,0.0,0.0,0.0,0.0,0.0,1,1,0,False,False,False,False,False,False
2556,0.87502426,0.75375813,-0.12126612999999997,0.87503463,0.9000116,0.024976969999999987,0.875,0.4125,-0.4625,0.0,0.0,0.0,0.0,0.0,0.0,0.0,0.0,0.0,1,1,0,False,False,False,False,False,False
2557,0.9627166,0.99088174,0.028165139999999922,0.94673795,0.9869738,0.04023584999999996,1.0,1.0,0.0,0.0,0.0,0.0,0.0,0.0,0.0,0.0,0.0,0.0,1,1,0,False,False,False,False,False,False
2558,0.96984893,0.61043495,-0.35941398,0.95692706,0.49169275,-0.46523431000000004,1.0,0.8875,-0.11250000000000004,0.0,0.0,0.0,0.0,0.0,0.0,0.0,0.0,0.0,1,1,0,False,False,False,False,False,False
2559,1.0,0.94,-0.06000000000000005,1.0,1.0,0.0,1.0,0.8,-0.19999999999999996,0.0,0.0,0.0,0.0,0.0,0.0,0.0,0.0,0.0,1,1,0,False,False,False,False,False,False
2560,1.0,1.0,0.0,1.0,1.0,0.0,1.0,1.0,0.0,0.0,0.0,0.0,0.0,0.0,0.0,0.0,0.0,0.0,1,1,0,False,False,False,False,False,False
2561,0.97749996,0.880857,-0.09664295999999994,1.0,0.8297957,-0.17020429999999998,0.925,1.0,0.07499999999999996,0.0,0.0,0.0,0.0,0.0,0.0,0.0,0.0,0.0,1,1,0,False,False,False,False,False,False
2562,0.8267922,0.8530119,0.026219700000000068,0.8007745,0.8382312,0.03745670000000001,0.8875,0.8875,0.0,0.0,0.0,0.0,0.0,0.0,0.0,0.0,0.0,0.0,1,1,0,False,False,False,False,False,False
2563,1.0,0.96283287,-0.03716713000000005,1.0,0.946904,-0.05309600000000003,1.0,1.0,0.0,0.0,0.0,0.0,0.0,0.0,0.0,0.0,0.0,0.0,1,1,0,False,False,False,False,False,False
2564,0.8627313,0.92917407,0.06644276999999998,0.8521161,0.9631058,0.11098969999999997,0.8875,0.85,-0.03749999999999998,0.0,0.0,0.0,0.0,0.0,0.0,0.0,0.0,0.0,1,1,0,False,False,False,False,False,False
2565,1.0,1.0,0.0,1.0,1.0,0.0,1.0,1.0,0.0,0.0,0.0,0.0,0.0,0.0,0.0,0.0,0.0,0.0,1,1,0,False,False,False,False,False,False
2566,0.7197878,0.81606215,0.09627435000000006,0.64791113,0.7854459,0.13753477000000003,0.8875,0.8875,0.0,0.0,0.0,0.0,0.0,0.0,0.0,0.0,0.0,0.0,1,1,0,False,False,False,False,False,False
2567,0.0,0.0,0.0,1.0,1.0,0.0,1.0,1.0,0.0,1.0,1.0,0.0,1.0,1.0,0.0,0.0,0.0,0.0,0,0,0,False,False,False,False,False,False
2568,0.6961638,0.80935365,0.11318985000000004,0.79630536,0.909791,0.11348564000000005,0.4625,0.575,0.11249999999999993,0.0,0.0,0.0,0.0,0.0,0.0,0.0,0.0,0.0,1,1,0,False,False,False,False,False,False
2569,0.7794289,0.8112073,0.031778399999999984,0.8134698,0.9017247,0.08825490000000002,0.7,0.6,-0.09999999999999998,0.0,0.0,0.0,0.0,0.0,0.0,0.0,0.0,0.0,1,1,0,False,False,False,False,False,False
2570,0.97749996,0.8866537,-0.09084625999999996,1.0,0.83807665,-0.16192335000000002,0.925,1.0,0.07499999999999996,0.0,0.0,0.0,0.0,0.0,0.0,0.0,0.0,0.0,1,1,0,False,False,False,False,False,False
2571,0.8432703,0.8447396,0.0014693000000000067,0.8243148,0.91212803,0.08781322999999996,0.8875,0.6875,-0.19999999999999996,0.0,0.0,0.0,0.0,0.0,0.0,0.0,0.0,0.0,1,1,0,False,False,False,False,False,False
2572,0.0,0.0,0.0,0.6984797,0.4113553,-0.28712440000000006,0.5882353,0.27272728,-0.31550802,1.0,0.0,-1.0,1.0,1.0,0.0,0.0,0.0,0.0,0,0,0,False,False,False,False,True,False
2573,1.0,0.84464973,-0.15535027,1.0,0.81021386,-0.18978614000000005,1.0,0.925,-0.07499999999999996,0.0,0.0,0.0,0.0,0.0,0.0,0.0,0.0,0.0,1,1,0,False,False,False,False,False,False
2574,0.0,0.0,0.0,1.0,1.0,0.0,1.0,1.0,0.0,1.0,1.0,0.0,1.0,1.0,0.0,0.0,0.0,0.0,0,0,0,False,False,False,False,False,False
2575,0.85355777,0.8387793,-0.014778469999999988,0.8229397,0.76968473,-0.05325497000000001,0.925,1.0,0.07499999999999996,0.0,0.0,0.0,0.0,0.0,0.0,0.0,0.0,0.0,1,1,0,False,False,False,False,False,False
2576,0.8555239,0.9014193,0.04589540000000003,0.8418198,0.90738463,0.06556483000000002,0.8875,0.8875,0.0,0.0,0.0,0.0,0.0,0.0,0.0,0.0,0.0,0.0,1,1,0,False,False,False,False,False,False
2577,1.0,1.0,0.0,1.0,1.0,0.0,1.0,1.0,0.0,0.0,0.0,0.0,0.0,0.0,0.0,0.0,0.0,0.0,1,1,0,False,False,False,False,False,False
2578,0.85131425,0.8417074,-0.009606850000000056,0.8358061,0.8863677,0.050561599999999984,0.8875,0.7375,-0.1499999999999999,0.0,0.0,0.0,0.0,0.0,0.0,0.0,0.0,0.0,1,1,0,False,False,False,False,False,False
2579,1.0,0.8959668,-0.10403320000000005,1.0,0.8513812,-0.14861880000000005,1.0,1.0,0.0,0.0,0.0,0.0,0.0,0.0,0.0,0.0,0.0,0.0,1,1,0,False,False,False,False,False,False
2580,0.0,0.0,0.0,0.20667262,0.20667262,0.0,1.0,1.0,0.0,0.0,0.0,0.0,0.0,0.0,0.0,1.0,1.0,0.0,0,0,0,False,False,False,False,False,False
2581,0.92740935,0.9325,0.005090649999999974,0.94987047,1.0,0.05012952999999998,0.875,0.77500004,-0.09999996,0.0,0.0,0.0,0.0,0.0,0.0,0.0,0.0,0.0,1,1,0,False,False,False,False,False,False
2582,0.8526625,0.91133064,0.05866813999999998,0.8377322,0.93761516,0.09988295999999997,0.8875,0.85,-0.03749999999999998,0.0,0.0,0.0,0.0,0.0,0.0,0.0,0.0,0.0,1,1,0,False,False,False,False,False,False
2583,1.0,1.0,0.0,1.0,1.0,0.0,1.0,1.0,0.0,0.0,0.0,0.0,0.0,0.0,0.0,0.0,0.0,0.0,1,1,0,False,False,False,False,False,False
2584,0.9139768,0.8674877,-0.04648910000000006,0.92532396,0.94998246,0.024658500000000028,0.8875,0.675,-0.2124999999999999,0.0,0.0,0.0,0.0,0.0,0.0,0.0,0.0,0.0,1,1,0,False,False,False,False,False,False
2585,0.8561438,0.85870594,0.0025621399999999905,0.8748483,0.93743694,0.06258863999999997,0.8125,0.675,-0.13749999999999996,0.0,0.0,0.0,0.0,0.0,0.0,0.0,0.0,0.0,1,1,0,False,False,False,False,False,False
2586,1.0,0.8953106,-0.10468940000000004,1.0,0.85044366,-0.14955633999999995,1.0,1.0,0.0,0.0,0.0,0.0,0.0,0.0,0.0,0.0,0.0,0.0,1,1,0,False,False,False,False,False,False
2587,0.96625006,0.96625006,0.0,1.0,1.0,0.0,0.8875,0.8875,0.0,0.0,0.0,0.0,0.0,0.0,0.0,0.0,0.0,0.0,1,1,0,False,False,False,False,False,False
2588,0.0,0.7874718,0.7874718,0.5759031,0.76603115,0.19012805,0.7076923,0.83750004,0.12980773999999995,1.0,0.0,-1.0,1.0,0.0,-1.0,0.0,0.0,0.0,0,1,1,False,False,True,False,True,False
2589,0.77381027,0.6199321,-0.15387817000000004,0.8108004,0.5802601,-0.23054030000000003,0.6875,0.71250004,0.02500004,0.0,0.0,0.0,0.0,0.0,0.0,0.0,0.0,0.0,1,1,0,False,False,False,False,False,False
2590,1.0,1.0,0.0,1.0,1.0,0.0,1.0,1.0,0.0,0.0,0.0,0.0,0.0,0.0,0.0,0.0,0.0,0.0,1,1,0,False,False,False,False,False,False
2591,0.86844486,0.9554923,0.08704743999999998,0.8442068,0.97391754,0.12971073999999994,0.925,0.9125,-0.012500000000000067,0.0,0.0,0.0,0.0,0.0,0.0,0.0,0.0,0.0,1,1,0,False,False,False,False,False,False
2592,0.96625006,0.8426595,-0.12359056000000002,1.0,0.7752278,-0.22477219999999998,0.8875,1.0,0.11250000000000004,0.0,0.0,0.0,0.0,0.0,0.0,0.0,0.0,0.0,1,1,0,False,False,False,False,False,False
2593,0.91304696,0.99625,0.08320304,0.87578136,1.0,0.12421864000000005,1.0,0.9875,-0.012499999999999956,0.0,0.0,0.0,0.0,0.0,0.0,0.0,0.0,0.0,1,1,0,False,False,False,False,False,False
2594,0.8539074,0.8455209,-0.008386499999999963,0.79129624,0.82752985,0.03623361000000003,1.0,0.8875,-0.11250000000000004,0.0,0.0,0.0,0.0,0.0,0.0,0.0,0.0,0.0,1,1,0,False,False,False,False,False,False
2595,0.81612265,0.700859,-0.11526364999999994,0.849818,0.71194136,-0.13787664,0.7375,0.675,-0.0625,0.0,0.0,0.0,0.0,0.0,0.0,0.0,0.0,0.0,1,1,0,False,False,False,False,False,False
2596,0.93625003,0.9627531,0.026503070000000073,1.0,0.9467902,-0.053209799999999974,0.7875,1.0,0.21250000000000002,0.0,0.0,0.0,0.0,0.0,0.0,0.0,0.0,0.0,1,1,0,False,False,False,False,False,False
2597,1.0,1.0,0.0,1.0,1.0,0.0,1.0,1.0,0.0,0.0,0.0,0.0,0.0,0.0,0.0,0.0,0.0,0.0,1,1,0,False,False,False,False,False,False
2598,0.70421886,0.54193085,-0.16228801000000004,0.62566984,0.70454407,0.07887422999999993,0.8875,0.16250001,-0.7249999899999999,0.0,0.0,0.0,0.0,0.0,0.0,0.0,0.0,0.0,1,1,0,False,False,False,False,False,False
2599,0.96999997,0.9110932,-0.05890677,1.0,0.87299025,-0.12700975000000003,0.90000004,1.0,0.09999996,0.0,0.0,0.0,0.0,0.0,0.0,0.0,0.0,0.0,1,1,0,False,False,False,False,False,False
2600,0.93344,0.49410078,-0.43933922000000003,0.9638428,0.35228682,-0.61155598,0.8625,0.825,-0.03750000000000009,0.0,0.0,0.0,0.0,0.0,0.0,0.0,0.0,0.0,1,1,0,False,False,False,False,False,False
2601,0.82909626,0.7674155,-0.06168076,0.83085173,0.7909508,-0.03990093000000006,0.825,0.71250004,-0.11249995999999995,0.0,0.0,0.0,0.0,0.0,0.0,0.0,0.0,0.0,1,1,0,False,False,False,False,False,False
2602,1.0,1.0,0.0,1.0,1.0,0.0,1.0,1.0,0.0,0.0,0.0,0.0,0.0,0.0,0.0,0.0,0.0,0.0,1,1,0,False,False,False,False,False,False
2603,1.0,1.0,0.0,1.0,1.0,0.0,1.0,1.0,0.0,0.0,0.0,0.0,0.0,0.0,0.0,0.0,0.0,0.0,1,1,0,False,False,False,False,False,False
2604,0.81242687,0.8979084,0.08548153000000003,0.7856098,0.88629776,0.10068796000000002,0.875,0.925,0.050000000000000044,0.0,0.0,0.0,0.0,0.0,0.0,0.0,0.0,0.0,1,1,0,False,False,False,False,False,False
2605,0.78570426,0.75704545,-0.028658810000000035,0.8117203,0.8618506,0.05013030000000007,0.725,0.5125,-0.21250000000000002,0.0,0.0,0.0,0.0,0.0,0.0,0.0,0.0,0.0,1,1,0,False,False,False,False,False,False
2606,0.8548506,0.9111393,0.05628869999999997,0.840858,0.9212704,0.08041240000000005,0.8875,0.8875,0.0,0.0,0.0,0.0,0.0,0.0,0.0,0.0,0.0,0.0,1,1,0,False,False,False,False,False,False
2607,0.7641766,0.82654995,0.062373349999999994,0.8184666,0.8325712,0.014104599999999912,0.6375,0.8125,0.17500000000000004,0.0,0.0,0.0,0.0,0.0,0.0,0.0,0.0,0.0,1,1,0,False,False,False,False,False,False
2608,0.7983292,0.6618204,-0.13650879999999999,0.7815417,0.83295774,0.051416039999999996,0.83750004,0.26250002,-0.5750000200000001,0.0,0.0,0.0,0.0,0.0,0.0,0.0,0.0,0.0,1,1,0,False,False,False,False,False,False
2609,0.7619756,0.8535655,0.0915899,0.6599651,0.79080784,0.13084274000000007,1.0,1.0,0.0,0.0,0.0,0.0,0.0,0.0,0.0,0.0,0.0,0.0,1,1,0,False,False,False,False,False,False
2610,1.0,1.0,0.0,1.0,1.0,0.0,1.0,1.0,0.0,0.0,0.0,0.0,0.0,0.0,0.0,0.0,0.0,0.0,1,1,0,False,False,False,False,False,False
2611,1.0,1.0,0.0,1.0,1.0,0.0,1.0,1.0,0.0,0.0,0.0,0.0,0.0,0.0,0.0,0.0,0.0,0.0,1,1,0,False,False,False,False,False,False
2612,0.7804601,0.85098153,0.07052143,0.7345859,0.8353308,0.10074490000000003,0.8875,0.8875,0.0,0.0,0.0,0.0,0.0,0.0,0.0,0.0,0.0,0.0,1,1,0,False,False,False,False,False,False
2613,0.84387285,0.91509265,0.07121979999999994,0.8251755,0.9376324,0.11245690000000008,0.8875,0.8625,-0.02499999999999991,0.0,0.0,0.0,0.0,0.0,0.0,0.0,0.0,0.0,1,1,0,False,False,False,False,False,False
2614,0.86142415,0.872457,0.011032849999999983,0.8502488,0.9624386,0.1121898,0.8875,0.6625,-0.22499999999999998,0.0,0.0,0.0,0.0,0.0,0.0,0.0,0.0,0.0,1,1,0,False,False,False,False,False,False
2615,0.0,0.0,0.0,0.057982855,0.0063950405,-0.0515878145,0.09090909,1.0,0.90909091,1.0,1.0,0.0,1.0,1.0,0.0,0.0,0.0,0.0,0,0,0,False,False,False,False,False,False
2616,0.9616375,0.96250004,0.0008625399999999672,0.9773392,1.0,0.022660800000000036,0.925,0.875,-0.050000000000000044,0.0,0.0,0.0,0.0,0.0,0.0,0.0,0.0,0.0,1,1,0,False,False,False,False,False,False
2617,0.97749996,0.9323031,-0.045196859999999894,1.0,0.9461472,-0.053852800000000034,0.925,0.90000004,-0.024999960000000043,0.0,0.0,0.0,0.0,0.0,0.0,0.0,0.0,0.0,1,1,0,False,False,False,False,False,False
2618,0.96250004,0.94375,-0.018750040000000023,1.0,1.0,0.0,0.875,0.8125,-0.0625,0.0,0.0,0.0,0.0,0.0,0.0,0.0,0.0,0.0,1,1,0,False,False,False,False,False,False
2619,0.90742683,0.8211217,-0.08630513000000006,0.8677526,0.91588813,0.04813553000000004,1.0,0.6,-0.4,0.0,0.0,0.0,0.0,0.0,0.0,0.0,0.0,0.0,1,1,0,False,False,False,False,False,False
2620,1.0,1.0,0.0,1.0,1.0,0.0,1.0,1.0,0.0,0.0,0.0,0.0,0.0,0.0,0.0,0.0,0.0,0.0,1,1,0,False,False,False,False,False,False
2621,0.77260095,0.74003863,-0.03256231999999992,0.8626442,0.9500552,0.08741100000000002,0.5625,0.25,-0.3125,0.0,0.0,0.0,0.0,0.0,0.0,0.0,0.0,0.0,1,1,0,False,False,False,False,False,False
2622,1.0,1.0,0.0,1.0,1.0,0.0,1.0,1.0,0.0,0.0,0.0,0.0,0.0,0.0,0.0,0.0,0.0,0.0,1,1,0,False,False,False,False,False,False
2623,0.0,0.0,0.0,0.036324386,0.036324386,0.0,0.6666667,0.6666667,0.0,1.0,1.0,0.0,1.0,1.0,0.0,0.0,0.0,0.0,0,0,0,False,False,False,False,False,False
2624,0.74275565,0.7709044,0.028148750000000056,0.71286523,0.7745063,0.061641069999999965,0.8125,0.7625,-0.050000000000000044,0.0,0.0,0.0,0.0,0.0,0.0,0.0,0.0,0.0,1,1,0,False,False,False,False,False,False
2625,0.8964694,0.91285324,0.01638384000000004,0.90031344,0.87550455,-0.024808889999999972,0.8875,1.0,0.11250000000000004,0.0,0.0,0.0,0.0,0.0,0.0,0.0,0.0,0.0,1,1,0,False,False,False,False,False,False
2626,1.0,1.0,0.0,1.0,1.0,0.0,1.0,1.0,0.0,0.0,0.0,0.0,0.0,0.0,0.0,0.0,0.0,0.0,1,1,0,False,False,False,False,False,False
2627,0.92875004,0.94957113,0.020821089999999987,1.0,0.9279588,-0.07204120000000003,0.7625,1.0,0.23750000000000004,0.0,0.0,0.0,0.0,0.0,0.0,0.0,0.0,0.0,1,1,0,False,False,False,False,False,False
2628,1.0,0.9796425,-0.02035750000000003,1.0,0.9709178,-0.029082199999999947,1.0,1.0,0.0,0.0,0.0,0.0,0.0,0.0,0.0,0.0,0.0,0.0,1,1,0,False,False,False,False,False,False
2629,1.0,0.8628438,-0.13715619999999995,1.0,0.85227686,-0.14772313999999998,1.0,0.8875,-0.11250000000000004,0.0,0.0,0.0,0.0,0.0,0.0,0.0,0.0,0.0,1,1,0,False,False,False,False,False,False
2630,0.94375,0.94750005,0.0037500500000000603,1.0,1.0,0.0,0.8125,0.825,0.012499999999999956,0.0,0.0,0.0,0.0,0.0,0.0,0.0,0.0,0.0,1,1,0,False,False,False,False,False,False
2631,1.0,1.0,0.0,1.0,1.0,0.0,1.0,1.0,0.0,0.0,0.0,0.0,0.0,0.0,0.0,0.0,0.0,0.0,1,1,0,False,False,False,False,False,False
2632,0.8611805,0.8324157,-0.028764800000000035,0.8499008,0.86237955,0.012478749999999983,0.8875,0.7625,-0.125,0.0,0.0,0.0,0.0,0.0,0.0,0.0,0.0,0.0,1,1,0,False,False,False,False,False,False
2633,0.8301012,0.83536893,0.005267730000000026,0.8055017,0.8183842,0.012882500000000019,0.8875,0.875,-0.012499999999999956,0.0,0.0,0.0,0.0,0.0,0.0,0.0,0.0,0.0,1,1,0,False,False,False,False,False,False
2634,0.92875004,0.8729995,-0.055750540000000015,1.0,0.97392786,-0.02607214000000002,0.7625,0.6375,-0.125,0.0,0.0,0.0,0.0,0.0,0.0,0.0,0.0,0.0,1,1,0,False,False,False,False,False,False
2635,0.97375005,0.0,-0.97375005,1.0,1.0,0.0,0.9125,0.0,-0.9125,0.0,1.0,1.0,0.0,1.0,1.0,0.0,0.0,0.0,1,0,-1,False,False,False,True,False,True
2636,0.81808186,0.67788094,-0.14020092000000006,0.7883312,0.8505442,0.06221299999999996,0.8875,0.275,-0.6124999999999999,0.0,0.0,0.0,0.0,0.0,0.0,0.0,0.0,0.0,1,1,0,False,False,False,False,False,False
2637,1.0,1.0,0.0,1.0,1.0,0.0,1.0,1.0,0.0,0.0,0.0,0.0,0.0,0.0,0.0,0.0,0.0,0.0,1,1,0,False,False,False,False,False,False
2638,0.7717227,0.7438536,-0.02786909999999998,0.7221038,0.88050514,0.15840134000000006,0.8875,0.425,-0.46249999999999997,0.0,0.0,0.0,0.0,0.0,0.0,0.0,0.0,0.0,1,1,0,False,False,False,False,False,False
2639,1.0,0.8802199,-0.11978009999999994,1.0,0.82888544,-0.17111456000000003,1.0,1.0,0.0,0.0,0.0,0.0,0.0,0.0,0.0,0.0,0.0,0.0,1,1,0,False,False,False,False,False,False
2640,1.0,0.9925,-0.007499999999999951,1.0,1.0,0.0,1.0,0.975,-0.025000000000000022,0.0,0.0,0.0,0.0,0.0,0.0,0.0,0.0,0.0,1,1,0,False,False,False,False,False,False
2641,0.7978929,0.7920752,-0.005817700000000037,0.8237756,0.9118932,0.08811759999999991,0.7375,0.5125,-0.2250000000000001,0.0,0.0,0.0,0.0,0.0,0.0,0.0,0.0,0.0,1,1,0,False,False,False,False,False,False
2642,1.0,1.0,0.0,1.0,1.0,0.0,1.0,1.0,0.0,0.0,0.0,0.0,0.0,0.0,0.0,0.0,0.0,0.0,1,1,0,False,False,False,False,False,False
2643,0.82809585,0.8326756,0.0045797499999999935,0.78656536,0.8627507,0.07618533999999999,0.925,0.7625,-0.1625000000000001,0.0,0.0,0.0,0.0,0.0,0.0,0.0,0.0,0.0,1,1,0,False,False,False,False,False,False
2644,0.0,0.0,0.0,1.0,1.0,0.0,1.0,1.0,0.0,0.0,0.0,0.0,1.0,1.0,0.0,0.0,0.0,0.0,0,0,0,False,False,False,False,False,False
2645,0.9146143,0.89731514,-0.01729915999999998,0.9262348,0.9015216,-0.02471319999999999,0.8875,0.8875,0.0,0.0,0.0,0.0,0.0,0.0,0.0,0.0,0.0,0.0,1,1,0,False,False,False,False,False,False
2646,0.82921743,0.7137739,-0.11544353000000007,0.7560249,0.794677,0.03865209999999997,1.0,0.52500004,-0.47499996,0.0,0.0,0.0,0.0,0.0,0.0,0.0,0.0,0.0,1,1,0,False,False,False,False,False,False
2647,0.8645043,0.87321854,0.008714239999999984,0.8867918,0.89924085,0.012449049999999962,0.8125,0.8125,0.0,0.0,0.0,0.0,0.0,0.0,0.0,0.0,0.0,0.0,1,1,0,False,False,False,False,False,False
2648,1.0,1.0,0.0,1.0,1.0,0.0,1.0,1.0,0.0,0.0,0.0,0.0,0.0,0.0,0.0,0.0,0.0,0.0,1,1,0,False,False,False,False,False,False
2649,0.0,0.9055544,0.9055544,1.0,0.8650776,-0.1349224,0.8235294,1.0,0.17647060000000003,1.0,0.0,-1.0,1.0,0.0,-1.0,0.0,0.0,0.0,0,1,1,False,False,True,False,True,False
2650,0.73142254,0.73142254,0.0,0.696675,0.696675,0.0,0.8125,0.8125,0.0,0.0,0.0,0.0,0.0,0.0,0.0,0.0,0.0,0.0,1,1,0,False,False,False,False,False,False
2651,0.0,0.0,0.0,1.0,1.0,0.0,1.0,1.0,0.0,1.0,1.0,0.0,1.0,1.0,0.0,0.0,0.0,0.0,0,0,0,False,False,False,False,False,False
2652,1.0,1.0,0.0,1.0,1.0,0.0,1.0,1.0,0.0,0.0,0.0,0.0,0.0,0.0,0.0,0.0,0.0,0.0,1,1,0,False,False,False,False,False,False
2653,0.80383474,0.8208872,0.017052460000000047,0.76797813,0.8191246,0.051146469999999944,0.8875,0.825,-0.0625,0.0,0.0,0.0,0.0,0.0,0.0,0.0,0.0,0.0,1,1,0,False,False,False,False,False,False
2654,0.76014984,0.85762924,0.0974794,0.7055712,0.8448274,0.13925620000000005,0.8875,0.8875,0.0,0.0,0.0,0.0,0.0,0.0,0.0,0.0,0.0,0.0,1,1,0,False,False,False,False,False,False
2655,0.82592624,0.77098656,-0.054939680000000046,0.9870375,0.8710522,-0.11598529999999996,0.45000002,0.5375,0.08749997999999998,0.0,0.0,0.0,0.0,0.0,0.0,0.0,0.0,0.0,1,1,0,False,False,False,False,False,False
2656,1.0,1.0,0.0,1.0,1.0,0.0,1.0,1.0,0.0,0.0,0.0,0.0,0.0,0.0,0.0,0.0,0.0,0.0,1,1,0,False,False,False,False,False,False
2657,1.0,1.0,0.0,1.0,1.0,0.0,1.0,1.0,0.0,0.0,0.0,0.0,0.0,0.0,0.0,0.0,0.0,0.0,1,1,0,False,False,False,False,False,False
2658,0.79335696,0.8585844,0.06522744000000003,0.8869385,0.9747634,0.08782489999999998,0.575,0.58750004,0.012500040000000046,0.0,0.0,0.0,0.0,0.0,0.0,0.0,0.0,0.0,1,1,0,False,False,False,False,False,False
2659,0.8391264,0.80181026,-0.03731614000000005,0.8183948,0.7650862,-0.05330859999999993,0.8875,0.8875,0.0,0.0,0.0,0.0,0.0,0.0,0.0,0.0,0.0,0.0,1,1,0,False,False,False,False,False,False
2660,0.8163597,0.8512829,0.03492319999999993,0.85015666,0.937547,0.08739034000000001,0.7375,0.65000004,-0.08749996000000004,0.0,0.0,0.0,0.0,0.0,0.0,0.0,0.0,0.0,1,1,0,False,False,False,False,False,False
2661,0.87713206,0.89255935,0.015427289999999982,0.8780458,0.92687047,0.048824670000000014,0.875,0.8125,-0.0625,0.0,0.0,0.0,0.0,0.0,0.0,0.0,0.0,0.0,1,1,0,False,False,False,False,False,False
2662,1.0,1.0,0.0,1.0,1.0,0.0,1.0,1.0,0.0,0.0,0.0,0.0,0.0,0.0,0.0,0.0,0.0,0.0,1,1,0,False,False,False,False,False,False
2663,0.7392637,0.7155662,-0.023697499999999927,0.9275196,0.856166,-0.07135360000000002,0.3,0.38750002,0.08750002000000001,0.0,0.0,0.0,0.0,0.0,0.0,0.0,0.0,0.0,1,1,0,False,False,False,False,False,False
2664,0.8063734,0.7826373,-0.023736100000000038,0.7876763,0.77519614,-0.012480159999999962,0.85,0.8,-0.04999999999999993,0.0,0.0,0.0,0.0,0.0,0.0,0.0,0.0,0.0,1,1,0,False,False,False,False,False,False
2665,1.0,0.41133857,-0.5886614299999999,1.0,0.15905508,-0.84094492,1.0,1.0,0.0,0.0,0.0,0.0,0.0,0.0,0.0,0.0,0.0,0.0,1,1,0,False,False,False,False,False,False
2666,1.0,1.0,0.0,1.0,1.0,0.0,1.0,1.0,0.0,0.0,0.0,0.0,0.0,0.0,0.0,0.0,0.0,0.0,1,1,0,False,False,False,False,False,False
2667,0.96625006,0.0,-0.96625006,1.0,0.47175077,-0.52824923,0.8875,1.0,0.11250000000000004,0.0,0.0,0.0,0.0,0.0,0.0,0.0,1.0,1.0,1,0,-1,False,True,False,False,False,False
2668,0.83468914,0.8933851,0.05869595999999999,0.7959844,0.8798358,0.08385139999999991,0.925,0.925,0.0,0.0,0.0,0.0,0.0,0.0,0.0,0.0,0.0,0.0,1,1,0,False,False,False,False,False,False
2669,1.0,1.0,0.0,1.0,1.0,0.0,1.0,1.0,0.0,0.0,0.0,0.0,0.0,0.0,0.0,0.0,0.0,0.0,1,1,0,False,False,False,False,False,False
2670,0.91576463,0.90832675,-0.007437880000000008,0.87966365,0.8690381,-0.010625549999999984,1.0,1.0,0.0,0.0,0.0,0.0,0.0,0.0,0.0,0.0,0.0,0.0,1,1,0,False,False,False,False,False,False
2671,0.9009396,0.89798564,-0.002953959999999922,0.9602709,0.9453367,-0.014934200000000009,0.7625,0.7875,0.025000000000000022,0.0,0.0,0.0,0.0,0.0,0.0,0.0,0.0,0.0,1,1,0,False,False,False,False,False,False
2672,0.9325243,0.30053797,-0.6319863299999999,0.90360624,0.0007685359,-0.9028377041,1.0,1.0,0.0,0.0,0.0,0.0,0.0,0.0,0.0,0.0,0.0,0.0,1,1,0,False,False,False,False,False,False
2673,0.9325,0.8838684,-0.0486316,1.0,0.88766915,-0.11233084999999998,0.77500004,0.875,0.09999996,0.0,0.0,0.0,0.0,0.0,0.0,0.0,0.0,0.0,1,1,0,False,False,False,False,False,False
2674,0.90074223,0.85574895,-0.044993280000000024,0.85820323,0.79392713,-0.06427609999999995,1.0,1.0,0.0,0.0,0.0,0.0,0.0,0.0,0.0,0.0,0.0,0.0,1,1,0,False,False,False,False,False,False
2675,0.89400387,0.95983475,0.06583087999999993,0.8485769,0.97476393,0.12618702999999998,1.0,0.925,-0.07499999999999996,0.0,0.0,0.0,0.0,0.0,0.0,0.0,0.0,0.0,1,1,0,False,False,False,False,False,False
2676,0.81397575,0.9139084,0.09993264999999996,0.82532233,0.92522633,0.09990399999999999,0.7875,0.8875,0.09999999999999998,0.0,0.0,0.0,0.0,0.0,0.0,0.0,0.0,0.0,1,1,0,False,False,False,False,False,False
2677,1.0,1.0,0.0,1.0,1.0,0.0,1.0,1.0,0.0,0.0,0.0,0.0,0.0,0.0,0.0,0.0,0.0,0.0,1,1,0,False,False,False,False,False,False
2678,0.0,0.89821404,0.89821404,0.969571,0.9028058,-0.06676519999999997,0.75342464,0.8875,0.13407535999999998,1.0,0.0,-1.0,1.0,0.0,-1.0,0.0,0.0,0.0,0,1,1,False,False,True,False,True,False
2679,1.0,1.0,0.0,1.0,1.0,0.0,1.0,1.0,0.0,0.0,0.0,0.0,0.0,0.0,0.0,0.0,0.0,0.0,1,1,0,False,False,False,False,False,False
2680,0.0,0.96589583,0.96589583,1.0000001,0.9512798,-0.04872030000000005,1.0,1.0,0.0,0.0,0.0,0.0,0.0,0.0,0.0,1.0,0.0,-1.0,0,1,1,True,False,False,False,False,False
2681,0.70817804,0.41424948,-0.29392855999999995,0.6366829,0.21142784,-0.42525506,0.875,0.8875,0.012499999999999956,0.0,0.0,0.0,0.0,0.0,0.0,0.0,0.0,0.0,1,1,0,False,False,False,False,False,False
2682,0.7321813,0.7704223,0.03824099999999997,0.7888304,0.8006033,0.011772899999999975,0.6,0.7,0.09999999999999998,0.0,0.0,0.0,0.0,0.0,0.0,0.0,0.0,0.0,1,1,0,False,False,False,False,False,False
2683,1.0,1.0,0.0,1.0,1.0,0.0,1.0,1.0,0.0,0.0,0.0,0.0,0.0,0.0,0.0,0.0,0.0,0.0,1,1,0,False,False,False,False,False,False
2684,1.0,1.0,0.0,1.0,1.0,0.0,1.0,1.0,0.0,0.0,0.0,0.0,0.0,0.0,0.0,0.0,0.0,0.0,1,1,0,False,False,False,False,False,False
2685,0.9593725,0.9026362,-0.05673629999999996,0.990175,0.8609088,-0.1292662,0.8875,1.0,0.11250000000000004,0.0,0.0,0.0,0.0,0.0,0.0,0.0,0.0,0.0,1,1,0,False,False,False,False,False,False
2686,0.0,0.0,0.0,1.0,1.0,0.0,1.0,1.0,0.0,1.0,1.0,0.0,1.0,1.0,0.0,0.0,0.0,0.0,0,0,0,False,False,False,False,False,False
2687,0.0,0.0,0.0,1.0,1.0,0.0,1.0,1.0,0.0,2.0,2.0,0.0,1.0,1.0,0.0,0.0,0.0,0.0,0,0,0,False,False,False,False,False,False
2688,1.0,1.0,0.0,1.0,1.0,0.0,1.0,1.0,0.0,0.0,0.0,0.0,0.0,0.0,0.0,0.0,0.0,0.0,1,1,0,False,False,False,False,False,False
2689,0.0,0.5731599,0.5731599,0.7632365,0.51344264,-0.24979386000000003,0.65625,0.71250004,0.05625004,1.0,0.0,-1.0,1.0,0.0,-1.0,0.0,0.0,0.0,0,1,1,False,False,True,False,True,False
2690,0.97749996,0.8432793,-0.13422066,1.0,0.7761133,-0.2238867,0.925,1.0,0.07499999999999996,0.0,0.0,0.0,0.0,0.0,0.0,0.0,0.0,0.0,1,1,0,False,False,False,False,False,False
2691,1.0,1.0,0.0,1.0,1.0,0.0,1.0,1.0,0.0,0.0,0.0,0.0,0.0,0.0,0.0,0.0,0.0,0.0,1,1,0,False,False,False,False,False,False
2692,0.7108262,0.7528443,0.04201810000000006,0.72082317,0.75942034,0.03859717000000007,0.6875,0.7375,0.050000000000000044,0.0,0.0,0.0,0.0,0.0,0.0,0.0,0.0,0.0,1,1,0,False,False,False,False,False,False
2693,1.0,1.0,0.0,1.0,1.0,0.0,1.0,1.0,0.0,0.0,0.0,0.0,0.0,0.0,0.0,0.0,0.0,0.0,1,1,0,False,False,False,False,False,False
2694,0.72859293,0.6823815,-0.04621143000000005,0.7247756,0.7873307,0.06255510000000009,0.7375,0.4375,-0.30000000000000004,0.0,0.0,0.0,0.0,0.0,0.0,0.0,0.0,0.0,1,1,0,False,False,False,False,False,False
2695,0.8273798,0.82415915,-0.003220650000000047,0.801614,0.92558455,0.1239705499999999,0.8875,0.58750004,-0.29999995999999995,0.0,0.0,0.0,0.0,0.0,0.0,0.0,0.0,0.0,1,1,0,False,False,False,False,False,False
2696,0.96625006,0.96625006,0.0,1.0,1.0,0.0,0.8875,0.8875,0.0,0.0,0.0,0.0,0.0,0.0,0.0,0.0,0.0,0.0,1,1,0,False,False,False,False,False,False
2697,0.8363209,0.90083313,0.06451222999999995,0.88402975,0.8583331,-0.025696649999999988,0.725,1.0,0.275,0.0,0.0,0.0,0.0,0.0,0.0,0.0,0.0,0.0,1,1,0,False,False,False,False,False,False
2698,0.94812787,0.8717573,-0.07637057000000003,0.9258969,0.81679624,-0.10910066000000007,1.0,1.0,0.0,0.0,0.0,0.0,0.0,0.0,0.0,0.0,0.0,0.0,1,1,0,False,False,False,False,False,False
2699,0.7089834,0.7387102,0.029726799999999942,0.7181906,0.782086,0.06389539999999994,0.6875,0.6375,-0.050000000000000044,0.0,0.0,0.0,0.0,0.0,0.0,0.0,0.0,0.0,1,1,0,False,False,False,False,False,False
2700,1.0,0.8163058,-0.18369420000000003,1.0,0.73757976,-0.26242023999999997,1.0,1.0,0.0,0.0,0.0,0.0,0.0,0.0,0.0,0.0,0.0,0.0,1,1,0,False,False,False,False,False,False
2701,0.9175,0.9234684,0.005968399999999985,1.0,0.89066905,-0.10933095000000004,0.725,1.0,0.275,0.0,0.0,0.0,0.0,0.0,0.0,0.0,0.0,0.0,1,1,0,False,False,False,False,False,False
2702,0.85047007,0.9004788,0.05000873000000006,0.8506715,0.9381839,0.08751239999999993,0.85,0.8125,-0.03749999999999998,0.0,0.0,0.0,0.0,0.0,0.0,0.0,0.0,0.0,1,1,0,False,False,False,False,False,False
2703,0.9217064,0.87748975,-0.04421665000000008,0.9363664,0.87319964,-0.06316675999999999,0.8875,0.8875,0.0,0.0,0.0,0.0,0.0,0.0,0.0,0.0,0.0,0.0,1,1,0,False,False,False,False,False,False
2704,0.0,0.81408405,0.81408405,0.66030264,0.83619153,0.17588888999999996,0.8769231,0.7625,-0.1144231,0.0,0.0,0.0,1.0,0.0,-1.0,0.0,0.0,0.0,0,1,1,False,False,True,False,False,False
2705,0.8397932,0.81227857,-0.027514629999999984,0.82470465,0.8121836,-0.012521050000000034,0.875,0.8125,-0.0625,0.0,0.0,0.0,0.0,0.0,0.0,0.0,0.0,0.0,1,1,0,False,False,False,False,False,False
2706,0.0,1.0,1.0,1.0,1.0,0.0,1.0,1.0,0.0,0.0,0.0,0.0,0.0,0.0,0.0,1.0,0.0,-1.0,0,1,1,True,False,False,False,False,False
2707,0.0,0.8691166,0.8691166,0.18713187,0.81302375,0.6258918800000001,1.0,1.0,0.0,0.0,0.0,0.0,0.0,0.0,0.0,1.0,0.0,-1.0,0,1,1,True,False,False,False,False,False
2708,0.0,0.791256,0.791256,0.69052875,0.8839371,0.19340835,0.64705884,0.575,-0.07205884000000007,0.0,0.0,0.0,0.0,0.0,0.0,1.0,0.0,-1.0,0,1,1,True,False,False,False,False,False
2709,0.85778296,0.8849289,0.027145940000000035,0.8450471,0.8838269,0.03877979999999992,0.8875,0.8875,0.0,0.0,0.0,0.0,0.0,0.0,0.0,0.0,0.0,0.0,1,1,0,False,False,False,False,False,False
2710,0.97749996,0.6507471,-0.3267528599999999,1.0,0.5010673,-0.4989327,0.925,1.0,0.07499999999999996,0.0,0.0,0.0,0.0,0.0,0.0,0.0,0.0,0.0,1,1,0,False,False,False,False,False,False
2711,0.44135615,0.5348361,0.09347995000000003,0.20193733,0.33548012,0.13354279,1.0,1.0,0.0,0.0,0.0,0.0,0.0,0.0,0.0,0.0,0.0,0.0,1,1,0,False,False,False,False,False,False
2712,0.96625006,0.82020247,-0.14604759,1.0,0.7431464,-0.2568536,0.8875,1.0,0.11250000000000004,0.0,0.0,0.0,0.0,0.0,0.0,0.0,0.0,0.0,1,1,0,False,False,False,False,False,False
2713,0.9325,0.92875004,-0.003749959999999941,1.0,1.0,0.0,0.77500004,0.7625,-0.012500040000000046,0.0,0.0,0.0,0.0,0.0,0.0,0.0,0.0,0.0,1,1,0,False,False,False,False,False,False
2714,0.7761822,0.7761822,0.0,0.72847456,0.72847456,0.0,0.8875,0.8875,0.0,0.0,0.0,0.0,0.0,0.0,0.0,0.0,0.0,0.0,1,1,0,False,False,False,False,False,False
2715,0.9057684,0.8419119,-0.06385649999999998,0.9135977,0.8277312,-0.08586649999999996,0.8875,0.875,-0.012499999999999956,0.0,0.0,0.0,0.0,0.0,0.0,0.0,0.0,0.0,1,1,0,False,False,False,False,False,False
2716,0.925095,0.8902734,-0.03482160000000001,0.8929928,0.84324765,-0.049745150000000016,1.0,1.0,0.0,0.0,0.0,0.0,0.0,0.0,0.0,0.0,0.0,0.0,1,1,0,False,False,False,False,False,False
2717,0.8744303,0.91296333,0.03853302999999997,0.82061464,0.9078048,0.08719016000000002,1.0,0.925,-0.07499999999999996,0.0,0.0,0.0,0.0,0.0,0.0,0.0,0.0,0.0,1,1,0,False,False,False,False,False,False
2718,0.7088219,0.655089,-0.05373289999999997,0.78760266,0.8126271,0.025024440000000037,0.52500004,0.2875,-0.23750004000000002,0.0,0.0,0.0,0.0,0.0,0.0,0.0,0.0,0.0,1,1,0,False,False,False,False,False,False
2719,0.7727004,0.8338936,0.06119320000000006,0.6752863,0.7627051,0.08741880000000002,1.0,1.0,0.0,0.0,0.0,0.0,0.0,0.0,0.0,0.0,0.0,0.0,1,1,0,False,False,False,False,False,False
2720,0.96624994,0.85,-0.11624994,0.99999994,0.99999994,0.0,0.8875,0.5,-0.38749999999999996,0.0,0.0,0.0,0.0,0.0,0.0,0.0,0.0,0.0,1,1,0,False,False,False,False,False,False
2721,0.89428866,0.94749993,0.05321127000000003,0.89719814,0.99999994,0.10280180000000005,0.8875,0.825,-0.0625,0.0,0.0,0.0,0.0,0.0,0.0,0.0,0.0,0.0,1,1,0,False,False,False,False,False,False
2722,0.76785487,0.79895157,0.031096700000000088,0.7005069,0.712788,0.012281099999999934,0.925,1.0,0.07499999999999996,0.0,0.0,0.0,0.0,0.0,0.0,0.0,0.0,0.0,1,1,0,False,False,False,False,False,False
2723,0.99014455,0.89238626,-0.09775829000000003,0.9859207,0.87840897,-0.10751173000000003,1.0,0.925,-0.07499999999999996,0.0,0.0,0.0,0.0,0.0,0.0,0.0,0.0,0.0,1,1,0,False,False,False,False,False,False
2724,0.7811937,0.91164225,0.13044855,0.89099085,0.9755603,0.08456945000000005,0.52500004,0.7625,0.23749995999999995,0.0,0.0,0.0,0.0,0.0,0.0,0.0,0.0,0.0,1,1,0,False,False,False,False,False,False
2725,1.0,1.0,0.0,1.0,1.0,0.0,1.0,1.0,0.0,0.0,0.0,0.0,0.0,0.0,0.0,0.0,0.0,0.0,1,1,0,False,False,False,False,False,False
2726,0.8218338,0.89683384,0.07500004000000005,0.90083396,0.90083396,0.0,0.6375,0.8875,0.25,0.0,0.0,0.0,0.0,0.0,0.0,0.0,0.0,0.0,1,1,0,False,False,False,False,False,False
2727,1.0,1.0,0.0,1.0,1.0,0.0,1.0,1.0,0.0,0.0,0.0,0.0,0.0,0.0,0.0,0.0,0.0,0.0,1,1,0,False,False,False,False,False,False
2728,0.0,0.0,0.0,0.7494012,0.62420064,-0.12520056000000002,0.8235294,1.0,0.17647060000000003,0.0,0.0,0.0,1.0,1.0,0.0,0.0,0.0,0.0,0,0,0,False,False,False,False,False,False
2729,0.79925996,0.9045269,0.10526694000000003,0.79358566,0.9171812,0.12359554000000006,0.8125,0.875,0.0625,0.0,0.0,0.0,0.0,0.0,0.0,0.0,0.0,0.0,1,1,0,False,False,False,False,False,False
2730,0.7210438,0.75359786,0.03255405999999994,0.79970545,0.8247826,0.025077149999999993,0.5375,0.58750004,0.05000004000000002,0.0,0.0,0.0,0.0,0.0,0.0,0.0,0.0,0.0,1,1,0,False,False,False,False,False,False
2731,0.98345673,0.832365,-0.15109172999999998,0.9763667,0.80873567,-0.16763103000000001,1.0,0.8875,-0.11250000000000004,0.0,0.0,0.0,0.0,0.0,0.0,0.0,0.0,0.0,1,1,0,False,False,False,False,False,False
2732,0.9105353,0.83419913,-0.07633617000000004,0.92040753,0.811356,-0.10905153000000001,0.8875,0.8875,0.0,0.0,0.0,0.0,0.0,0.0,0.0,0.0,0.0,0.0,1,1,0,False,False,False,False,False,False
2733,0.8077318,0.7524851,-0.05524669999999998,0.8110455,0.74819297,-0.06285253000000002,0.8,0.7625,-0.03750000000000009,0.0,0.0,0.0,0.0,0.0,0.0,0.0,0.0,0.0,1,1,0,False,False,False,False,False,False
2734,0.94750005,0.81643385,-0.13106620000000002,1.0,0.8127626,-0.1872374,0.825,0.825,0.0,0.0,0.0,0.0,0.0,0.0,0.0,0.0,0.0,0.0,1,1,0,False,False,False,False,False,False
2735,1.0,1.0,0.0,1.0,1.0,0.0,1.0,1.0,0.0,0.0,0.0,0.0,0.0,0.0,0.0,0.0,0.0,0.0,1,1,0,False,False,False,False,False,False
2736,0.8235132,0.8673264,0.04381320000000011,0.8603761,0.88546616,0.025090060000000025,0.7375,0.825,0.08749999999999991,0.0,0.0,0.0,0.0,0.0,0.0,0.0,0.0,0.0,1,1,0,False,False,False,False,False,False
2737,0.87932473,0.97749996,0.09817522999999995,0.8597497,1.0000001,0.1402504000000001,0.925,0.925,0.0,0.0,0.0,0.0,0.0,0.0,0.0,0.0,0.0,0.0,1,1,0,False,False,False,False,False,False
2738,0.97749996,0.90419227,-0.07330768999999993,1.0,0.86313176,-0.13686823999999997,0.925,1.0,0.07499999999999996,0.0,0.0,0.0,0.0,0.0,0.0,0.0,0.0,0.0,1,1,0,False,False,False,False,False,False
2739,0.8648077,0.864481,-0.00032669999999990207,0.8550824,0.8064014,-0.048680999999999974,0.8875,1.0,0.11250000000000004,0.0,0.0,0.0,0.0,0.0,0.0,0.0,0.0,0.0,1,1,0,False,False,False,False,False,False
2740,0.9568866,0.8344084,-0.12247819999999998,0.9866237,0.8116549,-0.17496880000000004,0.8875,0.8875,0.0,0.0,0.0,0.0,0.0,0.0,0.0,0.0,0.0,0.0,1,1,0,False,False,False,False,False,False
2741,0.8248092,0.78735024,-0.03745896000000004,0.7872274,0.82478607,0.037558670000000016,0.9125,0.7,-0.21250000000000002,0.0,0.0,0.0,0.0,0.0,0.0,0.0,0.0,0.0,1,1,0,False,False,False,False,False,False
2742,1.0,1.0,0.0,1.0,1.0,0.0,1.0,1.0,0.0,0.0,0.0,0.0,0.0,0.0,0.0,0.0,0.0,0.0,1,1,0,False,False,False,False,False,False
2743,1.0,1.0,0.0,1.0,1.0,0.0,1.0,1.0,0.0,0.0,0.0,0.0,0.0,0.0,0.0,0.0,0.0,0.0,1,1,0,False,False,False,False,False,False
2744,0.7712078,0.77087885,-0.0003289499999999945,0.7213683,0.88161266,0.16024436000000009,0.8875,0.5125,-0.375,0.0,0.0,0.0,0.0,0.0,0.0,0.0,0.0,0.0,1,1,0,False,False,False,False,False,False
2745,0.7102306,0.8278103,0.11757969999999995,0.66640085,0.7540146,0.08761374999999993,0.8125,1.0,0.1875,0.0,0.0,0.0,0.0,0.0,0.0,0.0,0.0,0.0,1,1,0,False,False,False,False,False,False
2746,0.7952564,0.7731046,-0.022151799999999944,0.78786623,0.7508637,-0.03700252999999998,0.8125,0.825,0.012499999999999956,0.0,0.0,0.0,0.0,0.0,0.0,0.0,0.0,0.0,1,1,0,False,False,False,False,False,False
2747,0.0,1.0,1.0,1.0,1.0,0.0,1.0,1.0,0.0,0.0,0.0,0.0,0.0,0.0,0.0,1.0,0.0,-1.0,0,1,1,True,False,False,False,False,False
2748,1.0,1.0,0.0,1.0,1.0,0.0,1.0,1.0,0.0,0.0,0.0,0.0,0.0,0.0,0.0,0.0,0.0,0.0,1,1,0,False,False,False,False,False,False
2749,1.0,0.9119078,-0.08809219999999995,1.0,0.874154,-0.125846,1.0,1.0,0.0,0.0,0.0,0.0,0.0,0.0,0.0,0.0,0.0,0.0,1,1,0,False,False,False,False,False,False
2750,0.8251923,0.6846053,-0.14058700000000002,0.86277467,0.9137219,0.05094723000000001,0.7375,0.15,-0.5875,0.0,0.0,0.0,0.0,0.0,0.0,0.0,0.0,0.0,1,1,0,False,False,False,False,False,False
2751,0.87112945,0.8413553,-0.029774149999999944,0.86411345,0.95015043,0.08603698000000004,0.8875,0.58750004,-0.29999995999999995,0.0,0.0,0.0,0.0,0.0,0.0,0.0,0.0,0.0,1,1,0,False,False,False,False,False,False
2752,0.8340136,0.91092265,0.07690904999999992,0.8110908,0.9370322,0.12594139999999998,0.8875,0.85,-0.03749999999999998,0.0,0.0,0.0,0.0,0.0,0.0,0.0,0.0,0.0,1,1,0,False,False,False,False,False,False
2753,0.99992126,0.9671425,-0.03277876000000002,0.9998874,0.9530607,-0.0468267,1.0,1.0,0.0,0.0,0.0,0.0,0.0,0.0,0.0,0.0,0.0,0.0,1,1,0,False,False,False,False,False,False
2754,0.9496542,0.86146116,-0.08819304000000006,0.97629166,0.8503017,-0.12598995999999996,0.8875,0.8875,0.0,0.0,0.0,0.0,0.0,0.0,0.0,0.0,0.0,0.0,1,1,0,False,False,False,False,False,False
2755,0.81244946,0.87496513,0.06251567000000002,0.81242776,0.91245013,0.10002236999999992,0.8125,0.7875,-0.025000000000000022,0.0,0.0,0.0,0.0,0.0,0.0,0.0,0.0,0.0,1,1,0,False,False,False,False,False,False
2756,0.0,0.0,0.0,1.0,1.0,0.0,1.0,1.0,0.0,1.0,1.0,0.0,1.0,1.0,0.0,0.0,0.0,0.0,0,0,0,False,False,False,False,False,False
2757,0.74556977,0.8526608,0.10709102999999998,0.6847425,0.83772963,0.15298712999999997,0.8875,0.8875,0.0,0.0,0.0,0.0,0.0,0.0,0.0,0.0,0.0,0.0,1,1,0,False,False,False,False,False,False
2758,0.89666367,0.88529265,-0.01137102000000001,0.900591,0.9379181,0.037327099999999946,0.8875,0.7625,-0.125,0.0,0.0,0.0,0.0,0.0,0.0,0.0,0.0,0.0,1,1,0,False,False,False,False,False,False
2759,1.0,1.0,0.0,1.0,1.0,0.0,1.0,1.0,0.0,0.0,0.0,0.0,0.0,0.0,0.0,0.0,0.0,0.0,1,1,0,False,False,False,False,False,False
2760,0.0,0.0,0.0,1.0,1.0,0.0,1.0,0.0,-1.0,1.0,1.0,0.0,1.0,1.0,0.0,0.0,0.0,0.0,0,0,0,False,False,False,False,False,False
2761,0.66439813,0.70225084,0.03785271000000001,0.56878304,0.68714404,0.11836099999999994,0.8875,0.7375,-0.1499999999999999,0.0,0.0,0.0,0.0,0.0,0.0,0.0,0.0,0.0,1,1,0,False,False,False,False,False,False
2762,0.90429,0.76149386,-0.14279614000000007,0.8632715,0.93784845,0.07457694999999998,1.0,0.35,-0.65,0.0,0.0,0.0,0.0,0.0,0.0,0.0,0.0,0.0,1,1,0,False,False,False,False,False,False
2763,1.0,1.0,0.0,1.0,1.0,0.0,1.0,1.0,0.0,0.0,0.0,0.0,0.0,0.0,0.0,0.0,0.0,0.0,1,1,0,False,False,False,False,False,False
2764,0.8786694,0.96250004,0.08383063999999996,0.8748847,1.0,0.12511530000000004,0.8875,0.875,-0.012499999999999956,0.0,0.0,0.0,0.0,0.0,0.0,0.0,0.0,0.0,1,1,0,False,False,False,False,False,False
2765,1.0,0.7660784,-0.23392159999999995,1.0,0.66582626,-0.33417374,1.0,1.0,0.0,0.0,0.0,0.0,0.0,0.0,0.0,0.0,0.0,0.0,1,1,0,False,False,False,False,False,False
2766,0.85241264,0.8986208,0.04620815999999994,0.8373751,0.9248154,0.08744029999999992,0.8875,0.83750004,-0.049999959999999954,0.0,0.0,0.0,0.0,0.0,0.0,0.0,0.0,0.0,1,1,0,False,False,False,False,False,False
2767,0.8362959,0.77160376,-0.06469214000000001,0.8250656,0.8987197,0.07365410000000006,0.8625,0.475,-0.38750000000000007,0.0,0.0,0.0,0.0,0.0,0.0,0.0,0.0,0.0,1,1,0,False,False,False,False,False,False
2768,0.77044696,0.83291006,0.062463099999999994,0.7202814,0.8095144,0.089233,0.8875,0.8875,0.0,0.0,0.0,0.0,0.0,0.0,0.0,0.0,0.0,0.0,1,1,0,False,False,False,False,False,False
2769,1.0,1.0,0.0,1.0,1.0,0.0,1.0,1.0,0.0,0.0,0.0,0.0,0.0,0.0,0.0,0.0,0.0,0.0,1,1,0,False,False,False,False,False,False
2770,1.0,1.0,0.0,1.0,1.0,0.0,1.0,1.0,0.0,0.0,0.0,0.0,0.0,0.0,0.0,0.0,0.0,0.0,1,1,0,False,False,False,False,False,False
2771,0.79916435,0.8985798,0.09941545000000007,0.7666634,0.9086853,0.14202190000000003,0.875,0.875,0.0,0.0,0.0,0.0,0.0,0.0,0.0,0.0,0.0,0.0,1,1,0,False,False,False,False,False,False
2772,0.0,0.0,0.0,1.0,1.0,0.0,1.0,1.0,0.0,0.0,0.0,0.0,1.0,1.0,0.0,0.0,0.0,0.0,0,0,0,False,False,False,False,False,False
2773,1.0,1.0,0.0,1.0,1.0,0.0,1.0,1.0,0.0,0.0,0.0,0.0,0.0,0.0,0.0,0.0,0.0,0.0,1,1,0,False,False,False,False,False,False
2774,0.8939167,0.885102,-0.008814699999999953,0.8484525,0.83585995,-0.012592550000000036,1.0,1.0,0.0,0.0,0.0,0.0,0.0,0.0,0.0,0.0,0.0,0.0,1,1,0,False,False,False,False,False,False
2775,0.95874995,0.9850001,0.026250150000000083,1.0,1.0,0.0,0.8625,0.95,0.08749999999999991,0.0,0.0,0.0,0.0,0.0,0.0,0.0,0.0,0.0,1,1,0,False,False,False,False,False,False
2776,0.82109606,0.7331941,-0.08790196000000006,0.80870867,0.78492016,-0.02378851000000004,0.85,0.6125,-0.23749999999999993,0.0,0.0,0.0,0.0,0.0,0.0,0.0,0.0,0.0,1,1,0,False,False,False,False,False,False
2777,0.7905375,0.65928745,-0.13125005,0.81326777,0.81326777,0.0,0.7375,0.3,-0.43750000000000006,0.0,0.0,0.0,0.0,0.0,0.0,0.0,0.0,0.0,1,1,0,False,False,False,False,False,False
2778,0.74728614,0.6667605,-0.08052564000000006,0.68719447,0.63644356,-0.05075090999999998,0.8875,0.7375,-0.1499999999999999,0.0,0.0,0.0,0.0,0.0,0.0,0.0,0.0,0.0,1,1,0,False,False,False,False,False,False
2779,0.0,0.0,0.0,0.08388639,0.073077835,-0.010808555000000011,0.0,1.0,1.0,1.0,1.0,0.0,1.0,1.0,0.0,0.0,0.0,0.0,0,0,0,False,False,False,False,False,False
2780,0.7557809,0.8522466,0.09646569999999999,0.69932985,0.837138,0.13780815000000002,0.8875,0.8875,0.0,0.0,0.0,0.0,0.0,0.0,0.0,0.0,0.0,0.0,1,1,0,False,False,False,False,False,False
2781,0.96250004,0.8620802,-0.10041984000000004,1.0,0.8029718,-0.1970282,0.875,1.0,0.125,0.0,0.0,0.0,0.0,0.0,0.0,0.0,0.0,0.0,1,1,0,False,False,False,False,False,False
2782,0.8012301,0.82998717,0.02875707000000005,0.81247145,0.91248167,0.10001022000000004,0.77500004,0.6375,-0.13750004000000005,0.0,0.0,0.0,0.0,0.0,0.0,0.0,0.0,0.0,1,1,0,False,False,False,False,False,False
2783,0.8864593,0.782464,-0.1039952999999999,0.90208465,0.95173436,0.04964970999999996,0.85,0.38750002,-0.46249998,0.0,0.0,0.0,0.0,0.0,0.0,0.0,0.0,0.0,1,1,0,False,False,False,False,False,False
2784,0.698796,0.8048029,0.10600690000000002,0.61792284,0.77471834,0.15679549999999998,0.8875,0.875,-0.012499999999999956,0.0,0.0,0.0,0.0,0.0,0.0,0.0,0.0,0.0,1,1,0,False,False,False,False,False,False
2785,0.8725688,0.89209825,0.019529449999999948,0.85009825,0.92621183,0.0761135799999999,0.925,0.8125,-0.11250000000000004,0.0,0.0,0.0,0.0,0.0,0.0,0.0,0.0,0.0,1,1,0,False,False,False,False,False,False
2786,1.0,1.0,0.0,1.0,1.0,0.0,1.0,1.0,0.0,0.0,0.0,0.0,0.0,0.0,0.0,0.0,0.0,0.0,1,1,0,False,False,False,False,False,False
2787,0.0,0.0,0.0,0.00080205686,0.00080205686,0.0,1.0,1.0,0.0,1.0,1.0,0.0,1.0,1.0,0.0,0.0,0.0,0.0,0,0,0,False,False,False,False,False,False
2788,0.7485934,0.79558045,0.04698705000000003,0.7158477,0.7669006,0.05105290000000007,0.825,0.8625,0.03750000000000009,0.0,0.0,0.0,0.0,0.0,0.0,0.0,0.0,0.0,1,1,0,False,False,False,False,False,False
2789,0.8349571,0.8637438,0.028786699999999943,0.8124388,0.9124911,0.10005229999999998,0.8875,0.75,-0.13749999999999996,0.0,0.0,0.0,0.0,0.0,0.0,0.0,0.0,0.0,1,1,0,False,False,False,False,False,False
2790,1.0,1.0,0.0,1.0,1.0,0.0,1.0,1.0,0.0,0.0,0.0,0.0,0.0,0.0,0.0,0.0,0.0,0.0,1,1,0,False,False,False,False,False,False
2791,0.8496942,0.85208315,0.0023889500000000563,0.78527737,0.933333,0.14805563,1.0,0.6625,-0.3375,0.0,0.0,0.0,0.0,0.0,0.0,0.0,0.0,0.0,1,1,0,False,False,False,False,False,False
2792,0.8285109,0.87139,0.04287909999999995,0.80858696,0.9234143,0.11482734000000006,0.875,0.75,-0.125,0.0,0.0,0.0,0.0,0.0,0.0,0.0,0.0,0.0,1,1,0,False,False,False,False,False,False
2793,0.77430934,0.8666092,0.09229986000000001,0.7257991,0.9005131,0.17471399999999992,0.8875,0.7875,-0.09999999999999998,0.0,0.0,0.0,0.0,0.0,0.0,0.0,0.0,0.0,1,1,0,False,False,False,False,False,False
2794,0.8948919,0.8949488,5.6900000000026374e-05,0.8498455,0.96242684,0.11258133999999997,1.0,0.7375,-0.26249999999999996,0.0,0.0,0.0,0.0,0.0,0.0,0.0,0.0,0.0,1,1,0,False,False,False,False,False,False
2795,0.89239913,0.8399288,-0.05247033000000001,0.89985585,0.93739825,0.037542399999999976,0.875,0.6125,-0.26249999999999996,0.0,0.0,0.0,0.0,0.0,0.0,0.0,0.0,0.0,1,1,0,False,False,False,False,False,False
2796,0.901234,0.78622806,-0.11500593999999997,0.9124771,0.88746864,-0.02500846000000001,0.875,0.55,-0.32499999999999996,0.0,0.0,0.0,0.0,0.0,0.0,0.0,0.0,0.0,1,1,0,False,False,False,False,False,False
2797,0.96877813,0.91028494,-0.05849318999999997,0.95539737,0.90933555,-0.04606182000000003,1.0,0.9125,-0.08750000000000002,0.0,0.0,0.0,0.0,0.0,0.0,0.0,0.0,0.0,1,1,0,False,False,False,False,False,False
2798,0.97749996,0.9690258,-0.008474159999999897,1.0,0.95575106,-0.044248940000000014,0.925,1.0,0.07499999999999996,0.0,0.0,0.0,0.0,0.0,0.0,0.0,0.0,0.0,1,1,0,False,False,False,False,False,False
2799,1.0,1.0,0.0,1.0,1.0,0.0,1.0,1.0,0.0,0.0,0.0,0.0,0.0,0.0,0.0,0.0,0.0,0.0,1,1,0,False,False,False,False,False,False
2800,1.0,1.0,0.0,1.0,1.0,0.0,1.0,1.0,0.0,0.0,0.0,0.0,0.0,0.0,0.0,0.0,0.0,0.0,1,1,0,False,False,False,False,False,False
2801,0.8832796,0.8229365,-0.060343100000000094,0.881471,0.747052,-0.13441899999999996,0.8875,1.0,0.11250000000000004,0.0,0.0,0.0,0.0,0.0,0.0,0.0,0.0,0.0,1,1,0,False,False,False,False,False,False
2802,0.8038673,0.8188122,0.014944900000000039,0.8001675,0.9125889,0.1124214,0.8125,0.6,-0.21250000000000002,0.0,0.0,0.0,0.0,0.0,0.0,0.0,0.0,0.0,1,1,0,False,False,False,False,False,False
2803,0.886203,0.81058735,-0.07561564999999992,0.9338615,0.8151248,-0.11873670000000003,0.77500004,0.8,0.024999960000000043,0.0,0.0,0.0,0.0,0.0,0.0,0.0,0.0,0.0,1,1,0,False,False,False,False,False,False
2804,0.84250003,0.95500004,0.1125000100000001,1.0,1.0,0.0,0.475,0.85,0.375,0.0,0.0,0.0,0.0,0.0,0.0,0.0,0.0,0.0,1,1,0,False,False,False,False,False,False
2805,0.89643574,0.76132655,-0.13510919,0.90026534,0.9751094,0.07484405999999999,0.8875,0.26250002,-0.6249999799999999,0.0,0.0,0.0,0.0,0.0,0.0,0.0,0.0,0.0,1,1,0,False,False,False,False,False,False
2806,0.79221326,0.7846794,-0.007533860000000003,0.7031618,0.74061346,0.03745166,1.0,0.8875,-0.11250000000000004,0.0,0.0,0.0,0.0,0.0,0.0,0.0,0.0,0.0,1,1,0,False,False,False,False,False,False
2807,1.0,1.0,0.0,1.0,1.0,0.0,1.0,1.0,0.0,0.0,0.0,0.0,0.0,0.0,0.0,0.0,0.0,0.0,1,1,0,False,False,False,False,False,False
2808,0.8262197,0.7737197,-0.05249999999999999,0.7999567,0.7999567,0.0,0.8875,0.71250004,-0.17499995999999995,0.0,0.0,0.0,0.0,0.0,0.0,0.0,0.0,0.0,1,1,0,False,False,False,False,False,False
2809,0.80379933,0.81752366,0.013724329999999951,0.8375705,0.93753386,0.09996336000000006,0.725,0.5375,-0.1875,0.0,0.0,0.0,0.0,0.0,0.0,0.0,0.0,0.0,1,1,0,False,False,False,False,False,False
2810,0.97749996,0.965517,-0.011982959999999987,1.0,0.9507385,-0.04926149999999996,0.925,1.0,0.07499999999999996,0.0,0.0,0.0,0.0,0.0,0.0,0.0,0.0,0.0,1,1,0,False,False,False,False,False,False
2811,0.87324995,0.87324995,0.0,0.8189285,0.8189285,0.0,1.0,1.0,0.0,0.0,0.0,0.0,0.0,0.0,0.0,0.0,0.0,0.0,1,1,0,False,False,False,False,False,False
2812,0.85902566,0.7901642,-0.06886146000000004,0.86289376,0.9252345,0.062340740000000006,0.85,0.475,-0.375,0.0,0.0,0.0,0.0,0.0,0.0,0.0,0.0,0.0,1,1,0,False,False,False,False,False,False
2813,0.8548586,0.95874995,0.10389134999999994,0.84622663,1.0,0.15377337000000002,0.875,0.8625,-0.012499999999999956,0.0,0.0,0.0,0.0,0.0,0.0,0.0,0.0,0.0,1,1,0,False,False,False,False,False,False
2814,0.82531893,0.87727016,0.051951230000000015,0.7825985,0.9103858,0.12778730000000005,0.925,0.8,-0.125,0.0,0.0,0.0,0.0,0.0,0.0,0.0,0.0,0.0,1,1,0,False,False,False,False,False,False
2815,0.8089647,0.8217065,0.012741800000000025,0.7860211,0.83636636,0.05034525999999995,0.8625,0.7875,-0.07500000000000007,0.0,0.0,0.0,0.0,0.0,0.0,0.0,0.0,0.0,1,1,0,False,False,False,False,False,False
2816,1.0,1.0,0.0,1.0,1.0,0.0,1.0,1.0,0.0,0.0,0.0,0.0,0.0,0.0,0.0,0.0,0.0,0.0,1,1,0,False,False,False,False,False,False
2817,0.8613138,0.88123035,0.019916550000000033,0.85009116,0.93747187,0.08738071000000003,0.8875,0.75,-0.13749999999999996,0.0,0.0,0.0,0.0,0.0,0.0,0.0,0.0,0.0,1,1,0,False,False,False,False,False,False
2818,0.9723671,0.9203259,-0.05204120000000001,0.96052444,0.934394,-0.026130440000000088,1.0,0.8875,-0.11250000000000004,0.0,0.0,0.0,0.0,0.0,0.0,0.0,0.0,0.0,1,1,0,False,False,False,False,False,False
2819,1.0,1.0,0.0,1.0,1.0,0.0,1.0,1.0,0.0,0.0,0.0,0.0,0.0,0.0,0.0,0.0,0.0,0.0,1,1,0,False,False,False,False,False,False
2820,0.97749996,0.9576012,-0.019898759999999904,1.0,0.98764455,-0.012355450000000046,0.925,0.8875,-0.03750000000000009,0.0,0.0,0.0,0.0,0.0,0.0,0.0,0.0,0.0,1,1,0,False,False,False,False,False,False
2821,1.0,1.0,0.0,1.0,1.0,0.0,1.0,1.0,0.0,0.0,0.0,0.0,0.0,0.0,0.0,0.0,0.0,0.0,1,1,0,False,False,False,False,False,False
2822,1.0,1.0,0.0,1.0,1.0,0.0,1.0,1.0,0.0,0.0,0.0,0.0,0.0,0.0,0.0,0.0,0.0,0.0,1,1,0,False,False,False,False,False,False
2823,1.0,1.0,0.0,1.0,1.0,0.0,1.0,1.0,0.0,0.0,0.0,0.0,0.0,0.0,0.0,0.0,0.0,0.0,1,1,0,False,False,False,False,False,False
2824,1.0,1.0,0.0,1.0,1.0,0.0,1.0,1.0,0.0,0.0,0.0,0.0,0.0,0.0,0.0,0.0,0.0,0.0,1,1,0,False,False,False,False,False,False
2825,1.0,0.8790787,-0.12092130000000001,0.99999994,0.82725525,-0.17274469000000003,1.0,1.0,0.0,0.0,0.0,0.0,0.0,0.0,0.0,0.0,0.0,0.0,1,1,0,False,False,False,False,False,False
2826,0.86906606,0.80567515,-0.06339090999999997,0.81295145,0.7759644,-0.03698705000000002,1.0,0.875,-0.125,0.0,0.0,0.0,0.0,0.0,0.0,0.0,0.0,0.0,1,1,0,False,False,False,False,False,False
2827,1.0,1.0,0.0,1.0,1.0,0.0,1.0,1.0,0.0,0.0,0.0,0.0,0.0,0.0,0.0,0.0,0.0,0.0,1,1,0,False,False,False,False,False,False
2828,0.97749996,0.8387718,-0.13872816,1.0,0.8018168,-0.1981832,0.925,0.925,0.0,0.0,0.0,0.0,0.0,0.0,0.0,0.0,0.0,0.0,1,1,0,False,False,False,False,False,False
2829,0.9363993,0.96605664,0.029657339999999976,0.96271324,0.9515094,-0.011203840000000076,0.875,1.0,0.125,0.0,0.0,0.0,0.0,0.0,0.0,0.0,0.0,0.0,1,1,0,False,False,False,False,False,False
2830,0.80617714,0.69492686,-0.11125027999999992,0.82489586,0.8373955,0.012499639999999923,0.7625,0.3625,-0.39999999999999997,0.0,0.0,0.0,0.0,0.0,0.0,0.0,0.0,0.0,1,1,0,False,False,False,False,False,False
2831,0.8507363,0.7069329,-0.14380340000000003,0.8349805,0.69383264,-0.14114786,0.8875,0.7375,-0.1499999999999999,0.0,0.0,0.0,0.0,0.0,0.0,0.0,0.0,0.0,1,1,0,False,False,False,False,False,False
2832,1.0,1.0,0.0,1.0,1.0,0.0,1.0,1.0,0.0,0.0,0.0,0.0,0.0,0.0,0.0,0.0,0.0,0.0,1,1,0,False,False,False,False,False,False
2833,0.96625006,0.92036897,-0.04588109000000007,1.0,0.93445563,-0.06554437000000002,0.8875,0.8875,0.0,0.0,0.0,0.0,0.0,0.0,0.0,0.0,0.0,0.0,1,1,0,False,False,False,False,False,False
2834,0.9175426,0.48864824,-0.42889436,0.9625608,0.34985456,-0.6127062400000001,0.8125,0.8125,0.0,0.0,0.0,0.0,0.0,0.0,0.0,0.0,0.0,0.0,1,1,0,False,False,False,False,False,False
2835,1.0,1.0,0.0,1.0,1.0,0.0,1.0,1.0,0.0,0.0,0.0,0.0,0.0,0.0,0.0,0.0,0.0,0.0,1,1,0,False,False,False,False,False,False
2836,0.86833996,0.87350816,0.005168199999999956,0.8119141,0.8996545,0.08774040000000005,1.0,0.8125,-0.1875,0.0,0.0,0.0,0.0,0.0,0.0,0.0,0.0,0.0,1,1,0,False,False,False,False,False,False
2837,0.97427696,0.9220015,-0.05227545999999994,0.96325284,0.9367877,-0.026465139999999998,1.0,0.8875,-0.11250000000000004,0.0,0.0,0.0,0.0,0.0,0.0,0.0,0.0,0.0,1,1,0,False,False,False,False,False,False
2838,1.0,1.0,0.0,1.0,1.0,0.0,1.0,1.0,0.0,0.0,0.0,0.0,0.0,0.0,0.0,0.0,0.0,0.0,1,1,0,False,False,False,False,False,False
2839,0.7101877,0.856119,0.14593129999999999,0.6341967,0.7944556,0.1602589000000001,0.8875,1.0,0.11250000000000004,0.0,0.0,0.0,0.0,0.0,0.0,0.0,0.0,0.0,1,1,0,False,False,False,False,False,False
2840,0.96624994,0.94749993,-0.018750009999999984,0.99999994,0.99999994,0.0,0.8875,0.825,-0.0625,0.0,0.0,0.0,0.0,0.0,0.0,0.0,0.0,0.0,1,1,0,False,False,False,False,False,False
2841,1.0,1.0,0.0,1.0,1.0,0.0,1.0,1.0,0.0,0.0,0.0,0.0,0.0,0.0,0.0,0.0,0.0,0.0,1,1,0,False,False,False,False,False,False
2842,0.9462511,0.52981263,-0.41643847,0.98750156,0.38723227,-0.60026929,0.85,0.8625,0.012500000000000067,0.0,0.0,0.0,0.0,0.0,0.0,0.0,0.0,0.0,1,1,0,False,False,False,False,False,False
2843,0.8775334,0.8424968,-0.03503659999999997,0.82504755,0.9249954,0.09994785000000006,1.0,0.65000004,-0.34999996,0.0,0.0,0.0,0.0,0.0,0.0,0.0,0.0,0.0,1,1,0,False,False,False,False,False,False
2844,1.0,1.0,0.0,1.0,1.0,0.0,1.0,1.0,0.0,0.0,0.0,0.0,0.0,0.0,0.0,0.0,0.0,0.0,1,1,0,False,False,False,False,False,False
2845,1.0,1.0,0.0,1.0,1.0,0.0,1.0,1.0,0.0,0.0,0.0,0.0,0.0,0.0,0.0,0.0,0.0,0.0,1,1,0,False,False,False,False,False,False
2846,0.85141563,0.9175,0.06608437,0.835951,1.0,0.164049,0.8875,0.725,-0.16249999999999998,0.0,0.0,0.0,0.0,0.0,0.0,0.0,0.0,0.0,1,1,0,False,False,False,False,False,False
2847,0.9128313,0.88010806,-0.03272324000000004,0.8754734,0.96265435,0.08718095000000003,1.0,0.6875,-0.3125,0.0,0.0,0.0,0.0,0.0,0.0,0.0,0.0,0.0,1,1,0,False,False,False,False,False,False
2848,0.714745,0.7303301,0.015585100000000018,0.5924928,0.6469001,0.054407299999999936,1.0,0.925,-0.07499999999999996,0.0,0.0,0.0,0.0,0.0,0.0,0.0,0.0,0.0,1,1,0,False,False,False,False,False,False
2849,0.9262768,0.9137846,-0.012492200000000064,0.9750383,0.9250494,-0.0499889,0.8125,0.8875,0.07499999999999996,0.0,0.0,0.0,0.0,0.0,0.0,0.0,0.0,0.0,1,1,0,False,False,False,False,False,False
2850,0.89618987,0.86497116,-0.031218710000000094,0.8999142,0.9624588,0.06254459999999995,0.8875,0.6375,-0.25,0.0,0.0,0.0,0.0,0.0,0.0,0.0,0.0,0.0,1,1,0,False,False,False,False,False,False
2851,1.0,1.0,0.0,1.0,1.0,0.0,1.0,1.0,0.0,0.0,0.0,0.0,0.0,0.0,0.0,0.0,0.0,0.0,1,1,0,False,False,False,False,False,False
2852,0.78249997,0.8184275,0.03592752999999993,1.0,0.82632494,-0.17367506,0.275,0.8,0.525,0.0,0.0,0.0,0.0,0.0,0.0,0.0,0.0,0.0,1,1,0,False,False,False,False,False,False
2853,1.0,0.9238637,-0.07613630000000005,1.0,0.89123386,-0.10876613999999996,1.0,1.0,0.0,0.0,0.0,0.0,0.0,0.0,0.0,0.0,0.0,0.0,1,1,0,False,False,False,False,False,False
2854,0.97749996,0.88315564,-0.09434431999999993,1.0,0.8330794,-0.16692059999999997,0.925,1.0,0.07499999999999996,0.0,0.0,0.0,0.0,0.0,0.0,0.0,0.0,0.0,1,1,0,False,False,False,False,False,False
2855,0.94750005,0.92050076,-0.02699929000000001,1.0,0.98821545,-0.011784550000000005,0.825,0.7625,-0.0625,0.0,0.0,0.0,0.0,0.0,0.0,0.0,0.0,0.0,1,1,0,False,False,False,False,False,False
2856,0.824066,0.9002987,0.07623270000000004,0.7540228,0.8575695,0.10354669999999999,0.9875,1.0,0.012499999999999956,0.0,0.0,0.0,0.0,0.0,0.0,0.0,0.0,0.0,1,1,0,False,False,False,False,False,False
2857,0.6552815,0.67448896,0.019207460000000065,0.65218776,0.7706985,0.11851073999999995,0.6625,0.45000002,-0.21249997999999998,0.0,0.0,0.0,0.0,0.0,0.0,0.0,0.0,0.0,1,1,0,False,False,False,False,False,False
2858,0.8942806,0.98125,0.08696939999999997,0.84897226,1.0,0.15102773999999997,1.0,0.9375,-0.0625,0.0,0.0,0.0,0.0,0.0,0.0,0.0,0.0,0.0,1,1,0,False,False,False,False,False,False
2859,0.83559334,0.7793433,-0.05625004,0.81334764,0.81334764,0.0,0.8875,0.7,-0.1875,0.0,0.0,0.0,0.0,0.0,0.0,0.0,0.0,0.0,1,1,0,False,False,False,False,False,False
2860,0.91,0.83108836,-0.07891164000000006,1.0,0.7586976,-0.24130240000000003,0.7,1.0,0.30000000000000004,0.0,0.0,0.0,0.0,0.0,0.0,0.0,0.0,0.0,1,1,0,False,False,False,False,False,False
2861,0.0,0.0,0.0,0.63771385,0.77484995,0.13713609999999998,0.9032258,0.91780823,0.014582430000000035,0.0,0.0,0.0,1.0,1.0,0.0,0.0,0.0,0.0,0,0,0,False,False,False,False,False,False
2862,0.948156,0.91440594,-0.033750060000000026,0.92593706,0.92593706,0.0,1.0,0.8875,-0.11250000000000004,0.0,0.0,0.0,0.0,0.0,0.0,0.0,0.0,0.0,1,1,0,False,False,False,False,False,False
2863,0.96624994,0.87551004,-0.09073989999999998,0.99999994,0.8703715,-0.12962844000000007,0.8875,0.8875,0.0,0.0,0.0,0.0,0.0,0.0,0.0,0.0,0.0,0.0,1,1,0,False,False,False,False,False,False
2864,0.85727817,0.86509573,0.007817560000000001,0.8336116,0.8929939,0.0593823,0.9125,0.8,-0.11249999999999993,0.0,0.0,0.0,0.0,0.0,0.0,0.0,0.0,0.0,1,1,0,False,False,False,False,False,False
2865,0.0,0.0,0.0,1.0,1.0,0.0,1.0,1.0,0.0,1.0,1.0,0.0,1.0,1.0,0.0,0.0,0.0,0.0,0,0,0,False,False,False,False,False,False
2866,0.79716116,0.0,-0.79716116,0.75844455,0.3445164,-0.41392815,0.8875,0.0,-0.8875,0.0,0.0,0.0,0.0,1.0,1.0,0.0,0.0,0.0,1,0,-1,False,False,False,True,False,False
2867,0.8303652,0.78647107,-0.043894129999999976,0.8755216,0.9253158,0.04979420000000001,0.725,0.4625,-0.26249999999999996,0.0,0.0,0.0,0.0,0.0,0.0,0.0,0.0,0.0,1,1,0,False,False,False,False,False,False
2868,1.0,1.0,0.0,1.0,1.0,0.0,1.0,1.0,0.0,0.0,0.0,0.0,0.0,0.0,0.0,0.0,0.0,0.0,1,1,0,False,False,False,False,False,False
2869,0.7276806,0.8339081,0.10622750000000003,0.65918654,0.8109402,0.15175366,0.8875,0.8875,0.0,0.0,0.0,0.0,0.0,0.0,0.0,0.0,0.0,0.0,1,1,0,False,False,False,False,False,False
2870,0.82263225,0.8226677,3.545000000004794e-05,0.8484033,0.80559665,-0.042806649999999946,0.7625,0.8625,0.10000000000000009,0.0,0.0,0.0,0.0,0.0,0.0,0.0,0.0,0.0,1,1,0,False,False,False,False,False,False
2871,0.97363377,0.95874995,-0.014883819999999992,0.9623339,1.0,0.037666100000000036,1.0,0.8625,-0.13749999999999996,0.0,0.0,0.0,0.0,0.0,0.0,0.0,0.0,0.0,1,1,0,False,False,False,False,False,False
2872,0.95219994,0.83020633,-0.12199360999999997,0.96385705,0.8056518,-0.15820524999999996,0.925,0.8875,-0.03750000000000009,0.0,0.0,0.0,0.0,0.0,0.0,0.0,0.0,0.0,1,1,0,False,False,False,False,False,False
2873,0.85677356,0.848934,-0.007839560000000079,0.83824795,0.9502629,0.11201495000000006,0.90000004,0.6125,-0.28750003999999996,0.0,0.0,0.0,0.0,0.0,0.0,0.0,0.0,0.0,1,1,0,False,False,False,False,False,False
2874,1.0,1.0,0.0,1.0,1.0,0.0,1.0,1.0,0.0,0.0,0.0,0.0,0.0,0.0,0.0,0.0,0.0,0.0,1,1,0,False,False,False,False,False,False
2875,0.8398985,0.90223694,0.062338439999999995,0.81949776,0.9085528,0.08905504000000009,0.8875,0.8875,0.0,0.0,0.0,0.0,0.0,0.0,0.0,0.0,0.0,0.0,1,1,0,False,False,False,False,False,False
2876,0.94,0.97749996,0.03749996,1.0,1.0,0.0,0.8,0.925,0.125,0.0,0.0,0.0,0.0,0.0,0.0,0.0,0.0,0.0,1,1,0,False,False,False,False,False,False
2877,0.8777038,0.86191,-0.01579380000000008,0.90564823,0.8937999,-0.011848330000000074,0.8125,0.7875,-0.025000000000000022,0.0,0.0,0.0,0.0,0.0,0.0,0.0,0.0,0.0,1,1,0,False,False,False,False,False,False
2878,1.0,0.0,-1.0,1.0,1.0,0.0,1.0,1.0,0.0,0.0,1.0,1.0,0.0,1.0,1.0,0.0,0.0,0.0,1,0,-1,False,False,False,True,False,True
2879,0.97749996,0.96625006,-0.011249899999999924,1.0,1.0,0.0,0.925,0.8875,-0.03750000000000009,0.0,0.0,0.0,0.0,0.0,0.0,0.0,0.0,0.0,1,1,0,False,False,False,False,False,False
2880,1.0,0.9274475,-0.07255250000000002,1.0,0.8963536,-0.10364640000000003,1.0,1.0,0.0,0.0,0.0,0.0,0.0,0.0,0.0,0.0,0.0,0.0,1,1,0,False,False,False,False,False,False
2881,0.0,0.95679456,0.95679456,0.7338268,0.9972065,0.2633797,1.0,0.8625,-0.13749999999999996,1.0,0.0,-1.0,1.0,0.0,-1.0,0.0,0.0,0.0,0,1,1,False,False,True,False,True,False
2882,1.0,0.92483425,-0.07516575000000003,1.0,0.89262027,-0.10737973,1.0,1.0,0.0,0.0,0.0,0.0,0.0,0.0,0.0,0.0,0.0,0.0,1,1,0,False,False,False,False,False,False
2883,0.8328423,0.7390922,-0.09375010000000006,0.87906027,0.87906027,0.0,0.725,0.4125,-0.3125,0.0,0.0,0.0,0.0,0.0,0.0,0.0,0.0,0.0,1,1,0,False,False,False,False,False,False
2884,0.95874995,0.9912797,0.032529750000000024,1.0,0.9875424,-0.012457599999999958,0.8625,1.0,0.13749999999999996,0.0,0.0,0.0,0.0,0.0,0.0,0.0,0.0,0.0,1,1,0,False,False,False,False,False,False
2885,0.90780926,1.0,0.09219074000000005,0.86829895,0.99999994,0.13170099000000002,1.0,1.0,0.0,0.0,0.0,0.0,0.0,0.0,0.0,0.0,0.0,0.0,1,1,0,False,False,False,False,False,False
2886,0.71423113,0.77713126,0.06290012999999994,0.6506873,0.7084018,0.0577145,0.8625,0.9375,0.07499999999999996,0.0,0.0,0.0,0.0,0.0,0.0,0.0,0.0,0.0,1,1,0,False,False,False,False,False,False
2887,0.99981326,0.99981326,0.0,0.99973327,0.99973327,0.0,1.0,1.0,0.0,0.0,0.0,0.0,0.0,0.0,0.0,0.0,0.0,0.0,1,1,0,False,False,False,False,False,False
2888,0.8128094,0.85548544,0.042676040000000026,0.78079915,0.92212206,0.14132290999999997,0.8875,0.7,-0.1875,0.0,0.0,0.0,0.0,0.0,0.0,0.0,0.0,0.0,1,1,0,False,False,False,False,False,False
2889,0.89771,0.5589541,-0.3387559,0.9235143,0.428863,-0.4946513,0.83750004,0.8625,0.024999960000000043,0.0,0.0,0.0,0.0,0.0,0.0,0.0,0.0,0.0,1,1,0,False,False,False,False,False,False
2890,1.0,0.9200348,-0.07996519999999996,1.0,0.88576394,-0.11423605999999997,1.0,1.0,0.0,0.0,0.0,0.0,0.0,0.0,0.0,0.0,0.0,0.0,1,1,0,False,False,False,False,False,False
2891,0.9137123,0.86720276,-0.04650954000000007,0.9303032,0.8906468,-0.039656400000000036,0.875,0.8125,-0.0625,0.0,0.0,0.0,0.0,0.0,0.0,0.0,0.0,0.0,1,1,0,False,False,False,False,False,False
2892,0.83393157,0.9034018,0.06947023000000008,0.8109736,0.9370024,0.12602880000000005,0.8875,0.825,-0.0625,0.0,0.0,0.0,0.0,0.0,0.0,0.0,0.0,0.0,1,1,0,False,False,False,False,False,False
2893,1.0,1.0,0.0,1.0,1.0,0.0,1.0,1.0,0.0,0.0,0.0,0.0,0.0,0.0,0.0,0.0,0.0,0.0,1,1,0,False,False,False,False,False,False
2894,0.96250004,0.9475433,-0.014956740000000024,1.0,0.9250619,-0.07493810000000001,0.875,1.0,0.125,0.0,0.0,0.0,0.0,0.0,0.0,0.0,0.0,0.0,1,1,0,False,False,False,False,False,False
2895,0.807403,0.81197995,0.004576950000000024,0.7784328,0.81711423,0.03868143000000002,0.875,0.8,-0.07499999999999996,0.0,0.0,0.0,0.0,0.0,0.0,0.0,0.0,0.0,1,1,0,False,False,False,False,False,False
2896,0.96624994,0.89610004,-0.07014989999999999,0.99999994,0.88371444,-0.11628550000000004,0.8875,0.925,0.03750000000000009,0.0,0.0,0.0,0.0,0.0,0.0,0.0,0.0,0.0,1,1,0,False,False,False,False,False,False
2897,0.8080141,0.8166742,0.00866010000000006,0.8007344,0.77560586,-0.025128539999999977,0.825,0.9125,0.08750000000000002,0.0,0.0,0.0,0.0,0.0,0.0,0.0,0.0,0.0,1,1,0,False,False,False,False,False,False
2898,0.8619198,0.81858253,-0.04333726999999998,0.85095686,0.7890465,-0.06191036000000005,0.8875,0.8875,0.0,0.0,0.0,0.0,0.0,0.0,0.0,0.0,0.0,0.0,1,1,0,False,False,False,False,False,False
2899,0.7948459,0.7749147,-0.019931200000000038,0.78727984,0.88737816,0.10009832000000007,0.8125,0.5125,-0.30000000000000004,0.0,0.0,0.0,0.0,0.0,0.0,0.0,0.0,0.0,1,1,0,False,False,False,False,False,False
2900,0.8303383,0.8404564,0.010118100000000019,0.8058405,0.92743766,0.12159716000000009,0.8875,0.6375,-0.25,0.0,0.0,0.0,0.0,0.0,0.0,0.0,0.0,0.0,1,1,0,False,False,False,False,False,False
2901,0.95125,0.99298,0.041729999999999934,0.99999994,0.9899715,-0.010028440000000027,0.83750004,1.0,0.16249996,0.0,0.0,0.0,0.0,0.0,0.0,0.0,0.0,0.0,1,1,0,False,False,False,False,False,False
2902,0.7149562,0.8011772,0.08622099999999999,0.8017231,0.9302531,0.12853000000000003,0.5125,0.5,-0.012499999999999956,0.0,0.0,0.0,0.0,0.0,0.0,0.0,0.0,0.0,1,1,0,False,False,False,False,False,False
2903,0.75536394,0.7925011,0.03713716,0.6505199,0.76250154,0.11198164,1.0,0.8625,-0.13749999999999996,0.0,0.0,0.0,0.0,0.0,0.0,0.0,0.0,0.0,1,1,0,False,False,False,False,False,False
2904,1.0,1.0,0.0,1.0,1.0,0.0,1.0,1.0,0.0,0.0,0.0,0.0,0.0,0.0,0.0,0.0,0.0,0.0,1,1,0,False,False,False,False,False,False
2905,0.0,0.0,0.0,1.0,1.0,0.0,1.0,1.0,0.0,1.0,1.0,0.0,1.0,1.0,0.0,0.0,0.0,0.0,0,0,0,False,False,False,False,False,False
2906,0.8869444,0.8386795,-0.048264899999999944,0.838492,0.9248994,0.08640740000000002,1.0,0.6375,-0.36250000000000004,0.0,0.0,0.0,0.0,0.0,0.0,0.0,0.0,0.0,1,1,0,False,False,False,False,False,False
2907,0.92664415,0.8563223,-0.07032185000000002,0.92734885,0.93938893,0.012040080000000009,0.925,0.6625,-0.26250000000000007,0.0,0.0,0.0,0.0,0.0,0.0,0.0,0.0,0.0,1,1,0,False,False,False,False,False,False
2908,0.8569353,0.8467714,-0.010163900000000003,0.7956219,0.83467346,0.039051559999999985,1.0,0.875,-0.125,0.0,0.0,0.0,0.0,0.0,0.0,0.0,0.0,0.0,1,1,0,False,False,False,False,False,False
2909,0.0,0.0,0.0,1.0,1.0,0.0,1.0,1.0,0.0,1.0,1.0,0.0,1.0,1.0,0.0,0.0,0.0,0.0,0,0,0,False,False,False,False,False,False
2910,1.0,1.0,0.0,1.0,1.0,0.0,1.0,1.0,0.0,0.0,0.0,0.0,0.0,0.0,0.0,0.0,0.0,0.0,1,1,0,False,False,False,False,False,False
2911,0.90616286,0.7732771,-0.13288575999999996,0.8659469,0.8796816,0.013734699999999989,1.0,0.52500004,-0.47499996,0.0,0.0,0.0,0.0,0.0,0.0,0.0,0.0,0.0,1,1,0,False,False,False,False,False,False
2912,0.83455336,0.88902587,0.054472509999999974,0.8118619,0.94860846,0.13674655999999996,0.8875,0.75,-0.13749999999999996,0.0,0.0,0.0,0.0,0.0,0.0,0.0,0.0,0.0,1,1,0,False,False,False,False,False,False
2913,0.6943273,0.40769583,-0.28663147,0.5633247,0.15385117,-0.40947353,1.0,1.0,0.0,0.0,0.0,0.0,0.0,0.0,0.0,0.0,0.0,0.0,1,1,0,False,False,False,False,False,False
2914,1.0,1.0,0.0,1.0,1.0,0.0,1.0,1.0,0.0,0.0,0.0,0.0,0.0,0.0,0.0,0.0,0.0,0.0,1,1,0,False,False,False,False,False,False
2915,0.0,0.8049828,0.8049828,0.8345187,0.7535468,-0.08097189999999999,1.0,0.925,-0.07499999999999996,0.0,0.0,0.0,0.0,0.0,0.0,1.0,0.0,-1.0,0,1,1,True,False,False,False,False,False
2916,0.9325,0.8978071,-0.034692900000000026,1.0,0.8540101,-0.1459899,0.77500004,1.0,0.22499996,0.0,0.0,0.0,0.0,0.0,0.0,0.0,0.0,0.0,1,1,0,False,False,False,False,False,False
2917,0.9500681,0.48895398,-0.46111411999999996,0.98759717,0.35029134,-0.6373058300000001,0.8625,0.8125,-0.050000000000000044,0.0,0.0,0.0,0.0,0.0,0.0,0.0,0.0,0.0,1,1,0,False,False,False,False,False,False
2918,0.93331337,0.83074945,-0.10256392000000003,0.95294774,0.8064278,-0.14651994000000002,0.8875,0.8875,0.0,0.0,0.0,0.0,0.0,0.0,0.0,0.0,0.0,0.0,1,1,0,False,False,False,False,False,False
2919,0.90733445,0.87624997,-0.03108447999999997,0.9158349,1.0,0.08416509999999999,0.8875,0.58750004,-0.29999995999999995,0.0,0.0,0.0,0.0,0.0,0.0,0.0,0.0,0.0,1,1,0,False,False,False,False,False,False
2920,1.0,1.0,0.0,1.0,1.0,0.0,1.0,1.0,0.0,0.0,0.0,0.0,0.0,0.0,0.0,0.0,0.0,0.0,1,1,0,False,False,False,False,False,False
2921,0.8180354,0.7917677,-0.026267700000000005,0.8364792,0.91145384,0.07497463999999998,0.77500004,0.5125,-0.26250004000000005,0.0,0.0,0.0,0.0,0.0,0.0,0.0,0.0,0.0,1,1,0,False,False,False,False,False,False
2922,0.8423304,0.81577265,-0.026557750000000047,0.77475756,0.736818,-0.03793955999999998,1.0,1.0,0.0,0.0,0.0,0.0,0.0,0.0,0.0,0.0,0.0,0.0,1,1,0,False,False,False,False,False,False
2923,1.0,1.0,0.0,1.0,1.0,0.0,1.0,1.0,0.0,0.0,0.0,0.0,0.0,0.0,0.0,0.0,0.0,0.0,1,1,0,False,False,False,False,False,False
2924,0.95177597,0.99302596,0.04124998999999996,0.9900371,0.9900371,0.0,0.8625,1.0,0.13749999999999996,0.0,0.0,0.0,0.0,0.0,0.0,0.0,0.0,0.0,1,1,0,False,False,False,False,False,False
2925,1.0,1.0,0.0,0.99999994,0.99999994,0.0,1.0,1.0,0.0,0.0,0.0,0.0,0.0,0.0,0.0,0.0,0.0,0.0,1,1,0,False,False,False,False,False,False
2926,1.0,1.0,0.0,1.0,1.0,0.0,1.0,1.0,0.0,0.0,0.0,0.0,0.0,0.0,0.0,0.0,0.0,0.0,1,1,0,False,False,False,False,False,False
2927,1.0,1.0,0.0,1.0,1.0,0.0,1.0,1.0,0.0,0.0,0.0,0.0,0.0,0.0,0.0,0.0,0.0,0.0,1,1,0,False,False,False,False,False,False
2928,0.87016106,0.79263526,-0.07752580000000009,0.86273015,0.75197893,-0.11075121999999993,0.8875,0.8875,0.0,0.0,0.0,0.0,0.0,0.0,0.0,0.0,0.0,0.0,1,1,0,False,False,False,False,False,False
2929,0.82137316,0.77125,-0.050123160000000055,0.86267596,1.0,0.13732403999999998,0.725,0.2375,-0.4875,0.0,0.0,0.0,0.0,0.0,0.0,0.0,0.0,0.0,1,1,0,False,False,False,False,False,False
2930,0.86933166,0.9227568,0.05342514000000009,0.8133309,0.93786687,0.12453597000000005,1.0,0.8875,-0.11250000000000004,0.0,0.0,0.0,0.0,0.0,0.0,0.0,0.0,0.0,1,1,0,False,False,False,False,False,False
2931,0.83508456,0.9035825,0.06849793999999998,0.8126207,0.9372607,0.12463999999999997,0.8875,0.825,-0.0625,0.0,0.0,0.0,0.0,0.0,0.0,0.0,0.0,0.0,1,1,0,False,False,False,False,False,False
2932,0.95874995,0.933207,-0.025542949999999953,1.0,0.968867,-0.031132999999999966,0.8625,0.85,-0.012500000000000067,0.0,0.0,0.0,0.0,0.0,0.0,0.0,0.0,0.0,1,1,0,False,False,False,False,False,False
2933,0.7502675,0.7903582,0.040090700000000035,0.64323926,0.7005117,0.05727243999999998,1.0,1.0,0.0,0.0,0.0,0.0,0.0,0.0,0.0,0.0,0.0,0.0,1,1,0,False,False,False,False,False,False
2934,0.8707153,0.9290187,0.058303400000000005,0.8635218,0.96288383,0.09936202999999999,0.8875,0.85,-0.03749999999999998,0.0,0.0,0.0,0.0,0.0,0.0,0.0,0.0,0.0,1,1,0,False,False,False,False,False,False
2935,1.0,1.0,0.0,1.0,1.0,0.0,1.0,1.0,0.0,0.0,0.0,0.0,0.0,0.0,0.0,0.0,0.0,0.0,1,1,0,False,False,False,False,False,False
2936,1.0,1.0,0.0,1.0,1.0,0.0,1.0,1.0,0.0,0.0,0.0,0.0,0.0,0.0,0.0,0.0,0.0,0.0,1,1,0,False,False,False,False,False,False
2937,0.8095644,0.74956447,-0.059999929999999924,0.8136635,0.8136635,0.0,0.8,0.6,-0.20000000000000007,0.0,0.0,0.0,0.0,0.0,0.0,0.0,0.0,0.0,1,1,0,False,False,False,False,False,False
2938,0.97749996,0.8700163,-0.10748365999999998,1.0,0.8946661,-0.10533389999999998,0.925,0.8125,-0.11250000000000004,0.0,0.0,0.0,0.0,0.0,0.0,0.0,0.0,0.0,1,1,0,False,False,False,False,False,False
2939,0.85203314,0.84224033,-0.009792809999999985,0.7886188,0.77462906,-0.013989739999999973,1.0,1.0,0.0,0.0,0.0,0.0,0.0,0.0,0.0,0.0,0.0,0.0,1,1,0,False,False,False,False,False,False
2940,0.85246515,0.73746914,-0.11499601000000004,0.87495023,0.88745594,0.012505710000000003,0.8,0.38750002,-0.41249998000000004,0.0,0.0,0.0,0.0,0.0,0.0,0.0,0.0,0.0,1,1,0,False,False,False,False,False,False
2941,0.9959505,0.981166,-0.014784499999999978,0.994215,0.9730943,-0.021120699999999992,1.0,1.0,0.0,0.0,0.0,0.0,0.0,0.0,0.0,0.0,0.0,0.0,1,1,0,False,False,False,False,False,False
2942,0.851297,0.7762773,-0.07501970000000002,0.86256707,0.82503897,-0.03752809999999995,0.825,0.6625,-0.16249999999999998,0.0,0.0,0.0,0.0,0.0,0.0,0.0,0.0,0.0,1,1,0,False,False,False,False,False,False
2943,0.94750005,0.83875,-0.10875005000000004,1.0,1.0,0.0,0.825,0.4625,-0.36249999999999993,0.0,0.0,0.0,0.0,0.0,0.0,0.0,0.0,0.0,1,1,0,False,False,False,False,False,False
2944,0.81215477,0.83461076,0.02245598999999998,0.779864,0.7637297,-0.016134300000000046,0.8875,1.0,0.11250000000000004,0.0,0.0,0.0,0.0,0.0,0.0,0.0,0.0,0.0,1,1,0,False,False,False,False,False,False
2945,0.99409276,0.99345076,-0.0006420000000000314,0.9915611,0.99064386,-0.0009172399999999303,1.0,1.0,0.0,0.0,0.0,0.0,0.0,0.0,0.0,0.0,0.0,0.0,1,1,0,False,False,False,False,False,False
2946,0.95091337,0.93318415,-0.01772921999999999,0.962019,0.93669164,-0.02532735999999991,0.925,0.925,0.0,0.0,0.0,0.0,0.0,0.0,0.0,0.0,0.0,0.0,1,1,0,False,False,False,False,False,False
2947,0.6923417,0.7295915,0.0372498,0.60870236,0.7637021,0.15499974000000005,0.8875,0.65000004,-0.23749995999999995,0.0,0.0,0.0,0.0,0.0,0.0,0.0,0.0,0.0,1,1,0,False,False,False,False,False,False
2948,0.9025,0.91375,0.011249999999999982,1.0,1.0,0.0,0.675,0.71250004,0.03750003999999996,0.0,0.0,0.0,0.0,0.0,0.0,0.0,0.0,0.0,1,1,0,False,False,False,False,False,False
2949,1.0,1.0,0.0,1.0,1.0,0.0,1.0,1.0,0.0,0.0,0.0,0.0,0.0,0.0,0.0,0.0,0.0,0.0,1,1,0,False,False,False,False,False,False
2950,1.0,0.93543285,-0.06456715000000002,1.0,0.9077611,-0.09223890000000001,1.0,1.0,0.0,0.0,0.0,0.0,0.0,0.0,0.0,0.0,0.0,0.0,1,1,0,False,False,False,False,False,False
2951,0.8673706,0.8858286,0.018457999999999974,0.81052953,0.949398,0.1388684699999999,1.0,0.7375,-0.26249999999999996,0.0,0.0,0.0,0.0,0.0,0.0,0.0,0.0,0.0,1,1,0,False,False,False,False,False,False
2952,0.73523366,0.82770234,0.09246867999999997,0.6592623,0.80207473,0.14281243,0.9125,0.8875,-0.025000000000000022,0.0,0.0,0.0,0.0,0.0,0.0,0.0,0.0,0.0,1,1,0,False,False,False,False,False,False
2953,0.8336342,0.8074328,-0.02620140000000004,0.87483454,0.91240394,0.037569399999999975,0.7375,0.5625,-0.17500000000000004,0.0,0.0,0.0,0.0,0.0,0.0,0.0,0.0,0.0,1,1,0,False,False,False,False,False,False
2954,0.96625006,0.92125,-0.04500006000000001,1.0,1.0,0.0,0.8875,0.7375,-0.1499999999999999,0.0,0.0,0.0,0.0,0.0,0.0,0.0,0.0,0.0,1,1,0,False,False,False,False,False,False
2955,0.0,0.0,0.0,1.0,1.0,0.0,0.99999994,0.99999994,0.0,0.0,1.0,1.0,1.0,1.0,0.0,0.0,0.0,0.0,0,0,0,False,False,False,False,False,True
2956,0.7979941,0.7705403,-0.027453800000000084,0.7757058,0.8382718,0.06256600000000001,0.85,0.6125,-0.23749999999999993,0.0,0.0,0.0,0.0,0.0,0.0,0.0,0.0,0.0,1,1,0,False,False,False,False,False,False
2957,0.85824263,0.9231459,0.06490326999999996,0.85106087,0.9384227,0.08736183000000008,0.875,0.8875,0.012499999999999956,0.0,0.0,0.0,0.0,0.0,0.0,0.0,0.0,0.0,1,1,0,False,False,False,False,False,False
2958,1.0,1.0,0.0,1.0,1.0,0.0,1.0,1.0,0.0,0.0,0.0,0.0,0.0,0.0,0.0,0.0,0.0,0.0,1,1,0,False,False,False,False,False,False
2959,0.98891276,0.98891276,0.0,0.98416114,0.98416114,0.0,1.0,1.0,0.0,0.0,0.0,0.0,0.0,0.0,0.0,0.0,0.0,0.0,1,1,0,False,False,False,False,False,False
2960,0.94375,0.9409675,-0.002782500000000021,1.0,0.9156678,-0.08433219999999997,0.8125,1.0,0.1875,0.0,0.0,0.0,0.0,0.0,0.0,0.0,0.0,0.0,1,1,0,False,False,False,False,False,False
2961,0.95500004,1.0,0.04499995999999995,1.0,1.0,0.0,0.85,1.0,0.15000000000000002,0.0,0.0,0.0,0.0,0.0,0.0,0.0,0.0,0.0,1,1,0,False,False,False,False,False,False
2962,0.9310595,0.8905883,-0.04047120000000004,0.9015136,0.84369755,-0.05781605000000001,1.0,1.0,0.0,0.0,0.0,0.0,0.0,0.0,0.0,0.0,0.0,0.0,1,1,0,False,False,False,False,False,False
2963,0.78992003,0.7887573,-0.0011627300000000007,0.81238574,0.91251045,0.10012471,0.7375,0.5,-0.23750000000000004,0.0,0.0,0.0,0.0,0.0,0.0,0.0,0.0,0.0,1,1,0,False,False,False,False,False,False
2964,0.8792297,0.8828028,0.0035730999999999957,0.8756854,0.9129325,0.03724710000000009,0.8875,0.8125,-0.07499999999999996,0.0,0.0,0.0,0.0,0.0,0.0,0.0,0.0,0.0,1,1,0,False,False,False,False,False,False
2965,0.9231314,0.91000205,-0.01312935000000004,0.95983046,0.9732172,0.013386739999999953,0.83750004,0.7625,-0.07500004000000005,0.0,0.0,0.0,0.0,0.0,0.0,0.0,0.0,0.0,1,1,0,False,False,False,False,False,False
2966,1.0,1.0,0.0,1.0,1.0,0.0,1.0,1.0,0.0,0.0,0.0,0.0,0.0,0.0,0.0,0.0,0.0,0.0,1,1,0,False,False,False,False,False,False
2967,0.8998138,0.8037409,-0.09607290000000002,0.9104482,0.9232012,0.012753000000000014,0.875,0.52500004,-0.34999996,0.0,0.0,0.0,0.0,0.0,0.0,0.0,0.0,0.0,1,1,0,False,False,False,False,False,False
2968,0.8436099,0.9223904,0.07878050000000003,0.8247999,0.9373434,0.11254350000000002,0.8875,0.8875,0.0,0.0,0.0,0.0,0.0,0.0,0.0,0.0,0.0,0.0,1,1,0,False,False,False,False,False,False
2969,1.0,1.0,0.0,1.0,1.0,0.0,1.0,1.0,0.0,0.0,0.0,0.0,0.0,0.0,0.0,0.0,0.0,0.0,1,1,0,False,False,False,False,False,False
2970,0.8322323,0.8248113,-0.007421000000000011,0.84068906,0.92651606,0.08582699999999999,0.8125,0.58750004,-0.22499996,0.0,0.0,0.0,0.0,0.0,0.0,0.0,0.0,0.0,1,1,0,False,False,False,False,False,False
2971,1.0,0.0,-1.0,0.99999994,0.63131404,-0.3686859,1.0,1.0,0.0,0.0,1.0,1.0,0.0,1.0,1.0,0.0,0.0,0.0,1,0,-1,False,False,False,True,False,True
2972,1.0,0.89851075,-0.10148924999999998,1.0,0.8550153,-0.14498469999999997,1.0,1.0,0.0,0.0,0.0,0.0,0.0,0.0,0.0,0.0,0.0,0.0,1,1,0,False,False,False,False,False,False
2973,0.7674945,0.8875246,0.12003010000000003,0.84999216,0.8875352,0.03754303999999997,0.575,0.8875,0.3125,0.0,0.0,0.0,0.0,0.0,0.0,0.0,0.0,0.0,1,1,0,False,False,False,False,False,False
2974,0.7898873,0.90238345,0.11249615000000002,0.81233895,0.92483336,0.11249441000000004,0.7375,0.85,0.11249999999999993,0.0,0.0,0.0,0.0,0.0,0.0,0.0,0.0,0.0,1,1,0,False,False,False,False,False,False
2975,0.9025,0.9843832,0.08188320000000004,1.0,0.9776903,-0.022309699999999988,0.675,1.0,0.32499999999999996,0.0,0.0,0.0,0.0,0.0,0.0,0.0,0.0,0.0,1,1,0,False,False,False,False,False,False
2976,0.7933984,0.7356855,-0.057712899999999956,0.7744977,0.87419367,0.09969597000000008,0.83750004,0.4125,-0.42500004,0.0,0.0,0.0,0.0,0.0,0.0,0.0,0.0,0.0,1,1,0,False,False,False,False,False,False
2977,0.91902506,0.87663823,-0.042386829999999986,0.8843216,0.9362688,0.05194719999999997,1.0,0.7375,-0.26249999999999996,0.0,0.0,0.0,0.0,0.0,0.0,0.0,0.0,0.0,1,1,0,False,False,False,False,False,False
2978,1.0,1.0,0.0,1.0,1.0,0.0,1.0,1.0,0.0,0.0,0.0,0.0,0.0,0.0,0.0,0.0,0.0,0.0,1,1,0,False,False,False,False,False,False
2979,0.8018198,0.9105698,0.10875000000000001,0.92581403,0.92581403,0.0,0.5125,0.875,0.36250000000000004,0.0,0.0,0.0,0.0,0.0,0.0,0.0,0.0,0.0,1,1,0,False,False,False,False,False,False
2980,0.7455306,0.8531899,0.1076592999999999,0.7596865,0.8599141,0.10022759999999997,0.71250004,0.83750004,0.125,0.0,0.0,0.0,0.0,0.0,0.0,0.0,0.0,0.0,1,1,0,False,False,False,False,False,False
2981,0.8426817,0.9220936,0.07941189999999998,0.8234738,0.9369194,0.11344559999999992,0.8875,0.8875,0.0,0.0,0.0,0.0,0.0,0.0,0.0,0.0,0.0,0.0,1,1,0,False,False,False,False,False,False
2982,0.83948106,0.88730586,0.0478248,0.8242587,0.8872227,0.06296400000000002,0.875,0.8875,0.012499999999999956,0.0,0.0,0.0,0.0,0.0,0.0,0.0,0.0,0.0,1,1,0,False,False,False,False,False,False
2983,1.0,0.92143196,-0.07856803999999995,1.0,0.8877598,-0.11224020000000001,1.0,1.0,0.0,0.0,0.0,0.0,0.0,0.0,0.0,0.0,0.0,0.0,1,1,0,False,False,False,False,False,False
2984,0.9146164,0.8052187,-0.10939770000000004,0.8833806,0.7217409,-0.16163969999999994,0.9875,1.0,0.012499999999999956,0.0,0.0,0.0,0.0,0.0,0.0,0.0,0.0,0.0,1,1,0,False,False,False,False,False,False
2985,0.6329905,0.0,-0.6329905,0.6739149,0.43361533,-0.24029956999999996,0.5375,0.4791667,-0.05833329999999998,0.0,1.0,1.0,0.0,1.0,1.0,0.0,0.0,0.0,1,0,-1,False,False,False,True,False,True
2986,0.81015855,0.85879385,0.04863529999999994,0.83594084,0.79827684,-0.03766400000000003,0.75,1.0,0.25,0.0,0.0,0.0,0.0,0.0,0.0,0.0,0.0,0.0,1,1,0,False,False,False,False,False,False
2987,0.83799917,0.81360835,-0.024390820000000035,0.81678456,0.9212262,0.10444164,0.8875,0.5625,-0.32499999999999996,0.0,0.0,0.0,0.0,0.0,0.0,0.0,0.0,0.0,1,1,0,False,False,False,False,False,False
2988,0.93625003,0.62206936,-0.31418066999999994,1.0,0.4600991,-0.5399009,0.7875,1.0,0.21250000000000002,0.0,0.0,0.0,0.0,0.0,0.0,0.0,0.0,0.0,1,1,0,False,False,False,False,False,False
2989,1.0,1.0,0.0,1.0,1.0,0.0,1.0,1.0,0.0,0.0,0.0,0.0,0.0,0.0,0.0,0.0,0.0,0.0,1,1,0,False,False,False,False,False,False
2990,1.0,0.6660994,-0.3339006,1.0,0.52299917,-0.47700083000000004,1.0,1.0,0.0,0.0,0.0,0.0,0.0,0.0,0.0,0.0,0.0,0.0,1,1,0,False,False,False,False,False,False
2991,0.94021094,0.90526026,-0.03495068000000001,0.9628013,0.91287184,-0.04992945999999998,0.8875,0.8875,0.0,0.0,0.0,0.0,0.0,0.0,0.0,0.0,0.0,0.0,1,1,0,False,False,False,False,False,False
2992,0.82177144,0.82611036,0.004338920000000024,0.8311021,0.8480148,0.016912700000000003,0.8,0.77500004,-0.024999960000000043,0.0,0.0,0.0,0.0,0.0,0.0,0.0,0.0,0.0,1,1,0,False,False,False,False,False,False
2993,0.81334955,0.83716506,0.02381551000000004,0.78157073,0.92273575,0.14116501999999997,0.8875,0.6375,-0.25,0.0,0.0,0.0,0.0,0.0,0.0,0.0,0.0,0.0,1,1,0,False,False,False,False,False,False
2994,0.5709003,0.3383484,-0.23255190000000003,0.3870004,0.054783426,-0.332216974,1.0,1.0,0.0,0.0,0.0,0.0,0.0,0.0,0.0,0.0,0.0,0.0,1,1,0,False,False,False,False,False,False
2995,0.88655055,0.91305697,0.02650641999999992,0.8861436,0.92401,0.03786639999999997,0.8875,0.8875,0.0,0.0,0.0,0.0,0.0,0.0,0.0,0.0,0.0,0.0,1,1,0,False,False,False,False,False,False
2996,1.0,1.0,0.0,1.0,1.0,0.0,1.0,1.0,0.0,0.0,0.0,0.0,0.0,0.0,0.0,0.0,0.0,0.0,1,1,0,False,False,False,False,False,False
2997,0.9590532,0.8829147,-0.0761385,0.98971885,0.8809497,-0.10876915000000009,0.8875,0.8875,0.0,0.0,0.0,0.0,0.0,0.0,0.0,0.0,0.0,0.0,1,1,0,False,False,False,False,False,False
2998,0.87400955,0.88250905,0.008499499999999993,0.82001364,0.8321557,0.012142060000000066,1.0,1.0,0.0,0.0,0.0,0.0,0.0,0.0,0.0,0.0,0.0,0.0,1,1,0,False,False,False,False,False,False
2999,0.80719376,0.86810285,0.06090909,0.8102768,0.9240755,0.11379870000000003,0.8,0.7375,-0.0625,0.0,0.0,0.0,0.0,0.0,0.0,0.0,0.0,0.0,1,1,0,False,False,False,False,False,False
3000,0.8954031,0.8871196,-0.0082835,0.8505758,0.83874226,-0.011833540000000031,1.0,1.0,0.0,0.0,0.0,0.0,0.0,0.0,0.0,0.0,0.0,0.0,1,1,0,False,False,False,False,False,False
3001,0.8532204,0.87792283,0.024702430000000053,0.9028148,0.91667545,0.013860649999999919,0.7375,0.7875,0.04999999999999993,0.0,0.0,0.0,0.0,0.0,0.0,0.0,0.0,0.0,1,1,0,False,False,False,False,False,False
3002,0.9445197,0.8580645,-0.08645519999999995,0.95288527,0.79723495,-0.15565032,0.925,1.0,0.07499999999999996,0.0,0.0,0.0,0.0,0.0,0.0,0.0,0.0,0.0,1,1,0,False,False,False,False,False,False
3003,1.0,1.0,0.0,1.0,1.0,0.0,1.0,1.0,0.0,0.0,0.0,0.0,0.0,0.0,0.0,0.0,0.0,0.0,1,1,0,False,False,False,False,False,False
3004,0.9558331,0.89188194,-0.06395116,0.9369043,0.89376,-0.043144300000000024,1.0,0.8875,-0.11250000000000004,0.0,0.0,0.0,0.0,0.0,0.0,0.0,0.0,0.0,1,1,0,False,False,False,False,False,False
3005,1.0,0.9324042,-0.06759579999999998,1.0,0.90343463,-0.09656536999999998,1.0,1.0,0.0,0.0,0.0,0.0,0.0,0.0,0.0,0.0,0.0,0.0,1,1,0,False,False,False,False,False,False
3006,0.7493394,0.7516927,0.0023533000000000026,0.73298484,0.83277524,0.09979040000000006,0.7875,0.5625,-0.22499999999999998,0.0,0.0,0.0,0.0,0.0,0.0,0.0,0.0,0.0,1,1,0,False,False,False,False,False,False
3007,0.93821603,0.88145,-0.05676603000000002,0.9599515,0.87885714,-0.08109435999999992,0.8875,0.8875,0.0,0.0,0.0,0.0,0.0,0.0,0.0,0.0,0.0,0.0,1,1,0,False,False,False,False,False,False
3008,1.0,1.0,0.0,1.0,1.0,0.0,1.0,1.0,0.0,0.0,0.0,0.0,0.0,0.0,0.0,0.0,0.0,0.0,1,1,0,False,False,False,False,False,False
3009,0.84703106,0.89517516,0.04814410000000002,0.7814728,0.8502502,0.06877739999999999,1.0,1.0,0.0,0.0,0.0,0.0,0.0,0.0,0.0,0.0,0.0,0.0,1,1,0,False,False,False,False,False,False
3010,1.0,1.0,0.0,1.0,1.0,0.0,1.0,1.0,0.0,0.0,0.0,0.0,0.0,0.0,0.0,0.0,0.0,0.0,1,1,0,False,False,False,False,False,False
3011,1.0,1.0,0.0,1.0,1.0,0.0,1.0,1.0,0.0,0.0,0.0,0.0,0.0,0.0,0.0,0.0,0.0,0.0,1,1,0,False,False,False,False,False,False
3012,0.92875004,0.96250004,0.03374999999999995,1.0,1.0,0.0,0.7625,0.875,0.11250000000000004,0.0,0.0,0.0,0.0,0.0,0.0,0.0,0.0,0.0,1,1,0,False,False,False,False,False,False
3013,0.75215214,0.8118448,0.059692660000000064,0.694146,0.73120683,0.037060829999999934,0.8875,1.0,0.11250000000000004,0.0,0.0,0.0,0.0,0.0,0.0,0.0,0.0,0.0,1,1,0,False,False,False,False,False,False
3014,0.0,0.0,0.0,1.0,1.0,0.0,1.0,1.0,0.0,1.0,1.0,0.0,1.0,1.0,0.0,0.0,0.0,0.0,0,0,0,False,False,False,False,False,False
3015,0.86512834,0.76387835,-0.10124999000000001,0.8394691,0.8394691,0.0,0.925,0.58750004,-0.33749996000000004,0.0,0.0,0.0,0.0,0.0,0.0,0.0,0.0,0.0,1,1,0,False,False,False,False,False,False
3016,0.8126807,0.81517315,0.0024924499999999794,0.7966867,0.9234616,0.12677490000000002,0.85,0.5625,-0.2875,0.0,0.0,0.0,0.0,0.0,0.0,0.0,0.0,0.0,1,1,0,False,False,False,False,False,False
3017,0.96250004,0.8099127,-0.15258733999999996,0.99999994,0.7284467,-0.27155324000000003,0.875,1.0,0.125,0.0,0.0,0.0,0.0,0.0,0.0,0.0,0.0,0.0,1,1,0,False,False,False,False,False,False
3018,0.8272112,0.6838892,-0.14332200000000006,0.8013731,0.7144846,-0.08688849999999992,0.8875,0.6125,-0.2749999999999999,0.0,0.0,0.0,0.0,0.0,0.0,0.0,0.0,0.0,1,1,0,False,False,False,False,False,False
3019,0.82861996,0.8537078,0.025087839999999972,0.8033856,0.79101115,-0.012374450000000037,0.8875,1.0,0.11250000000000004,0.0,0.0,0.0,0.0,0.0,0.0,0.0,0.0,0.0,1,1,0,False,False,False,False,False,False
3020,0.8237211,0.8098076,-0.013913500000000023,0.7963874,0.8193679,0.02298050000000007,0.8875,0.7875,-0.09999999999999998,0.0,0.0,0.0,0.0,0.0,0.0,0.0,0.0,0.0,1,1,0,False,False,False,False,False,False
3021,0.9535837,0.895961,-0.05762270000000003,0.9819053,0.9049443,-0.07696099999999995,0.8875,0.875,-0.012499999999999956,0.0,0.0,0.0,0.0,0.0,0.0,0.0,0.0,0.0,1,1,0,False,False,False,False,False,False
3022,0.3,1.0,0.7,0.0,1.0,1.0,1.0,1.0,0.0,0.0,0.0,0.0,0.0,0.0,0.0,0.0,0.0,0.0,1,1,0,False,False,False,False,False,False
3023,0.80646116,0.87544936,0.06898819999999994,0.9753017,0.91314185,-0.062159850000000016,0.4125,0.7875,0.375,0.0,0.0,0.0,0.0,0.0,0.0,0.0,0.0,0.0,1,1,0,False,False,False,False,False,False
3024,0.87227744,0.8659135,-0.006363939999999957,0.90325344,0.963805,0.06055156000000006,0.8,0.6375,-0.1625000000000001,0.0,0.0,0.0,0.0,0.0,0.0,0.0,0.0,0.0,1,1,0,False,False,False,False,False,False
3025,0.87075883,0.99825877,0.12749993999999998,0.9975126,0.9975126,0.0,0.575,1.0,0.42500000000000004,0.0,0.0,0.0,0.0,0.0,0.0,0.0,0.0,0.0,1,1,0,False,False,False,False,False,False
3026,0.0,0.0,0.0,0.64606774,0.63348293,-0.012584810000000002,0.6615385,0.43636364,-0.22517486000000003,1.0,0.0,-1.0,1.0,0.0,-1.0,0.0,1.0,1.0,0,0,0,False,True,True,False,True,False
3027,1.0,1.0,0.0,1.0,1.0,0.0,1.0,1.0,0.0,0.0,0.0,0.0,0.0,0.0,0.0,0.0,0.0,0.0,1,1,0,False,False,False,False,False,False
3028,0.8955547,0.9599539,0.06439919999999999,0.85079247,0.97493416,0.12414168999999997,1.0,0.925,-0.07499999999999996,0.0,0.0,0.0,0.0,0.0,0.0,0.0,0.0,0.0,1,1,0,False,False,False,False,False,False
3029,0.94445556,0.86030716,-0.08414840000000001,0.96886504,0.8593673,-0.10949774000000001,0.8875,0.8625,-0.02499999999999991,0.0,0.0,0.0,0.0,0.0,0.0,0.0,0.0,0.0,1,1,0,False,False,False,False,False,False
3030,0.96250004,0.8955666,-0.06693344000000001,1.0,0.8508094,-0.14919059999999995,0.875,1.0,0.125,0.0,0.0,0.0,0.0,0.0,0.0,0.0,0.0,0.0,1,1,0,False,False,False,False,False,False
3031,0.84431,0.66328394,-0.18102606,0.82580006,0.7761199,-0.04968015999999997,0.8875,0.4,-0.48749999999999993,0.0,0.0,0.0,0.0,0.0,0.0,0.0,0.0,0.0,1,1,0,False,False,False,False,False,False
3032,0.61677736,0.8455682,0.22879083999999994,0.4525391,0.81152594,0.35898684,1.0,0.925,-0.07499999999999996,0.0,0.0,0.0,0.0,0.0,0.0,0.0,0.0,0.0,1,1,0,False,False,False,False,False,False
3033,1.0,1.0,0.0,1.0,1.0,0.0,1.0,1.0,0.0,0.0,0.0,0.0,0.0,0.0,0.0,0.0,0.0,0.0,1,1,0,False,False,False,False,False,False
3034,0.0,0.0,0.0,1.0,1.0,0.0,1.0,1.0,0.0,1.0,1.0,0.0,1.0,1.0,0.0,0.0,0.0,0.0,0,0,0,False,False,False,False,False,False
3035,1.0,1.0,0.0,1.0,1.0,0.0,1.0,1.0,0.0,0.0,0.0,0.0,0.0,0.0,0.0,0.0,0.0,0.0,1,1,0,False,False,False,False,False,False
3036,0.0,0.0,0.0,1.0,1.0,0.0,1.0,1.0,0.0,1.0,1.0,0.0,1.0,1.0,0.0,0.0,0.0,0.0,0,0,0,False,False,False,False,False,False
3037,0.0,0.0,0.0,0.43220326,0.43220326,0.0,0.8235294,0.7352941,-0.08823530000000002,1.0,1.0,0.0,1.0,1.0,0.0,0.0,0.0,0.0,0,0,0,False,False,False,False,False,False
3038,0.79123205,0.7937183,0.002486250000000023,0.74997437,0.8499546,0.09998023,0.8875,0.6625,-0.22499999999999998,0.0,0.0,0.0,0.0,0.0,0.0,0.0,0.0,0.0,1,1,0,False,False,False,False,False,False
3039,1.0,1.0,0.0,1.0,1.0,0.0,1.0,1.0,0.0,0.0,0.0,0.0,0.0,0.0,0.0,0.0,0.0,0.0,1,1,0,False,False,False,False,False,False
3040,0.78127164,0.8479638,0.06669216,0.73574513,0.83101976,0.09527463000000003,0.8875,0.8875,0.0,0.0,0.0,0.0,0.0,0.0,0.0,0.0,0.0,0.0,1,1,0,False,False,False,False,False,False
3041,0.8736748,0.8495497,-0.02412510000000001,0.86774963,0.8332853,-0.03446433000000004,0.8875,0.8875,0.0,0.0,0.0,0.0,0.0,0.0,0.0,0.0,0.0,0.0,1,1,0,False,False,False,False,False,False
3042,0.6394971,0.75418293,0.11468582999999999,0.6349958,0.7988328,0.163837,0.65000004,0.65000004,0.0,0.0,0.0,0.0,0.0,0.0,0.0,0.0,0.0,0.0,1,1,0,False,False,False,False,False,False
3043,0.89433855,0.84132165,-0.05301689999999992,0.8919122,0.7733166,-0.11859560000000002,0.90000004,1.0,0.09999996,0.0,0.0,0.0,0.0,0.0,0.0,0.0,0.0,0.0,1,1,0,False,False,False,False,False,False
3044,1.0,1.0,0.0,1.0,1.0,0.0,1.0,1.0,0.0,0.0,0.0,0.0,0.0,0.0,0.0,0.0,0.0,0.0,1,1,0,False,False,False,False,False,False
3045,0.8062834,0.8522138,0.04593040000000004,0.72326195,0.8370911,0.11382914999999993,1.0,0.8875,-0.11250000000000004,0.0,0.0,0.0,0.0,0.0,0.0,0.0,0.0,0.0,1,1,0,False,False,False,False,False,False
3046,1.0,1.0,0.0,1.0,1.0,0.0,1.0,1.0,0.0,0.0,0.0,0.0,0.0,0.0,0.0,0.0,0.0,0.0,1,1,0,False,False,False,False,False,False
3047,0.81850463,0.8923065,0.07380187000000005,0.7996494,0.8997236,0.1000742,0.8625,0.875,0.012499999999999956,0.0,0.0,0.0,0.0,0.0,0.0,0.0,0.0,0.0,1,1,0,False,False,False,False,False,False
3048,0.95874995,0.80575866,-0.15299129,1.0,0.7546553,-0.24534469999999997,0.8625,0.925,0.0625,0.0,0.0,0.0,0.0,0.0,0.0,0.0,0.0,0.0,1,1,0,False,False,False,False,False,False
3049,0.96999997,0.8709728,-0.09902717000000005,1.0,0.81567544,-0.18432455999999997,0.90000004,1.0,0.09999996,0.0,0.0,0.0,0.0,0.0,0.0,0.0,0.0,0.0,1,1,0,False,False,False,False,False,False
3050,0.7972755,0.8352731,0.037997599999999965,0.7586078,0.8986044,0.13999659999999992,0.8875,0.6875,-0.19999999999999996,0.0,0.0,0.0,0.0,0.0,0.0,0.0,0.0,0.0,1,1,0,False,False,False,False,False,False
3051,0.97726804,0.9997681,0.022500060000000044,0.9996686,0.9996686,0.0,0.925,1.0,0.07499999999999996,0.0,0.0,0.0,0.0,0.0,0.0,0.0,0.0,0.0,1,1,0,False,False,False,False,False,False
3052,1.0,1.0,0.0,1.0,1.0,0.0,1.0,1.0,0.0,0.0,0.0,0.0,0.0,0.0,0.0,0.0,0.0,0.0,1,1,0,False,False,False,False,False,False
3053,0.94,0.829534,-0.11046599999999995,1.0,0.756477,-0.24352300000000004,0.8,1.0,0.19999999999999996,0.0,0.0,0.0,0.0,0.0,0.0,0.0,0.0,0.0,1,1,0,False,False,False,False,False,False
3054,0.80179447,0.79609895,-0.005695520000000065,0.71684915,0.7569271,0.04007794999999992,1.0,0.8875,-0.11250000000000004,0.0,0.0,0.0,0.0,0.0,0.0,0.0,0.0,0.0,1,1,0,False,False,False,False,False,False
3055,0.84251136,0.8670123,0.024500939999999916,0.8232305,0.94930327,0.12607277000000006,0.8875,0.675,-0.2124999999999999,0.0,0.0,0.0,0.0,0.0,0.0,0.0,0.0,0.0,1,1,0,False,False,False,False,False,False
3056,0.7746977,0.79344577,0.018748070000000006,0.72635394,0.80135113,0.07499719000000005,0.8875,0.77500004,-0.11249995999999995,0.0,0.0,0.0,0.0,0.0,0.0,0.0,0.0,0.0,1,1,0,False,False,False,False,False,False
3057,0.8375477,0.860864,0.023316299999999957,0.81613964,0.9512343,0.13509465999999992,0.8875,0.65000004,-0.23749995999999995,0.0,0.0,0.0,0.0,0.0,0.0,0.0,0.0,0.0,1,1,0,False,False,False,False,False,False
3058,1.0,1.0,0.0,1.0,1.0,0.0,1.0,1.0,0.0,0.0,0.0,0.0,0.0,0.0,0.0,0.0,0.0,0.0,1,1,0,False,False,False,False,False,False
3059,0.8754477,0.92514247,0.04969477,0.854211,0.94127494,0.08706393999999995,0.925,0.8875,-0.03750000000000009,0.0,0.0,0.0,0.0,0.0,0.0,0.0,0.0,0.0,1,1,0,False,False,False,False,False,False
3060,1.0,1.0,0.0,1.0,1.0,0.0,1.0,1.0,0.0,0.0,0.0,0.0,0.0,0.0,0.0,0.0,0.0,0.0,1,1,0,False,False,False,False,False,False
3061,0.7871342,0.5705662,-0.21656799999999998,0.8244774,0.5365231,-0.2879543,0.7,0.65000004,-0.049999959999999954,0.0,0.0,0.0,0.0,0.0,0.0,0.0,0.0,0.0,1,1,0,False,False,False,False,False,False
3062,0.96625006,0.92015505,-0.04609501000000005,1.0,0.9341501,-0.06584990000000002,0.8875,0.8875,0.0,0.0,0.0,0.0,0.0,0.0,0.0,0.0,0.0,0.0,1,1,0,False,False,False,False,False,False
3063,0.96624994,0.9529172,-0.013332739999999954,0.99999994,0.93273884,-0.06726110000000007,0.8875,1.0,0.11250000000000004,0.0,0.0,0.0,0.0,0.0,0.0,0.0,0.0,0.0,1,1,0,False,False,False,False,False,False
3064,0.97749996,0.9487707,-0.02872925999999998,1.0,0.9268152,-0.07318480000000005,0.925,1.0,0.07499999999999996,0.0,0.0,0.0,0.0,0.0,0.0,0.0,0.0,0.0,1,1,0,False,False,False,False,False,False
3065,1.0,1.0,0.0,1.0,1.0,0.0,1.0,1.0,0.0,0.0,0.0,0.0,0.0,0.0,0.0,0.0,0.0,0.0,1,1,0,False,False,False,False,False,False
3066,0.90350264,0.8361956,-0.06730703999999998,0.86214674,0.9749223,0.11277556,1.0,0.5125,-0.48750000000000004,0.0,0.0,0.0,0.0,0.0,0.0,0.0,0.0,0.0,1,1,0,False,False,False,False,False,False
3067,1.0,0.7597397,-0.24026029999999998,0.99999994,0.65677094,-0.343229,1.0,1.0,0.0,0.0,0.0,0.0,0.0,0.0,0.0,0.0,0.0,0.0,1,1,0,False,False,False,False,False,False
3068,1.0,0.81148493,-0.18851507,1.0,0.7306928,-0.26930719999999997,1.0,1.0,0.0,0.0,0.0,0.0,0.0,0.0,0.0,0.0,0.0,0.0,1,1,0,False,False,False,False,False,False
3069,0.73624504,0.85109866,0.11485361999999999,0.67142147,0.83549803,0.16407656000000004,0.8875,0.8875,0.0,0.0,0.0,0.0,0.0,0.0,0.0,0.0,0.0,0.0,1,1,0,False,False,False,False,False,False
3070,0.97749996,1.0,0.022500040000000054,0.99999994,0.99999994,0.0,0.925,1.0,0.07499999999999996,0.0,0.0,0.0,0.0,0.0,0.0,0.0,0.0,0.0,1,1,0,False,False,False,False,False,False
3071,0.8274016,0.8484852,0.02108360000000009,0.8016451,0.86390746,0.06226235999999996,0.8875,0.8125,-0.07499999999999996,0.0,0.0,0.0,0.0,0.0,0.0,0.0,0.0,0.0,1,1,0,False,False,False,False,False,False
