scenario_index,V25_RideFlux,V26_RideFlux,Delta_RideFlux,V25_Progress,V26_Progress,Delta_Progress,V25_Comfort,V26_Comfort,Delta_Comfort,V25_Collision,V26_Collision,Delta_Collision,V25_Overlap,V26_Overlap,Delta_Overlap,V25_OffroadBox,V26_OffroadBox,Delta_OffroadBox,V25_Accuracy,V26_Accuracy,Delta_Accuracy,V25_BasePC,V26_BasePC,Delta_BasePC
0,0.96625006,0.93880177,-0.027448290000000042,1.0,0.91257393,-0.08742607000000002,0.8875,1.0,0.11250000000000004,0.0,0.0,0.0,0.0,0.0,0.0,0.0,0.0,0.0,1,1,0,0.9662499999999999,0.938801751,-0.02744824899999998
1,0.71901244,0.93644583,0.21743339000000006,0.5985891,0.9092083,0.3106192,1.0,1.0,0.0,0.0,0.0,0.0,0.0,0.0,0.0,0.0,0.0,0.0,1,1,0,0.71901237,0.9364458099999999,0.21743343999999998
2,0.87956756,0.96250004,0.08293247999999998,0.91902506,1.0,0.08097494000000005,0.7875,0.875,0.08750000000000002,0.0,0.0,0.0,0.0,0.0,0.0,0.0,0.0,0.0,1,1,0,0.8795675419999999,0.9624999999999999,0.08293245800000004
3,0.926373,0.9221577,-0.004215300000000033,0.9912472,0.937011,-0.05423619999999996,0.77500004,0.8875,0.11249995999999995,0.0,0.0,0.0,0.0,0.0,0.0,0.0,0.0,0.0,1,1,0,0.926373052,0.9221577,-0.0042153520000000055
4,0.9314534,0.90433913,-0.027114269999999996,0.9502906,0.86334157,-0.08694902999999998,0.8875,1.0,0.11250000000000004,0.0,0.0,0.0,0.0,0.0,0.0,0.0,0.0,0.0,1,1,0,0.93145342,0.904339099,-0.027114320999999997
5,0.96672076,0.9243087,-0.042412059999999974,0.9524582,0.89186954,-0.06058866000000007,1.0,1.0,0.0,0.0,0.0,0.0,0.0,0.0,0.0,0.0,0.0,0.0,1,1,0,0.96672074,0.9243086779999998,-0.04241206200000014
6,0.90248203,1.0,0.09751796999999995,0.8606886,1.0,0.13931139999999997,1.0,1.0,0.0,0.0,0.0,0.0,0.0,0.0,0.0,0.0,0.0,0.0,1,1,0,0.9024820199999999,1.0,0.09751798000000012
7,0.8976968,0.90512925,0.007432450000000035,0.9502811,0.91268456,-0.03759654000000001,0.77500004,0.8875,0.11249995999999995,0.0,0.0,0.0,0.0,0.0,0.0,0.0,0.0,0.0,1,1,0,0.8976967819999999,0.905129192,0.007432410000000056
8,0.9217402,0.9819957,0.06025550000000002,0.8882003,0.9742795,0.08607919999999991,1.0,1.0,0.0,0.0,0.0,0.0,0.0,0.0,0.0,0.0,0.0,0.0,1,1,0,0.9217402100000001,0.98199565,0.06025543999999994
9,0.75559396,0.9900718,0.23447783999999994,0.65084845,0.98581684,0.33496839,1.0,1.0,0.0,0.0,0.0,0.0,0.0,0.0,0.0,0.0,0.0,0.0,1,1,0,0.755593915,0.9900717880000001,0.23447787300000011
10,0.8494264,0.94847775,0.09905134999999998,0.86525196,0.9263967,0.06114473999999992,0.8125,1.0,0.1875,0.0,0.0,0.0,0.0,0.0,0.0,0.0,0.0,0.0,1,1,0,0.849426372,0.9484776899999998,0.09905131799999978
11,0.91,0.9510218,0.0410218,1.0,0.9621739,-0.037826099999999974,0.7,0.925,0.2250000000000001,0.0,0.0,0.0,0.0,0.0,0.0,0.0,0.0,0.0,1,1,0,0.9099999999999999,0.9510217299999999,0.04102172999999998
12,1.0,1.0,0.0,1.0,1.0,0.0,1.0,1.0,0.0,0.0,0.0,0.0,0.0,0.0,0.0,0.0,0.0,0.0,1,1,0,1.0,1.0,0.0
13,0.0,0.0,0.0,1.0,1.0,0.0,0.0,1.0,1.0,1.0,1.0,0.0,1.0,1.0,0.0,0.0,0.0,0.0,0,0,0,0.7,1.0,0.30000000000000004
14,0.88779336,0.89071554,0.0029221799999999964,0.9629191,0.87602216,-0.08689694000000003,0.71250004,0.925,0.21249996000000004,0.0,0.0,0.0,0.0,0.0,0.0,0.0,0.0,0.0,1,1,0,0.887793382,0.8907155119999999,0.0029221299999998562
15,0.8463532,0.89551336,0.04916016000000001,0.9626474,0.93644756,-0.026199840000000085,0.575,0.8,0.2250000000000001,0.0,0.0,0.0,0.0,0.0,0.0,0.0,0.0,0.0,1,1,0,0.8463531799999999,0.895513292,0.049160112000000034
16,1.0,0.92261076,-0.07738924000000003,0.99999994,0.88944393,-0.11055601000000004,1.0,1.0,0.0,0.0,0.0,0.0,0.0,0.0,0.0,0.0,0.0,0.0,1,1,0,0.9999999580000001,0.9226107509999999,-0.07738920700000018
17,0.94,0.92346925,-0.016530749999999927,1.0,0.9388847,-0.061115299999999984,0.8,0.8875,0.08749999999999991,0.0,0.0,0.0,0.0,0.0,0.0,0.0,0.0,0.0,1,1,0,0.94,0.92346929,-0.01653070999999995
18,0.86347306,0.8843697,0.020896640000000022,0.8049615,0.8348138,0.029852300000000054,1.0,1.0,0.0,0.0,0.0,0.0,0.0,0.0,0.0,0.0,0.0,0.0,1,1,0,0.8634730499999999,0.88436966,0.020896610000000093
19,0.96625006,0.96250004,-0.0037500200000000206,1.0,1.0,0.0,0.8875,0.875,-0.012499999999999956,0.0,0.0,0.0,0.0,0.0,0.0,0.0,0.0,0.0,1,1,0,0.9662499999999999,0.9624999999999999,-0.003750000000000031
20,0.8349695,0.8599753,0.025005799999999967,0.8124565,0.79996467,-0.012491829999999982,0.8875,1.0,0.11250000000000004,0.0,0.0,0.0,0.0,0.0,0.0,0.0,0.0,0.0,1,1,0,0.83496955,0.859975269,0.025005719000000037
21,1.0,1.0,0.0,1.0,1.0,0.0,1.0,1.0,0.0,0.0,0.0,0.0,0.0,0.0,0.0,0.0,0.0,0.0,1,1,0,1.0,1.0,0.0
22,1.0,1.0,0.0,1.0,1.0,0.0,1.0,1.0,0.0,0.0,0.0,0.0,0.0,0.0,0.0,0.0,0.0,0.0,1,1,0,1.0,1.0,0.0
23,0.9487435,0.92121536,-0.027528139999999923,0.9749908,0.88745046,-0.08754034,0.8875,1.0,0.11250000000000004,0.0,0.0,0.0,0.0,0.0,0.0,0.0,0.0,0.0,1,1,0,0.9487435599999999,0.9212153219999999,-0.027528238000000038
24,0.82140154,0.0,-0.82140154,0.9859307,0.30786505,-0.6780656500000001,0.4375,0.375,-0.0625,0.0,1.0,1.0,0.0,1.0,1.0,0.0,0.0,0.0,1,0,-1,0.82140149,0.32800553499999996,-0.493395955
25,0.8618949,0.85245246,-0.009442440000000052,0.8509213,0.78921777,-0.06170352999999995,0.8875,1.0,0.11250000000000004,0.0,0.0,0.0,0.0,0.0,0.0,0.0,0.0,0.0,1,1,0,0.86189491,0.8524524389999999,-0.009442471000000063
26,1.0,1.0,0.0,1.0,1.0,0.0,1.0,1.0,0.0,0.0,0.0,0.0,0.0,0.0,0.0,0.0,0.0,0.0,1,1,0,1.0,1.0,0.0
27,0.869804,0.90893936,0.03913535999999995,0.89436287,0.91812766,0.02376478999999998,0.8125,0.8875,0.07499999999999996,0.0,0.0,0.0,0.0,0.0,0.0,0.0,0.0,0.0,1,1,0,0.869804009,0.9089393619999999,0.03913535299999993
28,0.85729045,0.8772325,0.019942049999999933,0.8497007,0.8246178,-0.02508290000000002,0.875,1.0,0.125,0.0,0.0,0.0,0.0,0.0,0.0,0.0,0.0,0.0,1,1,0,0.85729049,0.8772324599999999,0.019941969999999865
29,0.82375,0.94,0.11624999999999996,1.0,1.0,0.0,0.4125,0.8,0.38750000000000007,0.0,0.0,0.0,0.0,0.0,0.0,0.0,0.0,0.0,1,1,0,0.82375,0.94,0.11624999999999996
30,0.91206264,0.9297372,0.017674560000000006,0.87437516,0.8996245,0.02524934000000001,1.0,1.0,0.0,0.0,0.0,0.0,0.0,0.0,0.0,0.0,0.0,0.0,1,1,0,0.9120626119999999,0.92973715,0.017674538000000073
31,0.0,0.0,0.0,1.0,1.0,0.0,0.0,1.0,1.0,1.0,1.0,0.0,1.0,1.0,0.0,0.0,0.0,0.0,0,0,0,0.7,1.0,0.30000000000000004
32,1.0,1.0,0.0,1.0,1.0,0.0,1.0,1.0,0.0,0.0,0.0,0.0,0.0,0.0,0.0,0.0,0.0,0.0,1,1,0,1.0,1.0,0.0
33,0.94750005,1.0,0.05249994999999996,1.0,1.0,0.0,0.825,1.0,0.17500000000000004,0.0,0.0,0.0,0.0,0.0,0.0,0.0,0.0,0.0,1,1,0,0.9474999999999999,1.0,0.0525000000000001
34,0.84702504,0.9359539,0.08892886,0.78146434,0.90850556,0.12704122000000007,1.0,1.0,0.0,0.0,0.0,0.0,0.0,0.0,0.0,0.0,0.0,0.0,1,1,0,0.847025038,0.9359538919999999,0.08892885399999995
35,0.81840277,0.9246203,0.10621753,0.8691468,0.9458861,0.07673929999999995,0.7,0.875,0.17500000000000004,0.0,0.0,0.0,0.0,0.0,0.0,0.0,0.0,0.0,1,1,0,0.8184027599999999,0.9246202699999999,0.10621751000000001
36,1.0,1.0,0.0,1.0,1.0,0.0,1.0,1.0,0.0,0.0,0.0,0.0,0.0,0.0,0.0,0.0,0.0,0.0,1,1,0,1.0,1.0,0.0
37,0.8492389,0.930414,0.08117509999999994,0.9614127,0.9863057,0.024892999999999943,0.58750004,0.8,0.21249996000000004,0.0,0.0,0.0,0.0,0.0,0.0,0.0,0.0,0.0,1,1,0,0.849238902,0.9304139899999999,0.08117508799999995
38,0.92211354,1.0,0.07788645999999999,0.92087644,1.0,0.07912355999999998,0.925,1.0,0.07499999999999996,0.0,0.0,0.0,0.0,0.0,0.0,0.0,0.0,0.0,1,1,0,0.922113508,1.0,0.07788649199999997
39,0.9337244,0.92114496,-0.012579439999999997,0.93746334,0.88734996,-0.050113379999999985,0.925,1.0,0.07499999999999996,0.0,0.0,0.0,0.0,0.0,0.0,0.0,0.0,0.0,1,1,0,0.933724338,0.921144972,-0.01257936599999998
40,0.87624997,0.8665264,-0.009723570000000015,1.0,0.8575377,-0.14246230000000004,0.58750004,0.8875,0.29999995999999995,0.0,0.0,0.0,0.0,0.0,0.0,0.0,0.0,0.0,1,1,0,0.876250012,0.8665263899999999,-0.009723622000000098
41,0.91819793,0.93081284,0.012614909999999924,0.9367113,0.94937545,0.012664149999999985,0.875,0.8875,0.012499999999999956,0.0,0.0,0.0,0.0,0.0,0.0,0.0,0.0,0.0,1,1,0,0.91819791,0.9308128149999999,0.012614904999999954
42,0.90625,0.9384443,0.03219430000000001,0.99999994,0.96563476,-0.034365179999999995,0.6875,0.875,0.1875,0.0,0.0,0.0,0.0,0.0,0.0,0.0,0.0,0.0,1,1,0,0.9062499580000001,0.938444332,0.032194373999999915
43,0.79870385,0.9124247,0.11372084999999998,0.89993405,0.8748923,-0.025041750000000085,0.5625,1.0,0.4375,0.0,0.0,0.0,0.0,0.0,0.0,0.0,0.0,0.0,1,1,0,0.798703835,0.91242461,0.113720775
44,0.83180207,0.9120413,0.0802392300000001,0.9097173,0.92255896,0.012841660000000088,0.65000004,0.8875,0.23749995999999995,0.0,0.0,0.0,0.0,0.0,0.0,0.0,0.0,0.0,1,1,0,0.831802122,0.912041272,0.08023914999999993
45,0.88986987,0.8949248,0.005054930000000013,0.8748141,0.8498926,-0.02492150000000004,0.925,1.0,0.07499999999999996,0.0,0.0,0.0,0.0,0.0,0.0,0.0,0.0,0.0,1,1,0,0.8898698700000001,0.89492482,0.0050549499999998915
46,0.9570548,0.9312382,-0.025816599999999967,0.9386497,0.90176874,-0.036880960000000074,1.0,1.0,0.0,0.0,0.0,0.0,0.0,0.0,0.0,0.0,0.0,0.0,1,1,0,0.9570547899999999,0.931238118,-0.02581667199999993
47,0.8212902,0.87754023,0.05625003000000006,0.87327176,0.87327176,0.0,0.7,0.8875,0.1875,0.0,0.0,0.0,0.0,0.0,0.0,0.0,0.0,0.0,1,1,0,0.8212902319999998,0.8775402319999999,0.05625000000000002
48,0.96250004,1.0,0.03749996,1.0,1.0,0.0,0.875,1.0,0.125,0.0,0.0,0.0,0.0,0.0,0.0,0.0,0.0,0.0,1,1,0,0.9624999999999999,1.0,0.03750000000000009
49,1.0,1.0,0.0,1.0,1.0,0.0,1.0,1.0,0.0,0.0,0.0,0.0,0.0,0.0,0.0,0.0,0.0,0.0,1,1,0,1.0,1.0,0.0
50,0.9403734,0.9313387,-0.009034700000000062,0.96303356,0.90191245,-0.06112110999999998,0.8875,1.0,0.11250000000000004,0.0,0.0,0.0,0.0,0.0,0.0,0.0,0.0,0.0,1,1,0,0.9403734919999999,0.9313387149999999,-0.009034776999999994
51,1.0,1.0,0.0,1.0,1.0,0.0,1.0,1.0,0.0,0.0,0.0,0.0,0.0,0.0,0.0,0.0,0.0,0.0,1,1,0,1.0,1.0,0.0
52,0.7237835,0.7425335,0.018749999999999933,0.755405,0.755405,0.0,0.65000004,0.71250004,0.0625,0.0,0.0,0.0,0.0,0.0,0.0,0.0,0.0,0.0,1,1,0,0.723783512,0.742533512,0.018749999999999933
53,0.76506275,0.96625006,0.20118731,0.7179467,1.0,0.28205329999999995,0.875,0.8875,0.012499999999999956,0.0,0.0,0.0,0.0,0.0,0.0,0.0,0.0,0.0,1,1,0,0.7650626899999999,0.9662499999999999,0.20118731
54,0.87624997,1.0,0.12375002999999996,1.0,1.0,0.0,0.58750004,1.0,0.41249996,0.0,0.0,0.0,0.0,0.0,0.0,0.0,0.0,0.0,1,1,0,0.876250012,1.0,0.12374998800000003
55,0.9549999,0.97749996,0.022500059999999933,0.99999994,0.99999994,0.0,0.85,0.925,0.07500000000000007,0.0,0.0,0.0,0.0,0.0,0.0,0.0,0.0,0.0,1,1,0,0.954999958,0.9774999580000001,0.022500000000000075
56,1.0,1.0,0.0,1.0,1.0,0.0,1.0,1.0,0.0,0.0,0.0,0.0,0.0,0.0,0.0,0.0,0.0,0.0,1,1,0,1.0,1.0,0.0
57,0.90999997,0.96250004,0.05250007000000001,0.99999994,0.99999994,0.0,0.7,0.875,0.17500000000000004,0.0,0.0,0.0,0.0,0.0,0.0,0.0,0.0,0.0,1,1,0,0.909999958,0.962499958,0.05249999999999999
58,0.88922065,0.84487385,-0.04434679999999991,0.88995796,0.77839106,-0.11156690000000002,0.8875,1.0,0.11250000000000004,0.0,0.0,0.0,0.0,0.0,0.0,0.0,0.0,0.0,1,1,0,0.8892205719999999,0.8448737419999999,-0.04434683000000006
59,1.0,1.0,0.0,1.0,1.0,0.0,1.0,1.0,0.0,0.0,0.0,0.0,0.0,0.0,0.0,0.0,0.0,0.0,1,1,0,1.0,1.0,0.0
60,1.0,1.0,0.0,1.0,1.0,0.0,1.0,1.0,0.0,0.0,0.0,0.0,0.0,0.0,0.0,0.0,0.0,0.0,1,1,0,1.0,1.0,0.0
61,0.93872947,1.0,0.061270530000000045,0.9499706,1.0,0.0500294,0.9125,1.0,0.08750000000000002,0.0,0.0,0.0,0.0,0.0,0.0,0.0,0.0,0.0,1,1,0,0.93872942,1.0,0.06127057999999996
62,0.8812254,0.90372545,0.022500049999999994,0.8624649,0.8624649,0.0,0.925,1.0,0.07499999999999996,0.0,0.0,0.0,0.0,0.0,0.0,0.0,0.0,0.0,1,1,0,0.88122543,0.9037254299999999,0.022499999999999964
63,0.97749996,0.9668712,-0.010628759999999904,1.0,0.9526731,-0.04732689999999995,0.925,1.0,0.07499999999999996,0.0,0.0,0.0,0.0,0.0,0.0,0.0,0.0,0.0,1,1,0,0.9775,0.9668711699999999,-0.010628830000000145
64,0.8539759,0.8598488,0.005872899999999959,0.8878227,0.7997839,-0.08803879999999997,0.77500004,1.0,0.22499996,0.0,0.0,0.0,0.0,0.0,0.0,0.0,0.0,0.0,1,1,0,0.853975902,0.85984873,0.005872827999999997
65,0.9604101,1.0,0.039589899999999956,0.9434431,1.0,0.05655690000000002,1.0,1.0,0.0,0.0,0.0,0.0,0.0,0.0,0.0,0.0,0.0,0.0,1,1,0,0.9604101699999998,1.0,0.03958983000000016
66,0.9075143,0.8479704,-0.05954389999999998,0.91609186,0.83102906,-0.0850628,0.8875,0.8875,0.0,0.0,0.0,0.0,0.0,0.0,0.0,0.0,0.0,0.0,1,1,0,0.9075143019999999,0.847970342,-0.05954395999999995
67,0.8619682,0.9079833,0.046015100000000086,0.851026,0.90069044,0.04966444000000003,0.8875,0.925,0.03750000000000009,0.0,0.0,0.0,0.0,0.0,0.0,0.0,0.0,0.0,1,1,0,0.8619682,0.9079833079999999,0.04601510799999997
68,0.87250006,1.0,0.12749993999999998,1.0,1.0,0.0,0.575,1.0,0.42500000000000004,0.0,0.0,0.0,0.0,0.0,0.0,0.0,0.0,0.0,1,1,0,0.8724999999999999,1.0,0.12750000000000006
69,0.7914735,0.8477235,0.05624999999999991,0.7824621,0.7824621,0.0,0.8125,1.0,0.1875,0.0,0.0,0.0,0.0,0.0,0.0,0.0,0.0,0.0,1,1,0,0.79147347,0.84772347,0.05625000000000002
70,0.97375005,1.0,0.026249949999999966,1.0,1.0,0.0,0.9125,1.0,0.08750000000000002,0.0,0.0,0.0,0.0,0.0,0.0,0.0,0.0,0.0,1,1,0,0.9737499999999999,1.0,0.026250000000000107
71,0.95125,1.0,0.04874999999999996,0.99999994,0.99999994,0.0,0.83750004,1.0,0.16249996,0.0,0.0,0.0,0.0,0.0,0.0,0.0,0.0,0.0,1,1,0,0.95124997,0.9999999580000001,0.04874998800000008
72,0.84328175,0.9107817,0.06749994999999998,0.95290244,0.95290244,0.0,0.58750004,0.8125,0.22499996,0.0,0.0,0.0,0.0,0.0,0.0,0.0,0.0,0.0,1,1,0,0.84328172,0.910781708,0.06749998800000001
73,0.8912577,0.8703062,-0.020951500000000012,0.9089394,0.921866,0.01292660000000001,0.85,0.75,-0.09999999999999998,0.0,0.0,0.0,0.0,0.0,0.0,0.0,0.0,0.0,1,1,0,0.8912575799999999,0.8703061999999999,-0.020951379999999964
74,0.0,0.0,0.0,1.0,1.0,0.0,1.0,1.0,0.0,1.0,1.0,0.0,1.0,1.0,0.0,0.0,0.0,0.0,0,0,0,1.0,1.0,0.0
75,1.0,1.0,0.0,1.0,1.0,0.0,1.0,1.0,0.0,0.0,0.0,0.0,0.0,0.0,0.0,0.0,0.0,0.0,1,1,0,1.0,1.0,0.0
76,1.0,0.97749996,-0.022500040000000054,1.0,1.0,0.0,1.0,0.925,-0.07499999999999996,0.0,0.0,0.0,0.0,0.0,0.0,0.0,0.0,0.0,1,1,0,1.0,0.9775,-0.022499999999999964
77,0.0,0.90358925,0.90358925,0.5745486,0.86227036,0.28772176000000005,0.625,1.0,0.375,0.0,0.0,0.0,0.0,0.0,0.0,1.0,0.0,-1.0,0,1,1,0.58968402,0.903589252,0.313905232
78,0.93951654,0.9764417,0.03692516000000001,0.95645225,0.96634525,0.00989300000000004,0.90000004,1.0,0.09999996,0.0,0.0,0.0,0.0,0.0,0.0,0.0,0.0,0.0,1,1,0,0.939516587,0.976441675,0.03692508800000005
79,0.8361492,0.8959225,0.05977329999999992,0.8141417,0.8513178,0.037176100000000045,0.8875,1.0,0.11250000000000004,0.0,0.0,0.0,0.0,0.0,0.0,0.0,0.0,0.0,1,1,0,0.8361491899999999,0.89592246,0.0597732700000001
80,1.0,1.0,0.0,1.0,1.0,0.0,1.0,1.0,0.0,0.0,0.0,0.0,0.0,0.0,0.0,0.0,0.0,0.0,1,1,0,1.0,1.0,0.0
81,0.8666172,0.77559,-0.09102719999999997,0.8683818,0.76512855,-0.10325324999999996,0.8625,0.8,-0.0625,0.0,0.0,0.0,0.0,0.0,0.0,0.0,0.0,0.0,1,1,0,0.86661726,0.775589985,-0.09102727499999996
82,0.8376792,1.0,0.16232080000000004,0.76811314,1.0,0.23188686000000003,1.0,1.0,0.0,0.0,0.0,0.0,0.0,0.0,0.0,0.0,0.0,0.0,1,1,0,0.837679198,1.0,0.162320802
83,0.90641445,0.97374994,0.06733549000000005,0.91452056,0.99999994,0.08547938,0.8875,0.9125,0.025000000000000022,0.0,0.0,0.0,0.0,0.0,0.0,0.0,0.0,0.0,1,1,0,0.906414392,0.973749958,0.06733556600000001
84,0.8656176,0.8837933,0.018175700000000017,0.8562393,0.8339903,-0.022249000000000074,0.8875,1.0,0.11250000000000004,0.0,0.0,0.0,0.0,0.0,0.0,0.0,0.0,0.0,1,1,0,0.86561751,0.8837932099999999,0.018175699999999906
85,0.8526127,0.90512127,0.05250856999999998,0.87516105,0.9126732,0.037512149999999966,0.8,0.8875,0.08749999999999991,0.0,0.0,0.0,0.0,0.0,0.0,0.0,0.0,0.0,1,1,0,0.8526127349999999,0.9051212399999999,0.05250850500000004
86,0.86584896,0.8822923,0.01644334000000003,0.8083556,0.8318461,0.02349050000000008,1.0,1.0,0.0,0.0,0.0,0.0,0.0,0.0,0.0,0.0,0.0,0.0,1,1,0,0.8658489199999999,0.88229227,0.01644335000000008
87,0.8368721,0.9171287,0.08025660000000001,0.7991031,0.88161236,0.08250926000000003,0.925,1.0,0.07499999999999996,0.0,0.0,0.0,0.0,0.0,0.0,0.0,0.0,0.0,1,1,0,0.8368721699999999,0.9171286519999999,0.08025648200000002
88,0.87219745,0.897991,0.025793549999999943,0.9513535,0.90248716,-0.04886634000000001,0.6875,0.8875,0.19999999999999996,0.0,0.0,0.0,0.0,0.0,0.0,0.0,0.0,0.0,1,1,0,0.8721974499999998,0.8979910119999999,0.025793562000000048
89,0.832757,0.92073005,0.08797305,0.76108146,0.88675725,0.12567579000000006,1.0,1.0,0.0,0.0,0.0,0.0,0.0,0.0,0.0,0.0,0.0,0.0,1,1,0,0.832757022,0.920730075,0.08797305300000002
90,1.0,1.0,0.0,1.0,1.0,0.0,1.0,1.0,0.0,0.0,0.0,0.0,0.0,0.0,0.0,0.0,0.0,0.0,1,1,0,1.0,1.0,0.0
91,0.95500004,0.96625006,0.011250019999999972,1.0,1.0,0.0,0.85,0.8875,0.03749999999999998,0.0,0.0,0.0,0.0,0.0,0.0,0.0,0.0,0.0,1,1,0,0.955,0.9662499999999999,0.011249999999999982
92,0.8991915,0.88113636,-0.01805514000000008,0.8559878,0.8301947,-0.025793100000000013,1.0,1.0,0.0,0.0,0.0,0.0,0.0,0.0,0.0,0.0,0.0,0.0,1,1,0,0.8991914599999999,0.8811362899999999,-0.01805517000000001
93,0.85742915,0.0,-0.85742915,0.8445416,0.6472869,-0.1972547,0.8875,1.0,0.11250000000000004,0.0,0.0,0.0,0.0,0.0,0.0,0.0,1.0,1.0,1,0,-1,0.8574291199999999,0.7531008299999999,-0.10432828999999999
94,1.0,1.0,0.0,1.0,1.0,0.0,1.0,1.0,0.0,0.0,0.0,0.0,0.0,0.0,0.0,0.0,0.0,0.0,1,1,0,1.0,1.0,0.0
95,1.0,1.0,0.0,1.0,1.0,0.0,1.0,1.0,0.0,0.0,0.0,0.0,0.0,0.0,0.0,0.0,0.0,0.0,1,1,0,1.0,1.0,0.0
96,0.7023792,1.0,0.2976208,0.62304175,1.0,0.37695825000000005,0.8875,1.0,0.11250000000000004,0.0,0.0,0.0,0.0,0.0,0.0,0.0,0.0,0.0,1,1,0,0.7023792249999999,1.0,0.29762077500000006
97,1.0,1.0,0.0,1.0,1.0,0.0,1.0,1.0,0.0,0.0,0.0,0.0,0.0,0.0,0.0,0.0,0.0,0.0,1,1,0,1.0,1.0,0.0
98,0.92945826,0.94033396,0.010875700000000044,0.96351177,0.9147628,-0.04874897,0.85,1.0,0.15000000000000002,0.0,0.0,0.0,0.0,0.0,0.0,0.0,0.0,0.0,1,1,0,0.9294582389999999,0.94033396,0.010875721000000116
99,0.907386,0.89728224,-0.010103760000000017,0.92662287,0.85326034,-0.07336253000000004,0.8625,1.0,0.13749999999999996,0.0,0.0,0.0,0.0,0.0,0.0,0.0,0.0,0.0,1,1,0,0.9073860089999999,0.8972822379999998,-0.01010377100000004
100,0.90856135,0.94837856,0.039817209999999936,0.98723036,0.9744695,-0.012760859999999985,0.725,0.8875,0.16249999999999998,0.0,0.0,0.0,0.0,0.0,0.0,0.0,0.0,0.0,1,1,0,0.9085612519999999,0.94837865,0.03981739800000006
101,0.92125,0.9483542,0.027104200000000023,1.0,0.9744346,-0.02556539999999996,0.7375,0.8875,0.1499999999999999,0.0,0.0,0.0,0.0,0.0,0.0,0.0,0.0,0.0,1,1,0,0.9212499999999999,0.94835422,0.027104220000000123
102,0.82049316,0.9218258,0.10133263999999997,0.7757045,0.8883225,0.112618,0.925,1.0,0.07499999999999996,0.0,0.0,0.0,0.0,0.0,0.0,0.0,0.0,0.0,1,1,0,0.8204931499999999,0.92182575,0.1013326000000001
103,0.91741866,0.9124007,-0.005017960000000099,0.96238375,0.87485814,-0.08752561000000003,0.8125,1.0,0.1875,0.0,0.0,0.0,0.0,0.0,0.0,0.0,0.0,0.0,1,1,0,0.9174186249999999,0.9124006979999999,-0.005017927000000033
104,0.8627667,0.8698034,0.007036700000000007,0.91109514,0.8622192,-0.04887594000000006,0.75,0.8875,0.13749999999999996,0.0,0.0,0.0,0.0,0.0,0.0,0.0,0.0,0.0,1,1,0,0.862766598,0.8698034399999999,0.007036841999999877
105,1.0,1.0,0.0,1.0,1.0,0.0,1.0,1.0,0.0,0.0,0.0,0.0,0.0,0.0,0.0,0.0,0.0,0.0,1,1,0,1.0,1.0,0.0
106,0.8085991,0.98668116,0.17808205999999993,0.7265702,0.9809732,0.25440299999999993,1.0,1.0,0.0,0.0,0.0,0.0,0.0,0.0,0.0,0.0,0.0,0.0,1,1,0,0.8085991400000001,0.98668124,0.1780820999999999
107,0.92125,1.0,0.07874999999999999,1.0,1.0,0.0,0.7375,1.0,0.26249999999999996,0.0,0.0,0.0,0.0,0.0,0.0,0.0,0.0,0.0,1,1,0,0.9212499999999999,1.0,0.0787500000000001
108,1.0,1.0,0.0,1.0,1.0,0.0,1.0,1.0,0.0,0.0,0.0,0.0,0.0,0.0,0.0,0.0,0.0,0.0,1,1,0,1.0,1.0,0.0
109,0.96625006,0.9322168,-0.034033260000000065,1.0,0.90316695,-0.09683304999999998,0.8875,1.0,0.11250000000000004,0.0,0.0,0.0,0.0,0.0,0.0,0.0,0.0,0.0,1,1,0,0.9662499999999999,0.932216865,-0.03403313499999994
110,0.8660906,0.9731657,0.10707509999999998,0.80870074,0.9616652,0.15296445999999997,1.0,1.0,0.0,0.0,0.0,0.0,0.0,0.0,0.0,0.0,0.0,0.0,1,1,0,0.866090518,0.9731656399999999,0.10707512199999991
111,1.0,1.0,0.0,1.0,1.0,0.0,1.0,1.0,0.0,0.0,0.0,0.0,0.0,0.0,0.0,0.0,0.0,0.0,1,1,0,1.0,1.0,0.0
112,0.0,0.0,0.0,1.0,1.0,0.0,1.0,1.0,0.0,1.0,1.0,0.0,1.0,1.0,0.0,0.0,0.0,0.0,0,0,0,1.0,1.0,0.0
113,0.7999398,0.834836,0.034896200000000044,0.87491405,0.81226575,-0.06264829999999999,0.625,0.8875,0.26249999999999996,0.0,0.0,0.0,0.0,0.0,0.0,0.0,0.0,0.0,1,1,0,0.799939835,0.834836025,0.034896189999999994
114,0.9117323,0.90048236,-0.011249940000000014,0.9328319,0.9328319,0.0,0.8625,0.825,-0.03750000000000009,0.0,0.0,0.0,0.0,0.0,0.0,0.0,0.0,0.0,1,1,0,0.91173233,0.9004823299999999,-0.011250000000000093
115,0.7530739,0.874673,0.12159910000000007,0.7865341,0.8209614,0.03442729999999994,0.675,1.0,0.32499999999999996,0.0,0.0,0.0,0.0,0.0,0.0,0.0,0.0,0.0,1,1,0,0.75307387,0.8746729799999999,0.1215991099999999
116,0.92028946,0.86709404,-0.05319541999999999,0.8861277,0.81013435,-0.07599334999999996,1.0,1.0,0.0,0.0,0.0,0.0,0.0,0.0,0.0,0.0,0.0,0.0,1,1,0,0.92028939,0.867094045,-0.053195345000000005
117,0.91760725,0.9213371,0.0037298500000000345,0.96265316,0.88762444,-0.07502872000000005,0.8125,1.0,0.1875,0.0,0.0,0.0,0.0,0.0,0.0,0.0,0.0,0.0,1,1,0,0.917607212,0.9213371079999999,0.003729895999999955
118,0.9907837,0.8982746,-0.09250910000000001,0.98683393,0.8546781,-0.13215582999999997,1.0,1.0,0.0,0.0,0.0,0.0,0.0,0.0,0.0,0.0,0.0,0.0,1,1,0,0.9907837509999999,0.8982746699999999,-0.09250908099999999
119,0.87624997,0.9175,0.04125002999999994,1.0,1.0,0.0,0.58750004,0.725,0.13749995999999998,0.0,0.0,0.0,0.0,0.0,0.0,0.0,0.0,0.0,1,1,0,0.876250012,0.9175,0.041249988000000015
120,0.8730979,0.9906866,0.11758869999999999,0.8187113,0.9866952,0.16798389999999996,1.0,1.0,0.0,0.0,0.0,0.0,0.0,0.0,0.0,0.0,0.0,0.0,1,1,0,0.87309791,0.9906866399999998,0.11758872999999981
121,0.97749996,1.0,0.022500040000000054,1.0,1.0,0.0,0.925,1.0,0.07499999999999996,0.0,0.0,0.0,0.0,0.0,0.0,0.0,0.0,0.0,1,1,0,0.9775,1.0,0.022499999999999964
122,1.0,1.0,0.0,1.0,1.0,0.0,1.0,1.0,0.0,0.0,0.0,0.0,0.0,0.0,0.0,0.0,0.0,0.0,1,1,0,1.0,1.0,0.0
123,0.77125,1.0,0.22875,1.0,1.0,0.0,0.2375,1.0,0.7625,0.0,0.0,0.0,0.0,0.0,0.0,0.0,0.0,0.0,1,1,0,0.77125,1.0,0.22875
124,0.78892154,0.8897926,0.10087106000000001,0.78953075,0.88541806,0.09588731000000006,0.7875,0.90000004,0.11250004000000002,0.0,0.0,0.0,0.0,0.0,0.0,0.0,0.0,0.0,1,1,0,0.7889215249999999,0.889792654,0.10087112900000006
125,0.9032101,0.9450226,0.04181250000000003,0.8617286,0.9214609,0.05973230000000007,1.0,1.0,0.0,0.0,0.0,0.0,0.0,0.0,0.0,0.0,0.0,0.0,1,1,0,0.90321002,0.94502263,0.04181261000000003
126,1.0,1.0,0.0,1.0,1.0,0.0,1.0,1.0,0.0,0.0,0.0,0.0,0.0,0.0,0.0,0.0,0.0,0.0,1,1,0,1.0,1.0,0.0
127,0.96624994,0.96624994,0.0,0.99999994,0.99999994,0.0,0.8875,0.8875,0.0,0.0,0.0,0.0,0.0,0.0,0.0,0.0,0.0,0.0,1,1,0,0.966249958,0.966249958,0.0
128,0.7031985,0.97749996,0.27430146,0.84385496,0.99999994,0.15614498,0.375,0.925,0.55,0.0,0.0,0.0,0.0,0.0,0.0,0.0,0.0,0.0,1,1,0,0.703198472,0.9774999580000001,0.27430148600000015
129,0.92701167,0.9382618,0.01125013000000008,0.94394535,0.94394535,0.0,0.8875,0.925,0.03750000000000009,0.0,0.0,0.0,0.0,0.0,0.0,0.0,0.0,0.0,1,1,0,0.9270117449999999,0.9382617449999999,0.011249999999999982
130,0.84961236,0.9115715,0.061959140000000024,0.7851605,0.87367356,0.08851305999999992,1.0,1.0,0.0,0.0,0.0,0.0,0.0,0.0,0.0,0.0,0.0,0.0,1,1,0,0.8496123499999999,0.911571492,0.06195914200000008
131,0.32603914,0.3886721,0.06263296000000002,0.08541305,0.12667443,0.04126138,0.8875,1.0,0.11250000000000004,0.0,0.0,0.0,0.0,0.0,0.0,0.0,0.0,0.0,1,1,0,0.326039135,0.388672101,0.06263296600000001
132,0.9455848,0.99808484,0.05250003999999997,0.99726397,0.99726397,0.0,0.825,1.0,0.17500000000000004,0.0,0.0,0.0,0.0,0.0,0.0,0.0,0.0,0.0,1,1,0,0.9455847789999999,0.998084779,0.0525000000000001
133,0.0,0.0,0.0,0.07569129,0.10882701,0.03313572000000001,0.0,1.0,1.0,1.0,1.0,0.0,1.0,1.0,0.0,0.0,0.0,0.0,0,0,0,0.05298390299999999,0.376178907,0.323195004
134,1.0,1.0,0.0,1.0,1.0,0.0,1.0,1.0,0.0,0.0,0.0,0.0,0.0,0.0,0.0,0.0,0.0,0.0,1,1,0,1.0,1.0,0.0
135,0.8798968,0.8388611,-0.04103570000000001,0.88199544,0.8180158,-0.06397964,0.875,0.8875,0.012499999999999956,0.0,0.0,0.0,0.0,0.0,0.0,0.0,0.0,0.0,1,1,0,0.879896808,0.8388610599999999,-0.041035748000000094
136,0.8737661,0.9122779,0.038511799999999985,0.900023,0.87468266,-0.025340340000000072,0.8125,1.0,0.1875,0.0,0.0,0.0,0.0,0.0,0.0,0.0,0.0,0.0,1,1,0,0.8737661,0.9122778619999998,0.03851176199999984
137,1.0,0.96250004,-0.03749996,0.99999994,0.99999994,0.0,1.0,0.875,-0.125,0.0,0.0,0.0,0.0,0.0,0.0,0.0,0.0,0.0,1,1,0,0.9999999580000001,0.962499958,-0.03750000000000009
138,0.84167176,1.0,0.15832824,0.7738169,1.0,0.22618309999999997,1.0,1.0,0.0,0.0,0.0,0.0,0.0,0.0,0.0,0.0,0.0,0.0,1,1,0,0.8416718299999999,1.0,0.1583281700000001
139,0.8915748,0.8915748,0.0,0.84510684,0.84510684,0.0,1.0,1.0,0.0,0.0,0.0,0.0,0.0,0.0,0.0,0.0,0.0,0.0,1,1,0,0.891574788,0.891574788,0.0
140,0.0,0.0,0.0,1.0,1.0,0.0,0.0,1.0,1.0,1.0,1.0,0.0,1.0,1.0,0.0,0.0,0.0,0.0,0,0,0,0.7,1.0,0.30000000000000004
141,0.94375,0.9115693,-0.03218069999999995,1.0,0.92724186,-0.07275814000000003,0.8125,0.875,0.0625,0.0,0.0,0.0,0.0,0.0,0.0,0.0,0.0,0.0,1,1,0,0.94375,0.911569302,-0.03218069800000001
142,0.8575,0.91749996,0.05999995999999996,0.99999994,0.99999994,0.0,0.52500004,0.725,0.19999995999999998,0.0,0.0,0.0,0.0,0.0,0.0,0.0,0.0,0.0,1,1,0,0.85749997,0.9174999580000001,0.05999998800000006
143,0.95500004,1.0,0.04499995999999995,1.0,1.0,0.0,0.85,1.0,0.15000000000000002,0.0,0.0,0.0,0.0,0.0,0.0,0.0,0.0,0.0,1,1,0,0.955,1.0,0.04500000000000004
144,0.96250004,0.95125,-0.011250039999999961,1.0,1.0,0.0,0.875,0.83750004,-0.03749996,0.0,0.0,0.0,0.0,0.0,0.0,0.0,0.0,0.0,1,1,0,0.9624999999999999,0.9512500119999999,-0.011249987999999989
145,0.6520986,0.868351,0.2162524,0.6369266,0.8119299,0.17500329999999997,0.6875,1.0,0.3125,0.0,0.0,0.0,0.0,0.0,0.0,0.0,0.0,0.0,1,1,0,0.65209862,0.8683509299999999,0.2162523099999999
146,0.80263805,0.9106967,0.10805865000000003,0.79841155,0.8724239,0.07401235000000006,0.8125,1.0,0.1875,0.0,0.0,0.0,0.0,0.0,0.0,0.0,0.0,0.0,1,1,0,0.802638085,0.91069673,0.10805864499999995
147,0.84707165,0.9062649,0.059193250000000086,0.8297452,0.86609274,0.03634754000000007,0.8875,1.0,0.11250000000000004,0.0,0.0,0.0,0.0,0.0,0.0,0.0,0.0,0.0,1,1,0,0.8470716399999999,0.906264918,0.05919327800000007
148,1.0,1.0,0.0,1.0,1.0,0.0,1.0,1.0,0.0,0.0,0.0,0.0,0.0,0.0,0.0,0.0,0.0,0.0,1,1,0,1.0,1.0,0.0
149,0.9071207,0.88860554,-0.018515159999999975,0.86731535,0.84086496,-0.026450390000000046,1.0,1.0,0.0,0.0,0.0,0.0,0.0,0.0,0.0,0.0,0.0,0.0,1,1,0,0.9071207450000001,0.8886054719999998,-0.01851527300000022
150,0.770503,0.9288811,0.15837809999999997,0.8114328,0.8984016,0.08696880000000007,0.675,1.0,0.32499999999999996,0.0,0.0,0.0,0.0,0.0,0.0,0.0,0.0,0.0,1,1,0,0.77050296,0.92888112,0.15837816000000005
151,0.9398591,0.9209679,-0.018891199999999997,0.96229875,0.887097,-0.07520174999999996,0.8875,1.0,0.11250000000000004,0.0,0.0,0.0,0.0,0.0,0.0,0.0,0.0,0.0,1,1,0,0.9398591249999999,0.9209679,-0.018891224999999956
152,0.870001,0.97749996,0.10749895999999992,0.9750014,1.0,0.024998599999999982,0.625,0.925,0.30000000000000004,0.0,0.0,0.0,0.0,0.0,0.0,0.0,0.0,0.0,1,1,0,0.8700009799999999,0.9775,0.10749902000000011
153,0.89874995,0.96624994,0.06749998999999995,0.99999994,0.99999994,0.0,0.6625,0.8875,0.22499999999999998,0.0,0.0,0.0,0.0,0.0,0.0,0.0,0.0,0.0,1,1,0,0.898749958,0.966249958,0.0675
154,1.0,1.0,0.0,1.0,1.0,0.0,1.0,1.0,0.0,0.0,0.0,0.0,0.0,0.0,0.0,0.0,0.0,0.0,1,1,0,1.0,1.0,0.0
155,0.9925,0.93757915,-0.05492085000000002,1.0,0.9108273,-0.0891727,0.975,1.0,0.025000000000000022,0.0,0.0,0.0,0.0,0.0,0.0,0.0,0.0,0.0,1,1,0,0.9924999999999999,0.9375791099999999,-0.05492089
156,0.9740538,0.9327404,-0.041313399999999945,0.96293396,0.90391487,-0.05901908999999994,1.0,1.0,0.0,0.0,0.0,0.0,0.0,0.0,0.0,0.0,0.0,0.0,1,1,0,0.974053772,0.932740409,-0.04131336299999999
157,0.95874995,0.91876715,-0.039982799999999985,1.0,0.9375245,-0.06247550000000002,0.8625,0.875,0.012499999999999956,0.0,0.0,0.0,0.0,0.0,0.0,0.0,0.0,0.0,1,1,0,0.95875,0.9187671499999999,-0.039982850000000125
158,0.7819406,0.0,-0.7819406,0.79027224,0.10361835,-0.68665389,0.7625,1.0,0.23750000000000004,0.0,1.0,1.0,0.0,1.0,1.0,0.0,0.0,0.0,1,0,-1,0.7819405679999999,0.372532845,-0.4094077229999999
159,0.95125,0.94750005,-0.003749950000000002,1.0,1.0,0.0,0.83750004,0.825,-0.012500040000000046,0.0,0.0,0.0,0.0,0.0,0.0,0.0,0.0,0.0,1,1,0,0.9512500119999999,0.9474999999999999,-0.0037500120000000248
160,0.8283674,0.85224277,0.023875370000000062,0.8030248,0.78891826,-0.01410654,0.8875,1.0,0.11250000000000004,0.0,0.0,0.0,0.0,0.0,0.0,0.0,0.0,0.0,1,1,0,0.8283673599999999,0.852242782,0.023875422000000146
161,0.90993565,0.91243553,0.00249988000000001,0.96240807,0.874908,-0.08750006999999993,0.7875,1.0,0.21250000000000002,0.0,0.0,0.0,0.0,0.0,0.0,0.0,0.0,0.0,1,1,0,0.9099356489999999,0.9124356,0.0024999510000001113
162,0.7423709,0.76550716,0.02313626000000002,0.80874413,0.7453674,-0.06337672999999999,0.58750004,0.8125,0.22499996,0.0,0.0,0.0,0.0,0.0,0.0,0.0,0.0,0.0,1,1,0,0.742370903,0.76550718,0.023136276999999983
163,0.97749996,1.0,0.022500040000000054,1.0,1.0,0.0,0.925,1.0,0.07499999999999996,0.0,0.0,0.0,0.0,0.0,0.0,0.0,0.0,0.0,1,1,0,0.9775,1.0,0.022499999999999964
164,0.72408813,0.8091118,0.08502367,0.7076259,0.7594455,0.051819599999999966,0.7625,0.925,0.1625000000000001,0.0,0.0,0.0,0.0,0.0,0.0,0.0,0.0,0.0,1,1,0,0.7240881299999999,0.8091118500000001,0.08502372000000014
165,1.0,1.0,0.0,1.0,1.0,0.0,1.0,1.0,0.0,0.0,0.0,0.0,0.0,0.0,0.0,0.0,0.0,0.0,1,1,0,1.0,1.0,0.0
166,0.96625006,0.95582926,-0.010420800000000008,1.0,0.936899,-0.06310099999999996,0.8875,1.0,0.11250000000000004,0.0,0.0,0.0,0.0,0.0,0.0,0.0,0.0,0.0,1,1,0,0.9662499999999999,0.9558293,-0.01042069999999995
167,0.84625,0.9175,0.07125000000000004,1.0,1.0,0.0,0.4875,0.725,0.2375,0.0,0.0,0.0,0.0,0.0,0.0,0.0,0.0,0.0,1,1,0,0.84625,0.9175,0.07125000000000004
168,0.87802887,0.89979726,0.021768390000000082,0.87396973,0.888996,0.015026270000000008,0.8875,0.925,0.03750000000000009,0.0,0.0,0.0,0.0,0.0,0.0,0.0,0.0,0.0,1,1,0,0.878028811,0.8997972000000001,0.02176838900000011
169,0.85728407,0.87051374,0.013229670000000082,0.8282629,0.8150196,-0.013243300000000069,0.925,1.0,0.07499999999999996,0.0,0.0,0.0,0.0,0.0,0.0,0.0,0.0,0.0,1,1,0,0.85728403,0.8705137199999999,0.01322968999999996
170,0.89394724,0.92159766,0.027650419999999953,0.95028186,0.8879966,-0.06228526000000001,0.7625,1.0,0.23750000000000004,0.0,0.0,0.0,0.0,0.0,0.0,0.0,0.0,0.0,1,1,0,0.8939473019999999,0.92159762,0.027650318000000063
171,0.88368493,0.9691376,0.08545267000000001,0.88204986,0.95591074,0.07386088000000002,0.8875,1.0,0.11250000000000004,0.0,0.0,0.0,0.0,0.0,0.0,0.0,0.0,0.0,1,1,0,0.8836849019999999,0.9691375179999999,0.08545261599999998
172,0.88640136,0.8757672,-0.010634160000000059,0.88593054,0.82252455,-0.06340599000000002,0.8875,1.0,0.11250000000000004,0.0,0.0,0.0,0.0,0.0,0.0,0.0,0.0,0.0,1,1,0,0.886401378,0.875767185,-0.010634193000000014
173,0.8291256,0.90540427,0.07627866999999999,0.80410796,0.8648632,0.0607552400000001,0.8875,1.0,0.11250000000000004,0.0,0.0,0.0,0.0,0.0,0.0,0.0,0.0,0.0,1,1,0,0.8291255719999999,0.90540424,0.07627866800000005
174,0.96625006,1.0,0.03374993999999998,1.0,1.0,0.0,0.8875,1.0,0.11250000000000004,0.0,0.0,0.0,0.0,0.0,0.0,0.0,0.0,0.0,1,1,0,0.9662499999999999,1.0,0.03375000000000006
175,0.94,1.0,0.06000000000000005,0.99999994,0.99999994,0.0,0.8,1.0,0.19999999999999996,0.0,0.0,0.0,0.0,0.0,0.0,0.0,0.0,0.0,1,1,0,0.939999958,0.9999999580000001,0.06000000000000005
176,1.0,1.0,0.0,1.0,1.0,0.0,1.0,1.0,0.0,0.0,0.0,0.0,0.0,0.0,0.0,0.0,0.0,0.0,1,1,0,1.0,1.0,0.0
177,0.7935026,0.8012043,0.0077017000000000335,0.75321805,0.7160062,-0.037211849999999935,0.8875,1.0,0.11250000000000004,0.0,0.0,0.0,0.0,0.0,0.0,0.0,0.0,0.0,1,1,0,0.793502635,0.80120434,0.007701705000000003
178,0.9020495,0.8812559,-0.020793599999999968,0.9082849,0.83036554,-0.07791936,0.8875,1.0,0.11250000000000004,0.0,0.0,0.0,0.0,0.0,0.0,0.0,0.0,0.0,1,1,0,0.9020494299999999,0.8812558779999999,-0.020793551999999993
179,0.7894491,0.83593017,0.04648107000000001,0.7527844,0.7656145,0.012830099999999955,0.875,1.0,0.125,0.0,0.0,0.0,0.0,0.0,0.0,0.0,0.0,0.0,1,1,0,0.78944908,0.83593015,0.04648107000000001
180,0.8653076,0.92873937,0.06343177,0.80758226,0.8981991,0.09061684000000003,1.0,1.0,0.0,0.0,0.0,0.0,0.0,0.0,0.0,0.0,0.0,0.0,1,1,0,0.865307582,0.92873937,0.06343178799999993
181,1.0,1.0,0.0,1.0,1.0,0.0,1.0,1.0,0.0,0.0,0.0,0.0,0.0,0.0,0.0,0.0,0.0,0.0,1,1,0,1.0,1.0,0.0
182,1.0,1.0,0.0,1.0,1.0,0.0,1.0,1.0,0.0,0.0,0.0,0.0,0.0,0.0,0.0,0.0,0.0,0.0,1,1,0,1.0,1.0,0.0
183,0.71906304,0.7844171,0.06535405999999999,0.8343758,0.78309584,-0.05127996000000001,0.45000002,0.7875,0.33749998,0.0,0.0,0.0,0.0,0.0,0.0,0.0,0.0,0.0,1,1,0,0.7190630659999999,0.7844170879999999,0.06535402199999996
184,0.88318425,0.9552069,0.07202264999999997,0.98847747,0.9360098,-0.052467669999999966,0.6375,1.0,0.36250000000000004,0.0,0.0,0.0,0.0,0.0,0.0,0.0,0.0,0.0,1,1,0,0.8831842289999998,0.9552068599999999,0.07202263100000006
185,0.9179706,0.97607005,0.05809945000000005,0.8828151,0.96581423,0.08299913000000003,1.0,1.0,0.0,0.0,0.0,0.0,0.0,0.0,0.0,0.0,0.0,0.0,1,1,0,0.9179705699999998,0.9760699609999999,0.058099391000000056
186,0.9099312,0.92490256,0.014971359999999989,0.9195445,0.94628936,0.02674485999999998,0.8875,0.875,-0.012499999999999956,0.0,0.0,0.0,0.0,0.0,0.0,0.0,0.0,0.0,1,1,0,0.9099311499999999,0.924902552,0.014971402000000134
187,0.8651146,0.9565776,0.09146300000000007,0.8073066,0.93796796,0.13066136000000006,1.0,1.0,0.0,0.0,0.0,0.0,0.0,0.0,0.0,0.0,0.0,0.0,1,1,0,0.86511462,0.956577572,0.0914629520000001
188,0.9483528,1.0,0.051647200000000004,0.9262184,0.99999994,0.07378154000000003,1.0,1.0,0.0,0.0,0.0,0.0,0.0,0.0,0.0,0.0,0.0,0.0,1,1,0,0.9483528799999998,0.9999999580000001,0.051647078000000235
189,1.0,1.0,0.0,1.0,1.0,0.0,1.0,1.0,0.0,0.0,0.0,0.0,0.0,0.0,0.0,0.0,0.0,0.0,1,1,0,1.0,1.0,0.0
190,1.0,1.0,0.0,1.0,1.0,0.0,1.0,1.0,0.0,0.0,0.0,0.0,0.0,0.0,0.0,0.0,0.0,0.0,1,1,0,1.0,1.0,0.0
191,0.85826844,1.0,0.14173155999999998,0.85109776,1.0000001,0.14890234000000002,0.875,1.0,0.125,0.0,0.0,0.0,0.0,0.0,0.0,0.0,0.0,0.0,1,1,0,0.858268432,1.00000007,0.141731638
192,0.95500004,1.0,0.04499995999999995,1.0,1.0,0.0,0.85,1.0,0.15000000000000002,0.0,0.0,0.0,0.0,0.0,0.0,0.0,0.0,0.0,1,1,0,0.955,1.0,0.04500000000000004
193,1.0,1.0,0.0,1.0,1.0,0.0,1.0,1.0,0.0,0.0,0.0,0.0,0.0,0.0,0.0,0.0,0.0,0.0,1,1,0,1.0,1.0,0.0
194,0.9500925,0.92035687,-0.029735630000000013,0.9501321,0.88622403,-0.06390806999999998,0.95,1.0,0.050000000000000044,0.0,0.0,0.0,0.0,0.0,0.0,0.0,0.0,0.0,1,1,0,0.95009247,0.9203568209999999,-0.02973564900000003
195,0.925,0.94375,0.018749999999999933,1.0,1.0,0.0,0.75,0.8125,0.0625,0.0,0.0,0.0,0.0,0.0,0.0,0.0,0.0,0.0,1,1,0,0.9249999999999999,0.94375,0.018750000000000044
196,1.0,1.0,0.0,1.0,1.0,0.0,1.0,1.0,0.0,0.0,0.0,0.0,0.0,0.0,0.0,0.0,0.0,0.0,1,1,0,1.0,1.0,0.0
197,0.86918145,0.94514143,0.07595997999999993,0.8131164,0.9216306,0.1085142,1.0,1.0,0.0,0.0,0.0,0.0,0.0,0.0,0.0,0.0,0.0,0.0,1,1,0,0.86918148,0.9451414199999999,0.07595993999999995
198,0.95730764,0.93425906,-0.023048579999999985,0.9872252,0.9060844,-0.08114080000000001,0.8875,1.0,0.11250000000000004,0.0,0.0,0.0,0.0,0.0,0.0,0.0,0.0,0.0,1,1,0,0.95730764,0.9342590799999999,-0.023048560000000107
199,0.9256858,1.0,0.0743142,0.89383686,1.0,0.10616314000000004,1.0,1.0,0.0,0.0,0.0,0.0,0.0,0.0,0.0,0.0,0.0,0.0,1,1,0,0.9256858019999998,1.0,0.07431419800000016
200,1.0,1.0,0.0,1.0,1.0,0.0,1.0,1.0,0.0,0.0,0.0,0.0,0.0,0.0,0.0,0.0,0.0,0.0,1,1,0,1.0,1.0,0.0
201,0.90433997,1.0,0.09566003000000001,0.9704857,1.0,0.029514299999999993,0.75,1.0,0.25,0.0,0.0,0.0,0.0,0.0,0.0,0.0,0.0,0.0,1,1,0,0.90433999,1.0,0.09566001000000002
202,0.93078274,0.92023146,-0.010551280000000052,0.9493324,0.886045,-0.0632874,0.8875,1.0,0.11250000000000004,0.0,0.0,0.0,0.0,0.0,0.0,0.0,0.0,0.0,1,1,0,0.93078268,0.9202314999999999,-0.010551180000000104
203,0.9233368,0.9299227,0.006585900000000033,0.93869543,0.8998896,-0.03880583000000004,0.8875,1.0,0.11250000000000004,0.0,0.0,0.0,0.0,0.0,0.0,0.0,0.0,0.0,1,1,0,0.9233368009999999,0.92992272,0.006585919000000051
204,1.0,1.0,0.0,1.0,1.0,0.0,1.0,1.0,0.0,0.0,0.0,0.0,0.0,0.0,0.0,0.0,0.0,0.0,1,1,0,1.0,1.0,0.0
205,0.9300122,0.89506453,-0.034947669999999986,0.9000175,0.8500922,-0.04992530000000006,1.0,1.0,0.0,0.0,0.0,0.0,0.0,0.0,0.0,0.0,0.0,0.0,1,1,0,0.9300122499999999,0.8950645399999999,-0.034947709999999965
206,0.63877356,0.81098574,0.17221218000000005,0.82681936,0.81569386,-0.01112550000000001,0.2,0.8,0.6000000000000001,0.0,0.0,0.0,0.0,0.0,0.0,0.0,0.0,0.0,1,1,0,0.638773552,0.810985702,0.17221215
207,1.0,1.0,0.0,1.0,1.0,0.0,1.0,1.0,0.0,0.0,0.0,0.0,0.0,0.0,0.0,0.0,0.0,0.0,1,1,0,1.0,1.0,0.0
208,0.8686825,0.9126738,0.043991299999999955,0.8124036,0.87524813,0.06284453000000001,1.0,1.0,0.0,0.0,0.0,0.0,0.0,0.0,0.0,0.0,0.0,0.0,1,1,0,0.8686825199999999,0.912673691,0.04399117100000005
209,0.8706768,0.9352493,0.06457249999999992,0.8152526,0.9074991,0.09224650000000001,1.0,1.0,0.0,0.0,0.0,0.0,0.0,0.0,0.0,0.0,0.0,0.0,1,1,0,0.8706768199999999,0.93524937,0.06457255000000006
210,0.95874995,0.96250004,0.0037500900000000392,1.0,1.0,0.0,0.8625,0.875,0.012499999999999956,0.0,0.0,0.0,0.0,0.0,0.0,0.0,0.0,0.0,1,1,0,0.95875,0.9624999999999999,0.00374999999999992
211,0.8472829,0.77455133,-0.07273156999999997,0.8568327,0.72614473,-0.13068797,0.825,0.8875,0.0625,0.0,0.0,0.0,0.0,0.0,0.0,0.0,0.0,0.0,1,1,0,0.8472828899999999,0.774551311,-0.07273157899999994
212,1.0,1.0,0.0,1.0,1.0,0.0,1.0,1.0,0.0,0.0,0.0,0.0,0.0,0.0,0.0,0.0,0.0,0.0,1,1,0,1.0,1.0,0.0
213,0.91656333,0.9825837,0.06602036999999994,0.9129476,0.9751196,0.062172000000000005,0.925,1.0,0.07499999999999996,0.0,0.0,0.0,0.0,0.0,0.0,0.0,0.0,0.0,1,1,0,0.9165633200000001,0.9825837199999998,0.06602039999999976
214,0.78756416,0.8688297,0.08126554000000008,0.82509166,0.81261384,-0.012477819999999973,0.7,1.0,0.30000000000000004,0.0,0.0,0.0,0.0,0.0,0.0,0.0,0.0,0.0,1,1,0,0.7875641619999999,0.8688296879999999,0.08126552600000003
215,0.85920966,0.8988535,0.039643839999999986,0.8310137,0.85550493,0.024491230000000086,0.925,1.0,0.07499999999999996,0.0,0.0,0.0,0.0,0.0,0.0,0.0,0.0,0.0,1,1,0,0.8592095899999999,0.8988534509999999,0.03964386100000006
216,1.0,1.0,0.0,1.0,1.0,0.0,1.0,1.0,0.0,0.0,0.0,0.0,0.0,0.0,0.0,0.0,0.0,0.0,1,1,0,1.0,1.0,0.0
217,1.0,1.0,0.0,1.0,1.0,0.0,1.0,1.0,0.0,0.0,0.0,0.0,0.0,0.0,0.0,0.0,0.0,0.0,1,1,0,1.0,1.0,0.0
218,0.92875004,0.91,-0.018750040000000023,1.0,1.0,0.0,0.7625,0.7,-0.0625,0.0,0.0,0.0,0.0,0.0,0.0,0.0,0.0,0.0,1,1,0,0.92875,0.9099999999999999,-0.018750000000000044
219,0.95874995,1.0,0.04125005000000004,1.0,1.0,0.0,0.8625,1.0,0.13749999999999996,0.0,0.0,0.0,0.0,0.0,0.0,0.0,0.0,0.0,1,1,0,0.95875,1.0,0.04125000000000001
220,0.86875004,0.94,0.07124995999999995,0.99999994,0.99999994,0.0,0.5625,0.8,0.23750000000000004,0.0,0.0,0.0,0.0,0.0,0.0,0.0,0.0,0.0,1,1,0,0.868749958,0.939999958,0.07125000000000004
221,1.0,0.9477095,-0.05229050000000002,1.0,0.92529917,-0.07470083000000005,1.0,1.0,0.0,0.0,0.0,0.0,0.0,0.0,0.0,0.0,0.0,0.0,1,1,0,1.0,0.9477094189999999,-0.05229058100000006
222,0.9808712,1.0,0.019128799999999946,0.97267324,1.0,0.027326760000000005,1.0,1.0,0.0,0.0,0.0,0.0,0.0,0.0,0.0,0.0,0.0,0.0,1,1,0,0.980871268,1.0,0.01912873199999998
223,0.96250004,0.95125,-0.011250039999999961,1.0,1.0,0.0,0.875,0.83750004,-0.03749996,0.0,0.0,0.0,0.0,0.0,0.0,0.0,0.0,0.0,1,1,0,0.9624999999999999,0.9512500119999999,-0.011249987999999989
224,0.91356415,0.9468126,0.033248449999999985,0.92473435,0.9722324,0.04749804999999996,0.8875,0.8875,0.0,0.0,0.0,0.0,0.0,0.0,0.0,0.0,0.0,0.0,1,1,0,0.913564045,0.94681268,0.03324863499999997
225,0.94097024,0.99161017,0.05063993,0.96388614,0.9880145,0.02412836000000007,0.8875,1.0,0.11250000000000004,0.0,0.0,0.0,0.0,0.0,0.0,0.0,0.0,0.0,1,1,0,0.9409702979999999,0.9916101499999999,0.050639851999999985
226,1.0,1.0,0.0,1.0,1.0,0.0,1.0,1.0,0.0,0.0,0.0,0.0,0.0,0.0,0.0,0.0,0.0,0.0,1,1,0,1.0,1.0,0.0
227,1.0,1.0,0.0,1.0,1.0,0.0,1.0,1.0,0.0,0.0,0.0,0.0,0.0,0.0,0.0,0.0,0.0,0.0,1,1,0,1.0,1.0,0.0
228,0.9436526,0.95099527,0.007342669999999996,0.98914653,0.97820747,-0.01093906,0.83750004,0.8875,0.049999959999999954,0.0,0.0,0.0,0.0,0.0,0.0,0.0,0.0,0.0,1,1,0,0.9436525829999999,0.9509952289999999,0.007342646000000008
229,0.8638615,0.9267845,0.06292300000000006,0.8055164,0.8954065,0.08989009999999997,1.0,1.0,0.0,0.0,0.0,0.0,0.0,0.0,0.0,0.0,0.0,0.0,1,1,0,0.86386148,0.92678455,0.06292307000000008
230,1.0,1.0,0.0,1.0,1.0,0.0,1.0,1.0,0.0,0.0,0.0,0.0,0.0,0.0,0.0,0.0,0.0,0.0,1,1,0,1.0,1.0,0.0
231,0.0,0.0,0.0,0.012157979,0.6928565,0.680698521,0.0,0.83606553,0.83606553,1.0,1.0,0.0,1.0,1.0,0.0,0.0,0.0,0.0,0,0,0,0.008510585299999998,0.735819209,0.7273086236999999
232,0.96625006,0.92761195,-0.03863811000000006,1.0,0.9501599,-0.049840100000000054,0.8875,0.875,-0.012499999999999956,0.0,0.0,0.0,0.0,0.0,0.0,0.0,0.0,0.0,1,1,0,0.9662499999999999,0.9276119299999999,-0.03863807000000008
233,0.97375005,1.0,0.026249949999999966,1.0,1.0,0.0,0.9125,1.0,0.08750000000000002,0.0,0.0,0.0,0.0,0.0,0.0,0.0,0.0,0.0,1,1,0,0.9737499999999999,1.0,0.026250000000000107
234,0.8116892,0.902709,0.09101979999999998,0.77919877,0.8610128,0.08181402999999998,0.8875,1.0,0.11250000000000004,0.0,0.0,0.0,0.0,0.0,0.0,0.0,0.0,0.0,1,1,0,0.811689139,0.90270896,0.09101982100000006
235,0.9292564,0.90047455,-0.028781849999999998,0.94715196,0.8578207,-0.08933126000000002,0.8875,1.0,0.11250000000000004,0.0,0.0,0.0,0.0,0.0,0.0,0.0,0.0,0.0,1,1,0,0.929256372,0.9004744899999999,-0.028781882000000092
236,0.79005045,0.895648,0.10559755000000004,0.8393578,0.8509258,0.011567999999999912,0.675,1.0,0.32499999999999996,0.0,0.0,0.0,0.0,0.0,0.0,0.0,0.0,0.0,1,1,0,0.79005046,0.8956480599999999,0.10559759999999985
237,0.9301905,0.95575565,0.025565149999999925,0.92705786,0.96357936,0.036521499999999985,0.9375,0.9375,0.0,0.0,0.0,0.0,0.0,0.0,0.0,0.0,0.0,0.0,1,1,0,0.930190502,0.955755552,0.025565049999999978
238,1.0,1.0,0.0,1.0,1.0,0.0,1.0,1.0,0.0,0.0,0.0,0.0,0.0,0.0,0.0,0.0,0.0,0.0,1,1,0,1.0,1.0,0.0
239,0.79119635,0.8249464,0.033750049999999976,0.74992335,0.74992335,0.0,0.8875,1.0,0.11250000000000004,0.0,0.0,0.0,0.0,0.0,0.0,0.0,0.0,0.0,1,1,0,0.7911963449999999,0.8249463449999999,0.03374999999999995
240,0.95746326,0.9436591,-0.013804160000000065,0.9874475,0.9623702,-0.02507730000000008,0.8875,0.90000004,0.012500040000000046,0.0,0.0,0.0,0.0,0.0,0.0,0.0,0.0,0.0,1,1,0,0.95746325,0.943659152,-0.013804098000000042
241,0.78634804,0.81391495,0.02756691,0.85014004,0.78773564,-0.062404400000000027,0.6375,0.875,0.23750000000000004,0.0,0.0,0.0,0.0,0.0,0.0,0.0,0.0,0.0,1,1,0,0.7863480279999999,0.8139149479999999,0.02756691999999994
242,0.8183422,0.8774576,0.05911539999999993,0.78870314,0.8249394,0.03623626000000002,0.8875,1.0,0.11250000000000004,0.0,0.0,0.0,0.0,0.0,0.0,0.0,0.0,0.0,1,1,0,0.818342198,0.87745758,0.059115381999999994
243,0.9444515,0.95125,0.006798500000000041,0.920645,1.0,0.07935499999999995,1.0,0.83750004,-0.16249996,0.0,0.0,0.0,0.0,0.0,0.0,0.0,0.0,0.0,1,1,0,0.9444515,0.9512500119999999,0.006798511999999923
244,0.9388229,0.92901784,-0.009805060000000032,0.9608184,0.8985969,-0.06222149999999993,0.8875,1.0,0.11250000000000004,0.0,0.0,0.0,0.0,0.0,0.0,0.0,0.0,0.0,1,1,0,0.9388228799999999,0.92901783,-0.00980504999999987
245,1.0,0.0,-1.0,1.0,1.0,0.0,1.0,1.0,0.0,0.0,1.0,1.0,0.0,1.0,1.0,0.0,0.0,0.0,1,0,-1,1.0,1.0,0.0
246,0.95125,1.0,0.04874999999999996,1.0,1.0,0.0,0.83750004,1.0,0.16249996,0.0,0.0,0.0,0.0,0.0,0.0,0.0,0.0,0.0,1,1,0,0.9512500119999999,1.0,0.04874998800000008
247,0.81535476,0.841705,0.02635024000000008,0.9022924,0.8274358,-0.07485659999999994,0.6125,0.875,0.26249999999999996,0.0,0.0,0.0,0.0,0.0,0.0,0.0,0.0,0.0,1,1,0,0.8153546799999999,0.84170506,0.026350380000000118
248,0.81003684,0.7921684,-0.017868439999999985,0.79290974,0.7352405,-0.057669240000000066,0.85,0.925,0.07500000000000007,0.0,0.0,0.0,0.0,0.0,0.0,0.0,0.0,0.0,1,1,0,0.8100368179999999,0.7921683500000001,-0.01786846799999986
249,0.8581759,0.89148635,0.03331044999999999,0.9634655,0.8771233,-0.08634219999999992,0.6125,0.925,0.3125,0.0,0.0,0.0,0.0,0.0,0.0,0.0,0.0,0.0,1,1,0,0.85817585,0.8914863100000001,0.03331046000000015
250,0.8967661,0.9480616,0.05129549999999994,0.9007372,0.9258023,0.02506509999999995,0.8875,1.0,0.11250000000000004,0.0,0.0,0.0,0.0,0.0,0.0,0.0,0.0,0.0,1,1,0,0.8967660399999999,0.9480616099999999,0.05129556999999996
251,1.0,1.0,0.0,1.0,1.0,0.0,1.0,1.0,0.0,0.0,0.0,0.0,0.0,0.0,0.0,0.0,0.0,0.0,1,1,0,1.0,1.0,0.0
252,0.8760113,1.0,0.12398869999999995,0.8764447,1.0,0.12355530000000003,0.875,1.0,0.125,0.0,0.0,0.0,0.0,0.0,0.0,0.0,0.0,0.0,1,1,0,0.8760112899999999,1.0,0.12398871000000011
253,0.85331374,0.9433819,0.09006815999999995,0.8386625,0.91911703,0.08045453000000002,0.8875,1.0,0.11250000000000004,0.0,0.0,0.0,0.0,0.0,0.0,0.0,0.0,0.0,1,1,0,0.85331375,0.9433819209999998,0.09006817099999986
254,0.87850493,1.0,0.12149507000000004,0.8264356,1.0,0.17356439999999995,1.0,1.0,0.0,0.0,0.0,0.0,0.0,0.0,0.0,0.0,0.0,0.0,1,1,0,0.8785049199999999,1.0,0.12149508000000009
255,0.8981051,0.8004798,-0.09762530000000003,0.9026501,0.81675684,-0.08589325999999997,0.8875,0.7625,-0.125,0.0,0.0,0.0,0.0,0.0,0.0,0.0,0.0,0.0,1,1,0,0.89810507,0.800479788,-0.09762528199999998
256,0.79339045,0.8896329,0.09624244999999998,0.75305784,0.8423327,0.08927486000000007,0.8875,1.0,0.11250000000000004,0.0,0.0,0.0,0.0,0.0,0.0,0.0,0.0,0.0,1,1,0,0.7933904879999999,0.8896328899999999,0.096242402
257,1.0,1.0,0.0,1.0,1.0,0.0,1.0,1.0,0.0,0.0,0.0,0.0,0.0,0.0,0.0,0.0,0.0,0.0,1,1,0,1.0,1.0,0.0
258,0.8612513,0.84624666,-0.015004640000000014,0.8500019,0.8124952,-0.037506700000000004,0.8875,0.925,0.03750000000000009,0.0,0.0,0.0,0.0,0.0,0.0,0.0,0.0,0.0,1,1,0,0.86125133,0.8462466399999999,-0.015004690000000043
259,1.0,1.0,0.0,1.0,1.0,0.0,1.0,1.0,0.0,0.0,0.0,0.0,0.0,0.0,0.0,0.0,0.0,0.0,1,1,0,1.0,1.0,0.0
260,0.95500004,1.0,0.04499995999999995,1.0,1.0,0.0,0.85,1.0,0.15000000000000002,0.0,0.0,0.0,0.0,0.0,0.0,0.0,0.0,0.0,1,1,0,0.955,1.0,0.04500000000000004
261,1.0,1.0,0.0,1.0,1.0,0.0,1.0,1.0,0.0,0.0,0.0,0.0,0.0,0.0,0.0,0.0,0.0,0.0,1,1,0,1.0,1.0,0.0
262,0.816878,0.9038334,0.08695540000000002,0.7383972,0.8626192,0.12422200000000005,1.0,1.0,0.0,0.0,0.0,0.0,0.0,0.0,0.0,0.0,0.0,0.0,1,1,0,0.81687804,0.9038334399999999,0.0869553999999999
263,0.9270239,0.9411976,0.014173699999999956,0.9439628,0.91599655,-0.02796624999999997,0.8875,1.0,0.11250000000000004,0.0,0.0,0.0,0.0,0.0,0.0,0.0,0.0,0.0,1,1,0,0.92702396,0.9411975850000001,0.014173625000000079
264,0.97749996,1.0,0.022500040000000054,1.0,1.0,0.0,0.925,1.0,0.07499999999999996,0.0,0.0,0.0,0.0,0.0,0.0,0.0,0.0,0.0,1,1,0,0.9775,1.0,0.022499999999999964
265,0.8491543,0.9393918,0.09023749999999997,0.9505776,0.91341686,-0.037160740000000025,0.6125,1.0,0.38749999999999996,0.0,0.0,0.0,0.0,0.0,0.0,0.0,0.0,0.0,1,1,0,0.8491543199999999,0.939391802,0.09023748200000015
266,0.9311499,0.903187,-0.027962900000000013,0.94985694,0.8616957,-0.08816124000000003,0.8875,1.0,0.11250000000000004,0.0,0.0,0.0,0.0,0.0,0.0,0.0,0.0,0.0,1,1,0,0.9311498579999999,0.90318699,-0.02796286799999992
267,0.86125004,0.94,0.0787499599999999,1.0,1.0,0.0,0.5375,0.8,0.26250000000000007,0.0,0.0,0.0,0.0,0.0,0.0,0.0,0.0,0.0,1,1,0,0.86125,0.94,0.07874999999999999
268,1.0,0.97378796,-0.026212039999999992,1.0,0.9625543,-0.037445700000000026,1.0,1.0,0.0,0.0,0.0,0.0,0.0,0.0,0.0,0.0,0.0,0.0,1,1,0,1.0,0.97378801,-0.026211989999999963
269,0.83939993,0.83939993,0.0,0.7705713,0.7705713,0.0,1.0,1.0,0.0,0.0,0.0,0.0,0.0,0.0,0.0,0.0,0.0,0.0,1,1,0,0.83939991,0.83939991,0.0
270,1.0,1.0,0.0,0.99999994,0.99999994,0.0,1.0,1.0,0.0,0.0,0.0,0.0,0.0,0.0,0.0,0.0,0.0,0.0,1,1,0,0.9999999580000001,0.9999999580000001,0.0
271,0.7828312,0.8851067,0.10227550000000007,0.73797315,0.83586663,0.09789348000000009,0.8875,1.0,0.11250000000000004,0.0,0.0,0.0,0.0,0.0,0.0,0.0,0.0,0.0,1,1,0,0.7828312049999999,0.8851066409999999,0.102275436
272,1.0,1.0,0.0,1.0,1.0,0.0,1.0,1.0,0.0,0.0,0.0,0.0,0.0,0.0,0.0,0.0,0.0,0.0,1,1,0,1.0,1.0,0.0
273,1.0,1.0,0.0,1.0,1.0,0.0,1.0,1.0,0.0,0.0,0.0,0.0,0.0,0.0,0.0,0.0,0.0,0.0,1,1,0,1.0,1.0,0.0
274,0.8349356,0.9263019,0.09136630000000001,0.812408,0.894717,0.08230899999999997,0.8875,1.0,0.11250000000000004,0.0,0.0,0.0,0.0,0.0,0.0,0.0,0.0,0.0,1,1,0,0.8349356,0.9263018999999999,0.0913662999999999
275,0.97749996,0.97749996,0.0,1.0,1.0,0.0,0.925,0.925,0.0,0.0,0.0,0.0,0.0,0.0,0.0,0.0,0.0,0.0,1,1,0,0.9775,0.9775,0.0
276,1.0,1.0,0.0,1.0,1.0,0.0,1.0,1.0,0.0,0.0,0.0,0.0,0.0,0.0,0.0,0.0,0.0,0.0,1,1,0,1.0,1.0,0.0
277,0.8775365,0.89498454,0.017448039999999998,0.90005213,0.8499779,-0.05007423,0.825,1.0,0.17500000000000004,0.0,0.0,0.0,0.0,0.0,0.0,0.0,0.0,0.0,1,1,0,0.8775364909999999,0.8949845299999999,0.017448039000000026
278,0.91375,0.96625006,0.05250006000000007,1.0,1.0,0.0,0.71250004,0.8875,0.17499995999999995,0.0,0.0,0.0,0.0,0.0,0.0,0.0,0.0,0.0,1,1,0,0.913750012,0.9662499999999999,0.052499988
279,0.64012825,0.93663627,0.2965080200000001,0.52339745,0.9094804,0.3860829499999999,0.9125,1.0,0.08750000000000002,0.0,0.0,0.0,0.0,0.0,0.0,0.0,0.0,0.0,1,1,0,0.6401282150000001,0.9366362799999999,0.2965080649999998
280,0.9141904,0.8685352,-0.04565520000000001,0.8774148,0.8121932,-0.0652216000000001,1.0,1.0,0.0,0.0,0.0,0.0,0.0,0.0,0.0,0.0,0.0,0.0,1,1,0,0.9141903600000001,0.8685352399999999,-0.04565512000000016
281,0.91412145,0.87772065,-0.03640080000000001,0.92553055,0.82531524,-0.10021530999999995,0.8875,1.0,0.11250000000000004,0.0,0.0,0.0,0.0,0.0,0.0,0.0,0.0,0.0,1,1,0,0.914121385,0.877720668,-0.036400716999999916
282,0.9186593,0.9186593,0.0,0.883799,0.883799,0.0,1.0,1.0,0.0,0.0,0.0,0.0,0.0,0.0,0.0,0.0,0.0,0.0,1,1,0,0.9186592999999998,0.9186592999999998,0.0
283,0.86172694,0.9129076,0.05118065999999999,0.85068136,0.8755822,0.024900839999999924,0.8875,1.0,0.11250000000000004,0.0,0.0,0.0,0.0,0.0,0.0,0.0,0.0,0.0,1,1,0,0.8617269519999999,0.91290754,0.05118058800000003
284,0.8857342,0.90010303,0.014368829999999999,0.94926316,0.85729,-0.09197316,0.7375,1.0,0.26249999999999996,0.0,0.0,0.0,0.0,0.0,0.0,0.0,0.0,0.0,1,1,0,0.885734212,0.9001029999999999,0.014368787999999855
285,0.96625006,0.97749996,0.011249899999999924,1.0,1.0,0.0,0.8875,0.925,0.03750000000000009,0.0,0.0,0.0,0.0,0.0,0.0,0.0,0.0,0.0,1,1,0,0.9662499999999999,0.9775,0.011250000000000093
286,0.9301221,0.9548783,0.024756200000000006,0.9483887,0.9355404,-0.012848299999999924,0.8875,1.0,0.11250000000000004,0.0,0.0,0.0,0.0,0.0,0.0,0.0,0.0,0.0,1,1,0,0.9301220899999999,0.95487828,0.024756190000000067
287,0.86125004,1.0,0.13874995999999995,1.0,1.0,0.0,0.5375,1.0,0.4625,0.0,0.0,0.0,0.0,0.0,0.0,0.0,0.0,0.0,1,1,0,0.86125,1.0,0.13875000000000004
288,0.8242761,0.79094785,-0.03332824999999995,0.8453944,0.75492555,-0.09046885000000005,0.77500004,0.875,0.09999996,0.0,0.0,0.0,0.0,0.0,0.0,0.0,0.0,0.0,1,1,0,0.8242760919999998,0.790947885,-0.03332820699999983
289,0.9782015,0.9941889,0.015987400000000096,0.9688592,0.9916984,0.02283919999999995,1.0,1.0,0.0,0.0,0.0,0.0,0.0,0.0,0.0,0.0,0.0,0.0,1,1,0,0.9782014399999999,0.9941888799999998,0.015987439999999964
290,0.9596138,0.94625723,-0.013356570000000012,0.9423054,0.9232246,-0.01908080000000001,1.0,1.0,0.0,0.0,0.0,0.0,0.0,0.0,0.0,0.0,0.0,0.0,1,1,0,0.95961378,0.9462572199999999,-0.013356560000000073
291,0.8779661,0.9041093,0.026143200000000033,0.9381658,0.86301327,-0.07515253,0.7375,1.0,0.26249999999999996,0.0,0.0,0.0,0.0,0.0,0.0,0.0,0.0,0.0,1,1,0,0.8779660600000001,0.904109289,0.02614322899999988
292,0.8758053,0.8963985,0.020593199999999978,0.82257897,0.8519978,0.029418830000000007,1.0,1.0,0.0,0.0,0.0,0.0,0.0,0.0,0.0,0.0,0.0,0.0,1,1,0,0.8758052789999999,0.8963984599999999,0.02059318099999996
293,1.0,1.0,0.0,1.0,1.0,0.0,1.0,1.0,0.0,0.0,0.0,0.0,0.0,0.0,0.0,0.0,0.0,0.0,1,1,0,1.0,1.0,0.0
294,0.9210888,0.9040355,-0.01705330000000005,0.96226966,0.8629078,-0.09936186000000002,0.825,1.0,0.17500000000000004,0.0,0.0,0.0,0.0,0.0,0.0,0.0,0.0,0.0,1,1,0,0.9210887619999999,0.90403546,-0.01705330199999988
295,0.55268174,1.0,0.44731825999999997,0.36097392,1.0,0.63902608,1.0,1.0,0.0,0.0,0.0,0.0,0.0,0.0,0.0,0.0,0.0,0.0,1,1,0,0.552681744,1.0,0.44731825599999997
296,0.96625006,1.0,0.03374993999999998,1.0,1.0,0.0,0.8875,1.0,0.11250000000000004,0.0,0.0,0.0,0.0,0.0,0.0,0.0,0.0,0.0,1,1,0,0.9662499999999999,1.0,0.03375000000000006
297,0.94749993,0.97749996,0.030000029999999955,0.99999994,0.99999994,0.0,0.825,0.925,0.10000000000000009,0.0,0.0,0.0,0.0,0.0,0.0,0.0,0.0,0.0,1,1,0,0.947499958,0.9774999580000001,0.030000000000000138
298,0.9569537,0.9050272,-0.05192649999999999,0.9385053,0.8643245,-0.07418079999999994,1.0,1.0,0.0,0.0,0.0,0.0,0.0,0.0,0.0,0.0,0.0,0.0,1,1,0,0.9569537099999998,0.90502715,-0.051926559999999844
299,0.7392022,0.8257662,0.08656399999999997,0.8256459,0.79930884,-0.026337060000000023,0.5375,0.8875,0.35,0.0,0.0,0.0,0.0,0.0,0.0,0.0,0.0,0.0,1,1,0,0.73920213,0.825766188,0.086564058
300,1.0,1.0,0.0,1.0,1.0,0.0,1.0,1.0,0.0,0.0,0.0,0.0,0.0,0.0,0.0,0.0,0.0,0.0,1,1,0,1.0,1.0,0.0
301,0.92689747,0.88151497,-0.04538249999999999,0.9491391,0.8843071,-0.064832,0.875,0.875,0.0,0.0,0.0,0.0,0.0,0.0,0.0,0.0,0.0,0.0,1,1,0,0.92689737,0.88151497,-0.045382400000000045
302,0.91375,1.0,0.08625000000000005,1.0,1.0,0.0,0.71250004,1.0,0.28749996,0.0,0.0,0.0,0.0,0.0,0.0,0.0,0.0,0.0,1,1,0,0.913750012,1.0,0.08624998800000006
303,1.0,1.0,0.0,1.0,1.0,0.0,1.0,1.0,0.0,0.0,0.0,0.0,0.0,0.0,0.0,0.0,0.0,0.0,1,1,0,1.0,1.0,0.0
304,0.6387492,0.0,-0.6387492,0.49464163,1.0,0.50535837,0.975,1.0,0.025000000000000022,0.0,1.0,1.0,0.0,1.0,1.0,0.0,0.0,0.0,1,0,-1,0.6387491409999999,1.0,0.3612508590000001
305,0.8812936,0.93379366,0.05250005999999996,0.9375622,0.9375622,0.0,0.75,0.925,0.17500000000000004,0.0,0.0,0.0,0.0,0.0,0.0,0.0,0.0,0.0,1,1,0,0.8812935399999999,0.9337935399999999,0.05249999999999999
306,0.83026373,0.82276386,-0.007499869999999964,0.805734,0.805734,0.0,0.8875,0.8625,-0.02499999999999991,0.0,0.0,0.0,0.0,0.0,0.0,0.0,0.0,0.0,1,1,0,0.8302637999999999,0.8227637999999999,-0.007499999999999951
307,0.97749996,1.0,0.022500040000000054,1.0,1.0,0.0,0.925,1.0,0.07499999999999996,0.0,0.0,0.0,0.0,0.0,0.0,0.0,0.0,0.0,1,1,0,0.9775,1.0,0.022499999999999964
308,0.97749996,1.0,0.022500040000000054,1.0,1.0,0.0,0.925,1.0,0.07499999999999996,0.0,0.0,0.0,0.0,0.0,0.0,0.0,0.0,0.0,1,1,0,0.9775,1.0,0.022499999999999964
309,0.95125,1.0,0.04874999999999996,1.0,1.0,0.0,0.83750004,1.0,0.16249996,0.0,0.0,0.0,0.0,0.0,0.0,0.0,0.0,0.0,1,1,0,0.9512500119999999,1.0,0.04874998800000008
310,0.951409,0.9805061,0.029097100000000098,0.9305843,0.97215164,0.04156733999999995,1.0,1.0,0.0,0.0,0.0,0.0,0.0,0.0,0.0,0.0,0.0,0.0,1,1,0,0.9514090099999999,0.9805061479999999,0.029097138000000022
311,0.922609,0.87889427,-0.043714730000000035,0.9376556,0.8752061,-0.06244950000000005,0.8875,0.8875,0.0,0.0,0.0,0.0,0.0,0.0,0.0,0.0,0.0,0.0,1,1,0,0.9226089199999999,0.87889427,-0.043714649999999966
312,1.0,1.0,0.0,1.0,1.0,0.0,1.0,1.0,0.0,0.0,0.0,0.0,0.0,0.0,0.0,0.0,0.0,0.0,1,1,0,1.0,1.0,0.0
313,0.0,0.0,0.0,1.0,1.0,0.0,0.0,1.0,1.0,1.0,1.0,0.0,1.0,1.0,0.0,0.0,0.0,0.0,0,0,0,0.7,1.0,0.30000000000000004
314,0.95874995,0.96250004,0.0037500900000000392,1.0,1.0,0.0,0.8625,0.875,0.012499999999999956,0.0,0.0,0.0,0.0,0.0,0.0,0.0,0.0,0.0,1,1,0,0.95875,0.9624999999999999,0.00374999999999992
315,0.91375,0.9486473,0.03489730000000002,1.0,0.9748534,-0.02514660000000002,0.71250004,0.8875,0.17499995999999995,0.0,0.0,0.0,0.0,0.0,0.0,0.0,0.0,0.0,1,1,0,0.913750012,0.9486473799999999,0.034897367999999984
316,0.9025,0.93386644,0.031366439999999995,1.0,0.9751663,-0.02483369999999996,0.675,0.83750004,0.16250003999999996,0.0,0.0,0.0,0.0,0.0,0.0,0.0,0.0,0.0,1,1,0,0.9025,0.9338664219999999,0.03136642199999995
317,1.0,1.0,0.0,1.0,1.0,0.0,1.0,1.0,0.0,0.0,0.0,0.0,0.0,0.0,0.0,0.0,0.0,0.0,1,1,0,1.0,1.0,0.0
318,1.0,1.0,0.0,1.0,1.0,0.0,1.0,1.0,0.0,0.0,0.0,0.0,0.0,0.0,0.0,0.0,0.0,0.0,1,1,0,1.0,1.0,0.0
319,0.0,0.0,0.0,1.0,1.0,0.0,1.0,1.0,0.0,1.0,1.0,0.0,1.0,1.0,0.0,0.0,0.0,0.0,0,0,0,1.0,1.0,0.0
320,0.8655325,0.86175597,-0.00377653,0.84004635,0.80250853,-0.037537820000000055,0.925,1.0,0.07499999999999996,0.0,0.0,0.0,0.0,0.0,0.0,0.0,0.0,0.0,1,1,0,0.8655324449999999,0.861755971,-0.0037764739999999186
321,0.96247596,1.0,0.03752403999999998,0.9946086,1.0,0.005391400000000046,0.8875,1.0,0.11250000000000004,0.0,0.0,0.0,0.0,0.0,0.0,0.0,0.0,0.0,1,1,0,0.9624760199999999,1.0,0.03752398000000012
322,0.94375,0.96250004,0.018750040000000023,1.0,1.0,0.0,0.8125,0.875,0.0625,0.0,0.0,0.0,0.0,0.0,0.0,0.0,0.0,0.0,1,1,0,0.94375,0.9624999999999999,0.018749999999999933
323,0.8042189,0.9139318,0.1097129,0.76852703,0.8770454,0.10851836999999998,0.8875,1.0,0.11250000000000004,0.0,0.0,0.0,0.0,0.0,0.0,0.0,0.0,0.0,1,1,0,0.8042189209999999,0.91393178,0.10971285900000005
324,0.96625006,0.96053183,-0.005718230000000046,1.0,0.94361687,-0.05638312999999995,0.8875,1.0,0.11250000000000004,0.0,0.0,0.0,0.0,0.0,0.0,0.0,0.0,0.0,1,1,0,0.9662499999999999,0.9605318089999999,-0.005718191000000039
325,1.0,1.0,0.0,1.0,1.0,0.0,1.0,1.0,0.0,0.0,0.0,0.0,0.0,0.0,0.0,0.0,0.0,0.0,1,1,0,1.0,1.0,0.0
326,0.97375005,1.0,0.026249949999999966,1.0,1.0,0.0,0.9125,1.0,0.08750000000000002,0.0,0.0,0.0,0.0,0.0,0.0,0.0,0.0,0.0,1,1,0,0.9737499999999999,1.0,0.026250000000000107
327,0.8835411,0.9251529,0.04161179999999998,0.88184446,0.8930755,0.01123103999999997,0.8875,1.0,0.11250000000000004,0.0,0.0,0.0,0.0,0.0,0.0,0.0,0.0,0.0,1,1,0,0.883541122,0.9251528499999999,0.0416117279999999
328,0.88864565,0.91213673,0.023491079999999998,0.937351,0.8744811,-0.06286990000000003,0.77500004,1.0,0.22499996,0.0,0.0,0.0,0.0,0.0,0.0,0.0,0.0,0.0,1,1,0,0.888645712,0.91213677,0.023491058000000065
329,0.87622863,0.89877015,0.022541520000000093,0.96246946,0.9250288,-0.037440660000000014,0.675,0.83750004,0.16250003999999996,0.0,0.0,0.0,0.0,0.0,0.0,0.0,0.0,0.0,1,1,0,0.876228622,0.8987701719999999,0.02254154999999991
330,1.0,1.0,0.0,1.0,1.0,0.0,1.0,1.0,0.0,0.0,0.0,0.0,0.0,0.0,0.0,0.0,0.0,0.0,1,1,0,1.0,1.0,0.0
331,1.0,1.0,0.0,1.0,1.0,0.0,1.0,1.0,0.0,0.0,0.0,0.0,0.0,0.0,0.0,0.0,0.0,0.0,1,1,0,1.0,1.0,0.0
332,0.8851556,0.927977,0.04282140000000001,0.9162937,0.98818135,0.07188764999999997,0.8125,0.7875,-0.025000000000000022,0.0,0.0,0.0,0.0,0.0,0.0,0.0,0.0,0.0,1,1,0,0.88515559,0.9279769449999999,0.04282135499999995
333,0.91360015,0.9122467,-0.0013534500000000893,0.92478585,0.8746381,-0.050147750000000046,0.8875,1.0,0.11250000000000004,0.0,0.0,0.0,0.0,0.0,0.0,0.0,0.0,0.0,1,1,0,0.913600095,0.91224667,-0.0013534249999999082
334,0.8280737,0.96237737,0.13430366999999999,0.7865338,0.9462533,0.15971950000000001,0.925,1.0,0.07499999999999996,0.0,0.0,0.0,0.0,0.0,0.0,0.0,0.0,0.0,1,1,0,0.82807366,0.9623773099999999,0.13430364999999989
335,0.9403489,0.99105865,0.05070975,0.96299845,0.9872266,0.024228150000000004,0.8875,1.0,0.11250000000000004,0.0,0.0,0.0,0.0,0.0,0.0,0.0,0.0,0.0,1,1,0,0.940348915,0.99105862,0.05070970500000005
336,0.86229354,0.86044616,-0.001847380000000065,0.89970505,0.84885174,-0.05085331000000004,0.77500004,0.8875,0.11249995999999995,0.0,0.0,0.0,0.0,0.0,0.0,0.0,0.0,0.0,1,1,0,0.8622935469999999,0.8604462179999999,-0.0018473290000000642
337,0.9339892,0.9905882,0.056599000000000066,0.9056989,0.9865546,0.08085569999999997,1.0,1.0,0.0,0.0,0.0,0.0,0.0,0.0,0.0,0.0,0.0,0.0,1,1,0,0.9339892299999999,0.99058822,0.05659899000000013
338,1.0,1.0,0.0,1.0,1.0,0.0,1.0,1.0,0.0,0.0,0.0,0.0,0.0,0.0,0.0,0.0,0.0,0.0,1,1,0,1.0,1.0,0.0
339,1.0,1.0,0.0,1.0,1.0,0.0,1.0,1.0,0.0,0.0,0.0,0.0,0.0,0.0,0.0,0.0,0.0,0.0,1,1,0,1.0,1.0,0.0
340,1.0,1.0,0.0,1.0,1.0,0.0,1.0,1.0,0.0,0.0,0.0,0.0,0.0,0.0,0.0,0.0,0.0,0.0,1,1,0,1.0,1.0,0.0
341,0.89694023,0.83815306,-0.05878717,0.9009861,0.80093294,-0.10005315999999997,0.8875,0.925,0.03750000000000009,0.0,0.0,0.0,0.0,0.0,0.0,0.0,0.0,0.0,1,1,0,0.89694027,0.8381530580000001,-0.05878721199999992
342,1.0,1.0,0.0,1.0,1.0,0.0,1.0,1.0,0.0,0.0,0.0,0.0,0.0,0.0,0.0,0.0,0.0,0.0,1,1,0,1.0,1.0,0.0
343,0.95500004,1.0,0.04499995999999995,1.0,1.0,0.0,0.85,1.0,0.15000000000000002,0.0,0.0,0.0,0.0,0.0,0.0,0.0,0.0,0.0,1,1,0,0.955,1.0,0.04500000000000004
344,0.576536,0.7782554,0.2017194,0.44326568,0.683222,0.23995632,0.8875,1.0,0.11250000000000004,0.0,0.0,0.0,0.0,0.0,0.0,0.0,0.0,0.0,1,1,0,0.576535976,0.7782553999999999,0.20171942399999998
345,0.86596835,0.9536876,0.08771924999999992,0.8995976,0.9874108,0.08781320000000004,0.7875,0.875,0.08750000000000002,0.0,0.0,0.0,0.0,0.0,0.0,0.0,0.0,0.0,1,1,0,0.8659683199999999,0.9536875600000001,0.0877192400000002
346,0.8427357,0.82523215,-0.017503549999999923,0.77533674,0.7503315,-0.02500523999999993,1.0,1.0,0.0,0.0,0.0,0.0,0.0,0.0,0.0,0.0,0.0,0.0,1,1,0,0.8427357179999999,0.8252320499999999,-0.017503668000000028
347,0.86875004,0.9820652,0.11331515999999997,1.0,0.97437894,-0.025621059999999973,0.5625,1.0,0.4375,0.0,0.0,0.0,0.0,0.0,0.0,0.0,0.0,0.0,1,1,0,0.8687499999999999,0.982065258,0.11331525800000009
348,0.885104,0.9328931,0.04778910000000003,0.9537199,0.98449016,0.03077026000000005,0.725,0.8125,0.08750000000000002,0.0,0.0,0.0,0.0,0.0,0.0,0.0,0.0,0.0,1,1,0,0.88510393,0.932893112,0.04778918200000004
349,0.96624994,0.99154896,0.02529902000000006,0.99999994,0.98792696,-0.012072980000000011,0.8875,1.0,0.11250000000000004,0.0,0.0,0.0,0.0,0.0,0.0,0.0,0.0,0.0,1,1,0,0.966249958,0.9915488719999999,0.02529891399999984
350,0.9736206,0.9288864,-0.044734199999999946,0.96231514,0.8984091,-0.06390604,1.0,1.0,0.0,0.0,0.0,0.0,0.0,0.0,0.0,0.0,0.0,0.0,1,1,0,0.9736205979999999,0.9288863699999999,-0.04473422800000004
351,0.94301873,0.89371645,-0.04930228000000003,0.95074105,0.8481664,-0.10257464999999999,0.925,1.0,0.07499999999999996,0.0,0.0,0.0,0.0,0.0,0.0,0.0,0.0,0.0,1,1,0,0.9430187349999999,0.8937164799999999,-0.04930225499999996
352,1.0,1.0,0.0,1.0,1.0,0.0,1.0,1.0,0.0,0.0,0.0,0.0,0.0,0.0,0.0,0.0,0.0,0.0,1,1,0,1.0,1.0,0.0
353,0.8852925,0.91974586,0.03445335999999999,0.92184633,0.9335654,0.011719069999999943,0.8,0.8875,0.08749999999999991,0.0,0.0,0.0,0.0,0.0,0.0,0.0,0.0,0.0,1,1,0,0.885292431,0.91974578,0.034453348999999966
354,0.85375005,0.9478359,0.09408584999999992,1.0,0.9254799,-0.07452009999999998,0.5125,1.0,0.48750000000000004,0.0,0.0,0.0,0.0,0.0,0.0,0.0,0.0,0.0,1,1,0,0.8537499999999999,0.9478359299999999,0.09408592999999998
355,0.86385626,0.8421999,-0.02165636000000004,0.88586605,0.8227855,-0.06308055000000001,0.8125,0.8875,0.07499999999999996,0.0,0.0,0.0,0.0,0.0,0.0,0.0,0.0,0.0,1,1,0,0.863856235,0.8421998499999999,-0.02165638500000011
356,0.8583509,0.9908277,0.13247679999999995,0.9476441,0.98689663,0.03925253000000006,0.65000004,1.0,0.34999996,0.0,0.0,0.0,0.0,0.0,0.0,0.0,0.0,0.0,1,1,0,0.8583508819999999,0.9908276410000001,0.13247675900000022
357,0.9514891,0.96625006,0.014760960000000045,0.9628416,1.0,0.037158400000000036,0.925,0.8875,-0.03750000000000009,0.0,0.0,0.0,0.0,0.0,0.0,0.0,0.0,0.0,1,1,0,0.95148912,0.9662499999999999,0.014760879999999976
358,0.9249136,0.8771929,-0.04772069999999995,0.9248765,0.8245612,-0.1003153,0.925,1.0,0.07499999999999996,0.0,0.0,0.0,0.0,0.0,0.0,0.0,0.0,0.0,1,1,0,0.9249135500000001,0.87719284,-0.04772071000000011
359,0.90625,0.0,-0.90625,1.0,1.0,0.0,0.6875,0.8472222,0.15972220000000004,0.0,1.0,1.0,0.0,1.0,1.0,0.0,0.0,0.0,1,0,-1,0.90625,0.9541666599999999,0.047916659999999944
360,1.0,1.0,0.0,1.0,1.0,0.0,1.0,1.0,0.0,0.0,0.0,0.0,0.0,0.0,0.0,0.0,0.0,0.0,1,1,0,1.0,1.0,0.0
361,0.96250004,0.95874995,-0.0037500900000000392,1.0,1.0,0.0,0.875,0.8625,-0.012499999999999956,0.0,0.0,0.0,0.0,0.0,0.0,0.0,0.0,0.0,1,1,0,0.9624999999999999,0.95875,-0.00374999999999992
362,0.89875,0.9159055,0.01715549999999999,1.0,0.9334364,-0.06656359999999995,0.6625,0.875,0.21250000000000002,0.0,0.0,0.0,0.0,0.0,0.0,0.0,0.0,0.0,1,1,0,0.8987499999999999,0.9159054799999999,0.01715548
363,0.8376908,0.92377585,0.08608505,0.81634396,0.89110833,0.07476437000000002,0.8875,1.0,0.11250000000000004,0.0,0.0,0.0,0.0,0.0,0.0,0.0,0.0,0.0,1,1,0,0.837690772,0.9237758309999999,0.08608505899999996
364,0.9038796,0.94241995,0.03854035,0.91089934,0.97131413,0.06041479000000005,0.8875,0.875,-0.012499999999999956,0.0,0.0,0.0,0.0,0.0,0.0,0.0,0.0,0.0,1,1,0,0.9038795379999999,0.9424198909999999,0.03854035300000003
365,0.33996797,0.9918968,0.65192883,0.057097092,0.98842406,0.931326968,1.0,1.0,0.0,0.0,0.0,0.0,0.0,0.0,0.0,0.0,0.0,0.0,1,1,0,0.3399679644,0.9918968420000001,0.6519288776000001
366,0.9018344,0.9018344,0.0,0.8597634,0.8597634,0.0,1.0,1.0,0.0,0.0,0.0,0.0,0.0,0.0,0.0,0.0,0.0,0.0,1,1,0,0.9018343799999999,0.9018343799999999,0.0
367,0.97375005,1.0,0.026249949999999966,1.0,1.0,0.0,0.9125,1.0,0.08750000000000002,0.0,0.0,0.0,0.0,0.0,0.0,0.0,0.0,0.0,1,1,0,0.9737499999999999,1.0,0.026250000000000107
368,0.96625006,0.9197893,-0.04646075999999999,1.0,0.8854132,-0.11458679999999999,0.8875,1.0,0.11250000000000004,0.0,0.0,0.0,0.0,0.0,0.0,0.0,0.0,0.0,1,1,0,0.9662499999999999,0.9197892400000001,-0.04646075999999988
369,0.75762916,0.0,-0.75762916,0.6858988,0.39482555,-0.29107325,0.925,1.0,0.07499999999999996,0.0,1.0,1.0,0.0,1.0,1.0,0.0,0.0,0.0,1,0,-1,0.75762916,0.576377885,-0.18125127500000004
370,0.80341166,0.8973649,0.09395324000000005,0.7673739,0.8533784,0.08600449999999993,0.8875,1.0,0.11250000000000004,0.0,0.0,0.0,0.0,0.0,0.0,0.0,0.0,0.0,1,1,0,0.80341173,0.89736488,0.09395315000000004
371,0.97749996,1.0,0.022500040000000054,1.0,1.0,0.0,0.925,1.0,0.07499999999999996,0.0,0.0,0.0,0.0,0.0,0.0,0.0,0.0,0.0,1,1,0,0.9775,1.0,0.022499999999999964
372,0.83467835,0.9400353,0.10535695,0.95132625,0.96255046,0.011224209999999957,0.5625,0.8875,0.32499999999999996,0.0,0.0,0.0,0.0,0.0,0.0,0.0,0.0,0.0,1,1,0,0.834678375,0.940035322,0.10535694699999998
373,0.96250004,1.0,0.03749996,1.0,1.0,0.0,0.875,1.0,0.125,0.0,0.0,0.0,0.0,0.0,0.0,0.0,0.0,0.0,1,1,0,0.9624999999999999,1.0,0.03750000000000009
374,0.9050042,0.95760137,0.05259716999999997,0.8642917,0.9394305,0.07513879999999995,1.0,1.0,0.0,0.0,0.0,0.0,0.0,0.0,0.0,0.0,0.0,0.0,1,1,0,0.9050041899999999,0.95760135,0.05259716000000014
375,0.0,0.0,0.0,1.0,1.0,0.0,0.0,1.0,1.0,1.0,1.0,0.0,1.0,1.0,0.0,0.0,0.0,0.0,0,0,0,0.7,1.0,0.30000000000000004
376,0.9458006,0.93010426,-0.015696339999999975,0.9225723,0.900149,-0.022423300000000035,1.0,1.0,0.0,0.0,0.0,0.0,0.0,0.0,0.0,0.0,0.0,0.0,1,1,0,0.94580061,0.9301043,-0.015696310000000047
377,1.0,1.0,0.0,1.0,1.0,0.0,1.0,1.0,0.0,0.0,0.0,0.0,0.0,0.0,0.0,0.0,0.0,0.0,1,1,0,1.0,1.0,0.0
378,0.90480465,0.97749996,0.07269530999999996,0.9122209,1.0,0.0877791,0.8875,0.925,0.03750000000000009,0.0,0.0,0.0,0.0,0.0,0.0,0.0,0.0,0.0,1,1,0,0.90480463,0.9775,0.07269537000000004
379,0.82486963,0.97749996,0.15263032999999993,0.92124236,0.99999994,0.07875758,0.6,0.925,0.32500000000000007,0.0,0.0,0.0,0.0,0.0,0.0,0.0,0.0,0.0,1,1,0,0.8248696520000001,0.9774999580000001,0.15263030600000005
380,0.96250004,1.0,0.03749996,1.0,1.0,0.0,0.875,1.0,0.125,0.0,0.0,0.0,0.0,0.0,0.0,0.0,0.0,0.0,1,1,0,0.9624999999999999,1.0,0.03750000000000009
381,1.0,1.0,0.0,1.0,1.0,0.0,1.0,1.0,0.0,0.0,0.0,0.0,0.0,0.0,0.0,0.0,0.0,0.0,1,1,0,1.0,1.0,0.0
382,0.8605885,0.9458565,0.08526800000000001,0.8115549,0.9226522,0.11109730000000007,0.975,1.0,0.025000000000000022,0.0,0.0,0.0,0.0,0.0,0.0,0.0,0.0,0.0,1,1,0,0.86058843,0.9458565400000001,0.08526811000000012
383,0.8508129,0.9381323,0.08731940000000005,0.78687555,0.9116176,0.12474205000000005,1.0,1.0,0.0,0.0,0.0,0.0,0.0,0.0,0.0,0.0,0.0,0.0,1,1,0,0.8508128849999999,0.93813232,0.08731943500000017
384,1.0,1.0,0.0,1.0,1.0,0.0,1.0,1.0,0.0,0.0,0.0,0.0,0.0,0.0,0.0,0.0,0.0,0.0,1,1,0,1.0,1.0,0.0
385,0.80990326,0.831112,0.021208739999999948,0.8248618,0.8123029,-0.012558899999999928,0.77500004,0.875,0.09999996,0.0,0.0,0.0,0.0,0.0,0.0,0.0,0.0,0.0,1,1,0,0.8099032719999999,0.8311120300000001,0.021208758000000216
386,0.89167225,0.89167225,0.0,0.845246,0.845246,0.0,1.0,1.0,0.0,0.0,0.0,0.0,0.0,0.0,0.0,0.0,0.0,0.0,1,1,0,0.8916721999999999,0.8916721999999999,0.0
387,0.99429476,0.0,-0.99429476,0.99184954,0.99340755,0.0015580099999999986,1.0,1.0,0.0,0.0,0.0,0.0,0.0,1.0,1.0,0.0,0.0,0.0,1,0,-1,0.9942946779999999,0.995385285,0.0010906070000000767
388,0.94375,0.9325,-0.011249999999999982,1.0,1.0,0.0,0.8125,0.77500004,-0.03749996,0.0,0.0,0.0,0.0,0.0,0.0,0.0,0.0,0.0,1,1,0,0.94375,0.932500012,-0.011249987999999989
389,0.94375,0.95612013,0.01237012999999998,1.0,0.9373145,-0.06268549999999995,0.8125,1.0,0.1875,0.0,0.0,0.0,0.0,0.0,0.0,0.0,0.0,0.0,1,1,0,0.94375,0.9561201500000001,0.01237015000000008
390,0.93556976,0.92223835,-0.013331410000000044,0.95617115,0.888912,-0.06725914999999993,0.8875,1.0,0.11250000000000004,0.0,0.0,0.0,0.0,0.0,0.0,0.0,0.0,0.0,1,1,0,0.935569805,0.9222383999999999,-0.013331405000000074
391,0.83729345,0.8212727,-0.016020750000000028,0.87470496,0.7982467,-0.07645826,0.75,0.875,0.125,0.0,0.0,0.0,0.0,0.0,0.0,0.0,0.0,0.0,1,1,0,0.8372934719999999,0.82127269,-0.0160207819999999
392,0.7748592,0.8566769,0.0818177,0.7105131,0.8756098,0.16509669999999999,0.925,0.8125,-0.11250000000000004,0.0,0.0,0.0,0.0,0.0,0.0,0.0,0.0,0.0,1,1,0,0.77485917,0.85667686,0.08181768999999994
393,0.8615627,0.8682041,0.0066414000000000195,0.8504467,0.8117202,-0.0387265,0.8875,1.0,0.11250000000000004,0.0,0.0,0.0,0.0,0.0,0.0,0.0,0.0,0.0,1,1,0,0.86156269,0.86820414,0.006641450000000049
394,0.83987445,0.8451849,0.005310449999999967,0.8569636,0.8699069,0.012943299999999991,0.8,0.7875,-0.012500000000000067,0.0,0.0,0.0,0.0,0.0,0.0,0.0,0.0,0.0,1,1,0,0.83987452,0.84518483,0.00531031000000004
395,1.0,1.0,0.0,1.0,1.0,0.0,1.0,1.0,0.0,0.0,0.0,0.0,0.0,0.0,0.0,0.0,0.0,0.0,1,1,0,1.0,1.0,0.0
396,0.92669296,0.952414,0.025721039999999973,0.9434899,0.9320198,-0.011470100000000039,0.8875,1.0,0.11250000000000004,0.0,0.0,0.0,0.0,0.0,0.0,0.0,0.0,0.0,1,1,0,0.92669293,0.9524138599999998,0.025720929999999864
397,1.0,1.0,0.0,1.0,1.0,0.0,1.0,1.0,0.0,0.0,0.0,0.0,0.0,0.0,0.0,0.0,0.0,0.0,1,1,0,1.0,1.0,0.0
398,0.96999997,0.97375005,0.003750079999999989,1.0,1.0,0.0,0.90000004,0.9125,0.012499959999999977,0.0,0.0,0.0,0.0,0.0,0.0,0.0,0.0,0.0,1,1,0,0.970000012,0.9737499999999999,0.0037499879999999264
399,0.9093896,0.92575663,0.01636702999999995,0.9348422,0.9475095,0.012667300000000048,0.85,0.875,0.025000000000000022,0.0,0.0,0.0,0.0,0.0,0.0,0.0,0.0,0.0,1,1,0,0.9093895399999999,0.9257566500000001,0.01636711000000013
400,1.0,1.0,0.0,1.0,1.0,0.0,1.0,1.0,0.0,0.0,0.0,0.0,0.0,0.0,0.0,0.0,0.0,0.0,1,1,0,1.0,1.0,0.0
401,1.0,1.0,0.0,1.0,1.0,0.0,1.0,1.0,0.0,0.0,0.0,0.0,0.0,0.0,0.0,0.0,0.0,0.0,1,1,0,1.0,1.0,0.0
402,1.0,1.0,0.0,1.0,1.0,0.0,1.0,1.0,0.0,0.0,0.0,0.0,0.0,0.0,0.0,0.0,0.0,0.0,1,1,0,1.0,1.0,0.0
403,0.9419527,0.91055626,-0.03139643999999997,0.94921803,0.87222314,-0.07699489000000004,0.925,1.0,0.07499999999999996,0.0,0.0,0.0,0.0,0.0,0.0,0.0,0.0,0.0,1,1,0,0.941952621,0.9105561979999999,-0.03139642300000012
404,0.7853527,0.8686538,0.08330110000000002,0.7737181,0.81236255,0.03864445000000005,0.8125,1.0,0.1875,0.0,0.0,0.0,0.0,0.0,0.0,0.0,0.0,0.0,1,1,0,0.78535267,0.868653785,0.08330111500000004
405,0.9686729,0.9732763,0.004603400000000035,0.9552469,0.9618233,0.006576400000000038,1.0,1.0,0.0,0.0,0.0,0.0,0.0,0.0,0.0,0.0,0.0,0.0,1,1,0,0.96867283,0.9732763099999999,0.004603479999999882
406,0.82772416,0.9575634,0.1298392399999999,0.7538917,0.9393763,0.1854846,1.0,1.0,0.0,0.0,0.0,0.0,0.0,0.0,0.0,0.0,0.0,0.0,1,1,0,0.8277241900000001,0.9575634099999999,0.1298392199999998
407,1.0,1.0,0.0,1.0,1.0,0.0,1.0,1.0,0.0,0.0,0.0,0.0,0.0,0.0,0.0,0.0,0.0,0.0,1,1,0,1.0,1.0,0.0
408,0.6009779,1.0,0.39902210000000005,0.4299684,0.99999994,0.57003154,1.0,1.0,0.0,0.0,0.0,0.0,0.0,0.0,0.0,0.0,0.0,0.0,1,1,0,0.60097788,0.9999999580000001,0.3990220780000001
409,0.5993436,0.72248787,0.12314427000000006,0.4276337,0.603554,0.17592030000000003,1.0,1.0,0.0,0.0,0.0,0.0,0.0,0.0,0.0,0.0,0.0,0.0,1,1,0,0.5993435899999999,0.7224878,0.12314421000000009
410,0.93625003,1.0,0.06374997000000004,1.0,1.0,0.0,0.7875,1.0,0.21250000000000002,0.0,0.0,0.0,0.0,0.0,0.0,0.0,0.0,0.0,1,1,0,0.9362499999999999,1.0,0.06375000000000008
411,0.96625006,0.92235625,-0.04389381000000003,1.0,0.8890803,-0.11091969999999995,0.8875,1.0,0.11250000000000004,0.0,0.0,0.0,0.0,0.0,0.0,0.0,0.0,0.0,1,1,0,0.9662499999999999,0.92235621,-0.04389378999999993
412,1.0,1.0,0.0,1.0,1.0,0.0,1.0,1.0,0.0,0.0,0.0,0.0,0.0,0.0,0.0,0.0,0.0,0.0,1,1,0,1.0,1.0,0.0
413,0.90130347,0.8400885,-0.06121496999999998,0.9125764,0.82512647,-0.08744993000000001,0.875,0.875,0.0,0.0,0.0,0.0,0.0,0.0,0.0,0.0,0.0,0.0,1,1,0,0.9013034799999999,0.840088529,-0.06121495099999996
414,0.97749996,1.0,0.022500040000000054,1.0,1.0,0.0,0.925,1.0,0.07499999999999996,0.0,0.0,0.0,0.0,0.0,0.0,0.0,0.0,0.0,1,1,0,0.9775,1.0,0.022499999999999964
415,0.72295135,0.9321395,0.20918815000000002,0.6042162,0.90305644,0.29884024,1.0,1.0,0.0,0.0,0.0,0.0,0.0,0.0,0.0,0.0,0.0,0.0,1,1,0,0.7229513399999999,0.9321395079999999,0.20918816799999995
416,0.8483877,0.92136776,0.07298006000000001,0.8316254,0.8876682,0.05604280000000006,0.8875,1.0,0.11250000000000004,0.0,0.0,0.0,0.0,0.0,0.0,0.0,0.0,0.0,1,1,0,0.8483877799999999,0.92136774,0.07297996000000007
417,0.9139477,0.9093173,-0.0046304000000000345,0.909211,0.8704533,-0.038757700000000006,0.925,1.0,0.07499999999999996,0.0,0.0,0.0,0.0,0.0,0.0,0.0,0.0,0.0,1,1,0,0.9139477,0.90931731,-0.004630389999999984
418,0.90840304,0.8999073,-0.008495740000000085,0.8691471,0.85701036,-0.01213673999999998,1.0,1.0,0.0,0.0,0.0,0.0,0.0,0.0,0.0,0.0,0.0,0.0,1,1,0,0.9084029699999998,0.899907252,-0.008495717999999819
419,0.94,0.9063282,-0.03367179999999992,1.0,0.94654036,-0.05345964000000003,0.8,0.8125,0.012499999999999956,0.0,0.0,0.0,0.0,0.0,0.0,0.0,0.0,0.0,1,1,0,0.94,0.906328252,-0.033671747999999946
420,0.8303074,0.95780736,0.12749995999999997,0.9879391,0.9879391,0.0,0.4625,0.8875,0.42499999999999993,0.0,0.0,0.0,0.0,0.0,0.0,0.0,0.0,0.0,1,1,0,0.83030737,0.9578073699999999,0.12749999999999995
421,0.77882224,0.8732206,0.09439836000000001,0.8554603,0.81888664,-0.03657365999999995,0.6,1.0,0.4,0.0,0.0,0.0,0.0,0.0,0.0,0.0,0.0,0.0,1,1,0,0.77882221,0.873220648,0.09439843800000003
422,1.0,1.0,0.0,1.0,1.0,0.0,1.0,1.0,0.0,0.0,0.0,0.0,0.0,0.0,0.0,0.0,0.0,0.0,1,1,0,1.0,1.0,0.0
423,0.91140807,0.9380383,0.026630229999999977,0.87344015,0.91148317,0.03804302000000004,1.0,1.0,0.0,0.0,0.0,0.0,0.0,0.0,0.0,0.0,0.0,0.0,1,1,0,0.911408105,0.9380382190000001,0.026630114000000038
424,0.8403744,0.85345614,0.013081740000000064,0.82553476,0.8388659,0.013331140000000019,0.875,0.8875,0.012499999999999956,0.0,0.0,0.0,0.0,0.0,0.0,0.0,0.0,0.0,1,1,0,0.8403743319999999,0.85345613,0.013081798000000089
425,0.94375,0.90608805,-0.037661949999999944,1.0,0.91405445,-0.08594555000000004,0.8125,0.8875,0.07499999999999996,0.0,0.0,0.0,0.0,0.0,0.0,0.0,0.0,0.0,1,1,0,0.94375,0.906088115,-0.037661885000000006
426,0.8287781,0.82875824,-1.985999999998267e-05,0.9375401,0.8625118,-0.07502829999999994,0.575,0.75,0.17500000000000004,0.0,0.0,0.0,0.0,0.0,0.0,0.0,0.0,0.0,1,1,0,0.8287780699999999,0.82875826,-1.9809999999953476e-05
427,0.9222296,0.91212654,-0.010103059999999942,0.9371137,0.8744664,-0.06264730000000007,0.8875,1.0,0.11250000000000004,0.0,0.0,0.0,0.0,0.0,0.0,0.0,0.0,0.0,1,1,0,0.9222295899999999,0.91212648,-0.01010310999999997
428,0.7822901,0.8991747,0.1168846,0.73720014,0.8881067,0.15090656000000002,0.8875,0.925,0.03750000000000009,0.0,0.0,0.0,0.0,0.0,0.0,0.0,0.0,0.0,1,1,0,0.7822900979999999,0.8991746899999999,0.11688459200000001
429,0.94813997,1.0,0.051860029999999946,0.9259142,0.99999994,0.07408574000000001,1.0,1.0,0.0,0.0,0.0,0.0,0.0,0.0,0.0,0.0,0.0,0.0,1,1,0,0.9481399399999999,0.9999999580000001,0.051860018000000174
430,0.0,0.9123794,0.9123794,0.5500351,0.8748276,0.32479250000000004,0.29545456,1.0,0.70454544,0.0,0.0,0.0,0.0,0.0,0.0,1.0,0.0,-1.0,0,1,1,0.473660938,0.9123793199999999,0.4387183819999999
431,1.0,1.0,0.0,1.0,1.0,0.0,1.0,1.0,0.0,0.0,0.0,0.0,0.0,0.0,0.0,0.0,0.0,0.0,1,1,0,1.0,1.0,0.0
432,0.8973225,0.9685221,0.07119960000000003,0.88546073,0.98717433,0.10171359999999996,0.925,0.925,0.0,0.0,0.0,0.0,0.0,0.0,0.0,0.0,0.0,0.0,1,1,0,0.897322511,0.968522031,0.07119951999999996
433,0.9115248,0.96361655,0.05209174999999999,0.9218212,0.94802374,0.026202539999999996,0.8875,1.0,0.11250000000000004,0.0,0.0,0.0,0.0,0.0,0.0,0.0,0.0,0.0,1,1,0,0.91152484,0.9636166179999999,0.052091777999999866
434,1.0,1.0,0.0,1.0,1.0,0.0,1.0,1.0,0.0,0.0,0.0,0.0,0.0,0.0,0.0,0.0,0.0,0.0,1,1,0,1.0,1.0,0.0
435,0.878777,0.9213142,0.04253719999999994,0.95003855,0.88759166,-0.06244689000000003,0.71250004,1.0,0.28749996,0.0,0.0,0.0,0.0,0.0,0.0,0.0,0.0,0.0,1,1,0,0.878776997,0.921314162,0.04253716500000004
436,0.8287999,0.89881724,0.07001733999999993,0.8411427,0.8875961,0.04645339999999998,0.8,0.925,0.125,0.0,0.0,0.0,0.0,0.0,0.0,0.0,0.0,0.0,1,1,0,0.82879989,0.8988172699999999,0.0700173799999999
437,0.903681,0.87513775,-0.02854324999999991,0.9106156,0.8216253,-0.08899029999999997,0.8875,1.0,0.11250000000000004,0.0,0.0,0.0,0.0,0.0,0.0,0.0,0.0,0.0,1,1,0,0.9036809199999999,0.87513771,-0.02854320999999993
438,0.96625006,0.9912095,0.024959439999999944,1.0,0.98744214,-0.012557860000000032,0.8875,1.0,0.11250000000000004,0.0,0.0,0.0,0.0,0.0,0.0,0.0,0.0,0.0,1,1,0,0.9662499999999999,0.9912094979999999,0.02495949799999997
439,0.853981,0.98494214,0.13096114000000003,0.8556872,0.9784888,0.12280160000000007,0.85,1.0,0.15000000000000002,0.0,0.0,0.0,0.0,0.0,0.0,0.0,0.0,0.0,1,1,0,0.85398104,0.9849421599999999,0.13096111999999993
440,0.86953926,0.9028177,0.03327843999999991,0.8136275,0.8611682,0.0475407000000001,1.0,1.0,0.0,0.0,0.0,0.0,0.0,0.0,0.0,0.0,0.0,0.0,1,1,0,0.8695392499999999,0.9028177399999999,0.03327849000000005
441,0.67244023,0.94772434,0.2752841100000001,0.67670035,0.92532057,0.24862022000000006,0.6625,1.0,0.3375,0.0,0.0,0.0,0.0,0.0,0.0,0.0,0.0,0.0,1,1,0,0.672440245,0.9477243989999999,0.27528415399999995
442,0.8788506,0.8614626,-0.01738800000000007,0.87514365,0.85030365,-0.024840000000000084,0.8875,0.8875,0.0,0.0,0.0,0.0,0.0,0.0,0.0,0.0,0.0,0.0,1,1,0,0.878850555,0.8614625549999999,-0.01738800000000007
443,0.8399364,0.83099794,-0.008938459999999981,0.8999091,0.8121399,-0.08776919999999999,0.7,0.875,0.17500000000000004,0.0,0.0,0.0,0.0,0.0,0.0,0.0,0.0,0.0,1,1,0,0.83993637,0.8309979299999999,-0.008938440000000103
444,1.0,1.0,0.0,1.0,1.0,0.0,1.0,1.0,0.0,0.0,0.0,0.0,0.0,0.0,0.0,0.0,0.0,0.0,1,1,0,1.0,1.0,0.0
445,0.8950712,0.9358255,0.04075430000000002,0.8822446,0.90832216,0.026077559999999944,0.925,1.0,0.07499999999999996,0.0,0.0,0.0,0.0,0.0,0.0,0.0,0.0,0.0,1,1,0,0.89507122,0.9358255119999999,0.040754291999999914
446,0.8908655,0.89999753,0.009132030000000069,0.8440936,0.85713935,0.013045749999999967,1.0,1.0,0.0,0.0,0.0,0.0,0.0,0.0,0.0,0.0,0.0,0.0,1,1,0,0.89086552,0.899997545,0.009132024999999988
447,0.7669854,0.7179915,-0.048993900000000035,0.80640775,0.7792735,-0.027134250000000026,0.675,0.575,-0.10000000000000009,0.0,0.0,0.0,0.0,0.0,0.0,0.0,0.0,0.0,1,1,0,0.766985425,0.7179914499999999,-0.048993975000000134
448,0.86323184,0.8171493,-0.046082540000000005,0.8528313,0.7869989,-0.06583240000000001,0.8875,0.8875,0.0,0.0,0.0,0.0,0.0,0.0,0.0,0.0,0.0,0.0,1,1,0,0.8632319099999999,0.81714923,-0.04608267999999993
449,0.8876749,0.8615843,-0.026090600000000075,0.88774997,0.85047764,-0.037272329999999965,0.8875,0.8875,0.0,0.0,0.0,0.0,0.0,0.0,0.0,0.0,0.0,0.0,1,1,0,0.8876749789999999,0.8615843479999999,-0.026090630999999975
450,0.7432341,0.669077,-0.07415709999999998,0.6331915,0.5272528,-0.10593870000000005,1.0,1.0,0.0,0.0,0.0,0.0,0.0,0.0,0.0,0.0,0.0,0.0,1,1,0,0.74323405,0.6690769599999999,-0.07415709000000004
451,0.0,0.0,0.0,1.0,1.0,0.0,1.0,1.0,0.0,1.0,1.0,0.0,1.0,1.0,0.0,0.0,0.0,0.0,0,0,0,1.0,1.0,0.0
452,0.9210558,0.895689,-0.025366800000000023,0.8872225,0.8509842,-0.03623830000000006,1.0,1.0,0.0,0.0,0.0,0.0,0.0,0.0,0.0,0.0,0.0,0.0,1,1,0,0.9210557500000001,0.8956889399999999,-0.025366810000000184
453,0.90103287,0.89490074,-0.006132130000000013,0.94968975,0.8980724,-0.051617350000000006,0.7875,0.8875,0.09999999999999998,0.0,0.0,0.0,0.0,0.0,0.0,0.0,0.0,0.0,1,1,0,0.9010328249999999,0.8949006799999999,-0.006132145000000033
454,0.8741892,0.916797,0.042607799999999973,0.8202703,0.8811385,0.06086820000000004,1.0,1.0,0.0,0.0,0.0,0.0,0.0,0.0,0.0,0.0,0.0,0.0,1,1,0,0.8741892099999999,0.9167969499999999,0.042607740000000005
455,1.0,1.0,0.0,1.0,1.0,0.0,1.0,1.0,0.0,0.0,0.0,0.0,0.0,0.0,0.0,0.0,0.0,0.0,1,1,0,1.0,1.0,0.0
456,0.9982397,0.9982397,0.0,0.99748534,0.99748534,0.0,1.0,1.0,0.0,0.0,0.0,0.0,0.0,0.0,0.0,0.0,0.0,0.0,1,1,0,0.9982397379999999,0.9982397379999999,0.0
457,0.9011822,0.91866034,0.01747813999999992,0.949903,0.9373719,-0.012531100000000017,0.7875,0.875,0.08750000000000002,0.0,0.0,0.0,0.0,0.0,0.0,0.0,0.0,0.0,1,1,0,0.9011821,0.91866033,0.01747823000000004
458,0.85634243,0.96037674,0.10403430999999996,0.84298915,0.94339544,0.10040629000000001,0.8875,1.0,0.11250000000000004,0.0,0.0,0.0,0.0,0.0,0.0,0.0,0.0,0.0,1,1,0,0.8563424049999999,0.9603768079999999,0.104034403
459,0.0,0.87510854,0.87510854,0.06995222,0.8215837,0.75163148,0.91549295,1.0,0.08450705000000003,1.0,0.0,-1.0,1.0,0.0,-1.0,0.0,0.0,0.0,0,1,1,0.323614439,0.87510859,0.551494151
460,0.9679734,1.0,0.032026600000000016,0.9542478,1.0000001,0.04575230000000008,1.0,1.0,0.0,0.0,0.0,0.0,0.0,0.0,0.0,0.0,0.0,0.0,1,1,0,0.9679734599999998,1.00000007,0.03202661000000018
461,1.0,1.0,0.0,1.0,1.0,0.0,1.0,1.0,0.0,0.0,0.0,0.0,0.0,0.0,0.0,0.0,0.0,0.0,1,1,0,1.0,1.0,0.0
462,0.90860236,0.8362072,-0.07239516000000001,0.9497891,0.8731531,-0.07663600000000004,0.8125,0.75,-0.0625,0.0,0.0,0.0,0.0,0.0,0.0,0.0,0.0,0.0,1,1,0,0.90860237,0.83620717,-0.07239519999999999
463,0.8195969,0.91785544,0.09825854,0.79585266,0.93086505,0.13501238999999998,0.875,0.8875,0.012499999999999956,0.0,0.0,0.0,0.0,0.0,0.0,0.0,0.0,0.0,1,1,0,0.819596862,0.917855535,0.09825867299999991
464,0.83143866,0.8936767,0.062238039999999994,0.81812656,0.84810954,0.029982980000000103,0.8625,1.0,0.13749999999999996,0.0,0.0,0.0,0.0,0.0,0.0,0.0,0.0,0.0,1,1,0,0.8314385919999998,0.8936766780000001,0.06223808600000025
465,0.8277054,0.87878287,0.05107746999999996,0.7860076,0.8268327,0.04082509999999995,0.925,1.0,0.07499999999999996,0.0,0.0,0.0,0.0,0.0,0.0,0.0,0.0,0.0,1,1,0,0.82770532,0.8787828899999999,0.051077569999999906
466,0.82419914,0.875823,0.051623859999999966,0.7970702,0.82260424,0.025534040000000036,0.8875,1.0,0.11250000000000004,0.0,0.0,0.0,0.0,0.0,0.0,0.0,0.0,0.0,1,1,0,0.8241991399999999,0.875822968,0.051623828000000094
467,0.92949945,1.0,0.07050055,0.89928496,0.99999994,0.10071498000000001,1.0,1.0,0.0,0.0,0.0,0.0,0.0,0.0,0.0,0.0,0.0,0.0,1,1,0,0.929499472,0.9999999580000001,0.07050048600000003
468,0.97749996,1.0,0.022500040000000054,1.0,1.0,0.0,0.925,1.0,0.07499999999999996,0.0,0.0,0.0,0.0,0.0,0.0,0.0,0.0,0.0,1,1,0,0.9775,1.0,0.022499999999999964
469,0.89741004,0.9385645,0.041154460000000004,0.9498715,0.9122349,-0.03763660000000002,0.77500004,1.0,0.22499996,0.0,0.0,0.0,0.0,0.0,0.0,0.0,0.0,0.0,1,1,0,0.8974100619999998,0.93856443,0.04115436800000016
470,0.81148684,0.79958934,-0.011897500000000005,0.7789098,0.71369904,-0.06521076000000003,0.8875,1.0,0.11250000000000004,0.0,0.0,0.0,0.0,0.0,0.0,0.0,0.0,0.0,1,1,0,0.8114868599999999,0.7995893279999999,-0.011897531999999988
471,0.908544,0.8783285,-0.030215500000000062,0.94970566,0.87439793,-0.07530773000000002,0.8125,0.8875,0.07499999999999996,0.0,0.0,0.0,0.0,0.0,0.0,0.0,0.0,0.0,1,1,0,0.908543962,0.878328551,-0.030215411000000025
472,0.8357197,0.9280413,0.0923216,0.7653138,0.89720184,0.13188803999999998,1.0,1.0,0.0,0.0,0.0,0.0,0.0,0.0,0.0,0.0,0.0,0.0,1,1,0,0.8357196600000001,0.928041288,0.09232162799999988
473,1.0,1.0,0.0,1.0,1.0,0.0,1.0,1.0,0.0,0.0,0.0,0.0,0.0,0.0,0.0,0.0,0.0,0.0,1,1,0,1.0,1.0,0.0
474,0.8967886,0.8593332,-0.03745540000000003,0.90076935,0.7990474,-0.10172195000000006,0.8875,1.0,0.11250000000000004,0.0,0.0,0.0,0.0,0.0,0.0,0.0,0.0,0.0,1,1,0,0.8967885449999999,0.8593331799999999,-0.03745536500000002
475,0.92241377,0.89258826,-0.02982551,0.9373768,0.84655464,-0.09082215999999999,0.8875,1.0,0.11250000000000004,0.0,0.0,0.0,0.0,0.0,0.0,0.0,0.0,0.0,1,1,0,0.92241376,0.892588248,-0.029825511999999943
476,0.59266734,0.35592017,-0.23674717,0.45023906,0.07988593,-0.37035313000000003,0.925,1.0,0.07499999999999996,0.0,0.0,0.0,0.0,0.0,0.0,0.0,0.0,0.0,1,1,0,0.592667342,0.35592015099999996,-0.23674719100000008
477,1.0,1.0,0.0,1.0,1.0,0.0,1.0,1.0,0.0,0.0,0.0,0.0,0.0,0.0,0.0,0.0,0.0,0.0,1,1,0,1.0,1.0,0.0
478,1.0,1.0,0.0,1.0,1.0,0.0,1.0,1.0,0.0,0.0,0.0,0.0,0.0,0.0,0.0,0.0,0.0,0.0,1,1,0,1.0,1.0,0.0
479,0.95500004,0.95874995,0.003749909999999912,1.0,1.0,0.0,0.85,0.8625,0.012500000000000067,0.0,0.0,0.0,0.0,0.0,0.0,0.0,0.0,0.0,1,1,0,0.955,0.95875,0.003750000000000031
480,1.0,1.0,0.0,1.0,1.0,0.0,1.0,1.0,0.0,0.0,0.0,0.0,0.0,0.0,0.0,0.0,0.0,0.0,1,1,0,1.0,1.0,0.0
481,0.0,0.94375,0.94375,1.0,1.0,0.0,0.5,0.8125,0.3125,1.0,0.0,-1.0,1.0,0.0,-1.0,0.0,0.0,0.0,0,1,1,0.85,0.94375,0.09375
482,0.97749996,1.0,0.022500040000000054,1.0,1.0,0.0,0.925,1.0,0.07499999999999996,0.0,0.0,0.0,0.0,0.0,0.0,0.0,0.0,0.0,1,1,0,0.9775,1.0,0.022499999999999964
483,1.0,1.0,0.0,1.0,1.0,0.0,1.0,1.0,0.0,0.0,0.0,0.0,0.0,0.0,0.0,0.0,0.0,0.0,1,1,0,1.0,1.0,0.0
484,0.96250004,1.0,0.03749996,1.0,1.0,0.0,0.875,1.0,0.125,0.0,0.0,0.0,0.0,0.0,0.0,0.0,0.0,0.0,1,1,0,0.9624999999999999,1.0,0.03750000000000009
485,0.97749996,1.0,0.022500040000000054,1.0,1.0,0.0,0.925,1.0,0.07499999999999996,0.0,0.0,0.0,0.0,0.0,0.0,0.0,0.0,0.0,1,1,0,0.9775,1.0,0.022499999999999964
486,0.89087313,0.90468353,0.0138104,0.87624735,0.8638336,-0.012413750000000001,0.925,1.0,0.07499999999999996,0.0,0.0,0.0,0.0,0.0,0.0,0.0,0.0,0.0,1,1,0,0.890873145,0.9046835199999999,0.01381037499999982
487,0.8750132,0.89629346,0.02128025999999994,0.95001876,0.90006214,-0.04995662000000001,0.7,0.8875,0.1875,0.0,0.0,0.0,0.0,0.0,0.0,0.0,0.0,0.0,1,1,0,0.8750131319999999,0.8962934979999999,0.02128036600000005
488,0.9287758,0.9300564,0.001280599999999965,0.96253675,0.90008056,-0.06245619000000002,0.85,1.0,0.15000000000000002,0.0,0.0,0.0,0.0,0.0,0.0,0.0,0.0,0.0,1,1,0,0.928775725,0.930056392,0.0012806669999999576
489,0.86861485,0.8818391,0.013224249999999937,0.9087356,0.8311987,-0.07753690000000002,0.77500004,1.0,0.22499996,0.0,0.0,0.0,0.0,0.0,0.0,0.0,0.0,0.0,1,1,0,0.8686149319999998,0.8818390899999999,0.013224158000000097
490,0.7957987,0.9286175,0.13281880000000001,0.70828384,0.89802504,0.18974120000000005,1.0,1.0,0.0,0.0,0.0,0.0,0.0,0.0,0.0,0.0,0.0,0.0,1,1,0,0.795798688,0.928617528,0.13281884
491,0.886236,0.90097237,0.014736369999999943,0.88569427,0.90674615,0.021051880000000023,0.8875,0.8875,0.0,0.0,0.0,0.0,0.0,0.0,0.0,0.0,0.0,0.0,1,1,0,0.886235989,0.9009723049999999,0.014736315999999916
492,0.8817913,0.95788497,0.07609367,0.890059,0.9398356,0.04977659999999995,0.8625,1.0,0.13749999999999996,0.0,0.0,0.0,0.0,0.0,0.0,0.0,0.0,0.0,1,1,0,0.8817913,0.9578849199999999,0.07609361999999997
493,1.0,0.99979115,-0.00020885000000003817,1.0,0.9997016,-0.000298400000000032,1.0,1.0,0.0,0.0,0.0,0.0,0.0,0.0,0.0,0.0,0.0,0.0,1,1,0,1.0,0.99979112,-0.00020887999999996687
494,0.96625006,0.9474474,-0.01880265999999997,1.0,0.92492485,-0.07507514999999998,0.8875,1.0,0.11250000000000004,0.0,0.0,0.0,0.0,0.0,0.0,0.0,0.0,0.0,1,1,0,0.9662499999999999,0.947447395,-0.018802604999999972
495,1.0,1.0,0.0,1.0,1.0,0.0,1.0,1.0,0.0,0.0,0.0,0.0,0.0,0.0,0.0,0.0,0.0,0.0,1,1,0,1.0,1.0,0.0
496,0.86816293,0.8520771,-0.016085829999999968,0.81166136,0.8368958,0.02523443999999997,1.0,0.8875,-0.11250000000000004,0.0,0.0,0.0,0.0,0.0,0.0,0.0,0.0,0.0,1,1,0,0.868162952,0.8520770599999999,-0.0160858920000001
497,0.7794909,0.95500004,0.17550914000000006,0.9099869,1.0,0.09001309999999996,0.475,0.85,0.375,0.0,0.0,0.0,0.0,0.0,0.0,0.0,0.0,0.0,1,1,0,0.77949083,0.955,0.17550917
498,0.9646624,1.0,0.03533759999999997,0.94951767,1.0,0.05048233000000002,1.0,1.0,0.0,0.0,0.0,0.0,0.0,0.0,0.0,0.0,0.0,0.0,1,1,0,0.964662369,1.0,0.03533763099999998
499,0.85594314,0.9426587,0.08671555999999991,0.79420435,0.91808385,0.12387950000000003,1.0,1.0,0.0,0.0,0.0,0.0,0.0,0.0,0.0,0.0,0.0,0.0,1,1,0,0.8559430449999998,0.942658695,0.08671565000000014
500,0.94375,0.9449795,0.0012294999999999945,1.0,0.97497064,-0.02502936,0.8125,0.875,0.0625,0.0,0.0,0.0,0.0,0.0,0.0,0.0,0.0,0.0,1,1,0,0.94375,0.944979448,0.0012294480000000219
501,0.8791427,0.9098204,0.03067769999999992,0.9612752,0.871172,-0.09010320000000005,0.6875,1.0,0.3125,0.0,0.0,0.0,0.0,0.0,0.0,0.0,0.0,0.0,1,1,0,0.87914264,0.9098203999999999,0.030677759999999887
502,1.0,1.0,0.0,1.0,1.0,0.0,1.0,1.0,0.0,0.0,0.0,0.0,0.0,0.0,0.0,0.0,0.0,0.0,1,1,0,1.0,1.0,0.0
503,0.96625006,0.9325,-0.033750060000000026,1.0,1.0,0.0,0.8875,0.77500004,-0.11249995999999995,0.0,0.0,0.0,0.0,0.0,0.0,0.0,0.0,0.0,1,1,0,0.9662499999999999,0.932500012,-0.03374998799999995
504,0.88612026,0.9198702,0.03374993999999998,0.8855289,0.8855289,0.0,0.8875,1.0,0.11250000000000004,0.0,0.0,0.0,0.0,0.0,0.0,0.0,0.0,0.0,1,1,0,0.88612023,0.9198702299999999,0.03374999999999995
505,0.5242754,0.74688643,0.22261103000000004,0.32039347,0.75626624,0.43587276999999996,1.0,0.725,-0.275,0.0,0.0,0.0,0.0,0.0,0.0,0.0,0.0,0.0,1,1,0,0.524275429,0.746886368,0.22261093899999995
506,0.9687592,0.91211665,-0.05664255000000007,0.98751307,0.8744524,-0.11306066999999997,0.925,1.0,0.07499999999999996,0.0,0.0,0.0,0.0,0.0,0.0,0.0,0.0,0.0,1,1,0,0.968759149,0.91211668,-0.05664246900000003
507,0.9025,0.922929,0.02042900000000003,1.0,0.9381128,-0.06188720000000003,0.675,0.8875,0.2124999999999999,0.0,0.0,0.0,0.0,0.0,0.0,0.0,0.0,0.0,1,1,0,0.9025,0.9229289599999999,0.02042895999999994
508,0.83159983,0.9649723,0.13337246999999997,0.79692835,0.9499605,0.15303215000000003,0.9125,1.0,0.08750000000000002,0.0,0.0,0.0,0.0,0.0,0.0,0.0,0.0,0.0,1,1,0,0.831599845,0.96497235,0.13337250500000009
509,1.0,1.0,0.0,1.0,1.0,0.0,1.0,1.0,0.0,0.0,0.0,0.0,0.0,0.0,0.0,0.0,0.0,0.0,1,1,0,1.0,1.0,0.0
510,0.84388334,0.0,-0.84388334,0.81983334,0.93032414,0.1104908,0.90000004,0.89393944,-0.0060605999999999716,0.0,0.0,0.0,0.0,0.0,0.0,0.0,1.0,1.0,1,0,-1,0.8438833499999999,0.9194087299999999,0.07552537999999998
511,0.91479105,0.971342,0.05655094999999999,0.8782729,0.95905995,0.08078704999999997,1.0,1.0,0.0,0.0,0.0,0.0,0.0,0.0,0.0,0.0,0.0,0.0,1,1,0,0.91479103,0.9713419649999999,0.05655093499999997
512,0.8841061,0.9165541,0.03244800000000003,0.8344372,0.8807915,0.04635429999999996,1.0,1.0,0.0,0.0,0.0,0.0,0.0,0.0,0.0,0.0,0.0,0.0,1,1,0,0.88410604,0.91655405,0.03244800999999997
513,0.90778065,0.8730036,-0.034777049999999976,0.9218294,0.8185766,-0.10325280000000003,0.875,1.0,0.125,0.0,0.0,0.0,0.0,0.0,0.0,0.0,0.0,0.0,1,1,0,0.9077805800000001,0.87300362,-0.03477696000000008
514,1.0,1.0,0.0,1.0,1.0,0.0,1.0,1.0,0.0,0.0,0.0,0.0,0.0,0.0,0.0,0.0,0.0,0.0,1,1,0,1.0,1.0,0.0
515,0.92119455,0.8861689,-0.03502564999999991,0.8874208,0.8373841,-0.050036700000000045,1.0,1.0,0.0,0.0,0.0,0.0,0.0,0.0,0.0,0.0,0.0,0.0,1,1,0,0.92119456,0.8861688699999999,-0.03502569000000011
516,1.0,1.0,0.0,1.0,1.0,0.0,1.0,1.0,0.0,0.0,0.0,0.0,0.0,0.0,0.0,0.0,0.0,0.0,1,1,0,1.0,1.0,0.0
517,0.855118,0.91571444,0.060596439999999974,0.7930256,0.8795921,0.08656649999999999,1.0,1.0,0.0,0.0,0.0,0.0,0.0,0.0,0.0,0.0,0.0,0.0,1,1,0,0.8551179199999999,0.91571447,0.06059655000000008
518,0.96625006,0.9231209,-0.04312916,1.0,0.9383869,-0.061613099999999976,0.8875,0.8875,0.0,0.0,0.0,0.0,0.0,0.0,0.0,0.0,0.0,0.0,1,1,0,0.9662499999999999,0.92312083,-0.04312916999999994
519,1.0,1.0,0.0,1.0,1.0,0.0,1.0,1.0,0.0,0.0,0.0,0.0,0.0,0.0,0.0,0.0,0.0,0.0,1,1,0,1.0,1.0,0.0
520,0.84250003,0.7864869,-0.05601312999999997,1.0,0.9253384,-0.0746616,0.475,0.4625,-0.012499999999999956,0.0,0.0,0.0,0.0,0.0,0.0,0.0,0.0,0.0,1,1,0,0.8424999999999999,0.78648688,-0.056013119999999916
521,0.9175,0.9393695,0.021869499999999986,1.0,0.913385,-0.086615,0.725,1.0,0.275,0.0,0.0,0.0,0.0,0.0,0.0,0.0,0.0,0.0,1,1,0,0.9175,0.9393695,0.021869499999999986
522,0.76611745,0.8036459,0.037528450000000046,0.87481064,0.9123513,0.037540660000000003,0.5125,0.55,0.03750000000000009,0.0,0.0,0.0,0.0,0.0,0.0,0.0,0.0,0.0,1,1,0,0.7661174479999999,0.80364591,0.03752846200000004
523,1.0,1.0,0.0,1.0,1.0,0.0,1.0,1.0,0.0,0.0,0.0,0.0,0.0,0.0,0.0,0.0,0.0,0.0,1,1,0,1.0,1.0,0.0
524,0.87250006,0.9428076,0.07030753999999995,1.0,0.95043945,-0.049560550000000037,0.575,0.925,0.3500000000000001,0.0,0.0,0.0,0.0,0.0,0.0,0.0,0.0,0.0,1,1,0,0.8724999999999999,0.942807615,0.07030761500000005
525,0.9262415,0.91278803,-0.013453470000000078,0.9749879,0.8754114,-0.09957650000000007,0.8125,1.0,0.1875,0.0,0.0,0.0,0.0,0.0,0.0,0.0,0.0,0.0,1,1,0,0.92624153,0.9127879799999998,-0.013453550000000147
526,0.97749996,1.0,0.022500040000000054,1.0,1.0,0.0,0.925,1.0,0.07499999999999996,0.0,0.0,0.0,0.0,0.0,0.0,0.0,0.0,0.0,1,1,0,0.9775,1.0,0.022499999999999964
527,1.0,1.0,0.0,1.0,1.0,0.0,1.0,1.0,0.0,0.0,0.0,0.0,0.0,0.0,0.0,0.0,0.0,0.0,1,1,0,1.0,1.0,0.0
528,0.0,0.0,0.0,1.0,1.0,0.0,1.0,1.0,0.0,1.0,1.0,0.0,1.0,1.0,0.0,0.0,0.0,0.0,0,0,0,1.0,1.0,0.0
529,1.0,0.95874995,-0.04125005000000004,1.0000001,1.0000001,0.0,1.0,0.8625,-0.13749999999999996,0.0,0.0,0.0,0.0,0.0,0.0,0.0,0.0,0.0,1,1,0,1.00000007,0.95875007,-0.04125000000000001
530,0.93121177,0.91212827,-0.01908350000000003,0.9499454,0.87446886,-0.07547654000000004,0.8875,1.0,0.11250000000000004,0.0,0.0,0.0,0.0,0.0,0.0,0.0,0.0,0.0,1,1,0,0.9312117799999999,0.9121282019999999,-0.019083578000000045
531,0.87602216,0.9084616,0.032439439999999986,0.9621744,0.94958794,-0.012586459999999966,0.675,0.8125,0.13749999999999996,0.0,0.0,0.0,0.0,0.0,0.0,0.0,0.0,0.0,1,1,0,0.8760220799999999,0.908461558,0.03243947800000002
532,0.9487238,0.9298858,-0.01883800000000002,0.97496253,0.8998368,-0.07512573,0.8875,1.0,0.11250000000000004,0.0,0.0,0.0,0.0,0.0,0.0,0.0,0.0,0.0,1,1,0,0.9487237709999999,0.9298857599999999,-0.018838011000000043
533,0.6906983,1.0,0.3093017,0.55814046,1.0,0.44185954000000005,1.0,1.0,0.0,0.0,0.0,0.0,0.0,0.0,0.0,0.0,0.0,0.0,1,1,0,0.6906983219999999,1.0,0.3093016780000001
534,1.0,1.0,0.0,1.0,1.0,0.0,1.0,1.0,0.0,0.0,0.0,0.0,0.0,0.0,0.0,0.0,0.0,0.0,1,1,0,1.0,1.0,0.0
535,0.91024154,0.88112783,-0.02911371000000007,0.87177354,0.8301826,-0.041590939999999965,1.0,1.0,0.0,0.0,0.0,0.0,0.0,0.0,0.0,0.0,0.0,0.0,1,1,0,0.9102414779999999,0.8811278199999999,-0.029113657999999987
536,0.90358317,0.92445576,0.02087258999999997,0.86226165,0.89207965,0.02981800000000001,1.0,1.0,0.0,0.0,0.0,0.0,0.0,0.0,0.0,0.0,0.0,0.0,1,1,0,0.903583155,0.9244557549999999,0.020872599999999908
537,0.8519001,0.8037011,-0.0481990000000001,0.8741429,0.7731444,-0.10099849999999999,0.8,0.875,0.07499999999999996,0.0,0.0,0.0,0.0,0.0,0.0,0.0,0.0,0.0,1,1,0,0.8519000299999999,0.80370108,-0.04819894999999996
538,0.8571518,0.9302824,0.07313059999999993,0.96735966,0.9004034,-0.06695625999999999,0.6,1.0,0.4,0.0,0.0,0.0,0.0,0.0,0.0,0.0,0.0,0.0,1,1,0,0.857151762,0.93028238,0.07313061799999998
539,0.8456316,0.84684163,0.001210029999999973,0.8544737,0.8669166,0.012442900000000034,0.825,0.8,-0.02499999999999991,0.0,0.0,0.0,0.0,0.0,0.0,0.0,0.0,0.0,1,1,0,0.8456315899999999,0.84684162,0.001210030000000084
540,0.91749996,0.96250004,0.04500008,0.99999994,0.99999994,0.0,0.725,0.875,0.15000000000000002,0.0,0.0,0.0,0.0,0.0,0.0,0.0,0.0,0.0,1,1,0,0.9174999580000001,0.962499958,0.04499999999999993
541,0.7293095,0.9348425,0.20553299999999997,0.66151357,0.93906075,0.27754718,0.8875,0.925,0.03750000000000009,0.0,0.0,0.0,0.0,0.0,0.0,0.0,0.0,0.0,1,1,0,0.729309499,0.9348425250000001,0.20553302600000012
542,0.98584026,0.98584026,0.0,0.9797717,0.9797717,0.0,1.0,1.0,0.0,0.0,0.0,0.0,0.0,0.0,0.0,0.0,0.0,0.0,1,1,0,0.98584019,0.98584019,0.0
543,0.9325,1.0,0.0675,1.0,1.0,0.0,0.77500004,1.0,0.22499996,0.0,0.0,0.0,0.0,0.0,0.0,0.0,0.0,0.0,1,1,0,0.932500012,1.0,0.06749998800000001
544,1.0,1.0,0.0,1.0,1.0,0.0,1.0,1.0,0.0,0.0,0.0,0.0,0.0,0.0,0.0,0.0,0.0,0.0,1,1,0,1.0,1.0,0.0
545,0.89875,0.92790806,0.029158059999999986,1.0,0.89701146,-0.10298854000000002,0.6625,1.0,0.3375,0.0,0.0,0.0,0.0,0.0,0.0,0.0,0.0,0.0,1,1,0,0.8987499999999999,0.927908022,0.02915802200000006
546,0.9321966,0.97719663,0.04500002999999997,0.9674237,0.9674237,0.0,0.85,1.0,0.15000000000000002,0.0,0.0,0.0,0.0,0.0,0.0,0.0,0.0,0.0,1,1,0,0.93219659,0.9771965899999999,0.04499999999999993
547,1.0,1.0,0.0,1.0,1.0,0.0,1.0,1.0,0.0,0.0,0.0,0.0,0.0,0.0,0.0,0.0,0.0,0.0,1,1,0,1.0,1.0,0.0
548,0.9248478,0.88972473,-0.035123070000000034,0.9247825,0.87460667,-0.05017582999999992,0.925,0.925,0.0,0.0,0.0,0.0,0.0,0.0,0.0,0.0,0.0,0.0,1,1,0,0.9248477499999999,0.889724669,-0.035123080999999834
549,0.9090145,0.921847,0.012832500000000024,0.9503778,0.8883528,-0.062025,0.8125,1.0,0.1875,0.0,0.0,0.0,0.0,0.0,0.0,0.0,0.0,0.0,1,1,0,0.90901446,0.9218469599999999,0.012832499999999913
550,0.93919104,1.0,0.06080896000000002,0.91313,1.0,0.08687,1.0,1.0,0.0,0.0,0.0,0.0,0.0,0.0,0.0,0.0,0.0,0.0,1,1,0,0.9391909999999999,1.0,0.06080900000000011
551,0.7100174,0.96625006,0.25623266,0.98752487,1.0,0.012475130000000001,0.0625,0.8875,0.825,0.0,0.0,0.0,0.0,0.0,0.0,0.0,0.0,0.0,1,1,0,0.710017409,0.9662499999999999,0.25623259099999995
552,0.8644759,0.94778025,0.08330435000000003,0.8546085,0.92540026,0.07079175999999998,0.8875,1.0,0.11250000000000004,0.0,0.0,0.0,0.0,0.0,0.0,0.0,0.0,0.0,1,1,0,0.86447595,0.947780182,0.08330423200000003
553,0.88246244,0.86870426,-0.013758179999999953,0.91244626,0.8124346,-0.10001165999999995,0.8125,1.0,0.1875,0.0,0.0,0.0,0.0,0.0,0.0,0.0,0.0,0.0,1,1,0,0.8824623819999999,0.8687042199999999,-0.013758162000000018
554,0.0,0.0,0.0,0.000743038,0.0,-0.000743038,0.0,1.0,1.0,1.0,1.0,0.0,1.0,1.0,0.0,0.0,0.0,0.0,0,0,0,0.0005201266,0.3,0.2994798734
555,0.8435423,0.9325,0.08895770000000003,0.92113185,1.0,0.07886815000000003,0.6625,0.77500004,0.11250004000000002,0.0,0.0,0.0,0.0,0.0,0.0,0.0,0.0,0.0,1,1,0,0.8435422949999999,0.932500012,0.0889577170000001
556,0.91288644,0.91252804,-0.00035839999999998096,0.92376626,0.87504,-0.04872625999999991,0.8875,1.0,0.11250000000000004,0.0,0.0,0.0,0.0,0.0,0.0,0.0,0.0,0.0,1,1,0,0.9128863819999999,0.912528,-0.0003583819999999349
557,1.0,1.0,0.0,1.0,1.0,0.0,1.0,1.0,0.0,0.0,0.0,0.0,0.0,0.0,0.0,0.0,0.0,0.0,1,1,0,1.0,1.0,0.0
558,0.65131086,0.88030255,0.22899168999999997,0.53401554,0.82900363,0.29498809000000004,0.925,1.0,0.07499999999999996,0.0,0.0,0.0,0.0,0.0,0.0,0.0,0.0,0.0,1,1,0,0.651310878,0.880302541,0.22899166300000007
559,1.0,1.0,0.0,1.0,1.0,0.0,1.0,1.0,0.0,0.0,0.0,0.0,0.0,0.0,0.0,0.0,0.0,0.0,1,1,0,1.0,1.0,0.0
560,0.96625006,0.94375,-0.022500060000000044,1.0,1.0,0.0,0.8875,0.8125,-0.07499999999999996,0.0,0.0,0.0,0.0,0.0,0.0,0.0,0.0,0.0,1,1,0,0.9662499999999999,0.94375,-0.022499999999999964
561,0.7950677,0.83507216,0.04000445999999991,0.86259675,0.812603,-0.04999375000000006,0.6375,0.8875,0.25,0.0,0.0,0.0,0.0,0.0,0.0,0.0,0.0,0.0,1,1,0,0.795067725,0.8350720999999999,0.04000437499999987
562,1.0,1.0,0.0,0.99999994,0.99999994,0.0,1.0,1.0,0.0,0.0,0.0,0.0,0.0,0.0,0.0,0.0,0.0,0.0,1,1,0,0.9999999580000001,0.9999999580000001,0.0
563,0.8218052,0.0,-0.8218052,0.92757887,0.6862267,-0.2413521700000001,0.575,0.99999994,0.4249999400000001,0.0,0.0,0.0,0.0,1.0,1.0,0.0,0.0,0.0,1,0,-1,0.821805209,0.780358672,-0.041446537000000006
564,1.0,1.0,0.0,1.0,1.0,0.0,1.0,1.0,0.0,0.0,0.0,0.0,0.0,0.0,0.0,0.0,0.0,0.0,1,1,0,1.0,1.0,0.0
565,0.8563099,0.8537718,-0.0025380999999999876,0.85365707,0.79110247,-0.06255460000000002,0.8625,1.0,0.13749999999999996,0.0,0.0,0.0,0.0,0.0,0.0,0.0,0.0,0.0,1,1,0,0.8563099489999999,0.853771729,-0.0025382199999999244
566,0.8335237,0.9072494,0.0737257,0.91217667,0.89964193,-0.012534739999999989,0.65000004,0.925,0.27499996000000004,0.0,0.0,0.0,0.0,0.0,0.0,0.0,0.0,0.0,1,1,0,0.833523681,0.9072493509999999,0.07372566999999997
567,0.9175665,0.90840787,-0.009158629999999945,0.8822378,0.8691541,-0.01308369999999992,1.0,1.0,0.0,0.0,0.0,0.0,0.0,0.0,0.0,0.0,0.0,0.0,1,1,0,0.91756646,0.90840787,-0.009158589999999966
568,0.8275,0.95634395,0.12884395000000004,1.0,0.9376342,-0.06236580000000003,0.425,1.0,0.575,0.0,0.0,0.0,0.0,0.0,0.0,0.0,0.0,0.0,1,1,0,0.8274999999999999,0.95634394,0.1288439400000001
569,0.82,0.9733723,0.15337230000000002,1.0,0.9619603,-0.03803970000000001,0.4,1.0,0.6,0.0,0.0,0.0,0.0,0.0,0.0,0.0,0.0,0.0,1,1,0,0.82,0.97337221,0.15337221
570,0.9391512,0.9450755,0.0059242999999999935,0.96128744,0.92153645,-0.03975099000000004,0.8875,1.0,0.11250000000000004,0.0,0.0,0.0,0.0,0.0,0.0,0.0,0.0,0.0,1,1,0,0.939151208,0.9450755149999999,0.0059243069999999065
571,0.89201415,0.97749996,0.08548581,0.9850201,0.99999994,0.014979840000000078,0.675,0.925,0.25,0.0,0.0,0.0,0.0,0.0,0.0,0.0,0.0,0.0,1,1,0,0.89201407,0.9774999580000001,0.08548588800000012
572,0.80999625,0.88874626,0.07875001000000004,0.84106606,0.84106606,0.0,0.7375,1.0,0.26249999999999996,0.0,0.0,0.0,0.0,0.0,0.0,0.0,0.0,0.0,1,1,0,0.809996242,0.8887462419999999,0.07874999999999988
573,0.8315858,0.85037273,0.01878692999999998,0.75940824,0.7862468,0.026838560000000067,1.0,1.0,0.0,0.0,0.0,0.0,0.0,0.0,0.0,0.0,0.0,0.0,1,1,0,0.8315857679999998,0.85037276,0.018786992000000113
574,0.9352579,0.9476693,0.012411400000000072,0.90751123,0.9252419,0.01773066999999995,1.0,1.0,0.0,0.0,0.0,0.0,0.0,0.0,0.0,0.0,0.0,0.0,1,1,0,0.935257861,0.9476693299999999,0.012411468999999897
575,0.8971394,0.8971394,0.0,0.8530562,0.8530562,0.0,1.0,1.0,0.0,0.0,0.0,0.0,0.0,0.0,0.0,0.0,0.0,0.0,1,1,0,0.8971393400000001,0.8971393400000001,0.0
576,0.8804275,0.9148082,0.03438069999999993,0.91489637,0.8782974,-0.03659897000000001,0.8,1.0,0.19999999999999996,0.0,0.0,0.0,0.0,0.0,0.0,0.0,0.0,0.0,1,1,0,0.880427459,0.9148081799999999,0.03438072099999989
577,1.0,1.0,0.0,1.0,1.0,0.0,1.0,1.0,0.0,0.0,0.0,0.0,0.0,0.0,0.0,0.0,0.0,0.0,1,1,0,1.0,1.0,0.0
578,0.91,0.0,-0.91,1.0,0.51437753,-0.48562247000000003,0.7,0.627907,-0.07209299999999996,0.0,1.0,1.0,0.0,1.0,1.0,0.0,0.0,0.0,1,0,-1,0.9099999999999999,0.548436371,-0.36156362899999994
579,1.0,1.0,0.0,1.0,1.0,0.0,1.0,1.0,0.0,0.0,0.0,0.0,0.0,0.0,0.0,0.0,0.0,0.0,1,1,0,1.0,1.0,0.0
580,1.0,1.0,0.0,1.0,1.0,0.0,1.0,1.0,0.0,0.0,0.0,0.0,0.0,0.0,0.0,0.0,0.0,0.0,1,1,0,1.0,1.0,0.0
581,1.0,1.0,0.0,1.0,1.0,0.0,1.0,1.0,0.0,0.0,0.0,0.0,0.0,0.0,0.0,0.0,0.0,0.0,1,1,0,1.0,1.0,0.0
582,0.87624997,0.8734955,-0.0027544700000000644,1.0,0.8728507,-0.12714930000000002,0.58750004,0.875,0.28749996,0.0,0.0,0.0,0.0,0.0,0.0,0.0,0.0,0.0,1,1,0,0.876250012,0.87349549,-0.002754521999999926
583,0.94785064,0.92921335,-0.018637289999999918,0.97371507,0.89887625,-0.07483881999999997,0.8875,1.0,0.11250000000000004,0.0,0.0,0.0,0.0,0.0,0.0,0.0,0.0,0.0,1,1,0,0.947850549,0.929213375,-0.01863717399999998
584,0.99363536,0.99369377,5.8410000000064244e-05,0.9909077,0.990991,8.330000000000837e-05,1.0,1.0,0.0,0.0,0.0,0.0,0.0,0.0,0.0,0.0,0.0,0.0,1,1,0,0.9936353899999999,0.9936936999999999,5.831000000000586e-05
585,0.0,0.0,0.0,1.0,1.0,0.0,0.0,1.0,1.0,1.0,1.0,0.0,1.0,1.0,0.0,0.0,0.0,0.0,0,0,0,0.7,1.0,0.30000000000000004
586,0.79777986,0.8831814,0.08540154,0.75932837,0.9456162,0.18628783000000004,0.8875,0.7375,-0.1499999999999999,0.0,0.0,0.0,0.0,0.0,0.0,0.0,0.0,0.0,1,1,0,0.7977798589999999,0.8831813399999999,0.085401481
587,0.87363666,0.86479443,-0.008842229999999951,0.8730523,0.86042064,-0.012631660000000045,0.875,0.875,0.0,0.0,0.0,0.0,0.0,0.0,0.0,0.0,0.0,0.0,1,1,0,0.8736366099999999,0.864794448,-0.008842161999999876
588,1.0,1.0,0.0,1.0,1.0,0.0,1.0,1.0,0.0,0.0,0.0,0.0,0.0,0.0,0.0,0.0,0.0,0.0,1,1,0,1.0,1.0,0.0
589,0.97749996,1.0,0.022500040000000054,1.0,1.0,0.0,0.925,1.0,0.07499999999999996,0.0,0.0,0.0,0.0,0.0,0.0,0.0,0.0,0.0,1,1,0,0.9775,1.0,0.022499999999999964
590,0.94,0.9914345,0.05143450000000005,1.0,0.9877636,-0.012236400000000036,0.8,1.0,0.19999999999999996,0.0,0.0,0.0,0.0,0.0,0.0,0.0,0.0,0.0,1,1,0,0.94,0.9914345199999999,0.05143451999999993
591,0.73454756,0.8358143,0.10126674000000002,0.77078223,0.7975919,0.026809670000000008,0.65000004,0.925,0.27499996000000004,0.0,0.0,0.0,0.0,0.0,0.0,0.0,0.0,0.0,1,1,0,0.734547573,0.83581433,0.1012667570000001
592,0.94178957,0.92220634,-0.01958322999999995,0.98648506,0.8888661,-0.09761896000000003,0.83750004,1.0,0.16249996,0.0,0.0,0.0,0.0,0.0,0.0,0.0,0.0,0.0,1,1,0,0.941789554,0.92220627,-0.01958328399999998
593,0.8954088,0.90177363,0.006364829999999988,0.8827268,0.8596766,-0.02305020000000002,0.925,1.0,0.07499999999999996,0.0,0.0,0.0,0.0,0.0,0.0,0.0,0.0,0.0,1,1,0,0.89540876,0.9017736199999999,0.006364859999999917
594,0.96250004,0.96250004,0.0,1.0,1.0,0.0,0.875,0.875,0.0,0.0,0.0,0.0,0.0,0.0,0.0,0.0,0.0,0.0,1,1,0,0.9624999999999999,0.9624999999999999,0.0
595,1.0,1.0,0.0,1.0,1.0,0.0,1.0,1.0,0.0,0.0,0.0,0.0,0.0,0.0,0.0,0.0,0.0,0.0,1,1,0,1.0,1.0,0.0
596,0.95500004,0.93625003,-0.018750010000000095,1.0,1.0,0.0,0.85,0.7875,-0.0625,0.0,0.0,0.0,0.0,0.0,0.0,0.0,0.0,0.0,1,1,0,0.955,0.9362499999999999,-0.018750000000000044
597,0.99714595,0.0,-0.99714595,0.99592274,0.99550265,-0.0004200899999999841,1.0,0.99999994,-5.999999996841865e-08,0.0,0.0,0.0,0.0,1.0,1.0,0.0,0.0,0.0,1,0,-1,0.997145918,0.996851837,-0.0002940809999999461
598,0.96625006,0.899865,-0.06638506,1.0,0.91052145,-0.08947855000000005,0.8875,0.875,-0.012499999999999956,0.0,0.0,0.0,0.0,0.0,0.0,0.0,0.0,0.0,1,1,0,0.9662499999999999,0.899865015,-0.0663849849999999
599,1.0,1.0,0.0,1.0,1.0,0.0,1.0,1.0,0.0,0.0,0.0,0.0,0.0,0.0,0.0,0.0,0.0,0.0,1,1,0,1.0,1.0,0.0
600,0.72839755,0.7908971,0.06249955000000007,0.6762822,0.70128155,0.024999350000000087,0.85,1.0,0.15000000000000002,0.0,0.0,0.0,0.0,0.0,0.0,0.0,0.0,0.0,1,1,0,0.72839754,0.790897085,0.06249954499999999
601,0.94731104,0.9385852,-0.008725839999999985,0.92473,0.9122646,-0.012465400000000071,1.0,1.0,0.0,0.0,0.0,0.0,0.0,0.0,0.0,0.0,0.0,0.0,1,1,0,0.947311,0.93858522,-0.008725780000000016
602,0.9159624,0.9422124,0.026249999999999996,0.94958913,0.94958913,0.0,0.83750004,0.925,0.08749996000000004,0.0,0.0,0.0,0.0,0.0,0.0,0.0,0.0,0.0,1,1,0,0.915962403,0.942212391,0.026249988000000002
603,0.87740386,0.88865376,0.011249899999999924,0.878434,0.878434,0.0,0.875,0.9125,0.03749999999999998,0.0,0.0,0.0,0.0,0.0,0.0,0.0,0.0,0.0,1,1,0,0.8774038,0.8886537999999999,0.011249999999999982
604,0.94375,0.9492046,0.005454599999999976,1.0,0.9756494,-0.0243506,0.8125,0.8875,0.07499999999999996,0.0,0.0,0.0,0.0,0.0,0.0,0.0,0.0,0.0,1,1,0,0.94375,0.94920458,0.005454579999999987
605,1.0,1.0,0.0,1.0,1.0,0.0,1.0,1.0,0.0,0.0,0.0,0.0,0.0,0.0,0.0,0.0,0.0,0.0,1,1,0,1.0,1.0,0.0
606,0.88028854,0.948023,0.06773445999999994,0.96291214,0.9257471,-0.03716503999999998,0.6875,1.0,0.3125,0.0,0.0,0.0,0.0,0.0,0.0,0.0,0.0,0.0,1,1,0,0.8802884979999999,0.94802297,0.06773447200000016
607,0.9319722,0.9226708,-0.009301400000000015,0.95103174,0.88952965,-0.061502090000000065,0.8875,1.0,0.11250000000000004,0.0,0.0,0.0,0.0,0.0,0.0,0.0,0.0,0.0,1,1,0,0.931972218,0.922670755,-0.00930146300000001
608,0.76943856,0.85704595,0.08760738999999995,0.70276934,0.7957798,0.09301046000000002,0.925,1.0,0.07499999999999996,0.0,0.0,0.0,0.0,0.0,0.0,0.0,0.0,0.0,1,1,0,0.769438538,0.8570458599999999,0.08760732199999999
609,0.9137768,0.8776352,-0.036141599999999996,0.9250383,0.8251931,-0.09984519999999997,0.8875,1.0,0.11250000000000004,0.0,0.0,0.0,0.0,0.0,0.0,0.0,0.0,0.0,1,1,0,0.9137768099999999,0.87763517,-0.036141639999999864
610,1.0,1.0,0.0,1.0,1.0,0.0,1.0,1.0,0.0,0.0,0.0,0.0,0.0,0.0,0.0,0.0,0.0,0.0,1,1,0,1.0,1.0,0.0
611,1.0,1.0,0.0,1.0,1.0,0.0,1.0,1.0,0.0,0.0,0.0,0.0,0.0,0.0,0.0,0.0,0.0,0.0,1,1,0,1.0,1.0,0.0
612,0.88000005,0.94,0.05999994999999991,1.0,1.0,0.0,0.6,0.8,0.20000000000000007,0.0,0.0,0.0,0.0,0.0,0.0,0.0,0.0,0.0,1,1,0,0.8799999999999999,0.94,0.06000000000000005
613,0.93135035,0.93019515,-0.0011552000000000229,0.95014334,0.9002788,-0.04986453999999996,0.8875,1.0,0.11250000000000004,0.0,0.0,0.0,0.0,0.0,0.0,0.0,0.0,0.0,1,1,0,0.931350338,0.93019516,-0.001155177999999979
614,0.0,0.0,0.0,1.0,1.0,0.0,1.0,1.0,0.0,1.0,1.0,0.0,1.0,1.0,0.0,0.0,0.0,0.0,0,0,0,1.0,1.0,0.0
615,1.0,0.97477245,-0.025227549999999987,1.0,0.9639607,-0.036039299999999996,1.0,1.0,0.0,0.0,0.0,0.0,0.0,0.0,0.0,0.0,0.0,0.0,1,1,0,1.0,0.9747724899999999,-0.02522751000000012
616,0.9710991,0.9710991,0.0,0.95871305,0.95871305,0.0,1.0,1.0,0.0,0.0,0.0,0.0,0.0,0.0,0.0,0.0,0.0,0.0,1,1,0,0.971099135,0.971099135,0.0
617,0.8108212,0.85374033,0.04291913000000003,0.88510156,0.8232005,-0.06190105999999995,0.6375,0.925,0.2875000000000001,0.0,0.0,0.0,0.0,0.0,0.0,0.0,0.0,0.0,1,1,0,0.8108210919999999,0.85374035,0.04291925800000018
618,0.97749996,1.0,0.022500040000000054,1.0,1.0,0.0,0.925,1.0,0.07499999999999996,0.0,0.0,0.0,0.0,0.0,0.0,0.0,0.0,0.0,1,1,0,0.9775,1.0,0.022499999999999964
619,0.9618215,0.99369395,0.03187245000000005,0.94545925,0.9909913,0.045532050000000046,1.0,1.0,0.0,0.0,0.0,0.0,0.0,0.0,0.0,0.0,0.0,0.0,1,1,0,0.961821475,0.99369391,0.03187243499999992
620,1.0,1.0,0.0,1.0,1.0,0.0,1.0,1.0,0.0,0.0,0.0,0.0,0.0,0.0,0.0,0.0,0.0,0.0,1,1,0,1.0,1.0,0.0
621,0.8756569,0.9058768,0.030219900000000077,0.8223671,0.8655383,0.043171199999999965,1.0,1.0,0.0,0.0,0.0,0.0,0.0,0.0,0.0,0.0,0.0,0.0,1,1,0,0.8756569699999999,0.9058768099999999,0.030219839999999998
622,0.91381425,0.89883345,-0.014980800000000016,0.9250918,0.88761914,-0.037472660000000046,0.8875,0.925,0.03750000000000009,0.0,0.0,0.0,0.0,0.0,0.0,0.0,0.0,0.0,1,1,0,0.91381426,0.8988333980000001,-0.014980861999999928
623,0.95080376,0.98362607,0.03282231000000002,0.9297197,0.9766087,0.04688899999999996,1.0,1.0,0.0,0.0,0.0,0.0,0.0,0.0,0.0,0.0,0.0,0.0,1,1,0,0.9508037899999999,0.98362609,0.03282230000000008
624,0.96250004,0.8508648,-0.11163524000000002,1.0,0.835164,-0.16483599999999998,0.875,0.8875,0.012499999999999956,0.0,0.0,0.0,0.0,0.0,0.0,0.0,0.0,0.0,1,1,0,0.9624999999999999,0.8508648,-0.11163519999999993
625,0.9412355,0.89116424,-0.05007125999999995,0.9481935,0.8445204,-0.10367310000000007,0.925,1.0,0.07499999999999996,0.0,0.0,0.0,0.0,0.0,0.0,0.0,0.0,0.0,1,1,0,0.94123545,0.8911642799999999,-0.050071170000000054
626,0.9125916,0.9302065,0.0176149000000001,0.95013076,0.9002951,-0.04983565999999995,0.825,1.0,0.17500000000000004,0.0,0.0,0.0,0.0,0.0,0.0,0.0,0.0,0.0,1,1,0,0.9125915319999999,0.93020657,0.017615038000000083
627,0.9443251,0.9456591,0.0013339999999999463,0.97403574,0.92237014,-0.05166560000000009,0.875,1.0,0.125,0.0,0.0,0.0,0.0,0.0,0.0,0.0,0.0,0.0,1,1,0,0.944325018,0.9456590979999999,0.0013340799999999042
628,0.7865029,0.7865029,0.0,0.7967898,0.7967898,0.0,0.7625,0.7625,0.0,0.0,0.0,0.0,0.0,0.0,0.0,0.0,0.0,0.0,1,1,0,0.7865028599999999,0.7865028599999999,0.0
629,0.9549999,1.0,0.04500009999999999,0.99999994,0.99999994,0.0,0.85,1.0,0.15000000000000002,0.0,0.0,0.0,0.0,0.0,0.0,0.0,0.0,0.0,1,1,0,0.954999958,0.9999999580000001,0.04500000000000004
630,0.8937382,0.9162327,0.022494499999999973,0.9499831,0.9124753,-0.03750779999999998,0.7625,0.925,0.1625000000000001,0.0,0.0,0.0,0.0,0.0,0.0,0.0,0.0,0.0,1,1,0,0.89373817,0.9162327100000001,0.022494540000000063
631,0.27842042,0.9681555,0.68973508,0.038814873,0.95450777,0.915692897,0.83750004,1.0,0.16249996,0.0,0.0,0.0,0.0,0.0,0.0,0.0,0.0,0.0,1,1,0,0.2784204231,0.968155439,0.6897350159
632,0.96625006,0.95874995,-0.00750011000000006,1.0,1.0,0.0,0.8875,0.8625,-0.02499999999999991,0.0,0.0,0.0,0.0,0.0,0.0,0.0,0.0,0.0,1,1,0,0.9662499999999999,0.95875,-0.007499999999999951
633,0.87333935,0.91883737,0.04549802000000003,0.920842,0.9322676,0.011425599999999925,0.7625,0.8875,0.125,0.0,0.0,0.0,0.0,0.0,0.0,0.0,0.0,0.0,1,1,0,0.8733394,0.91883732,0.04549791999999997
634,0.93996376,0.9124964,-0.02746736000000005,0.9624481,0.8749948,-0.08745330000000007,0.8875,1.0,0.11250000000000004,0.0,0.0,0.0,0.0,0.0,0.0,0.0,0.0,0.0,1,1,0,0.9399636699999999,0.91249636,-0.02746730999999991
635,0.91,0.96625006,0.05625005999999999,1.0,1.0,0.0,0.7,0.8875,0.1875,0.0,0.0,0.0,0.0,0.0,0.0,0.0,0.0,0.0,1,1,0,0.9099999999999999,0.9662499999999999,0.05625000000000002
636,0.8829939,0.94750005,0.06450615000000004,0.91320556,1.0,0.08679444000000003,0.8125,0.825,0.012499999999999956,0.0,0.0,0.0,0.0,0.0,0.0,0.0,0.0,0.0,1,1,0,0.882993892,0.9474999999999999,0.0645061079999999
637,1.0,0.95874995,-0.04125005000000004,0.99999994,0.99999994,0.0,1.0,0.8625,-0.13749999999999996,0.0,0.0,0.0,0.0,0.0,0.0,0.0,0.0,0.0,1,1,0,0.9999999580000001,0.9587499580000001,-0.04125000000000001
638,0.8792785,0.9552216,0.07594310000000004,0.8596835,0.93603075,0.07634724999999998,0.925,1.0,0.07499999999999996,0.0,0.0,0.0,0.0,0.0,0.0,0.0,0.0,0.0,1,1,0,0.8792784499999999,0.955221525,0.07594307500000008
639,0.9175416,0.92998713,0.012445530000000038,0.9625594,0.8999816,-0.0625777999999999,0.8125,1.0,0.1875,0.0,0.0,0.0,0.0,0.0,0.0,0.0,0.0,0.0,1,1,0,0.91754158,0.9299871200000001,0.012445540000000088
640,0.8397067,0.91060334,0.07089663999999996,0.8192239,0.9097904,0.0905665,0.8875,0.9125,0.025000000000000022,0.0,0.0,0.0,0.0,0.0,0.0,0.0,0.0,0.0,1,1,0,0.83970673,0.9106032799999999,0.07089654999999995
641,0.9700095,0.9241726,-0.04583689999999996,0.9892993,0.8916752,-0.09762409999999999,0.925,1.0,0.07499999999999996,0.0,0.0,0.0,0.0,0.0,0.0,0.0,0.0,0.0,1,1,0,0.9700095099999999,0.9241726399999999,-0.04583687000000003
642,0.89615786,0.84360725,-0.05255060999999994,0.89986837,0.8247961,-0.07507226999999994,0.8875,0.8875,0.0,0.0,0.0,0.0,0.0,0.0,0.0,0.0,0.0,0.0,1,1,0,0.8961578589999999,0.84360727,-0.05255058899999987
643,0.97375005,0.0,-0.97375005,1.0,1.0,0.0,0.9125,1.0,0.08750000000000002,0.0,1.0,1.0,0.0,1.0,1.0,0.0,0.0,0.0,1,0,-1,0.9737499999999999,1.0,0.026250000000000107
644,0.0,0.0,0.0,1.0,1.0,0.0,0.0,1.0,1.0,1.0,1.0,0.0,1.0,1.0,0.0,0.0,0.0,0.0,0,0,0,0.7,1.0,0.30000000000000004
645,0.97749996,1.0,0.022500040000000054,1.0,1.0,0.0,0.925,1.0,0.07499999999999996,0.0,0.0,0.0,0.0,0.0,0.0,0.0,0.0,0.0,1,1,0,0.9775,1.0,0.022499999999999964
646,0.87213725,0.854204,-0.01793325000000001,0.81733894,0.7917199,-0.025619039999999926,1.0,1.0,0.0,0.0,0.0,0.0,0.0,0.0,0.0,0.0,0.0,0.0,1,1,0,0.872137258,0.85420393,-0.017933328000000026
647,0.8498765,0.8254091,-0.024467400000000028,0.83375216,0.78272724,-0.05102491999999992,0.8875,0.925,0.03750000000000009,0.0,0.0,0.0,0.0,0.0,0.0,0.0,0.0,0.0,1,1,0,0.8498765119999999,0.8254090679999999,-0.024467444000000005
648,0.8617584,0.9248341,0.06307569999999996,0.8507264,0.89262015,0.04189374999999995,0.8875,1.0,0.11250000000000004,0.0,0.0,0.0,0.0,0.0,0.0,0.0,0.0,0.0,1,1,0,0.86175848,0.924834105,0.06307562499999997
649,1.0,1.0,0.0,0.99999994,0.99999994,0.0,1.0,1.0,0.0,0.0,0.0,0.0,0.0,0.0,0.0,0.0,0.0,0.0,1,1,0,0.9999999580000001,0.9999999580000001,0.0
650,0.9274894,0.9274894,0.0,0.8964134,0.8964134,0.0,1.0,1.0,0.0,0.0,0.0,0.0,0.0,0.0,0.0,0.0,0.0,0.0,1,1,0,0.9274893799999999,0.9274893799999999,0.0
651,1.0,1.0,0.0,1.0,1.0,0.0,1.0,1.0,0.0,0.0,0.0,0.0,0.0,0.0,0.0,0.0,0.0,0.0,1,1,0,1.0,1.0,0.0
652,0.85991937,0.91609156,0.056172190000000066,0.79988474,0.8801308,0.08024606000000001,1.0,1.0,0.0,0.0,0.0,0.0,0.0,0.0,0.0,0.0,0.0,0.0,1,1,0,0.859919318,0.9160915599999999,0.05617224199999993
653,0.96625006,0.96250004,-0.0037500200000000206,1.0,1.0,0.0,0.8875,0.875,-0.012499999999999956,0.0,0.0,0.0,0.0,0.0,0.0,0.0,0.0,0.0,1,1,0,0.9662499999999999,0.9624999999999999,-0.003750000000000031
654,0.0,0.0,0.0,1.0,1.0,0.0,1.0,1.0,0.0,1.0,1.0,0.0,1.0,1.0,0.0,0.0,0.0,0.0,0,0,0,1.0,1.0,0.0
655,0.76492137,0.8597477,0.09482632999999996,0.8731019,0.84785396,-0.02524793999999997,0.5125,0.8875,0.375,0.0,0.0,0.0,0.0,0.0,0.0,0.0,0.0,0.0,1,1,0,0.7649213299999998,0.859747772,0.09482644200000012
656,1.0,1.0,0.0,1.0,1.0,0.0,1.0,1.0,0.0,0.0,0.0,0.0,0.0,0.0,0.0,0.0,0.0,0.0,1,1,0,1.0,1.0,0.0
657,0.97749996,0.97375005,-0.003749909999999912,1.0,1.0,0.0,0.925,0.9125,-0.012500000000000067,0.0,0.0,0.0,0.0,0.0,0.0,0.0,0.0,0.0,1,1,0,0.9775,0.9737499999999999,-0.003750000000000142
658,1.0,1.0,0.0,1.0,1.0,0.0,1.0,1.0,0.0,0.0,0.0,0.0,0.0,0.0,0.0,0.0,0.0,0.0,1,1,0,1.0,1.0,0.0
659,0.94462377,0.9663424,0.021718630000000072,0.9423197,0.9572747,0.014955000000000052,0.95,0.9875,0.03750000000000009,0.0,0.0,0.0,0.0,0.0,0.0,0.0,0.0,0.0,1,1,0,0.9446237899999999,0.96634229,0.021718500000000196
660,0.90761346,0.9239678,0.016354340000000023,0.9751621,0.950311,-0.024851100000000015,0.75,0.8625,0.11250000000000004,0.0,0.0,0.0,0.0,0.0,0.0,0.0,0.0,0.0,1,1,0,0.9076134699999999,0.9239677,0.016354230000000025
661,0.8700817,0.94375,0.07366830000000002,0.8144025,1.0,0.18559749999999997,1.0,0.8125,-0.1875,0.0,0.0,0.0,0.0,0.0,0.0,0.0,0.0,0.0,1,1,0,0.87008175,0.94375,0.07366824999999999
662,0.91365284,0.957852,0.044199160000000015,0.92486113,0.93978846,0.014927330000000016,0.8875,1.0,0.11250000000000004,0.0,0.0,0.0,0.0,0.0,0.0,0.0,0.0,0.0,1,1,0,0.913652791,0.9578519219999999,0.04419913099999995
663,0.85932773,0.8714364,0.012108670000000044,0.89011097,0.85383767,-0.03627329999999995,0.7875,0.9125,0.125,0.0,0.0,0.0,0.0,0.0,0.0,0.0,0.0,0.0,1,1,0,0.8593276789999998,0.871436369,0.012108690000000144
664,0.82829726,0.8499822,0.021684939999999986,0.856496,0.7856888,-0.07080720000000007,0.7625,1.0,0.23750000000000004,0.0,0.0,0.0,0.0,0.0,0.0,0.0,0.0,0.0,1,1,0,0.8282972,0.8499821599999999,0.021684959999999975
665,0.3425092,1.0,0.6574907999999999,0.09287026,1.0,0.90712974,0.925,1.0,0.07499999999999996,0.0,0.0,0.0,0.0,0.0,0.0,0.0,0.0,0.0,1,1,0,0.342509182,1.0,0.657490818
666,0.91375,0.9175,0.003750000000000031,1.0,1.0,0.0,0.71250004,0.725,0.012499959999999977,0.0,0.0,0.0,0.0,0.0,0.0,0.0,0.0,0.0,1,1,0,0.913750012,0.9175,0.0037499880000000374
667,0.9390966,0.9892678,0.05017120000000008,0.93978083,0.9846683,0.04488747000000004,0.9375,1.0,0.0625,0.0,0.0,0.0,0.0,0.0,0.0,0.0,0.0,0.0,1,1,0,0.9390965809999999,0.9892678100000001,0.05017122900000015
668,0.8619574,0.92165977,0.059702370000000005,0.85101044,0.88808537,0.03707492999999995,0.8875,1.0,0.11250000000000004,0.0,0.0,0.0,0.0,0.0,0.0,0.0,0.0,0.0,1,1,0,0.8619573079999999,0.921659759,0.059702451000000045
669,1.0,1.0,0.0,1.0,1.0,0.0,1.0,1.0,0.0,0.0,0.0,0.0,0.0,0.0,0.0,0.0,0.0,0.0,1,1,0,1.0,1.0,0.0
670,0.948749,0.92126006,-0.027488939999999906,0.97499853,0.8875143,-0.08748423000000005,0.8875,1.0,0.11250000000000004,0.0,0.0,0.0,0.0,0.0,0.0,0.0,0.0,0.0,1,1,0,0.948748971,0.9212600099999999,-0.02748896100000009
671,1.0,1.0,0.0,1.0,1.0,0.0,1.0,1.0,0.0,0.0,0.0,0.0,0.0,0.0,0.0,0.0,0.0,0.0,1,1,0,1.0,1.0,0.0
672,0.96625006,1.0,0.03374993999999998,1.0,1.0,0.0,0.8875,1.0,0.11250000000000004,0.0,0.0,0.0,0.0,0.0,0.0,0.0,0.0,0.0,1,1,0,0.9662499999999999,1.0,0.03375000000000006
673,0.923206,0.9625358,0.03932980000000008,0.9331513,0.9464797,0.013328400000000018,0.90000004,1.0,0.09999996,0.0,0.0,0.0,0.0,0.0,0.0,0.0,0.0,0.0,1,1,0,0.923205922,0.96253579,0.039329868000000046
674,0.83363724,0.97049886,0.13686162000000002,0.762339,0.9578554,0.19551640000000003,1.0,1.0,0.0,0.0,0.0,0.0,0.0,0.0,0.0,0.0,0.0,0.0,1,1,0,0.8336372999999999,0.97049878,0.1368614800000001
675,1.0,1.0,0.0,1.0,1.0,0.0,1.0,1.0,0.0,0.0,0.0,0.0,0.0,0.0,0.0,0.0,0.0,0.0,1,1,0,1.0,1.0,0.0
676,0.96625006,1.0,0.03374993999999998,1.0,1.0,0.0,0.8875,1.0,0.11250000000000004,0.0,0.0,0.0,0.0,0.0,0.0,0.0,0.0,0.0,1,1,0,0.9662499999999999,1.0,0.03375000000000006
677,1.0,1.0,0.0,1.0,1.0,0.0,1.0,1.0,0.0,0.0,0.0,0.0,0.0,0.0,0.0,0.0,0.0,0.0,1,1,0,1.0,1.0,0.0
678,0.95874995,0.96250004,0.0037500900000000392,1.0,1.0,0.0,0.8625,0.875,0.012499999999999956,0.0,0.0,0.0,0.0,0.0,0.0,0.0,0.0,0.0,1,1,0,0.95875,0.9624999999999999,0.00374999999999992
679,0.9518078,0.96999997,0.018192170000000063,0.9418682,1.0,0.058131799999999956,0.975,0.90000004,-0.07499995999999998,0.0,0.0,0.0,0.0,0.0,0.0,0.0,0.0,0.0,1,1,0,0.95180774,0.970000012,0.018192271999999954
680,0.8684872,1.0,0.13151279999999999,0.8121245,0.99999994,0.18787544,1.0,1.0,0.0,0.0,0.0,0.0,0.0,0.0,0.0,0.0,0.0,0.0,1,1,0,0.86848715,0.9999999580000001,0.1315128080000001
681,1.0,1.0,0.0,1.0,1.0,0.0,1.0,1.0,0.0,0.0,0.0,0.0,0.0,0.0,0.0,0.0,0.0,0.0,1,1,0,1.0,1.0,0.0
682,0.9137444,0.9124431,-0.0013013000000000607,0.92499185,0.8749187,-0.0500731499999999,0.8875,1.0,0.11250000000000004,0.0,0.0,0.0,0.0,0.0,0.0,0.0,0.0,0.0,1,1,0,0.9137442949999999,0.91244309,-0.001301204999999861
683,0.8262825,0.9028559,0.07657340000000001,0.7839749,0.8612227,0.07724779999999998,0.925,1.0,0.07499999999999996,0.0,0.0,0.0,0.0,0.0,0.0,0.0,0.0,0.0,1,1,0,0.82628243,0.9028558899999999,0.07657345999999987
684,1.0,1.0,0.0,1.0,1.0,0.0,1.0,1.0,0.0,0.0,0.0,0.0,0.0,0.0,0.0,0.0,0.0,0.0,1,1,0,1.0,1.0,0.0
685,0.8203147,0.92138654,0.10107184000000002,0.7433067,0.88769495,0.14438825,1.0,1.0,0.0,0.0,0.0,0.0,0.0,0.0,0.0,0.0,0.0,0.0,1,1,0,0.82031469,0.9213864649999999,0.10107177499999986
686,0.93221533,0.93108046,-0.00113487000000001,0.95137894,0.90154356,-0.049835379999999985,0.8875,1.0,0.11250000000000004,0.0,0.0,0.0,0.0,0.0,0.0,0.0,0.0,0.0,1,1,0,0.9322152579999999,0.931080492,-0.0011347659999999538
687,0.9075012,0.9279303,0.020429099999999978,0.86785895,0.89704317,0.029184219999999983,1.0,1.0,0.0,0.0,0.0,0.0,0.0,0.0,0.0,0.0,0.0,0.0,1,1,0,0.9075012650000001,0.9279302190000001,0.020428954
688,1.0,1.0,0.0,1.0,1.0,0.0,1.0,1.0,0.0,0.0,0.0,0.0,0.0,0.0,0.0,0.0,0.0,0.0,1,1,0,1.0,1.0,0.0
689,1.0,1.0,0.0,1.0,1.0,0.0,1.0,1.0,0.0,0.0,0.0,0.0,0.0,0.0,0.0,0.0,0.0,0.0,1,1,0,1.0,1.0,0.0
690,0.8508216,0.76484567,-0.08597592999999992,0.89938796,0.7497795,-0.14960845999999994,0.7375,0.8,0.0625,0.0,0.0,0.0,0.0,0.0,0.0,0.0,0.0,0.0,1,1,0,0.8508215719999999,0.76484565,-0.08597592199999982
691,0.87250006,0.96625006,0.09375,1.0,1.0,0.0,0.575,0.8875,0.3125,0.0,0.0,0.0,0.0,0.0,0.0,0.0,0.0,0.0,1,1,0,0.8724999999999999,0.9662499999999999,0.09375
692,0.8165564,0.73444337,-0.08211302999999992,0.8343662,0.7009905,-0.13337569999999999,0.77500004,0.8125,0.03749996,0.0,0.0,0.0,0.0,0.0,0.0,0.0,0.0,0.0,1,1,0,0.8165563519999999,0.7344433499999999,-0.08211300199999993
693,0.87871075,0.82869846,-0.05001228999999996,0.87494403,0.78742635,-0.08751767999999993,0.8875,0.925,0.03750000000000009,0.0,0.0,0.0,0.0,0.0,0.0,0.0,0.0,0.0,1,1,0,0.878710821,0.8286984450000001,-0.05001237599999986
694,0.41190892,0.0,-0.41190892,0.19736981,0.7955867,0.59821689,0.9125,1.0,0.08750000000000002,0.0,0.0,0.0,0.0,0.0,0.0,0.0,1.0,1.0,1,0,-1,0.41190886699999996,0.8569106899999999,0.4450018229999999
695,1.0,0.9683928,-0.031607199999999946,1.0,0.9548468,-0.045153200000000004,1.0,1.0,0.0,0.0,0.0,0.0,0.0,0.0,0.0,0.0,0.0,0.0,1,1,0,1.0,0.96839276,-0.031607240000000036
696,0.90914917,0.9564112,0.047262030000000066,0.92378455,0.9377302,0.01394564999999992,0.875,1.0,0.125,0.0,0.0,0.0,0.0,0.0,0.0,0.0,0.0,0.0,1,1,0,0.909149185,0.9564111399999999,0.04726195499999997
697,0.86876404,0.82811445,-0.04064959000000001,0.90894866,0.81337774,-0.09557092,0.77500004,0.8625,0.08749996000000004,0.0,0.0,0.0,0.0,0.0,0.0,0.0,0.0,0.0,1,1,0,0.868764074,0.828114418,-0.040649656000000034
698,0.75655216,0.77073383,0.014181669999999924,0.75400305,0.70461977,-0.04938328000000003,0.7625,0.925,0.1625000000000001,0.0,0.0,0.0,0.0,0.0,0.0,0.0,0.0,0.0,1,1,0,0.756552135,0.770733839,0.014181704000000073
699,1.0,1.0,0.0,1.0,1.0,0.0,1.0,1.0,0.0,0.0,0.0,0.0,0.0,0.0,0.0,0.0,0.0,0.0,1,1,0,1.0,1.0,0.0
700,0.9310937,0.8783631,-0.05273060000000007,0.9497767,0.87444717,-0.07532952999999998,0.8875,0.8875,0.0,0.0,0.0,0.0,0.0,0.0,0.0,0.0,0.0,0.0,1,1,0,0.93109369,0.878363019,-0.05273067099999995
701,1.0,1.0,0.0,1.0,1.0,0.0,1.0,1.0,0.0,0.0,0.0,0.0,0.0,0.0,0.0,0.0,0.0,0.0,1,1,0,1.0,1.0,0.0
702,0.93757576,0.9236256,-0.013950159999999934,0.9590367,0.9391079,-0.01992879999999997,0.8875,0.8875,0.0,0.0,0.0,0.0,0.0,0.0,0.0,0.0,0.0,0.0,1,1,0,0.93757569,0.9236255299999999,-0.013950160000000045
703,0.92125,0.8801158,-0.04113420000000001,1.0,0.9144511,-0.08554890000000004,0.7375,0.8,0.0625,0.0,0.0,0.0,0.0,0.0,0.0,0.0,0.0,0.0,1,1,0,0.9212499999999999,0.88011577,-0.04113422999999994
704,0.96250004,0.0,-0.96250004,1.0,0.4227546,-0.5772454,0.875,1.0,0.125,0.0,1.0,1.0,0.0,1.0,1.0,0.0,0.0,0.0,1,0,-1,0.9624999999999999,0.59592822,-0.3665717799999999
705,0.0,0.5777039,0.5777039,0.27878797,0.39671978,0.11793181000000003,1.0,1.0,0.0,1.0,0.0,-1.0,1.0,0.0,-1.0,0.0,0.0,0.0,0,1,1,0.49515157899999995,0.5777038459999999,0.08255226699999996
706,0.8657433,0.8902964,0.024553099999999994,0.85641885,0.8432805,-0.013138349999999965,0.8875,1.0,0.11250000000000004,0.0,0.0,0.0,0.0,0.0,0.0,0.0,0.0,0.0,1,1,0,0.865743195,0.8902963499999998,0.024553154999999882
707,0.7468925,0.8314722,0.08457970000000004,0.68663216,0.75924605,0.07261388999999996,0.8875,1.0,0.11250000000000004,0.0,0.0,0.0,0.0,0.0,0.0,0.0,0.0,0.0,1,1,0,0.7468925120000001,0.8314722349999999,0.08457972299999983
708,1.0,1.0,0.0,1.0,1.0,0.0,1.0,1.0,0.0,0.0,0.0,0.0,0.0,0.0,0.0,0.0,0.0,0.0,1,1,0,1.0,1.0,0.0
709,0.96625006,1.0,0.03374993999999998,1.0,1.0,0.0,0.8875,1.0,0.11250000000000004,0.0,0.0,0.0,0.0,0.0,0.0,0.0,0.0,0.0,1,1,0,0.9662499999999999,1.0,0.03375000000000006
710,0.9175,0.94375,0.026249999999999996,1.0,1.0,0.0,0.725,0.8125,0.08750000000000002,0.0,0.0,0.0,0.0,0.0,0.0,0.0,0.0,0.0,1,1,0,0.9175,0.94375,0.026249999999999996
711,0.8971066,1.0,0.10289340000000002,0.9012237,1.0,0.09877630000000004,0.8875,1.0,0.11250000000000004,0.0,0.0,0.0,0.0,0.0,0.0,0.0,0.0,0.0,1,1,0,0.8971065899999999,1.0,0.10289341000000007
712,1.0,1.0,0.0,1.0,1.0,0.0,1.0,1.0,0.0,0.0,0.0,0.0,0.0,0.0,0.0,0.0,0.0,0.0,1,1,0,1.0,1.0,0.0
713,1.0,1.0,0.0,1.0,1.0,0.0,1.0,1.0,0.0,0.0,0.0,0.0,0.0,0.0,0.0,0.0,0.0,0.0,1,1,0,1.0,1.0,0.0
714,0.8462397,0.90092605,0.054686349999999995,0.8714138,0.8584657,-0.012948100000000018,0.7875,1.0,0.21250000000000002,0.0,0.0,0.0,0.0,0.0,0.0,0.0,0.0,0.0,1,1,0,0.84623966,0.90092599,0.054686330000000005
715,0.92240155,0.9210896,-0.0013119500000000617,0.93735933,0.88727075,-0.05008858000000005,0.8875,1.0,0.11250000000000004,0.0,0.0,0.0,0.0,0.0,0.0,0.0,0.0,0.0,1,1,0,0.922401531,0.921089525,-0.0013120060000000322
716,0.94053936,0.9510356,0.010496239999999935,0.9793419,0.93005085,-0.04929105,0.85,1.0,0.15000000000000002,0.0,0.0,0.0,0.0,0.0,0.0,0.0,0.0,0.0,1,1,0,0.94053933,0.951035595,0.010496265000000005
717,0.8174891,0.83441085,0.01692175000000007,0.7874843,0.76344407,-0.024040229999999996,0.8875,1.0,0.11250000000000004,0.0,0.0,0.0,0.0,0.0,0.0,0.0,0.0,0.0,1,1,0,0.81748901,0.834410849,0.016921838999999994
718,0.8300601,0.8650708,0.03501070000000006,0.87508583,0.88760114,0.012515310000000057,0.725,0.8125,0.08750000000000002,0.0,0.0,0.0,0.0,0.0,0.0,0.0,0.0,0.0,1,1,0,0.830060081,0.865070798,0.035010717000000025
719,0.88128835,0.93007916,0.04879080999999996,0.9750548,0.9001131,-0.0749417,0.6625,1.0,0.3375,0.0,0.0,0.0,0.0,0.0,0.0,0.0,0.0,0.0,1,1,0,0.88128836,0.93007917,0.04879080999999996
720,0.9037693,0.92126507,0.01749577000000002,0.9375276,0.8875215,-0.05000610000000005,0.825,1.0,0.17500000000000004,0.0,0.0,0.0,0.0,0.0,0.0,0.0,0.0,0.0,1,1,0,0.9037693199999999,0.9212650499999999,0.017495730000000043
721,1.0,1.0,0.0,0.99999994,0.99999994,0.0,1.0,1.0,0.0,0.0,0.0,0.0,0.0,0.0,0.0,0.0,0.0,0.0,1,1,0,0.9999999580000001,0.9999999580000001,0.0
722,0.88553554,0.9417855,0.05624996000000004,0.9168365,0.9168365,0.0,0.8125,1.0,0.1875,0.0,0.0,0.0,0.0,0.0,0.0,0.0,0.0,0.0,1,1,0,0.8855355500000001,0.9417855500000001,0.05625000000000002
723,1.0,0.94375,-0.05625000000000002,0.99999994,0.99999994,0.0,1.0,0.8125,-0.1875,0.0,0.0,0.0,0.0,0.0,0.0,0.0,0.0,0.0,1,1,0,0.9999999580000001,0.943749958,-0.05625000000000002
724,0.7734494,0.8259495,0.05250010000000005,0.7995706,0.7995706,0.0,0.71250004,0.8875,0.17499995999999995,0.0,0.0,0.0,0.0,0.0,0.0,0.0,0.0,0.0,1,1,0,0.7734494319999999,0.8259494199999999,0.052499988
725,1.0,1.0,0.0,1.0,1.0,0.0,1.0,1.0,0.0,0.0,0.0,0.0,0.0,0.0,0.0,0.0,0.0,0.0,1,1,0,1.0,1.0,0.0
726,0.93625003,0.9359701,-0.0002799299999999283,1.0,0.9621001,-0.037899899999999986,0.7875,0.875,0.08750000000000002,0.0,0.0,0.0,0.0,0.0,0.0,0.0,0.0,0.0,1,1,0,0.9362499999999999,0.93597007,-0.0002799299999999283
727,0.8314646,0.9360682,0.10460360000000002,0.791378,0.9086687,0.11729069999999997,0.925,1.0,0.07499999999999996,0.0,0.0,0.0,0.0,0.0,0.0,0.0,0.0,0.0,1,1,0,0.8314646000000001,0.93606809,0.10460348999999991
728,0.94375,1.0,0.05625000000000002,1.0,1.0,0.0,0.8125,1.0,0.1875,0.0,0.0,0.0,0.0,0.0,0.0,0.0,0.0,0.0,1,1,0,0.94375,1.0,0.05625000000000002
729,1.0,1.0,0.0,1.0,1.0,0.0,1.0,1.0,0.0,0.0,0.0,0.0,0.0,0.0,0.0,0.0,0.0,0.0,1,1,0,1.0,1.0,0.0
730,1.0,1.0,0.0,1.0,1.0,0.0,1.0,1.0,0.0,0.0,0.0,0.0,0.0,0.0,0.0,0.0,0.0,0.0,1,1,0,1.0,1.0,0.0
731,1.0,1.0,0.0,1.0,1.0,0.0,1.0,1.0,0.0,0.0,0.0,0.0,0.0,0.0,0.0,0.0,0.0,0.0,1,1,0,1.0,1.0,0.0
732,1.0,1.0,0.0,1.0,1.0,0.0,1.0,1.0,0.0,0.0,0.0,0.0,0.0,0.0,0.0,0.0,0.0,0.0,1,1,0,1.0,1.0,0.0
733,0.9549999,0.95874995,0.0037500499999999493,0.99999994,0.99999994,0.0,0.85,0.8625,0.012500000000000067,0.0,0.0,0.0,0.0,0.0,0.0,0.0,0.0,0.0,1,1,0,0.954999958,0.9587499580000001,0.003750000000000031
734,0.8537475,0.81834185,-0.035405649999999955,0.88749635,0.78870267,-0.09879368,0.77500004,0.8875,0.11249995999999995,0.0,0.0,0.0,0.0,0.0,0.0,0.0,0.0,0.0,1,1,0,0.8537474569999999,0.8183418689999999,-0.03540558799999993
735,0.9037008,0.8986573,-0.0050434999999999786,0.93742985,0.8873676,-0.050062249999999975,0.825,0.925,0.10000000000000009,0.0,0.0,0.0,0.0,0.0,0.0,0.0,0.0,0.0,1,1,0,0.903700895,0.8986573200000001,-0.005043574999999856
736,0.91458875,0.8595039,-0.05508484999999996,0.92619824,0.86357695,-0.06262128999999994,0.8875,0.85,-0.03749999999999998,0.0,0.0,0.0,0.0,0.0,0.0,0.0,0.0,0.0,1,1,0,0.9145887679999999,0.859503865,-0.05508490299999991
737,0.95125,1.0,0.04874999999999996,1.0,1.0,0.0,0.83750004,1.0,0.16249996,0.0,0.0,0.0,0.0,0.0,0.0,0.0,0.0,0.0,1,1,0,0.9512500119999999,1.0,0.04874998800000008
738,0.78798646,0.88968354,0.10169708,0.750695,0.8424051,0.09171010000000002,0.875,1.0,0.125,0.0,0.0,0.0,0.0,0.0,0.0,0.0,0.0,0.0,1,1,0,0.7879864999999999,0.8896835699999999,0.10169706999999995
739,1.0,0.97749996,-0.022500040000000054,1.0,1.0,0.0,1.0,0.925,-0.07499999999999996,0.0,0.0,0.0,0.0,0.0,0.0,0.0,0.0,0.0,1,1,0,1.0,0.9775,-0.022499999999999964
740,0.96625006,0.94750005,-0.018750009999999984,1.0,1.0,0.0,0.8875,0.825,-0.0625,0.0,0.0,0.0,0.0,0.0,0.0,0.0,0.0,0.0,1,1,0,0.9662499999999999,0.9474999999999999,-0.018750000000000044
741,1.0,1.0,0.0,1.0,1.0,0.0,1.0,1.0,0.0,0.0,0.0,0.0,0.0,0.0,0.0,0.0,0.0,0.0,1,1,0,1.0,1.0,0.0
742,0.96625006,0.8964173,-0.06983276000000005,1.0,0.90023905,-0.09976094999999996,0.8875,0.8875,0.0,0.0,0.0,0.0,0.0,0.0,0.0,0.0,0.0,0.0,1,1,0,0.9662499999999999,0.896417335,-0.06983266499999996
743,0.8314795,0.8683322,0.03685269999999996,0.8985421,0.9619031,0.063361,0.675,0.65000004,-0.024999960000000043,0.0,0.0,0.0,0.0,0.0,0.0,0.0,0.0,0.0,1,1,0,0.83147947,0.8683321820000001,0.036852712000000065
744,0.87247366,0.9299542,0.05748053999999991,0.96246237,0.8999345,-0.06252787000000004,0.6625,1.0,0.3375,0.0,0.0,0.0,0.0,0.0,0.0,0.0,0.0,0.0,1,1,0,0.872473659,0.9299541499999999,0.05748049099999997
745,0.8914297,0.8824615,-0.008968199999999982,0.8448996,0.83208776,-0.012811840000000019,1.0,1.0,0.0,0.0,0.0,0.0,0.0,0.0,0.0,0.0,0.0,0.0,1,1,0,0.8914297199999999,0.8824614319999999,-0.008968287999999935
746,1.0,1.0,0.0,1.0,1.0,0.0,1.0,1.0,0.0,0.0,0.0,0.0,0.0,0.0,0.0,0.0,0.0,0.0,1,1,0,1.0,1.0,0.0
747,0.0,0.0,0.0,1.0,1.0,0.0,1.0,1.0,0.0,1.0,1.0,0.0,1.0,1.0,0.0,0.0,0.0,0.0,0,0,0,1.0,1.0,0.0
748,1.0,1.0,0.0,1.0,1.0,0.0,1.0,1.0,0.0,0.0,0.0,0.0,0.0,0.0,0.0,0.0,0.0,0.0,1,1,0,1.0,1.0,0.0
749,0.925,0.94629973,0.02129972999999996,1.0,0.9875711,-0.012428899999999965,0.75,0.85,0.09999999999999998,0.0,0.0,0.0,0.0,0.0,0.0,0.0,0.0,0.0,1,1,0,0.9249999999999999,0.94629977,0.02129977000000005
750,0.9177443,0.92270976,0.004965460000000088,0.96284896,0.8895854,-0.07326356,0.8125,1.0,0.1875,0.0,0.0,0.0,0.0,0.0,0.0,0.0,0.0,0.0,1,1,0,0.917744272,0.9227097799999999,0.004965507999999952
751,0.8962332,0.9124889,0.016255700000000095,0.89997596,0.8749841,-0.024991859999999977,0.8875,1.0,0.11250000000000004,0.0,0.0,0.0,0.0,0.0,0.0,0.0,0.0,0.0,1,1,0,0.896233172,0.91248887,0.01625569800000004
752,0.91244364,0.91714495,0.004701309999999959,0.9231338,0.8816356,-0.04149820000000004,0.8875,1.0,0.11250000000000004,0.0,0.0,0.0,0.0,0.0,0.0,0.0,0.0,0.0,1,1,0,0.91244366,0.9171449199999999,0.004701259999999929
753,0.9600491,0.91264707,-0.047402029999999984,0.97507006,0.87521005,-0.09986001,0.925,1.0,0.07499999999999996,0.0,0.0,0.0,0.0,0.0,0.0,0.0,0.0,0.0,1,1,0,0.9600490419999999,0.912647035,-0.04740200699999986
754,1.0,1.0,0.0,1.0,1.0,0.0,1.0,1.0,0.0,0.0,0.0,0.0,0.0,0.0,0.0,0.0,0.0,0.0,1,1,0,1.0,1.0,0.0
755,0.8484559,0.8284936,-0.01996229999999999,0.83172274,0.7549909,-0.07673184,0.8875,1.0,0.11250000000000004,0.0,0.0,0.0,0.0,0.0,0.0,0.0,0.0,0.0,1,1,0,0.848455918,0.8284936299999999,-0.019962288000000106
756,0.8977482,0.88274825,-0.014999949999999984,0.9503545,0.9503545,0.0,0.77500004,0.725,-0.05000004000000002,0.0,0.0,0.0,0.0,0.0,0.0,0.0,0.0,0.0,1,1,0,0.8977481619999998,0.88274815,-0.015000011999999896
757,0.901398,0.8638216,-0.037576400000000065,0.91271144,0.8376024,-0.07510904000000007,0.875,0.925,0.050000000000000044,0.0,0.0,0.0,0.0,0.0,0.0,0.0,0.0,0.0,1,1,0,0.9013980079999999,0.86382168,-0.03757632799999988
758,0.8511276,0.92417234,0.07304474000000005,0.8676824,0.8916747,0.023992300000000077,0.8125,1.0,0.1875,0.0,0.0,0.0,0.0,0.0,0.0,0.0,0.0,0.0,1,1,0,0.8511276799999999,0.92417229,0.07304461000000007
759,1.0,0.97749996,-0.022500040000000054,1.0,1.0,0.0,1.0,0.925,-0.07499999999999996,0.0,0.0,0.0,0.0,0.0,0.0,0.0,0.0,0.0,1,1,0,1.0,0.9775,-0.022499999999999964
760,0.9265108,0.92249167,-0.004019129999999982,0.9753727,0.8892738,-0.08609889999999998,0.8125,1.0,0.1875,0.0,0.0,0.0,0.0,0.0,0.0,0.0,0.0,0.0,1,1,0,0.92651089,0.9224916599999999,-0.00401923000000004
761,1.0,1.0,0.0,1.0,1.0,0.0,1.0,1.0,0.0,0.0,0.0,0.0,0.0,0.0,0.0,0.0,0.0,0.0,1,1,0,1.0,1.0,0.0
762,0.86749965,0.82438433,-0.04311531999999996,0.8589281,0.8080489,-0.05087920000000001,0.8875,0.8625,-0.02499999999999991,0.0,0.0,0.0,0.0,0.0,0.0,0.0,0.0,0.0,1,1,0,0.86749967,0.8243842299999999,-0.043115440000000005
763,0.94593614,0.92697763,-0.01895851000000004,0.92276585,0.89568233,-0.027083520000000028,1.0,1.0,0.0,0.0,0.0,0.0,0.0,0.0,0.0,0.0,0.0,0.0,1,1,0,0.945936095,0.926977631,-0.018958464000000008
764,0.93625003,1.0,0.06374997000000004,1.0,1.0,0.0,0.7875,1.0,0.21250000000000002,0.0,0.0,0.0,0.0,0.0,0.0,0.0,0.0,0.0,1,1,0,0.9362499999999999,1.0,0.06375000000000008
765,0.9039416,0.88533527,-0.018606330000000004,0.91634506,0.8683361,-0.04800895999999999,0.875,0.925,0.050000000000000044,0.0,0.0,0.0,0.0,0.0,0.0,0.0,0.0,0.0,1,1,0,0.9039415420000001,0.8853352700000001,-0.01860627199999998
766,0.95500004,0.97749996,0.022499919999999896,1.0,1.0,0.0,0.85,0.925,0.07500000000000007,0.0,0.0,0.0,0.0,0.0,0.0,0.0,0.0,0.0,1,1,0,0.955,0.9775,0.022500000000000075
767,0.9404482,0.9122557,-0.028192499999999954,0.91492605,0.874651,-0.04027505000000009,1.0,1.0,0.0,0.0,0.0,0.0,0.0,0.0,0.0,0.0,0.0,0.0,1,1,0,0.9404482350000001,0.9122557,-0.028192535000000074
768,0.0,0.0,0.0,1.0,1.0,0.0,1.0,1.0,0.0,1.0,1.0,0.0,1.0,1.0,0.0,0.0,0.0,0.0,0,0,0,1.0,1.0,0.0
769,0.91375,0.9025,-0.011249999999999982,1.0,1.0,0.0,0.71250004,0.675,-0.03750003999999996,0.0,0.0,0.0,0.0,0.0,0.0,0.0,0.0,0.0,1,1,0,0.913750012,0.9025,-0.011250011999999976
770,0.90714496,0.9502167,0.043071740000000025,0.86734986,0.96638095,0.09903108999999999,1.0,0.9125,-0.08750000000000002,0.0,0.0,0.0,0.0,0.0,0.0,0.0,0.0,0.0,1,1,0,0.907144902,0.9502166649999999,0.04307176299999993
771,0.8742668,0.9130912,0.03882439999999998,0.9007383,0.87584454,-0.024893759999999987,0.8125,1.0,0.1875,0.0,0.0,0.0,0.0,0.0,0.0,0.0,0.0,0.0,1,1,0,0.87426681,0.913091178,0.038824368
772,1.0,0.9561745,-0.04382549999999996,1.0,0.9373922,-0.06260779999999999,1.0,1.0,0.0,0.0,0.0,0.0,0.0,0.0,0.0,0.0,0.0,0.0,1,1,0,1.0,0.9561745399999999,-0.043825460000000094
773,0.9133989,0.92074966,0.007350760000000012,0.92449844,0.8867853,-0.037713140000000034,0.8875,1.0,0.11250000000000004,0.0,0.0,0.0,0.0,0.0,0.0,0.0,0.0,0.0,1,1,0,0.913398908,0.9207497099999999,0.007350801999999934
774,0.7793705,0.78814244,0.008771940000000034,0.8241006,0.79913205,-0.024968549999999978,0.675,0.7625,0.08749999999999991,0.0,0.0,0.0,0.0,0.0,0.0,0.0,0.0,0.0,1,1,0,0.7793704199999999,0.7881424349999999,0.008772015000000022
775,0.925,1.0,0.07499999999999996,1.0,1.0,0.0,0.75,1.0,0.25,0.0,0.0,0.0,0.0,0.0,0.0,0.0,0.0,0.0,1,1,0,0.9249999999999999,1.0,0.07500000000000007
776,0.8127591,0.87745667,0.06469757000000009,0.7753702,0.82493806,0.04956786000000002,0.90000004,1.0,0.09999996,0.0,0.0,0.0,0.0,0.0,0.0,0.0,0.0,0.0,1,1,0,0.8127591519999999,0.8774566420000001,0.06469749000000014
777,0.96625006,0.9753606,0.00911054,1.0,0.96480083,-0.035199169999999946,0.8875,1.0,0.11250000000000004,0.0,0.0,0.0,0.0,0.0,0.0,0.0,0.0,0.0,1,1,0,0.9662499999999999,0.9753605809999999,0.009110580999999951
778,1.0,1.0,0.0,1.0,1.0,0.0,1.0,1.0,0.0,0.0,0.0,0.0,0.0,0.0,0.0,0.0,0.0,0.0,1,1,0,1.0,1.0,0.0
779,1.0,1.0,0.0,1.0,1.0,0.0,1.0,1.0,0.0,0.0,0.0,0.0,0.0,0.0,0.0,0.0,0.0,0.0,1,1,0,1.0,1.0,0.0
780,0.96625006,0.9197348,-0.04651526000000006,1.0,0.8853353,-0.11466469999999995,0.8875,1.0,0.11250000000000004,0.0,0.0,0.0,0.0,0.0,0.0,0.0,0.0,0.0,1,1,0,0.9662499999999999,0.91973471,-0.04651528999999999
781,0.0,0.0,0.0,1.0,1.0,0.0,0.0,1.0,1.0,1.0,1.0,0.0,1.0,1.0,0.0,0.0,0.0,0.0,0,0,0,0.7,1.0,0.30000000000000004
782,0.84625,0.8214068,-0.024843199999999954,0.99999994,0.84129536,-0.15870457999999998,0.4875,0.77500004,0.28750004,0.0,0.0,0.0,0.0,0.0,0.0,0.0,0.0,0.0,1,1,0,0.846249958,0.821406764,-0.024843194000000013
783,1.0,0.9737202,-0.026279799999999964,0.99999994,0.9624573,-0.03754264000000007,1.0,1.0,0.0,0.0,0.0,0.0,0.0,0.0,0.0,0.0,0.0,0.0,1,1,0,0.9999999580000001,0.9737201099999999,-0.02627984800000016
784,0.96250004,1.0,0.03749996,1.0,1.0,0.0,0.875,1.0,0.125,0.0,0.0,0.0,0.0,0.0,0.0,0.0,0.0,0.0,1,1,0,0.9624999999999999,1.0,0.03750000000000009
785,0.8403487,0.89412117,0.05377247000000007,0.83621246,0.8487445,0.012532039999999967,0.85,1.0,0.15000000000000002,0.0,0.0,0.0,0.0,0.0,0.0,0.0,0.0,0.0,1,1,0,0.840348722,0.8941211499999999,0.05377242799999993
786,0.95766354,0.9226074,-0.03505614000000001,0.98773366,0.8894392,-0.09829445999999997,0.8875,1.0,0.11250000000000004,0.0,0.0,0.0,0.0,0.0,0.0,0.0,0.0,0.0,1,1,0,0.9576635619999999,0.92260744,-0.03505612199999997
787,0.9025,0.96625006,0.06375006000000005,1.0,1.0,0.0,0.675,0.8875,0.2124999999999999,0.0,0.0,0.0,0.0,0.0,0.0,0.0,0.0,0.0,1,1,0,0.9025,0.9662499999999999,0.06374999999999997
788,1.0,1.0,0.0,1.0,1.0,0.0,1.0,1.0,0.0,0.0,0.0,0.0,0.0,0.0,0.0,0.0,0.0,0.0,1,1,0,1.0,1.0,0.0
789,0.83066255,0.86246693,0.031804379999999965,0.8384465,0.85173845,0.013291950000000052,0.8125,0.8875,0.07499999999999996,0.0,0.0,0.0,0.0,0.0,0.0,0.0,0.0,0.0,1,1,0,0.83066255,0.862466915,0.031804364999999946
790,0.8873181,0.9705185,0.08320039999999995,0.9140258,0.9578836,0.04385779999999995,0.825,1.0,0.17500000000000004,0.0,0.0,0.0,0.0,0.0,0.0,0.0,0.0,0.0,1,1,0,0.8873180599999999,0.9705185199999999,0.08320046000000003
791,0.8860411,0.91074103,0.024699929999999926,0.9497016,0.8724871,-0.07721450000000007,0.7375,1.0,0.26249999999999996,0.0,0.0,0.0,0.0,0.0,0.0,0.0,0.0,0.0,1,1,0,0.88604112,0.91074097,0.024699849999999968
792,0.96625006,0.9742729,0.008022839999999976,1.0,0.9632471,-0.03675289999999998,0.8875,1.0,0.11250000000000004,0.0,0.0,0.0,0.0,0.0,0.0,0.0,0.0,0.0,1,1,0,0.9662499999999999,0.9742729699999999,0.008022969999999963
793,0.8966813,0.87051624,-0.026165059999999962,0.90061617,0.8632374,-0.037378770000000006,0.8875,0.8875,0.0,0.0,0.0,0.0,0.0,0.0,0.0,0.0,0.0,0.0,1,1,0,0.896681319,0.87051618,-0.02616513900000006
794,0.7730712,0.9300858,0.1570146,0.67581606,0.90012246,0.2243063999999999,1.0,1.0,0.0,0.0,0.0,0.0,0.0,0.0,0.0,0.0,0.0,0.0,1,1,0,0.773071242,0.9300857219999998,0.15701447999999985
795,0.89536947,0.93872756,0.043358090000000016,0.8987421,0.9606823,0.0619402,0.8875,0.8875,0.0,0.0,0.0,0.0,0.0,0.0,0.0,0.0,0.0,0.0,1,1,0,0.8953694699999999,0.9387276099999999,0.043358140000000045
796,0.91,0.9424898,0.03248980000000001,1.0,0.9874854,-0.012514600000000042,0.7,0.83750004,0.13750004000000005,0.0,0.0,0.0,0.0,0.0,0.0,0.0,0.0,0.0,1,1,0,0.9099999999999999,0.9424897919999999,0.03248979200000002
797,0.65858,1.0,0.34141999999999995,0.5444,1.0,0.4556,0.925,1.0,0.07499999999999996,0.0,0.0,0.0,0.0,0.0,0.0,0.0,0.0,0.0,1,1,0,0.6585799999999999,1.0,0.34142000000000006
798,0.9549999,1.0,0.04500009999999999,0.99999994,0.99999994,0.0,0.85,1.0,0.15000000000000002,0.0,0.0,0.0,0.0,0.0,0.0,0.0,0.0,0.0,1,1,0,0.954999958,0.9999999580000001,0.04500000000000004
799,0.9424775,0.9172887,-0.02518880000000001,0.9660393,0.88184094,-0.08419836000000003,0.8875,1.0,0.11250000000000004,0.0,0.0,0.0,0.0,0.0,0.0,0.0,0.0,0.0,1,1,0,0.94247751,0.9172886579999999,-0.025188852000000095
800,1.0,1.0,0.0,1.0,1.0,0.0,1.0,1.0,0.0,0.0,0.0,0.0,0.0,0.0,0.0,0.0,0.0,0.0,1,1,0,1.0,1.0,0.0
801,0.3357628,0.97375005,0.6379872500000001,0.08323253,1.0,0.91676747,0.925,0.9125,-0.012500000000000067,0.0,0.0,0.0,0.0,0.0,0.0,0.0,0.0,0.0,1,1,0,0.335762771,0.9737499999999999,0.6379872289999999
802,0.90467685,0.865894,-0.038782849999999924,0.9120383,0.86199147,-0.05004682999999999,0.8875,0.875,-0.012499999999999956,0.0,0.0,0.0,0.0,0.0,0.0,0.0,0.0,0.0,1,1,0,0.9046768099999999,0.8658940289999999,-0.03878278099999999
803,0.95657367,0.8856968,-0.07087687000000009,0.98617667,0.8367096,-0.14946706999999992,0.8875,1.0,0.11250000000000004,0.0,0.0,0.0,0.0,0.0,0.0,0.0,0.0,0.0,1,1,0,0.956573669,0.8856967199999999,-0.07087694900000008
804,0.86488974,0.9033828,0.03849306000000008,0.9623424,0.86197543,-0.10036697000000006,0.6375,1.0,0.36250000000000004,0.0,0.0,0.0,0.0,0.0,0.0,0.0,0.0,0.0,1,1,0,0.8648896799999999,0.903382801,0.03849312100000013
805,0.8340048,0.9842667,0.15026190000000006,0.76286393,0.97752386,0.21465993000000005,1.0,1.0,0.0,0.0,0.0,0.0,0.0,0.0,0.0,0.0,0.0,0.0,1,1,0,0.8340047509999999,0.984266702,0.15026195100000006
806,0.8580904,0.8918404,0.03374999999999995,0.8454862,0.8454862,0.0,0.8875,1.0,0.11250000000000004,0.0,0.0,0.0,0.0,0.0,0.0,0.0,0.0,0.0,1,1,0,0.85809034,0.8918403399999999,0.03374999999999995
807,0.9200212,0.9081975,-0.011823699999999993,0.9286016,0.86885357,-0.05974803000000006,0.90000004,1.0,0.09999996,0.0,0.0,0.0,0.0,0.0,0.0,0.0,0.0,0.0,1,1,0,0.920021132,0.9081974989999999,-0.011823633000000111
808,0.7138869,0.78341526,0.06952835999999996,0.6394813,0.6905932,0.05111189999999999,0.8875,1.0,0.11250000000000004,0.0,0.0,0.0,0.0,0.0,0.0,0.0,0.0,0.0,1,1,0,0.71388691,0.78341524,0.06952832999999992
809,0.92758316,0.91285163,-0.014731529999999937,0.95011866,0.8755023,-0.07461636000000005,0.875,1.0,0.125,0.0,0.0,0.0,0.0,0.0,0.0,0.0,0.0,0.0,1,1,0,0.9275830620000001,0.9128516099999999,-0.014731452000000145
810,0.9095251,0.92595494,0.01642984000000003,0.8707501,0.8942213,0.023471200000000025,1.0,1.0,0.0,0.0,0.0,0.0,0.0,0.0,0.0,0.0,0.0,0.0,1,1,0,0.9095250699999999,0.92595491,0.01642984000000003
811,0.88479996,0.9017022,0.016902239999999957,0.8354284,0.8595746,0.024146200000000007,1.0,1.0,0.0,0.0,0.0,0.0,0.0,0.0,0.0,0.0,0.0,0.0,1,1,0,0.8847998799999999,0.90170222,0.016902340000000127
812,0.95125,0.9325,-0.018750000000000044,1.0,1.0,0.0,0.83750004,0.77500004,-0.0625,0.0,0.0,0.0,0.0,0.0,0.0,0.0,0.0,0.0,1,1,0,0.9512500119999999,0.932500012,-0.018749999999999933
813,1.0,0.938369,-0.06163099999999999,1.0,0.9119557,-0.08804429999999996,1.0,1.0,0.0,0.0,0.0,0.0,0.0,0.0,0.0,0.0,0.0,0.0,1,1,0,1.0,0.9383689900000001,-0.06163100999999993
814,0.79645604,0.85604775,0.059591709999999964,0.7574372,0.7943539,0.036916699999999913,0.8875,1.0,0.11250000000000004,0.0,0.0,0.0,0.0,0.0,0.0,0.0,0.0,0.0,1,1,0,0.7964560399999999,0.85604773,0.059591690000000086
815,0.96625006,0.97375005,0.007499990000000012,1.0000001,1.0000001,0.0,0.8875,0.9125,0.025000000000000022,0.0,0.0,0.0,0.0,0.0,0.0,0.0,0.0,0.0,1,1,0,0.96625007,0.9737500699999999,0.007499999999999951
816,0.8800762,1.0,0.11992380000000002,0.8286804,1.0,0.17131960000000002,1.0,1.0,0.0,0.0,0.0,0.0,0.0,0.0,0.0,0.0,0.0,0.0,1,1,0,0.8800762799999999,1.0,0.11992372000000007
817,0.9552631,0.961561,0.006297899999999967,0.93609005,0.94508713,0.00899707999999999,1.0,1.0,0.0,0.0,0.0,0.0,0.0,0.0,0.0,0.0,0.0,0.0,1,1,0,0.955263035,0.961560991,0.006297956000000049
818,0.8629435,0.8914899,0.028546399999999972,0.85777646,0.84498554,-0.012790919999999928,0.875,1.0,0.125,0.0,0.0,0.0,0.0,0.0,0.0,0.0,0.0,0.0,1,1,0,0.8629435219999999,0.891489878,0.028546356000000106
819,0.96625006,0.96625006,0.0,1.0,1.0,0.0,0.8875,0.8875,0.0,0.0,0.0,0.0,0.0,0.0,0.0,0.0,0.0,0.0,1,1,0,0.9662499999999999,0.9662499999999999,0.0
820,0.96250004,0.97749996,0.014999919999999944,1.0,1.0,0.0,0.875,0.925,0.050000000000000044,0.0,0.0,0.0,0.0,0.0,0.0,0.0,0.0,0.0,1,1,0,0.9624999999999999,0.9775,0.015000000000000124
821,0.8625355,0.85108995,-0.011445550000000027,0.9375507,0.86227137,-0.07527932999999998,0.6875,0.825,0.13749999999999996,0.0,0.0,0.0,0.0,0.0,0.0,0.0,0.0,0.0,1,1,0,0.86253549,0.8510899589999998,-0.01144553100000012
822,0.8810207,0.8810207,0.0,0.83002967,0.83002967,0.0,1.0,1.0,0.0,0.0,0.0,0.0,0.0,0.0,0.0,0.0,0.0,0.0,1,1,0,0.881020769,0.881020769,0.0
823,0.8029348,0.9226311,0.11969630000000009,0.7184784,0.8894729,0.17099450000000005,1.0,1.0,0.0,0.0,0.0,0.0,0.0,0.0,0.0,0.0,0.0,0.0,1,1,0,0.80293488,0.92263103,0.11969615
824,1.0,1.0,0.0,1.0,1.0,0.0,1.0,1.0,0.0,0.0,0.0,0.0,0.0,0.0,0.0,0.0,0.0,0.0,1,1,0,1.0,1.0,0.0
825,0.925,0.96625006,0.04125005999999998,1.0,1.0,0.0,0.75,0.8875,0.13749999999999996,0.0,0.0,0.0,0.0,0.0,0.0,0.0,0.0,0.0,1,1,0,0.9249999999999999,0.9662499999999999,0.04125000000000001
826,0.8113948,0.8358219,0.024427100000000035,0.83770686,0.79760265,-0.040104210000000085,0.75,0.925,0.17500000000000004,0.0,0.0,0.0,0.0,0.0,0.0,0.0,0.0,0.0,1,1,0,0.811394802,0.8358218550000001,0.024427053000000032
827,0.96625006,0.9232975,-0.04295256000000003,1.0,0.93863934,-0.061360659999999956,0.8875,0.8875,0.0,0.0,0.0,0.0,0.0,0.0,0.0,0.0,0.0,0.0,1,1,0,0.9662499999999999,0.923297538,-0.042952461999999914
828,0.0,1.0,1.0,1.0,1.0,0.0,1.0,1.0,0.0,1.0,0.0,-1.0,1.0,0.0,-1.0,0.0,0.0,0.0,0,1,1,1.0,1.0,0.0
829,1.0,1.0,0.0,1.0,1.0,0.0,1.0,1.0,0.0,0.0,0.0,0.0,0.0,0.0,0.0,0.0,0.0,0.0,1,1,0,1.0,1.0,0.0
830,0.8865749,0.869064,-0.017510900000000107,0.83796424,0.8129485,-0.025015740000000064,1.0,1.0,0.0,0.0,0.0,0.0,0.0,0.0,0.0,0.0,0.0,0.0,1,1,0,0.8865749679999999,0.8690639499999999,-0.01751101799999999
831,0.8912501,0.92125,0.029999899999999968,1.0,1.0,0.0,0.6375,0.7375,0.10000000000000009,0.0,0.0,0.0,0.0,0.0,0.0,0.0,0.0,0.0,1,1,0,0.8912499999999999,0.9212499999999999,0.030000000000000027
832,0.57968783,0.7983381,0.21865027000000004,0.44776833,0.86191165,0.41414332000000004,0.8875,0.65000004,-0.23749995999999995,0.0,0.0,0.0,0.0,0.0,0.0,0.0,0.0,0.0,1,1,0,0.579687831,0.798338167,0.21865033600000006
833,1.0,1.0,0.0,1.0,1.0,0.0,1.0,1.0,0.0,0.0,0.0,0.0,0.0,0.0,0.0,0.0,0.0,0.0,1,1,0,1.0,1.0,0.0
834,0.93107206,1.0,0.06892794000000002,0.90153146,0.99999994,0.09846848000000008,1.0,1.0,0.0,0.0,0.0,0.0,0.0,0.0,0.0,0.0,0.0,0.0,1,1,0,0.9310720219999999,0.9999999580000001,0.06892793600000013
835,1.0,1.0,0.0,1.0,1.0,0.0,1.0,1.0,0.0,0.0,0.0,0.0,0.0,0.0,0.0,0.0,0.0,0.0,1,1,0,1.0,1.0,0.0
836,1.0,1.0,0.0,1.0,1.0,0.0,1.0,1.0,0.0,0.0,0.0,0.0,0.0,0.0,0.0,0.0,0.0,0.0,1,1,0,1.0,1.0,0.0
837,0.90400565,0.9152557,0.011250050000000011,0.9110795,0.9110795,0.0,0.8875,0.925,0.03750000000000009,0.0,0.0,0.0,0.0,0.0,0.0,0.0,0.0,0.0,1,1,0,0.90400565,0.91525565,0.011249999999999982
838,0.8226191,0.91261905,0.08999994999999994,0.87517005,0.87517005,0.0,0.7,1.0,0.30000000000000004,0.0,0.0,0.0,0.0,0.0,0.0,0.0,0.0,0.0,1,1,0,0.822619035,0.9126190350000001,0.09000000000000008
839,1.0,1.0,0.0,1.0,1.0,0.0,1.0,1.0,0.0,0.0,0.0,0.0,0.0,0.0,0.0,0.0,0.0,0.0,1,1,0,1.0,1.0,0.0
840,0.844104,0.93001854,0.08591453999999998,0.8255058,0.90002644,0.07452064000000003,0.8875,1.0,0.11250000000000004,0.0,0.0,0.0,0.0,0.0,0.0,0.0,0.0,0.0,1,1,0,0.8441040599999999,0.9300185079999999,0.08591444799999992
841,0.897778,0.901133,0.003354999999999997,0.9021828,0.8587614,-0.04342139999999994,0.8875,1.0,0.11250000000000004,0.0,0.0,0.0,0.0,0.0,0.0,0.0,0.0,0.0,1,1,0,0.8977779599999999,0.9011329799999999,0.0033550199999999863
842,0.30305925,1.0,0.69694075,0.0043703625,1.0,0.9956296375,1.0,1.0,0.0,0.0,0.0,0.0,0.0,0.0,0.0,0.0,0.0,0.0,1,1,0,0.30305925375,1.0,0.69694074625
843,0.925,0.9161728,-0.008827200000000035,1.0,0.9123897,-0.08761030000000003,0.75,0.925,0.17500000000000004,0.0,0.0,0.0,0.0,0.0,0.0,0.0,0.0,0.0,1,1,0,0.9249999999999999,0.9161727900000001,-0.008827209999999863
844,1.0,1.0,0.0,1.0,1.0,0.0,1.0,1.0,0.0,0.0,0.0,0.0,0.0,0.0,0.0,0.0,0.0,0.0,1,1,0,1.0,1.0,0.0
845,0.8725411,1.0,0.12745890000000004,0.96255875,1.0,0.03744124999999998,0.6625,1.0,0.3375,0.0,0.0,0.0,0.0,0.0,0.0,0.0,0.0,0.0,1,1,0,0.8725411249999999,1.0,0.12745887500000008
846,0.93924636,0.93924636,0.0,0.96142334,0.96142334,0.0,0.8875,0.8875,0.0,0.0,0.0,0.0,0.0,0.0,0.0,0.0,0.0,0.0,1,1,0,0.9392463379999999,0.9392463379999999,0.0
847,0.8557319,0.90338516,0.04765326000000003,0.7939027,0.8619787,0.06807600000000003,1.0,1.0,0.0,0.0,0.0,0.0,0.0,0.0,0.0,0.0,0.0,0.0,1,1,0,0.8557318899999999,0.90338509,0.04765320000000006
848,0.90471166,0.88291806,-0.02179360000000008,0.9228023,0.83274007,-0.09006222999999991,0.8625,1.0,0.13749999999999996,0.0,0.0,0.0,0.0,0.0,0.0,0.0,0.0,0.0,1,1,0,0.9047116099999999,0.8829180489999999,-0.02179356099999996
849,0.7804181,0.78923196,0.008813859999999951,0.73452586,0.7471171,0.012591240000000004,0.8875,0.8875,0.0,0.0,0.0,0.0,0.0,0.0,0.0,0.0,0.0,0.0,1,1,0,0.780418102,0.7892319699999999,0.008813867999999947
850,1.0,1.0,0.0,1.0,1.0,0.0,1.0,1.0,0.0,0.0,0.0,0.0,0.0,0.0,0.0,0.0,0.0,0.0,1,1,0,1.0,1.0,0.0
851,0.0,1.0,1.0,1.0,1.0,0.0,0.9350649,1.0,0.06493510000000002,1.0,0.0,-1.0,1.0,0.0,-1.0,0.0,0.0,0.0,0,1,1,0.98051947,1.0,0.01948053000000005
852,0.5805093,0.9884302,0.40792090000000003,0.40072757,0.9834717,0.58274413,1.0,1.0,0.0,0.0,0.0,0.0,0.0,0.0,0.0,0.0,0.0,0.0,1,1,0,0.580509299,0.9884301899999999,0.40792089099999984
853,0.93982077,0.85947955,-0.08034121999999999,0.962244,0.8742565,-0.0879875,0.8875,0.825,-0.0625,0.0,0.0,0.0,0.0,0.0,0.0,0.0,0.0,0.0,1,1,0,0.9398207999999999,0.8594795499999999,-0.08034125000000003
854,0.91375,0.94,0.026249999999999996,1.0,1.0,0.0,0.71250004,0.8,0.08749996000000004,0.0,0.0,0.0,0.0,0.0,0.0,0.0,0.0,0.0,1,1,0,0.913750012,0.94,0.026249988000000002
855,0.83423465,0.83423465,0.0,0.76319236,0.76319236,0.0,1.0,1.0,0.0,0.0,0.0,0.0,0.0,0.0,0.0,0.0,0.0,0.0,1,1,0,0.8342346519999999,0.8342346519999999,0.0
856,0.88112354,0.86810935,-0.013014190000000037,0.8783908,0.8115847,-0.06680609999999998,0.8875,1.0,0.11250000000000004,0.0,0.0,0.0,0.0,0.0,0.0,0.0,0.0,0.0,1,1,0,0.8811235599999999,0.86810929,-0.013014269999999883
857,0.93010646,0.95125,0.02114354000000007,0.9537235,1.0,0.046276500000000054,0.875,0.83750004,-0.03749996,0.0,0.0,0.0,0.0,0.0,0.0,0.0,0.0,0.0,1,1,0,0.93010645,0.9512500119999999,0.021143561999999894
858,0.6745595,0.97676754,0.30220804,0.5832992,0.9668107,0.3835115,0.8875,1.0,0.11250000000000004,0.0,0.0,0.0,0.0,0.0,0.0,0.0,0.0,0.0,1,1,0,0.6745594399999999,0.9767674900000001,0.3022080500000002
859,0.8660418,0.96625006,0.10020826000000005,0.86220247,1.0,0.13779752999999995,0.875,0.8875,0.012499999999999956,0.0,0.0,0.0,0.0,0.0,0.0,0.0,0.0,0.0,1,1,0,0.866041729,0.9662499999999999,0.10020827099999996
860,0.95125,0.95125,0.0,1.0,1.0,0.0,0.83750004,0.83750004,0.0,0.0,0.0,0.0,0.0,0.0,0.0,0.0,0.0,0.0,1,1,0,0.9512500119999999,0.9512500119999999,0.0
861,0.95589274,0.97725695,0.021364209999999995,0.93698967,0.9675099,0.030520230000000037,1.0,1.0,0.0,0.0,0.0,0.0,0.0,0.0,0.0,0.0,0.0,0.0,1,1,0,0.9558927689999999,0.97725693,0.02136416100000016
862,0.86118376,0.8661439,0.004960140000000002,0.9249053,0.86234844,-0.06255686000000005,0.71250004,0.875,0.16249996,0.0,0.0,0.0,0.0,0.0,0.0,0.0,0.0,0.0,1,1,0,0.8611837219999999,0.866143908,0.004960186000000033
863,0.97749996,1.0,0.022500040000000054,0.99999994,0.99999994,0.0,0.925,1.0,0.07499999999999996,0.0,0.0,0.0,0.0,0.0,0.0,0.0,0.0,0.0,1,1,0,0.9774999580000001,0.9999999580000001,0.022499999999999964
864,0.95881236,0.9836855,0.02487313999999996,0.94116056,0.9766935,0.03553293999999996,1.0,1.0,0.0,0.0,0.0,0.0,0.0,0.0,0.0,0.0,0.0,0.0,1,1,0,0.958812392,0.9836854499999999,0.024873057999999837
865,0.6611711,0.71491545,0.053744349999999996,0.7998872,0.8123792,0.012491999999999948,0.3375,0.4875,0.14999999999999997,0.0,0.0,0.0,0.0,0.0,0.0,0.0,0.0,0.0,1,1,0,0.6611710399999999,0.71491544,0.053744400000000025
866,0.96625006,0.9302622,-0.03598785999999998,1.0,0.90037453,-0.09962547,0.8875,1.0,0.11250000000000004,0.0,0.0,0.0,0.0,0.0,0.0,0.0,0.0,0.0,1,1,0,0.9662499999999999,0.9302621709999999,-0.03598782900000008
867,0.8760094,0.8822319,0.006222499999999909,0.9246563,0.91211694,-0.01253936,0.7625,0.8125,0.050000000000000044,0.0,0.0,0.0,0.0,0.0,0.0,0.0,0.0,0.0,1,1,0,0.87600941,0.8822318579999999,0.006222447999999936
868,1.0,1.0,0.0,1.0,1.0,0.0,1.0,1.0,0.0,0.0,0.0,0.0,0.0,0.0,0.0,0.0,0.0,0.0,1,1,0,1.0,1.0,0.0
869,1.0,1.0,0.0,1.0,1.0,0.0,1.0,1.0,0.0,0.0,0.0,0.0,0.0,0.0,0.0,0.0,0.0,0.0,1,1,0,1.0,1.0,0.0
870,0.97749996,0.9109027,-0.06659725999999999,1.0,0.87271816,-0.12728183999999998,0.925,1.0,0.07499999999999996,0.0,0.0,0.0,0.0,0.0,0.0,0.0,0.0,0.0,1,1,0,0.9775,0.910902712,-0.06659728800000009
871,0.8066351,0.8678503,0.061215199999999914,0.7612643,0.8112146,0.0499503,0.9125,1.0,0.08750000000000002,0.0,0.0,0.0,0.0,0.0,0.0,0.0,0.0,0.0,1,1,0,0.8066350099999999,0.86785022,0.061215210000000075
872,0.95874995,0.94,-0.018749950000000015,0.99999994,0.99999994,0.0,0.8625,0.8,-0.0625,0.0,0.0,0.0,0.0,0.0,0.0,0.0,0.0,0.0,1,1,0,0.9587499580000001,0.939999958,-0.018750000000000044
873,1.0,1.0,0.0,1.0,1.0,0.0,1.0,1.0,0.0,0.0,0.0,0.0,0.0,0.0,0.0,0.0,0.0,0.0,1,1,0,1.0,1.0,0.0
874,0.8226015,0.8263529,0.0037513999999999603,0.8751451,0.80014694,-0.07499816000000004,0.7,0.8875,0.1875,0.0,0.0,0.0,0.0,0.0,0.0,0.0,0.0,0.0,1,1,0,0.8226015699999999,0.8263528579999999,0.0037512880000000193
875,0.9063906,0.9213263,0.014935699999999996,0.92520076,0.96260893,0.037408170000000074,0.8625,0.825,-0.03750000000000009,0.0,0.0,0.0,0.0,0.0,0.0,0.0,0.0,0.0,1,1,0,0.9063905319999999,0.9213262509999999,0.014935719000000014
876,0.96625006,0.9158358,-0.050414260000000044,1.0,0.98690814,-0.013091859999999955,0.8875,0.75,-0.13749999999999996,0.0,0.0,0.0,0.0,0.0,0.0,0.0,0.0,0.0,1,1,0,0.9662499999999999,0.915835698,-0.050414301999999966
877,0.8373639,0.8856144,0.048250499999999974,0.9123056,0.836592,-0.07571360000000005,0.6625,1.0,0.3375,0.0,0.0,0.0,0.0,0.0,0.0,0.0,0.0,0.0,1,1,0,0.8373639199999999,0.8856143999999999,0.048250479999999984
878,1.0,1.0,0.0,1.0,1.0,0.0,1.0,1.0,0.0,0.0,0.0,0.0,0.0,0.0,0.0,0.0,0.0,0.0,1,1,0,1.0,1.0,0.0
879,1.0,1.0,0.0,1.0,1.0,0.0,1.0,1.0,0.0,0.0,0.0,0.0,0.0,0.0,0.0,0.0,0.0,0.0,1,1,0,1.0,1.0,0.0
880,0.84645027,0.87520665,0.028756380000000026,0.9252861,0.8752952,-0.04999089999999995,0.6625,0.875,0.21250000000000002,0.0,0.0,0.0,0.0,0.0,0.0,0.0,0.0,0.0,1,1,0,0.84645027,0.87520664,0.028756370000000087
881,0.95125,0.95874995,0.007499949999999922,1.0,1.0,0.0,0.83750004,0.8625,0.024999960000000043,0.0,0.0,0.0,0.0,0.0,0.0,0.0,0.0,0.0,1,1,0,0.9512500119999999,0.95875,0.0074999880000000685
882,0.73482925,0.9806286,0.24579934999999997,0.62118465,0.9723266,0.35114195000000004,1.0,1.0,0.0,0.0,0.0,0.0,0.0,0.0,0.0,0.0,0.0,0.0,1,1,0,0.734829255,0.9806286200000001,0.2457993650000001
883,1.0,1.0,0.0,1.0,1.0,0.0,1.0,1.0,0.0,0.0,0.0,0.0,0.0,0.0,0.0,0.0,0.0,0.0,1,1,0,1.0,1.0,0.0
884,0.90625,1.0,0.09375,1.0,1.0,0.0,0.6875,1.0,0.3125,0.0,0.0,0.0,0.0,0.0,0.0,0.0,0.0,0.0,1,1,0,0.90625,1.0,0.09375
885,0.93321973,0.93321973,0.0,0.9528138,0.9528138,0.0,0.8875,0.8875,0.0,0.0,0.0,0.0,0.0,0.0,0.0,0.0,0.0,0.0,1,1,0,0.93321966,0.93321966,0.0
886,0.92875004,0.9201061,-0.008643940000000017,1.0,0.95015156,-0.049848439999999994,0.7625,0.85,0.08750000000000002,0.0,0.0,0.0,0.0,0.0,0.0,0.0,0.0,0.0,1,1,0,0.92875,0.9201060919999999,-0.008643908000000033
887,0.0,0.0,0.0,1.0,1.0,0.0,0.0,1.0,1.0,1.0,1.0,0.0,1.0,1.0,0.0,0.0,0.0,0.0,0,0,0,0.7,1.0,0.30000000000000004
888,0.94,0.925,-0.014999999999999902,1.0,1.0,0.0,0.8,0.75,-0.050000000000000044,0.0,0.0,0.0,0.0,0.0,0.0,0.0,0.0,0.0,1,1,0,0.94,0.9249999999999999,-0.015000000000000013
889,0.90439826,0.9293373,0.024939040000000023,0.91164035,0.8990532,-0.012587149999999991,0.8875,1.0,0.11250000000000004,0.0,0.0,0.0,0.0,0.0,0.0,0.0,0.0,0.0,1,1,0,0.904398245,0.92933724,0.024938994999999964
890,1.0,1.0,0.0,1.0,1.0,0.0,1.0,1.0,0.0,0.0,0.0,0.0,0.0,0.0,0.0,0.0,0.0,0.0,1,1,0,1.0,1.0,0.0
891,0.9138426,0.8645774,-0.0492651999999999,0.9090608,0.8440391,-0.06502169999999996,0.925,0.9125,-0.012500000000000067,0.0,0.0,0.0,0.0,0.0,0.0,0.0,0.0,0.0,1,1,0,0.91384256,0.8645773699999999,-0.04926519000000007
892,0.82832843,0.9931192,0.16479076999999998,0.9904691,0.9901702,-0.00029889999999999084,0.45000002,1.0,0.5499999799999999,0.0,0.0,0.0,0.0,0.0,0.0,0.0,0.0,0.0,1,1,0,0.828328376,0.9931191399999999,0.16479076399999992
893,0.80592155,0.87722075,0.07129920000000001,0.7977451,0.824601,0.026855900000000044,0.825,1.0,0.17500000000000004,0.0,0.0,0.0,0.0,0.0,0.0,0.0,0.0,0.0,1,1,0,0.8059215699999999,0.8772207000000001,0.07129913000000021
894,0.85494393,0.8799481,0.025004169999999992,0.9749199,0.9249258,-0.04999409999999993,0.575,0.77500004,0.20000004000000005,0.0,0.0,0.0,0.0,0.0,0.0,0.0,0.0,0.0,1,1,0,0.8549439299999999,0.8799480719999999,0.025004142000000007
895,0.8539896,0.8670977,0.013108099999999956,0.82355666,0.81013954,-0.01341712000000006,0.925,1.0,0.07499999999999996,0.0,0.0,0.0,0.0,0.0,0.0,0.0,0.0,0.0,1,1,0,0.853989662,0.8670976779999999,0.013108015999999889
896,0.78352755,0.8623751,0.07884754999999999,0.7336108,0.84625006,0.11263926000000002,0.90000004,0.90000004,0.0,0.0,0.0,0.0,0.0,0.0,0.0,0.0,0.0,0.0,1,1,0,0.783527572,0.862375054,0.07884748200000002
897,0.96625006,0.92125,-0.04500006000000001,1.0,1.0,0.0,0.8875,0.7375,-0.1499999999999999,0.0,0.0,0.0,0.0,0.0,0.0,0.0,0.0,0.0,1,1,0,0.9662499999999999,0.9212499999999999,-0.04500000000000004
898,0.7853238,0.8990931,0.11376929999999996,0.9129625,0.8879901,-0.024972400000000006,0.4875,0.925,0.43750000000000006,0.0,0.0,0.0,0.0,0.0,0.0,0.0,0.0,0.0,1,1,0,0.78532375,0.8990930699999999,0.11376931999999995
899,0.94875425,0.91236556,-0.03638869,0.97500604,0.87480795,-0.10019809000000002,0.8875,1.0,0.11250000000000004,0.0,0.0,0.0,0.0,0.0,0.0,0.0,0.0,0.0,1,1,0,0.948754228,0.912365565,-0.03638866299999999
900,0.95736426,0.92031556,-0.037048699999999934,0.9873061,0.886165,-0.10114109999999998,0.8875,1.0,0.11250000000000004,0.0,0.0,0.0,0.0,0.0,0.0,0.0,0.0,0.0,1,1,0,0.9573642699999999,0.9203154999999998,-0.037048770000000064
901,0.9025,0.94,0.03749999999999998,1.0,1.0,0.0,0.675,0.8,0.125,0.0,0.0,0.0,0.0,0.0,0.0,0.0,0.0,0.0,1,1,0,0.9025,0.94,0.03749999999999998
902,0.8420413,0.86098844,0.018947139999999973,0.822559,0.84962624,0.027067239999999937,0.8875,0.8875,0.0,0.0,0.0,0.0,0.0,0.0,0.0,0.0,0.0,0.0,1,1,0,0.8420413,0.8609883679999999,0.0189470679999999
903,0.9138102,0.92133105,0.007520850000000023,0.9250859,0.88761574,-0.03747016000000003,0.8875,1.0,0.11250000000000004,0.0,0.0,0.0,0.0,0.0,0.0,0.0,0.0,0.0,1,1,0,0.91381013,0.9213310179999998,0.007520887999999837
904,0.96625006,0.91088355,-0.055366510000000035,1.0,0.87269074,-0.12730925999999998,0.8875,1.0,0.11250000000000004,0.0,0.0,0.0,0.0,0.0,0.0,0.0,0.0,0.0,1,1,0,0.9662499999999999,0.9108835179999999,-0.05536648200000005
905,0.7162408,0.9825185,0.26627769999999995,0.7874869,0.97502637,0.18753947000000004,0.55,1.0,0.44999999999999996,0.0,0.0,0.0,0.0,0.0,0.0,0.0,0.0,0.0,1,1,0,0.7162408299999999,0.982518459,0.26627762900000007
906,0.7974603,0.8511321,0.053671799999999936,0.8285147,0.89447445,0.06595974999999998,0.725,0.75,0.025000000000000022,0.0,0.0,0.0,0.0,0.0,0.0,0.0,0.0,0.0,1,1,0,0.7974602900000001,0.851132115,0.053671824999999895
907,0.9061805,0.92116207,0.01498157,0.92490065,0.8873744,-0.03752624999999998,0.8625,1.0,0.13749999999999996,0.0,0.0,0.0,0.0,0.0,0.0,0.0,0.0,0.0,1,1,0,0.9061804549999999,0.92116208,0.01498162500000011
908,1.0,1.0,0.0,1.0,1.0,0.0,1.0,1.0,0.0,0.0,0.0,0.0,0.0,0.0,0.0,0.0,0.0,0.0,1,1,0,1.0,1.0,0.0
909,0.948703,0.8558764,-0.09282659999999998,0.97493297,0.8530376,-0.12189537000000006,0.8875,0.8625,-0.02499999999999991,0.0,0.0,0.0,0.0,0.0,0.0,0.0,0.0,0.0,1,1,0,0.948703079,0.8558763199999999,-0.09282675900000004
910,0.60132796,0.6833342,0.08200624000000001,0.74653995,0.7726202,0.026080250000000027,0.26250002,0.475,0.21249997999999998,0.0,0.0,0.0,0.0,0.0,0.0,0.0,0.0,0.0,1,1,0,0.601327971,0.6833341399999999,0.0820061689999999
911,0.0,0.0,0.0,1.0,1.0,0.0,0.0,1.0,1.0,1.0,1.0,0.0,1.0,1.0,0.0,0.0,0.0,0.0,0,0,0,0.7,1.0,0.30000000000000004
912,0.78304255,0.8229702,0.03992764999999998,0.7864893,0.7471003,-0.039388999999999896,0.77500004,1.0,0.22499996,0.0,0.0,0.0,0.0,0.0,0.0,0.0,0.0,0.0,1,1,0,0.7830425219999999,0.82297021,0.03992768800000013
913,0.86376935,0.90982705,0.04605769999999998,0.8696705,0.9354671,0.06579659999999998,0.85,0.85,0.0,0.0,0.0,0.0,0.0,0.0,0.0,0.0,0.0,0.0,1,1,0,0.86376935,0.90982697,0.04605762000000002
914,0.9481565,1.0,0.05184350000000004,0.9259378,1.0,0.07406219999999997,1.0,1.0,0.0,0.0,0.0,0.0,0.0,0.0,0.0,0.0,0.0,0.0,1,1,0,0.9481564599999999,1.0,0.05184354000000013
915,0.88255024,0.94754523,0.06499498999999997,0.9125717,0.9250647,0.012492999999999976,0.8125,1.0,0.1875,0.0,0.0,0.0,0.0,0.0,0.0,0.0,0.0,0.0,1,1,0,0.88255019,0.9475452899999999,0.06499509999999986
916,0.0,0.0,0.0,1.0,1.0,0.0,1.0,1.0,0.0,0.0,1.0,1.0,1.0,1.0,0.0,0.0,0.0,0.0,0,0,0,1.0,1.0,0.0
917,0.94858855,0.9295972,-0.018991349999999962,0.9747694,0.89942455,-0.07534485000000002,0.8875,1.0,0.11250000000000004,0.0,0.0,0.0,0.0,0.0,0.0,0.0,0.0,0.0,1,1,0,0.9485885799999999,0.929597185,-0.01899139499999991
918,0.8552473,1.0,0.14475269999999996,0.84142464,1.0,0.15857536000000005,0.8875,1.0,0.11250000000000004,0.0,0.0,0.0,0.0,0.0,0.0,0.0,0.0,0.0,1,1,0,0.855247248,1.0,0.14475275200000004
919,0.8671938,0.871972,0.004778199999999955,0.8584911,0.81710285,-0.041388249999999904,0.8875,1.0,0.11250000000000004,0.0,0.0,0.0,0.0,0.0,0.0,0.0,0.0,0.0,1,1,0,0.8671937699999999,0.871971995,0.004778225000000136
920,0.8405881,0.78503096,-0.055557139999999894,0.85262585,0.7464728,-0.10615304999999997,0.8125,0.875,0.0625,0.0,0.0,0.0,0.0,0.0,0.0,0.0,0.0,0.0,1,1,0,0.840588095,0.78503096,-0.055557134999999924
921,0.77457035,0.8720598,0.09748945000000009,0.7797433,0.8654425,0.08569919999999998,0.7625,0.8875,0.125,0.0,0.0,0.0,0.0,0.0,0.0,0.0,0.0,0.0,1,1,0,0.77457031,0.8720597499999999,0.09748943999999993
922,0.88000005,0.9572095,0.07720945000000001,1.0,0.987085,-0.01291500000000001,0.6,0.8875,0.2875,0.0,0.0,0.0,0.0,0.0,0.0,0.0,0.0,0.0,1,1,0,0.8799999999999999,0.9572094999999999,0.07720950000000004
923,0.93521845,1.0,0.06478154999999997,0.9074549,1.0,0.09254510000000005,1.0,1.0,0.0,0.0,0.0,0.0,0.0,0.0,0.0,0.0,0.0,0.0,1,1,0,0.9352184299999999,1.0,0.06478157000000007
924,0.75695497,0.82445496,0.06749998999999995,0.7492214,0.7492214,0.0,0.77500004,1.0,0.22499996,0.0,0.0,0.0,0.0,0.0,0.0,0.0,0.0,0.0,1,1,0,0.756954992,0.8244549800000001,0.06749998800000001
925,0.88374996,0.90625,0.022500040000000054,1.0,1.0,0.0,0.6125,0.6875,0.07499999999999996,0.0,0.0,0.0,0.0,0.0,0.0,0.0,0.0,0.0,1,1,0,0.8837499999999999,0.90625,0.022500000000000075
926,0.91811126,0.9713613,0.05325004,0.93123025,0.9590875,0.027857249999999945,0.8875,1.0,0.11250000000000004,0.0,0.0,0.0,0.0,0.0,0.0,0.0,0.0,0.0,1,1,0,0.918111175,0.97136125,0.05325007500000001
927,0.8685962,0.8522954,-0.016300800000000004,0.81228024,0.83720773,0.024927490000000052,1.0,0.8875,-0.11250000000000004,0.0,0.0,0.0,0.0,0.0,0.0,0.0,0.0,0.0,1,1,0,0.8685961679999998,0.852295411,-0.016300756999999888
928,0.88523525,0.95500004,0.06976479000000002,0.8842647,1.0,0.11573529999999999,0.8875,0.85,-0.03749999999999998,0.0,0.0,0.0,0.0,0.0,0.0,0.0,0.0,0.0,1,1,0,0.88523529,0.955,0.06976470999999995
929,0.0,0.0,0.0,1.0,1.0,0.0,1.0,1.0,0.0,0.0,0.0,0.0,1.0,1.0,0.0,0.0,0.0,0.0,0,0,0,1.0,1.0,0.0
930,0.8810894,0.9123541,0.03126469999999992,0.8622706,0.87479156,0.012520960000000025,0.925,1.0,0.07499999999999996,0.0,0.0,0.0,0.0,0.0,0.0,0.0,0.0,0.0,1,1,0,0.8810894199999999,0.912354092,0.03126467200000005
931,0.96625006,0.94,-0.026250060000000075,1.0,1.0,0.0,0.8875,0.8,-0.08749999999999991,0.0,0.0,0.0,0.0,0.0,0.0,0.0,0.0,0.0,1,1,0,0.9662499999999999,0.94,-0.026249999999999996
932,1.0,0.96624994,-0.033750060000000026,0.99999994,0.99999994,0.0,1.0,0.8875,-0.11250000000000004,0.0,0.0,0.0,0.0,0.0,0.0,0.0,0.0,0.0,1,1,0,0.9999999580000001,0.966249958,-0.03375000000000006
933,0.97749996,0.9913958,0.013895840000000104,1.0,0.98770815,-0.012291849999999993,0.925,1.0,0.07499999999999996,0.0,0.0,0.0,0.0,0.0,0.0,0.0,0.0,0.0,1,1,0,0.9775,0.991395705,0.013895704999999925
934,0.893833,0.921395,0.027561999999999975,0.95011854,0.8877072,-0.062411339999999926,0.7625,1.0,0.23750000000000004,0.0,0.0,0.0,0.0,0.0,0.0,0.0,0.0,0.0,1,1,0,0.893832978,0.9213950399999999,0.027562062
935,0.8635832,0.88983315,0.026249949999999966,0.9122616,0.9122616,0.0,0.75,0.83750004,0.08750004,0.0,0.0,0.0,0.0,0.0,0.0,0.0,0.0,0.0,1,1,0,0.8635831199999999,0.8898331319999999,0.02625001199999999
936,0.8409945,1.0,0.15900550000000002,0.77284914,1.0,0.22715085999999995,1.0,1.0,0.0,0.0,0.0,0.0,0.0,0.0,0.0,0.0,0.0,0.0,1,1,0,0.8409943980000001,1.0,0.1590056019999999
937,0.94,0.95500004,0.015000040000000103,1.0,1.0,0.0,0.8,0.85,0.04999999999999993,0.0,0.0,0.0,0.0,0.0,0.0,0.0,0.0,0.0,1,1,0,0.94,0.955,0.015000000000000013
938,0.8636989,0.85987896,-0.003819940000000077,0.91242695,0.799827,-0.11259995,0.75,1.0,0.25,0.0,0.0,0.0,0.0,0.0,0.0,0.0,0.0,0.0,1,1,0,0.8636988649999999,0.8598789,-0.0038199649999999252
939,0.90872365,0.8640505,-0.04467314999999994,0.9017481,0.8057864,-0.09596170000000004,0.925,1.0,0.07499999999999996,0.0,0.0,0.0,0.0,0.0,0.0,0.0,0.0,0.0,1,1,0,0.9087236700000001,0.86405048,-0.04467319000000014
940,0.0,1.0,1.0,1.0,1.0,0.0,1.0,1.0,0.0,1.0,0.0,-1.0,1.0,0.0,-1.0,0.0,0.0,0.0,0,1,1,1.0,1.0,0.0
941,0.94,0.97749996,0.03749996,1.0,1.0,0.0,0.8,0.925,0.125,0.0,0.0,0.0,0.0,0.0,0.0,0.0,0.0,0.0,1,1,0,0.94,0.9775,0.03750000000000009
942,1.0,1.0,0.0,1.0,1.0,0.0,1.0,1.0,0.0,0.0,0.0,0.0,0.0,0.0,0.0,0.0,0.0,0.0,1,1,0,1.0,1.0,0.0
943,0.842179,0.8319029,-0.01027610000000001,0.77454144,0.7598612,-0.014680240000000011,1.0,1.0,0.0,0.0,0.0,0.0,0.0,0.0,0.0,0.0,0.0,0.0,1,1,0,0.842179008,0.8319028399999999,-0.010276168000000085
944,0.97749996,1.0,0.022500040000000054,1.0,1.0,0.0,0.925,1.0,0.07499999999999996,0.0,0.0,0.0,0.0,0.0,0.0,0.0,0.0,0.0,1,1,0,0.9775,1.0,0.022499999999999964
945,0.89997894,0.9212263,0.02124736000000005,0.9374699,0.8874662,-0.050003699999999984,0.8125,1.0,0.1875,0.0,0.0,0.0,0.0,0.0,0.0,0.0,0.0,0.0,1,1,0,0.89997893,0.92122634,0.021247410000000078
946,0.82664204,0.91727656,0.09063452000000005,0.78448856,0.8818236,0.09733504000000004,0.925,1.0,0.07499999999999996,0.0,0.0,0.0,0.0,0.0,0.0,0.0,0.0,0.0,1,1,0,0.8266419919999999,0.9172765199999999,0.09063452800000005
947,0.7920942,0.84438896,0.052294759999999996,0.8744202,0.83662707,-0.03779312999999995,0.6,0.8625,0.26250000000000007,0.0,0.0,0.0,0.0,0.0,0.0,0.0,0.0,0.0,1,1,0,0.7920941399999999,0.844388949,0.052294809000000164
948,1.0,1.0,0.0,1.0,1.0,0.0,1.0,1.0,0.0,0.0,0.0,0.0,0.0,0.0,0.0,0.0,0.0,0.0,1,1,0,1.0,1.0,0.0
949,0.90824586,0.8861017,-0.02214415999999997,0.9010654,0.83728814,-0.06377726000000006,0.925,1.0,0.07499999999999996,0.0,0.0,0.0,0.0,0.0,0.0,0.0,0.0,0.0,1,1,0,0.9082457799999999,0.8861016979999998,-0.022144082000000065
950,0.96624994,0.97749996,0.011250019999999972,0.99999994,0.99999994,0.0,0.8875,0.925,0.03750000000000009,0.0,0.0,0.0,0.0,0.0,0.0,0.0,0.0,0.0,1,1,0,0.966249958,0.9774999580000001,0.011250000000000093
951,0.91238433,0.91761744,0.005233110000000041,0.92304903,0.93588203,0.012832999999999983,0.8875,0.875,-0.012499999999999956,0.0,0.0,0.0,0.0,0.0,0.0,0.0,0.0,0.0,1,1,0,0.912384321,0.9176174210000001,0.0052331000000001016
952,1.0,1.0,0.0,1.0,1.0,0.0,1.0,1.0,0.0,0.0,0.0,0.0,0.0,0.0,0.0,0.0,0.0,0.0,1,1,0,1.0,1.0,0.0
953,0.8226684,0.83016837,0.0074999700000000225,0.81095475,0.81095475,0.0,0.85,0.875,0.025000000000000022,0.0,0.0,0.0,0.0,0.0,0.0,0.0,0.0,0.0,1,1,0,0.822668325,0.830168325,0.007500000000000062
954,0.8200618,0.92908496,0.10902316000000001,0.85008824,0.8986927,0.04860445999999996,0.75,1.0,0.25,0.0,0.0,0.0,0.0,0.0,0.0,0.0,0.0,0.0,1,1,0,0.820061768,0.9290848899999999,0.10902312199999997
955,0.84213716,0.84908724,0.00695007999999997,0.828053,0.8165532,-0.01149980000000006,0.875,0.925,0.050000000000000044,0.0,0.0,0.0,0.0,0.0,0.0,0.0,0.0,0.0,1,1,0,0.8421371,0.84908724,0.006950140000000049
956,1.0,1.0,0.0,1.0,1.0,0.0,1.0,1.0,0.0,0.0,0.0,0.0,0.0,0.0,0.0,0.0,0.0,0.0,1,1,0,1.0,1.0,0.0
957,1.0,1.0,0.0,1.0,1.0,0.0,1.0,1.0,0.0,0.0,0.0,0.0,0.0,0.0,0.0,0.0,0.0,0.0,1,1,0,1.0,1.0,0.0
958,1.0,1.0,0.0,1.0,1.0,0.0,1.0,1.0,0.0,0.0,0.0,0.0,0.0,0.0,0.0,0.0,0.0,0.0,1,1,0,1.0,1.0,0.0
959,0.86141205,0.857662,-0.0037500499999999493,0.8502315,0.8502315,0.0,0.8875,0.875,-0.012499999999999956,0.0,0.0,0.0,0.0,0.0,0.0,0.0,0.0,0.0,1,1,0,0.86141205,0.8576620500000001,-0.00374999999999992
960,1.0,1.0,0.0,1.0,1.0,0.0,1.0,1.0,0.0,0.0,0.0,0.0,0.0,0.0,0.0,0.0,0.0,0.0,1,1,0,1.0,1.0,0.0
961,0.9217209,0.93063337,0.008912470000000061,0.93638706,0.94911915,0.012732089999999974,0.8875,0.8875,0.0,0.0,0.0,0.0,0.0,0.0,0.0,0.0,0.0,0.0,1,1,0,0.921720942,0.9306334049999999,0.008912462999999926
962,1.0,1.0,0.0,1.0,1.0,0.0,1.0,1.0,0.0,0.0,0.0,0.0,0.0,0.0,0.0,0.0,0.0,0.0,1,1,0,1.0,1.0,0.0
963,1.0,1.0,0.0,1.0,1.0,0.0,1.0,1.0,0.0,0.0,0.0,0.0,0.0,0.0,0.0,0.0,0.0,0.0,1,1,0,1.0,1.0,0.0
964,0.8455189,0.9068104,0.061291500000000054,0.95074123,0.8990149,-0.05172633000000004,0.6,0.925,0.32500000000000007,0.0,0.0,0.0,0.0,0.0,0.0,0.0,0.0,0.0,1,1,0,0.845518861,0.90681043,0.06129156899999999
965,0.91,1.0,0.08999999999999997,1.0,1.0,0.0,0.7,1.0,0.30000000000000004,0.0,0.0,0.0,0.0,0.0,0.0,0.0,0.0,0.0,1,1,0,0.9099999999999999,1.0,0.09000000000000008
966,0.74377084,0.8359828,0.09221195999999998,0.8964584,0.8835468,-0.012911600000000023,0.38750002,0.725,0.33749998,0.0,0.0,0.0,0.0,0.0,0.0,0.0,0.0,0.0,1,1,0,0.743770886,0.8359827599999999,0.09221187399999997
967,0.92313254,0.9796119,0.05647935999999998,0.89018923,0.97087413,0.08068489999999995,1.0,1.0,0.0,0.0,0.0,0.0,0.0,0.0,0.0,0.0,0.0,0.0,1,1,0,0.923132461,0.979611891,0.05647943
968,1.0,1.0,0.0,1.0,1.0,0.0,1.0,1.0,0.0,0.0,0.0,0.0,0.0,0.0,0.0,0.0,0.0,0.0,1,1,0,1.0,1.0,0.0
969,0.936178,0.95867807,0.022500070000000094,0.94096863,0.94096863,0.0,0.925,1.0,0.07499999999999996,0.0,0.0,0.0,0.0,0.0,0.0,0.0,0.0,0.0,1,1,0,0.936178041,0.958678041,0.022499999999999964
970,1.0,1.0,0.0,1.0,1.0,0.0,1.0,1.0,0.0,0.0,0.0,0.0,0.0,0.0,0.0,0.0,0.0,0.0,1,1,0,1.0,1.0,0.0
971,0.95125,0.9483324,-0.0029176000000000757,1.0,0.9744034,-0.02559659999999997,0.83750004,0.8875,0.049999959999999954,0.0,0.0,0.0,0.0,0.0,0.0,0.0,0.0,0.0,1,1,0,0.9512500119999999,0.94833238,-0.002917631999999948
972,1.0,1.0,0.0,1.0,1.0,0.0,1.0,1.0,0.0,0.0,0.0,0.0,0.0,0.0,0.0,0.0,0.0,0.0,1,1,0,1.0,1.0,0.0
973,0.97749996,0.95963234,-0.017867619999999973,1.0,0.97447467,-0.025525330000000013,0.925,0.925,0.0,0.0,0.0,0.0,0.0,0.0,0.0,0.0,0.0,0.0,1,1,0,0.9775,0.9596322689999999,-0.017867731000000164
974,0.9077715,0.917281,0.00950950000000006,0.86824495,0.88183,0.013585049999999987,1.0,1.0,0.0,0.0,0.0,0.0,0.0,0.0,0.0,0.0,0.0,0.0,1,1,0,0.9077714649999999,0.917281,0.009509535000000069
975,0.89875,0.91924125,0.02049124999999996,1.0,0.97570175,-0.024298249999999966,0.6625,0.7875,0.125,0.0,0.0,0.0,0.0,0.0,0.0,0.0,0.0,0.0,1,1,0,0.8987499999999999,0.9192412249999999,0.020491225000000002
976,0.0,0.0,0.0,0.1354315,0.17261238,0.03718088,0.47368422,0.47368422,0.0,0.0,0.0,0.0,1.0,0.0,-1.0,0.0,1.0,1.0,0,0,0,0.23690731599999998,0.262933932,0.026026616000000002
977,0.87943137,0.8530237,-0.026407669999999994,0.87597346,0.8382482,-0.03772525999999998,0.8875,0.8875,0.0,0.0,0.0,0.0,0.0,0.0,0.0,0.0,0.0,0.0,1,1,0,0.8794314219999999,0.8530237399999999,-0.026407681999999988
978,0.9619503,0.92106485,-0.04088544999999999,0.94564325,0.8872355,-0.05840775000000009,1.0,1.0,0.0,0.0,0.0,0.0,0.0,0.0,0.0,0.0,0.0,0.0,1,1,0,0.961950275,0.9210648499999998,-0.04088542500000014
979,0.92875004,0.97749996,0.04874991999999989,1.0,1.0,0.0,0.7625,0.925,0.1625000000000001,0.0,0.0,0.0,0.0,0.0,0.0,0.0,0.0,0.0,1,1,0,0.92875,0.9775,0.04875000000000007
980,0.84250003,0.96250004,0.12000001000000005,1.0,1.0,0.0,0.475,0.875,0.4,0.0,0.0,0.0,0.0,0.0,0.0,0.0,0.0,0.0,1,1,0,0.8424999999999999,0.9624999999999999,0.12
981,0.8811559,0.89265424,0.011498340000000051,0.9105798,0.846649,-0.06393080000000007,0.8125,1.0,0.1875,0.0,0.0,0.0,0.0,0.0,0.0,0.0,0.0,0.0,1,1,0,0.88115586,0.8926543,0.011498439999999999
982,0.96999997,0.96503943,-0.004960540000000013,1.0,0.95005643,-0.04994357000000005,0.90000004,1.0,0.09999996,0.0,0.0,0.0,0.0,0.0,0.0,0.0,0.0,0.0,1,1,0,0.970000012,0.9650395009999999,-0.004960511000000056
983,0.9350918,0.9039934,-0.03109840000000008,0.9876312,0.8628477,-0.12478350000000005,0.8125,1.0,0.1875,0.0,0.0,0.0,0.0,0.0,0.0,0.0,0.0,0.0,1,1,0,0.93509184,0.9039933899999999,-0.03109845000000011
984,0.8582474,0.89199746,0.033750060000000026,0.84571064,0.84571064,0.0,0.8875,1.0,0.11250000000000004,0.0,0.0,0.0,0.0,0.0,0.0,0.0,0.0,0.0,1,1,0,0.858247448,0.8919974479999999,0.03374999999999995
985,0.7905957,0.8428159,0.05222019999999994,0.7704939,0.82366556,0.053171660000000065,0.83750004,0.8875,0.049999959999999954,0.0,0.0,0.0,0.0,0.0,0.0,0.0,0.0,0.0,1,1,0,0.7905957419999999,0.842815892,0.05222015000000002
986,0.95740855,0.95740855,0.0,0.9873694,0.9873694,0.0,0.8875,0.8875,0.0,0.0,0.0,0.0,0.0,0.0,0.0,0.0,0.0,0.0,1,1,0,0.95740858,0.95740858,0.0
987,0.9428747,1.0,0.057125300000000045,0.91839254,0.99999994,0.0816074,1.0,1.0,0.0,0.0,0.0,0.0,0.0,0.0,0.0,0.0,0.0,0.0,1,1,0,0.942874778,0.9999999580000001,0.05712518000000011
988,0.97749996,0.94753134,-0.02996861999999989,1.0,0.9250448,-0.0749552,0.925,1.0,0.07499999999999996,0.0,0.0,0.0,0.0,0.0,0.0,0.0,0.0,0.0,1,1,0,0.9775,0.9475313599999999,-0.029968640000000102
989,0.80451536,0.8807902,0.07627483999999995,0.7689505,0.8297001,0.06074960000000007,0.8875,1.0,0.11250000000000004,0.0,0.0,0.0,0.0,0.0,0.0,0.0,0.0,0.0,1,1,0,0.80451535,0.88079007,0.07627472000000002
990,0.8829159,0.90541595,0.022500049999999994,0.86487985,0.86487985,0.0,0.925,1.0,0.07499999999999996,0.0,0.0,0.0,0.0,0.0,0.0,0.0,0.0,0.0,1,1,0,0.882915895,0.905415895,0.022499999999999964
991,0.90978146,1.0,0.09021853999999996,0.8711163,1.0,0.12888370000000005,1.0,1.0,0.0,0.0,0.0,0.0,0.0,0.0,0.0,0.0,0.0,0.0,1,1,0,0.9097814099999999,1.0,0.0902185900000001
992,0.94750005,0.94749796,-2.0900000000656505e-06,1.0,0.92499715,-0.07500284999999995,0.825,1.0,0.17500000000000004,0.0,0.0,0.0,0.0,0.0,0.0,0.0,0.0,0.0,1,1,0,0.9474999999999999,0.9474980049999999,-1.9949999999768764e-06
993,0.9325,0.9365821,0.004082099999999977,1.0,0.90940297,-0.09059702999999997,0.77500004,1.0,0.22499996,0.0,0.0,0.0,0.0,0.0,0.0,0.0,0.0,0.0,1,1,0,0.932500012,0.9365820789999999,0.0040820669999999115
994,0.8943867,1.0,0.10561330000000002,0.8973381,1.0,0.10266189999999997,0.8875,1.0,0.11250000000000004,0.0,0.0,0.0,0.0,0.0,0.0,0.0,0.0,0.0,1,1,0,0.8943866699999999,1.0,0.10561333000000006
995,1.0,1.0,0.0,1.0,1.0,0.0,1.0,1.0,0.0,0.0,0.0,0.0,0.0,0.0,0.0,0.0,0.0,0.0,1,1,0,1.0,1.0,0.0
996,0.9372148,1.0,0.06278519999999999,0.9103068,1.0,0.08969320000000003,1.0,1.0,0.0,0.0,0.0,0.0,0.0,0.0,0.0,0.0,0.0,0.0,1,1,0,0.93721476,1.0,0.06278523999999996
997,1.0,1.0,0.0,1.0,1.0,0.0,1.0,1.0,0.0,0.0,0.0,0.0,0.0,0.0,0.0,0.0,0.0,0.0,1,1,0,1.0,1.0,0.0
998,1.0,1.0,0.0,1.0,1.0,0.0,1.0,1.0,0.0,0.0,0.0,0.0,0.0,0.0,0.0,0.0,0.0,0.0,1,1,0,1.0,1.0,0.0
999,0.96625006,1.0,0.03374993999999998,1.0,1.0,0.0,0.8875,1.0,0.11250000000000004,0.0,0.0,0.0,0.0,0.0,0.0,0.0,0.0,0.0,1,1,0,0.9662499999999999,1.0,0.03375000000000006
1000,0.87250006,0.99086857,0.11836850999999993,1.0,0.98695505,-0.013044950000000055,0.575,1.0,0.42500000000000004,0.0,0.0,0.0,0.0,0.0,0.0,0.0,0.0,0.0,1,1,0,0.8724999999999999,0.9908685349999999,0.118368535
1001,0.96512204,0.96512204,0.0,0.99838865,0.99838865,0.0,0.8875,0.8875,0.0,0.0,0.0,0.0,0.0,0.0,0.0,0.0,0.0,0.0,1,1,0,0.9651220549999999,0.9651220549999999,0.0
1002,0.7875212,0.99126434,0.20374313999999993,0.97503024,0.9875204,0.012490159999999917,0.35,1.0,0.65,0.0,0.0,0.0,0.0,0.0,0.0,0.0,0.0,0.0,1,1,0,0.7875211679999999,0.99126428,0.20374311200000006
1003,0.87979996,0.95987314,0.08007317999999997,0.9622142,0.9748187,0.012604500000000018,0.6875,0.925,0.23750000000000004,0.0,0.0,0.0,0.0,0.0,0.0,0.0,0.0,0.0,1,1,0,0.8797999400000001,0.9598730900000001,0.08007315000000004
1004,0.85624117,0.80483264,-0.05140853000000001,0.87498736,0.77476084,-0.10022651999999999,0.8125,0.875,0.0625,0.0,0.0,0.0,0.0,0.0,0.0,0.0,0.0,0.0,1,1,0,0.856241152,0.804832588,-0.051408563999999934
1005,1.0,1.0,0.0,1.0,1.0,0.0,1.0,1.0,0.0,0.0,0.0,0.0,0.0,0.0,0.0,0.0,0.0,0.0,1,1,0,1.0,1.0,0.0
1006,0.96625006,1.0,0.03374993999999998,1.0,1.0,0.0,0.8875,1.0,0.11250000000000004,0.0,0.0,0.0,0.0,0.0,0.0,0.0,0.0,0.0,1,1,0,0.9662499999999999,1.0,0.03375000000000006
1007,1.0,1.0,0.0,1.0,1.0,0.0,1.0,1.0,0.0,0.0,0.0,0.0,0.0,0.0,0.0,0.0,0.0,0.0,1,1,0,1.0,1.0,0.0
1008,0.881031,0.9827949,0.10176390000000002,0.8300442,0.97542125,0.14537705,1.0,1.0,0.0,0.0,0.0,0.0,0.0,0.0,0.0,0.0,0.0,0.0,1,1,0,0.88103094,0.982794875,0.10176393499999992
1009,0.96625006,1.0,0.03374993999999998,1.0,1.0,0.0,0.8875,1.0,0.11250000000000004,0.0,0.0,0.0,0.0,0.0,0.0,0.0,0.0,0.0,1,1,0,0.9662499999999999,1.0,0.03375000000000006
1010,0.707402,0.742756,0.035354,0.73736,0.72357994,-0.013780059999999983,0.6375,0.7875,0.15000000000000002,0.0,0.0,0.0,0.0,0.0,0.0,0.0,0.0,0.0,1,1,0,0.7074019999999999,0.7427559579999999,0.035353958000000074
1011,1.0,1.0,0.0,1.0,1.0,0.0,1.0,1.0,0.0,0.0,0.0,0.0,0.0,0.0,0.0,0.0,0.0,0.0,1,1,0,1.0,1.0,0.0
1012,0.895,0.97749996,0.08249995999999993,1.0,1.0,0.0,0.65000004,0.925,0.27499996000000004,0.0,0.0,0.0,0.0,0.0,0.0,0.0,0.0,0.0,1,1,0,0.8950000119999999,0.9775,0.08249998800000014
1013,0.8813278,0.96948636,0.08815856,0.83046824,0.95640904,0.12594080000000007,1.0,1.0,0.0,0.0,0.0,0.0,0.0,0.0,0.0,0.0,0.0,0.0,1,1,0,0.881327768,0.9694863279999999,0.08815855999999989
1014,0.9530792,0.96057934,0.0075001399999999885,0.9972561,0.9972561,0.0,0.85,0.875,0.025000000000000022,0.0,0.0,0.0,0.0,0.0,0.0,0.0,0.0,0.0,1,1,0,0.9530792699999999,0.96057927,0.007500000000000062
1015,0.8487488,0.8450066,-0.003742199999999918,0.9124982,0.8750094,-0.03748879999999999,0.7,0.77500004,0.07500004000000005,0.0,0.0,0.0,0.0,0.0,0.0,0.0,0.0,0.0,1,1,0,0.84874874,0.8450065920000001,-0.003742147999999945
1016,0.8700766,0.8425736,-0.027502999999999944,0.86260945,0.775105,-0.08750444999999996,0.8875,1.0,0.11250000000000004,0.0,0.0,0.0,0.0,0.0,0.0,0.0,0.0,0.0,1,1,0,0.870076615,0.8425735000000001,-0.02750311499999991
1017,0.9095461,1.0,0.09045389999999998,0.8707801,1.0,0.12921990000000005,1.0,1.0,0.0,0.0,0.0,0.0,0.0,0.0,0.0,0.0,0.0,0.0,1,1,0,0.90954607,1.0,0.09045393000000002
1018,0.8508455,0.9638834,0.11303789999999991,0.83513653,0.94840485,0.11326831999999998,0.8875,1.0,0.11250000000000004,0.0,0.0,0.0,0.0,0.0,0.0,0.0,0.0,0.0,1,1,0,0.8508455709999999,0.9638833949999999,0.11303782399999995
1019,1.0,0.99089336,-0.009106640000000055,1.0,0.9869905,-0.013009500000000007,1.0,1.0,0.0,0.0,0.0,0.0,0.0,0.0,0.0,0.0,0.0,0.0,1,1,0,1.0,0.9908933499999999,-0.009106650000000105
1020,1.0,1.0,0.0,1.0,1.0,0.0,1.0,1.0,0.0,0.0,0.0,0.0,0.0,0.0,0.0,0.0,0.0,0.0,1,1,0,1.0,1.0,0.0
1021,0.89368993,0.89368993,0.0,0.8481285,0.8481285,0.0,1.0,1.0,0.0,0.0,0.0,0.0,0.0,0.0,0.0,0.0,0.0,0.0,1,1,0,0.89368995,0.89368995,0.0
1022,1.0,1.0,0.0,1.0,1.0,0.0,1.0,1.0,0.0,0.0,0.0,0.0,0.0,0.0,0.0,0.0,0.0,0.0,1,1,0,1.0,1.0,0.0
1023,1.0,1.0,0.0,1.0,1.0,0.0,1.0,1.0,0.0,0.0,0.0,0.0,0.0,0.0,0.0,0.0,0.0,0.0,1,1,0,1.0,1.0,0.0
1024,1.0,1.0,0.0,1.0,1.0,0.0,1.0,1.0,0.0,0.0,0.0,0.0,0.0,0.0,0.0,0.0,0.0,0.0,1,1,0,1.0,1.0,0.0
1025,1.0,1.0,0.0,1.0,1.0,0.0,1.0,1.0,0.0,0.0,0.0,0.0,0.0,0.0,0.0,0.0,0.0,0.0,1,1,0,1.0,1.0,0.0
1026,0.82185745,0.9836287,0.16177125000000003,0.7455107,0.97661227,0.23110156999999998,1.0,1.0,0.0,0.0,0.0,0.0,0.0,0.0,0.0,0.0,0.0,0.0,1,1,0,0.82185749,0.9836285889999998,0.16177109899999986
1027,0.96625006,0.9387688,-0.027481260000000063,1.0,0.9125268,-0.08747320000000003,0.8875,1.0,0.11250000000000004,0.0,0.0,0.0,0.0,0.0,0.0,0.0,0.0,0.0,1,1,0,0.9662499999999999,0.9387687599999999,-0.027481240000000073
1028,0.8394224,0.9016203,0.06219790000000003,0.77060354,0.8594576,0.08885406000000007,1.0,1.0,0.0,0.0,0.0,0.0,0.0,0.0,0.0,0.0,0.0,0.0,1,1,0,0.8394224779999999,0.9016203199999999,0.062197842
1029,0.9858158,1.0,0.01418419999999998,0.9797369,1.0,0.02026309999999998,1.0,1.0,0.0,0.0,0.0,0.0,0.0,0.0,0.0,0.0,0.0,0.0,1,1,0,0.98581583,1.0,0.014184170000000051
1030,0.8837733,0.85892504,-0.024848259999999955,0.8821762,0.8466786,-0.03549760000000002,0.8875,0.8875,0.0,0.0,0.0,0.0,0.0,0.0,0.0,0.0,0.0,0.0,1,1,0,0.88377334,0.8589250199999999,-0.024848320000000035
1031,0.9281668,0.9374838,0.00931700000000002,0.96166676,0.91069114,-0.05097562,0.85,1.0,0.15000000000000002,0.0,0.0,0.0,0.0,0.0,0.0,0.0,0.0,0.0,1,1,0,0.9281667319999999,0.9374837979999999,0.00931706600000004
1032,0.784517,0.8820057,0.09748869999999998,0.7403814,0.83143663,0.09105523000000004,0.8875,1.0,0.11250000000000004,0.0,0.0,0.0,0.0,0.0,0.0,0.0,0.0,0.0,1,1,0,0.7845169799999999,0.8820056409999999,0.09748866099999998
1033,1.0,1.0,0.0,1.0,1.0,0.0,1.0,1.0,0.0,0.0,0.0,0.0,0.0,0.0,0.0,0.0,0.0,0.0,1,1,0,1.0,1.0,0.0
1034,0.96625006,0.9124697,-0.05378035999999997,1.0,0.9124567,-0.08754329999999999,0.8875,0.9125,0.025000000000000022,0.0,0.0,0.0,0.0,0.0,0.0,0.0,0.0,0.0,1,1,0,0.9662499999999999,0.91246969,-0.05378030999999994
1035,1.0,1.0,0.0,1.0,1.0,0.0,1.0,1.0,0.0,0.0,0.0,0.0,0.0,0.0,0.0,0.0,0.0,0.0,1,1,0,1.0,1.0,0.0
1036,0.96625006,0.9509906,-0.015259460000000002,1.0,0.9621294,-0.037870599999999977,0.8875,0.925,0.03750000000000009,0.0,0.0,0.0,0.0,0.0,0.0,0.0,0.0,0.0,1,1,0,0.9662499999999999,0.95099058,-0.015259419999999912
1037,1.0,1.0,0.0,1.0,1.0,0.0,1.0,1.0,0.0,0.0,0.0,0.0,0.0,0.0,0.0,0.0,0.0,0.0,1,1,0,1.0,1.0,0.0
1038,1.0,1.0,0.0,1.0,1.0,0.0,1.0,1.0,0.0,0.0,0.0,0.0,0.0,0.0,0.0,0.0,0.0,0.0,1,1,0,1.0,1.0,0.0
1039,0.6153456,0.92883605,0.31349045,0.45049372,0.8983372,0.44784347999999996,1.0,1.0,0.0,0.0,0.0,0.0,0.0,0.0,0.0,0.0,0.0,0.0,1,1,0,0.6153456039999999,0.92883604,0.31349043600000004
1040,0.96625006,0.97749996,0.011249899999999924,1.0,1.0,0.0,0.8875,0.925,0.03750000000000009,0.0,0.0,0.0,0.0,0.0,0.0,0.0,0.0,0.0,1,1,0,0.9662499999999999,0.9775,0.011250000000000093
1041,0.8462006,0.8532383,0.007037700000000036,0.83385795,0.88141173,0.04755377999999999,0.875,0.7875,-0.08750000000000002,0.0,0.0,0.0,0.0,0.0,0.0,0.0,0.0,0.0,1,1,0,0.846200565,0.8532382109999999,0.0070376459999998975
1042,0.905241,0.89220566,-0.01303533999999995,0.92355865,0.8460081,-0.07755055,0.8625,1.0,0.13749999999999996,0.0,0.0,0.0,0.0,0.0,0.0,0.0,0.0,0.0,1,1,0,0.9052410550000001,0.8922056700000001,-0.01303538500000001
1043,0.883801,0.85509175,-0.02870924999999991,0.8875728,0.82513106,-0.06244174000000002,0.875,0.925,0.050000000000000044,0.0,0.0,0.0,0.0,0.0,0.0,0.0,0.0,0.0,1,1,0,0.8838009600000001,0.8550917419999999,-0.028709218000000147
1044,0.0,0.0,0.0,1.0,1.0,0.0,1.0,1.0,0.0,1.0,1.0,0.0,1.0,1.0,0.0,0.0,0.0,0.0,0,0,0,1.0,1.0,0.0
1045,0.925,0.91375,-0.011250000000000093,0.99999994,0.99999994,0.0,0.75,0.71250004,-0.03749996,0.0,0.0,0.0,0.0,0.0,0.0,0.0,0.0,0.0,1,1,0,0.924999958,0.91374997,-0.011249987999999989
1046,0.80875,0.8441183,0.03536830000000002,1.0,0.9594547,-0.040545300000000006,0.3625,0.575,0.21249999999999997,0.0,0.0,0.0,0.0,0.0,0.0,0.0,0.0,0.0,1,1,0,0.80875,0.8441182899999999,0.03536828999999997
1047,0.82980317,0.88442516,0.05462199000000001,0.7890045,0.83489305,0.04588855000000003,0.925,1.0,0.07499999999999996,0.0,0.0,0.0,0.0,0.0,0.0,0.0,0.0,0.0,1,1,0,0.82980315,0.8844251349999999,0.05462198499999982
1048,0.7794886,0.8926719,0.11318329999999999,0.73319805,0.8466741,0.11347604999999994,0.8875,1.0,0.11250000000000004,0.0,0.0,0.0,0.0,0.0,0.0,0.0,0.0,0.0,1,1,0,0.779488635,0.89267187,0.11318323500000005
1049,0.96625006,0.94750005,-0.018750009999999984,1.0,1.0,0.0,0.8875,0.825,-0.0625,0.0,0.0,0.0,0.0,0.0,0.0,0.0,0.0,0.0,1,1,0,0.9662499999999999,0.9474999999999999,-0.018750000000000044
1050,0.8448586,1.0,0.15514139999999998,0.7783694,1.0,0.2216306,1.0,1.0,0.0,0.0,0.0,0.0,0.0,0.0,0.0,0.0,0.0,0.0,1,1,0,0.8448585799999999,1.0,0.15514142000000009
1051,0.96625006,0.9325,-0.033750060000000026,1.0,1.0,0.0,0.8875,0.77500004,-0.11249995999999995,0.0,0.0,0.0,0.0,0.0,0.0,0.0,0.0,0.0,1,1,0,0.9662499999999999,0.932500012,-0.03374998799999995
1052,0.8657524,0.8726954,0.0069430000000000325,0.8832177,0.8181362,-0.06508150000000001,0.825,1.0,0.17500000000000004,0.0,0.0,0.0,0.0,0.0,0.0,0.0,0.0,0.0,1,1,0,0.8657523899999999,0.8726953399999999,0.006942950000000003
1053,0.8739735,0.8266903,-0.04728319999999997,0.9003192,0.80062896,-0.09969024000000004,0.8125,0.8875,0.07499999999999996,0.0,0.0,0.0,0.0,0.0,0.0,0.0,0.0,0.0,1,1,0,0.87397344,0.8266902719999999,-0.0472831680000001
1054,0.8465487,0.8832597,0.03671099999999994,0.82899815,0.8653709,0.036372750000000065,0.8875,0.925,0.03750000000000009,0.0,0.0,0.0,0.0,0.0,0.0,0.0,0.0,0.0,1,1,0,0.8465487049999999,0.88325963,0.03671092500000006
1055,0.9325,0.93625003,0.00375002999999996,1.0,1.0,0.0,0.77500004,0.7875,0.012499959999999977,0.0,0.0,0.0,0.0,0.0,0.0,0.0,0.0,0.0,1,1,0,0.932500012,0.9362499999999999,0.0037499879999999264
1056,1.0,1.0,0.0,1.0,1.0,0.0,1.0,1.0,0.0,0.0,0.0,0.0,0.0,0.0,0.0,0.0,0.0,0.0,1,1,0,1.0,1.0,0.0
1057,0.8602002,0.9711296,0.11092940000000007,0.8324289,0.9587566,0.12632769999999993,0.925,1.0,0.07499999999999996,0.0,0.0,0.0,0.0,0.0,0.0,0.0,0.0,0.0,1,1,0,0.86020023,0.9711296199999999,0.1109293899999999
1058,0.8445816,0.8344067,-0.010174900000000098,0.8744022,0.8116524,-0.06274979999999997,0.77500004,0.8875,0.11249995999999995,0.0,0.0,0.0,0.0,0.0,0.0,0.0,0.0,0.0,1,1,0,0.844581552,0.83440668,-0.010174872000000001
1059,0.916614,0.8981287,-0.018485300000000038,0.880877,0.85446966,-0.02640734,1.0,1.0,0.0,0.0,0.0,0.0,0.0,0.0,0.0,0.0,0.0,0.0,1,1,0,0.9166139,0.898128762,-0.018485137999999957
1060,1.0,1.0,0.0,1.0,1.0,0.0,1.0,1.0,0.0,0.0,0.0,0.0,0.0,0.0,0.0,0.0,0.0,0.0,1,1,0,1.0,1.0,0.0
1061,0.0,0.93659514,0.93659514,0.57361484,0.94692165,0.37330681,0.787234,0.9125,0.125266,0.0,0.0,0.0,0.0,0.0,0.0,1.0,0.0,-1.0,0,1,1,0.637700588,0.936595155,0.29889456700000006
1062,0.94,1.0,0.06000000000000005,1.0,1.0,0.0,0.8,1.0,0.19999999999999996,0.0,0.0,0.0,0.0,0.0,0.0,0.0,0.0,0.0,1,1,0,0.94,1.0,0.06000000000000005
1063,0.0,0.0,0.0,0.073440656,0.02351984,-0.04992081600000001,0.42105263,0.5263158,0.10526317000000002,1.0,1.0,0.0,1.0,1.0,0.0,0.0,0.0,0.0,0,0,0,0.1777242482,0.17435862800000002,-0.0033656201999999746
1064,0.95874995,1.0,0.04125005000000004,1.0,1.0,0.0,0.8625,1.0,0.13749999999999996,0.0,0.0,0.0,0.0,0.0,0.0,0.0,0.0,0.0,1,1,0,0.95875,1.0,0.04125000000000001
1065,0.95874995,0.94375,-0.014999949999999984,1.0,1.0,0.0,0.8625,0.8125,-0.050000000000000044,0.0,0.0,0.0,0.0,0.0,0.0,0.0,0.0,0.0,1,1,0,0.95875,0.94375,-0.015000000000000013
1066,0.9168734,0.9123581,-0.0045153,0.96160483,0.87479734,-0.08680748999999999,0.8125,1.0,0.1875,0.0,0.0,0.0,0.0,0.0,0.0,0.0,0.0,0.0,1,1,0,0.9168733809999999,0.9123581379999999,-0.004515243000000058
1067,0.83624744,0.8324974,-0.003750039999999899,0.84642494,0.84642494,0.0,0.8125,0.8,-0.012499999999999956,0.0,0.0,0.0,0.0,0.0,0.0,0.0,0.0,0.0,1,1,0,0.836247458,0.832497458,-0.003750000000000031
1068,0.92749673,0.8962149,-0.031281829999999955,0.9499952,0.8999499,-0.05004530000000007,0.875,0.8875,0.012499999999999956,0.0,0.0,0.0,0.0,0.0,0.0,0.0,0.0,0.0,1,1,0,0.92749664,0.89621493,-0.03128171000000002
1069,0.91,0.89695495,-0.013045050000000002,1.0,0.938507,-0.06149300000000002,0.7,0.8,0.10000000000000009,0.0,0.0,0.0,0.0,0.0,0.0,0.0,0.0,0.0,1,1,0,0.9099999999999999,0.8969548999999999,-0.013045100000000032
1070,0.86875004,1.0,0.13124996,1.0,1.0,0.0,0.5625,1.0,0.4375,0.0,0.0,0.0,0.0,0.0,0.0,0.0,0.0,0.0,1,1,0,0.8687499999999999,1.0,0.1312500000000001
1071,1.0,1.0,0.0,1.0,1.0,0.0,1.0,1.0,0.0,0.0,0.0,0.0,0.0,0.0,0.0,0.0,0.0,0.0,1,1,0,1.0,1.0,0.0
1072,0.86655426,0.8427995,-0.023754759999999986,0.86293465,0.82364213,-0.03929252000000005,0.875,0.8875,0.012499999999999956,0.0,0.0,0.0,0.0,0.0,0.0,0.0,0.0,0.0,1,1,0,0.866554255,0.842799491,-0.023754764000000095
1073,0.89122355,0.9466054,0.055381850000000066,0.89817655,0.9719363,0.07375975000000001,0.875,0.8875,0.012499999999999956,0.0,0.0,0.0,0.0,0.0,0.0,0.0,0.0,0.0,1,1,0,0.8912235849999999,0.94660541,0.05538182500000011
1074,0.95500004,0.96625006,0.011250019999999972,1.0,1.0,0.0,0.85,0.8875,0.03749999999999998,0.0,0.0,0.0,0.0,0.0,0.0,0.0,0.0,0.0,1,1,0,0.955,0.9662499999999999,0.011249999999999982
1075,1.0,1.0,0.0,1.0,1.0,0.0,1.0,1.0,0.0,0.0,0.0,0.0,0.0,0.0,0.0,0.0,0.0,0.0,1,1,0,1.0,1.0,0.0
1076,0.96625006,0.96625006,0.0,1.0,1.0,0.0,0.8875,0.8875,0.0,0.0,0.0,0.0,0.0,0.0,0.0,0.0,0.0,0.0,1,1,0,0.9662499999999999,0.9662499999999999,0.0
1077,0.868141,0.85475236,-0.013388640000000063,0.8544871,0.79250336,-0.061983740000000065,0.90000004,1.0,0.09999996,0.0,0.0,0.0,0.0,0.0,0.0,0.0,0.0,0.0,1,1,0,0.868140982,0.854752352,-0.013388630000000012
1078,0.8590237,0.8852736,0.026249900000000048,0.83610517,0.83610517,0.0,0.9125,1.0,0.08750000000000002,0.0,0.0,0.0,0.0,0.0,0.0,0.0,0.0,0.0,1,1,0,0.859023619,0.8852736189999999,0.026249999999999885
1079,0.93266505,0.907461,-0.025204050000000033,0.9520215,0.8678014,-0.08422010000000002,0.8875,1.0,0.11250000000000004,0.0,0.0,0.0,0.0,0.0,0.0,0.0,0.0,0.0,1,1,0,0.9326650499999999,0.90746098,-0.025204069999999912
1080,0.76548165,0.92935294,0.16387129,0.820331,0.89907557,0.07874457000000001,0.6375,1.0,0.36250000000000004,0.0,0.0,0.0,0.0,0.0,0.0,0.0,0.0,0.0,1,1,0,0.7654817,0.929352899,0.1638711989999999
1081,0.904994,0.86000234,-0.04499165999999999,0.9124915,0.80000323,-0.11248827000000006,0.8875,1.0,0.11250000000000004,0.0,0.0,0.0,0.0,0.0,0.0,0.0,0.0,0.0,1,1,0,0.90499405,0.860002261,-0.044991789000000004
1082,1.0,1.0,0.0,1.0,1.0,0.0,1.0,1.0,0.0,0.0,0.0,0.0,0.0,0.0,0.0,0.0,0.0,0.0,1,1,0,1.0,1.0,0.0
1083,0.83705026,0.86171114,0.024660879999999996,0.9493575,0.8988731,-0.050484399999999985,0.575,0.77500004,0.20000004000000005,0.0,0.0,0.0,0.0,0.0,0.0,0.0,0.0,0.0,1,1,0,0.8370502499999999,0.8617111819999999,0.02466093199999997
1084,0.9737641,0.9388202,-0.03494390000000003,0.9625202,0.9126003,-0.04991990000000002,1.0,1.0,0.0,0.0,0.0,0.0,0.0,0.0,0.0,0.0,0.0,0.0,1,1,0,0.9737641399999999,0.93882021,-0.034943929999999845
1085,0.95500004,0.9878751,0.032875059999999956,1.0,0.9826787,-0.017321299999999984,0.85,1.0,0.15000000000000002,0.0,0.0,0.0,0.0,0.0,0.0,0.0,0.0,0.0,1,1,0,0.955,0.98787509,0.032875089999999996
1086,0.89464235,0.84358656,-0.051055790000000045,0.89770335,0.80869496,-0.08900839000000005,0.8875,0.925,0.03750000000000009,0.0,0.0,0.0,0.0,0.0,0.0,0.0,0.0,0.0,1,1,0,0.894642345,0.8435864719999999,-0.05105587300000003
1087,0.90392035,0.96534806,0.06142770999999991,0.97524333,0.95049727,-0.024746060000000014,0.7375,1.0,0.26249999999999996,0.0,0.0,0.0,0.0,0.0,0.0,0.0,0.0,0.0,1,1,0,0.9039203309999999,0.9653480889999999,0.061427758
1088,0.9054233,0.9555786,0.0501552999999999,0.8648904,0.93654096,0.07165056000000003,1.0,1.0,0.0,0.0,0.0,0.0,0.0,0.0,0.0,0.0,0.0,0.0,1,1,0,0.9054232799999999,0.9555786719999999,0.050155391999999965
1089,1.0,1.0,0.0,1.0,1.0,0.0,1.0,1.0,0.0,0.0,0.0,0.0,0.0,0.0,0.0,0.0,0.0,0.0,1,1,0,1.0,1.0,0.0
1090,0.88995725,0.91749996,0.02754270999999997,0.94458175,0.99999994,0.055418190000000034,0.7625,0.725,-0.03749999999999998,0.0,0.0,0.0,0.0,0.0,0.0,0.0,0.0,0.0,1,1,0,0.889957225,0.9174999580000001,0.027542733000000097
1091,1.0,0.97375005,-0.026249949999999966,1.0,1.0,0.0,1.0,0.9125,-0.08750000000000002,0.0,0.0,0.0,0.0,0.0,0.0,0.0,0.0,0.0,1,1,0,1.0,0.9737499999999999,-0.026250000000000107
1092,0.97749996,0.97749996,0.0,1.0,1.0,0.0,0.925,0.925,0.0,0.0,0.0,0.0,0.0,0.0,0.0,0.0,0.0,0.0,1,1,0,0.9775,0.9775,0.0
1093,0.79590005,0.8348406,0.038940550000000074,0.78342867,0.7962009,0.01277222999999994,0.825,0.925,0.10000000000000009,0.0,0.0,0.0,0.0,0.0,0.0,0.0,0.0,0.0,1,1,0,0.795900069,0.83484063,0.038940560999999985
1094,0.8638058,0.9307251,0.06691930000000001,0.8054368,0.90103585,0.09559905000000002,1.0,1.0,0.0,0.0,0.0,0.0,0.0,0.0,0.0,0.0,0.0,0.0,1,1,0,0.86380576,0.9307250949999999,0.06691933499999991
1095,0.896718,0.88242906,-0.014288940000000028,0.92209715,0.89632714,-0.02577001000000001,0.83750004,0.85,0.012499959999999977,0.0,0.0,0.0,0.0,0.0,0.0,0.0,0.0,0.0,1,1,0,0.896718017,0.882428998,-0.014289019000000014
1096,0.922676,0.9303177,0.0076416999999999735,0.9377514,0.9004539,-0.03729749999999998,0.8875,1.0,0.11250000000000004,0.0,0.0,0.0,0.0,0.0,0.0,0.0,0.0,0.0,1,1,0,0.92267598,0.9303177300000001,0.007641750000000114
1097,0.0,0.78396463,0.78396463,0.6846551,0.84137803,0.15672293000000004,0.70000005,0.65000004,-0.050000009999999984,0.0,0.0,0.0,0.0,0.0,0.0,1.0,0.0,-1.0,0,1,1,0.6892585849999999,0.7839646329999999,0.09470604799999993
1098,0.8232075,0.77967834,-0.043529159999999956,0.8545821,0.82989764,-0.02468446000000002,0.75,0.6625,-0.08750000000000002,0.0,0.0,0.0,0.0,0.0,0.0,0.0,0.0,0.0,1,1,0,0.8232074699999999,0.7796783479999999,-0.04352912200000003
1099,0.95125,0.9565849,0.00533489999999992,1.0,0.9379783,-0.06202169999999996,0.83750004,1.0,0.16249996,0.0,0.0,0.0,0.0,0.0,0.0,0.0,0.0,0.0,1,1,0,0.9512500119999999,0.9565848100000001,0.0053347980000001405
1100,0.96250004,1.0,0.03749996,1.0,1.0,0.0,0.875,1.0,0.125,0.0,0.0,0.0,0.0,0.0,0.0,0.0,0.0,0.0,1,1,0,0.9624999999999999,1.0,0.03750000000000009
1101,0.90814304,0.9022933,-0.005849740000000048,0.949133,0.860419,-0.08871399999999996,0.8125,1.0,0.1875,0.0,0.0,0.0,0.0,0.0,0.0,0.0,0.0,0.0,1,1,0,0.9081431,0.9022933,-0.005849800000000016
1102,0.8105671,0.9289436,0.1183765,0.7775959,0.8984908,0.12089490000000003,0.8875,1.0,0.11250000000000004,0.0,0.0,0.0,0.0,0.0,0.0,0.0,0.0,0.0,1,1,0,0.8105671299999999,0.92894356,0.11837643000000009
1103,0.96625006,0.95125,-0.015000059999999982,1.0,1.0,0.0,0.8875,0.83750004,-0.049999959999999954,0.0,0.0,0.0,0.0,0.0,0.0,0.0,0.0,0.0,1,1,0,0.9662499999999999,0.9512500119999999,-0.01499998800000002
1104,0.8496372,0.9631807,0.11354350000000002,0.8334104,0.9474011,0.1139907,0.8875,1.0,0.11250000000000004,0.0,0.0,0.0,0.0,0.0,0.0,0.0,0.0,0.0,1,1,0,0.8496372799999999,0.9631807699999999,0.11354348999999997
1105,0.96625006,0.97749996,0.011249899999999924,1.0,1.0,0.0,0.8875,0.925,0.03750000000000009,0.0,0.0,0.0,0.0,0.0,0.0,0.0,0.0,0.0,1,1,0,0.9662499999999999,0.9775,0.011250000000000093
1106,0.7686905,0.7744414,0.005750899999999892,0.79812926,0.75813055,-0.03999870999999999,0.7,0.8125,0.11250000000000004,0.0,0.0,0.0,0.0,0.0,0.0,0.0,0.0,0.0,1,1,0,0.7686904819999999,0.7744413849999999,0.005750903000000029
1107,0.895,0.96250004,0.06750003999999998,1.0,1.0,0.0,0.65000004,0.875,0.22499996,0.0,0.0,0.0,0.0,0.0,0.0,0.0,0.0,0.0,1,1,0,0.8950000119999999,0.9624999999999999,0.06749998800000001
1108,0.92776984,1.0,0.07223016000000004,0.896814,1.0,0.103186,1.0,1.0,0.0,0.0,0.0,0.0,0.0,0.0,0.0,0.0,0.0,0.0,1,1,0,0.9277697999999999,1.0,0.07223020000000013
1109,0.8843033,0.94555897,0.061255669999999984,0.88829046,0.92222697,0.033936509999999975,0.875,1.0,0.125,0.0,0.0,0.0,0.0,0.0,0.0,0.0,0.0,0.0,1,1,0,0.8843033220000001,0.945558879,0.06125555699999996
1110,0.93112385,0.9211319,-0.009991949999999972,0.94981974,0.88733125,-0.06248849000000001,0.8875,1.0,0.11250000000000004,0.0,0.0,0.0,0.0,0.0,0.0,0.0,0.0,0.0,1,1,0,0.931123818,0.9211318749999999,-0.009991943000000059
1111,0.9047331,0.8873024,-0.01743069999999991,0.8639045,0.8390034,-0.02490110000000001,1.0,1.0,0.0,0.0,0.0,0.0,0.0,0.0,0.0,0.0,0.0,0.0,1,1,0,0.90473315,0.88730238,-0.01743077000000004
1112,0.7873139,0.8815109,0.09419699999999998,0.69616264,0.83072984,0.1345672,1.0,1.0,0.0,0.0,0.0,0.0,0.0,0.0,0.0,0.0,0.0,0.0,1,1,0,0.7873138479999999,0.881510888,0.09419704000000007
1113,0.9226031,0.89018184,-0.03242126000000001,0.9376472,0.87525976,-0.06238743999999996,0.8875,0.925,0.03750000000000009,0.0,0.0,0.0,0.0,0.0,0.0,0.0,0.0,0.0,1,1,0,0.9226030399999999,0.8901818320000001,-0.03242120799999981
1114,0.78359,0.772427,-0.011163000000000034,0.74977136,0.71239567,-0.03737568999999996,0.8625,0.9125,0.04999999999999993,0.0,0.0,0.0,0.0,0.0,0.0,0.0,0.0,0.0,1,1,0,0.783589952,0.772426969,-0.01116298300000007
1115,1.0,1.0,0.0,1.0,1.0,0.0,1.0,1.0,0.0,0.0,0.0,0.0,0.0,0.0,0.0,0.0,0.0,0.0,1,1,0,1.0,1.0,0.0
1116,0.9085924,0.92354697,0.01495457,0.97120345,0.8907814,-0.08042205000000002,0.7625,1.0,0.23750000000000004,0.0,0.0,0.0,0.0,0.0,0.0,0.0,0.0,0.0,1,1,0,0.908592415,0.92354698,0.01495456500000003
1117,0.8871852,0.94210017,0.05491497000000001,0.96205026,0.9494287,-0.012621560000000032,0.71250004,0.925,0.21249996000000004,0.0,0.0,0.0,0.0,0.0,0.0,0.0,0.0,0.0,1,1,0,0.887185194,0.9421000900000001,0.0549148960000001
1118,0.0,0.0,0.0,0.0,0.9664868,0.9664868,0.86567163,1.0,0.13432836999999997,1.0,1.0,0.0,1.0,1.0,0.0,0.0,0.0,0.0,0,0,0,0.259701489,0.97654076,0.716839271
1119,0.7627248,0.8935062,0.13078140000000005,0.6610354,0.8960803,0.2350449,1.0,0.8875,-0.11250000000000004,0.0,0.0,0.0,0.0,0.0,0.0,0.0,0.0,0.0,1,1,0,0.76272478,0.89350621,0.13078142999999998
1120,0.8875,0.965634,0.07813400000000004,1.0,0.9509057,-0.049094300000000035,0.625,1.0,0.375,0.0,0.0,0.0,0.0,0.0,0.0,0.0,0.0,0.0,1,1,0,0.8875,0.9656339899999999,0.07813398999999999
1121,0.80086863,0.88126385,0.08039521999999999,0.9083838,0.8303769,-0.07800689999999999,0.55,1.0,0.44999999999999996,0.0,0.0,0.0,0.0,0.0,0.0,0.0,0.0,0.0,1,1,0,0.80086866,0.88126383,0.08039516999999996
1122,0.8433884,0.86076564,0.01737723999999996,0.8244834,0.849308,0.024824599999999974,0.8875,0.8875,0.0,0.0,0.0,0.0,0.0,0.0,0.0,0.0,0.0,0.0,1,1,0,0.8433883799999999,0.8607655999999999,0.01737721999999997
1123,0.9175,0.9500123,0.03251230000000005,1.0,0.98751754,-0.012482459999999973,0.725,0.8625,0.13750000000000007,0.0,0.0,0.0,0.0,0.0,0.0,0.0,0.0,0.0,1,1,0,0.9175,0.950012278,0.032512278000000006
1124,1.0,1.0,0.0,1.0,1.0,0.0,1.0,1.0,0.0,0.0,0.0,0.0,0.0,0.0,0.0,0.0,0.0,0.0,1,1,0,1.0,1.0,0.0
1125,0.96625006,1.0,0.03374993999999998,1.0,1.0,0.0,0.8875,1.0,0.11250000000000004,0.0,0.0,0.0,0.0,0.0,0.0,0.0,0.0,0.0,1,1,0,0.9662499999999999,1.0,0.03375000000000006
1126,0.878895,0.86889124,-0.010003760000000028,0.87520725,0.81270176,-0.06250548999999994,0.8875,1.0,0.11250000000000004,0.0,0.0,0.0,0.0,0.0,0.0,0.0,0.0,0.0,1,1,0,0.878895075,0.868891232,-0.010003843000000012
1127,1.0,1.0,0.0,1.0,1.0,0.0,1.0,1.0,0.0,0.0,0.0,0.0,0.0,0.0,0.0,0.0,0.0,0.0,1,1,0,1.0,1.0,0.0
1128,0.94375,1.0,0.05625000000000002,1.0,1.0,0.0,0.8125,1.0,0.1875,0.0,0.0,0.0,0.0,0.0,0.0,0.0,0.0,0.0,1,1,0,0.94375,1.0,0.05625000000000002
1129,0.858867,0.9197691,0.06090209999999996,0.8465957,0.9228844,0.0762887000000001,0.8875,0.9125,0.025000000000000022,0.0,0.0,0.0,0.0,0.0,0.0,0.0,0.0,0.0,1,1,0,0.8588669899999999,0.91976908,0.06090209000000013
1130,0.9331606,0.8908396,-0.04232100000000005,0.9527294,0.84405655,-0.10867284999999993,0.8875,1.0,0.11250000000000004,0.0,0.0,0.0,0.0,0.0,0.0,0.0,0.0,0.0,1,1,0,0.9331605799999999,0.8908395849999999,-0.04232099499999997
1131,0.86723536,0.9787945,0.11155914,0.81033623,0.9697064,0.15937016999999998,1.0,1.0,0.0,0.0,0.0,0.0,0.0,0.0,0.0,0.0,0.0,0.0,1,1,0,0.8672353609999999,0.9787944799999999,0.11155911900000004
1132,0.925,0.9476647,0.022664699999999982,0.99999994,0.98952097,-0.010478969999999976,0.75,0.85,0.09999999999999998,0.0,0.0,0.0,0.0,0.0,0.0,0.0,0.0,0.0,1,1,0,0.924999958,0.947664679,0.022664720999999943
1133,0.8262219,0.9307875,0.10456560000000004,0.75174546,0.901125,0.14937953999999998,1.0,1.0,0.0,0.0,0.0,0.0,0.0,0.0,0.0,0.0,0.0,0.0,1,1,0,0.8262218219999999,0.9307874999999999,0.10456567799999994
1134,0.96250004,1.0,0.03749996,1.0,1.0,0.0,0.875,1.0,0.125,0.0,0.0,0.0,0.0,0.0,0.0,0.0,0.0,0.0,1,1,0,0.9624999999999999,1.0,0.03750000000000009
1135,0.9122324,0.95125,0.039017599999999986,0.93354636,1.0,0.06645363999999998,0.8625,0.83750004,-0.024999960000000043,0.0,0.0,0.0,0.0,0.0,0.0,0.0,0.0,0.0,1,1,0,0.912232452,0.9512500119999999,0.039017559999999896
1136,1.0,0.930067,-0.06993300000000002,0.99999994,0.9000957,-0.09990423999999998,1.0,1.0,0.0,0.0,0.0,0.0,0.0,0.0,0.0,0.0,0.0,0.0,1,1,0,0.9999999580000001,0.93006699,-0.06993296800000004
1137,1.0,1.0,0.0,1.0,1.0,0.0,1.0,1.0,0.0,0.0,0.0,0.0,0.0,0.0,0.0,0.0,0.0,0.0,1,1,0,1.0,1.0,0.0
1138,0.96250004,0.88235253,-0.08014750999999998,1.0,0.8801465,-0.11985349999999995,0.875,0.8875,0.012499999999999956,0.0,0.0,0.0,0.0,0.0,0.0,0.0,0.0,0.0,1,1,0,0.9624999999999999,0.88235255,-0.0801474499999999
1139,0.8219159,0.9200091,0.09809319999999999,0.9491655,0.88572717,-0.06343832999999999,0.52500004,1.0,0.47499996,0.0,0.0,0.0,0.0,0.0,0.0,0.0,0.0,0.0,1,1,0,0.8219158619999999,0.9200090189999999,0.09809315699999999
1140,0.95500004,0.9187357,-0.036264340000000006,1.0,0.93747956,-0.06252044000000001,0.85,0.875,0.025000000000000022,0.0,0.0,0.0,0.0,0.0,0.0,0.0,0.0,0.0,1,1,0,0.955,0.918735692,-0.03626430799999991
1141,1.0,1.0,0.0,1.0,1.0,0.0,1.0,1.0,0.0,0.0,0.0,0.0,0.0,0.0,0.0,0.0,0.0,0.0,1,1,0,1.0,1.0,0.0
1142,1.0,1.0,0.0,1.0,1.0,0.0,1.0,1.0,0.0,0.0,0.0,0.0,0.0,0.0,0.0,0.0,0.0,0.0,1,1,0,1.0,1.0,0.0
1143,0.0,0.0,0.0,0.013795355,0.013795355,0.0,0.6,0.4,-0.19999999999999996,1.0,1.0,0.0,1.0,1.0,0.0,0.0,0.0,0.0,0,0,0,0.1896567485,0.1296567485,-0.06
1144,1.0,1.0,0.0,1.0,1.0,0.0,1.0,1.0,0.0,0.0,0.0,0.0,0.0,0.0,0.0,0.0,0.0,0.0,1,1,0,1.0,1.0,0.0
1145,0.85736924,0.83399403,-0.02337520999999998,0.8498132,0.8110629,-0.038750300000000015,0.875,0.8875,0.012499999999999956,0.0,0.0,0.0,0.0,0.0,0.0,0.0,0.0,0.0,1,1,0,0.8573692399999999,0.8339940299999999,-0.02337520999999998
1146,1.0,1.0,0.0,1.0,1.0,0.0,1.0,1.0,0.0,0.0,0.0,0.0,0.0,0.0,0.0,0.0,0.0,0.0,1,1,0,1.0,1.0,0.0
1147,0.90709704,0.9385482,0.031451160000000034,0.9744244,0.9872117,0.012787300000000057,0.75,0.825,0.07499999999999996,0.0,0.0,0.0,0.0,0.0,0.0,0.0,0.0,0.0,1,1,0,0.9070970799999999,0.9385481899999999,0.031451110000000004
1148,0.95874995,1.0,0.04125005000000004,1.0,1.0,0.0,0.8625,1.0,0.13749999999999996,0.0,0.0,0.0,0.0,0.0,0.0,0.0,0.0,0.0,1,1,0,0.95875,1.0,0.04125000000000001
1149,0.9325,1.0,0.0675,1.0,1.0,0.0,0.77500004,1.0,0.22499996,0.0,0.0,0.0,0.0,0.0,0.0,0.0,0.0,0.0,1,1,0,0.932500012,1.0,0.06749998800000001
1150,0.0,0.0,0.0,1.0,1.0,0.0,0.0,0.0,0.0,1.0,1.0,0.0,1.0,1.0,0.0,0.0,0.0,0.0,0,0,0,0.7,0.7,0.0
1151,0.89237565,0.9248986,0.03252295000000005,0.9373223,0.96235514,0.025032839999999945,0.7875,0.83750004,0.05000004000000002,0.0,0.0,0.0,0.0,0.0,0.0,0.0,0.0,0.0,1,1,0,0.89237561,0.92489861,0.03252299999999997
1152,0.8684277,0.8350601,-0.03336760000000005,0.8602538,0.8125859,-0.047667899999999985,0.8875,0.8875,0.0,0.0,0.0,0.0,0.0,0.0,0.0,0.0,0.0,0.0,1,1,0,0.8684276599999999,0.8350601299999999,-0.033367530000000034
1153,0.93418354,0.93022376,-0.003959780000000079,0.98633367,0.90031964,-0.08601403000000007,0.8125,1.0,0.1875,0.0,0.0,0.0,0.0,0.0,0.0,0.0,0.0,0.0,1,1,0,0.934183569,0.930223748,-0.00395982100000003
1154,0.9374904,0.96250004,0.025009640000000055,0.9589148,1.0,0.041085200000000044,0.8875,0.875,-0.012499999999999956,0.0,0.0,0.0,0.0,0.0,0.0,0.0,0.0,0.0,1,1,0,0.93749036,0.9624999999999999,0.025009639999999944
1155,0.9325,0.96875155,0.03625155000000002,0.99999994,0.9875022,-0.012497740000000035,0.77500004,0.925,0.14999996000000004,0.0,0.0,0.0,0.0,0.0,0.0,0.0,0.0,0.0,1,1,0,0.9324999700000001,0.96875154,0.0362515699999999
1156,0.94093555,0.9111271,-0.029808449999999986,0.9745508,0.87303877,-0.10151203000000009,0.8625,1.0,0.13749999999999996,0.0,0.0,0.0,0.0,0.0,0.0,0.0,0.0,0.0,1,1,0,0.94093556,0.911127139,-0.02980842100000003
1157,0.801681,1.0,0.19831900000000002,0.71668714,1.0,0.28331286,1.0,1.0,0.0,0.0,0.0,0.0,0.0,0.0,0.0,0.0,0.0,0.0,1,1,0,0.8016809979999999,1.0,0.19831900200000008
1158,0.8883082,0.94097424,0.05266603999999997,0.88865465,0.9156774,0.027022749999999984,0.8875,1.0,0.11250000000000004,0.0,0.0,0.0,0.0,0.0,0.0,0.0,0.0,0.0,1,1,0,0.888308255,0.94097418,0.052665925
1159,0.96625006,0.98320216,0.016952100000000025,1.0,0.9760031,-0.023996899999999988,0.8875,1.0,0.11250000000000004,0.0,0.0,0.0,0.0,0.0,0.0,0.0,0.0,0.0,1,1,0,0.9662499999999999,0.98320217,0.016952170000000044
1160,0.92618877,0.94743997,0.021251200000000026,0.9481268,0.957057,0.0089302,0.875,0.925,0.050000000000000044,0.0,0.0,0.0,0.0,0.0,0.0,0.0,0.0,0.0,1,1,0,0.92618876,0.9474399,0.021251139999999946
1161,0.78264815,0.8746694,0.09202125000000005,0.75378305,0.87452763,0.12074457999999999,0.85,0.875,0.025000000000000022,0.0,0.0,0.0,0.0,0.0,0.0,0.0,0.0,0.0,1,1,0,0.782648135,0.8746693409999999,0.09202120599999997
1162,0.8912501,0.90625,0.014999899999999955,1.0,1.0,0.0,0.6375,0.6875,0.050000000000000044,0.0,0.0,0.0,0.0,0.0,0.0,0.0,0.0,0.0,1,1,0,0.8912499999999999,0.90625,0.015000000000000124
1163,1.0,0.94672835,-0.053271650000000004,1.0,0.9238977,-0.07610229999999996,1.0,1.0,0.0,0.0,0.0,0.0,0.0,0.0,0.0,0.0,0.0,0.0,1,1,0,1.0,0.9467283900000001,-0.053271609999999914
1164,0.96625006,0.97749996,0.011249899999999924,1.0,1.0,0.0,0.8875,0.925,0.03750000000000009,0.0,0.0,0.0,0.0,0.0,0.0,0.0,0.0,0.0,1,1,0,0.9662499999999999,0.9775,0.011250000000000093
1165,0.9230326,0.95125,0.02821740000000006,0.97576076,1.0,0.024239239999999995,0.8,0.83750004,0.03750003999999996,0.0,0.0,0.0,0.0,0.0,0.0,0.0,0.0,0.0,1,1,0,0.9230325319999999,0.9512500119999999,0.028217480000000017
1166,0.9213503,0.93015844,0.008808140000000075,0.9626433,0.9002263,-0.062416999999999945,0.825,1.0,0.17500000000000004,0.0,0.0,0.0,0.0,0.0,0.0,0.0,0.0,0.0,1,1,0,0.9213503099999999,0.93015841,0.008808100000000096
1167,0.9488155,0.91297454,-0.03584096000000003,0.9750937,0.8756779,-0.09941579999999994,0.8875,1.0,0.11250000000000004,0.0,0.0,0.0,0.0,0.0,0.0,0.0,0.0,0.0,1,1,0,0.9488155899999999,0.9129745300000001,-0.03584105999999987
1168,0.869899,0.9299866,0.06008760000000002,0.93735564,0.8999807,-0.03737494000000008,0.71250004,1.0,0.28749996,0.0,0.0,0.0,0.0,0.0,0.0,0.0,0.0,0.0,1,1,0,0.86989896,0.9299864899999999,0.06008752999999989
1169,0.9412101,0.9674713,0.026261199999999985,0.93744296,0.97495896,0.037515999999999994,0.95,0.95,0.0,0.0,0.0,0.0,0.0,0.0,0.0,0.0,0.0,0.0,1,1,0,0.9412100720000001,0.967471272,0.026261199999999985
1170,0.95500004,0.88944477,-0.06555527000000005,1.0,0.9117068,-0.08829319999999996,0.85,0.83750004,-0.012499959999999977,0.0,0.0,0.0,0.0,0.0,0.0,0.0,0.0,0.0,1,1,0,0.955,0.8894447719999999,-0.06555522800000002
1171,0.8438431,0.91687244,0.07302934000000005,0.825133,0.91338915,0.08825614999999998,0.8875,0.925,0.03750000000000009,0.0,0.0,0.0,0.0,0.0,0.0,0.0,0.0,0.0,1,1,0,0.8438431,0.9168724049999999,0.07302930499999993
1172,0.8534722,0.8885425,0.0350703,0.849603,0.8997035,0.05010049999999999,0.8625,0.8625,0.0,0.0,0.0,0.0,0.0,0.0,0.0,0.0,0.0,0.0,1,1,0,0.8534720999999998,0.8885424499999999,0.03507035000000003
1173,0.81255466,0.96624994,0.15369528,0.7804352,0.99999994,0.21956474000000004,0.8875,0.8875,0.0,0.0,0.0,0.0,0.0,0.0,0.0,0.0,0.0,0.0,1,1,0,0.81255464,0.966249958,0.15369531800000003
1174,0.88120157,0.93138474,0.050183170000000055,0.8785023,0.93947816,0.06097585999999999,0.8875,0.9125,0.025000000000000022,0.0,0.0,0.0,0.0,0.0,0.0,0.0,0.0,0.0,1,1,0,0.88120161,0.9313847119999998,0.05018310199999987
1175,0.8351208,0.91590214,0.08078134000000003,0.9519583,0.9280746,-0.023883700000000063,0.5625,0.8875,0.32499999999999996,0.0,0.0,0.0,0.0,0.0,0.0,0.0,0.0,0.0,1,1,0,0.8351208099999999,0.9159022199999999,0.08078140999999994
1176,0.9649397,0.98248166,0.01754196000000008,0.9499139,0.9749738,0.025059900000000024,1.0,1.0,0.0,0.0,0.0,0.0,0.0,0.0,0.0,0.0,0.0,0.0,1,1,0,0.96493973,0.9824816599999999,0.017541929999999928
1177,0.94,1.0,0.06000000000000005,0.99999994,0.99999994,0.0,0.8,1.0,0.19999999999999996,0.0,0.0,0.0,0.0,0.0,0.0,0.0,0.0,0.0,1,1,0,0.939999958,0.9999999580000001,0.06000000000000005
1178,0.88471633,0.87473375,-0.009982580000000074,0.8995947,0.9121196,0.012524900000000061,0.85,0.7875,-0.0625,0.0,0.0,0.0,0.0,0.0,0.0,0.0,0.0,0.0,1,1,0,0.88471629,0.8747337199999999,-0.009982570000000024
1179,0.94,0.9296978,-0.010302199999999928,1.0,0.89956826,-0.10043173999999999,0.8,1.0,0.19999999999999996,0.0,0.0,0.0,0.0,0.0,0.0,0.0,0.0,0.0,1,1,0,0.94,0.9296977819999999,-0.010302218000000085
1180,0.75507325,0.96625006,0.21117681,0.9286761,1.0,0.0713239,0.35,0.8875,0.5375,0.0,0.0,0.0,0.0,0.0,0.0,0.0,0.0,0.0,1,1,0,0.7550732699999999,0.9662499999999999,0.21117673000000003
1181,0.9152174,0.9216135,0.006396100000000016,0.93781054,0.8880194,-0.049791139999999956,0.8625,1.0,0.13749999999999996,0.0,0.0,0.0,0.0,0.0,0.0,0.0,0.0,0.0,1,1,0,0.9152173779999999,0.92161358,0.0063962020000001285
1182,0.9271235,0.9362397,0.009116200000000019,0.97624785,0.9624853,-0.01376255000000004,0.8125,0.875,0.0625,0.0,0.0,0.0,0.0,0.0,0.0,0.0,0.0,0.0,1,1,0,0.927123495,0.93623971,0.009116214999999928
1183,0.88374996,0.8622819,-0.0214680599999999,1.0,0.9371884,-0.06281159999999997,0.6125,0.6875,0.07499999999999996,0.0,0.0,0.0,0.0,0.0,0.0,0.0,0.0,0.0,1,1,0,0.8837499999999999,0.8622818800000001,-0.02146811999999987
1184,0.93962175,0.86255467,-0.07706708000000007,0.9137454,0.85722095,-0.05652445000000006,1.0,0.875,-0.125,0.0,0.0,0.0,0.0,0.0,0.0,0.0,0.0,0.0,1,1,0,0.93962178,0.862554665,-0.07706711499999996
1185,1.0,1.0,0.0,1.0,1.0,0.0,1.0,1.0,0.0,0.0,0.0,0.0,0.0,0.0,0.0,0.0,0.0,0.0,1,1,0,1.0,1.0,0.0
1186,0.8444948,0.8758305,0.031335699999999966,0.8099926,0.822615,0.012622400000000034,0.925,1.0,0.07499999999999996,0.0,0.0,0.0,0.0,0.0,0.0,0.0,0.0,0.0,1,1,0,0.84449482,0.8758305,0.03133567999999998
1187,0.89374506,0.89144135,-0.002303709999999959,0.89642155,0.8449163,-0.05150525000000006,0.8875,1.0,0.11250000000000004,0.0,0.0,0.0,0.0,0.0,0.0,0.0,0.0,0.0,1,1,0,0.8937450849999999,0.8914414099999999,-0.0023036750000000605
1188,0.7926542,0.86766857,0.07501437,0.8484345,0.8109551,-0.03747939999999994,0.6625,1.0,0.3375,0.0,0.0,0.0,0.0,0.0,0.0,0.0,0.0,0.0,1,1,0,0.79265415,0.86766857,0.07501442000000003
1189,0.46239004,0.90456027,0.44217023000000005,0.3177,0.8958003,0.5781003,0.8,0.925,0.125,0.0,0.0,0.0,0.0,0.0,0.0,0.0,0.0,0.0,1,1,0,0.46238999999999997,0.9045602100000001,0.4421702100000001
1190,0.8964802,0.89533466,-0.0011455400000000004,0.90032893,0.85047805,-0.04985088000000004,0.8875,1.0,0.11250000000000004,0.0,0.0,0.0,0.0,0.0,0.0,0.0,0.0,0.0,1,1,0,0.896480251,0.895334635,-0.0011456159999999604
1191,1.0,1.0,0.0,1.0,1.0,0.0,1.0,1.0,0.0,0.0,0.0,0.0,0.0,0.0,0.0,0.0,0.0,0.0,1,1,0,1.0,1.0,0.0
1192,0.96625006,0.9302112,-0.036038860000000006,1.0,0.90030164,-0.09969835999999999,0.8875,1.0,0.11250000000000004,0.0,0.0,0.0,0.0,0.0,0.0,0.0,0.0,0.0,1,1,0,0.9662499999999999,0.9302111479999999,-0.03603885200000001
1193,0.72326106,0.79175466,0.06849360000000004,0.76537293,0.8042924,0.03891947000000007,0.625,0.7625,0.13749999999999996,0.0,0.0,0.0,0.0,0.0,0.0,0.0,0.0,0.0,1,1,0,0.7232610509999999,0.7917546799999999,0.068493629
1194,1.0,1.0,0.0,1.0,1.0,0.0,1.0,1.0,0.0,0.0,0.0,0.0,0.0,0.0,0.0,0.0,0.0,0.0,1,1,0,1.0,1.0,0.0
1195,0.92236423,0.9068398,-0.015524430000000033,0.97480613,0.89905673,-0.07574940000000008,0.8,0.925,0.125,0.0,0.0,0.0,0.0,0.0,0.0,0.0,0.0,0.0,1,1,0,0.922364291,0.9068397109999999,-0.01552458000000001
1196,0.8397779,0.8828333,0.04305540000000008,0.8675398,0.8808333,0.01329350000000007,0.77500004,0.8875,0.11249995999999995,0.0,0.0,0.0,0.0,0.0,0.0,0.0,0.0,0.0,1,1,0,0.839777872,0.88283331,0.043055438
1197,0.8211426,0.88276863,0.06162603000000011,0.7873466,0.88074094,0.09339434000000002,0.90000004,0.8875,-0.012500040000000046,0.0,0.0,0.0,0.0,0.0,0.0,0.0,0.0,0.0,1,1,0,0.8211426319999999,0.8827686579999999,0.061626026
1198,0.9225548,0.9126293,-0.009925500000000032,0.9375782,0.8751847,-0.06239349999999999,0.8875,1.0,0.11250000000000004,0.0,0.0,0.0,0.0,0.0,0.0,0.0,0.0,0.0,1,1,0,0.9225547399999999,0.9126292899999999,-0.009925450000000002
1199,0.8477382,0.8033894,-0.044348799999999966,0.8306974,0.75127053,-0.07942687000000004,0.8875,0.925,0.03750000000000009,0.0,0.0,0.0,0.0,0.0,0.0,0.0,0.0,0.0,1,1,0,0.84773818,0.803389371,-0.044348809000000045
1200,0.96624994,1.0,0.033750060000000026,0.99999994,0.99999994,0.0,0.8875,1.0,0.11250000000000004,0.0,0.0,0.0,0.0,0.0,0.0,0.0,0.0,0.0,1,1,0,0.966249958,0.9999999580000001,0.03375000000000006
1201,0.88439906,0.90909064,0.024691579999999935,0.8830701,0.8701295,-0.012940599999999969,0.8875,1.0,0.11250000000000004,0.0,0.0,0.0,0.0,0.0,0.0,0.0,0.0,0.0,1,1,0,0.88439907,0.90909065,0.024691580000000046
1202,0.96625006,0.94,-0.026250060000000075,1.0,1.0,0.0,0.8875,0.8,-0.08749999999999991,0.0,0.0,0.0,0.0,0.0,0.0,0.0,0.0,0.0,1,1,0,0.9662499999999999,0.94,-0.026249999999999996
1203,0.7794568,0.97749996,0.19804316,0.8027954,1.0,0.19720459999999995,0.725,0.925,0.20000000000000007,0.0,0.0,0.0,0.0,0.0,0.0,0.0,0.0,0.0,1,1,0,0.7794567800000001,0.9775,0.19804321999999996
1204,0.8824393,0.94743395,0.06499464999999993,0.91241336,0.92490566,0.012492300000000012,0.8125,1.0,0.1875,0.0,0.0,0.0,0.0,0.0,0.0,0.0,0.0,0.0,1,1,0,0.8824393519999999,0.9474339619999999,0.06499460999999995
1205,0.90111417,0.93625003,0.03513585999999991,0.987306,1.0,0.012693999999999983,0.7,0.7875,0.08750000000000002,0.0,0.0,0.0,0.0,0.0,0.0,0.0,0.0,0.0,1,1,0,0.9011142,0.9362499999999999,0.03513579999999994
1206,0.8387627,0.87709826,0.038335560000000046,0.925018,0.88871175,-0.036306249999999984,0.6375,0.85,0.21250000000000002,0.0,0.0,0.0,0.0,0.0,0.0,0.0,0.0,0.0,1,1,0,0.8387625999999999,0.877098225,0.038335625000000095
1207,0.8506891,0.8931492,0.0424601,0.8724129,0.91699886,0.044585959999999925,0.8,0.83750004,0.03750003999999996,0.0,0.0,0.0,0.0,0.0,0.0,0.0,0.0,0.0,1,1,0,0.85068903,0.8931492139999999,0.042460183999999956
1208,1.0,1.0,0.0,1.0,1.0,0.0,1.0,1.0,0.0,0.0,0.0,0.0,0.0,0.0,0.0,0.0,0.0,0.0,1,1,0,1.0,1.0,0.0
1209,1.0,1.0,0.0,1.0,1.0,0.0,1.0,1.0,0.0,0.0,0.0,0.0,0.0,0.0,0.0,0.0,0.0,0.0,1,1,0,1.0,1.0,0.0
1210,0.96625006,1.0,0.03374993999999998,1.0,1.0,0.0,0.8875,1.0,0.11250000000000004,0.0,0.0,0.0,0.0,0.0,0.0,0.0,0.0,0.0,1,1,0,0.9662499999999999,1.0,0.03375000000000006
1211,0.0,0.9824654,0.9824654,0.9249239,0.9749505,0.05002660000000003,0.8125,1.0,0.1875,1.0,0.0,-1.0,1.0,0.0,-1.0,0.0,0.0,0.0,0,1,1,0.89119673,0.98246535,0.09126862000000002
1212,0.96625006,1.0,0.03374993999999998,1.0,1.0,0.0,0.8875,1.0,0.11250000000000004,0.0,0.0,0.0,0.0,0.0,0.0,0.0,0.0,0.0,1,1,0,0.9662499999999999,1.0,0.03375000000000006
1213,1.0,1.0,0.0,1.0,1.0,0.0,1.0,1.0,0.0,0.0,0.0,0.0,0.0,0.0,0.0,0.0,0.0,0.0,1,1,0,1.0,1.0,0.0
1214,0.8604871,0.96624994,0.10576284000000002,0.86498153,0.99999994,0.13501841000000003,0.85,0.8875,0.03749999999999998,0.0,0.0,0.0,0.0,0.0,0.0,0.0,0.0,0.0,1,1,0,0.860487071,0.966249958,0.10576288700000003
1215,0.69382036,0.9037995,0.20997913999999995,0.67510045,0.8625706,0.18747015,0.7375,1.0,0.26249999999999996,0.0,0.0,0.0,0.0,0.0,0.0,0.0,0.0,0.0,1,1,0,0.693820315,0.9037994199999999,0.20997910499999994
1216,0.95321524,0.90343153,-0.04978371000000004,0.9867361,0.8941879,-0.09254819999999997,0.875,0.925,0.050000000000000044,0.0,0.0,0.0,0.0,0.0,0.0,0.0,0.0,0.0,1,1,0,0.9532152700000001,0.90343153,-0.049783740000000076
1217,0.88088846,0.94070715,0.05981869000000006,0.878055,0.9152959,0.03724090000000002,0.8875,1.0,0.11250000000000004,0.0,0.0,0.0,0.0,0.0,0.0,0.0,0.0,0.0,1,1,0,0.8808885,0.9407071300000001,0.059818630000000095
1218,1.0,1.0,0.0,1.0,1.0,0.0,1.0,1.0,0.0,0.0,0.0,0.0,0.0,0.0,0.0,0.0,0.0,0.0,1,1,0,1.0,1.0,0.0
1219,0.9160914,1.0,0.0839086,0.88013047,1.0,0.11986953,1.0,1.0,0.0,0.0,0.0,0.0,0.0,0.0,0.0,0.0,0.0,0.0,1,1,0,0.9160913289999999,1.0,0.0839086710000001
1220,0.9383755,0.85913163,-0.07924387,0.9119649,0.7987595,-0.11320540000000001,1.0,1.0,0.0,0.0,0.0,0.0,0.0,0.0,0.0,0.0,0.0,0.0,1,1,0,0.93837543,0.8591316499999999,-0.0792437800000001
1221,1.0,1.0,0.0,1.0,1.0,0.0,1.0,1.0,0.0,0.0,0.0,0.0,0.0,0.0,0.0,0.0,0.0,0.0,1,1,0,1.0,1.0,0.0
1222,0.8586178,0.8215271,-0.03709070000000003,0.86231107,0.7986101,-0.06370096999999997,0.85,0.875,0.025000000000000022,0.0,0.0,0.0,0.0,0.0,0.0,0.0,0.0,0.0,1,1,0,0.858617749,0.8215270699999999,-0.03709067900000007
1223,1.0,1.0,0.0,1.0,1.0,0.0,1.0,1.0,0.0,0.0,0.0,0.0,0.0,0.0,0.0,0.0,0.0,0.0,1,1,0,1.0,1.0,0.0
1224,0.87624997,0.87636185,0.00011187999999995313,1.0,0.9251597,-0.07484029999999997,0.58750004,0.7625,0.17499995999999995,0.0,0.0,0.0,0.0,0.0,0.0,0.0,0.0,0.0,1,1,0,0.876250012,0.87636179,0.00011177800000006233
1225,0.96625006,0.94,-0.026250060000000075,1.0,1.0,0.0,0.8875,0.8,-0.08749999999999991,0.0,0.0,0.0,0.0,0.0,0.0,0.0,0.0,0.0,1,1,0,0.9662499999999999,0.94,-0.026249999999999996
1226,0.93143225,1.0,0.06856775000000004,0.9341889,1.0,0.06581110000000001,0.925,1.0,0.07499999999999996,0.0,0.0,0.0,0.0,0.0,0.0,0.0,0.0,0.0,1,1,0,0.93143223,1.0,0.06856777000000003
1227,0.96624994,1.0,0.033750060000000026,0.99999994,0.99999994,0.0,0.8875,1.0,0.11250000000000004,0.0,0.0,0.0,0.0,0.0,0.0,0.0,0.0,0.0,1,1,0,0.966249958,0.9999999580000001,0.03375000000000006
1228,0.9399276,0.9289635,-0.010964099999999921,0.96239656,0.8985193,-0.06387725999999994,0.8875,1.0,0.11250000000000004,0.0,0.0,0.0,0.0,0.0,0.0,0.0,0.0,0.0,1,1,0,0.9399275919999999,0.92896351,-0.010964081999999875
1229,0.89936703,0.91127986,0.011912830000000096,0.9365958,0.87325704,-0.06333875999999994,0.8125,1.0,0.1875,0.0,0.0,0.0,0.0,0.0,0.0,0.0,0.0,0.0,1,1,0,0.89936706,0.9112799279999999,0.01191286799999991
1230,0.88435346,1.0,0.11564653999999996,0.8347906,1.0,0.16520939999999995,1.0,1.0,0.0,0.0,0.0,0.0,0.0,0.0,0.0,0.0,0.0,0.0,1,1,0,0.8843534200000001,1.0,0.11564657999999994
1231,0.84120506,0.8765341,0.035329040000000034,0.8856499,0.82362,-0.06202989999999997,0.7375,1.0,0.26249999999999996,0.0,0.0,0.0,0.0,0.0,0.0,0.0,0.0,0.0,1,1,0,0.84120493,0.8765339999999999,0.03532906999999996
1232,0.9998726,0.9983673,-0.0015053000000000427,0.999818,0.9976675,-0.002150499999999944,1.0,1.0,0.0,0.0,0.0,0.0,0.0,0.0,0.0,0.0,0.0,0.0,1,1,0,0.9998726,0.99836725,-0.0015053499999999609
1233,0.94873774,0.96873707,0.019999329999999982,0.97498244,0.98748153,0.012499090000000046,0.8875,0.925,0.03750000000000009,0.0,0.0,0.0,0.0,0.0,0.0,0.0,0.0,0.0,1,1,0,0.9487377079999999,0.9687370710000001,0.01999936300000016
1234,1.0,1.0,0.0,1.0,1.0,0.0,1.0,1.0,0.0,0.0,0.0,0.0,0.0,0.0,0.0,0.0,0.0,0.0,1,1,0,1.0,1.0,0.0
1235,0.755583,0.93400174,0.17841874000000002,0.6990471,0.9057168,0.20666969999999996,0.8875,1.0,0.11250000000000004,0.0,0.0,0.0,0.0,0.0,0.0,0.0,0.0,0.0,1,1,0,0.75558297,0.9340017599999999,0.17841878999999994
1236,0.8698354,0.93195814,0.062122739999999954,0.8622648,0.9510116,0.0887467999999999,0.8875,0.8875,0.0,0.0,0.0,0.0,0.0,0.0,0.0,0.0,0.0,0.0,1,1,0,0.86983536,0.9319581199999999,0.062122759999999944
1237,0.9660519,0.9829931,0.01694119999999999,0.98364544,0.9757044,-0.007941039999999955,0.925,1.0,0.07499999999999996,0.0,0.0,0.0,0.0,0.0,0.0,0.0,0.0,0.0,1,1,0,0.966051808,0.98299308,0.01694127199999995
1238,1.0,1.0,0.0,1.0,1.0,0.0,1.0,1.0,0.0,0.0,0.0,0.0,0.0,0.0,0.0,0.0,0.0,0.0,1,1,0,1.0,1.0,0.0
1239,0.96250004,0.97749996,0.014999919999999944,0.99999994,0.99999994,0.0,0.875,0.925,0.050000000000000044,0.0,0.0,0.0,0.0,0.0,0.0,0.0,0.0,0.0,1,1,0,0.962499958,0.9774999580000001,0.015000000000000124
1240,0.8975275,0.9226441,0.025116599999999933,0.901825,0.8894915,-0.012333499999999997,0.8875,1.0,0.11250000000000004,0.0,0.0,0.0,0.0,0.0,0.0,0.0,0.0,0.0,1,1,0,0.8975274999999999,0.9226440499999999,0.025116550000000015
1241,1.0,1.0,0.0,1.0,1.0,0.0,1.0,1.0,0.0,0.0,0.0,0.0,0.0,0.0,0.0,0.0,0.0,0.0,1,1,0,1.0,1.0,0.0
1242,1.0,1.0,0.0,0.99999994,0.99999994,0.0,1.0,1.0,0.0,0.0,0.0,0.0,0.0,0.0,0.0,0.0,0.0,0.0,1,1,0,0.9999999580000001,0.9999999580000001,0.0
1243,0.92628556,0.94559306,0.019307500000000033,0.9429079,0.95441866,0.011510759999999953,0.8875,0.925,0.03750000000000009,0.0,0.0,0.0,0.0,0.0,0.0,0.0,0.0,0.0,1,1,0,0.9262855299999999,0.9455930619999999,0.019307532000000016
1244,1.0,1.0,0.0,1.0,1.0,0.0,1.0,1.0,0.0,0.0,0.0,0.0,0.0,0.0,0.0,0.0,0.0,0.0,1,1,0,1.0,1.0,0.0
1245,1.0,1.0,0.0,1.0,1.0,0.0,1.0,1.0,0.0,0.0,0.0,0.0,0.0,0.0,0.0,0.0,0.0,0.0,1,1,0,1.0,1.0,0.0
1246,0.87092847,0.9526648,0.08173633000000002,0.86918354,0.9645211,0.09533756000000004,0.875,0.925,0.050000000000000044,0.0,0.0,0.0,0.0,0.0,0.0,0.0,0.0,0.0,1,1,0,0.870928478,0.9526647699999999,0.08173629199999999
1247,0.93587303,0.9219236,-0.01394943000000004,0.9887472,0.8884622,-0.10028500000000007,0.8125,1.0,0.1875,0.0,0.0,0.0,0.0,0.0,0.0,0.0,0.0,0.0,1,1,0,0.93587304,0.9219235399999999,-0.01394950000000017
1248,1.0,1.0,0.0,1.0,1.0,0.0,1.0,1.0,0.0,0.0,0.0,0.0,0.0,0.0,0.0,0.0,0.0,0.0,1,1,0,1.0,1.0,0.0
1249,1.0,1.0,0.0,1.0,1.0,0.0,1.0,1.0,0.0,0.0,0.0,0.0,0.0,0.0,0.0,0.0,0.0,0.0,1,1,0,1.0,1.0,0.0
1250,0.9487196,0.9123629,-0.03635670000000002,0.9749566,0.874804,-0.10015259999999993,0.8875,1.0,0.11250000000000004,0.0,0.0,0.0,0.0,0.0,0.0,0.0,0.0,0.0,1,1,0,0.9487196199999999,0.9123627999999999,-0.036356819999999956
1251,1.0,1.0,0.0,1.0,1.0,0.0,1.0,1.0,0.0,0.0,0.0,0.0,0.0,0.0,0.0,0.0,0.0,0.0,1,1,0,1.0,1.0,0.0
1252,0.97749996,0.95607704,-0.0214229199999999,1.0,0.93725294,-0.06274705999999997,0.925,1.0,0.07499999999999996,0.0,0.0,0.0,0.0,0.0,0.0,0.0,0.0,0.0,1,1,0,0.9775,0.956077058,-0.021422942000000056
1253,0.93625003,0.96625006,0.030000030000000066,1.0,1.0,0.0,0.7875,0.8875,0.09999999999999998,0.0,0.0,0.0,0.0,0.0,0.0,0.0,0.0,0.0,1,1,0,0.9362499999999999,0.9662499999999999,0.030000000000000027
1254,0.8925732,0.95250845,0.059935249999999995,0.9001046,0.97501206,0.07490745999999993,0.875,0.90000004,0.02500004,0.0,0.0,0.0,0.0,0.0,0.0,0.0,0.0,0.0,1,1,0,0.8925732200000001,0.952508454,0.05993523399999989
1255,0.8846898,0.92860854,0.04391874000000007,0.8352712,0.89801216,0.06274095999999996,1.0,1.0,0.0,0.0,0.0,0.0,0.0,0.0,0.0,0.0,0.0,0.0,1,1,0,0.8846898399999998,0.9286085119999998,0.04391867199999999
1256,0.8990472,0.84157676,-0.05747044000000001,0.903996,0.80582386,-0.09817214000000007,0.8875,0.925,0.03750000000000009,0.0,0.0,0.0,0.0,0.0,0.0,0.0,0.0,0.0,1,1,0,0.8990471999999999,0.841576702,-0.057470497999999925
1257,0.96625006,0.85787785,-0.10837220999999997,1.0,0.8773255,-0.12267450000000002,0.8875,0.8125,-0.07499999999999996,0.0,0.0,0.0,0.0,0.0,0.0,0.0,0.0,0.0,1,1,0,0.9662499999999999,0.8578778499999999,-0.10837215
1258,0.93505573,0.9226425,-0.012413229999999942,0.9875796,0.88948923,-0.09809036999999998,0.8125,1.0,0.1875,0.0,0.0,0.0,0.0,0.0,0.0,0.0,0.0,0.0,1,1,0,0.93505572,0.9226424609999999,-0.01241325900000012
1259,0.8838202,0.9104185,0.026598300000000075,0.8340288,0.8720264,0.037997599999999965,1.0,1.0,0.0,0.0,0.0,0.0,0.0,0.0,0.0,0.0,0.0,0.0,1,1,0,0.88382016,0.9104184799999999,0.026598319999999953
1260,0.97749996,1.0,0.022500040000000054,1.0,1.0,0.0,0.925,1.0,0.07499999999999996,0.0,0.0,0.0,0.0,0.0,0.0,0.0,0.0,0.0,1,1,0,0.9775,1.0,0.022499999999999964
1261,0.9668347,1.0,0.03316529999999995,0.95262104,1.0,0.04737895999999997,1.0,1.0,0.0,0.0,0.0,0.0,0.0,0.0,0.0,0.0,0.0,0.0,1,1,0,0.966834728,1.0,0.03316527199999997
1262,0.9124922,0.94375,0.0312578,0.98748887,1.0,0.012511130000000037,0.7375,0.8125,0.07499999999999996,0.0,0.0,0.0,0.0,0.0,0.0,0.0,0.0,0.0,1,1,0,0.9124922089999998,0.94375,0.031257791000000146
1263,0.9080437,0.87300414,-0.03503955999999997,0.9007767,0.85072017,-0.05005652999999999,0.925,0.925,0.0,0.0,0.0,0.0,0.0,0.0,0.0,0.0,0.0,0.0,1,1,0,0.90804369,0.873004119,-0.03503957099999999
1264,0.8041893,0.9448765,0.1406872,0.72027045,0.92125213,0.20098167999999994,1.0,1.0,0.0,0.0,0.0,0.0,0.0,0.0,0.0,0.0,0.0,0.0,1,1,0,0.8041893149999999,0.9448764909999998,0.1406871759999999
1265,0.90081114,0.9307793,0.02996816000000002,0.9386587,0.9011132,-0.03754550000000001,0.8125,1.0,0.1875,0.0,0.0,0.0,0.0,0.0,0.0,0.0,0.0,0.0,1,1,0,0.9008110899999999,0.9307792399999999,0.02996814999999997
1266,0.93814576,0.9179201,-0.020225660000000034,0.91163677,0.882743,-0.02889376999999993,1.0,1.0,0.0,0.0,0.0,0.0,0.0,0.0,0.0,0.0,0.0,0.0,1,1,0,0.9381457389999999,0.9179200999999999,-0.020225638999999962
1267,0.8947897,0.96836406,0.07357435999999995,0.84969956,0.9548058,0.10510624000000002,1.0,1.0,0.0,0.0,0.0,0.0,0.0,0.0,0.0,0.0,0.0,0.0,1,1,0,0.894789692,0.9683640600000001,0.07357436800000006
1268,1.0,1.0,0.0,1.0,1.0,0.0,1.0,1.0,0.0,0.0,0.0,0.0,0.0,0.0,0.0,0.0,0.0,0.0,1,1,0,1.0,1.0,0.0
1269,0.9213436,0.95712453,0.03578092999999993,0.935848,0.9869635,0.05111549999999998,0.8875,0.8875,0.0,0.0,0.0,0.0,0.0,0.0,0.0,0.0,0.0,0.0,1,1,0,0.9213435999999999,0.9571244499999999,0.035780849999999975
1270,0.87828505,0.95074046,0.07245541,0.82612145,0.92962927,0.10350781999999992,1.0,1.0,0.0,0.0,0.0,0.0,0.0,0.0,0.0,0.0,0.0,0.0,1,1,0,0.8782850149999999,0.950740489,0.07245547400000008
1271,0.0,0.8872862,0.8872862,0.37412223,0.88719463,0.5130724,0.48076925,0.8875,0.40673075,1.0,0.0,-1.0,1.0,0.0,-1.0,0.0,0.0,0.0,0,1,1,0.40611633599999997,0.887286241,0.481169905
1272,0.0,0.0,0.0,1.0,1.0,0.0,1.0,1.0,0.0,1.0,1.0,0.0,1.0,1.0,0.0,0.0,0.0,0.0,0,0,0,1.0,1.0,0.0
1273,0.96625006,0.93950826,-0.026741800000000038,1.0,0.9617975,-0.03820250000000003,0.8875,0.8875,0.0,0.0,0.0,0.0,0.0,0.0,0.0,0.0,0.0,0.0,1,1,0,0.9662499999999999,0.9395082499999999,-0.02674175000000001
1274,0.86499995,1.0,0.13500005000000004,0.99999994,0.99999994,0.0,0.55,1.0,0.44999999999999996,0.0,0.0,0.0,0.0,0.0,0.0,0.0,0.0,0.0,1,1,0,0.8649999580000001,0.9999999580000001,0.135
1275,0.82744104,0.88935417,0.061913130000000094,0.7534871,0.84193444,0.08844733999999999,1.0,1.0,0.0,0.0,0.0,0.0,0.0,0.0,0.0,0.0,0.0,0.0,1,1,0,0.8274409699999998,0.8893541079999998,0.06191313799999998
1276,0.96624994,0.9362499,-0.030000040000000006,0.99999994,0.99999994,0.0,0.8875,0.7875,-0.09999999999999998,0.0,0.0,0.0,0.0,0.0,0.0,0.0,0.0,0.0,1,1,0,0.966249958,0.936249958,-0.030000000000000027
1277,0.9025,0.98230916,0.07980916000000005,1.0,0.97472745,-0.02527254999999995,0.675,1.0,0.32499999999999996,0.0,0.0,0.0,0.0,0.0,0.0,0.0,0.0,0.0,1,1,0,0.9025,0.9823092149999999,0.07980921499999993
1278,0.86046535,0.8988516,0.038386249999999955,0.923879,0.887645,-0.03623399999999999,0.71250004,0.925,0.21249996000000004,0.0,0.0,0.0,0.0,0.0,0.0,0.0,0.0,0.0,1,1,0,0.860465312,0.8988514999999999,0.03838618799999993
1279,0.80806684,0.94257605,0.13450921000000005,0.77402407,0.9179657,0.14394163000000004,0.8875,1.0,0.11250000000000004,0.0,0.0,0.0,0.0,0.0,0.0,0.0,0.0,0.0,1,1,0,0.8080668489999999,0.9425759899999999,0.134509141
1280,0.89044744,0.871113,-0.019334439999999953,0.8434964,0.81587565,-0.027620750000000083,1.0,1.0,0.0,0.0,0.0,0.0,0.0,0.0,0.0,0.0,0.0,0.0,1,1,0,0.89044748,0.8711129549999999,-0.019334525000000102
1281,0.59292114,0.9883825,0.3954613600000001,0.41845873,0.9834037,0.56494497,1.0,1.0,0.0,0.0,0.0,0.0,0.0,0.0,0.0,0.0,0.0,0.0,1,1,0,0.5929211109999999,0.9883825899999998,0.39546147899999995
1282,0.8928076,0.91405195,0.021244349999999912,0.9754395,0.877217,-0.09822249999999999,0.7,1.0,0.30000000000000004,0.0,0.0,0.0,0.0,0.0,0.0,0.0,0.0,0.0,1,1,0,0.89280765,0.9140519,0.021244250000000076
1283,0.94,0.96624994,0.026249940000000027,0.99999994,0.99999994,0.0,0.8,0.8875,0.08749999999999991,0.0,0.0,0.0,0.0,0.0,0.0,0.0,0.0,0.0,1,1,0,0.939999958,0.966249958,0.026249999999999996
1284,1.0,0.95125,-0.04874999999999996,1.0,1.0,0.0,1.0,0.83750004,-0.16249996,0.0,0.0,0.0,0.0,0.0,0.0,0.0,0.0,0.0,1,1,0,1.0,0.9512500119999999,-0.04874998800000008
1285,0.8739668,0.90751344,0.03354663999999996,0.8199526,0.86787623,0.047923629999999995,1.0,1.0,0.0,0.0,0.0,0.0,0.0,0.0,0.0,0.0,0.0,0.0,1,1,0,0.8739668199999999,0.9075133609999999,0.033546540999999985
1286,1.0,1.0,0.0,1.0,1.0,0.0,1.0,1.0,0.0,0.0,0.0,0.0,0.0,0.0,0.0,0.0,0.0,0.0,1,1,0,1.0,1.0,0.0
1287,1.0,1.0,0.0,1.0,1.0,0.0,1.0,1.0,0.0,0.0,0.0,0.0,0.0,0.0,0.0,0.0,0.0,0.0,1,1,0,1.0,1.0,0.0
1288,0.97749996,1.0,0.022500040000000054,0.99999994,0.99999994,0.0,0.925,1.0,0.07499999999999996,0.0,0.0,0.0,0.0,0.0,0.0,0.0,0.0,0.0,1,1,0,0.9774999580000001,0.9999999580000001,0.022499999999999964
1289,0.91510564,0.9303975,0.015291859999999935,0.97515094,0.9005679,-0.07458304000000004,0.77500004,1.0,0.22499996,0.0,0.0,0.0,0.0,0.0,0.0,0.0,0.0,0.0,1,1,0,0.91510567,0.93039753,0.015291860000000046
1290,0.94375,0.94876033,0.005010330000000063,1.0,0.97501475,-0.02498524999999996,0.8125,0.8875,0.07499999999999996,0.0,0.0,0.0,0.0,0.0,0.0,0.0,0.0,0.0,1,1,0,0.94375,0.948760325,0.005010324999999982
1291,1.0,1.0,0.0,1.0,1.0,0.0,1.0,1.0,0.0,0.0,0.0,0.0,0.0,0.0,0.0,0.0,0.0,0.0,1,1,0,1.0,1.0,0.0
1292,0.93239844,0.89357233,-0.038826110000000025,0.95164067,0.8908176,-0.06082306999999998,0.8875,0.90000004,0.012500040000000046,0.0,0.0,0.0,0.0,0.0,0.0,0.0,0.0,0.0,1,1,0,0.9323984689999999,0.893572332,-0.03882613699999993
1293,1.0,1.0,0.0,1.0,1.0,0.0,1.0,1.0,0.0,0.0,0.0,0.0,0.0,0.0,0.0,0.0,0.0,0.0,1,1,0,1.0,1.0,0.0
1294,0.0,0.95500004,0.95500004,0.3385627,1.0,0.6614373,0.7619048,0.85,0.08809519999999993,0.0,0.0,0.0,1.0,0.0,-1.0,0.0,0.0,0.0,0,1,1,0.46556533,0.955,0.48943466999999996
1295,0.86285305,0.93486637,0.07201331999999994,0.8040758,0.90695196,0.10287616,1.0,1.0,0.0,0.0,0.0,0.0,0.0,0.0,0.0,0.0,0.0,0.0,1,1,0,0.86285306,0.9348663719999999,0.07201331199999994
1296,0.89100724,0.9113781,0.02037085999999999,0.8871532,0.87339735,-0.013755850000000014,0.90000004,1.0,0.09999996,0.0,0.0,0.0,0.0,0.0,0.0,0.0,0.0,0.0,1,1,0,0.891007252,0.911378145,0.020370893000000057
1297,0.93497974,0.98252124,0.047541500000000014,0.98747104,0.9750303,-0.01244073999999995,0.8125,1.0,0.1875,0.0,0.0,0.0,0.0,0.0,0.0,0.0,0.0,0.0,1,1,0,0.934979728,0.98252121,0.04754148200000008
1298,0.8009141,0.8111898,0.010275699999999999,0.7584487,0.7838425,0.025393800000000022,0.90000004,0.875,-0.02500004,0.0,0.0,0.0,0.0,0.0,0.0,0.0,0.0,0.0,1,1,0,0.8009141019999999,0.81118975,0.010275648000000137
1299,1.0,1.0,0.0,1.0,1.0,0.0,1.0,1.0,0.0,0.0,0.0,0.0,0.0,0.0,0.0,0.0,0.0,0.0,1,1,0,1.0,1.0,0.0
1300,0.8603031,0.83263457,-0.027668530000000024,0.80043304,0.7609064,-0.03952664000000006,1.0,1.0,0.0,0.0,0.0,0.0,0.0,0.0,0.0,0.0,0.0,0.0,1,1,0,0.860303128,0.8326344799999998,-0.02766864800000013
1301,0.87269974,0.95482254,0.08212280000000005,0.86635673,0.9354608,0.06910406999999996,0.8875,1.0,0.11250000000000004,0.0,0.0,0.0,0.0,0.0,0.0,0.0,0.0,0.0,1,1,0,0.872699711,0.95482256,0.082122849
1302,1.0,1.0,0.0,1.0,1.0,0.0,1.0,1.0,0.0,0.0,0.0,0.0,0.0,0.0,0.0,0.0,0.0,0.0,1,1,0,1.0,1.0,0.0
1303,0.8944252,0.91395587,0.019530669999999972,0.9509647,0.87707984,-0.07388485999999994,0.7625,1.0,0.23750000000000004,0.0,0.0,0.0,0.0,0.0,0.0,0.0,0.0,0.0,1,1,0,0.8944252899999999,0.913955888,0.01953059800000012
1304,0.87250006,1.0,0.12749993999999998,1.0,1.0,0.0,0.575,1.0,0.42500000000000004,0.0,0.0,0.0,0.0,0.0,0.0,0.0,0.0,0.0,1,1,0,0.8724999999999999,1.0,0.12750000000000006
1305,1.0,1.0,0.0,1.0,1.0,0.0,1.0,1.0,0.0,0.0,0.0,0.0,0.0,0.0,0.0,0.0,0.0,0.0,1,1,0,1.0,1.0,0.0
1306,1.0,1.0,0.0,1.0,1.0,0.0,1.0,1.0,0.0,0.0,0.0,0.0,0.0,0.0,0.0,0.0,0.0,0.0,1,1,0,1.0,1.0,0.0
1307,0.99967194,0.99967194,0.0,0.9995313,0.9995313,0.0,1.0,1.0,0.0,0.0,0.0,0.0,0.0,0.0,0.0,0.0,0.0,0.0,1,1,0,0.99967191,0.99967191,0.0
1308,0.9164855,0.98398554,0.0675000400000001,0.9771222,0.9771222,0.0,0.77500004,1.0,0.22499996,0.0,0.0,0.0,0.0,0.0,0.0,0.0,0.0,0.0,1,1,0,0.9164855519999999,0.9839855399999999,0.06749998800000001
1309,1.0,1.0,0.0,1.0,1.0,0.0,1.0,1.0,0.0,0.0,0.0,0.0,0.0,0.0,0.0,0.0,0.0,0.0,1,1,0,1.0,1.0,0.0
1310,0.9362499,0.97749996,0.04125005999999998,0.99999994,0.99999994,0.0,0.7875,0.925,0.13750000000000007,0.0,0.0,0.0,0.0,0.0,0.0,0.0,0.0,0.0,1,1,0,0.936249958,0.9774999580000001,0.04125000000000012
1311,0.9362499,1.0,0.06375010000000003,0.99999994,0.99999994,0.0,0.7875,1.0,0.21250000000000002,0.0,0.0,0.0,0.0,0.0,0.0,0.0,0.0,0.0,1,1,0,0.936249958,0.9999999580000001,0.06375000000000008
1312,0.7255067,1.0,0.27449330000000005,0.64536667,1.0,0.35463332999999997,0.9125,1.0,0.08750000000000002,0.0,0.0,0.0,0.0,0.0,0.0,0.0,0.0,0.0,1,1,0,0.725506669,1.0,0.27449333099999995
1313,0.9400465,0.91266745,-0.02737904999999996,0.96256644,0.8752393,-0.08732713999999997,0.8875,1.0,0.11250000000000004,0.0,0.0,0.0,0.0,0.0,0.0,0.0,0.0,0.0,1,1,0,0.940046508,0.9126675099999999,-0.0273789980000001
1314,0.94375,0.93296164,-0.010788359999999941,1.0,0.9042309,-0.09576910000000005,0.8125,1.0,0.1875,0.0,0.0,0.0,0.0,0.0,0.0,0.0,0.0,0.0,1,1,0,0.94375,0.9329616299999999,-0.010788370000000103
1315,0.8464184,0.9045324,0.058114,0.82881194,0.9011176,0.07230565999999994,0.8875,0.9125,0.025000000000000022,0.0,0.0,0.0,0.0,0.0,0.0,0.0,0.0,0.0,1,1,0,0.846418358,0.90453232,0.058113961999999963
1316,1.0,1.0,0.0,1.0,1.0,0.0,1.0,1.0,0.0,0.0,0.0,0.0,0.0,0.0,0.0,0.0,0.0,0.0,1,1,0,1.0,1.0,0.0
1317,1.0,1.0,0.0,1.0,1.0,0.0,1.0,1.0,0.0,0.0,0.0,0.0,0.0,0.0,0.0,0.0,0.0,0.0,1,1,0,1.0,1.0,0.0
1318,0.9578983,1.0,0.04210170000000002,0.988069,1.0000001,0.011931100000000083,0.8875,1.0,0.11250000000000004,0.0,0.0,0.0,0.0,0.0,0.0,0.0,0.0,0.0,1,1,0,0.9578983,1.00000007,0.04210177000000004
1319,0.88507456,0.8577358,-0.027338759999999906,0.83582073,0.7967655,-0.039055229999999996,1.0,1.0,0.0,0.0,0.0,0.0,0.0,0.0,0.0,0.0,0.0,0.0,1,1,0,0.885074511,0.8577358499999999,-0.027338661000000153
1320,0.8125,0.94750005,0.13500005000000004,1.0,1.0,0.0,0.375,0.825,0.44999999999999996,0.0,0.0,0.0,0.0,0.0,0.0,0.0,0.0,0.0,1,1,0,0.8125,0.9474999999999999,0.1349999999999999
1321,0.94375,0.94221556,-0.0015344400000000258,1.0,0.9495936,-0.05040639999999996,0.8125,0.925,0.11250000000000004,0.0,0.0,0.0,0.0,0.0,0.0,0.0,0.0,0.0,1,1,0,0.94375,0.94221552,-0.0015344800000000047
1322,0.8133478,0.8560036,0.04265580000000002,0.7815683,0.7942909,0.012722600000000028,0.8875,1.0,0.11250000000000004,0.0,0.0,0.0,0.0,0.0,0.0,0.0,0.0,0.0,1,1,0,0.8133478099999999,0.85600363,0.04265582000000012
1323,1.0,1.0,0.0,1.0,1.0,0.0,1.0,1.0,0.0,0.0,0.0,0.0,0.0,0.0,0.0,0.0,0.0,0.0,1,1,0,1.0,1.0,0.0
1324,0.9069025,0.9321255,0.025223000000000106,0.9152178,0.90303636,-0.012181439999999988,0.8875,1.0,0.11250000000000004,0.0,0.0,0.0,0.0,0.0,0.0,0.0,0.0,0.0,1,1,0,0.90690246,0.932125452,0.025222992
1325,0.8744637,0.92216855,0.04770485000000002,0.8206624,0.8888121,0.06814969999999998,1.0,1.0,0.0,0.0,0.0,0.0,0.0,0.0,0.0,0.0,0.0,0.0,1,1,0,0.8744636799999999,0.9221684699999999,0.04770479000000005
1326,0.84987783,0.0,-0.84987783,0.9033969,0.23689047,-0.66650643,0.725,0.47619048,-0.24880951999999995,0.0,1.0,1.0,0.0,1.0,1.0,0.0,0.0,0.0,1,0,-1,0.84987783,0.308680473,-0.5411973569999999
1327,0.94375,0.0,-0.94375,0.99999994,0.99999994,0.0,0.8125,0.8701299,0.05762990000000001,0.0,0.0,0.0,0.0,1.0,1.0,0.0,0.0,0.0,1,0,-1,0.943749958,0.961038928,0.01728896999999996
1328,0.40886393,0.9692098,0.56034587,0.15551992,0.956014,0.80049408,1.0,1.0,0.0,0.0,0.0,0.0,0.0,0.0,0.0,0.0,0.0,0.0,1,1,0,0.408863944,0.9692098,0.5603458560000001
1329,1.0,1.0,0.0,1.0,1.0,0.0,1.0,1.0,0.0,0.0,0.0,0.0,0.0,0.0,0.0,0.0,0.0,0.0,1,1,0,1.0,1.0,0.0
1330,0.96625006,1.0,0.03374993999999998,1.0,1.0,0.0,0.8875,1.0,0.11250000000000004,0.0,0.0,0.0,0.0,0.0,0.0,0.0,0.0,0.0,1,1,0,0.9662499999999999,1.0,0.03375000000000006
1331,0.94375,0.94168514,-0.002064859999999946,1.0,0.916693,-0.08330700000000002,0.8125,1.0,0.1875,0.0,0.0,0.0,0.0,0.0,0.0,0.0,0.0,0.0,1,1,0,0.94375,0.9416850999999999,-0.002064900000000036
1332,0.96250004,0.92099285,-0.04150719000000003,1.0,0.9407041,-0.05929589999999996,0.875,0.875,0.0,0.0,0.0,0.0,0.0,0.0,0.0,0.0,0.0,0.0,1,1,0,0.9624999999999999,0.9209928700000001,-0.04150712999999984
1333,0.79595906,0.8335414,0.037582339999999936,0.78351295,0.799702,0.016189050000000038,0.825,0.9125,0.08750000000000002,0.0,0.0,0.0,0.0,0.0,0.0,0.0,0.0,0.0,1,1,0,0.7959590649999999,0.8335413999999999,0.03758233499999997
1334,0.96625006,0.94750005,-0.018750009999999984,1.0,1.0,0.0,0.8875,0.825,-0.0625,0.0,0.0,0.0,0.0,0.0,0.0,0.0,0.0,0.0,1,1,0,0.9662499999999999,0.9474999999999999,-0.018750000000000044
1335,0.8641426,0.86569864,0.0015560399999999808,0.90234655,0.8402837,-0.06206285,0.77500004,0.925,0.14999996000000004,0.0,0.0,0.0,0.0,0.0,0.0,0.0,0.0,0.0,1,1,0,0.8641425969999998,0.86569859,0.0015559930000001998
1336,0.94375,0.97749996,0.03374995999999997,1.0,1.0,0.0,0.8125,0.925,0.11250000000000004,0.0,0.0,0.0,0.0,0.0,0.0,0.0,0.0,0.0,1,1,0,0.94375,0.9775,0.03375000000000006
1337,1.0,1.0,0.0,1.0,1.0,0.0,1.0,1.0,0.0,0.0,0.0,0.0,0.0,0.0,0.0,0.0,0.0,0.0,1,1,0,1.0,1.0,0.0
1338,0.99130386,0.93899673,-0.05230713000000009,0.98757684,0.9128524,-0.07472444,1.0,1.0,0.0,0.0,0.0,0.0,0.0,0.0,0.0,0.0,0.0,0.0,1,1,0,0.991303788,0.93899668,-0.052307107999999936
1339,0.96250004,0.92735857,-0.03514147000000001,1.0,0.9497979,-0.05020210000000003,0.875,0.875,0.0,0.0,0.0,0.0,0.0,0.0,0.0,0.0,0.0,0.0,1,1,0,0.9624999999999999,0.92735853,-0.0351414699999999
1340,1.0,1.0,0.0,1.0,1.0,0.0,1.0,1.0,0.0,0.0,0.0,0.0,0.0,0.0,0.0,0.0,0.0,0.0,1,1,0,1.0,1.0,0.0
1341,0.9178862,0.8925482,-0.02533799999999997,0.93090886,0.89471173,-0.03619712999999991,0.8875,0.8875,0.0,0.0,0.0,0.0,0.0,0.0,0.0,0.0,0.0,0.0,1,1,0,0.9178862019999999,0.8925482109999999,-0.025337991000000004
1342,0.929134,0.9138271,-0.015306900000000012,0.9469772,0.8768959,-0.07008130000000001,0.8875,1.0,0.11250000000000004,0.0,0.0,0.0,0.0,0.0,0.0,0.0,0.0,0.0,1,1,0,0.9291340399999999,0.9138271299999998,-0.015306910000000062
1343,0.8225401,0.90517676,0.08263666000000003,0.74648577,0.86453825,0.1180524799999999,1.0,1.0,0.0,0.0,0.0,0.0,0.0,0.0,0.0,0.0,0.0,0.0,1,1,0,0.822540039,0.9051767749999999,0.08263673599999999
1344,0.95500004,0.95581496,0.0008149199999999412,1.0,0.9368785,-0.06312150000000005,0.85,1.0,0.15000000000000002,0.0,0.0,0.0,0.0,0.0,0.0,0.0,0.0,0.0,1,1,0,0.955,0.9558149499999999,0.000814949999999981
1345,0.86462826,0.8547123,-0.009915960000000057,0.8066117,0.7924462,-0.014165500000000053,1.0,1.0,0.0,0.0,0.0,0.0,0.0,0.0,0.0,0.0,0.0,0.0,1,1,0,0.8646281899999999,0.8547123399999998,-0.00991585000000006
1346,1.0,1.0,0.0,1.0,1.0,0.0,1.0,1.0,0.0,0.0,0.0,0.0,0.0,0.0,0.0,0.0,0.0,0.0,1,1,0,1.0,1.0,0.0
1347,0.8876185,0.9737995,0.08618100000000006,0.8876693,0.9625708,0.07490149999999995,0.8875,1.0,0.11250000000000004,0.0,0.0,0.0,0.0,0.0,0.0,0.0,0.0,0.0,1,1,0,0.8876185099999999,0.97379956,0.08618105000000009
1348,0.94,1.0,0.06000000000000005,1.0,1.0,0.0,0.8,1.0,0.19999999999999996,0.0,0.0,0.0,0.0,0.0,0.0,0.0,0.0,0.0,1,1,0,0.94,1.0,0.06000000000000005
1349,0.8475653,0.826351,-0.02121430000000002,0.8625933,0.80014426,-0.062449039999999956,0.8125,0.8875,0.07499999999999996,0.0,0.0,0.0,0.0,0.0,0.0,0.0,0.0,0.0,1,1,0,0.84756531,0.826350982,-0.021214328000000005
1350,0.96625006,0.9086513,-0.05759875999999997,1.0,0.92307323,-0.07692677000000003,0.8875,0.875,-0.012499999999999956,0.0,0.0,0.0,0.0,0.0,0.0,0.0,0.0,0.0,1,1,0,0.9662499999999999,0.9086512609999999,-0.05759873900000001
1351,0.9999194,0.9999194,0.0,0.9998849,0.9998849,0.0,1.0,1.0,0.0,0.0,0.0,0.0,0.0,0.0,0.0,0.0,0.0,0.0,1,1,0,0.9999194299999998,0.9999194299999998,0.0
1352,0.8799025,0.85375804,-0.026144460000000036,0.87664646,0.83929724,-0.03734921999999996,0.8875,0.8875,0.0,0.0,0.0,0.0,0.0,0.0,0.0,0.0,0.0,0.0,1,1,0,0.879902522,0.853758068,-0.026144453999999984
1353,0.93997556,0.95621854,0.016242979999999907,0.9624651,0.937455,-0.025010099999999924,0.8875,1.0,0.11250000000000004,0.0,0.0,0.0,0.0,0.0,0.0,0.0,0.0,0.0,1,1,0,0.9399755699999999,0.9562185000000001,0.01624293000000021
1354,0.91375035,0.92133284,0.007582489999999997,0.92500055,0.8876183,-0.03738225000000006,0.8875,1.0,0.11250000000000004,0.0,0.0,0.0,0.0,0.0,0.0,0.0,0.0,0.0,1,1,0,0.9137503849999999,0.92133281,0.007582425000000059
1355,0.97749996,1.0,0.022500040000000054,1.0,1.0,0.0,0.925,1.0,0.07499999999999996,0.0,0.0,0.0,0.0,0.0,0.0,0.0,0.0,0.0,1,1,0,0.9775,1.0,0.022499999999999964
1356,0.98266536,0.93069106,-0.05197430000000003,0.97523624,0.9009872,-0.07424903999999999,1.0,1.0,0.0,0.0,0.0,0.0,0.0,0.0,0.0,0.0,0.0,0.0,1,1,0,0.9826653679999999,0.9306910399999999,-0.051974328000000014
1357,0.93714046,1.0,0.06285954000000005,0.91020066,1.0,0.08979934,1.0,1.0,0.0,0.0,0.0,0.0,0.0,0.0,0.0,0.0,0.0,0.0,1,1,0,0.9371404619999999,1.0,0.0628595380000001
1358,0.85095423,0.83961004,-0.011344190000000087,0.89957744,0.82444286,-0.07513457999999995,0.7375,0.875,0.13749999999999996,0.0,0.0,0.0,0.0,0.0,0.0,0.0,0.0,0.0,1,1,0,0.8509542079999999,0.8396100019999999,-0.011344205999999968
1359,0.9346315,0.92732346,-0.00730803999999996,0.9869737,0.89617634,-0.09079735999999994,0.8125,1.0,0.1875,0.0,0.0,0.0,0.0,0.0,0.0,0.0,0.0,0.0,1,1,0,0.93463159,0.9273234379999999,-0.007308152000000012
1360,1.0,1.0,0.0,1.0,1.0,0.0,1.0,1.0,0.0,0.0,0.0,0.0,0.0,0.0,0.0,0.0,0.0,0.0,1,1,0,1.0,1.0,0.0
1361,0.94750005,0.97749996,0.029999909999999907,1.0,1.0,0.0,0.825,0.925,0.10000000000000009,0.0,0.0,0.0,0.0,0.0,0.0,0.0,0.0,0.0,1,1,0,0.9474999999999999,0.9775,0.030000000000000138
1362,0.8679085,0.9259686,0.05806010000000006,0.8112978,0.89424074,0.08294294000000002,1.0,1.0,0.0,0.0,0.0,0.0,0.0,0.0,0.0,0.0,0.0,0.0,1,1,0,0.86790846,0.9259685179999999,0.058060057999999914
1363,1.0,1.0,0.0,1.0,1.0,0.0,1.0,1.0,0.0,0.0,0.0,0.0,0.0,0.0,0.0,0.0,0.0,0.0,1,1,0,1.0,1.0,0.0
1364,0.82503587,0.92135185,0.09631597999999997,0.7500513,0.8876454,0.13759410000000005,1.0,1.0,0.0,0.0,0.0,0.0,0.0,0.0,0.0,0.0,0.0,0.0,1,1,0,0.82503591,0.92135178,0.09631586999999997
1365,0.0,0.0,0.0,1.0,1.0,0.0,1.0,1.0,0.0,1.0,1.0,0.0,1.0,1.0,0.0,0.0,0.0,0.0,0,0,0,1.0,1.0,0.0
1366,0.97749996,0.97749996,0.0,1.0,1.0,0.0,0.925,0.925,0.0,0.0,0.0,0.0,0.0,0.0,0.0,0.0,0.0,0.0,1,1,0,0.9775,0.9775,0.0
1367,0.7642948,0.8792734,0.11497859999999993,0.88827825,0.8757478,-0.012530450000000082,0.475,0.8875,0.4125,0.0,0.0,0.0,0.0,0.0,0.0,0.0,0.0,0.0,1,1,0,0.764294775,0.87927346,0.11497868499999997
1368,1.0,1.0,0.0,1.0,1.0,0.0,1.0,1.0,0.0,0.0,0.0,0.0,0.0,0.0,0.0,0.0,0.0,0.0,1,1,0,1.0,1.0,0.0
1369,0.96625006,1.0,0.03374993999999998,1.0,1.0,0.0,0.8875,1.0,0.11250000000000004,0.0,0.0,0.0,0.0,0.0,0.0,0.0,0.0,0.0,1,1,0,0.9662499999999999,1.0,0.03375000000000006
1370,0.715349,0.94303876,0.22768975999999996,0.6254986,0.91862684,0.29312823999999993,0.925,1.0,0.07499999999999996,0.0,0.0,0.0,0.0,0.0,0.0,0.0,0.0,0.0,1,1,0,0.71534902,0.943038788,0.22768976799999996
1371,1.0,1.0,0.0,1.0,1.0,0.0,1.0,1.0,0.0,0.0,0.0,0.0,0.0,0.0,0.0,0.0,0.0,0.0,1,1,0,1.0,1.0,0.0
1372,1.0,1.0,0.0,1.0,1.0,0.0,1.0,1.0,0.0,0.0,0.0,0.0,0.0,0.0,0.0,0.0,0.0,0.0,1,1,0,1.0,1.0,0.0
1373,0.9175665,0.9834261,0.06585960000000002,0.8822379,0.97632307,0.09408516999999994,1.0,1.0,0.0,0.0,0.0,0.0,0.0,0.0,0.0,0.0,0.0,0.0,1,1,0,0.91756653,0.983426149,0.06585961900000004
1374,1.0,1.0,0.0,1.0,1.0,0.0,1.0,1.0,0.0,0.0,0.0,0.0,0.0,0.0,0.0,0.0,0.0,0.0,1,1,0,1.0,1.0,0.0
1375,0.97749996,1.0,0.022500040000000054,1.0,1.0,0.0,0.925,1.0,0.07499999999999996,0.0,0.0,0.0,0.0,0.0,0.0,0.0,0.0,0.0,1,1,0,0.9775,1.0,0.022499999999999964
1376,0.84476584,0.96625006,0.12148422000000003,0.89609396,1.0,0.10390604000000003,0.725,0.8875,0.16249999999999998,0.0,0.0,0.0,0.0,0.0,0.0,0.0,0.0,0.0,1,1,0,0.8447657719999999,0.9662499999999999,0.12148422800000003
1377,0.95874995,1.0,0.04125005000000004,1.0,1.0,0.0,0.8625,1.0,0.13749999999999996,0.0,0.0,0.0,0.0,0.0,0.0,0.0,0.0,0.0,1,1,0,0.95875,1.0,0.04125000000000001
1378,0.0,0.0,0.0,0.014124802,0.00929057,-0.004834232000000001,0.0,1.0,1.0,1.0,1.0,0.0,1.0,1.0,0.0,0.0,0.0,0.0,0,0,0,0.0098873614,0.306503399,0.2966160376
1379,0.8872164,0.92115444,0.03393804,0.9513805,0.8873635,-0.06401699999999999,0.7375,1.0,0.26249999999999996,0.0,0.0,0.0,0.0,0.0,0.0,0.0,0.0,0.0,1,1,0,0.8872163499999999,0.92115445,0.03393810000000008
1380,0.9124632,0.88689214,-0.02557105999999998,0.8749475,0.83841735,-0.03653015000000004,1.0,1.0,0.0,0.0,0.0,0.0,0.0,0.0,0.0,0.0,0.0,0.0,1,1,0,0.9124632499999998,0.886892145,-0.025571104999999816
1381,0.99591124,0.99591124,0.0,0.99415886,0.99415886,0.0,1.0,1.0,0.0,0.0,0.0,0.0,0.0,0.0,0.0,0.0,0.0,0.0,1,1,0,0.9959112019999998,0.9959112019999998,0.0
1382,1.0,1.0,0.0,1.0,1.0,0.0,1.0,1.0,0.0,0.0,0.0,0.0,0.0,0.0,0.0,0.0,0.0,0.0,1,1,0,1.0,1.0,0.0
1383,0.8104178,0.8987665,0.08834870000000006,0.77738255,0.85538083,0.07799827999999998,0.8875,1.0,0.11250000000000004,0.0,0.0,0.0,0.0,0.0,0.0,0.0,0.0,0.0,1,1,0,0.810417785,0.8987665809999998,0.0883487959999999
1384,0.92123395,0.96794903,0.04671508000000002,0.887477,0.9542129,0.06673590000000007,1.0,1.0,0.0,0.0,0.0,0.0,0.0,0.0,0.0,0.0,0.0,0.0,1,1,0,0.9212338999999998,0.96794903,0.04671513000000016
1385,0.79615736,0.9008013,0.10464393999999999,0.85879624,0.92257315,0.06377690999999996,0.65000004,0.85,0.19999995999999998,0.0,0.0,0.0,0.0,0.0,0.0,0.0,0.0,0.0,1,1,0,0.7961573799999999,0.9008012049999999,0.10464382500000002
1386,0.87679493,0.8870298,0.010234870000000007,0.92577845,0.8761141,-0.049664350000000024,0.7625,0.9125,0.15000000000000002,0.0,0.0,0.0,0.0,0.0,0.0,0.0,0.0,0.0,1,1,0,0.876794915,0.8870298699999999,0.010234954999999935
1387,0.96624994,0.9766866,0.010436659999999987,0.99999994,0.9666951,-0.03330484,0.8875,1.0,0.11250000000000004,0.0,0.0,0.0,0.0,0.0,0.0,0.0,0.0,0.0,1,1,0,0.966249958,0.97668657,0.010436612000000012
1388,0.90999997,0.94749993,0.03749996,0.99999994,0.99999994,0.0,0.7,0.825,0.125,0.0,0.0,0.0,0.0,0.0,0.0,0.0,0.0,0.0,1,1,0,0.909999958,0.947499958,0.03749999999999998
1389,0.82,1.0,0.18000000000000005,1.0,1.0,0.0,0.4,1.0,0.6,0.0,0.0,0.0,0.0,0.0,0.0,0.0,0.0,0.0,1,1,0,0.82,1.0,0.18000000000000005
1390,0.8946999,0.9730755,0.07837559999999999,0.8977856,0.96153647,0.06375087000000002,0.8875,1.0,0.11250000000000004,0.0,0.0,0.0,0.0,0.0,0.0,0.0,0.0,0.0,1,1,0,0.8946999199999999,0.9730755289999999,0.07837560900000007
1391,0.96250004,0.9025,-0.06000004000000003,0.99999994,0.99999994,0.0,0.875,0.675,-0.19999999999999996,0.0,0.0,0.0,0.0,0.0,0.0,0.0,0.0,0.0,1,1,0,0.962499958,0.902499958,-0.05999999999999994
1392,0.8844658,0.8967766,0.012310800000000066,0.8349511,0.85253793,0.017586830000000053,1.0,1.0,0.0,0.0,0.0,0.0,0.0,0.0,0.0,0.0,0.0,0.0,1,1,0,0.8844657699999998,0.8967765509999999,0.012310781000000048
1393,0.89668846,0.98586124,0.08917277999999995,0.9006263,0.97980165,0.07917534999999998,0.8875,1.0,0.11250000000000004,0.0,0.0,0.0,0.0,0.0,0.0,0.0,0.0,0.0,1,1,0,0.89668841,0.9858611549999998,0.08917274499999983
1394,0.9001419,0.9214649,0.02132299999999998,0.93770266,0.88780695,-0.04989571000000004,0.8125,1.0,0.1875,0.0,0.0,0.0,0.0,0.0,0.0,0.0,0.0,0.0,1,1,0,0.900141862,0.9214648649999999,0.021323002999999896
1395,0.8144299,0.9342767,0.11984679999999992,0.7348997,0.9061096,0.17120989999999991,1.0,1.0,0.0,0.0,0.0,0.0,0.0,0.0,0.0,0.0,0.0,0.0,1,1,0,0.8144297899999999,0.93427672,0.11984693000000002
1396,0.93625003,0.9466772,0.010427170000000041,1.0,0.92382467,-0.07617532999999999,0.7875,1.0,0.21250000000000002,0.0,0.0,0.0,0.0,0.0,0.0,0.0,0.0,0.0,1,1,0,0.9362499999999999,0.946677269,0.010427269000000128
1397,1.0,0.88504964,-0.11495036000000003,1.0,0.83578527,-0.16421472999999998,1.0,1.0,0.0,0.0,0.0,0.0,0.0,0.0,0.0,0.0,0.0,0.0,1,1,0,1.0,0.8850496889999999,-0.11495031100000008
1398,0.83965,0.8718945,0.03224450000000001,0.80307126,0.81699204,0.013920780000000077,0.925,1.0,0.07499999999999996,0.0,0.0,0.0,0.0,0.0,0.0,0.0,0.0,0.0,1,1,0,0.839649882,0.871894428,0.03224454600000004
1399,0.87083286,0.8843919,0.013559039999999967,0.8476183,0.83484554,-0.01277276000000005,0.925,1.0,0.07499999999999996,0.0,0.0,0.0,0.0,0.0,0.0,0.0,0.0,0.0,1,1,0,0.87083281,0.884391878,0.013559067999999952
1400,0.9325,0.92125,-0.011249999999999982,0.99999994,0.99999994,0.0,0.77500004,0.7375,-0.03750003999999996,0.0,0.0,0.0,0.0,0.0,0.0,0.0,0.0,0.0,1,1,0,0.9324999700000001,0.921249958,-0.011250012000000087
1401,0.9228329,0.96926653,0.046433630000000004,0.9379756,0.95609504,0.018119439999999987,0.8875,1.0,0.11250000000000004,0.0,0.0,0.0,0.0,0.0,0.0,0.0,0.0,0.0,1,1,0,0.92283292,0.9692665279999999,0.04643360799999996
1402,0.0,0.0,0.0,1.0,1.0,0.0,0.0,1.0,1.0,1.0,1.0,0.0,1.0,1.0,0.0,0.0,0.0,0.0,0,0,0,0.7,1.0,0.30000000000000004
1403,0.9026915,0.9303221,0.02763060000000006,0.96277344,0.9004602,-0.062313239999999936,0.7625,1.0,0.23750000000000004,0.0,0.0,0.0,0.0,0.0,0.0,0.0,0.0,0.0,1,1,0,0.9026914079999999,0.9303221399999999,0.02763073199999999
1404,0.7543652,0.9033348,0.14896960000000004,0.6865931,0.8619068,0.17531370000000002,0.9125,1.0,0.08750000000000002,0.0,0.0,0.0,0.0,0.0,0.0,0.0,0.0,0.0,1,1,0,0.7543651699999999,0.9033347599999999,0.14896958999999999
1405,0.82615995,0.88624096,0.06008100999999999,0.7998714,0.8374871,0.03761570000000003,0.8875,1.0,0.11250000000000004,0.0,0.0,0.0,0.0,0.0,0.0,0.0,0.0,0.0,1,1,0,0.8261599799999999,0.88624097,0.06008099000000011
1406,0.9602308,0.9227213,-0.037509500000000084,0.9753297,0.9378162,-0.03751349999999998,0.925,0.8875,-0.03750000000000009,0.0,0.0,0.0,0.0,0.0,0.0,0.0,0.0,0.0,1,1,0,0.96023079,0.92272134,-0.037509450000000055
1407,0.69770783,0.82074803,0.12304019999999993,0.78779685,0.8349972,0.04720035,0.4875,0.7875,0.3,0.0,0.0,0.0,0.0,0.0,0.0,0.0,0.0,0.0,1,1,0,0.6977077949999999,0.8207480399999999,0.12304024499999999
1408,0.96250004,0.96833974,0.005839700000000003,1.0,0.9869139,-0.01308609999999999,0.875,0.925,0.050000000000000044,0.0,0.0,0.0,0.0,0.0,0.0,0.0,0.0,0.0,1,1,0,0.9624999999999999,0.9683397300000001,0.005839730000000154
1409,0.940427,0.9069783,-0.0334487,0.96311,0.9260405,-0.03706949999999998,0.8875,0.8625,-0.02499999999999991,0.0,0.0,0.0,0.0,0.0,0.0,0.0,0.0,0.0,1,1,0,0.940427,0.9069783499999999,-0.03344865000000008
1410,1.0,1.0,0.0,1.0,1.0,0.0,1.0,1.0,0.0,0.0,0.0,0.0,0.0,0.0,0.0,0.0,0.0,0.0,1,1,0,1.0,1.0,0.0
1411,0.86125004,0.97749996,0.1162499199999999,1.0,1.0,0.0,0.5375,0.925,0.38750000000000007,0.0,0.0,0.0,0.0,0.0,0.0,0.0,0.0,0.0,1,1,0,0.86125,0.9775,0.11625000000000008
1412,0.83607095,0.9209509,0.08487995000000004,0.93724424,0.88707274,-0.050171499999999924,0.6,1.0,0.4,0.0,0.0,0.0,0.0,0.0,0.0,0.0,0.0,0.0,1,1,0,0.836070968,0.920950918,0.08487994999999993
1413,0.85255814,0.8401217,-0.012436439999999993,0.8857974,0.77160245,-0.1141949499999999,0.77500004,1.0,0.22499996,0.0,0.0,0.0,0.0,0.0,0.0,0.0,0.0,0.0,1,1,0,0.8525581919999998,0.840121715,-0.012436476999999835
1414,0.9102728,0.9477728,0.03749999999999998,0.9253897,0.9253897,0.0,0.875,1.0,0.125,0.0,0.0,0.0,0.0,0.0,0.0,0.0,0.0,0.0,1,1,0,0.91027279,0.9477727899999999,0.03749999999999987
1415,0.89874995,0.93071795,0.031967999999999996,0.99999994,0.90102565,-0.09897429000000002,0.6625,1.0,0.3375,0.0,0.0,0.0,0.0,0.0,0.0,0.0,0.0,0.0,1,1,0,0.898749958,0.930717955,0.03196799699999997
1416,1.0,1.0,0.0,1.0,1.0,0.0,1.0,1.0,0.0,0.0,0.0,0.0,0.0,0.0,0.0,0.0,0.0,0.0,1,1,0,1.0,1.0,0.0
1417,0.8758198,0.9196022,0.0437824,0.82259977,0.9387175,0.11611773000000003,1.0,0.875,-0.125,0.0,0.0,0.0,0.0,0.0,0.0,0.0,0.0,0.0,1,1,0,0.8758198389999998,0.9196022500000001,0.04378241100000024
1418,0.9549999,0.92388004,-0.03111986,0.99999994,0.9501857,-0.04981424000000001,0.85,0.8625,0.012500000000000067,0.0,0.0,0.0,0.0,0.0,0.0,0.0,0.0,0.0,1,1,0,0.954999958,0.9238799899999999,-0.031119968000000164
1419,0.95769614,0.93161565,-0.02608049000000001,0.98778033,0.9023081,-0.08547223000000004,0.8875,1.0,0.11250000000000004,0.0,0.0,0.0,0.0,0.0,0.0,0.0,0.0,0.0,1,1,0,0.9576962309999999,0.93161567,-0.02608056099999989
1420,0.8023905,0.854891,0.05250049999999995,0.74984354,0.82484436,0.07500082000000008,0.925,0.925,0.0,0.0,0.0,0.0,0.0,0.0,0.0,0.0,0.0,0.0,1,1,0,0.802390478,0.8548910519999999,0.05250057399999997
1421,0.0,0.0,0.0,1.0,1.0,0.0,0.7692308,1.0,0.2307692,1.0,1.0,0.0,1.0,1.0,0.0,0.0,0.0,0.0,0,0,0,0.9307692399999999,1.0,0.06923076000000006
1422,1.0,1.0,0.0,1.0,1.0,0.0,1.0,1.0,0.0,0.0,0.0,0.0,0.0,0.0,0.0,0.0,0.0,0.0,1,1,0,1.0,1.0,0.0
1423,0.96625006,1.0,0.03374993999999998,1.0,1.0,0.0,0.8875,1.0,0.11250000000000004,0.0,0.0,0.0,0.0,0.0,0.0,0.0,0.0,0.0,1,1,0,0.9662499999999999,1.0,0.03375000000000006
1424,0.7,1.0,0.30000000000000004,1.0,1.0,0.0,0.0,1.0,1.0,0.0,0.0,0.0,0.0,0.0,0.0,0.0,0.0,0.0,1,1,0,0.7,1.0,0.30000000000000004
1425,0.93838435,0.89589244,-0.042491909999999966,0.96554905,0.97984636,0.014297310000000008,0.875,0.7,-0.17500000000000004,0.0,0.0,0.0,0.0,0.0,0.0,0.0,0.0,0.0,1,1,0,0.9383843350000001,0.8958924519999999,-0.042491883000000175
1426,0.89199966,0.95300144,0.061001780000000005,0.9474995,0.93285924,-0.014640260000000072,0.7625,1.0,0.23750000000000004,0.0,0.0,0.0,0.0,0.0,0.0,0.0,0.0,0.0,1,1,0,0.89199965,0.9530014679999999,0.06100181799999982
1427,0.92875004,0.9195594,-0.009190640000000028,1.0,0.88508487,-0.11491512999999998,0.7625,1.0,0.23750000000000004,0.0,0.0,0.0,0.0,0.0,0.0,0.0,0.0,0.0,1,1,0,0.92875,0.9195594089999999,-0.009190591000000081
1428,0.6039211,0.473466,-0.1304551,0.4663158,0.24780858,-0.21850722,0.925,1.0,0.07499999999999996,0.0,0.0,0.0,0.0,0.0,0.0,0.0,0.0,0.0,1,1,0,0.60392106,0.473466006,-0.13045505400000001
1429,0.0,0.0,0.0,0.008587202,0.008587202,0.0,0.0,0.0,0.0,0.0,0.0,0.0,1.0,1.0,0.0,0.0,0.0,0.0,0,0,0,0.0060110414,0.0060110414,0.0
1430,0.8778265,0.72022474,-0.15760175999999992,0.8576092,0.600321,-0.25728819999999997,0.925,1.0,0.07499999999999996,0.0,0.0,0.0,0.0,0.0,0.0,0.0,0.0,0.0,1,1,0,0.87782644,0.7202246999999999,-0.15760174000000005
1431,1.0,1.0,0.0,1.0,1.0,0.0,1.0,1.0,0.0,0.0,0.0,0.0,0.0,0.0,0.0,0.0,0.0,0.0,1,1,0,1.0,1.0,0.0
1432,0.9400309,0.9388394,-0.001191500000000012,0.96254414,0.9126276,-0.04991654000000001,0.8875,1.0,0.11250000000000004,0.0,0.0,0.0,0.0,0.0,0.0,0.0,0.0,0.0,1,1,0,0.940030898,0.93883932,-0.0011915779999999154
1433,1.0,1.0,0.0,1.0,1.0,0.0,1.0,1.0,0.0,0.0,0.0,0.0,0.0,0.0,0.0,0.0,0.0,0.0,1,1,0,1.0,1.0,0.0
1434,0.8873415,0.9182934,0.030951900000000032,0.96227354,0.88327616,-0.07899738,0.71250004,1.0,0.28749996,0.0,0.0,0.0,0.0,0.0,0.0,0.0,0.0,0.0,1,1,0,0.88734149,0.9182933119999999,0.030951821999999907
1435,0.31312272,0.9407822,0.6276594799999999,0.050889563,0.9475459,0.896656337,0.925,0.925,0.0,0.0,0.0,0.0,0.0,0.0,0.0,0.0,0.0,0.0,1,1,0,0.31312269410000004,0.9407821300000001,0.6276594359000001
1436,0.9172352,0.9145498,-0.00268540000000006,0.9728359,0.87792826,-0.09490763999999996,0.7875,1.0,0.21250000000000002,0.0,0.0,0.0,0.0,0.0,0.0,0.0,0.0,0.0,1,1,0,0.9172351299999999,0.9145497819999999,-0.0026853479999999763
1437,0.925,0.94967645,0.02467644999999996,1.0,0.9763235,-0.02367649999999999,0.75,0.8875,0.13749999999999996,0.0,0.0,0.0,0.0,0.0,0.0,0.0,0.0,0.0,1,1,0,0.9249999999999999,0.94967645,0.024676450000000072
1438,1.0,1.0,0.0,1.0,1.0,0.0,1.0,1.0,0.0,0.0,0.0,0.0,0.0,0.0,0.0,0.0,0.0,0.0,1,1,0,1.0,1.0,0.0
1439,0.9025013,0.9562647,0.05376340000000002,0.9625018,0.9375209,-0.024980899999999973,0.7625,1.0,0.23750000000000004,0.0,0.0,0.0,0.0,0.0,0.0,0.0,0.0,0.0,1,1,0,0.90250126,0.95626463,0.05376336999999998
1440,0.7967252,0.86132616,0.06460095999999993,0.806036,0.8768945,0.07085850000000005,0.77500004,0.825,0.049999959999999954,0.0,0.0,0.0,0.0,0.0,0.0,0.0,0.0,0.0,1,1,0,0.7967252119999999,0.8613261499999999,0.064600938
1441,0.89615405,0.9124094,0.016255350000000002,0.899863,0.8748706,-0.024992399999999915,0.8875,1.0,0.11250000000000004,0.0,0.0,0.0,0.0,0.0,0.0,0.0,0.0,0.0,1,1,0,0.8961541,0.9124094199999999,0.016255319999999962
1442,0.88112307,0.9010815,0.01995842999999997,0.9373187,0.91225916,-0.02505953999999999,0.75,0.875,0.125,0.0,0.0,0.0,0.0,0.0,0.0,0.0,0.0,0.0,1,1,0,0.8811230899999999,0.9010814119999999,0.01995832200000003
1443,0.89587253,0.93961173,0.04373919999999998,0.96374637,0.91373104,-0.05001532999999991,0.7375,1.0,0.26249999999999996,0.0,0.0,0.0,0.0,0.0,0.0,0.0,0.0,0.0,1,1,0,0.895872459,0.939611728,0.043739269000000025
1444,1.0,0.96625006,-0.03374993999999998,1.0,1.0,0.0,1.0,0.8875,-0.11250000000000004,0.0,0.0,0.0,0.0,0.0,0.0,0.0,0.0,0.0,1,1,0,1.0,0.9662499999999999,-0.03375000000000006
1445,0.96625006,0.95470583,-0.011544230000000044,1.0,0.93529403,-0.06470597,0.8875,1.0,0.11250000000000004,0.0,0.0,0.0,0.0,0.0,0.0,0.0,0.0,0.0,1,1,0,0.9662499999999999,0.9547058209999999,-0.011544179000000043
1446,0.8374743,0.85820657,0.020732269999999997,0.84817755,0.79743785,-0.05073969999999994,0.8125,1.0,0.1875,0.0,0.0,0.0,0.0,0.0,0.0,0.0,0.0,0.0,1,1,0,0.837474285,0.8582064949999999,0.020732209999999918
1447,0.8293318,0.9376238,0.10829200000000005,0.75618833,0.9108911,0.15470277,1.0,1.0,0.0,0.0,0.0,0.0,0.0,0.0,0.0,0.0,0.0,0.0,1,1,0,0.829331831,0.9376237699999999,0.10829193899999989
1448,0.67348,0.94502336,0.27154336,0.61389995,0.921462,0.30756205000000003,0.8125,1.0,0.1875,0.0,0.0,0.0,0.0,0.0,0.0,0.0,0.0,0.0,1,1,0,0.673479965,0.9450234,0.271543435
1449,0.90236586,0.889795,-0.012570859999999962,0.92480844,0.87470716,-0.050101279999999915,0.85,0.925,0.07500000000000007,0.0,0.0,0.0,0.0,0.0,0.0,0.0,0.0,0.0,1,1,0,0.9023659079999999,0.889795012,-0.012570895999999943
1450,0.7843701,0.78394026,-0.00042983999999990363,0.87410015,0.7984861,-0.07561404999999999,0.575,0.75,0.17500000000000004,0.0,0.0,0.0,0.0,0.0,0.0,0.0,0.0,0.0,1,1,0,0.7843701049999999,0.7839402699999999,-0.00042983500000004504
1451,0.0,0.0,0.0,1.0,1.0,0.0,0.0,1.0,1.0,1.0,1.0,0.0,1.0,1.0,0.0,0.0,0.0,0.0,0,0,0,0.7,1.0,0.30000000000000004
1452,0.8550507,0.93878984,0.08373913999999993,0.8411438,0.91255695,0.07141315000000004,0.8875,1.0,0.11250000000000004,0.0,0.0,0.0,0.0,0.0,0.0,0.0,0.0,0.0,1,1,0,0.85505066,0.938789865,0.08373920499999998
1453,0.97375005,0.98125,0.007499949999999922,1.0,1.0,0.0,0.9125,0.9375,0.025000000000000022,0.0,0.0,0.0,0.0,0.0,0.0,0.0,0.0,0.0,1,1,0,0.9737499999999999,0.98125,0.007500000000000062
1454,0.7752245,0.8140298,0.03880530000000004,0.84496355,0.7825426,-0.06242095000000003,0.6125,0.8875,0.2749999999999999,0.0,0.0,0.0,0.0,0.0,0.0,0.0,0.0,0.0,1,1,0,0.775224485,0.8140298199999999,0.03880533499999994
1455,0.8945679,0.92161906,0.027051160000000074,0.9511684,0.8880272,-0.06314120000000001,0.7625,1.0,0.23750000000000004,0.0,0.0,0.0,0.0,0.0,0.0,0.0,0.0,0.0,1,1,0,0.89456788,0.92161904,0.027051159999999963
1456,0.93625003,1.0,0.06374997000000004,1.0,1.0,0.0,0.7875,1.0,0.21250000000000002,0.0,0.0,0.0,0.0,0.0,0.0,0.0,0.0,0.0,1,1,0,0.9362499999999999,1.0,0.06375000000000008
1457,0.939441,0.9738602,0.03441919999999998,0.91348714,0.96265745,0.04917031000000005,1.0,1.0,0.0,0.0,0.0,0.0,0.0,0.0,0.0,0.0,0.0,0.0,1,1,0,0.939440998,0.973860215,0.034419216999999946
1458,0.8129492,0.8444895,0.031540299999999966,0.76492745,0.77784204,0.012914590000000059,0.925,1.0,0.07499999999999996,0.0,0.0,0.0,0.0,0.0,0.0,0.0,0.0,0.0,1,1,0,0.812949215,0.8444894279999999,0.031540212999999984
1459,0.96625006,1.0,0.03374993999999998,1.0,1.0,0.0,0.8875,1.0,0.11250000000000004,0.0,0.0,0.0,0.0,0.0,0.0,0.0,0.0,0.0,1,1,0,0.9662499999999999,1.0,0.03375000000000006
1460,0.7207536,0.80296725,0.08221365000000003,0.89036226,0.8792389,-0.011123359999999916,0.32500002,0.625,0.29999998,0.0,0.0,0.0,0.0,0.0,0.0,0.0,0.0,0.0,1,1,0,0.7207535879999999,0.80296723,0.08221364200000014
1461,0.914995,0.8987511,-0.016243899999999978,0.9374929,0.8875015,-0.04999139999999991,0.8625,0.925,0.0625,0.0,0.0,0.0,0.0,0.0,0.0,0.0,0.0,0.0,1,1,0,0.9149950299999998,0.89875105,-0.016243979999999825
1462,0.7715964,0.76516134,-0.006435059999999937,0.7915662,0.77701616,-0.014550040000000042,0.725,0.7375,0.012500000000000067,0.0,0.0,0.0,0.0,0.0,0.0,0.0,0.0,0.0,1,1,0,0.77159634,0.765161312,-0.006435027999999954
1463,1.0,1.0,0.0,1.0,1.0,0.0,1.0,1.0,0.0,0.0,0.0,0.0,0.0,0.0,0.0,0.0,0.0,0.0,1,1,0,1.0,1.0,0.0
1464,0.94375,1.0,0.05625000000000002,1.0,1.0,0.0,0.8125,1.0,0.1875,0.0,0.0,0.0,0.0,0.0,0.0,0.0,0.0,0.0,1,1,0,0.94375,1.0,0.05625000000000002
1465,0.9362499,0.9488937,0.012643799999999983,0.99999994,0.97520536,-0.02479458000000001,0.7875,0.8875,0.09999999999999998,0.0,0.0,0.0,0.0,0.0,0.0,0.0,0.0,0.0,1,1,0,0.936249958,0.9488937519999999,0.01264379399999993
1466,0.87050456,0.8751038,0.0045992400000000044,0.9703637,0.9501482,-0.020215500000000053,0.6375,0.7,0.0625,0.0,0.0,0.0,0.0,0.0,0.0,0.0,0.0,0.0,1,1,0,0.8705045899999999,0.8751037399999999,0.004599149999999996
1467,0.9228921,1.0,0.07710790000000001,0.88984585,0.99999994,0.11015408999999998,1.0,1.0,0.0,0.0,0.0,0.0,0.0,0.0,0.0,0.0,0.0,0.0,1,1,0,0.9228920949999999,0.9999999580000001,0.07710786300000017
1468,0.8081812,0.74856293,-0.059618270000000084,0.7581159,0.7050898,-0.053026099999999965,0.925,0.85,-0.07500000000000007,0.0,0.0,0.0,0.0,0.0,0.0,0.0,0.0,0.0,1,1,0,0.8081811299999999,0.7485628599999999,-0.05961826999999997
1469,0.8962097,1.0,0.1037903,0.8517282,1.0,0.14827179999999995,1.0,1.0,0.0,0.0,0.0,0.0,0.0,0.0,0.0,0.0,0.0,0.0,1,1,0,0.89620974,1.0,0.10379026000000002
1470,0.8516955,0.96935207,0.11765656999999996,0.8363507,0.9562172,0.11986649999999999,0.8875,1.0,0.11250000000000004,0.0,0.0,0.0,0.0,0.0,0.0,0.0,0.0,0.0,1,1,0,0.85169549,0.96935204,0.11765654999999997
1471,0.97749996,1.0,0.022500040000000054,1.0,1.0,0.0,0.925,1.0,0.07499999999999996,0.0,0.0,0.0,0.0,0.0,0.0,0.0,0.0,0.0,1,1,0,0.9775,1.0,0.022499999999999964
1472,1.0,1.0,0.0,1.0,1.0,0.0,1.0,1.0,0.0,0.0,0.0,0.0,0.0,0.0,0.0,0.0,0.0,0.0,1,1,0,1.0,1.0,0.0
1473,1.0,1.0,0.0,1.0,1.0,0.0,1.0,1.0,0.0,0.0,0.0,0.0,0.0,0.0,0.0,0.0,0.0,0.0,1,1,0,1.0,1.0,0.0
1474,0.97749996,1.0,0.022500040000000054,1.0,1.0,0.0,0.925,1.0,0.07499999999999996,0.0,0.0,0.0,0.0,0.0,0.0,0.0,0.0,0.0,1,1,0,0.9775,1.0,0.022499999999999964
1475,0.97749996,0.96625006,-0.011249899999999924,1.0,1.0,0.0,0.925,0.8875,-0.03750000000000009,0.0,0.0,0.0,0.0,0.0,0.0,0.0,0.0,0.0,1,1,0,0.9775,0.9662499999999999,-0.011250000000000093
1476,0.84616375,0.9423906,0.09622684999999997,0.9623767,0.9498438,-0.012532899999999958,0.575,0.925,0.3500000000000001,0.0,0.0,0.0,0.0,0.0,0.0,0.0,0.0,0.0,1,1,0,0.8461636899999999,0.94239066,0.09622697000000013
1477,0.77500004,1.0,0.22499996,1.0,1.0,0.0,0.25,1.0,0.75,0.0,0.0,0.0,0.0,0.0,0.0,0.0,0.0,0.0,1,1,0,0.7749999999999999,1.0,0.2250000000000001
1478,0.93491185,0.9095179,-0.02539395,0.987374,0.92431116,-0.06306283999999995,0.8125,0.875,0.0625,0.0,0.0,0.0,0.0,0.0,0.0,0.0,0.0,0.0,1,1,0,0.9349118,0.909517812,-0.025393987999999923
1479,0.0,1.0,1.0,0.90426147,1.0,0.09573852999999999,1.0,1.0,0.0,1.0,0.0,-1.0,1.0,0.0,-1.0,0.0,0.0,0.0,0,1,1,0.9329830289999999,1.0,0.06701697100000015
1480,0.91884595,0.8684341,-0.050411850000000036,0.8840657,0.8120486,-0.07201709999999995,1.0,1.0,0.0,0.0,0.0,0.0,0.0,0.0,0.0,0.0,0.0,0.0,1,1,0,0.9188459899999999,0.86843402,-0.05041196999999986
1481,1.0,1.0,0.0,1.0,1.0,0.0,1.0,1.0,0.0,0.0,0.0,0.0,0.0,0.0,0.0,0.0,0.0,0.0,1,1,0,1.0,1.0,0.0
1482,0.0,0.0,0.0,1.0,1.0,0.0,1.0,1.0,0.0,1.0,1.0,0.0,1.0,1.0,0.0,0.0,0.0,0.0,0,0,0,1.0,1.0,0.0
1483,0.9136309,0.8900243,-0.023606600000000033,0.92482984,0.8750347,-0.04979513999999996,0.8875,0.925,0.03750000000000009,0.0,0.0,0.0,0.0,0.0,0.0,0.0,0.0,0.0,1,1,0,0.9136308879999999,0.8900242899999999,-0.02360659799999998
1484,0.86212367,0.9793854,0.11726172999999995,0.8030338,0.9705505,0.16751669999999996,1.0,1.0,0.0,0.0,0.0,0.0,0.0,0.0,0.0,0.0,0.0,0.0,1,1,0,0.86212366,0.97938535,0.11726169000000009
1485,0.81042147,0.8848383,0.07441682999999999,0.72917354,0.83548325,0.10630971,1.0,1.0,0.0,0.0,0.0,0.0,0.0,0.0,0.0,0.0,0.0,0.0,1,1,0,0.8104214779999999,0.8848382749999999,0.07441679700000003
1486,0.7565037,0.8690037,0.11250000000000004,0.8128624,0.8128624,0.0,0.625,1.0,0.375,0.0,0.0,0.0,0.0,0.0,0.0,0.0,0.0,0.0,1,1,0,0.7565036799999999,0.8690036799999998,0.11249999999999993
1487,1.0,1.0,0.0,1.0,1.0,0.0,1.0,1.0,0.0,0.0,0.0,0.0,0.0,0.0,0.0,0.0,0.0,0.0,1,1,0,1.0,1.0,0.0
1488,0.83088267,0.97749996,0.1466172899999999,0.80661803,1.0,0.19338197000000001,0.8875,0.925,0.03750000000000009,0.0,0.0,0.0,0.0,0.0,0.0,0.0,0.0,0.0,1,1,0,0.830882621,0.9775,0.14661737900000005
1489,0.0,0.0,0.0,0.031876955,0.011049724,-0.020827230999999998,0.0,1.0,1.0,1.0,1.0,0.0,1.0,1.0,0.0,0.0,0.0,0.0,0,0,0,0.022313868499999997,0.3077348068,0.2854209383
1490,0.84391606,0.813729,-0.030187059999999932,0.8734515,0.78747,-0.08598150000000004,0.77500004,0.875,0.09999996,0.0,0.0,0.0,0.0,0.0,0.0,0.0,0.0,0.0,1,1,0,0.8439160619999999,0.8137289999999999,-0.030187061999999987
1491,0.8904163,0.8990473,0.008630999999999944,0.843452,0.85578173,0.012329730000000039,1.0,1.0,0.0,0.0,0.0,0.0,0.0,0.0,0.0,0.0,0.0,0.0,1,1,0,0.8904163999999999,0.8990472110000001,0.008630811000000183
1492,0.9833145,1.0,0.01668550000000002,0.9761637,0.99999994,0.023836240000000064,1.0,1.0,0.0,0.0,0.0,0.0,0.0,0.0,0.0,0.0,0.0,0.0,1,1,0,0.98331459,0.9999999580000001,0.01668536800000009
1493,0.96250004,0.946451,-0.01604903999999996,1.0,0.9770729,-0.022927099999999978,0.875,0.875,0.0,0.0,0.0,0.0,0.0,0.0,0.0,0.0,0.0,0.0,1,1,0,0.9624999999999999,0.94645103,-0.01604896999999994
1494,0.0,0.0,0.0,1.0,1.0,0.0,0.0,1.0,1.0,1.0,1.0,0.0,1.0,1.0,0.0,0.0,0.0,0.0,0,0,0,0.7,1.0,0.30000000000000004
1495,0.87282467,0.88554764,0.01272297,0.87189245,0.88471097,0.012818519999999944,0.875,0.8875,0.012499999999999956,0.0,0.0,0.0,0.0,0.0,0.0,0.0,0.0,0.0,1,1,0,0.8728247149999999,0.885547679,0.012722964000000059
1496,0.97749996,1.0,0.022500040000000054,1.0,1.0,0.0,0.925,1.0,0.07499999999999996,0.0,0.0,0.0,0.0,0.0,0.0,0.0,0.0,0.0,1,1,0,0.9775,1.0,0.022499999999999964
1497,0.96625006,0.9909706,0.024720540000000013,1.0,0.9871009,-0.012899100000000052,0.8875,1.0,0.11250000000000004,0.0,0.0,0.0,0.0,0.0,0.0,0.0,0.0,0.0,1,1,0,0.9662499999999999,0.9909706299999999,0.02472062999999991
1498,1.0,1.0,0.0,1.0,1.0,0.0,1.0,1.0,0.0,0.0,0.0,0.0,0.0,0.0,0.0,0.0,0.0,0.0,1,1,0,1.0,1.0,0.0
1499,1.0,1.0,0.0,1.0,1.0,0.0,1.0,1.0,0.0,0.0,0.0,0.0,0.0,0.0,0.0,0.0,0.0,0.0,1,1,0,1.0,1.0,0.0
1500,0.84257334,0.87264675,0.030073410000000078,0.9251048,0.8502096,-0.07489519999999994,0.65000004,0.925,0.27499996000000004,0.0,0.0,0.0,0.0,0.0,0.0,0.0,0.0,0.0,1,1,0,0.8425733719999999,0.8726467200000001,0.030073348000000166
1501,0.87509125,0.9110409,0.035949650000000055,0.82155895,0.8729155,0.051356549999999945,1.0,1.0,0.0,0.0,0.0,0.0,0.0,0.0,0.0,0.0,0.0,0.0,1,1,0,0.875091265,0.91104085,0.035949585000000006
1502,0.82383376,0.8001421,-0.023691660000000003,0.8983339,0.8591316,-0.03920230000000002,0.65000004,0.6625,0.012499959999999977,0.0,0.0,0.0,0.0,0.0,0.0,0.0,0.0,0.0,1,1,0,0.8238337419999999,0.80014212,-0.023691621999999968
1503,0.7217612,0.8621358,0.14037460000000002,0.6507303,0.8030511,0.15232080000000003,0.8875,1.0,0.11250000000000004,0.0,0.0,0.0,0.0,0.0,0.0,0.0,0.0,0.0,1,1,0,0.7217612099999999,0.8621357699999999,0.14037455999999993
1504,0.0,0.0,0.0,0.3782578,0.21104118,-0.16721661999999998,0.85714287,1.0,0.14285713,0.0,0.0,0.0,1.0,1.0,0.0,0.0,0.0,0.0,0,0,0,0.5219233209999999,0.44772882599999997,-0.07419449499999997
1505,0.89371175,0.92116976,0.02745800999999992,0.9499454,0.88738537,-0.0625600300000001,0.7625,1.0,0.23750000000000004,0.0,0.0,0.0,0.0,0.0,0.0,0.0,0.0,0.0,1,1,0,0.89371178,0.9211697589999999,0.02745797899999991
1506,0.89229786,0.92047995,0.02818209000000005,0.97471124,0.88639987,-0.08831137,0.7,1.0,0.30000000000000004,0.0,0.0,0.0,0.0,0.0,0.0,0.0,0.0,0.0,1,1,0,0.8922978679999999,0.920479909,0.028182041000000102
1507,0.91764957,0.92184466,0.004195089999999957,0.96271366,0.8883496,-0.07436406000000007,0.8125,1.0,0.1875,0.0,0.0,0.0,0.0,0.0,0.0,0.0,0.0,0.0,1,1,0,0.917649562,0.92184472,0.004195157999999921
1508,1.0,1.0,0.0,1.0,1.0,0.0,1.0,1.0,0.0,0.0,0.0,0.0,0.0,0.0,0.0,0.0,0.0,0.0,1,1,0,1.0,1.0,0.0
1509,0.83606017,0.8568571,0.020796930000000047,0.8461573,0.7955102,-0.050647100000000056,0.8125,1.0,0.1875,0.0,0.0,0.0,0.0,0.0,0.0,0.0,0.0,0.0,1,1,0,0.83606011,0.85685714,0.020797029999999994
1510,0.7913369,0.85128117,0.05994427000000002,0.7501241,0.7875446,0.03742050000000008,0.8875,1.0,0.11250000000000004,0.0,0.0,0.0,0.0,0.0,0.0,0.0,0.0,0.0,1,1,0,0.79133687,0.85128122,0.05994434999999998
1511,0.8918805,0.90079653,0.008916030000000075,0.8455436,0.8582808,0.012737200000000004,1.0,1.0,0.0,0.0,0.0,0.0,0.0,0.0,0.0,0.0,0.0,0.0,1,1,0,0.89188052,0.9007965599999999,0.008916039999999903
1512,1.0,1.0,0.0,1.0,1.0,0.0,1.0,1.0,0.0,0.0,0.0,0.0,0.0,0.0,0.0,0.0,0.0,0.0,1,1,0,1.0,1.0,0.0
1513,0.30045292,0.30267534,0.0022224200000000027,0.00064703595,0.0038219274,0.00317489145,1.0,1.0,0.0,0.0,0.0,0.0,0.0,0.0,0.0,0.0,0.0,0.0,1,1,0,0.300452925165,0.30267534918,0.002222424015000002
1514,0.94890386,0.9305379,-0.018365960000000014,0.9752198,0.9007684,-0.07445139999999995,0.8875,1.0,0.11250000000000004,0.0,0.0,0.0,0.0,0.0,0.0,0.0,0.0,0.0,1,1,0,0.9489038599999999,0.9305378799999999,-0.018365980000000004
1515,1.0,1.0,0.0,1.0,1.0,0.0,1.0,1.0,0.0,0.0,0.0,0.0,0.0,0.0,0.0,0.0,0.0,0.0,1,1,0,1.0,1.0,0.0
1516,0.9325,0.92861885,-0.00388115,1.0,0.89802694,-0.10197305999999995,0.77500004,1.0,0.22499996,0.0,0.0,0.0,0.0,0.0,0.0,0.0,0.0,0.0,1,1,0,0.932500012,0.9286188579999999,-0.003881154000000109
1517,0.82858914,0.9118151,0.08322596000000004,0.9747702,0.8740215,-0.10074870000000002,0.4875,1.0,0.5125,0.0,0.0,0.0,0.0,0.0,0.0,0.0,0.0,0.0,1,1,0,0.82858914,0.91181505,0.08322591000000001
1518,0.8807656,0.8503149,-0.030450700000000053,0.88323665,0.81830704,-0.06492960999999997,0.875,0.925,0.050000000000000044,0.0,0.0,0.0,0.0,0.0,0.0,0.0,0.0,0.0,1,1,0,0.880765655,0.850314928,-0.030450727000000066
1519,0.96250004,1.0,0.03749996,1.0,1.0,0.0,0.875,1.0,0.125,0.0,0.0,0.0,0.0,0.0,0.0,0.0,0.0,0.0,1,1,0,0.9624999999999999,1.0,0.03750000000000009
1520,0.8906004,0.94303304,0.05243264000000003,0.8758576,0.9186186,0.04276099999999994,0.925,1.0,0.07499999999999996,0.0,0.0,0.0,0.0,0.0,0.0,0.0,0.0,0.0,1,1,0,0.8906003199999999,0.9430330199999999,0.0524327
1521,0.9099354,0.86013347,-0.049801929999999994,0.8713363,0.8001906,-0.07114569999999998,1.0,1.0,0.0,0.0,0.0,0.0,0.0,0.0,0.0,0.0,0.0,0.0,1,1,0,0.9099354099999999,0.8601334199999999,-0.04980198999999996
1522,0.9334698,0.96391976,0.030449959999999998,0.90495676,0.94845676,0.04349999999999998,1.0,1.0,0.0,0.0,0.0,0.0,0.0,0.0,0.0,0.0,0.0,0.0,1,1,0,0.933469732,0.9639197319999999,0.030449999999999866
1523,1.0,1.0,0.0,1.0,1.0,0.0,1.0,1.0,0.0,0.0,0.0,0.0,0.0,0.0,0.0,0.0,0.0,0.0,1,1,0,1.0,1.0,0.0
1524,0.91091615,0.97375005,0.0628339,0.94238013,1.0,0.05761987000000002,0.83750004,0.9125,0.07499995999999998,0.0,0.0,0.0,0.0,0.0,0.0,0.0,0.0,0.0,1,1,0,0.9109161029999999,0.9737499999999999,0.06283389699999997
1525,0.9025,0.95011514,0.04761514,1.0,0.9876644,-0.012335600000000002,0.675,0.8625,0.1875,0.0,0.0,0.0,0.0,0.0,0.0,0.0,0.0,0.0,1,1,0,0.9025,0.95011508,0.04761508000000003
1526,1.0,1.0,0.0,1.0,1.0,0.0,1.0,1.0,0.0,0.0,0.0,0.0,0.0,0.0,0.0,0.0,0.0,0.0,1,1,0,1.0,1.0,0.0
1527,0.89703715,0.9221345,0.025097350000000018,0.9011245,0.88876355,-0.012360950000000037,0.8875,1.0,0.11250000000000004,0.0,0.0,0.0,0.0,0.0,0.0,0.0,0.0,0.0,1,1,0,0.89703715,0.922134485,0.025097335
1528,0.83500004,0.92125,0.08624995999999996,1.0,1.0,0.0,0.45000002,0.7375,0.28749998000000004,0.0,0.0,0.0,0.0,0.0,0.0,0.0,0.0,0.0,1,1,0,0.835000006,0.9212499999999999,0.08624999399999989
1529,0.85157615,0.9197203,0.06814415000000007,0.7879659,0.8853147,0.09734880000000001,1.0,1.0,0.0,0.0,0.0,0.0,0.0,0.0,0.0,0.0,0.0,0.0,1,1,0,0.85157613,0.9197202899999999,0.0681441599999999
1530,1.0,1.0,0.0,1.0,1.0,0.0,1.0,1.0,0.0,0.0,0.0,0.0,0.0,0.0,0.0,0.0,0.0,0.0,1,1,0,1.0,1.0,0.0
1531,1.0,1.0,0.0,1.0,1.0,0.0,1.0,1.0,0.0,0.0,0.0,0.0,0.0,0.0,0.0,0.0,0.0,0.0,1,1,0,1.0,1.0,0.0
1532,0.9058815,0.97413635,0.06825484999999998,0.9137593,0.9630519,0.04929259999999991,0.8875,1.0,0.11250000000000004,0.0,0.0,0.0,0.0,0.0,0.0,0.0,0.0,0.0,1,1,0,0.90588151,0.9741363299999999,0.06825481999999994
1533,1.0,1.0,0.0,1.0,1.0,0.0,1.0,1.0,0.0,0.0,0.0,0.0,0.0,0.0,0.0,0.0,0.0,0.0,1,1,0,1.0,1.0,0.0
1534,0.91482013,0.87147063,-0.04334949999999993,0.9265287,0.864601,-0.06192770000000003,0.8875,0.8875,0.0,0.0,0.0,0.0,0.0,0.0,0.0,0.0,0.0,0.0,1,1,0,0.91482009,0.8714706999999999,-0.04334939000000004
1535,0.0,1.0,1.0,1.0,1.0,0.0,1.0,1.0,0.0,1.0,0.0,-1.0,1.0,0.0,-1.0,0.0,0.0,0.0,0,1,1,1.0,1.0,0.0
1536,1.0,1.0,0.0,1.0,1.0,0.0,1.0,1.0,0.0,0.0,0.0,0.0,0.0,0.0,0.0,0.0,0.0,0.0,1,1,0,1.0,1.0,0.0
1537,1.0,0.9303991,-0.06960089999999997,1.0,0.9005703,-0.09942969999999995,1.0,1.0,0.0,0.0,0.0,0.0,0.0,0.0,0.0,0.0,0.0,0.0,1,1,0,1.0,0.93039921,-0.06960078999999997
1538,0.89101714,0.89101714,0.0,0.8443103,0.8443103,0.0,1.0,1.0,0.0,0.0,0.0,0.0,0.0,0.0,0.0,0.0,0.0,0.0,1,1,0,0.89101721,0.89101721,0.0
1539,0.94,0.9685915,0.028591500000000103,1.0,0.98727363,-0.012726369999999987,0.8,0.925,0.125,0.0,0.0,0.0,0.0,0.0,0.0,0.0,0.0,0.0,1,1,0,0.94,0.9685915409999999,0.028591540999999943
1540,0.9171853,0.96703607,0.049850770000000044,0.8816933,0.9529086,0.07121529999999998,1.0,1.0,0.0,0.0,0.0,0.0,0.0,0.0,0.0,0.0,0.0,0.0,1,1,0,0.91718531,0.9670360199999999,0.049850709999999854
1541,0.9489395,0.921724,-0.02721550000000006,0.9752708,0.8881772,-0.0870936,0.8875,1.0,0.11250000000000004,0.0,0.0,0.0,0.0,0.0,0.0,0.0,0.0,0.0,1,1,0,0.9489395599999999,0.92172404,-0.027215519999999938
1542,0.88498706,0.92998713,0.04500006999999995,0.89998156,0.89998156,0.0,0.85,1.0,0.15000000000000002,0.0,0.0,0.0,0.0,0.0,0.0,0.0,0.0,0.0,1,1,0,0.8849870919999999,0.929987092,0.04500000000000004
1543,0.8236532,0.9714239,0.14777070000000003,0.7962904,0.9591771,0.16288670000000005,0.8875,1.0,0.11250000000000004,0.0,0.0,0.0,0.0,0.0,0.0,0.0,0.0,0.0,1,1,0,0.8236532799999999,0.97142397,0.1477706900000001
1544,0.3019242,1.0,0.6980758,0.0027488614,0.99999994,0.9972510786000001,1.0,1.0,0.0,0.0,0.0,0.0,0.0,0.0,0.0,0.0,0.0,0.0,1,1,0,0.30192420298,0.9999999580000001,0.6980757550200001
1545,1.0,1.0,0.0,1.0,1.0,0.0,1.0,1.0,0.0,0.0,0.0,0.0,0.0,0.0,0.0,0.0,0.0,0.0,1,1,0,1.0,1.0,0.0
1546,0.8898945,0.8978338,0.007939299999999982,0.84270644,0.8540483,0.011341860000000037,1.0,1.0,0.0,0.0,0.0,0.0,0.0,0.0,0.0,0.0,0.0,0.0,1,1,0,0.8898945079999998,0.8978338099999998,0.007939302000000037
1547,0.9593321,0.9125309,-0.04680119999999999,0.9740459,0.87504417,-0.09900173000000001,0.925,1.0,0.07499999999999996,0.0,0.0,0.0,0.0,0.0,0.0,0.0,0.0,0.0,1,1,0,0.95933213,0.9125309189999999,-0.04680121100000001
1548,0.8129032,0.8090431,-0.003860100000000033,0.7648618,0.72720444,-0.037657360000000084,0.925,1.0,0.07499999999999996,0.0,0.0,0.0,0.0,0.0,0.0,0.0,0.0,0.0,1,1,0,0.8129032599999999,0.809043108,-0.0038601519999998946
1549,0.9225298,0.9124741,-0.0100557,0.9375427,0.87496287,-0.06257983,0.8875,1.0,0.11250000000000004,0.0,0.0,0.0,0.0,0.0,0.0,0.0,0.0,0.0,1,1,0,0.92252989,0.9124740089999999,-0.0100558810000001
1550,1.0,0.9998533,-0.00014670000000005512,1.0,0.99979043,-0.00020956999999999226,1.0,1.0,0.0,0.0,0.0,0.0,0.0,0.0,0.0,0.0,0.0,0.0,1,1,0,1.0,0.9998533009999999,-0.0001466990000000834
1551,1.0,1.0,0.0,1.0,1.0,0.0,1.0,1.0,0.0,0.0,0.0,0.0,0.0,0.0,0.0,0.0,0.0,0.0,1,1,0,1.0,1.0,0.0
1552,1.0,1.0,0.0,1.0,1.0,0.0,1.0,1.0,0.0,0.0,0.0,0.0,0.0,0.0,0.0,0.0,0.0,0.0,1,1,0,1.0,1.0,0.0
1553,0.9071121,0.95500004,0.04788794000000007,0.93694586,1.0,0.06305413999999998,0.83750004,0.85,0.012499959999999977,0.0,0.0,0.0,0.0,0.0,0.0,0.0,0.0,0.0,1,1,0,0.9071121139999999,0.955,0.047887886000000046
1554,1.0,1.0,0.0,1.0,1.0,0.0,1.0,1.0,0.0,0.0,0.0,0.0,0.0,0.0,0.0,0.0,0.0,0.0,1,1,0,1.0,1.0,0.0
1555,0.80860656,0.85878795,0.05018138999999999,0.7855093,0.7982684,0.012759100000000023,0.8625,1.0,0.13749999999999996,0.0,0.0,0.0,0.0,0.0,0.0,0.0,0.0,0.0,1,1,0,0.80860651,0.85878788,0.05018137
1556,0.85214216,0.8633377,0.011195540000000004,0.78877455,0.8369109,0.04813635000000005,1.0,0.925,-0.07499999999999996,0.0,0.0,0.0,0.0,0.0,0.0,0.0,0.0,0.0,1,1,0,0.8521421849999999,0.86333763,0.011195445000000026
1557,0.47918758,0.91092646,0.43173888,0.28812507,0.8727521,0.58462703,0.925,1.0,0.07499999999999996,0.0,0.0,0.0,0.0,0.0,0.0,0.0,0.0,0.0,1,1,0,0.479187549,0.9109264699999999,0.43173892099999994
1558,0.95874995,0.97375005,0.015000100000000072,1.0,1.0,0.0,0.8625,0.9125,0.04999999999999993,0.0,0.0,0.0,0.0,0.0,0.0,0.0,0.0,0.0,1,1,0,0.95875,0.9737499999999999,0.014999999999999902
1559,0.922163,0.89470786,-0.027455139999999933,0.9370186,0.8495827,-0.08743590000000001,0.8875,1.0,0.11250000000000004,0.0,0.0,0.0,0.0,0.0,0.0,0.0,0.0,0.0,1,1,0,0.9221630199999999,0.8947078900000001,-0.027455129999999883
1560,0.96250004,0.95448315,-0.008016890000000054,1.0000001,0.9831902,-0.016809900000000044,0.875,0.8875,0.012499999999999956,0.0,0.0,0.0,0.0,0.0,0.0,0.0,0.0,0.0,1,1,0,0.9625000699999999,0.95448314,-0.008016929999999922
1561,0.96625006,0.943133,-0.023117060000000023,1.0,0.9723329,-0.027667099999999945,0.8875,0.875,-0.012499999999999956,0.0,0.0,0.0,0.0,0.0,0.0,0.0,0.0,0.0,1,1,0,0.9662499999999999,0.94313303,-0.023116969999999903
1562,0.92875004,0.93633956,0.007589519999999905,1.0,0.962628,-0.03737199999999996,0.7625,0.875,0.11250000000000004,0.0,0.0,0.0,0.0,0.0,0.0,0.0,0.0,0.0,1,1,0,0.92875,0.9363395999999999,0.007589599999999974
1563,1.0,1.0,0.0,0.99999994,0.99999994,0.0,1.0,1.0,0.0,0.0,0.0,0.0,0.0,0.0,0.0,0.0,0.0,0.0,1,1,0,0.9999999580000001,0.9999999580000001,0.0
1564,0.9906638,0.9625614,-0.028102399999999972,0.98666257,0.94651634,-0.04014623000000006,1.0,1.0,0.0,0.0,0.0,0.0,0.0,0.0,0.0,0.0,0.0,0.0,1,1,0,0.990663799,0.9625614379999998,-0.028102361000000187
1565,0.8799426,1.0,0.12005739999999998,0.8284894,1.0,0.17151059999999996,1.0,1.0,0.0,0.0,0.0,0.0,0.0,0.0,0.0,0.0,0.0,0.0,1,1,0,0.87994258,1.0,0.12005741999999997
1566,0.8728676,0.9513608,0.07849320000000004,0.8183822,0.9305154,0.11213320000000004,1.0,1.0,0.0,0.0,0.0,0.0,0.0,0.0,0.0,0.0,0.0,0.0,1,1,0,0.8728675399999999,0.9513607799999999,0.07849324000000002
1567,0.925,0.92875004,0.00375004000000001,1.0,1.0,0.0,0.75,0.7625,0.012499999999999956,0.0,0.0,0.0,0.0,0.0,0.0,0.0,0.0,0.0,1,1,0,0.9249999999999999,0.92875,0.003750000000000031
1568,0.97749996,1.0,0.022500040000000054,0.99999994,0.99999994,0.0,0.925,1.0,0.07499999999999996,0.0,0.0,0.0,0.0,0.0,0.0,0.0,0.0,0.0,1,1,0,0.9774999580000001,0.9999999580000001,0.022499999999999964
1569,0.9513777,0.93051416,-0.020863540000000014,0.9626825,0.9007344,-0.06194809999999995,0.925,1.0,0.07499999999999996,0.0,0.0,0.0,0.0,0.0,0.0,0.0,0.0,0.0,1,1,0,0.95137775,0.93051408,-0.02086367
1570,0.96625006,0.96625006,0.0,1.0000001,1.0000001,0.0,0.8875,0.8875,0.0,0.0,0.0,0.0,0.0,0.0,0.0,0.0,0.0,0.0,1,1,0,0.96625007,0.96625007,0.0
1571,1.0,1.0,0.0,1.0,1.0,0.0,1.0,1.0,0.0,0.0,0.0,0.0,0.0,0.0,0.0,0.0,0.0,0.0,1,1,0,1.0,1.0,0.0
1572,0.8511266,0.89489096,0.04376436000000006,0.8248236,0.84984416,0.02502055999999997,0.9125,1.0,0.08750000000000002,0.0,0.0,0.0,0.0,0.0,0.0,0.0,0.0,0.0,1,1,0,0.85112652,0.8948909119999999,0.04376439199999993
1573,0.896451,0.8376856,-0.05876539999999997,0.9002872,0.80026513,-0.10002206999999996,0.8875,0.925,0.03750000000000009,0.0,0.0,0.0,0.0,0.0,0.0,0.0,0.0,0.0,1,1,0,0.8964510399999999,0.8376855910000001,-0.0587654489999998
1574,0.88716793,0.9209179,0.03374996999999991,0.88702565,0.88702565,0.0,0.8875,1.0,0.11250000000000004,0.0,0.0,0.0,0.0,0.0,0.0,0.0,0.0,0.0,1,1,0,0.8871679549999999,0.920917955,0.03375000000000006
1575,0.9962849,0.9942469,-0.0020379999999999843,0.9946927,0.9917813,-0.0029114000000000084,1.0,1.0,0.0,0.0,0.0,0.0,0.0,0.0,0.0,0.0,0.0,0.0,1,1,0,0.9962848899999999,0.99424691,-0.0020379799999998838
1576,0.94,1.0,0.06000000000000005,1.0,1.0,0.0,0.8,1.0,0.19999999999999996,0.0,0.0,0.0,0.0,0.0,0.0,0.0,0.0,0.0,1,1,0,0.94,1.0,0.06000000000000005
1577,0.727045,1.0,0.27295499999999995,0.6100643,1.0,0.3899357,1.0,1.0,0.0,0.0,0.0,0.0,0.0,0.0,0.0,0.0,0.0,0.0,1,1,0,0.72704501,1.0,0.27295499
1578,0.93625003,1.0,0.06374997000000004,1.0,1.0,0.0,0.7875,1.0,0.21250000000000002,0.0,0.0,0.0,0.0,0.0,0.0,0.0,0.0,0.0,1,1,0,0.9362499999999999,1.0,0.06375000000000008
1579,0.89875,0.96625006,0.06750005999999997,1.0,1.0,0.0,0.6625,0.8875,0.22499999999999998,0.0,0.0,0.0,0.0,0.0,0.0,0.0,0.0,0.0,1,1,0,0.8987499999999999,0.9662499999999999,0.0675
1580,0.65159976,0.9850001,0.3334003400000001,0.52371395,1.0,0.47628605,0.95,0.95,0.0,0.0,0.0,0.0,0.0,0.0,0.0,0.0,0.0,0.0,1,1,0,0.6515997649999999,0.9849999999999999,0.33340023499999993
1581,0.9224617,0.9211487,-0.0013130000000000086,0.9374452,0.8873553,-0.05008990000000002,0.8875,1.0,0.11250000000000004,0.0,0.0,0.0,0.0,0.0,0.0,0.0,0.0,0.0,1,1,0,0.92246164,0.92114871,-0.00131292999999999
1582,0.9982073,0.9953395,-0.002867799999999976,0.997439,0.9933421,-0.004096899999999959,1.0,1.0,0.0,0.0,0.0,0.0,0.0,0.0,0.0,0.0,0.0,0.0,1,1,0,0.9982073,0.99533947,-0.0028678300000000156
1583,0.9992773,0.9992773,0.0,0.9989675,0.9989675,0.0,1.0,1.0,0.0,0.0,0.0,0.0,0.0,0.0,0.0,0.0,0.0,0.0,1,1,0,0.99927725,0.99927725,0.0
1584,1.0,0.0,-1.0,1.0,1.0,0.0,1.0,0.8928572,-0.10714279999999998,0.0,1.0,1.0,0.0,1.0,1.0,0.0,0.0,0.0,1,0,-1,1.0,0.9678571599999999,-0.03214284000000012
1585,0.96250004,1.0,0.03749996,1.0,1.0,0.0,0.875,1.0,0.125,0.0,0.0,0.0,0.0,0.0,0.0,0.0,0.0,0.0,1,1,0,0.9624999999999999,1.0,0.03750000000000009
1586,0.9157783,0.90040416,-0.015374140000000036,0.9600404,0.8577202,-0.10232019999999997,0.8125,1.0,0.1875,0.0,0.0,0.0,0.0,0.0,0.0,0.0,0.0,0.0,1,1,0,0.91577828,0.90040414,-0.015374139999999925
1587,1.0,1.0,0.0,1.0,1.0,0.0,1.0,1.0,0.0,0.0,0.0,0.0,0.0,0.0,0.0,0.0,0.0,0.0,1,1,0,1.0,1.0,0.0
1588,0.7998853,0.8637934,0.06390810000000002,0.77305037,0.83756196,0.06451159000000006,0.8625,0.925,0.0625,0.0,0.0,0.0,0.0,0.0,0.0,0.0,0.0,0.0,1,1,0,0.7998852589999998,0.863793372,0.0639081130000001
1589,0.90727377,0.96624994,0.058976169999999994,0.9211054,0.99999994,0.07889454000000007,0.875,0.8875,0.012499999999999956,0.0,0.0,0.0,0.0,0.0,0.0,0.0,0.0,0.0,1,1,0,0.9072737799999999,0.966249958,0.0589761780000001
1590,0.8113651,0.7536131,-0.057751999999999915,0.88587874,0.79801863,-0.08786011000000005,0.6375,0.65000004,0.012500040000000046,0.0,0.0,0.0,0.0,0.0,0.0,0.0,0.0,0.0,1,1,0,0.8113651179999999,0.753613053,-0.05775206499999985
1591,1.0,1.0,0.0,1.0,1.0,0.0,1.0,1.0,0.0,0.0,0.0,0.0,0.0,0.0,0.0,0.0,0.0,0.0,1,1,0,1.0,1.0,0.0
1592,1.0,1.0,0.0,1.0,1.0,0.0,1.0,1.0,0.0,0.0,0.0,0.0,0.0,0.0,0.0,0.0,0.0,0.0,1,1,0,1.0,1.0,0.0
1593,0.91304743,0.88201904,-0.031028390000000017,0.9239962,0.87431294,-0.04968326000000001,0.8875,0.90000004,0.012500040000000046,0.0,0.0,0.0,0.0,0.0,0.0,0.0,0.0,0.0,1,1,0,0.91304734,0.88201907,-0.03102826999999997
1594,0.92875004,0.9405705,0.011820459999999922,1.0,0.91510063,-0.08489937000000003,0.7625,1.0,0.23750000000000004,0.0,0.0,0.0,0.0,0.0,0.0,0.0,0.0,0.0,1,1,0,0.92875,0.940570441,0.011820441000000015
1595,0.92875004,0.95500004,0.026249999999999996,1.0,1.0,0.0,0.7625,0.85,0.08750000000000002,0.0,0.0,0.0,0.0,0.0,0.0,0.0,0.0,0.0,1,1,0,0.92875,0.955,0.026249999999999996
1596,0.90745085,0.89494437,-0.012506479999999986,0.89992976,0.84992045,-0.050009309999999974,0.925,1.0,0.07499999999999996,0.0,0.0,0.0,0.0,0.0,0.0,0.0,0.0,0.0,1,1,0,0.9074508320000001,0.894944315,-0.01250651700000005
1597,0.0,0.36891314,0.36891314,0.11197247,0.3984473,0.28647483,0.17142858,0.3,0.12857142,0.0,0.0,0.0,0.0,0.0,0.0,1.0,0.0,-1.0,0,1,1,0.129809303,0.36891310999999993,0.23910380699999995
1598,0.94006824,0.91278726,-0.02728098000000001,0.9625974,0.8754103,-0.08718710000000007,0.8875,1.0,0.11250000000000004,0.0,0.0,0.0,0.0,0.0,0.0,0.0,0.0,0.0,1,1,0,0.94006818,0.9127872099999998,-0.027280970000000182
1599,0.91,0.90013236,-0.009867640000000066,1.0,0.90018904,-0.09981096,0.7,0.90000004,0.20000004000000005,0.0,0.0,0.0,0.0,0.0,0.0,0.0,0.0,0.0,1,1,0,0.9099999999999999,0.90013234,-0.009867659999999945
1600,0.9312703,0.92130005,-0.009970249999999958,0.950029,0.88757145,-0.06245754999999997,0.8875,1.0,0.11250000000000004,0.0,0.0,0.0,0.0,0.0,0.0,0.0,0.0,0.0,1,1,0,0.9312703,0.9213000149999999,-0.009970285000000079
1601,0.97749996,1.0,0.022500040000000054,1.0,1.0,0.0,0.925,1.0,0.07499999999999996,0.0,0.0,0.0,0.0,0.0,0.0,0.0,0.0,0.0,1,1,0,0.9775,1.0,0.022499999999999964
1602,0.8402643,0.96517295,0.12490865000000007,0.9003775,0.95024717,0.04986966999999998,0.7,1.0,0.30000000000000004,0.0,0.0,0.0,0.0,0.0,0.0,0.0,0.0,0.0,1,1,0,0.8402642499999999,0.9651730190000001,0.12490876900000014
1603,1.0,1.0,0.0,1.0,1.0,0.0,1.0,1.0,0.0,0.0,0.0,0.0,0.0,0.0,0.0,0.0,0.0,0.0,1,1,0,1.0,1.0,0.0
1604,0.97749996,1.0,0.022500040000000054,1.0,1.0,0.0,0.925,1.0,0.07499999999999996,0.0,0.0,0.0,0.0,0.0,0.0,0.0,0.0,0.0,1,1,0,0.9775,1.0,0.022499999999999964
1605,0.94170487,0.92265075,-0.019054120000000063,0.9756498,0.8895011,-0.08614869999999997,0.8625,1.0,0.13749999999999996,0.0,0.0,0.0,0.0,0.0,0.0,0.0,0.0,0.0,1,1,0,0.94170486,0.92265077,-0.019054090000000024
1606,0.86747724,0.8320347,-0.03544254000000002,0.81068176,0.7600496,-0.05063216000000004,1.0,1.0,0.0,0.0,0.0,0.0,0.0,0.0,0.0,0.0,0.0,0.0,1,1,0,0.8674772319999999,0.83203472,-0.035442511999999926
1607,0.8204104,0.92950934,0.10909893999999998,0.82380044,0.89929914,0.07549870000000003,0.8125,1.0,0.1875,0.0,0.0,0.0,0.0,0.0,0.0,0.0,0.0,0.0,1,1,0,0.8204103079999999,0.929509398,0.10909909000000007
1608,0.91385347,0.890156,-0.023697469999999998,0.9251478,0.8752228,-0.049925,0.8875,0.925,0.03750000000000009,0.0,0.0,0.0,0.0,0.0,0.0,0.0,0.0,0.0,1,1,0,0.9138534599999999,0.89015596,-0.023697499999999927
1609,0.8356189,0.98945373,0.15383482999999998,0.76516986,0.9849339,0.21976404000000005,1.0,1.0,0.0,0.0,0.0,0.0,0.0,0.0,0.0,0.0,0.0,0.0,1,1,0,0.835618902,0.9894537299999999,0.15383482799999992
1610,0.7692836,0.9093978,0.14011420000000008,0.91147655,0.9241397,0.012663149999999956,0.4375,0.875,0.4375,0.0,0.0,0.0,0.0,0.0,0.0,0.0,0.0,0.0,1,1,0,0.7692835849999999,0.9093977899999999,0.14011420499999994
1611,1.0,1.0,0.0,1.0,1.0,0.0,1.0,1.0,0.0,0.0,0.0,0.0,0.0,0.0,0.0,0.0,0.0,0.0,1,1,0,1.0,1.0,0.0
1612,0.82374996,0.911441,0.08769103999999994,0.99999994,0.92705864,-0.07294129999999999,0.4125,0.875,0.4625,0.0,0.0,0.0,0.0,0.0,0.0,0.0,0.0,0.0,1,1,0,0.8237499580000001,0.9114410479999999,0.08769108999999986
1613,0.9485628,0.9117581,-0.036804700000000024,0.97473264,0.87394017,-0.10079247000000002,0.8875,1.0,0.11250000000000004,0.0,0.0,0.0,0.0,0.0,0.0,0.0,0.0,0.0,1,1,0,0.948562848,0.9117581189999999,-0.03680472900000009
1614,1.0,1.0,0.0,1.0,1.0,0.0,1.0,1.0,0.0,0.0,0.0,0.0,0.0,0.0,0.0,0.0,0.0,0.0,1,1,0,1.0,1.0,0.0
1615,1.0,1.0,0.0,1.0,1.0,0.0,1.0,1.0,0.0,0.0,0.0,0.0,0.0,0.0,0.0,0.0,0.0,0.0,1,1,0,1.0,1.0,0.0
1616,1.0,1.0,0.0,1.0,1.0,0.0,1.0,1.0,0.0,0.0,0.0,0.0,0.0,0.0,0.0,0.0,0.0,0.0,1,1,0,1.0,1.0,0.0
1617,0.72745526,0.9111542,0.18369893999999998,0.6106503,0.87307733,0.26242703,1.0,1.0,0.0,0.0,0.0,0.0,0.0,0.0,0.0,0.0,0.0,0.0,1,1,0,0.72745521,0.911154131,0.18369892099999996
1618,0.9196917,1.0,0.0803083,0.9388453,0.99999994,0.06115464000000004,0.875,1.0,0.125,0.0,0.0,0.0,0.0,0.0,0.0,0.0,0.0,0.0,1,1,0,0.9196917099999999,0.9999999580000001,0.08030824800000014
1619,0.9901754,0.99894905,0.008773649999999966,0.98596495,0.99849874,0.0125337900000001,1.0,1.0,0.0,0.0,0.0,0.0,0.0,0.0,0.0,0.0,0.0,0.0,1,1,0,0.9901754649999999,0.9989491180000001,0.008773653000000214
1620,0.87540245,0.9387127,0.0633102499999999,0.9612892,0.91244674,-0.04884245999999992,0.675,1.0,0.32499999999999996,0.0,0.0,0.0,0.0,0.0,0.0,0.0,0.0,0.0,1,1,0,0.8754024399999999,0.9387127179999999,0.063310278
1621,0.7615092,0.86172676,0.10021756000000004,0.90037024,0.8506811,-0.04968914000000002,0.4375,0.8875,0.44999999999999996,0.0,0.0,0.0,0.0,0.0,0.0,0.0,0.0,0.0,1,1,0,0.7615091679999999,0.86172677,0.10021760200000007
1622,1.0,1.0,0.0,1.0,1.0,0.0,1.0,1.0,0.0,0.0,0.0,0.0,0.0,0.0,0.0,0.0,0.0,0.0,1,1,0,1.0,1.0,0.0
1623,0.0,0.0,0.0,1.0,1.0,0.0,0.0,1.0,1.0,1.0,1.0,0.0,1.0,1.0,0.0,0.0,0.0,0.0,0,0,0,0.7,1.0,0.30000000000000004
1624,0.9149999,0.886294,-0.02870589999999995,0.9749998,0.8375629,-0.13743689999999997,0.77500004,1.0,0.22499996,0.0,0.0,0.0,0.0,0.0,0.0,0.0,0.0,0.0,1,1,0,0.9149998719999999,0.88629403,-0.028705841999999926
1625,0.8389025,0.8079218,-0.030980699999999972,0.92521787,0.8381025,-0.08711537000000003,0.6375,0.7375,0.10000000000000009,0.0,0.0,0.0,0.0,0.0,0.0,0.0,0.0,0.0,1,1,0,0.838902509,0.80792175,-0.03098075899999997
1626,0.8152321,0.91045636,0.09522425999999995,0.73604584,0.87208056,0.13603472000000005,1.0,1.0,0.0,0.0,0.0,0.0,0.0,0.0,0.0,0.0,0.0,0.0,1,1,0,0.8152320879999999,0.910456392,0.09522430400000004
1627,0.78604716,0.80692405,0.020876890000000037,0.74792457,0.7241772,-0.023747370000000045,0.875,1.0,0.125,0.0,0.0,0.0,0.0,0.0,0.0,0.0,0.0,0.0,1,1,0,0.786047199,0.80692404,0.02087684099999998
1628,0.80307466,0.867214,0.06413933999999999,0.718678,0.8103057,0.09162769999999998,1.0,1.0,0.0,0.0,0.0,0.0,0.0,0.0,0.0,0.0,0.0,0.0,1,1,0,0.8030746,0.86721399,0.06413939000000002
1629,0.78703207,0.91563624,0.12860417000000002,0.85647434,0.92769474,0.07122039999999996,0.625,0.8875,0.26249999999999996,0.0,0.0,0.0,0.0,0.0,0.0,0.0,0.0,0.0,1,1,0,0.787032038,0.9156363179999999,0.1286042799999999
1630,0.0,0.0,0.0,1.0,1.0,0.0,1.0,1.0,0.0,1.0,1.0,0.0,1.0,1.0,0.0,0.0,0.0,0.0,0,0,0,1.0,1.0,0.0
1631,1.0,1.0,0.0,1.0,1.0,0.0,1.0,1.0,0.0,0.0,0.0,0.0,0.0,0.0,0.0,0.0,0.0,0.0,1,1,0,1.0,1.0,0.0
1632,1.0,1.0,0.0,1.0,1.0,0.0,1.0,1.0,0.0,0.0,0.0,0.0,0.0,0.0,0.0,0.0,0.0,0.0,1,1,0,1.0,1.0,0.0
1633,0.96625006,0.97749996,0.011249899999999924,1.0,1.0,0.0,0.8875,0.925,0.03750000000000009,0.0,0.0,0.0,0.0,0.0,0.0,0.0,0.0,0.0,1,1,0,0.9662499999999999,0.9775,0.011250000000000093
1634,0.9394682,0.9011552,-0.03831299999999993,0.9617404,0.85879314,-0.1029472600000001,0.8875,1.0,0.11250000000000004,0.0,0.0,0.0,0.0,0.0,0.0,0.0,0.0,0.0,1,1,0,0.9394682799999999,0.9011551979999999,-0.038313082000000054
1635,0.25875002,1.0,0.74124998,0.0,1.0,1.0,0.8625,1.0,0.13749999999999996,0.0,0.0,0.0,0.0,0.0,0.0,0.0,0.0,0.0,1,1,0,0.25875,1.0,0.74125
1636,1.0,1.0,0.0,1.0,1.0,0.0,1.0,1.0,0.0,0.0,0.0,0.0,0.0,0.0,0.0,0.0,0.0,0.0,1,1,0,1.0,1.0,0.0
1637,0.9600479,0.9477682,-0.012279700000000005,0.97506833,0.9253832,-0.04968513000000008,0.925,1.0,0.07499999999999996,0.0,0.0,0.0,0.0,0.0,0.0,0.0,0.0,0.0,1,1,0,0.960047831,0.9477682399999998,-0.0122795910000002
1638,0.925,0.91871005,-0.0062899500000001,1.0,0.9374429,-0.06255710000000003,0.75,0.875,0.125,0.0,0.0,0.0,0.0,0.0,0.0,0.0,0.0,0.0,1,1,0,0.9249999999999999,0.91871003,-0.006289969999999978
1639,0.90197414,0.9463057,0.04433156000000005,0.934963,0.96079385,0.02583084999999996,0.825,0.9125,0.08750000000000002,0.0,0.0,0.0,0.0,0.0,0.0,0.0,0.0,0.0,1,1,0,0.9019740999999999,0.946305695,0.04433159500000006
1640,1.0,1.0,0.0,1.0,1.0,0.0,1.0,1.0,0.0,0.0,0.0,0.0,0.0,0.0,0.0,0.0,0.0,0.0,1,1,0,1.0,1.0,0.0
1641,0.97749996,0.97749996,0.0,1.0,1.0,0.0,0.925,0.925,0.0,0.0,0.0,0.0,0.0,0.0,0.0,0.0,0.0,0.0,1,1,0,0.9775,0.9775,0.0
1642,0.82873327,0.82620776,-0.0025255100000000086,0.86247605,0.7999396,-0.06253645000000008,0.75,0.8875,0.13749999999999996,0.0,0.0,0.0,0.0,0.0,0.0,0.0,0.0,0.0,1,1,0,0.828733235,0.82620772,-0.002525514999999978
1643,0.85293406,0.8909445,0.03801043999999998,0.8809772,0.84420633,-0.03677087000000001,0.7875,1.0,0.21250000000000002,0.0,0.0,0.0,0.0,0.0,0.0,0.0,0.0,0.0,1,1,0,0.85293404,0.8909444309999999,0.03801039099999992
1644,0.8129055,0.7820785,-0.030826999999999938,0.84522206,0.80654067,-0.03868139000000004,0.7375,0.725,-0.012500000000000067,0.0,0.0,0.0,0.0,0.0,0.0,0.0,0.0,0.0,1,1,0,0.8129054419999999,0.782078469,-0.030826972999999924
1645,0.92211133,0.91103554,-0.01107579000000003,0.9369448,0.87290794,-0.06403685999999997,0.8875,1.0,0.11250000000000004,0.0,0.0,0.0,0.0,0.0,0.0,0.0,0.0,0.0,1,1,0,0.9221113599999999,0.911035558,-0.011075801999999912
1646,0.7756211,0.9054152,0.12979410000000002,0.6794587,0.86487883,0.18542013000000002,1.0,1.0,0.0,0.0,0.0,0.0,0.0,0.0,0.0,0.0,0.0,0.0,1,1,0,0.77562109,0.905415181,0.12979409099999994
1647,0.8485985,0.8485985,0.0,0.783712,0.783712,0.0,1.0,1.0,0.0,0.0,0.0,0.0,0.0,0.0,0.0,0.0,0.0,0.0,1,1,0,0.8485984,0.8485984,0.0
1648,0.86859506,0.9154095,0.04681444000000001,0.85513574,0.8791563,0.02402055999999997,0.90000004,1.0,0.09999996,0.0,0.0,0.0,0.0,0.0,0.0,0.0,0.0,0.0,1,1,0,0.86859503,0.9154094099999999,0.04681437999999982
1649,0.90625,0.9558143,0.049564300000000006,0.99999994,0.9368775,-0.06312244,0.6875,1.0,0.3125,0.0,0.0,0.0,0.0,0.0,0.0,0.0,0.0,0.0,1,1,0,0.9062499580000001,0.95581425,0.0495642919999999
1650,0.82564527,0.83120996,0.005564690000000039,0.91699314,0.8177998,-0.09919334000000002,0.6125,0.8625,0.25,0.0,0.0,0.0,0.0,0.0,0.0,0.0,0.0,0.0,1,1,0,0.8256451979999999,0.83120986,0.0055646620000000535
1651,0.95702803,1.0,0.04297196999999997,0.93861145,1.0,0.061388549999999986,1.0,1.0,0.0,0.0,0.0,0.0,0.0,0.0,0.0,0.0,0.0,0.0,1,1,0,0.9570280149999999,1.0,0.0429719850000001
1652,0.8326111,0.9196497,0.08703859999999997,0.8090872,0.8852138,0.07612660000000004,0.8875,1.0,0.11250000000000004,0.0,0.0,0.0,0.0,0.0,0.0,0.0,0.0,0.0,1,1,0,0.83261104,0.9196496599999999,0.08703861999999996
1653,0.97749996,0.9373207,-0.04017925999999994,1.0,0.91045815,-0.08954185000000003,0.925,1.0,0.07499999999999996,0.0,0.0,0.0,0.0,0.0,0.0,0.0,0.0,0.0,1,1,0,0.9775,0.9373207049999999,-0.04017929500000017
1654,1.0,1.0,0.0,1.0,1.0,0.0,1.0,1.0,0.0,0.0,0.0,0.0,0.0,0.0,0.0,0.0,0.0,0.0,1,1,0,1.0,1.0,0.0
1655,0.85220975,0.84204453,-0.010165219999999975,0.78887105,0.77434933,-0.014521720000000071,1.0,1.0,0.0,0.0,0.0,0.0,0.0,0.0,0.0,0.0,0.0,0.0,1,1,0,0.852209735,0.842044531,-0.010165203999999983
1656,0.91223395,0.8723408,-0.03989314999999993,0.9228342,0.87120116,-0.05163304000000002,0.8875,0.875,-0.012499999999999956,0.0,0.0,0.0,0.0,0.0,0.0,0.0,0.0,0.0,1,1,0,0.91223394,0.872340812,-0.039893128
1657,0.8178588,0.9912263,0.1733675,0.7397983,0.98746616,0.24766785999999996,1.0,1.0,0.0,0.0,0.0,0.0,0.0,0.0,0.0,0.0,0.0,0.0,1,1,0,0.8178588099999999,0.991226312,0.17336750200000006
1658,1.0,1.0,0.0,1.0,1.0,0.0,1.0,1.0,0.0,0.0,0.0,0.0,0.0,0.0,0.0,0.0,0.0,0.0,1,1,0,1.0,1.0,0.0
1659,0.7395751,0.8121948,0.07261969999999995,0.67617863,0.7799212,0.10374256999999998,0.8875,0.8875,0.0,0.0,0.0,0.0,0.0,0.0,0.0,0.0,0.0,0.0,1,1,0,0.7395750409999999,0.81219484,0.07261979900000004
1660,1.0,1.0,0.0,1.0,1.0,0.0,1.0,1.0,0.0,0.0,0.0,0.0,0.0,0.0,0.0,0.0,0.0,0.0,1,1,0,1.0,1.0,0.0
1661,0.77959925,1.0,0.22040075000000003,0.7172846,1.0,0.28271539999999995,0.925,1.0,0.07499999999999996,0.0,0.0,0.0,0.0,0.0,0.0,0.0,0.0,0.0,1,1,0,0.7795992199999999,1.0,0.22040078000000007
1662,0.95500004,0.96250004,0.007499999999999951,1.0,1.0,0.0,0.85,0.875,0.025000000000000022,0.0,0.0,0.0,0.0,0.0,0.0,0.0,0.0,0.0,1,1,0,0.955,0.9624999999999999,0.007499999999999951
1663,0.4684875,0.37969157,-0.08879593000000002,0.32105356,0.16205935,-0.15899421000000002,0.8125,0.8875,0.07499999999999996,0.0,0.0,0.0,0.0,0.0,0.0,0.0,0.0,0.0,1,1,0,0.46848749199999995,0.37969154499999996,-0.08879594699999999
1664,0.84751093,0.92125934,0.07374840999999999,0.93751556,0.88751334,-0.050002219999999986,0.6375,1.0,0.36250000000000004,0.0,0.0,0.0,0.0,0.0,0.0,0.0,0.0,0.0,1,1,0,0.8475108919999998,0.921259338,0.07374844600000019
1665,0.96625006,0.95125,-0.015000059999999982,1.0,1.0,0.0,0.8875,0.83750004,-0.049999959999999954,0.0,0.0,0.0,0.0,0.0,0.0,0.0,0.0,0.0,1,1,0,0.9662499999999999,0.9512500119999999,-0.01499998800000002
1666,0.93345356,1.0,0.06654643999999998,0.90493375,1.0,0.09506625000000002,1.0,1.0,0.0,0.0,0.0,0.0,0.0,0.0,0.0,0.0,0.0,0.0,1,1,0,0.9334536249999998,1.0,0.06654637500000016
1667,1.0,1.0,0.0,1.0,1.0,0.0,1.0,1.0,0.0,0.0,0.0,0.0,0.0,0.0,0.0,0.0,0.0,0.0,1,1,0,1.0,1.0,0.0
1668,0.8899519,0.9386406,0.04868870000000003,0.9499312,0.91234374,-0.03758746000000002,0.75,1.0,0.25,0.0,0.0,0.0,0.0,0.0,0.0,0.0,0.0,0.0,1,1,0,0.8899518399999999,0.938640618,0.048688778000000044
1669,0.0,0.9389124,0.9389124,0.67487496,0.950232,0.27535703999999994,0.9016393,0.9125,0.010860699999999945,0.0,0.0,0.0,1.0,0.0,-1.0,0.0,0.0,0.0,0,1,1,0.7429042619999999,0.9389124,0.19600813800000005
1670,0.93625003,1.0,0.06374997000000004,1.0,1.0,0.0,0.7875,1.0,0.21250000000000002,0.0,0.0,0.0,0.0,0.0,0.0,0.0,0.0,0.0,1,1,0,0.9362499999999999,1.0,0.06375000000000008
1671,1.0,1.0,0.0,1.0,1.0,0.0,1.0,1.0,0.0,0.0,0.0,0.0,0.0,0.0,0.0,0.0,0.0,0.0,1,1,0,1.0,1.0,0.0
1672,0.80981153,0.8929173,0.08310577000000008,0.83008784,0.8952389,0.06515105999999993,0.7625,0.8875,0.125,0.0,0.0,0.0,0.0,0.0,0.0,0.0,0.0,0.0,1,1,0,0.809811488,0.8929172299999999,0.08310574199999987
1673,0.8965195,0.8807253,-0.01579419999999998,0.9325279,0.8617503,-0.0707776,0.8125,0.925,0.11250000000000004,0.0,0.0,0.0,0.0,0.0,0.0,0.0,0.0,0.0,1,1,0,0.89651953,0.88072521,-0.015794319999999917
1674,0.93708843,0.918055,-0.019033430000000018,0.99048346,0.9311499,-0.05933356000000001,0.8125,0.8875,0.07499999999999996,0.0,0.0,0.0,0.0,0.0,0.0,0.0,0.0,0.0,1,1,0,0.937088422,0.9180549299999999,-0.01903349200000004
1675,1.0,1.0,0.0,1.0,1.0,0.0,1.0,1.0,0.0,0.0,0.0,0.0,0.0,0.0,0.0,0.0,0.0,0.0,1,1,0,1.0,1.0,0.0
1676,0.9371439,0.9613566,0.024212699999999976,0.91020554,0.94479513,0.03458959000000006,1.0,1.0,0.0,0.0,0.0,0.0,0.0,0.0,0.0,0.0,0.0,0.0,1,1,0,0.9371438779999999,0.9613565909999999,0.024212713000000052
1677,0.8221974,0.948651,0.12645360000000005,0.91206753,0.97485864,0.06279111000000004,0.6125,0.8875,0.2749999999999999,0.0,0.0,0.0,0.0,0.0,0.0,0.0,0.0,0.0,1,1,0,0.822197271,0.948651048,0.12645377700000004
1678,0.8799052,0.8873467,0.00744149999999999,0.92486465,0.88728094,-0.03758370999999994,0.77500004,0.8875,0.11249995999999995,0.0,0.0,0.0,0.0,0.0,0.0,0.0,0.0,0.0,1,1,0,0.8799052669999998,0.887346658,0.007441391000000186
1679,0.29228634,0.8181721,0.52588576,0.2568376,0.8473886,0.590551,0.375,0.75,0.375,0.0,0.0,0.0,0.0,0.0,0.0,0.0,0.0,0.0,1,1,0,0.29228632,0.81817202,0.5258857
1680,0.29166093,0.98163015,0.68996922,0.052372735,0.9737574,0.921384665,0.85,1.0,0.15000000000000002,0.0,0.0,0.0,0.0,0.0,0.0,0.0,0.0,0.0,1,1,0,0.2916609145,0.98163018,0.6899692655
1681,1.0,1.0,0.0,1.0,1.0,0.0,1.0,1.0,0.0,0.0,0.0,0.0,0.0,0.0,0.0,0.0,0.0,0.0,1,1,0,1.0,1.0,0.0
1682,0.0,0.0,0.0,1.0,1.0,0.0,1.0,1.0,0.0,1.0,1.0,0.0,1.0,1.0,0.0,0.0,0.0,0.0,0,0,0,1.0,1.0,0.0
1683,0.8668503,0.96250004,0.09564974000000004,0.98657185,1.0,0.013428149999999972,0.58750004,0.875,0.28749996,0.0,0.0,0.0,0.0,0.0,0.0,0.0,0.0,0.0,1,1,0,0.866850307,0.9624999999999999,0.09564969299999992
1684,0.82078534,0.9212603,0.10047496,0.743979,0.9464432,0.2024642000000001,1.0,0.8625,-0.13749999999999996,0.0,0.0,0.0,0.0,0.0,0.0,0.0,0.0,0.0,1,1,0,0.8207852999999998,0.9212602400000001,0.10047494000000023
1685,0.86973476,0.92125,0.05151523999999996,0.91569245,1.0,0.08430755000000001,0.7625,0.7375,-0.02499999999999991,0.0,0.0,0.0,0.0,0.0,0.0,0.0,0.0,0.0,1,1,0,0.869734715,0.9212499999999999,0.05151528499999991
1686,0.88646615,0.9304876,0.04402145000000002,0.95030874,0.90069646,-0.04961227999999995,0.7375,1.0,0.26249999999999996,0.0,0.0,0.0,0.0,0.0,0.0,0.0,0.0,0.0,1,1,0,0.886466118,0.930487522,0.044021403999999986
1687,0.90297526,0.9708856,0.06791034000000007,0.86139315,0.95840794,0.0970147899999999,1.0,1.0,0.0,0.0,0.0,0.0,0.0,0.0,0.0,0.0,0.0,0.0,1,1,0,0.902975205,0.970885558,0.06791035300000003
1688,1.0,1.0,0.0,1.0,1.0,0.0,1.0,1.0,0.0,0.0,0.0,0.0,0.0,0.0,0.0,0.0,0.0,0.0,1,1,0,1.0,1.0,0.0
1689,0.9535285,0.9375221,-0.016006399999999976,0.9871836,0.91074586,-0.07643774000000003,0.875,1.0,0.125,0.0,0.0,0.0,0.0,0.0,0.0,0.0,0.0,0.0,1,1,0,0.9535285200000001,0.937522102,-0.016006418000000133
1690,0.96625006,1.0,0.03374993999999998,1.0,1.0,0.0,0.8875,1.0,0.11250000000000004,0.0,0.0,0.0,0.0,0.0,0.0,0.0,0.0,0.0,1,1,0,0.9662499999999999,1.0,0.03375000000000006
1691,0.895,0.96625006,0.07125006,1.0,1.0,0.0,0.65000004,0.8875,0.23749995999999995,0.0,0.0,0.0,0.0,0.0,0.0,0.0,0.0,0.0,1,1,0,0.8950000119999999,0.9662499999999999,0.07124998800000004
1692,0.927635,0.87357724,-0.054057759999999955,0.89662135,0.819396,-0.07722534999999997,1.0,1.0,0.0,0.0,0.0,0.0,0.0,0.0,0.0,0.0,0.0,0.0,1,1,0,0.9276349449999999,0.8735771999999999,-0.054057744999999935
1693,0.0,0.0,0.0,1.0,1.0,0.0,1.0,1.0,0.0,1.0,0.0,-1.0,1.0,1.0,0.0,0.0,0.0,0.0,0,0,0,1.0,1.0,0.0
1694,0.95874995,1.0,0.04125005000000004,1.0,1.0,0.0,0.8625,1.0,0.13749999999999996,0.0,0.0,0.0,0.0,0.0,0.0,0.0,0.0,0.0,1,1,0,0.95875,1.0,0.04125000000000001
1695,0.93120843,0.9136648,-0.01754362999999992,0.9499407,0.92487824,-0.02506246000000001,0.8875,0.8875,0.0,0.0,0.0,0.0,0.0,0.0,0.0,0.0,0.0,0.0,1,1,0,0.9312084899999999,0.913664768,-0.017543721999999984
1696,0.8838749,0.898903,0.015028099999999989,0.92517847,0.88771856,-0.03745990999999993,0.7875,0.925,0.13750000000000007,0.0,0.0,0.0,0.0,0.0,0.0,0.0,0.0,0.0,1,1,0,0.8838749289999999,0.898902992,0.015028063000000147
1697,0.925,0.96625006,0.04125005999999998,1.0,1.0,0.0,0.75,0.8875,0.13749999999999996,0.0,0.0,0.0,0.0,0.0,0.0,0.0,0.0,0.0,1,1,0,0.9249999999999999,0.9662499999999999,0.04125000000000001
1698,1.0,1.0,0.0,1.0,1.0,0.0,1.0,1.0,0.0,0.0,0.0,0.0,0.0,0.0,0.0,0.0,0.0,0.0,1,1,0,1.0,1.0,0.0
1699,0.87742627,0.8334343,-0.04399196999999999,0.8248946,0.7620491,-0.0628455,1.0,1.0,0.0,0.0,0.0,0.0,0.0,0.0,0.0,0.0,0.0,0.0,1,1,0,0.87742622,0.83343437,-0.043991850000000055
1700,1.0,1.0,0.0,1.0,1.0,0.0,1.0,1.0,0.0,0.0,0.0,0.0,0.0,0.0,0.0,0.0,0.0,0.0,1,1,0,1.0,1.0,0.0
1701,0.9008032,0.92200756,0.021204359999999922,0.93864745,0.88858217,-0.0500652800000001,0.8125,1.0,0.1875,0.0,0.0,0.0,0.0,0.0,0.0,0.0,0.0,0.0,1,1,0,0.900803215,0.9220075189999999,0.02120430399999984
1702,0.9362499,0.89874995,-0.03749994999999995,0.99999994,0.99999994,0.0,0.7875,0.6625,-0.125,0.0,0.0,0.0,0.0,0.0,0.0,0.0,0.0,0.0,1,1,0,0.936249958,0.898749958,-0.03749999999999998
1703,0.8740951,0.9987071,0.12461199999999995,0.82013583,0.998153,0.17801716999999995,1.0,1.0,0.0,0.0,0.0,0.0,0.0,0.0,0.0,0.0,0.0,0.0,1,1,0,0.8740950809999999,0.9987070999999998,0.12461201899999996
1704,0.94375,0.96250004,0.018750040000000023,1.0,1.0,0.0,0.8125,0.875,0.0625,0.0,0.0,0.0,0.0,0.0,0.0,0.0,0.0,0.0,1,1,0,0.94375,0.9624999999999999,0.018749999999999933
1705,0.89886314,0.94132835,0.04246521000000003,0.9626616,0.9751119,0.012450300000000025,0.75,0.8625,0.11250000000000004,0.0,0.0,0.0,0.0,0.0,0.0,0.0,0.0,0.0,1,1,0,0.8988631199999999,0.9413283299999999,0.04246521000000003
1706,0.99109745,0.96624994,-0.024847510000000073,0.98728216,0.99999994,0.012717780000000012,1.0,0.8875,-0.11250000000000004,0.0,0.0,0.0,0.0,0.0,0.0,0.0,0.0,0.0,1,1,0,0.9910975120000001,0.966249958,-0.02484755400000005
1707,1.0,1.0,0.0,1.0,1.0,0.0,1.0,1.0,0.0,0.0,0.0,0.0,0.0,0.0,0.0,0.0,0.0,0.0,1,1,0,1.0,1.0,0.0
1708,1.0,1.0,0.0,1.0,1.0,0.0,1.0,1.0,0.0,0.0,0.0,0.0,0.0,0.0,0.0,0.0,0.0,0.0,1,1,0,1.0,1.0,0.0
1709,0.89379275,0.94,0.04620724999999992,0.98756105,1.0,0.012438949999999949,0.675,0.8,0.125,0.0,0.0,0.0,0.0,0.0,0.0,0.0,0.0,0.0,1,1,0,0.893792735,0.94,0.04620726499999994
1710,0.8706574,0.95525426,0.08459686,0.863439,0.93607754,0.07263854000000003,0.8875,1.0,0.11250000000000004,0.0,0.0,0.0,0.0,0.0,0.0,0.0,0.0,0.0,1,1,0,0.8706573,0.955254278,0.08459697799999999
1711,0.94020176,0.912994,-0.027207760000000025,0.9627883,0.87570566,-0.08708263999999999,0.8875,1.0,0.11250000000000004,0.0,0.0,0.0,0.0,0.0,0.0,0.0,0.0,0.0,1,1,0,0.94020181,0.912993962,-0.02720784799999998
1712,0.90870017,0.86580485,-0.04289532000000007,0.90171444,0.84043556,-0.061278880000000036,0.925,0.925,0.0,0.0,0.0,0.0,0.0,0.0,0.0,0.0,0.0,0.0,1,1,0,0.9087001079999999,0.8658048919999999,-0.042895216000000014
1713,0.9316355,0.88836807,-0.043267429999999996,0.95055073,0.88874,-0.061810730000000036,0.8875,0.8875,0.0,0.0,0.0,0.0,0.0,0.0,0.0,0.0,0.0,0.0,1,1,0,0.931635511,0.8883679999999999,-0.043267511000000036
1714,1.0,1.0,0.0,1.0,1.0,0.0,1.0,1.0,0.0,0.0,0.0,0.0,0.0,0.0,0.0,0.0,0.0,0.0,1,1,0,1.0,1.0,0.0
1715,0.87250006,0.937997,0.06549693999999995,1.0,0.9649956,-0.03500440000000005,0.575,0.875,0.30000000000000004,0.0,0.0,0.0,0.0,0.0,0.0,0.0,0.0,0.0,1,1,0,0.8724999999999999,0.93799692,0.06549692000000007
1716,0.9192753,0.90418094,-0.015094359999999973,0.9328932,0.92204404,-0.010849160000000024,0.8875,0.8625,-0.02499999999999991,0.0,0.0,0.0,0.0,0.0,0.0,0.0,0.0,0.0,1,1,0,0.9192752399999999,0.9041808279999999,-0.015094412000000057
1717,0.95500004,1.0,0.04499995999999995,1.0,1.0,0.0,0.85,1.0,0.15000000000000002,0.0,0.0,0.0,0.0,0.0,0.0,0.0,0.0,0.0,1,1,0,0.955,1.0,0.04500000000000004
1718,0.8530925,0.92941344,0.07632094,0.7901321,0.89916193,0.10902983,1.0,1.0,0.0,0.0,0.0,0.0,0.0,0.0,0.0,0.0,0.0,0.0,1,1,0,0.85309247,0.929413351,0.07632088100000001
1719,0.81556666,0.85037005,0.03480338999999999,0.8115238,0.78624284,-0.02528096000000002,0.825,1.0,0.17500000000000004,0.0,0.0,0.0,0.0,0.0,0.0,0.0,0.0,0.0,1,1,0,0.8155666599999999,0.850369988,0.03480332800000008
1720,0.96625006,0.9383463,-0.027903760000000055,1.0,0.91192335,-0.08807664999999998,0.8875,1.0,0.11250000000000004,0.0,0.0,0.0,0.0,0.0,0.0,0.0,0.0,0.0,1,1,0,0.9662499999999999,0.938346345,-0.027903654999999916
1721,0.91461223,0.9051154,-0.009496830000000012,0.92623174,0.8644506,-0.06178114000000001,0.8875,1.0,0.11250000000000004,0.0,0.0,0.0,0.0,0.0,0.0,0.0,0.0,0.0,1,1,0,0.9146122179999999,0.90511542,-0.009496797999999917
1722,0.73827636,0.8345896,0.09631324000000008,0.8082519,0.897628,0.08937609999999996,0.575,0.6875,0.11250000000000004,0.0,0.0,0.0,0.0,0.0,0.0,0.0,0.0,0.0,1,1,0,0.7382763299999999,0.8345895999999999,0.09631327
1723,1.0,1.0,0.0,1.0,1.0,0.0,1.0,1.0,0.0,0.0,0.0,0.0,0.0,0.0,0.0,0.0,0.0,0.0,1,1,0,1.0,1.0,0.0
1724,0.0,0.0,0.0,0.008631383,0.008631383,0.0,1.0,1.0,0.0,0.0,0.0,0.0,1.0,1.0,0.0,0.0,0.0,0.0,0,0,0,0.3060419681,0.3060419681,0.0
1725,0.94843197,0.9110123,-0.037419670000000016,0.9745456,0.87287474,-0.10167086000000003,0.8875,1.0,0.11250000000000004,0.0,0.0,0.0,0.0,0.0,0.0,0.0,0.0,0.0,1,1,0,0.94843192,0.911012318,-0.03741960199999994
1726,1.0,1.0,0.0,1.0,1.0,0.0,1.0,1.0,0.0,0.0,0.0,0.0,0.0,0.0,0.0,0.0,0.0,0.0,1,1,0,1.0,1.0,0.0
1727,0.7974241,0.89491254,0.09748844000000001,0.85524863,0.8980894,0.042840770000000084,0.6625,0.8875,0.22499999999999998,0.0,0.0,0.0,0.0,0.0,0.0,0.0,0.0,0.0,1,1,0,0.7974240409999999,0.89491258,0.0974885390000001
1728,0.97375005,1.0,0.026249949999999966,1.0,1.0,0.0,0.9125,1.0,0.08750000000000002,0.0,0.0,0.0,0.0,0.0,0.0,0.0,0.0,0.0,1,1,0,0.9737499999999999,1.0,0.026250000000000107
1729,0.7979595,0.81864816,0.020688659999999914,0.759585,0.7730688,0.013483800000000046,0.8875,0.925,0.03750000000000009,0.0,0.0,0.0,0.0,0.0,0.0,0.0,0.0,0.0,1,1,0,0.7979594999999999,0.81864816,0.020688660000000025
1730,0.938894,0.9101952,-0.028698800000000024,0.91270566,0.9413502,0.02864454000000005,1.0,0.83750004,-0.16249996,0.0,0.0,0.0,0.0,0.0,0.0,0.0,0.0,0.0,1,1,0,0.9388939619999999,0.9101951519999999,-0.028698809999999964
1731,0.91375,0.97749996,0.06374996,0.99999994,0.99999994,0.0,0.71250004,0.925,0.21249996000000004,0.0,0.0,0.0,0.0,0.0,0.0,0.0,0.0,0.0,1,1,0,0.91374997,0.9774999580000001,0.06374998800000009
1732,1.0,1.0,0.0,1.0,1.0,0.0,1.0,1.0,0.0,0.0,0.0,0.0,0.0,0.0,0.0,0.0,0.0,0.0,1,1,0,1.0,1.0,0.0
1733,0.3006144,1.0,0.6993856,0.00087768753,1.0,0.99912231247,1.0,1.0,0.0,0.0,0.0,0.0,0.0,0.0,0.0,0.0,0.0,0.0,1,1,0,0.300614381271,1.0,0.699385618729
1734,0.7660405,0.83375895,0.06771844999999999,0.8157722,0.7625128,-0.05325939999999996,0.65000004,1.0,0.34999996,0.0,0.0,0.0,0.0,0.0,0.0,0.0,0.0,0.0,1,1,0,0.766040552,0.8337589599999999,0.06771840799999995
1735,0.87605315,0.93127215,0.05521900000000002,0.86579025,0.9339601,0.06816984999999998,0.90000004,0.925,0.024999960000000043,0.0,0.0,0.0,0.0,0.0,0.0,0.0,0.0,0.0,1,1,0,0.876053187,0.9312720699999999,0.055218882999999885
1736,0.9187086,0.9006657,-0.018042899999999973,0.94815505,0.85809386,-0.09006119000000001,0.85,1.0,0.15000000000000002,0.0,0.0,0.0,0.0,0.0,0.0,0.0,0.0,0.0,1,1,0,0.9187085349999999,0.900665702,-0.01804283299999998
1737,1.0,1.0,0.0,1.0,1.0,0.0,1.0,1.0,0.0,0.0,0.0,0.0,0.0,0.0,0.0,0.0,0.0,0.0,1,1,0,1.0,1.0,0.0
1738,1.0,1.0,0.0,1.0,1.0,0.0,1.0,1.0,0.0,0.0,0.0,0.0,0.0,0.0,0.0,0.0,0.0,0.0,1,1,0,1.0,1.0,0.0
1739,1.0,1.0,0.0,1.0,1.0,0.0,1.0,1.0,0.0,0.0,0.0,0.0,0.0,0.0,0.0,0.0,0.0,0.0,1,1,0,1.0,1.0,0.0
1740,0.9996139,0.8906374,-0.10897650000000003,0.99944836,0.84376764,-0.15568072,1.0,1.0,0.0,0.0,0.0,0.0,0.0,0.0,0.0,0.0,0.0,0.0,1,1,0,0.999613852,0.890637348,-0.10897650399999992
1741,1.0,1.0,0.0,1.0,1.0,0.0,1.0,1.0,0.0,0.0,0.0,0.0,0.0,0.0,0.0,0.0,0.0,0.0,1,1,0,1.0,1.0,0.0
1742,1.0,1.0,0.0,1.0,1.0,0.0,1.0,1.0,0.0,0.0,0.0,0.0,0.0,0.0,0.0,0.0,0.0,0.0,1,1,0,1.0,1.0,0.0
1743,1.0,1.0,0.0,1.0,1.0,0.0,1.0,1.0,0.0,0.0,0.0,0.0,0.0,0.0,0.0,0.0,0.0,0.0,1,1,0,1.0,1.0,0.0
1744,0.9624254,0.99184304,0.029417640000000023,0.9945364,0.9883472,-0.006189200000000006,0.8875,1.0,0.11250000000000004,0.0,0.0,0.0,0.0,0.0,0.0,0.0,0.0,0.0,1,1,0,0.9624254799999999,0.99184304,0.029417560000000065
1745,0.96250004,0.97749996,0.014999919999999944,1.0,1.0,0.0,0.875,0.925,0.050000000000000044,0.0,0.0,0.0,0.0,0.0,0.0,0.0,0.0,0.0,1,1,0,0.9624999999999999,0.9775,0.015000000000000124
1746,0.8227779,0.9320103,0.10923240000000001,0.7468256,0.90287185,0.15604625000000005,1.0,1.0,0.0,0.0,0.0,0.0,0.0,0.0,0.0,0.0,0.0,0.0,1,1,0,0.82277792,0.932010295,0.10923237499999994
1747,0.66337794,0.9210194,0.25764146,0.56732565,0.8871705,0.31984484999999996,0.8875,1.0,0.11250000000000004,0.0,0.0,0.0,0.0,0.0,0.0,0.0,0.0,0.0,1,1,0,0.663377955,0.9210193499999999,0.25764139499999994
1748,0.92125,0.9823142,0.06106420000000001,1.0,0.97473454,-0.025265459999999962,0.7375,1.0,0.26249999999999996,0.0,0.0,0.0,0.0,0.0,0.0,0.0,0.0,0.0,1,1,0,0.9212499999999999,0.982314178,0.06106417800000008
1749,0.83407176,0.8678218,0.033750039999999926,0.811174,0.811174,0.0,0.8875,1.0,0.11250000000000004,0.0,0.0,0.0,0.0,0.0,0.0,0.0,0.0,0.0,1,1,0,0.8340717999999999,0.8678218,0.03375000000000006
1750,0.81831664,0.8900153,0.07169865999999991,0.77259517,0.842879,0.07028383000000005,0.925,1.0,0.07499999999999996,0.0,0.0,0.0,0.0,0.0,0.0,0.0,0.0,0.0,1,1,0,0.818316619,0.8900153,0.07169868099999999
1751,0.88833964,0.9220978,0.03375815999999998,0.92619944,0.88871115,-0.03748828999999998,0.8,1.0,0.19999999999999996,0.0,0.0,0.0,0.0,0.0,0.0,0.0,0.0,0.0,1,1,0,0.8883396079999999,0.9220978049999999,0.033758197000000045
1752,0.8770914,0.91084146,0.033750060000000026,0.87263066,0.87263066,0.0,0.8875,1.0,0.11250000000000004,0.0,0.0,0.0,0.0,0.0,0.0,0.0,0.0,0.0,1,1,0,0.877091462,0.910841462,0.03375000000000006
1753,0.8608727,0.8963606,0.035487899999999906,0.9137466,0.8519437,-0.061802899999999994,0.7375,1.0,0.26249999999999996,0.0,0.0,0.0,0.0,0.0,0.0,0.0,0.0,0.0,1,1,0,0.8608726199999999,0.89636059,0.035487970000000146
1754,1.0,1.0,0.0,1.0,1.0,0.0,1.0,1.0,0.0,0.0,0.0,0.0,0.0,0.0,0.0,0.0,0.0,0.0,1,1,0,1.0,1.0,0.0
1755,1.0,1.0,0.0,1.0,1.0,0.0,1.0,1.0,0.0,0.0,0.0,0.0,0.0,0.0,0.0,0.0,0.0,0.0,1,1,0,1.0,1.0,0.0
1756,0.8284618,0.95125,0.12278820000000001,0.9745884,1.0,0.02541159999999998,0.4875,0.83750004,0.35000004,0.0,0.0,0.0,0.0,0.0,0.0,0.0,0.0,0.0,1,1,0,0.82846188,0.9512500119999999,0.12278813199999994
1757,1.0,1.0,0.0,1.0,1.0,0.0,1.0,1.0,0.0,0.0,0.0,0.0,0.0,0.0,0.0,0.0,0.0,0.0,1,1,0,1.0,1.0,0.0
1758,0.92196006,0.8937885,-0.028171559999999984,0.93672866,0.8482693,-0.08845935999999999,0.8875,1.0,0.11250000000000004,0.0,0.0,0.0,0.0,0.0,0.0,0.0,0.0,0.0,1,1,0,0.9219600619999999,0.89378851,-0.028171551999999878
1759,1.0,1.0,0.0,1.0,1.0,0.0,1.0,1.0,0.0,0.0,0.0,0.0,0.0,0.0,0.0,0.0,0.0,0.0,1,1,0,1.0,1.0,0.0
1760,1.0,1.0,0.0,1.0,1.0,0.0,1.0,1.0,0.0,0.0,0.0,0.0,0.0,0.0,0.0,0.0,0.0,0.0,1,1,0,1.0,1.0,0.0
1761,1.0,1.0,0.0,1.0,1.0,0.0,1.0,1.0,0.0,0.0,0.0,0.0,0.0,0.0,0.0,0.0,0.0,0.0,1,1,0,1.0,1.0,0.0
1762,0.8674553,0.92110234,0.05364703999999998,0.9499361,0.88728905,-0.06264704999999993,0.675,1.0,0.32499999999999996,0.0,0.0,0.0,0.0,0.0,0.0,0.0,0.0,0.0,1,1,0,0.8674552699999999,0.921102335,0.05364706500000016
1763,0.8793108,0.87507993,-0.004230869999999998,0.85972965,0.82154274,-0.03818690999999996,0.925,1.0,0.07499999999999996,0.0,0.0,0.0,0.0,0.0,0.0,0.0,0.0,0.0,1,1,0,0.8793107549999999,0.875079918,-0.004230836999999932
1764,1.0,1.0,0.0,1.0,1.0,0.0,1.0,1.0,0.0,0.0,0.0,0.0,0.0,0.0,0.0,0.0,0.0,0.0,1,1,0,1.0,1.0,0.0
1765,0.97749996,1.0,0.022500040000000054,1.0,1.0,0.0,0.925,1.0,0.07499999999999996,0.0,0.0,0.0,0.0,0.0,0.0,0.0,0.0,0.0,1,1,0,0.9775,1.0,0.022499999999999964
1766,0.97375005,1.0,0.026249949999999966,1.0,1.0,0.0,0.9125,1.0,0.08750000000000002,0.0,0.0,0.0,0.0,0.0,0.0,0.0,0.0,0.0,1,1,0,0.9737499999999999,1.0,0.026250000000000107
1767,0.91371185,0.9299518,0.016239950000000003,0.96244544,0.8999311,-0.06251434,0.8,1.0,0.19999999999999996,0.0,0.0,0.0,0.0,0.0,0.0,0.0,0.0,0.0,1,1,0,0.913711808,0.92995177,0.016239961999999997
1768,0.79983735,0.85208064,0.05224328999999994,0.8158391,0.78868663,-0.027152469999999984,0.7625,1.0,0.23750000000000004,0.0,0.0,0.0,0.0,0.0,0.0,0.0,0.0,0.0,1,1,0,0.79983737,0.8520806409999999,0.052243270999999925
1769,0.95806056,0.9506262,-0.007434359999999973,0.9883008,0.9294659,-0.05883490000000002,0.8875,1.0,0.11250000000000004,0.0,0.0,0.0,0.0,0.0,0.0,0.0,0.0,0.0,1,1,0,0.95806056,0.9506261299999998,-0.007434430000000103
1770,0.7648131,0.8173132,0.05250009999999994,0.8247331,0.8247331,0.0,0.625,0.8,0.17500000000000004,0.0,0.0,0.0,0.0,0.0,0.0,0.0,0.0,0.0,1,1,0,0.7648131699999999,0.8173131699999999,0.05249999999999999
1771,0.96625006,1.0,0.03374993999999998,1.0,1.0,0.0,0.8875,1.0,0.11250000000000004,0.0,0.0,0.0,0.0,0.0,0.0,0.0,0.0,0.0,1,1,0,0.9662499999999999,1.0,0.03375000000000006
1772,0.96844083,0.97281027,0.004369439999999947,0.9870584,0.96115756,-0.025900840000000036,0.925,1.0,0.07499999999999996,0.0,0.0,0.0,0.0,0.0,0.0,0.0,0.0,0.0,1,1,0,0.96844088,0.9728102919999999,0.0043694119999999614
1773,0.7443099,0.87766266,0.13335276000000007,0.73115706,0.87880385,0.14764679000000003,0.77500004,0.875,0.09999996,0.0,0.0,0.0,0.0,0.0,0.0,0.0,0.0,0.0,1,1,0,0.744309954,0.8776626949999999,0.13335274099999994
1774,0.0,0.0,0.0,1.0,1.0,0.0,1.0,1.0,0.0,1.0,1.0,0.0,1.0,1.0,0.0,0.0,0.0,0.0,0,0,0,1.0,1.0,0.0
1775,0.95455927,1.0,0.04544073000000004,0.93508464,1.0,0.06491535999999998,1.0,1.0,0.0,0.0,0.0,0.0,0.0,0.0,0.0,0.0,0.0,0.0,1,1,0,0.954559248,1.0,0.04544075199999997
1776,0.9110346,0.88655025,-0.024484350000000044,0.9211208,0.8379289,-0.08319189999999999,0.8875,1.0,0.11250000000000004,0.0,0.0,0.0,0.0,0.0,0.0,0.0,0.0,0.0,1,1,0,0.9110345599999999,0.8865502299999999,-0.024484330000000054
1777,0.97374994,1.0,0.026250059999999964,0.99999994,0.99999994,0.0,0.9125,1.0,0.08750000000000002,0.0,0.0,0.0,0.0,0.0,0.0,0.0,0.0,0.0,1,1,0,0.973749958,0.9999999580000001,0.026250000000000107
1778,0.3401229,0.29307637,-0.04704653000000003,0.105532736,0.03832337,-0.06720936599999999,0.8875,0.8875,0.0,0.0,0.0,0.0,0.0,0.0,0.0,0.0,0.0,0.0,1,1,0,0.3401229152,0.293076359,-0.04704655619999998
1779,0.79077244,0.9921778,0.20140535999999998,0.7011035,0.98882544,0.28772194000000006,1.0,1.0,0.0,0.0,0.0,0.0,0.0,0.0,0.0,0.0,0.0,0.0,1,1,0,0.79077245,0.9921778079999999,0.20140535799999992
1780,0.96250004,1.0,0.03749996,1.0,1.0,0.0,0.875,1.0,0.125,0.0,0.0,0.0,0.0,0.0,0.0,0.0,0.0,0.0,1,1,0,0.9624999999999999,1.0,0.03750000000000009
1781,0.85,0.0,-0.85,0.99999994,0.9748012,-0.025198739999999997,0.5,0.925,0.42500000000000004,0.0,1.0,1.0,0.0,1.0,1.0,0.0,0.0,0.0,1,0,-1,0.849999958,0.9598608399999999,0.10986088199999988
1782,0.77529806,0.77529806,0.0,0.7325687,0.7325687,0.0,0.875,0.875,0.0,0.0,0.0,0.0,0.0,0.0,0.0,0.0,0.0,0.0,1,1,0,0.7752980899999999,0.7752980899999999,0.0
1783,0.92244786,0.8611625,-0.061285359999999955,0.93742555,0.849875,-0.08755055,0.8875,0.8875,0.0,0.0,0.0,0.0,0.0,0.0,0.0,0.0,0.0,0.0,1,1,0,0.922447885,0.8611624999999999,-0.061285385000000026
1784,0.9269907,0.93317187,0.006181170000000069,0.9492725,0.936674,-0.012598499999999957,0.875,0.925,0.050000000000000044,0.0,0.0,0.0,0.0,0.0,0.0,0.0,0.0,0.0,1,1,0,0.9269907499999999,0.9331718,0.006181050000000132
1785,0.0,0.0,0.0,0.00070893567,0.00020613764,-0.0005027980299999999,0.0,1.0,1.0,1.0,1.0,0.0,1.0,1.0,0.0,0.0,0.0,0.0,0,0,0,0.0004962549689999999,0.300144296348,0.299648041379
1786,0.8391367,0.87388545,0.034748749999999995,0.8076952,0.8198363,0.012141100000000016,0.9125,1.0,0.08750000000000002,0.0,0.0,0.0,0.0,0.0,0.0,0.0,0.0,0.0,1,1,0,0.83913664,0.87388541,0.034748769999999984
1787,0.8786482,1.0,0.12135180000000001,0.8266403,1.0,0.1733597,1.0,1.0,0.0,0.0,0.0,0.0,0.0,0.0,0.0,0.0,0.0,0.0,1,1,0,0.8786482099999999,1.0,0.12135179000000007
1788,0.8676801,0.8826801,0.015000000000000013,0.86454296,0.86454296,0.0,0.875,0.925,0.050000000000000044,0.0,0.0,0.0,0.0,0.0,0.0,0.0,0.0,0.0,1,1,0,0.867680072,0.8826800719999999,0.014999999999999902
1789,0.94375,1.0,0.05625000000000002,1.0,1.0,0.0,0.8125,1.0,0.1875,0.0,0.0,0.0,0.0,0.0,0.0,0.0,0.0,0.0,1,1,0,0.94375,1.0,0.05625000000000002
1790,0.96250004,1.0,0.03749996,1.0,1.0,0.0,0.875,1.0,0.125,0.0,0.0,0.0,0.0,0.0,0.0,0.0,0.0,0.0,1,1,0,0.9624999999999999,1.0,0.03750000000000009
1791,0.8782608,0.8782608,0.0,0.82608694,0.82608694,0.0,1.0,1.0,0.0,0.0,0.0,0.0,0.0,0.0,0.0,0.0,0.0,0.0,1,1,0,0.878260858,0.878260858,0.0
1792,0.95500004,0.9195444,-0.03545564000000001,1.0,0.93863493,-0.06136507000000002,0.85,0.875,0.025000000000000022,0.0,0.0,0.0,0.0,0.0,0.0,0.0,0.0,0.0,1,1,0,0.955,0.9195444509999999,-0.03545554900000003
1793,0.94375,1.0,0.05625000000000002,1.0,1.0,0.0,0.8125,1.0,0.1875,0.0,0.0,0.0,0.0,0.0,0.0,0.0,0.0,0.0,1,1,0,0.94375,1.0,0.05625000000000002
1794,0.89694065,0.8800521,-0.016888550000000002,0.8527723,0.8661458,0.013373499999999927,1.0,0.9125,-0.08750000000000002,0.0,0.0,0.0,0.0,0.0,0.0,0.0,0.0,0.0,1,1,0,0.8969406099999999,0.8800520599999999,-0.016888550000000002
1795,0.9197996,0.9503689,0.03056929999999991,0.97649944,0.9290985,-0.04740093999999995,0.7875,1.0,0.21250000000000002,0.0,0.0,0.0,0.0,0.0,0.0,0.0,0.0,0.0,1,1,0,0.9197996079999999,0.9503689499999999,0.030569341999999944
1796,1.0,1.0,0.0,1.0,1.0,0.0,1.0,1.0,0.0,0.0,0.0,0.0,0.0,0.0,0.0,0.0,0.0,0.0,1,1,0,1.0,1.0,0.0
1797,0.9311041,0.91204405,-0.019060049999999995,0.9497916,0.87434864,-0.07544295999999995,0.8875,1.0,0.11250000000000004,0.0,0.0,0.0,0.0,0.0,0.0,0.0,0.0,0.0,1,1,0,0.9311041199999999,0.912044048,-0.019060071999999817
1798,0.96250004,1.0,0.03749996,1.0,1.0,0.0,0.875,1.0,0.125,0.0,0.0,0.0,0.0,0.0,0.0,0.0,0.0,0.0,1,1,0,0.9624999999999999,1.0,0.03750000000000009
1799,0.0,1.0,1.0,0.7741034,1.0,0.2258966,0.6849315,1.0,0.3150685,1.0,0.0,-1.0,1.0,0.0,-1.0,0.0,0.0,0.0,0,1,1,0.7473518299999999,1.0,0.25264817000000006
1800,0.7505858,0.86167574,0.11108994000000005,0.71869403,0.8559654,0.13727137,0.825,0.875,0.050000000000000044,0.0,0.0,0.0,0.0,0.0,0.0,0.0,0.0,0.0,1,1,0,0.7505858209999999,0.8616757799999999,0.11108995899999996
1801,0.91375,0.86990833,-0.043841669999999944,1.0,0.97486913,-0.025130870000000027,0.71250004,0.625,-0.08750004,0.0,0.0,0.0,0.0,0.0,0.0,0.0,0.0,0.0,1,1,0,0.913750012,0.869908391,-0.043841621
1802,0.8937969,0.9830605,0.0892636,0.84828126,0.97580063,0.1275193699999999,1.0,1.0,0.0,0.0,0.0,0.0,0.0,0.0,0.0,0.0,0.0,0.0,1,1,0,0.893796882,0.9830604409999999,0.08926355899999994
1803,0.97749996,0.92283136,-0.054668599999999956,1.0,0.9379733,-0.06202669999999999,0.925,0.8875,-0.03750000000000009,0.0,0.0,0.0,0.0,0.0,0.0,0.0,0.0,0.0,1,1,0,0.9775,0.92283131,-0.054668690000000075
1804,0.87250006,0.9129626,0.040462539999999936,1.0,0.8756609,-0.12433910000000004,0.575,1.0,0.42500000000000004,0.0,0.0,0.0,0.0,0.0,0.0,0.0,0.0,0.0,1,1,0,0.8724999999999999,0.91296263,0.040462630000000055
1805,0.7700697,0.8252689,0.055199200000000004,0.78938526,0.75038415,-0.03900110999999995,0.725,1.0,0.275,0.0,0.0,0.0,0.0,0.0,0.0,0.0,0.0,0.0,1,1,0,0.7700696819999999,0.8252689049999999,0.05519922300000002
1806,0.85849,0.76331365,-0.09517635000000002,0.7978428,0.71009094,-0.08775186000000001,1.0,0.8875,-0.11250000000000004,0.0,0.0,0.0,0.0,0.0,0.0,0.0,0.0,0.0,1,1,0,0.85848996,0.763313658,-0.09517630200000005
1807,0.95874995,0.9150185,-0.043731450000000005,0.99999994,0.91074073,-0.08925921000000003,0.8625,0.925,0.0625,0.0,0.0,0.0,0.0,0.0,0.0,0.0,0.0,0.0,1,1,0,0.9587499580000001,0.915018511,-0.04373144700000009
1808,0.94375,0.93126696,-0.01248304,1.0,0.9018099,-0.09819009999999995,0.8125,1.0,0.1875,0.0,0.0,0.0,0.0,0.0,0.0,0.0,0.0,0.0,1,1,0,0.94375,0.93126693,-0.01248306999999993
1809,0.84838504,1.0,0.15161495999999997,0.78340715,1.0,0.21659284999999995,1.0,1.0,0.0,0.0,0.0,0.0,0.0,0.0,0.0,0.0,0.0,0.0,1,1,0,0.8483850049999999,1.0,0.15161499500000009
1810,0.96250004,1.0,0.03749996,1.0,1.0,0.0,0.875,1.0,0.125,0.0,0.0,0.0,0.0,0.0,0.0,0.0,0.0,0.0,1,1,0,0.9624999999999999,1.0,0.03750000000000009
1811,0.91899484,0.87928885,-0.03970598999999997,0.9324926,0.8275556,-0.10493700000000006,0.8875,1.0,0.11250000000000004,0.0,0.0,0.0,0.0,0.0,0.0,0.0,0.0,0.0,1,1,0,0.91899482,0.8792889199999998,-0.03970590000000018
1812,0.94,0.96625006,0.026250060000000075,1.0,1.0,0.0,0.8,0.8875,0.08749999999999991,0.0,0.0,0.0,0.0,0.0,0.0,0.0,0.0,0.0,1,1,0,0.94,0.9662499999999999,0.026249999999999996
1813,0.85,0.96999997,0.11999997000000007,1.0,1.0,0.0,0.5,0.90000004,0.40000004,0.0,0.0,0.0,0.0,0.0,0.0,0.0,0.0,0.0,1,1,0,0.85,0.970000012,0.12000001199999999
1814,0.87461007,0.9566805,0.08207043000000003,0.9012286,0.93811494,0.036886339999999906,0.8125,1.0,0.1875,0.0,0.0,0.0,0.0,0.0,0.0,0.0,0.0,0.0,1,1,0,0.87461002,0.9566804579999999,0.08207043799999991
1815,0.97375005,0.97749996,0.003749909999999912,1.0,1.0,0.0,0.9125,0.925,0.012500000000000067,0.0,0.0,0.0,0.0,0.0,0.0,0.0,0.0,0.0,1,1,0,0.9737499999999999,0.9775,0.003750000000000142
1816,0.840394,0.8803672,0.03997320000000004,0.82020575,0.86123884,0.041033089999999994,0.8875,0.925,0.03750000000000009,0.0,0.0,0.0,0.0,0.0,0.0,0.0,0.0,0.0,1,1,0,0.8403940249999999,0.8803671879999999,0.03997316299999998
1817,1.0,1.0,0.0,1.0,1.0,0.0,1.0,1.0,0.0,0.0,0.0,0.0,0.0,0.0,0.0,0.0,0.0,0.0,1,1,0,1.0,1.0,0.0
1818,0.97749996,0.97292775,-0.0045722099999999655,0.99999994,0.9613254,-0.038674540000000035,0.925,1.0,0.07499999999999996,0.0,0.0,0.0,0.0,0.0,0.0,0.0,0.0,0.0,1,1,0,0.9774999580000001,0.97292778,-0.004572178000000093
1819,0.92118686,0.89855814,-0.022628720000000047,0.96240973,0.8872259,-0.07518382999999995,0.825,0.925,0.10000000000000009,0.0,0.0,0.0,0.0,0.0,0.0,0.0,0.0,0.0,1,1,0,0.9211868109999999,0.8985581300000001,-0.022628680999999817
1820,1.0,1.0,0.0,1.0,1.0,0.0,1.0,1.0,0.0,0.0,0.0,0.0,0.0,0.0,0.0,0.0,0.0,0.0,1,1,0,1.0,1.0,0.0
1821,0.78940326,0.7644461,-0.024957160000000034,0.8491475,0.8242087,-0.02493880000000004,0.65000004,0.625,-0.02500004,0.0,0.0,0.0,0.0,0.0,0.0,0.0,0.0,0.0,1,1,0,0.789403262,0.76444609,-0.024957172000000027
1822,1.0,1.0,0.0,1.0,1.0,0.0,1.0,1.0,0.0,0.0,0.0,0.0,0.0,0.0,0.0,0.0,0.0,0.0,1,1,0,1.0,1.0,0.0
1823,0.84774226,0.8071148,-0.04062745999999995,0.8467746,0.75659245,-0.09018215000000007,0.85,0.925,0.07500000000000007,0.0,0.0,0.0,0.0,0.0,0.0,0.0,0.0,0.0,1,1,0,0.84774222,0.807114715,-0.04062750500000001
1824,0.908857,0.9213961,0.012539100000000025,0.9501529,0.8877086,-0.06244430000000001,0.8125,1.0,0.1875,0.0,0.0,0.0,0.0,0.0,0.0,0.0,0.0,0.0,1,1,0,0.90885703,0.92139602,0.012538990000000028
1825,1.0,1.0,0.0,1.0,1.0,0.0,1.0,1.0,0.0,0.0,0.0,0.0,0.0,0.0,0.0,0.0,0.0,0.0,1,1,0,1.0,1.0,0.0
1826,0.31321666,1.0,0.6867833400000001,0.018880943,1.0,0.981119057,1.0,1.0,0.0,0.0,0.0,0.0,0.0,0.0,0.0,0.0,0.0,0.0,1,1,0,0.3132166601,1.0,0.6867833399000001
1827,0.88630503,0.9269759,0.040670869999999915,0.8857929,0.9278227,0.042029800000000006,0.8875,0.925,0.03750000000000009,0.0,0.0,0.0,0.0,0.0,0.0,0.0,0.0,0.0,1,1,0,0.8863050299999999,0.92697589,0.040670860000000086
1828,0.90747327,0.91621107,0.008737800000000018,0.9374618,0.9124443,-0.025017500000000026,0.83750004,0.925,0.08749996000000004,0.0,0.0,0.0,0.0,0.0,0.0,0.0,0.0,0.0,1,1,0,0.9074732719999999,0.91621101,0.008737738000000106
1829,0.8813183,0.8429863,-0.03833200000000003,0.9108119,0.83462334,-0.07618855999999996,0.8125,0.8625,0.050000000000000044,0.0,0.0,0.0,0.0,0.0,0.0,0.0,0.0,0.0,1,1,0,0.88131833,0.842986338,-0.03833199200000004
1830,0.9272443,0.9137606,-0.013483699999999987,0.9764204,0.8768008,-0.09961959999999992,0.8125,1.0,0.1875,0.0,0.0,0.0,0.0,0.0,0.0,0.0,0.0,0.0,1,1,0,0.9272442799999999,0.91376056,-0.013483719999999866
1831,0.96250004,1.0,0.03749996,1.0,1.0,0.0,0.875,1.0,0.125,0.0,0.0,0.0,0.0,0.0,0.0,0.0,0.0,0.0,1,1,0,0.9624999999999999,1.0,0.03750000000000009
1832,0.97375005,1.0,0.026249949999999966,1.0,1.0,0.0,0.9125,1.0,0.08750000000000002,0.0,0.0,0.0,0.0,0.0,0.0,0.0,0.0,0.0,1,1,0,0.9737499999999999,1.0,0.026250000000000107
1833,0.89534533,0.95639306,0.06104772999999997,0.9040647,0.98591876,0.08185405999999995,0.875,0.8875,0.012499999999999956,0.0,0.0,0.0,0.0,0.0,0.0,0.0,0.0,0.0,1,1,0,0.8953452900000001,0.956393132,0.06104784199999991
1834,0.9599395,0.91245025,-0.04748924999999993,0.97491354,0.87492895,-0.09998458999999993,0.925,1.0,0.07499999999999996,0.0,0.0,0.0,0.0,0.0,0.0,0.0,0.0,0.0,1,1,0,0.9599394779999999,0.9124502649999999,-0.047489212999999975
1835,0.0,0.6710599,0.6710599,0.46081167,0.5997284,0.13891673000000004,0.5813953,0.83750004,0.25610474000000005,0.0,0.0,0.0,0.0,0.0,0.0,1.0,0.0,-1.0,0,1,1,0.49698675899999994,0.6710598919999999,0.174073133
1836,0.88700145,0.83945006,-0.04755138999999997,0.88678783,0.8242144,-0.06257343000000004,0.8875,0.875,-0.012499999999999956,0.0,0.0,0.0,0.0,0.0,0.0,0.0,0.0,0.0,1,1,0,0.887001481,0.83945008,-0.04755140099999999
1837,0.90493375,0.8600451,-0.044888649999999974,0.91240543,0.8000644,-0.11234102999999995,0.8875,1.0,0.11250000000000004,0.0,0.0,0.0,0.0,0.0,0.0,0.0,0.0,0.0,1,1,0,0.9049338009999999,0.8600450799999999,-0.044888720999999965
1838,1.0,1.0,0.0,1.0,1.0,0.0,1.0,1.0,0.0,0.0,0.0,0.0,0.0,0.0,0.0,0.0,0.0,0.0,1,1,0,1.0,1.0,0.0
1839,1.0,1.0,0.0,1.0,1.0,0.0,1.0,1.0,0.0,0.0,0.0,0.0,0.0,0.0,0.0,0.0,0.0,0.0,1,1,0,1.0,1.0,0.0
1840,1.0,0.9634693,-0.03653070000000003,1.0,0.9478134,-0.05218659999999997,1.0,1.0,0.0,0.0,0.0,0.0,0.0,0.0,0.0,0.0,0.0,0.0,1,1,0,1.0,0.96346938,-0.03653061999999996
1841,0.823925,0.9540168,0.13009179999999998,0.79667866,0.9343097,0.13763104000000004,0.8875,1.0,0.11250000000000004,0.0,0.0,0.0,0.0,0.0,0.0,0.0,0.0,0.0,1,1,0,0.8239250619999999,0.9540167900000001,0.13009172800000013
1842,1.0,1.0,0.0,1.0,1.0,0.0,1.0,1.0,0.0,0.0,0.0,0.0,0.0,0.0,0.0,0.0,0.0,0.0,1,1,0,1.0,1.0,0.0
1843,0.94375,0.9438309,8.090000000005038e-05,1.0,0.9519013,-0.04809870000000005,0.8125,0.925,0.11250000000000004,0.0,0.0,0.0,0.0,0.0,0.0,0.0,0.0,0.0,1,1,0,0.94375,0.94383091,8.09099999999896e-05
1844,1.0,1.0,0.0,1.0,1.0,0.0,1.0,1.0,0.0,0.0,0.0,0.0,0.0,0.0,0.0,0.0,0.0,0.0,1,1,0,1.0,1.0,0.0
1845,0.97309846,0.91050667,-0.06259179000000004,0.96156925,0.87215227,-0.08941698000000009,1.0,1.0,0.0,0.0,0.0,0.0,0.0,0.0,0.0,0.0,0.0,0.0,1,1,0,0.973098475,0.9105065889999999,-0.0625918860000001
1846,0.8604571,0.8195738,-0.040883299999999956,0.84886736,0.74224836,-0.10661899999999991,0.8875,1.0,0.11250000000000004,0.0,0.0,0.0,0.0,0.0,0.0,0.0,0.0,0.0,1,1,0,0.860457152,0.819573852,-0.040883299999999956
1847,1.0,0.921385,-0.07861499999999999,0.99999994,0.88769287,-0.11230707000000006,1.0,1.0,0.0,0.0,0.0,0.0,0.0,0.0,0.0,0.0,0.0,0.0,1,1,0,0.9999999580000001,0.921385009,-0.0786149490000001
1848,0.8835083,0.9501376,0.0666293,0.83358335,0.92876804,0.09518469000000007,1.0,1.0,0.0,0.0,0.0,0.0,0.0,0.0,0.0,0.0,0.0,0.0,1,1,0,0.8835083449999999,0.950137628,0.06662928300000015
1849,0.8933989,0.8523036,-0.041095299999999946,0.94949836,0.84257656,-0.10692179999999996,0.7625,0.875,0.11250000000000004,0.0,0.0,0.0,0.0,0.0,0.0,0.0,0.0,0.0,1,1,0,0.8933988519999999,0.8523035919999999,-0.04109525999999997
1850,0.83997124,0.9124867,0.07251545999999998,0.89995897,0.8749809,-0.024978070000000074,0.7,1.0,0.30000000000000004,0.0,0.0,0.0,0.0,0.0,0.0,0.0,0.0,0.0,1,1,0,0.8399712789999999,0.9124866299999999,0.07251535099999995
1851,1.0,1.0,0.0,1.0,1.0,0.0,1.0,1.0,0.0,0.0,0.0,0.0,0.0,0.0,0.0,0.0,0.0,0.0,1,1,0,1.0,1.0,0.0
1852,0.9312946,0.91046584,-0.02082876,0.9500638,0.872094,-0.07796979999999998,0.8875,1.0,0.11250000000000004,0.0,0.0,0.0,0.0,0.0,0.0,0.0,0.0,0.0,1,1,0,0.9312946599999999,0.9104657999999999,-0.02082886000000006
1853,0.93038577,0.8694003,-0.060985469999999986,0.900551,0.813429,-0.08712200000000003,1.0,1.0,0.0,0.0,0.0,0.0,0.0,0.0,0.0,0.0,0.0,0.0,1,1,0,0.9303857,0.8694002999999999,-0.06098540000000008
1854,0.92628556,0.9299922,0.0037066400000000943,0.9750508,0.89998883,-0.07506197000000003,0.8125,1.0,0.1875,0.0,0.0,0.0,0.0,0.0,0.0,0.0,0.0,0.0,1,1,0,0.92628556,0.929992181,0.0037066210000000765
1855,0.89618677,0.8948006,-0.0013861700000000754,0.8999096,0.84971505,-0.05019454999999995,0.8875,1.0,0.11250000000000004,0.0,0.0,0.0,0.0,0.0,0.0,0.0,0.0,0.0,1,1,0,0.8961867199999999,0.8948005349999999,-0.0013861849999999842
1856,1.0,1.0,0.0,1.0,1.0,0.0,1.0,1.0,0.0,0.0,0.0,0.0,0.0,0.0,0.0,0.0,0.0,0.0,1,1,0,1.0,1.0,0.0
1857,0.9860822,1.0,0.01391779999999998,0.9801174,0.99999994,0.019882540000000004,1.0,1.0,0.0,0.0,0.0,0.0,0.0,0.0,0.0,0.0,0.0,0.0,1,1,0,0.9860821799999999,0.9999999580000001,0.013917778000000158
1858,0.97076905,1.0,0.029230949999999978,0.95824146,1.0,0.04175854000000001,1.0,1.0,0.0,0.0,0.0,0.0,0.0,0.0,0.0,0.0,0.0,0.0,1,1,0,0.970769022,1.0,0.029230977999999963
1859,0.776143,0.89976376,0.12362076,0.7284186,0.8568054,0.12838680000000002,0.8875,1.0,0.11250000000000004,0.0,0.0,0.0,0.0,0.0,0.0,0.0,0.0,0.0,1,1,0,0.77614302,0.89976378,0.12362076
1860,0.97749996,1.0,0.022500040000000054,1.0,1.0,0.0,0.925,1.0,0.07499999999999996,0.0,0.0,0.0,0.0,0.0,0.0,0.0,0.0,0.0,1,1,0,0.9775,1.0,0.022499999999999964
1861,1.0,0.99709094,-0.002909060000000019,1.0,0.9958441,-0.00415589999999999,1.0,1.0,0.0,0.0,0.0,0.0,0.0,0.0,0.0,0.0,0.0,0.0,1,1,0,1.0,0.9970908699999999,-0.0029091300000001485
1862,1.0,1.0,0.0,1.0,1.0,0.0,1.0,1.0,0.0,0.0,0.0,0.0,0.0,0.0,0.0,0.0,0.0,0.0,1,1,0,1.0,1.0,0.0
1863,0.78672564,0.90641975,0.11969410999999996,0.7435366,0.866314,0.12277740000000004,0.8875,1.0,0.11250000000000004,0.0,0.0,0.0,0.0,0.0,0.0,0.0,0.0,0.0,1,1,0,0.7867256199999999,0.9064197999999999,0.11969417999999998
1864,0.9174576,0.9214123,0.003954699999999978,0.9624394,0.8877318,-0.07470759999999999,0.8125,1.0,0.1875,0.0,0.0,0.0,0.0,0.0,0.0,0.0,0.0,0.0,1,1,0,0.91745758,0.9214122599999999,0.003954679999999877
1865,0.92875004,0.97431564,0.045565599999999984,1.0,0.96330816,-0.03669184000000003,0.7625,1.0,0.23750000000000004,0.0,0.0,0.0,0.0,0.0,0.0,0.0,0.0,0.0,1,1,0,0.92875,0.9743157119999999,0.045565711999999925
1866,0.0,0.0,0.0,1.0,1.0,0.0,0.0,1.0,1.0,1.0,1.0,0.0,1.0,1.0,0.0,0.0,0.0,0.0,0,0,0,0.7,1.0,0.30000000000000004
1867,0.9175,1.0,0.08250000000000002,1.0,1.0,0.0,0.725,1.0,0.275,0.0,0.0,0.0,0.0,0.0,0.0,0.0,0.0,0.0,1,1,0,0.9175,1.0,0.08250000000000002
1868,0.7712309,0.7432441,-0.02798680000000009,0.80711555,0.7939201,-0.013195449999999997,0.6875,0.625,-0.0625,0.0,0.0,0.0,0.0,0.0,0.0,0.0,0.0,0.0,1,1,0,0.771230885,0.7432440699999999,-0.02798681500000011
1869,0.94774956,0.96625006,0.01850050000000003,0.9735707,1.0,0.02642929999999999,0.8875,0.8875,0.0,0.0,0.0,0.0,0.0,0.0,0.0,0.0,0.0,0.0,1,1,0,0.94774949,0.9662499999999999,0.01850050999999997
1870,0.96625006,1.0,0.03374993999999998,1.0,1.0,0.0,0.8875,1.0,0.11250000000000004,0.0,0.0,0.0,0.0,0.0,0.0,0.0,0.0,0.0,1,1,0,0.9662499999999999,1.0,0.03375000000000006
1871,0.8728539,0.9512209,0.07836700000000008,0.8719341,0.9303155,0.05838139999999992,0.875,1.0,0.125,0.0,0.0,0.0,0.0,0.0,0.0,0.0,0.0,0.0,1,1,0,0.8728538699999999,0.9512208499999999,0.07836697999999997
1872,0.84600204,0.9143999,0.06839786000000003,0.82821727,0.8777142,0.049496929999999995,0.8875,1.0,0.11250000000000004,0.0,0.0,0.0,0.0,0.0,0.0,0.0,0.0,0.0,1,1,0,0.846002089,0.91439994,0.06839785100000007
1873,0.9469679,0.89402753,-0.05294036999999996,0.92423975,0.84861076,-0.07562899000000001,1.0,1.0,0.0,0.0,0.0,0.0,0.0,0.0,0.0,0.0,0.0,0.0,1,1,0,0.946967825,0.894027532,-0.05294029300000003
1874,1.0,1.0,0.0,1.0,1.0,0.0,1.0,1.0,0.0,0.0,0.0,0.0,0.0,0.0,0.0,0.0,0.0,0.0,1,1,0,1.0,1.0,0.0
1875,1.0,1.0,0.0,1.0,1.0,0.0,1.0,1.0,0.0,0.0,0.0,0.0,0.0,0.0,0.0,0.0,0.0,0.0,1,1,0,1.0,1.0,0.0
1876,0.90625,0.96624994,0.059999939999999974,0.99999994,0.99999994,0.0,0.6875,0.8875,0.19999999999999996,0.0,0.0,0.0,0.0,0.0,0.0,0.0,0.0,0.0,1,1,0,0.9062499580000001,0.966249958,0.05999999999999994
1877,0.9093485,0.92430586,0.01495736000000003,0.9187121,0.8918655,-0.026846600000000054,0.8875,1.0,0.11250000000000004,0.0,0.0,0.0,0.0,0.0,0.0,0.0,0.0,0.0,1,1,0,0.90934847,0.9243058499999999,0.014957379999999909
1878,0.96057504,0.923487,-0.0370880400000001,0.97582144,0.8906957,-0.08512574000000006,0.925,1.0,0.07499999999999996,0.0,0.0,0.0,0.0,0.0,0.0,0.0,0.0,0.0,1,1,0,0.960575008,0.92348699,-0.037088017999999945
1879,0.92258704,0.92136556,-0.001221479999999997,0.9376244,0.887665,-0.04995939999999999,0.8875,1.0,0.11250000000000004,0.0,0.0,0.0,0.0,0.0,0.0,0.0,0.0,0.0,1,1,0,0.92258708,0.9213655000000001,-0.0012215799999999444
1880,1.0,1.0,0.0,1.0,1.0,0.0,1.0,1.0,0.0,0.0,0.0,0.0,0.0,0.0,0.0,0.0,0.0,0.0,1,1,0,1.0,1.0,0.0
1881,0.8570673,0.8999324,0.04286509999999999,0.84402466,0.85704625,0.013021590000000027,0.8875,1.0,0.11250000000000004,0.0,0.0,0.0,0.0,0.0,0.0,0.0,0.0,0.0,1,1,0,0.8570672619999999,0.8999323749999999,0.042865112999999955
1882,1.0,1.0,0.0,1.0,1.0,0.0,1.0,1.0,0.0,0.0,0.0,0.0,0.0,0.0,0.0,0.0,0.0,0.0,1,1,0,1.0,1.0,0.0
1883,1.0,1.0,0.0,1.0,1.0,0.0,1.0,1.0,0.0,0.0,0.0,0.0,0.0,0.0,0.0,0.0,0.0,0.0,1,1,0,1.0,1.0,0.0
1884,0.83258533,0.84638673,0.013801399999999964,0.90012187,0.8126954,-0.08742647000000003,0.675,0.925,0.25,0.0,0.0,0.0,0.0,0.0,0.0,0.0,0.0,0.0,1,1,0,0.8325853089999999,0.84638678,0.013801471000000065
1885,0.94375,0.98253345,0.03878345000000005,1.0,0.97504777,-0.02495223000000002,0.8125,1.0,0.1875,0.0,0.0,0.0,0.0,0.0,0.0,0.0,0.0,0.0,1,1,0,0.94375,0.982533439,0.03878343900000003
1886,0.9155448,0.92073786,0.005193059999999972,0.9543497,0.9189113,-0.03543839999999998,0.825,0.925,0.10000000000000009,0.0,0.0,0.0,0.0,0.0,0.0,0.0,0.0,0.0,1,1,0,0.9155447899999999,0.9207379099999999,0.005193120000000051
1887,0.8798453,0.9481859,0.06834059999999997,0.8765648,0.92597985,0.049415050000000016,0.8875,1.0,0.11250000000000004,0.0,0.0,0.0,0.0,0.0,0.0,0.0,0.0,0.0,1,1,0,0.87984536,0.948185895,0.06834053499999992
1888,0.83264256,0.91012573,0.07748316999999993,0.7609179,0.9305368,0.16961890000000002,1.0,0.8625,-0.13749999999999996,0.0,0.0,0.0,0.0,0.0,0.0,0.0,0.0,0.0,1,1,0,0.83264253,0.9101257599999999,0.0774832299999999
1889,1.0,1.0,0.0,1.0,1.0,0.0,1.0,1.0,0.0,0.0,0.0,0.0,0.0,0.0,0.0,0.0,0.0,0.0,1,1,0,1.0,1.0,0.0
1890,1.0,1.0,0.0,1.0,1.0,0.0,1.0,1.0,0.0,0.0,0.0,0.0,0.0,0.0,0.0,0.0,0.0,0.0,1,1,0,1.0,1.0,0.0
1891,1.0,1.0,0.0,1.0,1.0,0.0,1.0,1.0,0.0,0.0,0.0,0.0,0.0,0.0,0.0,0.0,0.0,0.0,1,1,0,1.0,1.0,0.0
1892,0.95125,0.91,-0.04125000000000001,1.0,1.0,0.0,0.83750004,0.7,-0.13750004000000005,0.0,0.0,0.0,0.0,0.0,0.0,0.0,0.0,0.0,1,1,0,0.9512500119999999,0.9099999999999999,-0.041250012
1893,0.91746086,0.93868273,0.021221869999999976,0.96244395,0.912404,-0.050039950000000055,0.8125,1.0,0.1875,0.0,0.0,0.0,0.0,0.0,0.0,0.0,0.0,0.0,1,1,0,0.9174607650000001,0.9386828,0.021222034999999972
1894,0.87733614,0.8894187,0.012082559999999964,0.8783374,0.8420267,-0.03631070000000003,0.875,1.0,0.125,0.0,0.0,0.0,0.0,0.0,0.0,0.0,0.0,0.0,1,1,0,0.8773361799999999,0.8894186900000001,0.012082510000000157
1895,0.97749996,1.0,0.022500040000000054,1.0,1.0,0.0,0.925,1.0,0.07499999999999996,0.0,0.0,0.0,0.0,0.0,0.0,0.0,0.0,0.0,1,1,0,0.9775,1.0,0.022499999999999964
1896,0.93503857,0.94784546,0.012806890000000015,0.907198,0.9254934,0.018295400000000073,1.0,1.0,0.0,0.0,0.0,0.0,0.0,0.0,0.0,0.0,0.0,0.0,1,1,0,0.9350385999999999,0.94784538,0.012806780000000018
1897,0.96999997,0.9829632,0.012963229999999992,1.0,0.9756617,-0.024338300000000035,0.90000004,1.0,0.09999996,0.0,0.0,0.0,0.0,0.0,0.0,0.0,0.0,0.0,1,1,0,0.970000012,0.98296319,0.01296317800000002
1898,1.0,1.0,0.0,1.0,1.0,0.0,1.0,1.0,0.0,0.0,0.0,0.0,0.0,0.0,0.0,0.0,0.0,0.0,1,1,0,1.0,1.0,0.0
1899,0.9224682,0.9211465,-0.0013216999999999812,0.9374545,0.8873521,-0.05010239999999999,0.8875,1.0,0.11250000000000004,0.0,0.0,0.0,0.0,0.0,0.0,0.0,0.0,0.0,1,1,0,0.9224681499999999,0.9211464699999998,-0.0013216800000001028
1900,1.0,1.0,0.0,1.0,1.0,0.0,1.0,1.0,0.0,0.0,0.0,0.0,0.0,0.0,0.0,0.0,0.0,0.0,1,1,0,1.0,1.0,0.0
1901,0.87213415,0.8796382,0.007504049999999984,0.91376305,0.87626886,-0.03749418999999998,0.77500004,0.8875,0.11249995999999995,0.0,0.0,0.0,0.0,0.0,0.0,0.0,0.0,0.0,1,1,0,0.8721341469999999,0.879638202,0.007504055000000065
1902,1.0,1.0,0.0,1.0,1.0,0.0,1.0,1.0,0.0,0.0,0.0,0.0,0.0,0.0,0.0,0.0,0.0,0.0,1,1,0,1.0,1.0,0.0
1903,0.9087208,0.90156984,-0.0071509600000000395,0.9178155,0.9450998,0.02728430000000004,0.8875,0.8,-0.08749999999999991,0.0,0.0,0.0,0.0,0.0,0.0,0.0,0.0,0.0,1,1,0,0.9087208499999999,0.90156986,-0.007150989999999968
1904,0.8905789,0.91872257,0.028143670000000065,0.8651128,0.8838894,0.018776600000000032,0.95,1.0,0.050000000000000044,0.0,0.0,0.0,0.0,0.0,0.0,0.0,0.0,0.0,1,1,0,0.89057896,0.9187225800000001,0.028143620000000036
1905,0.89918244,0.9243147,0.025132260000000017,0.85597485,0.8918782,0.03590335,1.0,1.0,0.0,0.0,0.0,0.0,0.0,0.0,0.0,0.0,0.0,0.0,1,1,0,0.899182395,0.92431474,0.025132345000000056
1906,0.7678092,0.8858104,0.11800120000000003,0.85579884,0.87972915,0.02393031000000001,0.5625,0.90000004,0.33750004,0.0,0.0,0.0,0.0,0.0,0.0,0.0,0.0,0.0,1,1,0,0.7678091879999999,0.885810417,0.1180012290000001
1907,0.7296851,0.8009352,0.07125009999999998,0.74776447,0.74776447,0.0,0.6875,0.925,0.23750000000000004,0.0,0.0,0.0,0.0,0.0,0.0,0.0,0.0,0.0,1,1,0,0.7296851289999999,0.800935129,0.07125000000000004
1908,0.81370604,0.82792675,0.014220710000000025,0.8142229,0.754181,-0.06004189999999998,0.8125,1.0,0.1875,0.0,0.0,0.0,0.0,0.0,0.0,0.0,0.0,0.0,1,1,0,0.81370603,0.8279266999999999,0.014220669999999935
1909,0.8677969,0.9593383,0.0915414,0.84328127,0.9419118,0.09863053,0.925,1.0,0.07499999999999996,0.0,0.0,0.0,0.0,0.0,0.0,0.0,0.0,0.0,1,1,0,0.8677968890000001,0.95933826,0.09154137099999993
1910,0.69987994,0.8187029,0.11882296000000003,0.6033999,0.7945755,0.1911756,0.925,0.875,-0.050000000000000044,0.0,0.0,0.0,0.0,0.0,0.0,0.0,0.0,0.0,1,1,0,0.69987993,0.81870285,0.11882291999999994
1911,1.0,1.0,0.0,1.0,1.0,0.0,1.0,1.0,0.0,0.0,0.0,0.0,0.0,0.0,0.0,0.0,0.0,0.0,1,1,0,1.0,1.0,0.0
1912,0.86499995,0.0,-0.86499995,1.0,1.0,0.0,0.55,0.7857143,0.23571429999999993,0.0,1.0,1.0,0.0,1.0,1.0,0.0,0.0,0.0,1,0,-1,0.865,0.93571429,0.07071428999999996
1913,1.0,0.91220725,-0.08779274999999997,1.0,0.8745818,-0.12541820000000004,1.0,1.0,0.0,0.0,0.0,0.0,0.0,0.0,0.0,0.0,0.0,0.0,1,1,0,1.0,0.91220726,-0.08779274000000004
1914,1.0,1.0,0.0,1.0,1.0,0.0,1.0,1.0,0.0,0.0,0.0,0.0,0.0,0.0,0.0,0.0,0.0,0.0,1,1,0,1.0,1.0,0.0
1915,0.9912114,0.9912114,0.0,0.9874449,0.9874449,0.0,1.0,1.0,0.0,0.0,0.0,0.0,0.0,0.0,0.0,0.0,0.0,0.0,1,1,0,0.9912114299999999,0.9912114299999999,0.0
1916,0.8833895,1.0,0.11661049999999995,0.88162774,1.0,0.11837226,0.8875,1.0,0.11250000000000004,0.0,0.0,0.0,0.0,0.0,0.0,0.0,0.0,0.0,1,1,0,0.8833894179999999,1.0,0.11661058200000007
1917,0.8988085,0.91913015,0.02032164999999997,0.8554407,0.88447165,0.02903095,1.0,1.0,0.0,0.0,0.0,0.0,0.0,0.0,0.0,0.0,0.0,0.0,1,1,0,0.89880849,0.919130155,0.02032166499999999
1918,1.0,1.0,0.0,1.0,1.0,0.0,1.0,1.0,0.0,0.0,0.0,0.0,0.0,0.0,0.0,0.0,0.0,0.0,1,1,0,1.0,1.0,0.0
1919,1.0,1.0,0.0,1.0,1.0,0.0,1.0,1.0,0.0,0.0,0.0,0.0,0.0,0.0,0.0,0.0,0.0,0.0,1,1,0,1.0,1.0,0.0
1920,0.8689926,0.8966675,0.027674899999999947,0.81284666,0.8523821,0.03953543999999998,1.0,1.0,0.0,0.0,0.0,0.0,0.0,0.0,0.0,0.0,0.0,0.0,1,1,0,0.8689926619999999,0.8966674699999999,0.027674807999999995
1921,0.97375005,0.9287419,-0.045008150000000025,1.0,0.97320265,-0.026797350000000053,0.9125,0.825,-0.08750000000000002,0.0,0.0,0.0,0.0,0.0,0.0,0.0,0.0,0.0,1,1,0,0.9737499999999999,0.9287418549999998,-0.045008145000000055
1922,0.8862465,0.918703,0.0324565,0.9499949,0.9374328,-0.01256210000000002,0.7375,0.875,0.13749999999999996,0.0,0.0,0.0,0.0,0.0,0.0,0.0,0.0,0.0,1,1,0,0.8862464299999999,0.9187029599999998,0.03245652999999993
1923,0.96625006,1.0,0.03374993999999998,1.0,1.0,0.0,0.8875,1.0,0.11250000000000004,0.0,0.0,0.0,0.0,0.0,0.0,0.0,0.0,0.0,1,1,0,0.9662499999999999,1.0,0.03375000000000006
1924,1.0,0.9730396,-0.026960399999999995,1.0,0.9614851,-0.03851490000000002,1.0,1.0,0.0,0.0,0.0,0.0,0.0,0.0,0.0,0.0,0.0,0.0,1,1,0,1.0,0.9730395699999999,-0.026960430000000146
1925,0.96624994,0.97374994,0.007500000000000062,0.99999994,0.99999994,0.0,0.8875,0.9125,0.025000000000000022,0.0,0.0,0.0,0.0,0.0,0.0,0.0,0.0,0.0,1,1,0,0.966249958,0.973749958,0.007499999999999951
1926,0.69859976,0.69859976,0.0,0.8158568,0.8158568,0.0,0.425,0.425,0.0,0.0,0.0,0.0,0.0,0.0,0.0,0.0,0.0,0.0,1,1,0,0.69859976,0.69859976,0.0
1927,0.85070246,0.9287146,0.0780121399999999,0.7867178,0.89816374,0.11144593999999997,1.0,1.0,0.0,0.0,0.0,0.0,0.0,0.0,0.0,0.0,0.0,0.0,1,1,0,0.8507024599999999,0.9287146179999999,0.07801215799999994
1928,0.9224283,0.9395857,0.01715739999999999,0.8891834,0.9136938,0.024510400000000043,1.0,1.0,0.0,0.0,0.0,0.0,0.0,0.0,0.0,0.0,0.0,0.0,1,1,0,0.9224283799999999,0.9395856599999999,0.01715727999999994
1929,1.0,1.0,0.0,1.0,1.0,0.0,1.0,1.0,0.0,0.0,0.0,0.0,0.0,0.0,0.0,0.0,0.0,0.0,1,1,0,1.0,1.0,0.0
1930,0.91375,1.0,0.08625000000000005,1.0,1.0,0.0,0.71250004,1.0,0.28749996,0.0,0.0,0.0,0.0,0.0,0.0,0.0,0.0,0.0,1,1,0,0.913750012,1.0,0.08624998800000006
1931,0.89730877,0.8983423,0.0010335300000000602,0.9497267,0.8869176,-0.06280910000000006,0.77500004,0.925,0.14999996000000004,0.0,0.0,0.0,0.0,0.0,0.0,0.0,0.0,0.0,1,1,0,0.8973087019999999,0.89834232,0.001033618000000125
1932,0.93913835,0.9300623,-0.009076050000000002,0.961269,0.9000889,-0.06118010000000007,0.8875,1.0,0.11250000000000004,0.0,0.0,0.0,0.0,0.0,0.0,0.0,0.0,0.0,1,1,0,0.9391383,0.9300622299999999,-0.009076070000000103
1933,0.8879148,0.8579748,-0.029939999999999967,0.8880925,0.85067827,-0.03741422999999999,0.8875,0.875,-0.012499999999999956,0.0,0.0,0.0,0.0,0.0,0.0,0.0,0.0,0.0,1,1,0,0.8879147499999999,0.857974789,-0.02993996099999985
1934,0.9611951,0.98244554,0.02125043999999998,0.9874215,0.97492224,-0.012499259999999901,0.90000004,1.0,0.09999996,0.0,0.0,0.0,0.0,0.0,0.0,0.0,0.0,0.0,1,1,0,0.9611950619999999,0.9824455679999999,0.021250506000000002
1935,0.95125,0.92875004,-0.022499959999999986,1.0,1.0,0.0,0.83750004,0.7625,-0.07500004000000005,0.0,0.0,0.0,0.0,0.0,0.0,0.0,0.0,0.0,1,1,0,0.9512500119999999,0.92875,-0.022500011999999958
1936,1.0,1.0,0.0,1.0,1.0,0.0,1.0,1.0,0.0,0.0,0.0,0.0,0.0,0.0,0.0,0.0,0.0,0.0,1,1,0,1.0,1.0,0.0
1937,1.0,1.0,0.0,1.0,1.0,0.0,1.0,1.0,0.0,0.0,0.0,0.0,0.0,0.0,0.0,0.0,0.0,0.0,1,1,0,1.0,1.0,0.0
1938,0.8255705,0.902301,0.07673050000000003,0.84188634,0.9193586,0.07747226000000007,0.7875,0.8625,0.07500000000000007,0.0,0.0,0.0,0.0,0.0,0.0,0.0,0.0,0.0,1,1,0,0.8255704379999999,0.9023010199999999,0.07673058200000005
1939,1.0,1.0,0.0,1.0,1.0,0.0,1.0,1.0,0.0,0.0,0.0,0.0,0.0,0.0,0.0,0.0,0.0,0.0,1,1,0,1.0,1.0,0.0
1940,0.8595381,0.83096105,-0.028577049999999993,0.90112585,0.81208724,-0.08903861000000002,0.7625,0.875,0.11250000000000004,0.0,0.0,0.0,0.0,0.0,0.0,0.0,0.0,0.0,1,1,0,0.859538095,0.8309610679999999,-0.028577027000000088
1941,0.89875,0.94375,0.04499999999999993,1.0,1.0,0.0,0.6625,0.8125,0.15000000000000002,0.0,0.0,0.0,0.0,0.0,0.0,0.0,0.0,0.0,1,1,0,0.8987499999999999,0.94375,0.04500000000000004
1942,0.86823475,0.8993328,0.031098049999999988,0.8921211,0.85618967,-0.035931429999999986,0.8125,1.0,0.1875,0.0,0.0,0.0,0.0,0.0,0.0,0.0,0.0,0.0,1,1,0,0.8682347699999999,0.8993327689999999,0.031097998999999987
1943,0.0,0.0,0.0,0.23671795,0.24935311,0.012635159999999979,0.42857143,0.71428573,0.2857143,1.0,1.0,0.0,1.0,1.0,0.0,0.0,0.0,0.0,0,0,0,0.294273994,0.38883289599999993,0.09455890199999994
1944,0.0,1.0,1.0,1.0,1.0,0.0,0.85,1.0,0.15000000000000002,1.0,0.0,-1.0,1.0,0.0,-1.0,0.0,0.0,0.0,0,1,1,0.955,1.0,0.04500000000000004
1945,0.0,0.0,0.0,0.006212635,0.00083470624,-0.00537792876,0.0,1.0,1.0,1.0,1.0,0.0,1.0,1.0,0.0,0.0,0.0,0.0,0,0,0,0.0043488445,0.300584294368,0.296235449868
1946,0.8344129,0.8593715,0.024958599999999942,0.81166124,0.79910207,-0.012559169999999953,0.8875,1.0,0.11250000000000004,0.0,0.0,0.0,0.0,0.0,0.0,0.0,0.0,0.0,1,1,0,0.8344128679999999,0.859371449,0.024958581000000035
1947,0.916679,0.9130665,-0.0036125000000000185,0.9131129,0.87580925,-0.03730365000000002,0.925,1.0,0.07499999999999996,0.0,0.0,0.0,0.0,0.0,0.0,0.0,0.0,0.0,1,1,0,0.9166790300000001,0.9130664749999999,-0.0036125550000001283
1948,0.8818653,0.95520896,0.07334366000000003,0.86337906,0.9360128,0.07263374,0.925,1.0,0.07499999999999996,0.0,0.0,0.0,0.0,0.0,0.0,0.0,0.0,0.0,1,1,0,0.881865342,0.95520896,0.073343618
1949,0.8706418,0.8864275,0.015785700000000014,0.94913113,0.8859678,-0.06316333000000007,0.6875,0.8875,0.19999999999999996,0.0,0.0,0.0,0.0,0.0,0.0,0.0,0.0,0.0,1,1,0,0.8706417909999999,0.88642746,0.015785669000000002
1950,0.8758519,0.88797426,0.012122359999999999,0.9672885,0.8774632,-0.0898253,0.6625,0.9125,0.25,0.0,0.0,0.0,0.0,0.0,0.0,0.0,0.0,0.0,1,1,0,0.8758519499999999,0.8879742399999999,0.01212228999999998
1951,0.8380028,0.97721577,0.13921297,0.7900041,0.9888797,0.19887560000000004,0.95,0.95,0.0,0.0,0.0,0.0,0.0,0.0,0.0,0.0,0.0,0.0,1,1,0,0.83800287,0.97721579,0.13921292000000007
1952,0.96914595,0.95261955,-0.016526400000000052,0.98806566,0.9323136,-0.05575205999999999,0.925,1.0,0.07499999999999996,0.0,0.0,0.0,0.0,0.0,0.0,0.0,0.0,0.0,1,1,0,0.969145962,0.9526195199999998,-0.016526442000000197
1953,0.86383885,0.87982416,0.01598530999999992,0.80548406,0.82832026,0.022836200000000084,1.0,1.0,0.0,0.0,0.0,0.0,0.0,0.0,0.0,0.0,0.0,0.0,1,1,0,0.8638388419999998,0.8798241819999999,0.01598534000000007
1954,0.86371386,0.91409034,0.050376479999999946,0.901734,0.8772719,-0.024462100000000042,0.77500004,1.0,0.22499996,0.0,0.0,0.0,0.0,0.0,0.0,0.0,0.0,0.0,1,1,0,0.8637138119999999,0.9140903299999998,0.05037651799999998
1955,0.8761307,0.9123535,0.0362228,0.9248295,0.8747907,-0.05003879999999994,0.7625,1.0,0.23750000000000004,0.0,0.0,0.0,0.0,0.0,0.0,0.0,0.0,0.0,1,1,0,0.8761306499999999,0.9123534899999999,0.03622283999999998
1956,0.7181307,0.6584573,-0.05967339999999999,0.7580438,0.6352961,-0.12274770000000002,0.625,0.71250004,0.08750004,0.0,0.0,0.0,0.0,0.0,0.0,0.0,0.0,0.0,1,1,0,0.71813066,0.658457282,-0.059673378000000055
1957,0.84787196,1.0,0.15212804000000002,0.814817,1.0,0.185183,0.925,1.0,0.07499999999999996,0.0,0.0,0.0,0.0,0.0,0.0,0.0,0.0,0.0,1,1,0,0.8478718999999999,1.0,0.1521281000000001
1958,1.0,1.0,0.0,1.0,1.0,0.0,1.0,1.0,0.0,0.0,0.0,0.0,0.0,0.0,0.0,0.0,0.0,0.0,1,1,0,1.0,1.0,0.0
1959,1.0,1.0,0.0,1.0,1.0,0.0,1.0,1.0,0.0,0.0,0.0,0.0,0.0,0.0,0.0,0.0,0.0,0.0,1,1,0,1.0,1.0,0.0
1960,0.7689869,0.9805943,0.2116074,0.73962414,0.97227746,0.23265332000000005,0.83750004,1.0,0.16249996,0.0,0.0,0.0,0.0,0.0,0.0,0.0,0.0,0.0,1,1,0,0.76898691,0.9805942219999999,0.21160731199999994
1961,0.93625003,0.96007615,0.02382612000000006,1.0,0.97510886,-0.024891140000000034,0.7875,0.925,0.13750000000000007,0.0,0.0,0.0,0.0,0.0,0.0,0.0,0.0,0.0,1,1,0,0.9362499999999999,0.960076202,0.023826202000000074
1962,0.9043337,0.92222816,0.017894459999999945,0.9383338,0.88889736,-0.049436440000000026,0.825,1.0,0.17500000000000004,0.0,0.0,0.0,0.0,0.0,0.0,0.0,0.0,0.0,1,1,0,0.9043336599999999,0.922228152,0.01789449200000004
1963,0.9320449,0.9307179,-0.001326999999999967,0.9511356,0.9010254,-0.050110199999999994,0.8875,1.0,0.11250000000000004,0.0,0.0,0.0,0.0,0.0,0.0,0.0,0.0,0.0,1,1,0,0.9320449199999999,0.9307177799999999,-0.0013271400000000044
1964,0.8980296,0.9467587,0.04872909999999997,0.88647085,0.9239409,0.03747004999999992,0.925,1.0,0.07499999999999996,0.0,0.0,0.0,0.0,0.0,0.0,0.0,0.0,0.0,1,1,0,0.8980295949999999,0.9467586299999999,0.04872903500000003
1965,1.0,1.0,0.0,1.0,1.0,0.0,1.0,1.0,0.0,0.0,0.0,0.0,0.0,0.0,0.0,0.0,0.0,0.0,1,1,0,1.0,1.0,0.0
1966,1.0,1.0,0.0,1.0,1.0,0.0,1.0,1.0,0.0,0.0,0.0,0.0,0.0,0.0,0.0,0.0,0.0,0.0,1,1,0,1.0,1.0,0.0
1967,1.0,1.0,0.0,1.0,1.0,0.0,1.0,1.0,0.0,0.0,0.0,0.0,0.0,0.0,0.0,0.0,0.0,0.0,1,1,0,1.0,1.0,0.0
1968,0.0,0.8904419,0.8904419,0.8287273,0.8809884,0.05226110000000006,0.65333337,0.9125,0.25916662999999995,1.0,0.0,-1.0,1.0,0.0,-1.0,0.0,0.0,0.0,0,1,1,0.7761091209999998,0.89044188,0.11433275900000017
1969,0.83358794,0.9141287,0.08054075999999999,0.8104828,0.87732667,0.06684387000000003,0.8875,1.0,0.11250000000000004,0.0,0.0,0.0,0.0,0.0,0.0,0.0,0.0,0.0,1,1,0,0.8335879599999999,0.9141286689999999,0.08054070899999999
1970,0.8676428,1.0,0.13235719999999995,0.8966325,1.0,0.10336749999999995,0.8,1.0,0.19999999999999996,0.0,0.0,0.0,0.0,0.0,0.0,0.0,0.0,0.0,1,1,0,0.86764275,1.0,0.13235724999999998
1971,0.87604254,0.91581804,0.039775499999999964,0.96220374,0.9118829,-0.05032083999999992,0.675,0.925,0.25,0.0,0.0,0.0,0.0,0.0,0.0,0.0,0.0,0.0,1,1,0,0.8760426179999999,0.9158180300000001,0.03977541200000012
1972,1.0,1.0,0.0,1.0,1.0,0.0,1.0,1.0,0.0,0.0,0.0,0.0,0.0,0.0,0.0,0.0,0.0,0.0,1,1,0,1.0,1.0,0.0
1973,0.87352365,0.8600287,-0.013494950000000006,0.89967656,0.84825516,-0.05142139999999995,0.8125,0.8875,0.07499999999999996,0.0,0.0,0.0,0.0,0.0,0.0,0.0,0.0,0.0,1,1,0,0.873523592,0.8600286119999999,-0.013494980000000045
1974,0.7627922,0.97749996,0.21470775999999991,0.71470314,1.0,0.28529686,0.875,0.925,0.050000000000000044,0.0,0.0,0.0,0.0,0.0,0.0,0.0,0.0,0.0,1,1,0,0.7627921980000001,0.9775,0.21470780199999995
1975,0.85375005,0.95874995,0.10499989999999992,1.0,1.0,0.0,0.5125,0.8625,0.3500000000000001,0.0,0.0,0.0,0.0,0.0,0.0,0.0,0.0,0.0,1,1,0,0.8537499999999999,0.95875,0.1050000000000001
1976,0.8533063,0.91127205,0.05796575000000004,0.8332947,0.9053886,0.07209389999999993,0.90000004,0.925,0.024999960000000043,0.0,0.0,0.0,0.0,0.0,0.0,0.0,0.0,0.0,1,1,0,0.853306302,0.91127202,0.057965717999999944
1977,0.9542166,0.94144726,-0.012769339999999962,0.98816663,0.9645674,-0.023599230000000082,0.875,0.8875,0.012499999999999956,0.0,0.0,0.0,0.0,0.0,0.0,0.0,0.0,0.0,1,1,0,0.9542166409999999,0.9414471799999999,-0.012769460999999982
1978,0.88010067,0.81444037,-0.0656603,0.87692946,0.7884861,-0.08844336000000008,0.8875,0.875,-0.012499999999999956,0.0,0.0,0.0,0.0,0.0,0.0,0.0,0.0,0.0,1,1,0,0.8801006219999999,0.81444027,-0.06566035199999998
1979,0.9039813,0.0,-0.9039813,0.9753304,0.7654599,-0.20987050000000007,0.7375,1.0,0.26249999999999996,0.0,0.0,0.0,0.0,1.0,1.0,0.0,0.0,0.0,1,0,-1,0.90398128,0.8358219299999998,-0.06815935000000017
1980,0.85462683,0.9560696,0.10144277000000002,0.8405384,0.9372422,0.0967038,0.8875,1.0,0.11250000000000004,0.0,0.0,0.0,0.0,0.0,0.0,0.0,0.0,0.0,1,1,0,0.85462688,0.9560695399999999,0.1014426599999999
1981,0.88984776,0.9579857,0.06813794000000006,0.9444254,0.9721225,0.02769710000000003,0.7625,0.925,0.1625000000000001,0.0,0.0,0.0,0.0,0.0,0.0,0.0,0.0,0.0,1,1,0,0.88984778,0.95798575,0.06813796999999999
1982,0.8502518,0.87037194,0.020120139999999953,0.83964545,0.814817,-0.024828450000000002,0.875,1.0,0.125,0.0,0.0,0.0,0.0,0.0,0.0,0.0,0.0,0.0,1,1,0,0.850251815,0.8703718999999999,0.020120084999999843
1983,0.970115,0.970115,0.0,0.9948071,0.9948071,0.0,0.9125,0.9125,0.0,0.0,0.0,0.0,0.0,0.0,0.0,0.0,0.0,0.0,1,1,0,0.97011497,0.97011497,0.0
1984,0.93344,1.0,0.06655999999999995,0.9692,1.0,0.03080000000000005,0.85,1.0,0.15000000000000002,0.0,0.0,0.0,0.0,0.0,0.0,0.0,0.0,0.0,1,1,0,0.9334399999999999,1.0,0.06656000000000006
1985,1.0,0.9308764,-0.06912359999999995,1.0,0.9012519,-0.0987481,1.0,1.0,0.0,0.0,0.0,0.0,0.0,0.0,0.0,0.0,0.0,0.0,1,1,0,1.0,0.93087633,-0.06912366999999997
1986,1.0,1.0,0.0,1.0,1.0,0.0,1.0,1.0,0.0,0.0,0.0,0.0,0.0,0.0,0.0,0.0,0.0,0.0,1,1,0,1.0,1.0,0.0
1987,1.0,1.0,0.0,1.0,1.0,0.0,1.0,1.0,0.0,0.0,0.0,0.0,0.0,0.0,0.0,0.0,0.0,0.0,1,1,0,1.0,1.0,0.0
1988,0.8769614,0.87626094,-0.0007004600000000138,0.8724449,0.8232299,-0.04921500000000001,0.8875,1.0,0.11250000000000004,0.0,0.0,0.0,0.0,0.0,0.0,0.0,0.0,0.0,1,1,0,0.8769614299999999,0.8762609299999999,-0.0007004999999999928
1989,0.93911266,0.9291057,-0.01000696000000001,0.9612323,0.89872235,-0.06250995000000004,0.8875,1.0,0.11250000000000004,0.0,0.0,0.0,0.0,0.0,0.0,0.0,0.0,0.0,1,1,0,0.93911261,0.9291056449999999,-0.01000696500000009
1990,0.91844684,0.8566721,-0.06177473999999994,0.9370669,0.8488173,-0.08824960000000004,0.875,0.875,0.0,0.0,0.0,0.0,0.0,0.0,0.0,0.0,0.0,0.0,1,1,0,0.9184468299999999,0.8566721099999999,-0.06177472000000006
1991,0.92255133,0.9213586,-0.0011927299999999752,0.9375733,0.88765514,-0.049918160000000045,0.8875,1.0,0.11250000000000004,0.0,0.0,0.0,0.0,0.0,0.0,0.0,0.0,0.0,1,1,0,0.92255131,0.9213585979999999,-0.0011927120000001512
1992,1.0,1.0,0.0,1.0,1.0,0.0,1.0,1.0,0.0,0.0,0.0,0.0,0.0,0.0,0.0,0.0,0.0,0.0,1,1,0,1.0,1.0,0.0
1993,0.8832173,0.97749996,0.09428265999999996,0.94566756,1.0,0.05433244000000004,0.7375,0.925,0.1875,0.0,0.0,0.0,0.0,0.0,0.0,0.0,0.0,0.0,1,1,0,0.8832172919999999,0.9775,0.09428270800000016
1994,0.80958956,0.96134627,0.1517567099999999,0.727985,0.9447803,0.21679530000000002,1.0,1.0,0.0,0.0,0.0,0.0,0.0,0.0,0.0,0.0,0.0,0.0,1,1,0,0.8095895,0.9613462099999999,0.1517567099999999
1995,0.7354108,0.83279335,0.09738254999999996,0.78808683,0.825419,0.03733217,0.6125,0.85,0.23749999999999993,0.0,0.0,0.0,0.0,0.0,0.0,0.0,0.0,0.0,1,1,0,0.7354107809999999,0.8327933,0.09738251900000006
1996,0.9659354,0.94651127,-0.019424129999999984,0.9513363,0.9235875,-0.027748800000000018,1.0,1.0,0.0,0.0,0.0,0.0,0.0,0.0,0.0,0.0,0.0,0.0,1,1,0,0.9659354099999999,0.9465112499999999,-0.019424160000000024
1997,0.9486939,0.9123253,-0.03636859999999997,0.97491974,0.8747504,-0.10016934,0.8875,1.0,0.11250000000000004,0.0,0.0,0.0,0.0,0.0,0.0,0.0,0.0,0.0,1,1,0,0.948693818,0.9123252799999999,-0.03636853800000006
1998,0.8715286,0.97542727,0.10389866999999997,0.8593266,0.9648961,0.10556949999999998,0.90000004,1.0,0.09999996,0.0,0.0,0.0,0.0,0.0,0.0,0.0,0.0,0.0,1,1,0,0.871528632,0.97542727,0.10389863799999999
1999,0.820092,0.57624763,-0.24384437000000003,0.85013145,0.5232108,-0.32692065000000003,0.75,0.7,-0.050000000000000044,0.0,0.0,0.0,0.0,0.0,0.0,0.0,0.0,0.0,1,1,0,0.820092015,0.57624756,-0.24384445499999996
2000,0.88374996,0.9244488,0.040698840000000014,1.0,0.92421246,-0.07578753999999999,0.6125,0.925,0.3125,0.0,0.0,0.0,0.0,0.0,0.0,0.0,0.0,0.0,1,1,0,0.8837499999999999,0.924448722,0.04069872200000002
2001,0.77450484,0.8414149,0.06691006,0.8225069,0.7734499,-0.04905700000000002,0.6625,1.0,0.3375,0.0,0.0,0.0,0.0,0.0,0.0,0.0,0.0,0.0,1,1,0,0.7745048299999999,0.84141493,0.06691010000000008
2002,0.9124988,0.86441517,-0.048083630000000044,0.9232125,0.85987884,-0.06333365999999996,0.8875,0.875,-0.012499999999999956,0.0,0.0,0.0,0.0,0.0,0.0,0.0,0.0,0.0,1,1,0,0.9124987499999999,0.864415188,-0.04808356199999997
2003,1.0,1.0,0.0,1.0,1.0,0.0,1.0,1.0,0.0,0.0,0.0,0.0,0.0,0.0,0.0,0.0,0.0,0.0,1,1,0,1.0,1.0,0.0
2004,0.94375,0.9737051,0.029955100000000012,1.0,0.96243584,-0.03756415999999996,0.8125,1.0,0.1875,0.0,0.0,0.0,0.0,0.0,0.0,0.0,0.0,0.0,1,1,0,0.94375,0.973705088,0.02995508800000002
2005,0.7746156,0.89814276,0.12352716000000008,0.7101651,0.85448956,0.14432446,0.925,1.0,0.07499999999999996,0.0,0.0,0.0,0.0,0.0,0.0,0.0,0.0,0.0,1,1,0,0.7746155699999999,0.898142692,0.12352712200000004
2006,0.9399597,0.991487,0.051527300000000054,0.9142282,0.9878386,0.07361039999999996,1.0,1.0,0.0,0.0,0.0,0.0,0.0,0.0,0.0,0.0,0.0,0.0,1,1,0,0.9399597399999999,0.9914870199999999,0.05152727999999995
2007,0.82083005,0.85838807,0.03755801999999997,0.79225725,0.82984006,0.037582809999999967,0.8875,0.925,0.03750000000000009,0.0,0.0,0.0,0.0,0.0,0.0,0.0,0.0,0.0,1,1,0,0.8208300749999999,0.8583880420000001,0.037557967000000136
2008,0.922451,0.8668718,-0.05557920000000005,0.93742996,0.8098168,-0.12761316,0.8875,1.0,0.11250000000000004,0.0,0.0,0.0,0.0,0.0,0.0,0.0,0.0,0.0,1,1,0,0.9224509719999999,0.86687176,-0.05557921199999993
2009,0.9275964,0.9038541,-0.023742299999999994,0.9501377,0.8626487,-0.08748899999999993,0.875,1.0,0.125,0.0,0.0,0.0,0.0,0.0,0.0,0.0,0.0,0.0,1,1,0,0.9275963899999999,0.90385409,-0.023742299999999883
2010,0.96496934,0.9548518,-0.01011753999999998,0.98209906,0.9355026,-0.04659646000000006,0.925,1.0,0.07499999999999996,0.0,0.0,0.0,0.0,0.0,0.0,0.0,0.0,0.0,1,1,0,0.9649693420000001,0.95485182,-0.010117522000000045
2011,0.9519991,1.0,0.04800090000000001,0.9796416,1.0,0.0203584,0.8875,1.0,0.11250000000000004,0.0,0.0,0.0,0.0,0.0,0.0,0.0,0.0,0.0,1,1,0,0.95199912,1.0,0.048000880000000024
2012,0.88708925,0.93840104,0.05131178999999997,0.88691324,0.91200155,0.025088310000000003,0.8875,1.0,0.11250000000000004,0.0,0.0,0.0,0.0,0.0,0.0,0.0,0.0,0.0,1,1,0,0.887089268,0.938401085,0.05131181699999998
2013,0.9198448,0.94722193,0.027377129999999972,0.94977826,0.9246028,-0.02517546000000004,0.85,1.0,0.15000000000000002,0.0,0.0,0.0,0.0,0.0,0.0,0.0,0.0,0.0,1,1,0,0.919844782,0.9472219599999998,0.027377177999999835
2014,0.89055556,0.9050624,0.01450684000000002,0.8757936,0.8643748,-0.011418799999999951,0.925,1.0,0.07499999999999996,0.0,0.0,0.0,0.0,0.0,0.0,0.0,0.0,0.0,1,1,0,0.8905555199999999,0.9050623599999998,0.01450683999999991
2015,1.0,1.0,0.0,1.0,1.0,0.0,1.0,1.0,0.0,0.0,0.0,0.0,0.0,0.0,0.0,0.0,0.0,0.0,1,1,0,1.0,1.0,0.0
2016,0.0,0.96625006,0.96625006,0.016652271,1.0,0.983347729,0.0,0.8875,0.8875,1.0,0.0,-1.0,1.0,0.0,-1.0,0.0,0.0,0.0,0,1,1,0.011656589699999999,0.9662499999999999,0.9545934102999999
2017,1.0,1.0,0.0,1.0,1.0,0.0,1.0,1.0,0.0,0.0,0.0,0.0,0.0,0.0,0.0,0.0,0.0,0.0,1,1,0,1.0,1.0,0.0
2018,0.96625006,1.0,0.03374993999999998,1.0,1.0,0.0,0.8875,1.0,0.11250000000000004,0.0,0.0,0.0,0.0,0.0,0.0,0.0,0.0,0.0,1,1,0,0.9662499999999999,1.0,0.03375000000000006
2019,0.86866134,0.83195305,-0.03670828999999998,0.81237334,0.759933,-0.052440340000000085,1.0,1.0,0.0,0.0,0.0,0.0,0.0,0.0,0.0,0.0,0.0,0.0,1,1,0,0.8686613379999999,0.8319531,-0.03670823799999989
2020,0.77919257,0.8129307,0.03373813000000003,0.8077751,0.7809724,-0.026802699999999957,0.71250004,0.8875,0.17499995999999995,0.0,0.0,0.0,0.0,0.0,0.0,0.0,0.0,0.0,1,1,0,0.779192582,0.8129306799999999,0.03373809799999994
2021,0.94375,1.0,0.05625000000000002,1.0,1.0,0.0,0.8125,1.0,0.1875,0.0,0.0,0.0,0.0,0.0,0.0,0.0,0.0,0.0,1,1,0,0.94375,1.0,0.05625000000000002
2022,0.8877633,0.8393944,-0.04836890000000005,0.8718047,0.8455634,-0.026241300000000023,0.925,0.825,-0.10000000000000009,0.0,0.0,0.0,0.0,0.0,0.0,0.0,0.0,0.0,1,1,0,0.8877632899999999,0.8393943799999999,-0.04836890999999999
2023,0.9320679,0.9547251,0.022657200000000044,0.95652544,0.9674643,0.010938860000000106,0.875,0.925,0.050000000000000044,0.0,0.0,0.0,0.0,0.0,0.0,0.0,0.0,0.0,1,1,0,0.932067808,0.95472501,0.022657201999999987
2024,1.0,1.0,0.0,1.0,1.0,0.0,1.0,1.0,0.0,0.0,0.0,0.0,0.0,0.0,0.0,0.0,0.0,0.0,1,1,0,1.0,1.0,0.0
2025,0.7982654,0.9120968,0.11383140000000003,0.8243077,0.8744239,0.050116200000000055,0.7375,1.0,0.26249999999999996,0.0,0.0,0.0,0.0,0.0,0.0,0.0,0.0,0.0,1,1,0,0.7982653899999999,0.91209673,0.11383134000000017
2026,0.82250464,0.82385635,0.001351710000000006,0.7785779,0.74836624,-0.030211660000000085,0.925,1.0,0.07499999999999996,0.0,0.0,0.0,0.0,0.0,0.0,0.0,0.0,0.0,1,1,0,0.82250453,0.823856368,0.0013518379999999386
2027,0.9310511,0.9121317,-0.01891940000000003,0.94971573,0.87447375,-0.07524197999999993,0.8875,1.0,0.11250000000000004,0.0,0.0,0.0,0.0,0.0,0.0,0.0,0.0,0.0,1,1,0,0.931051011,0.912131625,-0.018919385999999982
2028,0.96250004,1.0,0.03749996,1.0,1.0,0.0,0.875,1.0,0.125,0.0,0.0,0.0,0.0,0.0,0.0,0.0,0.0,0.0,1,1,0,0.9624999999999999,1.0,0.03750000000000009
2029,0.81367016,0.8401353,0.026465139999999998,0.8838145,0.81983614,-0.0639783599999999,0.65000004,0.8875,0.23749995999999995,0.0,0.0,0.0,0.0,0.0,0.0,0.0,0.0,0.0,1,1,0,0.813670162,0.840135298,0.026465136
2030,0.86739606,0.8994299,0.03203383999999998,0.9498515,0.8884713,-0.061380199999999996,0.675,0.925,0.25,0.0,0.0,0.0,0.0,0.0,0.0,0.0,0.0,0.0,1,1,0,0.86739605,0.89942991,0.03203386000000008
2031,0.94853514,0.920644,-0.027891140000000036,0.97469306,0.88663435,-0.08805870999999998,0.8875,1.0,0.11250000000000004,0.0,0.0,0.0,0.0,0.0,0.0,0.0,0.0,0.0,1,1,0,0.948535142,0.920644045,-0.02789109700000003
2032,0.94301873,0.95900023,0.015981499999999982,0.9185982,0.94142896,0.02283075999999995,1.0,1.0,0.0,0.0,0.0,0.0,0.0,0.0,0.0,0.0,0.0,0.0,1,1,0,0.9430187400000001,0.9590002719999999,0.015981531999999854
2033,1.0,1.0,0.0,1.0,1.0,0.0,1.0,1.0,0.0,0.0,0.0,0.0,0.0,0.0,0.0,0.0,0.0,0.0,1,1,0,1.0,1.0,0.0
2034,0.77378845,0.89771634,0.12392789000000004,0.7571978,0.89138037,0.13418257,0.8125,0.9125,0.09999999999999998,0.0,0.0,0.0,0.0,0.0,0.0,0.0,0.0,0.0,1,1,0,0.77378846,0.8977162590000001,0.12392779900000006
2035,0.98560756,1.0,0.01439243999999995,0.97943926,1.0000001,0.020560840000000025,1.0,1.0,0.0,0.0,0.0,0.0,0.0,0.0,0.0,0.0,0.0,0.0,1,1,0,0.985607482,1.00000007,0.014392587999999984
2036,0.9151517,0.9130163,-0.0021354000000000095,0.9752167,0.87573755,-0.09947915000000007,0.77500004,1.0,0.22499996,0.0,0.0,0.0,0.0,0.0,0.0,0.0,0.0,0.0,1,1,0,0.915151702,0.9130162849999999,-0.002135417000000084
2037,0.0,0.0,0.0,1.0,1.0,0.0,1.0,1.0,0.0,1.0,1.0,0.0,1.0,1.0,0.0,0.0,0.0,0.0,0,0,0,1.0,1.0,0.0
2038,1.0,1.0,0.0,1.0,1.0,0.0,1.0,1.0,0.0,0.0,0.0,0.0,0.0,0.0,0.0,0.0,0.0,0.0,1,1,0,1.0,1.0,0.0
2039,0.75890267,1.0,0.24109733,0.6555752,1.0,0.3444248,1.0,1.0,0.0,0.0,0.0,0.0,0.0,0.0,0.0,0.0,0.0,0.0,1,1,0,0.75890264,1.0,0.24109736000000004
2040,0.8361595,0.9135836,0.0774241,0.9373708,0.8872622,-0.05010859999999995,0.6,0.975,0.375,0.0,0.0,0.0,0.0,0.0,0.0,0.0,0.0,0.0,1,1,0,0.83615956,0.91358354,0.07742397999999995
2041,0.96625006,1.0,0.03374993999999998,1.0,1.0,0.0,0.8875,1.0,0.11250000000000004,0.0,0.0,0.0,0.0,0.0,0.0,0.0,0.0,0.0,1,1,0,0.9662499999999999,1.0,0.03375000000000006
2042,1.0,1.0,0.0,1.0,1.0,0.0,1.0,1.0,0.0,0.0,0.0,0.0,0.0,0.0,0.0,0.0,0.0,0.0,1,1,0,1.0,1.0,0.0
2043,0.9184894,0.88560724,-0.032882159999999994,0.95855623,0.83658177,-0.12197446,0.825,1.0,0.17500000000000004,0.0,0.0,0.0,0.0,0.0,0.0,0.0,0.0,0.0,1,1,0,0.9184893609999999,0.885607239,-0.03288212199999985
2044,0.8871048,0.88578,-0.0013248000000000149,0.8869354,0.8368285,-0.050106900000000065,0.8875,1.0,0.11250000000000004,0.0,0.0,0.0,0.0,0.0,0.0,0.0,0.0,0.0,1,1,0,0.8871047799999999,0.8857799499999999,-0.0013248300000000546
2045,0.75387037,0.76257885,0.008708480000000018,0.75017196,0.72511256,-0.025059399999999954,0.7625,0.85,0.08750000000000002,0.0,0.0,0.0,0.0,0.0,0.0,0.0,0.0,0.0,1,1,0,0.753870372,0.762578792,0.00870842000000005
2046,0.9477946,0.96057767,0.012783070000000007,0.9254209,0.94368243,0.01826152999999997,1.0,1.0,0.0,0.0,0.0,0.0,0.0,0.0,0.0,0.0,0.0,0.0,1,1,0,0.94779463,0.9605777009999998,0.012783070999999868
2047,0.96625006,0.96625006,0.0,1.0,1.0,0.0,0.8875,0.8875,0.0,0.0,0.0,0.0,0.0,0.0,0.0,0.0,0.0,0.0,1,1,0,0.9662499999999999,0.9662499999999999,0.0
2048,0.9578375,0.9401062,-0.017731300000000005,0.98798215,0.9144375,-0.07354464999999999,0.8875,1.0,0.11250000000000004,0.0,0.0,0.0,0.0,0.0,0.0,0.0,0.0,0.0,1,1,0,0.957837505,0.9401062499999999,-0.017731255000000057
2049,0.94375,0.94750005,0.0037500500000000603,1.0,1.0,0.0,0.8125,0.825,0.012499999999999956,0.0,0.0,0.0,0.0,0.0,0.0,0.0,0.0,0.0,1,1,0,0.94375,0.9474999999999999,0.00374999999999992
2050,1.0,1.0,0.0,1.0,1.0,0.0,1.0,1.0,0.0,0.0,0.0,0.0,0.0,0.0,0.0,0.0,0.0,0.0,1,1,0,1.0,1.0,0.0
2051,0.0,0.94470644,0.94470644,0.39956495,0.9210092,0.52144425,0.5945946,1.0,0.4054054,0.0,0.0,0.0,0.0,0.0,0.0,1.0,0.0,-1.0,0,1,1,0.4580738449999999,0.94470644,0.4866325950000001
2052,0.85,0.96625006,0.11625006000000004,1.0,1.0,0.0,0.5,0.8875,0.38749999999999996,0.0,0.0,0.0,0.0,0.0,0.0,0.0,0.0,0.0,1,1,0,0.85,0.9662499999999999,0.11624999999999996
2053,0.776943,0.89964163,0.12269862999999992,0.68134713,0.8566309,0.17528376999999995,1.0,1.0,0.0,0.0,0.0,0.0,0.0,0.0,0.0,0.0,0.0,0.0,1,1,0,0.776942991,0.8996416299999999,0.12269863899999989
2054,0.86187094,0.9064478,0.04457686000000005,0.9633871,0.9145682,-0.0488189,0.625,0.8875,0.26249999999999996,0.0,0.0,0.0,0.0,0.0,0.0,0.0,0.0,0.0,1,1,0,0.86187097,0.90644774,0.04457676999999993
2055,0.95874995,0.9915394,0.03278945,1.0,0.9879133,-0.012086700000000006,0.8625,1.0,0.13749999999999996,0.0,0.0,0.0,0.0,0.0,0.0,0.0,0.0,0.0,1,1,0,0.95875,0.9915393099999998,0.03278930999999985
2056,1.0,1.0,0.0,1.0,1.0,0.0,1.0,1.0,0.0,0.0,0.0,0.0,0.0,0.0,0.0,0.0,0.0,0.0,1,1,0,1.0,1.0,0.0
2057,0.8875009,0.8950305,0.007529599999999914,0.88750124,0.85004354,-0.03745769999999993,0.8875,1.0,0.11250000000000004,0.0,0.0,0.0,0.0,0.0,0.0,0.0,0.0,0.0,1,1,0,0.8875008679999999,0.895030478,0.007529610000000075
2058,0.83125,1.0,0.16874999999999996,0.99999994,0.99999994,0.0,0.4375,1.0,0.5625,0.0,0.0,0.0,0.0,0.0,0.0,0.0,0.0,0.0,1,1,0,0.831249958,0.9999999580000001,0.16875000000000007
2059,0.90676016,0.84170705,-0.06505311000000003,0.91501445,0.82743853,-0.08757592000000003,0.8875,0.875,-0.012499999999999956,0.0,0.0,0.0,0.0,0.0,0.0,0.0,0.0,0.0,1,1,0,0.906760115,0.841706971,-0.06505314399999995
2060,0.9430669,0.9655668,0.022499899999999906,0.99902415,0.99902415,0.0,0.8125,0.8875,0.07499999999999996,0.0,0.0,0.0,0.0,0.0,0.0,0.0,0.0,0.0,1,1,0,0.943066905,0.965566905,0.022499999999999964
2061,0.94982666,0.9145113,-0.03531536000000002,0.97653806,0.87787336,-0.09866469999999994,0.8875,1.0,0.11250000000000004,0.0,0.0,0.0,0.0,0.0,0.0,0.0,0.0,0.0,1,1,0,0.9498266419999999,0.9145113519999999,-0.03531529
2062,0.96250004,0.9585587,-0.003941340000000015,1.0,0.97294086,-0.02705913999999998,0.875,0.925,0.050000000000000044,0.0,0.0,0.0,0.0,0.0,0.0,0.0,0.0,0.0,1,1,0,0.9624999999999999,0.9585586020000001,-0.003941397999999818
2063,1.0,0.9292795,-0.07072049999999996,1.0,0.89897066,-0.10102933999999997,1.0,1.0,0.0,0.0,0.0,0.0,0.0,0.0,0.0,0.0,0.0,0.0,1,1,0,1.0,0.929279462,-0.070720538
2064,0.5860386,0.97749996,0.39146136,0.44076943,1.0,0.55923057,0.925,0.925,0.0,0.0,0.0,0.0,0.0,0.0,0.0,0.0,0.0,0.0,1,1,0,0.586038601,0.9775,0.391461399
2065,1.0,1.0,0.0,1.0,1.0,0.0,1.0,1.0,0.0,0.0,0.0,0.0,0.0,0.0,0.0,0.0,0.0,0.0,1,1,0,1.0,1.0,0.0
2066,1.0,1.0,0.0,1.0,1.0,0.0,1.0,1.0,0.0,0.0,0.0,0.0,0.0,0.0,0.0,0.0,0.0,0.0,1,1,0,1.0,1.0,0.0
2067,0.42072034,0.9967171,0.57599676,0.20460048,0.9953102,0.7907097200000001,0.925,1.0,0.07499999999999996,0.0,0.0,0.0,0.0,0.0,0.0,0.0,0.0,0.0,1,1,0,0.42072033600000003,0.9967171399999999,0.5759968039999999
2068,0.0,0.0,0.0,0.028353421,0.023836363,-0.004517058000000001,1.0,0.875,-0.125,1.0,1.0,0.0,1.0,1.0,0.0,0.0,0.0,0.0,0,0,0,0.3198473947,0.2791854541,-0.0406619406
2069,0.0,0.0,0.0,1.0,1.0,0.0,1.0,1.0,0.0,1.0,1.0,0.0,1.0,1.0,0.0,0.0,0.0,0.0,0,0,0,1.0,1.0,0.0
2070,0.52176315,0.97375005,0.4519869000000001,0.6060902,1.0,0.3939098,0.32500002,0.9125,0.58749998,0.0,0.0,0.0,0.0,0.0,0.0,0.0,0.0,0.0,1,1,0,0.521763146,0.9737499999999999,0.45198685399999994
2071,0.87295896,0.93201154,0.05905258000000002,0.8667272,0.9028736,0.03614640000000002,0.8875,1.0,0.11250000000000004,0.0,0.0,0.0,0.0,0.0,0.0,0.0,0.0,0.0,1,1,0,0.87295904,0.9320115200000001,0.059052480000000074
2072,0.8536094,0.95163625,0.09802685,0.8390848,0.96305174,0.12396694000000008,0.8875,0.925,0.03750000000000009,0.0,0.0,0.0,0.0,0.0,0.0,0.0,0.0,0.0,1,1,0,0.8536093599999999,0.951636218,0.0980268580000001
2073,0.92125,0.9742039,0.0529539,1.0,0.96314836,-0.03685163999999996,0.7375,1.0,0.26249999999999996,0.0,0.0,0.0,0.0,0.0,0.0,0.0,0.0,0.0,1,1,0,0.9212499999999999,0.974203852,0.052953852000000134
2074,0.8156397,0.8830908,0.06745109999999999,0.73662806,0.8329868,0.09635874,1.0,1.0,0.0,0.0,0.0,0.0,0.0,0.0,0.0,0.0,0.0,0.0,1,1,0,0.815639642,0.88309076,0.06745111799999992
2075,1.0,1.0,0.0,1.0,1.0,0.0,1.0,1.0,0.0,0.0,0.0,0.0,0.0,0.0,0.0,0.0,0.0,0.0,1,1,0,1.0,1.0,0.0
2076,0.8258032,0.8688156,0.04301240000000006,0.7993617,0.8125938,0.01323210000000008,0.8875,1.0,0.11250000000000004,0.0,0.0,0.0,0.0,0.0,0.0,0.0,0.0,0.0,1,1,0,0.8258031899999999,0.8688156599999999,0.04301246999999997
2077,0.8757141,0.9027311,0.027016999999999958,0.92423445,0.8610444,-0.06319005,0.7625,1.0,0.23750000000000004,0.0,0.0,0.0,0.0,0.0,0.0,0.0,0.0,0.0,1,1,0,0.875714115,0.9027310799999999,0.02701696499999995
2078,0.8788237,0.8176343,-0.06118939999999995,0.8751052,0.7876919,-0.08741330000000003,0.8875,0.8875,0.0,0.0,0.0,0.0,0.0,0.0,0.0,0.0,0.0,0.0,1,1,0,0.87882364,0.81763433,-0.06118931000000005
2079,0.94,0.96625006,0.026250060000000075,1.0,1.0,0.0,0.8,0.8875,0.08749999999999991,0.0,0.0,0.0,0.0,0.0,0.0,0.0,0.0,0.0,1,1,0,0.94,0.9662499999999999,0.026249999999999996
2080,1.0,1.0,0.0,1.0,1.0,0.0,1.0,1.0,0.0,0.0,0.0,0.0,0.0,0.0,0.0,0.0,0.0,0.0,1,1,0,1.0,1.0,0.0
2081,0.0,0.0,0.0,0.77477765,0.59643304,-0.17834461000000001,1.0,1.0,0.0,2.0,2.0,0.0,1.0,1.0,0.0,0.0,0.0,0.0,0,0,0,0.842344355,0.7175031279999999,-0.12484122700000011
2082,1.0,1.0,0.0,1.0,1.0,0.0,1.0,1.0,0.0,0.0,0.0,0.0,0.0,0.0,0.0,0.0,0.0,0.0,1,1,0,1.0,1.0,0.0
2083,0.79374516,0.86219025,0.0684450900000001,0.70535016,0.8031289,0.09777874000000009,1.0,1.0,0.0,0.0,0.0,0.0,0.0,0.0,0.0,0.0,0.0,0.0,1,1,0,0.7937451119999999,0.86219023,0.06844511800000008
2084,0.86810046,0.9343168,0.06621633999999998,0.84907204,0.93830967,0.08923762999999996,0.9125,0.925,0.012500000000000067,0.0,0.0,0.0,0.0,0.0,0.0,0.0,0.0,0.0,1,1,0,0.868100428,0.934316769,0.06621634100000007
2085,0.87190956,0.94690955,0.07499999000000002,0.92415637,0.92415637,0.0,0.75,1.0,0.25,0.0,0.0,0.0,0.0,0.0,0.0,0.0,0.0,0.0,1,1,0,0.8719094589999999,0.946909459,0.07500000000000007
2086,0.8397255,0.837463,-0.002262500000000056,0.8192507,0.8320899,0.01283920000000005,0.8875,0.85,-0.03749999999999998,0.0,0.0,0.0,0.0,0.0,0.0,0.0,0.0,0.0,1,1,0,0.83972549,0.83746293,-0.0022625599999999135
2087,0.8199213,0.9024214,0.08250010000000008,0.8927448,0.8927448,0.0,0.65000004,0.925,0.27499996000000004,0.0,0.0,0.0,0.0,0.0,0.0,0.0,0.0,0.0,1,1,0,0.819921372,0.90242136,0.08249998799999991
2088,1.0,1.0,0.0,1.0,1.0,0.0,1.0,1.0,0.0,0.0,0.0,0.0,0.0,0.0,0.0,0.0,0.0,0.0,1,1,0,1.0,1.0,0.0
2089,0.87007487,0.83761996,-0.03245490999999989,0.862607,0.80017143,-0.062435569999999996,0.8875,0.925,0.03750000000000009,0.0,0.0,0.0,0.0,0.0,0.0,0.0,0.0,0.0,1,1,0,0.8700749,0.8376200009999999,-0.03245489900000009
2090,0.9086567,0.8722022,-0.036454499999999945,0.9498668,0.84957457,-0.10029222999999998,0.8125,0.925,0.11250000000000004,0.0,0.0,0.0,0.0,0.0,0.0,0.0,0.0,0.0,1,1,0,0.90865676,0.872202199,-0.036454560999999996
2091,1.0,1.0,0.0,1.0,1.0,0.0,1.0,1.0,0.0,0.0,0.0,0.0,0.0,0.0,0.0,0.0,0.0,0.0,1,1,0,1.0,1.0,0.0
2092,0.982419,1.0,0.017580999999999958,0.97488433,1.0,0.025115670000000034,1.0,1.0,0.0,0.0,0.0,0.0,0.0,0.0,0.0,0.0,0.0,0.0,1,1,0,0.9824190309999998,1.0,0.01758096900000017
2093,1.0,1.0,0.0,1.0,1.0,0.0,1.0,1.0,0.0,0.0,0.0,0.0,0.0,0.0,0.0,0.0,0.0,0.0,1,1,0,1.0,1.0,0.0
2094,0.8359615,0.94317514,0.10721364,0.9531593,0.9188217,-0.03433760000000008,0.5625,1.0,0.4375,0.0,0.0,0.0,0.0,0.0,0.0,0.0,0.0,0.0,1,1,0,0.83596151,0.9431751899999998,0.10721367999999987
2095,0.91262513,0.9221188,0.00949367000000001,0.98767865,0.8887411,-0.09893755000000004,0.7375,1.0,0.26249999999999996,0.0,0.0,0.0,0.0,0.0,0.0,0.0,0.0,0.0,1,1,0,0.9126250549999999,0.92211877,0.00949371500000007
2096,0.92008847,1.0,0.07991152999999995,0.88584065,1.0,0.11415934999999999,1.0,1.0,0.0,0.0,0.0,0.0,0.0,0.0,0.0,0.0,0.0,0.0,1,1,0,0.9200884549999999,1.0,0.07991154500000008
2097,1.0,1.0,0.0,1.0,1.0,0.0,1.0,1.0,0.0,0.0,0.0,0.0,0.0,0.0,0.0,0.0,0.0,0.0,1,1,0,1.0,1.0,0.0
2098,1.0,1.0,0.0,1.0,1.0,0.0,1.0,1.0,0.0,0.0,0.0,0.0,0.0,0.0,0.0,0.0,0.0,0.0,1,1,0,1.0,1.0,0.0
2099,0.91390973,0.9907543,0.07684457,0.9734425,0.9867919,0.013349400000000067,0.77500004,1.0,0.22499996,0.0,0.0,0.0,0.0,0.0,0.0,0.0,0.0,0.0,1,1,0,0.9139097619999998,0.9907543299999999,0.07684456800000006
2100,0.9401081,0.90395796,-0.03615014000000005,0.96265435,0.86279696,-0.09985739000000005,0.8875,1.0,0.11250000000000004,0.0,0.0,0.0,0.0,0.0,0.0,0.0,0.0,0.0,1,1,0,0.9401080449999999,0.9039578719999999,-0.03615017300000001
2101,0.7567877,0.8149811,0.05819340000000006,0.77041095,0.7356873,-0.034723649999999995,0.725,1.0,0.275,0.0,0.0,0.0,0.0,0.0,0.0,0.0,0.0,0.0,1,1,0,0.756787665,0.81498111,0.0581934449999999
2102,1.0,1.0,0.0,1.0,1.0,0.0,1.0,1.0,0.0,0.0,0.0,0.0,0.0,0.0,0.0,0.0,0.0,0.0,1,1,0,1.0,1.0,0.0
2103,0.94929,0.91430277,-0.034987229999999925,0.9757714,0.87757534,-0.09819605999999992,0.8875,1.0,0.11250000000000004,0.0,0.0,0.0,0.0,0.0,0.0,0.0,0.0,0.0,1,1,0,0.9492899799999999,0.914302738,-0.03498724199999992
2104,0.85374993,0.96250004,0.10875011000000001,0.99999994,0.99999994,0.0,0.5125,0.875,0.36250000000000004,0.0,0.0,0.0,0.0,0.0,0.0,0.0,0.0,0.0,1,1,0,0.853749958,0.962499958,0.10875000000000001
2105,0.6256481,0.8073435,0.18169539999999995,0.6044972,0.7997764,0.1952792000000001,0.675,0.825,0.1499999999999999,0.0,0.0,0.0,0.0,0.0,0.0,0.0,0.0,0.0,1,1,0,0.62564804,0.8073434799999999,0.18169543999999993
2106,0.9916634,0.91,-0.08166339999999994,0.9880905,1.0,0.011909500000000017,1.0,0.7,-0.30000000000000004,0.0,0.0,0.0,0.0,0.0,0.0,0.0,0.0,0.0,1,1,0,0.9916633499999998,0.9099999999999999,-0.08166334999999991
2107,0.733973,0.7746408,0.04066780000000003,0.6628186,0.7262726,0.06345400000000001,0.90000004,0.8875,-0.012500040000000046,0.0,0.0,0.0,0.0,0.0,0.0,0.0,0.0,0.0,1,1,0,0.733973032,0.77464082,0.04066778800000004
2108,0.89868087,0.93993086,0.04124999000000007,0.9624012,0.9624012,0.0,0.75,0.8875,0.13749999999999996,0.0,0.0,0.0,0.0,0.0,0.0,0.0,0.0,0.0,1,1,0,0.8986808399999999,0.9399308399999999,0.04125000000000001
2109,0.92875004,0.97749996,0.04874991999999989,1.0,1.0,0.0,0.7625,0.925,0.1625000000000001,0.0,0.0,0.0,0.0,0.0,0.0,0.0,0.0,0.0,1,1,0,0.92875,0.9775,0.04875000000000007
2110,0.97749996,1.0,0.022500040000000054,1.0,1.0,0.0,0.925,1.0,0.07499999999999996,0.0,0.0,0.0,0.0,0.0,0.0,0.0,0.0,0.0,1,1,0,0.9775,1.0,0.022499999999999964
2111,0.81745034,0.8048043,-0.012646040000000025,0.7874291,0.7747205,-0.012708599999999959,0.8875,0.875,-0.012499999999999956,0.0,0.0,0.0,0.0,0.0,0.0,0.0,0.0,0.0,1,1,0,0.81745037,0.80480435,-0.012646020000000036
2112,0.85020095,0.9169445,0.0667435500000001,0.85564417,0.8813494,0.025705229999999912,0.83750004,1.0,0.16249996,0.0,0.0,0.0,0.0,0.0,0.0,0.0,0.0,0.0,1,1,0,0.8502009309999999,0.91694458,0.06674364900000007
2113,1.0,1.0,0.0,1.0,1.0,0.0,1.0,1.0,0.0,0.0,0.0,0.0,0.0,0.0,0.0,0.0,0.0,0.0,1,1,0,1.0,1.0,0.0
2114,0.9679775,1.0,0.032022499999999954,0.9542537,1.0,0.04574630000000002,1.0,1.0,0.0,0.0,0.0,0.0,0.0,0.0,0.0,0.0,0.0,0.0,1,1,0,0.9679775899999998,1.0,0.03202241000000017
2115,0.8616013,0.9215233,0.05992200000000003,0.930859,0.9200332,-0.010825799999999997,0.7,0.925,0.2250000000000001,0.0,0.0,0.0,0.0,0.0,0.0,0.0,0.0,0.0,1,1,0,0.8616012999999999,0.92152324,0.05992194000000006
2116,1.0,1.0,0.0,1.0,1.0,0.0,1.0,1.0,0.0,0.0,0.0,0.0,0.0,0.0,0.0,0.0,0.0,0.0,1,1,0,1.0,1.0,0.0
2117,0.9135944,0.8948498,-0.0187446,0.9247778,0.84978545,-0.07499234999999993,0.8875,1.0,0.11250000000000004,0.0,0.0,0.0,0.0,0.0,0.0,0.0,0.0,0.0,1,1,0,0.9135944599999999,0.8948498149999999,-0.01874464499999995
2118,0.86953527,0.97761613,0.10808086000000006,0.9207646,0.9680231,0.04725849999999998,0.75,1.0,0.25,0.0,0.0,0.0,0.0,0.0,0.0,0.0,0.0,0.0,1,1,0,0.8695352199999999,0.9776161699999999,0.10808094999999995
2119,0.9013371,0.9397678,0.03843070000000004,0.85905284,0.9139539,0.054901059999999946,1.0,1.0,0.0,0.0,0.0,0.0,0.0,0.0,0.0,0.0,0.0,0.0,1,1,0,0.901336988,0.93976773,0.03843074200000007
2120,1.0,1.0,0.0,1.0,1.0,0.0,1.0,1.0,0.0,0.0,0.0,0.0,0.0,0.0,0.0,0.0,0.0,0.0,1,1,0,1.0,1.0,0.0
2121,0.92059433,0.8479744,-0.07261993,0.9347776,0.8310349,-0.10374269999999997,0.8875,0.8875,0.0,0.0,0.0,0.0,0.0,0.0,0.0,0.0,0.0,0.0,1,1,0,0.92059432,0.84797443,-0.07261989000000002
2122,0.91375,0.9137017,-4.830000000000112e-05,0.99999994,0.962431,-0.037568939999999995,0.71250004,0.8,0.08749996000000004,0.0,0.0,0.0,0.0,0.0,0.0,0.0,0.0,0.0,1,1,0,0.91374997,0.9137017,-4.827000000007242e-05
2123,0.9015768,0.8790409,-0.022535899999999942,0.91296685,0.8754157,-0.03755114999999998,0.875,0.8875,0.012499999999999956,0.0,0.0,0.0,0.0,0.0,0.0,0.0,0.0,0.0,1,1,0,0.901576795,0.8790409899999999,-0.022535805000000075
2124,1.0,1.0,0.0,1.0,1.0,0.0,1.0,1.0,0.0,0.0,0.0,0.0,0.0,0.0,0.0,0.0,0.0,0.0,1,1,0,1.0,1.0,0.0
2125,0.81147176,0.9215881,0.11011634000000003,0.78424543,0.9361973,0.15195187,0.875,0.8875,0.012499999999999956,0.0,0.0,0.0,0.0,0.0,0.0,0.0,0.0,0.0,1,1,0,0.8114718009999999,0.92158811,0.11011630900000002
2126,0.91749996,0.8849692,-0.03253075999999999,0.99999994,0.9481702,-0.05182974000000007,0.725,0.7375,0.012500000000000067,0.0,0.0,0.0,0.0,0.0,0.0,0.0,0.0,0.0,1,1,0,0.9174999580000001,0.8849691399999999,-0.03253081800000013
2127,0.0,0.97749996,0.97749996,0.9126477,1.0,0.08735230000000005,0.53125,0.925,0.39375000000000004,0.0,0.0,0.0,0.0,0.0,0.0,1.0,0.0,-1.0,0,1,1,0.79822839,0.9775,0.17927161000000003
2128,1.0,1.0,0.0,1.0,1.0,0.0,1.0,1.0,0.0,0.0,0.0,0.0,0.0,0.0,0.0,0.0,0.0,0.0,1,1,0,1.0,1.0,0.0
2129,0.78295666,0.8464913,0.06353463999999998,0.75422376,0.8128447,0.058620939999999955,0.85,0.925,0.07500000000000007,0.0,0.0,0.0,0.0,0.0,0.0,0.0,0.0,0.0,1,1,0,0.782956632,0.8464912899999999,0.06353465799999991
2130,0.96624994,0.9362499,-0.030000040000000006,0.99999994,0.99999994,0.0,0.8875,0.7875,-0.09999999999999998,0.0,0.0,0.0,0.0,0.0,0.0,0.0,0.0,0.0,1,1,0,0.966249958,0.936249958,-0.030000000000000027
2131,0.892663,0.92044944,0.027786439999999968,0.8948758,0.93457055,0.03969475,0.8875,0.8875,0.0,0.0,0.0,0.0,0.0,0.0,0.0,0.0,0.0,0.0,1,1,0,0.89266306,0.920449385,0.027786325
2132,1.0,1.0,0.0,1.0,1.0,0.0,1.0,1.0,0.0,0.0,0.0,0.0,0.0,0.0,0.0,0.0,0.0,0.0,1,1,0,1.0,1.0,0.0
2133,0.0,0.82934064,0.82934064,0.6488909,0.874058,0.22516709999999995,0.8051948,0.725,-0.08019480000000001,0.0,0.0,0.0,0.0,0.0,0.0,1.0,0.0,-1.0,0,1,1,0.6957820699999999,0.8293406,0.13355853000000006
2134,0.8190722,0.86022186,0.04114965999999998,0.87546027,0.912817,0.03735672999999995,0.6875,0.7375,0.050000000000000044,0.0,0.0,0.0,0.0,0.0,0.0,0.0,0.0,0.0,1,1,0,0.8190721889999999,0.8602219,0.04114971100000009
2135,0.87624997,0.94,0.0637500299999999,1.0,1.0,0.0,0.58750004,0.8,0.21249996000000004,0.0,0.0,0.0,0.0,0.0,0.0,0.0,0.0,0.0,1,1,0,0.876250012,0.94,0.06374998799999998
2136,1.0,1.0,0.0,1.0,1.0,0.0,1.0,1.0,0.0,0.0,0.0,0.0,0.0,0.0,0.0,0.0,0.0,0.0,1,1,0,1.0,1.0,0.0
2137,0.96624994,0.9306313,-0.035618639999999924,0.99999994,0.9491162,-0.050883740000000066,0.8875,0.8875,0.0,0.0,0.0,0.0,0.0,0.0,0.0,0.0,0.0,0.0,1,1,0,0.966249958,0.9306313399999999,-0.0356186180000001
2138,0.8585167,0.9415806,0.08306389999999997,0.8300239,0.91654366,0.08651975999999995,0.925,1.0,0.07499999999999996,0.0,0.0,0.0,0.0,0.0,0.0,0.0,0.0,0.0,1,1,0,0.8585167300000001,0.941580562,0.0830638319999999
2139,0.94375,0.97749996,0.03374995999999997,1.0,1.0,0.0,0.8125,0.925,0.11250000000000004,0.0,0.0,0.0,0.0,0.0,0.0,0.0,0.0,0.0,1,1,0,0.94375,0.9775,0.03375000000000006
2140,0.96250004,0.96250004,0.0,1.0,1.0,0.0,0.875,0.875,0.0,0.0,0.0,0.0,0.0,0.0,0.0,0.0,0.0,0.0,1,1,0,0.9624999999999999,0.9624999999999999,0.0
2141,0.84262794,0.9081692,0.06554126000000005,0.77518266,0.86881316,0.09363049999999995,1.0,1.0,0.0,0.0,0.0,0.0,0.0,0.0,0.0,0.0,0.0,0.0,1,1,0,0.8426278620000001,0.908169212,0.06554134999999994
2142,0.96625006,0.9449915,-0.021258560000000037,1.0,0.92141646,-0.07858354000000001,0.8875,1.0,0.11250000000000004,0.0,0.0,0.0,0.0,0.0,0.0,0.0,0.0,0.0,1,1,0,0.9662499999999999,0.944991522,-0.021258477999999914
2143,0.7727832,0.9993246,0.2265414,0.6754046,0.9990352,0.3236306,1.0,1.0,0.0,0.0,0.0,0.0,0.0,0.0,0.0,0.0,0.0,0.0,1,1,0,0.77278322,0.99932464,0.22654142
2144,0.91590464,0.93024343,0.014338789999999935,0.97629225,0.9003477,-0.07594455,0.77500004,1.0,0.22499996,0.0,0.0,0.0,0.0,0.0,0.0,0.0,0.0,0.0,1,1,0,0.915904587,0.93024339,0.014338803000000011
2145,1.0,1.0,0.0,1.0,1.0,0.0,1.0,1.0,0.0,0.0,0.0,0.0,0.0,0.0,0.0,0.0,0.0,0.0,1,1,0,1.0,1.0,0.0
2146,0.9440178,0.96625006,0.022232260000000004,0.96823967,1.0,0.03176033,0.8875,0.8875,0.0,0.0,0.0,0.0,0.0,0.0,0.0,0.0,0.0,0.0,1,1,0,0.9440177689999999,0.9662499999999999,0.022232231000000047
2147,1.0,1.0,0.0,1.0,1.0,0.0,1.0,1.0,0.0,0.0,0.0,0.0,0.0,0.0,0.0,0.0,0.0,0.0,1,1,0,1.0,1.0,0.0
2148,0.8912501,1.0,0.10874989999999995,1.0,1.0,0.0,0.6375,1.0,0.36250000000000004,0.0,0.0,0.0,0.0,0.0,0.0,0.0,0.0,0.0,1,1,0,0.8912499999999999,1.0,0.10875000000000012
2149,0.8750162,0.90150225,0.026486049999999928,0.92323756,0.859289,-0.06394856000000004,0.7625,1.0,0.23750000000000004,0.0,0.0,0.0,0.0,0.0,0.0,0.0,0.0,0.0,1,1,0,0.875016292,0.9015023,0.026486008000000005
2150,0.93132305,0.9571771,0.025854049999999962,0.95010436,0.9388244,-0.011279959999999978,0.8875,1.0,0.11250000000000004,0.0,0.0,0.0,0.0,0.0,0.0,0.0,0.0,0.0,1,1,0,0.931323052,0.9571770799999999,0.025854027999999918
2151,1.0,1.0,0.0,1.0,1.0,0.0,1.0,1.0,0.0,0.0,0.0,0.0,0.0,0.0,0.0,0.0,0.0,0.0,1,1,0,1.0,1.0,0.0
2152,0.8753859,0.9601063,0.08472039999999992,0.8755513,0.97515184,0.09960053999999996,0.875,0.925,0.050000000000000044,0.0,0.0,0.0,0.0,0.0,0.0,0.0,0.0,0.0,1,1,0,0.8753859100000001,0.960106288,0.08472037799999987
2153,0.9299529,0.8814991,-0.04845379999999999,0.89993274,0.83071303,-0.06921971000000005,1.0,1.0,0.0,0.0,0.0,0.0,0.0,0.0,0.0,0.0,0.0,0.0,1,1,0,0.9299529179999999,0.8814991209999998,-0.048453797000000076
2154,0.8700119,0.88875115,0.018739250000000096,0.86251706,0.9000016,0.03748454000000001,0.8875,0.8625,-0.02499999999999991,0.0,0.0,0.0,0.0,0.0,0.0,0.0,0.0,0.0,1,1,0,0.8700119419999999,0.88875112,0.018739178000000134
2155,0.9175,0.93217987,0.01467987000000004,1.0,0.9031141,-0.09688589999999997,0.725,1.0,0.275,0.0,0.0,0.0,0.0,0.0,0.0,0.0,0.0,0.0,1,1,0,0.9175,0.9321798699999999,0.014679869999999928
2156,0.9040622,0.9109336,0.006871399999999972,0.9111603,0.87276226,-0.03839804000000002,0.8875,1.0,0.11250000000000004,0.0,0.0,0.0,0.0,0.0,0.0,0.0,0.0,0.0,1,1,0,0.90406221,0.910933582,0.006871371999999987
2157,0.858888,0.8314132,-0.02747480000000002,0.9001971,0.8127331,-0.08746399999999999,0.7625,0.875,0.11250000000000004,0.0,0.0,0.0,0.0,0.0,0.0,0.0,0.0,0.0,1,1,0,0.85888797,0.83141317,-0.02747479999999991
2158,0.82622224,0.8913695,0.06514726000000004,0.7999604,0.85017073,0.05021032999999997,0.8875,0.9875,0.10000000000000009,0.0,0.0,0.0,0.0,0.0,0.0,0.0,0.0,0.0,1,1,0,0.82622228,0.891369511,0.06514723099999997
2159,0.9101912,0.9401135,0.02992230000000007,0.92527306,0.9626621,0.037389039999999985,0.875,0.8875,0.012499999999999956,0.0,0.0,0.0,0.0,0.0,0.0,0.0,0.0,0.0,1,1,0,0.910191142,0.9401134699999999,0.029922327999999943
2160,0.9175,0.95500004,0.03750004000000007,1.0,1.0,0.0,0.725,0.85,0.125,0.0,0.0,0.0,0.0,0.0,0.0,0.0,0.0,0.0,1,1,0,0.9175,0.955,0.03749999999999998
2161,0.925,0.881827,-0.04317300000000002,1.0,0.8847528,-0.1152472,0.75,0.875,0.125,0.0,0.0,0.0,0.0,0.0,0.0,0.0,0.0,0.0,1,1,0,0.9249999999999999,0.8818269599999999,-0.043173039999999996
2162,0.74534297,0.9309285,0.18558553,0.9629899,0.9013265,-0.061663399999999924,0.2375,1.0,0.7625,0.0,0.0,0.0,0.0,0.0,0.0,0.0,0.0,0.0,1,1,0,0.74534293,0.93092855,0.18558562
2163,0.91825247,0.930627,0.012374529999999995,0.96357495,0.90089566,-0.06267929000000005,0.8125,1.0,0.1875,0.0,0.0,0.0,0.0,0.0,0.0,0.0,0.0,0.0,1,1,0,0.918252465,0.9306269619999998,0.012374496999999818
2164,0.8354473,0.83116895,-0.004278349999999986,0.88813907,0.8391699,-0.048969170000000006,0.71250004,0.8125,0.09999996,0.0,0.0,0.0,0.0,0.0,0.0,0.0,0.0,0.0,1,1,0,0.8354473609999999,0.83116893,-0.004278430999999916
2165,0.91,0.92706746,0.017067459999999923,1.0,0.9493821,-0.05061789999999999,0.7,0.875,0.17500000000000004,0.0,0.0,0.0,0.0,0.0,0.0,0.0,0.0,0.0,1,1,0,0.9099999999999999,0.9270674699999999,0.017067469999999973
2166,0.88147753,0.9232675,0.041789970000000065,0.83068216,0.8903821,0.05969994000000001,1.0,1.0,0.0,0.0,0.0,0.0,0.0,0.0,0.0,0.0,0.0,0.0,1,1,0,0.881477512,0.9232674699999999,0.04178995799999985
2167,0.9430259,1.0,0.05697410000000003,0.91860837,1.0,0.08139163000000005,1.0,1.0,0.0,0.0,0.0,0.0,0.0,0.0,0.0,0.0,0.0,0.0,1,1,0,0.943025859,1.0,0.05697414099999998
2168,1.0,1.0,0.0,1.0,1.0,0.0,1.0,1.0,0.0,0.0,0.0,0.0,0.0,0.0,0.0,0.0,0.0,0.0,1,1,0,1.0,1.0,0.0
2169,0.8848681,0.8961032,0.011235099999999942,0.8355259,0.851576,0.016050099999999956,1.0,1.0,0.0,0.0,0.0,0.0,0.0,0.0,0.0,0.0,0.0,0.0,1,1,0,0.8848681300000001,0.8961032,0.011235069999999903
2170,0.9312086,0.921212,-0.009996600000000022,0.949941,0.8874456,-0.06249540000000009,0.8875,1.0,0.11250000000000004,0.0,0.0,0.0,0.0,0.0,0.0,0.0,0.0,0.0,1,1,0,0.9312087,0.92121192,-0.009996780000000038
2171,0.8827152,0.85578537,-0.026929830000000043,0.8324504,0.79397905,-0.038471350000000015,1.0,1.0,0.0,0.0,0.0,0.0,0.0,0.0,0.0,0.0,0.0,0.0,1,1,0,0.88271528,0.855785335,-0.02692994500000001
2172,0.8189292,0.28696278,-0.53196642,0.86454177,0.029589694,-0.834952076,0.71250004,0.8875,0.17499995999999995,0.0,0.0,0.0,0.0,0.0,0.0,0.0,0.0,0.0,1,1,0,0.8189292509999999,0.2869627858,-0.5319664651999999
2173,0.9680994,0.9761074,0.008007999999999904,0.9544278,0.96586764,0.011439839999999979,1.0,1.0,0.0,0.0,0.0,0.0,0.0,0.0,0.0,0.0,0.0,0.0,1,1,0,0.9680994599999999,0.976107348,0.008007888000000074
2174,0.8383528,0.923089,0.08473620000000004,0.8494326,0.89012724,0.040694640000000004,0.8125,1.0,0.1875,0.0,0.0,0.0,0.0,0.0,0.0,0.0,0.0,0.0,1,1,0,0.83835282,0.9230890679999999,0.0847362479999999
2175,1.0,1.0,0.0,1.0,1.0,0.0,1.0,1.0,0.0,0.0,0.0,0.0,0.0,0.0,0.0,0.0,0.0,0.0,1,1,0,1.0,1.0,0.0
2176,0.87250006,0.8986908,0.02619073999999999,1.0,0.96241546,-0.03758454,0.575,0.75,0.17500000000000004,0.0,0.0,0.0,0.0,0.0,0.0,0.0,0.0,0.0,1,1,0,0.8724999999999999,0.898690822,0.026190822000000002
2177,0.7847027,0.849898,0.06519530000000007,0.74600387,0.7855684,0.03956452999999993,0.875,1.0,0.125,0.0,0.0,0.0,0.0,0.0,0.0,0.0,0.0,0.0,1,1,0,0.784702709,0.8498978799999999,0.06519517099999983
2178,0.9063433,0.8805812,-0.02576210000000001,0.89834756,0.86154455,-0.03680301000000008,0.925,0.925,0.0,0.0,0.0,0.0,0.0,0.0,0.0,0.0,0.0,0.0,1,1,0,0.9063432920000001,0.880581185,-0.025762107000000034
2179,0.93625003,1.0,0.06374997000000004,1.0,1.0,0.0,0.7875,1.0,0.21250000000000002,0.0,0.0,0.0,0.0,0.0,0.0,0.0,0.0,0.0,1,1,0,0.9362499999999999,1.0,0.06375000000000008
2180,0.94785035,0.9114489,-0.036401449999999946,0.97371477,0.87349844,-0.10021632999999996,0.8875,1.0,0.11250000000000004,0.0,0.0,0.0,0.0,0.0,0.0,0.0,0.0,0.0,1,1,0,0.9478503389999999,0.9114489079999999,-0.03640143100000004
2181,0.92578906,0.87726516,-0.048523900000000064,0.9475557,0.85680735,-0.09074835000000003,0.875,0.925,0.050000000000000044,0.0,0.0,0.0,0.0,0.0,0.0,0.0,0.0,0.0,1,1,0,0.92578899,0.877265145,-0.048523845000000065
2182,1.0,1.0,0.0,1.0,1.0,0.0,1.0,1.0,0.0,0.0,0.0,0.0,0.0,0.0,0.0,0.0,0.0,0.0,1,1,0,1.0,1.0,0.0
2183,0.91908497,0.89300615,-0.026078819999999947,0.95940715,0.87929446,-0.08011268999999999,0.825,0.925,0.10000000000000009,0.0,0.0,0.0,0.0,0.0,0.0,0.0,0.0,0.0,1,1,0,0.9190850049999999,0.8930061220000001,-0.02607888299999983
2184,0.9219391,0.89442796,-0.02751113999999999,0.9366986,0.8491828,-0.08751580000000003,0.8875,1.0,0.11250000000000004,0.0,0.0,0.0,0.0,0.0,0.0,0.0,0.0,0.0,1,1,0,0.9219390199999999,0.89442796,-0.02751105999999992
2185,0.89446175,0.93108577,0.03662401999999998,0.8599453,0.9015511,0.041605800000000026,0.975,1.0,0.025000000000000022,0.0,0.0,0.0,0.0,0.0,0.0,0.0,0.0,0.0,1,1,0,0.89446171,0.9310857699999999,0.03662405999999996
2186,0.8234211,0.92807144,0.10465033999999995,0.7477445,0.8972449,0.14950039999999998,1.0,1.0,0.0,0.0,0.0,0.0,0.0,0.0,0.0,0.0,0.0,0.0,1,1,0,0.8234211499999999,0.9280714299999999,0.10465027999999998
2187,0.85297793,1.0,0.14702207,0.78996843,1.0,0.21003156999999995,1.0,1.0,0.0,0.0,0.0,0.0,0.0,0.0,0.0,0.0,0.0,0.0,1,1,0,0.852977901,1.0,0.14702209899999996
2188,0.908827,0.91247576,0.0036487599999999176,0.95011,0.87496537,-0.07514463000000005,0.8125,1.0,0.1875,0.0,0.0,0.0,0.0,0.0,0.0,0.0,0.0,0.0,1,1,0,0.9088269999999999,0.9124757589999999,0.003648758999999946
2189,0.97749996,1.0,0.022500040000000054,1.0,1.0,0.0,0.925,1.0,0.07499999999999996,0.0,0.0,0.0,0.0,0.0,0.0,0.0,0.0,0.0,1,1,0,0.9775,1.0,0.022499999999999964
2190,0.95747423,0.9123413,-0.04513292999999996,0.9874632,0.8747734,-0.11268979999999995,0.8875,1.0,0.11250000000000004,0.0,0.0,0.0,0.0,0.0,0.0,0.0,0.0,0.0,1,1,0,0.9574742399999999,0.91234138,-0.04513285999999994
2191,1.0,1.0,0.0,1.0,1.0,0.0,1.0,1.0,0.0,0.0,0.0,0.0,0.0,0.0,0.0,0.0,0.0,0.0,1,1,0,1.0,1.0,0.0
2192,0.90589046,0.87817174,-0.027718719999999974,0.92448634,0.874174,-0.050312339999999955,0.8625,0.8875,0.02499999999999991,0.0,0.0,0.0,0.0,0.0,0.0,0.0,0.0,0.0,1,1,0,0.9058904379999999,0.8781718,-0.027718637999999962
2193,0.9109931,0.924658,0.01366489999999998,0.93713295,0.9245114,-0.012621549999999981,0.85,0.925,0.07500000000000007,0.0,0.0,0.0,0.0,0.0,0.0,0.0,0.0,0.0,1,1,0,0.910993065,0.9246579799999999,0.013664914999999889
2194,0.8634741,0.9121439,0.048669799999999985,0.9121059,0.8744913,-0.037614600000000054,0.75,1.0,0.25,0.0,0.0,0.0,0.0,0.0,0.0,0.0,0.0,0.0,1,1,0,0.86347413,0.91214391,0.048669779999999996
2195,0.72945184,0.78542346,0.05597162,0.704574,0.7845335,0.07995949999999996,0.7875,0.7875,0.0,0.0,0.0,0.0,0.0,0.0,0.0,0.0,0.0,0.0,1,1,0,0.7294518,0.7854234499999999,0.05597164999999993
2196,0.90891725,0.9215128,0.012595550000000011,0.95023894,0.8878754,-0.062363539999999995,0.8125,1.0,0.1875,0.0,0.0,0.0,0.0,0.0,0.0,0.0,0.0,0.0,1,1,0,0.908917258,0.92151278,0.012595522000000026
2197,0.9129538,0.8942747,-0.01867910000000006,0.8756482,0.8489639,-0.026684299999999994,1.0,1.0,0.0,0.0,0.0,0.0,0.0,0.0,0.0,0.0,0.0,0.0,1,1,0,0.9129537399999998,0.89427473,-0.01867900999999983
2198,0.96625006,0.96625006,0.0,1.0,1.0,0.0,0.8875,0.8875,0.0,0.0,0.0,0.0,0.0,0.0,0.0,0.0,0.0,0.0,1,1,0,0.9662499999999999,0.9662499999999999,0.0
2199,0.8794119,0.8728442,-0.006567700000000065,0.929517,0.9201346,-0.009382400000000013,0.7625,0.7625,0.0,0.0,0.0,0.0,0.0,0.0,0.0,0.0,0.0,0.0,1,1,0,0.8794119,0.87284422,-0.006567680000000076
2200,0.9136977,0.85362434,-0.060073359999999965,0.9249253,0.8498204,-0.07510489999999992,0.8875,0.8625,-0.02499999999999991,0.0,0.0,0.0,0.0,0.0,0.0,0.0,0.0,0.0,1,1,0,0.9136977099999999,0.85362428,-0.06007342999999987
2201,0.7722747,0.83973503,0.06746033000000007,0.8086066,0.88890725,0.08030065000000008,0.6875,0.725,0.03749999999999998,0.0,0.0,0.0,0.0,0.0,0.0,0.0,0.0,0.0,1,1,0,0.7722746199999999,0.839735075,0.06746045500000009
2202,0.8110568,0.83982354,0.028766740000000013,0.87472403,0.8622478,-0.012476229999999977,0.6625,0.7875,0.125,0.0,0.0,0.0,0.0,0.0,0.0,0.0,0.0,0.0,1,1,0,0.811056821,0.83982346,0.028766638999999983
2203,0.8995104,0.91193265,0.012422249999999968,0.8618005,0.8741895,0.012388999999999983,0.9875,1.0,0.012499999999999956,0.0,0.0,0.0,0.0,0.0,0.0,0.0,0.0,0.0,1,1,0,0.8995103499999999,0.91193265,0.012422300000000108
2204,0.7985603,0.8172531,0.018692799999999954,0.8622291,0.7871472,-0.07508189999999992,0.65000004,0.8875,0.23749995999999995,0.0,0.0,0.0,0.0,0.0,0.0,0.0,0.0,0.0,1,1,0,0.798560382,0.81725304,0.018692657999999973
2205,0.95500004,1.0,0.04499995999999995,1.0,1.0,0.0,0.85,1.0,0.15000000000000002,0.0,0.0,0.0,0.0,0.0,0.0,0.0,0.0,0.0,1,1,0,0.955,1.0,0.04500000000000004
2206,0.9148447,0.92982864,0.014983940000000029,0.93727815,0.8997551,-0.03752305,0.8625,1.0,0.13749999999999996,0.0,0.0,0.0,0.0,0.0,0.0,0.0,0.0,0.0,1,1,0,0.9148447049999999,0.92982857,0.01498386500000004
2207,0.7681545,0.7410301,-0.027124399999999937,0.7973635,0.6782573,-0.11910620000000005,0.7,0.8875,0.1875,0.0,0.0,0.0,0.0,0.0,0.0,0.0,0.0,0.0,1,1,0,0.7681544499999999,0.7410301099999999,-0.02712434000000008
2208,0.9189369,0.9009127,-0.018024199999999935,0.8841955,0.8584467,-0.025748800000000016,1.0,1.0,0.0,0.0,0.0,0.0,0.0,0.0,0.0,0.0,0.0,0.0,1,1,0,0.9189368499999999,0.90091269,-0.018024159999999956
2209,1.0,1.0,0.0,1.0,1.0,0.0,1.0,1.0,0.0,0.0,0.0,0.0,0.0,0.0,0.0,0.0,0.0,0.0,1,1,0,1.0,1.0,0.0
2210,0.88000005,0.9325,0.05249994999999996,1.0,1.0,0.0,0.6,0.77500004,0.17500004000000002,0.0,0.0,0.0,0.0,0.0,0.0,0.0,0.0,0.0,1,1,0,0.8799999999999999,0.932500012,0.052500012000000096
2211,0.9486915,0.94733906,-0.0013524400000000103,0.9749164,0.92477006,-0.05014634000000007,0.8875,1.0,0.11250000000000004,0.0,0.0,0.0,0.0,0.0,0.0,0.0,0.0,0.0,1,1,0,0.9486914799999999,0.9473390419999999,-0.0013524380000000669
2212,0.94,1.0,0.06000000000000005,1.0,1.0,0.0,0.8,1.0,0.19999999999999996,0.0,0.0,0.0,0.0,0.0,0.0,0.0,0.0,0.0,1,1,0,0.94,1.0,0.06000000000000005
2213,0.9222147,0.96386814,0.04165343999999993,0.93709254,0.94838303,0.011290490000000042,0.8875,1.0,0.11250000000000004,0.0,0.0,0.0,0.0,0.0,0.0,0.0,0.0,0.0,1,1,0,0.922214778,0.963868121,0.04165334300000001
2214,0.96625006,0.98426956,0.018019499999999966,1.0,0.9775279,-0.022472099999999995,0.8875,1.0,0.11250000000000004,0.0,0.0,0.0,0.0,0.0,0.0,0.0,0.0,0.0,1,1,0,0.9662499999999999,0.98426953,0.018019530000000006
2215,0.9325,1.0,0.0675,1.0,1.0,0.0,0.77500004,1.0,0.22499996,0.0,0.0,0.0,0.0,0.0,0.0,0.0,0.0,0.0,1,1,0,0.932500012,1.0,0.06749998800000001
2216,0.909372,1.0,0.09062800000000004,0.8705314,1.0,0.12946860000000004,1.0,1.0,0.0,0.0,0.0,0.0,0.0,0.0,0.0,0.0,0.0,0.0,1,1,0,0.90937198,1.0,0.09062802000000003
2217,1.0,1.0,0.0,1.0,1.0,0.0,1.0,1.0,0.0,0.0,0.0,0.0,0.0,0.0,0.0,0.0,0.0,0.0,1,1,0,1.0,1.0,0.0
2218,0.7424956,1.0,0.25750439999999997,0.6642794,1.0,0.33572060000000004,0.925,1.0,0.07499999999999996,0.0,0.0,0.0,0.0,0.0,0.0,0.0,0.0,0.0,1,1,0,0.7424955799999999,1.0,0.25750442000000007
2219,1.0,0.96625006,-0.03374993999999998,1.0,1.0,0.0,1.0,0.8875,-0.11250000000000004,0.0,0.0,0.0,0.0,0.0,0.0,0.0,0.0,0.0,1,1,0,1.0,0.9662499999999999,-0.03375000000000006
2220,0.8544626,0.9025,0.04803740000000001,0.963518,1.0,0.036482000000000014,0.6,0.675,0.07500000000000007,0.0,0.0,0.0,0.0,0.0,0.0,0.0,0.0,0.0,1,1,0,0.8544626,0.9025,0.04803740000000001
2221,0.88075966,0.8415969,-0.039162760000000074,0.8617995,0.77370983,-0.08808967000000001,0.925,1.0,0.07499999999999996,0.0,0.0,0.0,0.0,0.0,0.0,0.0,0.0,0.0,1,1,0,0.8807596500000001,0.8415968810000001,-0.03916276900000004
2222,0.95359135,0.96625006,0.012658710000000073,0.9872734,1.0,0.012726600000000032,0.875,0.8875,0.012499999999999956,0.0,0.0,0.0,0.0,0.0,0.0,0.0,0.0,0.0,1,1,0,0.95359138,0.9662499999999999,0.012658619999999954
2223,1.0,1.0,0.0,1.0,1.0,0.0,1.0,1.0,0.0,0.0,0.0,0.0,0.0,0.0,0.0,0.0,0.0,0.0,1,1,0,1.0,1.0,0.0
2224,0.9485931,0.9030714,-0.0455217,0.9747758,0.86153054,-0.11324526000000001,0.8875,1.0,0.11250000000000004,0.0,0.0,0.0,0.0,0.0,0.0,0.0,0.0,0.0,1,1,0,0.9485930599999999,0.9030713779999999,-0.04552168199999995
2225,0.99162644,1.0,0.008373560000000002,0.98803777,1.0,0.011962229999999963,1.0,1.0,0.0,0.0,0.0,0.0,0.0,0.0,0.0,0.0,0.0,0.0,1,1,0,0.991626439,1.0,0.008373560999999974
2226,0.89233154,0.973708,0.08137645999999998,0.8997593,0.9624399,0.06268059999999998,0.875,1.0,0.125,0.0,0.0,0.0,0.0,0.0,0.0,0.0,0.0,0.0,1,1,0,0.89233151,0.97370793,0.08137642
2227,1.0,1.0,0.0,1.0,1.0,0.0,1.0,1.0,0.0,0.0,0.0,0.0,0.0,0.0,0.0,0.0,0.0,0.0,1,1,0,1.0,1.0,0.0
2228,0.30080408,1.0,0.69919592,0.0011486647,1.0,0.9988513353,1.0,1.0,0.0,0.0,0.0,0.0,0.0,0.0,0.0,0.0,0.0,0.0,1,1,0,0.30080406529,1.0,0.6991959347100001
2229,0.95751494,0.92142314,-0.03609180000000001,0.9875214,0.8877473,-0.09977409999999998,0.8875,1.0,0.11250000000000004,0.0,0.0,0.0,0.0,0.0,0.0,0.0,0.0,0.0,1,1,0,0.9575149799999999,0.9214231099999999,-0.036091870000000026
2230,0.9319386,0.94819874,0.01626014000000009,0.98312646,0.97421235,-0.008914110000000086,0.8125,0.8875,0.07499999999999996,0.0,0.0,0.0,0.0,0.0,0.0,0.0,0.0,0.0,1,1,0,0.931938522,0.948198645,0.016260122999999904
2231,0.88626397,0.87075967,-0.015504300000000026,0.8857342,0.815371,-0.07036320000000007,0.8875,1.0,0.11250000000000004,0.0,0.0,0.0,0.0,0.0,0.0,0.0,0.0,0.0,1,1,0,0.88626394,0.8707597,-0.015504239999999947
2232,0.9596548,1.0,0.04034519999999997,0.942364,1.0,0.05763600000000002,1.0,1.0,0.0,0.0,0.0,0.0,0.0,0.0,0.0,0.0,0.0,0.0,1,1,0,0.9596548,1.0,0.04034519999999997
2233,1.0,1.0,0.0,1.0,1.0,0.0,1.0,1.0,0.0,0.0,0.0,0.0,0.0,0.0,0.0,0.0,0.0,0.0,1,1,0,1.0,1.0,0.0
2234,0.96270925,0.96270925,0.0,0.9467274,0.9467274,0.0,1.0,1.0,0.0,0.0,0.0,0.0,0.0,0.0,0.0,0.0,0.0,0.0,1,1,0,0.96270918,0.96270918,0.0
2235,0.8991545,0.91189116,0.012736660000000066,0.9095064,0.92234445,0.012838049999999934,0.875,0.8875,0.012499999999999956,0.0,0.0,0.0,0.0,0.0,0.0,0.0,0.0,0.0,1,1,0,0.89915448,0.911891115,0.012736634999999996
2236,0.85412043,0.8951206,0.04100017,0.8237435,0.8501722,0.026428700000000083,0.925,1.0,0.07499999999999996,0.0,0.0,0.0,0.0,0.0,0.0,0.0,0.0,0.0,1,1,0,0.8541204499999999,0.89512054,0.041000090000000045
2237,0.8969561,0.8614313,-0.03552480000000002,0.8527943,0.80204475,-0.05074955000000003,1.0,1.0,0.0,0.0,0.0,0.0,0.0,0.0,0.0,0.0,0.0,0.0,1,1,0,0.89695601,0.8614313249999999,-0.03552468500000017
2238,1.0,1.0,0.0,1.0,1.0,0.0,1.0,1.0,0.0,0.0,0.0,0.0,0.0,0.0,0.0,0.0,0.0,0.0,1,1,0,1.0,1.0,0.0
2239,1.0,1.0,0.0,0.99999994,0.99999994,0.0,1.0,1.0,0.0,0.0,0.0,0.0,0.0,0.0,0.0,0.0,0.0,0.0,1,1,0,0.9999999580000001,0.9999999580000001,0.0
2240,0.8951006,0.90210265,0.007002049999999982,0.98942935,0.89228946,-0.09713989,0.675,0.925,0.25,0.0,0.0,0.0,0.0,0.0,0.0,0.0,0.0,0.0,1,1,0,0.8951005449999999,0.9021026219999999,0.0070020769999999954
2241,0.815302,0.87080544,0.05550344000000007,0.88614565,0.9493649,0.06321924999999995,0.65000004,0.6875,0.03749996,0.0,0.0,0.0,0.0,0.0,0.0,0.0,0.0,0.0,1,1,0,0.8153019669999999,0.8708054299999999,0.055503462999999975
2242,0.8678031,0.897637,0.02983389999999997,0.9397187,0.8537672,-0.08595150000000007,0.7,1.0,0.30000000000000004,0.0,0.0,0.0,0.0,0.0,0.0,0.0,0.0,0.0,1,1,0,0.8678030899999999,0.89763704,0.02983395000000011
2243,0.9137826,0.85494417,-0.05883843,0.87683225,0.7927773,-0.08405494999999996,1.0,1.0,0.0,0.0,0.0,0.0,0.0,0.0,0.0,0.0,0.0,0.0,1,1,0,0.9137825749999999,0.8549441099999999,-0.058838465000000006
2244,1.0,1.0,0.0,1.0,1.0,0.0,1.0,1.0,0.0,0.0,0.0,0.0,0.0,0.0,0.0,0.0,0.0,0.0,1,1,0,1.0,1.0,0.0
2245,1.0,1.0,0.0,1.0,1.0,0.0,1.0,1.0,0.0,0.0,0.0,0.0,0.0,0.0,0.0,0.0,0.0,0.0,1,1,0,1.0,1.0,0.0
2246,0.8892189,0.9557163,0.06649739999999993,0.8845984,0.93673754,0.05213913999999997,0.90000004,1.0,0.09999996,0.0,0.0,0.0,0.0,0.0,0.0,0.0,0.0,0.0,1,1,0,0.8892188919999999,0.9557162779999999,0.06649738599999999
2247,1.0,1.0,0.0,1.0,1.0,0.0,1.0,1.0,0.0,0.0,0.0,0.0,0.0,0.0,0.0,0.0,0.0,0.0,1,1,0,1.0,1.0,0.0
2248,0.7788369,0.8705804,0.09174349999999998,0.6840527,0.81511486,0.13106216000000004,1.0,1.0,0.0,0.0,0.0,0.0,0.0,0.0,0.0,0.0,0.0,0.0,1,1,0,0.77883689,0.8705804019999999,0.09174351199999986
2249,0.8905918,0.9224852,0.03189339999999996,0.9508454,0.8892646,-0.06158079999999999,0.75,1.0,0.25,0.0,0.0,0.0,0.0,0.0,0.0,0.0,0.0,0.0,1,1,0,0.8905917799999999,0.92248522,0.03189344000000005
2250,0.91067123,0.9403555,0.029684269999999957,0.8723875,0.91479355,0.04240604999999997,1.0,1.0,0.0,0.0,0.0,0.0,0.0,0.0,0.0,0.0,0.0,0.0,1,1,0,0.91067125,0.940355485,0.029684234999999948
2251,1.0,1.0,0.0,1.0,1.0,0.0,1.0,1.0,0.0,0.0,0.0,0.0,0.0,0.0,0.0,0.0,0.0,0.0,1,1,0,1.0,1.0,0.0
2252,1.0,1.0,0.0,1.0,1.0,0.0,1.0,1.0,0.0,0.0,0.0,0.0,0.0,0.0,0.0,0.0,0.0,0.0,1,1,0,1.0,1.0,0.0
2253,0.82,0.96625006,0.14625006000000007,1.0,1.0,0.0,0.4,0.8875,0.48749999999999993,0.0,0.0,0.0,0.0,0.0,0.0,0.0,0.0,0.0,1,1,0,0.82,0.9662499999999999,0.14625
2254,0.0,0.97749996,0.97749996,0.30673987,0.99999994,0.69326007,0.53846157,0.925,0.3865384300000001,0.0,0.0,0.0,0.0,0.0,0.0,1.0,0.0,-1.0,0,1,1,0.37625638,0.9774999580000001,0.6012435780000001
2255,0.87631387,1.0,0.12368612999999995,0.9304484,1.0,0.06955160000000005,0.75,1.0,0.25,0.0,0.0,0.0,0.0,0.0,0.0,0.0,0.0,0.0,1,1,0,0.8763138799999999,1.0,0.12368612000000012
2256,1.0,1.0,0.0,1.0,1.0,0.0,1.0,1.0,0.0,0.0,0.0,0.0,0.0,0.0,0.0,0.0,0.0,0.0,1,1,0,1.0,1.0,0.0
2257,0.85043585,0.88198644,0.031550590000000045,0.81847984,0.8314092,0.01292936,0.925,1.0,0.07499999999999996,0.0,0.0,0.0,0.0,0.0,0.0,0.0,0.0,0.0,1,1,0,0.850435888,0.8819864399999999,0.0315505519999999
2258,1.0,1.0,0.0,1.0,1.0,0.0,1.0,1.0,0.0,0.0,0.0,0.0,0.0,0.0,0.0,0.0,0.0,0.0,1,1,0,1.0,1.0,0.0
2259,1.0,1.0,0.0,0.99999994,0.99999994,0.0,1.0,1.0,0.0,0.0,0.0,0.0,0.0,0.0,0.0,0.0,0.0,0.0,1,1,0,0.9999999580000001,0.9999999580000001,0.0
2260,0.7998617,0.9252181,0.12535640000000003,0.8158739,0.8931687,0.0772948,0.7625,1.0,0.23750000000000004,0.0,0.0,0.0,0.0,0.0,0.0,0.0,0.0,0.0,1,1,0,0.79986173,0.92521809,0.12535635999999994
2261,0.85347885,1.0,0.14652115,0.790684,1.0,0.20931599999999995,1.0,1.0,0.0,0.0,0.0,0.0,0.0,0.0,0.0,0.0,0.0,0.0,1,1,0,0.8534788,1.0,0.14652120000000002
2262,0.95500004,0.9188318,-0.036168240000000074,1.0,0.93761694,-0.062383060000000046,0.85,0.875,0.025000000000000022,0.0,0.0,0.0,0.0,0.0,0.0,0.0,0.0,0.0,1,1,0,0.955,0.9188318579999999,-0.03616814200000007
2263,0.94876575,0.921109,-0.027656750000000008,0.9750226,0.8872985,-0.08772409999999997,0.8875,1.0,0.11250000000000004,0.0,0.0,0.0,0.0,0.0,0.0,0.0,0.0,0.0,1,1,0,0.9487658199999999,0.92110895,-0.027656869999999834
2264,1.0,1.0,0.0,1.0,1.0,0.0,1.0,1.0,0.0,0.0,0.0,0.0,0.0,0.0,0.0,0.0,0.0,0.0,1,1,0,1.0,1.0,0.0
2265,0.9137187,0.86988795,-0.04383075000000003,0.9249553,0.86234,-0.06261530000000004,0.8875,0.8875,0.0,0.0,0.0,0.0,0.0,0.0,0.0,0.0,0.0,0.0,1,1,0,0.9137187099999999,0.869888,-0.04383070999999994
2266,1.0,1.0,0.0,1.0,1.0,0.0,1.0,1.0,0.0,0.0,0.0,0.0,0.0,0.0,0.0,0.0,0.0,0.0,1,1,0,1.0,1.0,0.0
2267,0.7338602,0.8622986,0.12843840000000006,0.61980027,0.86756945,0.24776917999999992,1.0,0.85,-0.15000000000000002,0.0,0.0,0.0,0.0,0.0,0.0,0.0,0.0,0.0,1,1,0,0.733860189,0.8622986149999999,0.12843842599999988
2268,0.91324085,0.8921904,-0.021050449999999943,0.92427266,0.8459863,-0.07828636,0.8875,1.0,0.11250000000000004,0.0,0.0,0.0,0.0,0.0,0.0,0.0,0.0,0.0,1,1,0,0.9132408619999999,0.89219041,-0.021050451999999886
2269,0.818442,0.84097433,0.02253232999999999,0.90134573,0.8263919,-0.07495383,0.625,0.875,0.25,0.0,0.0,0.0,0.0,0.0,0.0,0.0,0.0,0.0,1,1,0,0.8184420109999999,0.8409743299999999,0.022532318999999967
2270,1.0,1.0,0.0,1.0,1.0,0.0,1.0,1.0,0.0,0.0,0.0,0.0,0.0,0.0,0.0,0.0,0.0,0.0,1,1,0,1.0,1.0,0.0
2271,0.97749996,1.0,0.022500040000000054,1.0,1.0,0.0,0.925,1.0,0.07499999999999996,0.0,0.0,0.0,0.0,0.0,0.0,0.0,0.0,0.0,1,1,0,0.9775,1.0,0.022499999999999964
2272,0.8998026,0.91206723,0.012264629999999999,0.9372179,0.8743818,-0.06283610000000006,0.8125,1.0,0.1875,0.0,0.0,0.0,0.0,0.0,0.0,0.0,0.0,0.0,1,1,0,0.89980253,0.9120672599999999,0.012264729999999946
2273,0.97375005,1.0,0.026249949999999966,1.0,1.0,0.0,0.9125,1.0,0.08750000000000002,0.0,0.0,0.0,0.0,0.0,0.0,0.0,0.0,0.0,1,1,0,0.9737499999999999,1.0,0.026250000000000107
2274,0.93995446,0.9125975,-0.027356960000000097,0.96243495,0.8751393,-0.08729565000000006,0.8875,1.0,0.11250000000000004,0.0,0.0,0.0,0.0,0.0,0.0,0.0,0.0,0.0,1,1,0,0.9399544649999999,0.9125975099999999,-0.027356955000000016
2275,1.0,1.0,0.0,1.0,1.0,0.0,1.0,1.0,0.0,0.0,0.0,0.0,0.0,0.0,0.0,0.0,0.0,0.0,1,1,0,1.0,1.0,0.0
2276,0.9025,0.93786395,0.03536395000000003,1.0,0.91123426,-0.08876574000000004,0.675,1.0,0.32499999999999996,0.0,0.0,0.0,0.0,0.0,0.0,0.0,0.0,0.0,1,1,0,0.9025,0.9378639819999999,0.035363981999999905
2277,0.90779734,0.8375047,-0.07029264000000002,0.9164962,0.8214353,-0.0950609,0.8875,0.875,-0.012499999999999956,0.0,0.0,0.0,0.0,0.0,0.0,0.0,0.0,0.0,1,1,0,0.9077973399999999,0.8375047099999999,-0.07029262999999997
2278,0.28310207,0.28310207,0.0,0.024074385,0.024074385,0.0,0.8875,0.8875,0.0,0.0,0.0,0.0,0.0,0.0,0.0,0.0,0.0,0.0,1,1,0,0.2831020695,0.2831020695,0.0
2279,0.8575,0.96625006,0.10875005999999998,1.0,1.0,0.0,0.52500004,0.8875,0.36249995999999995,0.0,0.0,0.0,0.0,0.0,0.0,0.0,0.0,0.0,1,1,0,0.8575000119999999,0.9662499999999999,0.10874998800000002
2280,0.856023,0.9085822,0.05255920000000003,0.94967586,0.91226023,-0.03741563000000003,0.6375,0.90000004,0.26250004000000005,0.0,0.0,0.0,0.0,0.0,0.0,0.0,0.0,0.0,1,1,0,0.856023102,0.908582173,0.05255907100000001
2281,0.9825593,0.9126918,-0.06986749999999997,0.9750847,0.875274,-0.09981070000000003,1.0,1.0,0.0,0.0,0.0,0.0,0.0,0.0,0.0,0.0,0.0,0.0,1,1,0,0.98255929,0.9126917999999999,-0.06986749000000003
2282,1.0,1.0,0.0,1.0,1.0,0.0,1.0,1.0,0.0,0.0,0.0,0.0,0.0,0.0,0.0,0.0,0.0,0.0,1,1,0,1.0,1.0,0.0
2283,0.96897966,1.0,0.03102033999999998,0.9556852,1.0,0.04431479999999999,1.0,1.0,0.0,0.0,0.0,0.0,0.0,0.0,0.0,0.0,0.0,0.0,1,1,0,0.9689796399999999,1.0,0.03102036000000008
2284,1.0,1.0,0.0,1.0,1.0,0.0,1.0,1.0,0.0,0.0,0.0,0.0,0.0,0.0,0.0,0.0,0.0,0.0,1,1,0,1.0,1.0,0.0
2285,0.7904443,0.78422827,-0.006216030000000039,0.86134905,0.79889745,-0.06245159999999994,0.625,0.75,0.125,0.0,0.0,0.0,0.0,0.0,0.0,0.0,0.0,0.0,1,1,0,0.7904443349999999,0.784228215,-0.006216119999999936
2286,0.8035639,0.8485923,0.04502839999999997,0.8908056,0.78370327,-0.10710233000000002,0.6,1.0,0.4,0.0,0.0,0.0,0.0,0.0,0.0,0.0,0.0,0.0,1,1,0,0.80356392,0.8485922889999999,0.04502836899999996
2287,0.8999403,0.9051825,0.005242199999999975,0.88920045,0.8645464,-0.024654049999999983,0.925,1.0,0.07499999999999996,0.0,0.0,0.0,0.0,0.0,0.0,0.0,0.0,0.0,1,1,0,0.899940315,0.9051824799999999,0.005242164999999854
2288,0.81431437,0.8638073,0.04949292999999999,0.8311634,0.80543894,-0.02572445999999995,0.77500004,1.0,0.22499996,0.0,0.0,0.0,0.0,0.0,0.0,0.0,0.0,0.0,1,1,0,0.814314392,0.863807258,0.049492866000000024
2289,0.9025,0.96250004,0.06000004000000003,1.0,1.0,0.0,0.675,0.875,0.19999999999999996,0.0,0.0,0.0,0.0,0.0,0.0,0.0,0.0,0.0,1,1,0,0.9025,0.9624999999999999,0.05999999999999994
2290,0.9137508,1.0,0.08624920000000003,0.8767869,1.0000001,0.12321320000000002,1.0,1.0,0.0,0.0,0.0,0.0,0.0,0.0,0.0,0.0,0.0,0.0,1,1,0,0.9137508299999999,1.00000007,0.08624924000000012
2291,1.0,1.0,0.0,1.0,1.0,0.0,1.0,1.0,0.0,0.0,0.0,0.0,0.0,0.0,0.0,0.0,0.0,0.0,1,1,0,1.0,1.0,0.0
2292,0.96250004,0.96200496,-0.0004950799999999811,1.0,0.9457213,-0.05427870000000001,0.875,1.0,0.125,0.0,0.0,0.0,0.0,0.0,0.0,0.0,0.0,0.0,1,1,0,0.9624999999999999,0.9620049099999999,-0.0004950900000000313
2293,0.0,1.0,1.0,0.66838473,1.0,0.33161527,0.91549295,1.0,0.08450705000000003,1.0,0.0,-1.0,1.0,0.0,-1.0,0.0,0.0,0.0,0,1,1,0.7425171959999999,1.0,0.2574828040000001
2294,0.848354,0.90020126,0.05184725999999995,0.83157706,0.85743034,0.02585327999999998,0.8875,1.0,0.11250000000000004,0.0,0.0,0.0,0.0,0.0,0.0,0.0,0.0,0.0,1,1,0,0.8483539419999999,0.900201238,0.05184729600000004
2295,0.0,0.0,0.0,1.0,1.0,0.0,1.0,1.0,0.0,1.0,1.0,0.0,1.0,1.0,0.0,0.0,0.0,0.0,0,0,0,1.0,1.0,0.0
2296,0.867515,0.71301955,-0.1544954500000001,0.8160929,0.7668137,-0.04927919999999997,0.9875,0.58750004,-0.39999996000000004,0.0,0.0,0.0,0.0,0.0,0.0,0.0,0.0,0.0,1,1,0,0.86751503,0.713019602,-0.15449542799999993
2297,0.8129652,0.8129652,0.0,0.7649502,0.7649502,0.0,0.925,0.925,0.0,0.0,0.0,0.0,0.0,0.0,0.0,0.0,0.0,0.0,1,1,0,0.81296514,0.81296514,0.0
2298,0.8780964,0.86170465,-0.016391750000000038,0.82585204,0.8024352,-0.023416839999999994,1.0,1.0,0.0,0.0,0.0,0.0,0.0,0.0,0.0,0.0,0.0,0.0,1,1,0,0.8780964279999999,0.8617046399999999,-0.016391787999999963
2299,0.0,0.879662,0.879662,0.012711591,0.91380286,0.901091269,0.0,0.8,0.8,1.0,0.0,-1.0,1.0,0.0,-1.0,0.0,0.0,0.0,0,1,1,0.0088981137,0.879662002,0.8707638883
2300,0.80011797,0.8897808,0.08966283000000008,0.81088287,0.9229012,0.11201832999999994,0.77500004,0.8125,0.03749996,0.0,0.0,0.0,0.0,0.0,0.0,0.0,0.0,0.0,1,1,0,0.8001180210000001,0.88978084,0.08966281899999995
2301,0.6060049,0.8378634,0.23185850000000008,0.59786415,0.76837623,0.17051207999999995,0.625,1.0,0.375,0.0,0.0,0.0,0.0,0.0,0.0,0.0,0.0,0.0,1,1,0,0.606004905,0.8378633609999999,0.23185845599999988
2302,0.859021,0.8747579,0.015736899999999943,0.8468158,0.82108265,-0.025733149999999982,0.8875,1.0,0.11250000000000004,0.0,0.0,0.0,0.0,0.0,0.0,0.0,0.0,0.0,1,1,0,0.85902106,0.8747578549999999,0.015736794999999915
2303,0.86462444,0.8736969,0.009072459999999949,0.870892,0.8195669,-0.05132510000000001,0.85,1.0,0.15000000000000002,0.0,0.0,0.0,0.0,0.0,0.0,0.0,0.0,0.0,1,1,0,0.8646244,0.8736968299999999,0.00907242999999991
2304,0.88676214,1.0,0.11323786000000002,0.8382316,1.0,0.16176840000000003,1.0,1.0,0.0,0.0,0.0,0.0,0.0,0.0,0.0,0.0,0.0,0.0,1,1,0,0.88676212,1.0,0.11323788000000001
2305,0.9576039,0.90527135,-0.05233254999999992,0.9876483,0.9128876,-0.07476070000000001,0.8875,0.8875,0.0,0.0,0.0,0.0,0.0,0.0,0.0,0.0,0.0,0.0,1,1,0,0.9576038099999999,0.90527132,-0.052332489999999954
2306,0.9103142,0.8615985,-0.04871569999999992,0.87187743,0.8022835,-0.06959392999999992,1.0,1.0,0.0,0.0,0.0,0.0,0.0,0.0,0.0,0.0,0.0,0.0,1,1,0,0.9103142009999998,0.86159845,-0.04871575099999981
2307,0.94375175,1.0,0.05624825,0.95178825,1.0,0.04821175,0.925,1.0,0.07499999999999996,0.0,0.0,0.0,0.0,0.0,0.0,0.0,0.0,0.0,1,1,0,0.943751775,1.0,0.05624822500000004
2308,1.0,0.997124,-0.0028759999999999897,1.0,0.99589145,-0.004108549999999989,1.0,1.0,0.0,0.0,0.0,0.0,0.0,0.0,0.0,0.0,0.0,0.0,1,1,0,1.0,0.997124015,-0.00287598499999997
2309,0.80152416,0.9263989,0.12487473999999998,0.9628916,0.9752127,0.012321100000000085,0.425,0.8125,0.3875,0.0,0.0,0.0,0.0,0.0,0.0,0.0,0.0,0.0,1,1,0,0.8015241199999998,0.92639889,0.12487477000000013
2310,0.45197234,0.0,-0.45197234,0.24924621,0.56429964,0.31505342999999997,0.925,1.0,0.07499999999999996,0.0,0.0,0.0,0.0,0.0,0.0,0.0,1.0,1.0,1,0,-1,0.451972347,0.6950097479999999,0.24303740099999993
2311,1.0,1.0,0.0,1.0,1.0,0.0,1.0,1.0,0.0,0.0,0.0,0.0,0.0,0.0,0.0,0.0,0.0,0.0,1,1,0,1.0,1.0,0.0
2312,0.9182705,0.93170255,0.013432050000000029,0.9314579,0.90243214,-0.0290257599999999,0.8875,1.0,0.11250000000000004,0.0,0.0,0.0,0.0,0.0,0.0,0.0,0.0,0.0,1,1,0,0.9182705299999999,0.9317024979999999,0.013431968000000016
2313,0.89100975,0.83364165,-0.05736810000000003,0.8442997,0.7944881,-0.049811599999999956,1.0,0.925,-0.07499999999999996,0.0,0.0,0.0,0.0,0.0,0.0,0.0,0.0,0.0,1,1,0,0.89100979,0.83364167,-0.05736812000000002
2314,0.80741626,0.95998794,0.15257168,0.7784518,0.94283986,0.16438805999999995,0.875,1.0,0.125,0.0,0.0,0.0,0.0,0.0,0.0,0.0,0.0,0.0,1,1,0,0.8074162599999999,0.959987902,0.15257164200000006
2315,0.48002258,0.9130955,0.43307292,0.2571751,0.8758506,0.6186755,1.0,1.0,0.0,0.0,0.0,0.0,0.0,0.0,0.0,0.0,0.0,0.0,1,1,0,0.48002257,0.9130954199999999,0.4330728499999999
2316,0.85970825,0.79723465,-0.06247359999999991,0.7995831,0.8121209,0.012537800000000043,1.0,0.7625,-0.23750000000000004,0.0,0.0,0.0,0.0,0.0,0.0,0.0,0.0,0.0,1,1,0,0.85970817,0.7972346299999999,-0.06247354000000005
2317,0.89680636,0.9488789,0.052072539999999945,0.8525805,0.92696977,0.07438927000000006,1.0,1.0,0.0,0.0,0.0,0.0,0.0,0.0,0.0,0.0,0.0,0.0,1,1,0,0.8968063499999999,0.948878839,0.052072489000000166
2318,0.93625003,0.9545048,0.018254770000000087,1.0,0.9885783,-0.011421699999999979,0.7875,0.875,0.08750000000000002,0.0,0.0,0.0,0.0,0.0,0.0,0.0,0.0,0.0,1,1,0,0.9362499999999999,0.95450481,0.018254810000000066
2319,0.95125,1.0,0.04874999999999996,1.0,1.0,0.0,0.83750004,1.0,0.16249996,0.0,0.0,0.0,0.0,0.0,0.0,0.0,0.0,0.0,1,1,0,0.9512500119999999,1.0,0.04874998800000008
2320,1.0,1.0,0.0,1.0,1.0,0.0,1.0,1.0,0.0,0.0,0.0,0.0,0.0,0.0,0.0,0.0,0.0,0.0,1,1,0,1.0,1.0,0.0
2321,0.94375,0.88900006,-0.05474994,1.0,0.9646429,-0.03535710000000003,0.8125,0.71250004,-0.09999996,0.0,0.0,0.0,0.0,0.0,0.0,0.0,0.0,0.0,1,1,0,0.94375,0.8890000419999999,-0.05474995800000004
2322,0.84250003,0.93625003,0.09375,1.0,1.0,0.0,0.475,0.7875,0.3125,0.0,0.0,0.0,0.0,0.0,0.0,0.0,0.0,0.0,1,1,0,0.8424999999999999,0.9362499999999999,0.09375
2323,0.87903005,0.94056684,0.06153679000000001,0.98790014,0.9150954,-0.07280474000000003,0.625,1.0,0.375,0.0,0.0,0.0,0.0,0.0,0.0,0.0,0.0,0.0,1,1,0,0.879030098,0.9405667799999999,0.061536681999999954
2324,0.9480521,0.8993165,-0.04873559999999999,0.974003,0.8561664,-0.11783659999999996,0.8875,1.0,0.11250000000000004,0.0,0.0,0.0,0.0,0.0,0.0,0.0,0.0,0.0,1,1,0,0.9480521,0.89931648,-0.04873561999999998
2325,0.97749996,0.97749996,0.0,0.99999994,0.99999994,0.0,0.925,0.925,0.0,0.0,0.0,0.0,0.0,0.0,0.0,0.0,0.0,0.0,1,1,0,0.9774999580000001,0.9774999580000001,0.0
2326,0.9025,1.0,0.09750000000000003,1.0,1.0,0.0,0.675,1.0,0.32499999999999996,0.0,0.0,0.0,0.0,0.0,0.0,0.0,0.0,0.0,1,1,0,0.9025,1.0,0.09750000000000003
2327,0.0,0.0,0.0,0.034621246,0.12350659,0.088885344,0.0,1.0,1.0,1.0,1.0,0.0,1.0,1.0,0.0,0.0,0.0,0.0,0,0,0,0.0242348722,0.386454613,0.3622197408
2328,0.0,0.0,0.0,1.0,1.0,0.0,0.0,1.0,1.0,1.0,1.0,0.0,1.0,1.0,0.0,0.0,0.0,0.0,0,0,0,0.7,1.0,0.30000000000000004
2329,0.8139472,0.9019537,0.08800649999999999,0.78242457,0.8599338,0.07750922999999998,0.8875,1.0,0.11250000000000004,0.0,0.0,0.0,0.0,0.0,0.0,0.0,0.0,0.0,1,1,0,0.8139471989999999,0.90195366,0.08800646100000009
2330,0.83866805,0.83984756,0.0011795100000000502,0.88202584,0.8301393,-0.051886539999999925,0.7375,0.8625,0.125,0.0,0.0,0.0,0.0,0.0,0.0,0.0,0.0,0.0,1,1,0,0.8386680879999999,0.83984751,0.0011794220000000966
2331,1.0,1.0,0.0,1.0,1.0,0.0,1.0,1.0,0.0,0.0,0.0,0.0,0.0,0.0,0.0,0.0,0.0,0.0,1,1,0,1.0,1.0,0.0
2332,0.0,0.0,0.0,1.0,0.0,-1.0,1.0,1.0,0.0,2.0,2.0,0.0,1.0,1.0,0.0,0.0,0.0,0.0,0,0,0,1.0,0.3,-0.7
2333,0.8593599,0.99348605,0.13412615000000006,0.965157,0.99069434,0.025537339999999964,0.6125,1.0,0.38749999999999996,0.0,0.0,0.0,0.0,0.0,0.0,0.0,0.0,0.0,1,1,0,0.8593599,0.9934860379999999,0.13412613799999995
2334,1.0,1.0,0.0,1.0,1.0,0.0,1.0,1.0,0.0,0.0,0.0,0.0,0.0,0.0,0.0,0.0,0.0,0.0,1,1,0,1.0,1.0,0.0
2335,0.0,0.819269,0.819269,0.3331152,0.8221699,0.4890547,0.06451613,0.8125,0.74798387,0.0,0.0,0.0,0.0,0.0,0.0,1.0,0.0,-1.0,0,1,1,0.252535479,0.81926893,0.5667334509999999
2336,0.925,0.93625003,0.011250029999999911,1.0,1.0,0.0,0.75,0.7875,0.03749999999999998,0.0,0.0,0.0,0.0,0.0,0.0,0.0,0.0,0.0,1,1,0,0.9249999999999999,0.9362499999999999,0.011249999999999982
2337,0.89146197,0.97749996,0.0860379899999999,0.8931599,1.0,0.1068401,0.8875,0.925,0.03750000000000009,0.0,0.0,0.0,0.0,0.0,0.0,0.0,0.0,0.0,1,1,0,0.89146193,0.9775,0.08603807000000008
2338,0.9220335,0.89397925,-0.028054249999999947,0.9368337,0.8485418,-0.08829189999999998,0.8875,1.0,0.11250000000000004,0.0,0.0,0.0,0.0,0.0,0.0,0.0,0.0,0.0,1,1,0,0.92203359,0.89397926,-0.028054329999999905
2339,0.9364602,0.88312304,-0.053337159999999995,0.97351456,0.88124716,-0.0922674,0.85,0.8875,0.03749999999999998,0.0,0.0,0.0,0.0,0.0,0.0,0.0,0.0,0.0,1,1,0,0.936460192,0.883123012,-0.053337179999999984
2340,1.0,1.0,0.0,1.0,1.0,0.0,1.0,1.0,0.0,0.0,0.0,0.0,0.0,0.0,0.0,0.0,0.0,0.0,1,1,0,1.0,1.0,0.0
2341,0.9175,0.94750005,0.030000050000000056,1.0,1.0,0.0,0.725,0.825,0.09999999999999998,0.0,0.0,0.0,0.0,0.0,0.0,0.0,0.0,0.0,1,1,0,0.9175,0.9474999999999999,0.029999999999999916
2342,0.8428421,0.95909214,0.11625003999999994,0.97370297,0.97370297,0.0,0.5375,0.925,0.38750000000000007,0.0,0.0,0.0,0.0,0.0,0.0,0.0,0.0,0.0,1,1,0,0.842842079,0.9590920789999999,0.11624999999999996
2343,0.7836427,0.7896845,0.006041799999999986,0.7391324,0.69954926,-0.03958314000000007,0.8875,1.0,0.11250000000000004,0.0,0.0,0.0,0.0,0.0,0.0,0.0,0.0,0.0,1,1,0,0.7836426799999999,0.789684482,0.0060418020000000405
2344,0.8457899,0.92443866,0.07864875999999998,0.8279142,0.89205533,0.06414112999999999,0.8875,1.0,0.11250000000000004,0.0,0.0,0.0,0.0,0.0,0.0,0.0,0.0,0.0,1,1,0,0.84578994,0.924438731,0.078648791
2345,0.8437597,0.9194533,0.07569360000000003,0.8732282,0.94921905,0.07599084999999994,0.77500004,0.85,0.07499995999999998,0.0,0.0,0.0,0.0,0.0,0.0,0.0,0.0,0.0,1,1,0,0.843759752,0.9194533349999999,0.07569358299999995
2346,0.801009,0.9156731,0.11466410000000005,0.9032271,0.87953293,-0.02369416999999996,0.5625,1.0,0.4375,0.0,0.0,0.0,0.0,0.0,0.0,0.0,0.0,0.0,1,1,0,0.8010089699999999,0.915673051,0.11466408100000003
2347,0.9047022,0.86190045,-0.04280174999999997,0.8638603,0.8027149,-0.061145400000000016,1.0,1.0,0.0,0.0,0.0,0.0,0.0,0.0,0.0,0.0,0.0,0.0,1,1,0,0.90470221,0.8619004299999999,-0.04280178000000001
2348,1.0,1.0,0.0,1.0,1.0,0.0,1.0,1.0,0.0,0.0,0.0,0.0,0.0,0.0,0.0,0.0,0.0,0.0,1,1,0,1.0,1.0,0.0
2349,0.8606068,0.9166542,0.05604739999999997,0.8008668,0.9184346,0.1175678,1.0,0.9125,-0.08750000000000002,0.0,0.0,0.0,0.0,0.0,0.0,0.0,0.0,0.0,1,1,0,0.86060676,0.9166542199999999,0.05604745999999983
2350,0.8150217,0.8634249,0.04840320000000009,0.7786024,0.80489266,0.02629026000000001,0.90000004,1.0,0.09999996,0.0,0.0,0.0,0.0,0.0,0.0,0.0,0.0,0.0,1,1,0,0.815021692,0.863424862,0.04840317000000005
2351,0.91375,0.901884,-0.011865999999999932,1.0,0.96162,-0.03837999999999997,0.71250004,0.7625,0.049999959999999954,0.0,0.0,0.0,0.0,0.0,0.0,0.0,0.0,0.0,1,1,0,0.913750012,0.901884,-0.011866011999999926
2352,0.55321294,1.0,0.44678706,0.36173272,1.0,0.63826728,1.0,1.0,0.0,0.0,0.0,0.0,0.0,0.0,0.0,0.0,0.0,0.0,1,1,0,0.553212904,1.0,0.446787096
2353,0.91749996,0.94375,0.026250039999999975,0.99999994,0.99999994,0.0,0.725,0.8125,0.08750000000000002,0.0,0.0,0.0,0.0,0.0,0.0,0.0,0.0,0.0,1,1,0,0.9174999580000001,0.943749958,0.026249999999999996
2354,1.0,1.0,0.0,1.0,1.0,0.0,1.0,1.0,0.0,0.0,0.0,0.0,0.0,0.0,0.0,0.0,0.0,0.0,1,1,0,1.0,1.0,0.0
2355,0.7309455,0.8357758,0.10483029999999993,0.8192078,0.8671796,0.04797180000000001,0.52500004,0.7625,0.23749995999999995,0.0,0.0,0.0,0.0,0.0,0.0,0.0,0.0,0.0,1,1,0,0.7309454719999999,0.83577572,0.10483024800000007
2356,1.0,1.0,0.0,1.0,1.0,0.0,1.0,1.0,0.0,0.0,0.0,0.0,0.0,0.0,0.0,0.0,0.0,0.0,1,1,0,1.0,1.0,0.0
2357,0.9475627,1.0,0.05243730000000002,0.92508954,1.0,0.07491046000000001,1.0,1.0,0.0,0.0,0.0,0.0,0.0,0.0,0.0,0.0,0.0,0.0,1,1,0,0.9475626779999999,1.0,0.052437322000000064
2358,0.8033949,0.90806466,0.10466975999999995,0.7673499,0.90080655,0.13345664999999995,0.8875,0.925,0.03750000000000009,0.0,0.0,0.0,0.0,0.0,0.0,0.0,0.0,0.0,1,1,0,0.80339493,0.908064585,0.10466965500000003
2359,0.9312727,0.9388403,0.007567600000000008,0.9500325,0.912629,-0.03740349999999992,0.8875,1.0,0.11250000000000004,0.0,0.0,0.0,0.0,0.0,0.0,0.0,0.0,0.0,1,1,0,0.9312727499999999,0.9388403000000001,0.0075675500000002005
2360,1.0,1.0,0.0,1.0,1.0,0.0,1.0,1.0,0.0,0.0,0.0,0.0,0.0,0.0,0.0,0.0,0.0,0.0,1,1,0,1.0,1.0,0.0
2361,0.88374996,0.91375,0.030000040000000006,1.0,1.0,0.0,0.6125,0.71250004,0.10000003999999996,0.0,0.0,0.0,0.0,0.0,0.0,0.0,0.0,0.0,1,1,0,0.8837499999999999,0.913750012,0.03000001200000002
2362,0.94876117,0.92100257,-0.027758600000000078,0.97501606,0.88714653,-0.08786952999999997,0.8875,1.0,0.11250000000000004,0.0,0.0,0.0,0.0,0.0,0.0,0.0,0.0,0.0,1,1,0,0.9487612419999999,0.921002571,-0.027758670999999846
2363,1.0,1.0,0.0,1.0,1.0,0.0,1.0,1.0,0.0,0.0,0.0,0.0,0.0,0.0,0.0,0.0,0.0,0.0,1,1,0,1.0,1.0,0.0
2364,0.99375135,0.9903644,-0.0033869499999999997,0.99107337,0.9862348,-0.0048385699999999865,1.0,1.0,0.0,0.0,0.0,0.0,0.0,0.0,0.0,0.0,0.0,0.0,1,1,0,0.993751359,0.9903643599999998,-0.003386999000000168
2365,0.9175,1.0,0.08250000000000002,1.0,1.0,0.0,0.725,1.0,0.275,0.0,0.0,0.0,0.0,0.0,0.0,0.0,0.0,0.0,1,1,0,0.9175,1.0,0.08250000000000002
2366,1.0,1.0,0.0,1.0,1.0,0.0,1.0,1.0,0.0,0.0,0.0,0.0,0.0,0.0,0.0,0.0,0.0,0.0,1,1,0,1.0,1.0,0.0
2367,0.94750005,1.0,0.05249994999999996,1.0,1.0,0.0,0.825,1.0,0.17500000000000004,0.0,0.0,0.0,0.0,0.0,0.0,0.0,0.0,0.0,1,1,0,0.9474999999999999,1.0,0.0525000000000001
2368,0.9599342,1.0,0.04006580000000004,0.99097735,1.0,0.009022650000000021,0.8875,1.0,0.11250000000000004,0.0,0.0,0.0,0.0,0.0,0.0,0.0,0.0,0.0,1,1,0,0.959934145,1.0,0.04006585500000004
2369,1.0,1.0,0.0,1.0,1.0,0.0,1.0,1.0,0.0,0.0,0.0,0.0,0.0,0.0,0.0,0.0,0.0,0.0,1,1,0,1.0,1.0,0.0
2370,0.9824808,0.96250004,-0.019980760000000042,0.97497255,1.0,0.02502744999999995,1.0,0.875,-0.125,0.0,0.0,0.0,0.0,0.0,0.0,0.0,0.0,0.0,1,1,0,0.9824807849999999,0.9624999999999999,-0.019980785
2371,0.7969605,0.9024975,0.10553699999999999,0.7581578,0.8607107,0.10255290000000006,0.8875,1.0,0.11250000000000004,0.0,0.0,0.0,0.0,0.0,0.0,0.0,0.0,0.0,1,1,0,0.79696046,0.90249749,0.10553703000000003
2372,0.88504523,0.8828802,-0.0021650300000000122,0.88399327,0.832686,-0.051307270000000016,0.8875,1.0,0.11250000000000004,0.0,0.0,0.0,0.0,0.0,0.0,0.0,0.0,0.0,1,1,0,0.885045289,0.8828802,-0.002165089000000009
2373,0.823839,0.8476284,0.02378939999999996,0.86084145,0.9108978,0.05005634999999997,0.7375,0.7,-0.03750000000000009,0.0,0.0,0.0,0.0,0.0,0.0,0.0,0.0,0.0,1,1,0,0.8238390149999999,0.8476284599999999,0.02378944500000002
2374,0.81122,0.8367669,0.025546899999999928,0.86424285,0.8150242,-0.04921865000000003,0.6875,0.8875,0.19999999999999996,0.0,0.0,0.0,0.0,0.0,0.0,0.0,0.0,0.0,1,1,0,0.8112199949999999,0.83676694,0.0255469450000001
2375,0.5493267,0.0,-0.5493267,0.35618097,0.85500675,0.49882578000000005,1.0,1.0,0.0,0.0,0.0,0.0,0.0,0.0,0.0,0.0,1.0,1.0,1,0,-1,0.549326679,0.898504725,0.349178046
2376,0.9037968,0.9159233,0.01212650000000004,0.91613823,0.8798904,-0.03624783000000009,0.875,1.0,0.125,0.0,0.0,0.0,0.0,0.0,0.0,0.0,0.0,0.0,1,1,0,0.903796761,0.9159232799999999,0.012126518999999947
2377,0.63630146,1.0,0.36369854,0.52864486,1.0,0.47135514,0.8875,1.0,0.11250000000000004,0.0,0.0,0.0,0.0,0.0,0.0,0.0,0.0,0.0,1,1,0,0.636301402,1.0,0.36369859800000004
2378,0.96625006,1.0,0.03374993999999998,1.0,1.0,0.0,0.8875,1.0,0.11250000000000004,0.0,0.0,0.0,0.0,0.0,0.0,0.0,0.0,0.0,1,1,0,0.9662499999999999,1.0,0.03375000000000006
2379,0.9138765,1.0,0.08612350000000002,0.87696636,1.0,0.12303364000000006,1.0,1.0,0.0,0.0,0.0,0.0,0.0,0.0,0.0,0.0,0.0,0.0,1,1,0,0.913876452,1.0,0.086123548
2380,0.86867523,0.9239569,0.05528166999999995,0.86060745,0.8913669,0.03075944999999991,0.8875,1.0,0.11250000000000004,0.0,0.0,0.0,0.0,0.0,0.0,0.0,0.0,0.0,1,1,0,0.868675215,0.9239568299999998,0.05528161499999984
2381,0.829898,0.8223969,-0.007501100000000038,0.8748542,0.79985267,-0.07500152999999998,0.725,0.875,0.15000000000000002,0.0,0.0,0.0,0.0,0.0,0.0,0.0,0.0,0.0,1,1,0,0.8298979400000001,0.8223968690000001,-0.00750107099999997
2382,0.8352791,0.8747185,0.0394393999999999,0.7646845,0.8210264,0.056341900000000056,1.0,1.0,0.0,0.0,0.0,0.0,0.0,0.0,0.0,0.0,0.0,0.0,1,1,0,0.8352791499999999,0.8747184800000001,0.03943933000000022
2383,0.96250004,1.0,0.03749996,1.0,1.0,0.0,0.875,1.0,0.125,0.0,0.0,0.0,0.0,0.0,0.0,0.0,0.0,0.0,1,1,0,0.9624999999999999,1.0,0.03750000000000009
2384,0.83601534,0.8771345,0.04111916000000004,0.8996648,0.8244778,-0.075187,0.6875,1.0,0.3125,0.0,0.0,0.0,0.0,0.0,0.0,0.0,0.0,0.0,1,1,0,0.83601536,0.87713446,0.041119099999999964
2385,0.922596,0.90414256,-0.018453439999999932,0.9376372,0.8630609,-0.07457629999999993,0.8875,1.0,0.11250000000000004,0.0,0.0,0.0,0.0,0.0,0.0,0.0,0.0,0.0,1,1,0,0.92259604,0.90414263,-0.018453410000000003
2386,1.0,1.0,0.0,1.0,1.0,0.0,1.0,1.0,0.0,0.0,0.0,0.0,0.0,0.0,0.0,0.0,0.0,0.0,1,1,0,1.0,1.0,0.0
2387,0.9461102,0.92067665,-0.025433550000000027,0.98730016,0.8866809,-0.10061925999999999,0.85,1.0,0.15000000000000002,0.0,0.0,0.0,0.0,0.0,0.0,0.0,0.0,0.0,1,1,0,0.946110112,0.92067663,-0.025433481999999952
2388,0.7094445,0.7861706,0.07672610000000002,0.7670636,0.72667223,-0.040391369999999926,0.575,0.925,0.3500000000000001,0.0,0.0,0.0,0.0,0.0,0.0,0.0,0.0,0.0,1,1,0,0.7094445199999999,0.786170561,0.07672604100000013
2389,1.0,1.0,0.0,1.0,1.0,0.0,1.0,1.0,0.0,0.0,0.0,0.0,0.0,0.0,0.0,0.0,0.0,0.0,1,1,0,1.0,1.0,0.0
2390,0.7653282,0.8467968,0.0814686,0.8897546,0.8400669,-0.0496877,0.475,0.8625,0.38750000000000007,0.0,0.0,0.0,0.0,0.0,0.0,0.0,0.0,0.0,1,1,0,0.7653282199999999,0.84679683,0.08146861000000005
2391,0.9206053,0.9533133,0.03270800000000007,0.9401504,0.97080463,0.030654229999999894,0.875,0.9125,0.03749999999999998,0.0,0.0,0.0,0.0,0.0,0.0,0.0,0.0,0.0,1,1,0,0.92060528,0.9533132409999998,0.03270796099999984
2392,1.0,1.0,0.0,1.0,1.0,0.0,1.0,1.0,0.0,0.0,0.0,0.0,0.0,0.0,0.0,0.0,0.0,0.0,1,1,0,1.0,1.0,0.0
2393,0.92283213,0.9290333,0.006201169999999978,0.94868875,0.89861906,-0.050069689999999945,0.8625,1.0,0.13749999999999996,0.0,0.0,0.0,0.0,0.0,0.0,0.0,0.0,0.0,1,1,0,0.922832125,0.9290333419999999,0.00620121699999987
2394,0.8647141,0.88980544,0.025091339999999906,0.8549487,0.84257907,-0.01236963000000002,0.8875,1.0,0.11250000000000004,0.0,0.0,0.0,0.0,0.0,0.0,0.0,0.0,0.0,1,1,0,0.86471409,0.889805349,0.025091258999999977
2395,0.95874995,1.0,0.04125005000000004,1.0,1.0,0.0,0.8625,1.0,0.13749999999999996,0.0,0.0,0.0,0.0,0.0,0.0,0.0,0.0,0.0,1,1,0,0.95875,1.0,0.04125000000000001
2396,1.0,1.0,0.0,1.0,1.0,0.0,1.0,1.0,0.0,0.0,0.0,0.0,0.0,0.0,0.0,0.0,0.0,0.0,1,1,0,1.0,1.0,0.0
2397,0.92125,0.99625,0.07499999999999996,1.0,1.0,0.0,0.7375,0.9875,0.25,0.0,0.0,0.0,0.0,0.0,0.0,0.0,0.0,0.0,1,1,0,0.9212499999999999,0.99625,0.07500000000000007
2398,0.8435368,0.87728673,0.03374993000000004,0.82469535,0.82469535,0.0,0.8875,1.0,0.11250000000000004,0.0,0.0,0.0,0.0,0.0,0.0,0.0,0.0,0.0,1,1,0,0.843536745,0.8772867449999999,0.03374999999999995
2399,0.9456755,0.88146544,-0.06421005999999996,0.9223935,0.8306649,-0.09172859999999994,1.0,1.0,0.0,0.0,0.0,0.0,0.0,0.0,0.0,0.0,0.0,0.0,1,1,0,0.94567545,0.88146543,-0.06421001999999998
2400,1.0,1.0,0.0,1.0,1.0,0.0,1.0,1.0,0.0,0.0,0.0,0.0,0.0,0.0,0.0,0.0,0.0,0.0,1,1,0,1.0,1.0,0.0
2401,1.0,1.0,0.0,1.0,1.0,0.0,1.0,1.0,0.0,0.0,0.0,0.0,0.0,0.0,0.0,0.0,0.0,0.0,1,1,0,1.0,1.0,0.0
2402,0.925,0.95500004,0.030000040000000006,1.0,1.0,0.0,0.75,0.85,0.09999999999999998,0.0,0.0,0.0,0.0,0.0,0.0,0.0,0.0,0.0,1,1,0,0.9249999999999999,0.955,0.030000000000000027
2403,0.88797665,0.9597191,0.07174245000000001,0.88818103,0.9424559,0.054274869999999975,0.8875,1.0,0.11250000000000004,0.0,0.0,0.0,0.0,0.0,0.0,0.0,0.0,0.0,1,1,0,0.887976721,0.9597191299999999,0.07174240899999984
2404,0.6096697,0.9310495,0.3213798,0.4423853,0.90149933,0.45911403000000006,1.0,1.0,0.0,0.0,0.0,0.0,0.0,0.0,0.0,0.0,0.0,0.0,1,1,0,0.6096697099999999,0.931049531,0.32137982100000007
2405,1.0,1.0,0.0,1.0,1.0,0.0,1.0,1.0,0.0,0.0,0.0,0.0,0.0,0.0,0.0,0.0,0.0,0.0,1,1,0,1.0,1.0,0.0
2406,0.83875,0.90625,0.0675,1.0,1.0,0.0,0.4625,0.6875,0.22499999999999998,0.0,0.0,0.0,0.0,0.0,0.0,0.0,0.0,0.0,1,1,0,0.83875,0.90625,0.0675
2407,1.0,1.0,0.0,1.0,1.0,0.0,1.0,1.0,0.0,0.0,0.0,0.0,0.0,0.0,0.0,0.0,0.0,0.0,1,1,0,1.0,1.0,0.0
2408,0.8762469,0.0,-0.8762469,0.9624956,0.8371641,-0.12533150000000004,0.675,0.61194026,-0.06305974000000003,0.0,1.0,1.0,0.0,1.0,1.0,0.0,0.0,0.0,1,0,-1,0.8762469199999999,0.769596948,-0.10664997199999993
2409,1.0,1.0,0.0,1.0,1.0,0.0,1.0,1.0,0.0,0.0,0.0,0.0,0.0,0.0,0.0,0.0,0.0,0.0,1,1,0,1.0,1.0,0.0
2410,0.0,0.0,0.0,0.2495871,0.361747,0.11215989999999998,0.0952381,0.06666667,-0.02857143000000001,1.0,1.0,0.0,1.0,1.0,0.0,0.0,0.0,0.0,0,0,0,0.2032824,0.27322290099999996,0.06994050099999996
2411,0.85721666,0.9598681,0.10265144000000004,0.7960237,0.94266856,0.14664486,1.0,1.0,0.0,0.0,0.0,0.0,0.0,0.0,0.0,0.0,0.0,0.0,1,1,0,0.85721659,0.959867992,0.102651402
2412,0.88641065,0.9395103,0.053099650000000054,0.98772943,0.9135861,-0.07414333000000006,0.65000004,1.0,0.34999996,0.0,0.0,0.0,0.0,0.0,0.0,0.0,0.0,0.0,1,1,0,0.886410613,0.93951027,0.05309965699999997
2413,0.96625006,1.0,0.03374993999999998,1.0,1.0,0.0,0.8875,1.0,0.11250000000000004,0.0,0.0,0.0,0.0,0.0,0.0,0.0,0.0,0.0,1,1,0,0.9662499999999999,1.0,0.03375000000000006
2414,0.999973,0.999973,0.0,0.99996144,0.99996144,0.0,1.0,1.0,0.0,0.0,0.0,0.0,0.0,0.0,0.0,0.0,0.0,0.0,1,1,0,0.999973008,0.999973008,0.0
2415,0.79639494,0.841395,0.04500006000000001,0.83770704,0.83770704,0.0,0.7,0.85,0.15000000000000002,0.0,0.0,0.0,0.0,0.0,0.0,0.0,0.0,0.0,1,1,0,0.7963949279999999,0.8413949279999999,0.04500000000000004
2416,1.0,1.0,0.0,1.0,1.0,0.0,1.0,1.0,0.0,0.0,0.0,0.0,0.0,0.0,0.0,0.0,0.0,0.0,1,1,0,1.0,1.0,0.0
2417,0.97375005,0.95500004,-0.018750009999999984,1.0,1.0,0.0,0.9125,0.85,-0.0625,0.0,0.0,0.0,0.0,0.0,0.0,0.0,0.0,0.0,1,1,0,0.9737499999999999,0.955,-0.018749999999999933
2418,0.8774187,0.89612335,0.01870464999999999,0.93738383,0.899819,-0.037564829999999994,0.7375,0.8875,0.1499999999999999,0.0,0.0,0.0,0.0,0.0,0.0,0.0,0.0,0.0,1,1,0,0.877418681,0.8961233,0.018704618999999978
2419,1.0,1.0,0.0,1.0,1.0,0.0,1.0,1.0,0.0,0.0,0.0,0.0,0.0,0.0,0.0,0.0,0.0,0.0,1,1,0,1.0,1.0,0.0
2420,0.82466805,0.820918,-0.0037500499999999493,0.8995257,0.8995257,0.0,0.65000004,0.6375,-0.012500040000000046,0.0,0.0,0.0,0.0,0.0,0.0,0.0,0.0,0.0,1,1,0,0.8246680019999999,0.8209179899999999,-0.0037500120000000248
2421,0.91452163,0.8907448,-0.02377682999999997,0.92610234,0.87606406,-0.05003827999999999,0.8875,0.925,0.03750000000000009,0.0,0.0,0.0,0.0,0.0,0.0,0.0,0.0,0.0,1,1,0,0.914521638,0.8907448419999999,-0.023776796000000044
2422,0.881995,0.863451,-0.018544000000000005,0.8796358,0.85314435,-0.026491449999999972,0.8875,0.8875,0.0,0.0,0.0,0.0,0.0,0.0,0.0,0.0,0.0,0.0,1,1,0,0.8819950599999999,0.8634510449999999,-0.018544015000000025
2423,0.94747204,0.89494765,-0.052524389999999976,0.9249601,0.8499251,-0.07503499999999996,1.0,1.0,0.0,0.0,0.0,0.0,0.0,0.0,0.0,0.0,0.0,0.0,1,1,0,0.9474720699999999,0.89494757,-0.05252449999999986
2424,0.9271149,0.91201746,-0.015097440000000018,0.89587843,0.8743107,-0.021567730000000007,1.0,1.0,0.0,0.0,0.0,0.0,0.0,0.0,0.0,0.0,0.0,0.0,1,1,0,0.9271149009999999,0.91201749,-0.01509741099999995
2425,0.7940784,0.96625006,0.17217166000000006,0.7593977,1.0,0.24060230000000005,0.875,0.8875,0.012499999999999956,0.0,0.0,0.0,0.0,0.0,0.0,0.0,0.0,0.0,1,1,0,0.7940783899999999,0.9662499999999999,0.17217161000000003
2426,0.92875004,0.95500004,0.026249999999999996,1.0,1.0,0.0,0.7625,0.85,0.08750000000000002,0.0,0.0,0.0,0.0,0.0,0.0,0.0,0.0,0.0,1,1,0,0.92875,0.955,0.026249999999999996
2427,0.96625006,0.90625,-0.06000006000000002,1.0,1.0,0.0,0.8875,0.6875,-0.19999999999999996,0.0,0.0,0.0,0.0,0.0,0.0,0.0,0.0,0.0,1,1,0,0.9662499999999999,0.90625,-0.05999999999999994
2428,0.9569033,0.97426605,0.017362749999999982,0.93843323,0.96323717,0.02480393999999997,1.0,1.0,0.0,0.0,0.0,0.0,0.0,0.0,0.0,0.0,0.0,0.0,1,1,0,0.9569032609999999,0.9742660189999999,0.017362757999999978
2429,1.0,1.0,0.0,1.0,1.0,0.0,1.0,1.0,0.0,0.0,0.0,0.0,0.0,0.0,0.0,0.0,0.0,0.0,1,1,0,1.0,1.0,0.0
2430,0.94511175,0.9843197,0.03920794999999999,0.9215882,0.97759956,0.056011360000000066,1.0,1.0,0.0,0.0,0.0,0.0,0.0,0.0,0.0,0.0,0.0,0.0,1,1,0,0.94511174,0.9843196919999999,0.039207951999999935
2431,1.0,1.0,0.0,1.0,1.0,0.0,1.0,1.0,0.0,0.0,0.0,0.0,0.0,0.0,0.0,0.0,0.0,0.0,1,1,0,1.0,1.0,0.0
2432,0.94750005,0.90504974,-0.04245030999999999,1.0,0.912571,-0.08742899999999998,0.825,0.8875,0.0625,0.0,0.0,0.0,0.0,0.0,0.0,0.0,0.0,0.0,1,1,0,0.9474999999999999,0.9050497,-0.04245029999999994
2433,0.8117491,0.888711,0.07696190000000003,0.7310701,0.84101564,0.10994554000000001,1.0,1.0,0.0,0.0,0.0,0.0,0.0,0.0,0.0,0.0,0.0,0.0,1,1,0,0.8117490699999999,0.888710948,0.0769618780000001
2434,0.858037,0.9049534,0.04691639999999997,0.84541005,0.90171903,0.05630897999999995,0.8875,0.9125,0.025000000000000022,0.0,0.0,0.0,0.0,0.0,0.0,0.0,0.0,0.0,1,1,0,0.858037035,0.904953321,0.046916286000000085
2435,0.8437773,0.9322737,0.08849640000000003,0.7768247,0.9032481,0.12642339999999996,1.0,1.0,0.0,0.0,0.0,0.0,0.0,0.0,0.0,0.0,0.0,0.0,1,1,0,0.84377729,0.93227367,0.08849638000000004
2436,1.0,0.97749996,-0.022500040000000054,1.0,1.0,0.0,1.0,0.925,-0.07499999999999996,0.0,0.0,0.0,0.0,0.0,0.0,0.0,0.0,0.0,1,1,0,1.0,0.9775,-0.022499999999999964
2437,0.0,0.8676111,0.8676111,0.835722,0.8108731,-0.02484889999999995,0.58441556,1.0,0.41558444000000005,0.0,0.0,0.0,0.0,0.0,0.0,1.0,0.0,-1.0,0,1,1,0.7603300679999999,0.86761117,0.10728110200000007
2438,1.0,1.0,0.0,1.0,1.0,0.0,1.0,1.0,0.0,0.0,0.0,0.0,0.0,0.0,0.0,0.0,0.0,0.0,1,1,0,1.0,1.0,0.0
2439,0.960553,0.9252888,-0.03526419999999997,0.99186146,0.89326966,-0.09859180000000001,0.8875,1.0,0.11250000000000004,0.0,0.0,0.0,0.0,0.0,0.0,0.0,0.0,0.0,1,1,0,0.9605530219999999,0.9252887619999999,-0.03526426000000005
2440,0.8375435,0.8526015,0.015058000000000016,0.80006206,0.83764505,0.03758298999999998,0.925,0.8875,-0.03750000000000009,0.0,0.0,0.0,0.0,0.0,0.0,0.0,0.0,0.0,1,1,0,0.8375434420000001,0.8526015349999999,0.015058092999999828
2441,0.94676036,0.96250004,0.015739680000000034,0.97751474,1.0,0.02248525999999995,0.875,0.875,0.0,0.0,0.0,0.0,0.0,0.0,0.0,0.0,0.0,0.0,1,1,0,0.9467603179999999,0.9624999999999999,0.015739681999999977
2442,0.91,0.96040136,0.05040135999999995,1.0,0.97557336,-0.024426640000000055,0.7,0.925,0.2250000000000001,0.0,0.0,0.0,0.0,0.0,0.0,0.0,0.0,0.0,1,1,0,0.9099999999999999,0.9604013519999999,0.050401351999999955
2443,0.88236284,0.9021991,0.01983626000000005,0.949804,0.9245701,-0.02523390000000003,0.725,0.85,0.125,0.0,0.0,0.0,0.0,0.0,0.0,0.0,0.0,0.0,1,1,0,0.8823628,0.9021990699999999,0.019836269999999878
2444,1.0,1.0,0.0,1.0,1.0,0.0,1.0,1.0,0.0,0.0,0.0,0.0,0.0,0.0,0.0,0.0,0.0,0.0,1,1,0,1.0,1.0,0.0
2445,0.8727474,0.8727474,0.0,0.81821066,0.81821066,0.0,1.0,1.0,0.0,0.0,0.0,0.0,0.0,0.0,0.0,0.0,0.0,0.0,1,1,0,0.872747462,0.872747462,0.0
2446,0.8605698,0.9558945,0.09532469999999993,0.84902835,0.93699217,0.08796382000000003,0.8875,1.0,0.11250000000000004,0.0,0.0,0.0,0.0,0.0,0.0,0.0,0.0,0.0,1,1,0,0.8605698449999999,0.9558945189999999,0.095324674
2447,0.6961418,0.7462551,0.050113299999999916,0.65163106,0.63750726,-0.01412380000000002,0.8,1.0,0.19999999999999996,0.0,0.0,0.0,0.0,0.0,0.0,0.0,0.0,0.0,1,1,0,0.696141742,0.746255082,0.050113340000000006
2448,0.89619064,0.8987288,0.002538159999999956,0.9374151,0.88746965,-0.04994544999999995,0.8,0.925,0.125,0.0,0.0,0.0,0.0,0.0,0.0,0.0,0.0,0.0,1,1,0,0.8961905699999999,0.898728755,0.002538185000000137
2449,1.0,1.0,0.0,1.0,1.0,0.0,1.0,1.0,0.0,0.0,0.0,0.0,0.0,0.0,0.0,0.0,0.0,0.0,1,1,0,1.0,1.0,0.0
2450,1.0,0.97161406,-0.028385940000000054,1.0,0.95944864,-0.040551360000000036,1.0,1.0,0.0,0.0,0.0,0.0,0.0,0.0,0.0,0.0,0.0,0.0,1,1,0,1.0,0.971614048,-0.028385952000000048
2451,0.8266694,0.930229,0.10355959999999997,0.80059916,0.9003271,0.09972794000000007,0.8875,1.0,0.11250000000000004,0.0,0.0,0.0,0.0,0.0,0.0,0.0,0.0,0.0,1,1,0,0.8266694119999999,0.9302289699999999,0.10355955800000005
2452,1.0,1.0,0.0,1.0,1.0,0.0,1.0,1.0,0.0,0.0,0.0,0.0,0.0,0.0,0.0,0.0,0.0,0.0,1,1,0,1.0,1.0,0.0
2453,0.8972937,0.89614165,-0.00115204999999996,0.90149105,0.8516309,-0.04986014999999999,0.8875,1.0,0.11250000000000004,0.0,0.0,0.0,0.0,0.0,0.0,0.0,0.0,0.0,1,1,0,0.8972937349999999,0.89614163,-0.0011521049999998478
2454,0.89491314,0.92980546,0.03489231999999998,0.96237594,0.8997221,-0.06265384000000007,0.7375,1.0,0.26249999999999996,0.0,0.0,0.0,0.0,0.0,0.0,0.0,0.0,0.0,1,1,0,0.894913158,0.92980547,0.03489231199999998
2455,0.8787529,0.9387307,0.05997780000000008,0.87500405,0.9124725,0.037468449999999986,0.8875,1.0,0.11250000000000004,0.0,0.0,0.0,0.0,0.0,0.0,0.0,0.0,0.0,1,1,0,0.878752835,0.93873075,0.05997791499999994
2456,0.94375,0.94,-0.003750000000000031,1.0,1.0,0.0,0.8125,0.8,-0.012499999999999956,0.0,0.0,0.0,0.0,0.0,0.0,0.0,0.0,0.0,1,1,0,0.94375,0.94,-0.003750000000000031
2457,0.9639761,0.97081226,0.00683615999999998,0.9806801,0.99044603,0.009765929999999923,0.925,0.925,0.0,0.0,0.0,0.0,0.0,0.0,0.0,0.0,0.0,0.0,1,1,0,0.96397607,0.9708122209999999,0.0068361509999999015
2458,0.95743316,0.91982347,-0.03760969000000003,0.9874045,0.8854621,-0.10194239999999999,0.8875,1.0,0.11250000000000004,0.0,0.0,0.0,0.0,0.0,0.0,0.0,0.0,0.0,1,1,0,0.95743315,0.9198234699999999,-0.03760968000000009
2459,1.0,1.0,0.0,1.0,1.0,0.0,1.0,1.0,0.0,0.0,0.0,0.0,0.0,0.0,0.0,0.0,0.0,0.0,1,1,0,1.0,1.0,0.0
2460,0.96250004,1.0,0.03749996,1.0,1.0,0.0,0.875,1.0,0.125,0.0,0.0,0.0,0.0,0.0,0.0,0.0,0.0,0.0,1,1,0,0.9624999999999999,1.0,0.03750000000000009
2461,0.8796706,0.9059206,0.026249999999999996,0.870958,0.870958,0.0,0.90000004,0.9875,0.08749996000000004,0.0,0.0,0.0,0.0,0.0,0.0,0.0,0.0,0.0,1,1,0,0.879670612,0.9059206,0.026249988000000002
2462,0.80075115,0.7735864,-0.02716474999999996,0.7475015,0.7086948,-0.03880670000000008,0.925,0.925,0.0,0.0,0.0,0.0,0.0,0.0,0.0,0.0,0.0,0.0,1,1,0,0.8007510500000001,0.7735863599999999,-0.027164690000000213
2463,0.86224204,0.97630197,0.11405992999999992,0.83534575,0.9661457,0.13079995,0.925,1.0,0.07499999999999996,0.0,0.0,0.0,0.0,0.0,0.0,0.0,0.0,0.0,1,1,0,0.862242025,0.9763019899999998,0.11405996499999982
2464,0.94,0.92749214,-0.012507859999999926,1.0,0.9499888,-0.05001120000000003,0.8,0.875,0.07499999999999996,0.0,0.0,0.0,0.0,0.0,0.0,0.0,0.0,0.0,1,1,0,0.94,0.9274921599999999,-0.012507840000000048
2465,0.96625006,0.9403084,-0.025941659999999978,1.0,0.9629405,-0.03705950000000002,0.8875,0.8875,0.0,0.0,0.0,0.0,0.0,0.0,0.0,0.0,0.0,0.0,1,1,0,0.9662499999999999,0.9403083499999999,-0.02594165000000004
2466,1.0,1.0,0.0,1.0,1.0,0.0,1.0,1.0,0.0,0.0,0.0,0.0,0.0,0.0,0.0,0.0,0.0,0.0,1,1,0,1.0,1.0,0.0
2467,0.8961503,0.920976,0.02482570000000006,0.9748575,0.8871085,-0.08774900000000008,0.71250004,1.0,0.28749996,0.0,0.0,0.0,0.0,0.0,0.0,0.0,0.0,0.0,1,1,0,0.896150262,0.9209759499999999,0.024825687999999846
2468,0.93152744,0.0,-0.93152744,0.93432486,0.38660958,-0.54771528,0.925,1.0,0.07499999999999996,0.0,0.0,0.0,0.0,0.0,0.0,0.0,1.0,1.0,1,0,-1,0.931527402,0.570626706,-0.36090069599999997
2469,0.84422743,0.929748,0.08552057000000002,0.8096105,0.8996399,0.09002940000000004,0.925,1.0,0.07499999999999996,0.0,0.0,0.0,0.0,0.0,0.0,0.0,0.0,0.0,1,1,0,0.8442273499999999,0.92974793,0.08552058000000007
2470,0.92337435,0.9225647,-0.0008096499999999951,0.938749,0.88937813,-0.049370869999999956,0.8875,1.0,0.11250000000000004,0.0,0.0,0.0,0.0,0.0,0.0,0.0,0.0,0.0,1,1,0,0.9233742999999999,0.922564691,-0.0008096089999998224
2471,0.97030085,0.95874995,-0.01155090000000003,0.95757264,1.0,0.042427360000000025,1.0,0.8625,-0.13749999999999996,0.0,0.0,0.0,0.0,0.0,0.0,0.0,0.0,0.0,1,1,0,0.9703008479999999,0.95875,-0.011550847999999947
2472,0.8260843,0.8787571,0.052672799999999964,0.7997633,0.8589387,0.0591754000000001,0.8875,0.925,0.03750000000000009,0.0,0.0,0.0,0.0,0.0,0.0,0.0,0.0,0.0,1,1,0,0.8260843099999999,0.8787570900000001,0.0526727800000002
2473,0.61456466,0.8509974,0.23643274000000003,0.74402094,0.87285334,0.12883240000000007,0.3125,0.8,0.48750000000000004,0.0,0.0,0.0,0.0,0.0,0.0,0.0,0.0,0.0,1,1,0,0.6145646579999999,0.850997338,0.23643268000000006
2474,1.0,1.0,0.0,1.0,1.0,0.0,1.0,1.0,0.0,0.0,0.0,0.0,0.0,0.0,0.0,0.0,0.0,0.0,1,1,0,1.0,1.0,0.0
2475,0.85791725,0.97011423,0.11219698,0.7970246,0.957306,0.16028140000000002,1.0,1.0,0.0,0.0,0.0,0.0,0.0,0.0,0.0,0.0,0.0,0.0,1,1,0,0.85791722,0.9701142,0.11219698
2476,0.92875004,1.0,0.07124995999999995,1.0000001,1.0000001,0.0,0.7625,1.0,0.23750000000000004,0.0,0.0,0.0,0.0,0.0,0.0,0.0,0.0,0.0,1,1,0,0.92875007,1.00000007,0.07125000000000004
2477,0.7898822,0.8482814,0.058399199999999984,0.7534031,0.7832591,0.029855999999999994,0.875,1.0,0.125,0.0,0.0,0.0,0.0,0.0,0.0,0.0,0.0,0.0,1,1,0,0.78988217,0.84828137,0.058399199999999984
2478,0.97749996,1.0,0.022500040000000054,1.0,1.0,0.0,0.925,1.0,0.07499999999999996,0.0,0.0,0.0,0.0,0.0,0.0,0.0,0.0,0.0,1,1,0,0.9775,1.0,0.022499999999999964
2479,0.50882906,0.91262305,0.40379398999999994,0.47511294,0.8751757,0.40006276,0.58750004,1.0,0.41249996,0.0,0.0,0.0,0.0,0.0,0.0,0.0,0.0,0.0,1,1,0,0.50882907,0.91262299,0.40379392000000003
2480,0.79826975,0.87570935,0.07743960000000005,0.7332425,0.8224419,0.08919939999999993,0.95,1.0,0.050000000000000044,0.0,0.0,0.0,0.0,0.0,0.0,0.0,0.0,0.0,1,1,0,0.79826975,0.8757093299999998,0.07743957999999984
2481,0.87437314,0.8713705,-0.0030026399999999454,0.8955331,0.86981505,-0.025718049999999937,0.825,0.875,0.050000000000000044,0.0,0.0,0.0,0.0,0.0,0.0,0.0,0.0,0.0,1,1,0,0.8743731699999999,0.8713705350000001,-0.0030026349999998647
2482,0.8079243,0.88246346,0.07453915999999994,0.72560614,0.8320906,0.10648446,1.0,1.0,0.0,0.0,0.0,0.0,0.0,0.0,0.0,0.0,0.0,0.0,1,1,0,0.8079242979999999,0.8824634199999999,0.07453912200000001
2483,0.81907636,0.938389,0.11931264000000008,0.8433234,0.9441272,0.10080380000000011,0.7625,0.925,0.1625000000000001,0.0,0.0,0.0,0.0,0.0,0.0,0.0,0.0,0.0,1,1,0,0.8190763799999999,0.9383890400000001,0.11931266000000018
2484,0.948726,0.9214226,-0.027303399999999978,0.9749657,0.8877466,-0.0872191,0.8875,1.0,0.11250000000000004,0.0,0.0,0.0,0.0,0.0,0.0,0.0,0.0,0.0,1,1,0,0.94872599,0.92142262,-0.02730337000000005
2485,0.8598673,0.9412041,0.08133679999999999,0.8426676,0.9160059,0.07333830000000008,0.90000004,1.0,0.09999996,0.0,0.0,0.0,0.0,0.0,0.0,0.0,0.0,0.0,1,1,0,0.859867332,0.94120413,0.08133679800000004
2486,0.85861063,0.9357751,0.07716446999999993,0.8462295,0.9082501,0.06202059999999998,0.8875,1.0,0.11250000000000004,0.0,0.0,0.0,0.0,0.0,0.0,0.0,0.0,0.0,1,1,0,0.8586106499999999,0.9357750699999998,0.0771644199999999
2487,0.9266125,0.96036243,0.03374993000000004,0.943375,0.943375,0.0,0.8875,1.0,0.11250000000000004,0.0,0.0,0.0,0.0,0.0,0.0,0.0,0.0,0.0,1,1,0,0.9266125,0.9603625,0.03375000000000006
2488,0.96625006,1.0,0.03374993999999998,1.0,1.0,0.0,0.8875,1.0,0.11250000000000004,0.0,0.0,0.0,0.0,0.0,0.0,0.0,0.0,0.0,1,1,0,0.9662499999999999,1.0,0.03375000000000006
2489,0.8875761,0.93006533,0.042489230000000044,0.88760865,0.9000933,0.012484649999999986,0.8875,1.0,0.11250000000000004,0.0,0.0,0.0,0.0,0.0,0.0,0.0,0.0,0.0,1,1,0,0.8875760549999999,0.93006531,0.042489255000000115
2490,1.0,1.0,0.0,1.0,1.0,0.0,1.0,1.0,0.0,0.0,0.0,0.0,0.0,0.0,0.0,0.0,0.0,0.0,1,1,0,1.0,1.0,0.0
2491,0.9012437,0.94749546,0.046251759999999975,0.9499909,0.92499346,-0.024997439999999926,0.7875,1.0,0.21250000000000002,0.0,0.0,0.0,0.0,0.0,0.0,0.0,0.0,0.0,1,1,0,0.9012436299999999,0.947495422,0.04625179200000018
2492,0.97728693,0.96999997,-0.0072869599999999535,0.96755266,1.0,0.03244734000000005,1.0,0.90000004,-0.09999996,0.0,0.0,0.0,0.0,0.0,0.0,0.0,0.0,0.0,1,1,0,0.9772868619999999,0.970000012,-0.007286849999999956
2493,0.8537201,0.9212168,0.06749669999999997,0.92495733,0.8874525,-0.037504830000000045,0.6875,1.0,0.3125,0.0,0.0,0.0,0.0,0.0,0.0,0.0,0.0,0.0,1,1,0,0.853720131,0.9212167499999999,0.06749661899999992
2494,0.96625006,0.91105366,-0.055196400000000034,1.0,0.8729338,-0.12706620000000002,0.8875,1.0,0.11250000000000004,0.0,0.0,0.0,0.0,0.0,0.0,0.0,0.0,0.0,1,1,0,0.9662499999999999,0.9110536599999999,-0.055196340000000066
2495,0.90625,0.9197594,0.013509400000000005,1.0,0.9496563,-0.05034369999999999,0.6875,0.85,0.16249999999999998,0.0,0.0,0.0,0.0,0.0,0.0,0.0,0.0,0.0,1,1,0,0.90625,0.9197594099999999,0.013509409999999944
2496,0.8629245,0.8919779,0.029053400000000007,0.8202492,0.8617542,0.041505000000000014,0.96250004,0.96250004,0.0,0.0,0.0,0.0,0.0,0.0,0.0,0.0,0.0,0.0,1,1,0,0.8629244519999999,0.891977952,0.029053500000000065
2497,0.9075729,0.90385765,-0.003715250000000059,0.90010417,0.8626538,-0.037450369999999955,0.925,1.0,0.07499999999999996,0.0,0.0,0.0,0.0,0.0,0.0,0.0,0.0,0.0,1,1,0,0.9075729189999999,0.9038576599999999,-0.0037152590000000263
2498,1.0,1.0,0.0,1.0,1.0,0.0,1.0,1.0,0.0,0.0,0.0,0.0,0.0,0.0,0.0,0.0,0.0,0.0,1,1,0,1.0,1.0,0.0
2499,0.8913356,0.9125883,0.021252700000000013,0.92512226,0.87512606,-0.049996199999999935,0.8125,1.0,0.1875,0.0,0.0,0.0,0.0,0.0,0.0,0.0,0.0,0.0,1,1,0,0.891335582,0.912588242,0.021252660000000034
2500,1.0,1.0,0.0,1.0,1.0,0.0,1.0,1.0,0.0,0.0,0.0,0.0,0.0,0.0,0.0,0.0,0.0,0.0,1,1,0,1.0,1.0,0.0
2501,0.87282866,0.95125,0.07842134,0.9254696,1.0,0.0745304,0.75,0.83750004,0.08750004,0.0,0.0,0.0,0.0,0.0,0.0,0.0,0.0,0.0,1,1,0,0.8728287199999999,0.9512500119999999,0.07842129200000003
2502,0.9019031,0.8352997,-0.06660339999999998,0.8598615,0.79685676,-0.06300473999999989,1.0,0.925,-0.07499999999999996,0.0,0.0,0.0,0.0,0.0,0.0,0.0,0.0,0.0,1,1,0,0.9019030499999998,0.835299732,-0.06660331799999986
2503,0.96001893,0.9799654,0.01994646999999994,0.94288415,0.9713792,0.028495049999999966,1.0,1.0,0.0,0.0,0.0,0.0,0.0,0.0,0.0,0.0,0.0,0.0,1,1,0,0.9600189049999999,0.97996544,0.0199465350000001
2504,0.8902208,0.9220468,0.03182600000000002,0.84317255,0.8886382,0.045465650000000024,1.0,1.0,0.0,0.0,0.0,0.0,0.0,0.0,0.0,0.0,0.0,0.0,1,1,0,0.8902207849999999,0.9220467400000001,0.03182595500000018
2505,0.95125,0.92875004,-0.022499959999999986,1.0,1.0,0.0,0.83750004,0.7625,-0.07500004000000005,0.0,0.0,0.0,0.0,0.0,0.0,0.0,0.0,0.0,1,1,0,0.9512500119999999,0.92875,-0.022500011999999958
2506,0.90452784,0.8854599,-0.019067940000000005,0.9118256,0.83637136,-0.07545424,0.8875,1.0,0.11250000000000004,0.0,0.0,0.0,0.0,0.0,0.0,0.0,0.0,0.0,1,1,0,0.9045279199999999,0.8854599519999999,-0.01906796799999999
2507,0.95125,0.94750005,-0.003749950000000002,1.0,1.0,0.0,0.83750004,0.825,-0.012500040000000046,0.0,0.0,0.0,0.0,0.0,0.0,0.0,0.0,0.0,1,1,0,0.9512500119999999,0.9474999999999999,-0.0037500120000000248
2508,0.9737854,0.87889975,-0.09488565000000004,0.9625505,0.875214,-0.08733649999999993,1.0,0.8875,-0.11250000000000004,0.0,0.0,0.0,0.0,0.0,0.0,0.0,0.0,0.0,1,1,0,0.97378535,0.8788998,-0.09488554999999999
2509,0.8980002,0.8761663,-0.021833900000000073,0.9507145,0.87666607,-0.07404843000000005,0.77500004,0.875,0.09999996,0.0,0.0,0.0,0.0,0.0,0.0,0.0,0.0,0.0,1,1,0,0.898000162,0.876166249,-0.021833913000000038
2510,0.892103,0.9635622,0.07145920000000006,0.89407563,0.9479461,0.053870470000000004,0.8875,1.0,0.11250000000000004,0.0,0.0,0.0,0.0,0.0,0.0,0.0,0.0,0.0,1,1,0,0.892102941,0.9635622699999999,0.07145932899999996
2511,0.925635,0.9005349,-0.02510009999999996,0.9741213,0.85790706,-0.11621423999999991,0.8125,1.0,0.1875,0.0,0.0,0.0,0.0,0.0,0.0,0.0,0.0,0.0,1,1,0,0.92563491,0.900534942,-0.025099968000000028
2512,0.95125,1.0,0.04874999999999996,1.0,1.0,0.0,0.83750004,1.0,0.16249996,0.0,0.0,0.0,0.0,0.0,0.0,0.0,0.0,0.0,1,1,0,0.9512500119999999,1.0,0.04874998800000008
2513,0.91,0.0,-0.91,1.0,1.0,0.0,0.7,1.0,0.30000000000000004,0.0,1.0,1.0,0.0,1.0,1.0,0.0,0.0,0.0,1,0,-1,0.9099999999999999,1.0,0.09000000000000008
2514,0.78314066,0.8178064,0.03466574,0.73841524,0.7718664,0.033451159999999924,0.8875,0.925,0.03750000000000009,0.0,0.0,0.0,0.0,0.0,0.0,0.0,0.0,0.0,1,1,0,0.7831406679999999,0.81780648,0.034665812000000074
2515,1.0,1.0,0.0,0.99999994,0.99999994,0.0,1.0,1.0,0.0,0.0,0.0,0.0,0.0,0.0,0.0,0.0,0.0,0.0,1,1,0,0.9999999580000001,0.9999999580000001,0.0
2516,0.9268114,0.9493114,0.022500000000000075,0.9275876,0.9275876,0.0,0.925,1.0,0.07499999999999996,0.0,0.0,0.0,0.0,0.0,0.0,0.0,0.0,0.0,1,1,0,0.9268113199999999,0.9493113199999998,0.022499999999999964
2517,0.9116972,0.9092556,-0.0024415999999999327,0.9220675,0.87036514,-0.05170236000000006,0.8875,1.0,0.11250000000000004,0.0,0.0,0.0,0.0,0.0,0.0,0.0,0.0,0.0,1,1,0,0.91169725,0.9092555979999999,-0.0024416520000001274
2518,0.97749996,0.97749996,0.0,1.0,1.0,0.0,0.925,0.925,0.0,0.0,0.0,0.0,0.0,0.0,0.0,0.0,0.0,0.0,1,1,0,0.9775,0.9775,0.0
2519,0.82893103,0.87640303,0.04747199999999996,0.86275864,0.8877186,0.024959960000000003,0.75,0.85,0.09999999999999998,0.0,0.0,0.0,0.0,0.0,0.0,0.0,0.0,0.0,1,1,0,0.828931048,0.87640302,0.047471972000000084
2520,0.8418164,0.9171185,0.07530209999999993,0.81688064,0.8815977,0.06471705999999999,0.90000004,1.0,0.09999996,0.0,0.0,0.0,0.0,0.0,0.0,0.0,0.0,0.0,1,1,0,0.84181646,0.91711839,0.07530192999999996
2521,0.96999997,0.8806176,-0.08938237000000004,1.0,0.8615966,-0.13840339999999995,0.90000004,0.925,0.024999960000000043,0.0,0.0,0.0,0.0,0.0,0.0,0.0,0.0,0.0,1,1,0,0.970000012,0.88061762,-0.08938239199999998
2522,0.92055094,0.8997917,-0.020759240000000068,0.9347156,0.8568453,-0.07787029999999995,0.8875,1.0,0.11250000000000004,0.0,0.0,0.0,0.0,0.0,0.0,0.0,0.0,0.0,1,1,0,0.9205509199999999,0.8997917099999999,-0.020759210000000028
2523,0.95874995,1.0,0.04125005000000004,1.0,1.0,0.0,0.8625,1.0,0.13749999999999996,0.0,0.0,0.0,0.0,0.0,0.0,0.0,0.0,0.0,1,1,0,0.95875,1.0,0.04125000000000001
2524,0.8318119,0.8941396,0.062327699999999986,0.75973135,0.8487708,0.08903945000000002,1.0,1.0,0.0,0.0,0.0,0.0,0.0,0.0,0.0,0.0,0.0,0.0,1,1,0,0.8318119449999999,0.8941395599999999,0.06232761500000006
2525,0.8236581,0.8686997,0.045041600000000015,0.8873687,0.9249282,0.03755949999999997,0.675,0.7375,0.0625,0.0,0.0,0.0,0.0,0.0,0.0,0.0,0.0,0.0,1,1,0,0.82365809,0.86869974,0.045041650000000044
2526,0.8926434,0.97749996,0.08485655999999997,0.9430619,1.0,0.05693809999999999,0.77500004,0.925,0.14999996000000004,0.0,0.0,0.0,0.0,0.0,0.0,0.0,0.0,0.0,1,1,0,0.892643342,0.9775,0.08485665800000008
2527,0.95125,0.92875004,-0.022499959999999986,1.0,1.0,0.0,0.83750004,0.7625,-0.07500004000000005,0.0,0.0,0.0,0.0,0.0,0.0,0.0,0.0,0.0,1,1,0,0.9512500119999999,0.92875,-0.022500011999999958
2528,0.9108025,0.90442955,-0.006372949999999933,0.92614645,0.86347073,-0.06267571999999999,0.875,1.0,0.125,0.0,0.0,0.0,0.0,0.0,0.0,0.0,0.0,0.0,1,1,0,0.9108025149999999,0.904429511,-0.006373003999999849
2529,0.82416576,0.82792014,0.003754380000000057,0.7970226,0.7863144,-0.010708200000000057,0.8875,0.925,0.03750000000000009,0.0,0.0,0.0,0.0,0.0,0.0,0.0,0.0,0.0,1,1,0,0.8241658199999999,0.82792008,0.0037542600000000093
2530,0.94303226,0.94375,0.0007177400000000222,0.972189,1.0,0.02781100000000003,0.875,0.8125,-0.0625,0.0,0.0,0.0,0.0,0.0,0.0,0.0,0.0,0.0,1,1,0,0.9430323,0.94375,0.0007176999999999323
2531,0.9175661,0.92610914,0.008543039999999946,0.88223726,0.89444155,0.012204290000000007,1.0,1.0,0.0,0.0,0.0,0.0,0.0,0.0,0.0,0.0,0.0,0.0,1,1,0,0.917566082,0.926109085,0.008543002999999993
2532,0.93993056,0.9072651,-0.032665459999999924,0.9624008,0.8996644,-0.06273639999999991,0.8875,0.925,0.03750000000000009,0.0,0.0,0.0,0.0,0.0,0.0,0.0,0.0,0.0,1,1,0,0.9399305599999999,0.90726508,-0.032665479999999913
2533,0.99119854,0.9297606,-0.06143793999999991,0.98742646,0.89965796,-0.08776850000000003,1.0,1.0,0.0,0.0,0.0,0.0,0.0,0.0,0.0,0.0,0.0,0.0,1,1,0,0.9911985219999999,0.929760572,-0.06143794999999996
2534,0.80946493,0.95500004,0.14553511000000008,0.80280703,1.0,0.19719297000000002,0.825,0.85,0.025000000000000022,0.0,0.0,0.0,0.0,0.0,0.0,0.0,0.0,0.0,1,1,0,0.8094649209999999,0.955,0.14553507900000007
2535,1.0,1.0,0.0,1.0,1.0,0.0,1.0,1.0,0.0,0.0,0.0,0.0,0.0,0.0,0.0,0.0,0.0,0.0,1,1,0,1.0,1.0,0.0
2536,0.97749996,1.0,0.022500040000000054,1.0,1.0,0.0,0.925,1.0,0.07499999999999996,0.0,0.0,0.0,0.0,0.0,0.0,0.0,0.0,0.0,1,1,0,0.9775,1.0,0.022499999999999964
2537,0.9220401,0.8959097,-0.026130399999999998,0.88862866,0.85129964,-0.037329019999999935,1.0,1.0,0.0,0.0,0.0,0.0,0.0,0.0,0.0,0.0,0.0,0.0,1,1,0,0.922040062,0.895909748,-0.026130313999999988
2538,0.0,0.0,0.0,0.000894852,0.000894852,0.0,0.0,0.0,0.0,1.0,1.0,0.0,1.0,1.0,0.0,0.0,0.0,0.0,0,0,0,0.0006263964,0.0006263964,0.0
2539,0.8632812,0.9435679,0.08028670000000004,0.8368302,0.9193827,0.08255250000000003,0.925,1.0,0.07499999999999996,0.0,0.0,0.0,0.0,0.0,0.0,0.0,0.0,0.0,1,1,0,0.86328114,0.94356789,0.08028674999999996
2540,0.96625006,0.97749996,0.011249899999999924,1.0,1.0,0.0,0.8875,0.925,0.03750000000000009,0.0,0.0,0.0,0.0,0.0,0.0,0.0,0.0,0.0,1,1,0,0.9662499999999999,0.9775,0.011250000000000093
2541,1.0,1.0,0.0,1.0,1.0,0.0,1.0,1.0,0.0,0.0,0.0,0.0,0.0,0.0,0.0,0.0,0.0,0.0,1,1,0,1.0,1.0,0.0
2542,1.0,1.0,0.0,1.0,1.0,0.0,1.0,1.0,0.0,0.0,0.0,0.0,0.0,0.0,0.0,0.0,0.0,0.0,1,1,0,1.0,1.0,0.0
2543,0.0,0.0,0.0,0.18094648,0.18094648,0.0,0.64705884,0.5714286,-0.07563024000000007,0.0,0.0,0.0,0.0,0.0,0.0,1.0,1.0,0.0,0,0,0,0.32078018799999997,0.29809111599999993,-0.022689072000000032
2544,0.9482541,0.919216,-0.029038099999999956,0.9742916,0.8845942,-0.08969740000000004,0.8875,1.0,0.11250000000000004,0.0,0.0,0.0,0.0,0.0,0.0,0.0,0.0,0.0,1,1,0,0.94825412,0.91921594,-0.029038180000000025
2545,0.83820194,0.8583065,0.020104559999999938,0.9295741,0.7975808,-0.13199329999999998,0.625,1.0,0.375,0.0,0.0,0.0,0.0,0.0,0.0,0.0,0.0,0.0,1,1,0,0.8382018699999999,0.8583065599999999,0.020104690000000036
2546,0.82368547,0.9045114,0.08082592999999993,0.79633635,0.8635876,0.06725124999999998,0.8875,1.0,0.11250000000000004,0.0,0.0,0.0,0.0,0.0,0.0,0.0,0.0,0.0,1,1,0,0.823685445,0.9045113199999999,0.08082587499999994
2547,0.90886956,0.9302727,0.021403139999999987,0.9501707,0.9003895,-0.04978120000000008,0.8125,1.0,0.1875,0.0,0.0,0.0,0.0,0.0,0.0,0.0,0.0,0.0,1,1,0,0.9088694900000001,0.9302726499999998,0.021403159999999755
2548,0.0,0.751645,0.751645,0.18849812,0.7684215,0.57992338,0.1,0.71250004,0.61250004,0.0,0.0,0.0,0.0,0.0,0.0,1.0,0.0,-1.0,0,1,1,0.16194868399999998,0.7516450619999999,0.589696378
2549,0.89304924,0.911496,0.018446760000000006,0.91149884,0.8735656,-0.03793323999999998,0.85,1.0,0.15000000000000002,0.0,0.0,0.0,0.0,0.0,0.0,0.0,0.0,0.0,1,1,0,0.893049188,0.9114959199999999,0.01844673199999991
2550,1.0,1.0,0.0,1.0,1.0,0.0,1.0,1.0,0.0,0.0,0.0,0.0,0.0,0.0,0.0,0.0,0.0,0.0,1,1,0,1.0,1.0,0.0
2551,0.7762604,0.7809803,0.004719899999999999,0.7607291,0.71925753,-0.04147157000000001,0.8125,0.925,0.11250000000000004,0.0,0.0,0.0,0.0,0.0,0.0,0.0,0.0,0.0,1,1,0,0.77626037,0.780980271,0.004719900999999971
2552,0.91396755,0.9040169,-0.00995064999999995,0.9253107,0.8628812,-0.06242950000000003,0.8875,1.0,0.11250000000000004,0.0,0.0,0.0,0.0,0.0,0.0,0.0,0.0,0.0,1,1,0,0.91396749,0.9040168399999999,-0.00995065000000006
2553,0.8157913,0.8106705,-0.0051208000000000364,0.79041624,0.8152434,0.02482715999999996,0.875,0.8,-0.07499999999999996,0.0,0.0,0.0,0.0,0.0,0.0,0.0,0.0,0.0,1,1,0,0.815791368,0.8106703799999999,-0.0051209880000000485
2554,0.9403843,0.96950865,0.02912435000000002,0.9148347,0.9564409,0.04160620000000004,1.0,1.0,0.0,0.0,0.0,0.0,0.0,0.0,0.0,0.0,0.0,0.0,1,1,0,0.9403842899999999,0.96950863,0.029124340000000082
2555,1.0,1.0,0.0,1.0,1.0,0.0,1.0,1.0,0.0,0.0,0.0,0.0,0.0,0.0,0.0,0.0,0.0,0.0,1,1,0,1.0,1.0,0.0
2556,0.91375,0.96624994,0.05249994000000002,0.99999994,0.99999994,0.0,0.71250004,0.8875,0.17499995999999995,0.0,0.0,0.0,0.0,0.0,0.0,0.0,0.0,0.0,1,1,0,0.91374997,0.966249958,0.052499988
2557,0.8912501,0.99088174,0.09963163999999991,1.0,0.9869738,-0.013026199999999988,0.6375,1.0,0.36250000000000004,0.0,0.0,0.0,0.0,0.0,0.0,0.0,0.0,0.0,1,1,0,0.8912499999999999,0.9908816599999999,0.09963166000000001
2558,0.96250004,0.9325,-0.030000040000000006,0.99999994,0.99999994,0.0,0.875,0.77500004,-0.09999996,0.0,0.0,0.0,0.0,0.0,0.0,0.0,0.0,0.0,1,1,0,0.962499958,0.9324999700000001,-0.029999987999999922
2559,1.0,1.0,0.0,1.0,1.0,0.0,1.0,1.0,0.0,0.0,0.0,0.0,0.0,0.0,0.0,0.0,0.0,0.0,1,1,0,1.0,1.0,0.0
2560,1.0,1.0,0.0,1.0,1.0,0.0,1.0,1.0,0.0,0.0,0.0,0.0,0.0,0.0,0.0,0.0,0.0,0.0,1,1,0,1.0,1.0,0.0
2561,0.880857,0.880857,0.0,0.8297957,0.8297957,0.0,1.0,1.0,0.0,0.0,0.0,0.0,0.0,0.0,0.0,0.0,0.0,0.0,1,1,0,0.8808569900000001,0.8808569900000001,0.0
2562,0.86675864,0.8555868,-0.011171840000000044,0.86322665,0.8258383,-0.03738834999999996,0.875,0.925,0.050000000000000044,0.0,0.0,0.0,0.0,0.0,0.0,0.0,0.0,0.0,1,1,0,0.8667586549999999,0.8555868099999999,-0.011171845000000014
2563,0.981636,1.0,0.018364000000000047,0.9737657,1.0,0.026234300000000044,1.0,1.0,0.0,0.0,0.0,0.0,0.0,0.0,0.0,0.0,0.0,0.0,1,1,0,0.98163599,1.0,0.018364009999999986
2564,0.9265378,0.9224367,-0.004101099999999969,0.9754112,0.8891953,-0.08621590000000001,0.8125,1.0,0.1875,0.0,0.0,0.0,0.0,0.0,0.0,0.0,0.0,0.0,1,1,0,0.9265378400000001,0.9224367099999999,-0.004101130000000119
2565,0.96625006,1.0,0.03374993999999998,1.0,1.0,0.0,0.8875,1.0,0.11250000000000004,0.0,0.0,0.0,0.0,0.0,0.0,0.0,0.0,0.0,1,1,0,0.9662499999999999,1.0,0.03375000000000006
2566,0.82982826,0.8273121,-0.0025161599999999895,0.81046903,0.7854459,-0.025023130000000005,0.875,0.925,0.050000000000000044,0.0,0.0,0.0,0.0,0.0,0.0,0.0,0.0,0.0,1,1,0,0.8298283209999999,0.8273121299999999,-0.002516191000000001
2567,0.95125,1.0,0.04874999999999996,1.0,1.0,0.0,0.83750004,1.0,0.16249996,0.0,0.0,0.0,0.0,0.0,0.0,0.0,0.0,0.0,1,1,0,0.9512500119999999,1.0,0.04874998800000008
2568,0.93906146,0.96625006,0.027188600000000007,0.9611592,1.0,0.03884080000000001,0.8875,0.8875,0.0,0.0,0.0,0.0,0.0,0.0,0.0,0.0,0.0,0.0,1,1,0,0.9390614399999999,0.9662499999999999,0.027188560000000028
2569,0.9140957,0.9312073,0.017111600000000005,0.9254938,0.9017247,-0.023769099999999987,0.8875,1.0,0.11250000000000004,0.0,0.0,0.0,0.0,0.0,0.0,0.0,0.0,0.0,1,1,0,0.91409566,0.9312072899999999,0.017111629999999933
2570,0.9561445,0.97151107,0.01536657000000008,0.93734926,0.9593015,0.021952240000000067,1.0,1.0,0.0,0.0,0.0,0.0,0.0,0.0,0.0,0.0,0.0,0.0,1,1,0,0.956144482,0.9715110499999999,0.015366567999999914
2571,0.8409897,0.86961144,0.028621740000000062,0.91212803,0.861945,-0.05018303000000002,0.675,0.8875,0.2124999999999999,0.0,0.0,0.0,0.0,0.0,0.0,0.0,0.0,0.0,1,1,0,0.840989621,0.8696114999999999,0.028621878999999906
2572,0.0,0.95500004,0.95500004,0.7885795,1.0,0.2114205,0.38596493,0.85,0.46403507,0.0,0.0,0.0,0.0,0.0,0.0,1.0,0.0,-1.0,0,1,1,0.6677951289999999,0.955,0.28720487100000003
2573,0.82491916,0.9255888,0.10066964,0.7498845,0.8936982,0.14381370000000004,1.0,1.0,0.0,0.0,0.0,0.0,0.0,0.0,0.0,0.0,0.0,0.0,1,1,0,0.8249191499999999,0.92558874,0.10066959000000009
2574,0.95125,1.0,0.04874999999999996,1.0,1.0,0.0,0.83750004,1.0,0.16249996,0.0,0.0,0.0,0.0,0.0,0.0,0.0,0.0,0.0,1,1,0,0.9512500119999999,1.0,0.04874998800000008
2575,0.8666796,0.8854702,0.01879059999999999,0.80954224,0.836386,0.026843759999999994,1.0,1.0,0.0,0.0,0.0,0.0,0.0,0.0,0.0,0.0,0.0,0.0,1,1,0,0.8666795679999999,0.8854701999999999,0.018790631999999974
2576,0.9198635,0.8892738,-0.030589699999999942,0.9337337,0.8418198,-0.09191389999999999,0.8875,1.0,0.11250000000000004,0.0,0.0,0.0,0.0,0.0,0.0,0.0,0.0,0.0,1,1,0,0.91986359,0.8892738599999999,-0.030589730000000093
2577,1.0,1.0,0.0,1.0,1.0,0.0,1.0,1.0,0.0,0.0,0.0,0.0,0.0,0.0,0.0,0.0,0.0,0.0,1,1,0,1.0,1.0,0.0
2578,0.89976734,0.92930746,0.029540119999999948,0.9103818,0.89901066,-0.011371140000000057,0.875,1.0,0.125,0.0,0.0,0.0,0.0,0.0,0.0,0.0,0.0,0.0,1,1,0,0.89976726,0.9293074619999999,0.02954020199999996
2579,0.9930744,1.0,0.006925599999999976,0.9901062,1.0,0.009893799999999953,1.0,1.0,0.0,0.0,0.0,0.0,0.0,0.0,0.0,0.0,0.0,0.0,1,1,0,0.9930743399999999,1.0,0.006925660000000056
2580,0.42254862,0.91094553,0.48839691,0.21792662,0.9156365,0.69770988,0.90000004,0.90000004,0.0,0.0,0.0,0.0,0.0,0.0,0.0,0.0,0.0,0.0,1,1,0,0.42254864599999997,0.910945562,0.488396916
2581,0.9025,0.9261317,0.023631700000000033,1.0,0.9373311,-0.06266890000000003,0.675,0.90000004,0.22500003999999996,0.0,0.0,0.0,0.0,0.0,0.0,0.0,0.0,0.0,1,1,0,0.9025,0.9261317819999999,0.023631781999999935
2582,0.8962923,0.89517766,-0.0011146400000000556,0.90006053,0.85025376,-0.04980677,0.8875,1.0,0.11250000000000004,0.0,0.0,0.0,0.0,0.0,0.0,0.0,0.0,0.0,1,1,0,0.8962923709999999,0.895177632,-0.0011147389999999202
2583,0.86875004,1.0,0.13124996,1.0,1.0,0.0,0.5625,1.0,0.4375,0.0,0.0,0.0,0.0,0.0,0.0,0.0,0.0,0.0,1,1,0,0.8687499999999999,1.0,0.1312500000000001
2584,0.96625006,0.9225933,-0.04365676000000007,1.0,0.9376332,-0.062366799999999945,0.8875,0.8875,0.0,0.0,0.0,0.0,0.0,0.0,0.0,0.0,0.0,0.0,1,1,0,0.9662499999999999,0.92259324,-0.04365675999999996
2585,0.9174905,0.93868506,0.021194559999999973,0.9624864,0.9124071,-0.05007929999999994,0.8125,1.0,0.1875,0.0,0.0,0.0,0.0,0.0,0.0,0.0,0.0,0.0,1,1,0,0.91749048,0.93868497,0.021194489999999955
2586,0.8661915,0.9050288,0.038837299999999964,0.8088449,0.8643269,0.05548200000000003,1.0,1.0,0.0,0.0,0.0,0.0,0.0,0.0,0.0,0.0,0.0,0.0,1,1,0,0.86619143,0.90502883,0.03883740000000002
2587,0.8619912,1.0,0.13800880000000004,0.8510589,1.0,0.14894110000000005,0.8875,1.0,0.11250000000000004,0.0,0.0,0.0,0.0,0.0,0.0,0.0,0.0,0.0,1,1,0,0.8619912299999999,1.0,0.1380087700000001
2588,0.84781075,0.8724851,0.024674350000000067,0.83080107,0.8178358,-0.012965270000000029,0.8875,1.0,0.11250000000000004,0.0,0.0,0.0,0.0,0.0,0.0,0.0,0.0,0.0,1,1,0,0.847810749,0.87248506,0.02467431100000006
2589,0.86891365,0.9201288,0.05121514999999999,0.96273375,0.950184,-0.012549750000000026,0.65000004,0.85,0.19999995999999998,0.0,0.0,0.0,0.0,0.0,0.0,0.0,0.0,0.0,1,1,0,0.8689136369999999,0.9201288,0.051215163000000063
2590,0.92125,1.0,0.07874999999999999,1.0,1.0,0.0,0.7375,1.0,0.26249999999999996,0.0,0.0,0.0,0.0,0.0,0.0,0.0,0.0,0.0,1,1,0,0.9212499999999999,1.0,0.0787500000000001
2591,0.97749996,0.99093074,0.013430780000000087,1.0,0.9870439,-0.012956100000000026,0.925,1.0,0.07499999999999996,0.0,0.0,0.0,0.0,0.0,0.0,0.0,0.0,0.0,1,1,0,0.9775,0.9909307299999999,0.013430729999999835
2592,0.8089094,0.9139676,0.10505819999999999,0.7752278,0.8770966,0.10186879999999998,0.8875,1.0,0.11250000000000004,0.0,0.0,0.0,0.0,0.0,0.0,0.0,0.0,0.0,1,1,0,0.80890946,0.91396762,0.10505816000000001
2593,0.96625006,0.9478197,-0.01843035999999998,1.0,0.9254568,-0.07454320000000003,0.8875,1.0,0.11250000000000004,0.0,0.0,0.0,0.0,0.0,0.0,0.0,0.0,0.0,1,1,0,0.9662499999999999,0.94781976,-0.01843023999999993
2594,0.87079394,0.87079394,0.0,0.81542,0.81542,0.0,1.0,1.0,0.0,0.0,0.0,0.0,0.0,0.0,0.0,0.0,0.0,0.0,1,1,0,0.8707940000000001,0.8707940000000001,0.0
2595,0.8738516,0.88587064,0.012019040000000092,0.93764514,0.90124375,-0.03640138999999998,0.725,0.85,0.125,0.0,0.0,0.0,0.0,0.0,0.0,0.0,0.0,0.0,1,1,0,0.873851598,0.885870625,0.012019027000000015
2596,0.94240475,0.97499484,0.032590090000000016,0.9820067,0.9642784,-0.01772830000000003,0.85,1.0,0.15000000000000002,0.0,0.0,0.0,0.0,0.0,0.0,0.0,0.0,0.0,1,1,0,0.9424046899999999,0.9749948799999999,0.03259018999999996
2597,0.96625006,1.0,0.03374993999999998,1.0,1.0,0.0,0.8875,1.0,0.11250000000000004,0.0,0.0,0.0,0.0,0.0,0.0,0.0,0.0,0.0,1,1,0,0.9662499999999999,1.0,0.03375000000000006
2598,0.58098626,0.7594308,0.17844453999999998,0.44962326,0.70454407,0.25492080999999994,0.8875,0.8875,0.0,0.0,0.0,0.0,0.0,0.0,0.0,0.0,0.0,0.0,1,1,0,0.580986282,0.7594308489999999,0.1784445669999999
2599,0.80675983,1.0,0.19324017000000004,0.7239427,1.0,0.27605729999999995,1.0,1.0,0.0,0.0,0.0,0.0,0.0,0.0,0.0,0.0,0.0,0.0,1,1,0,0.8067598899999999,1.0,0.19324011000000008
2600,0.96625006,0.93625003,-0.030000030000000066,1.0,1.0,0.0,0.8875,0.7875,-0.09999999999999998,0.0,0.0,0.0,0.0,0.0,0.0,0.0,0.0,0.0,1,1,0,0.9662499999999999,0.9362499999999999,-0.030000000000000027
2601,1.0,0.9360224,-0.06397759999999997,1.0,0.9086035,-0.09139649999999999,1.0,1.0,0.0,0.0,0.0,0.0,0.0,0.0,0.0,0.0,0.0,0.0,1,1,0,1.0,0.9360224500000001,-0.06397754999999994
2602,0.95125,1.0,0.04874999999999996,1.0,1.0,0.0,0.83750004,1.0,0.16249996,0.0,0.0,0.0,0.0,0.0,0.0,0.0,0.0,0.0,1,1,0,0.9512500119999999,1.0,0.04874998800000008
2603,1.0,1.0,0.0,1.0,1.0,0.0,1.0,1.0,0.0,0.0,0.0,0.0,0.0,0.0,0.0,0.0,0.0,0.0,1,1,0,1.0,1.0,0.0
2604,0.8610498,0.8763067,0.015256900000000018,0.8497139,0.8232954,-0.02641850000000001,0.8875,1.0,0.11250000000000004,0.0,0.0,0.0,0.0,0.0,0.0,0.0,0.0,0.0,1,1,0,0.86104973,0.87630678,0.015257049999999994
2605,0.91371596,0.8482248,-0.06549115999999999,0.92495126,0.83674985,-0.08820141000000004,0.8875,0.875,-0.012499999999999956,0.0,0.0,0.0,0.0,0.0,0.0,0.0,0.0,0.0,1,1,0,0.913715882,0.848224895,-0.065490987
2606,0.9390774,0.9078932,-0.031184199999999995,0.96118194,0.86841875,-0.09276319,0.8875,1.0,0.11250000000000004,0.0,0.0,0.0,0.0,0.0,0.0,0.0,0.0,0.0,1,1,0,0.9390773579999999,0.907893125,-0.03118423299999995
2607,0.81125927,0.9028225,0.09156323,0.7785847,0.86117494,0.08259024000000004,0.8875,1.0,0.11250000000000004,0.0,0.0,0.0,0.0,0.0,0.0,0.0,0.0,0.0,1,1,0,0.81125929,0.9028224579999999,0.09156316799999997
2608,0.94086593,0.9056347,-0.03523122999999995,0.9744513,0.8973353,-0.07711600000000007,0.8625,0.925,0.0625,0.0,0.0,0.0,0.0,0.0,0.0,0.0,0.0,0.0,1,1,0,0.9408659099999999,0.90563471,-0.03523119999999991
2609,0.3723093,0.0,-0.3723093,0.103298984,0.7579279,0.654628916,1.0,0.99999994,-5.999999996841865e-08,0.0,0.0,0.0,0.0,0.0,0.0,0.0,1.0,1.0,1,0,-1,0.37230928879999997,0.8305495119999999,0.45824022319999996
2610,1.0,1.0,0.0,1.0,1.0,0.0,1.0,1.0,0.0,0.0,0.0,0.0,0.0,0.0,0.0,0.0,0.0,0.0,1,1,0,1.0,1.0,0.0
2611,1.0,1.0,0.0,1.0,1.0,0.0,1.0,1.0,0.0,0.0,0.0,0.0,0.0,0.0,0.0,0.0,0.0,0.0,1,1,0,1.0,1.0,0.0
2612,0.89562434,0.89362377,-0.0020005699999999793,0.89910626,0.84803396,-0.05107230000000007,0.8875,1.0,0.11250000000000004,0.0,0.0,0.0,0.0,0.0,0.0,0.0,0.0,0.0,1,1,0,0.8956243819999999,0.893623772,-0.0020006099999999583
2613,0.9488573,0.9213175,-0.027539800000000003,0.9751533,0.8875963,-0.087557,0.8875,1.0,0.11250000000000004,0.0,0.0,0.0,0.0,0.0,0.0,0.0,0.0,0.0,1,1,0,0.94885731,0.9213174099999999,-0.02753990000000006
2614,0.93499166,0.92135316,-0.013638499999999998,0.98748815,0.88764733,-0.09984082000000005,0.8125,1.0,0.1875,0.0,0.0,0.0,0.0,0.0,0.0,0.0,0.0,0.0,1,1,0,0.934991705,0.9213531309999998,-0.013638574000000125
2615,0.0,0.0,0.0,0.043505747,0.0511877,0.007681953000000005,0.45454547,0.45454547,0.0,1.0,1.0,0.0,1.0,1.0,0.0,0.0,0.0,0.0,0,0,0,0.1668176639,0.172195031,0.005377367100000002
2616,0.95874995,1.0,0.04125005000000004,1.0,1.0,0.0,0.8625,1.0,0.13749999999999996,0.0,0.0,0.0,0.0,0.0,0.0,0.0,0.0,0.0,1,1,0,0.95875,1.0,0.04125000000000001
2617,0.98022336,0.9717536,-0.008469759999999993,0.97174764,0.959648,-0.012099640000000078,1.0,1.0,0.0,0.0,0.0,0.0,0.0,0.0,0.0,0.0,0.0,0.0,1,1,0,0.980223348,0.9717536,-0.008469748
2618,0.96625006,0.96625006,0.0,1.0,1.0,0.0,0.8875,0.8875,0.0,0.0,0.0,0.0,0.0,0.0,0.0,0.0,0.0,0.0,1,1,0,0.9662499999999999,0.9662499999999999,0.0
2619,0.94,0.97749996,0.03749996,1.0,1.0,0.0,0.8,0.925,0.125,0.0,0.0,0.0,0.0,0.0,0.0,0.0,0.0,0.0,1,1,0,0.94,0.9775,0.03750000000000009
2620,1.0,1.0,0.0,1.0,1.0,0.0,1.0,1.0,0.0,0.0,0.0,0.0,0.0,0.0,0.0,0.0,0.0,0.0,1,1,0,1.0,1.0,0.0
2621,0.77503246,0.92125,0.14621753999999998,0.96254635,1.0,0.037453650000000005,0.3375,0.7375,0.4,0.0,0.0,0.0,0.0,0.0,0.0,0.0,0.0,0.0,1,1,0,0.7750324449999999,0.9212499999999999,0.146217555
2622,1.0,1.0,0.0,1.0,1.0,0.0,1.0,1.0,0.0,0.0,0.0,0.0,0.0,0.0,0.0,0.0,0.0,0.0,1,1,0,1.0,1.0,0.0
2623,0.0,0.8255011,0.8255011,0.036324386,0.8900014,0.8536770140000001,0.0,0.675,0.675,1.0,0.0,-1.0,1.0,0.0,-1.0,0.0,0.0,0.0,0,1,1,0.0254270702,0.82550098,0.8000739098
2624,0.8084044,0.8370644,0.02866000000000002,0.7745063,0.79937774,0.024871439999999967,0.8875,0.925,0.03750000000000009,0.0,0.0,0.0,0.0,0.0,0.0,0.0,0.0,0.0,1,1,0,0.80840441,0.837064418,0.028660008000000015
2625,0.89550686,0.88686675,-0.008640109999999979,0.85072404,0.8383812,-0.012342839999999966,1.0,1.0,0.0,0.0,0.0,0.0,0.0,0.0,0.0,0.0,0.0,0.0,1,1,0,0.895506828,0.8868668399999999,-0.008639988000000098
2626,1.0,1.0,0.0,1.0,1.0,0.0,1.0,1.0,0.0,0.0,0.0,0.0,0.0,0.0,0.0,0.0,0.0,0.0,1,1,0,1.0,1.0,0.0
2627,1.0,0.9850001,-0.014999899999999955,1.0,1.0,0.0,1.0,0.95,-0.050000000000000044,0.0,0.0,0.0,0.0,0.0,0.0,0.0,0.0,0.0,1,1,0,1.0,0.9849999999999999,-0.015000000000000124
2628,0.8729172,0.9990021,0.12608490000000006,0.8184531,0.9985744,0.18012129999999993,1.0,1.0,0.0,0.0,0.0,0.0,0.0,0.0,0.0,0.0,0.0,0.0,1,1,0,0.87291717,0.9990020799999999,0.12608490999999988
2629,0.8478823,0.93684924,0.08896694000000005,0.7826889,0.9097847,0.12709579999999998,1.0,1.0,0.0,0.0,0.0,0.0,0.0,0.0,0.0,0.0,0.0,0.0,1,1,0,0.84788223,0.9368492900000001,0.0889670600000001
2630,0.0,0.97375005,0.97375005,0.15024269,1.0,0.84975731,0.0,0.9125,0.9125,0.0,0.0,0.0,0.0,0.0,0.0,1.0,0.0,-1.0,0,1,1,0.105169883,0.9737499999999999,0.8685801169999999
2631,1.0,1.0,0.0,1.0,1.0,0.0,1.0,1.0,0.0,0.0,0.0,0.0,0.0,0.0,0.0,0.0,0.0,0.0,1,1,0,1.0,1.0,0.0
2632,0.96625006,0.9187185,-0.04753156000000003,1.0,0.9374551,-0.06254490000000001,0.8875,0.875,-0.012499999999999956,0.0,0.0,0.0,0.0,0.0,0.0,0.0,0.0,0.0,1,1,0,0.9662499999999999,0.91871857,-0.04753142999999993
2633,0.84576553,0.8816519,0.035886370000000056,0.77966493,0.8309313,0.051266370000000006,1.0,1.0,0.0,0.0,0.0,0.0,0.0,0.0,0.0,0.0,0.0,0.0,1,1,0,0.8457654509999999,0.88165191,0.03588645900000009
2634,0.84543,0.9479995,0.10256949999999998,0.9345428,0.97392786,0.03938505999999997,0.6375,0.8875,0.25,0.0,0.0,0.0,0.0,0.0,0.0,0.0,0.0,0.0,1,1,0,0.8454299599999999,0.9479995019999999,0.10256954200000001
2635,0.95874995,0.0,-0.95874995,1.0,1.0,0.0,0.8625,0.25,-0.6125,0.0,1.0,1.0,0.0,1.0,1.0,0.0,0.0,0.0,1,0,-1,0.95875,0.7749999999999999,-0.18375000000000008
2636,0.8540543,0.8354952,-0.01855910000000005,0.8879347,0.8132074,-0.07472729999999994,0.77500004,0.8875,0.11249995999999995,0.0,0.0,0.0,0.0,0.0,0.0,0.0,0.0,0.0,1,1,0,0.854054302,0.83549518,-0.018559121999999983
2637,0.97375005,1.0,0.026249949999999966,1.0,1.0,0.0,0.9125,1.0,0.08750000000000002,0.0,0.0,0.0,0.0,0.0,0.0,0.0,0.0,0.0,1,1,0,0.9737499999999999,1.0,0.026250000000000107
2638,0.9124862,0.8769348,-0.03555140000000001,0.9285517,0.8563354,-0.07221630000000001,0.875,0.925,0.050000000000000044,0.0,0.0,0.0,0.0,0.0,0.0,0.0,0.0,0.0,1,1,0,0.9124861899999999,0.87693478,-0.03555140999999984
2639,0.8453515,1.0,0.15464849999999997,0.7790736,1.0,0.22092639999999997,1.0,1.0,0.0,0.0,0.0,0.0,0.0,0.0,0.0,0.0,0.0,0.0,1,1,0,0.8453515199999999,1.0,0.1546484800000001
2640,1.0,1.0,0.0,1.0,1.0,0.0,1.0,1.0,0.0,0.0,0.0,0.0,0.0,0.0,0.0,0.0,0.0,0.0,1,1,0,1.0,1.0,0.0
2641,0.8846907,0.8781447,-0.006546000000000052,0.93705815,0.8741352,-0.06292295000000003,0.7625,0.8875,0.125,0.0,0.0,0.0,0.0,0.0,0.0,0.0,0.0,0.0,1,1,0,0.884690705,0.8781446399999999,-0.006546065000000101
2642,1.0,1.0,0.0,1.0,1.0,0.0,1.0,1.0,0.0,0.0,0.0,0.0,0.0,0.0,0.0,0.0,0.0,0.0,1,1,0,1.0,1.0,0.0
2643,0.9205479,0.8864712,-0.03407669999999996,0.886497,0.83781594,-0.04868105999999994,1.0,1.0,0.0,0.0,0.0,0.0,0.0,0.0,0.0,0.0,0.0,0.0,1,1,0,0.9205478999999999,0.886471158,-0.03407674199999988
2644,0.96250004,0.0,-0.96250004,1.0,1.0,0.0,0.875,1.0,0.125,0.0,1.0,1.0,0.0,1.0,1.0,0.0,0.0,0.0,1,0,-1,0.9624999999999999,1.0,0.03750000000000009
2645,0.818421,0.9310652,0.11264420000000008,0.74060136,0.9015216,0.16092024000000005,1.0,1.0,0.0,0.0,0.0,0.0,0.0,0.0,0.0,0.0,0.0,0.0,1,1,0,0.8184209519999999,0.93106512,0.1126441680000001
2646,0.7778126,0.76171744,-0.016095159999999997,0.85937506,0.7560249,-0.10335015999999997,0.58750004,0.77500004,0.1875,0.0,0.0,0.0,0.0,0.0,0.0,0.0,0.0,0.0,1,1,0,0.7778125539999999,0.7617174419999999,-0.016095112000000023
2647,0.92875,0.9418278,0.013077800000000028,0.99999994,0.94903964,-0.05096030000000007,0.7625,0.925,0.1625000000000001,0.0,0.0,0.0,0.0,0.0,0.0,0.0,0.0,0.0,1,1,0,0.928749958,0.9418277479999999,0.013077789999999867
2648,1.0,1.0,0.0,1.0,1.0,0.0,1.0,1.0,0.0,0.0,0.0,0.0,0.0,0.0,0.0,0.0,0.0,0.0,1,1,0,1.0,1.0,0.0
2649,0.88374996,1.0,0.11625004000000005,1.0,1.0,0.0,0.6125,1.0,0.38749999999999996,0.0,0.0,0.0,0.0,0.0,0.0,0.0,0.0,0.0,1,1,0,0.8837499999999999,1.0,0.11625000000000008
2650,0.81820756,0.8065325,-0.01167505999999996,0.799225,0.75576067,-0.04346432999999994,0.8625,0.925,0.0625,0.0,0.0,0.0,0.0,0.0,0.0,0.0,0.0,0.0,1,1,0,0.8182075,0.806532469,-0.011675031000000002
2651,0.0,0.0,0.0,1.0,1.0,0.0,0.0,1.0,1.0,1.0,1.0,0.0,1.0,1.0,0.0,0.0,0.0,0.0,0,0,0,0.7,1.0,0.30000000000000004
2652,1.0,1.0,0.0,1.0,1.0,0.0,1.0,1.0,0.0,0.0,0.0,0.0,0.0,0.0,0.0,0.0,0.0,0.0,1,1,0,1.0,1.0,0.0
2653,0.8757769,0.85758704,-0.018189860000000002,0.87075275,0.84476733,-0.025985419999999926,0.8875,0.8875,0.0,0.0,0.0,0.0,0.0,0.0,0.0,0.0,0.0,0.0,1,1,0,0.8757769249999999,0.857587131,-0.01818979399999998
2654,0.9171672,0.87313217,-0.044035029999999975,0.88166744,0.8187603,-0.06290713999999997,1.0,1.0,0.0,0.0,0.0,0.0,0.0,0.0,0.0,0.0,0.0,0.0,1,1,0,0.917167208,0.8731322099999999,-0.0440349980000001
2655,0.79381484,0.8752052,0.08139036,0.80723554,0.8967218,0.08948626000000004,0.7625,0.825,0.0625,0.0,0.0,0.0,0.0,0.0,0.0,0.0,0.0,0.0,1,1,0,0.793814878,0.8752052599999999,0.08139038199999993
2656,1.0,1.0,0.0,1.0,1.0,0.0,1.0,1.0,0.0,0.0,0.0,0.0,0.0,0.0,0.0,0.0,0.0,0.0,1,1,0,1.0,1.0,0.0
2657,1.0,1.0,0.0,1.0,1.0,0.0,1.0,1.0,0.0,0.0,0.0,0.0,0.0,0.0,0.0,0.0,0.0,0.0,1,1,0,1.0,1.0,0.0
2658,0.93491143,0.93491143,0.0,0.9873735,0.9873735,0.0,0.8125,0.8125,0.0,0.0,0.0,0.0,0.0,0.0,0.0,0.0,0.0,0.0,1,1,0,0.93491145,0.93491145,0.0
2659,0.8486454,0.8986046,0.04995919999999998,0.8319934,0.88729215,0.05529874999999995,0.8875,0.925,0.03750000000000009,0.0,0.0,0.0,0.0,0.0,0.0,0.0,0.0,0.0,1,1,0,0.8486453799999999,0.898604505,0.049959125000000104
2660,0.8950283,0.9300454,0.03501710000000002,0.96254045,0.9000649,-0.062475550000000046,0.7375,1.0,0.26249999999999996,0.0,0.0,0.0,0.0,0.0,0.0,0.0,0.0,0.0,1,1,0,0.895028315,0.9300454299999998,0.03501711499999982
2661,0.9325,0.8819558,-0.05054420000000004,0.99999994,0.890294,-0.10970594,0.77500004,0.8625,0.08749996000000004,0.0,0.0,0.0,0.0,0.0,0.0,0.0,0.0,0.0,1,1,0,0.9324999700000001,0.8819558000000001,-0.05054417
2662,1.0,1.0,0.0,1.0,1.0,0.0,1.0,1.0,0.0,0.0,0.0,0.0,0.0,0.0,0.0,0.0,0.0,0.0,1,1,0,1.0,1.0,0.0
2663,0.8176028,0.870896,0.05329320000000004,0.868004,0.8798514,0.011847399999999952,0.7,0.85,0.15000000000000002,0.0,0.0,0.0,0.0,0.0,0.0,0.0,0.0,0.0,1,1,0,0.8176028,0.8708959799999999,0.05329317999999994
2664,0.8438902,0.9126116,0.06872139999999993,0.8252002,0.8751593,0.04995909999999992,0.8875,1.0,0.11250000000000004,0.0,0.0,0.0,0.0,0.0,0.0,0.0,0.0,0.0,1,1,0,0.84389014,0.9126115099999998,0.06872136999999989
2665,0.97375005,1.0,0.026249949999999966,1.0,1.0,0.0,0.9125,1.0,0.08750000000000002,0.0,0.0,0.0,0.0,0.0,0.0,0.0,0.0,0.0,1,1,0,0.9737499999999999,1.0,0.026250000000000107
2666,0.96250004,1.0,0.03749996,1.0,1.0,0.0,0.875,1.0,0.125,0.0,0.0,0.0,0.0,0.0,0.0,0.0,0.0,0.0,1,1,0,0.9624999999999999,1.0,0.03750000000000009
2667,0.90049803,0.0,-0.90049803,0.8578543,0.72149944,-0.13635485999999997,1.0,0.99999994,-5.999999996841865e-08,0.0,1.0,1.0,0.0,1.0,1.0,0.0,0.0,0.0,1,0,-1,0.90049801,0.80504959,-0.09544841999999998
2668,0.86278737,0.9232273,0.06043992999999992,0.8896962,0.92782474,0.03812853999999999,0.8,0.9125,0.11249999999999993,0.0,0.0,0.0,0.0,0.0,0.0,0.0,0.0,0.0,1,1,0,0.86278734,0.9232273179999999,0.060439977999999894
2669,1.0,1.0,0.0,1.0,1.0,0.0,1.0,1.0,0.0,0.0,0.0,0.0,0.0,0.0,0.0,0.0,0.0,0.0,1,1,0,1.0,1.0,0.0
2670,0.8933267,0.9593205,0.06599379999999999,0.8690381,0.9418864,0.07284829999999998,0.95,1.0,0.050000000000000044,0.0,0.0,0.0,0.0,0.0,0.0,0.0,0.0,0.0,1,1,0,0.89332667,0.9593204799999999,0.06599380999999993
2671,0.8700113,0.93843955,0.06842824999999997,0.95358765,0.9602709,0.0066832500000000294,0.675,0.8875,0.2124999999999999,0.0,0.0,0.0,0.0,0.0,0.0,0.0,0.0,0.0,1,1,0,0.8700113549999999,0.93843963,0.06842827500000004
2672,1.0,1.0,0.0,1.0,1.0,0.0,1.0,1.0,0.0,0.0,0.0,0.0,0.0,0.0,0.0,0.0,0.0,0.0,1,1,0,1.0,1.0,0.0
2673,0.0,0.94869137,0.94869137,0.7529061,0.97491634,0.22201024000000003,0.8846154,0.8875,0.002884599999999904,1.0,0.0,-1.0,1.0,0.0,-1.0,0.0,0.0,0.0,0,1,1,0.79241889,0.948691438,0.156272548
2674,0.85574895,0.9097902,0.05404125000000004,0.79392713,0.87112886,0.07720172999999997,1.0,1.0,0.0,0.0,0.0,0.0,0.0,0.0,0.0,0.0,0.0,0.0,1,1,0,0.855748991,0.9097902019999999,0.05404121099999992
2675,0.96624994,0.92935944,-0.03689049999999994,0.99999994,0.899085,-0.10091494000000001,0.8875,1.0,0.11250000000000004,0.0,0.0,0.0,0.0,0.0,0.0,0.0,0.0,0.0,1,1,0,0.966249958,0.9293594999999999,-0.036890458000000126
2676,0.9476585,0.921416,-0.026242499999999946,0.92522633,0.88773715,-0.03748918000000001,1.0,1.0,0.0,0.0,0.0,0.0,0.0,0.0,0.0,0.0,0.0,0.0,1,1,0,0.947658431,0.921416005,-0.02624242600000004
2677,0.95874995,1.0,0.04125005000000004,1.0,1.0,0.0,0.8625,1.0,0.13749999999999996,0.0,0.0,0.0,0.0,0.0,0.0,0.0,0.0,0.0,1,1,0,0.95875,1.0,0.04125000000000001
2678,0.87408584,0.90425533,0.03016949000000002,0.8683368,0.9489361,0.08059929999999993,0.8875,0.8,-0.08749999999999991,0.0,0.0,0.0,0.0,0.0,0.0,0.0,0.0,0.0,1,1,0,0.8740857599999999,0.9042552699999999,0.03016951000000001
2679,0.96999997,1.0,0.030000029999999955,1.0,1.0,0.0,0.90000004,1.0,0.09999996,0.0,0.0,0.0,0.0,0.0,0.0,0.0,0.0,0.0,1,1,0,0.970000012,1.0,0.029999988000000033
2680,0.98645383,1.0,0.013546170000000024,0.9806483,1.0000001,0.01935180000000003,1.0,1.0,0.0,0.0,0.0,0.0,0.0,0.0,0.0,0.0,0.0,0.0,1,1,0,0.98645381,1.00000007,0.013546260000000032
2681,0.2801696,0.2801696,0.0,0.019885177,0.019885177,0.0,0.8875,0.8875,0.0,0.0,0.0,0.0,0.0,0.0,0.0,0.0,0.0,0.0,1,1,0,0.2801696239,0.2801696239,0.0
2682,0.838122,0.95125,0.113128,0.98838854,1.0,0.011611460000000018,0.4875,0.83750004,0.35000004,0.0,0.0,0.0,0.0,0.0,0.0,0.0,0.0,0.0,1,1,0,0.838121978,0.9512500119999999,0.11312803399999993
2683,1.0,1.0,0.0,1.0,1.0,0.0,1.0,1.0,0.0,0.0,0.0,0.0,0.0,0.0,0.0,0.0,0.0,0.0,1,1,0,1.0,1.0,0.0
2684,1.0,1.0,0.0,1.0,1.0,0.0,1.0,1.0,0.0,0.0,0.0,0.0,0.0,0.0,0.0,0.0,0.0,0.0,1,1,0,1.0,1.0,0.0
2685,0.9496605,0.95500004,0.0053395400000000315,0.92808634,1.0,0.07191365999999999,1.0,0.85,-0.15000000000000002,0.0,0.0,0.0,0.0,0.0,0.0,0.0,0.0,0.0,1,1,0,0.949660438,0.955,0.005339561999999964
2686,0.0,0.0,0.0,1.0,1.0,0.0,0.0,1.0,1.0,1.0,1.0,0.0,1.0,1.0,0.0,0.0,0.0,0.0,0,0,0,0.7,1.0,0.30000000000000004
2687,0.0,0.0,0.0,1.0,1.0,0.0,1.0,1.0,0.0,2.0,2.0,0.0,1.0,1.0,0.0,0.0,0.0,0.0,0,0,0,1.0,1.0,0.0
2688,1.0,1.0,0.0,1.0,1.0,0.0,1.0,1.0,0.0,0.0,0.0,0.0,0.0,0.0,0.0,0.0,0.0,0.0,1,1,0,1.0,1.0,0.0
2689,0.76750004,0.9014265,0.13392645999999997,1.0,0.9127522,-0.08724779999999999,0.22500001,0.875,0.64999999,0.0,0.0,0.0,0.0,0.0,0.0,0.0,0.0,0.0,1,1,0,0.767500003,0.9014265399999999,0.1339265369999999
2690,0.87404346,0.9384079,0.06436443999999997,0.85220486,0.9120112,0.05980634000000007,0.925,1.0,0.07499999999999996,0.0,0.0,0.0,0.0,0.0,0.0,0.0,0.0,0.0,1,1,0,0.8740434019999999,0.93840784,0.06436443800000013
2691,1.0,1.0,0.0,1.0,1.0,0.0,1.0,1.0,0.0,0.0,0.0,0.0,0.0,0.0,0.0,0.0,0.0,0.0,1,1,0,1.0,1.0,0.0
2692,0.8830868,0.8594021,-0.023684700000000003,0.88655245,0.7991458,-0.08740665000000003,0.875,1.0,0.125,0.0,0.0,0.0,0.0,0.0,0.0,0.0,0.0,0.0,1,1,0,0.8830867149999999,0.8594020599999999,-0.023684655000000054
2693,1.0,1.0,0.0,1.0,1.0,0.0,1.0,1.0,0.0,0.0,0.0,0.0,0.0,0.0,0.0,0.0,0.0,0.0,1,1,0,1.0,1.0,0.0
2694,0.84482145,0.8173815,-0.02743994999999999,0.87474495,0.7873307,-0.08741424999999992,0.77500004,0.8875,0.11249995999999995,0.0,0.0,0.0,0.0,0.0,0.0,0.0,0.0,0.0,1,1,0,0.844821477,0.8173814899999999,-0.027439987000000055
2695,0.8965889,0.9132328,0.016643899999999934,0.93798405,0.87604684,-0.061937209999999965,0.8,1.0,0.19999999999999996,0.0,0.0,0.0,0.0,0.0,0.0,0.0,0.0,0.0,1,1,0,0.896588835,0.913232788,0.01664395299999999
2696,1.0,1.0,0.0,1.0,1.0,0.0,1.0,1.0,0.0,0.0,0.0,0.0,0.0,0.0,0.0,0.0,0.0,0.0,1,1,0,1.0,1.0,0.0
2697,1.0,1.0,0.0,0.99999994,0.99999994,0.0,1.0,1.0,0.0,0.0,0.0,0.0,0.0,0.0,0.0,0.0,0.0,0.0,1,1,0,0.9999999580000001,0.9999999580000001,0.0
2698,0.9145436,0.94812787,0.03358426999999997,0.8779195,0.9258969,0.04797740000000006,1.0,1.0,0.0,0.0,0.0,0.0,0.0,0.0,0.0,0.0,0.0,0.0,1,1,0,0.9145436499999999,0.94812783,0.033584180000000075
2699,0.71153545,0.8248169,0.11328145,0.8718364,0.846167,-0.025669399999999953,0.3375,0.77500004,0.43750004,0.0,0.0,0.0,0.0,0.0,0.0,0.0,0.0,0.0,1,1,0,0.71153548,0.824816912,0.11328143199999996
2700,0.0,1.0,1.0,0.11733092,1.0,0.88266908,0.0,1.0,1.0,1.0,0.0,-1.0,1.0,0.0,-1.0,0.0,0.0,0.0,0,1,1,0.082131644,1.0,0.917868356
2701,0.9069231,0.95782816,0.05090506000000006,0.9152472,0.9397545,0.02450730000000001,0.8875,1.0,0.11250000000000004,0.0,0.0,0.0,0.0,0.0,0.0,0.0,0.0,0.0,1,1,0,0.90692304,0.9578281499999999,0.050905109999999865
2702,0.8967892,0.8954701,-0.0013190999999999065,0.9007702,0.8506715,-0.05009869999999994,0.8875,1.0,0.11250000000000004,0.0,0.0,0.0,0.0,0.0,0.0,0.0,0.0,0.0,1,1,0,0.8967891399999999,0.8954700499999999,-0.0013190899999999672
2703,0.81992716,0.90242714,0.08249998000000003,0.8606101,0.8606101,0.0,0.725,1.0,0.275,0.0,0.0,0.0,0.0,0.0,0.0,0.0,0.0,0.0,1,1,0,0.81992707,0.9024270699999999,0.0824999999999999
2704,0.86125004,1.0,0.13874995999999995,1.0,1.0,0.0,0.5375,1.0,0.4625,0.0,0.0,0.0,0.0,0.0,0.0,0.0,0.0,0.0,1,1,0,0.86125,1.0,0.13875000000000004
2705,0.86983055,0.89614356,0.02631300999999997,0.8622579,0.899848,0.03759009999999996,0.8875,0.8875,0.0,0.0,0.0,0.0,0.0,0.0,0.0,0.0,0.0,0.0,1,1,0,0.86983053,0.8961435999999999,0.02631306999999994
2706,0.7,1.0,0.30000000000000004,1.0,1.0,0.0,0.0,1.0,1.0,0.0,0.0,0.0,0.0,0.0,0.0,0.0,0.0,0.0,1,1,0,0.7,1.0,0.30000000000000004
2707,0.88905793,0.0,-0.88905793,0.90043986,0.16237369,-0.73806617,0.8625,0.14285715,-0.7196428500000001,0.0,0.0,0.0,0.0,0.0,0.0,0.0,1.0,1.0,1,0,-1,0.889057902,0.15651872799999997,-0.732539174
2708,0.91143745,0.918756,0.007318550000000035,0.9216964,0.8839371,-0.03775929999999994,0.8875,1.0,0.11250000000000004,0.0,0.0,0.0,0.0,0.0,0.0,0.0,0.0,0.0,1,1,0,0.9114374799999999,0.9187559699999999,0.007318489999999955
2709,0.9209855,0.891533,-0.029452499999999993,0.9353365,0.8450471,-0.09028939999999996,0.8875,1.0,0.11250000000000004,0.0,0.0,0.0,0.0,0.0,0.0,0.0,0.0,0.0,1,1,0,0.9209855499999999,0.8915329700000001,-0.02945257999999984
2710,1.0,0.96250004,-0.03749996,1.0,1.0,0.0,1.0,0.875,-0.125,0.0,0.0,0.0,0.0,0.0,0.0,0.0,0.0,0.0,1,1,0,1.0,0.9624999999999999,-0.03750000000000009
2711,0.75585353,1.0,0.24414647,0.6512193,0.99999994,0.3487806400000001,1.0,1.0,0.0,0.0,0.0,0.0,0.0,0.0,0.0,0.0,0.0,0.0,1,1,0,0.7558535099999999,0.9999999580000001,0.24414644800000018
2712,0.9524189,0.9368807,-0.015538199999999946,0.932027,0.90982956,-0.022197440000000013,1.0,1.0,0.0,0.0,0.0,0.0,0.0,0.0,0.0,0.0,0.0,0.0,1,1,0,0.9524189000000001,0.9368806919999999,-0.015538208000000164
2713,1.0,1.0,0.0,1.0,1.0,0.0,1.0,1.0,0.0,0.0,0.0,0.0,0.0,0.0,0.0,0.0,0.0,0.0,1,1,0,1.0,1.0,0.0
2714,0.76384544,0.80963707,0.04579162999999997,0.7429935,0.78698146,0.04398796000000005,0.8125,0.8625,0.050000000000000044,0.0,0.0,0.0,0.0,0.0,0.0,0.0,0.0,0.0,1,1,0,0.7638454499999999,0.809637022,0.04579157200000006
2715,0.9057684,0.9653738,0.05960539999999992,0.9135977,0.9505339,0.036936200000000086,0.8875,1.0,0.11250000000000004,0.0,0.0,0.0,0.0,0.0,0.0,0.0,0.0,0.0,1,1,0,0.9057683899999999,0.96537373,0.05960534000000017
2716,0.8743696,0.902595,0.028225400000000067,0.8687423,0.8929928,0.024250500000000064,0.8875,0.925,0.03750000000000009,0.0,0.0,0.0,0.0,0.0,0.0,0.0,0.0,0.0,1,1,0,0.8743696099999999,0.9025949600000001,0.02822535000000015
2717,0.9262554,0.9454746,0.019219200000000103,0.94822204,0.9221066,-0.02611543999999999,0.875,1.0,0.125,0.0,0.0,0.0,0.0,0.0,0.0,0.0,0.0,0.0,1,1,0,0.9262554279999999,0.9454746199999999,0.019219191999999996
2718,0.85015506,0.85172695,0.0015718900000000202,0.88772154,0.83639556,-0.05132597999999999,0.7625,0.8875,0.125,0.0,0.0,0.0,0.0,0.0,0.0,0.0,0.0,0.0,1,1,0,0.850155078,0.851726892,0.0015718139999999492
2719,0.8513531,0.8338936,-0.01745949999999996,0.7876473,0.7627051,-0.024942200000000025,1.0,1.0,0.0,0.0,0.0,0.0,0.0,0.0,0.0,0.0,0.0,0.0,1,1,0,0.85135311,0.8338935699999999,-0.017459540000000162
2720,0.89874995,0.895,-0.003749950000000002,0.99999994,0.99999994,0.0,0.6625,0.65000004,-0.012499959999999977,0.0,0.0,0.0,0.0,0.0,0.0,0.0,0.0,0.0,1,1,0,0.898749958,0.89499997,-0.0037499880000000374
2721,0.96624994,0.9760894,0.009839460000000022,0.99999994,0.965842,-0.03415794000000005,0.8875,1.0,0.11250000000000004,0.0,0.0,0.0,0.0,0.0,0.0,0.0,0.0,0.0,1,1,0,0.966249958,0.9760894,0.009839441999999976
2722,0.8687548,0.82626766,-0.04248714000000009,0.81250674,0.8000252,-0.012481540000000013,1.0,0.8875,-0.11250000000000004,0.0,0.0,0.0,0.0,0.0,0.0,0.0,0.0,0.0,1,1,0,0.8687547179999999,0.82626764,-0.042487077999999956
2723,0.94822216,0.97072214,0.022499979999999975,0.95817447,0.95817447,0.0,0.925,1.0,0.07499999999999996,0.0,0.0,0.0,0.0,0.0,0.0,0.0,0.0,0.0,1,1,0,0.9482221289999999,0.9707221289999999,0.022499999999999964
2724,0.8853922,0.9658758,0.08048359999999999,0.9755603,0.9512511,-0.02430920000000003,0.675,1.0,0.32499999999999996,0.0,0.0,0.0,0.0,0.0,0.0,0.0,0.0,0.0,1,1,0,0.88539221,0.96587577,0.08048356000000001
2725,1.0,1.0,0.0,1.0,1.0,0.0,1.0,1.0,0.0,0.0,0.0,0.0,0.0,0.0,0.0,0.0,0.0,0.0,1,1,0,1.0,1.0,0.0
2726,0.8707512,0.92189926,0.05114806000000005,0.86357313,0.88842756,0.024854429999999983,0.8875,1.0,0.11250000000000004,0.0,0.0,0.0,0.0,0.0,0.0,0.0,0.0,0.0,1,1,0,0.870751191,0.921899292,0.051148101
2727,1.0,1.0,0.0,1.0,1.0,0.0,1.0,1.0,0.0,0.0,0.0,0.0,0.0,0.0,0.0,0.0,0.0,0.0,1,1,0,1.0,1.0,0.0
2728,0.9236905,1.0,0.07630950000000003,0.949915,1.0,0.050085000000000046,0.8625,1.0,0.13749999999999996,0.0,0.0,0.0,0.0,0.0,0.0,0.0,0.0,0.0,1,1,0,0.9236905,1.0,0.07630950000000003
2729,0.9412104,0.90077686,-0.04043353999999999,0.9642291,0.9171812,-0.04704789999999992,0.8875,0.8625,-0.02499999999999991,0.0,0.0,0.0,0.0,0.0,0.0,0.0,0.0,0.0,1,1,0,0.94121037,0.90077684,-0.04043352999999994
2730,0.90508604,0.9037207,-0.0013653399999999927,0.9126229,0.86245805,-0.05016485000000004,0.8875,1.0,0.11250000000000004,0.0,0.0,0.0,0.0,0.0,0.0,0.0,0.0,0.0,1,1,0,0.90508603,0.903720635,-0.0013653949999999915
2731,0.84096205,0.9159665,0.07500445,0.77280295,0.8799522,0.10714924999999997,1.0,1.0,0.0,0.0,0.0,0.0,0.0,0.0,0.0,0.0,0.0,0.0,1,1,0,0.840962065,0.9159665399999999,0.07500447499999985
2732,0.8505289,0.9195094,0.0689805,0.7864698,0.88501346,0.09854366000000003,1.0,1.0,0.0,0.0,0.0,0.0,0.0,0.0,0.0,0.0,0.0,0.0,1,1,0,0.85052886,0.919509422,0.06898056199999991
2733,0.9007198,0.9558633,0.05514350000000001,0.9117427,0.9369476,0.025204899999999975,0.875,1.0,0.125,0.0,0.0,0.0,0.0,0.0,0.0,0.0,0.0,0.0,1,1,0,0.90071989,0.95586332,0.05514342999999999
2734,0.8407885,0.8958468,0.055058300000000004,0.8582692,0.90478104,0.04651184000000008,0.8,0.875,0.07499999999999996,0.0,0.0,0.0,0.0,0.0,0.0,0.0,0.0,0.0,1,1,0,0.84078844,0.895846728,0.05505828800000001
2735,1.0,1.0,0.0,1.0,1.0,0.0,1.0,1.0,0.0,0.0,0.0,0.0,0.0,0.0,0.0,0.0,0.0,0.0,1,1,0,1.0,1.0,0.0
2736,0.9037262,0.8685133,-0.03521289999999999,0.91068023,0.8603761,-0.05030413,0.8875,0.8875,0.0,0.0,0.0,0.0,0.0,0.0,0.0,0.0,0.0,0.0,1,1,0,0.9037261609999999,0.8685132699999999,-0.035212891000000024
2737,0.88362294,0.96999997,0.08637703000000008,0.96231854,1.0000001,0.037681560000000114,0.7,0.90000004,0.20000004000000005,0.0,0.0,0.0,0.0,0.0,0.0,0.0,0.0,0.0,1,1,0,0.8836229779999999,0.970000082,0.0863771040000001
2738,0.949698,1.0,0.05030199999999996,0.92814,1.0,0.07186000000000003,1.0,1.0,0.0,0.0,0.0,0.0,0.0,0.0,0.0,0.0,0.0,0.0,1,1,0,0.9496979999999999,1.0,0.05030200000000007
2739,0.8648077,0.9325096,0.06770190000000009,0.8550824,0.90358514,0.04850273999999999,0.8875,1.0,0.11250000000000004,0.0,0.0,0.0,0.0,0.0,0.0,0.0,0.0,0.0,1,1,0,0.86480768,0.932509598,0.06770191800000003
2740,0.8979808,0.9180611,0.02008029999999994,0.85425824,0.8829443,0.02868606000000007,1.0,1.0,0.0,0.0,0.0,0.0,0.0,0.0,0.0,0.0,0.0,0.0,1,1,0,0.8979807679999998,0.91806101,0.020080242000000137
2741,0.96250004,0.88107187,-0.08142817000000002,1.0,0.8622455,-0.1377545,0.875,0.925,0.050000000000000044,0.0,0.0,0.0,0.0,0.0,0.0,0.0,0.0,0.0,1,1,0,0.9624999999999999,0.8810718499999999,-0.08142815000000003
2742,1.0,1.0,0.0,1.0,1.0,0.0,1.0,1.0,0.0,0.0,0.0,0.0,0.0,0.0,0.0,0.0,0.0,0.0,1,1,0,1.0,1.0,0.0
2743,1.0,1.0,0.0,1.0,1.0,0.0,1.0,1.0,0.0,0.0,0.0,0.0,0.0,0.0,0.0,0.0,0.0,0.0,1,1,0,1.0,1.0,0.0
2744,0.9167506,0.9295255,0.012774900000000033,0.9292866,0.95289356,0.023606960000000066,0.8875,0.875,-0.012499999999999956,0.0,0.0,0.0,0.0,0.0,0.0,0.0,0.0,0.0,1,1,0,0.91675062,0.929525492,0.012774872000000048
2745,0.7686734,0.8538043,0.08513090000000001,0.803462,0.791149,-0.012313000000000018,0.6875,1.0,0.3125,0.0,0.0,0.0,0.0,0.0,0.0,0.0,0.0,0.0,1,1,0,0.7686734,0.8538043,0.08513090000000001
2746,0.8562161,0.86889696,0.012680860000000016,0.8749514,0.8127099,-0.06224150000000006,0.8125,1.0,0.1875,0.0,0.0,0.0,0.0,0.0,0.0,0.0,0.0,0.0,1,1,0,0.85621598,0.86889693,0.012680950000000024
2747,0.7,1.0,0.30000000000000004,1.0,1.0,0.0,0.0,1.0,1.0,0.0,0.0,0.0,0.0,0.0,0.0,0.0,0.0,0.0,1,1,0,0.7,1.0,0.30000000000000004
2748,1.0,1.0,0.0,1.0,1.0,0.0,1.0,1.0,0.0,0.0,0.0,0.0,0.0,0.0,0.0,0.0,0.0,0.0,1,1,0,1.0,1.0,0.0
2749,0.97367746,1.0,0.026322540000000005,0.9623963,1.0,0.03760370000000002,1.0,1.0,0.0,0.0,0.0,0.0,0.0,0.0,0.0,0.0,0.0,0.0,1,1,0,0.9736774099999999,1.0,0.026322590000000146
2750,0.8645758,0.9395758,0.07499999999999996,0.961894,0.961894,0.0,0.6375,0.8875,0.25,0.0,0.0,0.0,0.0,0.0,0.0,0.0,0.0,0.0,1,1,0,0.8645757999999999,0.9395758,0.07500000000000007
2751,0.92883074,0.9301881,0.0013573599999999741,0.9626153,0.9002687,-0.06234659999999992,0.85,1.0,0.15000000000000002,0.0,0.0,0.0,0.0,0.0,0.0,0.0,0.0,0.0,1,1,0,0.92883071,0.9301880899999999,0.0013573799999999636
2752,0.8347602,0.9117996,0.07703940000000009,0.96215737,0.8739995,-0.08815786999999997,0.5375,1.0,0.4625,0.0,0.0,0.0,0.0,0.0,0.0,0.0,0.0,0.0,1,1,0,0.834760159,0.9117996500000001,0.07703949100000007
2753,0.96281,0.99992126,0.03711125999999998,0.9468713,0.9998874,0.05301610000000001,1.0,1.0,0.0,0.0,0.0,0.0,0.0,0.0,0.0,0.0,0.0,0.0,1,1,0,0.9628099099999998,0.9999211799999999,0.03711127000000003
2754,0.89725494,0.9746704,0.0774154600000001,0.90143573,0.9638148,0.06237906999999998,0.8875,1.0,0.11250000000000004,0.0,0.0,0.0,0.0,0.0,0.0,0.0,0.0,0.0,1,1,0,0.8972550109999999,0.97467036,0.07741534900000002
2755,0.8537098,0.9124302,0.058720400000000006,0.92494255,0.87490034,-0.050042209999999976,0.6875,1.0,0.3125,0.0,0.0,0.0,0.0,0.0,0.0,0.0,0.0,0.0,1,1,0,0.8537097849999999,0.912430238,0.05872045300000006
2756,0.0,0.0,0.0,1.0,1.0,0.0,1.0,1.0,0.0,1.0,1.0,0.0,1.0,1.0,0.0,0.0,0.0,0.0,0,0,0,1.0,1.0,0.0
2757,0.8877199,0.8775765,-0.010143400000000025,0.8878143,0.82510924,-0.06270505999999998,0.8875,1.0,0.11250000000000004,0.0,0.0,0.0,0.0,0.0,0.0,0.0,0.0,0.0,1,1,0,0.8877200099999999,0.877576468,-0.010143541999999894
2758,0.96520025,0.91294557,-0.05225468,0.950286,0.87563646,-0.07464954000000001,1.0,1.0,0.0,0.0,0.0,0.0,0.0,0.0,0.0,0.0,0.0,0.0,1,1,0,0.9652002,0.912945522,-0.05225467799999994
2759,1.0,1.0,0.0,1.0,1.0,0.0,1.0,1.0,0.0,0.0,0.0,0.0,0.0,0.0,0.0,0.0,0.0,0.0,1,1,0,1.0,1.0,0.0
2760,0.0,0.0,0.0,1.0,1.0,0.0,0.0,1.0,1.0,1.0,1.0,0.0,1.0,1.0,0.0,0.0,0.0,0.0,0,0,0,0.7,1.0,0.30000000000000004
2761,0.0,0.7677949,0.7677949,0.518354,0.7004213,0.18206730000000004,0.22580644,0.925,0.6991935600000001,0.0,0.0,0.0,0.0,0.0,0.0,1.0,0.0,-1.0,0,1,1,0.43058973199999995,0.76779491,0.33720517800000005
2762,0.8787903,0.9478006,0.06901029999999997,0.9875575,0.92542934,-0.06212815999999999,0.625,1.0,0.375,0.0,0.0,0.0,0.0,0.0,0.0,0.0,0.0,0.0,1,1,0,0.87879025,0.9478005379999999,0.06901028799999986
2763,1.0,1.0,0.0,1.0,1.0,0.0,1.0,1.0,0.0,0.0,0.0,0.0,0.0,0.0,0.0,0.0,0.0,0.0,1,1,0,1.0,1.0,0.0
2764,0.95874995,0.92748815,-0.031261800000000006,1.0,0.949983,-0.05001699999999998,0.8625,0.875,0.012499999999999956,0.0,0.0,0.0,0.0,0.0,0.0,0.0,0.0,0.0,1,1,0,0.95875,0.9274880999999999,-0.031261900000000065
2765,0.85052454,1.0,0.14947546,0.7864636,1.0,0.21353639999999996,1.0,1.0,0.0,0.0,0.0,0.0,0.0,0.0,0.0,0.0,0.0,0.0,1,1,0,0.85052452,1.0,0.14947548
2766,0.84482354,0.8861626,0.04133905999999998,0.87474793,0.8373751,-0.03737282999999991,0.77500004,1.0,0.22499996,0.0,0.0,0.0,0.0,0.0,0.0,0.0,0.0,0.0,1,1,0,0.8448235629999998,0.88616257,0.04133900700000015
2767,0.85410386,0.83130354,-0.022800320000000096,0.8987197,0.8125764,-0.08614330000000003,0.75,0.875,0.125,0.0,0.0,0.0,0.0,0.0,0.0,0.0,0.0,0.0,1,1,0,0.8541037899999999,0.8313034799999999,-0.022800310000000046
2768,0.8281808,0.8355803,0.007399500000000003,0.8349011,0.7972574,-0.03764369999999995,0.8125,0.925,0.11250000000000004,0.0,0.0,0.0,0.0,0.0,0.0,0.0,0.0,0.0,1,1,0,0.8281807699999999,0.83558018,0.007399410000000106
2769,1.0,1.0,0.0,1.0,1.0,0.0,1.0,1.0,0.0,0.0,0.0,0.0,0.0,0.0,0.0,0.0,0.0,0.0,1,1,0,1.0,1.0,0.0
2770,0.97375005,1.0,0.026249949999999966,1.0,1.0,0.0,0.9125,1.0,0.08750000000000002,0.0,0.0,0.0,0.0,0.0,0.0,0.0,0.0,0.0,1,1,0,0.9737499999999999,1.0,0.026250000000000107
2771,0.9114334,0.8907055,-0.02072789999999991,0.9216906,0.843865,-0.07782560000000005,0.8875,1.0,0.11250000000000004,0.0,0.0,0.0,0.0,0.0,0.0,0.0,0.0,0.0,1,1,0,0.9114334199999999,0.8907054999999999,-0.02072792000000001
2772,0.97749996,1.0,0.022500040000000054,1.0,1.0,0.0,0.925,1.0,0.07499999999999996,0.0,0.0,0.0,0.0,0.0,0.0,0.0,0.0,0.0,1,1,0,0.9775,1.0,0.022499999999999964
2773,1.0,1.0,0.0,1.0,1.0,0.0,1.0,1.0,0.0,0.0,0.0,0.0,0.0,0.0,0.0,0.0,0.0,0.0,1,1,0,1.0,1.0,0.0
2774,0.97749996,1.0,0.022500040000000054,1.0,1.0,0.0,0.925,1.0,0.07499999999999996,0.0,0.0,0.0,0.0,0.0,0.0,0.0,0.0,0.0,1,1,0,0.9775,1.0,0.022499999999999964
2775,0.96250004,0.96250004,0.0,1.0,1.0,0.0,0.875,0.875,0.0,0.0,0.0,0.0,0.0,0.0,0.0,0.0,0.0,0.0,1,1,0,0.9624999999999999,0.9624999999999999,0.0
2776,0.7460961,0.83519787,0.08910176999999997,0.80870867,0.79671127,-0.011997400000000047,0.6,0.925,0.32500000000000007,0.0,0.0,0.0,0.0,0.0,0.0,0.0,0.0,0.0,1,1,0,0.746096069,0.835197889,0.08910182
2777,0.8246685,0.8021461,-0.022522400000000053,0.8620265,0.82449436,-0.03753214000000005,0.7375,0.75,0.012499999999999956,0.0,0.0,0.0,0.0,0.0,0.0,0.0,0.0,0.0,1,1,0,0.82466855,0.8021460519999999,-0.022522498000000057
2778,0.8284783,0.8194489,-0.009029399999999965,0.86746895,0.85456985,-0.012899100000000052,0.7375,0.7375,0.0,0.0,0.0,0.0,0.0,0.0,0.0,0.0,0.0,0.0,1,1,0,0.828478265,0.8194488949999998,-0.009029370000000148
2779,0.0,0.0,0.0,0.10576442,0.08388639,-0.021878029999999993,0.0,0.25,0.25,1.0,1.0,0.0,1.0,1.0,0.0,0.0,0.0,0.0,0,0,0,0.074035094,0.133720473,0.05968537900000001
2780,0.8601619,0.86844313,0.008281229999999917,0.84844553,0.81206155,-0.03638397999999998,0.8875,1.0,0.11250000000000004,0.0,0.0,0.0,0.0,0.0,0.0,0.0,0.0,0.0,1,1,0,0.860161871,0.868443085,0.008281214000000037
2781,0.8283302,0.9098465,0.08151629999999999,0.8029718,0.9033521,0.10038029999999998,0.8875,0.925,0.03750000000000009,0.0,0.0,0.0,0.0,0.0,0.0,0.0,0.0,0.0,1,1,0,0.82833026,0.90984647,0.08151620999999998
2782,0.86121464,0.9212276,0.060012960000000004,0.9249495,0.8874679,-0.037481600000000004,0.71250004,1.0,0.28749996,0.0,0.0,0.0,0.0,0.0,0.0,0.0,0.0,0.0,1,1,0,0.861214662,0.9212275299999999,0.06001286799999994
2783,0.925,0.966214,0.04121399999999997,1.0,0.95173436,-0.04826564,0.75,1.0,0.25,0.0,0.0,0.0,0.0,0.0,0.0,0.0,0.0,0.0,1,1,0,0.9249999999999999,0.966214052,0.041214052000000057
2784,0.8417845,0.79220986,-0.04957464,0.8275493,0.7352998,-0.0922495000000001,0.875,0.925,0.050000000000000044,0.0,0.0,0.0,0.0,0.0,0.0,0.0,0.0,0.0,1,1,0,0.8417845100000001,0.79220986,-0.04957465000000005
2785,0.8499741,0.90751725,0.0575431500000001,0.9624629,0.90002465,-0.06243825000000003,0.58750004,0.925,0.33749996000000004,0.0,0.0,0.0,0.0,0.0,0.0,0.0,0.0,0.0,1,1,0,0.8499740419999999,0.9075172549999999,0.05754321299999998
2786,1.0,1.0,0.0,1.0,1.0,0.0,1.0,1.0,0.0,0.0,0.0,0.0,0.0,0.0,0.0,0.0,0.0,0.0,1,1,0,1.0,1.0,0.0
2787,0.0,0.0,0.0,0.033111017,0.01125149,-0.021859527,0.0,1.0,1.0,1.0,1.0,0.0,1.0,1.0,0.0,0.0,0.0,0.0,0,0,0,0.0231777119,0.307876043,0.2846983311
2788,0.83683044,0.7448434,-0.09198703999999991,0.7669006,0.7158477,-0.05105290000000007,1.0,0.8125,-0.1875,0.0,0.0,0.0,0.0,0.0,0.0,0.0,0.0,0.0,1,1,0,0.8368304200000001,0.74484339,-0.09198703000000008
2789,0.9137376,0.91247886,-0.001258740000000036,0.92498225,0.8749697,-0.050012550000000044,0.8875,1.0,0.11250000000000004,0.0,0.0,0.0,0.0,0.0,0.0,0.0,0.0,0.0,1,1,0,0.913737575,0.91247879,-0.0012587849999999845
2790,0.96625006,1.0,0.03374993999999998,1.0,1.0,0.0,0.8875,1.0,0.11250000000000004,0.0,0.0,0.0,0.0,0.0,0.0,0.0,0.0,0.0,1,1,0,0.9662499999999999,1.0,0.03375000000000006
2791,0.0,0.92303115,0.92303115,0.10716608,0.9221873,0.81502122,0.0,0.925,0.925,1.0,0.0,-1.0,1.0,0.0,-1.0,0.0,0.0,0.0,0,1,1,0.07501625599999999,0.9230311099999999,0.848014854
2792,0.91264004,0.90173054,-0.010909500000000016,0.9234143,0.859615,-0.0637993,0.8875,1.0,0.11250000000000004,0.0,0.0,0.0,0.0,0.0,0.0,0.0,0.0,0.0,1,1,0,0.91264001,0.9017305,-0.010909509999999956
2793,0.9015836,0.88905156,-0.012532040000000078,0.9129765,0.93793076,0.024954260000000006,0.875,0.77500004,-0.09999996,0.0,0.0,0.0,0.0,0.0,0.0,0.0,0.0,0.0,1,1,0,0.90158355,0.889051544,-0.01253200600000004
2794,0.95119876,0.9211402,-0.030058560000000067,0.96242684,0.88734317,-0.07508367000000005,0.925,1.0,0.07499999999999996,0.0,0.0,0.0,0.0,0.0,0.0,0.0,0.0,0.0,1,1,0,0.9511987879999999,0.921140219,-0.030058568999999924
2795,0.87249994,0.96624994,0.09375,0.99999994,0.99999994,0.0,0.575,0.8875,0.3125,0.0,0.0,0.0,0.0,0.0,0.0,0.0,0.0,0.0,1,1,0,0.872499958,0.966249958,0.09375
2796,0.95122415,0.9649655,0.013741349999999986,0.96246314,0.94995075,-0.01251239000000004,0.925,1.0,0.07499999999999996,0.0,0.0,0.0,0.0,0.0,0.0,0.0,0.0,0.0,1,1,0,0.951224198,0.964965525,0.01374132699999997
2797,0.8945713,0.9365349,0.04196359999999999,0.8976018,0.90933555,0.011733749999999987,0.8875,1.0,0.11250000000000004,0.0,0.0,0.0,0.0,0.0,0.0,0.0,0.0,0.0,1,1,0,0.89457126,0.9365348849999999,0.04196362499999995
2798,0.989606,1.0,0.010394000000000014,0.9851514,1.0,0.01484859999999999,1.0,1.0,0.0,0.0,0.0,0.0,0.0,0.0,0.0,0.0,0.0,0.0,1,1,0,0.9896059799999999,1.0,0.010394020000000115
2799,0.4295127,1.0,0.5704872999999999,0.22251815,1.0,0.77748185,0.9125,1.0,0.08750000000000002,0.0,0.0,0.0,0.0,0.0,0.0,0.0,0.0,0.0,1,1,0,0.429512705,1.0,0.570487295
2800,1.0,1.0,0.0,1.0,1.0,0.0,1.0,1.0,0.0,0.0,0.0,0.0,0.0,0.0,0.0,0.0,0.0,0.0,1,1,0,1.0,1.0,0.0
2801,0.79132855,0.90660715,0.11527860000000001,0.70189786,0.8665816,0.16468373999999997,1.0,1.0,0.0,0.0,0.0,0.0,0.0,0.0,0.0,0.0,0.0,0.0,1,1,0,0.7913285019999999,0.9066071199999999,0.11527861799999994
2802,0.8150622,0.890103,0.07504080000000002,0.9125889,0.875147,-0.03744190000000003,0.58750004,0.925,0.33749996000000004,0.0,0.0,0.0,0.0,0.0,0.0,0.0,0.0,0.0,1,1,0,0.815062242,0.8901029,0.07504065800000004
2803,0.9531647,0.99066466,0.03749996,0.98666376,0.98666376,0.0,0.875,1.0,0.125,0.0,0.0,0.0,0.0,0.0,0.0,0.0,0.0,0.0,1,1,0,0.953164632,0.9906646319999999,0.03749999999999987
2804,0.8875,0.8875,0.0,1.0,1.0,0.0,0.625,0.625,0.0,0.0,0.0,0.0,0.0,0.0,0.0,0.0,0.0,0.0,1,1,0,0.8875,0.8875,0.0
2805,0.88000005,0.97375005,0.09375,1.0,1.0,0.0,0.6,0.9125,0.3125,0.0,0.0,0.0,0.0,0.0,0.0,0.0,0.0,0.0,1,1,0,0.8799999999999999,0.9737499999999999,0.09375
2806,0.9483305,0.96625006,0.017919560000000057,0.9261865,1.0,0.07381349999999998,1.0,0.8875,-0.11250000000000004,0.0,0.0,0.0,0.0,0.0,0.0,0.0,0.0,0.0,1,1,0,0.9483305499999999,0.9662499999999999,0.01791945000000006
2807,1.0,1.0,0.0,1.0,1.0,0.0,1.0,1.0,0.0,0.0,0.0,0.0,0.0,0.0,0.0,0.0,0.0,0.0,1,1,0,1.0,1.0,0.0
2808,0.98125,0.9032524,-0.0779976,1.0,0.86178917,-0.13821083,0.9375,1.0,0.0625,0.0,0.0,0.0,0.0,0.0,0.0,0.0,0.0,0.0,1,1,0,0.98125,0.903252419,-0.07799758099999998
2809,0.88877374,0.93000805,0.041234309999999996,0.93753386,0.9000115,-0.03752236000000009,0.77500004,1.0,0.22499996,0.0,0.0,0.0,0.0,0.0,0.0,0.0,0.0,0.0,1,1,0,0.888773714,0.9300080499999999,0.041234335999999816
2810,0.939267,1.0,0.06073300000000004,0.9507385,1.0,0.04926149999999996,0.9125,1.0,0.08750000000000002,0.0,0.0,0.0,0.0,0.0,0.0,0.0,0.0,0.0,1,1,0,0.9392669499999999,1.0,0.060733050000000066
2811,0.87324995,0.87324995,0.0,0.8189285,0.8189285,0.0,1.0,1.0,0.0,0.0,0.0,0.0,0.0,0.0,0.0,0.0,0.0,0.0,1,1,0,0.8732499499999999,0.8732499499999999,0.0
2812,0.9400694,0.93892443,-0.001144970000000023,0.96259904,0.91274923,-0.049849809999999994,0.8875,1.0,0.11250000000000004,0.0,0.0,0.0,0.0,0.0,0.0,0.0,0.0,0.0,1,1,0,0.9400693279999999,0.9389244609999998,-0.0011448670000000494
2813,0.9439767,0.95500004,0.011023340000000048,0.97353816,1.0,0.02646183999999996,0.875,0.85,-0.025000000000000022,0.0,0.0,0.0,0.0,0.0,0.0,0.0,0.0,0.0,1,1,0,0.943976712,0.955,0.011023287999999964
2814,0.88766444,0.89244145,0.0047770099999999704,0.93594915,0.84634495,-0.08960420000000002,0.77500004,1.0,0.22499996,0.0,0.0,0.0,0.0,0.0,0.0,0.0,0.0,0.0,1,1,0,0.8876644169999999,0.8924414649999999,0.004777048000000006
2815,0.8958034,0.8340885,-0.06171490000000002,0.89936197,0.811198,-0.08816396999999998,0.8875,0.8875,0.0,0.0,0.0,0.0,0.0,0.0,0.0,0.0,0.0,0.0,1,1,0,0.895803379,0.8340886,-0.061714779
2816,1.0,1.0,0.0,1.0,1.0,0.0,1.0,1.0,0.0,0.0,0.0,0.0,0.0,0.0,0.0,0.0,0.0,0.0,1,1,0,1.0,1.0,0.0
2817,0.97374165,0.93004304,-0.04369860999999997,0.96248806,0.90006155,-0.06242650999999999,1.0,1.0,0.0,0.0,0.0,0.0,0.0,0.0,0.0,0.0,0.0,0.0,1,1,0,0.973741642,0.9300430849999999,-0.04369855700000014
2818,0.96625006,0.91122305,-0.05502700999999999,1.0,0.92139006,-0.07860993999999999,0.8875,0.8875,0.0,0.0,0.0,0.0,0.0,0.0,0.0,0.0,0.0,0.0,1,1,0,0.9662499999999999,0.9112230419999999,-0.055026958000000015
2819,0.97749996,1.0,0.022500040000000054,1.0,1.0,0.0,0.925,1.0,0.07499999999999996,0.0,0.0,0.0,0.0,0.0,0.0,0.0,0.0,0.0,1,1,0,0.9775,1.0,0.022499999999999964
2820,0.9325,0.9576012,0.025101200000000046,1.0,0.98764455,-0.012355450000000046,0.77500004,0.8875,0.11249995999999995,0.0,0.0,0.0,0.0,0.0,0.0,0.0,0.0,0.0,1,1,0,0.932500012,0.9576011849999999,0.02510117299999992
2821,0.97749996,1.0,0.022500040000000054,1.0,1.0,0.0,0.925,1.0,0.07499999999999996,0.0,0.0,0.0,0.0,0.0,0.0,0.0,0.0,0.0,1,1,0,0.9775,1.0,0.022499999999999964
2822,1.0,1.0,0.0,1.0,1.0,0.0,1.0,1.0,0.0,0.0,0.0,0.0,0.0,0.0,0.0,0.0,0.0,0.0,1,1,0,1.0,1.0,0.0
2823,0.0,1.0,1.0,1.0,1.0,0.0,1.0,1.0,0.0,1.0,0.0,-1.0,1.0,0.0,-1.0,0.0,0.0,0.0,0,1,1,1.0,1.0,0.0
2824,1.0,1.0,0.0,1.0,1.0,0.0,1.0,1.0,0.0,0.0,0.0,0.0,0.0,0.0,0.0,0.0,0.0,0.0,1,1,0,1.0,1.0,0.0
2825,1.0,1.0,0.0,0.99999994,0.99999994,0.0,1.0,1.0,0.0,0.0,0.0,0.0,0.0,0.0,0.0,0.0,0.0,0.0,1,1,0,0.9999999580000001,0.9999999580000001,0.0
2826,0.878805,0.93874377,0.05993877000000003,0.87507844,0.9124912,0.037412759999999934,0.8875,1.0,0.11250000000000004,0.0,0.0,0.0,0.0,0.0,0.0,0.0,0.0,0.0,1,1,0,0.878804908,0.9387438399999999,0.05993893199999989
2827,0.97749996,1.0,0.022500040000000054,1.0,1.0,0.0,0.925,1.0,0.07499999999999996,0.0,0.0,0.0,0.0,0.0,0.0,0.0,0.0,0.0,1,1,0,0.9775,1.0,0.022499999999999964
2828,0.90625,1.0,0.09375,1.0,1.0,0.0,0.6875,1.0,0.3125,0.0,0.0,0.0,0.0,0.0,0.0,0.0,0.0,0.0,1,1,0,0.90625,1.0,0.09375
2829,0.96605664,0.99129957,0.025242929999999997,0.9515094,0.98757076,0.03606136000000004,1.0,1.0,0.0,0.0,0.0,0.0,0.0,0.0,0.0,0.0,0.0,0.0,1,1,0,0.9660565799999998,0.991299532,0.02524295200000015
2830,0.83752054,0.90993226,0.07241172000000007,0.9500293,0.8874032,-0.06262610000000002,0.575,0.96250004,0.38750004000000005,0.0,0.0,0.0,0.0,0.0,0.0,0.0,0.0,0.0,1,1,0,0.8375205099999999,0.9099322519999999,0.072411742
2831,0.895,0.994739,0.09973900000000002,1.0,0.9924843,-0.007515700000000014,0.65000004,1.0,0.34999996,0.0,0.0,0.0,0.0,0.0,0.0,0.0,0.0,0.0,1,1,0,0.8950000119999999,0.99473901,0.09973899800000008
2832,1.0,1.0,0.0,1.0,1.0,0.0,1.0,1.0,0.0,0.0,0.0,0.0,0.0,0.0,0.0,0.0,0.0,0.0,1,1,0,1.0,1.0,0.0
2833,0.88097143,0.99505633,0.11408490000000004,0.8299592,0.9929377,0.16297850000000003,1.0,1.0,0.0,0.0,0.0,0.0,0.0,0.0,0.0,0.0,0.0,0.0,1,1,0,0.8809714399999999,0.99505639,0.11408495000000007
2834,0.95500004,0.95500004,0.0,1.0,1.0,0.0,0.85,0.85,0.0,0.0,0.0,0.0,0.0,0.0,0.0,0.0,0.0,0.0,1,1,0,0.955,0.955,0.0
2835,1.0,1.0,0.0,1.0,1.0,0.0,1.0,1.0,0.0,0.0,0.0,0.0,0.0,0.0,0.0,0.0,0.0,0.0,1,1,0,1.0,1.0,0.0
2836,0.9473098,0.91221774,-0.03509205999999998,0.9247283,0.87459666,-0.05013163999999992,1.0,1.0,0.0,0.0,0.0,0.0,0.0,0.0,0.0,0.0,0.0,0.0,1,1,0,0.9473098099999999,0.912217662,-0.035092147999999934
2837,0.96625006,0.9389793,-0.02727076000000006,1.0,0.91282755,-0.08717244999999996,0.8875,1.0,0.11250000000000004,0.0,0.0,0.0,0.0,0.0,0.0,0.0,0.0,0.0,1,1,0,0.9662499999999999,0.938979285,-0.02727071499999989
2838,1.0,1.0,0.0,1.0,1.0,0.0,1.0,1.0,0.0,0.0,0.0,0.0,0.0,0.0,0.0,0.0,0.0,0.0,1,1,0,1.0,1.0,0.0
2839,0.85130787,0.856119,0.004811129999999997,0.835797,0.7944556,-0.04134139999999997,0.8875,1.0,0.11250000000000004,0.0,0.0,0.0,0.0,0.0,0.0,0.0,0.0,0.0,1,1,0,0.8513079,0.8561189199999999,0.004811019999999888
2840,0.96624994,1.0,0.033750060000000026,0.99999994,0.99999994,0.0,0.8875,1.0,0.11250000000000004,0.0,0.0,0.0,0.0,0.0,0.0,0.0,0.0,0.0,1,1,0,0.966249958,0.9999999580000001,0.03375000000000006
2841,1.0,1.0,0.0,1.0,1.0,0.0,1.0,1.0,0.0,0.0,0.0,0.0,0.0,0.0,0.0,0.0,0.0,0.0,1,1,0,1.0,1.0,0.0
2842,0.96625006,0.96250004,-0.0037500200000000206,1.0,1.0,0.0,0.8875,0.875,-0.012499999999999956,0.0,0.0,0.0,0.0,0.0,0.0,0.0,0.0,0.0,1,1,0,0.9662499999999999,0.9624999999999999,-0.003750000000000031
2843,0.8863252,0.930054,0.04372880000000001,0.9501074,0.90007716,-0.050030240000000004,0.7375,1.0,0.26249999999999996,0.0,0.0,0.0,0.0,0.0,0.0,0.0,0.0,0.0,1,1,0,0.88632518,0.930054012,0.043728831999999995
2844,1.0,1.0,0.0,1.0,1.0,0.0,1.0,1.0,0.0,0.0,0.0,0.0,0.0,0.0,0.0,0.0,0.0,0.0,1,1,0,1.0,1.0,0.0
2845,1.0,1.0,0.0,1.0,1.0,0.0,1.0,1.0,0.0,0.0,0.0,0.0,0.0,0.0,0.0,0.0,0.0,0.0,1,1,0,1.0,1.0,0.0
2846,0.96625006,0.9380911,-0.028158960000000066,1.0,0.91155875,-0.08844125000000003,0.8875,1.0,0.11250000000000004,0.0,0.0,0.0,0.0,0.0,0.0,0.0,0.0,0.0,1,1,0,0.9662499999999999,0.9380911249999999,-0.028158875000000028
2847,0.9012852,0.9252124,0.023927200000000037,0.98755026,0.9253034,-0.062246860000000015,0.7,0.925,0.2250000000000001,0.0,0.0,0.0,0.0,0.0,0.0,0.0,0.0,0.0,1,1,0,0.901285182,0.9252123800000001,0.023927198000000094
2848,0.7242389,0.7816171,0.057378199999999935,0.6060555,0.68802446,0.08196895999999998,1.0,1.0,0.0,0.0,0.0,0.0,0.0,0.0,0.0,0.0,0.0,0.0,1,1,0,0.7242388499999999,0.7816171219999999,0.05737827200000001
2849,0.9175,0.0,-0.9175,1.0,0.4993899,-0.5006101000000001,0.725,0.51282054,-0.21217946,0.0,1.0,1.0,0.0,1.0,1.0,0.0,0.0,0.0,1,0,-1,0.9175,0.503419092,-0.41408090799999997
2850,0.93997115,0.92501414,-0.014957009999999937,0.9624588,0.9250202,-0.03743859999999999,0.8875,0.925,0.03750000000000009,0.0,0.0,0.0,0.0,0.0,0.0,0.0,0.0,0.0,1,1,0,0.9399711599999999,0.92501414,-0.014957019999999877
2851,1.0,1.0,0.0,1.0,1.0,0.0,1.0,1.0,0.0,0.0,0.0,0.0,0.0,0.0,0.0,0.0,0.0,0.0,1,1,0,1.0,1.0,0.0
2852,0.9327241,1.0,0.06727590000000006,0.90389156,1.0,0.09610843999999996,1.0,1.0,0.0,0.0,0.0,0.0,0.0,0.0,0.0,0.0,0.0,0.0,1,1,0,0.932724092,1.0,0.06727590800000005
2853,0.85042554,0.95192605,0.10150050999999993,0.78632224,0.9313229,0.14500066,1.0,1.0,0.0,0.0,0.0,0.0,0.0,0.0,0.0,0.0,0.0,0.0,1,1,0,0.8504255679999999,0.9519260299999999,0.10150046199999996
2854,0.88315564,0.9418564,0.05870076000000002,0.8330794,0.91693777,0.08385836999999996,1.0,1.0,0.0,0.0,0.0,0.0,0.0,0.0,0.0,0.0,0.0,0.0,1,1,0,0.8831555799999999,0.9418564389999999,0.058700858999999994
2855,0.9325,1.0,0.0675,1.0,1.0,0.0,0.77500004,1.0,0.22499996,0.0,0.0,0.0,0.0,0.0,0.0,0.0,0.0,0.0,1,1,0,0.932500012,1.0,0.06749998800000001
2856,0.8846885,0.85497993,-0.029708569999999934,0.8834835,0.79282844,-0.09065506000000001,0.8875,1.0,0.11250000000000004,0.0,0.0,0.0,0.0,0.0,0.0,0.0,0.0,0.0,1,1,0,0.88468845,0.854979908,-0.02970854199999995
2857,0.86195374,0.8206652,-0.04128854000000004,0.8510054,0.79737884,-0.05362655999999999,0.8875,0.875,-0.012499999999999956,0.0,0.0,0.0,0.0,0.0,0.0,0.0,0.0,0.0,1,1,0,0.86195378,0.820665188,-0.04128859200000001
2858,1.0,0.9650527,-0.034947300000000014,1.0,0.95007527,-0.04992472999999997,1.0,1.0,0.0,0.0,0.0,0.0,0.0,0.0,0.0,0.0,0.0,0.0,1,1,0,1.0,0.965052689,-0.034947311000000036
2859,0.96250004,0.9850001,0.022500060000000044,1.0,1.0,0.0,0.875,0.95,0.07499999999999996,0.0,0.0,0.0,0.0,0.0,0.0,0.0,0.0,0.0,1,1,0,0.9624999999999999,0.9849999999999999,0.022499999999999964
2860,0.7340856,0.9696154,0.2355298,0.6201223,0.95659345,0.33647114999999994,1.0,1.0,0.0,0.0,0.0,0.0,0.0,0.0,0.0,0.0,0.0,0.0,1,1,0,0.7340856099999999,0.9696154149999998,0.23552980499999987
2861,0.7913792,0.9223375,0.13095830000000008,0.91089886,0.9372678,0.026368940000000007,0.5125,0.8875,0.375,0.0,0.0,0.0,0.0,0.0,0.0,0.0,0.0,0.0,1,1,0,0.7913792019999999,0.9223374599999999,0.13095825800000005
2862,0.9173856,0.9486696,0.03128399999999998,0.96233654,0.9748853,0.012548759999999937,0.8125,0.8875,0.07499999999999996,0.0,0.0,0.0,0.0,0.0,0.0,0.0,0.0,0.0,1,1,0,0.917385578,0.9486697099999999,0.03128413199999991
2863,0.8399672,0.9584452,0.11847799999999997,0.81959605,0.94063586,0.12103980999999997,0.8875,1.0,0.11250000000000004,0.0,0.0,0.0,0.0,0.0,0.0,0.0,0.0,0.0,1,1,0,0.8399672349999999,0.958445102,0.11847786700000007
2864,0.67627615,0.84178257,0.16550642000000004,0.92860883,0.881118,-0.047490830000000095,0.0875,0.75,0.6625,0.0,0.0,0.0,0.0,0.0,0.0,0.0,0.0,0.0,1,1,0,0.676276181,0.8417825999999999,0.16550641899999996
2865,0.0,0.0,0.0,1.0,1.0,0.0,0.0,1.0,1.0,1.0,1.0,0.0,1.0,1.0,0.0,0.0,0.0,0.0,0,0,0,0.7,1.0,0.30000000000000004
2866,0.7321677,0.8442673,0.11209960000000008,0.73523957,0.8257389,0.0904993300000001,0.725,0.8875,0.16249999999999998,0.0,0.0,0.0,0.0,0.0,0.0,0.0,0.0,0.0,1,1,0,0.732167699,0.84426723,0.11209953100000003
2867,0.9462911,0.965157,0.01886589999999999,0.98755866,0.9502243,-0.03733436000000001,0.85,1.0,0.15000000000000002,0.0,0.0,0.0,0.0,0.0,0.0,0.0,0.0,0.0,1,1,0,0.946291062,0.96515701,0.018865947999999966
2868,1.0,1.0,0.0,1.0,1.0,0.0,1.0,1.0,0.0,0.0,0.0,0.0,0.0,0.0,0.0,0.0,0.0,0.0,1,1,0,1.0,1.0,0.0
2869,0.79533947,0.8893372,0.09399773,0.8361992,0.87405306,0.03785386000000002,0.7,0.925,0.2250000000000001,0.0,0.0,0.0,0.0,0.0,0.0,0.0,0.0,0.0,1,1,0,0.7953394399999999,0.889337142,0.09399770200000013
2870,0.85263234,0.92348814,0.07085580000000002,0.8484033,0.9228402,0.07443690000000003,0.8625,0.925,0.0625,0.0,0.0,0.0,0.0,0.0,0.0,0.0,0.0,0.0,1,1,0,0.85263231,0.9234881399999999,0.07085582999999995
2871,0.925,1.0,0.07499999999999996,1.0,1.0,0.0,0.75,1.0,0.25,0.0,0.0,0.0,0.0,0.0,0.0,0.0,0.0,0.0,1,1,0,0.9249999999999999,1.0,0.07500000000000007
2872,0.80424064,0.9154288,0.11118816000000009,0.76855797,0.87918407,0.11062609999999995,0.8875,1.0,0.11250000000000004,0.0,0.0,0.0,0.0,0.0,0.0,0.0,0.0,0.0,1,1,0,0.804240579,0.915428849,0.11118826999999998
2873,0.94375,0.93034333,-0.013406669999999954,1.0,0.9004905,-0.09950950000000003,0.8125,1.0,0.1875,0.0,0.0,0.0,0.0,0.0,0.0,0.0,0.0,0.0,1,1,0,0.94375,0.93034335,-0.013406649999999964
2874,1.0,1.0,0.0,1.0,1.0,0.0,1.0,1.0,0.0,0.0,0.0,0.0,0.0,0.0,0.0,0.0,0.0,0.0,1,1,0,1.0,1.0,0.0
2875,0.8992138,0.89227486,-0.006938939999999949,0.9470911,0.846107,-0.10098409999999991,0.7875,1.0,0.21250000000000002,0.0,0.0,0.0,0.0,0.0,0.0,0.0,0.0,0.0,1,1,0,0.8992137699999999,0.8922749000000001,-0.006938869999999819
2876,0.95500004,0.95500004,0.0,1.0,1.0,0.0,0.85,0.85,0.0,0.0,0.0,0.0,0.0,0.0,0.0,0.0,0.0,0.0,1,1,0,0.955,0.955,0.0
2877,0.92952937,0.96625006,0.03672069,0.95289904,1.0,0.04710095999999997,0.875,0.8875,0.012499999999999956,0.0,0.0,0.0,0.0,0.0,0.0,0.0,0.0,0.0,1,1,0,0.9295293280000001,0.9662499999999999,0.03672067199999984
2878,0.94750005,1.0,0.05249994999999996,1.0,1.0,0.0,0.825,1.0,0.17500000000000004,0.0,0.0,0.0,0.0,0.0,0.0,0.0,0.0,0.0,1,1,0,0.9474999999999999,1.0,0.0525000000000001
2879,0.96625006,1.0,0.03374993999999998,1.0,1.0,0.0,0.8875,1.0,0.11250000000000004,0.0,0.0,0.0,0.0,0.0,0.0,0.0,0.0,0.0,1,1,0,0.9662499999999999,1.0,0.03375000000000006
2880,0.8956869,1.0,0.10431310000000005,0.8509813,1.0,0.14901869999999995,1.0,1.0,0.0,0.0,0.0,0.0,0.0,0.0,0.0,0.0,0.0,0.0,1,1,0,0.89568691,1.0,0.10431309
2881,0.99997056,0.99997056,0.0,0.9999579,0.9999579,0.0,1.0,1.0,0.0,0.0,0.0,0.0,0.0,0.0,0.0,0.0,0.0,0.0,1,1,0,0.9999705299999999,0.9999705299999999,0.0
2882,0.27689567,0.978006,0.7011103300000001,0.020565236,0.96857995,0.9480147139999999,0.875,1.0,0.125,0.0,0.0,0.0,0.0,0.0,0.0,0.0,0.0,0.0,1,1,0,0.27689566520000003,0.9780059649999999,0.7011102997999998
2883,0.8912501,0.96615976,0.07490965999999999,1.0,0.95165676,-0.04834324000000001,0.6375,1.0,0.36250000000000004,0.0,0.0,0.0,0.0,0.0,0.0,0.0,0.0,0.0,1,1,0,0.8912499999999999,0.9661597319999999,0.07490973200000006
2884,0.9536976,1.0,0.046302399999999966,0.96599656,1.0,0.034003439999999996,0.925,1.0,0.07499999999999996,0.0,0.0,0.0,0.0,0.0,0.0,0.0,0.0,0.0,1,1,0,0.9536975919999999,1.0,0.04630240800000007
2885,1.0,1.0,0.0,0.99999994,0.99999994,0.0,1.0,1.0,0.0,0.0,0.0,0.0,0.0,0.0,0.0,0.0,0.0,0.0,1,1,0,0.9999999580000001,0.9999999580000001,0.0
2886,0.8143053,0.8143053,0.0,0.76686466,0.76686466,0.0,0.925,0.925,0.0,0.0,0.0,0.0,0.0,0.0,0.0,0.0,0.0,0.0,1,1,0,0.814305262,0.814305262,0.0
2887,0.96601737,0.9997674,0.033750029999999986,0.9996677,0.9996677,0.0,0.8875,1.0,0.11250000000000004,0.0,0.0,0.0,0.0,0.0,0.0,0.0,0.0,0.0,1,1,0,0.96601739,0.9997673899999999,0.03374999999999995
2888,0.9117355,0.89052504,-0.021210460000000042,0.92212206,0.8436072,-0.07851485999999996,0.8875,1.0,0.11250000000000004,0.0,0.0,0.0,0.0,0.0,0.0,0.0,0.0,0.0,1,1,0,0.9117354419999999,0.89052504,-0.021210401999999906
2889,0.96250004,0.94985545,-0.012644589999999956,1.0,0.98729354,-0.012706459999999975,0.875,0.8625,-0.012499999999999956,0.0,0.0,0.0,0.0,0.0,0.0,0.0,0.0,0.0,1,1,0,0.9624999999999999,0.9498554779999999,-0.012644521999999991
2890,0.9200348,0.9496973,0.029662499999999925,0.88576394,0.9281389,0.04237495999999996,1.0,1.0,0.0,0.0,0.0,0.0,0.0,0.0,0.0,0.0,0.0,0.0,1,1,0,0.9200347579999999,0.94969723,0.02966247200000005
2891,0.8278357,0.86533564,0.03749994000000001,0.97369385,0.97369385,0.0,0.4875,0.6125,0.12500000000000006,0.0,0.0,0.0,0.0,0.0,0.0,0.0,0.0,0.0,1,1,0,0.827835695,0.865335695,0.03749999999999998
2892,0.93185854,0.9029768,-0.02888173999999999,0.9508694,0.8613955,-0.0894739,0.8875,1.0,0.11250000000000004,0.0,0.0,0.0,0.0,0.0,0.0,0.0,0.0,0.0,1,1,0,0.9318585799999999,0.9029768499999999,-0.02888172999999994
2893,1.0,1.0,0.0,1.0,1.0,0.0,1.0,1.0,0.0,0.0,0.0,0.0,0.0,0.0,0.0,0.0,0.0,0.0,1,1,0,1.0,1.0,0.0
2894,0.88089114,0.9579716,0.07708046000000002,0.8834159,0.9881736,0.10475769999999995,0.875,0.8875,0.012499999999999956,0.0,0.0,0.0,0.0,0.0,0.0,0.0,0.0,0.0,1,1,0,0.88089113,0.95797152,0.07708039
2895,0.78982884,0.9323862,0.14255736000000008,0.88189834,0.93555176,0.05365341999999995,0.575,0.925,0.3500000000000001,0.0,0.0,0.0,0.0,0.0,0.0,0.0,0.0,0.0,1,1,0,0.7898288379999999,0.932386232,0.14255739400000011
2896,0.93205434,0.99184895,0.05979460999999997,0.93507767,0.9883557,0.053278029999999976,0.925,1.0,0.07499999999999996,0.0,0.0,0.0,0.0,0.0,0.0,0.0,0.0,0.0,1,1,0,0.932054369,0.9918489899999998,0.05979462099999977
2897,0.8204241,0.9043272,0.08390310000000001,0.77560586,0.8633245,0.08771864000000007,0.925,1.0,0.07499999999999996,0.0,0.0,0.0,0.0,0.0,0.0,0.0,0.0,0.0,1,1,0,0.820424102,0.9043271500000001,0.08390304800000004
2898,0.82724136,0.92896,0.10171863999999997,0.8014162,0.9253001,0.12388389999999994,0.8875,0.9375,0.050000000000000044,0.0,0.0,0.0,0.0,0.0,0.0,0.0,0.0,0.0,1,1,0,0.8272413399999999,0.9289600699999999,0.10171872999999998
2899,0.8561512,0.84361786,-0.012533339999999948,0.8748588,0.8248112,-0.05004760000000008,0.8125,0.8875,0.07499999999999996,0.0,0.0,0.0,0.0,0.0,0.0,0.0,0.0,0.0,1,1,0,0.85615116,0.84361784,-0.01253332000000007
2900,0.9164147,0.89288276,-0.02353194000000003,0.93952096,0.8791182,-0.06040276,0.8625,0.925,0.0625,0.0,0.0,0.0,0.0,0.0,0.0,0.0,0.0,0.0,1,1,0,0.9164146719999999,0.8928827399999999,-0.023531932000000033
2901,1.0,1.0,0.0,0.99999994,0.99999994,0.0,1.0,1.0,0.0,0.0,0.0,0.0,0.0,0.0,0.0,0.0,0.0,0.0,1,1,0,0.9999999580000001,0.9999999580000001,0.0
2902,0.6999272,0.86117715,0.16124994999999998,0.9302531,0.9302531,0.0,0.16250001,0.7,0.5374999899999999,0.0,0.0,0.0,0.0,0.0,0.0,0.0,0.0,0.0,1,1,0,0.699927173,0.8611771699999999,0.16124999699999998
2903,0.8512174,0.83375114,-0.017466260000000067,0.7874534,0.76250154,-0.024951859999999937,1.0,1.0,0.0,0.0,0.0,0.0,0.0,0.0,0.0,0.0,0.0,0.0,1,1,0,0.85121738,0.8337510779999999,-0.0174663020000001
2904,1.0,1.0,0.0,1.0,1.0,0.0,1.0,1.0,0.0,0.0,0.0,0.0,0.0,0.0,0.0,0.0,0.0,0.0,1,1,0,1.0,1.0,0.0
2905,0.0,0.0,0.0,1.0,1.0,0.0,0.0,1.0,1.0,1.0,1.0,0.0,1.0,1.0,0.0,0.0,0.0,0.0,0,0,0,0.7,1.0,0.30000000000000004
2906,0.9608628,0.929892,-0.030970799999999965,0.9762326,0.89984566,-0.07638694000000001,0.925,1.0,0.07499999999999996,0.0,0.0,0.0,0.0,0.0,0.0,0.0,0.0,0.0,1,1,0,0.96086282,0.9298919619999999,-0.0309708580000001
2907,0.85,0.96625006,0.11625006000000004,1.0,1.0,0.0,0.5,0.8875,0.38749999999999996,0.0,0.0,0.0,0.0,0.0,0.0,0.0,0.0,0.0,1,1,0,0.85,0.9662499999999999,0.11624999999999996
2908,0.7994594,0.8270387,0.027579299999999973,0.91172767,0.92434096,0.01261329,0.5375,0.6,0.0625,0.0,0.0,0.0,0.0,0.0,0.0,0.0,0.0,0.0,1,1,0,0.7994593689999999,0.827038672,0.02757930300000011
2909,0.94,0.0,-0.94,1.0,1.0,0.0,0.8,1.0,0.19999999999999996,0.0,1.0,1.0,0.0,1.0,1.0,0.0,0.0,0.0,1,0,-1,0.94,1.0,0.06000000000000005
2910,0.95500004,1.0,0.04499995999999995,1.0,1.0,0.0,0.85,1.0,0.15000000000000002,0.0,0.0,0.0,0.0,0.0,0.0,0.0,0.0,0.0,1,1,0,0.955,1.0,0.04500000000000004
2911,0.8560772,0.9198273,0.06375010000000003,0.97653896,0.97653896,0.0,0.575,0.7875,0.21250000000000002,0.0,0.0,0.0,0.0,0.0,0.0,0.0,0.0,0.0,1,1,0,0.856077272,0.9198272719999999,0.06374999999999997
2912,0.939933,0.91220707,-0.02772593000000001,0.96240425,0.8745815,-0.08782274999999995,0.8875,1.0,0.11250000000000004,0.0,0.0,0.0,0.0,0.0,0.0,0.0,0.0,0.0,1,1,0,0.939932975,0.9122070499999999,-0.02772592500000004
2913,0.6081371,0.39588675,-0.21225034999999998,0.8687672,0.1369811,-0.7317861,0.0,1.0,1.0,0.0,0.0,0.0,0.0,0.0,0.0,0.0,0.0,0.0,1,1,0,0.6081370399999999,0.39588677,-0.2122502699999999
2914,1.0,1.0,0.0,1.0,1.0,0.0,1.0,1.0,0.0,0.0,0.0,0.0,0.0,0.0,0.0,0.0,0.0,0.0,1,1,0,1.0,1.0,0.0
2915,0.86166304,0.8936842,0.03202115999999999,0.8345187,0.8481202,0.013601500000000044,0.925,1.0,0.07499999999999996,0.0,0.0,0.0,0.0,0.0,0.0,0.0,0.0,0.0,1,1,0,0.86166309,0.89368414,0.032021049999999995
2916,0.938533,0.96188956,0.02335656000000008,0.91218996,0.9455565,0.033366540000000056,1.0,1.0,0.0,0.0,0.0,0.0,0.0,0.0,0.0,0.0,0.0,0.0,1,1,0,0.938532972,0.96188955,0.023356578000000017
2917,0.96625006,0.93625003,-0.030000030000000066,1.0,1.0,0.0,0.8875,0.7875,-0.09999999999999998,0.0,0.0,0.0,0.0,0.0,0.0,0.0,0.0,0.0,1,1,0,0.9662499999999999,0.9362499999999999,-0.030000000000000027
2918,0.8419995,0.91644377,0.07444426999999998,0.8064278,0.8806339,0.07420609999999994,0.925,1.0,0.07499999999999996,0.0,0.0,0.0,0.0,0.0,0.0,0.0,0.0,0.0,1,1,0,0.84199946,0.9164437299999999,0.07444426999999987
2919,0.8875,0.983215,0.095715,1.0,0.9760214,-0.02397859999999996,0.625,1.0,0.375,0.0,0.0,0.0,0.0,0.0,0.0,0.0,0.0,0.0,1,1,0,0.8875,0.9832149800000001,0.09571498000000012
2920,1.0,1.0,0.0,1.0,1.0,0.0,1.0,1.0,0.0,0.0,0.0,0.0,0.0,0.0,0.0,0.0,0.0,0.0,1,1,0,1.0,1.0,0.0
2921,0.86634886,0.8851399,0.01879103999999998,0.93764126,0.9001997,-0.037441559999999985,0.7,0.85,0.15000000000000002,0.0,0.0,0.0,0.0,0.0,0.0,0.0,0.0,0.0,1,1,0,0.8663488819999999,0.88513979,0.01879090800000005
2922,0.7277431,0.88655514,0.15881204000000004,0.6485615,0.83793586,0.18937435999999996,0.9125,1.0,0.08750000000000002,0.0,0.0,0.0,0.0,0.0,0.0,0.0,0.0,0.0,1,1,0,0.72774305,0.886555102,0.15881205200000004
2923,0.86499995,1.0,0.13500005000000004,1.0,1.0,0.0,0.55,1.0,0.44999999999999996,0.0,0.0,0.0,0.0,0.0,0.0,0.0,0.0,0.0,1,1,0,0.865,1.0,0.135
2924,0.97749996,0.9977709,0.02027094000000007,1.0,0.9968155,-0.0031845000000000345,0.925,1.0,0.07499999999999996,0.0,0.0,0.0,0.0,0.0,0.0,0.0,0.0,0.0,1,1,0,0.9775,0.99777085,0.02027084999999995
2925,1.0,1.0,0.0,0.99999994,0.99999994,0.0,1.0,1.0,0.0,0.0,0.0,0.0,0.0,0.0,0.0,0.0,0.0,0.0,1,1,0,0.9999999580000001,0.9999999580000001,0.0
2926,1.0,1.0,0.0,1.0,1.0,0.0,1.0,1.0,0.0,0.0,0.0,0.0,0.0,0.0,0.0,0.0,0.0,0.0,1,1,0,1.0,1.0,0.0
2927,1.0,1.0,0.0,1.0,1.0,0.0,1.0,1.0,0.0,0.0,0.0,0.0,0.0,0.0,0.0,0.0,0.0,0.0,1,1,0,1.0,1.0,0.0
2928,0.91364425,0.93305695,0.01941269999999995,0.8766346,0.904367,0.02773239999999999,1.0,1.0,0.0,0.0,0.0,0.0,0.0,0.0,0.0,0.0,0.0,0.0,1,1,0,0.9136442199999999,0.9330569,0.01941268000000007
2929,0.91755927,0.9363093,0.018750029999999973,0.96258456,0.96258456,0.0,0.8125,0.875,0.0625,0.0,0.0,0.0,0.0,0.0,0.0,0.0,0.0,0.0,1,1,0,0.917559192,0.936309192,0.018749999999999933
2930,0.9488558,0.9216942,-0.027161600000000008,0.9751512,0.88813454,-0.08701665999999997,0.8875,1.0,0.11250000000000004,0.0,0.0,0.0,0.0,0.0,0.0,0.0,0.0,0.0,1,1,0,0.9488558399999999,0.9216941779999999,-0.02716166200000003
2931,0.9099132,0.89863235,-0.011280850000000009,0.9623759,0.8873319,-0.075044,0.7875,0.925,0.13750000000000007,0.0,0.0,0.0,0.0,0.0,0.0,0.0,0.0,0.0,1,1,0,0.9099131299999998,0.8986323299999999,-0.01128079999999998
2932,0.97749996,1.0,0.022500040000000054,1.0,1.0,0.0,0.925,1.0,0.07499999999999996,0.0,0.0,0.0,0.0,0.0,0.0,0.0,0.0,0.0,1,1,0,0.9775,1.0,0.022499999999999964
2933,0.8518438,0.84148216,-0.01036164000000006,0.7883482,0.77354604,-0.014802160000000009,1.0,1.0,0.0,0.0,0.0,0.0,0.0,0.0,0.0,0.0,0.0,0.0,1,1,0,0.8518437400000001,0.841482228,-0.010361512000000017
2934,0.90139526,0.9218506,0.020455339999999933,0.9877074,0.88835794,-0.09934946,0.7,1.0,0.30000000000000004,0.0,0.0,0.0,0.0,0.0,0.0,0.0,0.0,0.0,1,1,0,0.90139518,0.921850558,0.02045537800000008
2935,1.0,1.0,0.0,1.0,1.0,0.0,1.0,1.0,0.0,0.0,0.0,0.0,0.0,0.0,0.0,0.0,0.0,0.0,1,1,0,1.0,1.0,0.0
2936,0.97749996,1.0,0.022500040000000054,1.0,1.0,0.0,0.925,1.0,0.07499999999999996,0.0,0.0,0.0,0.0,0.0,0.0,0.0,0.0,0.0,1,1,0,0.9775,1.0,0.022499999999999964
2937,0.8356725,0.93045473,0.09478222999999997,0.8509607,0.9006496,0.049688900000000036,0.8,1.0,0.19999999999999996,0.0,0.0,0.0,0.0,0.0,0.0,0.0,0.0,0.0,1,1,0,0.83567249,0.93045472,0.09478222999999997
2938,0.0,0.96625006,0.96625006,1.0,1.0,0.0,0.6666667,0.8875,0.2208333,1.0,0.0,-1.0,1.0,0.0,-1.0,0.0,0.0,0.0,0,1,1,0.90000001,0.9662499999999999,0.06624998999999998
2939,0.86177313,0.9095524,0.04777927000000004,0.80253303,0.87078905,0.06825601999999997,1.0,1.0,0.0,0.0,0.0,0.0,0.0,0.0,0.0,0.0,0.0,0.0,1,1,0,0.8617731209999999,0.9095523349999999,0.04777921399999996
2940,0.96625006,1.0,0.03374993999999998,1.0,1.0,0.0,0.8875,1.0,0.11250000000000004,0.0,0.0,0.0,0.0,0.0,0.0,0.0,0.0,0.0,1,1,0,0.9662499999999999,1.0,0.03375000000000006
2941,1.0,0.9959505,-0.004049500000000039,1.0,0.994215,-0.00578500000000004,1.0,1.0,0.0,0.0,0.0,0.0,0.0,0.0,0.0,0.0,0.0,0.0,1,1,0,1.0,0.9959505,-0.004049500000000039
2942,0.9213299,0.9388334,0.017503500000000005,0.8876142,0.9126191,0.025004899999999997,1.0,1.0,0.0,0.0,0.0,0.0,0.0,0.0,0.0,0.0,0.0,0.0,1,1,0,0.9213299399999999,0.93883337,0.017503430000000098
2943,0.94375,1.0,0.05625000000000002,1.0,1.0,0.0,0.8125,1.0,0.1875,0.0,0.0,0.0,0.0,0.0,0.0,0.0,0.0,0.0,1,1,0,0.94375,1.0,0.05625000000000002
2944,0.8534735,0.9083719,0.054898400000000014,0.8228192,0.86910284,0.04628364000000007,0.925,1.0,0.07499999999999996,0.0,0.0,0.0,0.0,0.0,0.0,0.0,0.0,0.0,1,1,0,0.8534734399999999,0.9083719880000001,0.05489854800000016
2945,0.9489849,0.99409276,0.04510786,0.92712134,0.9915611,0.06443975999999996,1.0,1.0,0.0,0.0,0.0,0.0,0.0,0.0,0.0,0.0,0.0,0.0,1,1,0,0.948984938,0.99409277,0.045107832000000014
2946,0.94375,0.9645403,0.02079030000000004,1.0,0.9493433,-0.0506567,0.8125,1.0,0.1875,0.0,0.0,0.0,0.0,0.0,0.0,0.0,0.0,0.0,1,1,0,0.94375,0.9645403099999998,0.020790309999999868
2947,0.6778721,0.84878415,0.17091204999999998,0.64696014,0.8161202,0.16916005999999995,0.75,0.925,0.17500000000000004,0.0,0.0,0.0,0.0,0.0,0.0,0.0,0.0,0.0,1,1,0,0.6778720979999999,0.84878414,0.1709120420000001
2948,0.97749996,1.0,0.022500040000000054,1.0,1.0,0.0,0.925,1.0,0.07499999999999996,0.0,0.0,0.0,0.0,0.0,0.0,0.0,0.0,0.0,1,1,0,0.9775,1.0,0.022499999999999964
2949,1.0,1.0,0.0,1.0,1.0,0.0,1.0,1.0,0.0,0.0,0.0,0.0,0.0,0.0,0.0,0.0,0.0,0.0,1,1,0,1.0,1.0,0.0
2950,0.93543285,0.9684828,0.033049949999999995,0.9077611,0.9549754,0.04721430000000004,1.0,1.0,0.0,0.0,0.0,0.0,0.0,0.0,0.0,0.0,0.0,0.0,1,1,0,0.93543277,0.96848278,0.03305000999999996
2951,0.93625003,0.9115283,-0.024721729999999997,1.0,0.87361187,-0.12638813000000004,0.7875,1.0,0.21250000000000002,0.0,0.0,0.0,0.0,0.0,0.0,0.0,0.0,0.0,1,1,0,0.9362499999999999,0.9115283089999999,-0.02472169099999999
2952,0.8120309,0.8699972,0.057966300000000026,0.85468704,0.8678532,0.013166160000000038,0.71250004,0.875,0.16249996,0.0,0.0,0.0,0.0,0.0,0.0,0.0,0.0,0.0,1,1,0,0.8120309399999999,0.86999724,0.05796630000000014
2953,0.8999699,0.91368026,0.013710360000000033,0.9374569,0.9249004,-0.012556500000000081,0.8125,0.8875,0.07499999999999996,0.0,0.0,0.0,0.0,0.0,0.0,0.0,0.0,0.0,1,1,0,0.89996983,0.9136802799999999,0.01371044999999993
2954,0.96625006,1.0,0.03374993999999998,1.0,1.0,0.0,0.8875,1.0,0.11250000000000004,0.0,0.0,0.0,0.0,0.0,0.0,0.0,0.0,0.0,1,1,0,0.9662499999999999,1.0,0.03375000000000006
2955,0.0,0.0,0.0,1.0,1.0,0.0,0.99999994,0.99999994,0.0,1.0,0.0,-1.0,1.0,1.0,0.0,0.0,0.0,0.0,0,0,0,0.999999982,0.999999982,0.0
2956,0.8931419,0.82300776,-0.07013414000000007,0.90091705,0.80072546,-0.10019159,0.875,0.875,0.0,0.0,0.0,0.0,0.0,0.0,0.0,0.0,0.0,0.0,1,1,0,0.893141935,0.8230078219999999,-0.07013411300000016
2957,0.9329443,0.9307666,-0.002177699999999949,0.9631347,0.9010951,-0.06203959999999997,0.8625,1.0,0.13749999999999996,0.0,0.0,0.0,0.0,0.0,0.0,0.0,0.0,0.0,1,1,0,0.93294429,0.9307665700000001,-0.0021777199999999386
2958,1.0,1.0,0.0,1.0,1.0,0.0,1.0,1.0,0.0,0.0,0.0,0.0,0.0,0.0,0.0,0.0,0.0,0.0,1,1,0,1.0,1.0,0.0
2959,0.98891276,0.98891276,0.0,0.98416114,0.98416114,0.0,1.0,1.0,0.0,0.0,0.0,0.0,0.0,0.0,0.0,0.0,0.0,0.0,1,1,0,0.9889127979999999,0.9889127979999999,0.0
2960,0.8321106,0.96655875,0.13444815,0.8405152,0.98436964,0.14385444000000003,0.8125,0.925,0.11250000000000004,0.0,0.0,0.0,0.0,0.0,0.0,0.0,0.0,0.0,1,1,0,0.83211064,0.966558748,0.13444810799999996
2961,0.94375,1.0,0.05625000000000002,1.0,1.0,0.0,0.8125,1.0,0.1875,0.0,0.0,0.0,0.0,0.0,0.0,0.0,0.0,0.0,1,1,0,0.94375,1.0,0.05625000000000002
2962,0.95840025,0.95840025,0.0,0.9405718,0.9405718,0.0,1.0,1.0,0.0,0.0,0.0,0.0,0.0,0.0,0.0,0.0,0.0,0.0,1,1,0,0.9584002599999999,0.9584002599999999,0.0
2963,0.8762457,0.9212662,0.04502050000000002,0.92499375,0.8875231,-0.03747064999999994,0.7625,1.0,0.23750000000000004,0.0,0.0,0.0,0.0,0.0,0.0,0.0,0.0,0.0,1,1,0,0.8762456249999999,0.92126617,0.04502054500000008
2964,0.94882053,0.9129798,-0.03584072999999999,0.9751008,0.8756854,-0.09941540000000004,0.8875,1.0,0.11250000000000004,0.0,0.0,0.0,0.0,0.0,0.0,0.0,0.0,0.0,1,1,0,0.9488205599999999,0.9129797799999999,-0.035840780000000017
2965,0.97749996,0.97749996,0.0,1.0,1.0,0.0,0.925,0.925,0.0,0.0,0.0,0.0,0.0,0.0,0.0,0.0,0.0,0.0,1,1,0,0.9775,0.9775,0.0
2966,1.0,1.0,0.0,1.0,1.0,0.0,1.0,1.0,0.0,0.0,0.0,0.0,0.0,0.0,0.0,0.0,0.0,0.0,1,1,0,1.0,1.0,0.0
2967,0.96625006,0.97749996,0.011249899999999924,1.0,1.0,0.0,0.8875,0.925,0.03750000000000009,0.0,0.0,0.0,0.0,0.0,0.0,0.0,0.0,0.0,1,1,0,0.9662499999999999,0.9775,0.011250000000000093
2968,0.8886404,0.92111343,0.032473030000000014,0.9373434,0.88730484,-0.050038560000000065,0.77500004,1.0,0.22499996,0.0,0.0,0.0,0.0,0.0,0.0,0.0,0.0,0.0,1,1,0,0.8886403919999999,0.921113388,0.03247299600000009
2969,1.0,1.0,0.0,1.0,1.0,0.0,1.0,1.0,0.0,0.0,0.0,0.0,0.0,0.0,0.0,0.0,0.0,0.0,1,1,0,1.0,1.0,0.0
2970,0.8381416,0.93138355,0.0932419499999999,0.9509165,0.90197647,-0.04894003000000002,0.575,1.0,0.42500000000000004,0.0,0.0,0.0,0.0,0.0,0.0,0.0,0.0,0.0,1,1,0,0.83814155,0.9313835289999999,0.09324197899999986
2971,0.0,1.0,1.0,0.30316186,0.99999994,0.69683808,0.42857143,1.0,0.57142857,0.0,0.0,0.0,0.0,0.0,0.0,1.0,0.0,-1.0,0,1,1,0.34078473099999995,0.9999999580000001,0.6592152270000001
2972,0.79139465,0.92680293,0.13540828000000005,0.7019923,0.8954328,0.19344050000000002,1.0,1.0,0.0,0.0,0.0,0.0,0.0,0.0,0.0,0.0,0.0,0.0,1,1,0,0.79139461,0.9268029600000001,0.13540835000000007
2973,0.85758114,0.87876856,0.021187420000000068,0.9251158,0.87502646,-0.05008934000000009,0.7,0.8875,0.1875,0.0,0.0,0.0,0.0,0.0,0.0,0.0,0.0,0.0,1,1,0,0.85758106,0.8787685219999999,0.02118746199999988
2974,0.8686334,0.9073763,0.038742900000000025,0.92483336,0.8998232,-0.025010160000000003,0.7375,0.925,0.1875,0.0,0.0,0.0,0.0,0.0,0.0,0.0,0.0,0.0,1,1,0,0.868633352,0.9073762400000001,0.03874288800000003
2975,0.7016345,1.0,0.29836549999999995,0.6059064,1.0,0.39409360000000004,0.925,1.0,0.07499999999999996,0.0,0.0,0.0,0.0,0.0,0.0,0.0,0.0,0.0,1,1,0,0.70163448,1.0,0.29836552000000005
2976,0.87901413,0.83171767,-0.047296459999999985,0.91287726,0.8131681,-0.09970916000000007,0.8,0.875,0.07499999999999996,0.0,0.0,0.0,0.0,0.0,0.0,0.0,0.0,0.0,1,1,0,0.879014082,0.83171767,-0.04729641200000001
2977,0.8733722,0.92163813,0.04826593000000001,0.97446024,0.9362688,-0.038191439999999965,0.6375,0.8875,0.25,0.0,0.0,0.0,0.0,0.0,0.0,0.0,0.0,0.0,1,1,0,0.873372168,0.92163816,0.048265992000000035
2978,1.0,1.0,0.0,1.0,1.0,0.0,1.0,1.0,0.0,0.0,0.0,0.0,0.0,0.0,0.0,0.0,0.0,0.0,1,1,0,1.0,1.0,0.0
2979,0.9189348,0.92556983,0.006635029999999986,0.9752641,0.92581403,-0.04945007000000001,0.7875,0.925,0.13750000000000007,0.0,0.0,0.0,0.0,0.0,0.0,0.0,0.0,0.0,1,1,0,0.9189348699999998,0.9255698209999998,0.006634951
2980,0.87144405,0.87193984,0.000495789999999996,0.9234915,0.8599141,-0.0635774,0.75,0.90000004,0.15000004,0.0,0.0,0.0,0.0,0.0,0.0,0.0,0.0,0.0,1,1,0,0.8714440499999999,0.8719398819999999,0.0004958320000000294
2981,0.93975204,0.9028887,-0.03686334000000002,0.9621457,0.8612695,-0.10087619999999997,0.8875,1.0,0.11250000000000004,0.0,0.0,0.0,0.0,0.0,0.0,0.0,0.0,0.0,1,1,0,0.93975199,0.90288865,-0.03686334000000002
2982,0.94493836,0.87471944,-0.07021891999999996,0.974912,0.8745993,-0.10031270000000003,0.875,0.875,0.0,0.0,0.0,0.0,0.0,0.0,0.0,0.0,0.0,0.0,1,1,0,0.9449384000000001,0.87471951,-0.07021889000000003
2983,0.84755534,0.9846533,0.13709795999999996,0.782222,0.97807604,0.19585404000000006,1.0,1.0,0.0,0.0,0.0,0.0,0.0,0.0,0.0,0.0,0.0,0.0,1,1,0,0.8475553999999998,0.984653228,0.13709782800000014
2984,0.9056821,0.91836643,0.01268432999999991,0.8652601,0.8833806,0.018120499999999984,1.0,1.0,0.0,0.0,0.0,0.0,0.0,0.0,0.0,0.0,0.0,0.0,1,1,0,0.9056820699999999,0.9183664199999999,0.012684350000000011
2985,0.755058,0.793082,0.03802399999999995,0.81615424,0.79011714,-0.026037100000000035,0.6125,0.8,0.1875,0.0,0.0,0.0,0.0,0.0,0.0,0.0,0.0,0.0,1,1,0,0.7550579679999999,0.7930819979999999,0.038024029999999986
2986,0.8866135,0.93797415,0.0513606499999999,0.88623357,0.91139174,0.02515816999999998,0.8875,1.0,0.11250000000000004,0.0,0.0,0.0,0.0,0.0,0.0,0.0,0.0,0.0,1,1,0,0.886613499,0.9379742179999999,0.051360718999999944
2987,0.92198527,0.9082287,-0.013756569999999968,0.947479,0.8688982,-0.0785808,0.8625,1.0,0.13749999999999996,0.0,0.0,0.0,0.0,0.0,0.0,0.0,0.0,0.0,1,1,0,0.9219853,0.90822874,-0.013756560000000029
2988,1.0,0.96625006,-0.03374993999999998,1.0,1.0,0.0,1.0,0.8875,-0.11250000000000004,0.0,0.0,0.0,0.0,0.0,0.0,0.0,0.0,0.0,1,1,0,1.0,0.9662499999999999,-0.03375000000000006
2989,0.96625006,1.0,0.03374993999999998,1.0,1.0,0.0,0.8875,1.0,0.11250000000000004,0.0,0.0,0.0,0.0,0.0,0.0,0.0,0.0,0.0,1,1,0,0.9662499999999999,1.0,0.03375000000000006
2990,1.0,1.0,0.0,1.0,1.0,0.0,1.0,1.0,0.0,0.0,0.0,0.0,0.0,0.0,0.0,0.0,0.0,0.0,1,1,0,1.0,1.0,0.0
2991,0.9127178,0.9565348,0.043816999999999995,0.8753112,0.93790674,0.06259554,1.0,1.0,0.0,0.0,0.0,0.0,0.0,0.0,0.0,0.0,0.0,0.0,1,1,0,0.91271784,0.9565347179999999,0.04381687799999989
2992,0.8517715,0.8936104,0.04183890000000001,0.8311021,0.8480148,0.016912700000000003,0.90000004,1.0,0.09999996,0.0,0.0,0.0,0.0,0.0,0.0,0.0,0.0,0.0,1,1,0,0.851771482,0.8936103599999998,0.04183887799999986
2993,0.9030966,0.8652676,-0.037829,0.9097809,0.80752516,-0.10225574000000004,0.8875,1.0,0.11250000000000004,0.0,0.0,0.0,0.0,0.0,0.0,0.0,0.0,0.0,1,1,0,0.90309663,0.865267612,-0.037829017999999937
2994,1.0,1.0,0.0,0.99999994,0.99999994,0.0,1.0,1.0,0.0,0.0,0.0,0.0,0.0,0.0,0.0,0.0,0.0,0.0,1,1,0,0.9999999580000001,0.9999999580000001,0.0
2995,0.9161257,0.9114807,-0.00464500000000001,0.98732233,0.8735439,-0.11377842999999999,0.75,1.0,0.25,0.0,0.0,0.0,0.0,0.0,0.0,0.0,0.0,0.0,1,1,0,0.916125631,0.9114807300000001,-0.0046449009999999236
2996,1.0,1.0,0.0,1.0,1.0,0.0,1.0,1.0,0.0,0.0,0.0,0.0,0.0,0.0,0.0,0.0,0.0,0.0,1,1,0,1.0,1.0,0.0
2997,0.96625006,0.9628032,-0.0034468600000000515,1.0,0.98971885,-0.010281149999999961,0.8875,0.90000004,0.012500040000000046,0.0,0.0,0.0,0.0,0.0,0.0,0.0,0.0,0.0,1,1,0,0.9662499999999999,0.962803207,-0.003446792999999948
2998,0.924716,0.9836346,0.05891860000000004,0.8924514,0.97662085,0.08416944999999998,1.0,1.0,0.0,0.0,0.0,0.0,0.0,0.0,0.0,0.0,0.0,0.0,1,1,0,0.92471598,0.9836345949999998,0.05891861499999984
2999,0.9131028,0.91143364,-0.0016691599999999474,0.9240755,0.8734765,-0.05059900000000006,0.8875,1.0,0.11250000000000004,0.0,0.0,0.0,0.0,0.0,0.0,0.0,0.0,0.0,1,1,0,0.91310285,0.9114335499999999,-0.0016693000000000957
3000,0.97683334,0.99234813,0.01551479,0.9669047,0.9890688,0.02216410000000002,1.0,1.0,0.0,0.0,0.0,0.0,0.0,0.0,0.0,0.0,0.0,0.0,1,1,0,0.9768332899999999,0.9923481599999999,0.01551487000000007
3001,0.0,0.9223469,0.9223469,0.4269141,0.8890669,0.4621528,0.69696975,1.0,0.30303024999999995,1.0,0.0,-1.0,1.0,0.0,-1.0,0.0,0.0,0.0,0,1,1,0.507930795,0.92234683,0.4144160349999999
3002,0.85218126,0.933258,0.08107673999999998,0.8209733,0.9046542,0.08368089999999995,0.925,1.0,0.07499999999999996,0.0,0.0,0.0,0.0,0.0,0.0,0.0,0.0,0.0,1,1,0,0.85218131,0.9332579399999998,0.08107662999999987
3003,1.0,1.0,0.0,1.0,1.0,0.0,1.0,1.0,0.0,0.0,0.0,0.0,0.0,0.0,0.0,0.0,0.0,0.0,1,1,0,1.0,1.0,0.0
3004,0.8771162,0.9499802,0.07286400000000004,0.85659456,0.92854315,0.07194858999999998,0.925,1.0,0.07499999999999996,0.0,0.0,0.0,0.0,0.0,0.0,0.0,0.0,0.0,1,1,0,0.8771161919999999,0.9499802049999999,0.072864013
3005,0.9928719,1.0,0.007128099999999971,0.989817,1.0,0.010183000000000053,1.0,1.0,0.0,0.0,0.0,0.0,0.0,0.0,0.0,0.0,0.0,0.0,1,1,0,0.9928718999999999,1.0,0.007128100000000082
3006,0.8609905,0.82856846,-0.03242204000000004,0.8978436,0.80866927,-0.08917432999999997,0.77500004,0.875,0.09999996,0.0,0.0,0.0,0.0,0.0,0.0,0.0,0.0,0.0,1,1,0,0.860990532,0.828568489,-0.032422042999999956
3007,0.91520005,0.9306238,0.015423749999999958,0.87885714,0.93303406,0.05417691999999996,1.0,0.925,-0.07499999999999996,0.0,0.0,0.0,0.0,0.0,0.0,0.0,0.0,0.0,1,1,0,0.9151999980000001,0.9306238419999999,0.015423843999999853
3008,1.0,1.0,0.0,1.0,1.0,0.0,1.0,1.0,0.0,0.0,0.0,0.0,0.0,0.0,0.0,0.0,0.0,0.0,1,1,0,1.0,1.0,0.0
3009,0.81683874,0.92985374,0.11301499999999998,0.7383411,0.89979106,0.16144996,1.0,1.0,0.0,0.0,0.0,0.0,0.0,0.0,0.0,0.0,0.0,0.0,1,1,0,0.8168387699999999,0.9298537419999999,0.11301497199999999
3010,1.0,1.0,0.0,1.0,1.0,0.0,1.0,1.0,0.0,0.0,0.0,0.0,0.0,0.0,0.0,0.0,0.0,0.0,1,1,0,1.0,1.0,0.0
3011,0.96625006,1.0,0.03374993999999998,1.0,1.0,0.0,0.8875,1.0,0.11250000000000004,0.0,0.0,0.0,0.0,0.0,0.0,0.0,0.0,0.0,1,1,0,0.9662499999999999,1.0,0.03375000000000006
3012,0.95500004,0.94750005,-0.007499990000000012,1.0,1.0,0.0,0.85,0.825,-0.025000000000000022,0.0,0.0,0.0,0.0,0.0,0.0,0.0,0.0,0.0,1,1,0,0.955,0.9474999999999999,-0.007500000000000062
3013,0.8298109,0.872152,0.04234110000000002,0.80508703,0.8173599,0.012272869999999991,0.8875,1.0,0.11250000000000004,0.0,0.0,0.0,0.0,0.0,0.0,0.0,0.0,0.0,1,1,0,0.829810921,0.87215193,0.04234100900000004
3014,0.0,0.0,0.0,1.0,1.0,0.0,0.0,1.0,1.0,1.0,1.0,0.0,1.0,1.0,0.0,0.0,0.0,0.0,0,0,0,0.7,1.0,0.30000000000000004
3015,0.8528803,0.8706318,0.01775149999999992,0.8273289,0.8151883,-0.012140600000000057,0.9125,1.0,0.08750000000000002,0.0,0.0,0.0,0.0,0.0,0.0,0.0,0.0,0.0,1,1,0,0.85288023,0.8706318099999999,0.017751579999999878
3016,0.92158717,0.901975,-0.01961217000000004,0.93619597,0.85996425,-0.07623172,0.8875,1.0,0.11250000000000004,0.0,0.0,0.0,0.0,0.0,0.0,0.0,0.0,0.0,1,1,0,0.921587179,0.9019749749999999,-0.019612204000000077
3017,0.88445586,0.98285717,0.09840130999999996,0.834937,0.9755102,0.14057319999999995,1.0,1.0,0.0,0.0,0.0,0.0,0.0,0.0,0.0,0.0,0.0,0.0,1,1,0,0.8844559000000001,0.9828571399999999,0.09840123999999983
3018,0.8575,0.8728744,0.01537440000000001,1.0,0.8880348,-0.11196519999999999,0.52500004,0.83750004,0.3125,0.0,0.0,0.0,0.0,0.0,0.0,0.0,0.0,0.0,1,1,0,0.8575000119999999,0.872874372,0.015374360000000031
3019,0.91125506,0.90907985,-0.002175209999999983,0.9267929,0.9022569,-0.024536000000000002,0.875,0.925,0.050000000000000044,0.0,0.0,0.0,0.0,0.0,0.0,0.0,0.0,0.0,1,1,0,0.91125503,0.90907983,-0.0021751999999999327
3020,0.8679088,0.8837479,0.015839099999999995,0.86486965,0.887497,0.022627349999999935,0.875,0.875,0.0,0.0,0.0,0.0,0.0,0.0,0.0,0.0,0.0,0.0,1,1,0,0.867908755,0.8837478999999999,0.015839144999999943
3021,0.9072712,0.92382,0.01654879999999992,0.91574454,0.9447429,0.02899836,0.8875,0.875,-0.012499999999999956,0.0,0.0,0.0,0.0,0.0,0.0,0.0,0.0,0.0,1,1,0,0.907271178,0.9238200299999999,0.016548851999999892
3022,1.0,1.0,0.0,1.0,1.0,0.0,1.0,1.0,0.0,0.0,0.0,0.0,0.0,0.0,0.0,0.0,0.0,0.0,1,1,0,1.0,1.0,0.0
3023,0.9126131,0.98271126,0.07009816000000002,0.9876616,0.9753017,-0.01235989999999998,0.7375,1.0,0.26249999999999996,0.0,0.0,0.0,0.0,0.0,0.0,0.0,0.0,0.0,1,1,0,0.91261312,0.9827111900000001,0.07009807000000001
3024,0.9381116,0.94078016,0.002668559999999931,0.97587365,0.9154002,-0.06047345000000004,0.85,1.0,0.15000000000000002,0.0,0.0,0.0,0.0,0.0,0.0,0.0,0.0,0.0,1,1,0,0.938111555,0.94078014,0.002668585000000001
3025,0.0,0.9985186,0.9985186,1.0,0.9978836,-0.0021164000000000183,0.9166667,1.0,0.08333330000000005,1.0,0.0,-1.0,1.0,0.0,-1.0,0.0,0.0,0.0,0,1,1,0.9750000099999999,0.99851852,0.023518510000000048
3026,0.0,0.0,0.0,0.64606774,0.63348293,-0.012584810000000002,0.5,0.609375,0.109375,0.0,1.0,1.0,0.0,1.0,1.0,1.0,0.0,-1.0,0,0,0,0.6022474179999999,0.6262505509999999,0.02400313300000001
3027,0.97375005,1.0,0.026249949999999966,1.0,1.0,0.0,0.9125,1.0,0.08750000000000002,0.0,0.0,0.0,0.0,0.0,0.0,0.0,0.0,0.0,1,1,0,0.9737499999999999,1.0,0.026250000000000107
3028,0.96999997,0.93805677,-0.03194320000000006,1.0,0.91150963,-0.08849037000000004,0.90000004,1.0,0.09999996,0.0,0.0,0.0,0.0,0.0,0.0,0.0,0.0,0.0,1,1,0,0.970000012,0.938056741,-0.03194327099999994
3029,0.96625006,0.97375005,0.007499990000000012,1.0,1.0,0.0,0.8875,0.9125,0.025000000000000022,0.0,0.0,0.0,0.0,0.0,0.0,0.0,0.0,0.0,1,1,0,0.9662499999999999,0.9737499999999999,0.007499999999999951
3030,0.9058871,0.93696994,0.031082840000000056,0.865553,0.909957,0.044404,1.0,1.0,0.0,0.0,0.0,0.0,0.0,0.0,0.0,0.0,0.0,0.0,1,1,0,0.9058871,0.9369699,0.031082800000000077
3031,0.88502836,0.9302055,0.04517714000000006,0.9750405,0.9002935,-0.07474700000000001,0.675,1.0,0.32499999999999996,0.0,0.0,0.0,0.0,0.0,0.0,0.0,0.0,0.0,1,1,0,0.8850283499999999,0.9302054499999999,0.04517709999999997
3032,0.7829613,0.97175217,0.18879087000000006,0.7274447,0.959646,0.23220129999999994,0.9125,1.0,0.08750000000000002,0.0,0.0,0.0,0.0,0.0,0.0,0.0,0.0,0.0,1,1,0,0.78296129,0.9717521999999998,0.1887909099999998
3033,1.0,1.0,0.0,1.0,1.0,0.0,1.0,1.0,0.0,0.0,0.0,0.0,0.0,0.0,0.0,0.0,0.0,0.0,1,1,0,1.0,1.0,0.0
3034,0.0,0.0,0.0,1.0,1.0,0.0,1.0,1.0,0.0,1.0,1.0,0.0,1.0,1.0,0.0,0.0,0.0,0.0,0,0,0,1.0,1.0,0.0
3035,0.7,1.0,0.30000000000000004,1.0,1.0,0.0,0.0,1.0,1.0,0.0,0.0,0.0,0.0,0.0,0.0,0.0,0.0,0.0,1,1,0,0.7,1.0,0.30000000000000004
3036,0.0,0.0,0.0,1.0,1.0,0.0,0.0,1.0,1.0,1.0,1.0,0.0,1.0,1.0,0.0,0.0,0.0,0.0,0,0,0,0.7,1.0,0.30000000000000004
3037,0.4944585,0.0,-0.4944585,0.52422637,0.40486282,-0.11936355000000004,0.425,1.0,0.575,0.0,1.0,1.0,0.0,1.0,1.0,0.0,0.0,0.0,1,0,-1,0.494458459,0.583403974,0.08894551499999998
3038,0.8462038,0.8949682,0.04876440000000004,0.812434,0.8499546,0.037520600000000015,0.925,1.0,0.07499999999999996,0.0,0.0,0.0,0.0,0.0,0.0,0.0,0.0,0.0,1,1,0,0.8462038000000001,0.89496822,0.04876441999999992
3039,0.74125,1.0,0.25875000000000004,1.0,1.0,0.0,0.1375,1.0,0.8625,0.0,0.0,0.0,0.0,0.0,0.0,0.0,0.0,0.0,1,1,0,0.74125,1.0,0.25875000000000004
3040,0.9457489,0.9457489,0.0,0.92249835,0.92249835,0.0,1.0,1.0,0.0,0.0,0.0,0.0,0.0,0.0,0.0,0.0,0.0,0.0,1,1,0,0.945748845,0.945748845,0.0
3041,0.8101056,0.92292994,0.11282433999999997,0.7769366,0.8899,0.11296340000000005,0.8875,1.0,0.11250000000000004,0.0,0.0,0.0,0.0,0.0,0.0,0.0,0.0,0.0,1,1,0,0.81010562,0.92293,0.11282438000000006
3042,0.82168293,0.8494925,0.02780956999999995,0.7988328,0.7849893,-0.013843500000000009,0.875,1.0,0.125,0.0,0.0,0.0,0.0,0.0,0.0,0.0,0.0,0.0,1,1,0,0.82168296,0.8494925099999999,0.02780954999999996
3043,0.85073805,0.9232699,0.07253184999999995,0.86176866,0.92252845,0.06075979000000009,0.825,0.925,0.10000000000000009,0.0,0.0,0.0,0.0,0.0,0.0,0.0,0.0,0.0,1,1,0,0.8507380619999999,0.9232699150000001,0.0725318530000002
3044,1.0,1.0,0.0,1.0,1.0,0.0,1.0,1.0,0.0,0.0,0.0,0.0,0.0,0.0,0.0,0.0,0.0,0.0,1,1,0,1.0,1.0,0.0
3045,0.9299636,0.88596386,-0.043999739999999954,0.899948,0.8370911,-0.0628569,1.0,1.0,0.0,0.0,0.0,0.0,0.0,0.0,0.0,0.0,0.0,0.0,1,1,0,0.9299636,0.88596377,-0.04399982999999996
3046,1.0,1.0,0.0,1.0,1.0,0.0,1.0,1.0,0.0,0.0,0.0,0.0,0.0,0.0,0.0,0.0,0.0,0.0,1,1,0,1.0,1.0,0.0
3047,0.9223717,0.89855653,-0.023815169999999997,0.9373166,0.88722366,-0.050092940000000086,0.8875,0.925,0.03750000000000009,0.0,0.0,0.0,0.0,0.0,0.0,0.0,0.0,0.0,1,1,0,0.92237162,0.898556562,-0.023815057999999945
3048,0.9045868,0.94091076,0.03632395999999993,0.9119098,0.94772965,0.035819849999999986,0.8875,0.925,0.03750000000000009,0.0,0.0,0.0,0.0,0.0,0.0,0.0,0.0,0.0,1,1,0,0.90458686,0.940910755,0.036323894999999995
3049,0.98010236,0.97749996,-0.0026024000000000047,0.97157484,1.0,0.02842515999999995,1.0,0.925,-0.07499999999999996,0.0,0.0,0.0,0.0,0.0,0.0,0.0,0.0,0.0,1,1,0,0.9801023879999999,0.9775,-0.0026023879999999
3050,0.83902305,0.87565595,0.03663289999999997,0.8986044,0.8223657,-0.07623869999999999,0.7,1.0,0.30000000000000004,0.0,0.0,0.0,0.0,0.0,0.0,0.0,0.0,0.0,1,1,0,0.8390230799999999,0.8756559899999998,0.03663290999999991
3051,0.99992,0.9997681,-0.0001518999999999826,0.9998857,0.9996686,-0.0002170999999999701,1.0,1.0,0.0,0.0,0.0,0.0,0.0,0.0,0.0,0.0,0.0,0.0,1,1,0,0.99991999,0.9997680199999999,-0.0001519700000001123
3052,1.0,1.0,0.0,1.0,1.0,0.0,1.0,1.0,0.0,0.0,0.0,0.0,0.0,0.0,0.0,0.0,0.0,0.0,1,1,0,1.0,1.0,0.0
3053,0.88000005,0.90625,0.026249949999999966,1.0,1.0,0.0,0.6,0.6875,0.08750000000000002,0.0,0.0,0.0,0.0,0.0,0.0,0.0,0.0,0.0,1,1,0,0.8799999999999999,0.90625,0.026250000000000107
3054,0.7755444,0.8485241,0.07297969999999998,0.71684915,0.7836059,0.06675674999999992,0.9125,1.0,0.08750000000000002,0.0,0.0,0.0,0.0,0.0,0.0,0.0,0.0,0.0,1,1,0,0.775544405,0.8485241299999999,0.07297972499999994
3055,0.95736295,0.89787304,-0.059489910000000035,0.9873043,0.88624716,-0.10105713999999999,0.8875,0.925,0.03750000000000009,0.0,0.0,0.0,0.0,0.0,0.0,0.0,0.0,0.0,1,1,0,0.95736301,0.897873012,-0.05948999799999999
3056,0.87559044,0.82719576,-0.04839468000000002,0.87584347,0.80135113,-0.07449233999999993,0.875,0.8875,0.012499999999999956,0.0,0.0,0.0,0.0,0.0,0.0,0.0,0.0,0.0,1,1,0,0.8755904289999998,0.827195791,-0.04839463799999988
3057,0.898364,0.9230248,0.024660799999999927,0.9512343,0.8900354,-0.061198899999999945,0.77500004,1.0,0.22499996,0.0,0.0,0.0,0.0,0.0,0.0,0.0,0.0,0.0,1,1,0,0.898364022,0.92302478,0.024660758000000005
3058,0.91375,0.0,-0.91375,1.0,1.0,0.0,0.71250004,1.0,0.28749996,0.0,1.0,1.0,0.0,1.0,1.0,0.0,0.0,0.0,1,0,-1,0.913750012,1.0,0.08624998800000006
3059,0.96625006,0.9234471,-0.042802960000000057,1.0,0.89063865,-0.10936135000000002,0.8875,1.0,0.11250000000000004,0.0,0.0,0.0,0.0,0.0,0.0,0.0,0.0,0.0,1,1,0,0.9662499999999999,0.923447055,-0.042802944999999926
3060,0.95500004,1.0,0.04499995999999995,1.0,1.0,0.0,0.85,1.0,0.15000000000000002,0.0,0.0,0.0,0.0,0.0,0.0,0.0,0.0,0.0,1,1,0,0.955,1.0,0.04500000000000004
3061,0.87359715,0.91109717,0.03750001999999997,0.93728167,0.93728167,0.0,0.725,0.85,0.125,0.0,0.0,0.0,0.0,0.0,0.0,0.0,0.0,0.0,1,1,0,0.873597169,0.9110971689999999,0.03749999999999998
3062,0.93095607,0.93945056,0.008494490000000021,0.9495801,0.95635796,0.006777859999999913,0.8875,0.90000004,0.012500040000000046,0.0,0.0,0.0,0.0,0.0,0.0,0.0,0.0,0.0,1,1,0,0.93095607,0.9394505839999999,0.008494513999999898
3063,1.0,1.0,0.0,0.99999994,0.99999994,0.0,1.0,1.0,0.0,0.0,0.0,0.0,0.0,0.0,0.0,0.0,0.0,0.0,1,1,0,0.9999999580000001,0.9999999580000001,0.0
3064,0.90221214,0.98168343,0.07947128999999997,0.860303,0.9738335,0.11353049999999998,1.0,1.0,0.0,0.0,0.0,0.0,0.0,0.0,0.0,0.0,0.0,0.0,1,1,0,0.9022121000000001,0.98168345,0.07947134999999994
3065,1.0,1.0,0.0,1.0,1.0,0.0,1.0,1.0,0.0,0.0,0.0,0.0,0.0,0.0,0.0,0.0,0.0,0.0,1,1,0,1.0,1.0,0.0
3066,0.83125,0.94737875,0.11612875,1.0,0.9248268,-0.07517320000000005,0.4375,1.0,0.5625,0.0,0.0,0.0,0.0,0.0,0.0,0.0,0.0,0.0,1,1,0,0.8312499999999999,0.9473787599999999,0.11612875999999994
3067,0.9350993,1.0,0.06490070000000003,0.90728474,0.99999994,0.0927152,1.0,1.0,0.0,0.0,0.0,0.0,0.0,0.0,0.0,0.0,0.0,0.0,1,1,0,0.935099318,0.9999999580000001,0.06490064000000006
3068,0.88519347,0.9793075,0.09411402999999996,0.83599055,0.9704392,0.13444864999999995,1.0,1.0,0.0,0.0,0.0,0.0,0.0,0.0,0.0,0.0,0.0,0.0,1,1,0,0.885193385,0.9793074399999999,0.09411405499999992
3069,0.84044284,0.8599386,0.019495759999999973,0.9113469,0.8481267,-0.06322019999999995,0.675,0.8875,0.2124999999999999,0.0,0.0,0.0,0.0,0.0,0.0,0.0,0.0,0.0,1,1,0,0.84044283,0.85993869,0.01949586000000003
3070,1.0,1.0,0.0,0.99999994,0.99999994,0.0,1.0,1.0,0.0,0.0,0.0,0.0,0.0,0.0,0.0,0.0,0.0,0.0,1,1,0,0.9999999580000001,0.9999999580000001,0.0
3071,0.91539377,0.8648122,-0.050581569999999965,0.9273482,0.8390174,-0.08833079999999993,0.8875,0.925,0.03750000000000009,0.0,0.0,0.0,0.0,0.0,0.0,0.0,0.0,0.0,1,1,0,0.91539374,0.8648121799999999,-0.050581560000000025
