scenario_index,v26_rf,v27_rf,delta_rf,v26_progress,v27_progress,delta_progress,v26_comfort,v27_comfort,delta_comfort,v26_collision,v27_collision,v26_overlap,v27_overlap,v26_offroad,v27_offroad,v26_accuracy,v27_accuracy
0,0.93880177,1.0,0.06119823000000002,0.91257393,1.0,0.08742607000000002,1.0,1.0,0.0,0.0,0.0,0.0,0.0,0.0,0.0,1,1
1,0.93644583,0.93644583,0.0,0.9092083,0.9092083,0.0,1.0,1.0,0.0,0.0,0.0,0.0,0.0,0.0,0.0,1,1
2,0.96250004,0.9261152,-0.036384839999999974,1.0,0.95873606,-0.04126394,0.875,0.85,-0.025000000000000022,0.0,0.0,0.0,0.0,0.0,0.0,1,1
3,0.9221577,0.9325,0.010342300000000026,0.937011,1.0,0.06298899999999996,0.8875,0.77500004,-0.11249995999999995,0.0,0.0,0.0,0.0,0.0,0.0,1,1
4,0.90433913,0.92176265,0.017423520000000026,0.86334157,0.8882324,0.02489083000000003,1.0,1.0,0.0,0.0,0.0,0.0,0.0,0.0,0.0,1,1
5,0.9243087,0.96672076,0.042412059999999974,0.89186954,0.9524582,0.06058866000000007,1.0,1.0,0.0,0.0,0.0,0.0,0.0,0.0,0.0,1,1
6,1.0,0.9364374,-0.06356260000000002,1.0,0.90919626,-0.09080374000000002,1.0,1.0,0.0,0.0,0.0,0.0,0.0,0.0,0.0,1,1
7,0.90512925,0.91637915,0.011249900000000035,0.91268456,0.91268456,0.0,0.8875,0.925,0.03750000000000009,0.0,0.0,0.0,0.0,0.0,0.0,1,1
8,0.9819957,1.0,0.018004299999999973,0.9742795,1.0,0.025720500000000035,1.0,1.0,0.0,0.0,0.0,0.0,0.0,0.0,0.0,1,1
9,0.9900718,1.0,0.009928200000000054,0.98581684,0.99999994,0.014183100000000004,1.0,1.0,0.0,0.0,0.0,0.0,0.0,0.0,0.0,1,1
10,0.94847775,0.94847775,0.0,0.9263967,0.9263967,0.0,1.0,1.0,0.0,0.0,0.0,0.0,0.0,0.0,0.0,1,1
11,0.9510218,0.8944588,-0.05656300000000003,0.9621739,0.88672686,-0.07544704000000002,0.925,0.9125,-0.012500000000000067,0.0,0.0,0.0,0.0,0.0,0.0,1,1
12,1.0,1.0,0.0,1.0,1.0,0.0,1.0,1.0,0.0,0.0,0.0,0.0,0.0,0.0,0.0,1,1
13,0.0,0.0,0.0,1.0,1.0,0.0,1.0,1.0,0.0,1.0,1.0,1.0,1.0,0.0,0.0,0,0
14,0.89071554,0.91321546,0.022499920000000007,0.87602216,0.87602216,0.0,0.925,1.0,0.07499999999999996,0.0,0.0,0.0,0.0,0.0,0.0,1,1
15,0.89551336,0.89528143,-0.0002319299999999913,0.93644756,0.850402,-0.08604555999999997,0.8,1.0,0.19999999999999996,0.0,0.0,0.0,0.0,0.0,0.0,1,1
16,0.92261076,0.9570495,0.03443874000000002,0.88944393,0.9386421,0.04919817000000004,1.0,1.0,0.0,0.0,0.0,0.0,0.0,0.0,0.0,1,1
17,0.92346925,0.92346925,0.0,0.9388847,0.9388847,0.0,0.8875,0.8875,0.0,0.0,0.0,0.0,0.0,0.0,0.0,1,1
18,0.8843697,0.92616236,0.041792659999999926,0.8348138,0.8945177,0.05970389999999992,1.0,1.0,0.0,0.0,0.0,0.0,0.0,0.0,0.0,1,1
19,0.96250004,0.96250004,0.0,1.0,1.0,0.0,0.875,0.875,0.0,0.0,0.0,0.0,0.0,0.0,0.0,1,1
20,0.8599753,0.86122,0.0012446999999999875,0.79996467,0.8499571,0.04999242999999998,1.0,0.8875,-0.11250000000000004,0.0,0.0,0.0,0.0,0.0,0.0,1,1
21,1.0,1.0,0.0,1.0,1.0,0.0,1.0,1.0,0.0,0.0,0.0,0.0,0.0,0.0,0.0,1,1
22,1.0,1.0,0.0,1.0,1.0,0.0,1.0,1.0,0.0,0.0,0.0,0.0,0.0,0.0,0.0,1,1
23,0.92121536,0.92997307,0.008757709999999919,0.88745046,0.8999615,0.012511039999999918,1.0,1.0,0.0,0.0,0.0,0.0,0.0,0.0,0.0,1,1
24,0.0,0.925,0.925,0.30786505,1.0,0.69213495,0.375,0.75,0.375,1.0,0.0,1.0,0.0,0.0,0.0,0,1
25,0.85245246,0.83071405,-0.021738409999999986,0.78921777,0.8385201,0.04930232999999995,1.0,0.8125,-0.1875,0.0,0.0,0.0,0.0,0.0,0.0,1,1
26,1.0,1.0,0.0,1.0,1.0,0.0,1.0,1.0,0.0,0.0,0.0,0.0,0.0,0.0,0.0,1,1
27,0.90893936,0.9134647,0.004525340000000044,0.91812766,0.9299496,0.01182194000000003,0.8875,0.875,-0.012499999999999956,0.0,0.0,0.0,0.0,0.0,0.0,1,1
28,0.8772325,0.86841804,-0.008814459999999968,0.8246178,0.8120257,-0.012592099999999995,1.0,1.0,0.0,0.0,0.0,0.0,0.0,0.0,0.0,1,1
29,0.94,0.96985954,0.029859540000000018,1.0,0.9890849,-0.010915099999999955,0.8,0.925,0.125,0.0,0.0,0.0,0.0,0.0,0.0,1,1
30,0.9297372,0.9385783,0.008841099999999935,0.8996245,0.91225475,0.012630249999999954,1.0,1.0,0.0,0.0,0.0,0.0,0.0,0.0,0.0,1,1
31,0.0,0.0,0.0,1.0,1.0,0.0,1.0,1.0,0.0,1.0,1.0,1.0,1.0,0.0,0.0,0,0
32,1.0,1.0,0.0,1.0,1.0,0.0,1.0,1.0,0.0,0.0,0.0,0.0,0.0,0.0,0.0,1,1
33,1.0,1.0,0.0,1.0,1.0,0.0,1.0,1.0,0.0,0.0,0.0,0.0,0.0,0.0,0.0,1,1
34,0.9359539,0.97468853,0.03873462999999999,0.90850556,0.96384066,0.05533509999999997,1.0,1.0,0.0,0.0,0.0,0.0,0.0,0.0,0.0,1,1
35,0.9246203,0.9469034,0.0222831,0.9458861,0.9241477,-0.021738399999999936,0.875,1.0,0.125,0.0,0.0,0.0,0.0,0.0,0.0,1,1
36,1.0,1.0,0.0,1.0,1.0,0.0,1.0,1.0,0.0,0.0,0.0,0.0,0.0,0.0,0.0,1,1
37,0.930414,0.91194767,-0.018466329999999975,0.9863057,0.87421083,-0.11209486999999996,0.8,1.0,0.19999999999999996,0.0,0.0,0.0,0.0,0.0,0.0,1,1
38,1.0,0.9817409,-0.018259099999999973,1.0,0.9739155,-0.026084499999999955,1.0,1.0,0.0,0.0,0.0,0.0,0.0,0.0,0.0,1,1
39,0.92114496,0.91239434,-0.008750620000000042,0.88734996,0.87484896,-0.012500999999999984,1.0,1.0,0.0,0.0,0.0,0.0,0.0,0.0,0.0,1,1
40,0.8665264,0.8936718,0.027145399999999986,0.8575377,0.8963168,0.038779100000000066,0.8875,0.8875,0.0,0.0,0.0,0.0,0.0,0.0,0.0,1,1
41,0.93081284,0.96250004,0.031687200000000026,0.94937545,1.0,0.05062454999999999,0.8875,0.875,-0.012499999999999956,0.0,0.0,0.0,0.0,0.0,0.0,1,1
42,0.9384443,0.93513197,-0.0033123299999999745,0.96563476,0.90733135,-0.058303410000000055,0.875,1.0,0.125,0.0,0.0,0.0,0.0,0.0,0.0,1,1
43,0.9124247,0.84357417,-0.06885052999999997,0.8748923,0.82474875,-0.050143549999999926,1.0,0.8875,-0.11250000000000004,0.0,0.0,0.0,0.0,0.0,0.0,1,1
44,0.9120413,0.90305215,-0.008989150000000001,0.92255896,0.9097173,-0.012841660000000088,0.8875,0.8875,0.0,0.0,0.0,0.0,0.0,0.0,0.0,1,1
45,0.8949248,0.9311264,0.036201600000000056,0.8498926,0.9498234,0.09993079999999999,1.0,0.8875,-0.11250000000000004,0.0,0.0,0.0,0.0,0.0,0.0,1,1
46,0.9312382,0.9226467,-0.008591499999999974,0.90176874,0.8894953,-0.012273439999999969,1.0,1.0,0.0,0.0,0.0,0.0,0.0,0.0,0.0,1,1
47,0.87754023,0.96250004,0.08495980999999997,0.87327176,1.0,0.12672824000000005,0.8875,0.875,-0.012499999999999956,0.0,0.0,0.0,0.0,0.0,0.0,1,1
48,1.0,1.0,0.0,1.0,1.0,0.0,1.0,1.0,0.0,0.0,0.0,0.0,0.0,0.0,0.0,1,1
49,1.0,1.0,0.0,1.0,1.0,0.0,1.0,1.0,0.0,0.0,0.0,0.0,0.0,0.0,0.0,1,1
50,0.9313387,0.9569629,0.025624199999999986,0.90191245,0.9385184,0.03660595,1.0,1.0,0.0,0.0,0.0,0.0,0.0,0.0,0.0,1,1
51,1.0,1.0,0.0,1.0,1.0,0.0,1.0,1.0,0.0,0.0,0.0,0.0,0.0,0.0,0.0,1,1
52,0.7425335,0.7469589,0.004425400000000024,0.755405,0.7938699,0.038464900000000024,0.71250004,0.6375,-0.07500004000000005,0.0,0.0,0.0,0.0,0.0,0.0,1,1
53,0.96625006,0.96625006,0.0,1.0,1.0,0.0,0.8875,0.8875,0.0,0.0,0.0,0.0,0.0,0.0,0.0,1,1
54,1.0,1.0,0.0,1.0,1.0,0.0,1.0,1.0,0.0,0.0,0.0,0.0,0.0,0.0,0.0,1,1
55,0.97749996,1.0,0.022500040000000054,0.99999994,0.99999994,0.0,0.925,1.0,0.07499999999999996,0.0,0.0,0.0,0.0,0.0,0.0,1,1
56,1.0,1.0,0.0,1.0,1.0,0.0,1.0,1.0,0.0,0.0,0.0,0.0,0.0,0.0,0.0,1,1
57,0.96250004,0.9048548,-0.05764524000000004,0.99999994,0.9122926,-0.08770734000000002,0.875,0.8875,0.012499999999999956,0.0,0.0,0.0,0.0,0.0,0.0,1,1
58,0.84487385,0.89710635,0.052232500000000015,0.77839106,0.8530091,0.07461803999999994,1.0,1.0,0.0,0.0,0.0,0.0,0.0,0.0,0.0,1,1
59,1.0,1.0,0.0,1.0,1.0,0.0,1.0,1.0,0.0,0.0,0.0,0.0,0.0,0.0,0.0,1,1
60,1.0,1.0,0.0,1.0,1.0,0.0,1.0,1.0,0.0,0.0,0.0,0.0,0.0,0.0,0.0,1,1
61,1.0,1.0,0.0,1.0,1.0,0.0,1.0,1.0,0.0,0.0,0.0,0.0,0.0,0.0,0.0,1,1
62,0.90372545,0.8812254,-0.022500049999999994,0.8624649,0.8624649,0.0,1.0,0.925,-0.07499999999999996,0.0,0.0,0.0,0.0,0.0,0.0,1,1
63,0.9668712,0.99089974,0.024028539999999987,0.9526731,0.98699963,0.034326529999999966,1.0,1.0,0.0,0.0,0.0,0.0,0.0,0.0,0.0,1,1
64,0.8598488,0.8437161,-0.0161327,0.7997839,0.8249515,0.025167599999999957,1.0,0.8875,-0.11250000000000004,0.0,0.0,0.0,0.0,0.0,0.0,1,1
65,1.0,1.0,0.0,1.0,1.0,0.0,1.0,1.0,0.0,0.0,0.0,0.0,0.0,0.0,0.0,1,1
66,0.8479704,0.8830496,0.03507919999999998,0.83102906,0.89185643,0.06082737000000005,0.8875,0.8625,-0.02499999999999991,0.0,0.0,0.0,0.0,0.0,0.0,1,1
67,0.9079833,1.0,0.09201669999999995,0.90069044,1.0,0.09930956000000002,0.925,1.0,0.07499999999999996,0.0,0.0,0.0,0.0,0.0,0.0,1,1
68,1.0,0.96625006,-0.03374993999999998,1.0,1.0,0.0,1.0,0.8875,-0.11250000000000004,0.0,0.0,0.0,0.0,0.0,0.0,1,1
69,0.8477235,0.831905,-0.015818499999999958,0.7824621,0.8080786,0.02561649999999993,1.0,0.8875,-0.11250000000000004,0.0,0.0,0.0,0.0,0.0,0.0,1,1
70,1.0,1.0,0.0,1.0,1.0,0.0,1.0,1.0,0.0,0.0,0.0,0.0,0.0,0.0,0.0,1,1
71,1.0,0.99113715,-0.008862849999999978,0.99999994,0.98733866,-0.012661279999999997,1.0,1.0,0.0,0.0,0.0,0.0,0.0,0.0,0.0,1,1
72,0.9107817,0.83766997,-0.07311173000000004,0.95290244,0.9395285,-0.013373940000000029,0.8125,0.6,-0.21250000000000002,0.0,0.0,0.0,0.0,0.0,0.0,1,1
73,0.8703062,0.8943836,0.024077399999999916,0.921866,0.93483377,0.012967770000000045,0.75,0.8,0.050000000000000044,0.0,0.0,0.0,0.0,0.0,0.0,1,1
74,0.0,0.0,0.0,1.0,1.0,0.0,1.0,1.0,0.0,1.0,1.0,1.0,1.0,0.0,0.0,0,0
75,1.0,1.0,0.0,1.0,1.0,0.0,1.0,1.0,0.0,0.0,0.0,0.0,0.0,0.0,0.0,1,1
76,0.97749996,0.97749996,0.0,1.0,1.0,0.0,0.925,0.925,0.0,0.0,0.0,0.0,0.0,0.0,0.0,1,1
77,0.90358925,1.0,0.09641074999999999,0.86227036,1.0,0.13772964,1.0,1.0,0.0,0.0,0.0,0.0,0.0,0.0,0.0,1,1
78,0.9764417,1.0,0.023558300000000032,0.96634525,1.0,0.033654749999999956,1.0,1.0,0.0,0.0,0.0,0.0,0.0,0.0,0.0,1,1
79,0.8959225,0.97394353,0.07802103000000005,0.8513178,0.96277636,0.11145855999999998,1.0,1.0,0.0,0.0,0.0,0.0,0.0,0.0,0.0,1,1
80,1.0,1.0,0.0,1.0,1.0,0.0,1.0,1.0,0.0,0.0,0.0,0.0,0.0,0.0,0.0,1,1
81,0.77559,0.86221784,0.08662784000000001,0.76512855,0.85673976,0.09161120999999994,0.8,0.875,0.07499999999999996,0.0,0.0,0.0,0.0,0.0,0.0,1,1
82,1.0,1.0,0.0,1.0,1.0,0.0,1.0,1.0,0.0,0.0,0.0,0.0,0.0,0.0,0.0,1,1
83,0.97374994,1.0,0.026250059999999964,0.99999994,0.99999994,0.0,0.9125,1.0,0.08750000000000002,0.0,0.0,0.0,0.0,0.0,0.0,1,1
84,0.8837933,0.92966634,0.04587304000000003,0.8339903,0.8995234,0.06553310000000001,1.0,1.0,0.0,0.0,0.0,0.0,0.0,0.0,0.0,1,1
85,0.90512127,0.8851306,-0.019990669999999988,0.9126732,0.90018654,-0.012486659999999983,0.8875,0.85,-0.03749999999999998,0.0,0.0,0.0,0.0,0.0,0.0,1,1
86,0.8822923,0.92935276,0.04706045999999997,0.8318461,0.8990754,0.06722929999999994,1.0,1.0,0.0,0.0,0.0,0.0,0.0,0.0,0.0,1,1
87,0.9171287,0.9405815,0.02345279999999994,0.88161236,0.9151164,0.03350404000000007,1.0,1.0,0.0,0.0,0.0,0.0,0.0,0.0,0.0,1,1
88,0.897991,0.8894257,-0.008565299999999998,0.90248716,0.8902509,-0.012236259999999999,0.8875,0.8875,0.0,0.0,0.0,0.0,0.0,0.0,0.0,1,1
89,0.92073005,1.0,0.07926995000000003,0.88675725,1.0,0.11324274999999995,1.0,1.0,0.0,0.0,0.0,0.0,0.0,0.0,0.0,1,1
90,1.0,1.0,0.0,1.0,1.0,0.0,1.0,1.0,0.0,0.0,0.0,0.0,0.0,0.0,0.0,1,1
91,0.96625006,0.92026275,-0.04598731,1.0,0.9182325,-0.08176749999999999,0.8875,0.925,0.03750000000000009,0.0,0.0,0.0,0.0,0.0,0.0,1,1
92,0.88113636,0.8991915,0.01805514000000008,0.8301947,0.8559878,0.025793100000000013,1.0,1.0,0.0,0.0,0.0,0.0,0.0,0.0,0.0,1,1
93,0.0,0.96999997,0.96999997,0.6472869,1.0,0.3527131,1.0,0.90000004,-0.09999996,0.0,0.0,0.0,0.0,1.0,0.0,0,1
94,1.0,1.0,0.0,1.0,1.0,0.0,1.0,1.0,0.0,0.0,0.0,0.0,0.0,0.0,0.0,1,1
95,1.0,1.0,0.0,1.0,1.0,0.0,1.0,1.0,0.0,0.0,0.0,0.0,0.0,0.0,0.0,1,1
96,1.0,1.0,0.0,1.0,1.0,0.0,1.0,1.0,0.0,0.0,0.0,0.0,0.0,0.0,0.0,1,1
97,1.0,1.0,0.0,1.0,1.0,0.0,1.0,1.0,0.0,0.0,0.0,0.0,0.0,0.0,0.0,1,1
98,0.94033396,0.94033396,0.0,0.9147628,0.9147628,0.0,1.0,1.0,0.0,0.0,0.0,0.0,0.0,0.0,0.0,1,1
99,0.89728224,0.90126085,0.0039786099999999935,0.85326034,0.89108694,0.037826600000000044,1.0,0.925,-0.07499999999999996,0.0,0.0,0.0,0.0,0.0,0.0,1,1
100,0.94837856,0.9408787,-0.007499860000000025,0.9744695,0.9744695,0.0,0.8875,0.8625,-0.02499999999999991,0.0,0.0,0.0,0.0,0.0,0.0,1,1
101,0.9483542,0.9553303,0.00697609999999993,0.9744346,0.93618613,-0.03824847000000009,0.8875,1.0,0.11250000000000004,0.0,0.0,0.0,0.0,0.0,0.0,1,1
102,0.9218258,0.93051165,0.008685849999999995,0.8883225,0.90073097,0.012408470000000005,1.0,1.0,0.0,0.0,0.0,0.0,0.0,0.0,0.0,1,1
103,0.9124007,0.9211445,0.00874380000000008,0.87485814,0.8873493,0.012491160000000057,1.0,1.0,0.0,0.0,0.0,0.0,0.0,0.0,0.0,1,1
104,0.8698034,0.8915073,0.021703899999999998,0.8622192,0.898582,0.03636280000000003,0.8875,0.875,-0.012499999999999956,0.0,0.0,0.0,0.0,0.0,0.0,1,1
105,1.0,1.0,0.0,1.0,1.0,0.0,1.0,1.0,0.0,0.0,0.0,0.0,0.0,0.0,0.0,1,1
106,0.98668116,0.9601207,-0.026560459999999897,0.9809732,0.9430295,-0.037943700000000025,1.0,1.0,0.0,0.0,0.0,0.0,0.0,0.0,0.0,1,1
107,1.0,1.0,0.0,1.0,1.0,0.0,1.0,1.0,0.0,0.0,0.0,0.0,0.0,0.0,0.0,1,1
108,1.0,1.0,0.0,1.0,1.0,0.0,1.0,1.0,0.0,0.0,0.0,0.0,0.0,0.0,0.0,1,1
109,0.9322168,0.9492381,0.017021300000000017,0.90316695,0.927483,0.024316049999999922,1.0,1.0,0.0,0.0,0.0,0.0,0.0,0.0,0.0,1,1
110,0.9731657,0.9534797,-0.01968599999999998,0.9616652,0.98711383,0.025448629999999972,1.0,0.875,-0.125,0.0,0.0,0.0,0.0,0.0,0.0,1,1
111,1.0,1.0,0.0,1.0,1.0,0.0,1.0,1.0,0.0,0.0,0.0,0.0,0.0,0.0,0.0,1,1
112,0.0,0.0,0.0,1.0,1.0,0.0,1.0,1.0,0.0,1.0,1.0,1.0,1.0,0.0,0.0,0,0
113,0.834836,0.8023488,-0.03248720000000005,0.81226575,0.824784,0.012518249999999953,0.8875,0.75,-0.13749999999999996,0.0,0.0,0.0,0.0,0.0,0.0,1,1
114,0.90048236,0.9285364,0.028054040000000002,0.9328319,0.94612354,0.013291639999999938,0.825,0.8875,0.0625,0.0,0.0,0.0,0.0,0.0,0.0,1,1
115,0.874673,0.88686144,0.012188439999999967,0.8209614,0.83837354,0.01741214000000002,1.0,1.0,0.0,0.0,0.0,0.0,0.0,0.0,0.0,1,1
116,0.86709404,0.8847856,0.01769155999999994,0.81013435,0.8354079,0.025273549999999978,1.0,1.0,0.0,0.0,0.0,0.0,0.0,0.0,0.0,1,1
117,0.9213371,0.9388525,0.01751539999999996,0.88762444,0.91264635,0.02502191000000009,1.0,1.0,0.0,0.0,0.0,0.0,0.0,0.0,0.0,1,1
118,0.8982746,0.8982746,0.0,0.8546781,0.8546781,0.0,1.0,1.0,0.0,0.0,0.0,0.0,0.0,0.0,0.0,1,1
119,0.9175,0.8812315,-0.03626850000000004,1.0,0.93747365,-0.06252634999999995,0.725,0.75,0.025000000000000022,0.0,0.0,0.0,0.0,0.0,0.0,1,1
120,0.9906866,1.0,0.009313400000000027,0.9866952,1.0,0.013304800000000006,1.0,1.0,0.0,0.0,0.0,0.0,0.0,0.0,0.0,1,1
121,1.0,1.0,0.0,1.0,1.0,0.0,1.0,1.0,0.0,0.0,0.0,0.0,0.0,0.0,0.0,1,1
122,1.0,1.0,0.0,1.0,1.0,0.0,1.0,1.0,0.0,0.0,0.0,0.0,0.0,0.0,0.0,1,1
123,1.0,1.0,0.0,1.0,1.0,0.0,1.0,1.0,0.0,0.0,0.0,0.0,0.0,0.0,0.0,1,1
124,0.8897926,0.95928496,0.06949235999999992,0.88541806,0.94183576,0.056417700000000015,0.90000004,1.0,0.09999996,0.0,0.0,0.0,0.0,0.0,0.0,1,1
125,0.9450226,0.97765046,0.03262785999999995,0.9214609,0.96807206,0.046611159999999985,1.0,1.0,0.0,0.0,0.0,0.0,0.0,0.0,0.0,1,1
126,1.0,1.0,0.0,1.0,1.0,0.0,1.0,1.0,0.0,0.0,0.0,0.0,0.0,0.0,0.0,1,1
127,0.96624994,0.97600985,0.009759909999999983,0.99999994,0.96572834,-0.03427160000000007,0.8875,1.0,0.11250000000000004,0.0,0.0,0.0,0.0,0.0,0.0,1,1
128,0.97749996,0.91375,-0.06374996,0.99999994,0.99999994,0.0,0.925,0.71250004,-0.21249996000000004,0.0,0.0,0.0,0.0,0.0,0.0,1,1
129,0.9382618,0.9607617,0.022499900000000017,0.94394535,0.94394535,0.0,0.925,1.0,0.07499999999999996,0.0,0.0,0.0,0.0,0.0,0.0,1,1
130,0.9115715,0.97345465,0.06188315,0.87367356,0.9620781,0.08840454000000009,1.0,1.0,0.0,0.0,0.0,0.0,0.0,0.0,0.0,1,1
131,0.3886721,0.71551335,0.32684125,0.12667443,0.5935905,0.46691607,1.0,1.0,0.0,0.0,0.0,0.0,0.0,0.0,0.0,1,1
132,0.99808484,0.99808484,0.0,0.99726397,0.99726397,0.0,1.0,1.0,0.0,0.0,0.0,0.0,0.0,0.0,0.0,1,1
133,0.0,0.0,0.0,0.10882701,0.11746589,0.008638880000000002,1.0,0.5,-0.5,1.0,1.0,1.0,1.0,0.0,0.0,0,0
134,1.0,1.0,0.0,1.0,1.0,0.0,1.0,1.0,0.0,0.0,0.0,0.0,0.0,0.0,0.0,1,1
135,0.8388611,0.85809577,0.01923467000000001,0.8180158,0.8562081,0.03819230000000007,0.8875,0.8625,-0.02499999999999991,0.0,0.0,0.0,0.0,0.0,0.0,1,1
136,0.9122779,0.93001616,0.017738260000000006,0.87468266,0.900023,0.025340340000000072,1.0,1.0,0.0,0.0,0.0,0.0,0.0,0.0,0.0,1,1
137,0.96250004,0.97749996,0.014999919999999944,0.99999994,0.99999994,0.0,0.875,0.925,0.050000000000000044,0.0,0.0,0.0,0.0,0.0,0.0,1,1
138,1.0,1.0,0.0,1.0,1.0,0.0,1.0,1.0,0.0,0.0,0.0,0.0,0.0,0.0,0.0,1,1
139,0.8915748,0.91314393,0.021569130000000047,0.84510684,0.92413414,0.07902730000000002,1.0,0.8875,-0.11250000000000004,0.0,0.0,0.0,0.0,0.0,0.0,1,1
140,0.0,0.0,0.0,1.0,1.0,0.0,1.0,1.0,0.0,1.0,1.0,1.0,1.0,0.0,0.0,0,0
141,0.9115693,0.96250004,0.050930739999999974,0.92724186,1.0,0.07275814000000003,0.875,0.875,0.0,0.0,0.0,0.0,0.0,0.0,0.0,1,1
142,0.91749996,0.89124995,-0.026250010000000046,0.99999994,0.99999994,0.0,0.725,0.6375,-0.08750000000000002,0.0,0.0,0.0,0.0,0.0,0.0,1,1
143,1.0,1.0,0.0,1.0,1.0,0.0,1.0,1.0,0.0,0.0,0.0,0.0,0.0,0.0,0.0,1,1
144,0.95125,0.9300108,-0.021239200000000014,1.0,0.9482298,-0.05177019999999999,0.83750004,0.8875,0.049999959999999954,0.0,0.0,0.0,0.0,0.0,0.0,1,1
145,0.868351,0.8773608,0.009009800000000068,0.8119299,0.93730116,0.12537125999999998,1.0,0.7375,-0.26249999999999996,0.0,0.0,0.0,0.0,0.0,0.0,1,1
146,0.9106967,0.89400667,-0.016690030000000022,0.8724239,0.8485809,-0.02384300000000006,1.0,1.0,0.0,0.0,0.0,0.0,0.0,0.0,0.0,1,1
147,0.9062649,0.95740664,0.051141739999999936,0.86609274,0.93915236,0.07305961999999999,1.0,1.0,0.0,0.0,0.0,0.0,0.0,0.0,0.0,1,1
148,1.0,1.0,0.0,1.0,1.0,0.0,1.0,1.0,0.0,0.0,0.0,0.0,0.0,0.0,0.0,1,1
149,0.88860554,0.88860554,0.0,0.84086496,0.84086496,0.0,1.0,1.0,0.0,0.0,0.0,0.0,0.0,0.0,0.0,1,1
150,0.9288811,0.90937895,-0.019502149999999996,0.8984016,0.8705413,-0.02786030000000006,1.0,1.0,0.0,0.0,0.0,0.0,0.0,0.0,0.0,1,1
151,0.9209679,0.9297352,0.008767300000000033,0.887097,0.8996217,0.012524699999999944,1.0,1.0,0.0,0.0,0.0,0.0,0.0,0.0,0.0,1,1
152,0.97749996,0.87249726,-0.1050026999999999,1.0,0.9624961,-0.037503900000000034,0.925,0.6625,-0.26250000000000007,0.0,0.0,0.0,0.0,0.0,0.0,1,1
153,0.96624994,0.809853,-0.15639693999999993,0.99999994,0.7765757,-0.22342424000000005,0.8875,0.8875,0.0,0.0,0.0,0.0,0.0,0.0,0.0,1,1
154,1.0,1.0,0.0,1.0,1.0,0.0,1.0,1.0,0.0,0.0,0.0,0.0,0.0,0.0,0.0,1,1
155,0.93757915,0.9554283,0.01784914999999998,0.9108273,0.93632615,0.025498849999999962,1.0,1.0,0.0,0.0,0.0,0.0,0.0,0.0,0.0,1,1
156,0.9327404,0.9886946,0.055954199999999954,0.90391487,0.98384947,0.07993459999999997,1.0,1.0,0.0,0.0,0.0,0.0,0.0,0.0,0.0,1,1
157,0.91876715,0.88753074,-0.031236409999999992,0.9375245,0.8875439,-0.04998059999999993,0.875,0.8875,0.012499999999999956,0.0,0.0,0.0,0.0,0.0,0.0,1,1
158,0.0,0.8898001,0.8898001,0.10361835,0.84257156,0.73895321,1.0,1.0,0.0,1.0,0.0,1.0,0.0,0.0,0.0,0,1
159,0.94750005,0.8573702,-0.09012985000000007,1.0,0.9248145,-0.07518550000000002,0.825,0.7,-0.125,0.0,0.0,0.0,0.0,0.0,0.0,1,1
160,0.85224277,0.94482386,0.09258108999999992,0.78891826,0.92117685,0.13225859000000006,1.0,1.0,0.0,0.0,0.0,0.0,0.0,0.0,0.0,1,1
161,0.91243553,0.9386496,0.026214069999999978,0.874908,0.91235644,0.03744844000000003,1.0,1.0,0.0,0.0,0.0,0.0,0.0,0.0,0.0,1,1
162,0.76550716,0.77390414,0.008396979999999998,0.7453674,0.8216487,0.0762813,0.8125,0.6625,-0.15000000000000002,0.0,0.0,0.0,0.0,0.0,0.0,1,1
163,1.0,1.0,0.0,1.0,1.0,0.0,1.0,1.0,0.0,0.0,0.0,0.0,0.0,0.0,0.0,1,1
164,0.8091118,0.74442214,-0.0646896600000001,0.7594455,0.7956031,0.03615760000000001,0.925,0.625,-0.30000000000000004,0.0,0.0,0.0,0.0,0.0,0.0,1,1
165,1.0,1.0,0.0,1.0,1.0,0.0,1.0,1.0,0.0,0.0,0.0,0.0,0.0,0.0,0.0,1,1
166,0.95582926,0.95582926,0.0,0.936899,0.936899,0.0,1.0,1.0,0.0,0.0,0.0,0.0,0.0,0.0,0.0,1,1
167,0.9175,0.9643974,0.04689739999999998,1.0,0.94913906,-0.050860939999999966,0.725,1.0,0.275,0.0,0.0,0.0,0.0,0.0,0.0,1,1
168,0.89979726,0.90622824,0.006430979999999975,0.888996,0.93032604,0.04133003999999996,0.925,0.85,-0.07500000000000007,0.0,0.0,0.0,0.0,0.0,0.0,1,1
169,0.87051374,0.88304776,0.012534019999999924,0.8150196,0.8811397,0.06612010000000001,1.0,0.8875,-0.11250000000000004,0.0,0.0,0.0,0.0,0.0,0.0,1,1
170,0.92159766,0.92159766,0.0,0.8879966,0.8879966,0.0,1.0,1.0,0.0,0.0,0.0,0.0,0.0,0.0,0.0,1,1
171,0.9691376,0.97749996,0.008362359999999902,0.95591074,1.0,0.04408926000000002,1.0,0.925,-0.07499999999999996,0.0,0.0,0.0,0.0,0.0,0.0,1,1
172,0.8757672,0.87376386,-0.00200334000000002,0.82252455,0.8732341,0.05070954999999999,1.0,0.875,-0.125,0.0,0.0,0.0,0.0,0.0,0.0,1,1
173,0.90540427,0.9480843,0.04268002999999998,0.8648632,0.92583466,0.06097145999999998,1.0,1.0,0.0,0.0,0.0,0.0,0.0,0.0,0.0,1,1
174,1.0,1.0,0.0,1.0,1.0,0.0,1.0,1.0,0.0,0.0,0.0,0.0,0.0,0.0,0.0,1,1
175,1.0,1.0,0.0,0.99999994,0.99999994,0.0,1.0,1.0,0.0,0.0,0.0,0.0,0.0,0.0,0.0,1,1
176,1.0,1.0,0.0,1.0,1.0,0.0,1.0,1.0,0.0,0.0,0.0,0.0,0.0,0.0,0.0,1,1
177,0.8012043,0.8618709,0.060666600000000015,0.7160062,0.8026727,0.08666649999999998,1.0,1.0,0.0,0.0,0.0,0.0,0.0,0.0,0.0,1,1
178,0.8812559,0.9090349,0.027778999999999998,0.83036554,0.87004983,0.039684290000000066,1.0,1.0,0.0,0.0,0.0,0.0,0.0,0.0,0.0,1,1
179,0.83593017,0.806019,-0.029911169999999987,0.7656145,0.72288424,-0.04273026000000002,1.0,1.0,0.0,0.0,0.0,0.0,0.0,0.0,0.0,1,1
180,0.92873937,0.97368395,0.04494458000000001,0.8981991,0.9624056,0.06420649999999994,1.0,1.0,0.0,0.0,0.0,0.0,0.0,0.0,0.0,1,1
181,1.0,1.0,0.0,1.0,1.0,0.0,1.0,1.0,0.0,0.0,0.0,0.0,0.0,0.0,0.0,1,1
182,1.0,1.0,0.0,1.0,1.0,0.0,1.0,1.0,0.0,0.0,0.0,0.0,0.0,0.0,0.0,1,1
183,0.7844171,0.7806671,-0.003750000000000031,0.78309584,0.78309584,0.0,0.7875,0.77500004,-0.012499959999999977,0.0,0.0,0.0,0.0,0.0,0.0,1,1
184,0.9552069,0.93732256,-0.017884339999999943,0.9360098,0.9104607,-0.02554909999999999,1.0,1.0,0.0,0.0,0.0,0.0,0.0,0.0,0.0,1,1
185,0.97607005,1.0,0.023929949999999978,0.96581423,1.0,0.034185770000000004,1.0,1.0,0.0,0.0,0.0,0.0,0.0,0.0,0.0,1,1
186,0.92490256,0.9380323,0.01312974,0.94628936,0.959689,0.013399640000000046,0.875,0.8875,0.012499999999999956,0.0,0.0,0.0,0.0,0.0,0.0,1,1
187,0.9565776,1.0,0.04342239999999997,0.93796796,1.0,0.062032039999999955,1.0,1.0,0.0,0.0,0.0,0.0,0.0,0.0,0.0,1,1
188,1.0,1.0,0.0,0.99999994,0.99999994,0.0,1.0,1.0,0.0,0.0,0.0,0.0,0.0,0.0,0.0,1,1
189,1.0,1.0,0.0,1.0,1.0,0.0,1.0,1.0,0.0,0.0,0.0,0.0,0.0,0.0,0.0,1,1
190,1.0,1.0,0.0,1.0,1.0,0.0,1.0,1.0,0.0,0.0,0.0,0.0,0.0,0.0,0.0,1,1
191,1.0,1.0,0.0,1.0000001,1.0000001,0.0,1.0,1.0,0.0,0.0,0.0,0.0,0.0,0.0,0.0,1,1
192,1.0,1.0,0.0,1.0,1.0,0.0,1.0,1.0,0.0,0.0,0.0,0.0,0.0,0.0,0.0,1,1
193,1.0,1.0,0.0,1.0,1.0,0.0,1.0,1.0,0.0,0.0,0.0,0.0,0.0,0.0,0.0,1,1
194,0.92035687,0.93822587,0.017869000000000024,0.88622403,0.9117512,0.025527169999999932,1.0,1.0,0.0,0.0,0.0,0.0,0.0,0.0,0.0,1,1
195,0.94375,0.96625006,0.022500060000000044,1.0,1.0,0.0,0.8125,0.8875,0.07499999999999996,0.0,0.0,0.0,0.0,0.0,0.0,1,1
196,1.0,1.0,0.0,1.0,1.0,0.0,1.0,1.0,0.0,0.0,0.0,0.0,0.0,0.0,0.0,1,1
197,0.94514143,1.0,0.05485857000000005,0.9216306,1.0,0.07836940000000003,1.0,1.0,0.0,0.0,0.0,0.0,0.0,0.0,0.0,1,1
198,0.93425906,0.9251005,-0.009158560000000038,0.9060844,0.8930008,-0.013083599999999973,1.0,1.0,0.0,0.0,0.0,0.0,0.0,0.0,0.0,1,1
199,1.0,1.0,0.0,1.0,1.0,0.0,1.0,1.0,0.0,0.0,0.0,0.0,0.0,0.0,0.0,1,1
200,1.0,1.0,0.0,1.0,1.0,0.0,1.0,1.0,0.0,0.0,0.0,0.0,0.0,0.0,0.0,1,1
201,1.0,0.9594561,-0.040543899999999966,1.0,0.99029434,-0.00970565999999995,1.0,0.8875,-0.11250000000000004,0.0,0.0,0.0,0.0,0.0,0.0,1,1
202,0.92023146,0.9113946,-0.008836859999999946,0.886045,0.87342083,-0.012624169999999935,1.0,1.0,0.0,0.0,0.0,0.0,0.0,0.0,0.0,1,1
203,0.9299227,0.92115784,-0.008764859999999985,0.8998896,0.8873683,-0.012521299999999957,1.0,1.0,0.0,0.0,0.0,0.0,0.0,0.0,0.0,1,1
204,1.0,1.0,0.0,1.0,1.0,0.0,1.0,1.0,0.0,0.0,0.0,0.0,0.0,0.0,0.0,1,1
205,0.89506453,0.90380776,0.00874322999999999,0.8500922,0.86258245,0.012490250000000036,1.0,1.0,0.0,0.0,0.0,0.0,0.0,0.0,0.0,1,1
206,0.81098574,0.7884857,-0.022500040000000054,0.81569386,0.81569386,0.0,0.8,0.725,-0.07500000000000007,0.0,0.0,0.0,0.0,0.0,0.0,1,1
207,1.0,1.0,0.0,1.0,1.0,0.0,1.0,1.0,0.0,0.0,0.0,0.0,0.0,0.0,0.0,1,1
208,0.9126738,0.9165527,0.0038789000000000184,0.87524813,0.9129325,0.03768437000000002,1.0,0.925,-0.07499999999999996,0.0,0.0,0.0,0.0,0.0,0.0,1,1
209,0.9352493,0.97202986,0.03678056000000007,0.9074991,0.9600426,0.052543499999999965,1.0,1.0,0.0,0.0,0.0,0.0,0.0,0.0,0.0,1,1
210,0.96250004,0.96625006,0.0037500200000000206,1.0,1.0,0.0,0.875,0.8875,0.012499999999999956,0.0,0.0,0.0,0.0,0.0,0.0,1,1
211,0.77455133,0.8221528,0.047601470000000035,0.72614473,0.8048611,0.07871636999999998,0.8875,0.8625,-0.02499999999999991,0.0,0.0,0.0,0.0,0.0,0.0,1,1
212,1.0,1.0,0.0,1.0,1.0,0.0,1.0,1.0,0.0,0.0,0.0,0.0,0.0,0.0,0.0,1,1
213,0.9825837,0.9912934,0.008709700000000042,0.9751196,0.987562,0.012442400000000076,1.0,1.0,0.0,0.0,0.0,0.0,0.0,0.0,0.0,1,1
214,0.8688297,0.90380687,0.03497717,0.81261384,0.8625812,0.049967360000000016,1.0,1.0,0.0,0.0,0.0,0.0,0.0,0.0,0.0,1,1
215,0.8988535,0.9153,0.01644650000000003,0.85550493,0.87900007,0.02349513999999997,1.0,1.0,0.0,0.0,0.0,0.0,0.0,0.0,0.0,1,1
216,1.0,1.0,0.0,1.0,1.0,0.0,1.0,1.0,0.0,0.0,0.0,0.0,0.0,0.0,0.0,1,1
217,1.0,1.0,0.0,1.0,1.0,0.0,1.0,1.0,0.0,0.0,0.0,0.0,0.0,0.0,0.0,1,1
218,0.91,0.9173752,0.007375199999999915,1.0,0.9248217,-0.07517830000000003,0.7,0.90000004,0.20000004000000005,0.0,0.0,0.0,0.0,0.0,0.0,1,1
219,1.0,1.0,0.0,1.0,1.0,0.0,1.0,1.0,0.0,0.0,0.0,0.0,0.0,0.0,0.0,1,1
220,0.94,0.96499884,0.024998840000000078,0.99999994,0.9874982,-0.012501740000000039,0.8,0.9125,0.11249999999999993,0.0,0.0,0.0,0.0,0.0,0.0,1,1
221,0.9477095,0.9654428,0.017733300000000063,0.92529917,0.9506325,0.025333330000000043,1.0,1.0,0.0,0.0,0.0,0.0,0.0,0.0,0.0,1,1
222,1.0,1.0,0.0,1.0,1.0,0.0,1.0,1.0,0.0,0.0,0.0,0.0,0.0,0.0,0.0,1,1
223,0.95125,0.9324867,-0.01876330000000004,1.0,0.9517667,-0.048233300000000034,0.83750004,0.8875,0.049999959999999954,0.0,0.0,0.0,0.0,0.0,0.0,1,1
224,0.9468126,1.0,0.053187399999999996,0.9722324,1.0,0.027767600000000003,0.8875,1.0,0.11250000000000004,0.0,0.0,0.0,0.0,0.0,0.0,1,1
225,0.99161017,1.0,0.008389830000000043,0.9880145,1.0,0.011985499999999982,1.0,1.0,0.0,0.0,0.0,0.0,0.0,0.0,0.0,1,1
226,1.0,1.0,0.0,1.0,1.0,0.0,1.0,1.0,0.0,0.0,0.0,0.0,0.0,0.0,0.0,1,1
227,1.0,1.0,0.0,1.0,1.0,0.0,1.0,1.0,0.0,0.0,0.0,0.0,0.0,0.0,0.0,1,1
228,0.95099527,0.9097452,-0.041250069999999917,0.97820747,0.97820747,0.0,0.8875,0.75,-0.13749999999999996,0.0,0.0,0.0,0.0,0.0,0.0,1,1
229,0.9267845,0.98196757,0.05518307,0.8954065,0.9742393,0.07883280000000004,1.0,1.0,0.0,0.0,0.0,0.0,0.0,0.0,0.0,1,1
230,1.0,1.0,0.0,1.0,1.0,0.0,1.0,1.0,0.0,0.0,0.0,0.0,0.0,0.0,0.0,1,1
231,0.0,0.95874995,0.95874995,0.6928565,1.0,0.3071435,0.83606553,0.8625,0.0264344700000001,1.0,0.0,1.0,0.0,0.0,0.0,0,1
232,0.92761195,0.8840197,-0.04359225,0.9501599,0.88788515,-0.062274749999999934,0.875,0.875,0.0,0.0,0.0,0.0,0.0,0.0,0.0,1,1
233,1.0,1.0,0.0,1.0,1.0,0.0,1.0,1.0,0.0,0.0,0.0,0.0,0.0,0.0,0.0,1,1
234,0.902709,0.9414051,0.03869610000000001,0.8610128,0.91629297,0.05528016999999996,1.0,1.0,0.0,0.0,0.0,0.0,0.0,0.0,0.0,1,1
235,0.90047455,0.9191834,0.01870885,0.8578207,0.88454765,0.026726950000000027,1.0,1.0,0.0,0.0,0.0,0.0,0.0,0.0,0.0,1,1
236,0.895648,0.8731481,-0.022499900000000017,0.8509258,0.8509258,0.0,1.0,0.925,-0.07499999999999996,0.0,0.0,0.0,0.0,0.0,0.0,1,1
237,0.95575565,0.96426135,0.00850570000000006,0.96357936,0.9757305,0.01215113999999995,0.9375,0.9375,0.0,0.0,0.0,0.0,0.0,0.0,0.0,1,1
238,1.0,1.0,0.0,1.0,1.0,0.0,1.0,1.0,0.0,0.0,0.0,0.0,0.0,0.0,0.0,1,1
239,0.8249464,0.8206709,-0.004275499999999988,0.74992335,0.7759585,0.026035150000000007,1.0,0.925,-0.07499999999999996,0.0,0.0,0.0,0.0,0.0,0.0,1,1
240,0.9436591,0.91862786,-0.02503124000000001,0.9623702,0.9373255,-0.02504469999999992,0.90000004,0.875,-0.02500004,0.0,0.0,0.0,0.0,0.0,0.0,1,1
241,0.81391495,0.84011364,0.02619868999999997,0.78773564,0.8251624,0.03742676,0.875,0.875,0.0,0.0,0.0,0.0,0.0,0.0,0.0,1,1
242,0.8774576,0.975996,0.09853840000000003,0.8249394,0.9657086,0.14076920000000004,1.0,1.0,0.0,0.0,0.0,0.0,0.0,0.0,0.0,1,1
243,0.95125,0.97749996,0.026249959999999906,1.0,1.0,0.0,0.83750004,0.925,0.08749996000000004,0.0,0.0,0.0,0.0,0.0,0.0,1,1
244,0.92901784,0.9548343,0.02581646000000004,0.8985969,0.9354775,0.03688059999999993,1.0,1.0,0.0,0.0,0.0,0.0,0.0,0.0,0.0,1,1
245,0.0,1.0,1.0,1.0,1.0,0.0,1.0,1.0,0.0,1.0,0.0,1.0,0.0,0.0,0.0,0,1
246,1.0,1.0,0.0,1.0,1.0,0.0,1.0,1.0,0.0,0.0,0.0,0.0,0.0,0.0,0.0,1,1
247,0.841705,0.8542175,0.012512499999999926,0.8274358,0.8399536,0.012517799999999912,0.875,0.8875,0.012499999999999956,0.0,0.0,0.0,0.0,0.0,0.0,1,1
248,0.7921684,0.8938262,0.10165780000000002,0.7352405,0.880466,0.1452255,0.925,0.925,0.0,0.0,0.0,0.0,0.0,0.0,0.0,1,1
249,0.89148635,0.93994826,0.04846191,0.8771233,0.91421175,0.03708844999999994,0.925,1.0,0.07499999999999996,0.0,0.0,0.0,0.0,0.0,0.0,1,1
250,0.9480616,0.96625006,0.018188460000000073,0.9258023,1.0,0.07419770000000003,1.0,0.8875,-0.11250000000000004,0.0,0.0,0.0,0.0,0.0,0.0,1,1
251,1.0,1.0,0.0,1.0,1.0,0.0,1.0,1.0,0.0,0.0,0.0,0.0,0.0,0.0,0.0,1,1
252,1.0,0.8820155,-0.11798450000000005,1.0,0.917165,-0.08283499999999999,1.0,0.8,-0.19999999999999996,0.0,0.0,0.0,0.0,0.0,0.0,1,1
253,0.9433819,0.9715473,0.028165400000000007,0.91911703,0.99149615,0.07237912000000002,1.0,0.925,-0.07499999999999996,0.0,0.0,0.0,0.0,0.0,0.0,1,1
254,1.0,0.94375,-0.05625000000000002,1.0,1.0,0.0,1.0,0.8125,-0.1875,0.0,0.0,0.0,0.0,0.0,0.0,1,1
255,0.8004798,0.8299877,0.02950790000000003,0.81675684,0.8535539,0.03679705999999994,0.7625,0.77500004,0.012500040000000046,0.0,0.0,0.0,0.0,0.0,0.0,1,1
256,0.8896329,0.8761801,-0.013452799999999931,0.8423327,0.8552572,0.012924500000000005,1.0,0.925,-0.07499999999999996,0.0,0.0,0.0,0.0,0.0,0.0,1,1
257,1.0,1.0,0.0,1.0,1.0,0.0,1.0,1.0,0.0,0.0,0.0,0.0,0.0,0.0,0.0,1,1
258,0.84624666,0.88623554,0.039988880000000004,0.8124952,0.8374793,0.024984100000000065,0.925,1.0,0.07499999999999996,0.0,0.0,0.0,0.0,0.0,0.0,1,1
259,1.0,1.0,0.0,1.0,1.0,0.0,1.0,1.0,0.0,0.0,0.0,0.0,0.0,0.0,0.0,1,1
260,1.0,1.0,0.0,1.0,1.0,0.0,1.0,1.0,0.0,0.0,0.0,0.0,0.0,0.0,0.0,1,1
261,1.0,1.0,0.0,1.0,1.0,0.0,1.0,1.0,0.0,0.0,0.0,0.0,0.0,0.0,0.0,1,1
262,0.9038334,0.9388655,0.03503210000000001,0.8626192,0.9126649,0.05004569999999997,1.0,1.0,0.0,0.0,0.0,0.0,0.0,0.0,0.0,1,1
263,0.9411976,0.9564356,0.015238000000000085,0.91599655,0.98597944,0.06998289000000002,1.0,0.8875,-0.11250000000000004,0.0,0.0,0.0,0.0,0.0,0.0,1,1
264,1.0,1.0,0.0,1.0,1.0,0.0,1.0,1.0,0.0,0.0,0.0,0.0,0.0,0.0,0.0,1,1
265,0.9393918,0.9393918,0.0,0.91341686,0.91341686,0.0,1.0,1.0,0.0,0.0,0.0,0.0,0.0,0.0,0.0,1,1
266,0.903187,1.0,0.09681300000000004,0.8616957,1.0,0.13830430000000005,1.0,1.0,0.0,0.0,0.0,0.0,0.0,0.0,0.0,1,1
267,0.94,0.9537062,0.013706200000000002,1.0,0.98743737,-0.012562630000000019,0.8,0.875,0.07499999999999996,0.0,0.0,0.0,0.0,0.0,0.0,1,1
268,0.97378796,1.0,0.026212039999999992,0.9625543,1.0,0.037445700000000026,1.0,1.0,0.0,0.0,0.0,0.0,0.0,0.0,0.0,1,1
269,0.83939993,0.95629853,0.11689859999999996,0.7705713,0.9697122,0.19914090000000007,1.0,0.925,-0.07499999999999996,0.0,0.0,0.0,0.0,0.0,0.0,1,1
270,1.0,1.0,0.0,0.99999994,0.99999994,0.0,1.0,1.0,0.0,0.0,0.0,0.0,0.0,0.0,0.0,1,1
271,0.8851067,0.92722666,0.042119959999999956,0.83586663,0.89603806,0.060171429999999915,1.0,1.0,0.0,0.0,0.0,0.0,0.0,0.0,0.0,1,1
272,1.0,1.0,0.0,1.0,1.0,0.0,1.0,1.0,0.0,0.0,0.0,0.0,0.0,0.0,0.0,1,1
273,1.0,1.0,0.0,1.0,1.0,0.0,1.0,1.0,0.0,0.0,0.0,0.0,0.0,0.0,0.0,1,1
274,0.9263019,0.91057056,-0.015731339999999983,0.894717,0.9258151,0.031098100000000017,1.0,0.875,-0.125,0.0,0.0,0.0,0.0,0.0,0.0,1,1
275,0.97749996,0.97749996,0.0,1.0,1.0,0.0,0.925,0.925,0.0,0.0,0.0,0.0,0.0,0.0,0.0,1,1
276,1.0,1.0,0.0,1.0,1.0,0.0,1.0,1.0,0.0,0.0,0.0,0.0,0.0,0.0,0.0,1,1
277,0.89498454,0.93882656,0.043842019999999926,0.8499779,0.9126093,0.0626314,1.0,1.0,0.0,0.0,0.0,0.0,0.0,0.0,0.0,1,1
278,0.96625006,0.0,-0.96625006,1.0,1.0,0.0,0.8875,0.8846154,-0.002884599999999904,0.0,1.0,0.0,1.0,0.0,0.0,1,0
279,0.93663627,0.91717815,-0.019458120000000023,0.9094804,0.88168305,-0.027797349999999943,1.0,1.0,0.0,0.0,0.0,0.0,0.0,0.0,0.0,1,1
280,0.8685352,0.88293976,0.01440456000000001,0.8121932,0.86491394,0.052720740000000044,1.0,0.925,-0.07499999999999996,0.0,0.0,0.0,0.0,0.0,0.0,1,1
281,0.87772065,0.9038494,0.026128750000000034,0.82531524,0.8626421,0.03732685999999996,1.0,1.0,0.0,0.0,0.0,0.0,0.0,0.0,0.0,1,1
282,0.9186593,0.9550171,0.036357799999999996,0.883799,0.9357387,0.05193970000000003,1.0,1.0,0.0,0.0,0.0,0.0,0.0,0.0,0.0,1,1
283,0.9129076,0.96625006,0.05334245999999998,0.8755822,1.0,0.12441780000000002,1.0,0.8875,-0.11250000000000004,0.0,0.0,0.0,0.0,0.0,0.0,1,1
284,0.90010303,0.90010303,0.0,0.85729,0.85729,0.0,1.0,1.0,0.0,0.0,0.0,0.0,0.0,0.0,0.0,1,1
285,0.97749996,1.0,0.022500040000000054,1.0,1.0,0.0,0.925,1.0,0.07499999999999996,0.0,0.0,0.0,0.0,0.0,0.0,1,1
286,0.9548783,0.97287506,0.017996760000000056,0.9355404,0.96125007,0.025709669999999907,1.0,1.0,0.0,0.0,0.0,0.0,0.0,0.0,0.0,1,1
287,1.0,1.0,0.0,1.0,1.0,0.0,1.0,1.0,0.0,0.0,0.0,0.0,0.0,0.0,0.0,1,1
288,0.79094785,0.8127894,0.021841549999999987,0.75492555,0.7807705,0.02584495000000009,0.875,0.8875,0.012499999999999956,0.0,0.0,0.0,0.0,0.0,0.0,1,1
289,0.9941889,0.9941889,0.0,0.9916984,0.9916984,0.0,1.0,1.0,0.0,0.0,0.0,0.0,0.0,0.0,0.0,1,1
290,0.94625723,0.9730606,0.026803370000000104,0.9232246,0.96151507,0.038290470000000076,1.0,1.0,0.0,0.0,0.0,0.0,0.0,0.0,0.0,1,1
291,0.9041093,0.92171115,0.01760185000000003,0.86301327,0.8881588,0.02514552999999997,1.0,1.0,0.0,0.0,0.0,0.0,0.0,0.0,0.0,1,1
292,0.8963985,0.9114377,0.01503920000000003,0.8519978,0.91098243,0.05898462999999998,1.0,0.9125,-0.08750000000000002,0.0,0.0,0.0,0.0,0.0,0.0,1,1
293,1.0,1.0,0.0,1.0,1.0,0.0,1.0,1.0,0.0,0.0,0.0,0.0,0.0,0.0,0.0,1,1
294,0.9040355,0.93041,0.026374499999999967,0.8629078,0.9005858,0.03767799999999999,1.0,1.0,0.0,0.0,0.0,0.0,0.0,0.0,0.0,1,1
295,1.0,0.70056504,-0.29943496000000003,1.0,0.5722357,-0.4277643,1.0,1.0,0.0,0.0,0.0,0.0,0.0,0.0,0.0,1,1
296,1.0,0.97749996,-0.022500040000000054,1.0,1.0,0.0,1.0,0.925,-0.07499999999999996,0.0,0.0,0.0,0.0,0.0,0.0,1,1
297,0.97749996,0.96250004,-0.014999919999999944,0.99999994,0.99999994,0.0,0.925,0.875,-0.050000000000000044,0.0,0.0,0.0,0.0,0.0,0.0,1,1
298,0.9050272,0.91376704,0.008739839999999943,0.8643245,0.8768101,0.012485599999999986,1.0,1.0,0.0,0.0,0.0,0.0,0.0,0.0,0.0,1,1
299,0.8257662,0.8659212,0.04015499999999994,0.79930884,0.86203027,0.06272142999999997,0.8875,0.875,-0.012499999999999956,0.0,0.0,0.0,0.0,0.0,0.0,1,1
300,1.0,1.0,0.0,1.0,1.0,0.0,1.0,1.0,0.0,0.0,0.0,0.0,0.0,0.0,0.0,1,1
301,0.88151497,0.94479465,0.06327967999999995,0.8843071,0.9747066,0.09039949999999997,0.875,0.875,0.0,0.0,0.0,0.0,0.0,0.0,0.0,1,1
302,1.0,1.0,0.0,1.0,1.0,0.0,1.0,1.0,0.0,0.0,0.0,0.0,0.0,0.0,0.0,1,1
303,1.0,1.0,0.0,1.0,1.0,0.0,1.0,1.0,0.0,0.0,0.0,0.0,0.0,0.0,0.0,1,1
304,0.0,0.0,0.0,1.0,0.9373239,-0.06267610000000001,1.0,0.99999994,-5.999999996841865e-08,1.0,1.0,1.0,1.0,0.0,0.0,0,0
305,0.93379366,0.92249006,-0.01130359999999997,0.9375622,0.9749857,0.03742349999999994,0.925,0.8,-0.125,0.0,0.0,0.0,0.0,0.0,0.0,1,1
306,0.82276386,0.82651377,0.003749910000000023,0.805734,0.805734,0.0,0.8625,0.875,0.012499999999999956,0.0,0.0,0.0,0.0,0.0,0.0,1,1
307,1.0,0.97749996,-0.022500040000000054,1.0,1.0,0.0,1.0,0.925,-0.07499999999999996,0.0,0.0,0.0,0.0,0.0,0.0,1,1
308,1.0,0.9473756,-0.052624400000000016,1.0,0.9248223,-0.07517770000000001,1.0,1.0,0.0,0.0,0.0,0.0,0.0,0.0,0.0,1,1
309,1.0,1.0,0.0,1.0,1.0,0.0,1.0,1.0,0.0,0.0,0.0,0.0,0.0,0.0,0.0,1,1
310,0.9805061,0.99023956,0.009733459999999972,0.97215164,0.9860564,0.013904760000000072,1.0,1.0,0.0,0.0,0.0,0.0,0.0,0.0,0.0,1,1
311,0.87889427,0.8976456,0.018751330000000066,0.8752061,0.912708,0.03750189999999998,0.8875,0.8625,-0.02499999999999991,0.0,0.0,0.0,0.0,0.0,0.0,1,1
312,1.0,1.0,0.0,1.0,1.0,0.0,1.0,1.0,0.0,0.0,0.0,0.0,0.0,0.0,0.0,1,1
313,0.0,0.0,0.0,1.0,1.0,0.0,1.0,1.0,0.0,1.0,1.0,1.0,1.0,0.0,0.0,0,0
314,0.96250004,0.98125,0.018749959999999954,1.0,1.0,0.0,0.875,0.9375,0.0625,0.0,0.0,0.0,0.0,0.0,0.0,1,1
315,0.9486473,0.8661289,-0.08251839999999999,0.9748534,0.8623271,-0.11252629999999997,0.8875,0.875,-0.012499999999999956,0.0,0.0,0.0,0.0,0.0,0.0,1,1
316,0.93386644,0.92090094,-0.012965499999999963,0.9751663,0.8870012,-0.0881651,0.83750004,1.0,0.16249996,0.0,0.0,0.0,0.0,0.0,0.0,1,1
317,1.0,1.0,0.0,1.0,1.0,0.0,1.0,1.0,0.0,0.0,0.0,0.0,0.0,0.0,0.0,1,1
318,1.0,1.0,0.0,1.0,1.0,0.0,1.0,1.0,0.0,0.0,0.0,0.0,0.0,0.0,0.0,1,1
319,0.0,0.0,0.0,1.0,1.0,0.0,1.0,1.0,0.0,1.0,1.0,1.0,1.0,0.0,0.0,0,0
320,0.86175597,0.8995623,0.03780633,0.80250853,0.8886604,0.08615187000000002,1.0,0.925,-0.07499999999999996,0.0,0.0,0.0,0.0,0.0,0.0,1,1
321,1.0,1.0,0.0,1.0,1.0,0.0,1.0,1.0,0.0,0.0,0.0,0.0,0.0,0.0,0.0,1,1
322,0.96250004,0.96625006,0.0037500200000000206,1.0,1.0,0.0,0.875,0.8875,0.012499999999999956,0.0,0.0,0.0,0.0,0.0,0.0,1,1
323,0.9139318,0.9619976,0.04806580000000005,0.8770454,0.94571096,0.06866556000000001,1.0,1.0,0.0,0.0,0.0,0.0,0.0,0.0,0.0,1,1
324,0.96053183,0.97816944,0.01763760999999997,0.94361687,0.9688134,0.025196529999999995,1.0,1.0,0.0,0.0,0.0,0.0,0.0,0.0,0.0,1,1
325,1.0,1.0,0.0,1.0,1.0,0.0,1.0,1.0,0.0,0.0,0.0,0.0,0.0,0.0,0.0,1,1
326,1.0,1.0,0.0,1.0,1.0,0.0,1.0,1.0,0.0,0.0,0.0,0.0,0.0,0.0,0.0,1,1
327,0.9251529,0.9634184,0.03826550000000006,0.8930755,0.94774055,0.05466504999999999,1.0,1.0,0.0,0.0,0.0,0.0,0.0,0.0,0.0,1,1
328,0.91213673,0.91213673,0.0,0.8744811,0.8744811,0.0,1.0,1.0,0.0,0.0,0.0,0.0,0.0,0.0,0.0,1,1
329,0.89877015,0.9125456,0.013775449999999911,0.9250288,0.8750652,-0.0499636,0.83750004,1.0,0.16249996,0.0,0.0,0.0,0.0,0.0,0.0,1,1
330,1.0,1.0,0.0,1.0,1.0,0.0,1.0,1.0,0.0,0.0,0.0,0.0,0.0,0.0,0.0,1,1
331,1.0,1.0,0.0,1.0,1.0,0.0,1.0,1.0,0.0,0.0,0.0,0.0,0.0,0.0,0.0,1,1
332,0.927977,0.8905205,-0.037456500000000004,0.98818135,0.891815,-0.09636634999999993,0.7875,0.8875,0.09999999999999998,0.0,0.0,0.0,0.0,0.0,0.0,1,1
333,0.9122467,0.9122467,0.0,0.8746381,0.8746381,0.0,1.0,1.0,0.0,0.0,0.0,0.0,0.0,0.0,0.0,1,1
334,0.96237737,0.96471196,0.0023345900000000253,0.9462533,0.9817313,0.03547800000000001,1.0,0.925,-0.07499999999999996,0.0,0.0,0.0,0.0,0.0,0.0,1,1
335,0.99105865,0.96625006,-0.02480859000000002,0.9872266,1.0,0.012773400000000046,1.0,0.8875,-0.11250000000000004,0.0,0.0,0.0,0.0,0.0,0.0,1,1
336,0.86044616,0.7854462,-0.07499995999999998,0.84885174,0.84885174,0.0,0.8875,0.6375,-0.25,0.0,0.0,0.0,0.0,0.0,0.0,1,1
337,0.9905882,1.0,0.00941179999999997,0.9865546,1.0,0.013445400000000052,1.0,1.0,0.0,0.0,0.0,0.0,0.0,0.0,0.0,1,1
338,1.0,1.0,0.0,1.0,1.0,0.0,1.0,1.0,0.0,0.0,0.0,0.0,0.0,0.0,0.0,1,1
339,1.0,1.0,0.0,1.0,1.0,0.0,1.0,1.0,0.0,0.0,0.0,0.0,0.0,0.0,0.0,1,1
340,1.0,1.0,0.0,1.0,1.0,0.0,1.0,1.0,0.0,0.0,0.0,0.0,0.0,0.0,0.0,1,1
341,0.83815306,0.98273224,0.14457918000000003,0.80093294,0.9753317,0.17439875999999999,0.925,1.0,0.07499999999999996,0.0,0.0,0.0,0.0,0.0,0.0,1,1
342,1.0,1.0,0.0,1.0,1.0,0.0,1.0,1.0,0.0,0.0,0.0,0.0,0.0,0.0,0.0,1,1
343,1.0,1.0,0.0,1.0,1.0,0.0,1.0,1.0,0.0,0.0,0.0,0.0,0.0,0.0,0.0,1,1
344,0.7782554,0.7782554,0.0,0.683222,0.683222,0.0,1.0,1.0,0.0,0.0,0.0,0.0,0.0,0.0,0.0,1,1
345,0.9536876,0.88471836,-0.06896923999999993,0.9874108,0.8995976,-0.08781320000000004,0.875,0.85,-0.025000000000000022,0.0,0.0,0.0,0.0,0.0,0.0,1,1
346,0.82523215,0.87768,0.05244784999999996,0.7503315,0.8252571,0.07492559999999993,1.0,1.0,0.0,0.0,0.0,0.0,0.0,0.0,0.0,1,1
347,0.9820652,0.89694655,-0.08511864999999996,0.97437894,0.8849236,-0.08945534,1.0,0.925,-0.07499999999999996,0.0,0.0,0.0,0.0,0.0,0.0,1,1
348,0.9328931,0.8706438,-0.06224930000000006,0.98449016,0.93841976,-0.046070399999999956,0.8125,0.71250004,-0.09999996,0.0,0.0,0.0,0.0,0.0,0.0,1,1
349,0.99154896,1.0,0.008451039999999965,0.98792696,0.99999994,0.012072980000000011,1.0,1.0,0.0,0.0,0.0,0.0,0.0,0.0,0.0,1,1
350,0.9288864,0.91220516,-0.01668124000000004,0.8984091,0.8745787,-0.02383039999999992,1.0,1.0,0.0,0.0,0.0,0.0,0.0,0.0,0.0,1,1
351,0.89371645,0.92123127,0.02751482000000005,0.8481664,0.8874732,0.039306799999999975,1.0,1.0,0.0,0.0,0.0,0.0,0.0,0.0,0.0,1,1
352,1.0,1.0,0.0,1.0,1.0,0.0,1.0,1.0,0.0,0.0,0.0,0.0,0.0,0.0,0.0,1,1
353,0.91974586,0.91974586,0.0,0.9335654,0.9335654,0.0,0.8875,0.8875,0.0,0.0,0.0,0.0,0.0,0.0,0.0,1,1
354,0.9478359,0.9016525,-0.046183399999999986,0.9254799,0.9130751,-0.012404799999999994,1.0,0.875,-0.125,0.0,0.0,0.0,0.0,0.0,0.0,1,1
355,0.8421999,0.8510416,0.008841699999999952,0.8227855,0.8354167,0.012631200000000065,0.8875,0.8875,0.0,0.0,0.0,0.0,0.0,0.0,0.0,1,1
356,0.9908277,0.8614339,-0.1293938,0.98689663,0.8824056,-0.10449103000000004,1.0,0.8125,-0.1875,0.0,0.0,0.0,0.0,0.0,0.0,1,1
357,0.96625006,1.0,0.03374993999999998,1.0,1.0,0.0,0.8875,1.0,0.11250000000000004,0.0,0.0,0.0,0.0,0.0,0.0,1,1
358,0.8771929,0.86988014,-0.007312760000000029,0.8245612,0.86232865,0.037767450000000036,1.0,0.8875,-0.11250000000000004,0.0,0.0,0.0,0.0,0.0,0.0,1,1
359,0.0,1.0,1.0,1.0,1.0,0.0,0.8472222,1.0,0.15277779999999996,1.0,0.0,1.0,0.0,0.0,0.0,0,1
360,1.0,1.0,0.0,1.0,1.0,0.0,1.0,1.0,0.0,0.0,0.0,0.0,0.0,0.0,0.0,1,1
361,0.95874995,0.86989117,-0.08885877999999992,1.0,0.8730588,-0.12694119999999998,0.8625,0.8625,0.0,0.0,0.0,0.0,0.0,0.0,0.0,1,1
362,0.9159055,0.96250004,0.04659453999999996,0.9334364,1.0,0.06656359999999995,0.875,0.875,0.0,0.0,0.0,0.0,0.0,0.0,0.0,1,1
363,0.92377585,0.95602113,0.03224528000000004,0.89110833,0.937173,0.04606467000000003,1.0,1.0,0.0,0.0,0.0,0.0,0.0,0.0,0.0,1,1
364,0.94241995,0.9436478,0.0012278500000000303,0.97131413,0.9516397,-0.01967443000000002,0.875,0.925,0.050000000000000044,0.0,0.0,0.0,0.0,0.0,0.0,1,1
365,0.9918968,0.97749996,-0.014396840000000077,0.98842406,1.0000001,0.01157604000000001,1.0,0.925,-0.07499999999999996,0.0,0.0,0.0,0.0,0.0,0.0,1,1
366,0.9018344,0.9115263,0.009691899999999976,0.8597634,0.873609,0.013845600000000013,1.0,1.0,0.0,0.0,0.0,0.0,0.0,0.0,0.0,1,1
367,1.0,0.0,-1.0,1.0,1.0,0.0,1.0,0.6515152,-0.34848480000000004,0.0,0.0,0.0,1.0,0.0,0.0,1,0
368,0.9197893,0.9375872,0.017797899999999922,0.8854132,0.9108388,0.025425599999999937,1.0,1.0,0.0,0.0,0.0,0.0,0.0,0.0,0.0,1,1
369,0.0,0.971614,0.971614,0.39482555,0.9594485,0.56462295,1.0,1.0,0.0,1.0,0.0,1.0,0.0,0.0,0.0,0,1
370,0.8973649,0.9488327,0.05146779999999995,0.8533784,0.9269039,0.07352550000000002,1.0,1.0,0.0,0.0,0.0,0.0,0.0,0.0,0.0,1,1
371,1.0,1.0,0.0,1.0,1.0,0.0,1.0,1.0,0.0,0.0,0.0,0.0,0.0,0.0,0.0,1,1
372,0.9400353,0.925,-0.015035299999999974,0.96255046,1.0,0.03744954,0.8875,0.75,-0.13749999999999996,0.0,0.0,0.0,0.0,0.0,0.0,1,1
373,1.0,1.0,0.0,1.0,1.0,0.0,1.0,1.0,0.0,0.0,0.0,0.0,0.0,0.0,0.0,1,1
374,0.95760137,1.0,0.04239862999999999,0.9394305,1.0,0.060569500000000054,1.0,1.0,0.0,0.0,0.0,0.0,0.0,0.0,0.0,1,1
375,0.0,0.0,0.0,1.0,1.0,0.0,1.0,1.0,0.0,1.0,1.0,1.0,1.0,0.0,0.0,0,0
376,0.93010426,0.99232715,0.06222289000000003,0.900149,0.98903865,0.08888965000000004,1.0,1.0,0.0,0.0,0.0,0.0,0.0,0.0,0.0,1,1
377,1.0,1.0,0.0,1.0,1.0,0.0,1.0,1.0,0.0,0.0,0.0,0.0,0.0,0.0,0.0,1,1
378,0.97749996,0.96625006,-0.011249899999999924,1.0,1.0,0.0,0.925,0.8875,-0.03750000000000009,0.0,0.0,0.0,0.0,0.0,0.0,1,1
379,0.97749996,0.9113952,-0.06610475999999998,0.99999994,0.9323502,-0.06764974000000001,0.925,0.8625,-0.0625,0.0,0.0,0.0,0.0,0.0,0.0,1,1
380,1.0,0.95500004,-0.04499995999999995,1.0,1.0,0.0,1.0,0.85,-0.15000000000000002,0.0,0.0,0.0,0.0,0.0,0.0,1,1
381,1.0,1.0,0.0,1.0,1.0,0.0,1.0,1.0,0.0,0.0,0.0,0.0,0.0,0.0,0.0,1,1
382,0.9458565,0.9592504,0.013393899999999959,0.9226522,0.9417862,0.019133999999999984,1.0,1.0,0.0,0.0,0.0,0.0,0.0,0.0,0.0,1,1
383,0.9381323,0.99099696,0.05286466000000001,0.9116176,0.9871384,0.07552079999999994,1.0,1.0,0.0,0.0,0.0,0.0,0.0,0.0,0.0,1,1
384,1.0,1.0,0.0,1.0,1.0,0.0,1.0,1.0,0.0,0.0,0.0,0.0,0.0,0.0,0.0,1,1
385,0.831112,0.80861205,-0.022499949999999935,0.8123029,0.8123029,0.0,0.875,0.8,-0.07499999999999996,0.0,0.0,0.0,0.0,0.0,0.0,1,1
386,0.89167225,0.91634864,0.024676389999999992,0.845246,0.8804981,0.0352520999999999,1.0,1.0,0.0,0.0,0.0,0.0,0.0,0.0,0.0,1,1
387,0.0,0.99429476,0.99429476,0.99340755,0.99184954,-0.0015580099999999986,1.0,1.0,0.0,0.0,0.0,1.0,0.0,0.0,0.0,0,1
388,0.9325,0.95500004,0.022500040000000054,1.0,1.0,0.0,0.77500004,0.85,0.07499995999999998,0.0,0.0,0.0,0.0,0.0,0.0,1,1
389,0.95612013,1.0,0.04387987000000004,0.9373145,1.0,0.06268549999999995,1.0,1.0,0.0,0.0,0.0,0.0,0.0,0.0,0.0,1,1
390,0.92223835,0.9305431,0.008304749999999972,0.888912,0.90077597,0.011863969999999946,1.0,1.0,0.0,0.0,0.0,0.0,0.0,0.0,0.0,1,1
391,0.8212727,0.8564045,0.035131800000000046,0.7982467,0.84843504,0.05018834000000005,0.875,0.875,0.0,0.0,0.0,0.0,0.0,0.0,0.0,1,1
392,0.8566769,0.87793237,0.021255470000000054,0.8756098,0.86311764,-0.012492159999999974,0.8125,0.9125,0.09999999999999998,0.0,0.0,0.0,0.0,0.0,0.0,1,1
393,0.8682041,0.9182996,0.05009549999999996,0.8117202,0.9314994,0.11977919999999997,1.0,0.8875,-0.11250000000000004,0.0,0.0,0.0,0.0,0.0,0.0,1,1
394,0.8451849,0.7963268,-0.048858100000000015,0.8699069,0.8054669,-0.06444000000000005,0.7875,0.77500004,-0.012499959999999977,0.0,0.0,0.0,0.0,0.0,0.0,1,1
395,1.0,1.0,0.0,1.0,1.0,0.0,1.0,1.0,0.0,0.0,0.0,0.0,0.0,0.0,0.0,1,1
396,0.952414,0.976356,0.02394200000000002,0.9320198,0.9662229,0.03420310000000004,1.0,1.0,0.0,0.0,0.0,0.0,0.0,0.0,0.0,1,1
397,1.0,1.0,0.0,1.0,1.0,0.0,1.0,1.0,0.0,0.0,0.0,0.0,0.0,0.0,0.0,1,1
398,0.97375005,0.97375005,0.0,1.0,1.0,0.0,0.9125,0.9125,0.0,0.0,0.0,0.0,0.0,0.0,0.0,1,1
399,0.92575663,0.8655925,-0.06016412999999998,0.9475095,0.8454892,-0.10202029999999995,0.875,0.9125,0.03749999999999998,0.0,0.0,0.0,0.0,0.0,0.0,1,1
400,1.0,0.97375005,-0.026249949999999966,1.0,1.0,0.0,1.0,0.9125,-0.08750000000000002,0.0,0.0,0.0,0.0,0.0,0.0,1,1
401,1.0,1.0,0.0,1.0,1.0,0.0,1.0,1.0,0.0,0.0,0.0,0.0,0.0,0.0,0.0,1,1
402,1.0,1.0,0.0,1.0,1.0,0.0,1.0,1.0,0.0,0.0,0.0,0.0,0.0,0.0,0.0,1,1
403,0.91055626,0.9458567,0.03530043999999999,0.87222314,0.9226524,0.05042926000000003,1.0,1.0,0.0,0.0,0.0,0.0,0.0,0.0,0.0,1,1
404,0.8686538,0.8199038,-0.04875000000000007,0.81236255,0.81236255,0.0,1.0,0.83750004,-0.16249996,0.0,0.0,0.0,0.0,0.0,0.0,1,1
405,0.9732763,0.9605713,-0.012704999999999966,0.9618233,0.9436732,-0.018150100000000058,1.0,1.0,0.0,0.0,0.0,0.0,0.0,0.0,0.0,1,1
406,0.9575634,1.0,0.042436600000000047,0.9393763,1.0,0.06062369999999995,1.0,1.0,0.0,0.0,0.0,0.0,0.0,0.0,0.0,1,1
407,1.0,1.0,0.0,1.0,1.0,0.0,1.0,1.0,0.0,0.0,0.0,0.0,0.0,0.0,0.0,1,1
408,1.0,1.0,0.0,0.99999994,0.99999994,0.0,1.0,1.0,0.0,0.0,0.0,0.0,0.0,0.0,0.0,1,1
409,0.72248787,0.7521148,0.02962692999999994,0.603554,0.6780211,0.07446710000000001,1.0,0.925,-0.07499999999999996,0.0,0.0,0.0,0.0,0.0,0.0,1,1
410,1.0,1.0,0.0,1.0,1.0,0.0,1.0,1.0,0.0,0.0,0.0,0.0,0.0,0.0,0.0,1,1
411,0.92235625,0.9567833,0.034427050000000015,0.8890803,0.9382619,0.049181599999999936,1.0,1.0,0.0,0.0,0.0,0.0,0.0,0.0,0.0,1,1
412,1.0,1.0,0.0,1.0,1.0,0.0,1.0,1.0,0.0,0.0,0.0,0.0,0.0,0.0,0.0,1,1
413,0.8400885,0.8800686,0.03998009999999996,0.82512647,0.88759804,0.06247157000000003,0.875,0.8625,-0.012499999999999956,0.0,0.0,0.0,0.0,0.0,0.0,1,1
414,1.0,1.0,0.0,1.0,1.0,0.0,1.0,1.0,0.0,0.0,0.0,0.0,0.0,0.0,0.0,1,1
415,0.9321395,0.8979168,-0.03422270000000005,0.90305644,0.8863097,-0.016746739999999982,1.0,0.925,-0.07499999999999996,0.0,0.0,0.0,0.0,0.0,0.0,1,1
416,0.92136776,0.9314231,0.010055339999999968,0.8876682,0.902033,0.014364799999999955,1.0,1.0,0.0,0.0,0.0,0.0,0.0,0.0,0.0,1,1
417,0.9093173,0.92737734,0.018060040000000055,0.8704533,0.89625335,0.025800049999999963,1.0,1.0,0.0,0.0,0.0,0.0,0.0,0.0,0.0,1,1
418,0.8999073,0.8688618,-0.031045499999999948,0.85701036,0.84480256,-0.012207799999999991,1.0,0.925,-0.07499999999999996,0.0,0.0,0.0,0.0,0.0,0.0,1,1
419,0.9063282,0.92125,0.014921799999999985,0.94654036,1.0,0.05345964000000003,0.8125,0.7375,-0.07499999999999996,0.0,0.0,0.0,0.0,0.0,0.0,1,1
420,0.95780736,0.9322966,-0.025510759999999966,0.9879391,0.95149505,-0.03644404999999995,0.8875,0.8875,0.0,0.0,0.0,0.0,0.0,0.0,0.0,1,1
421,0.8732206,0.8763222,0.0031016000000000377,0.81888664,0.8554603,0.03657365999999995,1.0,0.925,-0.07499999999999996,0.0,0.0,0.0,0.0,0.0,0.0,1,1
422,1.0,1.0,0.0,1.0,1.0,0.0,1.0,1.0,0.0,0.0,0.0,0.0,0.0,0.0,0.0,1,1
423,0.9380383,0.97346514,0.03542683999999996,0.91148317,0.96209306,0.050609890000000046,1.0,1.0,0.0,0.0,0.0,0.0,0.0,0.0,0.0,1,1
424,0.85345614,0.8927992,0.039343059999999985,0.8388659,0.9057846,0.0669187,0.8875,0.8625,-0.02499999999999991,0.0,0.0,0.0,0.0,0.0,0.0,1,1
425,0.90608805,0.951261,0.04517294999999999,0.91405445,0.9625156,0.048461150000000064,0.8875,0.925,0.03750000000000009,0.0,0.0,0.0,0.0,0.0,0.0,1,1
426,0.82875824,0.8942944,0.06553616000000007,0.8625118,0.88649184,0.02398003999999998,0.75,0.9125,0.16249999999999998,0.0,0.0,0.0,0.0,0.0,0.0,1,1
427,0.91212654,0.9471871,0.03506055999999991,0.8744664,0.92455304,0.05008664000000007,1.0,1.0,0.0,0.0,0.0,0.0,0.0,0.0,0.0,1,1
428,0.8991747,0.9141184,0.014943700000000004,0.8881067,0.9255263,0.0374196,0.925,0.8875,-0.03750000000000009,0.0,0.0,0.0,0.0,0.0,0.0,1,1
429,1.0,1.0,0.0,0.99999994,0.99999994,0.0,1.0,1.0,0.0,0.0,0.0,0.0,0.0,0.0,0.0,1,1
430,0.9123794,0.9049187,-0.007460699999999987,0.8748276,0.9498837,0.07505609999999996,1.0,0.8,-0.19999999999999996,0.0,0.0,0.0,0.0,0.0,0.0,1,1
431,1.0,1.0,0.0,1.0,1.0,0.0,1.0,1.0,0.0,0.0,0.0,0.0,0.0,0.0,0.0,1,1
432,0.9685221,1.0,0.03147789999999995,0.98717433,1.0,0.012825670000000011,0.925,1.0,0.07499999999999996,0.0,0.0,0.0,0.0,0.0,0.0,1,1
433,0.96361655,0.96845144,0.004834890000000036,0.94802374,0.9870734,0.039049659999999986,1.0,0.925,-0.07499999999999996,0.0,0.0,0.0,0.0,0.0,0.0,1,1
434,1.0,1.0,0.0,1.0,1.0,0.0,1.0,1.0,0.0,0.0,0.0,0.0,0.0,0.0,0.0,1,1
435,0.9213142,0.93005437,0.008740170000000047,0.88759166,0.9000777,0.012486039999999976,1.0,1.0,0.0,0.0,0.0,0.0,0.0,0.0,0.0,1,1
436,0.89881724,0.9228291,0.024011859999999996,0.8875961,0.9218987,0.03430259999999996,0.925,0.925,0.0,0.0,0.0,0.0,0.0,0.0,0.0,1,1
437,0.87513775,0.92855453,0.05341677999999994,0.8216253,0.8979351,0.07630979999999998,1.0,1.0,0.0,0.0,0.0,0.0,0.0,0.0,0.0,1,1
438,0.9912095,1.0,0.008790500000000034,0.98744214,1.0,0.012557860000000032,1.0,1.0,0.0,0.0,0.0,0.0,0.0,0.0,0.0,1,1
439,0.98494214,0.97749996,-0.007442180000000076,0.9784888,1.0,0.021511199999999953,1.0,0.925,-0.07499999999999996,0.0,0.0,0.0,0.0,0.0,0.0,1,1
440,0.9028177,0.9028177,0.0,0.8611682,0.8611682,0.0,1.0,1.0,0.0,0.0,0.0,0.0,0.0,0.0,0.0,1,1
441,0.94772434,0.8901144,-0.05760994000000008,0.92532057,0.9501634,0.024842829999999982,1.0,0.75,-0.25,0.0,0.0,0.0,0.0,0.0,0.0,1,1
442,0.8614626,0.844044,-0.01741859999999995,0.85030365,0.82542,-0.024883649999999924,0.8875,0.8875,0.0,0.0,0.0,0.0,0.0,0.0,0.0,1,1
443,0.83099794,0.8485597,0.017561759999999982,0.8121399,0.83722806,0.025088160000000026,0.875,0.875,0.0,0.0,0.0,0.0,0.0,0.0,0.0,1,1
444,1.0,1.0,0.0,1.0,1.0,0.0,1.0,1.0,0.0,0.0,0.0,0.0,0.0,0.0,0.0,1,1
445,0.9358255,0.95415497,0.01832947000000007,0.90832216,0.93450713,0.026184969999999974,1.0,1.0,0.0,0.0,0.0,0.0,0.0,0.0,0.0,1,1
446,0.89999753,0.90999794,0.01000040999999996,0.85713935,0.9035684,0.04642905000000008,1.0,0.925,-0.07499999999999996,0.0,0.0,0.0,0.0,0.0,0.0,1,1
447,0.7179915,0.7057616,-0.012229900000000016,0.7792735,0.74037373,-0.03889977,0.575,0.625,0.050000000000000044,0.0,0.0,0.0,0.0,0.0,0.0,1,1
448,0.8171493,0.87248653,0.055337230000000015,0.7869989,0.86605215,0.07905325000000007,0.8875,0.8875,0.0,0.0,0.0,0.0,0.0,0.0,0.0,1,1
449,0.8615843,0.96250004,0.10091574000000003,0.85047764,1.0,0.14952235999999997,0.8875,0.875,-0.012499999999999956,0.0,0.0,0.0,0.0,0.0,0.0,1,1
450,0.669077,1.0,0.33092299999999997,0.5272528,1.0,0.47274720000000003,1.0,1.0,0.0,0.0,0.0,0.0,0.0,0.0,0.0,1,1
451,0.0,0.0,0.0,1.0,1.0,0.0,1.0,1.0,0.0,1.0,1.0,1.0,1.0,0.0,0.0,0,0
452,0.895689,0.93860286,0.04291386000000008,0.8509842,0.9122898,0.06130560000000007,1.0,1.0,0.0,0.0,0.0,0.0,0.0,0.0,0.0,1,1
453,0.89490074,0.9119139,0.017013160000000083,0.8980724,0.8741626,-0.02390979999999998,0.8875,1.0,0.11250000000000004,0.0,0.0,0.0,0.0,0.0,0.0,1,1
454,0.916797,0.9502676,0.03347060000000002,0.8811385,0.9289537,0.04781519999999995,1.0,1.0,0.0,0.0,0.0,0.0,0.0,0.0,0.0,1,1
455,1.0,1.0,0.0,1.0,1.0,0.0,1.0,1.0,0.0,0.0,0.0,0.0,0.0,0.0,0.0,1,1
456,0.9982397,0.9982397,0.0,0.99748534,0.99748534,0.0,1.0,1.0,0.0,0.0,0.0,0.0,0.0,0.0,0.0,1,1
457,0.91866034,0.9473955,0.028735159999999982,0.9373719,0.92485064,-0.01252126000000009,0.875,1.0,0.125,0.0,0.0,0.0,0.0,0.0,0.0,1,1
458,0.96037674,0.96625006,0.005873320000000071,0.94339544,1.0,0.056604560000000026,1.0,0.8875,-0.11250000000000004,0.0,0.0,0.0,0.0,0.0,0.0,1,1
459,0.87510854,0.81538916,-0.0597193800000001,0.8215837,0.87555593,0.053972229999999954,1.0,0.675,-0.32499999999999996,0.0,0.0,0.0,0.0,0.0,0.0,1,1
460,1.0,0.99882835,-0.0011716499999999685,1.0000001,0.99832624,-0.001673860000000027,1.0,1.0,0.0,0.0,0.0,0.0,0.0,0.0,0.0,1,1
461,1.0,1.0,0.0,1.0,1.0,0.0,1.0,1.0,0.0,0.0,0.0,0.0,0.0,0.0,0.0,1,1
462,0.8362072,0.92963296,0.09342575999999991,0.8731531,0.89947563,0.026322529999999955,0.75,1.0,0.25,0.0,0.0,0.0,0.0,0.0,0.0,1,1
463,0.91785544,0.90625,-0.011605439999999967,0.93086505,1.0,0.06913495000000003,0.8875,0.6875,-0.19999999999999996,0.0,0.0,0.0,0.0,0.0,0.0,1,1
464,0.8936767,0.914736,0.021059300000000003,0.84810954,0.8781942,0.030084659999999985,1.0,1.0,0.0,0.0,0.0,0.0,0.0,0.0,0.0,1,1
465,0.87878287,0.90788966,0.02910679000000005,0.8268327,0.8684138,0.04158110000000004,1.0,1.0,0.0,0.0,0.0,0.0,0.0,0.0,0.0,1,1
466,0.875823,0.9221615,0.04633849999999995,0.82260424,0.93701637,0.11441213000000006,1.0,0.8875,-0.11250000000000004,0.0,0.0,0.0,0.0,0.0,0.0,1,1
467,1.0,1.0,0.0,0.99999994,0.99999994,0.0,1.0,1.0,0.0,0.0,0.0,0.0,0.0,0.0,0.0,1,1
468,1.0,1.0,0.0,1.0,1.0,0.0,1.0,1.0,0.0,0.0,0.0,0.0,0.0,0.0,0.0,1,1
469,0.9385645,0.95614165,0.01757714999999993,0.9122349,0.9373453,0.025110400000000088,1.0,1.0,0.0,0.0,0.0,0.0,0.0,0.0,0.0,1,1
470,0.79958934,0.79701775,-0.002571590000000068,0.71369904,0.7528825,0.03918346000000006,1.0,0.90000004,-0.09999996,0.0,0.0,0.0,0.0,0.0,0.0,1,1
471,0.8783285,0.86954874,-0.008779759999999914,0.87439793,0.8618553,-0.012542629999999999,0.8875,0.8875,0.0,0.0,0.0,0.0,0.0,0.0,0.0,1,1
472,0.9280413,0.9683806,0.04033930000000008,0.89720184,0.95482934,0.05762749999999994,1.0,1.0,0.0,0.0,0.0,0.0,0.0,0.0,0.0,1,1
473,1.0,1.0,0.0,1.0,1.0,0.0,1.0,1.0,0.0,0.0,0.0,0.0,0.0,0.0,0.0,1,1
474,0.8593332,0.8953854,0.03605219999999998,0.7990474,0.8505506,0.05150320000000008,1.0,1.0,0.0,0.0,0.0,0.0,0.0,0.0,0.0,1,1
475,0.89258826,0.92936534,0.03677708000000002,0.84655464,0.89909345,0.052538809999999936,1.0,1.0,0.0,0.0,0.0,0.0,0.0,0.0,0.0,1,1
476,0.35592017,0.32628307,-0.029637099999999972,0.07988593,0.037547234,-0.042338695999999995,1.0,1.0,0.0,0.0,0.0,0.0,0.0,0.0,0.0,1,1
477,1.0,1.0,0.0,1.0,1.0,0.0,1.0,1.0,0.0,0.0,0.0,0.0,0.0,0.0,0.0,1,1
478,1.0,1.0,0.0,1.0,1.0,0.0,1.0,1.0,0.0,0.0,0.0,0.0,0.0,0.0,0.0,1,1
479,0.95874995,0.95125,-0.007499949999999922,1.0,1.0,0.0,0.8625,0.83750004,-0.024999960000000043,0.0,0.0,0.0,0.0,0.0,0.0,1,1
480,1.0,1.0,0.0,1.0,1.0,0.0,1.0,1.0,0.0,0.0,0.0,0.0,0.0,0.0,0.0,1,1
481,0.94375,0.91,-0.03374999999999995,1.0,1.0,0.0,0.8125,0.7,-0.11250000000000004,0.0,0.0,0.0,0.0,0.0,0.0,1,1
482,1.0,1.0,0.0,1.0,1.0,0.0,1.0,1.0,0.0,0.0,0.0,0.0,0.0,0.0,0.0,1,1
483,1.0,1.0,0.0,1.0,1.0,0.0,1.0,1.0,0.0,0.0,0.0,0.0,0.0,0.0,0.0,1,1
484,1.0,1.0,0.0,1.0,1.0,0.0,1.0,1.0,0.0,0.0,0.0,0.0,0.0,0.0,0.0,1,1
485,1.0,1.0,0.0,1.0,1.0,0.0,1.0,1.0,0.0,0.0,0.0,0.0,0.0,0.0,0.0,1,1
486,0.90468353,0.9316193,0.026935770000000026,0.8638336,0.9023133,0.038479700000000006,1.0,1.0,0.0,0.0,0.0,0.0,0.0,0.0,0.0,1,1
487,0.89629346,0.88378507,-0.012508390000000036,0.90006214,0.8875501,-0.012512039999999947,0.8875,0.875,-0.012499999999999956,0.0,0.0,0.0,0.0,0.0,0.0,1,1
488,0.9300564,0.8900404,-0.04001600000000005,0.90008056,0.87505764,-0.02502292000000006,1.0,0.925,-0.07499999999999996,0.0,0.0,0.0,0.0,0.0,0.0,1,1
489,0.8818391,0.9089562,0.027117100000000005,0.8311987,0.8699375,0.03873880000000007,1.0,1.0,0.0,0.0,0.0,0.0,0.0,0.0,0.0,1,1
490,0.9286175,0.9845112,0.055893700000000046,0.89802504,0.9778732,0.07984815999999995,1.0,1.0,0.0,0.0,0.0,0.0,0.0,0.0,0.0,1,1
491,0.90097237,0.9242687,0.023296330000000087,0.90674615,0.94538397,0.038637819999999934,0.8875,0.875,-0.012499999999999956,0.0,0.0,0.0,0.0,0.0,0.0,1,1
492,0.95788497,0.98319143,0.02530646000000003,0.9398356,0.97598773,0.03615213000000006,1.0,1.0,0.0,0.0,0.0,0.0,0.0,0.0,0.0,1,1
493,0.99979115,0.99979115,0.0,0.9997016,0.9997016,0.0,1.0,1.0,0.0,0.0,0.0,0.0,0.0,0.0,0.0,1,1
494,0.9474474,0.9212555,-0.026191900000000046,0.92492485,0.8875078,-0.03741705000000006,1.0,1.0,0.0,0.0,0.0,0.0,0.0,0.0,0.0,1,1
495,1.0,1.0,0.0,1.0,1.0,0.0,1.0,1.0,0.0,0.0,0.0,0.0,0.0,0.0,0.0,1,1
496,0.8520771,0.9475013,0.09542419999999996,0.8368958,0.9250018,0.08810600000000002,0.8875,1.0,0.11250000000000004,0.0,0.0,0.0,0.0,0.0,0.0,1,1
497,0.95500004,0.88000005,-0.07499999000000002,1.0,1.0,0.0,0.85,0.6,-0.25,0.0,0.0,0.0,0.0,0.0,0.0,1,1
498,1.0,1.0,0.0,1.0,1.0,0.0,1.0,1.0,0.0,0.0,0.0,0.0,0.0,0.0,0.0,1,1
499,0.9426587,1.0,0.05734130000000004,0.91808385,1.0,0.08191614999999997,1.0,1.0,0.0,0.0,0.0,0.0,0.0,0.0,0.0,1,1
500,0.9449795,0.9299359,-0.015043599999999935,0.97497064,0.89990836,-0.07506228000000004,0.875,1.0,0.125,0.0,0.0,0.0,0.0,0.0,0.0,1,1
501,0.9098204,0.90083474,-0.008985660000000006,0.871172,0.8583354,-0.012836599999999976,1.0,1.0,0.0,0.0,0.0,0.0,0.0,0.0,0.0,1,1
502,1.0,1.0,0.0,1.0,1.0,0.0,1.0,1.0,0.0,0.0,0.0,0.0,0.0,0.0,0.0,1,1
503,0.9325,0.89259046,-0.03990954000000002,1.0,0.9001292,-0.09987080000000004,0.77500004,0.875,0.09999996,0.0,0.0,0.0,0.0,0.0,0.0,1,1
504,0.9198702,0.96250004,0.04262984000000003,0.8855289,1.0,0.11447110000000005,1.0,0.875,-0.125,0.0,0.0,0.0,0.0,0.0,0.0,1,1
505,0.74688643,0.586065,-0.16082143000000004,0.75626624,0.5479499,-0.20831634,0.725,0.675,-0.04999999999999993,0.0,0.0,0.0,0.0,0.0,0.0,1,1
506,0.91211665,0.93848103,0.026364380000000076,0.8744524,0.9121158,0.037663400000000014,1.0,1.0,0.0,0.0,0.0,0.0,0.0,0.0,0.0,1,1
507,0.922929,0.8761344,-0.04679460000000002,0.9381128,0.87662053,-0.061492270000000016,0.8875,0.875,-0.012499999999999956,0.0,0.0,0.0,0.0,0.0,0.0,1,1
508,0.9649723,1.0,0.035027699999999995,0.9499605,1.0,0.050039500000000015,1.0,1.0,0.0,0.0,0.0,0.0,0.0,0.0,0.0,1,1
509,1.0,1.0,0.0,1.0,1.0,0.0,1.0,1.0,0.0,0.0,0.0,0.0,0.0,0.0,0.0,1,1
510,0.0,1.0,1.0,0.93032414,1.0,0.06967586000000003,0.89393944,1.0,0.10606055999999997,0.0,0.0,0.0,0.0,1.0,0.0,0,1
511,0.971342,1.0,0.02865799999999996,0.95905995,1.0,0.040940050000000006,1.0,1.0,0.0,0.0,0.0,0.0,0.0,0.0,0.0,1,1
512,0.9165541,0.96414894,0.047594839999999916,0.8807915,0.9487841,0.06799260000000007,1.0,1.0,0.0,0.0,0.0,0.0,0.0,0.0,0.0,1,1
513,0.8730036,0.8715569,-0.001446700000000023,0.8185766,0.87008125,0.05150465000000004,1.0,0.875,-0.125,0.0,0.0,0.0,0.0,0.0,0.0,1,1
514,1.0,1.0,0.0,1.0,1.0,0.0,1.0,1.0,0.0,0.0,0.0,0.0,0.0,0.0,0.0,1,1
515,0.8861689,0.9387227,0.052553799999999984,0.8373841,0.912461,0.0750769,1.0,1.0,0.0,0.0,0.0,0.0,0.0,0.0,0.0,1,1
516,1.0,1.0,0.0,1.0,1.0,0.0,1.0,1.0,0.0,0.0,0.0,0.0,0.0,0.0,0.0,1,1
517,0.91571444,0.91571444,0.0,0.8795921,0.8795921,0.0,1.0,1.0,0.0,0.0,0.0,0.0,0.0,0.0,0.0,1,1
518,0.9231209,0.9058528,-0.01726810000000001,0.9383869,0.9137183,-0.02466860000000004,0.8875,0.8875,0.0,0.0,0.0,0.0,0.0,0.0,0.0,1,1
519,1.0,1.0,0.0,1.0,1.0,0.0,1.0,1.0,0.0,0.0,0.0,0.0,0.0,0.0,0.0,1,1
520,0.7864869,0.8029162,0.01642929999999998,0.9253384,0.8630946,-0.06224379999999996,0.4625,0.6625,0.19999999999999996,0.0,0.0,0.0,0.0,0.0,0.0,1,1
521,0.9393695,0.9393695,0.0,0.913385,0.913385,0.0,1.0,1.0,0.0,0.0,0.0,0.0,0.0,0.0,0.0,1,1
522,0.8036459,0.7373819,-0.06626399999999999,0.9123513,0.88733125,-0.02502004999999996,0.55,0.38750002,-0.16249998000000004,0.0,0.0,0.0,0.0,0.0,0.0,1,1
523,1.0,1.0,0.0,1.0,1.0,0.0,1.0,1.0,0.0,0.0,0.0,0.0,0.0,0.0,0.0,1,1
524,0.9428076,0.983513,0.0407054,0.95043945,0.9764471,0.02600765000000005,0.925,1.0,0.07499999999999996,0.0,0.0,0.0,0.0,0.0,0.0,1,1
525,0.91278803,0.9301812,0.01739317000000007,0.8754114,0.9002589,0.024847500000000022,1.0,1.0,0.0,0.0,0.0,0.0,0.0,0.0,0.0,1,1
526,1.0,0.0,-1.0,1.0,1.0,0.0,1.0,0.6363636,-0.36363639999999997,0.0,0.0,0.0,1.0,0.0,0.0,1,0
527,1.0,1.0,0.0,1.0,1.0,0.0,1.0,1.0,0.0,0.0,0.0,0.0,0.0,0.0,0.0,1,1
528,0.0,1.0,1.0,1.0,1.0,0.0,1.0,1.0,0.0,1.0,0.0,1.0,0.0,0.0,0.0,0,1
529,0.95874995,0.95874995,0.0,1.0000001,1.0000001,0.0,0.8625,0.8625,0.0,0.0,0.0,0.0,0.0,0.0,0.0,1,1
530,0.91212827,0.9209623,0.008834030000000048,0.87446886,0.8870889,0.012620039999999944,1.0,1.0,0.0,0.0,0.0,0.0,0.0,0.0,0.0,1,1
531,0.9084616,0.9030188,-0.00544279999999997,0.94958794,0.86145544,-0.08813250000000006,0.8125,1.0,0.1875,0.0,0.0,0.0,0.0,0.0,0.0,1,1
532,0.9298858,0.9211523,-0.00873349999999995,0.8998368,0.8873605,-0.012476299999999996,1.0,1.0,0.0,0.0,0.0,0.0,0.0,0.0,0.0,1,1
533,1.0,1.0,0.0,1.0,1.0,0.0,1.0,1.0,0.0,0.0,0.0,0.0,0.0,0.0,0.0,1,1
534,1.0,1.0,0.0,1.0,1.0,0.0,1.0,1.0,0.0,0.0,0.0,0.0,0.0,0.0,0.0,1,1
535,0.88112783,0.91024154,0.02911371000000007,0.8301826,0.87177354,0.041590939999999965,1.0,1.0,0.0,0.0,0.0,0.0,0.0,0.0,0.0,1,1
536,0.92445576,0.9780254,0.053569640000000085,0.89207965,0.96860766,0.07652800999999998,1.0,1.0,0.0,0.0,0.0,0.0,0.0,0.0,0.0,1,1
537,0.8037011,0.8442055,0.04050440000000011,0.7731444,0.83636487,0.06322047000000008,0.875,0.8625,-0.012499999999999956,0.0,0.0,0.0,0.0,0.0,0.0,1,1
538,0.9302824,0.9143054,-0.015976999999999908,0.9004034,0.87757915,-0.02282424999999999,1.0,1.0,0.0,0.0,0.0,0.0,0.0,0.0,0.0,1,1
539,0.84684163,0.8778796,0.03103796999999997,0.8669166,0.9112566,0.044339999999999935,0.8,0.8,0.0,0.0,0.0,0.0,0.0,0.0,0.0,1,1
540,0.96250004,0.90954363,-0.052956409999999954,0.99999994,0.92434794,-0.07565200000000005,0.875,0.875,0.0,0.0,0.0,0.0,0.0,0.0,0.0,1,1
541,0.9348425,0.95658654,0.021744039999999965,0.93906075,0.9754808,0.03642005000000004,0.925,0.9125,-0.012500000000000067,0.0,0.0,0.0,0.0,0.0,0.0,1,1
542,0.98584026,0.98584026,0.0,0.9797717,0.9797717,0.0,1.0,1.0,0.0,0.0,0.0,0.0,0.0,0.0,0.0,1,1
543,1.0,0.0,-1.0,1.0,1.0,0.0,1.0,1.0,0.0,0.0,0.0,0.0,1.0,0.0,0.0,1,0
544,1.0,1.0,0.0,1.0,1.0,0.0,1.0,1.0,0.0,0.0,0.0,0.0,0.0,0.0,0.0,1,1
545,0.92790806,0.9909517,0.06304363999999996,0.89701146,0.9870739,0.09006243999999997,1.0,1.0,0.0,0.0,0.0,0.0,0.0,0.0,0.0,1,1
546,0.97719663,0.97719663,0.0,0.9674237,0.9674237,0.0,1.0,1.0,0.0,0.0,0.0,0.0,0.0,0.0,0.0,1,1
547,1.0,1.0,0.0,1.0,1.0,0.0,1.0,1.0,0.0,0.0,0.0,0.0,0.0,0.0,0.0,1,1
548,0.88972473,0.9034613,0.013736570000000059,0.87460667,0.8620876,-0.012519070000000077,0.925,1.0,0.07499999999999996,0.0,0.0,0.0,0.0,0.0,0.0,1,1
549,0.921847,0.921847,0.0,0.8883528,0.8883528,0.0,1.0,1.0,0.0,0.0,0.0,0.0,0.0,0.0,0.0,1,1
550,1.0,1.0,0.0,1.0,1.0,0.0,1.0,1.0,0.0,0.0,0.0,0.0,0.0,0.0,0.0,1,1
551,0.96625006,0.97749996,0.011249899999999924,1.0,1.0,0.0,0.8875,0.925,0.03750000000000009,0.0,0.0,0.0,0.0,0.0,0.0,1,1
552,0.94778025,0.97749996,0.029719709999999955,0.92540026,1.0,0.07459974000000003,1.0,0.925,-0.07499999999999996,0.0,0.0,0.0,0.0,0.0,0.0,1,1
553,0.86870426,0.9031252,0.034420939999999955,0.8124346,0.8616075,0.049172899999999964,1.0,1.0,0.0,0.0,0.0,0.0,0.0,0.0,0.0,1,1
554,0.0,0.0,0.0,0.0,0.0002336661,0.0002336661,1.0,1.0,0.0,1.0,1.0,1.0,1.0,0.0,0.0,0,0
555,0.9325,0.95500004,0.022500040000000054,1.0,1.0,0.0,0.77500004,0.85,0.07499995999999998,0.0,0.0,0.0,0.0,0.0,0.0,1,1
556,0.91252804,0.91252804,0.0,0.87504,0.87504,0.0,1.0,1.0,0.0,0.0,0.0,0.0,0.0,0.0,0.0,1,1
557,1.0,1.0,0.0,1.0,1.0,0.0,1.0,1.0,0.0,0.0,0.0,0.0,0.0,0.0,0.0,1,1
558,0.88030255,0.90058804,0.020285490000000017,0.82900363,0.8579829,0.02897927,1.0,1.0,0.0,0.0,0.0,0.0,0.0,0.0,0.0,1,1
559,1.0,1.0,0.0,1.0,1.0,0.0,1.0,1.0,0.0,0.0,0.0,0.0,0.0,0.0,0.0,1,1
560,0.94375,0.8887764,-0.054973599999999956,1.0,0.9000377,-0.09996229999999995,0.8125,0.8625,0.050000000000000044,0.0,0.0,0.0,0.0,0.0,0.0,1,1
561,0.83507216,0.84007275,0.0050005900000000825,0.812603,0.8251039,0.012500900000000037,0.8875,0.875,-0.012499999999999956,0.0,0.0,0.0,0.0,0.0,0.0,1,1
562,1.0,1.0,0.0,0.99999994,0.99999994,0.0,1.0,1.0,0.0,0.0,0.0,0.0,0.0,0.0,0.0,1,1
563,0.0,0.0,0.0,0.6862267,0.6862267,0.0,0.99999994,0.9508196,-0.049180340000000045,0.0,0.0,1.0,1.0,0.0,0.0,0,0
564,1.0,1.0,0.0,1.0,1.0,0.0,1.0,1.0,0.0,0.0,0.0,0.0,0.0,0.0,0.0,1,1
565,0.8537718,0.8801985,0.026426700000000025,0.79110247,0.82885504,0.037752569999999985,1.0,1.0,0.0,0.0,0.0,0.0,0.0,0.0,0.0,1,1
566,0.9072494,0.8247494,-0.08250000000000002,0.89964193,0.89964193,0.0,0.925,0.65000004,-0.27499996000000004,0.0,0.0,0.0,0.0,0.0,0.0,1,1
567,0.90840787,0.9216078,0.01319992999999997,0.8691541,0.97372544,0.10457134000000001,1.0,0.8,-0.19999999999999996,0.0,0.0,0.0,0.0,0.0,0.0,1,1
568,0.95634395,0.9138994,-0.042444550000000025,0.9376342,0.8877134,-0.04992079999999999,1.0,0.975,-0.025000000000000022,0.0,0.0,0.0,0.0,0.0,0.0,1,1
569,0.9733723,0.98875,0.01537770000000005,0.9619603,1.0,0.03803970000000001,1.0,0.96250004,-0.03749996,0.0,0.0,0.0,0.0,0.0,0.0,1,1
570,0.9450755,0.8994358,-0.04563969999999995,0.92153645,0.9099083,-0.011628149999999948,1.0,0.875,-0.125,0.0,0.0,0.0,0.0,0.0,0.0,1,1
571,0.97749996,0.95874995,-0.018750009999999984,0.99999994,0.99999994,0.0,0.925,0.8625,-0.0625,0.0,0.0,0.0,0.0,0.0,0.0,1,1
572,0.88874626,0.88692915,-0.0018171099999999551,0.84106606,0.90275586,0.06168980000000002,1.0,0.85,-0.15000000000000002,0.0,0.0,0.0,0.0,0.0,0.0,1,1
573,0.85037273,0.86375564,0.013382910000000026,0.7862468,0.8535794,0.06733259999999996,1.0,0.8875,-0.11250000000000004,0.0,0.0,0.0,0.0,0.0,0.0,1,1
574,0.9476693,0.9829508,0.035281499999999966,0.9252419,0.975644,0.050402100000000005,1.0,1.0,0.0,0.0,0.0,0.0,0.0,0.0,0.0,1,1
575,0.8971394,0.8971394,0.0,0.8530562,0.8530562,0.0,1.0,1.0,0.0,0.0,0.0,0.0,0.0,0.0,0.0,1,1
576,0.9148082,0.9029274,-0.011880799999999914,0.8782974,0.91489637,0.03659897000000001,1.0,0.875,-0.125,0.0,0.0,0.0,0.0,0.0,0.0,1,1
577,1.0,1.0,0.0,1.0,1.0,0.0,1.0,1.0,0.0,0.0,0.0,0.0,0.0,0.0,0.0,1,1
578,0.0,0.8272193,0.8272193,0.51437753,0.8763847,0.36200717000000004,0.627907,0.71250004,0.08459304000000001,1.0,0.0,1.0,0.0,0.0,0.0,0,1
579,1.0,1.0,0.0,1.0,1.0,0.0,1.0,1.0,0.0,0.0,0.0,0.0,0.0,0.0,0.0,1,1
580,1.0,1.0,0.0,1.0,1.0,0.0,1.0,1.0,0.0,0.0,0.0,0.0,0.0,0.0,0.0,1,1
581,1.0,1.0,0.0,1.0,1.0,0.0,1.0,1.0,0.0,0.0,0.0,0.0,0.0,0.0,0.0,1,1
582,0.8734955,0.864649,-0.00884649999999998,0.8728507,0.8602129,-0.012637800000000032,0.875,0.875,0.0,0.0,0.0,0.0,0.0,0.0,0.0,1,1
583,0.92921335,0.92049503,-0.008718320000000057,0.89887625,0.88642144,-0.012454810000000038,1.0,1.0,0.0,0.0,0.0,0.0,0.0,0.0,0.0,1,1
584,0.99369377,0.9999343,0.006240530000000022,0.990991,0.9999061,0.008915100000000065,1.0,1.0,0.0,0.0,0.0,0.0,0.0,0.0,0.0,1,1
585,0.0,0.0,0.0,1.0,1.0,0.0,1.0,1.0,0.0,1.0,1.0,1.0,1.0,0.0,0.0,0,0
586,0.8831814,0.8668157,-0.01636570000000004,0.9456162,0.8793795,-0.06623670000000004,0.7375,0.83750004,0.10000003999999996,0.0,0.0,0.0,0.0,0.0,0.0,1,1
587,0.86479443,0.89131624,0.02652180999999998,0.86042064,0.8983088,0.03788816000000006,0.875,0.875,0.0,0.0,0.0,0.0,0.0,0.0,0.0,1,1
588,1.0,1.0,0.0,1.0,1.0,0.0,1.0,1.0,0.0,0.0,0.0,0.0,0.0,0.0,0.0,1,1
589,1.0,1.0,0.0,1.0,1.0,0.0,1.0,1.0,0.0,0.0,0.0,0.0,0.0,0.0,0.0,1,1
590,0.9914345,0.88043463,-0.11099987,0.9877636,0.87740666,-0.11035693999999996,1.0,0.8875,-0.11250000000000004,0.0,0.0,0.0,0.0,0.0,0.0,1,1
591,0.8358143,0.87800044,0.04218613999999998,0.7975919,0.82571495,0.028123049999999927,0.925,1.0,0.07499999999999996,0.0,0.0,0.0,0.0,0.0,0.0,1,1
592,0.92220634,0.9568817,0.03467535999999993,0.8888661,0.93840253,0.049536429999999965,1.0,1.0,0.0,0.0,0.0,0.0,0.0,0.0,0.0,1,1
593,0.90177363,0.90177363,0.0,0.8596766,0.8596766,0.0,1.0,1.0,0.0,0.0,0.0,0.0,0.0,0.0,0.0,1,1
594,0.96250004,0.96250004,0.0,1.0,1.0,0.0,0.875,0.875,0.0,0.0,0.0,0.0,0.0,0.0,0.0,1,1
595,1.0,1.0,0.0,1.0,1.0,0.0,1.0,1.0,0.0,0.0,0.0,0.0,0.0,0.0,0.0,1,1
596,0.93625003,0.9012154,-0.035034629999999956,1.0,0.91245055,-0.08754945000000003,0.7875,0.875,0.08750000000000002,0.0,0.0,0.0,0.0,0.0,0.0,1,1
597,0.0,0.9743519,0.9743519,0.99550265,0.99550265,0.0,0.99999994,0.925,-0.07499993999999999,0.0,0.0,1.0,0.0,0.0,0.0,0,1
598,0.899865,0.87774163,-0.022123369999999976,0.91052145,0.87355953,-0.03696191999999998,0.875,0.8875,0.012499999999999956,0.0,0.0,0.0,0.0,0.0,0.0,1,1
599,1.0,1.0,0.0,1.0,1.0,0.0,1.0,1.0,0.0,0.0,0.0,0.0,0.0,0.0,0.0,1,1
600,0.7908971,1.0,0.20910289999999998,0.70128155,0.99999994,0.29871839,1.0,1.0,0.0,0.0,0.0,0.0,0.0,0.0,0.0,1,1
601,0.9385852,0.9687129,0.03012769999999998,0.9122646,0.98744696,0.07518236,1.0,0.925,-0.07499999999999996,0.0,0.0,0.0,0.0,0.0,0.0,1,1
602,0.9422124,0.95971423,0.01750183000000005,0.94958913,0.9960203,0.046431169999999966,0.925,0.875,-0.050000000000000044,0.0,0.0,0.0,0.0,0.0,0.0,1,1
603,0.88865376,0.92836493,0.03971117000000002,0.878434,0.9030213,0.02458729999999998,0.9125,0.9875,0.07500000000000007,0.0,0.0,0.0,0.0,0.0,0.0,1,1
604,0.9492046,0.9406714,-0.008533199999999908,0.9756494,0.96345913,-0.012190269999999948,0.8875,0.8875,0.0,0.0,0.0,0.0,0.0,0.0,0.0,1,1
605,1.0,1.0,0.0,1.0,1.0,0.0,1.0,1.0,0.0,0.0,0.0,0.0,0.0,0.0,0.0,1,1
606,0.948023,0.948023,0.0,0.9257471,0.9257471,0.0,1.0,1.0,0.0,0.0,0.0,0.0,0.0,0.0,0.0,1,1
607,0.9226708,0.9485323,0.02586149999999998,0.88952965,0.92647463,0.036944980000000016,1.0,1.0,0.0,0.0,0.0,0.0,0.0,0.0,0.0,1,1
608,0.85704595,0.84768695,-0.009358999999999895,0.7957798,0.78240985,-0.013369950000000075,1.0,1.0,0.0,0.0,0.0,0.0,0.0,0.0,0.0,1,1
609,0.8776352,0.90300906,0.02537386000000008,0.8251931,0.8614415,0.03624839999999996,1.0,1.0,0.0,0.0,0.0,0.0,0.0,0.0,0.0,1,1
610,1.0,1.0,0.0,1.0,1.0,0.0,1.0,1.0,0.0,0.0,0.0,0.0,0.0,0.0,0.0,1,1
611,1.0,1.0,0.0,1.0,1.0,0.0,1.0,1.0,0.0,0.0,0.0,0.0,0.0,0.0,0.0,1,1
612,0.94,0.96999997,0.029999970000000098,1.0,1.0,0.0,0.8,0.90000004,0.10000003999999996,0.0,0.0,0.0,0.0,0.0,0.0,1,1
613,0.93019515,0.9214808,-0.008714349999999982,0.9002788,0.8878296,-0.012449200000000049,1.0,1.0,0.0,0.0,0.0,0.0,0.0,0.0,0.0,1,1
614,0.0,0.0,0.0,1.0,1.0,0.0,1.0,1.0,0.0,1.0,1.0,1.0,1.0,0.0,0.0,0,0
615,0.97477245,1.0,0.025227549999999987,0.9639607,1.0,0.036039299999999996,1.0,1.0,0.0,0.0,0.0,0.0,0.0,0.0,0.0,1,1
616,0.9710991,0.9710991,0.0,0.95871305,0.95871305,0.0,1.0,1.0,0.0,0.0,0.0,0.0,0.0,0.0,0.0,1,1
617,0.85374033,0.7620818,-0.09165853000000002,0.8232005,0.77261686,-0.05058364000000004,0.925,0.7375,-0.1875,0.0,0.0,0.0,0.0,0.0,0.0,1,1
618,1.0,1.0,0.0,1.0,1.0,0.0,1.0,1.0,0.0,0.0,0.0,0.0,0.0,0.0,0.0,1,1
619,0.99369395,1.0,0.006306049999999952,0.9909913,1.0,0.00900869999999998,1.0,1.0,0.0,0.0,0.0,0.0,0.0,0.0,0.0,1,1
620,1.0,1.0,0.0,1.0,1.0,0.0,1.0,1.0,0.0,0.0,0.0,0.0,0.0,0.0,0.0,1,1
621,0.9058768,0.92638826,0.020511459999999926,0.8655383,0.89484036,0.02930206000000002,1.0,1.0,0.0,0.0,0.0,0.0,0.0,0.0,0.0,1,1
622,0.89883345,0.9125603,0.013726849999999957,0.88761914,0.875086,-0.012533139999999943,0.925,1.0,0.07499999999999996,0.0,0.0,0.0,0.0,0.0,0.0,1,1
623,0.98362607,1.0,0.01637392999999998,0.9766087,1.0,0.023391300000000004,1.0,1.0,0.0,0.0,0.0,0.0,0.0,0.0,0.0,1,1
624,0.8508648,0.96250004,0.11163524000000002,0.835164,1.0,0.16483599999999998,0.8875,0.875,-0.012499999999999956,0.0,0.0,0.0,0.0,0.0,0.0,1,1
625,0.89116424,0.8589882,-0.03217604000000007,0.8445204,0.857483,0.012962600000000046,1.0,0.8625,-0.13749999999999996,0.0,0.0,0.0,0.0,0.0,0.0,1,1
626,0.9302065,0.9302065,0.0,0.9002951,0.9002951,0.0,1.0,1.0,0.0,0.0,0.0,0.0,0.0,0.0,0.0,1,1
627,0.9456591,0.9637098,0.018050699999999975,0.92237014,0.9481568,0.025786660000000072,1.0,1.0,0.0,0.0,0.0,0.0,0.0,0.0,0.0,1,1
628,0.7865029,0.82023233,0.03372942999999995,0.7967898,0.8235462,0.026756400000000014,0.7625,0.8125,0.050000000000000044,0.0,0.0,0.0,0.0,0.0,0.0,1,1
629,1.0,0.98875,-0.011249999999999982,0.99999994,0.99999994,0.0,1.0,0.96250004,-0.03749996,0.0,0.0,0.0,0.0,0.0,0.0,1,1
630,0.9162327,0.9299669,0.01373420000000003,0.9124753,0.8999527,-0.01252259999999994,0.925,1.0,0.07499999999999996,0.0,0.0,0.0,0.0,0.0,0.0,1,1
631,0.9681555,1.0,0.03184450000000005,0.95450777,1.0,0.04549223000000002,1.0,1.0,0.0,0.0,0.0,0.0,0.0,0.0,0.0,1,1
632,0.95874995,0.89188117,-0.06686877999999996,1.0,0.89911604,-0.10088396,0.8625,0.875,0.012499999999999956,0.0,0.0,0.0,0.0,0.0,0.0,1,1
633,0.91883737,0.95072883,0.03189145999999998,0.9322676,0.9778269,0.04555930000000008,0.8875,0.8875,0.0,0.0,0.0,0.0,0.0,0.0,0.0,1,1
634,0.9124964,0.93087214,0.018375739999999974,0.8749948,0.901246,0.02625120000000003,1.0,1.0,0.0,0.0,0.0,0.0,0.0,0.0,0.0,1,1
635,0.96625006,1.0,0.03374993999999998,1.0,1.0,0.0,0.8875,1.0,0.11250000000000004,0.0,0.0,0.0,0.0,0.0,0.0,1,1
636,0.94750005,0.895,-0.05250005000000002,1.0,1.0,0.0,0.825,0.65000004,-0.17499995999999995,0.0,0.0,0.0,0.0,0.0,0.0,1,1
637,0.95874995,1.0,0.04125005000000004,0.99999994,0.99999994,0.0,0.8625,1.0,0.13749999999999996,0.0,0.0,0.0,0.0,0.0,0.0,1,1
638,0.9552216,0.96625006,0.011028460000000018,0.93603075,1.0,0.06396924999999998,1.0,0.8875,-0.11250000000000004,0.0,0.0,0.0,0.0,0.0,0.0,1,1
639,0.92998713,0.9125735,-0.017413629999999958,0.8999816,0.875105,-0.024876600000000026,1.0,1.0,0.0,0.0,0.0,0.0,0.0,0.0,0.0,1,1
640,0.91060334,0.97516453,0.06456119000000005,0.9097904,0.96452075,0.05473035000000004,0.9125,1.0,0.08750000000000002,0.0,0.0,0.0,0.0,0.0,0.0,1,1
641,0.9241726,0.96737015,0.04319755000000003,0.8916752,0.9533859,0.06171070000000001,1.0,1.0,0.0,0.0,0.0,0.0,0.0,0.0,0.0,1,1
642,0.84360725,0.852366,0.008758749999999926,0.8247961,0.8373085,0.012512399999999979,0.8875,0.8875,0.0,0.0,0.0,0.0,0.0,0.0,0.0,1,1
643,0.0,0.0,0.0,1.0,1.0,0.0,1.0,1.0,0.0,1.0,1.0,1.0,1.0,0.0,0.0,0,0
644,0.0,0.0,0.0,1.0,1.0,0.0,1.0,1.0,0.0,1.0,1.0,1.0,1.0,0.0,0.0,0,0
645,1.0,1.0,0.0,1.0,1.0,0.0,1.0,1.0,0.0,0.0,0.0,0.0,0.0,0.0,0.0,1,1
646,0.854204,0.87213725,0.01793325000000001,0.7917199,0.81733894,0.025619039999999926,1.0,1.0,0.0,0.0,0.0,0.0,0.0,0.0,0.0,1,1
647,0.8254091,0.88739794,0.061988840000000045,0.78272724,0.8980684,0.11534115999999994,0.925,0.8625,-0.0625,0.0,0.0,0.0,0.0,0.0,0.0,1,1
648,0.9248341,0.96679336,0.041959260000000054,0.89262015,0.9525619,0.059941750000000016,1.0,1.0,0.0,0.0,0.0,0.0,0.0,0.0,0.0,1,1
649,1.0,1.0,0.0,0.99999994,0.99999994,0.0,1.0,1.0,0.0,0.0,0.0,0.0,0.0,0.0,0.0,1,1
650,0.9274894,0.91005176,-0.017437640000000032,0.8964134,0.87150246,-0.024910940000000048,1.0,1.0,0.0,0.0,0.0,0.0,0.0,0.0,0.0,1,1
651,1.0,1.0,0.0,1.0,1.0,0.0,1.0,1.0,0.0,0.0,0.0,0.0,0.0,0.0,0.0,1,1
652,0.91609156,0.9347925,0.01870094,0.8801308,0.90684646,0.02671566000000003,1.0,1.0,0.0,0.0,0.0,0.0,0.0,0.0,0.0,1,1
653,0.96250004,0.9115963,-0.050903739999999975,1.0,0.87370896,-0.12629104000000002,0.875,1.0,0.125,0.0,0.0,0.0,0.0,0.0,0.0,1,1
654,0.0,0.0,0.0,1.0,1.0,0.0,1.0,1.0,0.0,1.0,0.0,1.0,1.0,0.0,0.0,0,0
655,0.8597477,0.81985325,-0.039894450000000026,0.84785396,0.8605046,0.012650639999999935,0.8875,0.725,-0.16249999999999998,0.0,0.0,0.0,0.0,0.0,0.0,1,1
656,1.0,1.0,0.0,1.0,1.0,0.0,1.0,1.0,0.0,0.0,0.0,0.0,0.0,0.0,0.0,1,1
657,0.97375005,0.90625,-0.06750005000000003,1.0,1.0,0.0,0.9125,0.6875,-0.22499999999999998,0.0,0.0,0.0,0.0,0.0,0.0,1,1
658,1.0,1.0,0.0,1.0,1.0,0.0,1.0,1.0,0.0,0.0,0.0,0.0,0.0,0.0,0.0,1,1
659,0.9663424,0.97590554,0.009563139999999914,0.9572747,0.9709364,0.013661699999999999,0.9875,0.9875,0.0,0.0,0.0,0.0,0.0,0.0,0.0,1,1
660,0.9239678,0.8931144,-0.03085340000000003,0.950311,0.90087765,-0.04943335000000004,0.8625,0.875,0.012499999999999956,0.0,0.0,0.0,0.0,0.0,0.0,1,1
661,0.94375,0.9138624,-0.029887600000000014,1.0,0.8769464,-0.12305359999999999,0.8125,1.0,0.1875,0.0,0.0,0.0,0.0,0.0,0.0,1,1
662,0.957852,0.93535197,-0.022500030000000004,0.93978846,0.93978846,0.0,1.0,0.925,-0.07499999999999996,0.0,0.0,0.0,0.0,0.0,0.0,1,1
663,0.8714364,0.9090647,0.03762829999999995,0.85383767,0.9022352,0.04839753000000002,0.9125,0.925,0.012500000000000067,0.0,0.0,0.0,0.0,0.0,0.0,1,1
664,0.8499822,0.79373217,-0.05625003000000006,0.7856888,0.7856888,0.0,1.0,0.8125,-0.1875,0.0,0.0,0.0,0.0,0.0,0.0,1,1
665,1.0,1.0,0.0,1.0,1.0,0.0,1.0,1.0,0.0,0.0,0.0,0.0,0.0,0.0,0.0,1,1
666,0.9175,0.0,-0.9175,1.0,0.8944606,-0.10553939999999995,0.725,0.7012987,-0.023701299999999925,0.0,0.0,0.0,0.0,0.0,1.0,1,0
667,0.9892678,1.0,0.01073219999999997,0.9846683,1.0,0.015331699999999948,1.0,1.0,0.0,0.0,0.0,0.0,0.0,0.0,0.0,1,1
668,0.92165977,0.92260927,0.0009495000000000475,0.88808537,0.93765604,0.04957067000000004,1.0,0.8875,-0.11250000000000004,0.0,0.0,0.0,0.0,0.0,0.0,1,1
669,1.0,1.0,0.0,1.0,1.0,0.0,1.0,1.0,0.0,0.0,0.0,0.0,0.0,0.0,0.0,1,1
670,0.92126006,0.93876743,0.01750736999999991,0.8875143,0.912525,0.025010700000000052,1.0,1.0,0.0,0.0,0.0,0.0,0.0,0.0,0.0,1,1
671,1.0,1.0,0.0,1.0,1.0,0.0,1.0,1.0,0.0,0.0,0.0,0.0,0.0,0.0,0.0,1,1
672,1.0,1.0,0.0,1.0,1.0,0.0,1.0,1.0,0.0,0.0,0.0,0.0,0.0,0.0,0.0,1,1
673,0.9625358,0.93063337,-0.03190243000000004,0.9464797,0.9598334,0.013353699999999913,1.0,0.8625,-0.13749999999999996,0.0,0.0,0.0,0.0,0.0,0.0,1,1
674,0.97049886,1.0,0.029501140000000037,0.9578554,1.0,0.042144599999999977,1.0,1.0,0.0,0.0,0.0,0.0,0.0,0.0,0.0,1,1
675,1.0,1.0,0.0,1.0,1.0,0.0,1.0,1.0,0.0,0.0,0.0,0.0,0.0,0.0,0.0,1,1
676,1.0,1.0,0.0,1.0,1.0,0.0,1.0,1.0,0.0,0.0,0.0,0.0,0.0,0.0,0.0,1,1
677,1.0,1.0,0.0,1.0,1.0,0.0,1.0,1.0,0.0,0.0,0.0,0.0,0.0,0.0,0.0,1,1
678,0.96250004,0.95500004,-0.007499999999999951,1.0,1.0,0.0,0.875,0.85,-0.025000000000000022,0.0,0.0,0.0,0.0,0.0,0.0,1,1
679,0.96999997,0.9925,0.022500030000000004,1.0,1.0,0.0,0.90000004,0.975,0.07499995999999998,0.0,0.0,0.0,0.0,0.0,0.0,1,1
680,1.0,1.0,0.0,0.99999994,0.99999994,0.0,1.0,1.0,0.0,0.0,0.0,0.0,0.0,0.0,0.0,1,1
681,1.0,1.0,0.0,1.0,1.0,0.0,1.0,1.0,0.0,0.0,0.0,0.0,0.0,0.0,0.0,1,1
682,0.9124431,0.9124431,0.0,0.8749187,0.8749187,0.0,1.0,1.0,0.0,0.0,0.0,0.0,0.0,0.0,0.0,1,1
683,0.9028559,0.9461261,0.043270199999999925,0.8612227,0.92303723,0.061814530000000034,1.0,1.0,0.0,0.0,0.0,0.0,0.0,0.0,0.0,1,1
684,1.0,1.0,0.0,1.0,1.0,0.0,1.0,1.0,0.0,0.0,0.0,0.0,0.0,0.0,0.0,1,1
685,0.92138654,0.9562702,0.03488365999999998,0.88769495,0.9375288,0.04983385000000007,1.0,1.0,0.0,0.0,0.0,0.0,0.0,0.0,0.0,1,1
686,0.93108046,0.9127793,-0.01830116000000004,0.90154356,0.8753988,-0.02614475999999999,1.0,1.0,0.0,0.0,0.0,0.0,0.0,0.0,0.0,1,1
687,0.9279303,0.93815976,0.010229460000000024,0.89704317,0.9116568,0.014613630000000044,1.0,1.0,0.0,0.0,0.0,0.0,0.0,0.0,0.0,1,1
688,1.0,1.0,0.0,1.0,1.0,0.0,1.0,1.0,0.0,0.0,0.0,0.0,0.0,0.0,0.0,1,1
689,1.0,1.0,0.0,1.0,1.0,0.0,1.0,1.0,0.0,0.0,0.0,0.0,0.0,0.0,0.0,1,1
690,0.76484567,0.819092,0.05424633000000001,0.7497795,0.87548846,0.12570895999999998,0.8,0.6875,-0.11250000000000004,0.0,0.0,0.0,0.0,0.0,0.0,1,1
691,0.96625006,0.96625006,0.0,1.0,1.0,0.0,0.8875,0.8875,0.0,0.0,0.0,0.0,0.0,0.0,0.0,1,1
692,0.73444337,0.7217741,-0.012669270000000066,0.7009905,0.7257488,0.02475830000000001,0.8125,0.71250004,-0.09999996,0.0,0.0,0.0,0.0,0.0,0.0,1,1
693,0.82869846,0.84869593,0.01999746999999996,0.78742635,0.8374227,0.04999634999999991,0.925,0.875,-0.050000000000000044,0.0,0.0,0.0,0.0,0.0,0.0,1,1
694,0.0,1.0,1.0,0.7955867,1.0,0.20441330000000002,1.0,1.0,0.0,0.0,0.0,0.0,0.0,1.0,0.0,0,1
695,0.9683928,0.9601965,-0.008196300000000045,0.9548468,0.9431378,-0.01170899999999997,1.0,1.0,0.0,0.0,0.0,0.0,0.0,0.0,0.0,1,1
696,0.9564112,0.96625006,0.009838860000000005,0.9377302,1.0,0.06226980000000004,1.0,0.8875,-0.11250000000000004,0.0,0.0,0.0,0.0,0.0,0.0,1,1
697,0.82811445,0.8269207,-0.0011937499999999934,0.81337774,0.8491725,0.03579476000000004,0.8625,0.77500004,-0.08749996000000004,0.0,0.0,0.0,0.0,0.0,0.0,1,1
698,0.77073383,0.7999297,0.029195870000000013,0.70461977,0.8266852,0.12206543000000003,0.925,0.7375,-0.1875,0.0,0.0,0.0,0.0,0.0,0.0,1,1
699,1.0,1.0,0.0,1.0,1.0,0.0,1.0,1.0,0.0,0.0,0.0,0.0,0.0,0.0,0.0,1,1
700,0.8783631,0.9273438,0.0489807000000001,0.87444717,0.9497767,0.07532952999999998,0.8875,0.875,-0.012499999999999956,0.0,0.0,0.0,0.0,0.0,0.0,1,1
701,1.0,1.0,0.0,1.0,1.0,0.0,1.0,1.0,0.0,0.0,0.0,0.0,0.0,0.0,0.0,1,1
702,0.9236256,0.9713257,0.04770009999999991,0.9391079,0.9590367,0.01992879999999997,0.8875,1.0,0.11250000000000004,0.0,0.0,0.0,0.0,0.0,0.0,1,1
703,0.8801158,0.8972997,0.01718390000000003,0.9144511,0.93899953,0.024548430000000065,0.8,0.8,0.0,0.0,0.0,0.0,0.0,0.0,0.0,1,1
704,0.0,0.97749996,0.97749996,0.4227546,1.0,0.5772454,1.0,0.925,-0.07499999999999996,1.0,0.0,1.0,0.0,0.0,0.0,0,1
705,0.5777039,0.5154961,-0.062207800000000035,0.39671978,0.3399944,-0.05672538000000005,1.0,0.925,-0.07499999999999996,0.0,0.0,0.0,0.0,0.0,0.0,1,1
706,0.8902964,0.8987681,0.008471699999999971,0.8432805,0.90359735,0.06031684999999998,1.0,0.8875,-0.11250000000000004,0.0,0.0,0.0,0.0,0.0,0.0,1,1
707,0.8314722,0.8988792,0.067407,0.75924605,0.88768446,0.12843841,1.0,0.925,-0.07499999999999996,0.0,0.0,0.0,0.0,0.0,0.0,1,1
708,1.0,1.0,0.0,1.0,1.0,0.0,1.0,1.0,0.0,0.0,0.0,0.0,0.0,0.0,0.0,1,1
709,1.0,1.0,0.0,1.0,1.0,0.0,1.0,1.0,0.0,0.0,0.0,0.0,0.0,0.0,0.0,1,1
710,0.94375,1.0,0.05625000000000002,1.0,1.0,0.0,0.8125,1.0,0.1875,0.0,0.0,0.0,0.0,0.0,0.0,1,1
711,1.0,0.97749996,-0.022500040000000054,1.0,1.0,0.0,1.0,0.925,-0.07499999999999996,0.0,0.0,0.0,0.0,0.0,0.0,1,1
712,1.0,1.0,0.0,1.0,1.0,0.0,1.0,1.0,0.0,0.0,0.0,0.0,0.0,0.0,0.0,1,1
713,1.0,1.0,0.0,1.0,1.0,0.0,1.0,1.0,0.0,0.0,0.0,0.0,0.0,0.0,0.0,1,1
714,0.90092605,0.9199711,0.019045050000000008,0.8584657,0.88567305,0.027207349999999964,1.0,1.0,0.0,0.0,0.0,0.0,0.0,0.0,0.0,1,1
715,0.9210896,0.9210896,0.0,0.88727075,0.88727075,0.0,1.0,1.0,0.0,0.0,0.0,0.0,0.0,0.0,0.0,1,1
716,0.9510356,0.992406,0.04137040000000003,0.93005085,0.9891514,0.05910055000000003,1.0,1.0,0.0,0.0,0.0,0.0,0.0,0.0,0.0,1,1
717,0.83441085,0.833823,-0.0005878500000000564,0.76344407,0.8108187,0.04737462999999997,1.0,0.8875,-0.11250000000000004,0.0,0.0,0.0,0.0,0.0,0.0,1,1
718,0.8650708,0.8700658,0.004994999999999972,0.88760114,0.862594,-0.02500714000000004,0.8125,0.8875,0.07499999999999996,0.0,0.0,0.0,0.0,0.0,0.0,1,1
719,0.93007916,0.8525883,-0.07749086000000005,0.9001131,0.875126,-0.02498710000000004,1.0,0.8,-0.19999999999999996,0.0,0.0,0.0,0.0,0.0,0.0,1,1
720,0.92126507,0.912504,-0.008761070000000037,0.8875215,0.8750057,-0.012515799999999966,1.0,1.0,0.0,0.0,0.0,0.0,0.0,0.0,0.0,1,1
721,1.0,1.0,0.0,0.99999994,0.99999994,0.0,1.0,1.0,0.0,0.0,0.0,0.0,0.0,0.0,0.0,1,1
722,0.9417855,0.9417855,0.0,0.9168365,0.9168365,0.0,1.0,1.0,0.0,0.0,0.0,0.0,0.0,0.0,0.0,1,1
723,0.94375,0.96999997,0.026249970000000067,0.99999994,0.99999994,0.0,0.8125,0.90000004,0.08750004,0.0,0.0,0.0,0.0,0.0,0.0,1,1
724,0.8259495,0.8941,0.0681505,0.7995706,0.8487143,0.04914370000000001,0.8875,1.0,0.11250000000000004,0.0,0.0,0.0,0.0,0.0,0.0,1,1
725,1.0,1.0,0.0,1.0,1.0,0.0,1.0,1.0,0.0,0.0,0.0,0.0,0.0,0.0,0.0,1,1
726,0.9359701,0.8993295,-0.03664060000000002,0.9621001,0.8990421,-0.06305800000000006,0.875,0.90000004,0.02500004,0.0,0.0,0.0,0.0,0.0,0.0,1,1
727,0.9360682,1.0,0.06393179999999998,0.9086687,1.0,0.0913313,1.0,1.0,0.0,0.0,0.0,0.0,0.0,0.0,0.0,1,1
728,1.0,0.97375005,-0.026249949999999966,1.0,1.0,0.0,1.0,0.9125,-0.08750000000000002,0.0,0.0,0.0,0.0,0.0,0.0,1,1
729,1.0,1.0,0.0,1.0,1.0,0.0,1.0,1.0,0.0,0.0,0.0,0.0,0.0,0.0,0.0,1,1
730,1.0,1.0,0.0,1.0,1.0,0.0,1.0,1.0,0.0,0.0,0.0,0.0,0.0,0.0,0.0,1,1
731,1.0,1.0,0.0,1.0,1.0,0.0,1.0,1.0,0.0,0.0,0.0,0.0,0.0,0.0,0.0,1,1
732,1.0,1.0,0.0,1.0,1.0,0.0,1.0,1.0,0.0,0.0,0.0,0.0,0.0,0.0,0.0,1,1
733,0.95874995,0.96250004,0.0037500900000000392,0.99999994,0.99999994,0.0,0.8625,0.875,0.012499999999999956,0.0,0.0,0.0,0.0,0.0,0.0,1,1
734,0.81834185,0.8459509,0.027609049999999913,0.78870267,0.8388585,0.0501558299999999,0.8875,0.8625,-0.02499999999999991,0.0,0.0,0.0,0.0,0.0,0.0,1,1
735,0.8986573,0.91239613,0.01373882999999998,0.8873676,0.87485164,-0.012515959999999993,0.925,1.0,0.07499999999999996,0.0,0.0,0.0,0.0,0.0,0.0,1,1
736,0.8595039,0.9083142,0.04881029999999997,0.86357695,0.90116316,0.03758620999999995,0.85,0.925,0.07500000000000007,0.0,0.0,0.0,0.0,0.0,0.0,1,1
737,1.0,1.0,0.0,1.0,1.0,0.0,1.0,1.0,0.0,0.0,0.0,0.0,0.0,0.0,0.0,1,1
738,0.88968354,0.93832874,0.048645199999999944,0.8424051,0.9708268,0.12842169999999997,1.0,0.8625,-0.13749999999999996,0.0,0.0,0.0,0.0,0.0,0.0,1,1
739,0.97749996,1.0,0.022500040000000054,1.0,1.0,0.0,0.925,1.0,0.07499999999999996,0.0,0.0,0.0,0.0,0.0,0.0,1,1
740,0.94750005,0.90126085,-0.046239200000000036,1.0,0.9125155,-0.08748449999999997,0.825,0.875,0.050000000000000044,0.0,0.0,0.0,0.0,0.0,0.0,1,1
741,1.0,1.0,0.0,1.0,1.0,0.0,1.0,1.0,0.0,0.0,0.0,0.0,0.0,0.0,0.0,1,1
742,0.8964173,0.93994695,0.043529649999999975,0.90023905,0.9624243,0.06218524999999997,0.8875,0.8875,0.0,0.0,0.0,0.0,0.0,0.0,0.0,1,1
743,0.8683322,0.8703483,0.002016099999999965,0.9619031,0.91121185,-0.050691249999999966,0.65000004,0.77500004,0.125,0.0,0.0,0.0,0.0,0.0,0.0,1,1
744,0.9299542,0.91243726,-0.017516939999999925,0.8999345,0.87491035,-0.025024150000000023,1.0,1.0,0.0,0.0,0.0,0.0,0.0,0.0,0.0,1,1
745,0.8824615,0.92996925,0.04750774999999996,0.83208776,0.9481704,0.11608264000000001,1.0,0.8875,-0.11250000000000004,0.0,0.0,0.0,0.0,0.0,0.0,1,1
746,1.0,1.0,0.0,1.0,1.0,0.0,1.0,1.0,0.0,0.0,0.0,0.0,0.0,0.0,0.0,1,1
747,0.0,0.0,0.0,1.0,1.0,0.0,1.0,1.0,0.0,1.0,1.0,1.0,1.0,0.0,0.0,0,0
748,1.0,1.0,0.0,1.0,1.0,0.0,1.0,1.0,0.0,0.0,0.0,0.0,0.0,0.0,0.0,1,1
749,0.94629973,0.862861,-0.08343873000000002,0.9875711,0.9005156,-0.08705550000000006,0.85,0.77500004,-0.07499995999999998,0.0,0.0,0.0,0.0,0.0,0.0,1,1
750,0.92270976,0.93060154,0.007891779999999904,0.8895854,0.9008593,0.011273900000000059,1.0,1.0,0.0,0.0,0.0,0.0,0.0,0.0,0.0,1,1
751,0.9124889,0.8612234,-0.051265500000000075,0.8749841,0.84996194,-0.025022160000000016,1.0,0.8875,-0.11250000000000004,0.0,0.0,0.0,0.0,0.0,0.0,1,1
752,0.91714495,0.9669758,0.04983085000000009,0.8816356,0.9528225,0.07118690000000005,1.0,1.0,0.0,0.0,0.0,0.0,0.0,0.0,0.0,1,1
753,0.91264707,0.93011135,0.01746428,0.87521005,0.900159,0.02494895000000008,1.0,1.0,0.0,0.0,0.0,0.0,0.0,0.0,0.0,1,1
754,1.0,1.0,0.0,1.0,1.0,0.0,1.0,1.0,0.0,0.0,0.0,0.0,0.0,0.0,0.0,1,1
755,0.8284936,0.8409559,0.012462299999999926,0.7549909,0.83172274,0.07673184,1.0,0.8625,-0.13749999999999996,0.0,0.0,0.0,0.0,0.0,0.0,1,1
756,0.88274825,0.8739338,-0.00881445000000003,0.9503545,0.9752626,0.02490809999999999,0.725,0.6375,-0.08750000000000002,0.0,0.0,0.0,0.0,0.0,0.0,1,1
757,0.8638216,0.8751225,0.011300900000000058,0.8376024,0.87517494,0.03757253999999999,0.925,0.875,-0.050000000000000044,0.0,0.0,0.0,0.0,0.0,0.0,1,1
758,0.92417234,1.0,0.07582765999999996,0.8916747,1.0,0.10832529999999996,1.0,1.0,0.0,0.0,0.0,0.0,0.0,0.0,0.0,1,1
759,0.97749996,1.0,0.022500040000000054,1.0,1.0,0.0,0.925,1.0,0.07499999999999996,0.0,0.0,0.0,0.0,0.0,0.0,1,1
760,0.92249167,0.93110627,0.008614600000000028,0.8892738,0.9015804,0.012306599999999945,1.0,1.0,0.0,0.0,0.0,0.0,0.0,0.0,0.0,1,1
761,1.0,1.0,0.0,1.0,1.0,0.0,1.0,1.0,0.0,0.0,0.0,0.0,0.0,0.0,0.0,1,1
762,0.82438433,0.85999966,0.035615330000000056,0.8080489,0.8589281,0.05087920000000001,0.8625,0.8625,0.0,0.0,0.0,0.0,0.0,0.0,0.0,1,1
763,0.92697763,0.92697763,0.0,0.89568233,0.89568233,0.0,1.0,1.0,0.0,0.0,0.0,0.0,0.0,0.0,0.0,1,1
764,1.0,1.0,0.0,1.0,1.0,0.0,1.0,1.0,0.0,0.0,0.0,0.0,0.0,0.0,0.0,1,1
765,0.88533527,0.8645229,-0.020812370000000024,0.8683361,0.8546755,-0.013660600000000023,0.925,0.8875,-0.03750000000000009,0.0,0.0,0.0,0.0,0.0,0.0,1,1
766,0.97749996,1.0,0.022500040000000054,1.0,1.0,0.0,0.925,1.0,0.07499999999999996,0.0,0.0,0.0,0.0,0.0,0.0,1,1
767,0.9122557,0.9541742,0.04191849999999997,0.874651,0.93453455,0.05988355000000001,1.0,1.0,0.0,0.0,0.0,0.0,0.0,0.0,0.0,1,1
768,0.0,0.0,0.0,1.0,1.0,0.0,1.0,1.0,0.0,1.0,1.0,1.0,1.0,0.0,0.0,0,0
769,0.9025,0.95874995,0.05624994999999999,1.0,1.0,0.0,0.675,0.8625,0.1875,0.0,0.0,0.0,0.0,0.0,0.0,1,1
770,0.9502167,1.0,0.049783299999999975,0.96638095,1.0,0.033619049999999984,0.9125,1.0,0.08750000000000002,0.0,0.0,0.0,0.0,0.0,0.0,1,1
771,0.9130912,0.90550727,-0.0075839300000000165,0.87584454,0.91322464,0.03738010000000003,1.0,0.8875,-0.11250000000000004,0.0,0.0,0.0,0.0,0.0,0.0,1,1
772,0.9561745,0.97457296,0.018398460000000005,0.9373922,0.96367556,0.026283359999999978,1.0,1.0,0.0,0.0,0.0,0.0,0.0,0.0,0.0,1,1
773,0.92074966,0.91196674,-0.008782920000000027,0.8867853,0.87423813,-0.012547170000000052,1.0,1.0,0.0,0.0,0.0,0.0,0.0,0.0,0.0,1,1
774,0.78814244,0.7843785,-0.003763940000000021,0.79913205,0.83661216,0.037480110000000066,0.7625,0.6625,-0.09999999999999998,0.0,0.0,0.0,0.0,0.0,0.0,1,1
775,1.0,1.0,0.0,1.0,1.0,0.0,1.0,1.0,0.0,0.0,0.0,0.0,0.0,0.0,0.0,1,1
776,0.87745667,0.86023945,-0.017217220000000033,0.82493806,0.8485564,0.02361833999999996,1.0,0.8875,-0.11250000000000004,0.0,0.0,0.0,0.0,0.0,0.0,1,1
777,0.9753606,1.0,0.024639399999999978,0.96480083,1.0,0.035199169999999946,1.0,1.0,0.0,0.0,0.0,0.0,0.0,0.0,0.0,1,1
778,1.0,1.0,0.0,1.0,1.0,0.0,1.0,1.0,0.0,0.0,0.0,0.0,0.0,0.0,0.0,1,1
779,1.0,1.0,0.0,1.0,1.0,0.0,1.0,1.0,0.0,0.0,0.0,0.0,0.0,0.0,0.0,1,1
780,0.9197348,0.9464054,0.02667059999999999,0.8853353,0.9234363,0.03810099999999994,1.0,1.0,0.0,0.0,0.0,0.0,0.0,0.0,0.0,1,1
781,0.0,0.0,0.0,1.0,1.0,0.0,1.0,1.0,0.0,1.0,1.0,1.0,1.0,0.0,0.0,0,0
782,0.8214068,0.8875,0.06609319999999996,0.84129536,0.99999994,0.15870457999999998,0.77500004,0.625,-0.15000004,0.0,0.0,0.0,0.0,0.0,0.0,1,1
783,0.9737202,0.9815933,0.007873099999999966,0.9624573,0.9737048,0.011247500000000077,1.0,1.0,0.0,0.0,0.0,0.0,0.0,0.0,0.0,1,1
784,1.0,1.0,0.0,1.0,1.0,0.0,1.0,1.0,0.0,0.0,0.0,0.0,0.0,0.0,0.0,1,1
785,0.89412117,0.95874995,0.06462877999999994,0.8487445,1.0,0.1512555,1.0,0.8625,-0.13749999999999996,0.0,0.0,0.0,0.0,0.0,0.0,1,1
786,0.9226074,0.94840795,0.025800550000000033,0.8894392,0.9262971,0.0368579,1.0,1.0,0.0,0.0,0.0,0.0,0.0,0.0,0.0,1,1
787,0.96625006,0.91375,-0.05250006000000007,1.0,1.0,0.0,0.8875,0.71250004,-0.17499995999999995,0.0,0.0,0.0,0.0,0.0,0.0,1,1
788,1.0,1.0,0.0,1.0,1.0,0.0,1.0,1.0,0.0,0.0,0.0,0.0,0.0,0.0,0.0,1,1
789,0.86246693,0.89238304,0.02991611000000005,0.85173845,0.8784044,0.02666594999999994,0.8875,0.925,0.03750000000000009,0.0,0.0,0.0,0.0,0.0,0.0,1,1
790,0.9705185,0.9543919,-0.01612659999999999,0.9578836,0.9723454,0.01446180000000008,1.0,0.9125,-0.08750000000000002,0.0,0.0,0.0,0.0,0.0,0.0,1,1
791,0.91074103,0.9252022,0.014461170000000023,0.8724871,0.8985031,0.02601600000000004,1.0,0.9875,-0.012499999999999956,0.0,0.0,0.0,0.0,0.0,0.0,1,1
792,0.9742729,1.0,0.025727100000000003,0.9632471,1.0,0.03675289999999998,1.0,1.0,0.0,0.0,0.0,0.0,0.0,0.0,0.0,1,1
793,0.87051624,0.8953682,0.024851959999999895,0.8632374,0.92552596,0.06228855999999994,0.8875,0.825,-0.0625,0.0,0.0,0.0,0.0,0.0,0.0,1,1
794,0.9300858,0.9300858,0.0,0.90012246,0.90012246,0.0,1.0,1.0,0.0,0.0,0.0,0.0,0.0,0.0,0.0,1,1
795,0.93872756,0.9298704,-0.00885716000000003,0.9606823,0.9480293,-0.012653000000000025,0.8875,0.8875,0.0,0.0,0.0,0.0,0.0,0.0,0.0,1,1
796,0.9424898,0.9133758,-0.029114000000000084,0.9874854,0.8762511,-0.11123430000000001,0.83750004,1.0,0.16249996,0.0,0.0,0.0,0.0,0.0,0.0,1,1
797,1.0,1.0,0.0,1.0,1.0,0.0,1.0,1.0,0.0,0.0,0.0,0.0,0.0,0.0,0.0,1,1
798,1.0,0.97374994,-0.026250059999999964,0.99999994,0.99999994,0.0,1.0,0.9125,-0.08750000000000002,0.0,0.0,0.0,0.0,0.0,0.0,1,1
799,0.9172887,0.925625,0.008336300000000074,0.88184094,0.8937501,0.011909159999999974,1.0,1.0,0.0,0.0,0.0,0.0,0.0,0.0,0.0,1,1
800,1.0,1.0,0.0,1.0,1.0,0.0,1.0,1.0,0.0,0.0,0.0,0.0,0.0,0.0,0.0,1,1
801,0.97375005,1.0,0.026249949999999966,1.0,1.0,0.0,0.9125,1.0,0.08750000000000002,0.0,0.0,0.0,0.0,0.0,0.0,1,1
802,0.865894,0.9209489,0.05505489999999991,0.86199147,0.8870698,0.025078330000000038,0.875,1.0,0.125,0.0,0.0,0.0,0.0,0.0,0.0,1,1
803,0.8856968,0.91390276,0.028205960000000085,0.8367096,0.8770039,0.040294299999999894,1.0,1.0,0.0,0.0,0.0,0.0,0.0,0.0,0.0,1,1
804,0.9033828,0.92974055,0.026357749999999958,0.86197543,0.8996293,0.03765386999999998,1.0,1.0,0.0,0.0,0.0,0.0,0.0,0.0,0.0,1,1
805,0.9842667,1.0,0.01573329999999995,0.97752386,1.0,0.022476139999999978,1.0,1.0,0.0,0.0,0.0,0.0,0.0,0.0,0.0,1,1
806,0.8918404,0.93869513,0.04685473000000007,0.8454862,0.94456446,0.09907826000000008,1.0,0.925,-0.07499999999999996,0.0,0.0,0.0,0.0,0.0,0.0,1,1
807,0.9081975,0.899786,-0.008411500000000016,0.86885357,0.8568372,-0.012016369999999998,1.0,1.0,0.0,0.0,0.0,0.0,0.0,0.0,0.0,1,1
808,0.78341526,0.7797852,-0.0036300599999999905,0.6905932,0.7175503,0.026957099999999956,1.0,0.925,-0.07499999999999996,0.0,0.0,0.0,0.0,0.0,0.0,1,1
809,0.91285163,0.93027747,0.017425840000000026,0.8755023,0.90039635,0.02489405,1.0,1.0,0.0,0.0,0.0,0.0,0.0,0.0,0.0,1,1
810,0.92595494,0.9588909,0.032935959999999986,0.8942213,0.9412728,0.047051500000000024,1.0,1.0,0.0,0.0,0.0,0.0,0.0,0.0,0.0,1,1
811,0.9017022,0.9434368,0.041734599999999955,0.8595746,0.91919535,0.05962075,1.0,1.0,0.0,0.0,0.0,0.0,0.0,0.0,0.0,1,1
812,0.9325,0.87577933,-0.05672067000000003,1.0,0.8868275,-0.11317250000000001,0.77500004,0.85,0.07499995999999998,0.0,0.0,0.0,0.0,0.0,0.0,1,1
813,0.938369,0.96003515,0.02166614999999994,0.9119557,0.9750501,0.0630944,1.0,0.925,-0.07499999999999996,0.0,0.0,0.0,0.0,0.0,0.0,1,1
814,0.85604775,0.87313503,0.017087280000000038,0.7943539,0.8187642,0.024410300000000107,1.0,1.0,0.0,0.0,0.0,0.0,0.0,0.0,0.0,1,1
815,0.97375005,0.97375005,0.0,1.0000001,1.0000001,0.0,0.9125,0.9125,0.0,0.0,0.0,0.0,0.0,0.0,0.0,1,1
816,1.0,1.0,0.0,1.0,1.0,0.0,1.0,1.0,0.0,0.0,0.0,0.0,0.0,0.0,0.0,1,1
817,0.961561,0.98156416,0.02000316000000002,0.94508713,0.97366303,0.028575899999999987,1.0,1.0,0.0,0.0,0.0,0.0,0.0,0.0,0.0,1,1
818,0.8914899,0.9726416,0.08115170000000005,0.84498554,0.96091646,0.11593091999999994,1.0,1.0,0.0,0.0,0.0,0.0,0.0,0.0,0.0,1,1
819,0.96625006,0.96625006,0.0,1.0,1.0,0.0,0.8875,0.8875,0.0,0.0,0.0,0.0,0.0,0.0,0.0,1,1
820,0.97749996,1.0,0.022500040000000054,1.0,1.0,0.0,0.925,1.0,0.07499999999999996,0.0,0.0,0.0,0.0,0.0,0.0,1,1
821,0.85108995,0.9100151,0.05892514999999998,0.86227137,0.9250216,0.06275023000000002,0.825,0.875,0.050000000000000044,0.0,0.0,0.0,0.0,0.0,0.0,1,1
822,0.8810207,0.9218565,0.04083579999999998,0.83002967,0.9205093,0.09047962999999992,1.0,0.925,-0.07499999999999996,0.0,0.0,0.0,0.0,0.0,0.0,1,1
823,0.9226311,0.9669466,0.04431549999999995,0.8894729,0.9527808,0.06330789999999997,1.0,1.0,0.0,0.0,0.0,0.0,0.0,0.0,0.0,1,1
824,1.0,1.0,0.0,1.0,1.0,0.0,1.0,1.0,0.0,0.0,0.0,0.0,0.0,0.0,0.0,1,1
825,0.96625006,0.97749996,0.011249899999999924,1.0,1.0,0.0,0.8875,0.925,0.03750000000000009,0.0,0.0,0.0,0.0,0.0,0.0,1,1
826,0.8358219,0.7907715,-0.045050400000000046,0.79760265,0.8511021,0.053499450000000004,0.925,0.65000004,-0.27499996000000004,0.0,0.0,0.0,0.0,0.0,0.0,1,1
827,0.9232975,0.9061333,-0.017164199999999963,0.93863934,0.91411906,-0.02452028000000006,0.8875,0.8875,0.0,0.0,0.0,0.0,0.0,0.0,0.0,1,1
828,1.0,1.0,0.0,1.0,1.0,0.0,1.0,1.0,0.0,0.0,0.0,0.0,0.0,0.0,0.0,1,1
829,1.0,1.0,0.0,1.0,1.0,0.0,1.0,1.0,0.0,0.0,0.0,0.0,0.0,0.0,0.0,1,1
830,0.869064,0.87780756,0.008743560000000095,0.8129485,0.82543933,0.012490830000000064,1.0,1.0,0.0,0.0,0.0,0.0,0.0,0.0,0.0,1,1
831,0.92125,0.97749996,0.05624995999999993,1.0,1.0,0.0,0.7375,0.925,0.1875,0.0,0.0,0.0,0.0,0.0,0.0,1,1
832,0.7983381,0.8296297,0.031291599999999975,0.86191165,0.87447107,0.012559419999999988,0.65000004,0.725,0.07499995999999998,0.0,0.0,0.0,0.0,0.0,0.0,1,1
833,1.0,0.9914486,-0.008551399999999987,1.0,0.9877838,-0.01221620000000001,1.0,1.0,0.0,0.0,0.0,0.0,0.0,0.0,0.0,1,1
834,1.0,1.0,0.0,0.99999994,0.99999994,0.0,1.0,1.0,0.0,0.0,0.0,0.0,0.0,0.0,0.0,1,1
835,1.0,1.0,0.0,1.0,1.0,0.0,1.0,1.0,0.0,0.0,0.0,0.0,0.0,0.0,0.0,1,1
836,1.0,1.0,0.0,1.0,1.0,0.0,1.0,1.0,0.0,0.0,0.0,0.0,0.0,0.0,0.0,1,1
837,0.9152557,0.90400565,-0.011250050000000011,0.9110795,0.9110795,0.0,0.925,0.8875,-0.03750000000000009,0.0,0.0,0.0,0.0,0.0,0.0,1,1
838,0.91261905,0.87886906,-0.03374999000000001,0.87517005,0.87517005,0.0,1.0,0.8875,-0.11250000000000004,0.0,0.0,0.0,0.0,0.0,0.0,1,1
839,1.0,1.0,0.0,1.0,1.0,0.0,1.0,1.0,0.0,0.0,0.0,0.0,0.0,0.0,0.0,1,1
840,0.93001854,1.0,0.06998146000000005,0.90002644,0.99999994,0.09997350000000005,1.0,1.0,0.0,0.0,0.0,0.0,0.0,0.0,0.0,1,1
841,0.901133,0.9175274,0.01639440000000003,0.8587614,0.93039626,0.07163485999999997,1.0,0.8875,-0.11250000000000004,0.0,0.0,0.0,0.0,0.0,0.0,1,1
842,1.0,1.0,0.0,1.0,1.0,0.0,1.0,1.0,0.0,0.0,0.0,0.0,0.0,0.0,0.0,1,1
843,0.9161728,0.9299516,0.01377879999999998,0.9123897,0.89993083,-0.01245887000000001,0.925,1.0,0.07499999999999996,0.0,0.0,0.0,0.0,0.0,0.0,1,1
844,1.0,1.0,0.0,1.0,1.0,0.0,1.0,1.0,0.0,0.0,0.0,0.0,0.0,0.0,0.0,1,1
845,1.0,0.96250004,-0.03749996,1.0,1.0,0.0,1.0,0.875,-0.125,0.0,0.0,0.0,0.0,0.0,0.0,1,1
846,0.93924636,0.9647624,0.025516040000000073,0.96142334,0.98716056,0.025737220000000005,0.8875,0.9125,0.025000000000000022,0.0,0.0,0.0,0.0,0.0,0.0,1,1
847,0.90338516,0.9514624,0.04807724000000002,0.8619787,0.9306606,0.06868189999999996,1.0,1.0,0.0,0.0,0.0,0.0,0.0,0.0,0.0,1,1
848,0.88291806,0.90089077,0.017972710000000003,0.83274007,0.85841537,0.025675299999999956,1.0,1.0,0.0,0.0,0.0,0.0,0.0,0.0,0.0,1,1
849,0.78923196,0.8157571,0.026525140000000058,0.7471171,0.78501016,0.037893060000000034,0.8875,0.8875,0.0,0.0,0.0,0.0,0.0,0.0,0.0,1,1
850,1.0,1.0,0.0,1.0,1.0,0.0,1.0,1.0,0.0,0.0,0.0,0.0,0.0,0.0,0.0,1,1
851,1.0,1.0,0.0,1.0,1.0,0.0,1.0,1.0,0.0,0.0,0.0,0.0,0.0,0.0,0.0,1,1
852,0.9884302,0.9657114,-0.02271880000000004,0.9834717,0.9510163,-0.03245539999999991,1.0,1.0,0.0,0.0,0.0,0.0,0.0,0.0,0.0,1,1
853,0.85947955,0.9335295,0.07404995000000003,0.8742565,0.937185,0.06292850000000005,0.825,0.925,0.10000000000000009,0.0,0.0,0.0,0.0,0.0,0.0,1,1
854,0.94,0.94375,0.003750000000000031,1.0,1.0,0.0,0.8,0.8125,0.012499999999999956,0.0,0.0,0.0,0.0,0.0,0.0,1,1
855,0.83423465,0.8851355,0.05090085,0.76319236,0.83590776,0.07271539999999999,1.0,1.0,0.0,0.0,0.0,0.0,0.0,0.0,0.0,1,1
856,0.86810935,0.8961741,0.02806474999999997,0.8115847,0.8516773,0.04009259999999992,1.0,1.0,0.0,0.0,0.0,0.0,0.0,0.0,0.0,1,1
857,0.95125,0.94750005,-0.003749950000000002,1.0,1.0,0.0,0.83750004,0.825,-0.012500040000000046,0.0,0.0,0.0,0.0,0.0,0.0,1,1
858,0.97676754,1.0,0.02323246000000001,0.9668107,1.0,0.03318929999999998,1.0,1.0,0.0,0.0,0.0,0.0,0.0,0.0,0.0,1,1
859,0.96625006,0.94871503,-0.017535030000000007,1.0,0.97494996,-0.025050039999999996,0.8875,0.8875,0.0,0.0,0.0,0.0,0.0,0.0,0.0,1,1
860,0.95125,0.8921604,-0.059089600000000075,1.0,0.899515,-0.10048500000000005,0.83750004,0.875,0.03749996,0.0,0.0,0.0,0.0,0.0,0.0,1,1
861,0.97725695,1.0,0.022743049999999987,0.9675099,1.0,0.032490099999999966,1.0,1.0,0.0,0.0,0.0,0.0,0.0,0.0,0.0,1,1
862,0.8661439,0.8674303,0.0012864000000000209,0.86234844,0.87490046,0.012552019999999997,0.875,0.85,-0.025000000000000022,0.0,0.0,0.0,0.0,0.0,0.0,1,1
863,1.0,1.0,0.0,0.99999994,0.99999994,0.0,1.0,1.0,0.0,0.0,0.0,0.0,0.0,0.0,0.0,1,1
864,0.9836855,1.0,0.01631450000000001,0.9766935,1.0,0.023306500000000008,1.0,1.0,0.0,0.0,0.0,0.0,0.0,0.0,0.0,1,1
865,0.71491545,0.7411654,0.026249949999999966,0.8123792,0.8123792,0.0,0.4875,0.575,0.08749999999999997,0.0,0.0,0.0,0.0,0.0,0.0,1,1
866,0.9302622,0.93894446,0.008682259999999942,0.90037453,0.9127778,0.012403269999999966,1.0,1.0,0.0,0.0,0.0,0.0,0.0,0.0,0.0,1,1
867,0.8822319,0.9823713,0.10013939999999999,0.91211694,0.9748161,0.06269915999999998,0.8125,1.0,0.1875,0.0,0.0,0.0,0.0,0.0,0.0,1,1
868,1.0,1.0,0.0,1.0,1.0,0.0,1.0,1.0,0.0,0.0,0.0,0.0,0.0,0.0,0.0,1,1
869,1.0,1.0,0.0,1.0,1.0,0.0,1.0,1.0,0.0,0.0,0.0,0.0,0.0,0.0,0.0,1,1
870,0.9109027,0.9376499,0.026747200000000082,0.87271816,0.9109284,0.03821023999999995,1.0,1.0,0.0,0.0,0.0,0.0,0.0,0.0,0.0,1,1
871,0.8678503,0.8428835,-0.024966799999999956,0.8112146,0.8237621,0.012547500000000045,1.0,0.8875,-0.11250000000000004,0.0,0.0,0.0,0.0,0.0,0.0,1,1
872,0.94,0.98201,0.0420100000000001,0.99999994,0.97429997,-0.025699970000000016,0.8,1.0,0.19999999999999996,0.0,0.0,0.0,0.0,0.0,0.0,1,1
873,1.0,1.0,0.0,1.0,1.0,0.0,1.0,1.0,0.0,0.0,0.0,0.0,0.0,0.0,0.0,1,1
874,0.8263529,0.848865,0.022512100000000035,0.80014694,0.8376641,0.03751716000000005,0.8875,0.875,-0.012499999999999956,0.0,0.0,0.0,0.0,0.0,0.0,1,1
875,0.9213263,0.8777582,-0.0435681,0.96260893,0.8628688,-0.09974013000000004,0.825,0.9125,0.08750000000000002,0.0,0.0,0.0,0.0,0.0,0.0,1,1
876,0.9158358,1.0,0.08416420000000002,0.98690814,1.0,0.013091859999999955,0.75,1.0,0.25,0.0,0.0,0.0,0.0,0.0,0.0,1,1
877,0.8856144,0.894478,0.008863599999999972,0.836592,0.8492544,0.012662399999999963,1.0,1.0,0.0,0.0,0.0,0.0,0.0,0.0,0.0,1,1
878,1.0,1.0,0.0,1.0,1.0,0.0,1.0,1.0,0.0,0.0,0.0,0.0,0.0,0.0,0.0,1,1
879,1.0,1.0,0.0,1.0,1.0,0.0,1.0,1.0,0.0,0.0,0.0,0.0,0.0,0.0,0.0,1,1
880,0.87520665,0.82270664,-0.05250000999999993,0.8752952,0.8752952,0.0,0.875,0.7,-0.17500000000000004,0.0,0.0,0.0,0.0,0.0,0.0,1,1
881,0.95874995,0.96250004,0.0037500900000000392,1.0,1.0,0.0,0.8625,0.875,0.012499999999999956,0.0,0.0,0.0,0.0,0.0,0.0,1,1
882,0.9806286,1.0,0.01937140000000004,0.9723266,1.0,0.02767339999999996,1.0,1.0,0.0,0.0,0.0,0.0,0.0,0.0,0.0,1,1
883,1.0,1.0,0.0,1.0,1.0,0.0,1.0,1.0,0.0,0.0,0.0,0.0,0.0,0.0,0.0,1,1
884,1.0,1.0,0.0,1.0,1.0,0.0,1.0,1.0,0.0,0.0,0.0,0.0,0.0,0.0,0.0,1,1
885,0.93321973,0.95791113,0.02469140000000003,0.9528138,0.98808724,0.03527343999999999,0.8875,0.8875,0.0,0.0,0.0,0.0,0.0,0.0,0.0,1,1
886,0.9201061,0.8990553,-0.021050800000000036,0.95015156,0.8879362,-0.06221536000000005,0.85,0.925,0.07500000000000007,0.0,0.0,0.0,0.0,0.0,0.0,1,1
887,0.0,0.0,0.0,1.0,1.0,0.0,1.0,1.0,0.0,1.0,1.0,1.0,1.0,0.0,0.0,0,0
888,0.925,0.85225433,-0.0727456700000001,1.0,0.88536334,-0.11463665999999995,0.75,0.77500004,0.02500004,0.0,0.0,0.0,0.0,0.0,0.0,1,1
889,0.9293373,0.9345951,0.005257799999999979,0.8990532,0.9494215,0.05036830000000003,1.0,0.90000004,-0.09999996,0.0,0.0,0.0,0.0,0.0,0.0,1,1
890,1.0,1.0,0.0,1.0,1.0,0.0,1.0,1.0,0.0,0.0,0.0,0.0,0.0,0.0,0.0,1,1
891,0.8645774,0.89082736,0.026249959999999906,0.8440391,0.8440391,0.0,0.9125,1.0,0.08750000000000002,0.0,0.0,0.0,0.0,0.0,0.0,1,1
892,0.9931192,0.9708285,-0.022290699999999997,0.9901702,0.9904691,0.00029889999999999084,1.0,0.925,-0.07499999999999996,0.0,0.0,0.0,0.0,0.0,0.0,1,1
893,0.87722075,0.8698557,-0.007365049999999984,0.824601,0.8783653,0.05376429999999999,1.0,0.85,-0.15000000000000002,0.0,0.0,0.0,0.0,0.0,0.0,1,1
894,0.8799481,0.8786551,-0.0012929999999999886,0.9249258,0.87486434,-0.05006146,0.77500004,0.8875,0.11249995999999995,0.0,0.0,0.0,0.0,0.0,0.0,1,1
895,0.8670977,0.92370427,0.05660657000000002,0.81013954,0.89100605,0.08086651,1.0,1.0,0.0,0.0,0.0,0.0,0.0,0.0,0.0,1,1
896,0.8623751,0.86278135,0.0004062500000000524,0.84625006,0.8843306,0.03808053999999994,0.90000004,0.8125,-0.08750004,0.0,0.0,0.0,0.0,0.0,0.0,1,1
897,0.92125,1.0,0.07874999999999999,1.0,1.0,0.0,0.7375,1.0,0.26249999999999996,0.0,0.0,0.0,0.0,0.0,0.0,1,1
898,0.8990931,0.8703869,-0.028706200000000015,0.8879901,0.86305267,-0.024937430000000038,0.925,0.8875,-0.03750000000000009,0.0,0.0,0.0,0.0,0.0,0.0,1,1
899,0.91236556,0.95707506,0.04470949999999996,0.87480795,0.9386786,0.06387065000000003,1.0,1.0,0.0,0.0,0.0,0.0,0.0,0.0,0.0,1,1
900,0.92031556,0.93797076,0.017655199999999982,0.886165,0.91138685,0.02522184999999999,1.0,1.0,0.0,0.0,0.0,0.0,0.0,0.0,0.0,1,1
901,0.94,0.96625006,0.026250060000000075,1.0,1.0,0.0,0.8,0.8875,0.08749999999999991,0.0,0.0,0.0,0.0,0.0,0.0,1,1
902,0.86098844,0.95874995,0.09776151,0.84962624,0.99999994,0.15037370000000005,0.8875,0.8625,-0.02499999999999991,0.0,0.0,0.0,0.0,0.0,0.0,1,1
903,0.92133105,0.92133105,0.0,0.88761574,0.88761574,0.0,1.0,1.0,0.0,0.0,0.0,0.0,0.0,0.0,0.0,1,1
904,0.91088355,0.94648474,0.03560119000000006,0.87269074,0.9235497,0.05085896000000001,1.0,1.0,0.0,0.0,0.0,0.0,0.0,0.0,0.0,1,1
905,0.9825185,1.0,0.01748150000000004,0.97502637,0.99999994,0.02497357,1.0,1.0,0.0,0.0,0.0,0.0,0.0,0.0,0.0,1,1
906,0.8511321,0.833212,-0.017920099999999994,0.89447445,0.81530285,-0.07917160000000001,0.75,0.875,0.125,0.0,0.0,0.0,0.0,0.0,0.0,1,1
907,0.92116207,0.91240925,-0.008752820000000106,0.8873744,0.8748703,-0.012504100000000018,1.0,1.0,0.0,0.0,0.0,0.0,0.0,0.0,0.0,1,1
908,1.0,1.0,0.0,1.0,1.0,0.0,1.0,1.0,0.0,0.0,0.0,0.0,0.0,0.0,0.0,1,1
909,0.8558764,0.8930195,0.037143099999999984,0.8530376,0.90074205,0.04770445000000001,0.8625,0.875,0.012499999999999956,0.0,0.0,0.0,0.0,0.0,0.0,1,1
910,0.6833342,0.54274887,-0.14058532999999995,0.7726202,0.54499835,-0.22762185000000001,0.475,0.5375,0.0625,0.0,0.0,0.0,0.0,0.0,0.0,1,1
911,0.0,0.0,0.0,1.0,1.0,0.0,1.0,1.0,0.0,1.0,1.0,1.0,1.0,0.0,0.0,0,0
912,0.8229702,0.915193,0.09222280000000005,0.7471003,0.8788472,0.1317469,1.0,1.0,0.0,0.0,0.0,0.0,0.0,0.0,0.0,1,1
913,0.90982705,0.93544215,0.025615100000000002,0.9354671,0.96134603,0.025878929999999967,0.85,0.875,0.025000000000000022,0.0,0.0,0.0,0.0,0.0,0.0,1,1
914,1.0,1.0,0.0,1.0,1.0,0.0,1.0,1.0,0.0,0.0,0.0,0.0,0.0,0.0,0.0,1,1
915,0.94754523,0.9137953,-0.03374993000000004,0.9250647,0.9250647,0.0,1.0,0.8875,-0.11250000000000004,0.0,0.0,0.0,0.0,0.0,0.0,1,1
916,0.0,1.0,1.0,1.0,1.0,0.0,1.0,1.0,0.0,1.0,0.0,1.0,0.0,0.0,0.0,0,1
917,0.9295972,0.9295972,0.0,0.89942455,0.89942455,0.0,1.0,1.0,0.0,0.0,0.0,0.0,0.0,0.0,0.0,1,1
918,1.0,1.0,0.0,1.0,1.0,0.0,1.0,1.0,0.0,0.0,0.0,0.0,0.0,0.0,0.0,1,1
919,0.871972,0.89125425,0.019282250000000056,0.81710285,0.84464884,0.02754598999999991,1.0,1.0,0.0,0.0,0.0,0.0,0.0,0.0,0.0,1,1
920,0.78503096,0.7905187,0.005487739999999963,0.7464728,0.7596695,0.01319669999999995,0.875,0.8625,-0.012499999999999956,0.0,0.0,0.0,0.0,0.0,0.0,1,1
921,0.8720598,0.9431697,0.07110989999999995,0.8654425,0.9509567,0.08551419999999998,0.8875,0.925,0.03750000000000009,0.0,0.0,0.0,0.0,0.0,0.0,1,1
922,0.9572095,0.9643074,0.00709789999999999,0.987085,0.9490106,-0.03807439999999995,0.8875,1.0,0.11250000000000004,0.0,0.0,0.0,0.0,0.0,0.0,1,1
923,1.0,1.0,0.0,1.0,1.0,0.0,1.0,1.0,0.0,0.0,0.0,0.0,0.0,0.0,0.0,1,1
924,0.82445496,0.9224659,0.09801093999999999,0.7492214,0.93745136,0.18822995999999992,1.0,0.8875,-0.11250000000000004,0.0,0.0,0.0,0.0,0.0,0.0,1,1
925,0.90625,0.91,0.003750000000000031,1.0,1.0,0.0,0.6875,0.7,0.012499999999999956,0.0,0.0,0.0,0.0,0.0,0.0,1,1
926,0.9713613,0.96060735,-0.010753950000000012,0.9590875,0.9437248,-0.015362699999999951,1.0,1.0,0.0,0.0,0.0,0.0,0.0,0.0,0.0,1,1
927,0.8522954,0.9561591,0.1038637,0.83720773,0.9373702,0.10016247,0.8875,1.0,0.11250000000000004,0.0,0.0,0.0,0.0,0.0,0.0,1,1
928,0.95500004,1.0,0.04499995999999995,1.0,1.0,0.0,0.85,1.0,0.15000000000000002,0.0,0.0,0.0,0.0,0.0,0.0,1,1
929,0.0,1.0,1.0,1.0,1.0,0.0,1.0,1.0,0.0,0.0,0.0,1.0,0.0,0.0,0.0,0,1
930,0.9123541,0.96625006,0.053895960000000076,0.87479156,1.0,0.12520843999999998,1.0,0.8875,-0.11250000000000004,0.0,0.0,0.0,0.0,0.0,0.0,1,1
931,0.94,0.8921264,-0.04787359999999996,1.0,0.8994662,-0.1005338,0.8,0.875,0.07499999999999996,0.0,0.0,0.0,0.0,0.0,0.0,1,1
932,0.96624994,1.0,0.033750060000000026,0.99999994,0.99999994,0.0,0.8875,1.0,0.11250000000000004,0.0,0.0,0.0,0.0,0.0,0.0,1,1
933,0.9913958,1.0,0.00860419999999995,0.98770815,1.0,0.012291849999999993,1.0,1.0,0.0,0.0,0.0,0.0,0.0,0.0,0.0,1,1
934,0.921395,0.921395,0.0,0.8877072,0.8877072,0.0,1.0,1.0,0.0,0.0,0.0,0.0,0.0,0.0,0.0,1,1
935,0.88983315,0.9170682,0.02723505000000004,0.9122616,0.98866886,0.07640725999999998,0.83750004,0.75,-0.08750004,0.0,0.0,0.0,0.0,0.0,0.0,1,1
936,1.0,1.0,0.0,1.0,1.0,0.0,1.0,1.0,0.0,0.0,0.0,0.0,0.0,0.0,0.0,1,1
937,0.95500004,0.9325,-0.022500040000000054,1.0,1.0,0.0,0.85,0.77500004,-0.07499995999999998,0.0,0.0,0.0,0.0,0.0,0.0,1,1
938,0.85987896,0.90367985,0.04380088999999998,0.799827,0.8623999,0.06257290000000004,1.0,1.0,0.0,0.0,0.0,0.0,0.0,0.0,0.0,1,1
939,0.8640505,0.87353307,0.009482569999999968,0.8057864,0.81933296,0.013546559999999985,1.0,1.0,0.0,0.0,0.0,0.0,0.0,0.0,0.0,1,1
940,1.0,1.0,0.0,1.0,1.0,0.0,1.0,1.0,0.0,0.0,0.0,0.0,0.0,0.0,0.0,1,1
941,0.97749996,0.96250004,-0.014999919999999944,1.0,1.0,0.0,0.925,0.875,-0.050000000000000044,0.0,0.0,0.0,0.0,0.0,0.0,1,1
942,1.0,1.0,0.0,1.0,1.0,0.0,1.0,1.0,0.0,0.0,0.0,0.0,0.0,0.0,0.0,1,1
943,0.8319029,0.8836078,0.051704900000000054,0.7598612,0.8337254,0.07386419999999994,1.0,1.0,0.0,0.0,0.0,0.0,0.0,0.0,0.0,1,1
944,1.0,1.0,0.0,1.0,1.0,0.0,1.0,1.0,0.0,0.0,0.0,0.0,0.0,0.0,0.0,1,1
945,0.9212263,0.9124796,-0.008746700000000107,0.8874662,0.8749709,-0.012495299999999987,1.0,1.0,0.0,0.0,0.0,0.0,0.0,0.0,0.0,1,1
946,0.91727656,0.9506323,0.03335573999999997,0.8818236,0.92947465,0.04765104999999992,1.0,1.0,0.0,0.0,0.0,0.0,0.0,0.0,0.0,1,1
947,0.84438896,0.9222537,0.07786473999999999,0.83662707,0.93714815,0.10052107999999993,0.8625,0.8875,0.02499999999999991,0.0,0.0,0.0,0.0,0.0,0.0,1,1
948,1.0,1.0,0.0,1.0,1.0,0.0,1.0,1.0,0.0,0.0,0.0,0.0,0.0,0.0,0.0,1,1
949,0.8861017,0.89577335,0.009671650000000032,0.83728814,0.8511048,0.013816660000000036,1.0,1.0,0.0,0.0,0.0,0.0,0.0,0.0,0.0,1,1
950,0.97749996,1.0,0.022500040000000054,0.99999994,0.99999994,0.0,0.925,1.0,0.07499999999999996,0.0,0.0,0.0,0.0,0.0,0.0,1,1
951,0.91761744,0.9415402,0.023922760000000043,0.93588203,0.9486287,0.01274666999999996,0.875,0.925,0.050000000000000044,0.0,0.0,0.0,0.0,0.0,0.0,1,1
952,1.0,1.0,0.0,1.0,1.0,0.0,1.0,1.0,0.0,0.0,0.0,0.0,0.0,0.0,0.0,1,1
953,0.83016837,0.8268076,-0.003360770000000013,0.81095475,0.8704394,0.05948465000000003,0.875,0.725,-0.15000000000000002,0.0,0.0,0.0,0.0,0.0,0.0,1,1
954,0.92908496,0.9759394,0.04685444000000005,0.8986927,0.96562773,0.06693503,1.0,1.0,0.0,0.0,0.0,0.0,0.0,0.0,0.0,1,1
955,0.84908724,0.8661653,0.017078060000000006,0.8165532,0.86237895,0.04582575,0.925,0.875,-0.050000000000000044,0.0,0.0,0.0,0.0,0.0,0.0,1,1
956,1.0,1.0,0.0,1.0,1.0,0.0,1.0,1.0,0.0,0.0,0.0,0.0,0.0,0.0,0.0,1,1
957,1.0,1.0,0.0,1.0,1.0,0.0,1.0,1.0,0.0,0.0,0.0,0.0,0.0,0.0,0.0,1,1
958,1.0,1.0,0.0,1.0,1.0,0.0,1.0,1.0,0.0,0.0,0.0,0.0,0.0,0.0,0.0,1,1
959,0.857662,0.87253803,0.014876029999999929,0.8502315,0.87684005,0.026608549999999953,0.875,0.8625,-0.012499999999999956,0.0,0.0,0.0,0.0,0.0,0.0,1,1
960,1.0,1.0,0.0,1.0,1.0,0.0,1.0,1.0,0.0,0.0,0.0,0.0,0.0,0.0,0.0,1,1
961,0.93063337,0.96624994,0.03561656999999996,0.94911915,0.99999994,0.05088079000000001,0.8875,0.8875,0.0,0.0,0.0,0.0,0.0,0.0,0.0,1,1
962,1.0,1.0,0.0,1.0,1.0,0.0,1.0,1.0,0.0,0.0,0.0,0.0,0.0,0.0,0.0,1,1
963,1.0,1.0,0.0,1.0,1.0,0.0,1.0,1.0,0.0,0.0,0.0,0.0,0.0,0.0,0.0,1,1
964,0.9068104,0.9213568,0.01454639999999996,0.8990149,0.8876525,-0.011362399999999995,0.925,1.0,0.07499999999999996,0.0,0.0,0.0,0.0,0.0,0.0,1,1
965,1.0,1.0,0.0,1.0,1.0,0.0,1.0,1.0,0.0,0.0,0.0,0.0,0.0,0.0,0.0,1,1
966,0.8359828,0.96625006,0.13026726,0.8835468,1.0,0.11645320000000003,0.725,0.8875,0.16249999999999998,0.0,0.0,0.0,0.0,0.0,0.0,1,1
967,0.9796119,1.0,0.02038810000000002,0.97087413,1.0,0.029125869999999998,1.0,1.0,0.0,0.0,0.0,0.0,0.0,0.0,0.0,1,1
968,1.0,1.0,0.0,1.0,1.0,0.0,1.0,1.0,0.0,0.0,0.0,0.0,0.0,0.0,0.0,1,1
969,0.95867807,0.9204933,-0.03818477000000009,0.94096863,0.886419,-0.054549630000000016,1.0,1.0,0.0,0.0,0.0,0.0,0.0,0.0,0.0,1,1
970,1.0,1.0,0.0,1.0,1.0,0.0,1.0,1.0,0.0,0.0,0.0,0.0,0.0,0.0,0.0,1,1
971,0.9483324,0.96942216,0.02108976000000007,0.9744034,0.9884601,0.014056699999999922,0.8875,0.925,0.03750000000000009,0.0,0.0,0.0,0.0,0.0,0.0,1,1
972,1.0,1.0,0.0,1.0,1.0,0.0,1.0,1.0,0.0,0.0,0.0,0.0,0.0,0.0,0.0,1,1
973,0.95963234,0.9024498,-0.057182540000000004,0.97447467,0.89814264,-0.07633203,0.925,0.9125,-0.012500000000000067,0.0,0.0,0.0,0.0,0.0,0.0,1,1
974,0.917281,0.9733313,0.0560503,0.88183,0.9619018,0.08007180000000003,1.0,1.0,0.0,0.0,0.0,0.0,0.0,0.0,0.0,1,1
975,0.91924125,0.93799126,0.018750009999999984,0.97570175,0.97570175,0.0,0.7875,0.85,0.0625,0.0,0.0,0.0,0.0,0.0,0.0,1,1
976,0.0,0.0,0.0,0.17261238,0.16020693,-0.012405450000000012,0.47368422,1.0,0.52631578,0.0,0.0,0.0,0.0,1.0,1.0,0,0
977,0.8530237,0.86186737,0.00884366999999997,0.8382482,0.85088193,0.01263373000000001,0.8875,0.8875,0.0,0.0,0.0,0.0,0.0,0.0,0.0,1,1
978,0.92106485,0.95874995,0.037685099999999916,0.8872355,1.0,0.11276450000000005,1.0,0.8625,-0.13749999999999996,0.0,0.0,0.0,0.0,0.0,0.0,1,1
979,0.97749996,1.0,0.022500040000000054,1.0,1.0,0.0,0.925,1.0,0.07499999999999996,0.0,0.0,0.0,0.0,0.0,0.0,1,1
980,0.96250004,0.8962206,-0.06627943999999997,1.0,0.8999579,-0.10004210000000002,0.875,0.8875,0.012499999999999956,0.0,0.0,0.0,0.0,0.0,0.0,1,1
981,0.89265424,0.91053814,0.017883899999999953,0.846649,0.87219733,0.025548330000000008,1.0,1.0,0.0,0.0,0.0,0.0,0.0,0.0,0.0,1,1
982,0.96503943,0.9213362,-0.04370322999999998,0.95005643,0.887623,-0.0624334299999999,1.0,1.0,0.0,0.0,0.0,0.0,0.0,0.0,0.0,1,1
983,0.9039934,0.96010935,0.056115950000000026,0.8628477,0.9751561,0.11230839999999997,1.0,0.925,-0.07499999999999996,0.0,0.0,0.0,0.0,0.0,0.0,1,1
984,0.89199746,0.8673186,-0.02467885999999997,0.84571064,0.8586693,0.01295866000000001,1.0,0.8875,-0.11250000000000004,0.0,0.0,0.0,0.0,0.0,0.0,1,1
985,0.8428159,0.83906597,-0.0037499299999999014,0.82366556,0.82366556,0.0,0.8875,0.875,-0.012499999999999956,0.0,0.0,0.0,0.0,0.0,0.0,1,1
986,0.95740855,0.96625006,0.008841509999999997,0.9873694,1.0,0.012630600000000047,0.8875,0.8875,0.0,0.0,0.0,0.0,0.0,0.0,0.0,1,1
987,1.0,1.0,0.0,0.99999994,0.99999994,0.0,1.0,1.0,0.0,0.0,0.0,0.0,0.0,0.0,0.0,1,1
988,0.94753134,0.93007815,-0.017453190000000007,0.9250448,0.9001117,-0.02493310000000004,1.0,1.0,0.0,0.0,0.0,0.0,0.0,0.0,0.0,1,1
989,0.8807902,0.88195765,0.0011674500000000698,0.8297001,0.8795823,0.04988219999999999,1.0,0.8875,-0.11250000000000004,0.0,0.0,0.0,0.0,0.0,0.0,1,1
990,0.90541595,0.9213835,0.015967550000000053,0.86487985,0.8876907,0.02281085000000005,1.0,1.0,0.0,0.0,0.0,0.0,0.0,0.0,0.0,1,1
991,1.0,1.0,0.0,1.0,1.0,0.0,1.0,1.0,0.0,0.0,0.0,0.0,0.0,0.0,0.0,1,1
992,0.94749796,0.9387531,-0.008744859999999965,0.92499715,0.91250443,-0.012492720000000013,1.0,1.0,0.0,0.0,0.0,0.0,0.0,0.0,0.0,1,1
993,0.9365821,0.9005081,-0.03607399999999994,0.90940297,0.8578688,-0.051534170000000046,1.0,1.0,0.0,0.0,0.0,0.0,0.0,0.0,0.0,1,1
994,1.0,0.9775425,-0.02245750000000002,1.0,0.96791786,-0.03208213999999998,1.0,1.0,0.0,0.0,0.0,0.0,0.0,0.0,0.0,1,1
995,1.0,1.0,0.0,1.0,1.0,0.0,1.0,1.0,0.0,0.0,0.0,0.0,0.0,0.0,0.0,1,1
996,1.0,0.94750005,-0.05249994999999996,1.0,1.0,0.0,1.0,0.825,-0.17500000000000004,0.0,0.0,0.0,0.0,0.0,0.0,1,1
997,1.0,1.0,0.0,1.0,1.0,0.0,1.0,1.0,0.0,0.0,0.0,0.0,0.0,0.0,0.0,1,1
998,1.0,1.0,0.0,1.0,1.0,0.0,1.0,1.0,0.0,0.0,0.0,0.0,0.0,0.0,0.0,1,1
999,1.0,1.0,0.0,1.0,1.0,0.0,1.0,1.0,0.0,0.0,0.0,0.0,0.0,0.0,0.0,1,1
1000,0.99086857,0.94422865,-0.046639919999999946,0.98695505,0.97389805,-0.013056999999999985,1.0,0.875,-0.125,0.0,0.0,0.0,0.0,0.0,0.0,1,1
1001,0.96512204,0.97637206,0.011250019999999972,0.99838865,0.99838865,0.0,0.8875,0.925,0.03750000000000009,0.0,0.0,0.0,0.0,0.0,0.0,1,1
1002,0.99126434,0.9537644,-0.03749994000000001,0.9875204,0.9875204,0.0,1.0,0.875,-0.125,0.0,0.0,0.0,0.0,0.0,0.0,1,1
1003,0.95987314,0.94487303,-0.015000110000000011,0.9748187,0.9748187,0.0,0.925,0.875,-0.050000000000000044,0.0,0.0,0.0,0.0,0.0,0.0,1,1
1004,0.80483264,0.76116157,-0.043671070000000034,0.77476084,0.8248736,0.05011275999999998,0.875,0.6125,-0.26249999999999996,0.0,0.0,0.0,0.0,0.0,0.0,1,1
1005,1.0,1.0,0.0,1.0,1.0,0.0,1.0,1.0,0.0,0.0,0.0,0.0,0.0,0.0,0.0,1,1
1006,1.0,0.9919376,-0.008062400000000025,1.0,0.9884822,-0.011517800000000022,1.0,1.0,0.0,0.0,0.0,0.0,0.0,0.0,0.0,1,1
1007,1.0,1.0,0.0,1.0,1.0,0.0,1.0,1.0,0.0,0.0,0.0,0.0,0.0,0.0,0.0,1,1
1008,0.9827949,0.96560425,-0.017190649999999974,0.97542125,0.9508631,-0.024558150000000056,1.0,1.0,0.0,0.0,0.0,0.0,0.0,0.0,0.0,1,1
1009,1.0,0.8933382,-0.10666180000000003,1.0,0.88512594,-0.11487406,1.0,0.9125,-0.08750000000000002,0.0,0.0,0.0,0.0,0.0,0.0,1,1
1010,0.742756,0.828914,0.08615800000000007,0.72357994,0.9002343,0.17665436,0.7875,0.6625,-0.125,0.0,0.0,0.0,0.0,0.0,0.0,1,1
1011,1.0,1.0,0.0,1.0,1.0,0.0,1.0,1.0,0.0,0.0,0.0,0.0,0.0,0.0,0.0,1,1
1012,0.97749996,1.0,0.022500040000000054,1.0,1.0,0.0,0.925,1.0,0.07499999999999996,0.0,0.0,0.0,0.0,0.0,0.0,1,1
1013,0.96948636,0.97749996,0.008013599999999954,0.95640904,1.0,0.043590959999999956,1.0,0.925,-0.07499999999999996,0.0,0.0,0.0,0.0,0.0,0.0,1,1
1014,0.96057934,0.95682925,-0.0037500900000000392,0.9972561,0.9972561,0.0,0.875,0.8625,-0.012499999999999956,0.0,0.0,0.0,0.0,0.0,0.0,1,1
1015,0.8450066,0.8750066,0.029999999999999916,0.8750094,0.8750094,0.0,0.77500004,0.875,0.09999996,0.0,0.0,0.0,0.0,0.0,0.0,1,1
1016,0.8425736,0.85133976,0.008766159999999967,0.775105,0.82512814,0.050023139999999966,1.0,0.9125,-0.08750000000000002,0.0,0.0,0.0,0.0,0.0,0.0,1,1
1017,1.0,1.0,0.0,1.0,1.0,0.0,1.0,1.0,0.0,0.0,0.0,0.0,0.0,0.0,0.0,1,1
1018,0.9638834,1.0,0.036116600000000054,0.94840485,0.99999994,0.051595090000000066,1.0,1.0,0.0,0.0,0.0,0.0,0.0,0.0,0.0,1,1
1019,0.99089336,0.9229124,-0.06798095999999998,0.9869905,0.9220177,-0.06497279999999994,1.0,0.925,-0.07499999999999996,0.0,0.0,0.0,0.0,0.0,0.0,1,1
1020,1.0,1.0,0.0,1.0,1.0,0.0,1.0,1.0,0.0,0.0,0.0,0.0,0.0,0.0,0.0,1,1
1021,0.89368993,0.9465851,0.05289516999999999,0.8481285,0.923693,0.07556450000000003,1.0,1.0,0.0,0.0,0.0,0.0,0.0,0.0,0.0,1,1
1022,1.0,0.97749996,-0.022500040000000054,1.0,1.0,0.0,1.0,0.925,-0.07499999999999996,0.0,0.0,0.0,0.0,0.0,0.0,1,1
1023,1.0,1.0,0.0,1.0,1.0,0.0,1.0,1.0,0.0,0.0,0.0,0.0,0.0,0.0,0.0,1,1
1024,1.0,1.0,0.0,1.0,1.0,0.0,1.0,1.0,0.0,0.0,0.0,0.0,0.0,0.0,0.0,1,1
1025,1.0,1.0,0.0,1.0,1.0,0.0,1.0,1.0,0.0,0.0,0.0,0.0,0.0,0.0,0.0,1,1
1026,0.9836287,1.0,0.016371299999999978,0.97661227,1.0,0.02338773000000005,1.0,1.0,0.0,0.0,0.0,0.0,0.0,0.0,0.0,1,1
1027,0.9387688,0.9399743,0.0012055000000000815,0.9125268,0.9624633,0.04993650000000005,1.0,0.8875,-0.11250000000000004,0.0,0.0,0.0,0.0,0.0,0.0,1,1
1028,0.9016203,0.9765188,0.07489849999999998,0.8594576,0.96645546,0.10699786,1.0,1.0,0.0,0.0,0.0,0.0,0.0,0.0,0.0,1,1
1029,1.0,1.0,0.0,1.0,1.0,0.0,1.0,1.0,0.0,0.0,0.0,0.0,0.0,0.0,0.0,1,1
1030,0.85892504,0.9505661,0.09164105999999994,0.8466786,0.98830867,0.14163007000000005,0.8875,0.8625,-0.02499999999999991,0.0,0.0,0.0,0.0,0.0,0.0,1,1
1031,0.9374838,0.88498384,-0.05249996000000001,0.91069114,0.91069114,0.0,1.0,0.825,-0.17500000000000004,0.0,0.0,0.0,0.0,0.0,0.0,1,1
1032,0.8820057,0.0,-0.8820057,0.83143663,0.63944745,-0.19198917999999998,1.0,0.8928572,-0.10714279999999998,0.0,1.0,0.0,1.0,0.0,0.0,1,0
1033,1.0,1.0,0.0,1.0,1.0,0.0,1.0,1.0,0.0,0.0,0.0,0.0,0.0,0.0,0.0,1,1
1034,0.9124697,0.90738434,-0.005085360000000039,0.9124567,0.89983463,-0.01262207000000004,0.9125,0.925,0.012500000000000067,0.0,0.0,0.0,0.0,0.0,0.0,1,1
1035,1.0,1.0,0.0,1.0,1.0,0.0,1.0,1.0,0.0,0.0,0.0,0.0,0.0,0.0,0.0,1,1
1036,0.9509906,1.0,0.04900939999999998,0.9621294,1.0,0.037870599999999977,0.925,1.0,0.07499999999999996,0.0,0.0,0.0,0.0,0.0,0.0,1,1
1037,1.0,1.0,0.0,1.0,1.0,0.0,1.0,1.0,0.0,0.0,0.0,0.0,0.0,0.0,0.0,1,1
1038,1.0,1.0,0.0,1.0,1.0,0.0,1.0,1.0,0.0,0.0,0.0,0.0,0.0,0.0,0.0,1,1
1039,0.92883605,0.9895555,0.06071945000000001,0.8983372,0.9850792,0.0867420000000001,1.0,1.0,0.0,0.0,0.0,0.0,0.0,0.0,0.0,1,1
1040,0.97749996,0.97749996,0.0,1.0,1.0,0.0,0.925,0.925,0.0,0.0,0.0,0.0,0.0,0.0,0.0,1,1
1041,0.8532383,0.8875,0.03426169999999995,0.88141173,1.0,0.11858827000000005,0.7875,0.625,-0.16249999999999998,0.0,0.0,0.0,0.0,0.0,0.0,1,1
1042,0.89220566,0.91031593,0.018110269999999984,0.8460081,0.8718799,0.0258718,1.0,1.0,0.0,0.0,0.0,0.0,0.0,0.0,0.0,1,1
1043,0.85509175,0.87130684,0.016215089999999988,0.82513106,0.8750811,0.04995003999999992,0.925,0.8625,-0.0625,0.0,0.0,0.0,0.0,0.0,0.0,1,1
1044,0.0,0.0,0.0,1.0,1.0,0.0,1.0,1.0,0.0,1.0,1.0,1.0,1.0,0.0,0.0,0,0
1045,0.91375,0.89217585,-0.02157414999999996,0.99999994,0.9102512,-0.08974874,0.71250004,0.85,0.13749995999999998,0.0,0.0,0.0,0.0,0.0,0.0,1,1
1046,0.8441183,0.0,-0.8441183,0.9594547,0.6056435,-0.3538112,0.575,0.6363636,0.061363600000000074,0.0,0.0,0.0,0.0,0.0,1.0,1,0
1047,0.88442516,0.90649986,0.022074700000000003,0.83489305,0.8664284,0.03153534999999996,1.0,1.0,0.0,0.0,0.0,0.0,0.0,0.0,0.0,1,1
1048,0.8926719,0.9433382,0.05066630000000005,0.8466741,0.9190545,0.07238040000000001,1.0,1.0,0.0,0.0,0.0,0.0,0.0,0.0,0.0,1,1
1049,0.94750005,0.89783114,-0.049668910000000066,1.0,0.91297305,-0.08702695000000005,0.825,0.8625,0.03750000000000009,0.0,0.0,0.0,0.0,0.0,0.0,1,1
1050,1.0,1.0,0.0,1.0,1.0,0.0,1.0,1.0,0.0,0.0,0.0,0.0,0.0,0.0,0.0,1,1
1051,0.9325,0.8934683,-0.0390317,1.0,0.9013832,-0.09861679999999995,0.77500004,0.875,0.09999996,0.0,0.0,0.0,0.0,0.0,0.0,1,1
1052,0.8726954,0.85714954,-0.015545860000000022,0.8181362,0.8441422,0.026005999999999974,1.0,0.8875,-0.11250000000000004,0.0,0.0,0.0,0.0,0.0,0.0,1,1
1053,0.8266903,0.8491007,0.022410400000000053,0.80062896,0.838001,0.03737204000000005,0.8875,0.875,-0.012499999999999956,0.0,0.0,0.0,0.0,0.0,0.0,1,1
1054,0.8832597,0.96999997,0.08674027000000006,0.8653709,1.0,0.13462909999999995,0.925,0.90000004,-0.024999960000000043,0.0,0.0,0.0,0.0,0.0,0.0,1,1
1055,0.93625003,0.9325,-0.00375002999999996,1.0,1.0,0.0,0.7875,0.77500004,-0.012499959999999977,0.0,0.0,0.0,0.0,0.0,0.0,1,1
1056,1.0,1.0,0.0,1.0,1.0,0.0,1.0,1.0,0.0,0.0,0.0,0.0,0.0,0.0,0.0,1,1
1057,0.9711296,1.0,0.028870399999999963,0.9587566,1.0,0.04124340000000004,1.0,1.0,0.0,0.0,0.0,0.0,0.0,0.0,0.0,1,1
1058,0.8344067,0.84823,0.013823300000000094,0.8116524,0.8367571,0.02510469999999998,0.8875,0.875,-0.012499999999999956,0.0,0.0,0.0,0.0,0.0,0.0,1,1
1059,0.8981287,0.9351225,0.036993799999999966,0.85446966,0.9073178,0.05284813999999993,1.0,1.0,0.0,0.0,0.0,0.0,0.0,0.0,0.0,1,1
1060,1.0,1.0,0.0,1.0,1.0,0.0,1.0,1.0,0.0,0.0,0.0,0.0,0.0,0.0,0.0,1,1
1061,0.93659514,0.0,-0.93659514,0.94692165,0.5614369,-0.38548474999999993,0.9125,1.0,0.08750000000000002,0.0,0.0,0.0,0.0,0.0,1.0,1,0
1062,1.0,1.0,0.0,1.0,1.0,0.0,1.0,1.0,0.0,0.0,0.0,0.0,0.0,0.0,0.0,1,1
1063,0.0,0.0,0.0,0.02351984,0.073440656,0.04992081600000001,0.5263158,0.42105263,-0.10526317000000002,1.0,1.0,1.0,1.0,0.0,0.0,0,0
1064,1.0,1.0,0.0,1.0,1.0,0.0,1.0,1.0,0.0,0.0,0.0,0.0,0.0,0.0,0.0,1,1
1065,0.94375,0.88000005,-0.06374994999999994,1.0,1.0,0.0,0.8125,0.6,-0.21250000000000002,0.0,0.0,0.0,0.0,0.0,0.0,1,1
1066,0.9123581,0.9305547,0.018196600000000007,0.87479734,0.9007924,0.02599506000000007,1.0,1.0,0.0,0.0,0.0,0.0,0.0,0.0,0.0,1,1
1067,0.8324974,0.81177753,-0.020719870000000085,0.84642494,0.7953964,-0.05102854000000001,0.8,0.85,0.04999999999999993,0.0,0.0,0.0,0.0,0.0,0.0,1,1
1068,0.8962149,0.8749725,-0.021242399999999995,0.8999499,0.87496084,-0.024989060000000007,0.8875,0.875,-0.012499999999999956,0.0,0.0,0.0,0.0,0.0,0.0,1,1
1069,0.89695495,0.88862914,-0.008325809999999989,0.938507,0.889113,-0.04939399999999994,0.8,0.8875,0.08749999999999991,0.0,0.0,0.0,0.0,0.0,0.0,1,1
1070,1.0,1.0,0.0,1.0,1.0,0.0,1.0,1.0,0.0,0.0,0.0,0.0,0.0,0.0,0.0,1,1
1071,1.0,1.0,0.0,1.0,1.0,0.0,1.0,1.0,0.0,0.0,0.0,0.0,0.0,0.0,0.0,1,1
1072,0.8427995,0.896035,0.05323549999999999,0.82364213,0.9050499,0.08140776999999999,0.8875,0.875,-0.012499999999999956,0.0,0.0,0.0,0.0,0.0,0.0,1,1
1073,0.9466054,0.96625006,0.01964465999999998,0.9719363,1.0,0.028063700000000025,0.8875,0.8875,0.0,0.0,0.0,0.0,0.0,0.0,0.0,1,1
1074,0.96625006,0.9574931,-0.008756960000000036,1.0,0.9874902,-0.012509800000000015,0.8875,0.8875,0.0,0.0,0.0,0.0,0.0,0.0,0.0,1,1
1075,1.0,1.0,0.0,1.0,1.0,0.0,1.0,1.0,0.0,0.0,0.0,0.0,0.0,0.0,0.0,1,1
1076,0.96625006,0.8953678,-0.07088225999999997,1.0,0.8987397,-0.10126029999999997,0.8875,0.8875,0.0,0.0,0.0,0.0,0.0,0.0,0.0,1,1
1077,0.85475236,0.8808085,0.026056140000000005,0.79250336,0.8297263,0.03722294000000004,1.0,1.0,0.0,0.0,0.0,0.0,0.0,0.0,0.0,1,1
1078,0.8852736,0.88034624,-0.004927360000000047,0.83610517,0.86120886,0.025103690000000012,1.0,0.925,-0.07499999999999996,0.0,0.0,0.0,0.0,0.0,0.0,1,1
1079,0.907461,0.907461,0.0,0.8678014,0.8678014,0.0,1.0,1.0,0.0,0.0,0.0,0.0,0.0,0.0,0.0,1,1
1080,0.92935294,0.9291221,-0.00023084000000006544,0.89907557,0.9630315,0.06395593,1.0,0.85,-0.15000000000000002,0.0,0.0,0.0,0.0,0.0,0.0,1,1
1081,0.86000234,0.9037313,0.04372896000000004,0.80000323,0.8624732,0.0624699700000001,1.0,1.0,0.0,0.0,0.0,0.0,0.0,0.0,0.0,1,1
1082,1.0,1.0,0.0,1.0,1.0,0.0,1.0,1.0,0.0,0.0,0.0,0.0,0.0,0.0,0.0,1,1
1083,0.86171114,0.9115925,0.049881359999999986,0.8988731,0.8737036,-0.025169499999999956,0.77500004,1.0,0.22499996,0.0,0.0,0.0,0.0,0.0,0.0,1,1
1084,0.9388202,0.9300486,-0.00877159999999999,0.9126003,0.9000693,-0.01253100000000007,1.0,1.0,0.0,0.0,0.0,0.0,0.0,0.0,0.0,1,1
1085,0.9878751,1.0,0.012124899999999994,0.9826787,1.0,0.017321299999999984,1.0,1.0,0.0,0.0,0.0,0.0,0.0,0.0,0.0,1,1
1086,0.84358656,0.8463898,0.0028032399999999846,0.80869496,0.83412826,0.025433299999999992,0.925,0.875,-0.050000000000000044,0.0,0.0,0.0,0.0,0.0,0.0,1,1
1087,0.96534806,0.96534806,0.0,0.95049727,0.95049727,0.0,1.0,1.0,0.0,0.0,0.0,0.0,0.0,0.0,0.0,1,1
1088,0.9555786,0.97749996,0.02192136,0.93654096,0.99999994,0.06345898000000005,1.0,0.925,-0.07499999999999996,0.0,0.0,0.0,0.0,0.0,0.0,1,1
1089,1.0,1.0,0.0,1.0,1.0,0.0,1.0,1.0,0.0,0.0,0.0,0.0,0.0,0.0,0.0,1,1
1090,0.91749996,0.97374994,0.05624998000000003,0.99999994,0.99999994,0.0,0.725,0.9125,0.1875,0.0,0.0,0.0,0.0,0.0,0.0,1,1
1091,0.97375005,0.95125,-0.022500049999999994,1.0,1.0,0.0,0.9125,0.83750004,-0.07499995999999998,0.0,0.0,0.0,0.0,0.0,0.0,1,1
1092,0.97749996,0.97749996,0.0,1.0,1.0,0.0,0.925,0.925,0.0,0.0,0.0,0.0,0.0,0.0,0.0,1,1
1093,0.8348406,0.95874995,0.12390934999999992,0.7962009,1.0,0.2037991,0.925,0.8625,-0.0625,0.0,0.0,0.0,0.0,0.0,0.0,1,1
1094,0.9307251,0.95357555,0.022850450000000078,0.90103585,0.9336794,0.03264355000000008,1.0,1.0,0.0,0.0,0.0,0.0,0.0,0.0,0.0,1,1
1095,0.88242906,1.0,0.11757094000000001,0.89632714,1.0,0.10367285999999998,0.85,1.0,0.15000000000000002,0.0,0.0,0.0,0.0,0.0,0.0,1,1
1096,0.9303177,0.9137395,-0.016578199999999987,0.9004539,0.87677073,-0.023683169999999976,1.0,1.0,0.0,0.0,0.0,0.0,0.0,0.0,0.0,1,1
1097,0.78396463,0.8490473,0.0650826699999999,0.84137803,0.8807818,0.03940376999999995,0.65000004,0.77500004,0.125,0.0,0.0,0.0,0.0,0.0,0.0,1,1
1098,0.77967834,0.82495844,0.045280099999999934,0.82989764,0.84101206,0.011114419999999958,0.6625,0.7875,0.125,0.0,0.0,0.0,0.0,0.0,0.0,1,1
1099,0.9565849,0.9652254,0.008640500000000051,0.9379783,0.9503221,0.012343799999999905,1.0,1.0,0.0,0.0,0.0,0.0,0.0,0.0,0.0,1,1
1100,1.0,1.0,0.0,1.0,1.0,0.0,1.0,1.0,0.0,0.0,0.0,0.0,0.0,0.0,0.0,1,1
1101,0.9022933,0.9022933,0.0,0.860419,0.860419,0.0,1.0,1.0,0.0,0.0,0.0,0.0,0.0,0.0,0.0,1,1
1102,0.9289436,0.96149844,0.032554839999999974,0.8984908,0.9449978,0.046506999999999965,1.0,1.0,0.0,0.0,0.0,0.0,0.0,0.0,0.0,1,1
1103,0.95125,0.8882126,-0.06303740000000002,1.0,0.89923227,-0.10076773000000006,0.83750004,0.8625,0.024999960000000043,0.0,0.0,0.0,0.0,0.0,0.0,1,1
1104,0.9631807,1.0,0.0368193,0.9474011,0.99999994,0.052598840000000036,1.0,1.0,0.0,0.0,0.0,0.0,0.0,0.0,0.0,1,1
1105,0.97749996,0.97749996,0.0,1.0,1.0,0.0,0.925,0.925,0.0,0.0,0.0,0.0,0.0,0.0,0.0,1,1
1106,0.7744414,0.7032937,-0.07114769999999992,0.75813055,0.73149097,-0.026639579999999996,0.8125,0.6375,-0.17500000000000004,0.0,0.0,0.0,0.0,0.0,0.0,1,1
1107,0.96250004,0.96625006,0.0037500200000000206,1.0,1.0,0.0,0.875,0.8875,0.012499999999999956,0.0,0.0,0.0,0.0,0.0,0.0,1,1
1108,1.0,1.0,0.0,1.0,1.0,0.0,1.0,1.0,0.0,0.0,0.0,0.0,0.0,0.0,0.0,1,1
1109,0.94555897,0.9922972,0.04673822999999999,0.92222697,0.9889959,0.06676893000000006,1.0,1.0,0.0,0.0,0.0,0.0,0.0,0.0,0.0,1,1
1110,0.9211319,0.9211319,0.0,0.88733125,0.88733125,0.0,1.0,1.0,0.0,0.0,0.0,0.0,0.0,0.0,0.0,1,1
1111,0.8873024,0.89096117,0.0036587699999999224,0.8390034,0.8763731,0.03736970000000006,1.0,0.925,-0.07499999999999996,0.0,0.0,0.0,0.0,0.0,0.0,1,1
1112,0.8815109,0.92035717,0.03884626999999996,0.83072984,0.8862245,0.05549465999999992,1.0,1.0,0.0,0.0,0.0,0.0,0.0,0.0,0.0,1,1
1113,0.89018184,0.91268176,0.022499920000000007,0.87525976,0.87525976,0.0,0.925,1.0,0.07499999999999996,0.0,0.0,0.0,0.0,0.0,0.0,1,1
1114,0.772427,0.7823681,0.009941100000000036,0.71239567,0.7373116,0.02491592999999992,0.9125,0.8875,-0.025000000000000022,0.0,0.0,0.0,0.0,0.0,0.0,1,1
1115,1.0,1.0,0.0,1.0,1.0,0.0,1.0,1.0,0.0,0.0,0.0,0.0,0.0,0.0,0.0,1,1
1116,0.92354697,0.9451069,0.021559930000000005,0.8907814,0.9215813,0.030799900000000102,1.0,1.0,0.0,0.0,0.0,0.0,0.0,0.0,0.0,1,1
1117,0.94210017,0.93085,-0.01125017000000006,0.9494287,0.9494287,0.0,0.925,0.8875,-0.03750000000000009,0.0,0.0,0.0,0.0,0.0,0.0,1,1
1118,0.0,0.0,0.0,0.9664868,0.036647163,-0.9298396369999999,1.0,1.0,0.0,1.0,1.0,1.0,1.0,0.0,0.0,0,0
1119,0.8935062,0.86088574,-0.03262046000000007,0.8960803,0.8709082,-0.02517210000000003,0.8875,0.83750004,-0.049999959999999954,0.0,0.0,0.0,0.0,0.0,0.0,1,1
1120,0.965634,0.9570379,-0.008596099999999995,0.9509057,0.9386255,-0.012280199999999963,1.0,1.0,0.0,0.0,0.0,0.0,0.0,0.0,0.0,1,1
1121,0.88126385,0.8994053,0.018141450000000003,0.8303769,0.85629326,0.02591635999999997,1.0,1.0,0.0,0.0,0.0,0.0,0.0,0.0,0.0,1,1
1122,0.86076564,0.89560175,0.034836109999999976,0.849308,0.89907396,0.04976596,0.8875,0.8875,0.0,0.0,0.0,0.0,0.0,0.0,0.0,1,1
1123,0.9500123,0.8674162,-0.08259610000000006,0.98751754,0.9123802,-0.07513734000000005,0.8625,0.7625,-0.10000000000000009,0.0,0.0,0.0,0.0,0.0,0.0,1,1
1124,1.0,1.0,0.0,1.0,1.0,0.0,1.0,1.0,0.0,0.0,0.0,0.0,0.0,0.0,0.0,1,1
1125,1.0,0.97375005,-0.026249949999999966,1.0,1.0,0.0,1.0,0.9125,-0.08750000000000002,0.0,0.0,0.0,0.0,0.0,0.0,1,1
1126,0.86889124,0.86889124,0.0,0.81270176,0.81270176,0.0,1.0,1.0,0.0,0.0,0.0,0.0,0.0,0.0,0.0,1,1
1127,1.0,1.0,0.0,1.0,1.0,0.0,1.0,1.0,0.0,0.0,0.0,0.0,0.0,0.0,0.0,1,1
1128,1.0,1.0,0.0,1.0,1.0,0.0,1.0,1.0,0.0,0.0,0.0,0.0,0.0,0.0,0.0,1,1
1129,0.9197691,0.97749996,0.05773085999999994,0.9228844,0.99999994,0.07711553999999998,0.9125,0.925,0.012500000000000067,0.0,0.0,0.0,0.0,0.0,0.0,1,1
1130,0.8908396,0.9163338,0.025494200000000022,0.84405655,0.88047683,0.03642027999999997,1.0,1.0,0.0,0.0,0.0,0.0,0.0,0.0,0.0,1,1
1131,0.9787945,1.0,0.021205499999999988,0.9697064,1.0,0.03029360000000003,1.0,1.0,0.0,0.0,0.0,0.0,0.0,0.0,0.0,1,1
1132,0.9476647,1.0,0.052335299999999974,0.98952097,0.99999994,0.010478969999999976,0.85,1.0,0.15000000000000002,0.0,0.0,0.0,0.0,0.0,0.0,1,1
1133,0.9307875,0.96999997,0.039212470000000055,0.901125,1.0,0.09887500000000005,1.0,0.90000004,-0.09999996,0.0,0.0,0.0,0.0,0.0,0.0,1,1
1134,1.0,1.0,0.0,1.0,1.0,0.0,1.0,1.0,0.0,0.0,0.0,0.0,0.0,0.0,0.0,1,1
1135,0.95125,0.96625006,0.015000059999999982,1.0,1.0,0.0,0.83750004,0.8875,0.049999959999999954,0.0,0.0,0.0,0.0,0.0,0.0,1,1
1136,0.930067,0.947545,0.017477999999999994,0.9000957,0.9250642,0.02496849999999995,1.0,1.0,0.0,0.0,0.0,0.0,0.0,0.0,0.0,1,1
1137,1.0,1.0,0.0,1.0,1.0,0.0,1.0,1.0,0.0,0.0,0.0,0.0,0.0,0.0,0.0,1,1
1138,0.88235253,0.8878131,0.005460569999999998,0.8801465,0.8933044,0.013157899999999945,0.8875,0.875,-0.012499999999999956,0.0,0.0,0.0,0.0,0.0,0.0,1,1
1139,0.9200091,0.9111435,-0.008865600000000029,0.88572717,0.87306213,-0.012665040000000016,1.0,1.0,0.0,0.0,0.0,0.0,0.0,0.0,0.0,1,1
1140,0.9187357,0.98254484,0.06380913999999993,0.93747956,0.97506404,0.03758448000000003,0.875,1.0,0.125,0.0,0.0,0.0,0.0,0.0,0.0,1,1
1141,1.0,1.0,0.0,1.0,1.0,0.0,1.0,1.0,0.0,0.0,0.0,0.0,0.0,0.0,0.0,1,1
1142,1.0,1.0,0.0,1.0,1.0,0.0,1.0,1.0,0.0,0.0,0.0,0.0,0.0,0.0,0.0,1,1
1143,0.0,0.0,0.0,0.013795355,0.013795355,0.0,0.4,1.0,0.6,1.0,1.0,1.0,1.0,0.0,0.0,0,0
1144,1.0,1.0,0.0,1.0,1.0,0.0,1.0,1.0,0.0,0.0,0.0,0.0,0.0,0.0,0.0,1,1
1145,0.83399403,0.91238004,0.0783860099999999,0.8110629,0.8748286,0.06376569999999993,0.8875,1.0,0.11250000000000004,0.0,0.0,0.0,0.0,0.0,0.0,1,1
1146,1.0,1.0,0.0,1.0,1.0,0.0,1.0,1.0,0.0,0.0,0.0,0.0,0.0,0.0,0.0,1,1
1147,0.9385482,0.893339,-0.04520920000000006,0.9872117,0.885127,-0.10208470000000003,0.825,0.9125,0.08750000000000002,0.0,0.0,0.0,0.0,0.0,0.0,1,1
1148,1.0,0.97749996,-0.022500040000000054,1.0,1.0,0.0,1.0,0.925,-0.07499999999999996,0.0,0.0,0.0,0.0,0.0,0.0,1,1
1149,1.0,1.0,0.0,1.0,1.0,0.0,1.0,1.0,0.0,0.0,0.0,0.0,0.0,0.0,0.0,1,1
1150,0.0,0.0,0.0,1.0,1.0,0.0,0.0,0.0,0.0,1.0,1.0,1.0,1.0,0.0,0.0,0,0
1151,0.9248986,0.82605135,-0.09884725000000005,0.96235514,0.83721626,-0.12513887999999995,0.83750004,0.8,-0.03750003999999996,0.0,0.0,0.0,0.0,0.0,0.0,1,1
1152,0.8350601,0.91763383,0.08257373000000001,0.8125859,0.93054825,0.11796235,0.8875,0.8875,0.0,0.0,0.0,0.0,0.0,0.0,0.0,1,1
1153,0.93022376,0.9389618,0.008738040000000002,0.90031964,0.91280264,0.012483000000000022,1.0,1.0,0.0,0.0,0.0,0.0,0.0,0.0,0.0,1,1
1154,0.96250004,0.91707385,-0.04542619000000003,1.0,0.97260547,-0.027394530000000028,0.875,0.7875,-0.08750000000000002,0.0,0.0,0.0,0.0,0.0,0.0,1,1
1155,0.96875155,0.96624994,-0.002501610000000043,0.9875022,0.99999994,0.012497740000000035,0.925,0.8875,-0.03750000000000009,0.0,0.0,0.0,0.0,0.0,0.0,1,1
1156,0.9111271,0.9288597,0.017732599999999987,0.87303877,0.898371,0.025332230000000067,1.0,1.0,0.0,0.0,0.0,0.0,0.0,0.0,0.0,1,1
1157,1.0,1.0,0.0,1.0,1.0,0.0,1.0,1.0,0.0,0.0,0.0,0.0,0.0,0.0,0.0,1,1
1158,0.94097424,0.95057565,0.009601410000000032,0.9156774,0.9293937,0.013716300000000015,1.0,1.0,0.0,0.0,0.0,0.0,0.0,0.0,0.0,1,1
1159,0.98320216,0.9457022,-0.03749996,0.9760031,0.9760031,0.0,1.0,0.875,-0.125,0.0,0.0,0.0,0.0,0.0,0.0,1,1
1160,0.94743997,0.9399399,-0.00750006999999997,0.957057,0.957057,0.0,0.925,0.90000004,-0.024999960000000043,0.0,0.0,0.0,0.0,0.0,0.0,1,1
1161,0.8746694,0.9124002,0.03773079999999995,0.87452763,0.94450027,0.06997264000000003,0.875,0.83750004,-0.03749996,0.0,0.0,0.0,0.0,0.0,0.0,1,1
1162,0.90625,0.89390707,-0.012342929999999974,1.0,0.9662958,-0.03370419999999996,0.6875,0.725,0.03749999999999998,0.0,0.0,0.0,0.0,0.0,0.0,1,1
1163,0.94672835,0.95439625,0.00766789999999995,0.9238977,0.9348518,0.010954099999999967,1.0,1.0,0.0,0.0,0.0,0.0,0.0,0.0,0.0,1,1
1164,0.97749996,0.96625006,-0.011249899999999924,1.0,1.0,0.0,0.925,0.8875,-0.03750000000000009,0.0,0.0,0.0,0.0,0.0,0.0,1,1
1165,0.95125,0.95125,0.0,1.0,1.0,0.0,0.83750004,0.83750004,0.0,0.0,0.0,0.0,0.0,0.0,0.0,1,1
1166,0.93015844,0.89102286,-0.03913558000000006,0.9002263,0.8764612,-0.023765099999999983,1.0,0.925,-0.07499999999999996,0.0,0.0,0.0,0.0,0.0,0.0,1,1
1167,0.91297454,0.9477768,0.034802259999999974,0.8756779,0.92539537,0.04971747000000004,1.0,1.0,0.0,0.0,0.0,0.0,0.0,0.0,0.0,1,1
1168,0.9299866,0.9125711,-0.017415500000000028,0.8999807,0.8751015,-0.02487919999999999,1.0,1.0,0.0,0.0,0.0,0.0,0.0,0.0,0.0,1,1
1169,0.9674713,0.9850001,0.01752880000000001,0.97495896,1.0,0.02504103999999996,0.95,0.95,0.0,0.0,0.0,0.0,0.0,0.0,0.0,1,1
1170,0.88944477,0.856684,-0.032760769999999995,0.9117068,0.84883434,-0.06287246000000002,0.83750004,0.875,0.03749996,0.0,0.0,0.0,0.0,0.0,0.0,1,1
1171,0.91687244,0.9520966,0.03522415999999995,0.91338915,0.9637093,0.05032015000000001,0.925,0.925,0.0,0.0,0.0,0.0,0.0,0.0,0.0,1,1
1172,0.8885425,0.86481076,-0.02373174,0.8997035,0.9247296,0.02502610000000005,0.8625,0.725,-0.13750000000000007,0.0,0.0,0.0,0.0,0.0,0.0,1,1
1173,0.96624994,0.99249995,0.026250010000000046,0.99999994,0.99999994,0.0,0.8875,0.975,0.08750000000000002,0.0,0.0,0.0,0.0,0.0,0.0,1,1
1174,0.93138474,0.9323565,0.0009717599999999882,0.93947816,0.9515806,0.012102440000000048,0.9125,0.8875,-0.025000000000000022,0.0,0.0,0.0,0.0,0.0,0.0,1,1
1175,0.91590214,0.9297649,0.013862759999999974,0.9280746,0.9639499,0.035875300000000054,0.8875,0.85,-0.03749999999999998,0.0,0.0,0.0,0.0,0.0,0.0,1,1
1176,0.98248166,0.9223763,-0.06010536,0.9749738,0.93732315,-0.03765065000000001,1.0,0.8875,-0.11250000000000004,0.0,0.0,0.0,0.0,0.0,0.0,1,1
1177,1.0,0.9822192,-0.01778080000000004,0.99999994,0.9745989,-0.025401039999999986,1.0,1.0,0.0,0.0,0.0,0.0,0.0,0.0,0.0,1,1
1178,0.87473375,0.8772494,0.0025156499999999804,0.9121196,0.862142,-0.049977600000000066,0.7875,0.9125,0.125,0.0,0.0,0.0,0.0,0.0,0.0,1,1
1179,0.9296978,0.9385131,0.00881529999999997,0.89956826,0.9121616,0.012593340000000008,1.0,1.0,0.0,0.0,0.0,0.0,0.0,0.0,0.0,1,1
1180,0.96625006,0.9025,-0.06375006000000005,1.0,1.0,0.0,0.8875,0.675,-0.2124999999999999,0.0,0.0,0.0,0.0,0.0,0.0,1,1
1181,0.9216135,0.9120302,-0.009583299999999961,0.8880194,0.874329,-0.013690399999999991,1.0,1.0,0.0,0.0,0.0,0.0,0.0,0.0,0.0,1,1
1182,0.9362397,0.9395613,0.0033216000000000356,0.9624853,0.91365904,-0.04882626000000001,0.875,1.0,0.125,0.0,0.0,0.0,0.0,0.0,0.0,1,1
1183,0.8622819,0.87457794,0.012296039999999953,0.9371884,0.8743971,-0.0627913,0.6875,0.875,0.1875,0.0,0.0,0.0,0.0,0.0,0.0,1,1
1184,0.86255467,0.84193784,-0.02061682999999992,0.85722095,0.8224112,-0.03480974999999997,0.875,0.8875,0.012499999999999956,0.0,0.0,0.0,0.0,0.0,0.0,1,1
1185,1.0,1.0,0.0,1.0,1.0,0.0,1.0,1.0,0.0,0.0,0.0,0.0,0.0,0.0,0.0,1,1
1186,0.8758305,0.8846594,0.008828900000000028,0.822615,0.8352278,0.01261279999999998,1.0,1.0,0.0,0.0,0.0,0.0,0.0,0.0,0.0,1,1
1187,0.89144135,0.89144135,0.0,0.8449163,0.8449163,0.0,1.0,1.0,0.0,0.0,0.0,0.0,0.0,0.0,0.0,1,1
1188,0.86766857,0.88435715,0.016688580000000064,0.8109551,0.83479595,0.023840849999999913,1.0,1.0,0.0,0.0,0.0,0.0,0.0,0.0,0.0,1,1
1189,0.90456027,0.9448764,0.040316129999999895,0.8958003,0.9587519,0.0629516,0.925,0.9125,-0.012500000000000067,0.0,0.0,0.0,0.0,0.0,0.0,1,1
1190,0.89533466,0.9389725,0.04363784000000004,0.85047805,0.9128178,0.06233975000000003,1.0,1.0,0.0,0.0,0.0,0.0,0.0,0.0,0.0,1,1
1191,1.0,1.0,0.0,1.0,1.0,0.0,1.0,1.0,0.0,0.0,0.0,0.0,0.0,0.0,0.0,1,1
1192,0.9302112,0.94767755,0.017466349999999964,0.90030164,0.9252536,0.024951959999999995,1.0,1.0,0.0,0.0,0.0,0.0,0.0,0.0,0.0,1,1
1193,0.79175466,0.7971304,0.005375739999999962,0.8042924,0.81732917,0.01303677000000003,0.7625,0.75,-0.012499999999999956,0.0,0.0,0.0,0.0,0.0,0.0,1,1
1194,1.0,1.0,0.0,1.0,1.0,0.0,1.0,1.0,0.0,0.0,0.0,0.0,0.0,0.0,0.0,1,1
1195,0.9068398,0.9646444,0.057804599999999984,0.89905673,0.9494919,0.050435170000000085,0.925,1.0,0.07499999999999996,0.0,0.0,0.0,0.0,0.0,0.0,1,1
1196,0.8828333,0.860472,-0.02236130000000003,0.8808333,0.8542457,-0.026587600000000045,0.8875,0.875,-0.012499999999999956,0.0,0.0,0.0,0.0,0.0,0.0,1,1
1197,0.88276863,0.97749996,0.09473132999999989,0.88074094,1.0,0.11925905999999997,0.8875,0.925,0.03750000000000009,0.0,0.0,0.0,0.0,0.0,0.0,1,1
1198,0.9126293,0.92136604,0.00873674000000002,0.8751847,0.88766575,0.012481049999999994,1.0,1.0,0.0,0.0,0.0,0.0,0.0,0.0,0.0,1,1
1199,0.8033894,0.8683758,0.0649864,0.75127053,0.91375107,0.16248054,0.925,0.7625,-0.1625000000000001,0.0,0.0,0.0,0.0,0.0,0.0,1,1
1200,1.0,1.0,0.0,0.99999994,0.99999994,0.0,1.0,1.0,0.0,0.0,0.0,0.0,0.0,0.0,0.0,1,1
1201,0.90909064,0.9116095,0.0025188600000000116,0.8701295,0.92194206,0.05181256000000001,1.0,0.8875,-0.11250000000000004,0.0,0.0,0.0,0.0,0.0,0.0,1,1
1202,0.94,0.90955925,-0.030440749999999905,1.0,0.92437035,-0.07562964999999999,0.8,0.875,0.07499999999999996,0.0,0.0,0.0,0.0,0.0,0.0,1,1
1203,0.97749996,0.8912501,-0.0862498599999999,1.0,1.0,0.0,0.925,0.6375,-0.2875000000000001,0.0,0.0,0.0,0.0,0.0,0.0,1,1
1204,0.94743395,0.9049393,-0.04249464999999997,0.92490566,0.91241336,-0.012492300000000012,1.0,0.8875,-0.11250000000000004,0.0,0.0,0.0,0.0,0.0,0.0,1,1
1205,0.93625003,0.96625006,0.030000030000000066,1.0,1.0,0.0,0.7875,0.8875,0.09999999999999998,0.0,0.0,0.0,0.0,0.0,0.0,1,1
1206,0.87709826,0.8636408,-0.013457460000000032,0.88871175,0.83734393,-0.051367820000000064,0.85,0.925,0.07500000000000007,0.0,0.0,0.0,0.0,0.0,0.0,1,1
1207,0.8931492,0.93340033,0.040251130000000024,0.91699886,0.97985756,0.06285870000000005,0.83750004,0.825,-0.012500040000000046,0.0,0.0,0.0,0.0,0.0,0.0,1,1
1208,1.0,0.95125,-0.04874999999999996,1.0,1.0,0.0,1.0,0.83750004,-0.16249996,0.0,0.0,0.0,0.0,0.0,0.0,1,1
1209,1.0,1.0,0.0,1.0,1.0,0.0,1.0,1.0,0.0,0.0,0.0,0.0,0.0,0.0,0.0,1,1
1210,1.0,0.9999092,-9.079999999994648e-05,1.0,0.99987024,-0.00012975999999997878,1.0,1.0,0.0,0.0,0.0,0.0,0.0,0.0,0.0,1,1
1211,0.9824654,0.9912018,0.008736399999999978,0.9749505,0.98743105,0.012480549999999924,1.0,1.0,0.0,0.0,0.0,0.0,0.0,0.0,0.0,1,1
1212,1.0,1.0,0.0,1.0,1.0,0.0,1.0,1.0,0.0,0.0,0.0,0.0,0.0,0.0,0.0,1,1
1213,1.0,1.0,0.0,1.0,1.0,0.0,1.0,1.0,0.0,0.0,0.0,0.0,0.0,0.0,0.0,1,1
1214,0.96624994,0.96624994,0.0,0.99999994,0.99999994,0.0,0.8875,0.8875,0.0,0.0,0.0,0.0,0.0,0.0,0.0,1,1
1215,0.9037995,0.96501285,0.061213350000000055,0.8625706,0.95001835,0.08744775000000005,1.0,1.0,0.0,0.0,0.0,0.0,0.0,0.0,0.0,1,1
1216,0.90343153,0.87585634,-0.02757518999999997,0.8941879,0.8547947,-0.03939320000000002,0.925,0.925,0.0,0.0,0.0,0.0,0.0,0.0,0.0,1,1
1217,0.94070715,0.94070715,0.0,0.9152959,0.9152959,0.0,1.0,1.0,0.0,0.0,0.0,0.0,0.0,0.0,0.0,1,1
1218,1.0,1.0,0.0,1.0,1.0,0.0,1.0,1.0,0.0,0.0,0.0,0.0,0.0,0.0,0.0,1,1
1219,1.0,1.0,0.0,1.0,1.0,0.0,1.0,1.0,0.0,0.0,0.0,0.0,0.0,0.0,0.0,1,1
1220,0.85913163,0.89435863,0.03522700000000001,0.7987595,0.84908384,0.05032434000000008,1.0,1.0,0.0,0.0,0.0,0.0,0.0,0.0,0.0,1,1
1221,1.0,1.0,0.0,1.0,1.0,0.0,1.0,1.0,0.0,0.0,0.0,0.0,0.0,0.0,0.0,1,1
1222,0.8215271,0.83989185,0.01836475000000004,0.7986101,0.82484543,0.02623533,0.875,0.875,0.0,0.0,0.0,0.0,0.0,0.0,0.0,1,1
1223,1.0,1.0,0.0,1.0,1.0,0.0,1.0,1.0,0.0,0.0,0.0,0.0,0.0,0.0,0.0,1,1
1224,0.87636185,0.8075952,-0.06876665000000004,0.9251597,0.8858502,-0.0393095,0.7625,0.625,-0.13749999999999996,0.0,0.0,0.0,0.0,0.0,0.0,1,1
1225,0.94,0.88892174,-0.05107825999999993,1.0,0.90024525,-0.09975475,0.8,0.8625,0.0625,0.0,0.0,0.0,0.0,0.0,0.0,1,1
1226,1.0,1.0,0.0,1.0,1.0,0.0,1.0,1.0,0.0,0.0,0.0,0.0,0.0,0.0,0.0,1,1
1227,1.0,1.0,0.0,0.99999994,0.99999994,0.0,1.0,1.0,0.0,0.0,0.0,0.0,0.0,0.0,0.0,1,1
1228,0.9289635,0.9114795,-0.017484000000000055,0.8985193,0.8735421,-0.024977200000000033,1.0,1.0,0.0,0.0,0.0,0.0,0.0,0.0,0.0,1,1
1229,0.91127986,0.91127986,0.0,0.87325704,0.87325704,0.0,1.0,1.0,0.0,0.0,0.0,0.0,0.0,0.0,0.0,1,1
1230,1.0,0.96999997,-0.030000029999999955,1.0,1.0,0.0,1.0,0.90000004,-0.09999996,0.0,0.0,0.0,0.0,0.0,0.0,1,1
1231,0.8765341,0.8942661,0.01773199999999997,0.82362,0.8489516,0.02533160000000001,1.0,1.0,0.0,0.0,0.0,0.0,0.0,0.0,0.0,1,1
1232,0.9983673,0.9998726,0.0015053000000000427,0.9976675,0.999818,0.002150499999999944,1.0,1.0,0.0,0.0,0.0,0.0,0.0,0.0,0.0,1,1
1233,0.96873707,0.9912371,0.022500030000000004,0.98748153,0.98748153,0.0,0.925,1.0,0.07499999999999996,0.0,0.0,0.0,0.0,0.0,0.0,1,1
1234,1.0,1.0,0.0,1.0,1.0,0.0,1.0,1.0,0.0,0.0,0.0,0.0,0.0,0.0,0.0,1,1
1235,0.93400174,0.96625006,0.03224832,0.9057168,1.0000001,0.09428330000000007,1.0,0.8875,-0.11250000000000004,0.0,0.0,0.0,0.0,0.0,0.0,1,1
1236,0.93195814,0.94957227,0.017614130000000006,0.9510116,0.9761747,0.025163099999999994,0.8875,0.8875,0.0,0.0,0.0,0.0,0.0,0.0,0.0,1,1
1237,0.9829931,0.9829931,0.0,0.9757044,0.9757044,0.0,1.0,1.0,0.0,0.0,0.0,0.0,0.0,0.0,0.0,1,1
1238,1.0,1.0,0.0,1.0,1.0,0.0,1.0,1.0,0.0,0.0,0.0,0.0,0.0,0.0,0.0,1,1
1239,0.97749996,0.97749996,0.0,0.99999994,0.99999994,0.0,0.925,0.925,0.0,0.0,0.0,0.0,0.0,0.0,0.0,1,1
1240,0.9226441,0.90603846,-0.016605639999999977,0.8894915,0.9139836,0.024492100000000017,1.0,0.8875,-0.11250000000000004,0.0,0.0,0.0,0.0,0.0,0.0,1,1
1241,1.0,1.0,0.0,1.0,1.0,0.0,1.0,1.0,0.0,0.0,0.0,0.0,0.0,0.0,0.0,1,1
1242,1.0,0.97749996,-0.022500040000000054,0.99999994,0.99999994,0.0,1.0,0.925,-0.07499999999999996,0.0,0.0,0.0,0.0,0.0,0.0,1,1
1243,0.94559306,0.9761093,0.030516239999999972,0.95441866,0.9658704,0.011451740000000044,0.925,1.0,0.07499999999999996,0.0,0.0,0.0,0.0,0.0,0.0,1,1
1244,1.0,1.0,0.0,1.0,1.0,0.0,1.0,1.0,0.0,0.0,0.0,0.0,0.0,0.0,0.0,1,1
1245,1.0,1.0,0.0,1.0,1.0,0.0,1.0,1.0,0.0,0.0,0.0,0.0,0.0,0.0,0.0,1,1
1246,0.9526648,0.96250004,0.009835240000000023,0.9645211,1.0,0.03547889999999998,0.925,0.875,-0.050000000000000044,0.0,0.0,0.0,0.0,0.0,0.0,1,1
1247,0.9219236,0.93070954,0.008785939999999992,0.8884622,0.9010136,0.01255139999999999,1.0,1.0,0.0,0.0,0.0,0.0,0.0,0.0,0.0,1,1
1248,1.0,1.0,0.0,1.0,1.0,0.0,1.0,1.0,0.0,0.0,0.0,0.0,0.0,0.0,0.0,1,1
1249,1.0,1.0,0.0,1.0,1.0,0.0,1.0,1.0,0.0,0.0,0.0,0.0,0.0,0.0,0.0,1,1
1250,0.9123629,0.9386522,0.02628930000000007,0.874804,0.9123603,0.03755629999999999,1.0,1.0,0.0,0.0,0.0,0.0,0.0,0.0,0.0,1,1
1251,1.0,1.0,0.0,1.0,1.0,0.0,1.0,1.0,0.0,0.0,0.0,0.0,0.0,0.0,0.0,1,1
1252,0.95607704,0.8871843,-0.06889274000000001,0.93725294,0.88704896,-0.05020398000000004,1.0,0.8875,-0.11250000000000004,0.0,0.0,0.0,0.0,0.0,0.0,1,1
1253,0.96625006,1.0,0.03374993999999998,1.0,1.0,0.0,0.8875,1.0,0.11250000000000004,0.0,0.0,0.0,0.0,0.0,0.0,1,1
1254,0.95250845,0.91255015,-0.0399583,0.97501206,0.9125717,-0.06244035999999997,0.90000004,0.9125,0.012499959999999977,0.0,0.0,0.0,0.0,0.0,0.0,1,1
1255,0.92860854,0.9552507,0.02664215999999997,0.89801216,0.93607235,0.03806019000000005,1.0,1.0,0.0,0.0,0.0,0.0,0.0,0.0,0.0,1,1
1256,0.84157676,0.86105484,0.019478079999999953,0.80582386,0.8550783,0.04925444000000001,0.925,0.875,-0.050000000000000044,0.0,0.0,0.0,0.0,0.0,0.0,1,1
1257,0.85787785,0.9170637,0.059185849999999984,0.8773255,0.94580525,0.06847975000000006,0.8125,0.85,0.03749999999999998,0.0,0.0,0.0,0.0,0.0,0.0,1,1
1258,0.9226425,0.94785213,0.025209629999999983,0.88948923,0.92550313,0.03601389999999993,1.0,1.0,0.0,0.0,0.0,0.0,0.0,0.0,0.0,1,1
1259,0.9104185,0.9460966,0.035678099999999935,0.8720264,0.9229951,0.05096869999999998,1.0,1.0,0.0,0.0,0.0,0.0,0.0,0.0,0.0,1,1
1260,1.0,1.0,0.0,1.0,1.0,0.0,1.0,1.0,0.0,0.0,0.0,0.0,0.0,0.0,0.0,1,1
1261,1.0,1.0,0.0,1.0,1.0,0.0,1.0,1.0,0.0,0.0,0.0,0.0,0.0,0.0,0.0,1,1
1262,0.94375,0.8774315,-0.06631849999999995,1.0,0.89990205,-0.10009794999999999,0.8125,0.825,0.012499999999999956,0.0,0.0,0.0,0.0,0.0,0.0,1,1
1263,0.87300414,0.93937415,0.06637000999999998,0.85072017,0.91339165,0.06267148,0.925,1.0,0.07499999999999996,0.0,0.0,0.0,0.0,0.0,0.0,1,1
1264,0.9448765,0.9159603,-0.02891620000000006,0.92125213,0.9603005,0.039048370000000054,1.0,0.8125,-0.1875,0.0,0.0,0.0,0.0,0.0,0.0,1,1
1265,0.9307793,0.9307793,0.0,0.9011132,0.9011132,0.0,1.0,1.0,0.0,0.0,0.0,0.0,0.0,0.0,0.0,1,1
1266,0.9179201,0.9690097,0.05108959999999996,0.882743,0.9557281,0.07298509999999991,1.0,1.0,0.0,0.0,0.0,0.0,0.0,0.0,0.0,1,1
1267,0.96836406,1.0,0.03163594000000003,0.9548058,1.0,0.04519419999999996,1.0,1.0,0.0,0.0,0.0,0.0,0.0,0.0,0.0,1,1
1268,1.0,1.0,0.0,1.0,1.0,0.0,1.0,1.0,0.0,0.0,0.0,0.0,0.0,0.0,0.0,1,1
1269,0.95712453,0.940625,-0.01649952999999993,0.9869635,0.97410715,-0.01285634999999996,0.8875,0.8625,-0.02499999999999991,0.0,0.0,0.0,0.0,0.0,0.0,1,1
1270,0.95074046,1.0,0.04925953999999999,0.92962927,1.0,0.07037073000000005,1.0,1.0,0.0,0.0,0.0,0.0,0.0,0.0,0.0,1,1
1271,0.8872862,0.9560663,0.06878010000000001,0.88719463,0.9372376,0.05004297000000002,0.8875,1.0,0.11250000000000004,0.0,0.0,0.0,0.0,0.0,0.0,1,1
1272,0.0,0.0,0.0,1.0,1.0,0.0,1.0,1.0,0.0,1.0,1.0,1.0,1.0,0.0,0.0,0,0
1273,0.93950826,0.96625006,0.026741800000000038,0.9617975,1.0,0.03820250000000003,0.8875,0.8875,0.0,0.0,0.0,0.0,0.0,0.0,0.0,1,1
1274,1.0,0.9336702,-0.0663298,0.99999994,0.937386,-0.06261393999999998,1.0,0.925,-0.07499999999999996,0.0,0.0,0.0,0.0,0.0,0.0,1,1
1275,0.88935417,0.93221724,0.04286306999999989,0.84193444,0.9031675,0.06123306000000006,1.0,1.0,0.0,0.0,0.0,0.0,0.0,0.0,0.0,1,1
1276,0.9362499,0.9100689,-0.02618100000000001,0.99999994,0.9250984,-0.07490154000000004,0.7875,0.875,0.08750000000000002,0.0,0.0,0.0,0.0,0.0,0.0,1,1
1277,0.98230916,1.0,0.017690839999999985,0.97472745,1.0,0.02527254999999995,1.0,1.0,0.0,0.0,0.0,0.0,0.0,0.0,0.0,1,1
1278,0.8988516,0.92135155,0.022499950000000046,0.887645,0.887645,0.0,0.925,1.0,0.07499999999999996,0.0,0.0,0.0,0.0,0.0,0.0,1,1
1279,0.94257605,0.9804927,0.037916649999999996,0.9179657,0.97213244,0.05416673999999999,1.0,1.0,0.0,0.0,0.0,0.0,0.0,0.0,0.0,1,1
1280,0.871113,0.8807551,0.009642099999999987,0.81587565,0.8296502,0.013774550000000052,1.0,1.0,0.0,0.0,0.0,0.0,0.0,0.0,0.0,1,1
1281,0.9883825,1.0,0.011617499999999947,0.9834037,1.0,0.01659630000000001,1.0,1.0,0.0,0.0,0.0,0.0,0.0,0.0,0.0,1,1
1282,0.91405195,0.93986225,0.025810300000000064,0.877217,0.91408896,0.036871959999999926,1.0,1.0,0.0,0.0,0.0,0.0,0.0,0.0,0.0,1,1
1283,0.96624994,1.0,0.033750060000000026,0.99999994,0.99999994,0.0,0.8875,1.0,0.11250000000000004,0.0,0.0,0.0,0.0,0.0,0.0,1,1
1284,0.95125,0.97749996,0.026249959999999906,1.0,1.0,0.0,0.83750004,0.925,0.08749996000000004,0.0,0.0,0.0,0.0,0.0,0.0,1,1
1285,0.90751344,0.94161874,0.034105300000000005,0.86787623,0.91659826,0.04872202999999997,1.0,1.0,0.0,0.0,0.0,0.0,0.0,0.0,0.0,1,1
1286,1.0,1.0,0.0,1.0,1.0,0.0,1.0,1.0,0.0,0.0,0.0,0.0,0.0,0.0,0.0,1,1
1287,1.0,1.0,0.0,1.0,1.0,0.0,1.0,1.0,0.0,0.0,0.0,0.0,0.0,0.0,0.0,1,1
1288,1.0,1.0,0.0,0.99999994,0.99999994,0.0,1.0,1.0,0.0,0.0,0.0,0.0,0.0,0.0,0.0,1,1
1289,0.9303975,0.89918995,-0.031207549999999973,0.9005679,0.88812846,-0.012439439999999968,1.0,0.925,-0.07499999999999996,0.0,0.0,0.0,0.0,0.0,0.0,1,1
1290,0.94876033,0.9123438,-0.03641653,0.97501475,0.8747768,-0.10023795000000002,0.8875,1.0,0.11250000000000004,0.0,0.0,0.0,0.0,0.0,0.0,1,1
1291,1.0,1.0,0.0,1.0,1.0,0.0,1.0,1.0,0.0,0.0,0.0,0.0,0.0,0.0,0.0,1,1
1292,0.89357233,0.903158,0.00958566999999999,0.8908176,0.9152258,0.02440819999999999,0.90000004,0.875,-0.02500004,0.0,0.0,0.0,0.0,0.0,0.0,1,1
1293,1.0,1.0,0.0,1.0,1.0,0.0,1.0,1.0,0.0,0.0,0.0,0.0,0.0,0.0,0.0,1,1
1294,0.95500004,0.0,-0.95500004,1.0,1.0,0.0,0.85,0.91139245,0.06139245000000004,0.0,1.0,0.0,1.0,0.0,0.0,1,0
1295,0.93486637,0.98136055,0.04649418000000005,0.90695196,0.9733722,0.06642024000000002,1.0,1.0,0.0,0.0,0.0,0.0,0.0,0.0,0.0,1,1
1296,0.9113781,0.8872572,-0.0241209,0.87339735,0.8871532,0.013755850000000014,1.0,0.8875,-0.11250000000000004,0.0,0.0,0.0,0.0,0.0,0.0,1,1
1297,0.98252124,0.98252124,0.0,0.9750303,0.9750303,0.0,1.0,1.0,0.0,0.0,0.0,0.0,0.0,0.0,0.0,1,1
1298,0.8111898,0.8102604,-0.0009293999999999691,0.7838425,0.80930054,0.02545803999999996,0.875,0.8125,-0.0625,0.0,0.0,0.0,0.0,0.0,0.0,1,1
1299,1.0,1.0,0.0,1.0,1.0,0.0,1.0,1.0,0.0,0.0,0.0,0.0,0.0,0.0,0.0,1,1
1300,0.83263457,0.87883836,0.04620379000000008,0.7609064,0.826912,0.0660056,1.0,1.0,0.0,0.0,0.0,0.0,0.0,0.0,0.0,1,1
1301,0.95482254,0.97749996,0.022677419999999948,0.9354608,1.0,0.06453920000000002,1.0,0.925,-0.07499999999999996,0.0,0.0,0.0,0.0,0.0,0.0,1,1
1302,1.0,1.0,0.0,1.0,1.0,0.0,1.0,1.0,0.0,0.0,0.0,0.0,0.0,0.0,0.0,1,1
1303,0.91395587,0.93119764,0.017241770000000045,0.87707984,0.9017109,0.024631059999999927,1.0,1.0,0.0,0.0,0.0,0.0,0.0,0.0,0.0,1,1
1304,1.0,1.0,0.0,1.0,1.0,0.0,1.0,1.0,0.0,0.0,0.0,0.0,0.0,0.0,0.0,1,1
1305,1.0,1.0,0.0,1.0,1.0,0.0,1.0,1.0,0.0,0.0,0.0,0.0,0.0,0.0,0.0,1,1
1306,1.0,1.0,0.0,1.0,1.0,0.0,1.0,1.0,0.0,0.0,0.0,0.0,0.0,0.0,0.0,1,1
1307,0.99967194,0.92893755,-0.07073439000000004,0.9995313,0.94669646,-0.05283484000000005,1.0,0.8875,-0.11250000000000004,0.0,0.0,0.0,0.0,0.0,0.0,1,1
1308,0.98398554,0.98398554,0.0,0.9771222,0.9771222,0.0,1.0,1.0,0.0,0.0,0.0,0.0,0.0,0.0,0.0,1,1
1309,1.0,1.0,0.0,1.0,1.0,0.0,1.0,1.0,0.0,0.0,0.0,0.0,0.0,0.0,0.0,1,1
1310,0.97749996,0.0,-0.97749996,0.99999994,0.24377638,-0.75622356,0.925,0.8888889,-0.03611110000000006,0.0,1.0,0.0,1.0,0.0,0.0,1,0
1311,1.0,0.97749996,-0.022500040000000054,0.99999994,0.99999994,0.0,1.0,0.925,-0.07499999999999996,0.0,0.0,0.0,0.0,0.0,0.0,1,1
1312,1.0,1.0,0.0,1.0,1.0,0.0,1.0,1.0,0.0,0.0,0.0,0.0,0.0,0.0,0.0,1,1
1313,0.91266745,0.9214266,0.008759149999999938,0.8752393,0.8877522,0.012512899999999938,1.0,1.0,0.0,0.0,0.0,0.0,0.0,0.0,0.0,1,1
1314,0.93296164,0.95201856,0.01905691999999992,0.9042309,0.931455,0.027224100000000084,1.0,1.0,0.0,0.0,0.0,0.0,0.0,0.0,0.0,1,1
1315,0.9045324,0.9587223,0.05418990000000001,0.9011176,0.96246046,0.06134286,0.9125,0.95,0.03749999999999998,0.0,0.0,0.0,0.0,0.0,0.0,1,1
1316,1.0,1.0,0.0,1.0,1.0,0.0,1.0,1.0,0.0,0.0,0.0,0.0,0.0,0.0,0.0,1,1
1317,1.0,1.0,0.0,1.0,1.0,0.0,1.0,1.0,0.0,0.0,0.0,0.0,0.0,0.0,0.0,1,1
1318,1.0,0.6510362,-0.34896380000000005,1.0000001,0.54969454,-0.4503055600000001,1.0,0.8875,-0.11250000000000004,0.0,0.0,0.0,0.0,0.0,0.0,1,1
1319,0.8577358,0.8939013,0.03616549999999996,0.7967655,0.8484304,0.051664900000000014,1.0,1.0,0.0,0.0,0.0,0.0,0.0,0.0,0.0,1,1
1320,0.94750005,0.8724007,-0.07509935000000001,1.0,0.9730724,-0.02692760000000005,0.825,0.6375,-0.1875,0.0,0.0,0.0,0.0,0.0,0.0,1,1
1321,0.94221556,0.93825704,-0.003958519999999965,0.9495936,0.91179574,-0.03779786000000007,0.925,1.0,0.07499999999999996,0.0,0.0,0.0,0.0,0.0,0.0,1,1
1322,0.8560036,0.866885,0.010881400000000041,0.7942909,0.8580501,0.06375920000000002,1.0,0.8875,-0.11250000000000004,0.0,0.0,0.0,0.0,0.0,0.0,1,1
1323,1.0,1.0,0.0,1.0,1.0,0.0,1.0,1.0,0.0,0.0,0.0,0.0,0.0,0.0,0.0,1,1
1324,0.9321255,0.91815245,-0.013973050000000042,0.90303636,0.9152178,0.012181439999999988,1.0,0.925,-0.07499999999999996,0.0,0.0,0.0,0.0,0.0,0.0,1,1
1325,0.92216855,0.95721895,0.03505040000000004,0.8888121,0.93888426,0.05007216000000003,1.0,1.0,0.0,0.0,0.0,0.0,0.0,0.0,0.0,1,1
1326,0.0,0.8119421,0.8119421,0.23689047,0.8759888,0.63909833,0.47619048,0.6625,0.18630951999999995,1.0,0.0,1.0,0.0,0.0,0.0,0,1
1327,0.0,0.0,0.0,0.99999994,0.99999994,0.0,0.8701299,0.8831169,0.01298699999999997,0.0,0.0,1.0,1.0,0.0,0.0,0,0
1328,0.9692098,0.87404025,-0.09516955000000005,0.956014,0.82005745,-0.13595655000000006,1.0,1.0,0.0,0.0,0.0,0.0,0.0,0.0,0.0,1,1
1329,1.0,1.0,0.0,1.0,1.0,0.0,1.0,1.0,0.0,0.0,0.0,0.0,0.0,0.0,0.0,1,1
1330,1.0,0.96625006,-0.03374993999999998,1.0,1.0,0.0,1.0,0.8875,-0.11250000000000004,0.0,0.0,0.0,0.0,0.0,0.0,1,1
1331,0.94168514,0.9585251,0.016839959999999987,0.916693,0.9407502,0.0240572,1.0,1.0,0.0,0.0,0.0,0.0,0.0,0.0,0.0,1,1
1332,0.92099285,0.9351792,0.014186350000000014,0.9407041,0.9609702,0.020266099999999954,0.875,0.875,0.0,0.0,0.0,0.0,0.0,0.0,0.0,1,1
1333,0.8335414,0.8304802,-0.003061199999999986,0.799702,0.84890026,0.04919825999999994,0.9125,0.7875,-0.125,0.0,0.0,0.0,0.0,0.0,0.0,1,1
1334,0.94750005,0.9169728,-0.030527250000000006,1.0,0.9510326,-0.048967399999999994,0.825,0.83750004,0.012500040000000046,0.0,0.0,0.0,0.0,0.0,0.0,1,1
1335,0.86569864,0.89414257,0.028443930000000006,0.8402837,0.90234655,0.06206285,0.925,0.875,-0.050000000000000044,0.0,0.0,0.0,0.0,0.0,0.0,1,1
1336,0.97749996,0.9825392,0.00503924,1.0,0.97505593,-0.024944069999999985,0.925,1.0,0.07499999999999996,0.0,0.0,0.0,0.0,0.0,0.0,1,1
1337,1.0,1.0,0.0,1.0,1.0,0.0,1.0,1.0,0.0,0.0,0.0,0.0,0.0,0.0,0.0,1,1
1338,0.93899673,0.9127771,-0.026219629999999938,0.9128524,0.8753959,-0.037456500000000004,1.0,1.0,0.0,0.0,0.0,0.0,0.0,0.0,0.0,1,1
1339,0.92735857,0.92735857,0.0,0.9497979,0.9497979,0.0,0.875,0.875,0.0,0.0,0.0,0.0,0.0,0.0,0.0,1,1
1340,1.0,1.0,0.0,1.0,1.0,0.0,1.0,1.0,0.0,0.0,0.0,0.0,0.0,0.0,0.0,1,1
1341,0.8925482,0.91413623,0.02158802999999998,0.89471173,0.93090886,0.03619712999999991,0.8875,0.875,-0.012499999999999956,0.0,0.0,0.0,0.0,0.0,0.0,1,1
1342,0.9138271,0.9050295,-0.008797599999999961,0.8768959,0.9178992,0.041003300000000076,1.0,0.875,-0.125,0.0,0.0,0.0,0.0,0.0,0.0,1,1
1343,0.90517676,0.9428393,0.03766254000000002,0.86453825,0.91834193,0.05380368000000002,1.0,1.0,0.0,0.0,0.0,0.0,0.0,0.0,0.0,1,1
1344,0.95581496,0.9735033,0.01768833999999997,0.9368785,0.96214753,0.025269030000000026,1.0,1.0,0.0,0.0,0.0,0.0,0.0,0.0,0.0,1,1
1345,0.8547123,0.8843048,0.02959250000000002,0.7924462,0.8347212,0.04227500000000006,1.0,1.0,0.0,0.0,0.0,0.0,0.0,0.0,0.0,1,1
1346,1.0,1.0,0.0,1.0,1.0,0.0,1.0,1.0,0.0,0.0,0.0,0.0,0.0,0.0,0.0,1,1
1347,0.9737995,1.0,0.02620049999999996,0.9625708,1.0,0.03742920000000005,1.0,1.0,0.0,0.0,0.0,0.0,0.0,0.0,0.0,1,1
1348,1.0,1.0,0.0,1.0,1.0,0.0,1.0,1.0,0.0,0.0,0.0,0.0,0.0,0.0,0.0,1,1
1349,0.826351,0.8488318,0.02248080000000008,0.80014426,0.8376168,0.03747254,0.8875,0.875,-0.012499999999999956,0.0,0.0,0.0,0.0,0.0,0.0,1,1
1350,0.9086513,0.91038114,0.0017298399999999825,0.92307323,0.8719731,-0.05110013000000002,0.875,1.0,0.125,0.0,0.0,0.0,0.0,0.0,0.0,1,1
1351,0.9999194,0.9999194,0.0,0.9998849,0.9998849,0.0,1.0,1.0,0.0,0.0,0.0,0.0,0.0,0.0,0.0,1,1
1352,0.85375804,0.88488626,0.03112822000000004,0.83929724,0.88912326,0.049826019999999915,0.8875,0.875,-0.012499999999999956,0.0,0.0,0.0,0.0,0.0,0.0,1,1
1353,0.95621854,0.95621854,0.0,0.937455,0.937455,0.0,1.0,1.0,0.0,0.0,0.0,0.0,0.0,0.0,0.0,1,1
1354,0.92133284,0.92133284,0.0,0.8876183,0.8876183,0.0,1.0,1.0,0.0,0.0,0.0,0.0,0.0,0.0,0.0,1,1
1355,1.0,1.0,0.0,1.0,1.0,0.0,1.0,1.0,0.0,0.0,0.0,0.0,0.0,0.0,0.0,1,1
1356,0.93069106,1.0,0.06930893999999999,0.9009872,1.0,0.09901280000000001,1.0,1.0,0.0,0.0,0.0,0.0,0.0,0.0,0.0,1,1
1357,1.0,1.0,0.0,1.0,1.0,0.0,1.0,1.0,0.0,0.0,0.0,0.0,0.0,0.0,0.0,1,1
1358,0.83961004,0.8483864,0.008776360000000039,0.82444286,0.8744804,0.05003754000000005,0.875,0.7875,-0.08750000000000002,0.0,0.0,0.0,0.0,0.0,0.0,1,1
1359,0.92732346,0.93198127,0.0046578099999999845,0.89617634,0.9349733,0.03879695999999999,1.0,0.925,-0.07499999999999996,0.0,0.0,0.0,0.0,0.0,0.0,1,1
1360,1.0,1.0,0.0,1.0,1.0,0.0,1.0,1.0,0.0,0.0,0.0,0.0,0.0,0.0,0.0,1,1
1361,0.97749996,0.97749996,0.0,1.0,1.0,0.0,0.925,0.925,0.0,0.0,0.0,0.0,0.0,0.0,0.0,1,1
1362,0.9259686,0.9791085,0.05313990000000002,0.89424074,0.970155,0.07591426000000001,1.0,1.0,0.0,0.0,0.0,0.0,0.0,0.0,0.0,1,1
1363,1.0,1.0,0.0,1.0,1.0,0.0,1.0,1.0,0.0,0.0,0.0,0.0,0.0,0.0,0.0,1,1
1364,0.92135185,1.0,0.07864815000000003,0.8876454,1.0,0.11235459999999997,1.0,1.0,0.0,0.0,0.0,0.0,0.0,0.0,0.0,1,1
1365,0.0,0.0,0.0,1.0,1.0,0.0,1.0,1.0,0.0,1.0,1.0,1.0,1.0,0.0,0.0,0,0
1366,0.97749996,0.96999997,-0.007499989999999901,1.0,1.0,0.0,0.925,0.90000004,-0.024999960000000043,0.0,0.0,0.0,0.0,0.0,0.0,1,1
1367,0.8792734,0.9130235,0.033750100000000005,0.8757478,0.8757478,0.0,0.8875,1.0,0.11250000000000004,0.0,0.0,0.0,0.0,0.0,0.0,1,1
1368,1.0,1.0,0.0,1.0,1.0,0.0,1.0,1.0,0.0,0.0,0.0,0.0,0.0,0.0,0.0,1,1
1369,1.0,1.0,0.0,1.0,1.0,0.0,1.0,1.0,0.0,0.0,0.0,0.0,0.0,0.0,0.0,1,1
1370,0.94303876,0.9429407,-9.806000000001092e-05,0.91862684,0.95062965,0.03200281000000005,1.0,0.925,-0.07499999999999996,0.0,0.0,0.0,0.0,0.0,0.0,1,1
1371,1.0,1.0,0.0,1.0,1.0,0.0,1.0,1.0,0.0,0.0,0.0,0.0,0.0,0.0,0.0,1,1
1372,1.0,1.0,0.0,1.0,1.0,0.0,1.0,1.0,0.0,0.0,0.0,0.0,0.0,0.0,0.0,1,1
1373,0.9834261,1.0,0.01657390000000003,0.97632307,1.0,0.02367693000000004,1.0,1.0,0.0,0.0,0.0,0.0,0.0,0.0,0.0,1,1
1374,1.0,1.0,0.0,1.0,1.0,0.0,1.0,1.0,0.0,0.0,0.0,0.0,0.0,0.0,0.0,1,1
1375,1.0,1.0,0.0,1.0,1.0,0.0,1.0,1.0,0.0,0.0,0.0,0.0,0.0,0.0,0.0,1,1
1376,0.96625006,0.96625006,0.0,1.0,1.0,0.0,0.8875,0.8875,0.0,0.0,0.0,0.0,0.0,0.0,0.0,1,1
1377,1.0,1.0,0.0,1.0,1.0,0.0,1.0,1.0,0.0,0.0,0.0,0.0,0.0,0.0,0.0,1,1
1378,0.0,0.0,0.0,0.00929057,0.0043420875,-0.0049484824999999994,1.0,1.0,0.0,1.0,1.0,1.0,1.0,0.0,0.0,0,0
1379,0.92115444,0.91326904,-0.007885400000000042,0.8873635,0.87609863,-0.011264869999999982,1.0,1.0,0.0,0.0,0.0,0.0,0.0,0.0,0.0,1,1
1380,0.88689214,0.9124632,0.02557105999999998,0.83841735,0.8749475,0.03653015000000004,1.0,1.0,0.0,0.0,0.0,0.0,0.0,0.0,0.0,1,1
1381,0.99591124,0.99591124,0.0,0.99415886,0.99415886,0.0,1.0,1.0,0.0,0.0,0.0,0.0,0.0,0.0,0.0,1,1
1382,1.0,1.0,0.0,1.0,1.0,0.0,1.0,1.0,0.0,0.0,0.0,0.0,0.0,0.0,0.0,1,1
1383,0.8987665,0.9320883,0.03332179999999996,0.85538083,0.9351262,0.07974537000000004,1.0,0.925,-0.07499999999999996,0.0,0.0,0.0,0.0,0.0,0.0,1,1
1384,0.96794903,0.9838886,0.015939570000000014,0.9542129,0.97698367,0.02277076999999994,1.0,1.0,0.0,0.0,0.0,0.0,0.0,0.0,0.0,1,1
1385,0.9008013,0.8903837,-0.010417600000000027,0.92257315,0.89697665,-0.02559649999999991,0.85,0.875,0.025000000000000022,0.0,0.0,0.0,0.0,0.0,0.0,1,1
1386,0.8870298,0.8848395,-0.0021902999999999784,0.8761141,0.8997707,0.023656600000000028,0.9125,0.85,-0.0625,0.0,0.0,0.0,0.0,0.0,0.0,1,1
1387,0.9766866,1.0,0.02331340000000004,0.9666951,0.99999994,0.03330484,1.0,1.0,0.0,0.0,0.0,0.0,0.0,0.0,0.0,1,1
1388,0.94749993,0.92252314,-0.02497678999999997,0.99999994,0.9375331,-0.06246684000000002,0.825,0.8875,0.0625,0.0,0.0,0.0,0.0,0.0,0.0,1,1
1389,1.0,1.0,0.0,1.0,1.0,0.0,1.0,1.0,0.0,0.0,0.0,0.0,0.0,0.0,0.0,1,1
1390,0.9730755,0.9572755,-0.015800000000000036,0.96153647,0.9871793,0.025642830000000005,1.0,0.8875,-0.11250000000000004,0.0,0.0,0.0,0.0,0.0,0.0,1,1
1391,0.9025,0.91264784,0.010147840000000019,0.99999994,0.9234254,-0.07657454000000008,0.675,0.8875,0.2124999999999999,0.0,0.0,0.0,0.0,0.0,0.0,1,1
1392,0.8967766,0.92955226,0.032775659999999984,0.85253793,0.8993605,0.04682257000000001,1.0,1.0,0.0,0.0,0.0,0.0,0.0,0.0,0.0,1,1
1393,0.98586124,0.97749996,-0.008361280000000026,0.97980165,1.0,0.02019835000000003,1.0,0.925,-0.07499999999999996,0.0,0.0,0.0,0.0,0.0,0.0,1,1
1394,0.9214649,0.9127288,-0.008736100000000024,0.88780695,0.8753268,-0.012480150000000023,1.0,1.0,0.0,0.0,0.0,0.0,0.0,0.0,0.0,1,1
1395,0.9342767,0.9417934,0.007516700000000043,0.9061096,0.91684765,0.010738050000000054,1.0,1.0,0.0,0.0,0.0,0.0,0.0,0.0,0.0,1,1
1396,0.9466772,0.9212658,-0.025411399999999973,0.92382467,0.8875225,-0.03630217000000002,1.0,1.0,0.0,0.0,0.0,0.0,0.0,0.0,0.0,1,1
1397,0.88504964,0.9100248,0.024975159999999996,0.83578527,0.90360683,0.06782155999999995,1.0,0.925,-0.07499999999999996,0.0,0.0,0.0,0.0,0.0,0.0,1,1
1398,0.8718945,0.98275644,0.11086193999999994,0.81699204,0.97536635,0.15837431000000002,1.0,1.0,0.0,0.0,0.0,0.0,0.0,0.0,0.0,1,1
1399,0.8843919,0.8863899,0.0019979999999999443,0.83484554,0.88591427,0.05106873000000001,1.0,0.8875,-0.11250000000000004,0.0,0.0,0.0,0.0,0.0,0.0,1,1
1400,0.92125,0.0,-0.92125,0.99999994,0.99999994,0.0,0.7375,0.82432437,0.08682436999999998,0.0,1.0,0.0,1.0,0.0,0.0,1,0
1401,0.96926653,0.95413417,-0.015132359999999956,0.95609504,0.98269176,0.026596720000000018,1.0,0.8875,-0.11250000000000004,0.0,0.0,0.0,0.0,0.0,0.0,1,1
1402,0.0,0.0,0.0,1.0,1.0,0.0,1.0,1.0,0.0,1.0,1.0,1.0,1.0,0.0,0.0,0,0
1403,0.9303221,0.9216753,-0.008646800000000066,0.9004602,0.88810766,-0.012352540000000078,1.0,1.0,0.0,0.0,0.0,0.0,0.0,0.0,0.0,1,1
1404,0.9033348,0.9737358,0.07040100000000005,0.8619068,0.96247965,0.10057285000000005,1.0,1.0,0.0,0.0,0.0,0.0,0.0,0.0,0.0,1,1
1405,0.88624096,0.90498286,0.018741899999999978,0.8374871,0.9124755,0.07498839999999996,1.0,0.8875,-0.11250000000000004,0.0,0.0,0.0,0.0,0.0,0.0,1,1
1406,0.9227213,0.95874995,0.036028649999999995,0.9378162,1.0,0.06218380000000001,0.8875,0.8625,-0.02499999999999991,0.0,0.0,0.0,0.0,0.0,0.0,1,1
1407,0.82074803,0.8450037,0.024255670000000062,0.8349972,0.85893387,0.023936669999999993,0.7875,0.8125,0.025000000000000022,0.0,0.0,0.0,0.0,0.0,0.0,1,1
1408,0.96833974,1.0,0.031660259999999996,0.9869139,1.0,0.01308609999999999,0.925,1.0,0.07499999999999996,0.0,0.0,0.0,0.0,0.0,0.0,1,1
1409,0.9069783,0.94905055,0.04207225000000003,0.9260405,0.97542924,0.04938873999999993,0.8625,0.8875,0.02499999999999991,0.0,0.0,0.0,0.0,0.0,0.0,1,1
1410,1.0,1.0,0.0,1.0,1.0,0.0,1.0,1.0,0.0,0.0,0.0,0.0,0.0,0.0,0.0,1,1
1411,0.97749996,0.96250004,-0.014999919999999944,1.0,1.0,0.0,0.925,0.875,-0.050000000000000044,0.0,0.0,0.0,0.0,0.0,0.0,1,1
1412,0.9209509,0.8621626,-0.058788300000000016,0.88707274,0.862018,-0.025054740000000075,1.0,0.8625,-0.13749999999999996,0.0,0.0,0.0,0.0,0.0,0.0,1,1
1413,0.8401217,0.87566626,0.03554456000000006,0.77160245,0.82238024,0.050777789999999934,1.0,1.0,0.0,0.0,0.0,0.0,0.0,0.0,0.0,1,1
1414,0.9477728,0.89402217,-0.05375063000000002,0.9253897,0.9503888,0.024999100000000052,1.0,0.7625,-0.23750000000000004,0.0,0.0,0.0,0.0,0.0,0.0,1,1
1415,0.93071795,1.0,0.06928204999999998,0.90102565,0.99999994,0.09897429000000002,1.0,1.0,0.0,0.0,0.0,0.0,0.0,0.0,0.0,1,1
1416,1.0,1.0,0.0,1.0,1.0,0.0,1.0,1.0,0.0,0.0,0.0,0.0,0.0,0.0,0.0,1,1
1417,0.9196022,0.96250004,0.042897839999999965,0.9387175,0.99999994,0.06128244000000005,0.875,0.875,0.0,0.0,0.0,0.0,0.0,0.0,0.0,1,1
1418,0.92388004,0.8802868,-0.04359323999999998,0.9501857,0.88790965,-0.06227605000000003,0.8625,0.8625,0.0,0.0,0.0,0.0,0.0,0.0,0.0,1,1
1419,0.93161565,0.9487013,0.017085649999999952,0.9023081,0.926716,0.024407900000000038,1.0,1.0,0.0,0.0,0.0,0.0,0.0,0.0,0.0,1,1
1420,0.854891,0.9649782,0.11008720000000005,0.82484436,0.9499688,0.1251244399999999,0.925,1.0,0.07499999999999996,0.0,0.0,0.0,0.0,0.0,0.0,1,1
1421,0.0,0.0,0.0,1.0,1.0,0.0,1.0,1.0,0.0,1.0,1.0,1.0,1.0,0.0,0.0,0,0
1422,1.0,1.0,0.0,1.0,1.0,0.0,1.0,1.0,0.0,0.0,0.0,0.0,0.0,0.0,0.0,1,1
1423,1.0,1.0,0.0,1.0,1.0,0.0,1.0,1.0,0.0,0.0,0.0,0.0,0.0,0.0,0.0,1,1
1424,1.0,1.0,0.0,1.0,1.0,0.0,1.0,1.0,0.0,0.0,0.0,0.0,0.0,0.0,0.0,1,1
1425,0.89589244,0.96625006,0.07035762000000001,0.97984636,1.0,0.020153639999999973,0.7,0.8875,0.1875,0.0,0.0,0.0,0.0,0.0,0.0,1,1
1426,0.95300144,0.95300144,0.0,0.93285924,0.93285924,0.0,1.0,1.0,0.0,0.0,0.0,0.0,0.0,0.0,0.0,1,1
1427,0.9195594,0.9285385,0.008979100000000018,0.88508487,0.8979122,0.012827330000000026,1.0,1.0,0.0,0.0,0.0,0.0,0.0,0.0,0.0,1,1
1428,0.473466,0.5490077,0.07554169999999999,0.24780858,0.35572526,0.10791667999999999,1.0,1.0,0.0,0.0,0.0,0.0,0.0,0.0,0.0,1,1
1429,0.0,0.0,0.0,0.008587202,0.008587202,0.0,0.0,1.0,1.0,0.0,0.0,1.0,1.0,0.0,0.0,0,0
1430,0.72022474,1.0,0.27977525999999997,0.600321,0.99999994,0.39967894000000004,1.0,1.0,0.0,0.0,0.0,0.0,0.0,0.0,0.0,1,1
1431,1.0,0.98125,-0.018750000000000044,1.0,1.0,0.0,1.0,0.9375,-0.0625,0.0,0.0,0.0,0.0,0.0,0.0,1,1
1432,0.9388394,0.92136526,-0.017474140000000027,0.9126276,0.8876647,-0.02496290000000001,1.0,1.0,0.0,0.0,0.0,0.0,0.0,0.0,0.0,1,1
1433,1.0,1.0,0.0,1.0,1.0,0.0,1.0,1.0,0.0,0.0,0.0,0.0,0.0,0.0,0.0,1,1
1434,0.9182934,0.90110743,-0.017185969999999995,0.88327616,0.85872483,-0.024551329999999982,1.0,1.0,0.0,0.0,0.0,0.0,0.0,0.0,0.0,1,1
1435,0.9407822,1.0,0.05921779999999999,0.9475459,1.0,0.05245409999999995,0.925,1.0,0.07499999999999996,0.0,0.0,0.0,0.0,0.0,0.0,1,1
1436,0.9145498,0.8357998,-0.07874999999999999,0.87792826,0.87792826,0.0,1.0,0.7375,-0.26249999999999996,0.0,0.0,0.0,0.0,0.0,0.0,1,1
1437,0.94967645,0.9396864,-0.009990049999999973,0.9763235,0.9138376,-0.06248589999999998,0.8875,1.0,0.11250000000000004,0.0,0.0,0.0,0.0,0.0,0.0,1,1
1438,1.0,1.0,0.0,1.0,1.0,0.0,1.0,1.0,0.0,0.0,0.0,0.0,0.0,0.0,0.0,1,1
1439,0.9562647,0.97375125,0.01748654999999999,0.9375209,0.9625018,0.024980899999999973,1.0,1.0,0.0,0.0,0.0,0.0,0.0,0.0,0.0,1,1
1440,0.86132616,0.8519549,-0.009371259999999992,0.8768945,0.9010068,0.024112299999999975,0.825,0.7375,-0.08749999999999991,0.0,0.0,0.0,0.0,0.0,0.0,1,1
1441,0.9124094,0.9299041,0.017494699999999974,0.8748706,0.899863,0.024992399999999915,1.0,1.0,0.0,0.0,0.0,0.0,0.0,0.0,0.0,1,1
1442,0.9010815,0.9361588,0.03507729999999998,0.91225916,0.9623696,0.05011044000000009,0.875,0.875,0.0,0.0,0.0,0.0,0.0,0.0,0.0,1,1
1443,0.93961173,0.91245174,-0.027159990000000023,0.91373104,0.87493104,-0.03880000000000006,1.0,1.0,0.0,0.0,0.0,0.0,0.0,0.0,0.0,1,1
1444,0.96625006,1.0,0.03374993999999998,1.0,1.0,0.0,0.8875,1.0,0.11250000000000004,0.0,0.0,0.0,0.0,0.0,0.0,1,1
1445,0.95470583,0.9467339,-0.00797192999999996,0.93529403,0.9239055,-0.011388529999999952,1.0,1.0,0.0,0.0,0.0,0.0,0.0,0.0,0.0,1,1
1446,0.85820657,0.88398916,0.02578259000000005,0.79743785,0.8342701,0.03683225000000001,1.0,1.0,0.0,0.0,0.0,0.0,0.0,0.0,0.0,1,1
1447,0.9376238,0.98232996,0.04470615999999994,0.9108911,0.9747571,0.06386600000000009,1.0,1.0,0.0,0.0,0.0,0.0,0.0,0.0,0.0,1,1
1448,0.94502336,0.96250004,0.017476680000000022,0.921462,1.0,0.078538,1.0,0.875,-0.125,0.0,0.0,0.0,0.0,0.0,0.0,1,1
1449,0.889795,0.912295,0.022499999999999964,0.87470716,0.87470716,0.0,0.925,1.0,0.07499999999999996,0.0,0.0,0.0,0.0,0.0,0.0,1,1
1450,0.78394026,0.78570694,0.0017666799999999094,0.7984861,0.82243854,0.023952440000000075,0.75,0.7,-0.050000000000000044,0.0,0.0,0.0,0.0,0.0,0.0,1,1
1451,0.0,0.0,0.0,1.0,1.0,0.0,1.0,1.0,0.0,1.0,1.0,1.0,1.0,0.0,0.0,0,0
1452,0.93878984,0.98969,0.05090015999999997,0.91255695,0.9852715,0.07271454999999993,1.0,1.0,0.0,0.0,0.0,0.0,0.0,0.0,0.0,1,1
1453,0.98125,0.98125,0.0,1.0,1.0,0.0,0.9375,0.9375,0.0,0.0,0.0,0.0,0.0,0.0,0.0,1,1
1454,0.8140298,0.8272707,0.0132409,0.7825426,0.8068153,0.024272700000000036,0.8875,0.875,-0.012499999999999956,0.0,0.0,0.0,0.0,0.0,0.0,1,1
1455,0.92161906,0.9292221,0.007603040000000005,0.8880272,0.8988887,0.010861499999999968,1.0,1.0,0.0,0.0,0.0,0.0,0.0,0.0,0.0,1,1
1456,1.0,1.0,0.0,1.0,1.0,0.0,1.0,1.0,0.0,0.0,0.0,0.0,0.0,0.0,0.0,1,1
1457,0.9738602,1.0,0.026139800000000046,0.96265745,1.0,0.037342549999999974,1.0,1.0,0.0,0.0,0.0,0.0,0.0,0.0,0.0,1,1
1458,0.8444895,0.86416686,0.019677359999999977,0.77784204,0.854167,0.07632496,1.0,0.8875,-0.11250000000000004,0.0,0.0,0.0,0.0,0.0,0.0,1,1
1459,1.0,1.0,0.0,1.0,1.0,0.0,1.0,1.0,0.0,0.0,0.0,0.0,0.0,0.0,0.0,1,1
1460,0.80296725,0.8845316,0.08156434999999995,0.8792389,0.9529023,0.07366339999999993,0.625,0.725,0.09999999999999998,0.0,0.0,0.0,0.0,0.0,0.0,1,1
1461,0.8987511,0.91249907,0.013747969999999943,0.8875015,0.87499857,-0.012502930000000023,0.925,1.0,0.07499999999999996,0.0,0.0,0.0,0.0,0.0,0.0,1,1
1462,0.76516134,0.8540444,0.08888306000000001,0.77701616,0.85042053,0.07340437,0.7375,0.8625,0.125,0.0,0.0,0.0,0.0,0.0,0.0,1,1
1463,1.0,1.0,0.0,1.0,1.0,0.0,1.0,1.0,0.0,0.0,0.0,0.0,0.0,0.0,0.0,1,1
1464,1.0,1.0,0.0,1.0,1.0,0.0,1.0,1.0,0.0,0.0,0.0,0.0,0.0,0.0,0.0,1,1
1465,0.9488937,0.92970055,-0.019193149999999992,0.97520536,0.89957225,-0.07563311000000006,0.8875,1.0,0.11250000000000004,0.0,0.0,0.0,0.0,0.0,0.0,1,1
1466,0.8751038,0.9059189,0.030815099999999984,0.9501482,0.91916984,-0.030978359999999983,0.7,0.875,0.17500000000000004,0.0,0.0,0.0,0.0,0.0,0.0,1,1
1467,1.0,1.0,0.0,0.99999994,0.99999994,0.0,1.0,1.0,0.0,0.0,0.0,0.0,0.0,0.0,0.0,1,1
1468,0.74856293,0.7727112,0.024148270000000083,0.7050898,0.7449445,0.03985470000000002,0.85,0.83750004,-0.012499959999999977,0.0,0.0,0.0,0.0,0.0,0.0,1,1
1469,1.0,1.0,0.0,1.0,1.0,0.0,1.0,1.0,0.0,0.0,0.0,0.0,0.0,0.0,0.0,1,1
1470,0.96935207,1.0,0.03064792999999999,0.9562172,1.0,0.04378280000000001,1.0,1.0,0.0,0.0,0.0,0.0,0.0,0.0,0.0,1,1
1471,1.0,1.0,0.0,1.0,1.0,0.0,1.0,1.0,0.0,0.0,0.0,0.0,0.0,0.0,0.0,1,1
1472,1.0,1.0,0.0,1.0,1.0,0.0,1.0,1.0,0.0,0.0,0.0,0.0,0.0,0.0,0.0,1,1
1473,1.0,1.0,0.0,1.0,1.0,0.0,1.0,1.0,0.0,0.0,0.0,0.0,0.0,0.0,0.0,1,1
1474,1.0,1.0,0.0,1.0,1.0,0.0,1.0,1.0,0.0,0.0,0.0,0.0,0.0,0.0,0.0,1,1
1475,0.96625006,0.97749996,0.011249899999999924,1.0,1.0,0.0,0.8875,0.925,0.03750000000000009,0.0,0.0,0.0,0.0,0.0,0.0,1,1
1476,0.9423906,0.93625003,-0.006140570000000012,0.9498438,1.0,0.050156199999999984,0.925,0.7875,-0.13750000000000007,0.0,0.0,0.0,0.0,0.0,0.0,1,1
1477,1.0,0.8912501,-0.10874989999999995,1.0,1.0,0.0,1.0,0.6375,-0.36250000000000004,0.0,0.0,0.0,0.0,0.0,0.0,1,1
1478,0.9095179,0.89944583,-0.010072069999999989,0.92431116,0.89920825,-0.02510290999999998,0.875,0.90000004,0.02500004,0.0,0.0,0.0,0.0,0.0,0.0,1,1
1479,1.0,1.0,0.0,1.0,1.0,0.0,1.0,1.0,0.0,0.0,0.0,0.0,0.0,0.0,0.0,1,1
1480,0.8684341,0.8853712,0.016937100000000038,0.8120486,0.8362445,0.024195899999999937,1.0,1.0,0.0,0.0,0.0,0.0,0.0,0.0,0.0,1,1
1481,1.0,1.0,0.0,1.0,1.0,0.0,1.0,1.0,0.0,0.0,0.0,0.0,0.0,0.0,0.0,1,1
1482,0.0,0.0,0.0,1.0,1.0,0.0,1.0,1.0,0.0,1.0,1.0,1.0,1.0,0.0,0.0,0,0
1483,0.8900243,0.9212387,0.031214399999999975,0.8750347,0.8874839,0.012449199999999938,0.925,1.0,0.07499999999999996,0.0,0.0,0.0,0.0,0.0,0.0,1,1
1484,0.9793854,1.0,0.02061460000000004,0.9705505,1.0,0.029449500000000017,1.0,1.0,0.0,0.0,0.0,0.0,0.0,0.0,0.0,1,1
1485,0.8848383,0.9132925,0.028454199999999985,0.83548325,0.8761321,0.04064884999999996,1.0,1.0,0.0,0.0,0.0,0.0,0.0,0.0,0.0,1,1
1486,0.8690037,0.90230507,0.03330137,0.8128624,0.89257866,0.07971625999999998,1.0,0.925,-0.07499999999999996,0.0,0.0,0.0,0.0,0.0,0.0,1,1
1487,1.0,1.0,0.0,1.0,1.0,0.0,1.0,1.0,0.0,0.0,0.0,0.0,0.0,0.0,0.0,1,1
1488,0.97749996,0.9888732,0.011373240000000062,1.0,0.9841046,-0.015895400000000004,0.925,1.0,0.07499999999999996,0.0,0.0,0.0,0.0,0.0,0.0,1,1
1489,0.0,0.0,0.0,0.011049724,0.0141720055,0.003122281499999999,1.0,1.0,0.0,1.0,1.0,1.0,1.0,0.0,0.0,0,0
1490,0.813729,0.83989686,0.02616785999999993,0.78747,0.82485265,0.03738264999999996,0.875,0.875,0.0,0.0,0.0,0.0,0.0,0.0,0.0,1,1
1491,0.8990473,0.9247555,0.02570819999999996,0.85578173,0.89250785,0.03672611999999997,1.0,1.0,0.0,0.0,0.0,0.0,0.0,0.0,0.0,1,1
1492,1.0,1.0,0.0,0.99999994,0.99999994,0.0,1.0,1.0,0.0,0.0,0.0,0.0,0.0,0.0,0.0,1,1
1493,0.946451,0.95983136,0.01338035999999998,0.9770729,0.9426162,-0.03445670000000001,0.875,1.0,0.125,0.0,0.0,0.0,0.0,0.0,0.0,1,1
1494,0.0,0.0,0.0,1.0,1.0,0.0,1.0,1.0,0.0,1.0,1.0,1.0,1.0,0.0,0.0,0,0
1495,0.88554764,0.88179773,-0.003749910000000023,0.88471097,0.88471097,0.0,0.8875,0.875,-0.012499999999999956,0.0,0.0,0.0,0.0,0.0,0.0,1,1
1496,1.0,1.0,0.0,1.0,1.0,0.0,1.0,1.0,0.0,0.0,0.0,0.0,0.0,0.0,0.0,1,1
1497,0.9909706,0.9640364,-0.02693420000000002,0.9871009,0.9486234,-0.03847749999999994,1.0,1.0,0.0,0.0,0.0,0.0,0.0,0.0,0.0,1,1
1498,1.0,1.0,0.0,1.0,1.0,0.0,1.0,1.0,0.0,0.0,0.0,0.0,0.0,0.0,0.0,1,1
1499,1.0,1.0,0.0,1.0,1.0,0.0,1.0,1.0,0.0,0.0,0.0,0.0,0.0,0.0,0.0,1,1
1500,0.87264675,0.8501467,-0.022500049999999994,0.8502096,0.8502096,0.0,0.925,0.85,-0.07500000000000007,0.0,0.0,0.0,0.0,0.0,0.0,1,1
1501,0.9110409,0.9558242,0.04478329999999997,0.8729155,0.9368917,0.06397620000000004,1.0,1.0,0.0,0.0,0.0,0.0,0.0,0.0,0.0,1,1
1502,0.8001421,0.83883375,0.03869165000000008,0.8591316,0.8983339,0.03920230000000002,0.6625,0.7,0.03749999999999998,0.0,0.0,0.0,0.0,0.0,0.0,1,1
1503,0.8621358,0.80910033,-0.05303546999999997,0.8030511,0.77550054,-0.02755056,1.0,0.8875,-0.11250000000000004,0.0,0.0,0.0,0.0,0.0,0.0,1,1
1504,0.0,0.86739177,0.86739177,0.21104118,0.81055975,0.5995185700000001,1.0,1.0,0.0,0.0,0.0,1.0,0.0,0.0,0.0,0,1
1505,0.92116976,0.92116976,0.0,0.88738537,0.88738537,0.0,1.0,1.0,0.0,0.0,0.0,0.0,0.0,0.0,0.0,1,1
1506,0.92047995,0.93722695,0.016746999999999956,0.88639987,0.9103242,0.02392433000000005,1.0,1.0,0.0,0.0,0.0,0.0,0.0,0.0,0.0,1,1
1507,0.92184466,0.93052715,0.008682489999999987,0.8883496,0.900753,0.012403400000000064,1.0,1.0,0.0,0.0,0.0,0.0,0.0,0.0,0.0,1,1
1508,1.0,1.0,0.0,1.0,1.0,0.0,1.0,1.0,0.0,0.0,0.0,0.0,0.0,0.0,0.0,1,1
1509,0.8568571,0.92797107,0.07111396999999997,0.7955102,0.89710146,0.10159126000000007,1.0,1.0,0.0,0.0,0.0,0.0,0.0,0.0,0.0,1,1
1510,0.85128117,0.89506525,0.04378408,0.7875446,0.8500931,0.0625485,1.0,1.0,0.0,0.0,0.0,0.0,0.0,0.0,0.0,1,1
1511,0.90079653,0.9097621,0.008965569999999978,0.8582808,0.87108874,0.012807940000000073,1.0,1.0,0.0,0.0,0.0,0.0,0.0,0.0,0.0,1,1
1512,1.0,1.0,0.0,1.0,1.0,0.0,1.0,1.0,0.0,0.0,0.0,0.0,0.0,0.0,0.0,1,1
1513,0.30267534,0.2798998,-0.02277554000000004,0.0038219274,0.008785421,0.0049634936000000004,1.0,0.9125,-0.08750000000000002,0.0,0.0,0.0,0.0,0.0,0.0,1,1
1514,0.9305379,0.9305379,0.0,0.9007684,0.9007684,0.0,1.0,1.0,0.0,0.0,0.0,0.0,0.0,0.0,0.0,1,1
1515,1.0,1.0,0.0,1.0,1.0,0.0,1.0,1.0,0.0,0.0,0.0,0.0,0.0,0.0,0.0,1,1
1516,0.92861885,0.92861885,0.0,0.89802694,0.89802694,0.0,1.0,1.0,0.0,0.0,0.0,0.0,0.0,0.0,0.0,1,1
1517,0.9118151,0.88931507,-0.022500030000000004,0.8740215,0.8740215,0.0,1.0,0.925,-0.07499999999999996,0.0,0.0,0.0,0.0,0.0,0.0,1,1
1518,0.8503149,0.8416506,-0.008664299999999958,0.81830704,0.8702152,0.05190815999999998,0.925,0.77500004,-0.14999996000000004,0.0,0.0,0.0,0.0,0.0,0.0,1,1
1519,1.0,1.0,0.0,1.0,1.0,0.0,1.0,1.0,0.0,0.0,0.0,0.0,0.0,0.0,0.0,1,1
1520,0.94303304,0.94850266,0.005469620000000064,0.9186186,0.9585752,0.03995660000000001,1.0,0.925,-0.07499999999999996,0.0,0.0,0.0,0.0,0.0,0.0,1,1
1521,0.86013347,0.90008396,0.03995049000000006,0.8001906,0.85726273,0.05707213,1.0,1.0,0.0,0.0,0.0,0.0,0.0,0.0,0.0,1,1
1522,0.96391976,1.0,0.036080239999999986,0.94845676,1.0,0.05154323999999999,1.0,1.0,0.0,0.0,0.0,0.0,0.0,0.0,0.0,1,1
1523,1.0,1.0,0.0,1.0,1.0,0.0,1.0,1.0,0.0,0.0,0.0,0.0,0.0,0.0,0.0,1,1
1524,0.97375005,0.91375,-0.06000005000000008,1.0,1.0,0.0,0.9125,0.71250004,-0.19999995999999998,0.0,0.0,0.0,0.0,0.0,0.0,1,1
1525,0.95011514,0.9224459,-0.02766923999999993,0.9876644,0.8892083,-0.09845610000000005,0.8625,1.0,0.13749999999999996,0.0,0.0,0.0,0.0,0.0,0.0,1,1
1526,1.0,1.0,0.0,1.0,1.0,0.0,1.0,1.0,0.0,0.0,0.0,0.0,0.0,0.0,0.0,1,1
1527,0.9221345,0.9192652,-0.0028692999999999635,0.88876355,0.93823594,0.04947239000000003,1.0,0.875,-0.125,0.0,0.0,0.0,0.0,0.0,0.0,1,1
1528,0.92125,0.8725616,-0.048688399999999965,1.0,0.91437364,-0.08562636000000001,0.7375,0.77500004,0.03750003999999996,0.0,0.0,0.0,0.0,0.0,0.0,1,1
1529,0.9197203,0.96962184,0.04990153999999991,0.8853147,0.9566027,0.07128800000000002,1.0,1.0,0.0,0.0,0.0,0.0,0.0,0.0,0.0,1,1
1530,1.0,0.97749996,-0.022500040000000054,1.0,1.0,0.0,1.0,0.925,-0.07499999999999996,0.0,0.0,0.0,0.0,0.0,0.0,1,1
1531,1.0,1.0,0.0,1.0,1.0,0.0,1.0,1.0,0.0,0.0,0.0,0.0,0.0,0.0,0.0,1,1
1532,0.97413635,0.96625006,-0.007886289999999962,0.9630519,1.0,0.03694810000000004,1.0,0.8875,-0.11250000000000004,0.0,0.0,0.0,0.0,0.0,0.0,1,1
1533,1.0,1.0,0.0,1.0,1.0,0.0,1.0,1.0,0.0,0.0,0.0,0.0,0.0,0.0,0.0,1,1
1534,0.87147063,0.8801474,0.00867677,0.864601,0.8769962,0.01239520000000005,0.8875,0.8875,0.0,0.0,0.0,0.0,0.0,0.0,0.0,1,1
1535,1.0,1.0,0.0,1.0,1.0,0.0,1.0,1.0,0.0,0.0,0.0,0.0,0.0,0.0,0.0,1,1
1536,1.0,1.0,0.0,1.0,1.0,0.0,1.0,1.0,0.0,0.0,0.0,0.0,0.0,0.0,0.0,1,1
1537,0.9303991,0.89919454,-0.031204560000000048,0.9005703,0.888135,-0.012435300000000038,1.0,0.925,-0.07499999999999996,0.0,0.0,0.0,0.0,0.0,0.0,1,1
1538,0.89101714,0.927345,0.03632785999999999,0.8443103,0.89620715,0.051896849999999994,1.0,1.0,0.0,0.0,0.0,0.0,0.0,0.0,0.0,1,1
1539,0.9685915,0.96625006,-0.002341440000000028,0.98727363,1.0,0.012726369999999987,0.925,0.8875,-0.03750000000000009,0.0,0.0,0.0,0.0,0.0,0.0,1,1
1540,0.96703607,1.0,0.032963929999999975,0.9529086,1.0,0.047091400000000005,1.0,1.0,0.0,0.0,0.0,0.0,0.0,0.0,0.0,1,1
1541,0.921724,0.921724,0.0,0.8881772,0.8881772,0.0,1.0,1.0,0.0,0.0,0.0,0.0,0.0,0.0,0.0,1,1
1542,0.92998713,0.96884185,0.03885472000000001,0.89998156,0.9554883,0.05550674,1.0,1.0,0.0,0.0,0.0,0.0,0.0,0.0,0.0,1,1
1543,0.9714239,0.9104999,-0.06092399999999998,0.9591771,0.9203569,-0.03882019999999997,1.0,0.8875,-0.11250000000000004,0.0,0.0,0.0,0.0,0.0,0.0,1,1
1544,1.0,0.96624994,-0.033750060000000026,0.99999994,0.99999994,0.0,1.0,0.8875,-0.11250000000000004,0.0,0.0,0.0,0.0,0.0,0.0,1,1
1545,1.0,1.0,0.0,1.0,1.0,0.0,1.0,1.0,0.0,0.0,0.0,0.0,0.0,0.0,0.0,1,1
1546,0.8978338,0.94514513,0.047311329999999985,0.8540483,0.9216359,0.06758759999999997,1.0,1.0,0.0,0.0,0.0,0.0,0.0,0.0,0.0,1,1
1547,0.9125309,0.9558635,0.04333259999999994,0.87504417,0.9369478,0.06190362999999999,1.0,1.0,0.0,0.0,0.0,0.0,0.0,0.0,0.0,1,1
1548,0.8090431,0.791633,-0.017410099999999984,0.72720444,0.7398328,0.012628360000000005,1.0,0.9125,-0.08750000000000002,0.0,0.0,0.0,0.0,0.0,0.0,1,1
1549,0.9124741,0.9212441,0.008770000000000056,0.87496287,0.8874916,0.012528730000000099,1.0,1.0,0.0,0.0,0.0,0.0,0.0,0.0,0.0,1,1
1550,0.9998533,0.97749996,-0.02235334,0.99979043,1.0,0.00020956999999999226,1.0,0.925,-0.07499999999999996,0.0,0.0,0.0,0.0,0.0,0.0,1,1
1551,1.0,1.0,0.0,1.0,1.0,0.0,1.0,1.0,0.0,0.0,0.0,0.0,0.0,0.0,0.0,1,1
1552,1.0,1.0,0.0,1.0,1.0,0.0,1.0,1.0,0.0,0.0,0.0,0.0,0.0,0.0,0.0,1,1
1553,0.95500004,0.95500004,0.0,1.0,1.0,0.0,0.85,0.85,0.0,0.0,0.0,0.0,0.0,0.0,0.0,1,1
1554,1.0,1.0,0.0,1.0,1.0,0.0,1.0,1.0,0.0,0.0,0.0,0.0,0.0,0.0,0.0,1,1
1555,0.85878795,0.87681484,0.018026890000000018,0.7982684,0.82402116,0.02575276000000004,1.0,1.0,0.0,0.0,0.0,0.0,0.0,0.0,0.0,1,1
1556,0.8633377,0.910765,0.04742730000000006,0.8369109,0.8725214,0.03561049999999999,0.925,1.0,0.07499999999999996,0.0,0.0,0.0,0.0,0.0,0.0,1,1
1557,0.91092646,0.9326529,0.021726440000000014,0.8727521,0.9037897,0.0310376,1.0,1.0,0.0,0.0,0.0,0.0,0.0,0.0,0.0,1,1
1558,0.97375005,0.97749996,0.003749909999999912,1.0,1.0,0.0,0.9125,0.925,0.012500000000000067,0.0,0.0,0.0,0.0,0.0,0.0,1,1
1559,0.89470786,0.92086613,0.026158269999999928,0.8495827,0.88695157,0.03736887,1.0,1.0,0.0,0.0,0.0,0.0,0.0,0.0,0.0,1,1
1560,0.95448315,0.9308481,-0.02363504999999999,0.9831902,0.9333545,-0.04983570000000004,0.8875,0.925,0.03750000000000009,0.0,0.0,0.0,0.0,0.0,0.0,1,1
1561,0.943133,0.9561249,0.012991900000000056,0.9723329,0.99089265,0.018559749999999986,0.875,0.875,0.0,0.0,0.0,0.0,0.0,0.0,0.0,1,1
1562,0.93633956,0.93633956,0.0,0.962628,0.962628,0.0,0.875,0.875,0.0,0.0,0.0,0.0,0.0,0.0,0.0,1,1
1563,1.0,1.0,0.0,0.99999994,0.99999994,0.0,1.0,1.0,0.0,0.0,0.0,0.0,0.0,0.0,0.0,1,1
1564,0.9625614,0.9625614,0.0,0.94651634,0.94651634,0.0,1.0,1.0,0.0,0.0,0.0,0.0,0.0,0.0,0.0,1,1
1565,1.0,1.0,0.0,1.0,1.0,0.0,1.0,1.0,0.0,0.0,0.0,0.0,0.0,0.0,0.0,1,1
1566,0.9513608,0.97749996,0.02613915999999994,0.9305154,1.0,0.06948460000000001,1.0,0.925,-0.07499999999999996,0.0,0.0,0.0,0.0,0.0,0.0,1,1
1567,0.92875004,0.96507543,0.0363253899999999,1.0,0.98760766,-0.012392340000000002,0.7625,0.9125,0.15000000000000002,0.0,0.0,0.0,0.0,0.0,0.0,1,1
1568,1.0,1.0,0.0,0.99999994,0.99999994,0.0,1.0,1.0,0.0,0.0,0.0,0.0,0.0,0.0,0.0,1,1
1569,0.93051416,0.9218168,-0.008697359999999987,0.9007344,0.88830984,-0.012424560000000029,1.0,1.0,0.0,0.0,0.0,0.0,0.0,0.0,0.0,1,1
1570,0.96625006,0.96625006,0.0,1.0000001,1.0000001,0.0,0.8875,0.8875,0.0,0.0,0.0,0.0,0.0,0.0,0.0,1,1
1571,1.0,1.0,0.0,1.0,1.0,0.0,1.0,1.0,0.0,0.0,0.0,0.0,0.0,0.0,0.0,1,1
1572,0.89489096,0.88115466,-0.013736300000000035,0.84984416,0.8623638,0.012519640000000054,1.0,0.925,-0.07499999999999996,0.0,0.0,0.0,0.0,0.0,0.0,1,1
1573,0.8376856,0.8364138,-0.0012718000000000451,0.80026513,0.825234,0.024968870000000032,0.925,0.8625,-0.0625,0.0,0.0,0.0,0.0,0.0,0.0,1,1
1574,0.9209179,0.94761294,0.026695040000000003,0.88702565,0.95730424,0.07027859000000003,1.0,0.925,-0.07499999999999996,0.0,0.0,0.0,0.0,0.0,0.0,1,1
1575,0.9942469,0.9833526,-0.010894300000000023,0.9917813,0.976218,-0.015563299999999947,1.0,1.0,0.0,0.0,0.0,0.0,0.0,0.0,0.0,1,1
1576,1.0,0.9378101,-0.06218990000000002,1.0,0.91115737,-0.08884263000000003,1.0,1.0,0.0,0.0,0.0,0.0,0.0,0.0,0.0,1,1
1577,1.0,1.0,0.0,1.0,1.0,0.0,1.0,1.0,0.0,0.0,0.0,0.0,0.0,0.0,0.0,1,1
1578,1.0,1.0,0.0,1.0,1.0,0.0,1.0,1.0,0.0,0.0,0.0,0.0,0.0,0.0,0.0,1,1
1579,0.96625006,1.0,0.03374993999999998,1.0,1.0,0.0,0.8875,1.0,0.11250000000000004,0.0,0.0,0.0,0.0,0.0,0.0,1,1
1580,0.9850001,0.9850001,0.0,1.0,1.0,0.0,0.95,0.95,0.0,0.0,0.0,0.0,0.0,0.0,0.0,1,1
1581,0.9211487,0.9211487,0.0,0.8873553,0.8873553,0.0,1.0,1.0,0.0,0.0,0.0,0.0,0.0,0.0,0.0,1,1
1582,0.9953395,0.9951212,-0.0002183000000000046,0.9933421,0.99303037,-0.00031172999999995454,1.0,1.0,0.0,0.0,0.0,0.0,0.0,0.0,0.0,1,1
1583,0.9992773,0.9992773,0.0,0.9989675,0.9989675,0.0,1.0,1.0,0.0,0.0,0.0,0.0,0.0,0.0,0.0,1,1
1584,0.0,0.0,0.0,1.0,0.62354285,-0.37645715,0.8928572,0.7857143,-0.10714290000000004,1.0,1.0,1.0,1.0,0.0,0.0,0,0
1585,1.0,1.0,0.0,1.0,1.0,0.0,1.0,1.0,0.0,0.0,0.0,0.0,0.0,0.0,0.0,1,1
1586,0.90040416,0.9085724,0.008168239999999938,0.8577202,0.86938906,0.011668860000000003,1.0,1.0,0.0,0.0,0.0,0.0,0.0,0.0,0.0,1,1
1587,1.0,1.0,0.0,1.0,1.0,0.0,1.0,1.0,0.0,0.0,0.0,0.0,0.0,0.0,0.0,1,1
1588,0.8637934,0.84862405,-0.015169350000000081,0.83756196,0.86410576,0.026543799999999895,0.925,0.8125,-0.11250000000000004,0.0,0.0,0.0,0.0,0.0,0.0,1,1
1589,0.96624994,0.947776,-0.018473940000000022,0.99999994,0.97360855,-0.026391390000000015,0.8875,0.8875,0.0,0.0,0.0,0.0,0.0,0.0,0.0,1,1
1590,0.7536131,0.0,-0.7536131,0.79801863,0.5641394,-0.23387923,0.65000004,0.64705884,-0.002941199999999977,0.0,0.0,0.0,0.0,0.0,1.0,1,0
1591,1.0,1.0,0.0,1.0,1.0,0.0,1.0,1.0,0.0,0.0,0.0,0.0,0.0,0.0,0.0,1,1
1592,1.0,1.0,0.0,1.0,1.0,0.0,1.0,1.0,0.0,0.0,0.0,0.0,0.0,0.0,0.0,1,1
1593,0.88201904,0.90689737,0.02487833000000006,0.87431294,0.899139,0.024826059999999983,0.90000004,0.925,0.024999960000000043,0.0,0.0,0.0,0.0,0.0,0.0,1,1
1594,0.9405705,0.9265844,-0.013986100000000001,0.91510063,0.9272635,0.012162870000000048,1.0,0.925,-0.07499999999999996,0.0,0.0,0.0,0.0,0.0,0.0,1,1
1595,0.95500004,0.95125,-0.00375004000000001,1.0,1.0,0.0,0.85,0.83750004,-0.012499959999999977,0.0,0.0,0.0,0.0,0.0,0.0,1,1
1596,0.89494437,0.94747967,0.05253529999999995,0.84992045,0.9249708,0.07505034999999993,1.0,1.0,0.0,0.0,0.0,0.0,0.0,0.0,0.0,1,1
1597,0.36891314,0.0,-0.36891314,0.3984473,0.13698915,-0.26145815,0.3,0.0,-0.3,0.0,0.0,0.0,0.0,0.0,1.0,1,0
1598,0.91278726,0.9302022,0.01741493999999999,0.8754103,0.9002889,0.024878599999999973,1.0,1.0,0.0,0.0,0.0,0.0,0.0,0.0,0.0,1,1
1599,0.90013236,0.93894213,0.03880977000000008,0.90018904,0.91277456,0.012585520000000017,0.90000004,1.0,0.09999996,0.0,0.0,0.0,0.0,0.0,0.0,1,1
1600,0.92130005,0.92130005,0.0,0.88757145,0.88757145,0.0,1.0,1.0,0.0,0.0,0.0,0.0,0.0,0.0,0.0,1,1
1601,1.0,1.0,0.0,1.0,1.0,0.0,1.0,1.0,0.0,0.0,0.0,0.0,0.0,0.0,0.0,1,1
1602,0.96517295,0.9139744,-0.051198550000000065,0.95024717,0.9253206,-0.02492656999999998,1.0,0.8875,-0.11250000000000004,0.0,0.0,0.0,0.0,0.0,0.0,1,1
1603,1.0,1.0,0.0,1.0,1.0,0.0,1.0,1.0,0.0,0.0,0.0,0.0,0.0,0.0,0.0,1,1
1604,1.0,1.0,0.0,1.0,1.0,0.0,1.0,1.0,0.0,0.0,0.0,0.0,0.0,0.0,0.0,1,1
1605,0.92265075,0.9312796,0.008628850000000021,0.8895011,0.901828,0.012326899999999918,1.0,1.0,0.0,0.0,0.0,0.0,0.0,0.0,0.0,1,1
1606,0.8320347,0.86747724,0.03544254000000002,0.7600496,0.81068176,0.05063216000000004,1.0,1.0,0.0,0.0,0.0,0.0,0.0,0.0,0.0,1,1
1607,0.92950934,0.94855183,0.019042490000000023,0.89929914,0.97471696,0.07541781999999997,1.0,0.8875,-0.11250000000000004,0.0,0.0,0.0,0.0,0.0,0.0,1,1
1608,0.890156,0.8988928,0.0087368000000001,0.8752228,0.8877039,0.012481100000000023,0.925,0.925,0.0,0.0,0.0,0.0,0.0,0.0,0.0,1,1
1609,0.98945373,1.0,0.010546269999999969,0.9849339,1.0,0.015066099999999971,1.0,1.0,0.0,0.0,0.0,0.0,0.0,0.0,0.0,1,1
1610,0.9093978,0.0,-0.9093978,0.9241397,0.93678313,0.012643430000000011,0.875,0.9130435,0.03804350000000001,0.0,1.0,0.0,1.0,0.0,0.0,1,0
1611,1.0,1.0,0.0,1.0,1.0,0.0,1.0,1.0,0.0,0.0,0.0,0.0,0.0,0.0,0.0,1,1
1612,0.911441,0.9134432,0.002002200000000065,0.92705864,0.9513475,0.024288859999999968,0.875,0.825,-0.050000000000000044,0.0,0.0,0.0,0.0,0.0,0.0,1,1
1613,0.9117581,0.9205298,0.008771699999999938,0.87394017,0.88647103,0.012530860000000033,1.0,1.0,0.0,0.0,0.0,0.0,0.0,0.0,0.0,1,1
1614,1.0,1.0,0.0,1.0,1.0,0.0,1.0,1.0,0.0,0.0,0.0,0.0,0.0,0.0,0.0,1,1
1615,1.0,1.0,0.0,1.0,1.0,0.0,1.0,1.0,0.0,0.0,0.0,0.0,0.0,0.0,0.0,1,1
1616,1.0,1.0,0.0,1.0,1.0,0.0,1.0,1.0,0.0,0.0,0.0,0.0,0.0,0.0,0.0,1,1
1617,0.9111542,0.96632785,0.05517364999999996,0.87307733,0.9518969,0.07881957000000006,1.0,1.0,0.0,0.0,0.0,0.0,0.0,0.0,0.0,1,1
1618,1.0,0.9362499,-0.06375010000000003,0.99999994,0.99999994,0.0,1.0,0.7875,-0.21250000000000002,0.0,0.0,0.0,0.0,0.0,0.0,1,1
1619,0.99894905,0.90144914,-0.09749991000000002,0.99849874,0.99849874,0.0,1.0,0.675,-0.32499999999999996,0.0,0.0,0.0,0.0,0.0,0.0,1,1
1620,0.9387127,0.84032726,-0.09838543999999994,0.91244674,0.8736818,-0.03876494000000008,1.0,0.7625,-0.23750000000000004,0.0,0.0,0.0,0.0,0.0,0.0,1,1
1621,0.86172676,0.88413125,0.02240449,0.8506811,0.8880446,0.037363499999999994,0.8875,0.875,-0.012499999999999956,0.0,0.0,0.0,0.0,0.0,0.0,1,1
1622,1.0,1.0,0.0,1.0,1.0,0.0,1.0,1.0,0.0,0.0,0.0,0.0,0.0,0.0,0.0,1,1
1623,0.0,0.0,0.0,1.0,1.0,0.0,1.0,1.0,0.0,1.0,1.0,1.0,1.0,0.0,0.0,0,0
1624,0.886294,0.93002886,0.04373485999999993,0.8375629,0.90004116,0.06247826000000001,1.0,1.0,0.0,0.0,0.0,0.0,0.0,0.0,0.0,1,1
1625,0.8079218,0.8887783,0.0808565,0.8381025,0.9375404,0.09943790000000008,0.7375,0.77500004,0.03750003999999996,0.0,0.0,0.0,0.0,0.0,0.0,1,1
1626,0.91045636,0.885927,-0.024529359999999945,0.87208056,0.8370385,-0.035042059999999986,1.0,1.0,0.0,0.0,0.0,0.0,0.0,0.0,0.0,1,1
1627,0.80692405,0.97749996,0.17057590999999994,0.7241772,1.0,0.27582280000000003,1.0,0.925,-0.07499999999999996,0.0,0.0,0.0,0.0,0.0,0.0,1,1
1628,0.867214,0.890037,0.022822999999999927,0.8103057,0.84291,0.03260430000000003,1.0,1.0,0.0,0.0,0.0,0.0,0.0,0.0,0.0,1,1
1629,0.91563624,0.96625006,0.05061382000000003,0.92769474,1.0,0.07230526000000004,0.8875,0.8875,0.0,0.0,0.0,0.0,0.0,0.0,0.0,1,1
1630,0.0,0.0,0.0,1.0,1.0,0.0,1.0,1.0,0.0,1.0,1.0,1.0,1.0,0.0,0.0,0,0
1631,1.0,1.0,0.0,1.0,1.0,0.0,1.0,1.0,0.0,0.0,0.0,0.0,0.0,0.0,0.0,1,1
1632,1.0,1.0,0.0,1.0,1.0,0.0,1.0,1.0,0.0,0.0,0.0,0.0,0.0,0.0,0.0,1,1
1633,0.97749996,0.95767653,-0.019823429999999975,1.0,0.9877521,-0.012247899999999978,0.925,0.8875,-0.03750000000000009,0.0,0.0,0.0,0.0,0.0,0.0,1,1
1634,0.9011552,0.8920967,-0.00905850000000008,0.85879314,0.8458525,-0.012940639999999948,1.0,1.0,0.0,0.0,0.0,0.0,0.0,0.0,0.0,1,1
1635,1.0,0.7287244,-0.27127559999999995,1.0,0.6124634,-0.3875366,1.0,1.0,0.0,0.0,0.0,0.0,0.0,0.0,0.0,1,1
1636,1.0,1.0,0.0,1.0,1.0,0.0,1.0,1.0,0.0,0.0,0.0,0.0,0.0,0.0,0.0,1,1
1637,0.9477682,0.94504786,-0.0027203399999999878,0.9253832,0.97506833,0.04968513000000008,1.0,0.875,-0.125,0.0,0.0,0.0,0.0,0.0,0.0,1,1
1638,0.91871005,0.85240763,-0.06630241999999997,0.9374429,0.87486815,-0.06257475000000001,0.875,0.8,-0.07499999999999996,0.0,0.0,0.0,0.0,0.0,0.0,1,1
1639,0.9463057,0.85332966,-0.09297604000000004,0.96079385,0.86011374,-0.10068010999999999,0.9125,0.83750004,-0.07499995999999998,0.0,0.0,0.0,0.0,0.0,0.0,1,1
1640,1.0,1.0,0.0,1.0,1.0,0.0,1.0,1.0,0.0,0.0,0.0,0.0,0.0,0.0,0.0,1,1
1641,0.97749996,1.0,0.022500040000000054,1.0,1.0,0.0,0.925,1.0,0.07499999999999996,0.0,0.0,0.0,0.0,0.0,0.0,1,1
1642,0.82620776,0.8487199,0.022512140000000014,0.7999396,0.83745694,0.037517340000000066,0.8875,0.875,-0.012499999999999956,0.0,0.0,0.0,0.0,0.0,0.0,1,1
1643,0.8909445,0.8646944,-0.026250100000000054,0.84420633,0.84420633,0.0,1.0,0.9125,-0.08750000000000002,0.0,0.0,0.0,0.0,0.0,0.0,1,1
1644,0.7820785,0.7513362,-0.0307423,0.80654067,0.7679803,-0.03856037000000001,0.725,0.71250004,-0.012499959999999977,0.0,0.0,0.0,0.0,0.0,0.0,1,1
1645,0.91103554,0.91984767,0.008812130000000029,0.87290794,0.88549674,0.012588799999999956,1.0,1.0,0.0,0.0,0.0,0.0,0.0,0.0,0.0,1,1
1646,0.9054152,0.95693475,0.05151954999999997,0.86487883,0.9384783,0.07359947,1.0,1.0,0.0,0.0,0.0,0.0,0.0,0.0,0.0,1,1
1647,0.8485985,0.8448637,-0.003734800000000038,0.783712,0.8105196,0.026807600000000043,1.0,0.925,-0.07499999999999996,0.0,0.0,0.0,0.0,0.0,0.0,1,1
1648,0.9154095,0.93224317,0.016833670000000023,0.8791563,0.90320444,0.024048139999999996,1.0,1.0,0.0,0.0,0.0,0.0,0.0,0.0,0.0,1,1
1649,0.9558143,0.9210124,-0.03480190000000005,0.9368775,0.9621606,0.025283100000000003,1.0,0.825,-0.17500000000000004,0.0,0.0,0.0,0.0,0.0,0.0,1,1
1650,0.83120996,0.83131886,0.00010889999999996736,0.8177998,0.8554555,0.03765570000000007,0.8625,0.77500004,-0.08749996000000004,0.0,0.0,0.0,0.0,0.0,0.0,1,1
1651,1.0,1.0,0.0,1.0,1.0,0.0,1.0,1.0,0.0,0.0,0.0,0.0,0.0,0.0,0.0,1,1
1652,0.9196497,0.9394085,0.019758799999999965,0.8852138,0.961655,0.07644119999999999,1.0,0.8875,-0.11250000000000004,0.0,0.0,0.0,0.0,0.0,0.0,1,1
1653,0.9373207,0.90587324,-0.03144745999999998,0.91045815,0.897676,-0.012782149999999937,1.0,0.925,-0.07499999999999996,0.0,0.0,0.0,0.0,0.0,0.0,1,1
1654,1.0,1.0,0.0,1.0,1.0,0.0,1.0,1.0,0.0,0.0,0.0,0.0,0.0,0.0,0.0,1,1
1655,0.84204453,0.86242837,0.020383840000000042,0.77434933,0.8034691,0.0291197700000001,1.0,1.0,0.0,0.0,0.0,0.0,0.0,0.0,0.0,1,1
1656,0.8723408,0.9373997,0.06505889999999992,0.87120116,0.9427138,0.07151264000000002,0.875,0.925,0.050000000000000044,0.0,0.0,0.0,0.0,0.0,0.0,1,1
1657,0.9912263,1.0,0.008773699999999995,0.98746616,0.99999994,0.01253378000000005,1.0,1.0,0.0,0.0,0.0,0.0,0.0,0.0,0.0,1,1
1658,1.0,1.0,0.0,1.0,1.0,0.0,1.0,1.0,0.0,0.0,0.0,0.0,0.0,0.0,0.0,1,1
1659,0.8121948,0.8121948,0.0,0.7799212,0.7799212,0.0,0.8875,0.8875,0.0,0.0,0.0,0.0,0.0,0.0,0.0,1,1
1660,1.0,1.0,0.0,1.0,1.0,0.0,1.0,1.0,0.0,0.0,0.0,0.0,0.0,0.0,0.0,1,1
1661,1.0,1.0,0.0,1.0,1.0,0.0,1.0,1.0,0.0,0.0,0.0,0.0,0.0,0.0,0.0,1,1
1662,0.96250004,0.93686694,-0.025633099999999964,1.0,0.9473099,-0.05269009999999996,0.875,0.9125,0.03749999999999998,0.0,0.0,0.0,0.0,0.0,0.0,1,1
1663,0.37969157,0.28303072,-0.09666084999999996,0.16205935,0.023972467,-0.138086883,0.8875,0.8875,0.0,0.0,0.0,0.0,0.0,0.0,0.0,1,1
1664,0.92125934,0.91250545,-0.008753889999999931,0.88751334,0.87500775,-0.012505590000000066,1.0,1.0,0.0,0.0,0.0,0.0,0.0,0.0,0.0,1,1
1665,0.95125,0.9030876,-0.04816240000000005,1.0,0.9151252,-0.08487480000000003,0.83750004,0.875,0.03749996,0.0,0.0,0.0,0.0,0.0,0.0,1,1
1666,1.0,0.0,-1.0,1.0,0.61285865,-0.38714135000000005,1.0,1.0,0.0,0.0,1.0,0.0,1.0,0.0,0.0,1,0
1667,1.0,1.0,0.0,1.0,1.0,0.0,1.0,1.0,0.0,0.0,0.0,0.0,0.0,0.0,0.0,1,1
1668,0.9386406,0.9299056,-0.008735000000000048,0.91234374,0.89986515,-0.012478589999999956,1.0,1.0,0.0,0.0,0.0,0.0,0.0,0.0,0.0,1,1
1669,0.9389124,0.96625006,0.02733766000000004,0.950232,1.0,0.049768000000000034,0.9125,0.8875,-0.025000000000000022,0.0,0.0,0.0,0.0,0.0,0.0,1,1
1670,1.0,1.0,0.0,1.0,1.0,0.0,1.0,1.0,0.0,0.0,0.0,0.0,0.0,0.0,0.0,1,1
1671,1.0,1.0,0.0,1.0,1.0,0.0,1.0,1.0,0.0,0.0,0.0,0.0,0.0,0.0,0.0,1,1
1672,0.8929173,0.88663197,-0.006285329999999978,0.8952389,0.9344742,0.039235300000000084,0.8875,0.77500004,-0.11249995999999995,0.0,0.0,0.0,0.0,0.0,0.0,1,1
1673,0.8807253,0.8478901,-0.032835200000000064,0.8617503,0.8737715,0.012021200000000065,0.925,0.7875,-0.13750000000000007,0.0,0.0,0.0,0.0,0.0,0.0,1,1
1674,0.918055,0.9246897,0.006634699999999993,0.9311499,0.9513424,0.020192500000000058,0.8875,0.8625,-0.02499999999999991,0.0,0.0,0.0,0.0,0.0,0.0,1,1
1675,1.0,1.0,0.0,1.0,1.0,0.0,1.0,1.0,0.0,0.0,0.0,0.0,0.0,0.0,0.0,1,1
1676,0.9613566,1.0,0.038643399999999994,0.94479513,1.0,0.05520486999999996,1.0,1.0,0.0,0.0,0.0,0.0,0.0,0.0,0.0,1,1
1677,0.948651,0.93495905,-0.013691950000000008,0.97485864,0.9874415,0.012582859999999974,0.8875,0.8125,-0.07499999999999996,0.0,0.0,0.0,0.0,0.0,0.0,1,1
1678,0.8873467,0.9123297,0.024982999999999977,0.88728094,0.87475675,-0.012524190000000046,0.8875,1.0,0.11250000000000004,0.0,0.0,0.0,0.0,0.0,0.0,1,1
1679,0.8181721,0.72028977,-0.0978823299999999,0.8473886,0.79327106,-0.05411754000000002,0.75,0.55,-0.19999999999999996,0.0,0.0,0.0,0.0,0.0,0.0,1,1
1680,0.98163015,1.0,0.01836985000000002,0.9737574,1.0,0.026242600000000005,1.0,1.0,0.0,0.0,0.0,0.0,0.0,0.0,0.0,1,1
1681,1.0,1.0,0.0,1.0,1.0,0.0,1.0,1.0,0.0,0.0,0.0,0.0,0.0,0.0,0.0,1,1
1682,0.0,0.0,0.0,1.0,1.0,0.0,1.0,1.0,0.0,1.0,1.0,1.0,1.0,0.0,0.0,0,0
1683,0.96250004,0.97375005,0.011250010000000032,1.0,1.0,0.0,0.875,0.9125,0.03749999999999998,0.0,0.0,0.0,0.0,0.0,0.0,1,1
1684,0.9212603,0.9361647,0.014904399999999929,0.9464432,0.9730924,0.02664919999999993,0.8625,0.85,-0.012500000000000067,0.0,0.0,0.0,0.0,0.0,0.0,1,1
1685,0.92125,0.0,-0.92125,1.0,0.26507458,-0.7349254199999999,0.7375,0.7619048,0.024404800000000004,0.0,1.0,0.0,1.0,0.0,0.0,1,0
1686,0.9304876,0.9304876,0.0,0.90069646,0.90069646,0.0,1.0,1.0,0.0,0.0,0.0,0.0,0.0,0.0,0.0,1,1
1687,0.9708856,0.97749996,0.00661435999999993,0.95840794,1.0,0.04159206000000004,1.0,0.925,-0.07499999999999996,0.0,0.0,0.0,0.0,0.0,0.0,1,1
1688,1.0,1.0,0.0,1.0,1.0,0.0,1.0,1.0,0.0,0.0,0.0,0.0,0.0,0.0,0.0,1,1
1689,0.9375221,0.9553521,0.017830000000000013,0.91074586,0.9362173,0.025471440000000012,1.0,1.0,0.0,0.0,0.0,0.0,0.0,0.0,0.0,1,1
1690,1.0,1.0,0.0,1.0,1.0,0.0,1.0,1.0,0.0,0.0,0.0,0.0,0.0,0.0,0.0,1,1
1691,0.96625006,0.99131316,0.025063100000000005,1.0,0.9875903,-0.012409699999999968,0.8875,1.0,0.11250000000000004,0.0,0.0,0.0,0.0,0.0,0.0,1,1
1692,0.87357724,0.9329279,0.05935066,0.819396,0.9363256,0.11692959999999997,1.0,0.925,-0.07499999999999996,0.0,0.0,0.0,0.0,0.0,0.0,1,1
1693,0.0,0.0,0.0,1.0,1.0,0.0,1.0,1.0,0.0,0.0,0.0,1.0,1.0,0.0,0.0,0,0
1694,1.0,1.0,0.0,1.0,1.0,0.0,1.0,1.0,0.0,0.0,0.0,0.0,0.0,0.0,0.0,1,1
1695,0.9136648,0.9362074,0.022542599999999968,0.92487824,0.9624391,0.03756086000000003,0.8875,0.875,-0.012499999999999956,0.0,0.0,0.0,0.0,0.0,0.0,1,1
1696,0.898903,0.9126771,0.013774100000000011,0.88771856,0.87525296,-0.012465600000000077,0.925,1.0,0.07499999999999996,0.0,0.0,0.0,0.0,0.0,0.0,1,1
1697,0.96625006,1.0,0.03374993999999998,1.0,1.0,0.0,0.8875,1.0,0.11250000000000004,0.0,0.0,0.0,0.0,0.0,0.0,1,1
1698,1.0,1.0,0.0,1.0,1.0,0.0,1.0,1.0,0.0,0.0,0.0,0.0,0.0,0.0,0.0,1,1
1699,0.8334343,0.9389064,0.10547210000000007,0.7620491,0.9127234,0.15067429999999993,1.0,1.0,0.0,0.0,0.0,0.0,0.0,0.0,0.0,1,1
1700,1.0,1.0,0.0,1.0,1.0,0.0,1.0,1.0,0.0,0.0,0.0,0.0,0.0,0.0,0.0,1,1
1701,0.92200756,0.92200756,0.0,0.88858217,0.88858217,0.0,1.0,1.0,0.0,0.0,0.0,0.0,0.0,0.0,0.0,1,1
1702,0.89874995,0.895,-0.003749950000000002,0.99999994,0.99999994,0.0,0.6625,0.65000004,-0.012499959999999977,0.0,0.0,0.0,0.0,0.0,0.0,1,1
1703,0.9987071,0.9915577,-0.0071493999999999724,0.998153,0.9879395,-0.010213499999999986,1.0,1.0,0.0,0.0,0.0,0.0,0.0,0.0,0.0,1,1
1704,0.96250004,0.96625006,0.0037500200000000206,1.0,1.0,0.0,0.875,0.8875,0.012499999999999956,0.0,0.0,0.0,0.0,0.0,0.0,1,1
1705,0.94132835,0.8553425,-0.08598585000000003,0.9751119,0.9004892,-0.07462270000000004,0.8625,0.75,-0.11250000000000004,0.0,0.0,0.0,0.0,0.0,0.0,1,1
1706,0.96624994,0.95874995,-0.007499990000000012,0.99999994,0.99999994,0.0,0.8875,0.8625,-0.02499999999999991,0.0,0.0,0.0,0.0,0.0,0.0,1,1
1707,1.0,1.0,0.0,1.0,1.0,0.0,1.0,1.0,0.0,0.0,0.0,0.0,0.0,0.0,0.0,1,1
1708,1.0,1.0,0.0,1.0,1.0,0.0,1.0,1.0,0.0,0.0,0.0,0.0,0.0,0.0,0.0,1,1
1709,0.94,0.97375005,0.03375005000000009,1.0,1.0,0.0,0.8,0.9125,0.11249999999999993,0.0,0.0,0.0,0.0,0.0,0.0,1,1
1710,0.95525426,1.0,0.04474573999999998,0.93607754,0.99999994,0.06392240000000005,1.0,1.0,0.0,0.0,0.0,0.0,0.0,0.0,0.0,1,1
1711,0.912994,0.94786274,0.034868740000000065,0.87570566,0.92551816,0.049812499999999926,1.0,1.0,0.0,0.0,0.0,0.0,0.0,0.0,0.0,1,1
1712,0.86580485,0.8937001,0.027895250000000038,0.84043556,0.90171444,0.061278880000000036,0.925,0.875,-0.050000000000000044,0.0,0.0,0.0,0.0,0.0,0.0,1,1
1713,0.88836807,0.8978855,0.009517430000000049,0.88874,0.95055073,0.061810730000000036,0.8875,0.77500004,-0.11249995999999995,0.0,0.0,0.0,0.0,0.0,0.0,1,1
1714,1.0,1.0,0.0,1.0,1.0,0.0,1.0,1.0,0.0,0.0,0.0,0.0,0.0,0.0,0.0,1,1
1715,0.937997,0.9332984,-0.004698599999999997,0.9649956,0.90471196,-0.06028363999999997,0.875,1.0,0.125,0.0,0.0,0.0,0.0,0.0,0.0,1,1
1716,0.90418094,0.96250004,0.05831909999999996,0.92204404,1.0,0.07795596000000005,0.8625,0.875,0.012499999999999956,0.0,0.0,0.0,0.0,0.0,0.0,1,1
1717,1.0,1.0,0.0,1.0,1.0,0.0,1.0,1.0,0.0,0.0,0.0,0.0,0.0,0.0,0.0,1,1
1718,0.92941344,0.9302667,0.0008532599999999668,0.89916193,0.9485952,0.049433269999999974,1.0,0.8875,-0.11250000000000004,0.0,0.0,0.0,0.0,0.0,0.0,1,1
1719,0.85037005,0.85037005,0.0,0.78624284,0.78624284,0.0,1.0,1.0,0.0,0.0,0.0,0.0,0.0,0.0,0.0,1,1
1720,0.9383463,0.9559404,0.017594100000000057,0.91192335,0.93705785,0.02513449999999995,1.0,1.0,0.0,0.0,0.0,0.0,0.0,0.0,0.0,1,1
1721,0.9051154,0.93973255,0.034617149999999985,0.8644506,0.9139036,0.04945300000000008,1.0,1.0,0.0,0.0,0.0,0.0,0.0,0.0,0.0,1,1
1722,0.8345896,0.9032839,0.06869429999999999,0.897628,0.974334,0.07670600000000005,0.6875,0.7375,0.050000000000000044,0.0,0.0,0.0,0.0,0.0,0.0,1,1
1723,1.0,1.0,0.0,1.0,1.0,0.0,1.0,1.0,0.0,0.0,0.0,0.0,0.0,0.0,0.0,1,1
1724,0.0,0.0,0.0,0.008631383,0.008631383,0.0,1.0,1.0,0.0,0.0,0.0,1.0,1.0,0.0,0.0,0,0
1725,0.9110123,0.9554613,0.04444899999999996,0.87287474,0.9363733,0.06349855999999998,1.0,1.0,0.0,0.0,0.0,0.0,0.0,0.0,0.0,1,1
1726,1.0,1.0,0.0,1.0,1.0,0.0,1.0,1.0,0.0,0.0,0.0,0.0,0.0,0.0,0.0,1,1
1727,0.89491254,0.9365393,0.041626759999999985,0.8980894,0.94148475,0.043395349999999944,0.8875,0.925,0.03750000000000009,0.0,0.0,0.0,0.0,0.0,0.0,1,1
1728,1.0,1.0,0.0,1.0,1.0,0.0,1.0,1.0,0.0,0.0,0.0,0.0,0.0,0.0,0.0,1,1
1729,0.81864816,0.8289384,0.010290240000000006,0.7730688,0.78776914,0.014700339999999978,0.925,0.925,0.0,0.0,0.0,0.0,0.0,0.0,0.0,1,1
1730,0.9101952,1.0,0.08980480000000002,0.9413502,1.0,0.058649799999999974,0.83750004,1.0,0.16249996,0.0,0.0,0.0,0.0,0.0,0.0,1,1
1731,0.97749996,0.97749996,0.0,0.99999994,0.99999994,0.0,0.925,0.925,0.0,0.0,0.0,0.0,0.0,0.0,0.0,1,1
1732,1.0,1.0,0.0,1.0,1.0,0.0,1.0,1.0,0.0,0.0,0.0,0.0,0.0,0.0,0.0,1,1
1733,1.0,1.0,0.0,1.0,1.0,0.0,1.0,1.0,0.0,0.0,0.0,0.0,0.0,0.0,0.0,1,1
1734,0.83375895,0.88417,0.05041105000000001,0.7625128,0.8666714,0.10415859999999999,1.0,0.925,-0.07499999999999996,0.0,0.0,0.0,0.0,0.0,0.0,1,1
1735,0.93127215,0.95500004,0.023727890000000085,0.9339601,1.0,0.06603990000000004,0.925,0.85,-0.07500000000000007,0.0,0.0,0.0,0.0,0.0,0.0,1,1
1736,0.9006657,0.92762184,0.026956140000000017,0.85809386,0.89660263,0.03850876999999997,1.0,1.0,0.0,0.0,0.0,0.0,0.0,0.0,0.0,1,1
1737,1.0,1.0,0.0,1.0,1.0,0.0,1.0,1.0,0.0,0.0,0.0,0.0,0.0,0.0,0.0,1,1
1738,1.0,1.0,0.0,1.0,1.0,0.0,1.0,1.0,0.0,0.0,0.0,0.0,0.0,0.0,0.0,1,1
1739,1.0,1.0,0.0,1.0,1.0,0.0,1.0,1.0,0.0,0.0,0.0,0.0,0.0,0.0,0.0,1,1
1740,0.8906374,0.8962185,0.0055811000000000055,0.84376764,0.8517408,0.007973159999999924,1.0,1.0,0.0,0.0,0.0,0.0,0.0,0.0,0.0,1,1
1741,1.0,0.97749996,-0.022500040000000054,1.0,1.0,0.0,1.0,0.925,-0.07499999999999996,0.0,0.0,0.0,0.0,0.0,0.0,1,1
1742,1.0,1.0,0.0,1.0,1.0,0.0,1.0,1.0,0.0,0.0,0.0,0.0,0.0,0.0,0.0,1,1
1743,1.0,1.0,0.0,1.0,1.0,0.0,1.0,1.0,0.0,0.0,0.0,0.0,0.0,0.0,0.0,1,1
1744,0.99184304,1.0,0.008156959999999991,0.9883472,1.0,0.011652800000000019,1.0,1.0,0.0,0.0,0.0,0.0,0.0,0.0,0.0,1,1
1745,0.97749996,0.96625006,-0.011249899999999924,1.0,1.0,0.0,0.925,0.8875,-0.03750000000000009,0.0,0.0,0.0,0.0,0.0,0.0,1,1
1746,0.9320103,1.0,0.06798970000000004,0.90287185,1.0,0.09712814999999997,1.0,1.0,0.0,0.0,0.0,0.0,0.0,0.0,0.0,1,1
1747,0.9210194,0.9707551,0.04973569999999994,0.8871705,0.99036443,0.10319392999999999,1.0,0.925,-0.07499999999999996,0.0,0.0,0.0,0.0,0.0,0.0,1,1
1748,0.9823142,0.96203154,-0.020282660000000008,0.97473454,0.98861647,0.013881929999999931,1.0,0.90000004,-0.09999996,0.0,0.0,0.0,0.0,0.0,0.0,1,1
1749,0.8678218,0.89574033,0.027918529999999997,0.811174,0.8510575,0.03988350000000007,1.0,1.0,0.0,0.0,0.0,0.0,0.0,0.0,0.0,1,1
1750,0.8900153,0.91999286,0.02997756000000007,0.842879,0.8857041,0.04282509999999995,1.0,1.0,0.0,0.0,0.0,0.0,0.0,0.0,0.0,1,1
1751,0.9220978,0.9133358,-0.008761999999999937,0.88871115,0.876194,-0.012517149999999977,1.0,1.0,0.0,0.0,0.0,0.0,0.0,0.0,0.0,1,1
1752,0.91084146,0.93044376,0.01960229999999996,0.87263066,0.9006339,0.028003239999999985,1.0,1.0,0.0,0.0,0.0,0.0,0.0,0.0,0.0,1,1
1753,0.8963606,0.9223693,0.026008699999999996,0.8519437,0.889099,0.0371553,1.0,1.0,0.0,0.0,0.0,0.0,0.0,0.0,0.0,1,1
1754,1.0,1.0,0.0,1.0,1.0,0.0,1.0,1.0,0.0,0.0,0.0,0.0,0.0,0.0,0.0,1,1
1755,1.0,1.0,0.0,1.0,1.0,0.0,1.0,1.0,0.0,0.0,0.0,0.0,0.0,0.0,0.0,1,1
1756,0.95125,0.95874995,0.007499949999999922,1.0,1.0,0.0,0.83750004,0.8625,0.024999960000000043,0.0,0.0,0.0,0.0,0.0,0.0,1,1
1757,1.0,1.0,0.0,1.0,1.0,0.0,1.0,1.0,0.0,0.0,0.0,0.0,0.0,0.0,0.0,1,1
1758,0.8937885,0.9380116,0.04422309999999996,0.8482693,0.91144514,0.06317583999999998,1.0,1.0,0.0,0.0,0.0,0.0,0.0,0.0,0.0,1,1
1759,1.0,1.0,0.0,1.0,1.0,0.0,1.0,1.0,0.0,0.0,0.0,0.0,0.0,0.0,0.0,1,1
1760,1.0,1.0,0.0,1.0,1.0,0.0,1.0,1.0,0.0,0.0,0.0,0.0,0.0,0.0,0.0,1,1
1761,1.0,1.0,0.0,1.0,1.0,0.0,1.0,1.0,0.0,0.0,0.0,0.0,0.0,0.0,0.0,1,1
1762,0.92110234,0.92110234,0.0,0.88728905,0.88728905,0.0,1.0,1.0,0.0,0.0,0.0,0.0,0.0,0.0,0.0,1,1
1763,0.87507993,0.8680607,-0.007019229999999932,0.82154274,0.85972965,0.03818690999999996,1.0,0.8875,-0.11250000000000004,0.0,0.0,0.0,0.0,0.0,0.0,1,1
1764,1.0,1.0,0.0,1.0,1.0,0.0,1.0,1.0,0.0,0.0,0.0,0.0,0.0,0.0,0.0,1,1
1765,1.0,1.0,0.0,1.0,1.0,0.0,1.0,1.0,0.0,0.0,0.0,0.0,0.0,0.0,0.0,1,1
1766,1.0,0.97375005,-0.026249949999999966,1.0,1.0,0.0,1.0,0.9125,-0.08750000000000002,0.0,0.0,0.0,0.0,0.0,0.0,1,1
1767,0.9299518,0.91242754,-0.017524259999999958,0.8999311,0.87489647,-0.025034629999999947,1.0,1.0,0.0,0.0,0.0,0.0,0.0,0.0,0.0,1,1
1768,0.85208064,0.8577038,0.0056231600000000714,0.78868663,0.8288626,0.04017596999999995,1.0,0.925,-0.07499999999999996,0.0,0.0,0.0,0.0,0.0,0.0,1,1
1769,0.9506262,0.9588896,0.008263400000000032,0.9294659,0.9412709,0.011805000000000065,1.0,1.0,0.0,0.0,0.0,0.0,0.0,0.0,0.0,1,1
1770,0.8173132,0.8173132,0.0,0.8247331,0.8247331,0.0,0.8,0.8,0.0,0.0,0.0,0.0,0.0,0.0,0.0,1,1
1771,1.0,1.0,0.0,1.0,1.0,0.0,1.0,1.0,0.0,0.0,0.0,0.0,0.0,0.0,0.0,1,1
1772,0.97281027,0.8957631,-0.07704716999999994,0.96115756,0.883233,-0.07792455999999992,1.0,0.925,-0.07499999999999996,0.0,0.0,0.0,0.0,0.0,0.0,1,1
1773,0.87766266,0.9078602,0.030197539999999967,0.87880385,0.9273003,0.04849644999999991,0.875,0.8625,-0.012499999999999956,0.0,0.0,0.0,0.0,0.0,0.0,1,1
1774,0.0,0.0,0.0,1.0,1.0,0.0,1.0,1.0,0.0,1.0,1.0,1.0,1.0,0.0,0.0,0,0
1775,1.0,0.95500004,-0.04499995999999995,1.0,1.0,0.0,1.0,0.85,-0.15000000000000002,0.0,0.0,0.0,0.0,0.0,0.0,1,1
1776,0.88655025,0.88276446,-0.003785790000000011,0.8379289,0.88073486,0.04280596000000003,1.0,0.8875,-0.11250000000000004,0.0,0.0,0.0,0.0,0.0,0.0,1,1
1777,1.0,0.97749996,-0.022500040000000054,0.99999994,0.99999994,0.0,1.0,0.925,-0.07499999999999996,0.0,0.0,0.0,0.0,0.0,0.0,1,1
1778,0.29307637,0.36044392,0.06736755,0.03832337,0.13456275,0.09623938000000001,0.8875,0.8875,0.0,0.0,0.0,0.0,0.0,0.0,0.0,1,1
1779,0.9921778,1.0,0.007822200000000001,0.98882544,1.0,0.011174559999999945,1.0,1.0,0.0,0.0,0.0,0.0,0.0,0.0,0.0,1,1
1780,1.0,1.0,0.0,1.0,1.0,0.0,1.0,1.0,0.0,0.0,0.0,0.0,0.0,0.0,0.0,1,1
1781,0.0,0.8785515,0.8785515,0.9748012,0.8747165,-0.10008470000000003,0.925,0.8875,-0.03750000000000009,1.0,0.0,1.0,0.0,0.0,0.0,0,1
1782,0.77529806,0.77736306,0.0020649999999999835,0.7325687,0.7462329,0.013664200000000015,0.875,0.85,-0.025000000000000022,0.0,0.0,0.0,0.0,0.0,0.0,1,1
1783,0.8611625,0.8748978,0.013735299999999895,0.849875,0.8748539,0.024978899999999915,0.8875,0.875,-0.012499999999999956,0.0,0.0,0.0,0.0,0.0,0.0,1,1
1784,0.93317187,0.9181718,-0.015000070000000032,0.936674,0.936674,0.0,0.925,0.875,-0.050000000000000044,0.0,0.0,0.0,0.0,0.0,0.0,1,1
1785,0.0,0.0,0.0,0.00020613764,0.0,-0.00020613764,1.0,1.0,0.0,1.0,1.0,1.0,1.0,0.0,0.0,0,0
1786,0.87388545,0.88607925,0.012193800000000032,0.8198363,0.8801131,0.06027680000000002,1.0,0.90000004,-0.09999996,0.0,0.0,0.0,0.0,0.0,0.0,1,1
1787,1.0,1.0,0.0,1.0,1.0,0.0,1.0,1.0,0.0,0.0,0.0,0.0,0.0,0.0,0.0,1,1
1788,0.8826801,0.8937276,0.011047499999999988,0.86454296,0.9017537,0.03721074000000002,0.925,0.875,-0.050000000000000044,0.0,0.0,0.0,0.0,0.0,0.0,1,1
1789,1.0,1.0,0.0,1.0,1.0,0.0,1.0,1.0,0.0,0.0,0.0,0.0,0.0,0.0,0.0,1,1
1790,1.0,0.9931955,-0.006804499999999991,1.0,0.9902792,-0.009720799999999974,1.0,1.0,0.0,0.0,0.0,0.0,0.0,0.0,0.0,1,1
1791,0.8782608,0.9245451,0.046284300000000056,0.82608694,0.8922073,0.06612035999999999,1.0,1.0,0.0,0.0,0.0,0.0,0.0,0.0,0.0,1,1
1792,0.9195444,0.96250004,0.04295563999999996,0.93863493,1.0,0.06136507000000002,0.875,0.875,0.0,0.0,0.0,0.0,0.0,0.0,0.0,1,1
1793,1.0,0.98178196,-0.018218040000000046,1.0,0.9739742,-0.026025799999999988,1.0,1.0,0.0,0.0,0.0,0.0,0.0,0.0,0.0,1,1
1794,0.8800521,0.93411845,0.05406635000000004,0.8661458,0.9058835,0.03973769999999999,0.9125,1.0,0.08750000000000002,0.0,0.0,0.0,0.0,0.0,0.0,1,1
1795,0.9503689,0.9503689,0.0,0.9290985,0.9290985,0.0,1.0,1.0,0.0,0.0,0.0,0.0,0.0,0.0,0.0,1,1
1796,1.0,1.0,0.0,1.0,1.0,0.0,1.0,1.0,0.0,0.0,0.0,0.0,0.0,0.0,0.0,1,1
1797,0.91204405,0.9208378,0.008793750000000045,0.87434864,0.88691115,0.012562509999999971,1.0,1.0,0.0,0.0,0.0,0.0,0.0,0.0,0.0,1,1
1798,1.0,1.0,0.0,1.0,1.0,0.0,1.0,1.0,0.0,0.0,0.0,0.0,0.0,0.0,0.0,1,1
1799,1.0,0.97629577,-0.023704229999999993,1.0,0.9661368,-0.03386319999999998,1.0,1.0,0.0,0.0,0.0,0.0,0.0,0.0,0.0,1,1
1800,0.86167574,0.9031841,0.04150836000000002,0.8559654,0.8938344,0.03786900000000004,0.875,0.925,0.050000000000000044,0.0,0.0,0.0,0.0,0.0,0.0,1,1
1801,0.86990833,0.8861324,0.016224070000000035,0.97486913,0.8748321,-0.10003702999999997,0.625,0.9125,0.2875,0.0,0.0,0.0,0.0,0.0,0.0,1,1
1802,0.9830605,1.0,0.016939499999999996,0.97580063,1.0,0.024199370000000053,1.0,1.0,0.0,0.0,0.0,0.0,0.0,0.0,0.0,1,1
1803,0.92283136,0.9307966,0.007965239999999985,0.9379733,0.9493523,0.011379000000000028,0.8875,0.8875,0.0,0.0,0.0,0.0,0.0,0.0,0.0,1,1
1804,0.9129626,0.96250004,0.049537440000000044,0.8756609,1.0,0.12433910000000004,1.0,0.875,-0.125,0.0,0.0,0.0,0.0,0.0,0.0,1,1
1805,0.8252689,0.84348595,0.018217050000000068,0.75038415,0.77640843,0.02602428000000001,1.0,1.0,0.0,0.0,0.0,0.0,0.0,0.0,0.0,1,1
1806,0.76331365,0.8122147,0.04890105,0.71009094,0.78530675,0.0752158100000001,0.8875,0.875,-0.012499999999999956,0.0,0.0,0.0,0.0,0.0,0.0,1,1
1807,0.9150185,0.91964,0.004621500000000056,0.91074073,0.8852,-0.02554073000000001,0.925,1.0,0.07499999999999996,0.0,0.0,0.0,0.0,0.0,0.0,1,1
1808,0.93126696,0.98346007,0.05219311000000004,0.9018099,0.9763716,0.07456169999999995,1.0,1.0,0.0,0.0,0.0,0.0,0.0,0.0,0.0,1,1
1809,1.0,1.0,0.0,1.0,1.0,0.0,1.0,1.0,0.0,0.0,0.0,0.0,0.0,0.0,0.0,1,1
1810,1.0,1.0,0.0,1.0,1.0,0.0,1.0,1.0,0.0,0.0,0.0,0.0,0.0,0.0,0.0,1,1
1811,0.87928885,0.9159139,0.03662504999999994,0.8275556,0.879877,0.05232140000000007,1.0,1.0,0.0,0.0,0.0,0.0,0.0,0.0,0.0,1,1
1812,0.96625006,0.9087656,-0.05748446000000007,1.0,0.9232365,-0.07676349999999998,0.8875,0.875,-0.012499999999999956,0.0,0.0,0.0,0.0,0.0,0.0,1,1
1813,0.96999997,1.0,0.030000029999999955,1.0,1.0,0.0,0.90000004,1.0,0.09999996,0.0,0.0,0.0,0.0,0.0,0.0,1,1
1814,0.9566805,0.9402966,-0.016383900000000007,0.93811494,0.96292377,0.024808830000000004,1.0,0.8875,-0.11250000000000004,0.0,0.0,0.0,0.0,0.0,0.0,1,1
1815,0.97749996,0.97749996,0.0,1.0,1.0,0.0,0.925,0.925,0.0,0.0,0.0,0.0,0.0,0.0,0.0,1,1
1816,0.8803672,0.941449,0.061081799999999964,0.86123884,0.9163557,0.055116860000000045,0.925,1.0,0.07499999999999996,0.0,0.0,0.0,0.0,0.0,0.0,1,1
1817,1.0,1.0,0.0,1.0,1.0,0.0,1.0,1.0,0.0,0.0,0.0,0.0,0.0,0.0,0.0,1,1
1818,0.97292775,0.95488864,-0.018039110000000025,0.9613254,0.9355552,-0.025770199999999965,1.0,1.0,0.0,0.0,0.0,0.0,0.0,0.0,0.0,1,1
1819,0.89855814,0.86974204,-0.02881610000000001,0.8872259,0.86213136,-0.02509454,0.925,0.8875,-0.03750000000000009,0.0,0.0,0.0,0.0,0.0,0.0,1,1
1820,1.0,1.0,0.0,1.0,1.0,0.0,1.0,1.0,0.0,0.0,0.0,0.0,0.0,0.0,0.0,1,1
1821,0.7644461,0.69337523,-0.07107087000000001,0.8242087,0.71196455,-0.11224414999999999,0.625,0.65000004,0.02500004,0.0,0.0,0.0,0.0,0.0,0.0,1,1
1822,1.0,1.0,0.0,1.0,1.0,0.0,1.0,1.0,0.0,0.0,0.0,0.0,0.0,0.0,0.0,1,1
1823,0.8071148,0.8514922,0.04437740000000001,0.75659245,0.8467746,0.09018215000000007,0.925,0.8625,-0.0625,0.0,0.0,0.0,0.0,0.0,0.0,1,1
1824,0.9213961,0.9825514,0.06115529999999991,0.8877086,0.97507334,0.08736474000000005,1.0,1.0,0.0,0.0,0.0,0.0,0.0,0.0,0.0,1,1
1825,1.0,1.0,0.0,1.0,1.0,0.0,1.0,1.0,0.0,0.0,0.0,0.0,0.0,0.0,0.0,1,1
1826,1.0,0.95125,-0.04874999999999996,1.0,1.0,0.0,1.0,0.83750004,-0.16249996,0.0,0.0,0.0,0.0,0.0,0.0,1,1
1827,0.9269759,0.84812653,-0.07884936999999992,0.9278227,0.83125216,-0.09657053999999998,0.925,0.8875,-0.03750000000000009,0.0,0.0,0.0,0.0,0.0,0.0,1,1
1828,0.91621107,0.9212061,0.004995030000000011,0.9124443,0.8874372,-0.02500709999999995,0.925,1.0,0.07499999999999996,0.0,0.0,0.0,0.0,0.0,0.0,1,1
1829,0.8429863,0.8733746,0.030388300000000035,0.83462334,0.8726779,0.03805455999999996,0.8625,0.875,0.012499999999999956,0.0,0.0,0.0,0.0,0.0,0.0,1,1
1830,0.9137606,0.94779074,0.03403013999999993,0.8768008,0.9254152,0.04861439999999995,1.0,1.0,0.0,0.0,0.0,0.0,0.0,0.0,0.0,1,1
1831,1.0,1.0,0.0,1.0,1.0,0.0,1.0,1.0,0.0,0.0,0.0,0.0,0.0,0.0,0.0,1,1
1832,1.0,1.0,0.0,1.0,1.0,0.0,1.0,1.0,0.0,0.0,0.0,0.0,0.0,0.0,0.0,1,1
1833,0.95639306,0.84709007,-0.10930298999999999,0.98591876,0.86191434,-0.12400442,0.8875,0.8125,-0.07499999999999996,0.0,0.0,0.0,0.0,0.0,0.0,1,1
1834,0.91245025,0.88747483,-0.02497541999999997,0.87492895,0.887464,0.012535049999999992,1.0,0.8875,-0.11250000000000004,0.0,0.0,0.0,0.0,0.0,0.0,1,1
1835,0.6710599,0.7288732,0.057813299999999956,0.5997284,0.6608903,0.06116189999999999,0.83750004,0.8875,0.049999959999999954,0.0,0.0,0.0,0.0,0.0,0.0,1,1
1836,0.83945006,0.8723259,0.03287583999999999,0.8242144,0.8604656,0.03625120000000004,0.875,0.90000004,0.02500004,0.0,0.0,0.0,0.0,0.0,0.0,1,1
1837,0.8600451,0.8949596,0.03491449999999996,0.8000644,0.8499424,0.04987799999999998,1.0,1.0,0.0,0.0,0.0,0.0,0.0,0.0,0.0,1,1
1838,1.0,1.0,0.0,1.0,1.0,0.0,1.0,1.0,0.0,0.0,0.0,0.0,0.0,0.0,0.0,1,1
1839,1.0,1.0,0.0,1.0,1.0,0.0,1.0,1.0,0.0,0.0,0.0,0.0,0.0,0.0,0.0,1,1
1840,0.9634693,1.0,0.03653070000000003,0.9478134,1.0,0.05218659999999997,1.0,1.0,0.0,0.0,0.0,0.0,0.0,0.0,0.0,1,1
1841,0.9540168,0.9405762,-0.013440600000000025,0.9343097,0.9472516,0.01294189999999995,1.0,0.925,-0.07499999999999996,0.0,0.0,0.0,0.0,0.0,0.0,1,1
1842,1.0,1.0,0.0,1.0,1.0,0.0,1.0,1.0,0.0,0.0,0.0,0.0,0.0,0.0,0.0,1,1
1843,0.9438309,0.9222032,-0.021627700000000027,0.9519013,0.88886166,-0.06303963999999995,0.925,1.0,0.07499999999999996,0.0,0.0,0.0,0.0,0.0,0.0,1,1
1844,1.0,1.0,0.0,1.0,1.0,0.0,1.0,1.0,0.0,0.0,0.0,0.0,0.0,0.0,0.0,1,1
1845,0.91050667,0.91942877,0.008922100000000044,0.87215227,0.8848982,0.012745930000000016,1.0,1.0,0.0,0.0,0.0,0.0,0.0,0.0,0.0,1,1
1846,0.8195738,0.83821183,0.018638029999999972,0.74224836,0.768874,0.026625639999999895,1.0,1.0,0.0,0.0,0.0,0.0,0.0,0.0,0.0,1,1
1847,0.921385,0.95638555,0.03500055000000002,0.88769287,0.9376936,0.05000073000000005,1.0,1.0,0.0,0.0,0.0,0.0,0.0,0.0,0.0,1,1
1848,0.9501376,1.0,0.04986239999999997,0.92876804,1.0,0.07123195999999998,1.0,1.0,0.0,0.0,0.0,0.0,0.0,0.0,0.0,1,1
1849,0.8523036,0.88674223,0.034438629999999915,0.84257656,0.8971316,0.05455504,0.875,0.8625,-0.012499999999999956,0.0,0.0,0.0,0.0,0.0,0.0,1,1
1850,0.9124867,0.9212279,0.008741200000000005,0.8749809,0.88746834,0.012487440000000016,1.0,1.0,0.0,0.0,0.0,0.0,0.0,0.0,0.0,1,1
1851,1.0,1.0,0.0,1.0,1.0,0.0,1.0,1.0,0.0,0.0,0.0,0.0,0.0,0.0,0.0,1,1
1852,0.91046584,0.92834663,0.01788078999999998,0.872094,0.897638,0.02554400000000001,1.0,1.0,0.0,0.0,0.0,0.0,0.0,0.0,0.0,1,1
1853,0.8694003,0.9216709,0.052270599999999945,0.813429,0.8881014,0.07467240000000008,1.0,1.0,0.0,0.0,0.0,0.0,0.0,0.0,0.0,1,1
1854,0.9299922,0.91250956,-0.017482639999999994,0.89998883,0.8750137,-0.024975129999999957,1.0,1.0,0.0,0.0,0.0,0.0,0.0,0.0,0.0,1,1
1855,0.8948006,0.9387154,0.04391480000000003,0.84971505,0.9124505,0.06273545000000003,1.0,1.0,0.0,0.0,0.0,0.0,0.0,0.0,0.0,1,1
1856,1.0,1.0,0.0,1.0,1.0,0.0,1.0,1.0,0.0,0.0,0.0,0.0,0.0,0.0,0.0,1,1
1857,1.0,1.0,0.0,0.99999994,0.99999994,0.0,1.0,1.0,0.0,0.0,0.0,0.0,0.0,0.0,0.0,1,1
1858,1.0,1.0,0.0,1.0,1.0,0.0,1.0,1.0,0.0,0.0,0.0,0.0,0.0,0.0,0.0,1,1
1859,0.89976376,0.90874404,0.008980279999999952,0.8568054,0.86963445,0.012829049999999897,1.0,1.0,0.0,0.0,0.0,0.0,0.0,0.0,0.0,1,1
1860,1.0,1.0,0.0,1.0,1.0,0.0,1.0,1.0,0.0,0.0,0.0,0.0,0.0,0.0,0.0,1,1
1861,0.99709094,1.0,0.002909060000000019,0.9958441,1.0,0.00415589999999999,1.0,1.0,0.0,0.0,0.0,0.0,0.0,0.0,0.0,1,1
1862,1.0,1.0,0.0,1.0,1.0,0.0,1.0,1.0,0.0,0.0,0.0,0.0,0.0,0.0,0.0,1,1
1863,0.90641975,0.9659029,0.05948315000000004,0.866314,0.9512898,0.08497579999999993,1.0,1.0,0.0,0.0,0.0,0.0,0.0,0.0,0.0,1,1
1864,0.9214123,0.9301017,0.00868940000000007,0.8877318,0.90014523,0.012413430000000059,1.0,1.0,0.0,0.0,0.0,0.0,0.0,0.0,0.0,1,1
1865,0.97431564,0.99143696,0.017121319999999995,0.96330816,0.98776716,0.02445900000000001,1.0,1.0,0.0,0.0,0.0,0.0,0.0,0.0,0.0,1,1
1866,0.0,0.0,0.0,1.0,1.0,0.0,1.0,1.0,0.0,1.0,1.0,1.0,1.0,0.0,0.0,0,0
1867,1.0,1.0,0.0,1.0,1.0,0.0,1.0,1.0,0.0,0.0,0.0,0.0,0.0,0.0,0.0,1,1
1868,0.7432441,0.93437684,0.19113274000000002,0.7939201,0.9437525,0.14983239999999998,0.625,0.9125,0.2875,0.0,0.0,0.0,0.0,0.0,0.0,1,1
1869,0.96625006,0.96625006,0.0,1.0,1.0,0.0,0.8875,0.8875,0.0,0.0,0.0,0.0,0.0,0.0,0.0,1,1
1870,1.0,1.0,0.0,1.0,1.0,0.0,1.0,1.0,0.0,0.0,0.0,0.0,0.0,0.0,0.0,1,1
1871,0.9512209,0.9325,-0.01872090000000004,0.9303155,1.0,0.06968450000000004,1.0,0.77500004,-0.22499996,0.0,0.0,0.0,0.0,0.0,0.0,1,1
1872,0.9143999,0.92373127,0.00933136999999995,0.8777142,0.9392588,0.06154459999999995,1.0,0.8875,-0.11250000000000004,0.0,0.0,0.0,0.0,0.0,0.0,1,1
1873,0.89402753,0.9469679,0.05294036999999996,0.84861076,0.92423975,0.07562899000000001,1.0,1.0,0.0,0.0,0.0,0.0,0.0,0.0,0.0,1,1
1874,1.0,1.0,0.0,1.0,1.0,0.0,1.0,1.0,0.0,0.0,0.0,0.0,0.0,0.0,0.0,1,1
1875,1.0,1.0,0.0,1.0,1.0,0.0,1.0,1.0,0.0,0.0,0.0,0.0,0.0,0.0,0.0,1,1
1876,0.96624994,0.96250004,-0.0037498999999999727,0.99999994,0.99999994,0.0,0.8875,0.875,-0.012499999999999956,0.0,0.0,0.0,0.0,0.0,0.0,1,1
1877,0.92430586,0.9619703,0.03766443999999991,0.8918655,0.945672,0.05380649999999998,1.0,1.0,0.0,0.0,0.0,0.0,0.0,0.0,0.0,1,1
1878,0.923487,0.923487,0.0,0.8906957,0.8906957,0.0,1.0,1.0,0.0,0.0,0.0,0.0,0.0,0.0,0.0,1,1
1879,0.92136556,0.92136556,0.0,0.887665,0.887665,0.0,1.0,1.0,0.0,0.0,0.0,0.0,0.0,0.0,0.0,1,1
1880,1.0,1.0,0.0,1.0,1.0,0.0,1.0,1.0,0.0,0.0,0.0,0.0,0.0,0.0,0.0,1,1
1881,0.8999324,0.94554824,0.045615840000000074,0.85704625,0.9222118,0.06516555000000002,1.0,1.0,0.0,0.0,0.0,0.0,0.0,0.0,0.0,1,1
1882,1.0,1.0,0.0,1.0,1.0,0.0,1.0,1.0,0.0,0.0,0.0,0.0,0.0,0.0,0.0,1,1
1883,1.0,1.0,0.0,1.0,1.0,0.0,1.0,1.0,0.0,0.0,0.0,0.0,0.0,0.0,0.0,1,1
1884,0.84638673,0.8813702,0.034983470000000016,0.8126954,0.8626716,0.049976200000000026,0.925,0.925,0.0,0.0,0.0,0.0,0.0,0.0,0.0,1,1
1885,0.98253345,0.9738043,-0.008729150000000074,0.97504777,0.9625776,-0.012470169999999947,1.0,1.0,0.0,0.0,0.0,0.0,0.0,0.0,0.0,1,1
1886,0.92073786,0.9341292,0.013391339999999974,0.9189113,0.9058987,-0.01301260000000004,0.925,1.0,0.07499999999999996,0.0,0.0,0.0,0.0,0.0,0.0,1,1
1887,0.9481859,0.94522744,-0.002958459999999996,0.92597985,0.97532487,0.04934501999999996,1.0,0.875,-0.125,0.0,0.0,0.0,0.0,0.0,0.0,1,1
1888,0.91012573,0.95125,0.041124270000000074,0.9305368,1.0,0.06946319999999995,0.8625,0.83750004,-0.024999960000000043,0.0,0.0,0.0,0.0,0.0,0.0,1,1
1889,1.0,1.0,0.0,1.0,1.0,0.0,1.0,1.0,0.0,0.0,0.0,0.0,0.0,0.0,0.0,1,1
1890,1.0,1.0,0.0,1.0,1.0,0.0,1.0,1.0,0.0,0.0,0.0,0.0,0.0,0.0,0.0,1,1
1891,1.0,1.0,0.0,1.0,1.0,0.0,1.0,1.0,0.0,0.0,0.0,0.0,0.0,0.0,0.0,1,1
1892,0.91,0.88257736,-0.027422640000000054,1.0,0.91261053,-0.08738946999999997,0.7,0.8125,0.11250000000000004,0.0,0.0,0.0,0.0,0.0,0.0,1,1
1893,0.93868273,0.92992735,-0.00875537999999998,0.912404,0.8998962,-0.012507799999999958,1.0,1.0,0.0,0.0,0.0,0.0,0.0,0.0,0.0,1,1
1894,0.8894187,0.8698363,-0.0195824,0.8420267,0.8783374,0.03631070000000003,1.0,0.85,-0.15000000000000002,0.0,0.0,0.0,0.0,0.0,0.0,1,1
1895,1.0,1.0,0.0,1.0,1.0,0.0,1.0,1.0,0.0,0.0,0.0,0.0,0.0,0.0,0.0,1,1
1896,0.94784546,1.0,0.05215453999999997,0.9254934,1.0,0.07450659999999998,1.0,1.0,0.0,0.0,0.0,0.0,0.0,0.0,0.0,1,1
1897,0.9829632,0.93593675,-0.04702645000000005,0.9756617,0.9513382,-0.024323499999999942,1.0,0.90000004,-0.09999996,0.0,0.0,0.0,0.0,0.0,0.0,1,1
1898,1.0,1.0,0.0,1.0,1.0,0.0,1.0,1.0,0.0,0.0,0.0,0.0,0.0,0.0,0.0,1,1
1899,0.9211465,0.9211465,0.0,0.8873521,0.8873521,0.0,1.0,1.0,0.0,0.0,0.0,0.0,0.0,0.0,0.0,1,1
1900,1.0,1.0,0.0,1.0,1.0,0.0,1.0,1.0,0.0,0.0,0.0,0.0,0.0,0.0,0.0,1,1
1901,0.8796382,0.84963286,-0.03000533999999999,0.87626886,0.8387612,-0.037507660000000054,0.8875,0.875,-0.012499999999999956,0.0,0.0,0.0,0.0,0.0,0.0,1,1
1902,1.0,1.0,0.0,1.0,1.0,0.0,1.0,1.0,0.0,0.0,0.0,0.0,0.0,0.0,0.0,1,1
1903,0.90156984,0.73337716,-0.16819267999999998,0.9450998,0.75839585,-0.18670395000000006,0.8,0.675,-0.125,0.0,0.0,0.0,0.0,0.0,0.0,1,1
1904,0.91872257,0.9319784,0.013255829999999968,0.8838894,0.9028263,0.018936899999999923,1.0,1.0,0.0,0.0,0.0,0.0,0.0,0.0,0.0,1,1
1905,0.9243147,0.93267536,0.008360659999999909,0.8918782,0.90382195,0.01194375000000003,1.0,1.0,0.0,0.0,0.0,0.0,0.0,0.0,0.0,1,1
1906,0.8858104,0.8154589,-0.07035150000000001,0.87972915,0.89172703,0.011997880000000016,0.90000004,0.6375,-0.26250004000000005,0.0,0.0,0.0,0.0,0.0,0.0,1,1
1907,0.8009352,0.7602977,-0.04063749999999999,0.74776447,0.77542526,0.02766078999999999,0.925,0.725,-0.20000000000000007,0.0,0.0,0.0,0.0,0.0,0.0,1,1
1908,0.82792675,0.8949909,0.06706414999999999,0.754181,0.84998703,0.09580602999999999,1.0,1.0,0.0,0.0,0.0,0.0,0.0,0.0,0.0,1,1
1909,0.9593383,1.0,0.04066170000000002,0.9419118,1.0,0.058088200000000034,1.0,1.0,0.0,0.0,0.0,0.0,0.0,0.0,0.0,1,1
1910,0.8187029,0.7175558,-0.10114710000000005,0.7945755,0.6929369,-0.10163860000000002,0.875,0.77500004,-0.09999996,0.0,0.0,0.0,0.0,0.0,0.0,1,1
1911,1.0,1.0,0.0,1.0,1.0,0.0,1.0,1.0,0.0,0.0,0.0,0.0,0.0,0.0,0.0,1,1
1912,0.0,0.8875,0.8875,1.0,1.0,0.0,0.7857143,0.625,-0.16071429999999998,1.0,0.0,1.0,0.0,0.0,0.0,0,1
1913,0.91220725,0.9650791,0.05287184999999994,0.8745818,0.9501131,0.07553130000000008,1.0,1.0,0.0,0.0,0.0,0.0,0.0,0.0,0.0,1,1
1914,1.0,1.0,0.0,1.0,1.0,0.0,1.0,1.0,0.0,0.0,0.0,0.0,0.0,0.0,0.0,1,1
1915,0.9912114,1.0,0.008788600000000035,0.9874449,1.0,0.012555100000000041,1.0,1.0,0.0,0.0,0.0,0.0,0.0,0.0,0.0,1,1
1916,1.0,1.0,0.0,1.0,1.0,0.0,1.0,1.0,0.0,0.0,0.0,0.0,0.0,0.0,0.0,1,1
1917,0.91913015,0.96885437,0.049724219999999986,0.88447165,0.9555062,0.07103454999999992,1.0,1.0,0.0,0.0,0.0,0.0,0.0,0.0,0.0,1,1
1918,1.0,1.0,0.0,1.0,1.0,0.0,1.0,1.0,0.0,0.0,0.0,0.0,0.0,0.0,0.0,1,1
1919,1.0,1.0,0.0,1.0,1.0,0.0,1.0,1.0,0.0,0.0,0.0,0.0,0.0,0.0,0.0,1,1
1920,0.8966675,1.0,0.10333250000000005,0.8523821,0.99999994,0.14761784,1.0,1.0,0.0,0.0,0.0,0.0,0.0,0.0,0.0,1,1
1921,0.9287419,0.87294084,-0.05580105999999996,0.97320265,0.86670125,-0.10650139999999997,0.825,0.8875,0.0625,0.0,0.0,0.0,0.0,0.0,0.0,1,1
1922,0.918703,0.9362263,0.01752329999999991,0.9374328,0.9624662,0.025033400000000094,0.875,0.875,0.0,0.0,0.0,0.0,0.0,0.0,0.0,1,1
1923,1.0,1.0,0.0,1.0,1.0,0.0,1.0,1.0,0.0,0.0,0.0,0.0,0.0,0.0,0.0,1,1
1924,0.9730396,0.95500004,-0.018039559999999955,0.9614851,1.0,0.03851490000000002,1.0,0.85,-0.15000000000000002,0.0,0.0,0.0,0.0,0.0,0.0,1,1
1925,0.97374994,0.96624994,-0.007500000000000062,0.99999994,0.99999994,0.0,0.9125,0.8875,-0.025000000000000022,0.0,0.0,0.0,0.0,0.0,0.0,1,1
1926,0.69859976,0.783038,0.08443824,0.8158568,0.87219715,0.05634034999999993,0.425,0.575,0.14999999999999997,0.0,0.0,0.0,0.0,0.0,0.0,1,1
1927,0.9287146,0.9916672,0.06295260000000003,0.89816374,0.98809606,0.08993232000000007,1.0,1.0,0.0,0.0,0.0,0.0,0.0,0.0,0.0,1,1
1928,0.9395857,0.96625006,0.026664360000000054,0.9136938,1.0,0.0863062,1.0,0.8875,-0.11250000000000004,0.0,0.0,0.0,0.0,0.0,0.0,1,1
1929,1.0,1.0,0.0,1.0,1.0,0.0,1.0,1.0,0.0,0.0,0.0,0.0,0.0,0.0,0.0,1,1
1930,1.0,1.0,0.0,1.0,1.0,0.0,1.0,1.0,0.0,0.0,0.0,0.0,0.0,0.0,0.0,1,1
1931,0.8983423,0.91205025,0.013707949999999913,0.8869176,0.8743574,-0.012560200000000021,0.925,1.0,0.07499999999999996,0.0,0.0,0.0,0.0,0.0,0.0,1,1
1932,0.9300623,0.9300623,0.0,0.9000889,0.9000889,0.0,1.0,1.0,0.0,0.0,0.0,0.0,0.0,0.0,0.0,1,1
1933,0.8579748,0.8492573,-0.008717500000000045,0.85067827,0.83822465,-0.012453619999999943,0.875,0.875,0.0,0.0,0.0,0.0,0.0,0.0,0.0,1,1
1934,0.98244554,0.99119514,0.008749600000000024,0.97492224,0.9874215,0.012499259999999901,1.0,1.0,0.0,0.0,0.0,0.0,0.0,0.0,0.0,1,1
1935,0.92875004,0.8790026,-0.04974744000000009,1.0,0.9128609,-0.08713910000000002,0.7625,0.8,0.03750000000000009,0.0,0.0,0.0,0.0,0.0,0.0,1,1
1936,1.0,1.0,0.0,1.0,1.0,0.0,1.0,1.0,0.0,0.0,0.0,0.0,0.0,0.0,0.0,1,1
1937,1.0,1.0,0.0,1.0,1.0,0.0,1.0,1.0,0.0,0.0,0.0,0.0,0.0,0.0,0.0,1,1
1938,0.902301,0.95874995,0.05644894999999994,0.9193586,1.0,0.08064139999999997,0.8625,0.8625,0.0,0.0,0.0,0.0,0.0,0.0,0.0,1,1
1939,1.0,1.0,0.0,1.0,1.0,0.0,1.0,1.0,0.0,0.0,0.0,0.0,0.0,0.0,0.0,1,1
1940,0.83096105,0.85442466,0.023463609999999968,0.81208724,0.8509638,0.03887656000000006,0.875,0.8625,-0.012499999999999956,0.0,0.0,0.0,0.0,0.0,0.0,1,1
1941,0.94375,0.96625006,0.022500060000000044,1.0,1.0,0.0,0.8125,0.8875,0.07499999999999996,0.0,0.0,0.0,0.0,0.0,0.0,1,1
1942,0.8993328,0.9580696,0.05873679999999992,0.85618967,0.9400994,0.08390973000000002,1.0,1.0,0.0,0.0,0.0,0.0,0.0,0.0,0.0,1,1
1943,0.0,0.0,0.0,0.24935311,0.26202264,0.012669529999999984,0.71428573,0.52380955,-0.19047618,1.0,1.0,1.0,1.0,0.0,0.0,0,0
1944,1.0,1.0,0.0,1.0,1.0,0.0,1.0,1.0,0.0,0.0,0.0,0.0,0.0,0.0,0.0,1,1
1945,0.0,0.0,0.0,0.00083470624,0.0010698442,0.00023513796000000002,1.0,1.0,0.0,1.0,1.0,1.0,1.0,0.0,0.0,0,0
1946,0.8593715,0.92463666,0.06526516000000004,0.79910207,0.92448086,0.12537878999999996,1.0,0.925,-0.07499999999999996,0.0,0.0,0.0,0.0,0.0,0.0,1,1
1947,0.9130665,0.99130553,0.07823902999999999,0.87580925,0.9875793,0.11177005000000007,1.0,1.0,0.0,0.0,0.0,0.0,0.0,0.0,0.0,1,1
1948,0.95520896,0.9639746,0.008765640000000019,0.9360128,0.948535,0.012522200000000039,1.0,1.0,0.0,0.0,0.0,0.0,0.0,0.0,0.0,1,1
1949,0.8864275,0.8864275,0.0,0.8859678,0.8859678,0.0,0.8875,0.8875,0.0,0.0,0.0,0.0,0.0,0.0,0.0,1,1
1950,0.88797426,0.8966114,0.008637139999999932,0.8774632,0.9112306,0.0337674,0.9125,0.8625,-0.04999999999999993,0.0,0.0,0.0,0.0,0.0,0.0,1,1
1951,0.97721577,0.9850001,0.007784330000000006,0.9888797,1.0,0.011120299999999972,0.95,0.95,0.0,0.0,0.0,0.0,0.0,0.0,0.0,1,1
1952,0.95261955,0.97749996,0.024880409999999964,0.9323136,0.99999994,0.06768634000000007,1.0,0.925,-0.07499999999999996,0.0,0.0,0.0,0.0,0.0,0.0,1,1
1953,0.87982416,0.9105774,0.030753240000000015,0.82832026,0.8722534,0.043933139999999926,1.0,1.0,0.0,0.0,0.0,0.0,0.0,0.0,0.0,1,1
1954,0.91409034,0.9483914,0.034301059999999994,0.8772719,0.9262734,0.04900150000000003,1.0,1.0,0.0,0.0,0.0,0.0,0.0,0.0,0.0,1,1
1955,0.9123535,0.9123535,0.0,0.8747907,0.8747907,0.0,1.0,1.0,0.0,0.0,0.0,0.0,0.0,0.0,0.0,1,1
1956,0.6584573,0.6472073,-0.011249999999999982,0.6352961,0.6352961,0.0,0.71250004,0.675,-0.03750003999999996,0.0,0.0,0.0,0.0,0.0,0.0,1,1
1957,1.0,1.0,0.0,1.0,1.0,0.0,1.0,1.0,0.0,0.0,0.0,0.0,0.0,0.0,0.0,1,1
1958,1.0,1.0,0.0,1.0,1.0,0.0,1.0,1.0,0.0,0.0,0.0,0.0,0.0,0.0,0.0,1,1
1959,1.0,1.0,0.0,1.0,1.0,0.0,1.0,1.0,0.0,0.0,0.0,0.0,0.0,0.0,0.0,1,1
1960,0.9805943,0.97375005,-0.006844249999999996,0.97227746,1.0,0.027722539999999962,1.0,0.9125,-0.08750000000000002,0.0,0.0,0.0,0.0,0.0,0.0,1,1
1961,0.96007615,1.0,0.03992384999999998,0.97510886,1.0,0.024891140000000034,0.925,1.0,0.07499999999999996,0.0,0.0,0.0,0.0,0.0,0.0,1,1
1962,0.92222816,0.9135629,-0.008665260000000008,0.88889736,0.87651837,-0.012378989999999979,1.0,1.0,0.0,0.0,0.0,0.0,0.0,0.0,0.0,1,1
1963,0.9307179,0.9123179,-0.018399999999999972,0.9010254,0.8747398,-0.02628560000000002,1.0,1.0,0.0,0.0,0.0,0.0,0.0,0.0,0.0,1,1
1964,0.9467587,1.0,0.05324130000000005,0.9239409,0.99999994,0.07605904000000008,1.0,1.0,0.0,0.0,0.0,0.0,0.0,0.0,0.0,1,1
1965,1.0,1.0,0.0,1.0,1.0,0.0,1.0,1.0,0.0,0.0,0.0,0.0,0.0,0.0,0.0,1,1
1966,1.0,1.0,0.0,1.0,1.0,0.0,1.0,1.0,0.0,0.0,0.0,0.0,0.0,0.0,0.0,1,1
1967,1.0,1.0,0.0,1.0,1.0,0.0,1.0,1.0,0.0,0.0,0.0,0.0,0.0,0.0,0.0,1,1
1968,0.8904419,0.0,-0.8904419,0.8809884,0.80261797,-0.07837042999999999,0.9125,0.7727273,-0.13977269999999997,0.0,1.0,0.0,1.0,0.0,0.0,1,0
1969,0.9141287,0.9141287,0.0,0.87732667,0.87732667,0.0,1.0,1.0,0.0,0.0,0.0,0.0,0.0,0.0,0.0,1,1
1970,1.0,0.97749996,-0.022500040000000054,1.0,1.0,0.0,1.0,0.925,-0.07499999999999996,0.0,0.0,0.0,0.0,0.0,0.0,1,1
1971,0.91581804,0.8943009,-0.021517140000000046,0.9118829,0.8490011,-0.0628818000000001,0.925,1.0,0.07499999999999996,0.0,0.0,0.0,0.0,0.0,0.0,1,1
1972,1.0,1.0,0.0,1.0,1.0,0.0,1.0,1.0,0.0,0.0,0.0,0.0,0.0,0.0,0.0,1,1
1973,0.8600287,1.0,0.13997130000000002,0.84825516,1.0,0.15174484,0.8875,1.0,0.11250000000000004,0.0,0.0,0.0,0.0,0.0,0.0,1,1
1974,0.97749996,1.0,0.022500040000000054,1.0,1.0,0.0,0.925,1.0,0.07499999999999996,0.0,0.0,0.0,0.0,0.0,0.0,1,1
1975,0.95874995,0.90262073,-0.05612921999999998,1.0,0.9251723,-0.07482770000000005,0.8625,0.85,-0.012500000000000067,0.0,0.0,0.0,0.0,0.0,0.0,1,1
1976,0.91127205,0.94085085,0.029578800000000016,0.9053886,0.95300114,0.047612540000000036,0.925,0.9125,-0.012500000000000067,0.0,0.0,0.0,0.0,0.0,0.0,1,1
1977,0.94144726,0.95046663,0.009019369999999971,0.9645674,0.98816663,0.023599230000000082,0.8875,0.8625,-0.02499999999999991,0.0,0.0,0.0,0.0,0.0,0.0,1,1
1978,0.81444037,0.8817728,0.06733243,0.7884861,0.8632468,0.07476070000000001,0.875,0.925,0.050000000000000044,0.0,0.0,0.0,0.0,0.0,0.0,1,1
1979,0.0,0.0,0.0,0.7654599,0.7902383,0.024778399999999978,1.0,1.0,0.0,0.0,0.0,1.0,1.0,0.0,0.0,0,0
1980,0.9560696,1.0,0.043930400000000036,0.9372422,1.0,0.06275779999999997,1.0,1.0,0.0,0.0,0.0,0.0,0.0,0.0,0.0,1,1
1981,0.9579857,1.0,0.04201429999999995,0.9721225,1.0,0.0278775,0.925,1.0,0.07499999999999996,0.0,0.0,0.0,0.0,0.0,0.0,1,1
1982,0.87037194,0.87994975,0.00957781000000002,0.814817,0.8767139,0.06189690000000003,1.0,0.8875,-0.11250000000000004,0.0,0.0,0.0,0.0,0.0,0.0,1,1
1983,0.970115,0.970115,0.0,0.9948071,0.9948071,0.0,0.9125,0.9125,0.0,0.0,0.0,0.0,0.0,0.0,0.0,1,1
1984,1.0,1.0,0.0,1.0,1.0,0.0,1.0,1.0,0.0,0.0,0.0,0.0,0.0,0.0,0.0,1,1
1985,0.9308764,0.9505543,0.019677899999999915,0.9012519,0.9293632,0.02811129999999995,1.0,1.0,0.0,0.0,0.0,0.0,0.0,0.0,0.0,1,1
1986,1.0,1.0,0.0,1.0,1.0,0.0,1.0,1.0,0.0,0.0,0.0,0.0,0.0,0.0,0.0,1,1
1987,1.0,1.0,0.0,1.0,1.0,0.0,1.0,1.0,0.0,0.0,0.0,0.0,0.0,0.0,0.0,1,1
1988,0.87626094,0.92927265,0.053011710000000045,0.8232299,0.89896095,0.07573105000000002,1.0,1.0,0.0,0.0,0.0,0.0,0.0,0.0,0.0,1,1
1989,0.9291057,0.9124571,-0.016648600000000013,0.89872235,0.87493867,-0.023783679999999974,1.0,1.0,0.0,0.0,0.0,0.0,0.0,0.0,0.0,1,1
1990,0.8566721,0.8516001,-0.0050720000000000764,0.8488173,0.8362145,-0.012602800000000025,0.875,0.8875,0.012499999999999956,0.0,0.0,0.0,0.0,0.0,0.0,1,1
1991,0.9213586,0.91260433,-0.008754270000000064,0.88765514,0.87514913,-0.012506009999999956,1.0,1.0,0.0,0.0,0.0,0.0,0.0,0.0,0.0,1,1
1992,1.0,1.0,0.0,1.0,1.0,0.0,1.0,1.0,0.0,0.0,0.0,0.0,0.0,0.0,0.0,1,1
1993,0.97749996,0.93625003,-0.04124992999999999,1.0,1.0,0.0,0.925,0.7875,-0.13750000000000007,0.0,0.0,0.0,0.0,0.0,0.0,1,1
1994,0.96134627,0.0,-0.96134627,0.9447803,0.9721163,0.027336000000000027,1.0,1.0,0.0,0.0,1.0,0.0,1.0,0.0,0.0,1,0
1995,0.83279335,0.9475236,0.11473025000000003,0.825419,0.9250337,0.09961469999999994,0.85,1.0,0.15000000000000002,0.0,0.0,0.0,0.0,0.0,0.0,1,1
1996,0.94651127,0.9260103,-0.020500970000000063,0.9235875,0.8943005,-0.029286999999999952,1.0,1.0,0.0,0.0,0.0,0.0,0.0,0.0,0.0,1,1
1997,0.9123253,0.9385993,0.02627400000000002,0.8747504,0.91228473,0.03753432999999995,1.0,1.0,0.0,0.0,0.0,0.0,0.0,0.0,0.0,1,1
1998,0.97542727,0.95500004,-0.020427229999999907,0.9648961,1.0,0.035103899999999966,1.0,0.85,-0.15000000000000002,0.0,0.0,0.0,0.0,0.0,0.0,1,1
1999,0.57624763,0.68858683,0.11233919999999997,0.5232108,0.742624,0.21941319999999997,0.7,0.5625,-0.13749999999999996,0.0,0.0,0.0,0.0,0.0,0.0,1,1
2000,0.9244488,0.99115354,0.06670474000000004,0.92421246,0.98736227,0.06314980999999997,0.925,1.0,0.07499999999999996,0.0,0.0,0.0,0.0,0.0,0.0,1,1
2001,0.8414149,0.8677929,0.026378000000000013,0.7734499,0.8111328,0.037682899999999964,1.0,1.0,0.0,0.0,0.0,0.0,0.0,0.0,0.0,1,1
2002,0.86441517,0.85559124,-0.008823930000000035,0.85987884,0.8472731,-0.012605740000000032,0.875,0.875,0.0,0.0,0.0,0.0,0.0,0.0,0.0,1,1
2003,1.0,1.0,0.0,1.0,1.0,0.0,1.0,1.0,0.0,0.0,0.0,0.0,0.0,0.0,0.0,1,1
2004,0.9737051,0.9562195,-0.01748559999999999,0.96243584,0.9374565,-0.024979340000000017,1.0,1.0,0.0,0.0,0.0,0.0,0.0,0.0,0.0,1,1
2005,0.89814276,0.94021416,0.04207139999999998,0.85448956,0.9145916,0.06010203999999997,1.0,1.0,0.0,0.0,0.0,0.0,0.0,0.0,0.0,1,1
2006,0.991487,1.0,0.008512999999999993,0.9878386,1.0,0.012161399999999989,1.0,1.0,0.0,0.0,0.0,0.0,0.0,0.0,0.0,1,1
2007,0.85838807,0.85247576,-0.005912309999999921,0.82984006,0.8428225,0.01298244000000004,0.925,0.875,-0.050000000000000044,0.0,0.0,0.0,0.0,0.0,0.0,1,1
2008,0.8668718,0.8708027,0.0039309000000000704,0.8098168,0.8475752,0.03775839999999997,1.0,0.925,-0.07499999999999996,0.0,0.0,0.0,0.0,0.0,0.0,1,1
2009,0.9038541,0.9226185,0.018764400000000014,0.8626487,0.93766934,0.07502063999999997,1.0,0.8875,-0.11250000000000004,0.0,0.0,0.0,0.0,0.0,0.0,1,1
2010,0.9548518,0.9874693,0.032617499999999966,0.9355026,0.98209906,0.04659646000000006,1.0,1.0,0.0,0.0,0.0,0.0,0.0,0.0,0.0,1,1
2011,1.0,1.0,0.0,1.0,1.0,0.0,1.0,1.0,0.0,0.0,0.0,0.0,0.0,0.0,0.0,1,1
2012,0.93840104,0.9823875,0.04398645999999995,0.91200155,0.9748392,0.06283764999999997,1.0,1.0,0.0,0.0,0.0,0.0,0.0,0.0,0.0,1,1
2013,0.94722193,0.96250004,0.015278110000000011,0.9246028,1.0,0.07539720000000005,1.0,0.875,-0.125,0.0,0.0,0.0,0.0,0.0,0.0,1,1
2014,0.9050624,0.9426945,0.037632099999999946,0.8643748,0.91813487,0.05376007000000005,1.0,1.0,0.0,0.0,0.0,0.0,0.0,0.0,0.0,1,1
2015,1.0,1.0,0.0,1.0,1.0,0.0,1.0,1.0,0.0,0.0,0.0,0.0,0.0,0.0,0.0,1,1
2016,0.96625006,0.95125,-0.015000059999999982,1.0,1.0,0.0,0.8875,0.83750004,-0.049999959999999954,0.0,0.0,0.0,0.0,0.0,0.0,1,1
2017,1.0,1.0,0.0,1.0,1.0,0.0,1.0,1.0,0.0,0.0,0.0,0.0,0.0,0.0,0.0,1,1
2018,1.0,1.0,0.0,1.0,1.0,0.0,1.0,1.0,0.0,0.0,0.0,0.0,0.0,0.0,0.0,1,1
2019,0.83195305,0.86866134,0.03670828999999998,0.759933,0.81237334,0.052440340000000085,1.0,1.0,0.0,0.0,0.0,0.0,0.0,0.0,0.0,1,1
2020,0.8129307,0.8129307,0.0,0.7809724,0.7809724,0.0,0.8875,0.8875,0.0,0.0,0.0,0.0,0.0,0.0,0.0,1,1
2021,1.0,1.0,0.0,1.0,1.0,0.0,1.0,1.0,0.0,0.0,0.0,0.0,0.0,0.0,0.0,1,1
2022,0.8393944,0.8581444,0.018750000000000044,0.8455634,0.8455634,0.0,0.825,0.8875,0.0625,0.0,0.0,0.0,0.0,0.0,0.0,1,1
2023,0.9547251,0.92497486,-0.02975024000000004,0.9674643,0.9892497,0.021785399999999955,0.925,0.77500004,-0.14999996000000004,0.0,0.0,0.0,0.0,0.0,0.0,1,1
2024,1.0,1.0,0.0,1.0,1.0,0.0,1.0,1.0,0.0,0.0,0.0,0.0,0.0,0.0,0.0,1,1
2025,0.9120968,0.96625006,0.05415325999999998,0.8744239,1.0,0.12557609999999997,1.0,0.8875,-0.11250000000000004,0.0,0.0,0.0,0.0,0.0,0.0,1,1
2026,0.82385635,0.86615413,0.04229777999999995,0.74836624,0.8087916,0.060425360000000095,1.0,1.0,0.0,0.0,0.0,0.0,0.0,0.0,0.0,1,1
2027,0.9121317,0.9208865,0.008754800000000063,0.87447375,0.8869808,0.012507049999999964,1.0,1.0,0.0,0.0,0.0,0.0,0.0,0.0,0.0,1,1
2028,1.0,1.0,0.0,1.0,1.0,0.0,1.0,1.0,0.0,0.0,0.0,0.0,0.0,0.0,0.0,1,1
2029,0.8401353,0.8227641,-0.01737120000000003,0.81983614,0.8325201,0.012683959999999939,0.8875,0.8,-0.08749999999999991,0.0,0.0,0.0,0.0,0.0,0.0,1,1
2030,0.8994299,0.91316223,0.01373232999999996,0.8884713,0.875946,-0.012525299999999961,0.925,1.0,0.07499999999999996,0.0,0.0,0.0,0.0,0.0,0.0,1,1
2031,0.920644,0.9382128,0.01756879999999994,0.88663435,0.9117326,0.02509824999999999,1.0,1.0,0.0,0.0,0.0,0.0,0.0,0.0,0.0,1,1
2032,0.95900023,1.0,0.04099976999999999,0.94142896,1.0,0.05857104000000002,1.0,1.0,0.0,0.0,0.0,0.0,0.0,0.0,0.0,1,1
2033,1.0,1.0,0.0,1.0,1.0,0.0,1.0,1.0,0.0,0.0,0.0,0.0,0.0,0.0,0.0,1,1
2034,0.89771634,0.89349025,-0.00422608999999996,0.89138037,0.8799861,-0.01139427000000004,0.9125,0.925,0.012500000000000067,0.0,0.0,0.0,0.0,0.0,0.0,1,1
2035,1.0,0.99952984,-0.00047015999999999725,1.0000001,0.9993284,-0.0006717000000000528,1.0,1.0,0.0,0.0,0.0,0.0,0.0,0.0,0.0,1,1
2036,0.9130163,0.93045455,0.01743824999999999,0.87573755,0.9006493,0.02491175000000001,1.0,1.0,0.0,0.0,0.0,0.0,0.0,0.0,0.0,1,1
2037,0.0,0.0,0.0,1.0,1.0,0.0,1.0,1.0,0.0,1.0,1.0,1.0,1.0,0.0,0.0,0,0
2038,1.0,1.0,0.0,1.0,1.0,0.0,1.0,1.0,0.0,0.0,0.0,0.0,0.0,0.0,0.0,1,1
2039,1.0,0.0,-1.0,1.0,0.7643517,-0.23564830000000003,1.0,1.0,0.0,0.0,0.0,0.0,0.0,0.0,1.0,1,0
2040,0.9135836,0.90482014,-0.008763460000000056,0.8872622,0.87474304,-0.012519159999999974,0.975,0.975,0.0,0.0,0.0,0.0,0.0,0.0,0.0,1,1
2041,1.0,0.99114716,-0.008852839999999973,1.0,0.987353,-0.012646999999999964,1.0,1.0,0.0,0.0,0.0,0.0,0.0,0.0,0.0,1,1
2042,1.0,1.0,0.0,1.0,1.0,0.0,1.0,1.0,0.0,0.0,0.0,0.0,0.0,0.0,0.0,1,1
2043,0.88560724,0.9043832,0.018775960000000036,0.83658177,0.8634046,0.026822829999999964,1.0,1.0,0.0,0.0,0.0,0.0,0.0,0.0,0.0,1,1
2044,0.88578,0.92085475,0.03507475000000004,0.8368285,0.8869354,0.050106900000000065,1.0,1.0,0.0,0.0,0.0,0.0,0.0,0.0,0.0,1,1
2045,0.76257885,0.88137525,0.11879640000000002,0.72511256,0.90017885,0.17506628999999996,0.85,0.83750004,-0.012499959999999977,0.0,0.0,0.0,0.0,0.0,0.0,1,1
2046,0.96057767,1.0,0.03942232999999995,0.94368243,1.0,0.05631757000000004,1.0,1.0,0.0,0.0,0.0,0.0,0.0,0.0,0.0,1,1
2047,0.96625006,0.96625006,0.0,1.0,1.0,0.0,0.8875,0.8875,0.0,0.0,0.0,0.0,0.0,0.0,0.0,1,1
2048,0.9401062,0.94937956,0.009273360000000008,0.9144375,0.927685,0.013247499999999968,1.0,1.0,0.0,0.0,0.0,0.0,0.0,0.0,0.0,1,1
2049,0.94750005,0.96250004,0.014999989999999963,1.0,1.0,0.0,0.825,0.875,0.050000000000000044,0.0,0.0,0.0,0.0,0.0,0.0,1,1
2050,1.0,1.0,0.0,1.0,1.0,0.0,1.0,1.0,0.0,0.0,0.0,0.0,0.0,0.0,0.0,1,1
2051,0.94470644,0.97225827,0.027551829999999944,0.9210092,0.960369,0.039359800000000056,1.0,1.0,0.0,0.0,0.0,0.0,0.0,0.0,0.0,1,1
2052,0.96625006,1.0,0.03374993999999998,1.0,1.0,0.0,0.8875,1.0,0.11250000000000004,0.0,0.0,0.0,0.0,0.0,0.0,1,1
2053,0.89964163,0.9501139,0.050472269999999986,0.8566309,0.9287341,0.07210320000000003,1.0,1.0,0.0,0.0,0.0,0.0,0.0,0.0,0.0,1,1
2054,0.9064478,0.9454075,0.03895969999999993,0.9145682,0.9755821,0.061013899999999954,0.8875,0.875,-0.012499999999999956,0.0,0.0,0.0,0.0,0.0,0.0,1,1
2055,0.9915394,1.0,0.00846060000000004,0.9879133,1.0,0.012086700000000006,1.0,1.0,0.0,0.0,0.0,0.0,0.0,0.0,0.0,1,1
2056,1.0,1.0,0.0,1.0,1.0,0.0,1.0,1.0,0.0,0.0,0.0,0.0,0.0,0.0,0.0,1,1
2057,0.8950305,0.93874973,0.04371923,0.85004354,0.9124996,0.062456059999999924,1.0,1.0,0.0,0.0,0.0,0.0,0.0,0.0,0.0,1,1
2058,1.0,1.0,0.0,0.99999994,0.99999994,0.0,1.0,1.0,0.0,0.0,0.0,0.0,0.0,0.0,0.0,1,1
2059,0.84170705,0.90788615,0.06617909999999994,0.82743853,0.9273372,0.09989866999999997,0.875,0.8625,-0.012499999999999956,0.0,0.0,0.0,0.0,0.0,0.0,1,1
2060,0.9655668,0.9993169,0.033750100000000005,0.99902415,0.99902415,0.0,0.8875,1.0,0.11250000000000004,0.0,0.0,0.0,0.0,0.0,0.0,1,1
2061,0.9145113,0.956752,0.04224070000000002,0.87787336,0.9382172,0.060343839999999926,1.0,1.0,0.0,0.0,0.0,0.0,0.0,0.0,0.0,1,1
2062,0.9585587,0.96250004,0.003941340000000015,0.97294086,1.0,0.02705913999999998,0.925,0.875,-0.050000000000000044,0.0,0.0,0.0,0.0,0.0,0.0,1,1
2063,0.9292795,0.9292795,0.0,0.89897066,0.89897066,0.0,1.0,1.0,0.0,0.0,0.0,0.0,0.0,0.0,0.0,1,1
2064,0.97749996,0.96999997,-0.007499989999999901,1.0,1.0,0.0,0.925,0.90000004,-0.024999960000000043,0.0,0.0,0.0,0.0,0.0,0.0,1,1
2065,1.0,1.0,0.0,1.0,1.0,0.0,1.0,1.0,0.0,0.0,0.0,0.0,0.0,0.0,0.0,1,1
2066,1.0,1.0,0.0,1.0,1.0,0.0,1.0,1.0,0.0,0.0,0.0,0.0,0.0,0.0,0.0,1,1
2067,0.9967171,0.0,-0.9967171,0.9953102,1.0,0.004689799999999966,1.0,1.0,0.0,0.0,0.0,0.0,0.0,0.0,1.0,1,0
2068,0.0,0.0,0.0,0.023836363,0.028353421,0.004517058000000001,0.875,1.0,0.125,1.0,1.0,1.0,1.0,0.0,0.0,0,0
2069,0.0,0.0,0.0,1.0,1.0,0.0,1.0,1.0,0.0,1.0,1.0,1.0,1.0,0.0,0.0,0,0
2070,0.97375005,1.0,0.026249949999999966,1.0,1.0,0.0,0.9125,1.0,0.08750000000000002,0.0,0.0,0.0,0.0,0.0,0.0,1,1
2071,0.93201154,0.95967895,0.02766741000000006,0.9028736,0.9745413,0.0716677,1.0,0.925,-0.07499999999999996,0.0,0.0,0.0,0.0,0.0,0.0,1,1
2072,0.95163625,0.96625006,0.01461381000000006,0.96305174,1.0,0.036948259999999955,0.925,0.8875,-0.03750000000000009,0.0,0.0,0.0,0.0,0.0,0.0,1,1
2073,0.9742039,0.94835377,-0.025850130000000027,0.96314836,0.92621976,-0.03692860000000009,1.0,1.0,0.0,0.0,0.0,0.0,0.0,0.0,0.0,1,1
2074,0.8830908,0.92924196,0.04615116000000008,0.8329868,0.89891714,0.06593033999999998,1.0,1.0,0.0,0.0,0.0,0.0,0.0,0.0,0.0,1,1
2075,1.0,1.0,0.0,1.0,1.0,0.0,1.0,1.0,0.0,0.0,0.0,0.0,0.0,0.0,0.0,1,1
2076,0.8688156,0.9151832,0.04636759999999995,0.8125938,0.8788331,0.0662393,1.0,1.0,0.0,0.0,0.0,0.0,0.0,0.0,0.0,1,1
2077,0.9027311,0.9027311,0.0,0.8610444,0.8610444,0.0,1.0,1.0,0.0,0.0,0.0,0.0,0.0,0.0,0.0,1,1
2078,0.8176343,0.87879527,0.06116096999999998,0.7876919,0.91256464,0.12487274000000004,0.8875,0.8,-0.08749999999999991,0.0,0.0,0.0,0.0,0.0,0.0,1,1
2079,0.96625006,0.94750005,-0.018750009999999984,1.0,1.0,0.0,0.8875,0.825,-0.0625,0.0,0.0,0.0,0.0,0.0,0.0,1,1
2080,1.0,1.0,0.0,1.0,1.0,0.0,1.0,1.0,0.0,0.0,0.0,0.0,0.0,0.0,0.0,1,1
2081,0.0,0.0,0.0,0.59643304,0.96773446,0.37130142,1.0,1.0,0.0,2.0,2.0,1.0,1.0,0.0,0.0,0,0
2082,1.0,1.0,0.0,1.0,1.0,0.0,1.0,1.0,0.0,0.0,0.0,0.0,0.0,0.0,0.0,1,1
2083,0.86219025,0.82632506,-0.0358651900000001,0.8031289,0.7893928,-0.013736100000000029,1.0,0.9125,-0.08750000000000002,0.0,0.0,0.0,0.0,0.0,0.0,1,1
2084,0.9343168,0.9568168,0.022500000000000075,0.93830967,0.93830967,0.0,0.925,1.0,0.07499999999999996,0.0,0.0,0.0,0.0,0.0,0.0,1,1
2085,0.94690955,0.9220285,-0.02488104999999996,0.92415637,0.93682635,0.01266998000000008,1.0,0.8875,-0.11250000000000004,0.0,0.0,0.0,0.0,0.0,0.0,1,1
2086,0.837463,0.83145076,-0.006012240000000002,0.8320899,0.84492964,0.012839739999999988,0.85,0.8,-0.04999999999999993,0.0,0.0,0.0,0.0,0.0,0.0,1,1
2087,0.9024214,0.9317135,0.029292099999999932,0.8927448,0.9024478,0.009703000000000017,0.925,1.0,0.07499999999999996,0.0,0.0,0.0,0.0,0.0,0.0,1,1
2088,1.0,1.0,0.0,1.0,1.0,0.0,1.0,1.0,0.0,0.0,0.0,0.0,0.0,0.0,0.0,1,1
2089,0.83761996,0.84012014,0.002500179999999963,0.80017143,0.82517165,0.025000220000000017,0.925,0.875,-0.050000000000000044,0.0,0.0,0.0,0.0,0.0,0.0,1,1
2090,0.8722022,0.91221637,0.04001416999999996,0.84957457,0.87459487,0.025020299999999995,0.925,1.0,0.07499999999999996,0.0,0.0,0.0,0.0,0.0,0.0,1,1
2091,1.0,1.0,0.0,1.0,1.0,0.0,1.0,1.0,0.0,0.0,0.0,0.0,0.0,0.0,0.0,1,1
2092,1.0,0.9574656,-0.04253439999999997,1.0,0.9874507,-0.012549299999999985,1.0,0.8875,-0.11250000000000004,0.0,0.0,0.0,0.0,0.0,0.0,1,1
2093,1.0,1.0,0.0,1.0,1.0,0.0,1.0,1.0,0.0,0.0,0.0,0.0,0.0,0.0,0.0,1,1
2094,0.94317514,0.93600655,-0.00716859000000003,0.9188217,0.90858084,-0.010240860000000018,1.0,1.0,0.0,0.0,0.0,0.0,0.0,0.0,0.0,1,1
2095,0.9221188,0.9395013,0.017382499999999967,0.8887411,0.91357327,0.024832170000000042,1.0,1.0,0.0,0.0,0.0,0.0,0.0,0.0,0.0,1,1
2096,1.0,0.97749996,-0.022500040000000054,1.0,1.0,0.0,1.0,0.925,-0.07499999999999996,0.0,0.0,0.0,0.0,0.0,0.0,1,1
2097,1.0,1.0,0.0,1.0,1.0,0.0,1.0,1.0,0.0,0.0,0.0,0.0,0.0,0.0,0.0,1,1
2098,1.0,1.0,0.0,1.0,1.0,0.0,1.0,1.0,0.0,0.0,0.0,0.0,0.0,0.0,0.0,1,1
2099,0.9907543,0.9907543,0.0,0.9867919,0.9867919,0.0,1.0,1.0,0.0,0.0,0.0,0.0,0.0,0.0,0.0,1,1
2100,0.90395796,0.9389284,0.03497044000000005,0.86279696,0.9127549,0.04995794000000009,1.0,1.0,0.0,0.0,0.0,0.0,0.0,0.0,0.0,1,1
2101,0.8149811,0.97749996,0.16251885999999993,0.7356873,1.0,0.26431269999999996,1.0,0.925,-0.07499999999999996,0.0,0.0,0.0,0.0,0.0,0.0,1,1
2102,1.0,1.0,0.0,1.0,1.0,0.0,1.0,1.0,0.0,0.0,0.0,0.0,0.0,0.0,0.0,1,1
2103,0.91430277,0.92300093,0.00869816000000001,0.87757534,0.89000136,0.012426019999999927,1.0,1.0,0.0,0.0,0.0,0.0,0.0,0.0,0.0,1,1
2104,0.96250004,0.9400372,-0.022462839999999984,0.99999994,0.9625531,-0.03744683999999998,0.875,0.8875,0.012499999999999956,0.0,0.0,0.0,0.0,0.0,0.0,1,1
2105,0.8073435,0.8373434,0.029999899999999968,0.7997764,0.7997764,0.0,0.825,0.925,0.10000000000000009,0.0,0.0,0.0,0.0,0.0,0.0,1,1
2106,0.91,0.93166333,0.02166332999999998,1.0,0.9880905,-0.011909500000000017,0.7,0.8,0.10000000000000009,0.0,0.0,0.0,0.0,0.0,0.0,1,1
2107,0.7746408,0.8277109,0.05307010000000001,0.7262726,0.80208695,0.07581434999999992,0.8875,0.8875,0.0,0.0,0.0,0.0,0.0,0.0,0.0,1,1
2108,0.93993086,0.92739576,-0.012535100000000021,0.9624012,0.94985104,-0.012550159999999977,0.8875,0.875,-0.012499999999999956,0.0,0.0,0.0,0.0,0.0,0.0,1,1
2109,0.97749996,1.0,0.022500040000000054,1.0,1.0,0.0,0.925,1.0,0.07499999999999996,0.0,0.0,0.0,0.0,0.0,0.0,1,1
2110,1.0,1.0,0.0,1.0,1.0,0.0,1.0,1.0,0.0,0.0,0.0,0.0,0.0,0.0,0.0,1,1
2111,0.8048043,0.8316145,0.026810200000000006,0.7747205,0.81302065,0.03830014999999998,0.875,0.875,0.0,0.0,0.0,0.0,0.0,0.0,0.0,1,1
2112,0.9169445,0.9126031,-0.004341400000000051,0.8813494,0.9072901,0.02594070000000004,1.0,0.925,-0.07499999999999996,0.0,0.0,0.0,0.0,0.0,0.0,1,1
2113,1.0,1.0,0.0,1.0,1.0,0.0,1.0,1.0,0.0,0.0,0.0,0.0,0.0,0.0,0.0,1,1
2114,1.0,1.0,0.0,1.0,1.0,0.0,1.0,1.0,0.0,0.0,0.0,0.0,0.0,0.0,0.0,1,1
2115,0.9215233,0.94,0.0184766999999999,0.9200332,1.0,0.0799668,0.925,0.8,-0.125,0.0,0.0,0.0,0.0,0.0,0.0,1,1
2116,1.0,1.0,0.0,1.0,1.0,0.0,1.0,1.0,0.0,0.0,0.0,0.0,0.0,0.0,0.0,1,1
2117,0.8948498,0.8873486,-0.007501199999999986,0.84978545,0.88728356,0.03749810999999992,1.0,0.8875,-0.11250000000000004,0.0,0.0,0.0,0.0,0.0,0.0,1,1
2118,0.97761613,0.9662766,-0.011339529999999987,0.9680231,0.9839665,0.01594339999999994,1.0,0.925,-0.07499999999999996,0.0,0.0,0.0,0.0,0.0,0.0,1,1
2119,0.9397678,0.98978895,0.05002114999999996,0.9139539,0.9854127,0.07145880000000004,1.0,1.0,0.0,0.0,0.0,0.0,0.0,0.0,0.0,1,1
2120,1.0,1.0,0.0,1.0,1.0,0.0,1.0,1.0,0.0,0.0,0.0,0.0,0.0,0.0,0.0,1,1
2121,0.8479744,0.9269428,0.07896839999999994,0.8310349,0.8956327,0.06459779999999993,0.8875,1.0,0.11250000000000004,0.0,0.0,0.0,0.0,0.0,0.0,1,1
2122,0.9137017,0.94749993,0.03379823000000004,0.962431,0.99999994,0.037568939999999995,0.8,0.825,0.02499999999999991,0.0,0.0,0.0,0.0,0.0,0.0,1,1
2123,0.8790409,0.9015768,0.022535899999999942,0.8754157,0.91296685,0.03755114999999998,0.8875,0.875,-0.012499999999999956,0.0,0.0,0.0,0.0,0.0,0.0,1,1
2124,1.0,1.0,0.0,1.0,1.0,0.0,1.0,1.0,0.0,0.0,0.0,0.0,0.0,0.0,0.0,1,1
2125,0.9215881,0.9573245,0.0357364,0.9361973,0.9872493,0.051051999999999986,0.8875,0.8875,0.0,0.0,0.0,0.0,0.0,0.0,0.0,1,1
2126,0.8849692,0.8792929,-0.0056762999999999675,0.9481702,0.8864898,-0.06168039999999997,0.7375,0.8625,0.125,0.0,0.0,0.0,0.0,0.0,0.0,1,1
2127,0.97749996,0.95874995,-0.018750009999999984,1.0,1.0,0.0,0.925,0.8625,-0.0625,0.0,0.0,0.0,0.0,0.0,0.0,1,1
2128,1.0,0.97749996,-0.022500040000000054,1.0,1.0,0.0,1.0,0.925,-0.07499999999999996,0.0,0.0,0.0,0.0,0.0,0.0,1,1
2129,0.8464913,0.7939585,-0.052532799999999935,0.8128447,0.7377978,-0.07504690000000003,0.925,0.925,0.0,0.0,0.0,0.0,0.0,0.0,0.0,1,1
2130,0.9362499,0.8584978,-0.07775209999999999,0.99999994,0.8996397,-0.10036023999999999,0.7875,0.7625,-0.025000000000000022,0.0,0.0,0.0,0.0,0.0,0.0,1,1
2131,0.92044944,1.0,0.07955056000000005,0.93457055,1.0,0.06542945,0.8875,1.0,0.11250000000000004,0.0,0.0,0.0,0.0,0.0,0.0,1,1
2132,1.0,1.0,0.0,1.0,1.0,0.0,1.0,1.0,0.0,0.0,0.0,0.0,0.0,0.0,0.0,1,1
2133,0.82934064,0.8895054,0.06016476000000004,0.874058,0.9117934,0.037735399999999975,0.725,0.83750004,0.11250004000000002,0.0,0.0,0.0,0.0,0.0,0.0,1,1
2134,0.86022186,0.83164036,-0.028581500000000037,0.912817,0.8505576,-0.062259399999999965,0.7375,0.7875,0.04999999999999993,0.0,0.0,0.0,0.0,0.0,0.0,1,1
2135,0.94,0.94877404,0.008774040000000038,1.0,0.97503436,-0.02496564000000001,0.8,0.8875,0.08749999999999991,0.0,0.0,0.0,0.0,0.0,0.0,1,1
2136,1.0,0.97749996,-0.022500040000000054,1.0,1.0,0.0,1.0,0.925,-0.07499999999999996,0.0,0.0,0.0,0.0,0.0,0.0,1,1
2137,0.9306313,0.91994494,-0.010686360000000006,0.9491162,0.8856357,-0.06348049999999994,0.8875,1.0,0.11250000000000004,0.0,0.0,0.0,0.0,0.0,0.0,1,1
2138,0.9415806,0.91908056,-0.022500039999999943,0.91654366,0.91654366,0.0,1.0,0.925,-0.07499999999999996,0.0,0.0,0.0,0.0,0.0,0.0,1,1
2139,0.97749996,1.0,0.022500040000000054,1.0,1.0,0.0,0.925,1.0,0.07499999999999996,0.0,0.0,0.0,0.0,0.0,0.0,1,1
2140,0.96250004,0.95874995,-0.0037500900000000392,1.0,1.0,0.0,0.875,0.8625,-0.012499999999999956,0.0,0.0,0.0,0.0,0.0,0.0,1,1
2141,0.9081692,0.9764786,0.06830939999999996,0.86881316,0.96639794,0.09758478000000004,1.0,1.0,0.0,0.0,0.0,0.0,0.0,0.0,0.0,1,1
2142,0.9449915,0.9478974,0.002905900000000017,0.92141646,0.97378194,0.052365479999999964,1.0,0.8875,-0.11250000000000004,0.0,0.0,0.0,0.0,0.0,0.0,1,1
2143,0.9993246,0.9691828,-0.030141799999999996,0.9990352,0.9988325,-0.0002027000000000001,1.0,0.90000004,-0.09999996,0.0,0.0,0.0,0.0,0.0,0.0,1,1
2144,0.93024343,0.92235166,-0.007891769999999965,0.9003477,0.8890737,-0.011274000000000006,1.0,1.0,0.0,0.0,0.0,0.0,0.0,0.0,0.0,1,1
2145,1.0,1.0,0.0,1.0,1.0,0.0,1.0,1.0,0.0,0.0,0.0,0.0,0.0,0.0,0.0,1,1
2146,0.96625006,0.96625006,0.0,1.0,1.0,0.0,0.8875,0.8875,0.0,0.0,0.0,0.0,0.0,0.0,0.0,1,1
2147,1.0,1.0,0.0,1.0,1.0,0.0,1.0,1.0,0.0,0.0,0.0,0.0,0.0,0.0,0.0,1,1
2148,1.0,1.0,0.0,1.0,1.0,0.0,1.0,1.0,0.0,0.0,0.0,0.0,0.0,0.0,0.0,1,1
2149,0.90150225,0.90150225,0.0,0.859289,0.859289,0.0,1.0,1.0,0.0,0.0,0.0,0.0,0.0,0.0,0.0,1,1
2150,0.9571771,0.8901642,-0.06701290000000004,0.9388244,0.8752345,-0.06358989999999998,1.0,0.925,-0.07499999999999996,0.0,0.0,0.0,0.0,0.0,0.0,1,1
2151,1.0,1.0,0.0,1.0,1.0,0.0,1.0,1.0,0.0,0.0,0.0,0.0,0.0,0.0,0.0,1,1
2152,0.9601063,0.90160227,-0.05850402999999993,0.97515184,0.9130032,-0.06214863999999998,0.925,0.875,-0.050000000000000044,0.0,0.0,0.0,0.0,0.0,0.0,1,1
2153,0.8814991,0.9104418,0.028942699999999988,0.83071303,0.8720597,0.04134667000000003,1.0,1.0,0.0,0.0,0.0,0.0,0.0,0.0,0.0,1,1
2154,0.88875115,0.86626196,-0.022489190000000048,0.9000016,0.86251706,-0.03748454000000001,0.8625,0.875,0.012499999999999956,0.0,0.0,0.0,0.0,0.0,0.0,1,1
2155,0.93217987,0.92362994,-0.008549930000000039,0.9031141,0.89089984,-0.012214260000000032,1.0,1.0,0.0,0.0,0.0,0.0,0.0,0.0,0.0,1,1
2156,0.9109336,0.87718356,-0.03375004000000004,0.87276226,0.87276226,0.0,1.0,0.8875,-0.11250000000000004,0.0,0.0,0.0,0.0,0.0,0.0,1,1
2157,0.8314132,0.8489208,0.017507600000000068,0.8127331,0.83774406,0.025010960000000027,0.875,0.875,0.0,0.0,0.0,0.0,0.0,0.0,0.0,1,1
2158,0.8913695,0.92456836,0.03319885999999994,0.85017073,0.8975977,0.04742697000000007,0.9875,0.9875,0.0,0.0,0.0,0.0,0.0,0.0,0.0,1,1
2159,0.9401135,0.8627597,-0.07735380000000003,0.9626621,0.90037096,-0.06229113999999991,0.8875,0.77500004,-0.11249995999999995,0.0,0.0,0.0,0.0,0.0,0.0,1,1
2160,0.95500004,0.92095655,-0.034043490000000065,1.0,0.8870807,-0.11291929999999994,0.85,1.0,0.15000000000000002,0.0,0.0,0.0,0.0,0.0,0.0,1,1
2161,0.881827,0.8541113,-0.02771570000000001,0.8847528,0.87194467,-0.012808130000000029,0.875,0.8125,-0.0625,0.0,0.0,0.0,0.0,0.0,0.0,1,1
2162,0.9309285,0.92228335,-0.008645150000000101,0.9013265,0.8889762,-0.012350300000000036,1.0,1.0,0.0,0.0,0.0,0.0,0.0,0.0,0.0,1,1
2163,0.930627,0.9130686,-0.017558399999999974,0.90089566,0.87581235,-0.02508330999999997,1.0,1.0,0.0,0.0,0.0,0.0,0.0,0.0,0.0,1,1
2164,0.83116895,0.8302931,-0.0008758500000000113,0.8391699,0.8754187,0.03624879999999997,0.8125,0.725,-0.08750000000000002,0.0,0.0,0.0,0.0,0.0,0.0,1,1
2165,0.92706746,0.9025344,-0.024533059999999995,0.9493821,0.86076343,-0.08861867000000001,0.875,1.0,0.125,0.0,0.0,0.0,0.0,0.0,0.0,1,1
2166,0.9232675,0.9232675,0.0,0.8903821,0.8903821,0.0,1.0,1.0,0.0,0.0,0.0,0.0,0.0,0.0,0.0,1,1
2167,1.0,1.0,0.0,1.0,1.0,0.0,1.0,1.0,0.0,0.0,0.0,0.0,0.0,0.0,0.0,1,1
2168,1.0,1.0,0.0,1.0,1.0,0.0,1.0,1.0,0.0,0.0,0.0,0.0,0.0,0.0,0.0,1,1
2169,0.8961032,0.91876316,0.022659960000000035,0.851576,0.88394743,0.03237142999999998,1.0,1.0,0.0,0.0,0.0,0.0,0.0,0.0,0.0,1,1
2170,0.921212,0.9124436,-0.00876840000000001,0.8874456,0.8749194,-0.012526199999999932,1.0,1.0,0.0,0.0,0.0,0.0,0.0,0.0,0.0,1,1
2171,0.85578537,0.86383957,0.008054200000000011,0.79397905,0.80548495,0.011505899999999958,1.0,1.0,0.0,0.0,0.0,0.0,0.0,0.0,0.0,1,1
2172,0.28696278,0.9051792,0.61821642,0.029589694,0.86454177,0.834952076,0.8875,1.0,0.11250000000000004,0.0,0.0,0.0,0.0,0.0,0.0,1,1
2173,0.9761074,0.97749996,0.0013925599999999871,0.96586764,1.0,0.03413235999999997,1.0,0.925,-0.07499999999999996,0.0,0.0,0.0,0.0,0.0,0.0,1,1
2174,0.923089,0.9005891,-0.022499900000000017,0.89012724,0.89012724,0.0,1.0,0.925,-0.07499999999999996,0.0,0.0,0.0,0.0,0.0,0.0,1,1
2175,1.0,1.0,0.0,1.0,1.0,0.0,1.0,1.0,0.0,0.0,0.0,0.0,0.0,0.0,0.0,1,1
2176,0.8986908,0.8611652,-0.03752560000000005,0.96241546,0.92487895,-0.03753651000000002,0.75,0.71250004,-0.03749996,0.0,0.0,0.0,0.0,0.0,0.0,1,1
2177,0.849898,0.8366724,-0.01322560000000006,0.7855684,0.79881763,0.01324923,1.0,0.925,-0.07499999999999996,0.0,0.0,0.0,0.0,0.0,0.0,1,1
2178,0.8805812,0.8950934,0.014512200000000086,0.86154455,0.89834756,0.03680301000000008,0.925,0.8875,-0.03750000000000009,0.0,0.0,0.0,0.0,0.0,0.0,1,1
2179,1.0,1.0,0.0,1.0,1.0,0.0,1.0,1.0,0.0,0.0,0.0,0.0,0.0,0.0,0.0,1,1
2180,0.9114489,0.94740313,0.035954229999999976,0.87349844,0.92486155,0.051363110000000045,1.0,1.0,0.0,0.0,0.0,0.0,0.0,0.0,0.0,1,1
2181,0.87726516,0.91782993,0.04056477000000003,0.85680735,0.88261414,0.02580679000000008,0.925,1.0,0.07499999999999996,0.0,0.0,0.0,0.0,0.0,0.0,1,1
2182,1.0,1.0,0.0,1.0,1.0,0.0,1.0,1.0,0.0,0.0,0.0,0.0,0.0,0.0,0.0,1,1
2183,0.89300615,0.8687175,-0.024288650000000023,0.87929446,0.866025,-0.013269459999999955,0.925,0.875,-0.050000000000000044,0.0,0.0,0.0,0.0,0.0,0.0,1,1
2184,0.89442796,0.92996806,0.03554009999999996,0.8491828,0.8999544,0.05077160000000003,1.0,1.0,0.0,0.0,0.0,0.0,0.0,0.0,0.0,1,1
2185,0.93108577,0.9213091,-0.009776670000000043,0.9015511,0.88758445,-0.01396665000000008,1.0,1.0,0.0,0.0,0.0,0.0,0.0,0.0,0.0,1,1
2186,0.92807144,0.9697033,0.041631860000000076,0.8972449,0.956719,0.059474099999999974,1.0,1.0,0.0,0.0,0.0,0.0,0.0,0.0,0.0,1,1
2187,1.0,1.0,0.0,1.0,1.0,0.0,1.0,1.0,0.0,0.0,0.0,0.0,0.0,0.0,0.0,1,1
2188,0.91247576,0.92124766,0.008771900000000055,0.87496537,0.88749665,0.012531280000000034,1.0,1.0,0.0,0.0,0.0,0.0,0.0,0.0,0.0,1,1
2189,1.0,1.0,0.0,1.0,1.0,0.0,1.0,1.0,0.0,0.0,0.0,0.0,0.0,0.0,0.0,1,1
2190,0.9123413,0.92985886,0.017517559999999932,0.8747734,0.8997984,0.025024999999999964,1.0,1.0,0.0,0.0,0.0,0.0,0.0,0.0,0.0,1,1
2191,1.0,1.0,0.0,1.0,1.0,0.0,1.0,1.0,0.0,0.0,0.0,0.0,0.0,0.0,0.0,1,1
2192,0.87817174,0.9119218,0.033750060000000026,0.874174,0.874174,0.0,0.8875,1.0,0.11250000000000004,0.0,0.0,0.0,0.0,0.0,0.0,1,1
2193,0.924658,0.9486696,0.024011600000000022,0.9245114,0.9748851,0.050373699999999966,0.925,0.8875,-0.03750000000000009,0.0,0.0,0.0,0.0,0.0,0.0,1,1
2194,0.9121439,0.9121439,0.0,0.8744913,0.8744913,0.0,1.0,1.0,0.0,0.0,0.0,0.0,0.0,0.0,0.0,1,1
2195,0.78542346,0.757205,-0.028218459999999945,0.7845335,0.79779285,0.013259350000000003,0.7875,0.6625,-0.125,0.0,0.0,0.0,0.0,0.0,0.0,1,1
2196,0.9215128,0.9215128,0.0,0.8878754,0.8878754,0.0,1.0,1.0,0.0,0.0,0.0,0.0,0.0,0.0,0.0,1,1
2197,0.8942747,0.9296549,0.03538019999999997,0.8489639,0.8995069,0.050543000000000005,1.0,1.0,0.0,0.0,0.0,0.0,0.0,0.0,0.0,1,1
2198,0.96625006,0.9175,-0.04875006000000004,1.0,1.0,0.0,0.8875,0.725,-0.16249999999999998,0.0,0.0,0.0,0.0,0.0,0.0,1,1
2199,0.8728442,0.8728442,0.0,0.9201346,0.9201346,0.0,0.7625,0.7625,0.0,0.0,0.0,0.0,0.0,0.0,0.0,1,1
2200,0.85362434,0.91496086,0.061336520000000005,0.8498204,0.93744403,0.08762362999999995,0.8625,0.8625,0.0,0.0,0.0,0.0,0.0,0.0,0.0,1,1
2201,0.83973503,0.92875004,0.08901501,0.88890725,1.0000001,0.11109285000000002,0.725,0.7625,0.03749999999999998,0.0,0.0,0.0,0.0,0.0,0.0,1,1
2202,0.83982354,0.8275024,-0.012321140000000064,0.8622478,0.8125034,-0.04974440000000002,0.7875,0.8625,0.07500000000000007,0.0,0.0,0.0,0.0,0.0,0.0,1,1
2203,0.91193265,0.9382631,0.026330450000000005,0.8741895,0.91180444,0.0376149400000001,1.0,1.0,0.0,0.0,0.0,0.0,0.0,0.0,0.0,1,1
2204,0.8172531,0.8434989,0.026245800000000097,0.7871472,0.8246413,0.037494099999999975,0.8875,0.8875,0.0,0.0,0.0,0.0,0.0,0.0,0.0,1,1
2205,1.0,1.0,0.0,1.0,1.0,0.0,1.0,1.0,0.0,0.0,0.0,0.0,0.0,0.0,0.0,1,1
2206,0.92982864,0.913184,-0.01664463999999999,0.8997551,0.8759771,-0.023778000000000077,1.0,1.0,0.0,0.0,0.0,0.0,0.0,0.0,0.0,1,1
2207,0.7410301,0.7516853,0.010655199999999976,0.6782573,0.730979,0.052721700000000093,0.8875,0.8,-0.08749999999999991,0.0,0.0,0.0,0.0,0.0,0.0,1,1
2208,0.9009127,0.903186,0.0022733000000000336,0.8584467,0.9099086,0.05146189999999995,1.0,0.8875,-0.11250000000000004,0.0,0.0,0.0,0.0,0.0,0.0,1,1
2209,1.0,1.0,0.0,1.0,1.0,0.0,1.0,1.0,0.0,0.0,0.0,0.0,0.0,0.0,0.0,1,1
2210,0.9325,0.9175,-0.015000000000000013,1.0,1.0,0.0,0.77500004,0.725,-0.05000004000000002,0.0,0.0,0.0,0.0,0.0,0.0,1,1
2211,0.94733906,0.92975825,-0.017580810000000002,0.92477006,0.89965457,-0.025115489999999907,1.0,1.0,0.0,0.0,0.0,0.0,0.0,0.0,0.0,1,1
2212,1.0,0.9025,-0.09750000000000003,1.0,1.0,0.0,1.0,0.675,-0.32499999999999996,0.0,0.0,0.0,0.0,0.0,0.0,1,1
2213,0.96386814,0.94772035,-0.016147789999999995,0.94838303,0.97352904,0.02514600999999994,1.0,0.8875,-0.11250000000000004,0.0,0.0,0.0,0.0,0.0,0.0,1,1
2214,0.98426956,1.0,0.015730440000000012,0.9775279,1.0,0.022472099999999995,1.0,1.0,0.0,0.0,0.0,0.0,0.0,0.0,0.0,1,1
2215,1.0,1.0,0.0,1.0,1.0,0.0,1.0,1.0,0.0,0.0,0.0,0.0,0.0,0.0,0.0,1,1
2216,1.0,1.0,0.0,1.0,1.0,0.0,1.0,1.0,0.0,0.0,0.0,0.0,0.0,0.0,0.0,1,1
2217,1.0,1.0,0.0,1.0,1.0,0.0,1.0,1.0,0.0,0.0,0.0,0.0,0.0,0.0,0.0,1,1
2218,1.0,0.96625006,-0.03374993999999998,1.0,1.0,0.0,1.0,0.8875,-0.11250000000000004,0.0,0.0,0.0,0.0,0.0,0.0,1,1
2219,0.96625006,1.0,0.03374993999999998,1.0,1.0,0.0,0.8875,1.0,0.11250000000000004,0.0,0.0,0.0,0.0,0.0,0.0,1,1
2220,0.9025,0.9407126,0.03821260000000004,1.0,0.963518,-0.036482000000000014,0.675,0.8875,0.2124999999999999,0.0,0.0,0.0,0.0,0.0,0.0,1,1
2221,0.8415969,0.83425504,-0.007341860000000033,0.77370983,0.8114357,0.03772586999999994,1.0,0.8875,-0.11250000000000004,0.0,0.0,0.0,0.0,0.0,0.0,1,1
2222,0.96625006,0.9394962,-0.026753860000000018,1.0,0.9617804,-0.03821960000000002,0.8875,0.8875,0.0,0.0,0.0,0.0,0.0,0.0,0.0,1,1
2223,1.0,1.0,0.0,1.0,1.0,0.0,1.0,1.0,0.0,0.0,0.0,0.0,0.0,0.0,0.0,1,1
2224,0.9030714,0.9382914,0.03522000000000003,0.86153054,0.91184485,0.050314310000000084,1.0,1.0,0.0,0.0,0.0,0.0,0.0,0.0,0.0,1,1
2225,1.0,0.97749996,-0.022500040000000054,1.0,1.0,0.0,1.0,0.925,-0.07499999999999996,0.0,0.0,0.0,0.0,0.0,0.0,1,1
2226,0.973708,0.89990014,-0.07380786000000006,0.9624399,0.93735737,-0.025082530000000047,1.0,0.8125,-0.1875,0.0,0.0,0.0,0.0,0.0,0.0,1,1
2227,1.0,1.0,0.0,1.0,1.0,0.0,1.0,1.0,0.0,0.0,0.0,0.0,0.0,0.0,0.0,1,1
2228,1.0,0.97749996,-0.022500040000000054,1.0,1.0,0.0,1.0,0.925,-0.07499999999999996,0.0,0.0,0.0,0.0,0.0,0.0,1,1
2229,0.92142314,0.93889105,0.01746790999999992,0.8877473,0.9127015,0.024954200000000037,1.0,1.0,0.0,0.0,0.0,0.0,0.0,0.0,0.0,1,1
2230,0.94819874,0.97170764,0.023508899999999944,0.97421235,0.99172515,0.017512800000000106,0.8875,0.925,0.03750000000000009,0.0,0.0,0.0,0.0,0.0,0.0,1,1
2231,0.87075967,0.8730316,0.002271930000000033,0.815371,0.85075945,0.035388450000000016,1.0,0.925,-0.07499999999999996,0.0,0.0,0.0,0.0,0.0,0.0,1,1
2232,1.0,1.0,0.0,1.0,1.0,0.0,1.0,1.0,0.0,0.0,0.0,0.0,0.0,0.0,0.0,1,1
2233,1.0,1.0,0.0,1.0,1.0,0.0,1.0,1.0,0.0,0.0,0.0,0.0,0.0,0.0,0.0,1,1
2234,0.96270925,0.9532095,-0.009499749999999918,0.9467274,0.9331565,-0.013570899999999941,1.0,1.0,0.0,0.0,0.0,0.0,0.0,0.0,0.0,1,1
2235,0.91189116,0.8676716,-0.04421956000000005,0.92234445,0.89667374,-0.025670709999999985,0.8875,0.8,-0.08749999999999991,0.0,0.0,0.0,0.0,0.0,0.0,1,1
2236,0.8951206,0.8726206,-0.022500000000000075,0.8501722,0.8501722,0.0,1.0,0.925,-0.07499999999999996,0.0,0.0,0.0,0.0,0.0,0.0,1,1
2237,0.8614313,0.8882761,0.026844800000000002,0.80204475,0.8403944,0.03834965000000001,1.0,1.0,0.0,0.0,0.0,0.0,0.0,0.0,0.0,1,1
2238,1.0,1.0,0.0,1.0,1.0,0.0,1.0,1.0,0.0,0.0,0.0,0.0,0.0,0.0,0.0,1,1
2239,1.0,1.0,0.0,0.99999994,0.99999994,0.0,1.0,1.0,0.0,0.0,0.0,0.0,0.0,0.0,0.0,1,1
2240,0.90210265,0.8642666,-0.03783605000000001,0.89228946,0.9614522,0.06916274,0.925,0.6375,-0.2875000000000001,0.0,0.0,0.0,0.0,0.0,0.0,1,1
2241,0.87080544,0.8423414,-0.028464040000000024,0.9493649,0.8229878,-0.1263770999999999,0.6875,0.8875,0.19999999999999996,0.0,0.0,0.0,0.0,0.0,0.0,1,1
2242,0.897637,0.9150402,0.017403199999999952,0.8537672,0.87862885,0.02486165000000007,1.0,1.0,0.0,0.0,0.0,0.0,0.0,0.0,0.0,1,1
2243,0.85494417,0.85534877,0.0004045999999999772,0.7927773,0.8415697,0.04879239999999996,1.0,0.8875,-0.11250000000000004,0.0,0.0,0.0,0.0,0.0,0.0,1,1
2244,1.0,0.869209,-0.130791,1.0,0.8131557,-0.18684429999999996,1.0,1.0,0.0,0.0,0.0,0.0,0.0,0.0,0.0,1,1
2245,1.0,1.0,0.0,1.0,1.0,0.0,1.0,1.0,0.0,0.0,0.0,0.0,0.0,0.0,0.0,1,1
2246,0.9557163,1.0,0.04428370000000004,0.93673754,1.0,0.06326246000000002,1.0,1.0,0.0,0.0,0.0,0.0,0.0,0.0,0.0,1,1
2247,1.0,1.0,0.0,1.0,1.0,0.0,1.0,1.0,0.0,0.0,0.0,0.0,0.0,0.0,0.0,1,1
2248,0.8705804,0.94093114,0.07035073999999997,0.81511486,0.9156159,0.10050104000000004,1.0,1.0,0.0,0.0,0.0,0.0,0.0,0.0,0.0,1,1
2249,0.9224852,0.9224852,0.0,0.8892646,0.8892646,0.0,1.0,1.0,0.0,0.0,0.0,0.0,0.0,0.0,0.0,1,1
2250,0.9403555,1.0,0.05964449999999999,0.91479355,1.0,0.08520645000000004,1.0,1.0,0.0,0.0,0.0,0.0,0.0,0.0,0.0,1,1
2251,1.0,1.0,0.0,1.0,1.0,0.0,1.0,1.0,0.0,0.0,0.0,0.0,0.0,0.0,0.0,1,1
2252,1.0,1.0,0.0,1.0,1.0,0.0,1.0,1.0,0.0,0.0,0.0,0.0,0.0,0.0,0.0,1,1
2253,0.96625006,1.0,0.03374993999999998,1.0,1.0,0.0,0.8875,1.0,0.11250000000000004,0.0,0.0,0.0,0.0,0.0,0.0,1,1
2254,0.97749996,1.0,0.022500040000000054,0.99999994,0.99999994,0.0,0.925,1.0,0.07499999999999996,0.0,0.0,0.0,0.0,0.0,0.0,1,1
2255,1.0,0.91684455,-0.08315545000000002,1.0,0.9187065,-0.08129350000000002,1.0,0.9125,-0.08750000000000002,0.0,0.0,0.0,0.0,0.0,0.0,1,1
2256,1.0,1.0,0.0,1.0,1.0,0.0,1.0,1.0,0.0,0.0,0.0,0.0,0.0,0.0,0.0,1,1
2257,0.88198644,0.92727184,0.04528539999999992,0.8314092,0.8961026,0.06469340000000001,1.0,1.0,0.0,0.0,0.0,0.0,0.0,0.0,0.0,1,1
2258,1.0,1.0,0.0,1.0,1.0,0.0,1.0,1.0,0.0,0.0,0.0,0.0,0.0,0.0,0.0,1,1
2259,1.0,1.0,0.0,0.99999994,0.99999994,0.0,1.0,1.0,0.0,0.0,0.0,0.0,0.0,0.0,0.0,1,1
2260,0.9252181,0.9453797,0.020161600000000002,0.8931687,0.9594708,0.06630209999999992,1.0,0.9125,-0.08750000000000002,0.0,0.0,0.0,0.0,0.0,0.0,1,1
2261,1.0,1.0,0.0,1.0,1.0,0.0,1.0,1.0,0.0,0.0,0.0,0.0,0.0,0.0,0.0,1,1
2262,0.9188318,0.9213719,0.002540100000000045,0.93761694,0.887674,-0.04994293999999999,0.875,1.0,0.125,0.0,0.0,0.0,0.0,0.0,0.0,1,1
2263,0.921109,0.921109,0.0,0.8872985,0.8872985,0.0,1.0,1.0,0.0,0.0,0.0,0.0,0.0,0.0,0.0,1,1
2264,1.0,1.0,0.0,1.0,1.0,0.0,1.0,1.0,0.0,0.0,0.0,0.0,0.0,0.0,0.0,1,1
2265,0.86988795,0.8611237,-0.008764249999999918,0.86234,0.84981954,-0.012520459999999956,0.8875,0.8875,0.0,0.0,0.0,0.0,0.0,0.0,0.0,1,1
2266,1.0,1.0,0.0,1.0,1.0,0.0,1.0,1.0,0.0,0.0,0.0,0.0,0.0,0.0,0.0,1,1
2267,0.8622986,0.91750187,0.055203270000000026,0.86756945,0.9732169,0.10564745000000009,0.85,0.7875,-0.0625,0.0,0.0,0.0,0.0,0.0,0.0,1,1
2268,0.8921904,0.9100899,0.017899499999999957,0.8459863,0.8715569,0.0255706,1.0,1.0,0.0,0.0,0.0,0.0,0.0,0.0,0.0,1,1
2269,0.84097433,0.83097804,-0.009996290000000019,0.8263919,0.83889717,0.012505270000000013,0.875,0.8125,-0.0625,0.0,0.0,0.0,0.0,0.0,0.0,1,1
2270,1.0,1.0,0.0,1.0,1.0,0.0,1.0,1.0,0.0,0.0,0.0,0.0,0.0,0.0,0.0,1,1
2271,1.0,0.97749996,-0.022500040000000054,1.0,1.0,0.0,1.0,0.925,-0.07499999999999996,0.0,0.0,0.0,0.0,0.0,0.0,1,1
2272,0.91206723,0.91206723,0.0,0.8743818,0.8743818,0.0,1.0,1.0,0.0,0.0,0.0,0.0,0.0,0.0,0.0,1,1
2273,1.0,1.0,0.0,1.0,1.0,0.0,1.0,1.0,0.0,0.0,0.0,0.0,0.0,0.0,0.0,1,1
2274,0.9125975,0.9562214,0.04362390000000005,0.8751393,0.9374592,0.062319900000000095,1.0,1.0,0.0,0.0,0.0,0.0,0.0,0.0,0.0,1,1
2275,1.0,1.0,0.0,1.0,1.0,0.0,1.0,1.0,0.0,0.0,0.0,0.0,0.0,0.0,0.0,1,1
2276,0.93786395,0.92007256,-0.017791389999999963,0.91123426,0.8858179,-0.025416359999999916,1.0,1.0,0.0,0.0,0.0,0.0,0.0,0.0,0.0,1,1
2277,0.8375047,0.92251223,0.08500753000000005,0.8214353,0.95358884,0.13215354,0.875,0.85,-0.025000000000000022,0.0,0.0,0.0,0.0,0.0,0.0,1,1
2278,0.28310207,0.28310207,0.0,0.024074385,0.024074385,0.0,0.8875,0.8875,0.0,0.0,0.0,0.0,0.0,0.0,0.0,1,1
2279,0.96625006,1.0,0.03374993999999998,1.0,1.0,0.0,0.8875,1.0,0.11250000000000004,0.0,0.0,0.0,0.0,0.0,0.0,1,1
2280,0.9085822,0.8923902,-0.016191999999999984,0.91226023,0.8998431,-0.012417129999999998,0.90000004,0.875,-0.02500004,0.0,0.0,0.0,0.0,0.0,0.0,1,1
2281,0.9126918,0.93889874,0.0262069399999999,0.875274,0.9127125,0.03743850000000004,1.0,1.0,0.0,0.0,0.0,0.0,0.0,0.0,0.0,1,1
2282,1.0,1.0,0.0,1.0,1.0,0.0,1.0,1.0,0.0,0.0,0.0,0.0,0.0,0.0,0.0,1,1
2283,1.0,1.0,0.0,1.0,1.0,0.0,1.0,1.0,0.0,0.0,0.0,0.0,0.0,0.0,0.0,1,1
2284,1.0,1.0,0.0,1.0,1.0,0.0,1.0,1.0,0.0,0.0,0.0,0.0,0.0,0.0,0.0,1,1
2285,0.78422827,0.7679594,-0.01626886999999999,0.79889745,0.8238706,0.02497315,0.75,0.6375,-0.11250000000000004,0.0,0.0,0.0,0.0,0.0,0.0,1,1
2286,0.8485923,0.82235354,-0.026238759999999917,0.78370327,0.83193374,0.048230470000000025,1.0,0.8,-0.19999999999999996,0.0,0.0,0.0,0.0,0.0,0.0,1,1
2287,0.9051825,0.9319229,0.026740399999999998,0.8645464,0.90274704,0.0382006399999999,1.0,1.0,0.0,0.0,0.0,0.0,0.0,0.0,0.0,1,1
2288,0.8638073,0.90891427,0.04510697000000008,0.80543894,0.8698776,0.06443865999999998,1.0,1.0,0.0,0.0,0.0,0.0,0.0,0.0,0.0,1,1
2289,0.96250004,0.9465443,-0.015955739999999996,1.0,0.92363465,-0.07636535,0.875,1.0,0.125,0.0,0.0,0.0,0.0,0.0,0.0,1,1
2290,1.0,1.0,0.0,1.0000001,1.0000001,0.0,1.0,1.0,0.0,0.0,0.0,0.0,0.0,0.0,0.0,1,1
2291,1.0,1.0,0.0,1.0,1.0,0.0,1.0,1.0,0.0,0.0,0.0,0.0,0.0,0.0,0.0,1,1
2292,0.96200496,0.98723954,0.025234580000000006,0.9457213,0.9817708,0.03604950000000007,1.0,1.0,0.0,0.0,0.0,0.0,0.0,0.0,0.0,1,1
2293,1.0,1.0,0.0,1.0,1.0,0.0,1.0,1.0,0.0,0.0,0.0,0.0,0.0,0.0,0.0,1,1
2294,0.90020126,0.9455046,0.045303340000000025,0.85743034,0.9221494,0.06471906000000005,1.0,1.0,0.0,0.0,0.0,0.0,0.0,0.0,0.0,1,1
2295,0.0,0.0,0.0,1.0,1.0,0.0,1.0,1.0,0.0,1.0,1.0,1.0,1.0,0.0,0.0,0,0
2296,0.71301955,0.0,-0.71301955,0.7668137,0.90972936,0.14291566,0.58750004,0.8769231,0.28942305999999995,0.0,0.0,0.0,0.0,0.0,1.0,1,0
2297,0.8129652,0.8129652,0.0,0.7649502,0.7649502,0.0,0.925,0.925,0.0,0.0,0.0,0.0,0.0,0.0,0.0,1,1
2298,0.86170465,0.9270037,0.06529905000000003,0.8024352,0.89571947,0.09328426999999995,1.0,1.0,0.0,0.0,0.0,0.0,0.0,0.0,0.0,1,1
2299,0.879662,0.96625006,0.08658805999999997,0.91380286,1.0,0.08619714,0.8,0.8875,0.08749999999999991,0.0,0.0,0.0,0.0,0.0,0.0,1,1
2300,0.8897808,0.90210104,0.012320239999999982,0.9229012,0.9619301,0.03902890000000003,0.8125,0.7625,-0.050000000000000044,0.0,0.0,0.0,0.0,0.0,0.0,1,1
2301,0.8378634,0.0,-0.8378634,0.76837623,0.31115267,-0.45722356,1.0,1.0,0.0,0.0,1.0,0.0,1.0,0.0,0.0,1,0
2302,0.8747579,0.9197981,0.045040199999999975,0.82108265,0.88542587,0.06434321999999992,1.0,1.0,0.0,0.0,0.0,0.0,0.0,0.0,0.0,1,1
2303,0.8736969,0.8451784,-0.028518500000000002,0.8195669,0.83239764,0.012830740000000063,1.0,0.875,-0.125,0.0,0.0,0.0,0.0,0.0,0.0,1,1
2304,1.0,0.98125,-0.018750000000000044,1.0,1.0,0.0,1.0,0.9375,-0.0625,0.0,0.0,0.0,0.0,0.0,0.0,1,1
2305,0.90527135,0.89646477,-0.008806580000000008,0.9128876,0.90030676,-0.012580840000000038,0.8875,0.8875,0.0,0.0,0.0,0.0,0.0,0.0,0.0,1,1
2306,0.8615985,0.900488,0.03888949999999991,0.8022835,0.85784,0.05555650000000001,1.0,1.0,0.0,0.0,0.0,0.0,0.0,0.0,0.0,1,1
2307,1.0,0.0,-1.0,1.0,0.43039915,-0.56960085,1.0,1.0,0.0,0.0,0.0,0.0,0.0,0.0,1.0,1,0
2308,0.997124,0.997124,0.0,0.99589145,0.99589145,0.0,1.0,1.0,0.0,0.0,0.0,0.0,0.0,0.0,0.0,1,1
2309,0.9263989,0.93944687,0.01304797000000002,0.9752127,0.9134955,-0.06171720000000003,0.8125,1.0,0.1875,0.0,0.0,0.0,0.0,0.0,0.0,1,1
2310,0.0,1.0,1.0,0.56429964,1.0,0.43570036,1.0,1.0,0.0,0.0,0.0,0.0,0.0,1.0,0.0,0,1
2311,1.0,1.0,0.0,1.0,1.0,0.0,1.0,1.0,0.0,0.0,0.0,0.0,0.0,0.0,0.0,1,1
2312,0.93170255,0.95202047,0.02031791999999999,0.90243214,0.9314579,0.0290257599999999,1.0,1.0,0.0,0.0,0.0,0.0,0.0,0.0,0.0,1,1
2313,0.83364165,0.9753875,0.14174584999999995,0.7944881,0.9648393,0.17035119999999992,0.925,1.0,0.07499999999999996,0.0,0.0,0.0,0.0,0.0,0.0,1,1
2314,0.95998794,1.0,0.040012060000000016,0.94283986,1.0,0.057160140000000026,1.0,1.0,0.0,0.0,0.0,0.0,0.0,0.0,0.0,1,1
2315,0.9130955,0.90237236,-0.010723139999999964,0.8758506,0.86053187,-0.015318730000000058,1.0,1.0,0.0,0.0,0.0,0.0,0.0,0.0,0.0,1,1
2316,0.79723465,0.8034582,0.006223549999999967,0.8121209,0.7995831,-0.012537800000000043,0.7625,0.8125,0.050000000000000044,0.0,0.0,0.0,0.0,0.0,0.0,1,1
2317,0.9488789,1.0,0.05112110000000003,0.92696977,1.0,0.07303022999999997,1.0,1.0,0.0,0.0,0.0,0.0,0.0,0.0,0.0,1,1
2318,0.9545048,0.95874995,0.00424514999999992,0.9885783,1.0,0.011421699999999979,0.875,0.8625,-0.012499999999999956,0.0,0.0,0.0,0.0,0.0,0.0,1,1
2319,1.0,1.0,0.0,1.0,1.0,0.0,1.0,1.0,0.0,0.0,0.0,0.0,0.0,0.0,0.0,1,1
2320,1.0,1.0,0.0,1.0,1.0,0.0,1.0,1.0,0.0,0.0,0.0,0.0,0.0,0.0,0.0,1,1
2321,0.88900006,0.0,-0.88900006,0.9646429,0.5054546,-0.4591883,0.71250004,0.6666667,-0.045833340000000056,0.0,1.0,0.0,1.0,0.0,0.0,1,0
2322,0.93625003,0.9157454,-0.020504629999999913,1.0,0.9867791,-0.01322089999999998,0.7875,0.75,-0.03749999999999998,0.0,0.0,0.0,0.0,0.0,0.0,1,1
2323,0.94056684,0.94905657,0.008489729999999973,0.9150954,0.9272236,0.012128200000000033,1.0,1.0,0.0,0.0,0.0,0.0,0.0,0.0,0.0,1,1
2324,0.8993165,0.9174248,0.018108300000000077,0.8561664,0.88203543,0.02586902999999996,1.0,1.0,0.0,0.0,0.0,0.0,0.0,0.0,0.0,1,1
2325,0.97749996,0.97749996,0.0,0.99999994,0.99999994,0.0,0.925,0.925,0.0,0.0,0.0,0.0,0.0,0.0,0.0,1,1
2326,1.0,0.93393624,-0.06606376000000003,1.0,0.937766,-0.06223400000000001,1.0,0.925,-0.07499999999999996,0.0,0.0,0.0,0.0,0.0,0.0,1,1
2327,0.0,0.0,0.0,0.12350659,0.105260886,-0.018245704,1.0,0.0,-1.0,1.0,1.0,1.0,1.0,0.0,0.0,0,0
2328,0.0,0.0,0.0,1.0,1.0,0.0,1.0,1.0,0.0,1.0,1.0,1.0,1.0,0.0,0.0,0,0
2329,0.9019537,0.9308694,0.02891569999999999,0.8599338,0.90124196,0.04130816000000004,1.0,1.0,0.0,0.0,0.0,0.0,0.0,0.0,0.0,1,1
2330,0.83984756,0.83754283,-0.002304730000000088,0.8301393,0.84291834,0.012779039999999964,0.8625,0.825,-0.03750000000000009,0.0,0.0,0.0,0.0,0.0,0.0,1,1
2331,1.0,1.0,0.0,1.0,1.0,0.0,1.0,1.0,0.0,0.0,0.0,0.0,0.0,0.0,0.0,1,1
2332,0.0,0.0,0.0,0.0,1.0,1.0,1.0,1.0,0.0,2.0,2.0,1.0,1.0,0.0,0.0,0,0
2333,0.99348605,0.9756099,-0.01787614999999998,0.99069434,0.965157,-0.025537339999999964,1.0,1.0,0.0,0.0,0.0,0.0,0.0,0.0,0.0,1,1
2334,1.0,1.0,0.0,1.0,1.0,0.0,1.0,1.0,0.0,0.0,0.0,0.0,0.0,0.0,0.0,1,1
2335,0.819269,0.79544944,-0.023819560000000073,0.8221699,0.80957055,-0.01259935000000001,0.8125,0.7625,-0.050000000000000044,0.0,0.0,0.0,0.0,0.0,0.0,1,1
2336,0.93625003,0.92012066,-0.01612936999999992,1.0,0.9769579,-0.023042099999999954,0.7875,0.7875,0.0,0.0,0.0,0.0,0.0,0.0,0.0,1,1
2337,0.97749996,1.0,0.022500040000000054,1.0,1.0,0.0,0.925,1.0,0.07499999999999996,0.0,0.0,0.0,0.0,0.0,0.0,1,1
2338,0.89397925,0.9116313,0.01765205000000003,0.8485418,0.87375903,0.02521722999999998,1.0,1.0,0.0,0.0,0.0,0.0,0.0,0.0,0.0,1,1
2339,0.88312304,0.8668442,-0.016278840000000017,0.88124716,0.8419203,-0.039326860000000075,0.8875,0.925,0.03750000000000009,0.0,0.0,0.0,0.0,0.0,0.0,1,1
2340,1.0,1.0,0.0,1.0,1.0,0.0,1.0,1.0,0.0,0.0,0.0,0.0,0.0,0.0,0.0,1,1
2341,0.94750005,0.89602375,-0.05147630000000003,1.0,0.89967674,-0.10032326000000003,0.825,0.8875,0.0625,0.0,0.0,0.0,0.0,0.0,0.0,1,1
2342,0.95909214,0.95285416,-0.006237979999999976,0.97370297,0.9862202,0.012517230000000046,0.925,0.875,-0.050000000000000044,0.0,0.0,0.0,0.0,0.0,0.0,1,1
2343,0.7896845,0.77817434,-0.011510160000000047,0.69954926,0.72596335,0.026414090000000057,1.0,0.90000004,-0.09999996,0.0,0.0,0.0,0.0,0.0,0.0,1,1
2344,0.92443866,0.99189585,0.06745719000000006,0.89205533,0.9884227,0.09636736999999995,1.0,1.0,0.0,0.0,0.0,0.0,0.0,0.0,0.0,1,1
2345,0.9194533,0.8322858,-0.08716750000000006,0.94921905,0.8354083,-0.11381074999999996,0.85,0.825,-0.025000000000000022,0.0,0.0,0.0,0.0,0.0,0.0,1,1
2346,0.9156731,0.95181465,0.03614154999999997,0.87953293,0.9633067,0.08377376999999997,1.0,0.925,-0.07499999999999996,0.0,0.0,0.0,0.0,0.0,0.0,1,1
2347,0.86190045,0.89611596,0.034215510000000005,0.8027149,0.85159427,0.04887936999999998,1.0,1.0,0.0,0.0,0.0,0.0,0.0,0.0,0.0,1,1
2348,1.0,1.0,0.0,1.0,1.0,0.0,1.0,1.0,0.0,0.0,0.0,0.0,0.0,0.0,0.0,1,1
2349,0.9166542,1.0,0.08334580000000003,0.9184346,1.0,0.08156540000000001,0.9125,1.0,0.08750000000000002,0.0,0.0,0.0,0.0,0.0,0.0,1,1
2350,0.8634249,0.8634249,0.0,0.80489266,0.80489266,0.0,1.0,1.0,0.0,0.0,0.0,0.0,0.0,0.0,0.0,1,1
2351,0.901884,0.9379387,0.036054699999999995,0.96162,0.9488409,-0.012779100000000043,0.7625,0.9125,0.15000000000000002,0.0,0.0,0.0,0.0,0.0,0.0,1,1
2352,1.0,0.6997389,-0.30026109999999995,1.0,0.5710556,-0.4289444,1.0,1.0,0.0,0.0,0.0,0.0,0.0,0.0,0.0,1,1
2353,0.94375,0.92875,-0.015000000000000013,0.99999994,0.99999994,0.0,0.8125,0.7625,-0.050000000000000044,0.0,0.0,0.0,0.0,0.0,0.0,1,1
2354,1.0,1.0,0.0,1.0,1.0,0.0,1.0,1.0,0.0,0.0,0.0,0.0,0.0,0.0,0.0,1,1
2355,0.8357758,0.85737723,0.021601430000000033,0.8671796,0.8551817,-0.011997900000000006,0.7625,0.8625,0.10000000000000009,0.0,0.0,0.0,0.0,0.0,0.0,1,1
2356,1.0,1.0,0.0,1.0,1.0,0.0,1.0,1.0,0.0,0.0,0.0,0.0,0.0,0.0,0.0,1,1
2357,1.0,1.0,0.0,1.0,1.0,0.0,1.0,1.0,0.0,0.0,0.0,0.0,0.0,0.0,0.0,1,1
2358,0.90806466,0.9834148,0.07535014000000007,0.90080655,0.9763069,0.07550035,0.925,1.0,0.07499999999999996,0.0,0.0,0.0,0.0,0.0,0.0,1,1
2359,0.9388403,0.9213845,-0.01745579999999991,0.912629,0.88769215,-0.02493685000000001,1.0,1.0,0.0,0.0,0.0,0.0,0.0,0.0,0.0,1,1
2360,1.0,1.0,0.0,1.0,1.0,0.0,1.0,1.0,0.0,0.0,0.0,0.0,0.0,0.0,0.0,1,1
2361,0.91375,1.0,0.08625000000000005,1.0,1.0,0.0,0.71250004,1.0,0.28749996,0.0,0.0,0.0,0.0,0.0,0.0,1,1
2362,0.92100257,0.93864423,0.017641660000000003,0.88714653,0.91234887,0.02520233999999999,1.0,1.0,0.0,0.0,0.0,0.0,0.0,0.0,0.0,1,1
2363,1.0,1.0,0.0,1.0,1.0,0.0,1.0,1.0,0.0,0.0,0.0,0.0,0.0,0.0,0.0,1,1
2364,0.9903644,0.9899015,-0.00046290000000004383,0.9862348,0.98557353,-0.0006612699999999361,1.0,1.0,0.0,0.0,0.0,0.0,0.0,0.0,0.0,1,1
2365,1.0,1.0,0.0,1.0,1.0,0.0,1.0,1.0,0.0,0.0,0.0,0.0,0.0,0.0,0.0,1,1
2366,1.0,1.0,0.0,1.0,1.0,0.0,1.0,1.0,0.0,0.0,0.0,0.0,0.0,0.0,0.0,1,1
2367,1.0,1.0,0.0,1.0,1.0,0.0,1.0,1.0,0.0,0.0,0.0,0.0,0.0,0.0,0.0,1,1
2368,1.0,0.97749996,-0.022500040000000054,1.0,1.0,0.0,1.0,0.925,-0.07499999999999996,0.0,0.0,0.0,0.0,0.0,0.0,1,1
2369,1.0,1.0,0.0,1.0,1.0,0.0,1.0,1.0,0.0,0.0,0.0,0.0,0.0,0.0,0.0,1,1
2370,0.96250004,0.9449808,-0.017519240000000047,1.0,0.97497255,-0.02502744999999995,0.875,0.875,0.0,0.0,0.0,0.0,0.0,0.0,0.0,1,1
2371,0.9024975,0.9726391,0.07014160000000003,0.8607107,0.96091294,0.10020224,1.0,1.0,0.0,0.0,0.0,0.0,0.0,0.0,0.0,1,1
2372,0.8828802,0.90979975,0.026919550000000014,0.832686,0.8711425,0.038456500000000005,1.0,1.0,0.0,0.0,0.0,0.0,0.0,0.0,0.0,1,1
2373,0.8476284,0.8963785,0.04875010000000002,0.9108978,0.9108978,0.0,0.7,0.8625,0.1625000000000001,0.0,0.0,0.0,0.0,0.0,0.0,1,1
2374,0.8367669,0.8760191,0.03925220000000007,0.8150242,0.87645584,0.06143164000000001,0.8875,0.875,-0.012499999999999956,0.0,0.0,0.0,0.0,0.0,0.0,1,1
2375,0.0,0.95125,0.95125,0.85500675,1.0,0.14499324999999996,1.0,0.83750004,-0.16249996,0.0,0.0,0.0,0.0,1.0,0.0,0,1
2376,0.9159233,0.88217324,-0.033750060000000026,0.8798904,0.8798904,0.0,1.0,0.8875,-0.11250000000000004,0.0,0.0,0.0,0.0,0.0,0.0,1,1
2377,1.0,1.0,0.0,1.0,1.0,0.0,1.0,1.0,0.0,0.0,0.0,0.0,0.0,0.0,0.0,1,1
2378,1.0,1.0,0.0,1.0,1.0,0.0,1.0,1.0,0.0,0.0,0.0,0.0,0.0,0.0,0.0,1,1
2379,1.0,1.0,0.0,1.0,1.0,0.0,1.0,1.0,0.0,0.0,0.0,0.0,0.0,0.0,0.0,1,1
2380,0.9239569,0.9780594,0.05410250000000005,0.8913669,0.96865636,0.07728946000000003,1.0,1.0,0.0,0.0,0.0,0.0,0.0,0.0,0.0,1,1
2381,0.8223969,0.8486404,0.026243499999999975,0.79985267,0.83734334,0.03749066999999995,0.875,0.875,0.0,0.0,0.0,0.0,0.0,0.0,0.0,1,1
2382,0.8747185,0.9231712,0.048452700000000015,0.8210264,0.9384589,0.11743249999999994,1.0,0.8875,-0.11250000000000004,0.0,0.0,0.0,0.0,0.0,0.0,1,1
2383,1.0,1.0,0.0,1.0,1.0,0.0,1.0,1.0,0.0,0.0,0.0,0.0,0.0,0.0,0.0,1,1
2384,0.8771345,0.8208845,-0.05625000000000002,0.8244778,0.8244778,0.0,1.0,0.8125,-0.1875,0.0,0.0,0.0,0.0,0.0,0.0,1,1
2385,0.90414256,0.9215023,0.017359739999999957,0.8630609,0.88786036,0.024799459999999995,1.0,1.0,0.0,0.0,0.0,0.0,0.0,0.0,0.0,1,1
2386,1.0,1.0,0.0,1.0,1.0,0.0,1.0,1.0,0.0,0.0,0.0,0.0,0.0,0.0,0.0,1,1
2387,0.92067665,0.92067665,0.0,0.8866809,0.8866809,0.0,1.0,1.0,0.0,0.0,0.0,0.0,0.0,0.0,0.0,1,1
2388,0.7861706,0.7674206,-0.018750000000000044,0.72667223,0.72667223,0.0,0.925,0.8625,-0.0625,0.0,0.0,0.0,0.0,0.0,0.0,1,1
2389,1.0,1.0,0.0,1.0,1.0,0.0,1.0,1.0,0.0,0.0,0.0,0.0,0.0,0.0,0.0,1,1
2390,0.8467968,0.88836116,0.04156435999999997,0.8400669,0.9637303,0.12366340000000009,0.8625,0.71250004,-0.14999996000000004,0.0,0.0,0.0,0.0,0.0,0.0,1,1
2391,0.9533133,0.94375,-0.009563300000000052,0.97080463,1.0,0.029195370000000054,0.9125,0.8125,-0.09999999999999998,0.0,0.0,0.0,0.0,0.0,0.0,1,1
2392,1.0,1.0,0.0,1.0,1.0,0.0,1.0,1.0,0.0,0.0,0.0,0.0,0.0,0.0,0.0,1,1
2393,0.9290333,0.9202728,-0.008760499999999949,0.89861906,0.886104,-0.012515060000000022,1.0,1.0,0.0,0.0,0.0,0.0,0.0,0.0,0.0,1,1
2394,0.88980544,0.89058065,0.0007752100000000262,0.84257907,0.89190096,0.04932188999999998,1.0,0.8875,-0.11250000000000004,0.0,0.0,0.0,0.0,0.0,0.0,1,1
2395,1.0,1.0,0.0,1.0,1.0,0.0,1.0,1.0,0.0,0.0,0.0,0.0,0.0,0.0,0.0,1,1
2396,1.0,1.0,0.0,1.0,1.0,0.0,1.0,1.0,0.0,0.0,0.0,0.0,0.0,0.0,0.0,1,1
2397,0.99625,0.9435601,-0.052689899999999956,1.0,0.9193716,-0.08062840000000004,0.9875,1.0,0.012499999999999956,0.0,0.0,0.0,0.0,0.0,0.0,1,1
2398,0.87728673,0.8872744,0.009987670000000004,0.82469535,0.8871777,0.06248234999999991,1.0,0.8875,-0.11250000000000004,0.0,0.0,0.0,0.0,0.0,0.0,1,1
2399,0.88146544,0.9058804,0.024414959999999986,0.8306649,0.8655434,0.03487849999999992,1.0,1.0,0.0,0.0,0.0,0.0,0.0,0.0,0.0,1,1
2400,1.0,1.0,0.0,1.0,1.0,0.0,1.0,1.0,0.0,0.0,0.0,0.0,0.0,0.0,0.0,1,1
2401,1.0,1.0,0.0,1.0,1.0,0.0,1.0,1.0,0.0,0.0,0.0,0.0,0.0,0.0,0.0,1,1
2402,0.95500004,0.92875004,-0.026249999999999996,1.0,1.0,0.0,0.85,0.7625,-0.08750000000000002,0.0,0.0,0.0,0.0,0.0,0.0,1,1
2403,0.9597191,0.9657731,0.006054000000000004,0.9424559,0.9511044,0.008648499999999948,1.0,1.0,0.0,0.0,0.0,0.0,0.0,0.0,0.0,1,1
2404,0.9310495,0.9310495,0.0,0.90149933,0.90149933,0.0,1.0,1.0,0.0,0.0,0.0,0.0,0.0,0.0,0.0,1,1
2405,1.0,1.0,0.0,1.0,1.0,0.0,1.0,1.0,0.0,0.0,0.0,0.0,0.0,0.0,0.0,1,1
2406,0.90625,0.97236884,0.06611884000000001,1.0,0.9605268,-0.039473199999999986,0.6875,1.0,0.3125,0.0,0.0,0.0,0.0,0.0,0.0,1,1
2407,1.0,1.0,0.0,1.0,1.0,0.0,1.0,1.0,0.0,0.0,0.0,0.0,0.0,0.0,0.0,1,1
2408,0.0,0.8575,0.8575,0.8371641,1.0,0.16283590000000003,0.61194026,0.52500004,-0.08694022000000001,1.0,0.0,1.0,0.0,0.0,0.0,0,1
2409,1.0,1.0,0.0,1.0,1.0,0.0,1.0,1.0,0.0,0.0,0.0,0.0,0.0,0.0,0.0,1,1
2410,0.0,0.0,0.0,0.361747,0.2495871,-0.11215989999999998,0.06666667,0.3181818,0.25151513000000003,1.0,1.0,1.0,1.0,0.0,0.0,0,0
2411,0.9598681,1.0,0.0401319,0.94266856,1.0,0.05733144000000001,1.0,1.0,0.0,0.0,0.0,0.0,0.0,0.0,0.0,1,1
2412,0.9395103,0.9741575,0.03464719999999999,0.9135861,0.9630822,0.04949610000000004,1.0,1.0,0.0,0.0,0.0,0.0,0.0,0.0,0.0,1,1
2413,1.0,1.0,0.0,1.0,1.0,0.0,1.0,1.0,0.0,0.0,0.0,0.0,0.0,0.0,0.0,1,1
2414,0.999973,0.999973,0.0,0.99996144,0.99996144,0.0,1.0,1.0,0.0,0.0,0.0,0.0,0.0,0.0,0.0,1,1
2415,0.841395,0.98292905,0.14153404999999997,0.83770704,0.9756129,0.13790586000000005,0.85,1.0,0.15000000000000002,0.0,0.0,0.0,0.0,0.0,0.0,1,1
2416,1.0,1.0,0.0,1.0,1.0,0.0,1.0,1.0,0.0,0.0,0.0,0.0,0.0,0.0,0.0,1,1
2417,0.95500004,0.9148402,-0.04015984000000006,1.0,0.9265575,-0.07344249999999997,0.85,0.8875,0.03749999999999998,0.0,0.0,0.0,0.0,0.0,0.0,1,1
2418,0.89612335,0.92111284,0.02498949000000006,0.899819,0.8873041,-0.012514899999999995,0.8875,1.0,0.11250000000000004,0.0,0.0,0.0,0.0,0.0,0.0,1,1
2419,1.0,1.0,0.0,1.0,1.0,0.0,1.0,1.0,0.0,0.0,0.0,0.0,0.0,0.0,0.0,1,1
2420,0.820918,0.89216805,0.07125004999999995,0.8995257,0.8995257,0.0,0.6375,0.875,0.23750000000000004,0.0,0.0,0.0,0.0,0.0,0.0,1,1
2421,0.8907448,0.92200375,0.03125895000000001,0.87606406,0.8885767,0.012512639999999964,0.925,1.0,0.07499999999999996,0.0,0.0,0.0,0.0,0.0,0.0,1,1
2422,0.863451,0.9061719,0.04272090000000006,0.85314435,0.9195313,0.06638695000000006,0.8875,0.875,-0.012499999999999956,0.0,0.0,0.0,0.0,0.0,0.0,1,1
2423,0.89494765,0.9124382,0.017490549999999994,0.8499251,0.8749118,0.02498670000000003,1.0,1.0,0.0,0.0,0.0,0.0,0.0,0.0,0.0,1,1
2424,0.91201746,0.93460673,0.022589270000000106,0.8743107,0.9065811,0.03227040000000003,1.0,1.0,0.0,0.0,0.0,0.0,0.0,0.0,0.0,1,1
2425,0.96625006,0.96625006,0.0,1.0,1.0,0.0,0.8875,0.8875,0.0,0.0,0.0,0.0,0.0,0.0,0.0,1,1
2426,0.95500004,0.938768,-0.016232040000000003,1.0,0.9660972,-0.03390280000000001,0.85,0.875,0.025000000000000022,0.0,0.0,0.0,0.0,0.0,0.0,1,1
2427,0.90625,1.0,0.09375,1.0,1.0,0.0,0.6875,1.0,0.3125,0.0,0.0,0.0,0.0,0.0,0.0,1,1
2428,0.97426605,1.0,0.025733950000000005,0.96323717,1.0,0.036762830000000024,1.0,1.0,0.0,0.0,0.0,0.0,0.0,0.0,0.0,1,1
2429,1.0,1.0,0.0,1.0,1.0,0.0,1.0,1.0,0.0,0.0,0.0,0.0,0.0,0.0,0.0,1,1
2430,0.9843197,1.0,0.01568029999999998,0.97759956,1.0,0.022400439999999966,1.0,1.0,0.0,0.0,0.0,0.0,0.0,0.0,0.0,1,1
2431,1.0,1.0,0.0,1.0,1.0,0.0,1.0,1.0,0.0,0.0,0.0,0.0,0.0,0.0,0.0,1,1
2432,0.90504974,0.97749996,0.0724502199999999,0.912571,1.0,0.08742899999999998,0.8875,0.925,0.03750000000000009,0.0,0.0,0.0,0.0,0.0,0.0,1,1
2433,0.888711,0.9288702,0.04015919999999995,0.84101564,0.89838594,0.057370300000000096,1.0,1.0,0.0,0.0,0.0,0.0,0.0,0.0,0.0,1,1
2434,0.9049534,0.93989736,0.034943959999999996,0.90171903,0.96771055,0.06599151999999997,0.9125,0.875,-0.03749999999999998,0.0,0.0,0.0,0.0,0.0,0.0,1,1
2435,0.9322737,0.97730124,0.04502753999999998,0.9032481,0.9675731,0.06432499999999997,1.0,1.0,0.0,0.0,0.0,0.0,0.0,0.0,0.0,1,1
2436,0.97749996,1.0,0.022500040000000054,1.0,1.0,0.0,0.925,1.0,0.07499999999999996,0.0,0.0,0.0,0.0,0.0,0.0,1,1
2437,0.8676111,0.0,-0.8676111,0.8108731,0.835722,0.02484889999999995,1.0,0.7714286,-0.22857139999999998,0.0,0.0,0.0,0.0,0.0,1.0,1,0
2438,1.0,1.0,0.0,1.0,1.0,0.0,1.0,1.0,0.0,0.0,0.0,0.0,0.0,0.0,0.0,1,1
2439,0.9252888,0.98266566,0.057376859999999974,0.89326966,0.9752367,0.08196703999999999,1.0,1.0,0.0,0.0,0.0,0.0,0.0,0.0,0.0,1,1
2440,0.8526015,0.95628244,0.10368093999999994,0.83764505,0.9375464,0.09990135,0.8875,1.0,0.11250000000000004,0.0,0.0,0.0,0.0,0.0,0.0,1,1
2441,0.96250004,0.96250004,0.0,1.0,1.0,0.0,0.875,0.875,0.0,0.0,0.0,0.0,0.0,0.0,0.0,1,1
2442,0.96040136,0.9432998,-0.01710155999999996,0.97557336,0.9511425,-0.024430859999999943,0.925,0.925,0.0,0.0,0.0,0.0,0.0,0.0,0.0,1,1
2443,0.9021991,0.873336,-0.02886310000000003,0.9245701,0.8994087,-0.0251614,0.85,0.8125,-0.03749999999999998,0.0,0.0,0.0,0.0,0.0,0.0,1,1
2444,1.0,1.0,0.0,1.0,1.0,0.0,1.0,1.0,0.0,0.0,0.0,0.0,0.0,0.0,0.0,1,1
2445,0.8727474,0.8989882,0.026240800000000064,0.81821066,0.8556973,0.037486640000000016,1.0,1.0,0.0,0.0,0.0,0.0,0.0,0.0,0.0,1,1
2446,0.9558945,0.90455097,-0.051343530000000026,0.93699217,0.91185844,-0.025133729999999965,1.0,0.8875,-0.11250000000000004,0.0,0.0,0.0,0.0,0.0,0.0,1,1
2447,0.7462551,0.77333987,0.02708477000000009,0.63750726,0.7083426,0.07083534000000002,1.0,0.925,-0.07499999999999996,0.0,0.0,0.0,0.0,0.0,0.0,1,1
2448,0.8987288,0.9212288,0.022499999999999964,0.88746965,0.88746965,0.0,0.925,1.0,0.07499999999999996,0.0,0.0,0.0,0.0,0.0,0.0,1,1
2449,1.0,1.0,0.0,1.0,1.0,0.0,1.0,1.0,0.0,0.0,0.0,0.0,0.0,0.0,0.0,1,1
2450,0.97161406,0.9633965,-0.008217559999999957,0.95944864,0.9477092,-0.011739439999999934,1.0,1.0,0.0,0.0,0.0,0.0,0.0,0.0,0.0,1,1
2451,0.930229,0.9513189,0.021089899999999995,0.9003271,0.9625984,0.06227129999999992,1.0,0.925,-0.07499999999999996,0.0,0.0,0.0,0.0,0.0,0.0,1,1
2452,1.0,1.0,0.0,1.0,1.0,0.0,1.0,1.0,0.0,0.0,0.0,0.0,0.0,0.0,0.0,1,1
2453,0.89614165,0.9483897,0.05224804999999999,0.8516309,0.926271,0.07464009999999999,1.0,1.0,0.0,0.0,0.0,0.0,0.0,0.0,0.0,1,1
2454,0.92980546,0.92103285,-0.008772609999999958,0.8997221,0.88718975,-0.01253234999999997,1.0,1.0,0.0,0.0,0.0,0.0,0.0,0.0,0.0,1,1
2455,0.9387307,0.96625006,0.027519359999999993,0.9124725,1.0,0.08752749999999998,1.0,0.8875,-0.11250000000000004,0.0,0.0,0.0,0.0,0.0,0.0,1,1
2456,0.94,0.96625006,0.026250060000000075,1.0,1.0,0.0,0.8,0.8875,0.08749999999999991,0.0,0.0,0.0,0.0,0.0,0.0,1,1
2457,0.97081226,1.0,0.029187740000000018,0.99044603,1.0,0.009553970000000023,0.925,1.0,0.07499999999999996,0.0,0.0,0.0,0.0,0.0,0.0,1,1
2458,0.91982347,0.91982347,0.0,0.8854621,0.8854621,0.0,1.0,1.0,0.0,0.0,0.0,0.0,0.0,0.0,0.0,1,1
2459,1.0,1.0,0.0,1.0,1.0,0.0,1.0,1.0,0.0,0.0,0.0,0.0,0.0,0.0,0.0,1,1
2460,1.0,0.0,-1.0,1.0,1.0,0.0,1.0,0.99999994,-5.999999996841865e-08,0.0,1.0,0.0,1.0,0.0,0.0,1,0
2461,0.9059206,0.9185026,0.012581999999999982,0.870958,0.8889322,0.01797419999999994,0.9875,0.9875,0.0,0.0,0.0,0.0,0.0,0.0,0.0,1,1
2462,0.7735864,0.8507515,0.07716509999999999,0.7086948,0.78678787,0.07809306999999999,0.925,1.0,0.07499999999999996,0.0,0.0,0.0,0.0,0.0,0.0,1,1
2463,0.97630197,0.9926447,0.016342730000000083,0.9661457,0.98949236,0.023346659999999964,1.0,1.0,0.0,0.0,0.0,0.0,0.0,0.0,0.0,1,1
2464,0.92749214,0.8874693,-0.040022840000000004,0.9499888,0.88745624,-0.06253255999999996,0.875,0.8875,0.012499999999999956,0.0,0.0,0.0,0.0,0.0,0.0,1,1
2465,0.9403084,0.9538768,0.013568399999999925,0.9629405,0.9876811,0.0247406,0.8875,0.875,-0.012499999999999956,0.0,0.0,0.0,0.0,0.0,0.0,1,1
2466,1.0,1.0,0.0,1.0,1.0,0.0,1.0,1.0,0.0,0.0,0.0,0.0,0.0,0.0,0.0,1,1
2467,0.920976,0.92972946,0.00875345999999999,0.8871085,0.89961356,0.012505060000000068,1.0,1.0,0.0,0.0,0.0,0.0,0.0,0.0,0.0,1,1
2468,0.0,1.0,1.0,0.38660958,0.99999994,0.61339036,1.0,1.0,0.0,0.0,0.0,0.0,0.0,1.0,0.0,0,1
2469,0.929748,0.94771475,0.01796675000000003,0.8996399,0.92530674,0.02566683999999997,1.0,1.0,0.0,0.0,0.0,0.0,0.0,0.0,0.0,1,1
2470,0.9225647,0.9312237,0.008658999999999972,0.88937813,0.90174806,0.012369929999999973,1.0,1.0,0.0,0.0,0.0,0.0,0.0,0.0,0.0,1,1
2471,0.95874995,1.0,0.04125005000000004,1.0,1.0,0.0,0.8625,1.0,0.13749999999999996,0.0,0.0,0.0,0.0,0.0,0.0,1,1
2472,0.8787571,0.92115146,0.042394360000000075,0.8589387,0.96771634,0.1087776399999999,0.925,0.8125,-0.11250000000000004,0.0,0.0,0.0,0.0,0.0,0.0,1,1
2473,0.8509974,0.0,-0.8509974,0.87285334,0.27492577,-0.59792757,0.8,0.5555556,-0.2444444,0.0,1.0,0.0,1.0,0.0,0.0,1,0
2474,1.0,1.0,0.0,1.0,1.0,0.0,1.0,1.0,0.0,0.0,0.0,0.0,0.0,0.0,0.0,1,1
2475,0.97011423,1.0,0.029885770000000034,0.957306,1.0,0.04269400000000001,1.0,1.0,0.0,0.0,0.0,0.0,0.0,0.0,0.0,1,1
2476,1.0,1.0,0.0,1.0000001,1.0000001,0.0,1.0,1.0,0.0,0.0,0.0,0.0,0.0,0.0,0.0,1,1
2477,0.8482814,0.86739445,0.019113050000000076,0.7832591,0.85877776,0.07551865999999996,1.0,0.8875,-0.11250000000000004,0.0,0.0,0.0,0.0,0.0,0.0,1,1
2478,1.0,1.0,0.0,1.0,1.0,0.0,1.0,1.0,0.0,0.0,0.0,0.0,0.0,0.0,0.0,1,1
2479,0.91262305,0.9563467,0.04372365,0.8751757,0.93763816,0.06246246,1.0,1.0,0.0,0.0,0.0,0.0,0.0,0.0,0.0,1,1
2480,0.87570935,0.9201693,0.044459949999999915,0.8224419,0.88595617,0.0635142700000001,1.0,1.0,0.0,0.0,0.0,0.0,0.0,0.0,0.0,1,1
2481,0.8713705,0.8751206,0.0037500999999999785,0.86981505,0.86981505,0.0,0.875,0.8875,0.012499999999999956,0.0,0.0,0.0,0.0,0.0,0.0,1,1
2482,0.88246346,0.74302566,-0.13943779999999995,0.8320906,0.6864652,-0.14562540000000002,1.0,0.875,-0.125,0.0,0.0,0.0,0.0,0.0,0.0,1,1
2483,0.938389,1.0,0.06161099999999997,0.9441272,1.0,0.055872799999999945,0.925,1.0,0.07499999999999996,0.0,0.0,0.0,0.0,0.0,0.0,1,1
2484,0.9214226,0.94753593,0.026113330000000046,0.8877466,0.9250512,0.03730459999999991,1.0,1.0,0.0,0.0,0.0,0.0,0.0,0.0,0.0,1,1
2485,0.9412041,0.9748753,0.03367120000000001,0.9160059,0.96410745,0.04810154999999994,1.0,1.0,0.0,0.0,0.0,0.0,0.0,0.0,0.0,1,1
2486,0.9357751,1.0,0.06422490000000003,0.9082501,0.99999994,0.09174984000000008,1.0,1.0,0.0,0.0,0.0,0.0,0.0,0.0,0.0,1,1
2487,0.96036243,0.96625006,0.0058876300000000326,0.943375,1.0,0.056625000000000036,1.0,0.8875,-0.11250000000000004,0.0,0.0,0.0,0.0,0.0,0.0,1,1
2488,1.0,1.0,0.0,1.0,1.0,0.0,1.0,1.0,0.0,0.0,0.0,0.0,0.0,0.0,0.0,1,1
2489,0.93006533,0.940077,0.010011670000000028,0.9000933,0.96261007,0.06251677,1.0,0.8875,-0.11250000000000004,0.0,0.0,0.0,0.0,0.0,0.0,1,1
2490,1.0,1.0,0.0,1.0,1.0,0.0,1.0,1.0,0.0,0.0,0.0,0.0,0.0,0.0,0.0,1,1
2491,0.94749546,0.9387375,-0.008757959999999954,0.92499346,0.9124821,-0.012511360000000082,1.0,1.0,0.0,0.0,0.0,0.0,0.0,0.0,0.0,1,1
2492,0.96999997,0.96999997,0.0,1.0,1.0,0.0,0.90000004,0.90000004,0.0,0.0,0.0,0.0,0.0,0.0,0.0,1,1
2493,0.9212168,0.9212168,0.0,0.8874525,0.8874525,0.0,1.0,1.0,0.0,0.0,0.0,0.0,0.0,0.0,0.0,1,1
2494,0.91105366,0.9377436,0.026689940000000023,0.8729338,0.9110622,0.03812840000000006,1.0,1.0,0.0,0.0,0.0,0.0,0.0,0.0,0.0,1,1
2495,0.9197594,0.8631452,-0.05661420000000006,0.9496563,0.8741359,-0.07552040000000004,0.85,0.83750004,-0.012499959999999977,0.0,0.0,0.0,0.0,0.0,0.0,1,1
2496,0.8919779,0.92104256,0.029064659999999964,0.8617542,0.903275,0.041520800000000024,0.96250004,0.96250004,0.0,0.0,0.0,0.0,0.0,0.0,0.0,1,1
2497,0.90385765,0.90385765,0.0,0.8626538,0.8626538,0.0,1.0,1.0,0.0,0.0,0.0,0.0,0.0,0.0,0.0,1,1
2498,1.0,1.0,0.0,1.0,1.0,0.0,1.0,1.0,0.0,0.0,0.0,0.0,0.0,0.0,0.0,1,1
2499,0.9125883,0.9125883,0.0,0.87512606,0.87512606,0.0,1.0,1.0,0.0,0.0,0.0,0.0,0.0,0.0,0.0,1,1
2500,1.0,1.0,0.0,1.0,1.0,0.0,1.0,1.0,0.0,0.0,0.0,0.0,0.0,0.0,0.0,1,1
2501,0.95125,0.94514054,-0.006109460000000011,1.0,0.9752008,-0.02479920000000002,0.83750004,0.875,0.03749996,0.0,0.0,0.0,0.0,0.0,0.0,1,1
2502,0.8352997,0.8666197,0.031320000000000014,0.79685676,0.80945677,0.012600009999999995,0.925,1.0,0.07499999999999996,0.0,0.0,0.0,0.0,0.0,0.0,1,1
2503,0.9799654,1.0,0.020034600000000014,0.9713792,1.0,0.028620800000000002,1.0,1.0,0.0,0.0,0.0,0.0,0.0,0.0,0.0,1,1
2504,0.9220468,0.96133137,0.03928456999999996,0.8886382,0.944759,0.05612079999999997,1.0,1.0,0.0,0.0,0.0,0.0,0.0,0.0,0.0,1,1
2505,0.92875004,0.8878302,-0.04091984000000004,1.0,0.8879717,-0.11202829999999997,0.7625,0.8875,0.125,0.0,0.0,0.0,0.0,0.0,0.0,1,1
2506,0.8854599,0.86555034,-0.019909559999999993,0.83637136,0.8615005,0.025129139999999994,1.0,0.875,-0.125,0.0,0.0,0.0,0.0,0.0,0.0,1,1
2507,0.94750005,0.8789501,-0.06854995000000008,1.0,0.87528586,-0.12471414000000003,0.825,0.8875,0.0625,0.0,0.0,0.0,0.0,0.0,0.0,1,1
2508,0.87889975,0.9388709,0.05997114999999997,0.875214,0.9126727,0.037458699999999956,0.8875,1.0,0.11250000000000004,0.0,0.0,0.0,0.0,0.0,0.0,1,1
2509,0.8761663,0.91366625,0.03749995000000006,0.87666607,0.87666607,0.0,0.875,1.0,0.125,0.0,0.0,0.0,0.0,0.0,0.0,1,1
2510,0.9635622,0.97749996,0.01393775999999991,0.9479461,1.0000001,0.052054000000000045,1.0,0.925,-0.07499999999999996,0.0,0.0,0.0,0.0,0.0,0.0,1,1
2511,0.9005349,0.9095332,0.008998300000000015,0.85790706,0.87076175,0.012854689999999946,1.0,1.0,0.0,0.0,0.0,0.0,0.0,0.0,0.0,1,1
2512,1.0,1.0,0.0,1.0,1.0,0.0,1.0,1.0,0.0,0.0,0.0,0.0,0.0,0.0,0.0,1,1
2513,0.0,1.0,1.0,1.0,1.0,0.0,1.0,1.0,0.0,1.0,0.0,1.0,0.0,0.0,0.0,0,1
2514,0.8178064,0.8299381,0.012131699999999968,0.7718664,0.8052688,0.033402400000000054,0.925,0.8875,-0.03750000000000009,0.0,0.0,0.0,0.0,0.0,0.0,1,1
2515,1.0,1.0,0.0,0.99999994,0.99999994,0.0,1.0,1.0,0.0,0.0,0.0,0.0,0.0,0.0,0.0,1,1
2516,0.9493114,0.9381138,-0.01119760000000003,0.9275876,0.9115911,-0.01599649999999997,1.0,1.0,0.0,0.0,0.0,0.0,0.0,0.0,0.0,1,1
2517,0.9092556,0.94544727,0.0361916699999999,0.87036514,0.9220675,0.05170236000000006,1.0,1.0,0.0,0.0,0.0,0.0,0.0,0.0,0.0,1,1
2518,0.97749996,1.0,0.022500040000000054,1.0,1.0,0.0,0.925,1.0,0.07499999999999996,0.0,0.0,0.0,0.0,0.0,0.0,1,1
2519,0.87640303,0.806461,-0.06994202999999999,0.8877186,0.82530135,-0.06241724999999998,0.85,0.7625,-0.08750000000000002,0.0,0.0,0.0,0.0,0.0,0.0,1,1
2520,0.9171185,0.87329334,-0.04382515999999992,0.8815977,0.9207762,0.039178500000000005,1.0,0.7625,-0.23750000000000004,0.0,0.0,0.0,0.0,0.0,0.0,1,1
2521,0.8806176,0.93831694,0.05769933999999999,0.8615966,0.9118814,0.05028479999999991,0.925,1.0,0.07499999999999996,0.0,0.0,0.0,0.0,0.0,0.0,1,1
2522,0.8997917,0.92701703,0.027225330000000048,0.8568453,0.89573854,0.03889323999999994,1.0,1.0,0.0,0.0,0.0,0.0,0.0,0.0,0.0,1,1
2523,1.0,1.0,0.0,1.0,1.0,0.0,1.0,1.0,0.0,0.0,0.0,0.0,0.0,0.0,0.0,1,1
2524,0.8941396,0.9679907,0.07385109999999995,0.8487708,0.95427233,0.10550152999999995,1.0,1.0,0.0,0.0,0.0,0.0,0.0,0.0,0.0,1,1
2525,0.8686997,0.9325,0.06380030000000003,0.9249282,1.0,0.07507180000000002,0.7375,0.77500004,0.03750003999999996,0.0,0.0,0.0,0.0,0.0,0.0,1,1
2526,0.97749996,0.94709396,-0.030405999999999933,1.0,0.97799146,-0.022008539999999965,0.925,0.875,-0.050000000000000044,0.0,0.0,0.0,0.0,0.0,0.0,1,1
2527,0.92875004,0.9474943,0.018744259999999957,1.0,0.9249919,-0.07500810000000002,0.7625,1.0,0.23750000000000004,0.0,0.0,0.0,0.0,0.0,0.0,1,1
2528,0.90442955,0.88014334,-0.024286209999999975,0.86347073,0.8769906,0.01351986999999999,1.0,0.8875,-0.11250000000000004,0.0,0.0,0.0,0.0,0.0,0.0,1,1
2529,0.82792014,0.8774166,0.049496459999999964,0.7863144,0.87845224,0.09213784000000003,0.925,0.875,-0.050000000000000044,0.0,0.0,0.0,0.0,0.0,0.0,1,1
2530,0.94375,0.92428225,-0.019467750000000006,1.0,0.972189,-0.02781100000000003,0.8125,0.8125,0.0,0.0,0.0,0.0,0.0,0.0,0.0,1,1
2531,0.92610914,0.9506468,0.024537660000000017,0.89444155,0.92949545,0.03505389999999997,1.0,1.0,0.0,0.0,0.0,0.0,0.0,0.0,0.0,1,1
2532,0.9072651,0.9072651,0.0,0.8996644,0.8996644,0.0,0.925,0.925,0.0,0.0,0.0,0.0,0.0,0.0,0.0,1,1
2533,0.9297606,0.9297606,0.0,0.89965796,0.89965796,0.0,1.0,1.0,0.0,0.0,0.0,0.0,0.0,0.0,0.0,1,1
2534,0.95500004,1.0,0.04499995999999995,1.0,1.0,0.0,0.85,1.0,0.15000000000000002,0.0,0.0,0.0,0.0,0.0,0.0,1,1
2535,1.0,1.0,0.0,1.0,1.0,0.0,1.0,1.0,0.0,0.0,0.0,0.0,0.0,0.0,0.0,1,1
2536,1.0,1.0,0.0,1.0,1.0,0.0,1.0,1.0,0.0,0.0,0.0,0.0,0.0,0.0,0.0,1,1
2537,0.8959097,0.9133398,0.017430100000000004,0.85129964,0.87619966,0.024900020000000023,1.0,1.0,0.0,0.0,0.0,0.0,0.0,0.0,0.0,1,1
2538,0.0,0.0,0.0,0.000894852,0.00039333504,-0.0005015169600000001,0.0,1.0,1.0,1.0,1.0,1.0,1.0,0.0,0.0,0,0
2539,0.9435679,0.9789569,0.035389000000000004,0.9193827,0.9699384,0.05055569999999998,1.0,1.0,0.0,0.0,0.0,0.0,0.0,0.0,0.0,1,1
2540,0.97749996,0.94916403,-0.028335929999999898,1.0,0.97559136,-0.02440863999999998,0.925,0.8875,-0.03750000000000009,0.0,0.0,0.0,0.0,0.0,0.0,1,1
2541,1.0,1.0,0.0,1.0,1.0,0.0,1.0,1.0,0.0,0.0,0.0,0.0,0.0,0.0,0.0,1,1
2542,1.0,1.0,0.0,1.0,1.0,0.0,1.0,1.0,0.0,0.0,0.0,0.0,0.0,0.0,0.0,1,1
2543,0.0,0.0,0.0,0.18094648,0.18094648,0.0,0.5714286,0.2857143,-0.2857143,0.0,0.0,0.0,0.0,1.0,1.0,0,0
2544,0.919216,0.9102852,-0.008930800000000017,0.8845942,0.8718359,-0.0127583,1.0,1.0,0.0,0.0,0.0,0.0,0.0,0.0,0.0,1,1
2545,0.8583065,0.9005231,0.04221660000000005,0.7975808,0.8578901,0.06030930000000001,1.0,1.0,0.0,0.0,0.0,0.0,0.0,0.0,0.0,1,1
2546,0.9045114,0.95301145,0.04850005000000002,0.8635876,0.9328734,0.06928579999999995,1.0,1.0,0.0,0.0,0.0,0.0,0.0,0.0,0.0,1,1
2547,0.9302727,0.9302727,0.0,0.9003895,0.9003895,0.0,1.0,1.0,0.0,0.0,0.0,0.0,0.0,0.0,0.0,1,1
2548,0.751645,0.7497578,-0.0018871999999999778,0.7684215,0.7817969,0.013375400000000037,0.71250004,0.675,-0.03750003999999996,0.0,0.0,0.0,0.0,0.0,0.0,1,1
2549,0.911496,0.90264684,-0.008849160000000023,0.8735656,0.860924,-0.01264160000000003,1.0,1.0,0.0,0.0,0.0,0.0,0.0,0.0,0.0,1,1
2550,1.0,1.0,0.0,1.0,1.0,0.0,1.0,1.0,0.0,0.0,0.0,0.0,0.0,0.0,0.0,1,1
2551,0.7809803,0.7488614,-0.03211889999999995,0.71925753,0.7055162,-0.013741329999999996,0.925,0.85,-0.07500000000000007,0.0,0.0,0.0,0.0,0.0,0.0,1,1
2552,0.9040169,0.90399885,-1.8049999999991684e-05,0.8628812,0.90035546,0.03747425999999998,1.0,0.9125,-0.08750000000000002,0.0,0.0,0.0,0.0,0.0,0.0,1,1
2553,0.8106705,0.8549992,0.0443287,0.8152434,0.88928455,0.07404115,0.8,0.77500004,-0.024999960000000043,0.0,0.0,0.0,0.0,0.0,0.0,1,1
2554,0.96950865,0.9307699,-0.03873874999999993,0.9564409,0.9010998,-0.05534110000000003,1.0,1.0,0.0,0.0,0.0,0.0,0.0,0.0,0.0,1,1
2555,1.0,1.0,0.0,1.0,1.0,0.0,1.0,1.0,0.0,0.0,0.0,0.0,0.0,0.0,0.0,1,1
2556,0.96624994,1.0,0.033750060000000026,0.99999994,0.99999994,0.0,0.8875,1.0,0.11250000000000004,0.0,0.0,0.0,0.0,0.0,0.0,1,1
2557,0.99088174,0.99088174,0.0,0.9869738,0.9869738,0.0,1.0,1.0,0.0,0.0,0.0,0.0,0.0,0.0,0.0,1,1
2558,0.9325,0.9321537,-0.0003463000000000216,0.99999994,0.9352195,-0.06478044000000005,0.77500004,0.925,0.14999996000000004,0.0,0.0,0.0,0.0,0.0,0.0,1,1
2559,1.0,0.98125,-0.018750000000000044,1.0,1.0,0.0,1.0,0.9375,-0.0625,0.0,0.0,0.0,0.0,0.0,0.0,1,1
2560,1.0,1.0,0.0,1.0,1.0,0.0,1.0,1.0,0.0,0.0,0.0,0.0,0.0,0.0,0.0,1,1
2561,0.880857,0.9454439,0.0645869,0.8297957,0.92206275,0.09226705000000002,1.0,1.0,0.0,0.0,0.0,0.0,0.0,0.0,0.0,1,1
2562,0.8555868,0.91902584,0.06343904,0.8258383,0.9378939,0.11205559999999992,0.925,0.875,-0.050000000000000044,0.0,0.0,0.0,0.0,0.0,0.0,1,1
2563,1.0,1.0,0.0,1.0,1.0,0.0,1.0,1.0,0.0,0.0,0.0,0.0,0.0,0.0,0.0,1,1
2564,0.9224367,0.9483167,0.025880000000000014,0.8891953,0.92616665,0.03697134999999996,1.0,1.0,0.0,0.0,0.0,0.0,0.0,0.0,0.0,1,1
2565,1.0,1.0,0.0,1.0,1.0,0.0,1.0,1.0,0.0,0.0,0.0,0.0,0.0,0.0,0.0,1,1
2566,0.8273121,0.82982826,0.0025161599999999895,0.7854459,0.81046903,0.025023130000000005,0.925,0.875,-0.050000000000000044,0.0,0.0,0.0,0.0,0.0,0.0,1,1
2567,1.0,1.0,0.0,1.0,1.0,0.0,1.0,1.0,0.0,0.0,0.0,0.0,0.0,0.0,0.0,1,1
2568,0.96625006,1.0,0.03374993999999998,1.0,1.0,0.0,0.8875,1.0,0.11250000000000004,0.0,0.0,0.0,0.0,0.0,0.0,1,1
2569,0.9312073,0.9224973,-0.008709999999999996,0.9017247,0.8892818,-0.012442900000000034,1.0,1.0,0.0,0.0,0.0,0.0,0.0,0.0,0.0,1,1
2570,0.97151107,0.97749996,0.0059888899999999134,0.9593015,1.0,0.04069849999999997,1.0,0.925,-0.07499999999999996,0.0,0.0,0.0,0.0,0.0,0.0,1,1
2571,0.86961144,0.86961144,0.0,0.861945,0.861945,0.0,0.8875,0.8875,0.0,0.0,0.0,0.0,0.0,0.0,0.0,1,1
2572,0.95500004,0.895,-0.06000004000000003,1.0,1.0,0.0,0.85,0.65000004,-0.19999995999999998,0.0,0.0,0.0,0.0,0.0,0.0,1,1
2573,0.9255888,0.9751831,0.04959429999999998,0.8936982,0.96454734,0.07084913999999998,1.0,1.0,0.0,0.0,0.0,0.0,0.0,0.0,0.0,1,1
2574,1.0,1.0,0.0,1.0,1.0,0.0,1.0,1.0,0.0,0.0,0.0,0.0,0.0,0.0,0.0,1,1
2575,0.8854702,0.90077037,0.015300170000000057,0.836386,0.8903863,0.0540003,1.0,0.925,-0.07499999999999996,0.0,0.0,0.0,0.0,0.0,0.0,1,1
2576,0.8892738,0.9351692,0.04589540000000003,0.8418198,0.90738463,0.06556483000000002,1.0,1.0,0.0,0.0,0.0,0.0,0.0,0.0,0.0,1,1
2577,1.0,1.0,0.0,1.0,1.0,0.0,1.0,1.0,0.0,0.0,0.0,0.0,0.0,0.0,0.0,1,1
2578,0.92930746,0.8955574,-0.033750060000000026,0.89901066,0.89901066,0.0,1.0,0.8875,-0.11250000000000004,0.0,0.0,0.0,0.0,0.0,0.0,1,1
2579,1.0,1.0,0.0,1.0,1.0,0.0,1.0,1.0,0.0,0.0,0.0,0.0,0.0,0.0,0.0,1,1
2580,0.91094553,0.9763342,0.06538867000000004,0.9156365,0.96619165,0.05055514999999999,0.90000004,1.0,0.09999996,0.0,0.0,0.0,0.0,0.0,0.0,1,1
2581,0.9261317,0.98330545,0.05717375000000002,0.9373311,0.97615063,0.038819530000000046,0.90000004,1.0,0.09999996,0.0,0.0,0.0,0.0,0.0,0.0,1,1
2582,0.89517766,0.9387984,0.04362074000000005,0.85025376,0.91256917,0.06231541000000007,1.0,1.0,0.0,0.0,0.0,0.0,0.0,0.0,0.0,1,1
2583,1.0,1.0,0.0,1.0,1.0,0.0,1.0,1.0,0.0,0.0,0.0,0.0,0.0,0.0,0.0,1,1
2584,0.9225933,0.96625006,0.04365676000000007,0.9376332,1.0,0.062366799999999945,0.8875,0.8875,0.0,0.0,0.0,0.0,0.0,0.0,0.0,1,1
2585,0.93868506,0.9474409,0.00875584000000007,0.9124071,0.9249156,0.012508499999999922,1.0,1.0,0.0,0.0,0.0,0.0,0.0,0.0,0.0,1,1
2586,0.9050288,0.98161376,0.07658496000000004,0.8643269,0.97373396,0.10940706,1.0,1.0,0.0,0.0,0.0,0.0,0.0,0.0,0.0,1,1
2587,1.0,1.0,0.0,1.0,1.0,0.0,1.0,1.0,0.0,0.0,0.0,0.0,0.0,0.0,0.0,1,1
2588,0.8724851,0.8269085,-0.04557659999999997,0.8178358,0.8437978,0.02596200000000004,1.0,0.7875,-0.21250000000000002,0.0,0.0,0.0,0.0,0.0,0.0,1,1
2589,0.9201288,0.8231269,-0.09700189999999997,0.950184,0.8491098,-0.1010742,0.85,0.7625,-0.08750000000000002,0.0,0.0,0.0,0.0,0.0,0.0,1,1
2590,1.0,1.0,0.0,1.0,1.0,0.0,1.0,1.0,0.0,0.0,0.0,0.0,0.0,0.0,0.0,1,1
2591,0.99093074,0.9046742,-0.08625654000000005,0.9870439,0.8959631,-0.09108079999999996,1.0,0.925,-0.07499999999999996,0.0,0.0,0.0,0.0,0.0,0.0,1,1
2592,0.9139676,0.98749334,0.07352574,0.8770966,0.98213327,0.10503666999999994,1.0,1.0,0.0,0.0,0.0,0.0,0.0,0.0,0.0,1,1
2593,0.9478197,0.95874995,0.01093024999999992,0.9254568,1.0,0.07454320000000003,1.0,0.8625,-0.13749999999999996,0.0,0.0,0.0,0.0,0.0,0.0,1,1
2594,0.87079394,0.8796425,0.008848560000000005,0.81542,0.87627506,0.06085505999999996,1.0,0.8875,-0.11250000000000004,0.0,0.0,0.0,0.0,0.0,0.0,1,1
2595,0.88587064,0.8123726,-0.07349804000000004,0.90124375,0.849818,-0.05142575000000005,0.85,0.725,-0.125,0.0,0.0,0.0,0.0,0.0,0.0,1,1
2596,0.97499484,0.97749996,0.0025051199999999163,0.9642784,1.0,0.03572160000000002,1.0,0.925,-0.07499999999999996,0.0,0.0,0.0,0.0,0.0,0.0,1,1
2597,1.0,1.0,0.0,1.0,1.0,0.0,1.0,1.0,0.0,0.0,0.0,0.0,0.0,0.0,0.0,1,1
2598,0.7594308,0.8070946,0.047663800000000034,0.70454407,0.7565637,0.05201962999999998,0.8875,0.925,0.03750000000000009,0.0,0.0,0.0,0.0,0.0,0.0,1,1
2599,1.0,0.9850001,-0.014999899999999955,1.0,1.0,0.0,1.0,0.95,-0.050000000000000044,0.0,0.0,0.0,0.0,0.0,0.0,1,1
2600,0.93625003,0.8926471,-0.04360292999999993,1.0,0.90021014,-0.09978986000000001,0.7875,0.875,0.08750000000000002,0.0,0.0,0.0,0.0,0.0,0.0,1,1
2601,0.9360224,0.93172663,-0.004295770000000032,0.9086035,0.9346095,0.026005999999999974,1.0,0.925,-0.07499999999999996,0.0,0.0,0.0,0.0,0.0,0.0,1,1
2602,1.0,1.0,0.0,1.0,1.0,0.0,1.0,1.0,0.0,0.0,0.0,0.0,0.0,0.0,0.0,1,1
2603,1.0,1.0,0.0,1.0,1.0,0.0,1.0,1.0,0.0,0.0,0.0,0.0,0.0,0.0,0.0,1,1
2604,0.8763067,0.86523706,-0.011069639999999992,0.8232954,0.861053,0.03775759999999995,1.0,0.875,-0.125,0.0,0.0,0.0,0.0,0.0,0.0,1,1
2605,0.8482248,0.8843301,0.03610530000000001,0.83674985,0.8883287,0.051578849999999954,0.875,0.875,0.0,0.0,0.0,0.0,0.0,0.0,0.0,1,1
2606,0.9078932,0.94488925,0.03699605000000006,0.86841875,0.9212704,0.05285165000000003,1.0,1.0,0.0,0.0,0.0,0.0,0.0,0.0,0.0,1,1
2607,0.9028225,0.9311981,0.028375600000000056,0.86117494,0.93385434,0.07267939999999995,1.0,0.925,-0.07499999999999996,0.0,0.0,0.0,0.0,0.0,0.0,1,1
2608,0.9056347,0.8583609,-0.04727380000000003,0.8973353,0.84587264,-0.05146265999999999,0.925,0.8875,-0.03750000000000009,0.0,0.0,0.0,0.0,0.0,0.0,1,1
2609,0.0,1.0,1.0,0.7579279,1.0,0.2420721,0.99999994,1.0,5.999999996841865e-08,0.0,0.0,0.0,0.0,1.0,0.0,0,1
2610,1.0,1.0,0.0,1.0,1.0,0.0,1.0,1.0,0.0,0.0,0.0,0.0,0.0,0.0,0.0,1,1
2611,1.0,0.0,-1.0,1.0,1.0,0.0,1.0,1.0,0.0,0.0,1.0,0.0,1.0,0.0,0.0,1,0
2612,0.89362377,0.8711238,-0.022499970000000036,0.84803396,0.84803396,0.0,1.0,0.925,-0.07499999999999996,0.0,0.0,0.0,0.0,0.0,0.0,1,1
2613,0.9213175,0.93011343,0.008795930000000007,0.8875963,0.9001621,0.01256579999999996,1.0,1.0,0.0,0.0,0.0,0.0,0.0,0.0,0.0,1,1
2614,0.92135316,0.94749874,0.02614558,0.88764733,0.92499816,0.03735083000000006,1.0,1.0,0.0,0.0,0.0,0.0,0.0,0.0,0.0,1,1
2615,0.0,0.0,0.0,0.0511877,0.032057866,-0.019129834000000005,0.45454547,0.8181819,0.36363643,1.0,1.0,1.0,1.0,0.0,0.0,0,0
2616,1.0,0.97375005,-0.026249949999999966,1.0,1.0,0.0,1.0,0.9125,-0.08750000000000002,0.0,0.0,0.0,0.0,0.0,0.0,1,1
2617,0.9717536,0.93425363,-0.03749997000000005,0.959648,0.959648,0.0,1.0,0.875,-0.125,0.0,0.0,0.0,0.0,0.0,0.0,1,1
2618,0.96625006,1.0,0.03374993999999998,1.0,1.0,0.0,0.8875,1.0,0.11250000000000004,0.0,0.0,0.0,0.0,0.0,0.0,1,1
2619,0.97749996,0.99156994,0.014069980000000037,1.0,0.98795706,-0.012042939999999946,0.925,1.0,0.07499999999999996,0.0,0.0,0.0,0.0,0.0,0.0,1,1
2620,1.0,1.0,0.0,1.0,1.0,0.0,1.0,1.0,0.0,0.0,0.0,0.0,0.0,0.0,0.0,1,1
2621,0.92125,0.94,0.018749999999999933,1.0,1.0,0.0,0.7375,0.8,0.0625,0.0,0.0,0.0,0.0,0.0,0.0,1,1
2622,1.0,1.0,0.0,1.0,1.0,0.0,1.0,1.0,0.0,0.0,0.0,0.0,0.0,0.0,0.0,1,1
2623,0.8255011,0.0,-0.8255011,0.8900014,0.036324386,-0.8536770140000001,0.675,0.6666667,-0.008333300000000099,0.0,1.0,0.0,1.0,0.0,0.0,1,0
2624,0.8370644,0.85438555,0.017321150000000007,0.79937774,0.8241222,0.02474446000000008,0.925,0.925,0.0,0.0,0.0,0.0,0.0,0.0,0.0,1,1
2625,0.88686675,0.96876377,0.08189701999999999,0.8383812,0.98751956,0.14913835999999991,1.0,0.925,-0.07499999999999996,0.0,0.0,0.0,0.0,0.0,0.0,1,1
2626,1.0,1.0,0.0,1.0,1.0,0.0,1.0,1.0,0.0,0.0,0.0,0.0,0.0,0.0,0.0,1,1
2627,0.9850001,1.0,0.014999899999999955,1.0,1.0,0.0,0.95,1.0,0.050000000000000044,0.0,0.0,0.0,0.0,0.0,0.0,1,1
2628,0.9990021,0.96250004,-0.03650206,0.9985744,1.0,0.0014256000000000268,1.0,0.875,-0.125,0.0,0.0,0.0,0.0,0.0,0.0,1,1
2629,0.93684924,0.9921471,0.05529785999999992,0.9097847,0.9887816,0.07899690000000004,1.0,1.0,0.0,0.0,0.0,0.0,0.0,0.0,0.0,1,1
2630,0.97375005,0.94750005,-0.026249999999999996,1.0,1.0,0.0,0.9125,0.825,-0.08750000000000002,0.0,0.0,0.0,0.0,0.0,0.0,1,1
2631,1.0,1.0,0.0,1.0,1.0,0.0,1.0,1.0,0.0,0.0,0.0,0.0,0.0,0.0,0.0,1,1
2632,0.9187185,0.95621854,0.03750003999999996,0.9374551,0.9374551,0.0,0.875,1.0,0.125,0.0,0.0,0.0,0.0,0.0,0.0,1,1
2633,0.8816519,0.89928883,0.017636929999999995,0.8309313,0.8561269,0.025195599999999985,1.0,1.0,0.0,0.0,0.0,0.0,0.0,0.0,0.0,1,1
2634,0.9479995,0.92549956,-0.022499939999999996,0.97392786,0.97392786,0.0,0.8875,0.8125,-0.07499999999999996,0.0,0.0,0.0,0.0,0.0,0.0,1,1
2635,0.0,0.96625006,0.96625006,1.0,1.0,0.0,0.25,0.8875,0.6375,1.0,0.0,1.0,0.0,0.0,0.0,0,1
2636,0.8354952,0.857881,0.02238580000000001,0.8132074,0.8505442,0.03733679999999995,0.8875,0.875,-0.012499999999999956,0.0,0.0,0.0,0.0,0.0,0.0,1,1
2637,1.0,1.0,0.0,1.0,1.0,0.0,1.0,1.0,0.0,0.0,0.0,0.0,0.0,0.0,0.0,1,1
2638,0.8769348,0.8656847,-0.01125010000000004,0.8563354,0.8563354,0.0,0.925,0.8875,-0.03750000000000009,0.0,0.0,0.0,0.0,0.0,0.0,1,1
2639,1.0,1.0,0.0,1.0,1.0,0.0,1.0,1.0,0.0,0.0,0.0,0.0,0.0,0.0,0.0,1,1
2640,1.0,1.0,0.0,1.0,1.0,0.0,1.0,1.0,0.0,0.0,0.0,0.0,0.0,0.0,0.0,1,1
2641,0.8781447,0.9030865,0.024941800000000014,0.8741352,0.8615521,-0.012583099999999958,0.8875,1.0,0.11250000000000004,0.0,0.0,0.0,0.0,0.0,0.0,1,1
2642,1.0,1.0,0.0,1.0,1.0,0.0,1.0,1.0,0.0,0.0,0.0,0.0,0.0,0.0,0.0,1,1
2643,0.8864712,0.89015675,0.0036855500000000374,0.83781594,0.87522393,0.03740798999999995,1.0,0.925,-0.07499999999999996,0.0,0.0,0.0,0.0,0.0,0.0,1,1
2644,0.0,0.0,0.0,1.0,1.0,0.0,1.0,1.0,0.0,1.0,0.0,1.0,1.0,0.0,0.0,0,0
2645,0.9310652,1.0,0.06893479999999996,0.9015216,1.0,0.09847839999999997,1.0,1.0,0.0,0.0,0.0,0.0,0.0,0.0,0.0,1,1
2646,0.76171744,0.803215,0.041497560000000044,0.7560249,0.8206643,0.06463940000000001,0.77500004,0.7625,-0.012500040000000046,0.0,0.0,0.0,0.0,0.0,0.0,1,1
2647,0.9418278,0.99044555,0.048617750000000015,0.94903964,0.98635083,0.03731119000000005,0.925,1.0,0.07499999999999996,0.0,0.0,0.0,0.0,0.0,0.0,1,1
2648,1.0,1.0,0.0,1.0,1.0,0.0,1.0,1.0,0.0,0.0,0.0,0.0,0.0,0.0,0.0,1,1
2649,1.0,0.9813041,-0.018695899999999988,1.0,0.9732915,-0.026708500000000024,1.0,1.0,0.0,0.0,0.0,0.0,0.0,0.0,0.0,1,1
2650,0.8065325,0.86504793,0.058515430000000035,0.75576067,0.8447113,0.08895063000000003,0.925,0.9125,-0.012500000000000067,0.0,0.0,0.0,0.0,0.0,0.0,1,1
2651,0.0,0.0,0.0,1.0,1.0,0.0,1.0,1.0,0.0,1.0,1.0,1.0,1.0,0.0,0.0,0,0
2652,1.0,1.0,0.0,1.0,1.0,0.0,1.0,1.0,0.0,0.0,0.0,0.0,0.0,0.0,0.0,1,1
2653,0.85758704,0.88089705,0.023310009999999992,0.84476733,0.88342434,0.03865700999999999,0.8875,0.875,-0.012499999999999956,0.0,0.0,0.0,0.0,0.0,0.0,1,1
2654,0.87313217,0.88271314,0.009580970000000022,0.8187603,0.83244723,0.013686929999999986,1.0,1.0,0.0,0.0,0.0,0.0,0.0,0.0,0.0,1,1
2655,0.8752052,0.8246889,-0.05051630000000007,0.8967218,0.78169847,-0.11502332999999998,0.825,0.925,0.10000000000000009,0.0,0.0,0.0,0.0,0.0,0.0,1,1
2656,1.0,1.0,0.0,1.0,1.0,0.0,1.0,1.0,0.0,0.0,0.0,0.0,0.0,0.0,0.0,1,1
2657,1.0,1.0,0.0,1.0,1.0,0.0,1.0,1.0,0.0,0.0,0.0,0.0,0.0,0.0,0.0,1,1
2658,0.93491143,0.96250004,0.027588610000000013,0.9873735,1.0,0.012626499999999985,0.8125,0.875,0.0625,0.0,0.0,0.0,0.0,0.0,0.0,1,1
2659,0.8986046,0.9702379,0.07163330000000001,0.88729215,0.9574828,0.07019065000000002,0.925,1.0,0.07499999999999996,0.0,0.0,0.0,0.0,0.0,0.0,1,1
2660,0.9300454,0.9125757,-0.017469700000000032,0.9000649,0.87510824,-0.024956659999999964,1.0,1.0,0.0,0.0,0.0,0.0,0.0,0.0,0.0,1,1
2661,0.8819558,0.9160938,0.034138,0.890294,0.9390626,0.04876859999999994,0.8625,0.8625,0.0,0.0,0.0,0.0,0.0,0.0,0.0,1,1
2662,1.0,1.0,0.0,1.0,1.0,0.0,1.0,1.0,0.0,0.0,0.0,0.0,0.0,0.0,0.0,1,1
2663,0.870896,0.82589597,-0.04500002999999997,0.8798514,0.8798514,0.0,0.85,0.7,-0.15000000000000002,0.0,0.0,0.0,0.0,0.0,0.0,1,1
2664,0.9126116,0.9038804,-0.008731199999999939,0.8751593,0.8626863,-0.012472999999999956,1.0,1.0,0.0,0.0,0.0,0.0,0.0,0.0,0.0,1,1
2665,1.0,1.0,0.0,1.0,1.0,0.0,1.0,1.0,0.0,0.0,0.0,0.0,0.0,0.0,0.0,1,1
2666,1.0,1.0,0.0,1.0,1.0,0.0,1.0,1.0,0.0,0.0,0.0,0.0,0.0,0.0,0.0,1,1
2667,0.0,0.0,0.0,0.72149944,0.8711418,0.14964235999999997,0.99999994,1.0,5.999999996841865e-08,1.0,0.0,1.0,0.0,0.0,1.0,0,0
2668,0.9232273,0.8932273,-0.030000000000000027,0.92782474,0.92782474,0.0,0.9125,0.8125,-0.09999999999999998,0.0,0.0,0.0,0.0,0.0,0.0,1,1
2669,1.0,1.0,0.0,1.0,1.0,0.0,1.0,1.0,0.0,0.0,0.0,0.0,0.0,0.0,0.0,1,1
2670,0.9593205,1.0,0.04067949999999998,0.9418864,1.0,0.05811359999999999,1.0,1.0,0.0,0.0,0.0,0.0,0.0,0.0,0.0,1,1
2671,0.93843955,0.895,-0.04343954999999999,0.9602709,1.0,0.03972909999999996,0.8875,0.65000004,-0.23749995999999995,0.0,0.0,0.0,0.0,0.0,0.0,1,1
2672,1.0,0.96999997,-0.030000029999999955,1.0,1.0,0.0,1.0,0.90000004,-0.09999996,0.0,0.0,0.0,0.0,0.0,0.0,1,1
2673,0.94869137,0.96625006,0.017558689999999988,0.97491634,1.0,0.025083659999999952,0.8875,0.8875,0.0,0.0,0.0,0.0,0.0,0.0,0.0,1,1
2674,0.9097902,0.9032435,-0.006546700000000016,0.87112886,0.90999055,0.03886168999999995,1.0,0.8875,-0.11250000000000004,0.0,0.0,0.0,0.0,0.0,0.0,1,1
2675,0.92935944,0.9558205,0.026461059999999925,0.899085,0.9368864,0.037801399999999985,1.0,1.0,0.0,0.0,0.0,0.0,0.0,0.0,0.0,1,1
2676,0.921416,0.9127156,-0.008700400000000053,0.88773715,0.87530804,-0.012429110000000021,1.0,1.0,0.0,0.0,0.0,0.0,0.0,0.0,0.0,1,1
2677,1.0,1.0,0.0,1.0,1.0,0.0,1.0,1.0,0.0,0.0,0.0,0.0,0.0,0.0,0.0,1,1
2678,0.90425533,0.95387536,0.049620029999999926,0.9489361,0.982322,0.03338590000000008,0.8,0.8875,0.08749999999999991,0.0,0.0,0.0,0.0,0.0,0.0,1,1
2679,1.0,1.0,0.0,1.0,1.0,0.0,1.0,1.0,0.0,0.0,0.0,0.0,0.0,0.0,0.0,1,1
2680,1.0,1.0,0.0,1.0000001,1.0000001,0.0,1.0,1.0,0.0,0.0,0.0,0.0,0.0,0.0,0.0,1,1
2681,0.2801696,0.36400852,0.08383891999999998,0.019885177,0.13965502,0.11976984299999999,0.8875,0.8875,0.0,0.0,0.0,0.0,0.0,0.0,0.0,1,1
2682,0.95125,0.95437205,0.0031220499999999873,1.0,0.98838854,-0.011611460000000018,0.83750004,0.875,0.03749996,0.0,0.0,0.0,0.0,0.0,0.0,1,1
2683,1.0,1.0,0.0,1.0,1.0,0.0,1.0,1.0,0.0,0.0,0.0,0.0,0.0,0.0,0.0,1,1
2684,1.0,1.0,0.0,1.0,1.0,0.0,1.0,1.0,0.0,0.0,0.0,0.0,0.0,0.0,0.0,1,1
2685,0.95500004,1.0,0.04499995999999995,1.0,1.0,0.0,0.85,1.0,0.15000000000000002,0.0,0.0,0.0,0.0,0.0,0.0,1,1
2686,0.0,0.0,0.0,1.0,1.0,0.0,1.0,1.0,0.0,1.0,1.0,1.0,1.0,0.0,0.0,0,0
2687,0.0,0.0,0.0,1.0,1.0,0.0,1.0,1.0,0.0,2.0,2.0,1.0,1.0,0.0,0.0,0,0
2688,1.0,1.0,0.0,1.0,1.0,0.0,1.0,1.0,0.0,0.0,0.0,0.0,0.0,0.0,0.0,1,1
2689,0.9014265,0.0,-0.9014265,0.9127522,0.7632365,-0.14951570000000003,0.875,0.53030306,-0.34469693999999995,0.0,1.0,0.0,1.0,0.0,0.0,1,0
2690,0.9384079,0.9421366,0.003728700000000029,0.9120112,0.9709093,0.05889809999999995,1.0,0.875,-0.125,0.0,0.0,0.0,0.0,0.0,0.0,1,1
2691,1.0,1.0,0.0,1.0,1.0,0.0,1.0,1.0,0.0,0.0,0.0,0.0,0.0,0.0,0.0,1,1
2692,0.8594021,0.904412,0.04500990000000005,0.7991458,0.91166,0.11251420000000001,1.0,0.8875,-0.11250000000000004,0.0,0.0,0.0,0.0,0.0,0.0,1,1
2693,1.0,1.0,0.0,1.0,1.0,0.0,1.0,1.0,0.0,0.0,0.0,0.0,0.0,0.0,0.0,1,1
2694,0.8173815,0.81482756,-0.002553939999999977,0.7873307,0.83725363,0.04992292999999992,0.8875,0.7625,-0.125,0.0,0.0,0.0,0.0,0.0,0.0,1,1
2695,0.9132328,0.9132328,0.0,0.87604684,0.87604684,0.0,1.0,1.0,0.0,0.0,0.0,0.0,0.0,0.0,0.0,1,1
2696,1.0,1.0,0.0,1.0,1.0,0.0,1.0,1.0,0.0,0.0,0.0,0.0,0.0,0.0,0.0,1,1
2697,1.0,0.97296315,-0.02703685,0.99999994,0.96137583,-0.03862410999999999,1.0,1.0,0.0,0.0,0.0,0.0,0.0,0.0,0.0,1,1
2698,0.94812787,1.0,0.051872130000000016,0.9258969,1.0,0.07410309999999998,1.0,1.0,0.0,0.0,0.0,0.0,0.0,0.0,0.0,1,1
2699,0.8248169,0.8352855,0.01046860000000005,0.846167,0.8718364,0.025669399999999953,0.77500004,0.75,-0.02500004,0.0,0.0,0.0,0.0,0.0,0.0,1,1
2700,1.0,1.0,0.0,1.0,1.0,0.0,1.0,1.0,0.0,0.0,0.0,0.0,0.0,0.0,0.0,1,1
2701,0.95782816,0.9439564,-0.01387176000000001,0.9397545,0.9520804,0.0123259,1.0,0.925,-0.07499999999999996,0.0,0.0,0.0,0.0,0.0,0.0,1,1
2702,0.8954701,0.93929714,0.04382703999999993,0.8506715,0.91328156,0.06261006000000002,1.0,1.0,0.0,0.0,0.0,0.0,0.0,0.0,0.0,1,1
2703,0.90242714,0.95545644,0.053029299999999946,0.8606101,0.9363664,0.0757563,1.0,1.0,0.0,0.0,0.0,0.0,0.0,0.0,0.0,1,1
2704,1.0,0.94,-0.06000000000000005,1.0,1.0,0.0,1.0,0.8,-0.19999999999999996,0.0,0.0,0.0,0.0,0.0,0.0,1,1
2705,0.89614356,0.9274439,0.03130034000000004,0.899848,0.9499199,0.05007190000000006,0.8875,0.875,-0.012499999999999956,0.0,0.0,0.0,0.0,0.0,0.0,1,1
2706,1.0,1.0,0.0,1.0,1.0,0.0,1.0,1.0,0.0,0.0,0.0,0.0,0.0,0.0,0.0,1,1
2707,0.0,0.0,0.0,0.16237369,0.174739,0.012365310000000018,0.14285715,0.2857143,0.14285715,0.0,0.0,0.0,0.0,1.0,1.0,0,0
2708,0.918756,0.91143745,-0.007318550000000035,0.8839371,0.9216964,0.03775929999999994,1.0,0.8875,-0.11250000000000004,0.0,0.0,0.0,0.0,0.0,0.0,1,1
2709,0.891533,0.9186789,0.027145899999999945,0.8450471,0.8838269,0.03877979999999992,1.0,1.0,0.0,0.0,0.0,0.0,0.0,0.0,0.0,1,1
2710,0.96250004,0.97375005,0.011250010000000032,1.0,1.0,0.0,0.875,0.9125,0.03749999999999998,0.0,0.0,0.0,0.0,0.0,0.0,1,1
2711,1.0,0.97749996,-0.022500040000000054,0.99999994,0.99999994,0.0,1.0,0.925,-0.07499999999999996,0.0,0.0,0.0,0.0,0.0,0.0,1,1
2712,0.9368807,1.0,0.06311929999999999,0.90982956,1.0,0.09017043999999996,1.0,1.0,0.0,0.0,0.0,0.0,0.0,0.0,0.0,1,1
2713,1.0,0.97375005,-0.026249949999999966,1.0,1.0,0.0,1.0,0.9125,-0.08750000000000002,0.0,0.0,0.0,0.0,0.0,0.0,1,1
2714,0.80963707,0.8763319,0.0666948300000001,0.78698146,0.87690264,0.08992117999999993,0.8625,0.875,0.012499999999999956,0.0,0.0,0.0,0.0,0.0,0.0,1,1
2715,0.9653738,0.96625006,0.0008762600000000731,0.9505339,1.0,0.04946609999999996,1.0,0.8875,-0.11250000000000004,0.0,0.0,0.0,0.0,0.0,0.0,1,1
2716,0.902595,0.93616354,0.03356853999999998,0.8929928,0.9409478,0.04795499999999997,0.925,0.925,0.0,0.0,0.0,0.0,0.0,0.0,0.0,1,1
2717,0.9454746,0.95461655,0.009141949999999954,0.9221066,0.9351665,0.013059900000000013,1.0,1.0,0.0,0.0,0.0,0.0,0.0,0.0,0.0,1,1
2718,0.85172695,0.8788808,0.027153850000000035,0.83639556,0.87518686,0.03879129999999997,0.8875,0.8875,0.0,0.0,0.0,0.0,0.0,0.0,0.0,1,1
2719,0.8338936,0.9649893,0.13109570000000004,0.7627051,0.9499846,0.18727949999999993,1.0,1.0,0.0,0.0,0.0,0.0,0.0,0.0,0.0,1,1
2720,0.895,0.0,-0.895,0.99999994,0.99999994,0.0,0.65000004,0.8857143,0.23571425999999995,0.0,0.0,0.0,0.0,0.0,1.0,1,0
2721,0.9760894,0.968105,-0.007984400000000003,0.965842,0.95443577,-0.011406229999999962,1.0,1.0,0.0,0.0,0.0,0.0,0.0,0.0,0.0,1,1
2722,0.82626766,1.0,0.17373234000000004,0.8000252,1.0,0.1999748,0.8875,1.0,0.11250000000000004,0.0,0.0,0.0,0.0,0.0,0.0,1,1
2723,0.97072214,0.9316145,-0.03910764,0.95817447,0.9719492,0.013774729999999957,1.0,0.83750004,-0.16249996,0.0,0.0,0.0,0.0,0.0,0.0,1,1
2724,0.9658758,0.9828922,0.017016400000000043,0.9512511,0.9755603,0.02430920000000003,1.0,1.0,0.0,0.0,0.0,0.0,0.0,0.0,0.0,1,1
2725,1.0,1.0,0.0,1.0,1.0,0.0,1.0,1.0,0.0,0.0,0.0,0.0,0.0,0.0,0.0,1,1
2726,0.92189926,0.9315405,0.009641239999999995,0.88842756,0.9504149,0.061987339999999946,1.0,0.8875,-0.11250000000000004,0.0,0.0,0.0,0.0,0.0,0.0,1,1
2727,1.0,1.0,0.0,1.0,1.0,0.0,1.0,1.0,0.0,0.0,0.0,0.0,0.0,0.0,0.0,1,1
2728,1.0,0.97749996,-0.022500040000000054,1.0,1.0,0.0,1.0,0.925,-0.07499999999999996,0.0,0.0,0.0,0.0,0.0,0.0,1,1
2729,0.90077686,0.91127414,0.010497279999999942,0.9171812,0.9268203,0.009639100000000012,0.8625,0.875,0.012499999999999956,0.0,0.0,0.0,0.0,0.0,0.0,1,1
2730,0.9037207,1.0,0.09627929999999996,0.86245805,1.0,0.13754195000000002,1.0,1.0,0.0,0.0,0.0,0.0,0.0,0.0,0.0,1,1
2731,0.9159665,0.95704174,0.04107523999999996,0.8799522,0.9386311,0.05867890000000009,1.0,1.0,0.0,0.0,0.0,0.0,0.0,0.0,0.0,1,1
2732,0.9195094,0.952401,0.03289160000000002,0.88501346,0.93200135,0.04698788999999992,1.0,1.0,0.0,0.0,0.0,0.0,0.0,0.0,0.0,1,1
2733,0.9558633,0.9159465,-0.039916799999999975,0.9369476,0.94956636,0.012618760000000062,1.0,0.83750004,-0.16249996,0.0,0.0,0.0,0.0,0.0,0.0,1,1
2734,0.8958468,0.92138785,0.025541049999999954,0.90478104,0.9519826,0.047201559999999976,0.875,0.85,-0.025000000000000022,0.0,0.0,0.0,0.0,0.0,0.0,1,1
2735,1.0,1.0,0.0,1.0,1.0,0.0,1.0,1.0,0.0,0.0,0.0,0.0,0.0,0.0,0.0,1,1
2736,0.8685133,0.8999762,0.03146289999999996,0.8603761,0.91068023,0.05030413,0.8875,0.875,-0.012499999999999956,0.0,0.0,0.0,0.0,0.0,0.0,1,1
2737,0.96999997,0.9595709,-0.01042907000000004,1.0000001,0.9743869,-0.025613200000000114,0.90000004,0.925,0.024999960000000043,0.0,0.0,0.0,0.0,0.0,0.0,1,1
2738,1.0,1.0,0.0,1.0,1.0,0.0,1.0,1.0,0.0,0.0,0.0,0.0,0.0,0.0,0.0,1,1
2739,0.9325096,0.94942075,0.016911149999999986,0.90358514,0.92774385,0.024158710000000028,1.0,1.0,0.0,0.0,0.0,0.0,0.0,0.0,0.0,1,1
2740,0.9180611,0.99063665,0.07257555000000004,0.8829443,0.9866237,0.10367939999999998,1.0,1.0,0.0,0.0,0.0,0.0,0.0,0.0,0.0,1,1
2741,0.88107187,0.93859035,0.05751848000000004,0.8622455,0.9122719,0.050026400000000026,0.925,1.0,0.07499999999999996,0.0,0.0,0.0,0.0,0.0,0.0,1,1
2742,1.0,1.0,0.0,1.0,1.0,0.0,1.0,1.0,0.0,0.0,0.0,0.0,0.0,0.0,0.0,1,1
2743,1.0,1.0,0.0,1.0,1.0,0.0,1.0,1.0,0.0,0.0,0.0,0.0,0.0,0.0,0.0,1,1
2744,0.9295255,0.9460288,0.0165033,0.95289356,0.9764697,0.023576139999999968,0.875,0.875,0.0,0.0,0.0,0.0,0.0,0.0,0.0,1,1
2745,0.8538043,0.9216963,0.06789200000000006,0.791149,0.8881376,0.09698859999999998,1.0,1.0,0.0,0.0,0.0,0.0,0.0,0.0,0.0,1,1
2746,0.86889696,0.93863964,0.06974267999999995,0.8127099,0.9123423,0.09963240000000007,1.0,1.0,0.0,0.0,0.0,0.0,0.0,0.0,0.0,1,1
2747,1.0,1.0,0.0,1.0,1.0,0.0,1.0,1.0,0.0,0.0,0.0,0.0,0.0,0.0,0.0,1,1
2748,1.0,1.0,0.0,1.0,1.0,0.0,1.0,1.0,0.0,0.0,0.0,0.0,0.0,0.0,0.0,1,1
2749,1.0,1.0,0.0,1.0,1.0,0.0,1.0,1.0,0.0,0.0,0.0,0.0,0.0,0.0,0.0,1,1
2750,0.9395758,0.91369075,-0.025885049999999965,0.961894,0.9249153,-0.03697870000000003,0.8875,0.8875,0.0,0.0,0.0,0.0,0.0,0.0,0.0,1,1
2751,0.9301881,0.9127313,-0.01745679999999994,0.9002687,0.8753304,-0.02493830000000008,1.0,1.0,0.0,0.0,0.0,0.0,0.0,0.0,0.0,1,1
2752,0.9117996,0.92060083,0.008801229999999993,0.8739995,0.8865726,0.012573100000000004,1.0,1.0,0.0,0.0,0.0,0.0,0.0,0.0,0.0,1,1
2753,0.99992126,0.99992126,0.0,0.9998874,0.9998874,0.0,1.0,1.0,0.0,0.0,0.0,0.0,0.0,0.0,0.0,1,1
2754,0.9746704,1.0,0.025329599999999952,0.9638148,1.0,0.03618520000000003,1.0,1.0,0.0,0.0,0.0,0.0,0.0,0.0,0.0,1,1
2755,0.9124302,0.9124302,0.0,0.87490034,0.87490034,0.0,1.0,1.0,0.0,0.0,0.0,0.0,0.0,0.0,0.0,1,1
2756,0.0,0.0,0.0,1.0,1.0,0.0,1.0,1.0,0.0,1.0,1.0,1.0,1.0,0.0,0.0,0,0
2757,0.8775765,0.9039876,0.02641110000000002,0.82510924,0.8628394,0.03773016000000007,1.0,1.0,0.0,0.0,0.0,0.0,0.0,0.0,0.0,1,1
2758,0.91294557,0.9912893,0.07834373000000006,0.87563646,0.9875561,0.1119196400000001,1.0,1.0,0.0,0.0,0.0,0.0,0.0,0.0,0.0,1,1
2759,1.0,1.0,0.0,1.0,1.0,0.0,1.0,1.0,0.0,0.0,0.0,0.0,0.0,0.0,0.0,1,1
2760,0.0,0.0,0.0,1.0,1.0,0.0,1.0,1.0,0.0,1.0,1.0,1.0,1.0,0.0,0.0,0,0
2761,0.7677949,0.7501164,-0.01767849999999993,0.7004213,0.67516625,-0.025255050000000057,0.925,0.925,0.0,0.0,0.0,0.0,0.0,0.0,0.0,1,1
2762,0.9478006,0.9216861,-0.02611450000000004,0.92542934,0.888123,-0.03730633999999999,1.0,1.0,0.0,0.0,0.0,0.0,0.0,0.0,0.0,1,1
2763,1.0,1.0,0.0,1.0,1.0,0.0,1.0,1.0,0.0,0.0,0.0,0.0,0.0,0.0,0.0,1,1
2764,0.92748815,0.87491935,-0.05256879999999997,0.949983,0.8748847,-0.07509830000000006,0.875,0.875,0.0,0.0,0.0,0.0,0.0,0.0,0.0,1,1
2765,1.0,0.9325,-0.0675,1.0,1.0,0.0,1.0,0.77500004,-0.22499996,0.0,0.0,0.0,0.0,0.0,0.0,1,1
2766,0.8861626,0.93861496,0.052452359999999976,0.8373751,0.912307,0.07493189999999994,1.0,1.0,0.0,0.0,0.0,0.0,0.0,0.0,0.0,1,1
2767,0.83130354,0.8487803,0.01747676000000009,0.8125764,0.83754313,0.024966730000000048,0.875,0.875,0.0,0.0,0.0,0.0,0.0,0.0,0.0,1,1
2768,0.8355803,0.85715485,0.02157454999999997,0.7972574,0.8602211,0.06296369999999996,0.925,0.85,-0.07500000000000007,0.0,0.0,0.0,0.0,0.0,0.0,1,1
2769,1.0,1.0,0.0,1.0,1.0,0.0,1.0,1.0,0.0,0.0,0.0,0.0,0.0,0.0,0.0,1,1
2770,1.0,1.0,0.0,1.0,1.0,0.0,1.0,1.0,0.0,0.0,0.0,0.0,0.0,0.0,0.0,1,1
2771,0.8907055,0.89975375,0.00904824999999998,0.843865,0.8567911,0.012926100000000051,1.0,1.0,0.0,0.0,0.0,0.0,0.0,0.0,0.0,1,1
2772,1.0,1.0,0.0,1.0,1.0,0.0,1.0,1.0,0.0,0.0,0.0,0.0,0.0,0.0,0.0,1,1
2773,1.0,1.0,0.0,1.0,1.0,0.0,1.0,1.0,0.0,0.0,0.0,0.0,0.0,0.0,0.0,1,1
2774,1.0,1.0,0.0,1.0,1.0,0.0,1.0,1.0,0.0,0.0,0.0,0.0,0.0,0.0,0.0,1,1
2775,0.96250004,0.96625006,0.0037500200000000206,1.0,1.0,0.0,0.875,0.8875,0.012499999999999956,0.0,0.0,0.0,0.0,0.0,0.0,1,1
2776,0.83519787,0.8406003,0.005402429999999958,0.79671127,0.8687147,0.07200342999999998,0.925,0.77500004,-0.14999996000000004,0.0,0.0,0.0,0.0,0.0,0.0,1,1
2777,0.8021461,0.8158941,0.013747999999999982,0.82449436,0.84949166,0.0249973,0.75,0.7375,-0.012499999999999956,0.0,0.0,0.0,0.0,0.0,0.0,1,1
2778,0.8194489,0.7817438,-0.03770510000000005,0.85456985,0.8167769,-0.037792949999999936,0.7375,0.7,-0.03750000000000009,0.0,0.0,0.0,0.0,0.0,0.0,1,1
2779,0.0,0.0,0.0,0.08388639,0.08388639,0.0,0.25,0.375,0.125,1.0,1.0,1.0,1.0,0.0,0.0,0,0
2780,0.86844313,0.8522466,-0.016196529999999987,0.81206155,0.837138,0.025076450000000028,1.0,0.8875,-0.11250000000000004,0.0,0.0,0.0,0.0,0.0,0.0,1,1
2781,0.9098465,0.97749996,0.06765345999999994,0.9033521,1.0,0.09664790000000001,0.925,0.925,0.0,0.0,0.0,0.0,0.0,0.0,0.0,1,1
2782,0.9212276,0.9212276,0.0,0.8874679,0.8874679,0.0,1.0,1.0,0.0,0.0,0.0,0.0,0.0,0.0,0.0,1,1
2783,0.966214,0.99134845,0.02513445000000003,0.95173436,0.98764074,0.035906380000000016,1.0,1.0,0.0,0.0,0.0,0.0,0.0,0.0,0.0,1,1
2784,0.79220986,0.8178116,0.02560173999999993,0.7352998,0.7879451,0.052645300000000006,0.925,0.8875,-0.03750000000000009,0.0,0.0,0.0,0.0,0.0,0.0,1,1
2785,0.90751725,0.9300173,0.022500049999999994,0.90002465,0.90002465,0.0,0.925,1.0,0.07499999999999996,0.0,0.0,0.0,0.0,0.0,0.0,1,1
2786,1.0,1.0,0.0,1.0,1.0,0.0,1.0,1.0,0.0,0.0,0.0,0.0,0.0,0.0,0.0,1,1
2787,0.0,0.0,0.0,0.01125149,0.0068926523,-0.0043588377,1.0,1.0,0.0,1.0,1.0,1.0,1.0,0.0,0.0,0,0
2788,0.7448434,0.86428875,0.11944535,0.7158477,0.8436266,0.12777890000000003,0.8125,0.9125,0.09999999999999998,0.0,0.0,0.0,0.0,0.0,0.0,1,1
2789,0.91247886,0.92124766,0.008768800000000021,0.8749697,0.8874967,0.012527000000000066,1.0,1.0,0.0,0.0,0.0,0.0,0.0,0.0,0.0,1,1
2790,1.0,1.0,0.0,1.0,1.0,0.0,1.0,1.0,0.0,0.0,0.0,0.0,0.0,0.0,0.0,1,1
2791,0.92303115,0.8677869,-0.055244249999999995,0.9221873,0.84326696,-0.07892034000000003,0.925,0.925,0.0,0.0,0.0,0.0,0.0,0.0,0.0,1,1
2792,0.90173054,0.9196148,0.017884259999999985,0.859615,0.885164,0.025548999999999933,1.0,1.0,0.0,0.0,0.0,0.0,0.0,0.0,0.0,1,1
2793,0.88905156,0.8242325,-0.06481905999999993,0.93793076,0.8506892,-0.08724155999999994,0.77500004,0.7625,-0.012500040000000046,0.0,0.0,0.0,0.0,0.0,0.0,1,1
2794,0.9211402,0.88989365,-0.031246549999999984,0.88734317,0.874848,-0.01249517,1.0,0.925,-0.07499999999999996,0.0,0.0,0.0,0.0,0.0,0.0,1,1
2795,0.96624994,0.99124545,0.02499551,0.99999994,0.9874936,-0.01250634000000006,0.8875,1.0,0.11250000000000004,0.0,0.0,0.0,0.0,0.0,0.0,1,1
2796,0.9649655,0.97749996,0.012534459999999914,0.94995075,1.0,0.050049250000000045,1.0,0.925,-0.07499999999999996,0.0,0.0,0.0,0.0,0.0,0.0,1,1
2797,0.9365349,0.9462782,0.00974330000000001,0.90933555,0.95539737,0.04606182000000003,1.0,0.925,-0.07499999999999996,0.0,0.0,0.0,0.0,0.0,0.0,1,1
2798,1.0,1.0,0.0,1.0,1.0,0.0,1.0,1.0,0.0,0.0,0.0,0.0,0.0,0.0,0.0,1,1
2799,1.0,1.0,0.0,1.0,1.0,0.0,1.0,1.0,0.0,0.0,0.0,0.0,0.0,0.0,0.0,1,1
2800,1.0,1.0,0.0,1.0,1.0,0.0,1.0,1.0,0.0,0.0,0.0,0.0,0.0,0.0,0.0,1,1
2801,0.90660715,0.9378652,0.031258049999999926,0.8665816,0.9112359,0.044654300000000036,1.0,1.0,0.0,0.0,0.0,0.0,0.0,0.0,0.0,1,1
2802,0.890103,0.9126029,0.022499900000000017,0.875147,0.875147,0.0,0.925,1.0,0.07499999999999996,0.0,0.0,0.0,0.0,0.0,0.0,1,1
2803,0.99066466,0.96625006,-0.024414599999999953,0.98666376,1.0,0.01333624,1.0,0.8875,-0.11250000000000004,0.0,0.0,0.0,0.0,0.0,0.0,1,1
2804,0.8875,0.96250004,0.07500004000000005,1.0,1.0,0.0,0.625,0.875,0.25,0.0,0.0,0.0,0.0,0.0,0.0,1,1
2805,0.97375005,0.9650588,-0.00869125000000004,1.0,0.950084,-0.04991599999999996,0.9125,1.0,0.08750000000000002,0.0,0.0,0.0,0.0,0.0,0.0,1,1
2806,0.96625006,0.96625006,0.0,1.0,1.0,0.0,0.8875,0.8875,0.0,0.0,0.0,0.0,0.0,0.0,0.0,1,1
2807,1.0,1.0,0.0,1.0,1.0,0.0,1.0,1.0,0.0,0.0,0.0,0.0,0.0,0.0,0.0,1,1
2808,0.9032524,0.939382,0.036129600000000095,0.86178917,0.91340274,0.05161357,1.0,1.0,0.0,0.0,0.0,0.0,0.0,0.0,0.0,1,1
2809,0.93000805,0.91251004,-0.017498009999999953,0.9000115,0.8750143,-0.02499719999999994,1.0,1.0,0.0,0.0,0.0,0.0,0.0,0.0,0.0,1,1
2810,1.0,1.0,0.0,1.0,1.0,0.0,1.0,1.0,0.0,0.0,0.0,0.0,0.0,0.0,0.0,1,1
2811,0.87324995,0.87324995,0.0,0.8189285,0.8189285,0.0,1.0,1.0,0.0,0.0,0.0,0.0,0.0,0.0,0.0,1,1
2812,0.93892443,0.9301923,-0.00873213000000006,0.91274923,0.9002747,-0.012474529999999984,1.0,1.0,0.0,0.0,0.0,0.0,0.0,0.0,0.0,1,1
2813,0.95500004,0.95500004,0.0,1.0,1.0,0.0,0.85,0.85,0.0,0.0,0.0,0.0,0.0,0.0,0.0,1,1
2814,0.89244145,0.9103409,0.01789945000000004,0.84634495,0.87191564,0.025570690000000007,1.0,1.0,0.0,0.0,0.0,0.0,0.0,0.0,0.0,1,1
2815,0.8340885,0.86184436,0.027755859999999966,0.811198,0.8615633,0.05036530000000006,0.8875,0.8625,-0.02499999999999991,0.0,0.0,0.0,0.0,0.0,0.0,1,1
2816,1.0,1.0,0.0,1.0,1.0,0.0,1.0,1.0,0.0,0.0,0.0,0.0,0.0,0.0,0.0,1,1
2817,0.93004304,0.9125902,-0.017452840000000025,0.90006155,0.87512887,-0.02493268000000004,1.0,1.0,0.0,0.0,0.0,0.0,0.0,0.0,0.0,1,1
2818,0.91122305,0.94375,0.03252694999999994,0.92139006,1.0,0.07860993999999999,0.8875,0.8125,-0.07499999999999996,0.0,0.0,0.0,0.0,0.0,0.0,1,1
2819,1.0,1.0,0.0,1.0,1.0,0.0,1.0,1.0,0.0,0.0,0.0,0.0,0.0,0.0,0.0,1,1
2820,0.9576012,0.95385116,-0.00375004000000001,0.98764455,0.98764455,0.0,0.8875,0.875,-0.012499999999999956,0.0,0.0,0.0,0.0,0.0,0.0,1,1
2821,1.0,1.0,0.0,1.0,1.0,0.0,1.0,1.0,0.0,0.0,0.0,0.0,0.0,0.0,0.0,1,1
2822,1.0,1.0,0.0,1.0,1.0,0.0,1.0,1.0,0.0,0.0,0.0,0.0,0.0,0.0,0.0,1,1
2823,1.0,1.0,0.0,1.0,1.0,0.0,1.0,1.0,0.0,0.0,0.0,0.0,0.0,0.0,0.0,1,1
2824,1.0,1.0,0.0,1.0,1.0,0.0,1.0,1.0,0.0,0.0,0.0,0.0,0.0,0.0,0.0,1,1
2825,1.0,1.0,0.0,0.99999994,0.99999994,0.0,1.0,1.0,0.0,0.0,0.0,0.0,0.0,0.0,0.0,1,1
2826,0.93874377,1.0,0.06125623000000002,0.9124912,1.0,0.08750880000000005,1.0,1.0,0.0,0.0,0.0,0.0,0.0,0.0,0.0,1,1
2827,1.0,1.0,0.0,1.0,1.0,0.0,1.0,1.0,0.0,0.0,0.0,0.0,0.0,0.0,0.0,1,1
2828,1.0,0.7701853,-0.22981470000000004,1.0,0.9074076,-0.09259240000000002,1.0,0.45000002,-0.5499999799999999,0.0,0.0,0.0,0.0,0.0,0.0,1,1
2829,0.99129957,0.97749996,-0.013799610000000073,0.98757076,1.0,0.012429240000000008,1.0,0.925,-0.07499999999999996,0.0,0.0,0.0,0.0,0.0,0.0,1,1
2830,0.90993226,0.8699419,-0.03999036,0.8874032,0.8624169,-0.024986299999999906,0.96250004,0.8875,-0.07500004000000005,0.0,0.0,0.0,0.0,0.0,0.0,1,1
2831,0.994739,0.94750005,-0.04723895,0.9924843,1.0,0.007515700000000014,1.0,0.825,-0.17500000000000004,0.0,0.0,0.0,0.0,0.0,0.0,1,1
2832,1.0,1.0,0.0,1.0,1.0,0.0,1.0,1.0,0.0,0.0,0.0,0.0,0.0,0.0,0.0,1,1
2833,0.99505633,0.97749996,-0.0175563700000001,0.9929377,1.0,0.007062299999999966,1.0,0.925,-0.07499999999999996,0.0,0.0,0.0,0.0,0.0,0.0,1,1
2834,0.95500004,0.85635054,-0.09864950000000006,1.0,0.8751435,-0.12485650000000004,0.85,0.8125,-0.03749999999999998,0.0,0.0,0.0,0.0,0.0,0.0,1,1
2835,1.0,1.0,0.0,1.0,1.0,0.0,1.0,1.0,0.0,0.0,0.0,0.0,0.0,0.0,0.0,1,1
2836,0.91221774,0.91221774,0.0,0.87459666,0.87459666,0.0,1.0,1.0,0.0,0.0,0.0,0.0,0.0,0.0,0.0,1,1
2837,0.9389793,1.0,0.06102070000000004,0.91282755,1.0,0.08717244999999996,1.0,1.0,0.0,0.0,0.0,0.0,0.0,0.0,0.0,1,1
2838,1.0,1.0,0.0,1.0,1.0,0.0,1.0,1.0,0.0,0.0,0.0,0.0,0.0,0.0,0.0,1,1
2839,0.856119,0.862558,0.0064390000000000835,0.7944556,0.835797,0.04134139999999997,1.0,0.925,-0.07499999999999996,0.0,0.0,0.0,0.0,0.0,0.0,1,1
2840,1.0,0.99234927,-0.00765073000000005,0.99999994,0.9890703,-0.010929640000000074,1.0,1.0,0.0,0.0,0.0,0.0,0.0,0.0,0.0,1,1
2841,1.0,1.0,0.0,1.0,1.0,0.0,1.0,1.0,0.0,0.0,0.0,0.0,0.0,0.0,0.0,1,1
2842,0.96250004,0.91382277,-0.048677269999999995,1.0,0.92510384,-0.07489615999999999,0.875,0.8875,0.012499999999999956,0.0,0.0,0.0,0.0,0.0,0.0,1,1
2843,0.930054,0.9124802,-0.017573800000000084,0.90007716,0.87497175,-0.025105409999999995,1.0,1.0,0.0,0.0,0.0,0.0,0.0,0.0,0.0,1,1
2844,1.0,1.0,0.0,1.0,1.0,0.0,1.0,1.0,0.0,0.0,0.0,0.0,0.0,0.0,0.0,1,1
2845,1.0,1.0,0.0,1.0,1.0,0.0,1.0,1.0,0.0,0.0,0.0,0.0,0.0,0.0,0.0,1,1
2846,0.9380911,0.9380911,0.0,0.91155875,0.91155875,0.0,1.0,1.0,0.0,0.0,0.0,0.0,0.0,0.0,0.0,1,1
2847,0.9252124,0.8802967,-0.0449157,0.9253034,0.8879239,-0.03737950000000001,0.925,0.8625,-0.0625,0.0,0.0,0.0,0.0,0.0,0.0,1,1
2848,0.7816171,0.79125875,0.009641650000000057,0.68802446,0.70179826,0.013773800000000058,1.0,1.0,0.0,0.0,0.0,0.0,0.0,0.0,0.0,1,1
2849,0.0,0.8662716,0.8662716,0.4993899,0.93753093,0.43814103,0.51282054,0.7,0.18717945999999996,1.0,0.0,1.0,0.0,0.0,0.0,0,1
2850,0.92501414,0.9387353,0.01372116000000001,0.9250202,0.912479,-0.012541199999999919,0.925,1.0,0.07499999999999996,0.0,0.0,0.0,0.0,0.0,0.0,1,1
2851,1.0,1.0,0.0,1.0,1.0,0.0,1.0,1.0,0.0,0.0,0.0,0.0,0.0,0.0,0.0,1,1
2852,1.0,0.97782993,-0.02217007000000004,1.0,0.9683285,-0.031671499999999964,1.0,1.0,0.0,0.0,0.0,0.0,0.0,0.0,0.0,1,1
2853,0.95192605,0.98641634,0.034490290000000035,0.9313229,0.98059475,0.049271850000000006,1.0,1.0,0.0,0.0,0.0,0.0,0.0,0.0,0.0,1,1
2854,0.9418564,1.0,0.05814359999999996,0.91693777,1.0,0.08306223000000001,1.0,1.0,0.0,0.0,0.0,0.0,0.0,0.0,0.0,1,1
2855,1.0,0.93625003,-0.06374997000000004,1.0,1.0,0.0,1.0,0.7875,-0.21250000000000002,0.0,0.0,0.0,0.0,0.0,0.0,1,1
2856,0.85497993,0.88217753,0.027197599999999933,0.79282844,0.83168226,0.03885382000000004,1.0,1.0,0.0,0.0,0.0,0.0,0.0,0.0,0.0,1,1
2857,0.8206652,0.85253733,0.03187213,0.79737884,0.83755344,0.04017459999999995,0.875,0.8875,0.012499999999999956,0.0,0.0,0.0,0.0,0.0,0.0,1,1
2858,0.9650527,0.98252296,0.01747025999999996,0.95007527,0.97503287,0.024957600000000024,1.0,1.0,0.0,0.0,0.0,0.0,0.0,0.0,0.0,1,1
2859,0.9850001,0.95892316,-0.02607694000000005,1.0,0.96274734,-0.03725266000000005,0.95,0.95,0.0,0.0,0.0,0.0,0.0,0.0,0.0,1,1
2860,0.9696154,1.0,0.030384599999999984,0.95659345,1.0,0.043406550000000044,1.0,1.0,0.0,0.0,0.0,0.0,0.0,0.0,0.0,1,1
2861,0.9223375,1.0,0.07766249999999997,0.9372678,1.0,0.06273220000000002,0.8875,1.0,0.11250000000000004,0.0,0.0,0.0,0.0,0.0,0.0,1,1
2862,0.9486696,0.948156,-0.0005136000000000029,0.9748853,0.92593706,-0.048948239999999976,0.8875,1.0,0.11250000000000004,0.0,0.0,0.0,0.0,0.0,0.0,1,1
2863,0.9584452,1.0,0.0415548,0.94063586,0.99999994,0.05936408000000004,1.0,1.0,0.0,0.0,0.0,0.0,0.0,0.0,0.0,1,1
2864,0.84178257,0.86134577,0.019563200000000003,0.881118,0.8929939,0.01187590000000005,0.75,0.7875,0.03749999999999998,0.0,0.0,0.0,0.0,0.0,0.0,1,1
2865,0.0,0.0,0.0,1.0,1.0,0.0,1.0,1.0,0.0,1.0,1.0,1.0,1.0,0.0,0.0,0,0
2866,0.8442673,0.8892838,0.045016499999999904,0.8257389,0.8900482,0.0643092999999999,0.8875,0.8875,0.0,0.0,0.0,0.0,0.0,0.0,0.0,1,1
2867,0.965157,0.965157,0.0,0.9502243,0.9502243,0.0,1.0,1.0,0.0,0.0,0.0,0.0,0.0,0.0,0.0,1,1
2868,1.0,1.0,0.0,1.0,1.0,0.0,1.0,1.0,0.0,0.0,0.0,0.0,0.0,0.0,0.0,1,1
2869,0.8893372,0.8764849,-0.012852300000000039,0.87405306,0.8235498,-0.05050326000000005,0.925,1.0,0.07499999999999996,0.0,0.0,0.0,0.0,0.0,0.0,1,1
2870,0.92348814,0.96768826,0.044200119999999954,0.9228402,0.9538404,0.031000200000000033,0.925,1.0,0.07499999999999996,0.0,0.0,0.0,0.0,0.0,0.0,1,1
2871,1.0,0.9656977,-0.03430230000000001,1.0,0.95099664,-0.04900336000000005,1.0,1.0,0.0,0.0,0.0,0.0,0.0,0.0,0.0,1,1
2872,0.9154288,0.9156088,0.00017999999999995797,0.87918407,0.92765546,0.04847139,1.0,0.8875,-0.11250000000000004,0.0,0.0,0.0,0.0,0.0,0.0,1,1
2873,0.93034333,0.93034333,0.0,0.9004905,0.9004905,0.0,1.0,1.0,0.0,0.0,0.0,0.0,0.0,0.0,0.0,1,1
2874,1.0,1.0,0.0,1.0,1.0,0.0,1.0,1.0,0.0,0.0,0.0,0.0,0.0,0.0,0.0,1,1
2875,0.89227486,0.92794704,0.03567217999999994,0.846107,0.89706725,0.05096024999999993,1.0,1.0,0.0,0.0,0.0,0.0,0.0,0.0,0.0,1,1
2876,0.95500004,0.0,-0.95500004,1.0,0.7293345,-0.2706655,0.85,0.804878,-0.045121999999999995,0.0,0.0,0.0,0.0,0.0,1.0,1,0
2877,0.96625006,0.96625006,0.0,1.0,1.0,0.0,0.8875,0.8875,0.0,0.0,0.0,0.0,0.0,0.0,0.0,1,1
2878,1.0,1.0,0.0,1.0,1.0,0.0,1.0,1.0,0.0,0.0,0.0,0.0,0.0,0.0,0.0,1,1
2879,1.0,1.0,0.0,1.0,1.0,0.0,1.0,1.0,0.0,0.0,0.0,0.0,0.0,0.0,0.0,1,1
2880,1.0,1.0,0.0,1.0,1.0,0.0,1.0,1.0,0.0,0.0,0.0,0.0,0.0,0.0,0.0,1,1
2881,0.99997056,0.9980446,-0.0019259600000000043,0.9999579,0.9972065,-0.0027513999999999594,1.0,1.0,0.0,0.0,0.0,0.0,0.0,0.0,0.0,1,1
2882,0.978006,0.97749996,-0.0005060400000000964,0.96857995,1.0,0.03142005000000003,1.0,0.925,-0.07499999999999996,0.0,0.0,0.0,0.0,0.0,0.0,1,1
2883,0.96615976,0.9097996,-0.05636015999999999,0.95165676,0.9032851,-0.04837166000000004,1.0,0.925,-0.07499999999999996,0.0,0.0,0.0,0.0,0.0,0.0,1,1
2884,1.0,1.0,0.0,1.0,1.0,0.0,1.0,1.0,0.0,0.0,0.0,0.0,0.0,0.0,0.0,1,1
2885,1.0,0.95384616,-0.04615384,0.99999994,0.93406594,-0.06593400000000005,1.0,1.0,0.0,0.0,0.0,0.0,0.0,0.0,0.0,1,1
2886,0.8143053,0.8753153,0.06101000000000001,0.76686466,0.85402185,0.08715719,0.925,0.925,0.0,0.0,0.0,0.0,0.0,0.0,0.0,1,1
2887,0.9997674,0.9997674,0.0,0.9996677,0.9996677,0.0,1.0,1.0,0.0,0.0,0.0,0.0,0.0,0.0,0.0,1,1
2888,0.89052504,0.90936375,0.018838710000000036,0.8436072,0.87051964,0.026912440000000037,1.0,1.0,0.0,0.0,0.0,0.0,0.0,0.0,0.0,1,1
2889,0.94985545,0.84782356,-0.10203189000000001,0.98729354,0.8468907,-0.14040284000000003,0.8625,0.85,-0.012500000000000067,0.0,0.0,0.0,0.0,0.0,0.0,1,1
2890,0.9496973,1.0,0.050302700000000033,0.9281389,1.0,0.07186110000000001,1.0,1.0,0.0,0.0,0.0,0.0,0.0,0.0,0.0,1,1
2891,0.86533564,0.8858358,0.02050015999999999,0.97369385,0.9386941,-0.034999749999999996,0.6125,0.7625,0.1499999999999999,0.0,0.0,0.0,0.0,0.0,0.0,1,1
2892,0.9029768,0.9214655,0.018488700000000025,0.8613955,0.8878079,0.026412400000000003,1.0,1.0,0.0,0.0,0.0,0.0,0.0,0.0,0.0,1,1
2893,1.0,1.0,0.0,1.0,1.0,0.0,1.0,1.0,0.0,0.0,0.0,0.0,0.0,0.0,0.0,1,1
2894,0.9579716,0.96625006,0.008278459999999987,0.9881736,1.0,0.011826400000000015,0.8875,0.8875,0.0,0.0,0.0,0.0,0.0,0.0,0.0,1,1
2895,0.9323862,0.9185406,-0.013845600000000013,0.93555176,0.9211293,-0.014422459999999915,0.925,0.9125,-0.012500000000000067,0.0,0.0,0.0,0.0,0.0,0.0,1,1
2896,0.99184895,1.0,0.008151050000000049,0.9883557,0.99999994,0.011644240000000083,1.0,1.0,0.0,0.0,0.0,0.0,0.0,0.0,0.0,1,1
2897,0.9043272,0.931585,0.0272578,0.8633245,0.9504786,0.0871540999999999,1.0,0.8875,-0.11250000000000004,0.0,0.0,0.0,0.0,0.0,0.0,1,1
2898,0.92896,0.9252101,-0.0037498999999999727,0.9253001,0.9253001,0.0,0.9375,0.925,-0.012499999999999956,0.0,0.0,0.0,0.0,0.0,0.0,1,1
2899,0.84361786,0.85238534,0.008767479999999939,0.8248112,0.8373361,0.012524900000000061,0.8875,0.8875,0.0,0.0,0.0,0.0,0.0,0.0,0.0,1,1
2900,0.89288276,0.9153828,0.022500040000000054,0.8791182,0.8791182,0.0,0.925,1.0,0.07499999999999996,0.0,0.0,0.0,0.0,0.0,0.0,1,1
2901,1.0,1.0,0.0,0.99999994,0.99999994,0.0,1.0,1.0,0.0,0.0,0.0,0.0,0.0,0.0,0.0,1,1
2902,0.86117715,0.85602075,-0.00515639999999995,0.9302531,0.9068154,-0.023437700000000006,0.7,0.7375,0.03750000000000009,0.0,0.0,0.0,0.0,0.0,0.0,1,1
2903,0.83375114,0.8948288,0.061077660000000034,0.76250154,0.84975535,0.08725380999999999,1.0,1.0,0.0,0.0,0.0,0.0,0.0,0.0,0.0,1,1
2904,1.0,1.0,0.0,1.0,1.0,0.0,1.0,1.0,0.0,0.0,0.0,0.0,0.0,0.0,0.0,1,1
2905,0.0,0.0,0.0,1.0,1.0,0.0,1.0,1.0,0.0,1.0,1.0,1.0,1.0,0.0,0.0,0,0
2906,0.929892,0.8986208,-0.031271200000000055,0.89984566,0.88731545,-0.012530209999999986,1.0,0.925,-0.07499999999999996,0.0,0.0,0.0,0.0,0.0,0.0,1,1
2907,0.96625006,1.0,0.03374993999999998,1.0,1.0,0.0,0.8875,1.0,0.11250000000000004,0.0,0.0,0.0,0.0,0.0,0.0,1,1
2908,0.8270387,0.81458247,-0.012456230000000068,0.92434096,0.84761786,-0.07672310000000004,0.6,0.7375,0.13750000000000007,0.0,0.0,0.0,0.0,0.0,0.0,1,1
2909,0.0,0.0,0.0,1.0,1.0,0.0,1.0,1.0,0.0,1.0,1.0,1.0,1.0,0.0,0.0,0,0
2910,1.0,1.0,0.0,1.0,1.0,0.0,1.0,1.0,0.0,0.0,0.0,0.0,0.0,0.0,0.0,1,1
2911,0.9198273,0.9572325,0.03740520000000003,0.97653896,0.9871179,0.010578940000000037,0.7875,0.8875,0.09999999999999998,0.0,0.0,0.0,0.0,0.0,0.0,1,1
2912,0.91220707,0.92890215,0.016695079999999973,0.8745815,0.89843166,0.023850159999999954,1.0,1.0,0.0,0.0,0.0,0.0,0.0,0.0,0.0,1,1
2913,0.39588675,0.5520293,0.15614254999999994,0.1369811,0.36004186,0.22306076,1.0,1.0,0.0,0.0,0.0,0.0,0.0,0.0,0.0,1,1
2914,1.0,1.0,0.0,1.0,1.0,0.0,1.0,1.0,0.0,0.0,0.0,0.0,0.0,0.0,0.0,1,1
2915,0.8936842,0.8343525,-0.05933169999999999,0.8481202,0.79550356,-0.05261663999999999,1.0,0.925,-0.07499999999999996,0.0,0.0,0.0,0.0,0.0,0.0,1,1
2916,0.96188956,1.0,0.03811043999999997,0.9455565,1.0,0.05444349999999998,1.0,1.0,0.0,0.0,0.0,0.0,0.0,0.0,0.0,1,1
2917,0.93625003,0.8892456,-0.047004429999999986,1.0,0.90070796,-0.09929204000000003,0.7875,0.8625,0.07500000000000007,0.0,0.0,0.0,0.0,0.0,0.0,1,1
2918,0.91644377,0.9586363,0.042192530000000006,0.8806339,0.9409089,0.06027500000000008,1.0,1.0,0.0,0.0,0.0,0.0,0.0,0.0,0.0,1,1
2919,0.983215,0.95794296,-0.02527203999999994,0.9760214,0.9399186,-0.03610279999999999,1.0,1.0,0.0,0.0,0.0,0.0,0.0,0.0,0.0,1,1
2920,1.0,1.0,0.0,1.0,1.0,0.0,1.0,1.0,0.0,0.0,0.0,0.0,0.0,0.0,0.0,1,1
2921,0.8851399,0.91173774,0.026597839999999984,0.9001997,0.873911,-0.026288700000000054,0.85,1.0,0.15000000000000002,0.0,0.0,0.0,0.0,0.0,0.0,1,1
2922,0.88655514,0.99140614,0.10485100000000003,0.83793586,0.98772305,0.14978719000000007,1.0,1.0,0.0,0.0,0.0,0.0,0.0,0.0,0.0,1,1
2923,1.0,1.0,0.0,1.0,1.0,0.0,1.0,1.0,0.0,0.0,0.0,0.0,0.0,0.0,0.0,1,1
2924,0.9977709,0.9977709,0.0,0.9968155,0.9968155,0.0,1.0,1.0,0.0,0.0,0.0,0.0,0.0,0.0,0.0,1,1
2925,1.0,1.0,0.0,0.99999994,0.99999994,0.0,1.0,1.0,0.0,0.0,0.0,0.0,0.0,0.0,0.0,1,1
2926,1.0,1.0,0.0,1.0,1.0,0.0,1.0,1.0,0.0,0.0,0.0,0.0,0.0,0.0,0.0,1,1
2927,1.0,1.0,0.0,1.0,1.0,0.0,1.0,1.0,0.0,0.0,0.0,0.0,0.0,0.0,0.0,1,1
2928,0.93305695,0.96804106,0.03498411000000001,0.904367,0.98648727,0.08212027,1.0,0.925,-0.07499999999999996,0.0,0.0,0.0,0.0,0.0,0.0,1,1
2929,0.9363093,0.920008,-0.016301299999999963,0.96258456,0.98751146,0.024926899999999974,0.875,0.7625,-0.11250000000000004,0.0,0.0,0.0,0.0,0.0,0.0,1,1
2930,0.9216942,0.9216942,0.0,0.88813454,0.88813454,0.0,1.0,1.0,0.0,0.0,0.0,0.0,0.0,0.0,0.0,1,1
2931,0.89863235,0.92113227,0.022499920000000007,0.8873319,0.8873319,0.0,0.925,1.0,0.07499999999999996,0.0,0.0,0.0,0.0,0.0,0.0,1,1
2932,1.0,1.0,0.0,1.0,1.0,0.0,1.0,1.0,0.0,0.0,0.0,0.0,0.0,0.0,0.0,1,1
2933,0.84148216,0.8726042,0.031122040000000073,0.77354604,0.81800604,0.044459999999999944,1.0,1.0,0.0,0.0,0.0,0.0,0.0,0.0,0.0,1,1
2934,0.9218506,0.96535665,0.043506050000000074,0.88835794,0.9505094,0.062151459999999936,1.0,1.0,0.0,0.0,0.0,0.0,0.0,0.0,0.0,1,1
2935,1.0,1.0,0.0,1.0,1.0,0.0,1.0,1.0,0.0,0.0,0.0,0.0,0.0,0.0,0.0,1,1
2936,1.0,1.0,0.0,1.0,1.0,0.0,1.0,1.0,0.0,0.0,0.0,0.0,0.0,0.0,0.0,1,1
2937,0.93045473,0.9228159,-0.007638829999999985,0.9006496,0.9379513,0.03730169999999999,1.0,0.8875,-0.11250000000000004,0.0,0.0,0.0,0.0,0.0,0.0,1,1
2938,0.96625006,0.0,-0.96625006,1.0,1.0,0.0,0.8875,0.81333333,-0.07416666999999999,0.0,1.0,0.0,1.0,0.0,0.0,1,0
2939,0.9095524,0.9281958,0.018643399999999977,0.87078905,0.89742255,0.026633500000000088,1.0,1.0,0.0,0.0,0.0,0.0,0.0,0.0,0.0,1,1
2940,1.0,1.0,0.0,1.0,1.0,0.0,1.0,1.0,0.0,0.0,0.0,0.0,0.0,0.0,0.0,1,1
2941,0.9959505,0.9959505,0.0,0.994215,0.994215,0.0,1.0,1.0,0.0,0.0,0.0,0.0,0.0,0.0,0.0,1,1
2942,0.9388334,1.0,0.06116659999999996,0.9126191,1.0,0.08738089999999998,1.0,1.0,0.0,0.0,0.0,0.0,0.0,0.0,0.0,1,1
2943,1.0,1.0,0.0,1.0,1.0,0.0,1.0,1.0,0.0,0.0,0.0,0.0,0.0,0.0,0.0,1,1
2944,0.9083719,0.9056404,-0.002731499999999998,0.86910284,0.89734346,0.02824061999999994,1.0,0.925,-0.07499999999999996,0.0,0.0,0.0,0.0,0.0,0.0,1,1
2945,0.99409276,0.99409276,0.0,0.9915611,0.9915611,0.0,1.0,1.0,0.0,0.0,0.0,0.0,0.0,0.0,0.0,1,1
2946,0.9645403,0.9911522,0.02661190000000002,0.9493433,0.9873603,0.03801699999999997,1.0,1.0,0.0,0.0,0.0,0.0,0.0,0.0,0.0,1,1
2947,0.84878415,0.79628414,-0.05250000999999993,0.8161202,0.8161202,0.0,0.925,0.75,-0.17500000000000004,0.0,0.0,0.0,0.0,0.0,0.0,1,1
2948,1.0,0.97749996,-0.022500040000000054,1.0,1.0,0.0,1.0,0.925,-0.07499999999999996,0.0,0.0,0.0,0.0,0.0,0.0,1,1
2949,1.0,1.0,0.0,1.0,1.0,0.0,1.0,1.0,0.0,0.0,0.0,0.0,0.0,0.0,0.0,1,1
2950,0.9684828,1.0,0.03151720000000002,0.9549754,1.0,0.04502459999999997,1.0,1.0,0.0,0.0,0.0,0.0,0.0,0.0,0.0,1,1
2951,0.9115283,0.92919797,0.01766967000000008,0.87361187,0.89885426,0.02524239000000006,1.0,1.0,0.0,0.0,0.0,0.0,0.0,0.0,0.0,1,1
2952,0.8699972,0.8236176,-0.046379600000000076,0.8678532,0.82838213,-0.03947106999999994,0.875,0.8125,-0.0625,0.0,0.0,0.0,0.0,0.0,0.0,1,1
2953,0.91368026,0.9049328,-0.00874746000000004,0.9249004,0.91240394,-0.012496459999999932,0.8875,0.8875,0.0,0.0,0.0,0.0,0.0,0.0,0.0,1,1
2954,1.0,0.97749996,-0.022500040000000054,1.0,1.0,0.0,1.0,0.925,-0.07499999999999996,0.0,0.0,0.0,0.0,0.0,0.0,1,1
2955,0.0,0.0,0.0,1.0,1.0,0.0,0.99999994,0.99999994,0.0,0.0,0.0,1.0,1.0,0.0,0.0,0,0
2956,0.82300776,0.84054357,0.01753581000000004,0.80072546,0.8257766,0.025051139999999972,0.875,0.875,0.0,0.0,0.0,0.0,0.0,0.0,0.0,1,1
2957,0.9307666,0.9220238,-0.00874280000000005,0.9010951,0.8886054,-0.012489700000000048,1.0,1.0,0.0,0.0,0.0,0.0,0.0,0.0,0.0,1,1
2958,1.0,1.0,0.0,1.0,1.0,0.0,1.0,1.0,0.0,0.0,0.0,0.0,0.0,0.0,0.0,1,1
2959,0.98891276,0.98891276,0.0,0.98416114,0.98416114,0.0,1.0,1.0,0.0,0.0,0.0,0.0,0.0,0.0,0.0,1,1
2960,0.96655875,1.0,0.03344124999999998,0.98436964,1.0,0.015630359999999954,0.925,1.0,0.07499999999999996,0.0,0.0,0.0,0.0,0.0,0.0,1,1
2961,1.0,0.96999997,-0.030000029999999955,1.0,1.0,0.0,1.0,0.90000004,-0.09999996,0.0,0.0,0.0,0.0,0.0,0.0,1,1
2962,0.95840025,0.96250004,0.0040997900000000476,0.9405718,1.0,0.05942820000000004,1.0,0.875,-0.125,0.0,0.0,0.0,0.0,0.0,0.0,1,1
2963,0.9212662,0.9125332,-0.00873299999999999,0.8875231,0.8750473,-0.012475800000000037,1.0,1.0,0.0,0.0,0.0,0.0,0.0,0.0,0.0,1,1
2964,0.9129798,0.9564416,0.043461799999999995,0.8756854,0.9377737,0.062088300000000096,1.0,1.0,0.0,0.0,0.0,0.0,0.0,0.0,0.0,1,1
2965,0.97749996,1.0,0.022500040000000054,1.0,1.0,0.0,0.925,1.0,0.07499999999999996,0.0,0.0,0.0,0.0,0.0,0.0,1,1
2966,1.0,1.0,0.0,1.0,1.0,0.0,1.0,1.0,0.0,0.0,0.0,0.0,0.0,0.0,0.0,1,1
2967,0.97749996,1.0,0.022500040000000054,1.0,1.0,0.0,0.925,1.0,0.07499999999999996,0.0,0.0,0.0,0.0,0.0,0.0,1,1
2968,0.92111343,0.92111343,0.0,0.88730484,0.88730484,0.0,1.0,1.0,0.0,0.0,0.0,0.0,0.0,0.0,0.0,1,1
2969,1.0,1.0,0.0,1.0,1.0,0.0,1.0,1.0,0.0,0.0,0.0,0.0,0.0,0.0,0.0,1,1
2970,0.93138355,0.93138355,0.0,0.90197647,0.90197647,0.0,1.0,1.0,0.0,0.0,0.0,0.0,0.0,0.0,0.0,1,1
2971,1.0,1.0,0.0,0.99999994,0.99999994,0.0,1.0,1.0,0.0,0.0,0.0,0.0,0.0,0.0,0.0,1,1
2972,0.92680293,1.0,0.07319706999999998,0.8954328,1.0,0.10456719999999997,1.0,1.0,0.0,0.0,0.0,0.0,0.0,0.0,0.0,1,1
2973,0.87876856,0.89254093,0.013772369999999978,0.87502646,0.90005857,0.025032110000000052,0.8875,0.875,-0.012499999999999956,0.0,0.0,0.0,0.0,0.0,0.0,1,1
2974,0.9073763,0.92111415,0.01373784999999994,0.8998232,0.887306,-0.012517200000000006,0.925,1.0,0.07499999999999996,0.0,0.0,0.0,0.0,0.0,0.0,1,1
2975,1.0,0.94750005,-0.05249994999999996,1.0,1.0,0.0,1.0,0.825,-0.17500000000000004,0.0,0.0,0.0,0.0,0.0,0.0,1,1
2976,0.83171767,0.85789174,0.02617407000000005,0.8131681,0.85055965,0.03739155000000005,0.875,0.875,0.0,0.0,0.0,0.0,0.0,0.0,0.0,1,1
2977,0.92163813,0.93762296,0.01598482999999995,0.9362688,0.91088986,-0.02537893999999996,0.8875,1.0,0.11250000000000004,0.0,0.0,0.0,0.0,0.0,0.0,1,1
2978,1.0,1.0,0.0,1.0,1.0,0.0,1.0,1.0,0.0,0.0,0.0,0.0,0.0,0.0,0.0,1,1
2979,0.92556983,0.9325,0.006930169999999958,0.92581403,1.0,0.07418597000000005,0.925,0.77500004,-0.14999996000000004,0.0,0.0,0.0,0.0,0.0,0.0,1,1
2980,0.87193984,0.89342576,0.021485919999999936,0.8599141,0.91203684,0.052122739999999945,0.90000004,0.85,-0.05000004000000002,0.0,0.0,0.0,0.0,0.0,0.0,1,1
2981,0.9028887,0.93818074,0.03529203999999997,0.8612695,0.9116867,0.05041719999999994,1.0,1.0,0.0,0.0,0.0,0.0,0.0,0.0,0.0,1,1
2982,0.87471944,0.8658864,-0.00883304000000007,0.8745993,0.86198056,-0.012618739999999962,0.875,0.875,0.0,0.0,0.0,0.0,0.0,0.0,0.0,1,1
2983,0.9846533,1.0,0.015346700000000046,0.97807604,1.0,0.021923959999999965,1.0,1.0,0.0,0.0,0.0,0.0,0.0,0.0,0.0,1,1
2984,0.91836643,0.9308592,0.012492770000000042,0.8833806,0.93337023,0.04998963000000001,1.0,0.925,-0.07499999999999996,0.0,0.0,0.0,0.0,0.0,0.0,1,1
2985,0.793082,0.7765096,-0.01657239999999993,0.79011714,0.7771565,-0.012960639999999968,0.8,0.77500004,-0.024999960000000043,0.0,0.0,0.0,0.0,0.0,0.0,1,1
2986,0.93797415,0.93436784,-0.0036063100000000015,0.91139174,0.97588265,0.06449090999999996,1.0,0.83750004,-0.16249996,0.0,0.0,0.0,0.0,0.0,0.0,1,1
2987,0.9082287,0.9265105,0.018281800000000015,0.8688982,0.895015,0.02611680000000005,1.0,1.0,0.0,0.0,0.0,0.0,0.0,0.0,0.0,1,1
2988,0.96625006,0.96999997,0.003749910000000023,1.0,1.0,0.0,0.8875,0.90000004,0.012500040000000046,0.0,0.0,0.0,0.0,0.0,0.0,1,1
2989,1.0,1.0,0.0,1.0,1.0,0.0,1.0,1.0,0.0,0.0,0.0,0.0,0.0,0.0,0.0,1,1
2990,1.0,1.0,0.0,1.0,1.0,0.0,1.0,1.0,0.0,0.0,0.0,0.0,0.0,0.0,0.0,1,1
2991,0.9565348,0.9913179,0.034783099999999956,0.93790674,0.9875971,0.049690360000000044,1.0,1.0,0.0,0.0,0.0,0.0,0.0,0.0,0.0,1,1
2992,0.8936104,0.8943229,0.0007125000000000048,0.8480148,0.89724696,0.04923216000000008,1.0,0.8875,-0.11250000000000004,0.0,0.0,0.0,0.0,0.0,0.0,1,1
2993,0.8652676,0.8923794,0.02711180000000002,0.80752516,0.8462563,0.03873114,1.0,1.0,0.0,0.0,0.0,0.0,0.0,0.0,0.0,1,1
2994,1.0,0.8803385,-0.11966149999999998,0.99999994,0.8290549,-0.17094504,1.0,1.0,0.0,0.0,0.0,0.0,0.0,0.0,0.0,1,1
2995,0.9114807,0.9645136,0.05303289999999994,0.8735439,0.9493052,0.07576129999999992,1.0,1.0,0.0,0.0,0.0,0.0,0.0,0.0,0.0,1,1
2996,1.0,1.0,0.0,1.0,1.0,0.0,1.0,1.0,0.0,0.0,0.0,0.0,0.0,0.0,0.0,1,1
2997,0.9628032,0.97749996,0.014696759999999975,0.98971885,1.0,0.010281149999999961,0.90000004,0.925,0.024999960000000043,0.0,0.0,0.0,0.0,0.0,0.0,1,1
2998,0.9836346,0.94375,-0.03988460000000005,0.97662085,1.0,0.023379150000000015,1.0,0.8125,-0.1875,0.0,0.0,0.0,0.0,0.0,0.0,1,1
2999,0.91143364,0.91143364,0.0,0.8734765,0.8734765,0.0,1.0,1.0,0.0,0.0,0.0,0.0,0.0,0.0,0.0,1,1
3000,0.99234813,1.0,0.007651870000000005,0.9890688,1.0,0.01093120000000003,1.0,1.0,0.0,0.0,0.0,0.0,0.0,0.0,0.0,1,1
3001,0.9223469,0.0,-0.9223469,0.8890669,0.352336,-0.5367309,1.0,0.7647059,-0.23529409999999995,0.0,0.0,0.0,0.0,0.0,1.0,1,0
3002,0.933258,1.0,0.06674199999999997,0.9046542,1.0,0.09534580000000004,1.0,1.0,0.0,0.0,0.0,0.0,0.0,0.0,0.0,1,1
3003,1.0,1.0,0.0,1.0,1.0,0.0,1.0,1.0,0.0,0.0,0.0,0.0,0.0,0.0,0.0,1,1
3004,0.9499802,0.9672794,0.01729919999999996,0.92854315,0.9532562,0.024713050000000014,1.0,1.0,0.0,0.0,0.0,0.0,0.0,0.0,0.0,1,1
3005,1.0,1.0,0.0,1.0,1.0,0.0,1.0,1.0,0.0,0.0,0.0,0.0,0.0,0.0,0.0,1,1
3006,0.82856846,0.8454427,0.01687424000000004,0.80866927,0.83277524,0.024105970000000032,0.875,0.875,0.0,0.0,0.0,0.0,0.0,0.0,0.0,1,1
3007,0.9306238,0.93821603,0.007592229999999978,0.93303406,0.9599515,0.02691743999999996,0.925,0.8875,-0.03750000000000009,0.0,0.0,0.0,0.0,0.0,0.0,1,1
3008,1.0,1.0,0.0,1.0,1.0,0.0,1.0,1.0,0.0,0.0,0.0,0.0,0.0,0.0,0.0,1,1
3009,0.92985374,0.9215421,-0.008311639999999954,0.89979106,0.8879172,-0.011873860000000014,1.0,1.0,0.0,0.0,0.0,0.0,0.0,0.0,0.0,1,1
3010,1.0,1.0,0.0,1.0,1.0,0.0,1.0,1.0,0.0,0.0,0.0,0.0,0.0,0.0,0.0,1,1
3011,1.0,1.0,0.0,1.0,1.0,0.0,1.0,1.0,0.0,0.0,0.0,0.0,0.0,0.0,0.0,1,1
3012,0.94750005,0.96250004,0.014999989999999963,1.0,1.0,0.0,0.825,0.875,0.050000000000000044,0.0,0.0,0.0,0.0,0.0,0.0,1,1
3013,0.872152,1.0,0.12784799999999996,0.8173599,1.0,0.18264009999999997,1.0,1.0,0.0,0.0,0.0,0.0,0.0,0.0,0.0,1,1
3014,0.0,0.0,0.0,1.0,1.0,0.0,1.0,1.0,0.0,1.0,1.0,1.0,1.0,0.0,0.0,0,0
3015,0.8706318,0.8736383,0.003006500000000023,0.8151883,0.85162604,0.036437739999999996,1.0,0.925,-0.07499999999999996,0.0,0.0,0.0,0.0,0.0,0.0,1,1
3016,0.901975,0.91084844,0.00887344000000001,0.85996425,0.8726406,0.012676350000000003,1.0,1.0,0.0,0.0,0.0,0.0,0.0,0.0,0.0,1,1
3017,0.98285717,1.0,0.017142830000000053,0.9755102,0.99999994,0.024489740000000038,1.0,1.0,0.0,0.0,0.0,0.0,0.0,0.0,0.0,1,1
3018,0.8728744,0.82064265,-0.05223175000000002,0.8880348,0.8509181,-0.0371167,0.83750004,0.75,-0.08750004,0.0,0.0,0.0,0.0,0.0,0.0,1,1
3019,0.90907985,0.94922966,0.04014980999999995,0.9022569,0.97568524,0.07342833999999998,0.925,0.8875,-0.03750000000000009,0.0,0.0,0.0,0.0,0.0,0.0,1,1
3020,0.8837479,0.9036585,0.0199106,0.887497,0.92129785,0.03380084999999999,0.875,0.8625,-0.012499999999999956,0.0,0.0,0.0,0.0,0.0,0.0,1,1
3021,0.92382,0.92382,0.0,0.9447429,0.9447429,0.0,0.875,0.875,0.0,0.0,0.0,0.0,0.0,0.0,0.0,1,1
3022,1.0,1.0,0.0,1.0,1.0,0.0,1.0,1.0,0.0,0.0,0.0,0.0,0.0,0.0,0.0,1,1
3023,0.98271126,0.94521123,-0.03750003000000002,0.9753017,0.9753017,0.0,1.0,0.875,-0.125,0.0,0.0,0.0,0.0,0.0,0.0,1,1
3024,0.94078016,0.94926435,0.008484190000000003,0.9154002,0.9275204,0.012120200000000025,1.0,1.0,0.0,0.0,0.0,0.0,0.0,0.0,0.0,1,1
3025,0.9985186,0.99825877,-0.00025983000000007195,0.9978836,0.9975126,-0.0003710000000000102,1.0,1.0,0.0,0.0,0.0,0.0,0.0,0.0,0.0,1,1
3026,0.0,0.0,0.0,0.63348293,0.63348293,0.0,0.609375,0.5357143,-0.07366070000000002,1.0,0.0,1.0,0.0,0.0,1.0,0,0
3027,1.0,1.0,0.0,1.0,1.0,0.0,1.0,1.0,0.0,0.0,0.0,0.0,0.0,0.0,0.0,1,1
3028,0.93805677,0.9649774,0.02692063,0.91150963,0.9499677,0.03845807000000001,1.0,1.0,0.0,0.0,0.0,0.0,0.0,0.0,0.0,1,1
3029,0.97375005,0.97375005,0.0,1.0,1.0,0.0,0.9125,0.9125,0.0,0.0,0.0,0.0,0.0,0.0,0.0,1,1
3030,0.93696994,0.95783037,0.02086043000000004,0.909957,0.9397576,0.029800599999999955,1.0,1.0,0.0,0.0,0.0,0.0,0.0,0.0,0.0,1,1
3031,0.9302055,0.9040955,-0.026109999999999967,0.9002935,0.8629936,-0.03729989999999994,1.0,1.0,0.0,0.0,0.0,0.0,0.0,0.0,0.0,1,1
3032,0.97175217,0.97749996,0.005747789999999919,0.959646,1.0,0.040354,1.0,0.925,-0.07499999999999996,0.0,0.0,0.0,0.0,0.0,0.0,1,1
3033,1.0,1.0,0.0,1.0,1.0,0.0,1.0,1.0,0.0,0.0,0.0,0.0,0.0,0.0,0.0,1,1
3034,0.0,0.0,0.0,1.0,1.0,0.0,1.0,1.0,0.0,1.0,1.0,1.0,1.0,0.0,0.0,0,0
3035,1.0,1.0,0.0,1.0,1.0,0.0,1.0,1.0,0.0,0.0,0.0,0.0,0.0,0.0,0.0,1,1
3036,0.0,0.0,0.0,1.0,1.0,0.0,1.0,1.0,0.0,1.0,1.0,1.0,1.0,0.0,0.0,0,0
3037,0.0,0.96250004,0.96250004,0.40486282,1.0,0.59513718,1.0,0.875,-0.125,1.0,0.0,1.0,0.0,0.0,0.0,0,1
3038,0.8949682,0.85246485,-0.04250334999999994,0.8499546,0.8374497,-0.012504900000000041,1.0,0.8875,-0.11250000000000004,0.0,0.0,0.0,0.0,0.0,0.0,1,1
3039,1.0,1.0,0.0,1.0,1.0,0.0,1.0,1.0,0.0,0.0,0.0,0.0,0.0,0.0,0.0,1,1
3040,0.9457489,0.9457489,0.0,0.92249835,0.92249835,0.0,1.0,1.0,0.0,0.0,0.0,0.0,0.0,0.0,0.0,1,1
3041,0.92292994,0.9521021,0.029172160000000003,0.8899,0.96371734,0.07381733999999995,1.0,0.925,-0.07499999999999996,0.0,0.0,0.0,0.0,0.0,0.0,1,1
3042,0.8494925,0.8303482,-0.019144300000000003,0.7849893,0.8540689,0.06907960000000002,1.0,0.77500004,-0.22499996,0.0,0.0,0.0,0.0,0.0,0.0,1,1
3043,0.9232699,0.9557419,0.032472000000000056,0.92252845,0.968917,0.04638854999999997,0.925,0.925,0.0,0.0,0.0,0.0,0.0,0.0,0.0,1,1
3044,1.0,1.0,0.0,1.0,1.0,0.0,1.0,1.0,0.0,0.0,0.0,0.0,0.0,0.0,0.0,1,1
3045,0.88596386,0.8939068,0.007942939999999954,0.8370911,0.8484383,0.011347200000000002,1.0,1.0,0.0,0.0,0.0,0.0,0.0,0.0,0.0,1,1
3046,1.0,1.0,0.0,1.0,1.0,0.0,1.0,1.0,0.0,0.0,0.0,0.0,0.0,0.0,0.0,1,1
3047,0.89855653,0.92105657,0.022500039999999943,0.88722366,0.88722366,0.0,0.925,1.0,0.07499999999999996,0.0,0.0,0.0,0.0,0.0,0.0,1,1
3048,0.94091076,0.97375005,0.032839290000000076,0.94772965,1.0,0.05227035000000002,0.925,0.9125,-0.012500000000000067,0.0,0.0,0.0,0.0,0.0,0.0,1,1
3049,0.97749996,1.0,0.022500040000000054,1.0,1.0,0.0,0.925,1.0,0.07499999999999996,0.0,0.0,0.0,0.0,0.0,0.0,1,1
3050,0.87565595,0.90308267,0.027426720000000016,0.8223657,0.8615467,0.03918100000000002,1.0,1.0,0.0,0.0,0.0,0.0,0.0,0.0,0.0,1,1
3051,0.9997681,0.9997681,0.0,0.9996686,0.9996686,0.0,1.0,1.0,0.0,0.0,0.0,0.0,0.0,0.0,0.0,1,1
3052,1.0,1.0,0.0,1.0,1.0,0.0,1.0,1.0,0.0,0.0,0.0,0.0,0.0,0.0,0.0,1,1
3053,0.90625,0.95125,0.04500000000000004,1.0,1.0,0.0,0.6875,0.83750004,0.15000004,0.0,0.0,0.0,0.0,0.0,0.0,1,1
3054,0.8485241,0.85147804,0.0029539400000000438,0.7836059,0.83604,0.05243410000000004,1.0,0.8875,-0.11250000000000004,0.0,0.0,0.0,0.0,0.0,0.0,1,1
3055,0.89787304,0.92037296,0.022499920000000007,0.88624716,0.88624716,0.0,0.925,1.0,0.07499999999999996,0.0,0.0,0.0,0.0,0.0,0.0,1,1
3056,0.82719576,0.8487078,0.021512040000000066,0.80135113,0.8374396,0.03608846999999993,0.8875,0.875,-0.012499999999999956,0.0,0.0,0.0,0.0,0.0,0.0,1,1
3057,0.9230248,0.90581846,-0.017206339999999987,0.8900354,0.8654549,-0.024580500000000005,1.0,1.0,0.0,0.0,0.0,0.0,0.0,0.0,0.0,1,1
3058,0.0,1.0,1.0,1.0,1.0,0.0,1.0,1.0,0.0,1.0,0.0,1.0,0.0,0.0,0.0,0,1
3059,0.9234471,0.95889246,0.03544535999999998,0.89063865,0.94127494,0.05063629000000003,1.0,1.0,0.0,0.0,0.0,0.0,0.0,0.0,0.0,1,1
3060,1.0,1.0,0.0,1.0,1.0,0.0,1.0,1.0,0.0,0.0,0.0,0.0,0.0,0.0,0.0,1,1
3061,0.91109717,0.8598315,-0.05126567000000004,0.93728167,0.9122593,-0.02502236999999996,0.85,0.7375,-0.11249999999999993,0.0,0.0,0.0,0.0,0.0,0.0,1,1
3062,0.93945056,1.0,0.060549439999999954,0.95635796,1.0,0.04364204000000005,0.90000004,1.0,0.09999996,0.0,0.0,0.0,0.0,0.0,0.0,1,1
3063,1.0,1.0,0.0,0.99999994,0.99999994,0.0,1.0,1.0,0.0,0.0,0.0,0.0,0.0,0.0,0.0,1,1
3064,0.98168343,1.0,0.018316569999999976,0.9738335,1.0,0.02616649999999998,1.0,1.0,0.0,0.0,0.0,0.0,0.0,0.0,0.0,1,1
3065,1.0,1.0,0.0,1.0,1.0,0.0,1.0,1.0,0.0,0.0,0.0,0.0,0.0,0.0,0.0,1,1
3066,0.94737875,0.91227657,-0.035102180000000094,0.9248268,0.8746808,-0.05014599999999991,1.0,1.0,0.0,0.0,0.0,0.0,0.0,0.0,0.0,1,1
3067,1.0,0.97374994,-0.026250059999999964,0.99999994,0.99999994,0.0,1.0,0.9125,-0.08750000000000002,0.0,0.0,0.0,0.0,0.0,0.0,1,1
3068,0.9793075,1.0,0.020692500000000003,0.9704392,1.0,0.029560800000000054,1.0,1.0,0.0,0.0,0.0,0.0,0.0,0.0,0.0,1,1
3069,0.8599386,0.8612749,0.001336299999999957,0.8481267,0.8607498,0.012623099999999998,0.8875,0.8625,-0.02499999999999991,0.0,0.0,0.0,0.0,0.0,0.0,1,1
3070,1.0,1.0,0.0,0.99999994,0.99999994,0.0,1.0,1.0,0.0,0.0,0.0,0.0,0.0,0.0,0.0,1,1
3071,0.8648122,0.8932926,0.02848039999999996,0.8390174,0.9011322,0.062114800000000026,0.925,0.875,-0.050000000000000044,0.0,0.0,0.0,0.0,0.0,0.0,1,1
