scenario_index,v27_rf,v28_rf,delta_rf,v27_progress,v28_progress,delta_progress,v27_comfort,v28_comfort,delta_comfort,v27_collision,v28_collision,delta_collision,v27_overlap,v28_overlap,delta_overlap,v27_offroad,v28_offroad,delta_offroad,v27_accuracy,v28_accuracy,delta_accuracy
0,1.0,0.9475194,-0.05248059999999999,1.0,0.9250277,-0.07497229999999999,1.0,1.0,0.0,0.0,0.0,0.0,0.0,0.0,0.0,0.0,0.0,0.0,1,1,0
1,0.93644583,0.8351375,-0.10130833000000006,0.9092083,0.7644821,-0.14472619999999992,1.0,1.0,0.0,0.0,0.0,0.0,0.0,0.0,0.0,0.0,0.0,0.0,1,1,0
2,0.9261152,0.8718225,-0.05429270000000008,0.95873606,0.8543892,-0.10434686000000004,0.85,0.9125,0.0625,0.0,0.0,0.0,0.0,0.0,0.0,0.0,0.0,0.0,1,1,0
3,0.9325,1.0,0.0675,1.0,1.0,0.0,0.77500004,1.0,0.22499996,0.0,0.0,0.0,0.0,0.0,0.0,0.0,0.0,0.0,1,1,0
4,0.92176265,0.92176265,0.0,0.8882324,0.8882324,0.0,1.0,1.0,0.0,0.0,0.0,0.0,0.0,0.0,0.0,0.0,0.0,0.0,1,1,0
5,0.96672076,0.96672076,0.0,0.9524582,0.9524582,0.0,1.0,1.0,0.0,0.0,0.0,0.0,0.0,0.0,0.0,0.0,0.0,0.0,1,1,0
6,0.9364374,1.0,0.06356260000000002,0.90919626,1.0,0.09080374000000002,1.0,1.0,0.0,0.0,0.0,0.0,0.0,0.0,0.0,0.0,0.0,0.0,1,1,0
7,0.91637915,0.9485176,0.03213844999999993,0.91268456,0.92645377,0.013769209999999976,0.925,1.0,0.07499999999999996,0.0,0.0,0.0,0.0,0.0,0.0,0.0,0.0,0.0,1,1,0
8,1.0,0.98812115,-0.011878849999999996,1.0,0.9830302,-0.016969800000000035,1.0,1.0,0.0,0.0,0.0,0.0,0.0,0.0,0.0,0.0,0.0,0.0,1,1,0
9,1.0,1.0,0.0,0.99999994,0.99999994,0.0,1.0,1.0,0.0,0.0,0.0,0.0,0.0,0.0,0.0,0.0,0.0,0.0,1,1,0
10,0.94847775,0.92281336,-0.02566438999999998,0.9263967,0.8897333,-0.03666340000000001,1.0,1.0,0.0,0.0,0.0,0.0,0.0,0.0,0.0,0.0,0.0,0.0,1,1,0
11,0.8944588,0.9119234,0.017464600000000052,0.88672686,0.87417626,-0.012550599999999967,0.9125,1.0,0.08750000000000002,0.0,0.0,0.0,0.0,0.0,0.0,0.0,0.0,0.0,1,1,0
12,1.0,1.0,0.0,1.0,1.0,0.0,1.0,1.0,0.0,0.0,0.0,0.0,0.0,0.0,0.0,0.0,0.0,0.0,1,1,0
13,0.0,0.0,0.0,1.0,1.0,0.0,1.0,1.0,0.0,1.0,1.0,0.0,1.0,1.0,0.0,0.0,0.0,0.0,0,0,0
14,0.91321546,0.9219567,0.008741239999999983,0.87602216,0.88850963,0.012487470000000056,1.0,1.0,0.0,0.0,0.0,0.0,0.0,0.0,0.0,0.0,0.0,0.0,1,1,0
15,0.89528143,0.8602582,-0.03502323000000007,0.850402,0.8753689,0.024966900000000014,1.0,0.825,-0.17500000000000004,0.0,0.0,0.0,0.0,0.0,0.0,0.0,0.0,0.0,1,1,0
16,0.9570495,0.948465,-0.008584499999999995,0.9386421,0.9263784,-0.012263699999999988,1.0,1.0,0.0,0.0,0.0,0.0,0.0,0.0,0.0,0.0,0.0,0.0,1,1,0
17,0.92346925,0.9609175,0.03744824999999996,0.9388847,0.97631073,0.03742603,0.8875,0.925,0.03750000000000009,0.0,0.0,0.0,0.0,0.0,0.0,0.0,0.0,0.0,1,1,0
18,0.92616236,0.81159896,-0.11456339999999998,0.8945177,0.7308557,-0.16366199999999997,1.0,1.0,0.0,0.0,0.0,0.0,0.0,0.0,0.0,0.0,0.0,0.0,1,1,0
19,0.96250004,0.96625006,0.0037500200000000206,1.0,1.0,0.0,0.875,0.8875,0.012499999999999956,0.0,0.0,0.0,0.0,0.0,0.0,0.0,0.0,0.0,1,1,0
20,0.86122,0.8862443,0.0250243,0.8499571,0.83749187,-0.012465229999999994,0.8875,1.0,0.11250000000000004,0.0,0.0,0.0,0.0,0.0,0.0,0.0,0.0,0.0,1,1,0
21,1.0,1.0,0.0,1.0,1.0,0.0,1.0,1.0,0.0,0.0,0.0,0.0,0.0,0.0,0.0,0.0,0.0,0.0,1,1,0
22,1.0,1.0,0.0,1.0,1.0,0.0,1.0,1.0,0.0,0.0,0.0,0.0,0.0,0.0,0.0,0.0,0.0,0.0,1,1,0
23,0.92997307,0.947483,0.017509930000000007,0.8999615,0.92497563,0.02501413000000008,1.0,1.0,0.0,0.0,0.0,0.0,0.0,0.0,0.0,0.0,0.0,0.0,1,1,0
24,0.925,0.0,-0.925,1.0,0.30786505,-0.69213495,0.75,0.75,0.0,0.0,1.0,1.0,0.0,1.0,1.0,0.0,0.0,0.0,1,0,-1
25,0.83071405,0.92169714,0.09098309000000004,0.8385201,0.8881388,0.049618700000000016,0.8125,1.0,0.1875,0.0,0.0,0.0,0.0,0.0,0.0,0.0,0.0,0.0,1,1,0
26,1.0,1.0,0.0,1.0,1.0,0.0,1.0,1.0,0.0,0.0,0.0,0.0,0.0,0.0,0.0,0.0,0.0,0.0,1,1,0
27,0.9134647,0.93439335,0.020928649999999993,0.9299496,0.9062762,-0.023673400000000067,0.875,1.0,0.125,0.0,0.0,0.0,0.0,0.0,0.0,0.0,0.0,0.0,1,1,0
28,0.86841804,0.92112046,0.05270242000000003,0.8120257,0.887315,0.0752893,1.0,1.0,0.0,0.0,0.0,0.0,0.0,0.0,0.0,0.0,0.0,0.0,1,1,0
29,0.96985954,0.9585236,-0.011335939999999933,0.9890849,0.940748,-0.048336900000000016,0.925,1.0,0.07499999999999996,0.0,0.0,0.0,0.0,0.0,0.0,0.0,0.0,0.0,1,1,0
30,0.9385783,0.9649927,0.02641440000000006,0.91225475,0.9499896,0.037734849999999986,1.0,1.0,0.0,0.0,0.0,0.0,0.0,0.0,0.0,0.0,0.0,0.0,1,1,0
31,0.0,0.0,0.0,1.0,1.0,0.0,1.0,1.0,0.0,1.0,1.0,0.0,1.0,1.0,0.0,0.0,0.0,0.0,0,0,0
32,1.0,1.0,0.0,1.0,1.0,0.0,1.0,1.0,0.0,0.0,0.0,0.0,0.0,0.0,0.0,0.0,0.0,0.0,1,1,0
33,1.0,1.0,0.0,1.0,1.0,0.0,1.0,1.0,0.0,0.0,0.0,0.0,0.0,0.0,0.0,0.0,0.0,0.0,1,1,0
34,0.97468853,0.7985932,-0.17609533,0.96384066,0.71227604,-0.25156462,1.0,1.0,0.0,0.0,0.0,0.0,0.0,0.0,0.0,0.0,0.0,0.0,1,1,0
35,0.9469034,0.9545019,0.0075985000000000635,0.9241477,0.9350028,0.010855100000000006,1.0,1.0,0.0,0.0,0.0,0.0,0.0,0.0,0.0,0.0,0.0,0.0,1,1,0
36,1.0,1.0,0.0,1.0,1.0,0.0,1.0,1.0,0.0,0.0,0.0,0.0,0.0,0.0,0.0,0.0,0.0,0.0,1,1,0
37,0.91194767,0.90777314,-0.00417453000000001,0.87421083,0.90039015,0.026179320000000006,1.0,0.925,-0.07499999999999996,0.0,0.0,0.0,0.0,0.0,0.0,0.0,0.0,0.0,1,1,0
38,0.9817409,0.88269645,-0.09904445000000006,0.9739155,0.83242345,-0.1414920500000001,1.0,1.0,0.0,0.0,0.0,0.0,0.0,0.0,0.0,0.0,0.0,0.0,1,1,0
39,0.91239434,0.9386777,0.026283359999999978,0.87484896,0.9123967,0.03754773999999994,1.0,1.0,0.0,0.0,0.0,0.0,0.0,0.0,0.0,0.0,0.0,0.0,1,1,0
40,0.8936718,0.8952206,0.0015488000000000168,0.8963168,0.9092436,0.012926800000000016,0.8875,0.8625,-0.02499999999999991,0.0,0.0,0.0,0.0,0.0,0.0,0.0,0.0,0.0,1,1,0
41,0.96250004,1.0,0.03749996,1.0,1.0,0.0,0.875,1.0,0.125,0.0,0.0,0.0,0.0,0.0,0.0,0.0,0.0,0.0,1,1,0
42,0.93513197,0.97594434,0.04081236999999993,0.90733135,0.96563476,0.058303410000000055,1.0,1.0,0.0,0.0,0.0,0.0,0.0,0.0,0.0,0.0,0.0,0.0,1,1,0
43,0.84357417,0.872385,0.028810829999999954,0.82474875,0.84983575,0.02508699999999997,0.8875,0.925,0.03750000000000009,0.0,0.0,0.0,0.0,0.0,0.0,0.0,0.0,0.0,1,1,0
44,0.90305215,0.9045413,0.0014891499999999391,0.9097173,0.92255896,0.012841660000000088,0.8875,0.8625,-0.02499999999999991,0.0,0.0,0.0,0.0,0.0,0.0,0.0,0.0,0.0,1,1,0
45,0.9311264,0.929882,-0.0012444000000000344,0.9498234,0.89983135,-0.049992049999999955,0.8875,1.0,0.11250000000000004,0.0,0.0,0.0,0.0,0.0,0.0,0.0,0.0,0.0,1,1,0
46,0.9226467,0.9484434,0.025796700000000006,0.8894953,0.92634773,0.03685243000000005,1.0,1.0,0.0,0.0,0.0,0.0,0.0,0.0,0.0,0.0,0.0,0.0,1,1,0
47,0.96250004,0.9201727,-0.04232734000000005,1.0,0.88596106,-0.11403894000000003,0.875,1.0,0.125,0.0,0.0,0.0,0.0,0.0,0.0,0.0,0.0,0.0,1,1,0
48,1.0,1.0,0.0,1.0,1.0,0.0,1.0,1.0,0.0,0.0,0.0,0.0,0.0,0.0,0.0,0.0,0.0,0.0,1,1,0
49,1.0,1.0,0.0,1.0,1.0,0.0,1.0,1.0,0.0,0.0,0.0,0.0,0.0,0.0,0.0,0.0,0.0,0.0,1,1,0
50,0.9569629,0.9569629,0.0,0.9385184,0.9385184,0.0,1.0,1.0,0.0,0.0,0.0,0.0,0.0,0.0,0.0,0.0,0.0,0.0,1,1,0
51,1.0,0.982597,-0.017402999999999946,1.0,0.9751386,-0.024861400000000033,1.0,1.0,0.0,0.0,0.0,0.0,0.0,0.0,0.0,0.0,0.0,0.0,1,1,0
52,0.7469589,0.744286,-0.002672899999999978,0.7938699,0.73112285,-0.06274705000000003,0.6375,0.77500004,0.13750004000000005,0.0,0.0,0.0,0.0,0.0,0.0,0.0,0.0,0.0,1,1,0
53,0.96625006,0.8815565,-0.08469356000000006,1.0,0.83079493,-0.16920506999999996,0.8875,1.0,0.11250000000000004,0.0,0.0,0.0,0.0,0.0,0.0,0.0,0.0,0.0,1,1,0
54,1.0,1.0,0.0,1.0,1.0,0.0,1.0,1.0,0.0,0.0,0.0,0.0,0.0,0.0,0.0,0.0,0.0,0.0,1,1,0
55,1.0,0.9912993,-0.008700700000000006,0.99999994,0.9875704,-0.012429540000000072,1.0,1.0,0.0,0.0,0.0,0.0,0.0,0.0,0.0,0.0,0.0,0.0,1,1,0
56,1.0,1.0,0.0,1.0,1.0,0.0,1.0,1.0,0.0,0.0,0.0,0.0,0.0,0.0,0.0,0.0,0.0,0.0,1,1,0
57,0.9048548,0.9336519,0.02879710000000002,0.9122926,0.9373598,0.025067199999999956,0.8875,0.925,0.03750000000000009,0.0,0.0,0.0,0.0,0.0,0.0,0.0,0.0,0.0,1,1,0
58,0.89710635,0.9151964,0.01809004999999997,0.8530091,0.878852,0.025842900000000002,1.0,1.0,0.0,0.0,0.0,0.0,0.0,0.0,0.0,0.0,0.0,0.0,1,1,0
59,1.0,1.0,0.0,1.0,1.0,0.0,1.0,1.0,0.0,0.0,0.0,0.0,0.0,0.0,0.0,0.0,0.0,0.0,1,1,0
60,1.0,1.0,0.0,1.0,1.0,0.0,1.0,1.0,0.0,0.0,0.0,0.0,0.0,0.0,0.0,0.0,0.0,0.0,1,1,0
61,1.0,0.9420145,-0.05798550000000002,1.0,0.91716355,-0.08283644999999995,1.0,1.0,0.0,0.0,0.0,0.0,0.0,0.0,0.0,0.0,0.0,0.0,1,1,0
62,0.8812254,0.87494975,-0.006275650000000077,0.8624649,0.87492824,0.012463340000000045,0.925,0.875,-0.050000000000000044,0.0,0.0,0.0,0.0,0.0,0.0,0.0,0.0,0.0,1,1,0
63,0.99089974,0.9743501,-0.016549640000000032,0.98699963,0.9633572,-0.023642429999999992,1.0,1.0,0.0,0.0,0.0,0.0,0.0,0.0,0.0,0.0,0.0,0.0,1,1,0
64,0.8437161,0.8950782,0.05136210000000008,0.8249515,0.85011166,0.025160160000000098,0.8875,1.0,0.11250000000000004,0.0,0.0,0.0,0.0,0.0,0.0,0.0,0.0,0.0,1,1,0
65,1.0,0.9651505,-0.03484949999999998,1.0,0.95021486,-0.049785140000000006,1.0,1.0,0.0,0.0,0.0,0.0,0.0,0.0,0.0,0.0,0.0,0.0,1,1,0
66,0.8830496,0.90001434,0.016964740000000034,0.89185643,0.91609186,0.024235429999999947,0.8625,0.8625,0.0,0.0,0.0,0.0,0.0,0.0,0.0,0.0,0.0,0.0,1,1,0
67,1.0,0.9217731,-0.07822689999999999,1.0,0.88824725,-0.11175274999999996,1.0,1.0,0.0,0.0,0.0,0.0,0.0,0.0,0.0,0.0,0.0,0.0,1,1,0
68,0.96625006,1.0,0.03374993999999998,1.0,1.0,0.0,0.8875,1.0,0.11250000000000004,0.0,0.0,0.0,0.0,0.0,0.0,0.0,0.0,0.0,1,1,0
69,0.831905,0.86565495,0.03374995000000003,0.8080786,0.8080786,0.0,0.8875,1.0,0.11250000000000004,0.0,0.0,0.0,0.0,0.0,0.0,0.0,0.0,0.0,1,1,0
70,1.0,1.0,0.0,1.0,1.0,0.0,1.0,1.0,0.0,0.0,0.0,0.0,0.0,0.0,0.0,0.0,0.0,0.0,1,1,0
71,0.99113715,1.0,0.008862849999999978,0.98733866,0.99999994,0.012661279999999997,1.0,1.0,0.0,0.0,0.0,0.0,0.0,0.0,0.0,0.0,0.0,0.0,1,1,0
72,0.83766997,0.93052596,0.09285599,0.9395285,0.96503705,0.025508549999999963,0.6,0.85,0.25,0.0,0.0,0.0,0.0,0.0,0.0,0.0,0.0,0.0,1,1,0
73,0.8943836,0.8991972,0.0048136000000000845,0.93483377,0.9738532,0.039019429999999966,0.8,0.725,-0.07500000000000007,0.0,0.0,0.0,0.0,0.0,0.0,0.0,0.0,0.0,1,1,0
74,0.0,0.0,0.0,1.0,1.0,0.0,1.0,1.0,0.0,1.0,1.0,0.0,1.0,1.0,0.0,0.0,0.0,0.0,0,0,0
75,1.0,1.0,0.0,1.0,1.0,0.0,1.0,1.0,0.0,0.0,0.0,0.0,0.0,0.0,0.0,0.0,0.0,0.0,1,1,0
76,0.97749996,0.97749996,0.0,1.0,1.0,0.0,0.925,0.925,0.0,0.0,0.0,0.0,0.0,0.0,0.0,0.0,0.0,0.0,1,1,0
77,1.0,0.9325,-0.0675,1.0,1.0,0.0,1.0,0.77500004,-0.22499996,0.0,0.0,0.0,0.0,0.0,0.0,0.0,0.0,0.0,1,1,0
78,1.0,0.94701654,-0.05298345999999998,1.0,0.95645225,-0.043547749999999996,1.0,0.925,-0.07499999999999996,0.0,0.0,0.0,0.0,0.0,0.0,0.0,0.0,0.0,1,1,0
79,0.97394353,0.9479085,-0.02603502999999996,0.96277636,0.92558354,-0.037192820000000015,1.0,1.0,0.0,0.0,0.0,0.0,0.0,0.0,0.0,0.0,0.0,0.0,1,1,0
80,1.0,1.0,0.0,1.0,1.0,0.0,1.0,1.0,0.0,0.0,0.0,0.0,0.0,0.0,0.0,0.0,0.0,0.0,1,1,0
81,0.86221784,0.86596775,0.003749910000000023,0.85673976,0.85673976,0.0,0.875,0.8875,0.012499999999999956,0.0,0.0,0.0,0.0,0.0,0.0,0.0,0.0,0.0,1,1,0
82,1.0,0.9521392,-0.04786080000000004,1.0,0.9316274,-0.0683726,1.0,1.0,0.0,0.0,0.0,0.0,0.0,0.0,0.0,0.0,0.0,0.0,1,1,0
83,1.0,0.9401644,-0.05983559999999999,0.99999994,0.91452056,-0.08547938,1.0,1.0,0.0,0.0,0.0,0.0,0.0,0.0,0.0,0.0,0.0,0.0,1,1,0
84,0.92966634,0.9442108,0.014544459999999981,0.8995234,0.9203011,0.02077770000000001,1.0,1.0,0.0,0.0,0.0,0.0,0.0,0.0,0.0,0.0,0.0,0.0,1,1,0
85,0.8851306,0.8951079,0.009977299999999967,0.90018654,0.8501542,-0.05003234000000001,0.85,1.0,0.15000000000000002,0.0,0.0,0.0,0.0,0.0,0.0,0.0,0.0,0.0,1,1,0
86,0.92935276,0.9062201,-0.023132660000000027,0.8990754,0.8660287,-0.033046699999999984,1.0,1.0,0.0,0.0,0.0,0.0,0.0,0.0,0.0,0.0,0.0,0.0,1,1,0
87,0.9405815,0.803054,-0.1375274999999999,0.9151164,0.7186485,-0.19646790000000003,1.0,1.0,0.0,0.0,0.0,0.0,0.0,0.0,0.0,0.0,0.0,0.0,1,1,0
88,0.8894257,0.93491745,0.04549175000000005,0.8902509,0.9391677,0.048916800000000094,0.8875,0.925,0.03750000000000009,0.0,0.0,0.0,0.0,0.0,0.0,0.0,0.0,0.0,1,1,0
89,1.0,0.89428014,-0.10571986,1.0,0.8489716,-0.15102839999999995,1.0,1.0,0.0,0.0,0.0,0.0,0.0,0.0,0.0,0.0,0.0,0.0,1,1,0
90,1.0,1.0,0.0,1.0,1.0,0.0,1.0,1.0,0.0,0.0,0.0,0.0,0.0,0.0,0.0,0.0,0.0,0.0,1,1,0
91,0.92026275,0.9754531,0.055190349999999944,0.9182325,0.964933,0.046700500000000034,0.925,1.0,0.07499999999999996,0.0,0.0,0.0,0.0,0.0,0.0,0.0,0.0,0.0,1,1,0
92,0.8991915,0.91730654,0.01811503999999997,0.8559878,0.8818664,0.025878600000000085,1.0,1.0,0.0,0.0,0.0,0.0,0.0,0.0,0.0,0.0,0.0,0.0,1,1,0
93,0.96999997,0.9104439,-0.05955607000000007,1.0,0.87206274,-0.12793726000000005,0.90000004,1.0,0.09999996,0.0,0.0,0.0,0.0,0.0,0.0,0.0,0.0,0.0,1,1,0
94,1.0,1.0,0.0,1.0,1.0,0.0,1.0,1.0,0.0,0.0,0.0,0.0,0.0,0.0,0.0,0.0,0.0,0.0,1,1,0
95,1.0,1.0,0.0,1.0,1.0,0.0,1.0,1.0,0.0,0.0,0.0,0.0,0.0,0.0,0.0,0.0,0.0,0.0,1,1,0
96,1.0,0.90347093,-0.09652907,1.0,0.8621013,-0.13789870000000004,1.0,1.0,0.0,0.0,0.0,0.0,0.0,0.0,0.0,0.0,0.0,0.0,1,1,0
97,1.0,1.0,0.0,1.0,1.0,0.0,1.0,1.0,0.0,0.0,0.0,0.0,0.0,0.0,0.0,0.0,0.0,0.0,1,1,0
98,0.94033396,0.9659355,0.025601539999999923,0.9147628,0.9513365,0.03657370000000004,1.0,1.0,0.0,0.0,0.0,0.0,0.0,0.0,0.0,0.0,0.0,0.0,1,1,0
99,0.90126085,0.94024944,0.03898858999999999,0.89108694,0.91464204,0.02355510000000005,0.925,1.0,0.07499999999999996,0.0,0.0,0.0,0.0,0.0,0.0,0.0,0.0,0.0,1,1,0
100,0.9408787,0.97375005,0.03287135000000008,0.9744695,1.0,0.02553050000000001,0.8625,0.9125,0.04999999999999993,0.0,0.0,0.0,0.0,0.0,0.0,0.0,0.0,0.0,1,1,0
101,0.9553303,0.9319231,-0.02340719999999996,0.93618613,0.96167576,0.02548963000000004,1.0,0.8625,-0.13749999999999996,0.0,0.0,0.0,0.0,0.0,0.0,0.0,0.0,0.0,1,1,0
102,0.93051165,0.85178864,-0.07872301000000004,0.90073097,0.78826946,-0.11246151000000004,1.0,1.0,0.0,0.0,0.0,0.0,0.0,0.0,0.0,0.0,0.0,0.0,1,1,0
103,0.9211445,0.9386385,0.01749400000000001,0.8873493,0.91234064,0.02499134000000003,1.0,1.0,0.0,0.0,0.0,0.0,0.0,0.0,0.0,0.0,0.0,0.0,1,1,0
104,0.8915073,0.92900735,0.03750005000000001,0.898582,0.898582,0.0,0.875,1.0,0.125,0.0,0.0,0.0,0.0,0.0,0.0,0.0,0.0,0.0,1,1,0
105,1.0,1.0,0.0,1.0,1.0,0.0,1.0,1.0,0.0,0.0,0.0,0.0,0.0,0.0,0.0,0.0,0.0,0.0,1,1,0
106,0.9601207,0.8820138,-0.07810690000000009,0.9430295,0.83144826,-0.11158123999999991,1.0,1.0,0.0,0.0,0.0,0.0,0.0,0.0,0.0,0.0,0.0,0.0,1,1,0
107,1.0,1.0,0.0,1.0,1.0,0.0,1.0,1.0,0.0,0.0,0.0,0.0,0.0,0.0,0.0,0.0,0.0,0.0,1,1,0
108,1.0,1.0,0.0,1.0,1.0,0.0,1.0,1.0,0.0,0.0,0.0,0.0,0.0,0.0,0.0,0.0,0.0,0.0,1,1,0
109,0.9492381,0.95772994,0.008491840000000028,0.927483,0.9396142,0.012131200000000009,1.0,1.0,0.0,0.0,0.0,0.0,0.0,0.0,0.0,0.0,0.0,0.0,1,1,0
110,0.9534797,0.9811718,0.027692099999999997,0.98711383,0.9731026,-0.01401122999999993,0.875,1.0,0.125,0.0,0.0,0.0,0.0,0.0,0.0,0.0,0.0,0.0,1,1,0
111,1.0,1.0,0.0,1.0,1.0,0.0,1.0,1.0,0.0,0.0,0.0,0.0,0.0,0.0,0.0,0.0,0.0,0.0,1,1,0
112,0.0,0.0,0.0,1.0,1.0,0.0,1.0,1.0,0.0,1.0,1.0,0.0,1.0,1.0,0.0,0.0,0.0,0.0,0,0,0
113,0.8023488,0.85866684,0.05631804000000007,0.824784,0.8623811,0.03759710000000005,0.75,0.85,0.09999999999999998,0.0,0.0,0.0,0.0,0.0,0.0,0.0,0.0,0.0,1,1,0
114,0.9285364,0.958635,0.030098599999999975,0.94612354,0.97304994,0.026926400000000017,0.8875,0.925,0.03750000000000009,0.0,0.0,0.0,0.0,0.0,0.0,0.0,0.0,0.0,1,1,0
115,0.88686144,0.8625782,-0.02428324000000004,0.83837354,0.8036831,-0.03469043999999999,1.0,1.0,0.0,0.0,0.0,0.0,0.0,0.0,0.0,0.0,0.0,0.0,1,1,0
116,0.8847856,0.91140664,0.026621040000000096,0.8354079,0.873438,0.03803010000000007,1.0,1.0,0.0,0.0,0.0,0.0,0.0,0.0,0.0,0.0,0.0,0.0,1,1,0
117,0.9388525,0.94761544,0.008762939999999997,0.91264635,0.92516494,0.012518589999999996,1.0,1.0,0.0,0.0,0.0,0.0,0.0,0.0,0.0,0.0,0.0,0.0,1,1,0
118,0.8982746,0.8982746,0.0,0.8546781,0.8546781,0.0,1.0,1.0,0.0,0.0,0.0,0.0,0.0,0.0,0.0,0.0,0.0,0.0,1,1,0
119,0.8812315,0.9062831,0.025051600000000063,0.93747365,0.96254724,0.02507358999999998,0.75,0.77500004,0.02500004,0.0,0.0,0.0,0.0,0.0,0.0,0.0,0.0,0.0,1,1,0
120,1.0,1.0,0.0,1.0,1.0,0.0,1.0,1.0,0.0,0.0,0.0,0.0,0.0,0.0,0.0,0.0,0.0,0.0,1,1,0
121,1.0,1.0,0.0,1.0,1.0,0.0,1.0,1.0,0.0,0.0,0.0,0.0,0.0,0.0,0.0,0.0,0.0,0.0,1,1,0
122,1.0,1.0,0.0,1.0,1.0,0.0,1.0,1.0,0.0,0.0,0.0,0.0,0.0,0.0,0.0,0.0,0.0,0.0,1,1,0
123,1.0,1.0,0.0,1.0,1.0,0.0,1.0,1.0,0.0,0.0,0.0,0.0,0.0,0.0,0.0,0.0,0.0,0.0,1,1,0
124,0.95928496,0.8434221,-0.11586286000000001,0.94183576,0.8031031,-0.13873266000000006,1.0,0.9375,-0.0625,0.0,0.0,0.0,0.0,0.0,0.0,0.0,0.0,0.0,1,1,0
125,0.97765046,0.9450226,-0.03262785999999995,0.96807206,0.9214609,-0.046611159999999985,1.0,1.0,0.0,0.0,0.0,0.0,0.0,0.0,0.0,0.0,0.0,0.0,1,1,0
126,1.0,1.0,0.0,1.0,1.0,0.0,1.0,1.0,0.0,0.0,0.0,0.0,0.0,0.0,0.0,0.0,0.0,0.0,1,1,0
127,0.97600985,1.0,0.023990150000000043,0.96572834,0.99999994,0.03427160000000007,1.0,1.0,0.0,0.0,0.0,0.0,0.0,0.0,0.0,0.0,0.0,0.0,1,1,0
128,0.91375,0.94,0.026249999999999996,0.99999994,0.99999994,0.0,0.71250004,0.8,0.08749996000000004,0.0,0.0,0.0,0.0,0.0,0.0,0.0,0.0,0.0,1,1,0
129,0.9607617,0.9607617,0.0,0.94394535,0.94394535,0.0,1.0,1.0,0.0,0.0,0.0,0.0,0.0,0.0,0.0,0.0,0.0,0.0,1,1,0
130,0.97345465,0.94698554,-0.026469109999999962,0.9620781,0.924265,-0.037813100000000044,1.0,1.0,0.0,0.0,0.0,0.0,0.0,0.0,0.0,0.0,0.0,0.0,1,1,0
131,0.71551335,0.6015102,-0.11400315000000005,0.5935905,0.43072885,-0.16286165000000002,1.0,1.0,0.0,0.0,0.0,0.0,0.0,0.0,0.0,0.0,0.0,0.0,1,1,0
132,0.99808484,0.99808484,0.0,0.99726397,0.99726397,0.0,1.0,1.0,0.0,0.0,0.0,0.0,0.0,0.0,0.0,0.0,0.0,0.0,1,1,0
133,0.0,0.0,0.0,0.11746589,0.11746589,0.0,0.5,1.0,0.5,1.0,1.0,0.0,1.0,1.0,0.0,0.0,0.0,0.0,0,0,0
134,1.0,1.0,0.0,1.0,1.0,0.0,1.0,1.0,0.0,0.0,0.0,0.0,0.0,0.0,0.0,0.0,0.0,0.0,1,1,0
135,0.85809577,0.8730957,0.014999929999999995,0.8562081,0.8562081,0.0,0.8625,0.9125,0.04999999999999993,0.0,0.0,0.0,0.0,0.0,0.0,0.0,0.0,0.0,1,1,0
136,0.93001616,0.93883556,0.008819400000000033,0.900023,0.9126222,0.012599200000000033,1.0,1.0,0.0,0.0,0.0,0.0,0.0,0.0,0.0,0.0,0.0,0.0,1,1,0
137,0.97749996,1.0,0.022500040000000054,0.99999994,0.99999994,0.0,0.925,1.0,0.07499999999999996,0.0,0.0,0.0,0.0,0.0,0.0,0.0,0.0,0.0,1,1,0
138,1.0,1.0,0.0,1.0,1.0,0.0,1.0,1.0,0.0,0.0,0.0,0.0,0.0,0.0,0.0,0.0,0.0,0.0,1,1,0
139,0.91314393,0.8915748,-0.021569130000000047,0.92413414,0.84510684,-0.07902730000000002,0.8875,1.0,0.11250000000000004,0.0,0.0,0.0,0.0,0.0,0.0,0.0,0.0,0.0,1,1,0
140,0.0,0.0,0.0,1.0,1.0,0.0,1.0,1.0,0.0,1.0,1.0,0.0,1.0,1.0,0.0,0.0,0.0,0.0,0,0,0
141,0.96250004,0.96625006,0.0037500200000000206,1.0,1.0,0.0,0.875,0.8875,0.012499999999999956,0.0,0.0,0.0,0.0,0.0,0.0,0.0,0.0,0.0,1,1,0
142,0.89124995,1.0,0.10875005000000004,0.99999994,0.99999994,0.0,0.6375,1.0,0.36250000000000004,0.0,0.0,0.0,0.0,0.0,0.0,0.0,0.0,0.0,1,1,0
143,1.0,1.0,0.0,1.0,1.0,0.0,1.0,1.0,0.0,0.0,0.0,0.0,0.0,0.0,0.0,0.0,0.0,0.0,1,1,0
144,0.9300108,0.95188093,0.021870129999999932,0.9482298,0.9741156,0.02588579999999996,0.8875,0.90000004,0.012500040000000046,0.0,0.0,0.0,0.0,0.0,0.0,0.0,0.0,0.0,1,1,0
145,0.8773608,0.82842314,-0.048937660000000105,0.93730116,0.862033,-0.07526815999999992,0.7375,0.75,0.012499999999999956,0.0,0.0,0.0,0.0,0.0,0.0,0.0,0.0,0.0,1,1,0
146,0.89400667,0.8151507,-0.07885597,0.8485809,0.81092954,-0.03765136000000002,1.0,0.825,-0.17500000000000004,0.0,0.0,0.0,0.0,0.0,0.0,0.0,0.0,0.0,1,1,0
147,0.95740664,0.9403123,-0.017094339999999986,0.93915236,0.91473186,-0.024420500000000067,1.0,1.0,0.0,0.0,0.0,0.0,0.0,0.0,0.0,0.0,0.0,0.0,1,1,0
148,1.0,1.0,0.0,1.0,1.0,0.0,1.0,1.0,0.0,0.0,0.0,0.0,0.0,0.0,0.0,0.0,0.0,0.0,1,1,0
149,0.88860554,0.9163764,0.027770859999999953,0.84086496,0.8805377,0.039672739999999984,1.0,1.0,0.0,0.0,0.0,0.0,0.0,0.0,0.0,0.0,0.0,0.0,1,1,0
150,0.90937895,0.8349102,-0.07446874999999997,0.8705413,0.79630035,-0.07424094999999997,1.0,0.925,-0.07499999999999996,0.0,0.0,0.0,0.0,0.0,0.0,0.0,0.0,0.0,1,1,0
151,0.9297352,0.9472813,0.01754610000000001,0.8996217,0.92468745,0.025065749999999998,1.0,1.0,0.0,0.0,0.0,0.0,0.0,0.0,0.0,0.0,0.0,0.0,1,1,0
152,0.87249726,0.8875,0.015002739999999903,0.9624961,1.0,0.037503900000000034,0.6625,0.625,-0.03749999999999998,0.0,0.0,0.0,0.0,0.0,0.0,0.0,0.0,0.0,1,1,0
153,0.809853,0.96624994,0.15639693999999993,0.7765757,0.99999994,0.22342424000000005,0.8875,0.8875,0.0,0.0,0.0,0.0,0.0,0.0,0.0,0.0,0.0,0.0,1,1,0
154,1.0,1.0,0.0,1.0,1.0,0.0,1.0,1.0,0.0,0.0,0.0,0.0,0.0,0.0,0.0,0.0,0.0,0.0,1,1,0
155,0.9554283,0.93757915,-0.01784914999999998,0.93632615,0.9108273,-0.025498849999999962,1.0,1.0,0.0,0.0,0.0,0.0,0.0,0.0,0.0,0.0,0.0,0.0,1,1,0
156,0.9886946,0.979733,-0.008961600000000014,0.98384947,0.9710471,-0.012802369999999952,1.0,1.0,0.0,0.0,0.0,0.0,0.0,0.0,0.0,0.0,0.0,0.0,1,1,0
157,0.88753074,0.9150171,0.027486360000000043,0.8875439,0.9375245,0.04998059999999993,0.8875,0.8625,-0.02499999999999991,0.0,0.0,0.0,0.0,0.0,0.0,0.0,0.0,0.0,1,1,0
158,0.8898001,0.83492595,-0.054874149999999955,0.84257156,0.76417994,-0.07839162,1.0,1.0,0.0,0.0,0.0,0.0,0.0,0.0,0.0,0.0,0.0,0.0,1,1,0
159,0.8573702,0.9086815,0.05131130000000006,0.9248145,0.9499022,0.025087700000000046,0.7,0.8125,0.11250000000000004,0.0,0.0,0.0,0.0,0.0,0.0,0.0,0.0,0.0,1,1,0
160,0.94482386,0.7573564,-0.18746745999999992,0.92117685,0.65336627,-0.26781058,1.0,1.0,0.0,0.0,0.0,0.0,0.0,0.0,0.0,0.0,0.0,0.0,1,1,0
161,0.9386496,0.9386496,0.0,0.91235644,0.91235644,0.0,1.0,1.0,0.0,0.0,0.0,0.0,0.0,0.0,0.0,0.0,0.0,0.0,1,1,0
162,0.77390414,0.8034895,0.029585360000000005,0.8216487,0.75677073,-0.06487797000000006,0.6625,0.9125,0.25,0.0,0.0,0.0,0.0,0.0,0.0,0.0,0.0,0.0,1,1,0
163,1.0,1.0,0.0,1.0,1.0,0.0,1.0,1.0,0.0,0.0,0.0,0.0,0.0,0.0,0.0,0.0,0.0,0.0,1,1,0
164,0.74442214,0.8287434,0.08432126000000006,0.7956031,0.85713345,0.061530349999999956,0.625,0.7625,0.13749999999999996,0.0,0.0,0.0,0.0,0.0,0.0,0.0,0.0,0.0,1,1,0
165,1.0,1.0,0.0,1.0,1.0,0.0,1.0,1.0,0.0,0.0,0.0,0.0,0.0,0.0,0.0,0.0,0.0,0.0,1,1,0
166,0.95582926,0.98321676,0.02738750000000001,0.936899,0.9760239,0.03912490000000002,1.0,1.0,0.0,0.0,0.0,0.0,0.0,0.0,0.0,0.0,0.0,0.0,1,1,0
167,0.9643974,0.97749996,0.013102559999999985,0.94913906,1.0,0.050860939999999966,1.0,0.925,-0.07499999999999996,0.0,0.0,0.0,0.0,0.0,0.0,0.0,0.0,0.0,1,1,0
168,0.90622824,0.91177887,0.005550630000000001,0.93032604,0.87396973,-0.056356309999999965,0.85,1.0,0.15000000000000002,0.0,0.0,0.0,0.0,0.0,0.0,0.0,0.0,0.0,1,1,0
169,0.88304776,0.86125195,-0.02179580999999997,0.8811397,0.80178845,-0.07935124999999998,0.8875,1.0,0.11250000000000004,0.0,0.0,0.0,0.0,0.0,0.0,0.0,0.0,0.0,1,1,0
170,0.92159766,0.9477652,0.02616753999999999,0.8879966,0.92537886,0.03738226,1.0,1.0,0.0,0.0,0.0,0.0,0.0,0.0,0.0,0.0,0.0,0.0,1,1,0
171,0.97749996,1.0,0.022500040000000054,1.0,1.0,0.0,0.925,1.0,0.07499999999999996,0.0,0.0,0.0,0.0,0.0,0.0,0.0,0.0,0.0,1,1,0
172,0.87376386,0.90239394,0.028630080000000002,0.8732341,0.86056274,-0.01267136000000002,0.875,1.0,0.125,0.0,0.0,0.0,0.0,0.0,0.0,0.0,0.0,0.0,1,1,0
173,0.9480843,0.99117947,0.04309516999999996,0.92583466,0.9873992,0.06156454,1.0,1.0,0.0,0.0,0.0,0.0,0.0,0.0,0.0,0.0,0.0,0.0,1,1,0
174,1.0,1.0,0.0,1.0,1.0,0.0,1.0,1.0,0.0,0.0,0.0,0.0,0.0,0.0,0.0,0.0,0.0,0.0,1,1,0
175,1.0,1.0,0.0,0.99999994,0.99999994,0.0,1.0,1.0,0.0,0.0,0.0,0.0,0.0,0.0,0.0,0.0,0.0,0.0,1,1,0
176,1.0,1.0,0.0,1.0,1.0,0.0,1.0,1.0,0.0,0.0,0.0,0.0,0.0,0.0,0.0,0.0,0.0,0.0,1,1,0
177,0.8618709,0.83591026,-0.02596063999999998,0.8026727,0.765586,-0.03708670000000003,1.0,1.0,0.0,0.0,0.0,0.0,0.0,0.0,0.0,0.0,0.0,0.0,1,1,0
178,0.9090349,0.94591296,0.036878060000000046,0.87004983,0.92273283,0.052682999999999924,1.0,1.0,0.0,0.0,0.0,0.0,0.0,0.0,0.0,0.0,0.0,0.0,1,1,0
179,0.806019,0.73692644,-0.06909256000000008,0.72288424,0.6241806,-0.09870363999999998,1.0,1.0,0.0,0.0,0.0,0.0,0.0,0.0,0.0,0.0,0.0,0.0,1,1,0
180,0.97368395,0.9467543,-0.026929649999999916,0.9624056,0.9239347,-0.038470899999999975,1.0,1.0,0.0,0.0,0.0,0.0,0.0,0.0,0.0,0.0,0.0,0.0,1,1,0
181,1.0,1.0,0.0,1.0,1.0,0.0,1.0,1.0,0.0,0.0,0.0,0.0,0.0,0.0,0.0,0.0,0.0,0.0,1,1,0
182,1.0,1.0,0.0,1.0,1.0,0.0,1.0,1.0,0.0,0.0,0.0,0.0,0.0,0.0,0.0,0.0,0.0,0.0,1,1,0
183,0.7806671,0.8278131,0.04714600000000002,0.78309584,0.8343758,0.05127996000000001,0.77500004,0.8125,0.03749996,0.0,0.0,0.0,0.0,0.0,0.0,0.0,0.0,0.0,1,1,0
184,0.93732256,0.96416074,0.026838179999999934,0.9104607,0.948801,0.038340299999999994,1.0,1.0,0.0,0.0,0.0,0.0,0.0,0.0,0.0,0.0,0.0,0.0,1,1,0
185,1.0,1.0,0.0,1.0,1.0,0.0,1.0,1.0,0.0,0.0,0.0,0.0,0.0,0.0,0.0,0.0,0.0,0.0,1,1,0
186,0.9380323,0.93992424,0.0018919399999999253,0.959689,0.97310597,0.013416969999999973,0.8875,0.8625,-0.02499999999999991,0.0,0.0,0.0,0.0,0.0,0.0,0.0,0.0,0.0,1,1,0
187,1.0,0.9152174,-0.08478260000000004,1.0,0.87888193,-0.12111806999999997,1.0,1.0,0.0,0.0,0.0,0.0,0.0,0.0,0.0,0.0,0.0,0.0,1,1,0
188,1.0,1.0,0.0,0.99999994,0.99999994,0.0,1.0,1.0,0.0,0.0,0.0,0.0,0.0,0.0,0.0,0.0,0.0,0.0,1,1,0
189,1.0,1.0,0.0,1.0,1.0,0.0,1.0,1.0,0.0,0.0,0.0,0.0,0.0,0.0,0.0,0.0,0.0,0.0,1,1,0
190,1.0,1.0,0.0,1.0,1.0,0.0,1.0,1.0,0.0,0.0,0.0,0.0,0.0,0.0,0.0,0.0,0.0,0.0,1,1,0
191,1.0,0.8908049,-0.10919509999999999,1.0000001,0.89222115,-0.10777895000000004,1.0,0.8875,-0.11250000000000004,0.0,0.0,0.0,0.0,0.0,0.0,0.0,0.0,0.0,1,1,0
192,1.0,1.0,0.0,1.0,1.0,0.0,1.0,1.0,0.0,0.0,0.0,0.0,0.0,0.0,0.0,0.0,0.0,0.0,1,1,0
193,1.0,1.0,0.0,1.0,1.0,0.0,1.0,1.0,0.0,0.0,0.0,0.0,0.0,0.0,0.0,0.0,0.0,0.0,1,1,0
194,0.93822587,0.9471695,0.00894362999999998,0.9117512,0.92452794,0.012776740000000064,1.0,1.0,0.0,0.0,0.0,0.0,0.0,0.0,0.0,0.0,0.0,0.0,1,1,0
195,0.96625006,0.99625,0.029999939999999947,1.0,1.0,0.0,0.8875,0.9875,0.10000000000000009,0.0,0.0,0.0,0.0,0.0,0.0,0.0,0.0,0.0,1,1,0
196,1.0,1.0,0.0,1.0,1.0,0.0,1.0,1.0,0.0,0.0,0.0,0.0,0.0,0.0,0.0,0.0,0.0,0.0,1,1,0
197,1.0,0.9890219,-0.01097809999999999,1.0,0.98431695,-0.01568305000000003,1.0,1.0,0.0,0.0,0.0,0.0,0.0,0.0,0.0,0.0,0.0,0.0,1,1,0
198,0.9251005,0.95004064,0.02494014,0.8930008,0.9286294,0.03562860000000001,1.0,1.0,0.0,0.0,0.0,0.0,0.0,0.0,0.0,0.0,0.0,0.0,1,1,0
199,1.0,1.0,0.0,1.0,1.0,0.0,1.0,1.0,0.0,0.0,0.0,0.0,0.0,0.0,0.0,0.0,0.0,0.0,1,1,0
200,1.0,1.0,0.0,1.0,1.0,0.0,1.0,1.0,0.0,0.0,0.0,0.0,0.0,0.0,0.0,0.0,0.0,0.0,1,1,0
201,0.9594561,1.0,0.040543899999999966,0.99029434,1.0,0.00970565999999995,0.8875,1.0,0.11250000000000004,0.0,0.0,0.0,0.0,0.0,0.0,0.0,0.0,0.0,1,1,0
202,0.9113946,0.9379627,0.026568099999999983,0.87342083,0.9113753,0.03795446999999996,1.0,1.0,0.0,0.0,0.0,0.0,0.0,0.0,0.0,0.0,0.0,0.0,1,1,0
203,0.92115784,0.9474434,0.02628556000000004,0.8873683,0.92491907,0.037550769999999956,1.0,1.0,0.0,0.0,0.0,0.0,0.0,0.0,0.0,0.0,0.0,0.0,1,1,0
204,1.0,1.0,0.0,1.0,1.0,0.0,1.0,1.0,0.0,0.0,0.0,0.0,0.0,0.0,0.0,0.0,0.0,0.0,1,1,0
205,0.90380776,0.89506453,-0.00874322999999999,0.86258245,0.8500922,-0.012490250000000036,1.0,1.0,0.0,0.0,0.0,0.0,0.0,0.0,0.0,0.0,0.0,0.0,1,1,0
206,0.7884857,0.8882723,0.09978660000000006,0.81569386,0.84038895,0.02469509000000003,0.725,1.0,0.275,0.0,0.0,0.0,0.0,0.0,0.0,0.0,0.0,0.0,1,1,0
207,1.0,1.0,0.0,1.0,1.0,0.0,1.0,1.0,0.0,0.0,0.0,0.0,0.0,0.0,0.0,0.0,0.0,0.0,1,1,0
208,0.9165527,0.9302742,0.013721500000000053,0.9129325,0.9003917,-0.012540800000000019,0.925,1.0,0.07499999999999996,0.0,0.0,0.0,0.0,0.0,0.0,0.0,0.0,0.0,1,1,0
209,0.97202986,0.97202986,0.0,0.9600426,0.9600426,0.0,1.0,1.0,0.0,0.0,0.0,0.0,0.0,0.0,0.0,0.0,0.0,0.0,1,1,0
210,0.96625006,1.0,0.03374993999999998,1.0,1.0,0.0,0.8875,1.0,0.11250000000000004,0.0,0.0,0.0,0.0,0.0,0.0,0.0,0.0,0.0,1,1,0
211,0.8221528,0.80159754,-0.020555259999999964,0.8048611,0.76478213,-0.04007897000000005,0.8625,0.8875,0.02499999999999991,0.0,0.0,0.0,0.0,0.0,0.0,0.0,0.0,0.0,1,1,0
212,1.0,1.0,0.0,1.0,1.0,0.0,1.0,1.0,0.0,0.0,0.0,0.0,0.0,0.0,0.0,0.0,0.0,0.0,1,1,0
213,0.9912934,0.96519357,-0.026099830000000046,0.987562,0.95027643,-0.0372855700000001,1.0,1.0,0.0,0.0,0.0,0.0,0.0,0.0,0.0,0.0,0.0,0.0,1,1,0
214,0.90380687,0.8863309,-0.017475970000000007,0.8625812,0.83761555,-0.02496565000000006,1.0,1.0,0.0,0.0,0.0,0.0,0.0,0.0,0.0,0.0,0.0,0.0,1,1,0
215,0.9153,0.9153,0.0,0.87900007,0.87900007,0.0,1.0,1.0,0.0,0.0,0.0,0.0,0.0,0.0,0.0,0.0,0.0,0.0,1,1,0
216,1.0,1.0,0.0,1.0,1.0,0.0,1.0,1.0,0.0,0.0,0.0,0.0,0.0,0.0,0.0,0.0,0.0,0.0,1,1,0
217,1.0,1.0,0.0,1.0,1.0,0.0,1.0,1.0,0.0,0.0,0.0,0.0,0.0,0.0,0.0,0.0,0.0,0.0,1,1,0
218,0.9173752,0.92367077,0.006295570000000028,0.9248217,0.94988686,0.02506516000000003,0.90000004,0.8625,-0.03750003999999996,0.0,0.0,0.0,0.0,0.0,0.0,0.0,0.0,0.0,1,1,0
219,1.0,1.0,0.0,1.0,1.0,0.0,1.0,1.0,0.0,0.0,0.0,0.0,0.0,0.0,0.0,0.0,0.0,0.0,1,1,0
220,0.96499884,0.9087488,-0.05625004,0.9874982,0.9874982,0.0,0.9125,0.725,-0.1875,0.0,0.0,0.0,0.0,0.0,0.0,0.0,0.0,0.0,1,1,0
221,0.9654428,0.9654428,0.0,0.9506325,0.9506325,0.0,1.0,1.0,0.0,0.0,0.0,0.0,0.0,0.0,0.0,0.0,0.0,0.0,1,1,0
222,1.0,1.0,0.0,1.0,1.0,0.0,1.0,1.0,0.0,0.0,0.0,0.0,0.0,0.0,0.0,0.0,0.0,0.0,1,1,0
223,0.9324867,0.93719196,0.004705260000000044,0.9517667,0.9638457,0.012079000000000062,0.8875,0.875,-0.012499999999999956,0.0,0.0,0.0,0.0,0.0,0.0,0.0,0.0,0.0,1,1,0
224,1.0,1.0,0.0,1.0,1.0,0.0,1.0,1.0,0.0,0.0,0.0,0.0,0.0,0.0,0.0,0.0,0.0,0.0,1,1,0
225,1.0,1.0,0.0,1.0,1.0,0.0,1.0,1.0,0.0,0.0,0.0,0.0,0.0,0.0,0.0,0.0,0.0,0.0,1,1,0
226,1.0,1.0,0.0,1.0,1.0,0.0,1.0,1.0,0.0,0.0,0.0,0.0,0.0,0.0,0.0,0.0,0.0,0.0,1,1,0
227,1.0,1.0,0.0,1.0,1.0,0.0,1.0,1.0,0.0,0.0,0.0,0.0,0.0,0.0,0.0,0.0,0.0,0.0,1,1,0
228,0.9097452,0.91650575,0.006760549999999976,0.97820747,0.94500816,-0.03319930999999998,0.75,0.85,0.09999999999999998,0.0,0.0,0.0,0.0,0.0,0.0,0.0,0.0,0.0,1,1,0
229,0.98196757,0.9451775,-0.03679007000000001,0.9742393,0.9216821,-0.05255720000000008,1.0,1.0,0.0,0.0,0.0,0.0,0.0,0.0,0.0,0.0,0.0,0.0,1,1,0
230,1.0,1.0,0.0,1.0,1.0,0.0,1.0,1.0,0.0,0.0,0.0,0.0,0.0,0.0,0.0,0.0,0.0,0.0,1,1,0
231,0.95874995,0.95874995,0.0,1.0,1.0,0.0,0.8625,0.8625,0.0,0.0,0.0,0.0,0.0,0.0,0.0,0.0,0.0,0.0,1,1,0
232,0.8840197,0.91139716,0.027377460000000076,0.88788515,0.9377102,0.04982505000000004,0.875,0.85,-0.025000000000000022,0.0,0.0,0.0,0.0,0.0,0.0,0.0,0.0,0.0,1,1,0
233,1.0,1.0,0.0,1.0,1.0,0.0,1.0,1.0,0.0,0.0,0.0,0.0,0.0,0.0,0.0,0.0,0.0,0.0,1,1,0
234,0.9414051,0.9414051,0.0,0.91629297,0.91629297,0.0,1.0,1.0,0.0,0.0,0.0,0.0,0.0,0.0,0.0,0.0,0.0,0.0,1,1,0
235,0.9191834,0.9102567,-0.008926699999999954,0.88454765,0.87179524,-0.012752410000000047,1.0,1.0,0.0,0.0,0.0,0.0,0.0,0.0,0.0,0.0,0.0,0.0,1,1,0
236,0.8731481,0.895648,0.022499900000000017,0.8509258,0.8509258,0.0,0.925,1.0,0.07499999999999996,0.0,0.0,0.0,0.0,0.0,0.0,0.0,0.0,0.0,1,1,0
237,0.96426135,0.96426135,0.0,0.9757305,0.9757305,0.0,0.9375,0.9375,0.0,0.0,0.0,0.0,0.0,0.0,0.0,0.0,0.0,0.0,1,1,0
238,1.0,1.0,0.0,1.0,1.0,0.0,1.0,1.0,0.0,0.0,0.0,0.0,0.0,0.0,0.0,0.0,0.0,0.0,1,1,0
239,0.8206709,0.83404726,0.013376359999999976,0.7759585,0.7629246,-0.013033900000000043,0.925,1.0,0.07499999999999996,0.0,0.0,0.0,0.0,0.0,0.0,0.0,0.0,0.0,1,1,0
240,0.91862786,0.94494003,0.02631217000000008,0.9373255,0.9749143,0.03758879999999998,0.875,0.875,0.0,0.0,0.0,0.0,0.0,0.0,0.0,0.0,0.0,0.0,1,1,0
241,0.84011364,0.88634914,0.046235499999999985,0.8251624,0.8376416,0.012479200000000024,0.875,1.0,0.125,0.0,0.0,0.0,0.0,0.0,0.0,0.0,0.0,0.0,1,1,0
242,0.975996,0.83508635,-0.14090965,0.9657086,0.76440907,-0.20129953,1.0,1.0,0.0,0.0,0.0,0.0,0.0,0.0,0.0,0.0,0.0,0.0,1,1,0
243,0.97749996,0.9156298,-0.061870159999999896,1.0,0.879471,-0.120529,0.925,1.0,0.07499999999999996,0.0,0.0,0.0,0.0,0.0,0.0,0.0,0.0,0.0,1,1,0
244,0.9548343,0.94683284,-0.008001460000000016,0.9354775,0.9240469,-0.011430599999999957,1.0,1.0,0.0,0.0,0.0,0.0,0.0,0.0,0.0,0.0,0.0,0.0,1,1,0
245,1.0,1.0,0.0,1.0,1.0,0.0,1.0,1.0,0.0,0.0,0.0,0.0,0.0,0.0,0.0,0.0,0.0,0.0,1,1,0
246,1.0,1.0,0.0,1.0,1.0,0.0,1.0,1.0,0.0,0.0,0.0,0.0,0.0,0.0,0.0,0.0,0.0,0.0,1,1,0
247,0.8542175,0.8604658,0.006248299999999984,0.8399536,0.86495113,0.024997530000000046,0.8875,0.85,-0.03749999999999998,0.0,0.0,0.0,0.0,0.0,0.0,0.0,0.0,0.0,1,1,0
248,0.8938262,0.81466836,-0.07915784000000003,0.880466,0.7352405,-0.1452255,0.925,1.0,0.07499999999999996,0.0,0.0,0.0,0.0,0.0,0.0,0.0,0.0,0.0,1,1,0
249,0.93994826,0.93994826,0.0,0.91421175,0.91421175,0.0,1.0,1.0,0.0,0.0,0.0,0.0,0.0,0.0,0.0,0.0,0.0,0.0,1,1,0
250,0.96625006,0.97421265,0.007962589999999992,1.0,0.963161,-0.036838999999999955,0.8875,1.0,0.11250000000000004,0.0,0.0,0.0,0.0,0.0,0.0,0.0,0.0,0.0,1,1,0
251,1.0,1.0,0.0,1.0,1.0,0.0,1.0,1.0,0.0,0.0,0.0,0.0,0.0,0.0,0.0,0.0,0.0,0.0,1,1,0
252,0.8820155,0.8767902,-0.005225299999999988,0.917165,0.85612893,-0.06103607,0.8,0.925,0.125,0.0,0.0,0.0,0.0,0.0,0.0,0.0,0.0,0.0,1,1,0
253,0.9715473,1.0,0.028452699999999997,0.99149615,0.99999994,0.008503790000000011,0.925,1.0,0.07499999999999996,0.0,0.0,0.0,0.0,0.0,0.0,0.0,0.0,0.0,1,1,0
254,0.94375,0.85510695,-0.08864304999999995,1.0,0.79300994,-0.20699005999999998,0.8125,1.0,0.1875,0.0,0.0,0.0,0.0,0.0,0.0,0.0,0.0,0.0,1,1,0
255,0.8299877,0.8681051,0.03811739999999997,0.8535539,0.9026501,0.049096200000000034,0.77500004,0.7875,0.012499959999999977,0.0,0.0,0.0,0.0,0.0,0.0,0.0,0.0,0.0,1,1,0
256,0.8761801,0.8896329,0.013452799999999931,0.8552572,0.8423327,-0.012924500000000005,0.925,1.0,0.07499999999999996,0.0,0.0,0.0,0.0,0.0,0.0,0.0,0.0,0.0,1,1,0
257,1.0,1.0,0.0,1.0,1.0,0.0,1.0,1.0,0.0,0.0,0.0,0.0,0.0,0.0,0.0,0.0,0.0,0.0,1,1,0
258,0.88623554,0.91247225,0.02623670999999994,0.8374793,0.87496036,0.037481059999999955,1.0,1.0,0.0,0.0,0.0,0.0,0.0,0.0,0.0,0.0,0.0,0.0,1,1,0
259,1.0,1.0,0.0,1.0,1.0,0.0,1.0,1.0,0.0,0.0,0.0,0.0,0.0,0.0,0.0,0.0,0.0,0.0,1,1,0
260,1.0,1.0,0.0,1.0,1.0,0.0,1.0,1.0,0.0,0.0,0.0,0.0,0.0,0.0,0.0,0.0,0.0,0.0,1,1,0
261,1.0,1.0,0.0,1.0,1.0,0.0,1.0,1.0,0.0,0.0,0.0,0.0,0.0,0.0,0.0,0.0,0.0,0.0,1,1,0
262,0.9388655,0.91261333,-0.02625217000000002,0.9126649,0.8751619,-0.03750299999999995,1.0,1.0,0.0,0.0,0.0,0.0,0.0,0.0,0.0,0.0,0.0,0.0,1,1,0
263,0.9564356,0.97057927,0.014143669999999942,0.98597944,0.9579704,-0.02800904000000004,0.8875,1.0,0.11250000000000004,0.0,0.0,0.0,0.0,0.0,0.0,0.0,0.0,0.0,1,1,0
264,1.0,1.0,0.0,1.0,1.0,0.0,1.0,1.0,0.0,0.0,0.0,0.0,0.0,0.0,0.0,0.0,0.0,0.0,1,1,0
265,0.9393918,0.96540433,0.026012530000000034,0.91341686,0.9505776,0.037160740000000025,1.0,1.0,0.0,0.0,0.0,0.0,0.0,0.0,0.0,0.0,0.0,0.0,1,1,0
266,1.0,0.903187,-0.09681300000000004,1.0,0.8616957,-0.13830430000000005,1.0,1.0,0.0,0.0,0.0,0.0,0.0,0.0,0.0,0.0,0.0,0.0,1,1,0
267,0.9537062,0.95874995,0.0050437500000000135,0.98743737,1.0,0.012562630000000019,0.875,0.8625,-0.012499999999999956,0.0,0.0,0.0,0.0,0.0,0.0,0.0,0.0,0.0,1,1,0
268,1.0,1.0,0.0,1.0,1.0,0.0,1.0,1.0,0.0,0.0,0.0,0.0,0.0,0.0,0.0,0.0,0.0,0.0,1,1,0
269,0.95629853,0.8168999,-0.13939862999999997,0.9697122,0.7705713,-0.19914090000000007,0.925,0.925,0.0,0.0,0.0,0.0,0.0,0.0,0.0,0.0,0.0,0.0,1,1,0
270,1.0,1.0,0.0,0.99999994,0.99999994,0.0,1.0,1.0,0.0,0.0,0.0,0.0,0.0,0.0,0.0,0.0,0.0,0.0,1,1,0
271,0.92722666,0.87112886,-0.056097799999999975,0.89603806,0.8158984,-0.08013965999999995,1.0,1.0,0.0,0.0,0.0,0.0,0.0,0.0,0.0,0.0,0.0,0.0,1,1,0
272,1.0,1.0,0.0,1.0,1.0,0.0,1.0,1.0,0.0,0.0,0.0,0.0,0.0,0.0,0.0,0.0,0.0,0.0,1,1,0
273,1.0,1.0,0.0,1.0,1.0,0.0,1.0,1.0,0.0,0.0,0.0,0.0,0.0,0.0,0.0,0.0,0.0,0.0,1,1,0
274,0.91057056,0.98497504,0.07440448,0.9258151,0.9785357,0.052720600000000006,0.875,1.0,0.125,0.0,0.0,0.0,0.0,0.0,0.0,0.0,0.0,0.0,1,1,0
275,0.97749996,1.0,0.022500040000000054,1.0,1.0,0.0,0.925,1.0,0.07499999999999996,0.0,0.0,0.0,0.0,0.0,0.0,0.0,0.0,0.0,1,1,0
276,1.0,1.0,0.0,1.0,1.0,0.0,1.0,1.0,0.0,0.0,0.0,0.0,0.0,0.0,0.0,0.0,0.0,0.0,1,1,0
277,0.93882656,0.89498454,-0.043842019999999926,0.9126093,0.8499779,-0.0626314,1.0,1.0,0.0,0.0,0.0,0.0,0.0,0.0,0.0,0.0,0.0,0.0,1,1,0
278,0.0,1.0,1.0,1.0,1.0,0.0,0.8846154,1.0,0.11538459999999995,1.0,0.0,-1.0,1.0,0.0,-1.0,0.0,0.0,0.0,0,1,1
279,0.91717815,0.70052236,-0.21665579000000001,0.88168305,0.57217485,-0.3095082,1.0,1.0,0.0,0.0,0.0,0.0,0.0,0.0,0.0,0.0,0.0,0.0,1,1,0
280,0.88293976,0.9488478,0.06590804000000006,0.86491394,0.92692536,0.06201142000000004,0.925,1.0,0.07499999999999996,0.0,0.0,0.0,0.0,0.0,0.0,0.0,0.0,0.0,1,1,0
281,0.9038494,0.9386999,0.034850500000000006,0.8626421,0.9124284,0.04978630000000006,1.0,1.0,0.0,0.0,0.0,0.0,0.0,0.0,0.0,0.0,0.0,0.0,1,1,0
282,0.9550171,0.9095332,-0.04548389999999991,0.9357387,0.87076175,-0.06497695000000003,1.0,1.0,0.0,0.0,0.0,0.0,0.0,0.0,0.0,0.0,0.0,0.0,1,1,0
283,0.96625006,0.9651682,-0.00108185999999999,1.0,0.9502403,-0.04975969999999996,0.8875,1.0,0.11250000000000004,0.0,0.0,0.0,0.0,0.0,0.0,0.0,0.0,0.0,1,1,0
284,0.90010303,0.9091445,0.009041469999999996,0.85729,0.8702064,0.01291640000000005,1.0,1.0,0.0,0.0,0.0,0.0,0.0,0.0,0.0,0.0,0.0,0.0,1,1,0
285,1.0,1.0,0.0,1.0,1.0,0.0,1.0,1.0,0.0,0.0,0.0,0.0,0.0,0.0,0.0,0.0,0.0,0.0,1,1,0
286,0.97287506,0.9909296,0.018054539999999952,0.96125007,0.98704237,0.02579229999999999,1.0,1.0,0.0,0.0,0.0,0.0,0.0,0.0,0.0,0.0,0.0,0.0,1,1,0
287,1.0,1.0,0.0,1.0,1.0,0.0,1.0,1.0,0.0,0.0,0.0,0.0,0.0,0.0,0.0,0.0,0.0,0.0,1,1,0
288,0.8127894,0.87277395,0.059984550000000025,0.7807705,0.81824857,0.03747806999999992,0.8875,1.0,0.11250000000000004,0.0,0.0,0.0,0.0,0.0,0.0,0.0,0.0,0.0,1,1,0
289,0.9941889,0.9941889,0.0,0.9916984,0.9916984,0.0,1.0,1.0,0.0,0.0,0.0,0.0,0.0,0.0,0.0,0.0,0.0,0.0,1,1,0
290,0.9730606,0.94625723,-0.026803370000000104,0.96151507,0.9232246,-0.038290470000000076,1.0,1.0,0.0,0.0,0.0,0.0,0.0,0.0,0.0,0.0,0.0,0.0,1,1,0
291,0.92171115,0.92171115,0.0,0.8881588,0.8881588,0.0,1.0,1.0,0.0,0.0,0.0,0.0,0.0,0.0,0.0,0.0,0.0,0.0,1,1,0
292,0.9114377,0.82805175,-0.08338595000000004,0.91098243,0.8079311,-0.10305133,0.9125,0.875,-0.03749999999999998,0.0,0.0,0.0,0.0,0.0,0.0,0.0,0.0,0.0,1,1,0
293,1.0,1.0,0.0,1.0,1.0,0.0,1.0,1.0,0.0,0.0,0.0,0.0,0.0,0.0,0.0,0.0,0.0,0.0,1,1,0
294,0.93041,0.93041,0.0,0.9005858,0.9005858,0.0,1.0,1.0,0.0,0.0,0.0,0.0,0.0,0.0,0.0,0.0,0.0,0.0,1,1,0
295,0.70056504,1.0,0.29943496000000003,0.5722357,1.0,0.4277643,1.0,1.0,0.0,0.0,0.0,0.0,0.0,0.0,0.0,0.0,0.0,0.0,1,1,0
296,0.97749996,1.0,0.022500040000000054,1.0,1.0,0.0,0.925,1.0,0.07499999999999996,0.0,0.0,0.0,0.0,0.0,0.0,0.0,0.0,0.0,1,1,0
297,0.96250004,1.0,0.03749996,0.99999994,0.99999994,0.0,0.875,1.0,0.125,0.0,0.0,0.0,0.0,0.0,0.0,0.0,0.0,0.0,1,1,0
298,0.91376704,0.91376704,0.0,0.8768101,0.8768101,0.0,1.0,1.0,0.0,0.0,0.0,0.0,0.0,0.0,0.0,0.0,0.0,0.0,1,1,0
299,0.8659212,0.85842127,-0.0074999299999999325,0.86203027,0.86203027,0.0,0.875,0.85,-0.025000000000000022,0.0,0.0,0.0,0.0,0.0,0.0,0.0,0.0,0.0,1,1,0
300,1.0,1.0,0.0,1.0,1.0,0.0,1.0,1.0,0.0,0.0,0.0,0.0,0.0,0.0,0.0,0.0,0.0,0.0,1,1,0
301,0.94479465,0.8599146,-0.08488004999999998,0.9747066,0.83202076,-0.14268583999999995,0.875,0.925,0.050000000000000044,0.0,0.0,0.0,0.0,0.0,0.0,0.0,0.0,0.0,1,1,0
302,1.0,1.0,0.0,1.0,1.0,0.0,1.0,1.0,0.0,0.0,0.0,0.0,0.0,0.0,0.0,0.0,0.0,0.0,1,1,0
303,1.0,1.0,0.0,1.0,1.0,0.0,1.0,1.0,0.0,0.0,0.0,0.0,0.0,0.0,0.0,0.0,0.0,0.0,1,1,0
304,0.0,0.0,0.0,0.9373239,0.8611437,-0.07618020000000003,0.99999994,0.99999994,0.0,1.0,1.0,0.0,1.0,1.0,0.0,0.0,0.0,0.0,0,0,0
305,0.92249006,0.9737467,0.051256639999999964,0.9749857,0.96249527,-0.012490429999999941,0.8,1.0,0.19999999999999996,0.0,0.0,0.0,0.0,0.0,0.0,0.0,0.0,0.0,1,1,0
306,0.82651377,0.832955,0.0064412299999999645,0.805734,0.8202928,0.014558800000000094,0.875,0.8625,-0.012499999999999956,0.0,0.0,0.0,0.0,0.0,0.0,0.0,0.0,0.0,1,1,0
307,0.97749996,1.0,0.022500040000000054,1.0,1.0,0.0,0.925,1.0,0.07499999999999996,0.0,0.0,0.0,0.0,0.0,0.0,0.0,0.0,0.0,1,1,0
308,0.9473756,0.9912304,0.04385479999999997,0.9248223,0.987472,0.06264970000000003,1.0,1.0,0.0,0.0,0.0,0.0,0.0,0.0,0.0,0.0,0.0,0.0,1,1,0
309,1.0,1.0,0.0,1.0,1.0,0.0,1.0,1.0,0.0,0.0,0.0,0.0,0.0,0.0,0.0,0.0,0.0,0.0,1,1,0
310,0.99023956,0.94177055,-0.048469010000000035,0.9860564,0.9168151,-0.06924130000000006,1.0,1.0,0.0,0.0,0.0,0.0,0.0,0.0,0.0,0.0,0.0,0.0,1,1,0
311,0.8976456,0.915109,0.017463399999999907,0.912708,0.9376556,0.02494760000000007,0.8625,0.8625,0.0,0.0,0.0,0.0,0.0,0.0,0.0,0.0,0.0,0.0,1,1,0
312,1.0,1.0,0.0,1.0,1.0,0.0,1.0,1.0,0.0,0.0,0.0,0.0,0.0,0.0,0.0,0.0,0.0,0.0,1,1,0
313,0.0,0.0,0.0,1.0,1.0,0.0,1.0,1.0,0.0,1.0,1.0,0.0,1.0,1.0,0.0,0.0,0.0,0.0,0,0,0
314,0.98125,1.0,0.018750000000000044,1.0,1.0,0.0,0.9375,1.0,0.0625,0.0,0.0,0.0,0.0,0.0,0.0,0.0,0.0,0.0,1,1,0
315,0.8661289,0.88364905,0.017520150000000068,0.8623271,0.88735586,0.025028759999999983,0.875,0.875,0.0,0.0,0.0,0.0,0.0,0.0,0.0,0.0,0.0,0.0,1,1,0
316,0.92090094,0.9391678,0.018266859999999996,0.8870012,0.9130969,0.026095699999999944,1.0,1.0,0.0,0.0,0.0,0.0,0.0,0.0,0.0,0.0,0.0,0.0,1,1,0
317,1.0,1.0,0.0,1.0,1.0,0.0,1.0,1.0,0.0,0.0,0.0,0.0,0.0,0.0,0.0,0.0,0.0,0.0,1,1,0
318,1.0,1.0,0.0,1.0,1.0,0.0,1.0,1.0,0.0,0.0,0.0,0.0,0.0,0.0,0.0,0.0,0.0,0.0,1,1,0
319,0.0,0.0,0.0,1.0,1.0,0.0,1.0,1.0,0.0,1.0,1.0,0.0,1.0,1.0,0.0,0.0,0.0,0.0,0,0,0
320,0.8995623,0.88803244,-0.011529860000000003,0.8886604,0.84004635,-0.048614049999999964,0.925,1.0,0.07499999999999996,0.0,0.0,0.0,0.0,0.0,0.0,0.0,0.0,0.0,1,1,0
321,1.0,1.0,0.0,1.0,1.0,0.0,1.0,1.0,0.0,0.0,0.0,0.0,0.0,0.0,0.0,0.0,0.0,0.0,1,1,0
322,0.96625006,0.95500004,-0.011250019999999972,1.0,1.0,0.0,0.8875,0.85,-0.03749999999999998,0.0,0.0,0.0,0.0,0.0,0.0,0.0,0.0,0.0,1,1,0
323,0.9619976,0.93824923,-0.023748369999999963,0.94571096,0.9117846,-0.033926360000000044,1.0,1.0,0.0,0.0,0.0,0.0,0.0,0.0,0.0,0.0,0.0,0.0,1,1,0
324,0.97816944,1.0,0.021830560000000054,0.9688134,1.0,0.031186599999999953,1.0,1.0,0.0,0.0,0.0,0.0,0.0,0.0,0.0,0.0,0.0,0.0,1,1,0
325,1.0,1.0,0.0,1.0,1.0,0.0,1.0,1.0,0.0,0.0,0.0,0.0,0.0,0.0,0.0,0.0,0.0,0.0,1,1,0
326,1.0,1.0,0.0,1.0,1.0,0.0,1.0,1.0,0.0,0.0,0.0,0.0,0.0,0.0,0.0,0.0,0.0,0.0,1,1,0
327,0.9634184,0.9782767,0.014858299999999991,0.94774055,0.9689668,0.021226250000000002,1.0,1.0,0.0,0.0,0.0,0.0,0.0,0.0,0.0,0.0,0.0,0.0,1,1,0
328,0.91213673,0.92968386,0.017547130000000077,0.8744811,0.8995484,0.025067300000000015,1.0,1.0,0.0,0.0,0.0,0.0,0.0,0.0,0.0,0.0,0.0,0.0,1,1,0
329,0.9125456,0.9225041,0.009958500000000092,0.8750652,0.9375059,0.062440700000000016,1.0,0.8875,-0.11250000000000004,0.0,0.0,0.0,0.0,0.0,0.0,0.0,0.0,0.0,1,1,0
330,1.0,1.0,0.0,1.0,1.0,0.0,1.0,1.0,0.0,0.0,0.0,0.0,0.0,0.0,0.0,0.0,0.0,0.0,1,1,0
331,1.0,1.0,0.0,1.0,1.0,0.0,1.0,1.0,0.0,0.0,0.0,0.0,0.0,0.0,0.0,0.0,0.0,0.0,1,1,0
332,0.8905205,0.92427045,0.03374994999999992,0.891815,0.891815,0.0,0.8875,1.0,0.11250000000000004,0.0,0.0,0.0,0.0,0.0,0.0,0.0,0.0,0.0,1,1,0
333,0.9122467,0.9297995,0.017552800000000035,0.8746381,0.89971346,0.02507535999999999,1.0,1.0,0.0,0.0,0.0,0.0,0.0,0.0,0.0,0.0,0.0,0.0,1,1,0
334,0.96471196,0.86083186,-0.10388010000000003,0.9817313,0.8011883,-0.180543,0.925,1.0,0.07499999999999996,0.0,0.0,0.0,0.0,0.0,0.0,0.0,0.0,0.0,1,1,0
335,0.96625006,1.0,0.03374993999999998,1.0,1.0,0.0,0.8875,1.0,0.11250000000000004,0.0,0.0,0.0,0.0,0.0,0.0,0.0,0.0,0.0,1,1,0
336,0.7854462,0.9072935,0.12184729999999999,0.84885174,0.89970505,0.05085331000000004,0.6375,0.925,0.2875000000000001,0.0,0.0,0.0,0.0,0.0,0.0,0.0,0.0,0.0,1,1,0
337,1.0,0.9339892,-0.06601080000000004,1.0,0.9056989,-0.09430110000000003,1.0,1.0,0.0,0.0,0.0,0.0,0.0,0.0,0.0,0.0,0.0,0.0,1,1,0
338,1.0,1.0,0.0,1.0,1.0,0.0,1.0,1.0,0.0,0.0,0.0,0.0,0.0,0.0,0.0,0.0,0.0,0.0,1,1,0
339,1.0,1.0,0.0,1.0,1.0,0.0,1.0,1.0,0.0,0.0,0.0,0.0,0.0,0.0,0.0,0.0,0.0,0.0,1,1,0
340,1.0,1.0,0.0,1.0,1.0,0.0,1.0,1.0,0.0,0.0,0.0,0.0,0.0,0.0,0.0,0.0,0.0,0.0,1,1,0
341,0.98273224,0.94818276,-0.03454948000000002,0.9753317,0.9259754,-0.04935630000000002,1.0,1.0,0.0,0.0,0.0,0.0,0.0,0.0,0.0,0.0,0.0,0.0,1,1,0
342,1.0,1.0,0.0,1.0,1.0,0.0,1.0,1.0,0.0,0.0,0.0,0.0,0.0,0.0,0.0,0.0,0.0,0.0,1,1,0
343,1.0,1.0,0.0,1.0,1.0,0.0,1.0,1.0,0.0,0.0,0.0,0.0,0.0,0.0,0.0,0.0,0.0,0.0,1,1,0
344,0.7782554,1.0,0.22174459999999996,0.683222,1.0,0.316778,1.0,1.0,0.0,0.0,0.0,0.0,0.0,0.0,0.0,0.0,0.0,0.0,1,1,0
345,0.88471836,0.8771834,-0.0075349600000000905,0.8995976,0.8620477,-0.037549900000000025,0.85,0.9125,0.0625,0.0,0.0,0.0,0.0,0.0,0.0,0.0,0.0,0.0,1,1,0
346,0.87768,0.7740044,-0.10367559999999998,0.8252571,0.7253634,-0.09989369999999997,1.0,0.8875,-0.11250000000000004,0.0,0.0,0.0,0.0,0.0,0.0,0.0,0.0,0.0,1,1,0
347,0.89694655,0.9372841,0.040337549999999944,0.8849236,0.91040576,0.02548215999999992,0.925,1.0,0.07499999999999996,0.0,0.0,0.0,0.0,0.0,0.0,0.0,0.0,0.0,1,1,0
348,0.8706438,0.9006438,0.030000000000000027,0.93841976,0.93841976,0.0,0.71250004,0.8125,0.09999996,0.0,0.0,0.0,0.0,0.0,0.0,0.0,0.0,0.0,1,1,0
349,1.0,1.0,0.0,0.99999994,0.99999994,0.0,1.0,1.0,0.0,0.0,0.0,0.0,0.0,0.0,0.0,0.0,0.0,0.0,1,1,0
350,0.91220516,0.9465332,0.034328040000000004,0.8745787,0.92361885,0.04904014999999995,1.0,1.0,0.0,0.0,0.0,0.0,0.0,0.0,0.0,0.0,0.0,0.0,1,1,0
351,0.92123127,0.92123127,0.0,0.8874732,0.8874732,0.0,1.0,1.0,0.0,0.0,0.0,0.0,0.0,0.0,0.0,0.0,0.0,0.0,1,1,0
352,1.0,1.0,0.0,1.0,1.0,0.0,1.0,1.0,0.0,0.0,0.0,0.0,0.0,0.0,0.0,0.0,0.0,0.0,1,1,0
353,0.91974586,0.9358198,0.016073939999999953,0.9335654,0.9725998,0.039034400000000025,0.8875,0.85,-0.03749999999999998,0.0,0.0,0.0,0.0,0.0,0.0,0.0,0.0,0.0,1,1,0
354,0.9016525,0.8791526,-0.022499900000000017,0.9130751,0.9130751,0.0,0.875,0.8,-0.07499999999999996,0.0,0.0,0.0,0.0,0.0,0.0,0.0,0.0,0.0,1,1,0
355,0.8510416,0.93785745,0.08681585000000003,0.8354167,0.9112249,0.07580819999999999,0.8875,1.0,0.11250000000000004,0.0,0.0,0.0,0.0,0.0,0.0,0.0,0.0,0.0,1,1,0
356,0.8614339,0.9176839,0.05625000000000002,0.8824056,0.8824056,0.0,0.8125,1.0,0.1875,0.0,0.0,0.0,0.0,0.0,0.0,0.0,0.0,0.0,1,1,0
357,1.0,0.96625006,-0.03374993999999998,1.0,1.0,0.0,1.0,0.8875,-0.11250000000000004,0.0,0.0,0.0,0.0,0.0,0.0,0.0,0.0,0.0,1,1,0
358,0.86988014,0.92984885,0.059968709999999925,0.86232865,0.8997841,0.037455449999999946,0.8875,1.0,0.11250000000000004,0.0,0.0,0.0,0.0,0.0,0.0,0.0,0.0,0.0,1,1,0
359,1.0,1.0,0.0,1.0,1.0,0.0,1.0,1.0,0.0,0.0,0.0,0.0,0.0,0.0,0.0,0.0,0.0,0.0,1,1,0
360,1.0,1.0,0.0,1.0,1.0,0.0,1.0,1.0,0.0,0.0,0.0,0.0,0.0,0.0,0.0,0.0,0.0,0.0,1,1,0
361,0.86989117,0.91521496,0.045323789999999975,0.8730588,0.9110213,0.03796250000000001,0.8625,0.925,0.0625,0.0,0.0,0.0,0.0,0.0,0.0,0.0,0.0,0.0,1,1,0
362,0.96250004,1.0,0.03749996,1.0,1.0,0.0,0.875,1.0,0.125,0.0,0.0,0.0,0.0,0.0,0.0,0.0,0.0,0.0,1,1,0
363,0.95602113,0.8409025,-0.11511863,0.937173,0.77271795,-0.16445505000000005,1.0,1.0,0.0,0.0,0.0,0.0,0.0,0.0,0.0,0.0,0.0,0.0,1,1,0
364,0.9436478,0.9302992,-0.013348600000000044,0.9516397,0.90042734,-0.05121235999999996,0.925,1.0,0.07499999999999996,0.0,0.0,0.0,0.0,0.0,0.0,0.0,0.0,0.0,1,1,0
365,0.97749996,1.0,0.022500040000000054,1.0000001,1.0000001,0.0,0.925,1.0,0.07499999999999996,0.0,0.0,0.0,0.0,0.0,0.0,0.0,0.0,0.0,1,1,0
366,0.9115263,0.95489675,0.04337044999999995,0.873609,0.9355668,0.06195780000000006,1.0,1.0,0.0,0.0,0.0,0.0,0.0,0.0,0.0,0.0,0.0,0.0,1,1,0
367,0.0,1.0,1.0,1.0,1.0,0.0,0.6515152,1.0,0.34848480000000004,0.0,0.0,0.0,1.0,0.0,-1.0,0.0,0.0,0.0,0,1,1
368,0.9375872,0.9375872,0.0,0.9108388,0.9108388,0.0,1.0,1.0,0.0,0.0,0.0,0.0,0.0,0.0,0.0,0.0,0.0,0.0,1,1,0
369,0.971614,0.8343445,-0.13726949999999993,0.9594485,0.76334924,-0.19609926,1.0,1.0,0.0,0.0,0.0,0.0,0.0,0.0,0.0,0.0,0.0,0.0,1,1,0
370,0.9488327,0.9320836,-0.01674909999999996,0.9269039,0.9029766,-0.023927299999999985,1.0,1.0,0.0,0.0,0.0,0.0,0.0,0.0,0.0,0.0,0.0,0.0,1,1,0
371,1.0,1.0,0.0,1.0,1.0,0.0,1.0,1.0,0.0,0.0,0.0,0.0,0.0,0.0,0.0,0.0,0.0,0.0,1,1,0
372,0.925,0.920056,-0.0049440000000000595,1.0,0.98758006,-0.012419940000000018,0.75,0.7625,0.012499999999999956,0.0,0.0,0.0,0.0,0.0,0.0,0.0,0.0,0.0,1,1,0
373,1.0,1.0,0.0,1.0,1.0,0.0,1.0,1.0,0.0,0.0,0.0,0.0,0.0,0.0,0.0,0.0,0.0,0.0,1,1,0
374,1.0,0.89453024,-0.10546975999999997,1.0,0.8493289,-0.15067109999999995,1.0,1.0,0.0,0.0,0.0,0.0,0.0,0.0,0.0,0.0,0.0,0.0,1,1,0
375,0.0,0.0,0.0,1.0,1.0,0.0,1.0,1.0,0.0,1.0,1.0,0.0,1.0,1.0,0.0,0.0,0.0,0.0,0,0,0
376,0.99232715,0.9143243,-0.07800285000000007,0.98903865,0.8776061,-0.11143255000000007,1.0,1.0,0.0,0.0,0.0,0.0,0.0,0.0,0.0,0.0,0.0,0.0,1,1,0
377,1.0,1.0,0.0,1.0,1.0,0.0,1.0,1.0,0.0,0.0,0.0,0.0,0.0,0.0,0.0,0.0,0.0,0.0,1,1,0
378,0.96625006,1.0,0.03374993999999998,1.0,1.0,0.0,0.8875,1.0,0.11250000000000004,0.0,0.0,0.0,0.0,0.0,0.0,0.0,0.0,0.0,1,1,0
379,0.9113952,0.9213549,0.009959700000000016,0.9323502,0.88764983,-0.044700370000000045,0.8625,1.0,0.13749999999999996,0.0,0.0,0.0,0.0,0.0,0.0,0.0,0.0,0.0,1,1,0
380,0.95500004,0.95874995,0.003749909999999912,1.0,1.0,0.0,0.85,0.8625,0.012500000000000067,0.0,0.0,0.0,0.0,0.0,0.0,0.0,0.0,0.0,1,1,0
381,1.0,1.0,0.0,1.0,1.0,0.0,1.0,1.0,0.0,0.0,0.0,0.0,0.0,0.0,0.0,0.0,0.0,0.0,1,1,0
382,0.9592504,0.83142895,-0.1278214499999999,0.9417862,0.75918406,-0.18260213999999997,1.0,1.0,0.0,0.0,0.0,0.0,0.0,0.0,0.0,0.0,0.0,0.0,1,1,0
383,0.99099696,0.9557592,-0.03523776000000001,0.9871384,0.9367989,-0.05033949999999998,1.0,1.0,0.0,0.0,0.0,0.0,0.0,0.0,0.0,0.0,0.0,0.0,1,1,0
384,1.0,1.0,0.0,1.0,1.0,0.0,1.0,1.0,0.0,0.0,0.0,0.0,0.0,0.0,0.0,0.0,0.0,0.0,1,1,0
385,0.80861205,0.87740326,0.06879120999999999,0.8123029,0.8248618,0.012558899999999928,0.8,1.0,0.19999999999999996,0.0,0.0,0.0,0.0,0.0,0.0,0.0,0.0,0.0,1,1,0
386,0.91634864,0.9540985,0.03774985999999991,0.8804981,0.9344264,0.05392830000000004,1.0,1.0,0.0,0.0,0.0,0.0,0.0,0.0,0.0,0.0,0.0,0.0,1,1,0
387,0.99429476,0.99741334,0.003118579999999982,0.99184954,0.9963048,0.004455259999999961,1.0,1.0,0.0,0.0,0.0,0.0,0.0,0.0,0.0,0.0,0.0,0.0,1,1,0
388,0.95500004,1.0,0.04499995999999995,1.0,1.0,0.0,0.85,1.0,0.15000000000000002,0.0,0.0,0.0,0.0,0.0,0.0,0.0,0.0,0.0,1,1,0
389,1.0,0.99121493,-0.00878506999999995,1.0,0.98744994,-0.01255006000000003,1.0,1.0,0.0,0.0,0.0,0.0,0.0,0.0,0.0,0.0,0.0,0.0,1,1,0
390,0.9305431,0.9693198,0.0387767,0.90077597,0.95617115,0.05539517999999999,1.0,1.0,0.0,0.0,0.0,0.0,0.0,0.0,0.0,0.0,0.0,0.0,1,1,0
391,0.8564045,0.8939045,0.03749999999999998,0.84843504,0.84843504,0.0,0.875,1.0,0.125,0.0,0.0,0.0,0.0,0.0,0.0,0.0,0.0,0.0,1,1,0
392,0.87793237,0.85142964,-0.02650273000000003,0.86311764,0.7877566,-0.07536103999999999,0.9125,1.0,0.08750000000000002,0.0,0.0,0.0,0.0,0.0,0.0,0.0,0.0,0.0,1,1,0
393,0.9182996,0.8682041,-0.05009549999999996,0.9314994,0.8117202,-0.11977919999999997,0.8875,1.0,0.11250000000000004,0.0,0.0,0.0,0.0,0.0,0.0,0.0,0.0,0.0,1,1,0
394,0.7963268,0.81957084,0.02324404000000002,0.8054669,0.779744,-0.025722899999999993,0.77500004,0.9125,0.13749995999999998,0.0,0.0,0.0,0.0,0.0,0.0,0.0,0.0,0.0,1,1,0
395,1.0,1.0,0.0,1.0,1.0,0.0,1.0,1.0,0.0,0.0,0.0,0.0,0.0,0.0,0.0,0.0,0.0,0.0,1,1,0
396,0.976356,1.0,0.023644,0.9662229,1.0,0.033777100000000004,1.0,1.0,0.0,0.0,0.0,0.0,0.0,0.0,0.0,0.0,0.0,0.0,1,1,0
397,1.0,1.0,0.0,1.0,1.0,0.0,1.0,1.0,0.0,0.0,0.0,0.0,0.0,0.0,0.0,0.0,0.0,0.0,1,1,0
398,0.97375005,0.97375005,0.0,1.0,1.0,0.0,0.9125,0.9125,0.0,0.0,0.0,0.0,0.0,0.0,0.0,0.0,0.0,0.0,1,1,0
399,0.8655925,0.86934245,0.003749950000000002,0.8454892,0.8454892,0.0,0.9125,0.925,0.012500000000000067,0.0,0.0,0.0,0.0,0.0,0.0,0.0,0.0,0.0,1,1,0
400,0.97375005,1.0,0.026249949999999966,1.0,1.0,0.0,0.9125,1.0,0.08750000000000002,0.0,0.0,0.0,0.0,0.0,0.0,0.0,0.0,0.0,1,1,0
401,1.0,1.0,0.0,1.0,1.0,0.0,1.0,1.0,0.0,0.0,0.0,0.0,0.0,0.0,0.0,0.0,0.0,0.0,1,1,0
402,1.0,1.0,0.0,1.0,1.0,0.0,1.0,1.0,0.0,0.0,0.0,0.0,0.0,0.0,0.0,0.0,0.0,0.0,1,1,0
403,0.9458567,0.92817765,-0.01767905000000003,0.9226524,0.8973967,-0.025255699999999992,1.0,1.0,0.0,0.0,0.0,0.0,0.0,0.0,0.0,0.0,0.0,0.0,1,1,0
404,0.8199038,0.8281126,0.008208800000000016,0.81236255,0.7865893,-0.02577324999999997,0.83750004,0.925,0.08749996000000004,0.0,0.0,0.0,0.0,0.0,0.0,0.0,0.0,0.0,1,1,0
405,0.9605713,0.9605713,0.0,0.9436732,0.9436732,0.0,1.0,1.0,0.0,0.0,0.0,0.0,0.0,0.0,0.0,0.0,0.0,0.0,1,1,0
406,1.0,0.94040966,-0.059590339999999964,1.0,0.914871,-0.08512900000000001,1.0,1.0,0.0,0.0,0.0,0.0,0.0,0.0,0.0,0.0,0.0,0.0,1,1,0
407,1.0,1.0,0.0,1.0,1.0,0.0,1.0,1.0,0.0,0.0,0.0,0.0,0.0,0.0,0.0,0.0,0.0,0.0,1,1,0
408,1.0,1.0,0.0,0.99999994,0.99999994,0.0,1.0,1.0,0.0,0.0,0.0,0.0,0.0,0.0,0.0,0.0,0.0,0.0,1,1,0
409,0.7521148,0.5993436,-0.1527712,0.6780211,0.4276337,-0.25038740000000004,0.925,1.0,0.07499999999999996,0.0,0.0,0.0,0.0,0.0,0.0,0.0,0.0,0.0,1,1,0
410,1.0,1.0,0.0,1.0,1.0,0.0,1.0,1.0,0.0,0.0,0.0,0.0,0.0,0.0,0.0,0.0,0.0,0.0,1,1,0
411,0.9567833,0.9481616,-0.008621699999999954,0.9382619,0.92594516,-0.012316739999999937,1.0,1.0,0.0,0.0,0.0,0.0,0.0,0.0,0.0,0.0,0.0,0.0,1,1,0
412,1.0,1.0,0.0,1.0,1.0,0.0,1.0,1.0,0.0,0.0,0.0,0.0,0.0,0.0,0.0,0.0,0.0,0.0,1,1,0
413,0.8800686,0.8838186,0.003750000000000031,0.88759804,0.88759804,0.0,0.8625,0.875,0.012499999999999956,0.0,0.0,0.0,0.0,0.0,0.0,0.0,0.0,0.0,1,1,0
414,1.0,1.0,0.0,1.0,1.0,0.0,1.0,1.0,0.0,0.0,0.0,0.0,0.0,0.0,0.0,0.0,0.0,0.0,1,1,0
415,0.8979168,0.92041683,0.022500030000000004,0.8863097,0.8863097,0.0,0.925,1.0,0.07499999999999996,0.0,0.0,0.0,0.0,0.0,0.0,0.0,0.0,0.0,1,1,0
416,0.9314231,0.8719513,-0.059471799999999964,0.902033,0.8170733,-0.08495969999999997,1.0,1.0,0.0,0.0,0.0,0.0,0.0,0.0,0.0,0.0,0.0,0.0,1,1,0
417,0.92737734,0.93644774,0.009070399999999923,0.89625335,0.909211,0.012957650000000043,1.0,1.0,0.0,0.0,0.0,0.0,0.0,0.0,0.0,0.0,0.0,0.0,1,1,0
418,0.8688618,0.9423901,0.07352829999999999,0.84480256,0.9177002,0.07289763999999999,0.925,1.0,0.07499999999999996,0.0,0.0,0.0,0.0,0.0,0.0,0.0,0.0,0.0,1,1,0
419,0.92125,0.9063282,-0.014921799999999985,1.0,0.94654036,-0.05345964000000003,0.7375,0.8125,0.07499999999999996,0.0,0.0,0.0,0.0,0.0,0.0,0.0,0.0,0.0,1,1,0
420,0.9322966,0.97749996,0.045203359999999915,0.95149505,1.0,0.04850494999999999,0.8875,0.925,0.03750000000000009,0.0,0.0,0.0,0.0,0.0,0.0,0.0,0.0,0.0,1,1,0
421,0.8763222,0.9003404,0.02401819999999999,0.8554603,0.91655767,0.06109737000000004,0.925,0.8625,-0.0625,0.0,0.0,0.0,0.0,0.0,0.0,0.0,0.0,0.0,1,1,0
422,1.0,1.0,0.0,1.0,1.0,0.0,1.0,1.0,0.0,0.0,0.0,0.0,0.0,0.0,0.0,0.0,0.0,0.0,1,1,0
423,0.97346514,0.9468943,-0.026570839999999984,0.96209306,0.92413473,-0.03795833000000004,1.0,1.0,0.0,0.0,0.0,0.0,0.0,0.0,0.0,0.0,0.0,0.0,1,1,0
424,0.8927992,0.82739794,-0.06540126000000002,0.9057846,0.7855685,-0.12021610000000005,0.8625,0.925,0.0625,0.0,0.0,0.0,0.0,0.0,0.0,0.0,0.0,0.0,1,1,0
425,0.951261,0.94001085,-0.01125015000000007,0.9625156,0.9625156,0.0,0.925,0.8875,-0.03750000000000009,0.0,0.0,0.0,0.0,0.0,0.0,0.0,0.0,0.0,1,1,0
426,0.8942944,0.9162281,0.021933699999999945,0.88649184,0.91246873,0.02597688999999992,0.9125,0.925,0.012500000000000067,0.0,0.0,0.0,0.0,0.0,0.0,0.0,0.0,0.0,1,1,0
427,0.9471871,0.92086524,-0.02632185999999992,0.92455304,0.8869503,-0.03760274000000008,1.0,1.0,0.0,0.0,0.0,0.0,0.0,0.0,0.0,0.0,0.0,0.0,1,1,0
428,0.9141184,0.9739894,0.05987100000000001,0.9255263,0.962842,0.03731569999999995,0.8875,1.0,0.11250000000000004,0.0,0.0,0.0,0.0,0.0,0.0,0.0,0.0,0.0,1,1,0
429,1.0,1.0,0.0,0.99999994,0.99999994,0.0,1.0,1.0,0.0,0.0,0.0,0.0,0.0,0.0,0.0,0.0,0.0,0.0,1,1,0
430,0.9049187,0.9298825,0.02496379999999998,0.9498837,0.8998322,-0.050051500000000027,0.8,1.0,0.19999999999999996,0.0,0.0,0.0,0.0,0.0,0.0,0.0,0.0,0.0,1,1,0
431,1.0,1.0,0.0,1.0,1.0,0.0,1.0,1.0,0.0,0.0,0.0,0.0,0.0,0.0,0.0,0.0,0.0,0.0,1,1,0
432,1.0,0.92866766,-0.07133234,1.0,0.8980967,-0.10190330000000003,1.0,1.0,0.0,0.0,0.0,0.0,0.0,0.0,0.0,0.0,0.0,0.0,1,1,0
433,0.96845144,0.96361655,-0.004834890000000036,0.9870734,0.94802374,-0.039049659999999986,0.925,1.0,0.07499999999999996,0.0,0.0,0.0,0.0,0.0,0.0,0.0,0.0,0.0,1,1,0
434,1.0,1.0,0.0,1.0,1.0,0.0,1.0,1.0,0.0,0.0,0.0,0.0,0.0,0.0,0.0,0.0,0.0,0.0,1,1,0
435,0.93005437,0.93879884,0.008744470000000004,0.9000777,0.91256976,0.012492060000000027,1.0,1.0,0.0,0.0,0.0,0.0,0.0,0.0,0.0,0.0,0.0,0.0,1,1,0
436,0.9228291,0.9213173,-0.001511799999999952,0.9218987,0.8875961,-0.03430259999999996,0.925,1.0,0.07499999999999996,0.0,0.0,0.0,0.0,0.0,0.0,0.0,0.0,0.0,1,1,0
437,0.92855453,0.937431,0.008876470000000025,0.8979351,0.9106156,0.012680499999999983,1.0,1.0,0.0,0.0,0.0,0.0,0.0,0.0,0.0,0.0,0.0,0.0,1,1,0
438,1.0,1.0,0.0,1.0,1.0,0.0,1.0,1.0,0.0,0.0,0.0,0.0,0.0,0.0,0.0,0.0,0.0,0.0,1,1,0
439,0.97749996,0.89092094,-0.08657901999999995,1.0,0.8441728,-0.15582720000000005,0.925,1.0,0.07499999999999996,0.0,0.0,0.0,0.0,0.0,0.0,0.0,0.0,0.0,1,1,0
440,0.9028177,0.8583545,-0.044463199999999925,0.8611682,0.79764926,-0.06351894000000002,1.0,1.0,0.0,0.0,0.0,0.0,0.0,0.0,0.0,0.0,0.0,0.0,1,1,0
441,0.8901144,0.92170763,0.03159323000000003,0.9501634,0.8881538,-0.0620096,0.75,1.0,0.25,0.0,0.0,0.0,0.0,0.0,0.0,0.0,0.0,0.0,1,1,0
442,0.844044,0.9386963,0.09465230000000002,0.82542,0.91242325,0.08700324999999998,0.8875,1.0,0.11250000000000004,0.0,0.0,0.0,0.0,0.0,0.0,0.0,0.0,0.0,1,1,0
443,0.8485597,0.878647,0.030087299999999928,0.83722806,0.87485284,0.03762477999999991,0.875,0.8875,0.012499999999999956,0.0,0.0,0.0,0.0,0.0,0.0,0.0,0.0,0.0,1,1,0
444,1.0,1.0,0.0,1.0,1.0,0.0,1.0,1.0,0.0,0.0,0.0,0.0,0.0,0.0,0.0,0.0,0.0,0.0,1,1,0
445,0.95415497,0.9816742,0.027519230000000006,0.93450713,0.97382027,0.03931314000000008,1.0,1.0,0.0,0.0,0.0,0.0,0.0,0.0,0.0,0.0,0.0,0.0,1,1,0
446,0.90999794,0.92448425,0.014486310000000002,0.9035684,0.8921204,-0.011448000000000014,0.925,1.0,0.07499999999999996,0.0,0.0,0.0,0.0,0.0,0.0,0.0,0.0,0.0,1,1,0
447,0.7057616,0.66496885,-0.040792750000000044,0.74037373,0.6499555,-0.09041822999999993,0.625,0.7,0.07499999999999996,0.0,0.0,0.0,0.0,0.0,0.0,0.0,0.0,0.0,1,1,0
448,0.87248653,0.9248217,0.052335169999999986,0.86605215,0.8926023,0.02655014999999994,0.8875,1.0,0.11250000000000004,0.0,0.0,0.0,0.0,0.0,0.0,0.0,0.0,0.0,1,1,0
449,0.96250004,0.9063986,-0.05610143999999995,1.0,0.92521214,-0.07478786000000004,0.875,0.8625,-0.012499999999999956,0.0,0.0,0.0,0.0,0.0,0.0,0.0,0.0,0.0,1,1,0
450,1.0,0.63873386,-0.36126614,1.0,0.48390555,-0.51609445,1.0,1.0,0.0,0.0,0.0,0.0,0.0,0.0,0.0,0.0,0.0,0.0,1,1,0
451,0.0,0.0,0.0,1.0,1.0,0.0,1.0,1.0,0.0,1.0,1.0,0.0,1.0,1.0,0.0,0.0,0.0,0.0,0,0,0
452,0.93860286,0.895689,-0.04291386000000008,0.9122898,0.8509842,-0.06130560000000007,1.0,1.0,0.0,0.0,0.0,0.0,0.0,0.0,0.0,0.0,0.0,0.0,1,1,0
453,0.9119139,0.9383373,0.026423399999999986,0.8741626,0.91191053,0.037747929999999985,1.0,1.0,0.0,0.0,0.0,0.0,0.0,0.0,0.0,0.0,0.0,0.0,1,1,0
454,0.9502676,0.95855635,0.008288749999999956,0.9289537,0.9407949,0.011841199999999996,1.0,1.0,0.0,0.0,0.0,0.0,0.0,0.0,0.0,0.0,0.0,0.0,1,1,0
455,1.0,1.0,0.0,1.0,1.0,0.0,1.0,1.0,0.0,0.0,0.0,0.0,0.0,0.0,0.0,0.0,0.0,0.0,1,1,0
456,0.9982397,0.9989206,0.0006809000000000953,0.99748534,0.99845797,0.0009726300000000299,1.0,1.0,0.0,0.0,0.0,0.0,0.0,0.0,0.0,0.0,0.0,0.0,1,1,0
457,0.9473955,0.94623566,-0.001159839999999912,0.92485064,0.98747957,0.06262893000000003,1.0,0.85,-0.15000000000000002,0.0,0.0,0.0,0.0,0.0,0.0,0.0,0.0,0.0,1,1,0
458,0.96625006,1.0,0.03374993999999998,1.0,1.0,0.0,0.8875,1.0,0.11250000000000004,0.0,0.0,0.0,0.0,0.0,0.0,0.0,0.0,0.0,1,1,0
459,0.81538916,0.84988004,0.03449088,0.87555593,0.78554285,-0.09001307999999997,0.675,1.0,0.32499999999999996,0.0,0.0,0.0,0.0,0.0,0.0,0.0,0.0,0.0,1,1,0
460,0.99882835,1.0,0.0011716499999999685,0.99832624,1.0000001,0.001673860000000027,1.0,1.0,0.0,0.0,0.0,0.0,0.0,0.0,0.0,0.0,0.0,0.0,1,1,0
461,1.0,1.0,0.0,1.0,1.0,0.0,1.0,1.0,0.0,0.0,0.0,0.0,0.0,0.0,0.0,0.0,0.0,0.0,1,1,0
462,0.92963296,0.92963296,0.0,0.89947563,0.89947563,0.0,1.0,1.0,0.0,0.0,0.0,0.0,0.0,0.0,0.0,0.0,0.0,0.0,1,1,0
463,0.90625,0.8337849,-0.07246509999999995,1.0,0.7625499,-0.2374501,0.6875,1.0,0.3125,0.0,0.0,0.0,0.0,0.0,0.0,0.0,0.0,0.0,1,1,0
464,0.914736,0.8726886,-0.04204739999999996,0.8781942,0.81812656,-0.06006764000000009,1.0,1.0,0.0,0.0,0.0,0.0,0.0,0.0,0.0,0.0,0.0,0.0,1,1,0
465,0.90788966,0.87878287,-0.02910679000000005,0.8684138,0.8268327,-0.04158110000000004,1.0,1.0,0.0,0.0,0.0,0.0,0.0,0.0,0.0,0.0,0.0,0.0,1,1,0
466,0.9221615,0.9382033,0.016041799999999995,0.93701637,0.91171885,-0.025297520000000073,0.8875,1.0,0.11250000000000004,0.0,0.0,0.0,0.0,0.0,0.0,0.0,0.0,0.0,1,1,0
467,1.0,1.0,0.0,0.99999994,0.99999994,0.0,1.0,1.0,0.0,0.0,0.0,0.0,0.0,0.0,0.0,0.0,0.0,0.0,1,1,0
468,1.0,1.0,0.0,1.0,1.0,0.0,1.0,1.0,0.0,0.0,0.0,0.0,0.0,0.0,0.0,0.0,0.0,0.0,1,1,0
469,0.95614165,0.95614165,0.0,0.9373453,0.9373453,0.0,1.0,1.0,0.0,0.0,0.0,0.0,0.0,0.0,0.0,0.0,0.0,0.0,1,1,0
470,0.79701775,0.83612853,0.03911078000000001,0.7528825,0.76589787,0.01301536999999997,0.90000004,1.0,0.09999996,0.0,0.0,0.0,0.0,0.0,0.0,0.0,0.0,0.0,1,1,0
471,0.86954874,0.92085534,0.05130659999999998,0.8618553,0.8869361,0.025080800000000014,0.8875,1.0,0.11250000000000004,0.0,0.0,0.0,0.0,0.0,0.0,0.0,0.0,0.0,1,1,0
472,0.9683806,0.9280413,-0.04033930000000008,0.95482934,0.89720184,-0.05762749999999994,1.0,1.0,0.0,0.0,0.0,0.0,0.0,0.0,0.0,0.0,0.0,0.0,1,1,0
473,1.0,1.0,0.0,1.0,1.0,0.0,1.0,1.0,0.0,0.0,0.0,0.0,0.0,0.0,0.0,0.0,0.0,0.0,1,1,0
474,0.8953854,0.9217472,0.02636179999999999,0.8505506,0.88821024,0.037659639999999994,1.0,1.0,0.0,0.0,0.0,0.0,0.0,0.0,0.0,0.0,0.0,0.0,1,1,0
475,0.92936534,0.9024788,-0.026886540000000014,0.89909345,0.8606839,-0.038409550000000015,1.0,1.0,0.0,0.0,0.0,0.0,0.0,0.0,0.0,0.0,0.0,0.0,1,1,0
476,0.32628307,0.34813246,0.02184938999999997,0.037547234,0.06876068,0.031213446000000006,1.0,1.0,0.0,0.0,0.0,0.0,0.0,0.0,0.0,0.0,0.0,0.0,1,1,0
477,1.0,1.0,0.0,1.0,1.0,0.0,1.0,1.0,0.0,0.0,0.0,0.0,0.0,0.0,0.0,0.0,0.0,0.0,1,1,0
478,1.0,1.0,0.0,1.0,1.0,0.0,1.0,1.0,0.0,0.0,0.0,0.0,0.0,0.0,0.0,0.0,0.0,0.0,1,1,0
479,0.95125,0.95874995,0.007499949999999922,1.0,1.0,0.0,0.83750004,0.8625,0.024999960000000043,0.0,0.0,0.0,0.0,0.0,0.0,0.0,0.0,0.0,1,1,0
480,1.0,1.0,0.0,1.0,1.0,0.0,1.0,1.0,0.0,0.0,0.0,0.0,0.0,0.0,0.0,0.0,0.0,0.0,1,1,0
481,0.91,0.9925,0.08250000000000002,1.0,1.0,0.0,0.7,0.975,0.275,0.0,0.0,0.0,0.0,0.0,0.0,0.0,0.0,0.0,1,1,0
482,1.0,1.0,0.0,1.0,1.0,0.0,1.0,1.0,0.0,0.0,0.0,0.0,0.0,0.0,0.0,0.0,0.0,0.0,1,1,0
483,1.0,1.0,0.0,1.0,1.0,0.0,1.0,1.0,0.0,0.0,0.0,0.0,0.0,0.0,0.0,0.0,0.0,0.0,1,1,0
484,1.0,1.0,0.0,1.0,1.0,0.0,1.0,1.0,0.0,0.0,0.0,0.0,0.0,0.0,0.0,0.0,0.0,0.0,1,1,0
485,1.0,0.97749996,-0.022500040000000054,1.0,1.0,0.0,1.0,0.925,-0.07499999999999996,0.0,0.0,0.0,0.0,0.0,0.0,0.0,0.0,0.0,1,1,0
486,0.9316193,0.9220638,-0.00955550000000005,0.9023133,0.8886625,-0.013650799999999963,1.0,1.0,0.0,0.0,0.0,0.0,0.0,0.0,0.0,0.0,0.0,0.0,1,1,0
487,0.88378507,0.91378117,0.02999610000000008,0.8875501,0.92504454,0.03749444000000002,0.875,0.8875,0.012499999999999956,0.0,0.0,0.0,0.0,0.0,0.0,0.0,0.0,0.0,1,1,0
488,0.8900404,0.9466538,0.056613400000000036,0.87505764,0.923791,0.04873336000000006,0.925,1.0,0.07499999999999996,0.0,0.0,0.0,0.0,0.0,0.0,0.0,0.0,0.0,1,1,0
489,0.9089562,0.9271151,0.018158899999999978,0.8699375,0.8958786,0.02594109999999994,1.0,1.0,0.0,0.0,0.0,0.0,0.0,0.0,0.0,0.0,0.0,0.0,1,1,0
490,0.9845112,0.93665344,-0.04785776000000008,0.9778732,0.9095049,-0.06836830000000005,1.0,1.0,0.0,0.0,0.0,0.0,0.0,0.0,0.0,0.0,0.0,0.0,1,1,0
491,0.9242687,0.96176875,0.037500049999999896,0.94538397,0.94538397,0.0,0.875,1.0,0.125,0.0,0.0,0.0,0.0,0.0,0.0,0.0,0.0,0.0,1,1,0
492,0.98319143,0.9491475,-0.034043929999999945,0.97598773,0.9273536,-0.04863413000000005,1.0,1.0,0.0,0.0,0.0,0.0,0.0,0.0,0.0,0.0,0.0,0.0,1,1,0
493,0.99979115,1.0,0.00020885000000003817,0.9997016,1.0,0.000298400000000032,1.0,1.0,0.0,0.0,0.0,0.0,0.0,0.0,0.0,0.0,0.0,0.0,1,1,0
494,0.9212555,0.9562063,0.03495079999999995,0.8875078,0.9374376,0.049929800000000024,1.0,1.0,0.0,0.0,0.0,0.0,0.0,0.0,0.0,0.0,0.0,0.0,1,1,0
495,1.0,1.0,0.0,1.0,1.0,0.0,1.0,1.0,0.0,0.0,0.0,0.0,0.0,0.0,0.0,0.0,0.0,0.0,1,1,0
496,0.9475013,0.92109483,-0.02640646999999996,0.9250018,0.88727826,-0.03772354,1.0,1.0,0.0,0.0,0.0,0.0,0.0,0.0,0.0,0.0,0.0,0.0,1,1,0
497,0.88000005,0.9532629,0.07326284999999999,1.0,0.9332328,-0.06676720000000003,0.6,1.0,0.4,0.0,0.0,0.0,0.0,0.0,0.0,0.0,0.0,0.0,1,1,0
498,1.0,1.0,0.0,1.0,1.0,0.0,1.0,1.0,0.0,0.0,0.0,0.0,0.0,0.0,0.0,0.0,0.0,0.0,1,1,0
499,1.0,0.86489564,-0.13510436000000003,1.0,0.80699366,-0.19300634000000005,1.0,1.0,0.0,0.0,0.0,0.0,0.0,0.0,0.0,0.0,0.0,0.0,1,1,0
500,0.9299359,0.9387164,0.008780499999999969,0.89990836,0.949952,0.050043640000000056,1.0,0.9125,-0.08750000000000002,0.0,0.0,0.0,0.0,0.0,0.0,0.0,0.0,0.0,1,1,0
501,0.90083474,0.9188024,0.017967660000000052,0.8583354,0.88400334,0.025667940000000056,1.0,1.0,0.0,0.0,0.0,0.0,0.0,0.0,0.0,0.0,0.0,0.0,1,1,0
502,1.0,1.0,0.0,1.0,1.0,0.0,1.0,1.0,0.0,0.0,0.0,0.0,0.0,0.0,0.0,0.0,0.0,0.0,1,1,0
503,0.89259046,0.9338045,0.04121404000000006,0.9001292,0.9375778,0.037448600000000054,0.875,0.925,0.050000000000000044,0.0,0.0,0.0,0.0,0.0,0.0,0.0,0.0,0.0,1,1,0
504,0.96250004,0.94717616,-0.015323879999999956,1.0,0.92453736,-0.07546264000000003,0.875,1.0,0.125,0.0,0.0,0.0,0.0,0.0,0.0,0.0,0.0,0.0,1,1,0
505,0.586065,0.82938635,0.2433213500000001,0.5479499,0.75626624,0.20831634,0.675,1.0,0.32499999999999996,0.0,0.0,0.0,0.0,0.0,0.0,0.0,0.0,0.0,1,1,0
506,0.93848103,0.93848103,0.0,0.9121158,0.9121158,0.0,1.0,1.0,0.0,0.0,0.0,0.0,0.0,0.0,0.0,0.0,0.0,0.0,1,1,0
507,0.8761344,0.88254035,0.006405949999999994,0.87662053,0.8643433,-0.012277229999999917,0.875,0.925,0.050000000000000044,0.0,0.0,0.0,0.0,0.0,0.0,0.0,0.0,0.0,1,1,0
508,1.0,0.9033127,-0.09668730000000003,1.0,0.8618753,-0.1381247,1.0,1.0,0.0,0.0,0.0,0.0,0.0,0.0,0.0,0.0,0.0,0.0,1,1,0
509,1.0,1.0,0.0,1.0,1.0,0.0,1.0,1.0,0.0,0.0,0.0,0.0,0.0,0.0,0.0,0.0,0.0,0.0,1,1,0
510,1.0,0.0,-1.0,1.0,0.92340404,-0.07659596000000002,1.0,0.7916667,-0.20833330000000005,0.0,0.0,0.0,0.0,0.0,0.0,0.0,1.0,1.0,1,0,-1
511,1.0,0.96185845,-0.03814154999999997,1.0,0.9455121,-0.054487900000000034,1.0,1.0,0.0,0.0,0.0,0.0,0.0,0.0,0.0,0.0,0.0,0.0,1,1,0
512,0.96414894,0.9165541,-0.047594839999999916,0.9487841,0.8807915,-0.06799260000000007,1.0,1.0,0.0,0.0,0.0,0.0,0.0,0.0,0.0,0.0,0.0,0.0,1,1,0
513,0.8715569,0.88197136,0.010414460000000014,0.87008125,0.8313876,-0.038693650000000024,0.875,1.0,0.125,0.0,0.0,0.0,0.0,0.0,0.0,0.0,0.0,0.0,1,1,0
514,1.0,1.0,0.0,1.0,1.0,0.0,1.0,1.0,0.0,0.0,0.0,0.0,0.0,0.0,0.0,0.0,0.0,0.0,1,1,0
515,0.9387227,0.8948849,-0.04383780000000004,0.912461,0.8498356,-0.06262539999999994,1.0,1.0,0.0,0.0,0.0,0.0,0.0,0.0,0.0,0.0,0.0,0.0,1,1,0
516,1.0,1.0,0.0,1.0,1.0,0.0,1.0,1.0,0.0,0.0,0.0,0.0,0.0,0.0,0.0,0.0,0.0,0.0,1,1,0
517,0.91571444,0.87273043,-0.04298401000000007,0.8795921,0.8181864,-0.06140570000000001,1.0,1.0,0.0,0.0,0.0,0.0,0.0,0.0,0.0,0.0,0.0,0.0,1,1,0
518,0.9058528,0.95160675,0.04575394999999993,0.9137183,0.96300966,0.049291360000000006,0.8875,0.925,0.03750000000000009,0.0,0.0,0.0,0.0,0.0,0.0,0.0,0.0,0.0,1,1,0
519,1.0,1.0,0.0,1.0,1.0,0.0,1.0,1.0,0.0,0.0,0.0,0.0,0.0,0.0,0.0,0.0,0.0,0.0,1,1,0
520,0.8029162,0.7742701,-0.028646100000000008,0.8630946,0.838243,-0.024851600000000085,0.6625,0.625,-0.03749999999999998,0.0,0.0,0.0,0.0,0.0,0.0,0.0,0.0,0.0,1,1,0
521,0.9393695,0.9566666,0.017297100000000065,0.913385,0.9380951,0.024710099999999957,1.0,1.0,0.0,0.0,0.0,0.0,0.0,0.0,0.0,0.0,0.0,0.0,1,1,0
522,0.7373819,0.7549445,0.017562599999999984,0.88733125,0.9499207,0.06258944999999994,0.38750002,0.3,-0.08750002000000001,0.0,0.0,0.0,0.0,0.0,0.0,0.0,0.0,0.0,1,1,0
523,1.0,1.0,0.0,1.0,1.0,0.0,1.0,1.0,0.0,0.0,0.0,0.0,0.0,0.0,0.0,0.0,0.0,0.0,1,1,0
524,0.983513,1.0,0.01648700000000003,0.9764471,1.0,0.023552899999999988,1.0,1.0,0.0,0.0,0.0,0.0,0.0,0.0,0.0,0.0,0.0,0.0,1,1,0
525,0.9301812,0.93889564,0.00871443999999999,0.9002589,0.91270804,0.01244914000000008,1.0,1.0,0.0,0.0,0.0,0.0,0.0,0.0,0.0,0.0,0.0,0.0,1,1,0
526,0.0,1.0,1.0,1.0,1.0,0.0,0.6363636,1.0,0.36363639999999997,0.0,0.0,0.0,1.0,0.0,-1.0,0.0,0.0,0.0,0,1,1
527,1.0,1.0,0.0,1.0,1.0,0.0,1.0,1.0,0.0,0.0,0.0,0.0,0.0,0.0,0.0,0.0,0.0,0.0,1,1,0
528,1.0,1.0,0.0,1.0,1.0,0.0,1.0,1.0,0.0,0.0,0.0,0.0,0.0,0.0,0.0,0.0,0.0,0.0,1,1,0
529,0.95874995,1.0,0.04125005000000004,1.0000001,1.0000001,0.0,0.8625,1.0,0.13749999999999996,0.0,0.0,0.0,0.0,0.0,0.0,0.0,0.0,0.0,1,1,0
530,0.9209623,0.9297785,0.00881619999999994,0.8870889,0.8996835,0.012594600000000011,1.0,1.0,0.0,0.0,0.0,0.0,0.0,0.0,0.0,0.0,0.0,0.0,1,1,0
531,0.9030188,0.9045267,0.0015079000000000065,0.86145544,0.9118238,0.05036836,1.0,0.8875,-0.11250000000000004,0.0,0.0,0.0,0.0,0.0,0.0,0.0,0.0,0.0,1,1,0
532,0.9211523,0.9561445,0.03499219999999992,0.8873605,0.9373494,0.0499889,1.0,1.0,0.0,0.0,0.0,0.0,0.0,0.0,0.0,0.0,0.0,0.0,1,1,0
533,1.0,1.0,0.0,1.0,1.0,0.0,1.0,1.0,0.0,0.0,0.0,0.0,0.0,0.0,0.0,0.0,0.0,0.0,1,1,0
534,1.0,1.0,0.0,1.0,1.0,0.0,1.0,1.0,0.0,0.0,0.0,0.0,0.0,0.0,0.0,0.0,0.0,0.0,1,1,0
535,0.91024154,0.8430149,-0.06722664,0.87177354,0.77573556,-0.09603797999999997,1.0,1.0,0.0,0.0,0.0,0.0,0.0,0.0,0.0,0.0,0.0,0.0,1,1,0
536,0.9780254,0.88299954,-0.09502586000000002,0.96860766,0.8328564,-0.13575125999999993,1.0,1.0,0.0,0.0,0.0,0.0,0.0,0.0,0.0,0.0,0.0,0.0,1,1,0
537,0.8442055,0.8050917,-0.03911380000000009,0.83636487,0.78584516,-0.050519709999999995,0.8625,0.85,-0.012500000000000067,0.0,0.0,0.0,0.0,0.0,0.0,0.0,0.0,0.0,1,1,0
538,0.9143054,0.90625185,-0.008053550000000076,0.87757915,0.866074,-0.011505149999999964,1.0,1.0,0.0,0.0,0.0,0.0,0.0,0.0,0.0,0.0,0.0,0.0,1,1,0
539,0.8778796,0.8770817,-0.000797900000000018,0.9112566,0.8886881,-0.02256849999999999,0.8,0.85,0.04999999999999993,0.0,0.0,0.0,0.0,0.0,0.0,0.0,0.0,0.0,1,1,0
540,0.90954363,0.9234317,0.013888069999999919,0.92434794,0.94954526,0.025197319999999968,0.875,0.8625,-0.012499999999999956,0.0,0.0,0.0,0.0,0.0,0.0,0.0,0.0,0.0,1,1,0
541,0.95658654,0.84281677,-0.11376976999999999,0.9754808,0.8075954,-0.16788540000000007,0.9125,0.925,0.012500000000000067,0.0,0.0,0.0,0.0,0.0,0.0,0.0,0.0,0.0,1,1,0
542,0.98584026,0.98584026,0.0,0.9797717,0.9797717,0.0,1.0,1.0,0.0,0.0,0.0,0.0,0.0,0.0,0.0,0.0,0.0,0.0,1,1,0
543,0.0,1.0,1.0,1.0,1.0,0.0,1.0,1.0,0.0,0.0,0.0,0.0,1.0,0.0,-1.0,0.0,0.0,0.0,0,1,1
544,1.0,1.0,0.0,1.0,1.0,0.0,1.0,1.0,0.0,0.0,0.0,0.0,0.0,0.0,0.0,0.0,0.0,0.0,1,1,0
545,0.9909517,0.96387416,-0.027077539999999956,0.9870739,0.9483917,-0.0386822,1.0,1.0,0.0,0.0,0.0,0.0,0.0,0.0,0.0,0.0,0.0,0.0,1,1,0
546,0.97719663,0.9832201,0.006023470000000031,0.9674237,0.9760286,0.008604900000000026,1.0,1.0,0.0,0.0,0.0,0.0,0.0,0.0,0.0,0.0,0.0,0.0,1,1,0
547,1.0,1.0,0.0,1.0,1.0,0.0,1.0,1.0,0.0,0.0,0.0,0.0,0.0,0.0,0.0,0.0,0.0,0.0,1,1,0
548,0.9034613,0.92979187,0.026330569999999942,0.8620876,0.89970255,0.037614950000000036,1.0,1.0,0.0,0.0,0.0,0.0,0.0,0.0,0.0,0.0,0.0,0.0,1,1,0
549,0.921847,0.93053913,0.00869213000000002,0.8883528,0.90077025,0.012417449999999941,1.0,1.0,0.0,0.0,0.0,0.0,0.0,0.0,0.0,0.0,0.0,0.0,1,1,0
550,1.0,1.0,0.0,1.0,1.0,0.0,1.0,1.0,0.0,0.0,0.0,0.0,0.0,0.0,0.0,0.0,0.0,0.0,1,1,0
551,0.97749996,1.0,0.022500040000000054,1.0,1.0,0.0,0.925,1.0,0.07499999999999996,0.0,0.0,0.0,0.0,0.0,0.0,0.0,0.0,0.0,1,1,0
552,0.97749996,1.0,0.022500040000000054,1.0,1.0,0.0,0.925,1.0,0.07499999999999996,0.0,0.0,0.0,0.0,0.0,0.0,0.0,0.0,0.0,1,1,0
553,0.9031252,0.9299597,0.026834499999999983,0.8616075,0.89994234,0.03833483999999998,1.0,1.0,0.0,0.0,0.0,0.0,0.0,0.0,0.0,0.0,0.0,0.0,1,1,0
554,0.0,0.0,0.0,0.0002336661,2.8612862e-06,-0.0002308048138,1.0,1.0,0.0,1.0,1.0,0.0,1.0,1.0,0.0,0.0,0.0,0.0,0,0,0
555,0.95500004,0.9198441,-0.03515594,1.0,0.88549143,-0.11450857000000003,0.85,1.0,0.15000000000000002,0.0,0.0,0.0,0.0,0.0,0.0,0.0,0.0,0.0,1,1,0
556,0.91252804,0.8866448,-0.025883239999999974,0.87504,0.8862783,0.011238299999999923,1.0,0.8875,-0.11250000000000004,0.0,0.0,0.0,0.0,0.0,0.0,0.0,0.0,0.0,1,1,0
557,1.0,1.0,0.0,1.0,1.0,0.0,1.0,1.0,0.0,0.0,0.0,0.0,0.0,0.0,0.0,0.0,0.0,0.0,1,1,0
558,0.90058804,0.7996398,-0.10094824000000002,0.8579829,0.7137711,-0.1442118,1.0,1.0,0.0,0.0,0.0,0.0,0.0,0.0,0.0,0.0,0.0,0.0,1,1,0
559,1.0,1.0,0.0,1.0,1.0,0.0,1.0,1.0,0.0,0.0,0.0,0.0,0.0,0.0,0.0,0.0,0.0,0.0,1,1,0
560,0.8887764,0.9337744,0.04499799999999998,0.9000377,0.93753487,0.03749716999999997,0.8625,0.925,0.0625,0.0,0.0,0.0,0.0,0.0,0.0,0.0,0.0,0.0,1,1,0
561,0.84007275,0.8538208,0.013748050000000012,0.8251039,0.8501012,0.0249973,0.875,0.8625,-0.012499999999999956,0.0,0.0,0.0,0.0,0.0,0.0,0.0,0.0,0.0,1,1,0
562,1.0,1.0,0.0,0.99999994,0.99999994,0.0,1.0,1.0,0.0,0.0,0.0,0.0,0.0,0.0,0.0,0.0,0.0,0.0,1,1,0
563,0.0,0.8687462,0.8687462,0.6862267,0.90356594,0.21733924000000004,0.9508196,0.7875,-0.1633196,0.0,0.0,0.0,1.0,0.0,-1.0,0.0,0.0,0.0,0,1,1
564,1.0,1.0,0.0,1.0,1.0,0.0,1.0,1.0,0.0,0.0,0.0,0.0,0.0,0.0,0.0,0.0,0.0,0.0,1,1,0
565,0.8801985,0.8801985,0.0,0.82885504,0.82885504,0.0,1.0,1.0,0.0,0.0,0.0,0.0,0.0,0.0,0.0,0.0,0.0,0.0,1,1,0
566,0.8247494,0.8459816,0.021232200000000034,0.89964193,0.88711655,-0.01252538000000003,0.65000004,0.75,0.09999996,0.0,0.0,0.0,0.0,0.0,0.0,0.0,0.0,0.0,1,1,0
567,0.9216078,0.8992769,-0.02233089999999993,0.97372544,0.8561099,-0.11761554000000007,0.8,1.0,0.19999999999999996,0.0,0.0,0.0,0.0,0.0,0.0,0.0,0.0,0.0,1,1,0
568,0.9138994,0.93384403,0.01994463000000002,0.8877134,0.9376342,0.04992079999999999,0.975,0.925,-0.04999999999999993,0.0,0.0,0.0,0.0,0.0,0.0,0.0,0.0,0.0,1,1,0
569,0.98875,1.0,0.011249999999999982,1.0,1.0,0.0,0.96250004,1.0,0.03749996,0.0,0.0,0.0,0.0,0.0,0.0,0.0,0.0,0.0,1,1,0
570,0.8994358,0.96390265,0.06446684999999996,0.9099083,0.94843245,0.03852414999999998,0.875,1.0,0.125,0.0,0.0,0.0,0.0,0.0,0.0,0.0,0.0,0.0,1,1,0
571,0.95874995,0.97997636,0.02122641000000003,0.99999994,0.9713948,-0.02860514000000003,0.8625,1.0,0.13749999999999996,0.0,0.0,0.0,0.0,0.0,0.0,0.0,0.0,0.0,1,1,0
572,0.88692915,0.9405169,0.053587749999999934,0.90275586,0.91502416,0.01226830000000001,0.85,1.0,0.15000000000000002,0.0,0.0,0.0,0.0,0.0,0.0,0.0,0.0,0.0,1,1,0
573,0.86375564,0.8315858,-0.032169840000000005,0.8535794,0.75940824,-0.09417116000000003,0.8875,1.0,0.11250000000000004,0.0,0.0,0.0,0.0,0.0,0.0,0.0,0.0,0.0,1,1,0
574,0.9829508,1.0,0.017049199999999987,0.975644,1.0,0.024356000000000044,1.0,1.0,0.0,0.0,0.0,0.0,0.0,0.0,0.0,0.0,0.0,0.0,1,1,0
575,0.8971394,0.86884403,-0.028295370000000042,0.8530562,0.8126344,-0.04042180000000006,1.0,1.0,0.0,0.0,0.0,0.0,0.0,0.0,0.0,0.0,0.0,0.0,1,1,0
576,0.9029274,0.957486,0.0545585999999999,0.91489637,0.9392656,0.02436923000000002,0.875,1.0,0.125,0.0,0.0,0.0,0.0,0.0,0.0,0.0,0.0,0.0,1,1,0
577,1.0,1.0,0.0,1.0,1.0,0.0,1.0,1.0,0.0,0.0,0.0,0.0,0.0,0.0,0.0,0.0,0.0,0.0,1,1,0
578,0.8272193,0.91718274,0.08996344,0.8763847,0.91383255,0.03744784999999995,0.71250004,0.925,0.21249996000000004,0.0,0.0,0.0,0.0,0.0,0.0,0.0,0.0,0.0,1,1,0
579,1.0,1.0,0.0,1.0,1.0,0.0,1.0,1.0,0.0,0.0,0.0,0.0,0.0,0.0,0.0,0.0,0.0,0.0,1,1,0
580,1.0,1.0,0.0,1.0,1.0,0.0,1.0,1.0,0.0,0.0,0.0,0.0,0.0,0.0,0.0,0.0,0.0,0.0,1,1,0
581,1.0,1.0,0.0,1.0,1.0,0.0,1.0,1.0,0.0,0.0,0.0,0.0,0.0,0.0,0.0,0.0,0.0,0.0,1,1,0
582,0.864649,0.9287745,0.06412549999999995,0.8602129,0.89824927,0.03803637000000004,0.875,1.0,0.125,0.0,0.0,0.0,0.0,0.0,0.0,0.0,0.0,0.0,1,1,0
583,0.92049503,0.9466519,0.02615687,0.88642144,0.9237883,0.03736686,1.0,1.0,0.0,0.0,0.0,0.0,0.0,0.0,0.0,0.0,0.0,0.0,1,1,0
584,0.9999343,0.9999343,0.0,0.9999061,0.9999061,0.0,1.0,1.0,0.0,0.0,0.0,0.0,0.0,0.0,0.0,0.0,0.0,0.0,1,1,0
585,0.0,0.0,0.0,1.0,1.0,0.0,1.0,1.0,0.0,1.0,1.0,0.0,1.0,1.0,0.0,0.0,0.0,0.0,0,0,0
586,0.8668157,0.89033955,0.023523850000000013,0.8793795,0.84334224,-0.03603725999999996,0.83750004,1.0,0.16249996,0.0,0.0,0.0,0.0,0.0,0.0,0.0,0.0,0.0,1,1,0
587,0.89131624,0.95874995,0.06743370999999998,0.8983088,1.0,0.10169119999999998,0.875,0.8625,-0.012499999999999956,0.0,0.0,0.0,0.0,0.0,0.0,0.0,0.0,0.0,1,1,0
588,1.0,1.0,0.0,1.0,1.0,0.0,1.0,1.0,0.0,0.0,0.0,0.0,0.0,0.0,0.0,0.0,0.0,0.0,1,1,0
589,1.0,1.0,0.0,1.0,1.0,0.0,1.0,1.0,0.0,0.0,0.0,0.0,0.0,0.0,0.0,0.0,0.0,0.0,1,1,0
590,0.88043463,0.93141365,0.050979019999999986,0.87740666,0.90201956,0.02461290000000005,0.8875,1.0,0.11250000000000004,0.0,0.0,0.0,0.0,0.0,0.0,0.0,0.0,0.0,1,1,0
591,0.87800044,0.85831434,-0.01968610000000004,0.82571495,0.7975919,-0.028123049999999927,1.0,1.0,0.0,0.0,0.0,0.0,0.0,0.0,0.0,0.0,0.0,0.0,1,1,0
592,0.9568817,0.9473732,-0.00950849999999992,0.93840253,0.9248188,-0.013583729999999905,1.0,1.0,0.0,0.0,0.0,0.0,0.0,0.0,0.0,0.0,0.0,0.0,1,1,0
593,0.90177363,0.94138336,0.03960973000000001,0.8596766,0.9162619,0.05658529999999995,1.0,1.0,0.0,0.0,0.0,0.0,0.0,0.0,0.0,0.0,0.0,0.0,1,1,0
594,0.96250004,0.99625,0.03374995999999997,1.0,1.0,0.0,0.875,0.9875,0.11250000000000004,0.0,0.0,0.0,0.0,0.0,0.0,0.0,0.0,0.0,1,1,0
595,1.0,1.0,0.0,1.0,1.0,0.0,1.0,1.0,0.0,0.0,0.0,0.0,0.0,0.0,0.0,0.0,0.0,0.0,1,1,0
596,0.9012154,0.93371814,0.032502739999999974,0.91245055,0.9374544,0.02500385000000005,0.875,0.925,0.050000000000000044,0.0,0.0,0.0,0.0,0.0,0.0,0.0,0.0,0.0,1,1,0
597,0.9743519,0.9962425,0.021890599999999982,0.99550265,0.9946322,-0.0008704500000000781,0.925,1.0,0.07499999999999996,0.0,0.0,0.0,0.0,0.0,0.0,0.0,0.0,0.0,1,1,0
598,0.87774163,0.9462865,0.06854486999999998,0.87355953,0.9232664,0.04970687000000007,0.8875,1.0,0.11250000000000004,0.0,0.0,0.0,0.0,0.0,0.0,0.0,0.0,0.0,1,1,0
599,1.0,1.0,0.0,1.0,1.0,0.0,1.0,1.0,0.0,0.0,0.0,0.0,0.0,0.0,0.0,0.0,0.0,0.0,1,1,0
600,1.0,0.8082361,-0.1917639,0.99999994,0.7635516,-0.23644834000000003,1.0,0.9125,-0.08750000000000002,0.0,0.0,0.0,0.0,0.0,0.0,0.0,0.0,0.0,1,1,0
601,0.9687129,0.9648902,-0.0038226999999999567,0.98744696,0.94984317,-0.037603790000000026,0.925,1.0,0.07499999999999996,0.0,0.0,0.0,0.0,0.0,0.0,0.0,0.0,0.0,1,1,0
602,0.95971423,0.93846244,-0.021251789999999993,0.9960203,0.94958913,-0.046431169999999966,0.875,0.9125,0.03749999999999998,0.0,0.0,0.0,0.0,0.0,0.0,0.0,0.0,0.0,1,1,0
603,0.92836493,0.8977194,-0.030645530000000032,0.9030213,0.85388476,-0.049136540000000006,0.9875,1.0,0.012499999999999956,0.0,0.0,0.0,0.0,0.0,0.0,0.0,0.0,0.0,1,1,0
604,0.9406714,0.99146193,0.05079053,0.96345913,0.9878028,0.02434366999999993,0.8875,1.0,0.11250000000000004,0.0,0.0,0.0,0.0,0.0,0.0,0.0,0.0,0.0,1,1,0
605,1.0,1.0,0.0,1.0,1.0,0.0,1.0,1.0,0.0,0.0,0.0,0.0,0.0,0.0,0.0,0.0,0.0,0.0,1,1,0
606,0.948023,0.96536636,0.01734336000000003,0.9257471,0.95052344,0.024776339999999952,1.0,1.0,0.0,0.0,0.0,0.0,0.0,0.0,0.0,0.0,0.0,0.0,1,1,0
607,0.9485323,0.93130666,-0.017225640000000042,0.92647463,0.90186673,-0.024607900000000016,1.0,1.0,0.0,0.0,0.0,0.0,0.0,0.0,0.0,0.0,0.0,0.0,1,1,0
608,0.84768695,0.7369936,-0.11069335000000002,0.78240985,0.6242766,-0.15813325,1.0,1.0,0.0,0.0,0.0,0.0,0.0,0.0,0.0,0.0,0.0,0.0,1,1,0
609,0.90300906,0.9292002,0.02619114,0.8614415,0.8988574,0.03741590000000006,1.0,1.0,0.0,0.0,0.0,0.0,0.0,0.0,0.0,0.0,0.0,0.0,1,1,0
610,1.0,1.0,0.0,1.0,1.0,0.0,1.0,1.0,0.0,0.0,0.0,0.0,0.0,0.0,0.0,0.0,0.0,0.0,1,1,0
611,1.0,1.0,0.0,1.0,1.0,0.0,1.0,1.0,0.0,0.0,0.0,0.0,0.0,0.0,0.0,0.0,0.0,0.0,1,1,0
612,0.96999997,1.0,0.030000029999999955,1.0,1.0,0.0,0.90000004,1.0,0.09999996,0.0,0.0,0.0,0.0,0.0,0.0,0.0,0.0,0.0,1,1,0
613,0.9214808,0.95637065,0.03488985,0.8878296,0.9376724,0.049842799999999965,1.0,1.0,0.0,0.0,0.0,0.0,0.0,0.0,0.0,0.0,0.0,0.0,1,1,0
614,0.0,0.0,0.0,1.0,1.0,0.0,1.0,1.0,0.0,1.0,1.0,0.0,1.0,1.0,0.0,0.0,0.0,0.0,0,0,0
615,1.0,1.0,0.0,1.0,1.0,0.0,1.0,1.0,0.0,0.0,0.0,0.0,0.0,0.0,0.0,0.0,0.0,0.0,1,1,0
616,0.9710991,0.9893617,0.018262600000000018,0.95871305,0.98480237,0.026089320000000082,1.0,1.0,0.0,0.0,0.0,0.0,0.0,0.0,0.0,0.0,0.0,0.0,1,1,0
617,0.7620818,0.9195711,0.15748929999999994,0.77261686,0.88510156,0.11248469999999999,0.7375,1.0,0.26249999999999996,0.0,0.0,0.0,0.0,0.0,0.0,0.0,0.0,0.0,1,1,0
618,1.0,1.0,0.0,1.0,1.0,0.0,1.0,1.0,0.0,0.0,0.0,0.0,0.0,0.0,0.0,0.0,0.0,0.0,1,1,0
619,1.0,0.99369395,-0.006306049999999952,1.0,0.9909913,-0.00900869999999998,1.0,1.0,0.0,0.0,0.0,0.0,0.0,0.0,0.0,0.0,0.0,0.0,1,1,0
620,1.0,1.0,0.0,1.0,1.0,0.0,1.0,1.0,0.0,0.0,0.0,0.0,0.0,0.0,0.0,0.0,0.0,0.0,1,1,0
621,0.92638826,0.8756569,-0.05073136,0.89484036,0.8223671,-0.07247325999999998,1.0,1.0,0.0,0.0,0.0,0.0,0.0,0.0,0.0,0.0,0.0,0.0,1,1,0
622,0.9125603,0.9300788,0.017518499999999992,0.875086,0.90011257,0.02502656999999997,1.0,1.0,0.0,0.0,0.0,0.0,0.0,0.0,0.0,0.0,0.0,0.0,1,1,0
623,1.0,1.0,0.0,1.0,1.0,0.0,1.0,1.0,0.0,0.0,0.0,0.0,0.0,0.0,0.0,0.0,0.0,0.0,1,1,0
624,0.96250004,0.96625006,0.0037500200000000206,1.0,1.0,0.0,0.875,0.8875,0.012499999999999956,0.0,0.0,0.0,0.0,0.0,0.0,0.0,0.0,0.0,1,1,0
625,0.8589882,0.89116424,0.03217604000000007,0.857483,0.8445204,-0.012962600000000046,0.8625,1.0,0.13749999999999996,0.0,0.0,0.0,0.0,0.0,0.0,0.0,0.0,0.0,1,1,0
626,0.9302065,0.9563797,0.026173200000000008,0.9002951,0.9376852,0.03739009999999998,1.0,1.0,0.0,0.0,0.0,0.0,0.0,0.0,0.0,0.0,0.0,0.0,1,1,0
627,0.9637098,0.98182505,0.018115250000000027,0.9481568,0.97403574,0.025878940000000017,1.0,1.0,0.0,0.0,0.0,0.0,0.0,0.0,0.0,0.0,0.0,0.0,1,1,0
628,0.82023233,0.84460014,0.0243678100000001,0.8235462,0.81014305,-0.01340315000000003,0.8125,0.925,0.11250000000000004,0.0,0.0,0.0,0.0,0.0,0.0,0.0,0.0,0.0,1,1,0
629,0.98875,1.0,0.011249999999999982,0.99999994,0.99999994,0.0,0.96250004,1.0,0.03749996,0.0,0.0,0.0,0.0,0.0,0.0,0.0,0.0,0.0,1,1,0
630,0.9299669,0.9562265,0.02625959999999994,0.8999527,0.93746656,0.0375138599999999,1.0,1.0,0.0,0.0,0.0,0.0,0.0,0.0,0.0,0.0,0.0,0.0,1,1,0
631,1.0,1.0,0.0,1.0,1.0,0.0,1.0,1.0,0.0,0.0,0.0,0.0,0.0,0.0,0.0,0.0,0.0,0.0,1,1,0
632,0.89188117,0.9646422,0.07276103,0.89911604,0.9494889,0.050372859999999964,0.875,1.0,0.125,0.0,0.0,0.0,0.0,0.0,0.0,0.0,0.0,0.0,1,1,0
633,0.95072883,0.96625006,0.015521230000000052,0.9778269,1.0,0.022173099999999946,0.8875,0.8875,0.0,0.0,0.0,0.0,0.0,0.0,0.0,0.0,0.0,0.0,1,1,0
634,0.93087214,0.93087214,0.0,0.901246,0.901246,0.0,1.0,1.0,0.0,0.0,0.0,0.0,0.0,0.0,0.0,0.0,0.0,0.0,1,1,0
635,1.0,1.0,0.0,1.0,1.0,0.0,1.0,1.0,0.0,0.0,0.0,0.0,0.0,0.0,0.0,0.0,0.0,0.0,1,1,0
636,0.895,0.93625003,0.04125002999999994,1.0,1.0,0.0,0.65000004,0.7875,0.13749995999999998,0.0,0.0,0.0,0.0,0.0,0.0,0.0,0.0,0.0,1,1,0
637,1.0,1.0,0.0,0.99999994,0.99999994,0.0,1.0,1.0,0.0,0.0,0.0,0.0,0.0,0.0,0.0,0.0,0.0,0.0,1,1,0
638,0.96625006,1.0,0.03374993999999998,1.0,1.0,0.0,0.8875,1.0,0.11250000000000004,0.0,0.0,0.0,0.0,0.0,0.0,0.0,0.0,0.0,1,1,0
639,0.9125735,0.9475054,0.034931900000000016,0.875105,0.9250077,0.049902699999999967,1.0,1.0,0.0,0.0,0.0,0.0,0.0,0.0,0.0,0.0,0.0,0.0,1,1,0
640,0.97516453,0.93685323,-0.03831130000000005,0.96452075,0.9097904,-0.05473035000000004,1.0,1.0,0.0,0.0,0.0,0.0,0.0,0.0,0.0,0.0,0.0,0.0,1,1,0
641,0.96737015,0.9496235,-0.017746650000000086,0.9533859,0.92803353,-0.025352370000000013,1.0,1.0,0.0,0.0,0.0,0.0,0.0,0.0,0.0,0.0,0.0,0.0,1,1,0
642,0.852366,0.9299078,0.0775418,0.8373085,0.89986837,0.06255986999999996,0.8875,1.0,0.11250000000000004,0.0,0.0,0.0,0.0,0.0,0.0,0.0,0.0,0.0,1,1,0
643,0.0,1.0,1.0,1.0,1.0,0.0,1.0,1.0,0.0,1.0,0.0,-1.0,1.0,0.0,-1.0,0.0,0.0,0.0,0,1,1
644,0.0,0.0,0.0,1.0,1.0,0.0,1.0,1.0,0.0,1.0,1.0,0.0,1.0,1.0,0.0,0.0,0.0,0.0,0,0,0
645,1.0,1.0,0.0,1.0,1.0,0.0,1.0,1.0,0.0,0.0,0.0,0.0,0.0,0.0,0.0,0.0,0.0,0.0,1,1,0
646,0.87213725,0.87213725,0.0,0.81733894,0.81733894,0.0,1.0,1.0,0.0,0.0,0.0,0.0,0.0,0.0,0.0,0.0,0.0,0.0,1,1,0
647,0.88739794,0.95580405,0.06840610999999996,0.8980684,0.9368629,0.038794500000000065,0.8625,1.0,0.13749999999999996,0.0,0.0,0.0,0.0,0.0,0.0,0.0,0.0,0.0,1,1,0
648,0.96679336,0.93440723,-0.03238613000000001,0.9525619,0.9812961,0.028734200000000043,1.0,0.825,-0.17500000000000004,0.0,0.0,0.0,0.0,0.0,0.0,0.0,0.0,0.0,1,1,0
649,1.0,1.0,0.0,0.99999994,0.99999994,0.0,1.0,1.0,0.0,0.0,0.0,0.0,0.0,0.0,0.0,0.0,0.0,0.0,1,1,0
650,0.91005176,0.90114194,-0.008909819999999957,0.87150246,0.85877424,-0.012728219999999957,1.0,1.0,0.0,0.0,0.0,0.0,0.0,0.0,0.0,0.0,0.0,0.0,1,1,0
651,1.0,1.0,0.0,1.0,1.0,0.0,1.0,1.0,0.0,0.0,0.0,0.0,0.0,0.0,0.0,0.0,0.0,0.0,1,1,0
652,0.9347925,0.8974085,-0.03738399999999997,0.90684646,0.85344076,-0.0534057,1.0,1.0,0.0,0.0,0.0,0.0,0.0,0.0,0.0,0.0,0.0,0.0,1,1,0
653,0.9115963,0.93014735,0.018551050000000013,0.87370896,0.90021056,0.026501600000000014,1.0,1.0,0.0,0.0,0.0,0.0,0.0,0.0,0.0,0.0,0.0,0.0,1,1,0
654,0.0,0.0,0.0,1.0,1.0,0.0,1.0,1.0,0.0,0.0,1.0,1.0,1.0,1.0,0.0,0.0,0.0,0.0,0,0,0
655,0.81985325,0.8975321,0.07767885000000008,0.8605046,0.88576,0.02525540000000004,0.725,0.925,0.20000000000000007,0.0,0.0,0.0,0.0,0.0,0.0,0.0,0.0,0.0,1,1,0
656,1.0,1.0,0.0,1.0,1.0,0.0,1.0,1.0,0.0,0.0,0.0,0.0,0.0,0.0,0.0,0.0,0.0,0.0,1,1,0
657,0.90625,1.0,0.09375,1.0,1.0,0.0,0.6875,1.0,0.3125,0.0,0.0,0.0,0.0,0.0,0.0,0.0,0.0,0.0,1,1,0
658,1.0,1.0,0.0,1.0,1.0,0.0,1.0,1.0,0.0,0.0,0.0,0.0,0.0,0.0,0.0,0.0,0.0,0.0,1,1,0
659,0.97590554,0.9700923,-0.005813239999999942,0.9709364,0.9572747,-0.013661699999999999,0.9875,1.0,0.012499999999999956,0.0,0.0,0.0,0.0,0.0,0.0,0.0,0.0,0.0,1,1,0
660,0.8931144,0.9289234,0.03580899999999998,0.90087765,0.96274763,0.06186997999999999,0.875,0.85,-0.025000000000000022,0.0,0.0,0.0,0.0,0.0,0.0,0.0,0.0,0.0,1,1,0
661,0.9138624,0.97434473,0.06048233000000003,0.8769464,0.9633496,0.08640320000000001,1.0,1.0,0.0,0.0,0.0,0.0,0.0,0.0,0.0,0.0,0.0,0.0,1,1,0
662,0.93535197,0.9683369,0.03298492999999991,0.93978846,0.95476687,0.014978409999999998,0.925,1.0,0.07499999999999996,0.0,0.0,0.0,0.0,0.0,0.0,0.0,0.0,0.0,1,1,0
663,0.9090647,0.9053146,-0.0037500999999999785,0.9022352,0.9022352,0.0,0.925,0.9125,-0.012500000000000067,0.0,0.0,0.0,0.0,0.0,0.0,0.0,0.0,0.0,1,1,0
664,0.79373217,0.841605,0.04787283000000009,0.7856888,0.77372146,-0.011967339999999993,0.8125,1.0,0.1875,0.0,0.0,0.0,0.0,0.0,0.0,0.0,0.0,0.0,1,1,0
665,1.0,1.0,0.0,1.0,1.0,0.0,1.0,1.0,0.0,0.0,0.0,0.0,0.0,0.0,0.0,0.0,0.0,0.0,1,1,0
666,0.0,0.0,0.0,0.8944606,0.90631735,0.011856749999999971,0.7012987,0.8219178,0.12061909999999998,0.0,0.0,0.0,0.0,0.0,0.0,1.0,1.0,0.0,0,0,0
667,1.0,0.9076643,-0.09233570000000002,1.0,0.86809194,-0.13190806,1.0,1.0,0.0,0.0,0.0,0.0,0.0,0.0,0.0,0.0,0.0,0.0,1,1,0
668,0.92260927,0.9476784,0.025069129999999995,0.93765604,0.92525476,-0.01240128000000007,0.8875,1.0,0.11250000000000004,0.0,0.0,0.0,0.0,0.0,0.0,0.0,0.0,0.0,1,1,0
669,1.0,1.0,0.0,1.0,1.0,0.0,1.0,1.0,0.0,0.0,0.0,0.0,0.0,0.0,0.0,0.0,0.0,0.0,1,1,0
670,0.93876743,0.93876743,0.0,0.912525,0.912525,0.0,1.0,1.0,0.0,0.0,0.0,0.0,0.0,0.0,0.0,0.0,0.0,0.0,1,1,0
671,1.0,1.0,0.0,1.0,1.0,0.0,1.0,1.0,0.0,0.0,0.0,0.0,0.0,0.0,0.0,0.0,0.0,0.0,1,1,0
672,1.0,1.0,0.0,1.0,1.0,0.0,1.0,1.0,0.0,0.0,0.0,0.0,0.0,0.0,0.0,0.0,0.0,0.0,1,1,0
673,0.93063337,0.9718834,0.04125002999999994,0.9598334,0.9598334,0.0,0.8625,1.0,0.13749999999999996,0.0,0.0,0.0,0.0,0.0,0.0,0.0,0.0,0.0,1,1,0
674,1.0,0.9606789,-0.0393211,1.0,0.943827,-0.05617300000000003,1.0,1.0,0.0,0.0,0.0,0.0,0.0,0.0,0.0,0.0,0.0,0.0,1,1,0
675,1.0,1.0,0.0,1.0,1.0,0.0,1.0,1.0,0.0,0.0,0.0,0.0,0.0,0.0,0.0,0.0,0.0,0.0,1,1,0
676,1.0,1.0,0.0,1.0,1.0,0.0,1.0,1.0,0.0,0.0,0.0,0.0,0.0,0.0,0.0,0.0,0.0,0.0,1,1,0
677,1.0,1.0,0.0,1.0,1.0,0.0,1.0,1.0,0.0,0.0,0.0,0.0,0.0,0.0,0.0,0.0,0.0,0.0,1,1,0
678,0.95500004,0.96625006,0.011250019999999972,1.0,1.0,0.0,0.85,0.8875,0.03749999999999998,0.0,0.0,0.0,0.0,0.0,0.0,0.0,0.0,0.0,1,1,0
679,0.9925,0.9925,0.0,1.0,1.0,0.0,0.975,0.975,0.0,0.0,0.0,0.0,0.0,0.0,0.0,0.0,0.0,0.0,1,1,0
680,1.0,1.0,0.0,0.99999994,0.99999994,0.0,1.0,1.0,0.0,0.0,0.0,0.0,0.0,0.0,0.0,0.0,0.0,0.0,1,1,0
681,1.0,1.0,0.0,1.0,1.0,0.0,1.0,1.0,0.0,0.0,0.0,0.0,0.0,0.0,0.0,0.0,0.0,0.0,1,1,0
682,0.9124431,0.92996067,0.017517570000000093,0.8749187,0.8999438,0.02502509999999991,1.0,1.0,0.0,0.0,0.0,0.0,0.0,0.0,0.0,0.0,0.0,0.0,1,1,0
683,0.9461261,0.7817514,-0.16437469999999998,0.92303723,0.72035915,-0.2026780800000001,1.0,0.925,-0.07499999999999996,0.0,0.0,0.0,0.0,0.0,0.0,0.0,0.0,0.0,1,1,0
684,1.0,1.0,0.0,1.0,1.0,0.0,1.0,1.0,0.0,0.0,0.0,0.0,0.0,0.0,0.0,0.0,0.0,0.0,1,1,0
685,0.9562702,0.94755334,-0.008716859999999937,0.9375288,0.9250762,-0.012452600000000036,1.0,1.0,0.0,0.0,0.0,0.0,0.0,0.0,0.0,0.0,0.0,0.0,1,1,0
686,0.9127793,0.9572345,0.04445520000000003,0.8753988,0.93890643,0.06350762999999993,1.0,1.0,0.0,0.0,0.0,0.0,0.0,0.0,0.0,0.0,0.0,0.0,1,1,0
687,0.93815976,0.9075012,-0.03065856,0.9116568,0.86785895,-0.04379785000000003,1.0,1.0,0.0,0.0,0.0,0.0,0.0,0.0,0.0,0.0,0.0,0.0,1,1,0
688,1.0,1.0,0.0,1.0,1.0,0.0,1.0,1.0,0.0,0.0,0.0,0.0,0.0,0.0,0.0,0.0,0.0,0.0,1,1,0
689,1.0,1.0,0.0,1.0,1.0,0.0,1.0,1.0,0.0,0.0,0.0,0.0,0.0,0.0,0.0,0.0,0.0,0.0,1,1,0
690,0.819092,0.74385107,-0.0752409300000001,0.87548846,0.76264435,-0.11284411000000005,0.6875,0.7,0.012499999999999956,0.0,0.0,0.0,0.0,0.0,0.0,0.0,0.0,0.0,1,1,0
691,0.96625006,0.9325,-0.033750060000000026,1.0,1.0,0.0,0.8875,0.77500004,-0.11249995999999995,0.0,0.0,0.0,0.0,0.0,0.0,0.0,0.0,0.0,1,1,0
692,0.7217741,0.62072486,-0.10104923999999993,0.7257488,0.6885356,-0.037213199999999946,0.71250004,0.4625,-0.25000004,0.0,0.0,0.0,0.0,0.0,0.0,0.0,0.0,0.0,1,1,0
693,0.84869593,0.8662117,0.01751577000000004,0.8374227,0.86244535,0.025022650000000035,0.875,0.875,0.0,0.0,0.0,0.0,0.0,0.0,0.0,0.0,0.0,0.0,1,1,0
694,1.0,0.99829334,-0.001706659999999971,1.0,0.99756193,-0.002438069999999959,1.0,1.0,0.0,0.0,0.0,0.0,0.0,0.0,0.0,0.0,0.0,0.0,1,1,0
695,0.9601965,0.9601965,0.0,0.9431378,0.9431378,0.0,1.0,1.0,0.0,0.0,0.0,0.0,0.0,0.0,0.0,0.0,0.0,0.0,1,1,0
696,0.96625006,0.9919901,0.025740039999999964,1.0,0.9885572,-0.011442799999999975,0.8875,1.0,0.11250000000000004,0.0,0.0,0.0,0.0,0.0,0.0,0.0,0.0,0.0,1,1,0
697,0.8269207,0.9073941,0.08047340000000003,0.8491725,0.9319916,0.08281910000000003,0.77500004,0.85,0.07499995999999998,0.0,0.0,0.0,0.0,0.0,0.0,0.0,0.0,0.0,1,1,0
698,0.7999297,0.8364317,0.036502000000000034,0.8266852,0.766331,-0.060354200000000024,0.7375,1.0,0.26249999999999996,0.0,0.0,0.0,0.0,0.0,0.0,0.0,0.0,0.0,1,1,0
699,1.0,1.0,0.0,1.0,1.0,0.0,1.0,1.0,0.0,0.0,0.0,0.0,0.0,0.0,0.0,0.0,0.0,0.0,1,1,0
700,0.9273438,0.9235937,-0.0037501000000000895,0.9497767,0.9497767,0.0,0.875,0.8625,-0.012499999999999956,0.0,0.0,0.0,0.0,0.0,0.0,0.0,0.0,0.0,1,1,0
701,1.0,1.0,0.0,1.0,1.0,0.0,1.0,1.0,0.0,0.0,0.0,0.0,0.0,0.0,0.0,0.0,0.0,0.0,1,1,0
702,0.9713257,0.9786032,0.007277500000000048,0.9590367,0.96943307,0.010396370000000044,1.0,1.0,0.0,0.0,0.0,0.0,0.0,0.0,0.0,0.0,0.0,0.0,1,1,0
703,0.8972997,0.90586185,0.008562149999999935,0.93899953,0.9512313,0.012231769999999975,0.8,0.8,0.0,0.0,0.0,0.0,0.0,0.0,0.0,0.0,0.0,0.0,1,1,0
704,0.97749996,1.0,0.022500040000000054,1.0,1.0,0.0,0.925,1.0,0.07499999999999996,0.0,0.0,0.0,0.0,0.0,0.0,0.0,0.0,0.0,1,1,0
705,0.5154961,0.64221185,0.12671575000000002,0.3399944,0.48887408,0.14887968000000001,0.925,1.0,0.07499999999999996,0.0,0.0,0.0,0.0,0.0,0.0,0.0,0.0,0.0,1,1,0
706,0.8987681,0.94188356,0.043115459999999994,0.90359735,0.9169765,0.013379150000000006,0.8875,1.0,0.11250000000000004,0.0,0.0,0.0,0.0,0.0,0.0,0.0,0.0,0.0,1,1,0
707,0.8988792,0.7505854,-0.14829380000000003,0.88768446,0.6436934,-0.24399106000000004,0.925,1.0,0.07499999999999996,0.0,0.0,0.0,0.0,0.0,0.0,0.0,0.0,0.0,1,1,0
708,1.0,1.0,0.0,1.0,1.0,0.0,1.0,1.0,0.0,0.0,0.0,0.0,0.0,0.0,0.0,0.0,0.0,0.0,1,1,0
709,1.0,1.0,0.0,1.0,1.0,0.0,1.0,1.0,0.0,0.0,0.0,0.0,0.0,0.0,0.0,0.0,0.0,0.0,1,1,0
710,1.0,0.87624997,-0.12375002999999996,1.0,1.0,0.0,1.0,0.58750004,-0.41249996,0.0,0.0,0.0,0.0,0.0,0.0,0.0,0.0,0.0,1,1,0
711,0.97749996,1.0,0.022500040000000054,1.0,1.0,0.0,0.925,1.0,0.07499999999999996,0.0,0.0,0.0,0.0,0.0,0.0,0.0,0.0,0.0,1,1,0
712,1.0,1.0,0.0,1.0,1.0,0.0,1.0,1.0,0.0,0.0,0.0,0.0,0.0,0.0,0.0,0.0,0.0,0.0,1,1,0
713,1.0,1.0,0.0,1.0,1.0,0.0,1.0,1.0,0.0,0.0,0.0,0.0,0.0,0.0,0.0,0.0,0.0,0.0,1,1,0
714,0.9199711,0.8712212,-0.04874990000000001,0.88567305,0.88567305,0.0,1.0,0.83750004,-0.16249996,0.0,0.0,0.0,0.0,0.0,0.0,0.0,0.0,0.0,1,1,0
715,0.9210896,0.9298574,0.008767799999999992,0.88727075,0.8997962,0.012525450000000049,1.0,1.0,0.0,0.0,0.0,0.0,0.0,0.0,0.0,0.0,0.0,0.0,1,1,0
716,0.992406,0.9722624,-0.02014360000000004,0.9891514,0.9603749,-0.028776499999999983,1.0,1.0,0.0,0.0,0.0,0.0,0.0,0.0,0.0,0.0,0.0,0.0,1,1,0
717,0.833823,0.8675731,0.033750100000000005,0.8108187,0.8108187,0.0,0.8875,1.0,0.11250000000000004,0.0,0.0,0.0,0.0,0.0,0.0,0.0,0.0,0.0,1,1,0
718,0.8700658,0.8475658,-0.022499999999999964,0.862594,0.862594,0.0,0.8875,0.8125,-0.07499999999999996,0.0,0.0,0.0,0.0,0.0,0.0,0.0,0.0,0.0,1,1,0
719,0.8525883,0.9099823,0.057394000000000056,0.875126,0.9249746,0.04984860000000002,0.8,0.875,0.07499999999999996,0.0,0.0,0.0,0.0,0.0,0.0,0.0,0.0,0.0,1,1,0
720,0.912504,0.93878406,0.02628006000000005,0.8750057,0.91254854,0.037542839999999966,1.0,1.0,0.0,0.0,0.0,0.0,0.0,0.0,0.0,0.0,0.0,0.0,1,1,0
721,1.0,1.0,0.0,0.99999994,0.99999994,0.0,1.0,1.0,0.0,0.0,0.0,0.0,0.0,0.0,0.0,0.0,0.0,0.0,1,1,0
722,0.9417855,0.9514637,0.00967819999999997,0.9168365,0.9306625,0.013825999999999894,1.0,1.0,0.0,0.0,0.0,0.0,0.0,0.0,0.0,0.0,0.0,0.0,1,1,0
723,0.96999997,1.0,0.030000029999999955,0.99999994,0.99999994,0.0,0.90000004,1.0,0.09999996,0.0,0.0,0.0,0.0,0.0,0.0,0.0,0.0,0.0,1,1,0
724,0.8941,0.84866494,-0.04543505999999997,0.8487143,0.8373785,-0.011335800000000007,1.0,0.875,-0.125,0.0,0.0,0.0,0.0,0.0,0.0,0.0,0.0,0.0,1,1,0
725,1.0,1.0,0.0,1.0,1.0,0.0,1.0,1.0,0.0,0.0,0.0,0.0,0.0,0.0,0.0,0.0,0.0,0.0,1,1,0
726,0.8993295,0.9359701,0.03664060000000002,0.8990421,0.9621001,0.06305800000000006,0.90000004,0.875,-0.02500004,0.0,0.0,0.0,0.0,0.0,0.0,0.0,0.0,0.0,1,1,0
727,1.0,0.0,-1.0,1.0,0.55494887,-0.44505112999999996,1.0,0.9433962,-0.05660379999999998,0.0,0.0,0.0,0.0,0.0,0.0,0.0,1.0,1.0,1,0,-1
728,0.97375005,0.96250004,-0.011250010000000032,1.0,1.0,0.0,0.9125,0.875,-0.03749999999999998,0.0,0.0,0.0,0.0,0.0,0.0,0.0,0.0,0.0,1,1,0
729,1.0,1.0,0.0,1.0,1.0,0.0,1.0,1.0,0.0,0.0,0.0,0.0,0.0,0.0,0.0,0.0,0.0,0.0,1,1,0
730,1.0,1.0,0.0,1.0,1.0,0.0,1.0,1.0,0.0,0.0,0.0,0.0,0.0,0.0,0.0,0.0,0.0,0.0,1,1,0
731,1.0,1.0,0.0,1.0,1.0,0.0,1.0,1.0,0.0,0.0,0.0,0.0,0.0,0.0,0.0,0.0,0.0,0.0,1,1,0
732,1.0,1.0,0.0,1.0,1.0,0.0,1.0,1.0,0.0,0.0,0.0,0.0,0.0,0.0,0.0,0.0,0.0,0.0,1,1,0
733,0.96250004,0.94,-0.022500040000000054,0.99999994,0.99999994,0.0,0.875,0.8,-0.07499999999999996,0.0,0.0,0.0,0.0,0.0,0.0,0.0,0.0,0.0,1,1,0
734,0.8459509,0.8663274,0.02037650000000002,0.8388585,0.8626106,0.023752100000000054,0.8625,0.875,0.012499999999999956,0.0,0.0,0.0,0.0,0.0,0.0,0.0,0.0,0.0,1,1,0
735,0.91239613,0.9049347,-0.007461429999999991,0.87485164,0.9124066,0.037554959999999915,1.0,0.8875,-0.11250000000000004,0.0,0.0,0.0,0.0,0.0,0.0,0.0,0.0,0.0,1,1,0
736,0.9083142,0.8820039,-0.02631030000000001,0.90116316,0.86357695,-0.03758620999999995,0.925,0.925,0.0,0.0,0.0,0.0,0.0,0.0,0.0,0.0,0.0,0.0,1,1,0
737,1.0,1.0,0.0,1.0,1.0,0.0,1.0,1.0,0.0,0.0,0.0,0.0,0.0,0.0,0.0,0.0,0.0,0.0,1,1,0
738,0.93832874,0.86102265,-0.07730609,0.9708268,0.801461,-0.1693658,0.8625,1.0,0.13749999999999996,0.0,0.0,0.0,0.0,0.0,0.0,0.0,0.0,0.0,1,1,0
739,1.0,1.0,0.0,1.0,1.0,0.0,1.0,1.0,0.0,0.0,0.0,0.0,0.0,0.0,0.0,0.0,0.0,0.0,1,1,0
740,0.90126085,0.93374443,0.032483579999999956,0.9125155,0.937492,0.024976499999999957,0.875,0.925,0.050000000000000044,0.0,0.0,0.0,0.0,0.0,0.0,0.0,0.0,0.0,1,1,0
741,1.0,1.0,0.0,1.0,1.0,0.0,1.0,1.0,0.0,0.0,0.0,0.0,0.0,0.0,0.0,0.0,0.0,0.0,1,1,0
742,0.93994695,0.95622313,0.016276180000000084,0.9624243,0.9374615,-0.024962800000000063,0.8875,1.0,0.11250000000000004,0.0,0.0,0.0,0.0,0.0,0.0,0.0,0.0,0.0,1,1,0
743,0.8703483,0.87172264,0.0013743400000000294,0.91121185,0.9238895,0.012677649999999985,0.77500004,0.75,-0.02500004,0.0,0.0,0.0,0.0,0.0,0.0,0.0,0.0,0.0,1,1,0
744,0.91243726,0.93869704,0.026259779999999955,0.87491035,0.9124244,0.037514050000000077,1.0,1.0,0.0,0.0,0.0,0.0,0.0,0.0,0.0,0.0,0.0,0.0,1,1,0
745,0.92996925,0.9004059,-0.029563349999999988,0.9481704,0.8577227,-0.09044770000000002,0.8875,1.0,0.11250000000000004,0.0,0.0,0.0,0.0,0.0,0.0,0.0,0.0,0.0,1,1,0
746,1.0,1.0,0.0,1.0,1.0,0.0,1.0,1.0,0.0,0.0,0.0,0.0,0.0,0.0,0.0,0.0,0.0,0.0,1,1,0
747,0.0,0.0,0.0,1.0,1.0,0.0,1.0,1.0,0.0,1.0,1.0,0.0,1.0,1.0,0.0,0.0,0.0,0.0,0,0,0
748,1.0,1.0,0.0,1.0,1.0,0.0,1.0,1.0,0.0,0.0,0.0,0.0,0.0,0.0,0.0,0.0,0.0,0.0,1,1,0
749,0.862861,0.9027653,0.039904300000000004,0.9005156,0.925379,0.02486339999999998,0.77500004,0.85,0.07499995999999998,0.0,0.0,0.0,0.0,0.0,0.0,0.0,0.0,0.0,1,1,0
750,0.93060154,0.9479262,0.017324660000000103,0.9008593,0.9256089,0.024749599999999927,1.0,1.0,0.0,0.0,0.0,0.0,0.0,0.0,0.0,0.0,0.0,0.0,1,1,0
751,0.8612234,0.92123854,0.06001514000000008,0.84996194,0.8874836,0.03752166000000001,0.8875,1.0,0.11250000000000004,0.0,0.0,0.0,0.0,0.0,0.0,0.0,0.0,0.0,1,1,0
752,0.9669758,0.96020424,-0.00677156000000001,0.9528225,0.9431489,-0.00967360000000006,1.0,1.0,0.0,0.0,0.0,0.0,0.0,0.0,0.0,0.0,0.0,0.0,1,1,0
753,0.93011135,0.9388593,0.008747949999999949,0.900159,0.9126561,0.012497099999999928,1.0,1.0,0.0,0.0,0.0,0.0,0.0,0.0,0.0,0.0,0.0,0.0,1,1,0
754,1.0,1.0,0.0,1.0,1.0,0.0,1.0,1.0,0.0,0.0,0.0,0.0,0.0,0.0,0.0,0.0,0.0,0.0,1,1,0
755,0.8409559,0.844706,0.0037500999999999785,0.83172274,0.83172274,0.0,0.8625,0.875,0.012499999999999956,0.0,0.0,0.0,0.0,0.0,0.0,0.0,0.0,0.0,1,1,0
756,0.8739338,0.92875004,0.05481624000000007,0.9752626,1.0,0.02473740000000002,0.6375,0.7625,0.125,0.0,0.0,0.0,0.0,0.0,0.0,0.0,0.0,0.0,1,1,0
757,0.8751225,0.938898,0.06377549999999998,0.87517494,0.91271144,0.037536500000000084,0.875,1.0,0.125,0.0,0.0,0.0,0.0,0.0,0.0,0.0,0.0,0.0,1,1,0
758,1.0,0.86237776,-0.13762224,1.0,0.8676824,-0.13231760000000004,1.0,0.85,-0.15000000000000002,0.0,0.0,0.0,0.0,0.0,0.0,0.0,0.0,0.0,1,1,0
759,1.0,1.0,0.0,1.0,1.0,0.0,1.0,1.0,0.0,0.0,0.0,0.0,0.0,0.0,0.0,0.0,0.0,0.0,1,1,0
760,0.93110627,0.9483101,0.01720383000000003,0.9015804,0.92615736,0.024576960000000092,1.0,1.0,0.0,0.0,0.0,0.0,0.0,0.0,0.0,0.0,0.0,0.0,1,1,0
761,1.0,1.0,0.0,1.0,1.0,0.0,1.0,1.0,0.0,0.0,0.0,0.0,0.0,0.0,0.0,0.0,0.0,0.0,1,1,0
762,0.85999966,0.84313434,-0.016865320000000072,0.8589281,0.8080489,-0.05087920000000001,0.8625,0.925,0.0625,0.0,0.0,0.0,0.0,0.0,0.0,0.0,0.0,0.0,1,1,0
763,0.92697763,0.94593614,0.01895851000000004,0.89568233,0.92276585,0.027083520000000028,1.0,1.0,0.0,0.0,0.0,0.0,0.0,0.0,0.0,0.0,0.0,0.0,1,1,0
764,1.0,1.0,0.0,1.0,1.0,0.0,1.0,1.0,0.0,0.0,0.0,0.0,0.0,0.0,0.0,0.0,0.0,0.0,1,1,0
765,0.8645229,0.92429143,0.05976853000000004,0.8546755,0.8918449,0.03716940000000002,0.8875,1.0,0.11250000000000004,0.0,0.0,0.0,0.0,0.0,0.0,0.0,0.0,0.0,1,1,0
766,1.0,1.0,0.0,1.0,1.0,0.0,1.0,1.0,0.0,0.0,0.0,0.0,0.0,0.0,0.0,0.0,0.0,0.0,1,1,0
767,0.9541742,0.9872881,0.03311390000000003,0.93453455,0.9818402,0.04730565000000009,1.0,1.0,0.0,0.0,0.0,0.0,0.0,0.0,0.0,0.0,0.0,0.0,1,1,0
768,0.0,0.0,0.0,1.0,1.0,0.0,1.0,1.0,0.0,1.0,1.0,0.0,1.0,1.0,0.0,0.0,0.0,0.0,0,0,0
769,0.95874995,0.89875,-0.05999994999999991,1.0,1.0,0.0,0.8625,0.6625,-0.20000000000000007,0.0,0.0,0.0,0.0,0.0,0.0,0.0,0.0,0.0,1,1,0
770,1.0,0.89321595,-0.10678405000000002,1.0,0.8474513,-0.15254869999999998,1.0,1.0,0.0,0.0,0.0,0.0,0.0,0.0,0.0,0.0,0.0,0.0,1,1,0
771,0.90550727,0.9080168,0.002509529999999982,0.91322464,0.9007383,-0.01248634000000004,0.8875,0.925,0.03750000000000009,0.0,0.0,0.0,0.0,0.0,0.0,0.0,0.0,0.0,1,1,0
772,0.97457296,0.964909,-0.009663960000000027,0.96367556,0.94987,-0.013805559999999995,1.0,1.0,0.0,0.0,0.0,0.0,0.0,0.0,0.0,0.0,0.0,0.0,1,1,0
773,0.91196674,0.9295463,0.01757956000000005,0.87423813,0.89935184,0.025113710000000067,1.0,1.0,0.0,0.0,0.0,0.0,0.0,0.0,0.0,0.0,0.0,0.0,1,1,0
774,0.7843785,0.80066586,0.016287359999999973,0.83661216,0.8491655,0.012553339999999968,0.6625,0.6875,0.025000000000000022,0.0,0.0,0.0,0.0,0.0,0.0,0.0,0.0,0.0,1,1,0
775,1.0,1.0,0.0,1.0,1.0,0.0,1.0,1.0,0.0,0.0,0.0,0.0,0.0,0.0,0.0,0.0,0.0,0.0,1,1,0
776,0.86023945,0.90353537,0.04329591999999993,0.8485564,0.86219335,0.013636949999999981,0.8875,1.0,0.11250000000000004,0.0,0.0,0.0,0.0,0.0,0.0,0.0,0.0,0.0,1,1,0
777,1.0,1.0,0.0,1.0,1.0,0.0,1.0,1.0,0.0,0.0,0.0,0.0,0.0,0.0,0.0,0.0,0.0,0.0,1,1,0
778,1.0,1.0,0.0,1.0,1.0,0.0,1.0,1.0,0.0,0.0,0.0,0.0,0.0,0.0,0.0,0.0,0.0,0.0,1,1,0
779,1.0,1.0,0.0,1.0,1.0,0.0,1.0,1.0,0.0,0.0,0.0,0.0,0.0,0.0,0.0,0.0,0.0,0.0,1,1,0
780,0.9464054,0.9464054,0.0,0.9234363,0.9234363,0.0,1.0,1.0,0.0,0.0,0.0,0.0,0.0,0.0,0.0,0.0,0.0,0.0,1,1,0
781,0.0,0.0,0.0,1.0,1.0,0.0,1.0,1.0,0.0,1.0,1.0,0.0,1.0,1.0,0.0,0.0,0.0,0.0,0,0,0
782,0.8875,0.90999997,0.022499970000000036,0.99999994,0.99999994,0.0,0.625,0.7,0.07499999999999996,0.0,0.0,0.0,0.0,0.0,0.0,0.0,0.0,0.0,1,1,0
783,0.9815933,0.9737202,-0.007873099999999966,0.9737048,0.9624573,-0.011247500000000077,1.0,1.0,0.0,0.0,0.0,0.0,0.0,0.0,0.0,0.0,0.0,0.0,1,1,0
784,1.0,1.0,0.0,1.0,1.0,0.0,1.0,1.0,0.0,0.0,0.0,0.0,0.0,0.0,0.0,0.0,0.0,0.0,1,1,0
785,0.95874995,0.94692487,-0.011825079999999932,1.0,0.92417836,-0.07582164000000002,0.8625,1.0,0.13749999999999996,0.0,0.0,0.0,0.0,0.0,0.0,0.0,0.0,0.0,1,1,0
786,0.94840795,0.94840795,0.0,0.9262971,0.9262971,0.0,1.0,1.0,0.0,0.0,0.0,0.0,0.0,0.0,0.0,0.0,0.0,0.0,1,1,0
787,0.91375,1.0,0.08625000000000005,1.0,1.0,0.0,0.71250004,1.0,0.28749996,0.0,0.0,0.0,0.0,0.0,0.0,0.0,0.0,0.0,1,1,0
788,1.0,1.0,0.0,1.0,1.0,0.0,1.0,1.0,0.0,0.0,0.0,0.0,0.0,0.0,0.0,0.0,0.0,0.0,1,1,0
789,0.89238304,0.8869125,-0.005470540000000024,0.8784044,0.8384465,-0.03995789999999999,0.925,1.0,0.07499999999999996,0.0,0.0,0.0,0.0,0.0,0.0,0.0,0.0,0.0,1,1,0
790,0.9543919,0.939818,-0.014573899999999917,0.9723454,0.9140258,-0.05831960000000003,0.9125,1.0,0.08750000000000002,0.0,0.0,0.0,0.0,0.0,0.0,0.0,0.0,0.0,1,1,0
791,0.9252022,0.91459364,-0.010608559999999989,0.8985031,0.9369194,0.03841629999999996,0.9875,0.8625,-0.125,0.0,0.0,0.0,0.0,0.0,0.0,0.0,0.0,0.0,1,1,0
792,1.0,0.9905276,-0.009472400000000047,1.0,0.98646784,-0.013532160000000015,1.0,1.0,0.0,0.0,0.0,0.0,0.0,0.0,0.0,0.0,0.0,0.0,1,1,0
793,0.8953682,0.94518244,0.04981424000000001,0.92552596,0.9752607,0.04973474,0.825,0.875,0.050000000000000044,0.0,0.0,0.0,0.0,0.0,0.0,0.0,0.0,0.0,1,1,0
794,0.9300858,0.94753134,0.017445540000000093,0.90012246,0.9250448,0.024922340000000043,1.0,1.0,0.0,0.0,0.0,0.0,0.0,0.0,0.0,0.0,0.0,0.0,1,1,0
795,0.9298704,0.96398926,0.03411885999999997,0.9480293,0.98605615,0.038026850000000056,0.8875,0.9125,0.025000000000000022,0.0,0.0,0.0,0.0,0.0,0.0,0.0,0.0,0.0,1,1,0
796,0.9133758,0.92999977,0.016623970000000043,0.8762511,0.89999956,0.023748460000000082,1.0,1.0,0.0,0.0,0.0,0.0,0.0,0.0,0.0,0.0,0.0,0.0,1,1,0
797,1.0,1.0,0.0,1.0,1.0,0.0,1.0,1.0,0.0,0.0,0.0,0.0,0.0,0.0,0.0,0.0,0.0,0.0,1,1,0
798,0.97374994,1.0,0.026250059999999964,0.99999994,0.99999994,0.0,0.9125,1.0,0.08750000000000002,0.0,0.0,0.0,0.0,0.0,0.0,0.0,0.0,0.0,1,1,0
799,0.925625,0.9588858,0.03326079999999998,0.8937501,0.9412653,0.04751519999999998,1.0,1.0,0.0,0.0,0.0,0.0,0.0,0.0,0.0,0.0,0.0,0.0,1,1,0
800,1.0,1.0,0.0,1.0,1.0,0.0,1.0,1.0,0.0,0.0,0.0,0.0,0.0,0.0,0.0,0.0,0.0,0.0,1,1,0
801,1.0,1.0,0.0,1.0,1.0,0.0,1.0,1.0,0.0,0.0,0.0,0.0,0.0,0.0,0.0,0.0,0.0,0.0,1,1,0
802,0.9209489,0.9384268,0.017477900000000046,0.8870698,0.9120383,0.02496849999999995,1.0,1.0,0.0,0.0,0.0,0.0,0.0,0.0,0.0,0.0,0.0,0.0,1,1,0
803,0.91390276,0.8856968,-0.028205960000000085,0.8770039,0.8367096,-0.040294299999999894,1.0,1.0,0.0,0.0,0.0,0.0,0.0,0.0,0.0,0.0,0.0,0.0,1,1,0
804,0.92974055,0.92092544,-0.008815110000000015,0.8996293,0.8870363,-0.012592999999999965,1.0,1.0,0.0,0.0,0.0,0.0,0.0,0.0,0.0,0.0,0.0,0.0,1,1,0
805,1.0,0.99219286,-0.007807140000000046,1.0,0.98884684,-0.011153159999999995,1.0,1.0,0.0,0.0,0.0,0.0,0.0,0.0,0.0,0.0,0.0,0.0,1,1,0
806,0.93869513,0.8918404,-0.04685473000000007,0.94456446,0.8454862,-0.09907826000000008,0.925,1.0,0.07499999999999996,0.0,0.0,0.0,0.0,0.0,0.0,0.0,0.0,0.0,1,1,0
807,0.899786,0.92498094,0.02519494,0.8568372,0.89282995,0.03599275000000002,1.0,1.0,0.0,0.0,0.0,0.0,0.0,0.0,0.0,0.0,0.0,0.0,1,1,0
808,0.7797852,0.7932953,0.01351010000000008,0.7175503,0.7047076,-0.012842699999999985,0.925,1.0,0.07499999999999996,0.0,0.0,0.0,0.0,0.0,0.0,0.0,0.0,0.0,1,1,0
809,0.93027747,0.93027747,0.0,0.90039635,0.90039635,0.0,1.0,1.0,0.0,0.0,0.0,0.0,0.0,0.0,0.0,0.0,0.0,0.0,1,1,0
810,0.9588909,1.0,0.04110910000000001,0.9412728,1.0,0.05872719999999998,1.0,1.0,0.0,0.0,0.0,0.0,0.0,0.0,0.0,0.0,0.0,0.0,1,1,0
811,0.9434368,0.95985174,0.01641493999999999,0.91919535,0.9426454,0.02345005,1.0,1.0,0.0,0.0,0.0,0.0,0.0,0.0,0.0,0.0,0.0,0.0,1,1,0
812,0.87577933,0.91474694,0.03896761000000004,0.8868275,0.9371385,0.050310999999999995,0.85,0.8625,0.012500000000000067,0.0,0.0,0.0,0.0,0.0,0.0,0.0,0.0,0.0,1,1,0
813,0.96003515,0.9560947,-0.003940449999999984,0.9750501,0.93727803,-0.037772070000000046,0.925,1.0,0.07499999999999996,0.0,0.0,0.0,0.0,0.0,0.0,0.0,0.0,0.0,1,1,0
814,0.87313503,0.8388157,-0.03431932999999998,0.8187642,0.76973665,-0.04902755000000003,1.0,1.0,0.0,0.0,0.0,0.0,0.0,0.0,0.0,0.0,0.0,0.0,1,1,0
815,0.97375005,0.96477765,-0.008972399999999991,1.0000001,0.94968235,-0.05031775000000005,0.9125,1.0,0.08750000000000002,0.0,0.0,0.0,0.0,0.0,0.0,0.0,0.0,0.0,1,1,0
816,1.0,1.0,0.0,1.0,1.0,0.0,1.0,1.0,0.0,0.0,0.0,0.0,0.0,0.0,0.0,0.0,0.0,0.0,1,1,0
817,0.98156416,0.94819224,-0.03337192,0.97366303,0.9259888,-0.04767423000000004,1.0,1.0,0.0,0.0,0.0,0.0,0.0,0.0,0.0,0.0,0.0,0.0,1,1,0
818,0.9726416,0.9454366,-0.027205000000000035,0.96091646,0.92205226,-0.038864200000000015,1.0,1.0,0.0,0.0,0.0,0.0,0.0,0.0,0.0,0.0,0.0,0.0,1,1,0
819,0.96625006,0.97749996,0.011249899999999924,1.0,1.0,0.0,0.8875,0.925,0.03750000000000009,0.0,0.0,0.0,0.0,0.0,0.0,0.0,0.0,0.0,1,1,0
820,1.0,1.0,0.0,1.0,1.0,0.0,1.0,1.0,0.0,0.0,0.0,0.0,0.0,0.0,0.0,0.0,0.0,0.0,1,1,0
821,0.9100151,0.8824841,-0.027530999999999972,0.9250216,0.91247714,-0.01254445999999998,0.875,0.8125,-0.0625,0.0,0.0,0.0,0.0,0.0,0.0,0.0,0.0,0.0,1,1,0
822,0.9218565,0.8389646,-0.08289190000000002,0.9205093,0.7699494,-0.15055989999999997,0.925,1.0,0.07499999999999996,0.0,0.0,0.0,0.0,0.0,0.0,0.0,0.0,0.0,1,1,0
823,0.9669466,0.9023296,-0.06461700000000004,0.9527808,0.86047083,-0.09230996999999996,1.0,1.0,0.0,0.0,0.0,0.0,0.0,0.0,0.0,0.0,0.0,0.0,1,1,0
824,1.0,1.0,0.0,1.0,1.0,0.0,1.0,1.0,0.0,0.0,0.0,0.0,0.0,0.0,0.0,0.0,0.0,0.0,1,1,0
825,0.97749996,0.97749996,0.0,1.0,1.0,0.0,0.925,0.925,0.0,0.0,0.0,0.0,0.0,0.0,0.0,0.0,0.0,0.0,1,1,0
826,0.7907715,0.8863948,0.09562330000000008,0.8511021,0.83770686,-0.01339523999999992,0.65000004,1.0,0.34999996,0.0,0.0,0.0,0.0,0.0,0.0,0.0,0.0,0.0,1,1,0
827,0.9061333,0.95171165,0.04557834999999999,0.91411906,0.96315944,0.049040379999999995,0.8875,0.925,0.03750000000000009,0.0,0.0,0.0,0.0,0.0,0.0,0.0,0.0,0.0,1,1,0
828,1.0,1.0,0.0,1.0,1.0,0.0,1.0,1.0,0.0,0.0,0.0,0.0,0.0,0.0,0.0,0.0,0.0,0.0,1,1,0
829,1.0,1.0,0.0,1.0,1.0,0.0,1.0,1.0,0.0,0.0,0.0,0.0,0.0,0.0,0.0,0.0,0.0,0.0,1,1,0
830,0.87780756,0.91273993,0.034932369999999935,0.82543933,0.8753428,0.04990346999999995,1.0,1.0,0.0,0.0,0.0,0.0,0.0,0.0,0.0,0.0,0.0,0.0,1,1,0
831,0.97749996,0.9175,-0.05999995999999996,1.0,1.0,0.0,0.925,0.725,-0.20000000000000007,0.0,0.0,0.0,0.0,0.0,0.0,0.0,0.0,0.0,1,1,0
832,0.8296297,0.85930794,0.029678239999999967,0.87447107,0.79901135,-0.07545972000000001,0.725,1.0,0.275,0.0,0.0,0.0,0.0,0.0,0.0,0.0,0.0,0.0,1,1,0
833,0.9914486,0.97644866,-0.014999940000000045,0.9877838,0.9877838,0.0,1.0,0.95,-0.050000000000000044,0.0,0.0,0.0,0.0,0.0,0.0,0.0,0.0,0.0,1,1,0
834,1.0,0.91151583,-0.08848416999999997,0.99999994,0.8735939,-0.12640604,1.0,1.0,0.0,0.0,0.0,0.0,0.0,0.0,0.0,0.0,0.0,0.0,1,1,0
835,1.0,1.0,0.0,1.0,1.0,0.0,1.0,1.0,0.0,0.0,0.0,0.0,0.0,0.0,0.0,0.0,0.0,0.0,1,1,0
836,1.0,1.0,0.0,1.0,1.0,0.0,1.0,1.0,0.0,0.0,0.0,0.0,0.0,0.0,0.0,0.0,0.0,0.0,1,1,0
837,0.90400565,0.9377557,0.033750049999999976,0.9110795,0.9110795,0.0,0.8875,1.0,0.11250000000000004,0.0,0.0,0.0,0.0,0.0,0.0,0.0,0.0,0.0,1,1,0
838,0.87886906,0.8926021,0.013733039999999974,0.87517005,0.9001458,0.024975749999999963,0.8875,0.875,-0.012499999999999956,0.0,0.0,0.0,0.0,0.0,0.0,0.0,0.0,0.0,1,1,0
839,1.0,1.0,0.0,1.0,1.0,0.0,1.0,1.0,0.0,0.0,0.0,0.0,0.0,0.0,0.0,0.0,0.0,0.0,1,1,0
840,1.0,0.8865652,-0.11343479999999995,0.99999994,0.83795035,-0.16204959000000008,1.0,1.0,0.0,0.0,0.0,0.0,0.0,0.0,0.0,0.0,0.0,0.0,1,1,0
841,0.9175274,0.9512774,0.03375000000000006,0.93039626,0.93039626,0.0,0.8875,1.0,0.11250000000000004,0.0,0.0,0.0,0.0,0.0,0.0,0.0,0.0,0.0,1,1,0
842,1.0,1.0,0.0,1.0,1.0,0.0,1.0,1.0,0.0,0.0,0.0,0.0,0.0,0.0,0.0,0.0,0.0,0.0,1,1,0
843,0.9299516,0.95616215,0.026210550000000055,0.89993083,0.93737453,0.03744370000000008,1.0,1.0,0.0,0.0,0.0,0.0,0.0,0.0,0.0,0.0,0.0,0.0,1,1,0
844,1.0,1.0,0.0,1.0,1.0,0.0,1.0,1.0,0.0,0.0,0.0,0.0,0.0,0.0,0.0,0.0,0.0,0.0,1,1,0
845,0.96250004,1.0,0.03749996,1.0,1.0,0.0,0.875,1.0,0.125,0.0,0.0,0.0,0.0,0.0,0.0,0.0,0.0,0.0,1,1,0
846,0.9647624,0.895,-0.0697624,0.98716056,1.0,0.012839440000000035,0.9125,0.65000004,-0.26249996,0.0,0.0,0.0,0.0,0.0,0.0,0.0,0.0,0.0,1,1,0
847,0.9514624,0.8557319,-0.09573050000000005,0.9306606,0.7939027,-0.1367579,1.0,1.0,0.0,0.0,0.0,0.0,0.0,0.0,0.0,0.0,0.0,0.0,1,1,0
848,0.90089077,0.90089077,0.0,0.85841537,0.85841537,0.0,1.0,1.0,0.0,0.0,0.0,0.0,0.0,0.0,0.0,0.0,0.0,0.0,1,1,0
849,0.8157571,0.85833436,0.04257725999999995,0.78501016,0.7976206,0.01261044,0.8875,1.0,0.11250000000000004,0.0,0.0,0.0,0.0,0.0,0.0,0.0,0.0,0.0,1,1,0
850,1.0,1.0,0.0,1.0,1.0,0.0,1.0,1.0,0.0,0.0,0.0,0.0,0.0,0.0,0.0,0.0,0.0,0.0,1,1,0
851,1.0,1.0,0.0,1.0,1.0,0.0,1.0,1.0,0.0,0.0,0.0,0.0,0.0,0.0,0.0,0.0,0.0,0.0,1,1,0
852,0.9657114,0.92151564,-0.04419576000000003,0.9510163,0.8878795,-0.06313679999999999,1.0,1.0,0.0,0.0,0.0,0.0,0.0,0.0,0.0,0.0,0.0,0.0,1,1,0
853,0.9335295,0.9472893,0.013759799999999989,0.937185,0.924699,-0.012485999999999997,0.925,1.0,0.07499999999999996,0.0,0.0,0.0,0.0,0.0,0.0,0.0,0.0,0.0,1,1,0
854,0.94375,0.97749996,0.03374995999999997,1.0,1.0,0.0,0.8125,0.925,0.11250000000000004,0.0,0.0,0.0,0.0,0.0,0.0,0.0,0.0,0.0,1,1,0
855,0.8851355,0.7444024,-0.14073309999999994,0.83590776,0.6348606,-0.20104716,1.0,1.0,0.0,0.0,0.0,0.0,0.0,0.0,0.0,0.0,0.0,0.0,1,1,0
856,0.8961741,0.91487354,0.01869944000000001,0.8516773,0.8783908,0.026713500000000057,1.0,1.0,0.0,0.0,0.0,0.0,0.0,0.0,0.0,0.0,0.0,0.0,1,1,0
857,0.94750005,0.94991684,0.0024167899999999465,1.0,0.976667,-0.023333000000000048,0.825,0.8875,0.0625,0.0,0.0,0.0,0.0,0.0,0.0,0.0,0.0,0.0,1,1,0
858,1.0,0.9196946,-0.08030539999999997,1.0,0.88527805,-0.11472194999999996,1.0,1.0,0.0,0.0,0.0,0.0,0.0,0.0,0.0,0.0,0.0,0.0,1,1,0
859,0.94871503,1.0,0.051284969999999985,0.97494996,1.0,0.025050039999999996,0.8875,1.0,0.11250000000000004,0.0,0.0,0.0,0.0,0.0,0.0,0.0,0.0,0.0,1,1,0
860,0.8921604,0.9473505,0.05519010000000002,0.899515,0.9622864,0.06277140000000003,0.875,0.9125,0.03749999999999998,0.0,0.0,0.0,0.0,0.0,0.0,0.0,0.0,0.0,1,1,0
861,1.0,0.95589274,-0.04410725999999998,1.0,0.93698967,-0.06301033,1.0,1.0,0.0,0.0,0.0,0.0,0.0,0.0,0.0,0.0,0.0,0.0,1,1,0
862,0.8674303,0.90121764,0.033787340000000055,0.87490046,0.9124538,0.03755333999999999,0.85,0.875,0.025000000000000022,0.0,0.0,0.0,0.0,0.0,0.0,0.0,0.0,0.0,1,1,0
863,1.0,1.0,0.0,0.99999994,0.99999994,0.0,1.0,1.0,0.0,0.0,0.0,0.0,0.0,0.0,0.0,0.0,0.0,0.0,1,1,0
864,1.0,0.9836855,-0.01631450000000001,1.0,0.9766935,-0.023306500000000008,1.0,1.0,0.0,0.0,0.0,0.0,0.0,0.0,0.0,0.0,0.0,0.0,1,1,0
865,0.7411654,0.8386812,0.09751580000000004,0.8123792,0.8499017,0.037522500000000014,0.575,0.8125,0.23750000000000004,0.0,0.0,0.0,0.0,0.0,0.0,0.0,0.0,0.0,1,1,0
866,0.93894446,0.94767267,0.008728210000000014,0.9127778,0.9252466,0.012468800000000058,1.0,1.0,0.0,0.0,0.0,0.0,0.0,0.0,0.0,0.0,0.0,0.0,1,1,0
867,0.9823713,0.9210686,-0.06130269999999993,0.9748161,0.96224076,-0.012575339999999935,1.0,0.825,-0.17500000000000004,0.0,0.0,0.0,0.0,0.0,0.0,0.0,0.0,0.0,1,1,0
868,1.0,1.0,0.0,1.0,1.0,0.0,1.0,1.0,0.0,0.0,0.0,0.0,0.0,0.0,0.0,0.0,0.0,0.0,1,1,0
869,1.0,1.0,0.0,1.0,1.0,0.0,1.0,1.0,0.0,0.0,0.0,0.0,0.0,0.0,0.0,0.0,0.0,0.0,1,1,0
870,0.9376499,0.92873955,-0.008910350000000067,0.9109284,0.89819944,-0.012728960000000011,1.0,1.0,0.0,0.0,0.0,0.0,0.0,0.0,0.0,0.0,0.0,0.0,1,1,0
871,0.8428835,0.90285534,0.05997184,0.8237621,0.8612219,0.03745979999999993,0.8875,1.0,0.11250000000000004,0.0,0.0,0.0,0.0,0.0,0.0,0.0,0.0,0.0,1,1,0
872,0.98201,0.96431506,-0.017694940000000048,0.97429997,0.94902146,-0.025278510000000032,1.0,1.0,0.0,0.0,0.0,0.0,0.0,0.0,0.0,0.0,0.0,0.0,1,1,0
873,1.0,1.0,0.0,1.0,1.0,0.0,1.0,1.0,0.0,0.0,0.0,0.0,0.0,0.0,0.0,0.0,0.0,0.0,1,1,0
874,0.848865,0.8951109,0.04624590000000006,0.8376641,0.85015833,0.01249422999999994,0.875,1.0,0.125,0.0,0.0,0.0,0.0,0.0,0.0,0.0,0.0,0.0,1,1,0
875,0.8777582,0.8815082,0.00374999999999992,0.8628688,0.8628688,0.0,0.9125,0.925,0.012500000000000067,0.0,0.0,0.0,0.0,0.0,0.0,0.0,0.0,0.0,1,1,0
876,1.0,0.88139725,-0.11860274999999998,1.0,0.8305674,-0.16943260000000004,1.0,1.0,0.0,0.0,0.0,0.0,0.0,0.0,0.0,0.0,0.0,0.0,1,1,0
877,0.894478,0.92980003,0.035322030000000004,0.8492544,0.89971435,0.05045995000000003,1.0,1.0,0.0,0.0,0.0,0.0,0.0,0.0,0.0,0.0,0.0,0.0,1,1,0
878,1.0,1.0,0.0,1.0,1.0,0.0,1.0,1.0,0.0,0.0,0.0,0.0,0.0,0.0,0.0,0.0,0.0,0.0,1,1,0
879,1.0,1.0,0.0,1.0,1.0,0.0,1.0,1.0,0.0,0.0,0.0,0.0,0.0,0.0,0.0,0.0,0.0,0.0,1,1,0
880,0.82270664,0.9052063,0.08249965999999997,0.8752952,0.91279477,0.03749956999999993,0.7,0.8875,0.1875,0.0,0.0,0.0,0.0,0.0,0.0,0.0,0.0,0.0,1,1,0
881,0.96250004,0.95874995,-0.0037500900000000392,1.0,1.0,0.0,0.875,0.8625,-0.012499999999999956,0.0,0.0,0.0,0.0,0.0,0.0,0.0,0.0,0.0,1,1,0
882,1.0,1.0,0.0,1.0,1.0,0.0,1.0,1.0,0.0,0.0,0.0,0.0,0.0,0.0,0.0,0.0,0.0,0.0,1,1,0
883,1.0,1.0,0.0,1.0,1.0,0.0,1.0,1.0,0.0,0.0,0.0,0.0,0.0,0.0,0.0,0.0,0.0,0.0,1,1,0
884,1.0,1.0,0.0,1.0,1.0,0.0,1.0,1.0,0.0,0.0,0.0,0.0,0.0,0.0,0.0,0.0,0.0,0.0,1,1,0
885,0.95791113,0.941353,-0.01655813000000006,0.98808724,0.96443284,-0.023654400000000075,0.8875,0.8875,0.0,0.0,0.0,0.0,0.0,0.0,0.0,0.0,0.0,0.0,1,1,0
886,0.8990553,0.9188904,0.019835099999999994,0.8879362,0.9377006,0.04976440000000004,0.925,0.875,-0.050000000000000044,0.0,0.0,0.0,0.0,0.0,0.0,0.0,0.0,0.0,1,1,0
887,0.0,0.0,0.0,1.0,1.0,0.0,1.0,1.0,0.0,1.0,1.0,0.0,1.0,1.0,0.0,0.0,0.0,0.0,0,0,0
888,0.85225433,0.9463773,0.09412297000000003,0.88536334,0.9233961,0.03803276,0.77500004,1.0,0.22499996,0.0,0.0,0.0,0.0,0.0,0.0,0.0,0.0,0.0,1,1,0
889,0.9345951,0.98227483,0.04767973000000003,0.9494215,0.97467834,0.025256839999999947,0.90000004,1.0,0.09999996,0.0,0.0,0.0,0.0,0.0,0.0,0.0,0.0,0.0,1,1,0
890,1.0,1.0,0.0,1.0,1.0,0.0,1.0,1.0,0.0,0.0,0.0,0.0,0.0,0.0,0.0,0.0,0.0,0.0,1,1,0
891,0.89082736,0.85926074,-0.03156661999999999,0.8440391,0.8310867,-0.012952400000000086,1.0,0.925,-0.07499999999999996,0.0,0.0,0.0,0.0,0.0,0.0,0.0,0.0,0.0,1,1,0
892,0.9708285,0.9931192,0.022290699999999997,0.9904691,0.9901702,-0.00029889999999999084,0.925,1.0,0.07499999999999996,0.0,0.0,0.0,0.0,0.0,0.0,0.0,0.0,0.0,1,1,0
893,0.8698557,0.86782265,-0.0020330499999999807,0.8783653,0.8111753,-0.06718999999999997,0.85,1.0,0.15000000000000002,0.0,0.0,0.0,0.0,0.0,0.0,0.0,0.0,0.0,1,1,0
894,0.8786551,0.848721,-0.029934100000000075,0.87486434,0.9124586,0.03759425999999999,0.8875,0.7,-0.1875,0.0,0.0,0.0,0.0,0.0,0.0,0.0,0.0,0.0,1,1,0
895,0.92370427,0.9331915,0.009487229999999958,0.89100605,0.9045593,0.013553249999999961,1.0,1.0,0.0,0.0,0.0,0.0,0.0,0.0,0.0,0.0,0.0,0.0,1,1,0
896,0.86278135,0.78352755,-0.07925380000000004,0.8843306,0.7336108,-0.15071979999999996,0.8125,0.90000004,0.08750004,0.0,0.0,0.0,0.0,0.0,0.0,0.0,0.0,0.0,1,1,0
897,1.0,1.0,0.0,1.0,1.0,0.0,1.0,1.0,0.0,0.0,0.0,0.0,0.0,0.0,0.0,0.0,0.0,0.0,1,1,0
898,0.8703869,0.93907374,0.06868684000000003,0.86305267,0.9129625,0.049909830000000044,0.8875,1.0,0.11250000000000004,0.0,0.0,0.0,0.0,0.0,0.0,0.0,0.0,0.0,1,1,0
899,0.95707506,0.92989886,-0.027176199999999984,0.9386786,0.89985543,-0.03882317000000002,1.0,1.0,0.0,0.0,0.0,0.0,0.0,0.0,0.0,0.0,0.0,0.0,1,1,0
900,0.93797076,0.94680923,0.008838469999999932,0.91138685,0.9240131,0.012626250000000061,1.0,1.0,0.0,0.0,0.0,0.0,0.0,0.0,0.0,0.0,0.0,0.0,1,1,0
901,0.96625006,1.0,0.03374993999999998,1.0,1.0,0.0,0.8875,1.0,0.11250000000000004,0.0,0.0,0.0,0.0,0.0,0.0,0.0,0.0,0.0,1,1,0
902,0.95874995,0.84754986,-0.11120008999999997,0.99999994,0.782214,-0.21778594000000007,0.8625,1.0,0.13749999999999996,0.0,0.0,0.0,0.0,0.0,0.0,0.0,0.0,0.0,1,1,0
903,0.92133105,0.9300764,0.008745349999999985,0.88761574,0.90010923,0.012493489999999996,1.0,1.0,0.0,0.0,0.0,0.0,0.0,0.0,0.0,0.0,0.0,0.0,1,1,0
904,0.94648474,0.9286677,-0.01781704000000006,0.9235497,0.8980968,-0.0254529,1.0,1.0,0.0,0.0,0.0,0.0,0.0,0.0,0.0,0.0,0.0,0.0,1,1,0
905,1.0,0.9912588,-0.008741200000000005,0.99999994,0.98751265,-0.01248729000000004,1.0,1.0,0.0,0.0,0.0,0.0,0.0,0.0,0.0,0.0,0.0,0.0,1,1,0
906,0.833212,0.84821206,0.015000060000000093,0.81530285,0.81530285,0.0,0.875,0.925,0.050000000000000044,0.0,0.0,0.0,0.0,0.0,0.0,0.0,0.0,0.0,1,1,0
907,0.91240925,0.9299124,0.017503150000000023,0.8748703,0.8998748,0.025004499999999985,1.0,1.0,0.0,0.0,0.0,0.0,0.0,0.0,0.0,0.0,0.0,0.0,1,1,0
908,1.0,1.0,0.0,1.0,1.0,0.0,1.0,1.0,0.0,0.0,0.0,0.0,0.0,0.0,0.0,0.0,0.0,0.0,1,1,0
909,0.8930195,0.9234695,0.030450000000000088,0.90074205,0.9388849,0.03814285000000006,0.875,0.8875,0.012499999999999956,0.0,0.0,0.0,0.0,0.0,0.0,0.0,0.0,0.0,1,1,0
910,0.54274887,0.6027489,0.06000002999999998,0.54499835,0.54499835,0.0,0.5375,0.7375,0.20000000000000007,0.0,0.0,0.0,0.0,0.0,0.0,0.0,0.0,0.0,1,1,0
911,0.0,0.0,0.0,1.0,1.0,0.0,1.0,1.0,0.0,1.0,1.0,0.0,1.0,1.0,0.0,0.0,0.0,0.0,0,0,0
912,0.915193,0.8597334,-0.05545960000000005,0.8788472,0.7996192,-0.07922800000000008,1.0,1.0,0.0,0.0,0.0,0.0,0.0,0.0,0.0,0.0,0.0,0.0,1,1,0
913,0.93544215,0.9549999,0.01955775000000004,0.96134603,0.99999994,0.03865391000000007,0.875,0.85,-0.025000000000000022,0.0,0.0,0.0,0.0,0.0,0.0,0.0,0.0,0.0,1,1,0
914,1.0,1.0,0.0,1.0,1.0,0.0,1.0,1.0,0.0,0.0,0.0,0.0,0.0,0.0,0.0,0.0,0.0,0.0,1,1,0
915,0.9137953,0.95628613,0.04249082999999998,0.9250647,0.9375516,0.012486900000000078,0.8875,1.0,0.11250000000000004,0.0,0.0,0.0,0.0,0.0,0.0,0.0,0.0,0.0,1,1,0
916,1.0,1.0,0.0,1.0,1.0,0.0,1.0,1.0,0.0,0.0,0.0,0.0,0.0,0.0,0.0,0.0,0.0,0.0,1,1,0
917,0.9295972,0.9471372,0.01754,0.89942455,0.92448163,0.025057080000000065,1.0,1.0,0.0,0.0,0.0,0.0,0.0,0.0,0.0,0.0,0.0,0.0,1,1,0
918,1.0,0.9312143,-0.06878569999999995,1.0,0.9017346,-0.09826539999999995,1.0,1.0,0.0,0.0,0.0,0.0,0.0,0.0,0.0,0.0,0.0,0.0,1,1,0
919,0.89125425,0.8433289,-0.04792534999999998,0.84464884,0.7761841,-0.06846473999999991,1.0,1.0,0.0,0.0,0.0,0.0,0.0,0.0,0.0,0.0,0.0,0.0,1,1,0
920,0.7905187,0.83617973,0.04566102999999999,0.7596695,0.7981138,0.03844429999999999,0.8625,0.925,0.0625,0.0,0.0,0.0,0.0,0.0,0.0,0.0,0.0,0.0,1,1,0
921,0.9431697,0.8058862,-0.1372835,0.9509567,0.7548374,-0.1961193,0.925,0.925,0.0,0.0,0.0,0.0,0.0,0.0,0.0,0.0,0.0,0.0,1,1,0
922,0.9643074,1.0,0.03569259999999996,0.9490106,1.0,0.05098939999999996,1.0,1.0,0.0,0.0,0.0,0.0,0.0,0.0,0.0,0.0,0.0,0.0,1,1,0
923,1.0,0.9435773,-0.05642270000000005,1.0,0.91939616,-0.08060383999999998,1.0,1.0,0.0,0.0,0.0,0.0,0.0,0.0,0.0,0.0,0.0,0.0,1,1,0
924,0.9224659,0.956216,0.033750100000000005,0.93745136,0.93745136,0.0,0.8875,1.0,0.11250000000000004,0.0,0.0,0.0,0.0,0.0,0.0,0.0,0.0,0.0,1,1,0
925,0.91,0.95874995,0.04874994999999993,1.0,1.0,0.0,0.7,0.8625,0.1625000000000001,0.0,0.0,0.0,0.0,0.0,0.0,0.0,0.0,0.0,1,1,0
926,0.96060735,0.9518612,-0.008746150000000008,0.9437248,0.93123025,-0.012494549999999993,1.0,1.0,0.0,0.0,0.0,0.0,0.0,0.0,0.0,0.0,0.0,0.0,1,1,0
927,0.9561591,0.88604546,-0.07011364000000009,0.9373702,0.83720773,-0.10016247,1.0,1.0,0.0,0.0,0.0,0.0,0.0,0.0,0.0,0.0,0.0,0.0,1,1,0
928,1.0,0.9189853,-0.0810147,1.0,0.8842647,-0.11573529999999999,1.0,1.0,0.0,0.0,0.0,0.0,0.0,0.0,0.0,0.0,0.0,0.0,1,1,0
929,1.0,0.0,-1.0,1.0,1.0,0.0,1.0,1.0,0.0,0.0,0.0,0.0,0.0,1.0,1.0,0.0,0.0,0.0,1,0,-1
930,0.96625006,0.9649469,-0.00130315999999997,1.0,0.9499243,-0.050075699999999945,0.8875,1.0,0.11250000000000004,0.0,0.0,0.0,0.0,0.0,0.0,0.0,0.0,0.0,1,1,0
931,0.8921264,0.93352336,0.04139696000000004,0.8994662,0.9371763,0.03771009999999997,0.875,0.925,0.050000000000000044,0.0,0.0,0.0,0.0,0.0,0.0,0.0,0.0,0.0,1,1,0
932,1.0,1.0,0.0,0.99999994,0.99999994,0.0,1.0,1.0,0.0,0.0,0.0,0.0,0.0,0.0,0.0,0.0,0.0,0.0,1,1,0
933,1.0,0.9913958,-0.00860419999999995,1.0,0.98770815,-0.012291849999999993,1.0,1.0,0.0,0.0,0.0,0.0,0.0,0.0,0.0,0.0,0.0,0.0,1,1,0
934,0.921395,0.93875927,0.01736427000000007,0.8877072,0.91251326,0.024806059999999963,1.0,1.0,0.0,0.0,0.0,0.0,0.0,0.0,0.0,0.0,0.0,0.0,1,1,0
935,0.9170682,0.88740027,-0.02966793000000001,0.98866886,0.9623575,-0.026311360000000006,0.75,0.71250004,-0.03749996,0.0,0.0,0.0,0.0,0.0,0.0,0.0,0.0,0.0,1,1,0
936,1.0,1.0,0.0,1.0,1.0,0.0,1.0,1.0,0.0,0.0,0.0,0.0,0.0,0.0,0.0,0.0,0.0,0.0,1,1,0
937,0.9325,0.97749996,0.04499995999999995,1.0,1.0,0.0,0.77500004,0.925,0.14999996000000004,0.0,0.0,0.0,0.0,0.0,0.0,0.0,0.0,0.0,1,1,0
938,0.90367985,0.9299372,0.026257350000000068,0.8623999,0.89991033,0.037510429999999984,1.0,1.0,0.0,0.0,0.0,0.0,0.0,0.0,0.0,0.0,0.0,0.0,1,1,0
939,0.87353307,0.92152303,0.04798996,0.81933296,0.88789,0.06855703999999996,1.0,1.0,0.0,0.0,0.0,0.0,0.0,0.0,0.0,0.0,0.0,0.0,1,1,0
940,1.0,1.0,0.0,1.0,1.0,0.0,1.0,1.0,0.0,0.0,0.0,0.0,0.0,0.0,0.0,0.0,0.0,0.0,1,1,0
941,0.96250004,0.98875,0.026249960000000017,1.0,1.0,0.0,0.875,0.96250004,0.08750004,0.0,0.0,0.0,0.0,0.0,0.0,0.0,0.0,0.0,1,1,0
942,1.0,1.0,0.0,1.0,1.0,0.0,1.0,1.0,0.0,0.0,0.0,0.0,0.0,0.0,0.0,0.0,0.0,0.0,1,1,0
943,0.8836078,0.75127405,-0.13233375000000003,0.8337254,0.64467716,-0.18904823999999998,1.0,1.0,0.0,0.0,0.0,0.0,0.0,0.0,0.0,0.0,0.0,0.0,1,1,0
944,1.0,1.0,0.0,1.0,1.0,0.0,1.0,1.0,0.0,0.0,0.0,0.0,0.0,0.0,0.0,0.0,0.0,0.0,1,1,0
945,0.9124796,0.92997533,0.017495730000000043,0.8749709,0.89996475,0.024993849999999984,1.0,1.0,0.0,0.0,0.0,0.0,0.0,0.0,0.0,0.0,0.0,0.0,1,1,0
946,0.9506323,0.8663885,-0.08424379999999998,0.92947465,0.8091265,-0.12034814999999999,1.0,1.0,0.0,0.0,0.0,0.0,0.0,0.0,0.0,0.0,0.0,0.0,1,1,0
947,0.9222537,0.94100374,0.018750040000000023,0.93714815,0.93714815,0.0,0.8875,0.95,0.0625,0.0,0.0,0.0,0.0,0.0,0.0,0.0,0.0,0.0,1,1,0
948,1.0,1.0,0.0,1.0,1.0,0.0,1.0,1.0,0.0,0.0,0.0,0.0,0.0,0.0,0.0,0.0,0.0,0.0,1,1,0
949,0.89577335,0.93953145,0.04375810000000002,0.8511048,0.9136163,0.06251150000000005,1.0,1.0,0.0,0.0,0.0,0.0,0.0,0.0,0.0,0.0,0.0,0.0,1,1,0
950,1.0,1.0,0.0,0.99999994,0.99999994,0.0,1.0,1.0,0.0,0.0,0.0,0.0,0.0,0.0,0.0,0.0,0.0,0.0,1,1,0
951,0.9415402,0.9551174,0.013577199999999956,0.9486287,0.93588203,-0.01274666999999996,0.925,1.0,0.07499999999999996,0.0,0.0,0.0,0.0,0.0,0.0,0.0,0.0,0.0,1,1,0
952,1.0,1.0,0.0,1.0,1.0,0.0,1.0,1.0,0.0,0.0,0.0,0.0,0.0,0.0,0.0,0.0,0.0,0.0,1,1,0
953,0.8268076,0.87420636,0.047398759999999984,0.8704394,0.90600914,0.035569740000000016,0.725,0.8,0.07500000000000007,0.0,0.0,0.0,0.0,0.0,0.0,0.0,0.0,0.0,1,1,0
954,0.9759394,0.9406358,-0.03530359999999999,0.96562773,0.915194,-0.050433730000000065,1.0,1.0,0.0,0.0,0.0,0.0,0.0,0.0,0.0,0.0,0.0,0.0,1,1,0
955,0.8661653,0.91319937,0.04703406999999993,0.86237895,0.9081419,0.04576294999999997,0.875,0.925,0.050000000000000044,0.0,0.0,0.0,0.0,0.0,0.0,0.0,0.0,0.0,1,1,0
956,1.0,1.0,0.0,1.0,1.0,0.0,1.0,1.0,0.0,0.0,0.0,0.0,0.0,0.0,0.0,0.0,0.0,0.0,1,1,0
957,1.0,0.9524584,-0.04754159999999996,1.0,0.9320834,-0.0679166,1.0,1.0,0.0,0.0,0.0,0.0,0.0,0.0,0.0,0.0,0.0,0.0,1,1,0
958,1.0,1.0,0.0,1.0,1.0,0.0,1.0,1.0,0.0,0.0,0.0,0.0,0.0,0.0,0.0,0.0,0.0,0.0,1,1,0
959,0.87253803,0.87266207,0.00012403999999999193,0.87684005,0.8502315,-0.026608549999999953,0.8625,0.925,0.0625,0.0,0.0,0.0,0.0,0.0,0.0,0.0,0.0,0.0,1,1,0
960,1.0,1.0,0.0,1.0,1.0,0.0,1.0,1.0,0.0,0.0,0.0,0.0,0.0,0.0,0.0,0.0,0.0,0.0,1,1,0
961,0.96624994,0.9910864,0.02483646000000006,0.99999994,0.9872662,-0.012733740000000049,0.8875,1.0,0.11250000000000004,0.0,0.0,0.0,0.0,0.0,0.0,0.0,0.0,0.0,1,1,0
962,1.0,1.0,0.0,1.0,1.0,0.0,1.0,1.0,0.0,0.0,0.0,0.0,0.0,0.0,0.0,0.0,0.0,0.0,1,1,0
963,1.0,1.0,0.0,1.0,1.0,0.0,1.0,1.0,0.0,0.0,0.0,0.0,0.0,0.0,0.0,0.0,0.0,0.0,1,1,0
964,0.9213568,0.93903583,0.01767903000000004,0.8876525,0.9129083,0.02525580000000005,1.0,1.0,0.0,0.0,0.0,0.0,0.0,0.0,0.0,0.0,0.0,0.0,1,1,0
965,1.0,1.0,0.0,1.0,1.0,0.0,1.0,1.0,0.0,0.0,0.0,0.0,0.0,0.0,0.0,0.0,0.0,0.0,1,1,0
966,0.96625006,0.93625003,-0.030000030000000066,1.0,1.0,0.0,0.8875,0.7875,-0.09999999999999998,0.0,0.0,0.0,0.0,0.0,0.0,0.0,0.0,0.0,1,1,0
967,1.0,0.93836194,-0.06163806000000005,1.0,0.97087413,-0.029125869999999998,1.0,0.8625,-0.13749999999999996,0.0,0.0,0.0,0.0,0.0,0.0,0.0,0.0,0.0,1,1,0
968,1.0,1.0,0.0,1.0,1.0,0.0,1.0,1.0,0.0,0.0,0.0,0.0,0.0,0.0,0.0,0.0,0.0,0.0,1,1,0
969,0.9204933,0.98961985,0.06912655000000001,0.886419,0.98517114,0.09875213999999999,1.0,1.0,0.0,0.0,0.0,0.0,0.0,0.0,0.0,0.0,0.0,0.0,1,1,0
970,1.0,1.0,0.0,1.0,1.0,0.0,1.0,1.0,0.0,0.0,0.0,0.0,0.0,0.0,0.0,0.0,0.0,0.0,1,1,0
971,0.96942216,0.96625006,-0.003172100000000011,0.9884601,1.0,0.011539900000000047,0.925,0.8875,-0.03750000000000009,0.0,0.0,0.0,0.0,0.0,0.0,0.0,0.0,0.0,1,1,0
972,1.0,1.0,0.0,1.0,1.0,0.0,1.0,1.0,0.0,0.0,0.0,0.0,0.0,0.0,0.0,0.0,0.0,0.0,1,1,0
973,0.9024498,0.9357271,0.033277300000000065,0.89814264,0.961753,0.06361035999999998,0.9125,0.875,-0.03749999999999998,0.0,0.0,0.0,0.0,0.0,0.0,0.0,0.0,0.0,1,1,0
974,0.9733313,0.8982298,-0.07510150000000004,0.9619018,0.85461396,-0.10728784000000002,1.0,1.0,0.0,0.0,0.0,0.0,0.0,0.0,0.0,0.0,0.0,0.0,1,1,0
975,0.93799126,0.8758627,-0.06212856,0.97570175,0.95123243,-0.024469320000000017,0.85,0.7,-0.15000000000000002,0.0,0.0,0.0,0.0,0.0,0.0,0.0,0.0,0.0,1,1,0
976,0.0,0.0,0.0,0.16020693,0.14780958,-0.012397350000000001,1.0,0.4615385,-0.5384614999999999,0.0,1.0,1.0,0.0,1.0,1.0,1.0,0.0,-1.0,0,0,0
977,0.86186737,0.9131814,0.05131403000000001,0.85088193,0.87597346,0.025091529999999973,0.8875,1.0,0.11250000000000004,0.0,0.0,0.0,0.0,0.0,0.0,0.0,0.0,0.0,1,1,0
978,0.95874995,0.97749996,0.018750009999999984,1.0,1.0,0.0,0.8625,0.925,0.0625,0.0,0.0,0.0,0.0,0.0,0.0,0.0,0.0,0.0,1,1,0
979,1.0,1.0,0.0,1.0,1.0,0.0,1.0,1.0,0.0,0.0,0.0,0.0,0.0,0.0,0.0,0.0,0.0,0.0,1,1,0
980,0.8962206,0.9149534,0.018732799999999994,0.8999579,0.93743354,0.03747564000000003,0.8875,0.8625,-0.02499999999999991,0.0,0.0,0.0,0.0,0.0,0.0,0.0,0.0,0.0,1,1,0
981,0.91053814,0.9015884,-0.00894974000000004,0.87219733,0.85941195,-0.012785379999999957,1.0,1.0,0.0,0.0,0.0,0.0,0.0,0.0,0.0,0.0,0.0,0.0,1,1,0
982,0.9213362,0.9562893,0.03495309999999996,0.887623,0.93755615,0.04993314999999998,1.0,1.0,0.0,0.0,0.0,0.0,0.0,0.0,0.0,0.0,0.0,0.0,1,1,0
983,0.96010935,0.91273415,-0.04737519999999995,0.9751561,0.8753345,-0.09982159999999995,0.925,1.0,0.07499999999999996,0.0,0.0,0.0,0.0,0.0,0.0,0.0,0.0,0.0,1,1,0
984,0.8673186,0.9100203,0.042701699999999954,0.8586693,0.8714576,0.012788300000000086,0.8875,1.0,0.11250000000000004,0.0,0.0,0.0,0.0,0.0,0.0,0.0,0.0,0.0,1,1,0
985,0.83906597,0.77068776,-0.06837821,0.82366556,0.70455396,-0.11911159999999998,0.875,0.925,0.050000000000000044,0.0,0.0,0.0,0.0,0.0,0.0,0.0,0.0,0.0,1,1,0
986,0.96625006,1.0,0.03374993999999998,1.0,1.0,0.0,0.8875,1.0,0.11250000000000004,0.0,0.0,0.0,0.0,0.0,0.0,0.0,0.0,0.0,1,1,0
987,1.0,1.0,0.0,0.99999994,0.99999994,0.0,1.0,1.0,0.0,0.0,0.0,0.0,0.0,0.0,0.0,0.0,0.0,0.0,1,1,0
988,0.93007815,0.9650647,0.03498654999999995,0.9001117,0.95009243,0.04998073000000003,1.0,1.0,0.0,0.0,0.0,0.0,0.0,0.0,0.0,0.0,0.0,0.0,1,1,0
989,0.88195765,0.89784336,0.015885709999999942,0.8795823,0.854062,-0.02552030000000005,0.8875,1.0,0.11250000000000004,0.0,0.0,0.0,0.0,0.0,0.0,0.0,0.0,0.0,1,1,0
990,0.9213835,0.9452677,0.023884200000000022,0.8876907,0.921811,0.03412029999999999,1.0,1.0,0.0,0.0,0.0,0.0,0.0,0.0,0.0,0.0,0.0,0.0,1,1,0
991,1.0,1.0,0.0,1.0,1.0,0.0,1.0,1.0,0.0,0.0,0.0,0.0,0.0,0.0,0.0,0.0,0.0,0.0,1,1,0
992,0.9387531,0.9562594,0.017506299999999975,0.91250443,0.9375135,0.025009069999999967,1.0,1.0,0.0,0.0,0.0,0.0,0.0,0.0,0.0,0.0,0.0,0.0,1,1,0
993,0.9005081,0.9275419,0.027033799999999997,0.8578688,0.8964884,0.038619599999999976,1.0,1.0,0.0,0.0,0.0,0.0,0.0,0.0,0.0,0.0,0.0,0.0,1,1,0
994,0.9775425,0.91048795,-0.06705454999999994,0.96791786,0.8721256,-0.09579226000000007,1.0,1.0,0.0,0.0,0.0,0.0,0.0,0.0,0.0,0.0,0.0,0.0,1,1,0
995,1.0,1.0,0.0,1.0,1.0,0.0,1.0,1.0,0.0,0.0,0.0,0.0,0.0,0.0,0.0,0.0,0.0,0.0,1,1,0
996,0.94750005,0.90666276,-0.040837290000000026,1.0,0.86666113,-0.13333887,0.825,1.0,0.17500000000000004,0.0,0.0,0.0,0.0,0.0,0.0,0.0,0.0,0.0,1,1,0
997,1.0,0.9378067,-0.06219330000000001,1.0,0.9111524,-0.08884760000000003,1.0,1.0,0.0,0.0,0.0,0.0,0.0,0.0,0.0,0.0,0.0,0.0,1,1,0
998,1.0,1.0,0.0,1.0,1.0,0.0,1.0,1.0,0.0,0.0,0.0,0.0,0.0,0.0,0.0,0.0,0.0,0.0,1,1,0
999,1.0,1.0,0.0,1.0,1.0,0.0,1.0,1.0,0.0,0.0,0.0,0.0,0.0,0.0,0.0,0.0,0.0,0.0,1,1,0
1000,0.94422865,1.0,0.05577135,0.97389805,1.0,0.02610195000000004,0.875,1.0,0.125,0.0,0.0,0.0,0.0,0.0,0.0,0.0,0.0,0.0,1,1,0
1001,0.97637206,0.998872,0.022499939999999996,0.99838865,0.99838865,0.0,0.925,1.0,0.07499999999999996,0.0,0.0,0.0,0.0,0.0,0.0,0.0,0.0,0.0,1,1,0
1002,0.9537644,0.99126434,0.03749994000000001,0.9875204,0.9875204,0.0,0.875,1.0,0.125,0.0,0.0,0.0,0.0,0.0,0.0,0.0,0.0,0.0,1,1,0
1003,0.94487303,0.98237306,0.03750003000000002,0.9748187,0.9748187,0.0,0.875,1.0,0.125,0.0,0.0,0.0,0.0,0.0,0.0,0.0,0.0,0.0,1,1,0
1004,0.76116157,0.8336862,0.07252463000000009,0.8248736,0.83740884,0.012535240000000059,0.6125,0.825,0.2124999999999999,0.0,0.0,0.0,0.0,0.0,0.0,0.0,0.0,0.0,1,1,0
1005,1.0,1.0,0.0,1.0,1.0,0.0,1.0,1.0,0.0,0.0,0.0,0.0,0.0,0.0,0.0,0.0,0.0,0.0,1,1,0
1006,0.9919376,1.0,0.008062400000000025,0.9884822,1.0,0.011517800000000022,1.0,1.0,0.0,0.0,0.0,0.0,0.0,0.0,0.0,0.0,0.0,0.0,1,1,0
1007,1.0,1.0,0.0,1.0,1.0,0.0,1.0,1.0,0.0,0.0,0.0,0.0,0.0,0.0,0.0,0.0,0.0,0.0,1,1,0
1008,0.96560425,1.0,0.03439574999999995,0.9508631,1.0,0.04913690000000004,1.0,1.0,0.0,0.0,0.0,0.0,0.0,0.0,0.0,0.0,0.0,0.0,1,1,0
1009,0.8933382,0.9285051,0.0351669,0.88512594,0.8978644,0.012738460000000007,0.9125,1.0,0.08750000000000002,0.0,0.0,0.0,0.0,0.0,0.0,0.0,0.0,0.0,1,1,0
1010,0.828914,0.81253433,-0.01637967000000007,0.9002343,0.7750491,-0.1251852,0.6625,0.90000004,0.23750004000000002,0.0,0.0,0.0,0.0,0.0,0.0,0.0,0.0,0.0,1,1,0
1011,1.0,1.0,0.0,1.0,1.0,0.0,1.0,1.0,0.0,0.0,0.0,0.0,0.0,0.0,0.0,0.0,0.0,0.0,1,1,0
1012,1.0,1.0,0.0,1.0,1.0,0.0,1.0,1.0,0.0,0.0,0.0,0.0,0.0,0.0,0.0,0.0,0.0,0.0,1,1,0
1013,0.97749996,0.8813278,-0.09617215999999995,1.0,0.83046824,-0.16953176000000003,0.925,1.0,0.07499999999999996,0.0,0.0,0.0,0.0,0.0,0.0,0.0,0.0,0.0,1,1,0
1014,0.95682925,0.96057934,0.0037500900000000392,0.9972561,0.9972561,0.0,0.8625,0.875,0.012499999999999956,0.0,0.0,0.0,0.0,0.0,0.0,0.0,0.0,0.0,1,1,0
1015,0.8750066,0.88249874,0.0074921399999999805,0.8750094,0.9124982,0.03748879999999999,0.875,0.8125,-0.0625,0.0,0.0,0.0,0.0,0.0,0.0,0.0,0.0,0.0,1,1,0
1016,0.85133976,0.90382665,0.05248688999999995,0.82512814,0.86260945,0.03748130999999999,0.9125,1.0,0.08750000000000002,0.0,0.0,0.0,0.0,0.0,0.0,0.0,0.0,0.0,1,1,0
1017,1.0,0.96993506,-0.03006494000000004,1.0,0.9570501,-0.042949899999999985,1.0,1.0,0.0,0.0,0.0,0.0,0.0,0.0,0.0,0.0,0.0,0.0,1,1,0
1018,1.0,0.9378983,-0.06210170000000004,0.99999994,0.9112832,-0.08871674000000007,1.0,1.0,0.0,0.0,0.0,0.0,0.0,0.0,0.0,0.0,0.0,0.0,1,1,0
1019,0.9229124,0.9817824,0.05887000000000009,0.9220177,0.97397476,0.05195706,0.925,1.0,0.07499999999999996,0.0,0.0,0.0,0.0,0.0,0.0,0.0,0.0,0.0,1,1,0
1020,1.0,1.0,0.0,1.0,1.0,0.0,1.0,1.0,0.0,0.0,0.0,0.0,0.0,0.0,0.0,0.0,0.0,0.0,1,1,0
1021,0.9465851,0.87614316,-0.07044193999999993,0.923693,0.8230617,-0.10063129999999998,1.0,1.0,0.0,0.0,0.0,0.0,0.0,0.0,0.0,0.0,0.0,0.0,1,1,0
1022,0.97749996,1.0,0.022500040000000054,1.0,1.0,0.0,0.925,1.0,0.07499999999999996,0.0,0.0,0.0,0.0,0.0,0.0,0.0,0.0,0.0,1,1,0
1023,1.0,1.0,0.0,1.0,1.0,0.0,1.0,1.0,0.0,0.0,0.0,0.0,0.0,0.0,0.0,0.0,0.0,0.0,1,1,0
1024,1.0,1.0,0.0,1.0,1.0,0.0,1.0,1.0,0.0,0.0,0.0,0.0,0.0,0.0,0.0,0.0,0.0,0.0,1,1,0
1025,1.0,1.0,0.0,1.0,1.0,0.0,1.0,1.0,0.0,0.0,0.0,0.0,0.0,0.0,0.0,0.0,0.0,0.0,1,1,0
1026,1.0,1.0,0.0,1.0,1.0,0.0,1.0,1.0,0.0,0.0,0.0,0.0,0.0,0.0,0.0,0.0,0.0,0.0,1,1,0
1027,0.9399743,0.947505,0.007530700000000001,0.9624633,0.92500705,-0.03745624999999997,0.8875,1.0,0.11250000000000004,0.0,0.0,0.0,0.0,0.0,0.0,0.0,0.0,0.0,1,1,0
1028,0.9765188,0.88053894,-0.09597986000000003,0.96645546,0.82934135,-0.13711411000000007,1.0,1.0,0.0,0.0,0.0,0.0,0.0,0.0,0.0,0.0,0.0,0.0,1,1,0
1029,1.0,1.0,0.0,1.0,1.0,0.0,1.0,1.0,0.0,0.0,0.0,0.0,0.0,0.0,0.0,0.0,0.0,0.0,1,1,0
1030,0.9505661,1.0,0.04943390000000003,0.98830867,1.0,0.01169133,0.8625,1.0,0.13749999999999996,0.0,0.0,0.0,0.0,0.0,0.0,0.0,0.0,0.0,1,1,0
1031,0.88498384,0.8863911,0.0014072600000000213,0.91069114,0.9234157,0.012724559999999996,0.825,0.8,-0.02499999999999991,0.0,0.0,0.0,0.0,0.0,0.0,0.0,0.0,0.0,1,1,0
1032,0.0,0.860588,0.860588,0.63944745,0.80083996,0.16139251,0.8928572,1.0,0.10714279999999998,1.0,0.0,-1.0,1.0,0.0,-1.0,0.0,0.0,0.0,0,1,1
1033,1.0,1.0,0.0,1.0,1.0,0.0,1.0,1.0,0.0,0.0,0.0,0.0,0.0,0.0,0.0,0.0,0.0,0.0,1,1,0
1034,0.90738434,0.9250633,0.01767896000000002,0.89983463,0.92509043,0.02525580000000005,0.925,0.925,0.0,0.0,0.0,0.0,0.0,0.0,0.0,0.0,0.0,0.0,1,1,0
1035,1.0,1.0,0.0,1.0,1.0,0.0,1.0,1.0,0.0,0.0,0.0,0.0,0.0,0.0,0.0,0.0,0.0,0.0,1,1,0
1036,1.0,0.99121493,-0.00878506999999995,1.0,0.9874498,-0.012550199999999956,1.0,1.0,0.0,0.0,0.0,0.0,0.0,0.0,0.0,0.0,0.0,0.0,1,1,0
1037,1.0,1.0,0.0,1.0,1.0,0.0,1.0,1.0,0.0,0.0,0.0,0.0,0.0,0.0,0.0,0.0,0.0,0.0,1,1,0
1038,1.0,1.0,0.0,1.0,1.0,0.0,1.0,1.0,0.0,0.0,0.0,0.0,0.0,0.0,0.0,0.0,0.0,0.0,1,1,0
1039,0.9895555,0.90880406,-0.08075144000000001,0.9850792,0.86972004,-0.11535916000000002,1.0,1.0,0.0,0.0,0.0,0.0,0.0,0.0,0.0,0.0,0.0,0.0,1,1,0
1040,0.97749996,0.95999146,-0.017508499999999927,1.0,0.9749877,-0.025012299999999987,0.925,0.925,0.0,0.0,0.0,0.0,0.0,0.0,0.0,0.0,0.0,0.0,1,1,0
1041,0.8875,0.8593268,-0.02817320000000001,1.0,0.7990382,-0.20096179999999997,0.625,1.0,0.375,0.0,0.0,0.0,0.0,0.0,0.0,0.0,0.0,0.0,1,1,0
1042,0.91031593,0.9012626,-0.00905332999999997,0.8718799,0.8589465,-0.012933400000000095,1.0,1.0,0.0,0.0,0.0,0.0,0.0,0.0,0.0,0.0,0.0,0.0,1,1,0
1043,0.87130684,0.8821966,0.01088975999999997,0.8750811,0.8638522,-0.011228899999999986,0.8625,0.925,0.0625,0.0,0.0,0.0,0.0,0.0,0.0,0.0,0.0,0.0,1,1,0
1044,0.0,0.0,0.0,1.0,1.0,0.0,1.0,1.0,0.0,1.0,1.0,0.0,1.0,1.0,0.0,0.0,0.0,0.0,0,0,0
1045,0.89217585,0.8899723,-0.002203549999999943,0.9102512,0.94996035,0.03970914999999997,0.85,0.75,-0.09999999999999998,0.0,0.0,0.0,0.0,0.0,0.0,0.0,0.0,0.0,1,1,0
1046,0.0,0.0,0.0,0.6056435,0.5916988,-0.013944700000000032,0.6363636,0.7777778,0.14141419999999993,0.0,0.0,0.0,0.0,0.0,0.0,1.0,1.0,0.0,0,0,0
1047,0.90649986,0.88442516,-0.022074700000000003,0.8664284,0.83489305,-0.03153534999999996,1.0,1.0,0.0,0.0,0.0,0.0,0.0,0.0,0.0,0.0,0.0,0.0,1,1,0
1048,0.9433382,0.8664943,-0.07684389999999997,0.9190545,0.80927753,-0.10977696999999997,1.0,1.0,0.0,0.0,0.0,0.0,0.0,0.0,0.0,0.0,0.0,0.0,1,1,0
1049,0.89783114,0.9344465,0.036615359999999986,0.91297305,0.9492093,0.03623625000000008,0.8625,0.90000004,0.03750003999999996,0.0,0.0,0.0,0.0,0.0,0.0,0.0,0.0,0.0,1,1,0
1050,1.0,1.0,0.0,1.0,1.0,0.0,1.0,1.0,0.0,0.0,0.0,0.0,0.0,0.0,0.0,0.0,0.0,0.0,1,1,0
1051,0.8934683,0.9479395,0.05447120000000005,0.9013832,0.9631279,0.061744699999999986,0.875,0.9125,0.03749999999999998,0.0,0.0,0.0,0.0,0.0,0.0,0.0,0.0,0.0,1,1,0
1052,0.85714954,0.8817943,0.024644760000000043,0.8441422,0.8311347,-0.01300749999999995,0.8875,1.0,0.11250000000000004,0.0,0.0,0.0,0.0,0.0,0.0,0.0,0.0,0.0,1,1,0
1053,0.8491007,0.8927235,0.04362279999999996,0.838001,0.9003192,0.06231819999999999,0.875,0.875,0.0,0.0,0.0,0.0,0.0,0.0,0.0,0.0,0.0,0.0,1,1,0
1054,0.96999997,0.96625006,-0.003749910000000023,1.0,1.0,0.0,0.90000004,0.8875,-0.012500040000000046,0.0,0.0,0.0,0.0,0.0,0.0,0.0,0.0,0.0,1,1,0
1055,0.9325,1.0,0.0675,1.0,1.0,0.0,0.77500004,1.0,0.22499996,0.0,0.0,0.0,0.0,0.0,0.0,0.0,0.0,0.0,1,1,0
1056,1.0,1.0,0.0,1.0,1.0,0.0,1.0,1.0,0.0,0.0,0.0,0.0,0.0,0.0,0.0,0.0,0.0,0.0,1,1,0
1057,1.0,1.0,0.0,1.0,1.0,0.0,1.0,1.0,0.0,0.0,0.0,0.0,0.0,0.0,0.0,0.0,0.0,0.0,1,1,0
1058,0.84823,0.89457685,0.04634684999999994,0.8367571,0.8493954,0.012638299999999991,0.875,1.0,0.125,0.0,0.0,0.0,0.0,0.0,0.0,0.0,0.0,0.0,1,1,0
1059,0.9351225,0.8796773,-0.05544519999999997,0.9073178,0.8281104,-0.07920739999999993,1.0,1.0,0.0,0.0,0.0,0.0,0.0,0.0,0.0,0.0,0.0,0.0,1,1,0
1060,1.0,1.0,0.0,1.0,1.0,0.0,1.0,1.0,0.0,0.0,0.0,0.0,0.0,0.0,0.0,0.0,0.0,0.0,1,1,0
1061,0.0,0.91382694,0.91382694,0.5614369,0.8768956,0.3154587,1.0,1.0,0.0,0.0,0.0,0.0,0.0,0.0,0.0,1.0,0.0,-1.0,0,1,1
1062,1.0,1.0,0.0,1.0,1.0,0.0,1.0,1.0,0.0,0.0,0.0,0.0,0.0,0.0,0.0,0.0,0.0,0.0,1,1,0
1063,0.0,0.0,0.0,0.073440656,0.02351984,-0.04992081600000001,0.42105263,0.5263158,0.10526317000000002,1.0,1.0,0.0,1.0,1.0,0.0,0.0,0.0,0.0,0,0,0
1064,1.0,1.0,0.0,1.0,1.0,0.0,1.0,1.0,0.0,0.0,0.0,0.0,0.0,0.0,0.0,0.0,0.0,0.0,1,1,0
1065,0.88000005,0.92875004,0.04874999000000002,1.0,1.0,0.0,0.6,0.7625,0.16249999999999998,0.0,0.0,0.0,0.0,0.0,0.0,0.0,0.0,0.0,1,1,0
1066,0.9305547,0.9305547,0.0,0.9007924,0.9007924,0.0,1.0,1.0,0.0,0.0,0.0,0.0,0.0,0.0,0.0,0.0,0.0,0.0,1,1,0
1067,0.81177753,0.87953395,0.06775642000000004,0.7953964,0.89754856,0.10215216000000005,0.85,0.83750004,-0.012499959999999977,0.0,0.0,0.0,0.0,0.0,0.0,0.0,0.0,0.0,1,1,0
1068,0.8749725,0.9387247,0.06375219999999993,0.87496084,0.9124639,0.03750306000000003,0.875,1.0,0.125,0.0,0.0,0.0,0.0,0.0,0.0,0.0,0.0,0.0,1,1,0
1069,0.88862914,0.9044549,0.01582575999999991,0.889113,0.938507,0.04939399999999994,0.8875,0.825,-0.0625,0.0,0.0,0.0,0.0,0.0,0.0,0.0,0.0,0.0,1,1,0
1070,1.0,0.97375005,-0.026249949999999966,1.0,1.0,0.0,1.0,0.9125,-0.08750000000000002,0.0,0.0,0.0,0.0,0.0,0.0,0.0,0.0,0.0,1,1,0
1071,1.0,1.0,0.0,1.0,1.0,0.0,1.0,1.0,0.0,0.0,0.0,0.0,0.0,0.0,0.0,0.0,0.0,0.0,1,1,0
1072,0.896035,0.9230696,0.02703460000000002,0.9050499,0.8900994,-0.014950499999999978,0.875,1.0,0.125,0.0,0.0,0.0,0.0,0.0,0.0,0.0,0.0,0.0,1,1,0
1073,0.96625006,1.0,0.03374993999999998,1.0,1.0,0.0,0.8875,1.0,0.11250000000000004,0.0,0.0,0.0,0.0,0.0,0.0,0.0,0.0,0.0,1,1,0
1074,0.9574931,0.95874995,0.001256849999999976,0.9874902,1.0,0.012509800000000015,0.8875,0.8625,-0.02499999999999991,0.0,0.0,0.0,0.0,0.0,0.0,0.0,0.0,0.0,1,1,0
1075,1.0,1.0,0.0,1.0,1.0,0.0,1.0,1.0,0.0,0.0,0.0,0.0,0.0,0.0,0.0,0.0,0.0,0.0,1,1,0
1076,0.8953678,0.94680464,0.05143683999999993,0.8987397,0.9240066,0.02526689999999998,0.8875,1.0,0.11250000000000004,0.0,0.0,0.0,0.0,0.0,0.0,0.0,0.0,0.0,1,1,0
1077,0.8808085,0.90757716,0.02676866,0.8297263,0.8679674,0.03824109999999992,1.0,1.0,0.0,0.0,0.0,0.0,0.0,0.0,0.0,0.0,0.0,0.0,1,1,0
1078,0.88034624,0.85656196,-0.02378427999999999,0.86120886,0.84865993,-0.012548930000000014,0.925,0.875,-0.050000000000000044,0.0,0.0,0.0,0.0,0.0,0.0,0.0,0.0,0.0,1,1,0
1079,0.907461,0.93550843,0.028047429999999984,0.8678014,0.94001204,0.0722106400000001,1.0,0.925,-0.07499999999999996,0.0,0.0,0.0,0.0,0.0,0.0,0.0,0.0,0.0,1,1,0
1080,0.9291221,0.8926756,-0.03644649999999994,0.9630315,0.9377509,-0.025280599999999986,0.85,0.7875,-0.0625,0.0,0.0,0.0,0.0,0.0,0.0,0.0,0.0,0.0,1,1,0
1081,0.9037313,0.92999613,0.026264830000000017,0.8624732,0.8999944,0.03752119999999992,1.0,1.0,0.0,0.0,0.0,0.0,0.0,0.0,0.0,0.0,0.0,0.0,1,1,0
1082,1.0,1.0,0.0,1.0,1.0,0.0,1.0,1.0,0.0,0.0,0.0,0.0,0.0,0.0,0.0,0.0,0.0,0.0,1,1,0
1083,0.9115925,0.88046116,-0.031131340000000063,0.8737036,0.8988731,0.025169499999999956,1.0,0.83750004,-0.16249996,0.0,0.0,0.0,0.0,0.0,0.0,0.0,0.0,0.0,1,1,0
1084,0.9300486,0.95627415,0.026225550000000042,0.9000693,0.93753445,0.03746515000000006,1.0,1.0,0.0,0.0,0.0,0.0,0.0,0.0,0.0,0.0,0.0,0.0,1,1,0
1085,1.0,1.0,0.0,1.0,1.0,0.0,1.0,1.0,0.0,0.0,0.0,0.0,0.0,0.0,0.0,0.0,0.0,0.0,1,1,0
1086,0.8463898,0.89089245,0.04450264999999998,0.83412826,0.89770335,0.06357509000000006,0.875,0.875,0.0,0.0,0.0,0.0,0.0,0.0,0.0,0.0,0.0,0.0,1,1,0
1087,0.96534806,0.96534806,0.0,0.95049727,0.95049727,0.0,1.0,1.0,0.0,0.0,0.0,0.0,0.0,0.0,0.0,0.0,0.0,0.0,1,1,0
1088,0.97749996,0.9708557,-0.006644259999999957,0.99999994,0.9583653,-0.041634640000000056,0.925,1.0,0.07499999999999996,0.0,0.0,0.0,0.0,0.0,0.0,0.0,0.0,0.0,1,1,0
1089,1.0,1.0,0.0,1.0,1.0,0.0,1.0,1.0,0.0,0.0,0.0,0.0,0.0,0.0,0.0,0.0,0.0,0.0,1,1,0
1090,0.97374994,0.90999997,-0.06374997000000004,0.99999994,0.99999994,0.0,0.9125,0.7,-0.21250000000000002,0.0,0.0,0.0,0.0,0.0,0.0,0.0,0.0,0.0,1,1,0
1091,0.95125,1.0,0.04874999999999996,1.0,1.0,0.0,0.83750004,1.0,0.16249996,0.0,0.0,0.0,0.0,0.0,0.0,0.0,0.0,0.0,1,1,0
1092,0.97749996,1.0,0.022500040000000054,1.0,1.0,0.0,0.925,1.0,0.07499999999999996,0.0,0.0,0.0,0.0,0.0,0.0,0.0,0.0,0.0,1,1,0
1093,0.95874995,0.8436543,-0.11509565,1.0,0.80879176,-0.19120824000000003,0.8625,0.925,0.0625,0.0,0.0,0.0,0.0,0.0,0.0,0.0,0.0,0.0,1,1,0
1094,0.95357555,0.85290164,-0.10067391000000003,0.9336794,0.78985953,-0.14381987000000007,1.0,1.0,0.0,0.0,0.0,0.0,0.0,0.0,0.0,0.0,0.0,0.0,1,1,0
1095,1.0,0.9372988,-0.06270120000000001,1.0,0.9479267,-0.05207329999999999,1.0,0.9125,-0.08750000000000002,0.0,0.0,0.0,0.0,0.0,0.0,0.0,0.0,0.0,1,1,0
1096,0.9137395,0.9477164,0.03397689999999998,0.87677073,0.9253092,0.04853847,1.0,1.0,0.0,0.0,0.0,0.0,0.0,0.0,0.0,0.0,0.0,0.0,1,1,0
1097,0.8490473,0.80690205,-0.04214524999999991,0.8807818,0.81521714,-0.06556465999999994,0.77500004,0.7875,0.012499959999999977,0.0,0.0,0.0,0.0,0.0,0.0,0.0,0.0,0.0,1,1,0
1098,0.82495844,0.8719575,0.04699906000000009,0.84101206,0.8545821,0.013570040000000061,0.7875,0.9125,0.125,0.0,0.0,0.0,0.0,0.0,0.0,0.0,0.0,0.0,1,1,0
1099,0.9652254,0.9738888,0.008663399999999988,0.9503221,0.96269834,0.012376240000000038,1.0,1.0,0.0,0.0,0.0,0.0,0.0,0.0,0.0,0.0,0.0,0.0,1,1,0
1100,1.0,1.0,0.0,1.0,1.0,0.0,1.0,1.0,0.0,0.0,0.0,0.0,0.0,0.0,0.0,0.0,0.0,0.0,1,1,0
1101,0.9022933,0.91998464,0.017691340000000055,0.860419,0.8856924,0.0252734,1.0,1.0,0.0,0.0,0.0,0.0,0.0,0.0,0.0,0.0,0.0,0.0,1,1,0
1102,0.96149844,0.9289436,-0.032554839999999974,0.9449978,0.8984908,-0.046506999999999965,1.0,1.0,0.0,0.0,0.0,0.0,0.0,0.0,0.0,0.0,0.0,0.0,1,1,0
1103,0.8882126,0.9334032,0.04519059999999997,0.89923227,0.93700457,0.03777230000000009,0.8625,0.925,0.0625,0.0,0.0,0.0,0.0,0.0,0.0,0.0,0.0,0.0,1,1,0
1104,1.0,0.91915363,-0.08084636999999995,0.99999994,0.8845052,-0.11549474000000004,1.0,1.0,0.0,0.0,0.0,0.0,0.0,0.0,0.0,0.0,0.0,0.0,1,1,0
1105,0.97749996,0.9895132,0.012013240000000036,1.0,0.9850189,-0.01498109999999997,0.925,1.0,0.07499999999999996,0.0,0.0,0.0,0.0,0.0,0.0,0.0,0.0,0.0,1,1,0
1106,0.7032937,0.76898706,0.06569335999999992,0.73149097,0.7181958,-0.013295169999999912,0.6375,0.8875,0.25,0.0,0.0,0.0,0.0,0.0,0.0,0.0,0.0,0.0,1,1,0
1107,0.96625006,0.95874995,-0.00750011000000006,1.0,1.0,0.0,0.8875,0.8625,-0.02499999999999991,0.0,0.0,0.0,0.0,0.0,0.0,0.0,0.0,0.0,1,1,0
1108,1.0,1.0,0.0,1.0,1.0,0.0,1.0,1.0,0.0,0.0,0.0,0.0,0.0,0.0,0.0,0.0,0.0,0.0,1,1,0
1109,0.9922972,0.97682,-0.015477199999999969,0.9889959,0.9668856,-0.022110300000000027,1.0,1.0,0.0,0.0,0.0,0.0,0.0,0.0,0.0,0.0,0.0,0.0,1,1,0
1110,0.9211319,0.92985916,0.008727260000000014,0.88733125,0.89979875,0.012467499999999965,1.0,1.0,0.0,0.0,0.0,0.0,0.0,0.0,0.0,0.0,0.0,0.0,1,1,0
1111,0.89096117,0.93097943,0.04001826000000008,0.8763731,0.9013992,0.02502609999999994,0.925,1.0,0.07499999999999996,0.0,0.0,0.0,0.0,0.0,0.0,0.0,0.0,0.0,1,1,0
1112,0.92035717,0.8151495,-0.10520766999999998,0.8862245,0.7359278,-0.15029669999999995,1.0,1.0,0.0,0.0,0.0,0.0,0.0,0.0,0.0,0.0,0.0,0.0,1,1,0
1113,0.91268176,0.89640325,-0.016278510000000024,0.87525976,0.9002189,0.02495913999999999,1.0,0.8875,-0.11250000000000004,0.0,0.0,0.0,0.0,0.0,0.0,0.0,0.0,0.0,1,1,0
1114,0.7823681,0.8510811,0.06871300000000002,0.7373116,0.78725874,0.04994714,0.8875,1.0,0.11250000000000004,0.0,0.0,0.0,0.0,0.0,0.0,0.0,0.0,0.0,1,1,0
1115,1.0,1.0,0.0,1.0,1.0,0.0,1.0,1.0,0.0,0.0,0.0,0.0,0.0,0.0,0.0,0.0,0.0,0.0,1,1,0
1116,0.9451069,1.0,0.05489310000000003,0.9215813,1.0,0.07841869999999995,1.0,1.0,0.0,0.0,0.0,0.0,0.0,0.0,0.0,0.0,0.0,0.0,1,1,0
1117,0.93085,0.9646001,0.033750100000000005,0.9494287,0.9494287,0.0,0.8875,1.0,0.11250000000000004,0.0,0.0,0.0,0.0,0.0,0.0,0.0,0.0,0.0,1,1,0
1118,0.0,0.0,0.0,0.036647163,0.7662671,0.7296199369999999,1.0,1.0,0.0,1.0,1.0,0.0,1.0,1.0,0.0,0.0,0.0,0.0,0,0,0
1119,0.86088574,0.82544947,-0.035436269999999936,0.8709082,0.75064206,-0.12026614000000002,0.83750004,1.0,0.16249996,0.0,0.0,0.0,0.0,0.0,0.0,0.0,0.0,0.0,1,1,0
1120,0.9570379,0.9742222,0.01718430000000004,0.9386255,0.96317464,0.02454913999999997,1.0,1.0,0.0,0.0,0.0,0.0,0.0,0.0,0.0,0.0,0.0,0.0,1,1,0
1121,0.8994053,0.89031476,-0.00909053999999998,0.85629326,0.8433068,-0.012986459999999922,1.0,1.0,0.0,0.0,0.0,0.0,0.0,0.0,0.0,0.0,0.0,0.0,1,1,0
1122,0.89560175,0.95574,0.06013825000000006,0.89907396,0.93677133,0.03769737000000006,0.8875,1.0,0.11250000000000004,0.0,0.0,0.0,0.0,0.0,0.0,0.0,0.0,0.0,1,1,0
1123,0.8674162,0.9450223,0.07760610000000001,0.9123802,0.97503185,0.06265165000000006,0.7625,0.875,0.11250000000000004,0.0,0.0,0.0,0.0,0.0,0.0,0.0,0.0,0.0,1,1,0
1124,1.0,0.0,-1.0,1.0,1.0,0.0,1.0,1.0,0.0,0.0,1.0,1.0,0.0,1.0,1.0,0.0,0.0,0.0,1,0,-1
1125,0.97375005,0.99991,0.026159949999999932,1.0,0.9998714,-0.00012860000000003424,0.9125,1.0,0.08750000000000002,0.0,0.0,0.0,0.0,0.0,0.0,0.0,0.0,0.0,1,1,0
1126,0.86889124,0.87015736,0.0012661200000000372,0.81270176,0.8627248,0.05002303999999991,1.0,0.8875,-0.11250000000000004,0.0,0.0,0.0,0.0,0.0,0.0,0.0,0.0,0.0,1,1,0
1127,1.0,1.0,0.0,1.0,1.0,0.0,1.0,1.0,0.0,0.0,0.0,0.0,0.0,0.0,0.0,0.0,0.0,0.0,1,1,0
1128,1.0,1.0,0.0,1.0,1.0,0.0,1.0,1.0,0.0,0.0,0.0,0.0,0.0,0.0,0.0,0.0,0.0,0.0,1,1,0
1129,0.97749996,0.9407134,-0.03678655999999991,0.99999994,0.9528048,-0.047195140000000024,0.925,0.9125,-0.012500000000000067,0.0,0.0,0.0,0.0,0.0,0.0,0.0,0.0,0.0,1,1,0
1130,0.9163338,0.95853776,0.04220396000000004,0.88047683,0.94076824,0.060291410000000045,1.0,1.0,0.0,0.0,0.0,0.0,0.0,0.0,0.0,0.0,0.0,0.0,1,1,0
1131,1.0,0.98881054,-0.011189459999999984,1.0,0.98401505,-0.015984949999999998,1.0,1.0,0.0,0.0,0.0,0.0,0.0,0.0,0.0,0.0,0.0,0.0,1,1,0
1132,1.0,0.9441881,-0.055811900000000025,0.99999994,0.9577686,-0.04223134000000006,1.0,0.9125,-0.08750000000000002,0.0,0.0,0.0,0.0,0.0,0.0,0.0,0.0,0.0,1,1,0
1133,0.96999997,0.8961464,-0.07385357000000004,1.0,0.85163766,-0.14836234000000004,0.90000004,1.0,0.09999996,0.0,0.0,0.0,0.0,0.0,0.0,0.0,0.0,0.0,1,1,0
1134,1.0,1.0,0.0,1.0,1.0,0.0,1.0,1.0,0.0,0.0,0.0,0.0,0.0,0.0,0.0,0.0,0.0,0.0,1,1,0
1135,0.96625006,0.9777385,0.011488439999999933,1.0,0.9681978,-0.0318022,0.8875,1.0,0.11250000000000004,0.0,0.0,0.0,0.0,0.0,0.0,0.0,0.0,0.0,1,1,0
1136,0.947545,0.95627975,0.008734750000000013,0.9250642,0.9375425,0.012478299999999942,1.0,1.0,0.0,0.0,0.0,0.0,0.0,0.0,0.0,0.0,0.0,0.0,1,1,0
1137,1.0,1.0,0.0,1.0,1.0,0.0,1.0,1.0,0.0,0.0,0.0,0.0,0.0,0.0,0.0,0.0,0.0,0.0,1,1,0
1138,0.8878131,0.8618682,-0.02594490000000005,0.8933044,0.8669545,-0.026349900000000037,0.875,0.85,-0.025000000000000022,0.0,0.0,0.0,0.0,0.0,0.0,0.0,0.0,0.0,1,1,0
1139,0.9111435,0.9288805,0.017737000000000003,0.87306213,0.89840066,0.02533852999999997,1.0,1.0,0.0,0.0,0.0,0.0,0.0,0.0,0.0,0.0,0.0,0.0,1,1,0
1140,0.98254484,0.9362259,-0.04631893999999992,0.97506404,0.96246547,-0.012598569999999976,1.0,0.875,-0.125,0.0,0.0,0.0,0.0,0.0,0.0,0.0,0.0,0.0,1,1,0
1141,1.0,1.0,0.0,1.0,1.0,0.0,1.0,1.0,0.0,0.0,0.0,0.0,0.0,0.0,0.0,0.0,0.0,0.0,1,1,0
1142,1.0,1.0,0.0,1.0,1.0,0.0,1.0,1.0,0.0,0.0,0.0,0.0,0.0,0.0,0.0,0.0,0.0,0.0,1,1,0
1143,0.0,0.0,0.0,0.013795355,0.013795355,0.0,1.0,1.0,0.0,1.0,1.0,0.0,1.0,1.0,0.0,0.0,0.0,0.0,0,0,0
1144,1.0,1.0,0.0,1.0,1.0,0.0,1.0,1.0,0.0,0.0,0.0,0.0,0.0,0.0,0.0,0.0,0.0,0.0,1,1,0
1145,0.91238004,0.8923769,-0.02000313999999992,0.8748286,0.8998242,0.024995600000000007,1.0,0.875,-0.125,0.0,0.0,0.0,0.0,0.0,0.0,0.0,0.0,0.0,1,1,0
1146,1.0,1.0,0.0,1.0,1.0,0.0,1.0,1.0,0.0,0.0,0.0,0.0,0.0,0.0,0.0,0.0,0.0,0.0,1,1,0
1147,0.893339,0.89708894,0.0037499399999999516,0.885127,0.885127,0.0,0.9125,0.925,0.012500000000000067,0.0,0.0,0.0,0.0,0.0,0.0,0.0,0.0,0.0,1,1,0
1148,0.97749996,1.0,0.022500040000000054,1.0,1.0,0.0,0.925,1.0,0.07499999999999996,0.0,0.0,0.0,0.0,0.0,0.0,0.0,0.0,0.0,1,1,0
1149,1.0,1.0,0.0,1.0,1.0,0.0,1.0,1.0,0.0,0.0,0.0,0.0,0.0,0.0,0.0,0.0,0.0,0.0,1,1,0
1150,0.0,0.0,0.0,1.0,1.0,0.0,0.0,0.0,0.0,1.0,1.0,0.0,1.0,1.0,0.0,0.0,0.0,0.0,0,0,0
1151,0.82605135,0.878766,0.052714650000000085,0.83721626,0.8750228,0.037806539999999944,0.8,0.8875,0.08749999999999991,0.0,0.0,0.0,0.0,0.0,0.0,0.0,0.0,0.0,1,1,0
1152,0.91763383,0.9104948,-0.007139029999999935,0.93054825,0.87213534,-0.05841290999999993,0.8875,1.0,0.11250000000000004,0.0,0.0,0.0,0.0,0.0,0.0,0.0,0.0,0.0,1,1,0
1153,0.9389618,0.9476801,0.008718300000000068,0.91280264,0.9252572,0.012454560000000003,1.0,1.0,0.0,0.0,0.0,0.0,0.0,0.0,0.0,0.0,0.0,0.0,1,1,0
1154,0.91707385,0.0,-0.91707385,0.97260547,0.47058702,-0.50201845,0.7875,0.7804878,-0.007012200000000024,0.0,0.0,0.0,0.0,0.0,0.0,0.0,1.0,1.0,1,0,-1
1155,0.96624994,1.0,0.033750060000000026,0.99999994,0.99999994,0.0,0.8875,1.0,0.11250000000000004,0.0,0.0,0.0,0.0,0.0,0.0,0.0,0.0,0.0,1,1,0
1156,0.9288597,0.9377331,0.008873400000000031,0.898371,0.9110472,0.012676199999999915,1.0,1.0,0.0,0.0,0.0,0.0,0.0,0.0,0.0,0.0,0.0,0.0,1,1,0
1157,1.0,1.0,0.0,1.0,1.0,0.0,1.0,1.0,0.0,0.0,0.0,0.0,0.0,0.0,0.0,0.0,0.0,0.0,1,1,0
1158,0.95057565,0.95057565,0.0,0.9293937,0.9293937,0.0,1.0,1.0,0.0,0.0,0.0,0.0,0.0,0.0,0.0,0.0,0.0,0.0,1,1,0
1159,0.9457022,0.9410429,-0.004659300000000033,0.9760031,0.9639899,-0.012013200000000057,0.875,0.8875,0.012499999999999956,0.0,0.0,0.0,0.0,0.0,0.0,0.0,0.0,0.0,1,1,0
1160,0.9399399,0.9699399,0.029999999999999916,0.957057,0.957057,0.0,0.90000004,1.0,0.09999996,0.0,0.0,0.0,0.0,0.0,0.0,0.0,0.0,0.0,1,1,0
1161,0.9124002,0.932321,0.01992079999999996,0.94450027,0.9033156,-0.041184670000000034,0.83750004,1.0,0.16249996,0.0,0.0,0.0,0.0,0.0,0.0,0.0,0.0,0.0,1,1,0
1162,0.89390707,0.8743826,-0.019524470000000016,0.9662958,0.9437608,-0.022535000000000083,0.725,0.71250004,-0.012499959999999977,0.0,0.0,0.0,0.0,0.0,0.0,0.0,0.0,0.0,1,1,0
1163,0.95439625,1.0,0.045603750000000054,0.9348518,1.0,0.06514819999999999,1.0,1.0,0.0,0.0,0.0,0.0,0.0,0.0,0.0,0.0,0.0,0.0,1,1,0
1164,0.96625006,0.9408968,-0.025353260000000044,1.0,0.94770974,-0.05229026000000003,0.8875,0.925,0.03750000000000009,0.0,0.0,0.0,0.0,0.0,0.0,0.0,0.0,0.0,1,1,0
1165,0.95125,0.97749996,0.026249959999999906,1.0,1.0,0.0,0.83750004,0.925,0.08749996000000004,0.0,0.0,0.0,0.0,0.0,0.0,0.0,0.0,0.0,1,1,0
1166,0.89102286,0.9389147,0.04789184000000002,0.8764612,0.91273516,0.03627395999999994,0.925,1.0,0.07499999999999996,0.0,0.0,0.0,0.0,0.0,0.0,0.0,0.0,0.0,1,1,0
1167,0.9477768,0.9390912,-0.00868559999999996,0.92539537,0.9129874,-0.012407970000000046,1.0,1.0,0.0,0.0,0.0,0.0,0.0,0.0,0.0,0.0,0.0,0.0,1,1,0
1168,0.9125711,0.9474276,0.03485650000000007,0.8751015,0.9248964,0.049794899999999975,1.0,1.0,0.0,0.0,0.0,0.0,0.0,0.0,0.0,0.0,0.0,0.0,1,1,0
1169,0.9850001,0.96625006,-0.018750040000000023,1.0,1.0,0.0,0.95,0.8875,-0.0625,0.0,0.0,0.0,0.0,0.0,0.0,0.0,0.0,0.0,1,1,0
1170,0.856684,0.88220197,0.02551797,0.84883434,0.8852885,0.03645416000000001,0.875,0.875,0.0,0.0,0.0,0.0,0.0,0.0,0.0,0.0,0.0,0.0,1,1,0
1171,0.9520966,0.9745965,0.022499900000000017,0.9637093,0.9637093,0.0,0.925,1.0,0.07499999999999996,0.0,0.0,0.0,0.0,0.0,0.0,0.0,0.0,0.0,1,1,0
1172,0.86481076,0.8997925,0.03498173999999998,0.9247296,0.8997035,-0.02502610000000005,0.725,0.90000004,0.17500004000000002,0.0,0.0,0.0,0.0,0.0,0.0,0.0,0.0,0.0,1,1,0
1173,0.99249995,0.9462309,-0.046269050000000034,0.99999994,0.9231871,-0.07681284,0.975,1.0,0.025000000000000022,0.0,0.0,0.0,0.0,0.0,0.0,0.0,0.0,0.0,1,1,0
1174,0.9323565,0.97457695,0.042220449999999965,0.9515806,0.96368134,0.012100740000000054,0.8875,1.0,0.11250000000000004,0.0,0.0,0.0,0.0,0.0,0.0,0.0,0.0,0.0,1,1,0
1175,0.9297649,0.9194216,-0.010343300000000055,0.9639499,0.97595936,0.012009460000000027,0.85,0.7875,-0.0625,0.0,0.0,0.0,0.0,0.0,0.0,0.0,0.0,0.0,1,1,0
1176,0.9223763,0.99124855,0.06887224999999997,0.93732315,0.9874978,0.05017464999999999,0.8875,1.0,0.11250000000000004,0.0,0.0,0.0,0.0,0.0,0.0,0.0,0.0,0.0,1,1,0
1177,0.9822192,1.0,0.01778080000000004,0.9745989,0.99999994,0.025401039999999986,1.0,1.0,0.0,0.0,0.0,0.0,0.0,0.0,0.0,0.0,0.0,0.0,1,1,0
1178,0.8772494,0.88971466,0.012465260000000034,0.862142,0.87459224,0.012450240000000057,0.9125,0.925,0.012500000000000067,0.0,0.0,0.0,0.0,0.0,0.0,0.0,0.0,0.0,1,1,0
1179,0.9385131,0.9385131,0.0,0.9121616,0.9121616,0.0,1.0,1.0,0.0,0.0,0.0,0.0,0.0,0.0,0.0,0.0,0.0,0.0,1,1,0
1180,0.9025,0.97749996,0.07499995999999998,1.0,1.0,0.0,0.675,0.925,0.25,0.0,0.0,0.0,0.0,0.0,0.0,0.0,0.0,0.0,1,1,0
1181,0.9120302,0.9390507,0.027020500000000003,0.874329,0.9129296,0.038600599999999985,1.0,1.0,0.0,0.0,0.0,0.0,0.0,0.0,0.0,0.0,0.0,0.0,1,1,0
1182,0.9395613,0.94587344,0.006312139999999911,0.91365904,0.97624785,0.06258881000000005,1.0,0.875,-0.125,0.0,0.0,0.0,0.0,0.0,0.0,0.0,0.0,0.0,1,1,0
1183,0.87457794,0.87353194,-0.0010459999999999914,0.8743971,0.9371884,0.0627913,0.875,0.725,-0.15000000000000002,0.0,0.0,0.0,0.0,0.0,0.0,0.0,0.0,0.0,1,1,0
1184,0.84193784,0.8977167,0.055778859999999986,0.8224112,0.891381,0.06896979999999997,0.8875,0.9125,0.025000000000000022,0.0,0.0,0.0,0.0,0.0,0.0,0.0,0.0,0.0,1,1,0
1185,1.0,1.0,0.0,1.0,1.0,0.0,1.0,1.0,0.0,0.0,0.0,0.0,0.0,0.0,0.0,0.0,0.0,0.0,1,1,0
1186,0.8846594,0.9111975,0.02653810000000001,0.8352278,0.8731392,0.03791140000000004,1.0,1.0,0.0,0.0,0.0,0.0,0.0,0.0,0.0,0.0,0.0,0.0,1,1,0
1187,0.89144135,0.90042174,0.00898038999999995,0.8449163,0.8577453,0.01282900000000009,1.0,1.0,0.0,0.0,0.0,0.0,0.0,0.0,0.0,0.0,0.0,0.0,1,1,0
1188,0.88435715,0.91146564,0.02710848999999993,0.83479595,0.87352234,0.03872639,1.0,1.0,0.0,0.0,0.0,0.0,0.0,0.0,0.0,0.0,0.0,0.0,1,1,0
1189,0.9448764,0.8104599,-0.13441649999999994,0.9587519,0.7292285,-0.22952340000000004,0.9125,1.0,0.08750000000000002,0.0,0.0,0.0,0.0,0.0,0.0,0.0,0.0,0.0,1,1,0
1190,0.9389725,0.89533466,-0.04363784000000004,0.9128178,0.85047805,-0.06233975000000003,1.0,1.0,0.0,0.0,0.0,0.0,0.0,0.0,0.0,0.0,0.0,0.0,1,1,0
1191,1.0,1.0,0.0,1.0,1.0,0.0,1.0,1.0,0.0,0.0,0.0,0.0,0.0,0.0,0.0,0.0,0.0,0.0,1,1,0
1192,0.94767755,0.9564028,0.008725250000000018,0.9252536,0.93771833,0.012464730000000035,1.0,1.0,0.0,0.0,0.0,0.0,0.0,0.0,0.0,0.0,0.0,0.0,1,1,0
1193,0.7971304,0.7088401,-0.08829030000000004,0.81732917,0.6751286,-0.14220057000000008,0.75,0.7875,0.03749999999999998,0.0,0.0,0.0,0.0,0.0,0.0,0.0,0.0,0.0,1,1,0
1194,1.0,1.0,0.0,1.0,1.0,0.0,1.0,1.0,0.0,0.0,0.0,0.0,0.0,0.0,0.0,0.0,0.0,0.0,1,1,0
1195,0.9646444,0.9646444,0.0,0.9494919,0.9494919,0.0,1.0,1.0,0.0,0.0,0.0,0.0,0.0,0.0,0.0,0.0,0.0,0.0,1,1,0
1196,0.860472,0.81412214,-0.046349859999999965,0.8542457,0.7344601,-0.11978560000000005,0.875,1.0,0.125,0.0,0.0,0.0,0.0,0.0,0.0,0.0,0.0,0.0,1,1,0
1197,0.97749996,0.88867533,-0.08882462999999996,1.0,0.84096473,-0.15903526999999995,0.925,1.0,0.07499999999999996,0.0,0.0,0.0,0.0,0.0,0.0,0.0,0.0,0.0,1,1,0
1198,0.92136604,0.93009835,0.008732309999999965,0.88766575,0.9001406,0.012474849999999926,1.0,1.0,0.0,0.0,0.0,0.0,0.0,0.0,0.0,0.0,0.0,0.0,1,1,0
1199,0.8683758,0.89293635,0.024560550000000014,0.91375107,0.8470518,-0.06669926999999998,0.7625,1.0,0.23750000000000004,0.0,0.0,0.0,0.0,0.0,0.0,0.0,0.0,0.0,1,1,0
1200,1.0,0.97749996,-0.022500040000000054,0.99999994,0.99999994,0.0,1.0,0.925,-0.07499999999999996,0.0,0.0,0.0,0.0,0.0,0.0,0.0,0.0,0.0,1,1,0
1201,0.9116095,0.9635517,0.05194220000000005,0.92194206,0.94793093,0.025988869999999942,0.8875,1.0,0.11250000000000004,0.0,0.0,0.0,0.0,0.0,0.0,0.0,0.0,0.0,1,1,0
1202,0.90955925,0.94219047,0.03263121999999996,0.92437035,0.9495578,0.02518745,0.875,0.925,0.050000000000000044,0.0,0.0,0.0,0.0,0.0,0.0,0.0,0.0,0.0,1,1,0
1203,0.8912501,0.9471203,0.05587019999999998,1.0,0.92445755,-0.07554245000000004,0.6375,1.0,0.36250000000000004,0.0,0.0,0.0,0.0,0.0,0.0,0.0,0.0,0.0,1,1,0
1204,0.9049393,0.9561653,0.051225999999999994,0.91241336,0.93737894,0.024965580000000043,0.8875,1.0,0.11250000000000004,0.0,0.0,0.0,0.0,0.0,0.0,0.0,0.0,0.0,1,1,0
1205,0.96625006,0.8875,-0.07875006000000007,1.0,1.0,0.0,0.8875,0.625,-0.26249999999999996,0.0,0.0,0.0,0.0,0.0,0.0,0.0,0.0,0.0,1,1,0
1206,0.8636408,0.8323909,-0.03124989999999994,0.83734393,0.8248441,-0.01249982999999999,0.925,0.85,-0.07500000000000007,0.0,0.0,0.0,0.0,0.0,0.0,0.0,0.0,0.0,1,1,0
1207,0.93340033,0.91866875,-0.014731579999999966,0.97985756,0.8838125,-0.09604506000000002,0.825,1.0,0.17500000000000004,0.0,0.0,0.0,0.0,0.0,0.0,0.0,0.0,0.0,1,1,0
1208,0.95125,1.0,0.04874999999999996,1.0,1.0,0.0,0.83750004,1.0,0.16249996,0.0,0.0,0.0,0.0,0.0,0.0,0.0,0.0,0.0,1,1,0
1209,1.0,1.0,0.0,1.0,1.0,0.0,1.0,1.0,0.0,0.0,0.0,0.0,0.0,0.0,0.0,0.0,0.0,0.0,1,1,0
1210,0.9999092,0.99932194,-0.0005872600000000894,0.99987024,0.99903125,-0.0008389899999999839,1.0,1.0,0.0,0.0,0.0,0.0,0.0,0.0,0.0,0.0,0.0,0.0,1,1,0
1211,0.9912018,0.9912018,0.0,0.98743105,0.98743105,0.0,1.0,1.0,0.0,0.0,0.0,0.0,0.0,0.0,0.0,0.0,0.0,0.0,1,1,0
1212,1.0,1.0,0.0,1.0,1.0,0.0,1.0,1.0,0.0,0.0,0.0,0.0,0.0,0.0,0.0,0.0,0.0,0.0,1,1,0
1213,1.0,1.0,0.0,1.0,1.0,0.0,1.0,1.0,0.0,0.0,0.0,0.0,0.0,0.0,0.0,0.0,0.0,0.0,1,1,0
1214,0.96624994,0.9143713,-0.051878639999999976,0.99999994,0.90981615,-0.09018378999999999,0.8875,0.925,0.03750000000000009,0.0,0.0,0.0,0.0,0.0,0.0,0.0,0.0,0.0,1,1,0
1215,0.96501285,0.89005834,-0.07495451000000009,0.95001835,0.8750833,-0.07493505,1.0,0.925,-0.07499999999999996,0.0,0.0,0.0,0.0,0.0,0.0,0.0,0.0,0.0,1,1,0
1216,0.87585634,0.9075411,0.03168475999999998,0.8547947,0.86791587,0.013121170000000015,0.925,1.0,0.07499999999999996,0.0,0.0,0.0,0.0,0.0,0.0,0.0,0.0,0.0,1,1,0
1217,0.94070715,0.94070715,0.0,0.9152959,0.9152959,0.0,1.0,1.0,0.0,0.0,0.0,0.0,0.0,0.0,0.0,0.0,0.0,0.0,1,1,0
1218,1.0,1.0,0.0,1.0,1.0,0.0,1.0,1.0,0.0,0.0,0.0,0.0,0.0,0.0,0.0,0.0,0.0,0.0,1,1,0
1219,1.0,1.0,0.0,1.0,1.0,0.0,1.0,1.0,0.0,0.0,0.0,0.0,0.0,0.0,0.0,0.0,0.0,0.0,1,1,0
1220,0.89435863,0.9295668,0.03520816999999998,0.84908384,0.89938104,0.05029719999999993,1.0,1.0,0.0,0.0,0.0,0.0,0.0,0.0,0.0,0.0,0.0,0.0,1,1,0
1221,1.0,1.0,0.0,1.0,1.0,0.0,1.0,1.0,0.0,0.0,0.0,0.0,0.0,0.0,0.0,0.0,0.0,0.0,1,1,0
1222,0.83989185,0.859869,0.01997715,0.82484543,0.8373129,0.012467470000000036,0.875,0.9125,0.03749999999999998,0.0,0.0,0.0,0.0,0.0,0.0,0.0,0.0,0.0,1,1,0
1223,1.0,1.0,0.0,1.0,1.0,0.0,1.0,1.0,0.0,0.0,0.0,0.0,0.0,0.0,0.0,0.0,0.0,0.0,1,1,0
1224,0.8075952,0.90636176,0.09876656000000006,0.8858502,0.9251597,0.0393095,0.625,0.8625,0.23750000000000004,0.0,0.0,0.0,0.0,0.0,0.0,0.0,0.0,0.0,1,1,0
1225,0.88892174,0.9425835,0.05366176,0.90024525,0.95011926,0.049874010000000024,0.8625,0.925,0.0625,0.0,0.0,0.0,0.0,0.0,0.0,0.0,0.0,0.0,1,1,0
1226,1.0,1.0,0.0,1.0,1.0,0.0,1.0,1.0,0.0,0.0,0.0,0.0,0.0,0.0,0.0,0.0,0.0,0.0,1,1,0
1227,1.0,0.9084984,-0.09150159999999996,0.99999994,0.86928344,-0.1307165,1.0,1.0,0.0,0.0,0.0,0.0,0.0,0.0,0.0,0.0,0.0,0.0,1,1,0
1228,0.9114795,0.9473993,0.03591980000000006,0.8735421,0.9248562,0.05131410000000003,1.0,1.0,0.0,0.0,0.0,0.0,0.0,0.0,0.0,0.0,0.0,0.0,1,1,0
1229,0.91127986,0.92014277,0.008862909999999946,0.87325704,0.88591826,0.012661219999999918,1.0,1.0,0.0,0.0,0.0,0.0,0.0,0.0,0.0,0.0,0.0,0.0,1,1,0
1230,0.96999997,1.0,0.030000029999999955,1.0,1.0,0.0,0.90000004,1.0,0.09999996,0.0,0.0,0.0,0.0,0.0,0.0,0.0,0.0,0.0,1,1,0
1231,0.8942661,0.9296899,0.035423800000000005,0.8489516,0.899557,0.05060540000000002,1.0,1.0,0.0,0.0,0.0,0.0,0.0,0.0,0.0,0.0,0.0,0.0,1,1,0
1232,0.9998726,0.9983673,-0.0015053000000000427,0.999818,0.9976675,-0.002150499999999944,1.0,1.0,0.0,0.0,0.0,0.0,0.0,0.0,0.0,0.0,0.0,0.0,1,1,0
1233,0.9912371,0.97749996,-0.013737140000000037,0.98748153,1.0,0.012518469999999948,1.0,0.925,-0.07499999999999996,0.0,0.0,0.0,0.0,0.0,0.0,0.0,0.0,0.0,1,1,0
1234,1.0,1.0,0.0,1.0,1.0,0.0,1.0,1.0,0.0,0.0,0.0,0.0,0.0,0.0,0.0,0.0,0.0,0.0,1,1,0
1235,0.96625006,0.9029547,-0.06329536000000002,1.0000001,0.86136377,-0.13863633000000009,0.8875,1.0,0.11250000000000004,0.0,0.0,0.0,0.0,0.0,0.0,0.0,0.0,0.0,1,1,0
1236,0.94957227,0.9745474,0.024975129999999957,0.9761747,0.9636392,-0.012535499999999922,0.8875,1.0,0.11250000000000004,0.0,0.0,0.0,0.0,0.0,0.0,0.0,0.0,0.0,1,1,0
1237,0.9829931,0.0,-0.9829931,0.9757044,0.9757044,0.0,1.0,1.0,0.0,0.0,1.0,1.0,0.0,1.0,1.0,0.0,0.0,0.0,1,0,-1
1238,1.0,1.0,0.0,1.0,1.0,0.0,1.0,1.0,0.0,0.0,0.0,0.0,0.0,0.0,0.0,0.0,0.0,0.0,1,1,0
1239,0.97749996,0.9499027,-0.027597259999999957,0.99999994,0.92843246,-0.07156748000000002,0.925,1.0,0.07499999999999996,0.0,0.0,0.0,0.0,0.0,0.0,0.0,0.0,0.0,1,1,0
1240,0.90603846,0.9172886,0.01125014000000002,0.9139836,0.9139836,0.0,0.8875,0.925,0.03750000000000009,0.0,0.0,0.0,0.0,0.0,0.0,0.0,0.0,0.0,1,1,0
1241,1.0,1.0,0.0,1.0,1.0,0.0,1.0,1.0,0.0,0.0,0.0,0.0,0.0,0.0,0.0,0.0,0.0,0.0,1,1,0
1242,0.97749996,1.0,0.022500040000000054,0.99999994,0.99999994,0.0,0.925,1.0,0.07499999999999996,0.0,0.0,0.0,0.0,0.0,0.0,0.0,0.0,0.0,1,1,0
1243,0.9761093,0.99207956,0.015970260000000014,0.9658704,0.988685,0.022814600000000018,1.0,1.0,0.0,0.0,0.0,0.0,0.0,0.0,0.0,0.0,0.0,0.0,1,1,0
1244,1.0,1.0,0.0,1.0,1.0,0.0,1.0,1.0,0.0,0.0,0.0,0.0,0.0,0.0,0.0,0.0,0.0,0.0,1,1,0
1245,1.0,1.0,0.0,1.0,1.0,0.0,1.0,1.0,0.0,0.0,0.0,0.0,0.0,0.0,0.0,0.0,0.0,0.0,1,1,0
1246,0.96250004,0.857253,-0.10524703999999996,1.0,0.7960757,-0.20392429999999995,0.875,1.0,0.125,0.0,0.0,0.0,0.0,0.0,0.0,0.0,0.0,0.0,1,1,0
1247,0.93070954,0.94739306,0.016683520000000063,0.9010136,0.92484725,0.02383365000000004,1.0,1.0,0.0,0.0,0.0,0.0,0.0,0.0,0.0,0.0,0.0,0.0,1,1,0
1248,1.0,1.0,0.0,1.0,1.0,0.0,1.0,1.0,0.0,0.0,0.0,0.0,0.0,0.0,0.0,0.0,0.0,0.0,1,1,0
1249,1.0,1.0,0.0,1.0,1.0,0.0,1.0,1.0,0.0,0.0,0.0,0.0,0.0,0.0,0.0,0.0,0.0,0.0,1,1,0
1250,0.9386522,0.9386522,0.0,0.9123603,0.9123603,0.0,1.0,1.0,0.0,0.0,0.0,0.0,0.0,0.0,0.0,0.0,0.0,0.0,1,1,0
1251,1.0,1.0,0.0,1.0,1.0,0.0,1.0,1.0,0.0,0.0,0.0,0.0,0.0,0.0,0.0,0.0,0.0,0.0,1,1,0
1252,0.8871843,0.9648722,0.07768789999999992,0.88704896,0.9498173,0.06276833999999998,0.8875,1.0,0.11250000000000004,0.0,0.0,0.0,0.0,0.0,0.0,0.0,0.0,0.0,1,1,0
1253,1.0,0.97375005,-0.026249949999999966,1.0,1.0,0.0,1.0,0.9125,-0.08750000000000002,0.0,0.0,0.0,0.0,0.0,0.0,0.0,0.0,0.0,1,1,0
1254,0.91255015,0.8476629,-0.06488724999999995,0.9125717,0.82523274,-0.08733895999999997,0.9125,0.90000004,-0.012499959999999977,0.0,0.0,0.0,0.0,0.0,0.0,0.0,0.0,0.0,1,1,0
1255,0.9552507,0.96419317,0.008942470000000036,0.93607235,0.9488474,0.01277505000000001,1.0,1.0,0.0,0.0,0.0,0.0,0.0,0.0,0.0,0.0,0.0,0.0,1,1,0
1256,0.86105484,0.8896471,0.028592260000000036,0.8550783,0.89056724,0.035488940000000024,0.875,0.8875,0.012499999999999956,0.0,0.0,0.0,0.0,0.0,0.0,0.0,0.0,0.0,1,1,0
1257,0.9170637,1.0,0.08293629999999996,0.94580525,1.0,0.05419474999999996,0.85,1.0,0.15000000000000002,0.0,0.0,0.0,0.0,0.0,0.0,0.0,0.0,0.0,1,1,0
1258,0.94785213,0.94785213,0.0,0.92550313,0.92550313,0.0,1.0,1.0,0.0,0.0,0.0,0.0,0.0,0.0,0.0,0.0,0.0,0.0,1,1,0
1259,0.9460966,0.9550455,0.008948900000000037,0.9229951,0.9357794,0.012784300000000082,1.0,1.0,0.0,0.0,0.0,0.0,0.0,0.0,0.0,0.0,0.0,0.0,1,1,0
1260,1.0,1.0,0.0,1.0,1.0,0.0,1.0,1.0,0.0,0.0,0.0,0.0,0.0,0.0,0.0,0.0,0.0,0.0,1,1,0
1261,1.0,1.0,0.0,1.0,1.0,0.0,1.0,1.0,0.0,0.0,0.0,0.0,0.0,0.0,0.0,0.0,0.0,0.0,1,1,0
1262,0.8774315,0.8811814,0.0037498999999999727,0.89990205,0.89990205,0.0,0.825,0.83750004,0.012500040000000046,0.0,0.0,0.0,0.0,0.0,0.0,0.0,0.0,0.0,1,1,0
1263,0.93937415,0.8595198,-0.07985435000000007,0.91339165,0.7993139,-0.11407774999999998,1.0,1.0,0.0,0.0,0.0,0.0,0.0,0.0,0.0,0.0,0.0,0.0,1,1,0
1264,0.9159603,0.89172345,-0.024236849999999976,0.9603005,0.8453192,-0.11498129999999995,0.8125,1.0,0.1875,0.0,0.0,0.0,0.0,0.0,0.0,0.0,0.0,0.0,1,1,0
1265,0.9307793,0.9483057,0.017526400000000053,0.9011132,0.926151,0.0250378,1.0,1.0,0.0,0.0,0.0,0.0,0.0,0.0,0.0,0.0,0.0,0.0,1,1,0
1266,0.9690097,0.93814576,-0.030863939999999923,0.9557281,0.91163677,-0.044091329999999984,1.0,1.0,0.0,0.0,0.0,0.0,0.0,0.0,0.0,0.0,0.0,0.0,1,1,0
1267,1.0,1.0,0.0,1.0,1.0,0.0,1.0,1.0,0.0,0.0,0.0,0.0,0.0,0.0,0.0,0.0,0.0,0.0,1,1,0
1268,1.0,1.0,0.0,1.0,1.0,0.0,1.0,1.0,0.0,0.0,0.0,0.0,0.0,0.0,0.0,0.0,0.0,0.0,1,1,0
1269,0.940625,1.0,0.059374999999999956,0.97410715,1.0,0.025892849999999967,0.8625,1.0,0.13749999999999996,0.0,0.0,0.0,0.0,0.0,0.0,0.0,0.0,0.0,1,1,0
1270,1.0,1.0,0.0,1.0,1.0,0.0,1.0,1.0,0.0,0.0,0.0,0.0,0.0,0.0,0.0,0.0,0.0,0.0,1,1,0
1271,0.9560663,0.89355177,-0.06251453000000007,0.9372376,0.9122167,-0.025020900000000013,1.0,0.85,-0.15000000000000002,0.0,0.0,0.0,0.0,0.0,0.0,0.0,0.0,0.0,1,1,0
1272,0.0,0.0,0.0,1.0,1.0,0.0,1.0,1.0,0.0,1.0,1.0,0.0,1.0,1.0,0.0,0.0,0.0,0.0,0,0,0
1273,0.96625006,0.9821831,0.015933039999999954,1.0,0.9745473,-0.025452699999999995,0.8875,1.0,0.11250000000000004,0.0,0.0,0.0,0.0,0.0,0.0,0.0,0.0,0.0,1,1,0
1274,0.9336702,1.0,0.0663298,0.937386,0.99999994,0.06261393999999998,0.925,1.0,0.07499999999999996,0.0,0.0,0.0,0.0,0.0,0.0,0.0,0.0,0.0,1,1,0
1275,0.93221724,0.8579342,-0.07428303999999997,0.9031675,0.79704887,-0.10611862999999999,1.0,1.0,0.0,0.0,0.0,0.0,0.0,0.0,0.0,0.0,0.0,0.0,1,1,0
1276,0.9100689,0.9425654,0.03249650000000004,0.9250984,0.9500934,0.02499499999999999,0.875,0.925,0.050000000000000044,0.0,0.0,0.0,0.0,0.0,0.0,0.0,0.0,0.0,1,1,0
1277,1.0,1.0,0.0,1.0,1.0,0.0,1.0,1.0,0.0,0.0,0.0,0.0,0.0,0.0,0.0,0.0,0.0,0.0,1,1,0
1278,0.92135155,0.92135155,0.0,0.887645,0.887645,0.0,1.0,1.0,0.0,0.0,0.0,0.0,0.0,0.0,0.0,0.0,0.0,0.0,1,1,0
1279,0.9804927,0.96133786,-0.019154840000000006,0.97213244,0.9447683,-0.02736413999999998,1.0,1.0,0.0,0.0,0.0,0.0,0.0,0.0,0.0,0.0,0.0,0.0,1,1,0
1280,0.8807551,0.89044744,0.009692339999999966,0.8296502,0.8434964,0.01384620000000003,1.0,1.0,0.0,0.0,0.0,0.0,0.0,0.0,0.0,0.0,0.0,0.0,1,1,0
1281,1.0,1.0,0.0,1.0,1.0,0.0,1.0,1.0,0.0,0.0,0.0,0.0,0.0,0.0,0.0,0.0,0.0,0.0,1,1,0
1282,0.93986225,0.9312539,-0.008608350000000042,0.91408896,0.90179133,-0.012297629999999948,1.0,1.0,0.0,0.0,0.0,0.0,0.0,0.0,0.0,0.0,0.0,0.0,1,1,0
1283,1.0,1.0,0.0,0.99999994,0.99999994,0.0,1.0,1.0,0.0,0.0,0.0,0.0,0.0,0.0,0.0,0.0,0.0,0.0,1,1,0
1284,0.97749996,1.0,0.022500040000000054,1.0,1.0,0.0,0.925,1.0,0.07499999999999996,0.0,0.0,0.0,0.0,0.0,0.0,0.0,0.0,0.0,1,1,0
1285,0.94161874,0.9301158,-0.011502939999999962,0.91659826,0.90016544,-0.016432820000000015,1.0,1.0,0.0,0.0,0.0,0.0,0.0,0.0,0.0,0.0,0.0,0.0,1,1,0
1286,1.0,1.0,0.0,1.0,1.0,0.0,1.0,1.0,0.0,0.0,0.0,0.0,0.0,0.0,0.0,0.0,0.0,0.0,1,1,0
1287,1.0,1.0,0.0,1.0,1.0,0.0,1.0,1.0,0.0,0.0,0.0,0.0,0.0,0.0,0.0,0.0,0.0,0.0,1,1,0
1288,1.0,1.0,0.0,0.99999994,0.99999994,0.0,1.0,1.0,0.0,0.0,0.0,0.0,0.0,0.0,0.0,0.0,0.0,0.0,1,1,0
1289,0.89918995,0.93911046,0.039920509999999965,0.88812846,0.91301495,0.024886489999999983,0.925,1.0,0.07499999999999996,0.0,0.0,0.0,0.0,0.0,0.0,0.0,0.0,0.0,1,1,0
1290,0.9123438,0.92985266,0.01750885999999996,0.8747768,0.89978963,0.025012829999999986,1.0,1.0,0.0,0.0,0.0,0.0,0.0,0.0,0.0,0.0,0.0,0.0,1,1,0
1291,1.0,1.0,0.0,1.0,1.0,0.0,1.0,1.0,0.0,0.0,0.0,0.0,0.0,0.0,0.0,0.0,0.0,0.0,1,1,0
1292,0.903158,0.9416289,0.038470899999999975,0.9152258,0.9648268,0.049601000000000006,0.875,0.8875,0.012499999999999956,0.0,0.0,0.0,0.0,0.0,0.0,0.0,0.0,0.0,1,1,0
1293,1.0,1.0,0.0,1.0,1.0,0.0,1.0,1.0,0.0,0.0,0.0,0.0,0.0,0.0,0.0,0.0,0.0,0.0,1,1,0
1294,0.0,0.9473009,0.9473009,1.0,0.9247155,-0.07528449999999998,0.91139245,1.0,0.08860754999999998,1.0,0.0,-1.0,1.0,0.0,-1.0,0.0,0.0,0.0,0,1,1
1295,0.98136055,0.9626822,-0.018678349999999955,0.9733722,0.94668883,-0.026683369999999984,1.0,1.0,0.0,0.0,0.0,0.0,0.0,0.0,0.0,0.0,0.0,0.0,1,1,0
1296,0.8872572,0.9297659,0.042508700000000066,0.8871532,0.89966565,0.012512450000000008,0.8875,1.0,0.11250000000000004,0.0,0.0,0.0,0.0,0.0,0.0,0.0,0.0,0.0,1,1,0
1297,0.98252124,0.98252124,0.0,0.9750303,0.9750303,0.0,1.0,1.0,0.0,0.0,0.0,0.0,0.0,0.0,0.0,0.0,0.0,0.0,1,1,0
1298,0.8102604,0.8754284,0.065168,0.80930054,0.8220406,0.012740060000000053,0.8125,1.0,0.1875,0.0,0.0,0.0,0.0,0.0,0.0,0.0,0.0,0.0,1,1,0
1299,1.0,1.0,0.0,1.0,1.0,0.0,1.0,1.0,0.0,0.0,0.0,0.0,0.0,0.0,0.0,0.0,0.0,0.0,1,1,0
1300,0.87883836,0.8603031,-0.018535260000000053,0.826912,0.80043304,-0.02647895999999994,1.0,1.0,0.0,0.0,0.0,0.0,0.0,0.0,0.0,0.0,0.0,0.0,1,1,0
1301,0.97749996,1.0,0.022500040000000054,1.0,1.0,0.0,0.925,1.0,0.07499999999999996,0.0,0.0,0.0,0.0,0.0,0.0,0.0,0.0,0.0,1,1,0
1302,1.0,1.0,0.0,1.0,1.0,0.0,1.0,1.0,0.0,0.0,0.0,0.0,0.0,0.0,0.0,0.0,0.0,0.0,1,1,0
1303,0.93119764,0.93119764,0.0,0.9017109,0.9017109,0.0,1.0,1.0,0.0,0.0,0.0,0.0,0.0,0.0,0.0,0.0,0.0,0.0,1,1,0
1304,1.0,1.0,0.0,1.0,1.0,0.0,1.0,1.0,0.0,0.0,0.0,0.0,0.0,0.0,0.0,0.0,0.0,0.0,1,1,0
1305,1.0,1.0,0.0,1.0,1.0,0.0,1.0,1.0,0.0,0.0,0.0,0.0,0.0,0.0,0.0,0.0,0.0,0.0,1,1,0
1306,1.0,1.0,0.0,1.0,1.0,0.0,1.0,1.0,0.0,0.0,0.0,0.0,0.0,0.0,0.0,0.0,0.0,0.0,1,1,0
1307,0.92893755,0.99980605,0.0708685,0.94669646,0.99972296,0.05302650000000009,0.8875,1.0,0.11250000000000004,0.0,0.0,0.0,0.0,0.0,0.0,0.0,0.0,0.0,1,1,0
1308,0.98398554,0.98398554,0.0,0.9771222,0.9771222,0.0,1.0,1.0,0.0,0.0,0.0,0.0,0.0,0.0,0.0,0.0,0.0,0.0,1,1,0
1309,1.0,1.0,0.0,1.0,1.0,0.0,1.0,1.0,0.0,0.0,0.0,0.0,0.0,0.0,0.0,0.0,0.0,0.0,1,1,0
1310,0.0,1.0,1.0,0.24377638,0.99999994,0.75622356,0.8888889,1.0,0.11111110000000002,1.0,0.0,-1.0,1.0,0.0,-1.0,0.0,0.0,0.0,0,1,1
1311,0.97749996,1.0,0.022500040000000054,0.99999994,0.99999994,0.0,0.925,1.0,0.07499999999999996,0.0,0.0,0.0,0.0,0.0,0.0,0.0,0.0,0.0,1,1,0
1312,1.0,1.0,0.0,1.0,1.0,0.0,1.0,1.0,0.0,0.0,0.0,0.0,0.0,0.0,0.0,0.0,0.0,0.0,1,1,0
1313,0.9214266,0.93017656,0.008749960000000057,0.8877522,0.9002522,0.012499999999999956,1.0,1.0,0.0,0.0,0.0,0.0,0.0,0.0,0.0,0.0,0.0,0.0,1,1,0
1314,0.95201856,0.9139984,-0.03802015999999997,0.931455,0.8771406,-0.054314399999999985,1.0,1.0,0.0,0.0,0.0,0.0,0.0,0.0,0.0,0.0,0.0,0.0,1,1,0
1315,0.9587223,0.9388322,-0.01989010000000002,0.96246046,0.9501174,-0.012343059999999961,0.95,0.9125,-0.03749999999999998,0.0,0.0,0.0,0.0,0.0,0.0,0.0,0.0,0.0,1,1,0
1316,1.0,1.0,0.0,1.0,1.0,0.0,1.0,1.0,0.0,0.0,0.0,0.0,0.0,0.0,0.0,0.0,0.0,0.0,1,1,0
1317,1.0,1.0,0.0,1.0,1.0,0.0,1.0,1.0,0.0,0.0,0.0,0.0,0.0,0.0,0.0,0.0,0.0,0.0,1,1,0
1318,0.6510362,1.0,0.34896380000000005,0.54969454,1.0000001,0.4503055600000001,0.8875,1.0,0.11250000000000004,0.0,0.0,0.0,0.0,0.0,0.0,0.0,0.0,0.0,1,1,0
1319,0.8939013,0.9206895,0.02678820000000004,0.8484304,0.88669926,0.03826885999999996,1.0,1.0,0.0,0.0,0.0,0.0,0.0,0.0,0.0,0.0,0.0,0.0,1,1,0
1320,0.8724007,0.8067741,-0.06562659999999998,0.9730724,0.9596772,-0.01339519999999994,0.6375,0.45000002,-0.18749997999999996,0.0,0.0,0.0,0.0,0.0,0.0,0.0,0.0,0.0,1,1,0
1321,0.93825704,0.9647156,0.02645856000000002,0.91179574,0.9495936,0.03779786000000007,1.0,1.0,0.0,0.0,0.0,0.0,0.0,0.0,0.0,0.0,0.0,0.0,1,1,0
1322,0.866885,0.8560036,-0.010881400000000041,0.8580501,0.7942909,-0.06375920000000002,0.8875,1.0,0.11250000000000004,0.0,0.0,0.0,0.0,0.0,0.0,0.0,0.0,0.0,1,1,0
1323,1.0,1.0,0.0,1.0,1.0,0.0,1.0,1.0,0.0,0.0,0.0,0.0,0.0,0.0,0.0,0.0,0.0,0.0,1,1,0
1324,0.91815245,0.9576792,0.039526749999999944,0.9152178,0.93954176,0.024323960000000033,0.925,1.0,0.07499999999999996,0.0,0.0,0.0,0.0,0.0,0.0,0.0,0.0,0.0,1,1,0
1325,0.95721895,0.92952627,-0.027692680000000025,0.93888426,0.8993232,-0.03956106000000004,1.0,1.0,0.0,0.0,0.0,0.0,0.0,0.0,0.0,0.0,0.0,0.0,1,1,0
1326,0.8119421,0.89875,0.08680790000000005,0.8759888,1.0,0.12401119999999999,0.6625,0.6625,0.0,0.0,0.0,0.0,0.0,0.0,0.0,0.0,0.0,0.0,1,1,0
1327,0.0,0.9044382,0.9044382,0.99999994,0.92776877,-0.07223117000000001,0.8831169,0.85,-0.033116900000000005,0.0,0.0,0.0,1.0,0.0,-1.0,0.0,0.0,0.0,0,1,1
1328,0.87404025,0.9692098,0.09516955000000005,0.82005745,0.956014,0.13595655000000006,1.0,1.0,0.0,0.0,0.0,0.0,0.0,0.0,0.0,0.0,0.0,0.0,1,1,0
1329,1.0,1.0,0.0,1.0,1.0,0.0,1.0,1.0,0.0,0.0,0.0,0.0,0.0,0.0,0.0,0.0,0.0,0.0,1,1,0
1330,0.96625006,1.0,0.03374993999999998,1.0,1.0,0.0,0.8875,1.0,0.11250000000000004,0.0,0.0,0.0,0.0,0.0,0.0,0.0,0.0,0.0,1,1,0
1331,0.9585251,0.9669083,0.008383200000000035,0.9407502,0.9527261,0.01197590000000004,1.0,1.0,0.0,0.0,0.0,0.0,0.0,0.0,0.0,0.0,0.0,0.0,1,1,0
1332,0.9351792,0.99329674,0.05811754000000002,0.9609702,0.99042386,0.029453660000000048,0.875,1.0,0.125,0.0,0.0,0.0,0.0,0.0,0.0,0.0,0.0,0.0,1,1,0
1333,0.8304802,0.79194874,-0.03853145999999996,0.84890026,0.7509982,-0.09790206000000001,0.7875,0.8875,0.09999999999999998,0.0,0.0,0.0,0.0,0.0,0.0,0.0,0.0,0.0,1,1,0
1334,0.9169728,0.98282164,0.06584884000000002,0.9510326,0.97545946,0.02442685999999994,0.83750004,1.0,0.16249996,0.0,0.0,0.0,0.0,0.0,0.0,0.0,0.0,0.0,1,1,0
1335,0.89414257,0.8786389,-0.01550366999999997,0.90234655,0.826627,-0.07571954999999997,0.875,1.0,0.125,0.0,0.0,0.0,0.0,0.0,0.0,0.0,0.0,0.0,1,1,0
1336,0.9825392,1.0,0.017460800000000054,0.97505593,1.0,0.024944069999999985,1.0,1.0,0.0,0.0,0.0,0.0,0.0,0.0,0.0,0.0,0.0,0.0,1,1,0
1337,1.0,1.0,0.0,1.0,1.0,0.0,1.0,1.0,0.0,0.0,0.0,0.0,0.0,0.0,0.0,0.0,0.0,0.0,1,1,0
1338,0.9127771,0.947732,0.03495490000000001,0.8753959,0.9253313,0.04993539999999996,1.0,1.0,0.0,0.0,0.0,0.0,0.0,0.0,0.0,0.0,0.0,0.0,1,1,0
1339,0.92735857,0.9399096,0.012551030000000019,0.9497979,0.9623709,0.012573000000000056,0.875,0.8875,0.012499999999999956,0.0,0.0,0.0,0.0,0.0,0.0,0.0,0.0,0.0,1,1,0
1340,1.0,1.0,0.0,1.0,1.0,0.0,1.0,1.0,0.0,0.0,0.0,0.0,0.0,0.0,0.0,0.0,0.0,0.0,1,1,0
1341,0.91413623,0.91413623,0.0,0.93090886,0.93090886,0.0,0.875,0.875,0.0,0.0,0.0,0.0,0.0,0.0,0.0,0.0,0.0,0.0,1,1,0
1342,0.9050295,0.9694544,0.06442490000000001,0.9178992,0.9563634,0.03846419999999995,0.875,1.0,0.125,0.0,0.0,0.0,0.0,0.0,0.0,0.0,0.0,0.0,1,1,0
1343,0.9428393,0.88736516,-0.05547414000000006,0.91834193,0.83909315,-0.07924878000000002,1.0,1.0,0.0,0.0,0.0,0.0,0.0,0.0,0.0,0.0,0.0,0.0,1,1,0
1344,0.9735033,0.9244547,-0.0490486,0.96214753,0.9242209,-0.03792662999999996,1.0,0.925,-0.07499999999999996,0.0,0.0,0.0,0.0,0.0,0.0,0.0,0.0,0.0,1,1,0
1345,0.8843048,0.78547925,-0.09882555000000004,0.8347212,0.6935417,-0.1411795,1.0,1.0,0.0,0.0,0.0,0.0,0.0,0.0,0.0,0.0,0.0,0.0,1,1,0
1346,1.0,1.0,0.0,1.0,1.0,0.0,1.0,1.0,0.0,0.0,0.0,0.0,0.0,0.0,0.0,0.0,0.0,0.0,1,1,0
1347,1.0,0.9563199,-0.0436801,1.0,0.93759984,-0.06240016000000004,1.0,1.0,0.0,0.0,0.0,0.0,0.0,0.0,0.0,0.0,0.0,0.0,1,1,0
1348,1.0,1.0,0.0,1.0,1.0,0.0,1.0,1.0,0.0,0.0,0.0,0.0,0.0,0.0,0.0,0.0,0.0,0.0,1,1,0
1349,0.8488318,0.87256664,0.023734839999999924,0.8376168,0.85009515,0.012478349999999971,0.875,0.925,0.050000000000000044,0.0,0.0,0.0,0.0,0.0,0.0,0.0,0.0,0.0,1,1,0
1350,0.91038114,0.94615126,0.035770120000000016,0.8719731,0.92307323,0.05110013000000002,1.0,1.0,0.0,0.0,0.0,0.0,0.0,0.0,0.0,0.0,0.0,0.0,1,1,0
1351,0.9999194,0.9999194,0.0,0.9998849,0.9998849,0.0,1.0,1.0,0.0,0.0,0.0,0.0,0.0,0.0,0.0,0.0,0.0,0.0,1,1,0
1352,0.88488626,0.89115256,0.006266299999999947,0.88912326,0.87664646,-0.012476799999999955,0.875,0.925,0.050000000000000044,0.0,0.0,0.0,0.0,0.0,0.0,0.0,0.0,0.0,1,1,0
1353,0.95621854,0.9737255,0.01750696000000007,0.937455,0.9624651,0.025010099999999924,1.0,1.0,0.0,0.0,0.0,0.0,0.0,0.0,0.0,0.0,0.0,0.0,1,1,0
1354,0.92133284,0.93877715,0.017444309999999907,0.8876183,0.9125387,0.024920400000000065,1.0,1.0,0.0,0.0,0.0,0.0,0.0,0.0,0.0,0.0,0.0,0.0,1,1,0
1355,1.0,1.0,0.0,1.0,1.0,0.0,1.0,1.0,0.0,0.0,0.0,0.0,0.0,0.0,0.0,0.0,0.0,0.0,1,1,0
1356,1.0,0.9653414,-0.034658599999999984,1.0,0.9504876,-0.04951240000000001,1.0,1.0,0.0,0.0,0.0,0.0,0.0,0.0,0.0,0.0,0.0,0.0,1,1,0
1357,1.0,1.0,0.0,1.0,1.0,0.0,1.0,1.0,0.0,0.0,0.0,0.0,0.0,0.0,0.0,0.0,0.0,0.0,1,1,0
1358,0.8483864,0.90336144,0.054975039999999975,0.8744804,0.86194485,-0.012535550000000062,0.7875,1.0,0.21250000000000002,0.0,0.0,0.0,0.0,0.0,0.0,0.0,0.0,0.0,1,1,0
1359,0.93198127,0.9410634,0.009082130000000022,0.9349733,0.9479477,0.012974399999999942,0.925,0.925,0.0,0.0,0.0,0.0,0.0,0.0,0.0,0.0,0.0,0.0,1,1,0
1360,1.0,1.0,0.0,1.0,1.0,0.0,1.0,1.0,0.0,0.0,0.0,0.0,0.0,0.0,0.0,0.0,0.0,0.0,1,1,0
1361,0.97749996,1.0,0.022500040000000054,1.0,1.0,0.0,0.925,1.0,0.07499999999999996,0.0,0.0,0.0,0.0,0.0,0.0,0.0,0.0,0.0,1,1,0
1362,0.9791085,0.9097477,-0.0693608,0.970155,0.87106806,-0.09908693999999996,1.0,1.0,0.0,0.0,0.0,0.0,0.0,0.0,0.0,0.0,0.0,0.0,1,1,0
1363,1.0,1.0,0.0,1.0,1.0,0.0,1.0,1.0,0.0,0.0,0.0,0.0,0.0,0.0,0.0,0.0,0.0,0.0,1,1,0
1364,1.0,0.89512646,-0.10487354000000004,1.0,0.8501806,-0.14981940000000005,1.0,1.0,0.0,0.0,0.0,0.0,0.0,0.0,0.0,0.0,0.0,0.0,1,1,0
1365,0.0,0.0,0.0,1.0,1.0,0.0,1.0,1.0,0.0,1.0,1.0,0.0,1.0,1.0,0.0,0.0,0.0,0.0,0,0,0
1366,0.96999997,0.97749996,0.007499989999999901,1.0,1.0,0.0,0.90000004,0.925,0.024999960000000043,0.0,0.0,0.0,0.0,0.0,0.0,0.0,0.0,0.0,1,1,0
1367,0.9130235,0.87052137,-0.04250213000000003,0.8757478,0.86324483,-0.012502970000000002,1.0,0.8875,-0.11250000000000004,0.0,0.0,0.0,0.0,0.0,0.0,0.0,0.0,0.0,1,1,0
1368,1.0,1.0,0.0,1.0,1.0,0.0,1.0,1.0,0.0,0.0,0.0,0.0,0.0,0.0,0.0,0.0,0.0,0.0,1,1,0
1369,1.0,1.0,0.0,1.0,1.0,0.0,1.0,1.0,0.0,0.0,0.0,0.0,0.0,0.0,0.0,0.0,0.0,0.0,1,1,0
1370,0.9429407,0.9320428,-0.010897900000000016,0.95062965,0.9029183,-0.04771135000000004,0.925,1.0,0.07499999999999996,0.0,0.0,0.0,0.0,0.0,0.0,0.0,0.0,0.0,1,1,0
1371,1.0,1.0,0.0,1.0,1.0,0.0,1.0,1.0,0.0,0.0,0.0,0.0,0.0,0.0,0.0,0.0,0.0,0.0,1,1,0
1372,1.0,1.0,0.0,1.0,1.0,0.0,1.0,1.0,0.0,0.0,0.0,0.0,0.0,0.0,0.0,0.0,0.0,0.0,1,1,0
1373,1.0,1.0,0.0,1.0,1.0,0.0,1.0,1.0,0.0,0.0,0.0,0.0,0.0,0.0,0.0,0.0,0.0,0.0,1,1,0
1374,1.0,1.0,0.0,1.0,1.0,0.0,1.0,1.0,0.0,0.0,0.0,0.0,0.0,0.0,0.0,0.0,0.0,0.0,1,1,0
1375,1.0,1.0,0.0,1.0,1.0,0.0,1.0,1.0,0.0,0.0,0.0,0.0,0.0,0.0,0.0,0.0,0.0,0.0,1,1,0
1376,0.96625006,0.94859314,-0.017656920000000076,1.0,0.9587044,-0.04129559999999999,0.8875,0.925,0.03750000000000009,0.0,0.0,0.0,0.0,0.0,0.0,0.0,0.0,0.0,1,1,0
1377,1.0,1.0,0.0,1.0,1.0,0.0,1.0,1.0,0.0,0.0,0.0,0.0,0.0,0.0,0.0,0.0,0.0,0.0,1,1,0
1378,0.0,0.0,0.0,0.0043420875,0.00929057,0.0049484824999999994,1.0,1.0,0.0,1.0,1.0,0.0,1.0,1.0,0.0,0.0,0.0,0.0,0,0,0
1379,0.91326904,0.92990124,0.016632199999999986,0.87609863,0.8998589,0.023760270000000028,1.0,1.0,0.0,0.0,0.0,0.0,0.0,0.0,0.0,0.0,0.0,0.0,1,1,0
1380,0.9124632,0.8493921,-0.06307110000000005,0.8749475,0.83841735,-0.03653015000000004,1.0,0.875,-0.125,0.0,0.0,0.0,0.0,0.0,0.0,0.0,0.0,0.0,1,1,0
1381,0.99591124,0.99962455,0.0037133099999999697,0.99415886,0.9994636,0.00530474000000003,1.0,1.0,0.0,0.0,0.0,0.0,0.0,0.0,0.0,0.0,0.0,0.0,1,1,0
1382,1.0,1.0,0.0,1.0,1.0,0.0,1.0,1.0,0.0,0.0,0.0,0.0,0.0,0.0,0.0,0.0,0.0,0.0,1,1,0
1383,0.9320883,0.9362974,0.004209099999999966,0.9351262,0.9089962,-0.026129999999999987,0.925,1.0,0.07499999999999996,0.0,0.0,0.0,0.0,0.0,0.0,0.0,0.0,0.0,1,1,0
1384,0.9838886,0.89093155,-0.09295704999999999,0.97698367,0.84418786,-0.13279580999999996,1.0,1.0,0.0,0.0,0.0,0.0,0.0,0.0,0.0,0.0,0.0,0.0,1,1,0
1385,0.8903837,0.8921885,0.0018048000000000508,0.89697665,0.84598356,-0.050993090000000074,0.875,1.0,0.125,0.0,0.0,0.0,0.0,0.0,0.0,0.0,0.0,0.0,1,1,0
1386,0.8848395,0.94750005,0.06266055000000004,0.8997707,1.0,0.10022929999999997,0.85,0.825,-0.025000000000000022,0.0,0.0,0.0,0.0,0.0,0.0,0.0,0.0,0.0,1,1,0
1387,1.0,1.0,0.0,0.99999994,0.99999994,0.0,1.0,1.0,0.0,0.0,0.0,0.0,0.0,0.0,0.0,0.0,0.0,0.0,1,1,0
1388,0.92252314,0.95874995,0.03622680999999994,0.9375331,0.99999994,0.06246684000000002,0.8875,0.8625,-0.02499999999999991,0.0,0.0,0.0,0.0,0.0,0.0,0.0,0.0,0.0,1,1,0
1389,1.0,1.0,0.0,1.0,1.0,0.0,1.0,1.0,0.0,0.0,0.0,0.0,0.0,0.0,0.0,0.0,0.0,0.0,1,1,0
1390,0.9572755,0.99102557,0.033750070000000076,0.9871793,0.9871793,0.0,0.8875,1.0,0.11250000000000004,0.0,0.0,0.0,0.0,0.0,0.0,0.0,0.0,0.0,1,1,0
1391,0.91264784,0.9464922,0.03384436000000002,0.9234254,0.96106017,0.03763477000000004,0.8875,0.9125,0.025000000000000022,0.0,0.0,0.0,0.0,0.0,0.0,0.0,0.0,0.0,1,1,0
1392,0.92955226,0.8744957,-0.05505656000000003,0.8993605,0.8207082,-0.07865230000000001,1.0,1.0,0.0,0.0,0.0,0.0,0.0,0.0,0.0,0.0,0.0,0.0,1,1,0
1393,0.97749996,0.9780637,0.0005637400000000348,1.0,0.9686624,-0.031337599999999965,0.925,1.0,0.07499999999999996,0.0,0.0,0.0,0.0,0.0,0.0,0.0,0.0,0.0,1,1,0
1394,0.9127288,0.9476313,0.03490249999999995,0.8753268,0.92518747,0.04986067000000005,1.0,1.0,0.0,0.0,0.0,0.0,0.0,0.0,0.0,0.0,0.0,0.0,1,1,0
1395,0.9417934,0.9417934,0.0,0.91684765,0.91684765,0.0,1.0,1.0,0.0,0.0,0.0,0.0,0.0,0.0,0.0,0.0,0.0,0.0,1,1,0
1396,0.9212658,0.95628756,0.03502176000000001,0.8875225,0.9375536,0.050031099999999995,1.0,1.0,0.0,0.0,0.0,0.0,0.0,0.0,0.0,0.0,0.0,0.0,1,1,0
1397,0.9100248,0.88504964,-0.024975159999999996,0.90360683,0.83578527,-0.06782155999999995,0.925,1.0,0.07499999999999996,0.0,0.0,0.0,0.0,0.0,0.0,0.0,0.0,0.0,1,1,0
1398,0.98275644,0.8424479,-0.14030853999999993,0.97536635,0.7749256,-0.20044075000000006,1.0,1.0,0.0,0.0,0.0,0.0,0.0,0.0,0.0,0.0,0.0,0.0,1,1,0
1399,0.8863899,0.90227747,0.015887570000000073,0.88591427,0.8603964,-0.025517870000000054,0.8875,1.0,0.11250000000000004,0.0,0.0,0.0,0.0,0.0,0.0,0.0,0.0,0.0,1,1,0
1400,0.0,0.95036566,0.95036566,0.99999994,0.9290937,-0.07090624000000001,0.82432437,1.0,0.17567562999999997,1.0,0.0,-1.0,1.0,0.0,-1.0,0.0,0.0,0.0,0,1,1
1401,0.95413417,0.9755234,0.021389230000000037,0.98269176,0.9650334,-0.017658359999999984,0.8875,1.0,0.11250000000000004,0.0,0.0,0.0,0.0,0.0,0.0,0.0,0.0,0.0,1,1,0
1402,0.0,0.0,0.0,1.0,1.0,0.0,1.0,1.0,0.0,1.0,1.0,0.0,1.0,1.0,0.0,0.0,0.0,0.0,0,0,0
1403,0.9216753,0.9564549,0.03477960000000002,0.88810766,0.93779266,0.04968499999999998,1.0,1.0,0.0,0.0,0.0,0.0,0.0,0.0,0.0,0.0,0.0,0.0,1,1,0
1404,0.9737358,0.92103875,-0.05269705000000002,0.96247965,0.88719815,-0.0752815,1.0,1.0,0.0,0.0,0.0,0.0,0.0,0.0,0.0,0.0,0.0,0.0,1,1,0
1405,0.90498286,0.94749254,0.042509680000000105,0.9124755,0.9249893,0.01251380000000002,0.8875,1.0,0.11250000000000004,0.0,0.0,0.0,0.0,0.0,0.0,0.0,0.0,0.0,1,1,0
1406,0.95874995,0.95874995,0.0,1.0,1.0,0.0,0.8625,0.8625,0.0,0.0,0.0,0.0,0.0,0.0,0.0,0.0,0.0,0.0,1,1,0
1407,0.8450037,0.8212469,-0.023756800000000022,0.85893387,0.84642416,-0.012509710000000007,0.8125,0.7625,-0.050000000000000044,0.0,0.0,0.0,0.0,0.0,0.0,0.0,0.0,0.0,1,1,0
1408,1.0,0.8762088,-0.12379119999999999,1.0,0.8231554,-0.17684460000000002,1.0,1.0,0.0,0.0,0.0,0.0,0.0,0.0,0.0,0.0,0.0,0.0,1,1,0
1409,0.94905055,0.9828005,0.03374994999999992,0.97542924,0.97542924,0.0,0.8875,1.0,0.11250000000000004,0.0,0.0,0.0,0.0,0.0,0.0,0.0,0.0,0.0,1,1,0
1410,1.0,1.0,0.0,1.0,1.0,0.0,1.0,1.0,0.0,0.0,0.0,0.0,0.0,0.0,0.0,0.0,0.0,0.0,1,1,0
1411,0.96250004,0.94,-0.022500040000000054,1.0,1.0,0.0,0.875,0.8,-0.07499999999999996,0.0,0.0,0.0,0.0,0.0,0.0,0.0,0.0,0.0,1,1,0
1412,0.8621626,0.8809126,0.018750000000000044,0.862018,0.862018,0.0,0.8625,0.925,0.0625,0.0,0.0,0.0,0.0,0.0,0.0,0.0,0.0,0.0,1,1,0
1413,0.87566626,0.90230525,0.026638989999999918,0.82238024,0.8604361,0.03805586000000005,1.0,1.0,0.0,0.0,0.0,0.0,0.0,0.0,0.0,0.0,0.0,0.0,1,1,0
1414,0.89402217,0.9652721,0.07124993000000002,0.9503888,0.9503888,0.0,0.7625,1.0,0.23750000000000004,0.0,0.0,0.0,0.0,0.0,0.0,0.0,0.0,0.0,1,1,0
1415,1.0,0.965444,-0.03455600000000003,0.99999994,0.95063424,-0.04936570000000007,1.0,1.0,0.0,0.0,0.0,0.0,0.0,0.0,0.0,0.0,0.0,0.0,1,1,0
1416,1.0,1.0,0.0,1.0,1.0,0.0,1.0,1.0,0.0,0.0,0.0,0.0,0.0,0.0,0.0,0.0,0.0,0.0,1,1,0
1417,0.96250004,0.9784153,0.015915259999999987,0.99999994,0.9691648,-0.030835139999999983,0.875,1.0,0.125,0.0,0.0,0.0,0.0,0.0,0.0,0.0,0.0,0.0,1,1,0
1418,0.8802868,0.8840367,0.0037498999999999727,0.88790965,0.88790965,0.0,0.8625,0.875,0.012499999999999956,0.0,0.0,0.0,0.0,0.0,0.0,0.0,0.0,0.0,1,1,0
1419,0.9487013,0.95724356,0.008542260000000024,0.926716,0.93891937,0.012203370000000047,1.0,1.0,0.0,0.0,0.0,0.0,0.0,0.0,0.0,0.0,0.0,0.0,1,1,0
1420,0.9649782,0.87739104,-0.08758716,0.9499688,0.82484436,-0.1251244399999999,1.0,1.0,0.0,0.0,0.0,0.0,0.0,0.0,0.0,0.0,0.0,0.0,1,1,0
1421,0.0,0.0,0.0,1.0,1.0,0.0,1.0,1.0,0.0,1.0,1.0,0.0,1.0,1.0,0.0,0.0,0.0,0.0,0,0,0
1422,1.0,1.0,0.0,1.0,1.0,0.0,1.0,1.0,0.0,0.0,0.0,0.0,0.0,0.0,0.0,0.0,0.0,0.0,1,1,0
1423,1.0,1.0,0.0,1.0,1.0,0.0,1.0,1.0,0.0,0.0,0.0,0.0,0.0,0.0,0.0,0.0,0.0,0.0,1,1,0
1424,1.0,0.0,-1.0,1.0,1.0,0.0,1.0,1.0,0.0,0.0,0.0,0.0,0.0,0.0,0.0,0.0,1.0,1.0,1,0,-1
1425,0.96625006,0.9030472,-0.06320285999999997,1.0,0.9097102,-0.09028979999999998,0.8875,0.8875,0.0,0.0,0.0,0.0,0.0,0.0,0.0,0.0,0.0,0.0,1,1,0
1426,0.95300144,0.97168094,0.01867950000000007,0.93285924,0.9595442,0.02668495999999998,1.0,1.0,0.0,0.0,0.0,0.0,0.0,0.0,0.0,0.0,0.0,0.0,1,1,0
1427,0.9285385,0.9375038,0.008965299999999954,0.8979122,0.9107197,0.012807499999999972,1.0,1.0,0.0,0.0,0.0,0.0,0.0,0.0,0.0,0.0,0.0,0.0,1,1,0
1428,0.5490077,0.51897633,-0.03003137,0.35572526,0.31282333,-0.04290192999999998,1.0,1.0,0.0,0.0,0.0,0.0,0.0,0.0,0.0,0.0,0.0,0.0,1,1,0
1429,0.0,0.0,0.0,0.008587202,0.008587202,0.0,1.0,1.0,0.0,0.0,0.0,0.0,1.0,1.0,0.0,0.0,0.0,0.0,0,0,0
1430,1.0,0.9954857,-0.004514299999999971,0.99999994,0.9935509,-0.006449040000000017,1.0,1.0,0.0,0.0,0.0,0.0,0.0,0.0,0.0,0.0,0.0,0.0,1,1,0
1431,0.98125,1.0,0.018750000000000044,1.0,1.0,0.0,0.9375,1.0,0.0625,0.0,0.0,0.0,0.0,0.0,0.0,0.0,0.0,0.0,1,1,0
1432,0.92136526,0.9563053,0.03494004000000006,0.8876647,0.93757904,0.04991434000000006,1.0,1.0,0.0,0.0,0.0,0.0,0.0,0.0,0.0,0.0,0.0,0.0,1,1,0
1433,1.0,1.0,0.0,1.0,1.0,0.0,1.0,1.0,0.0,0.0,0.0,0.0,0.0,0.0,0.0,0.0,0.0,0.0,1,1,0
1434,0.90110743,0.8957934,-0.005314030000000081,0.85872483,0.88327616,0.024551329999999982,1.0,0.925,-0.07499999999999996,0.0,0.0,0.0,0.0,0.0,0.0,0.0,0.0,0.0,1,1,0
1435,1.0,1.0,0.0,1.0,1.0,0.0,1.0,1.0,0.0,0.0,0.0,0.0,0.0,0.0,0.0,0.0,0.0,0.0,1,1,0
1436,0.8357998,1.0,0.16420020000000002,0.87792826,1.0000001,0.12207184000000004,0.7375,1.0,0.26249999999999996,0.0,0.0,0.0,0.0,0.0,0.0,0.0,0.0,0.0,1,1,0
1437,0.9396864,0.97470456,0.03501816000000002,0.9138376,0.96386373,0.05002613,1.0,1.0,0.0,0.0,0.0,0.0,0.0,0.0,0.0,0.0,0.0,0.0,1,1,0
1438,1.0,1.0,0.0,1.0,1.0,0.0,1.0,1.0,0.0,0.0,0.0,0.0,0.0,0.0,0.0,0.0,0.0,0.0,1,1,0
1439,0.97375125,0.9824967,0.008745450000000043,0.9625018,0.97499514,0.01249334000000002,1.0,1.0,0.0,0.0,0.0,0.0,0.0,0.0,0.0,0.0,0.0,0.0,1,1,0
1440,0.8519549,0.8642252,0.012270300000000067,0.9010068,0.806036,-0.09497080000000002,0.7375,1.0,0.26249999999999996,0.0,0.0,0.0,0.0,0.0,0.0,0.0,0.0,0.0,1,1,0
1441,0.9299041,0.8874144,-0.042489699999999964,0.899863,0.8873776,-0.01248539999999998,1.0,0.8875,-0.11250000000000004,0.0,0.0,0.0,0.0,0.0,0.0,0.0,0.0,0.0,1,1,0
1442,0.9361588,0.91740876,-0.018750039999999912,0.9623696,0.9623696,0.0,0.875,0.8125,-0.0625,0.0,0.0,0.0,0.0,0.0,0.0,0.0,0.0,0.0,1,1,0
1443,0.91245174,0.9571123,0.04466056000000007,0.87493104,0.93873185,0.06380081000000004,1.0,1.0,0.0,0.0,0.0,0.0,0.0,0.0,0.0,0.0,0.0,0.0,1,1,0
1444,1.0,0.96625006,-0.03374993999999998,1.0,1.0,0.0,1.0,0.8875,-0.11250000000000004,0.0,0.0,0.0,0.0,0.0,0.0,0.0,0.0,0.0,1,1,0
1445,0.9467339,0.9822777,0.035543800000000014,0.9239055,0.97468233,0.050776829999999995,1.0,1.0,0.0,0.0,0.0,0.0,0.0,0.0,0.0,0.0,0.0,0.0,1,1,0
1446,0.88398916,0.89372426,0.009735099999999997,0.8342701,0.84817755,0.013907449999999932,1.0,1.0,0.0,0.0,0.0,0.0,0.0,0.0,0.0,0.0,0.0,0.0,1,1,0
1447,0.98232996,0.8742148,-0.10811515999999999,0.9747571,0.8203069,-0.1544502000000001,1.0,1.0,0.0,0.0,0.0,0.0,0.0,0.0,0.0,0.0,0.0,0.0,1,1,0
1448,0.96250004,0.94750005,-0.014999989999999963,1.0,1.0,0.0,0.875,0.825,-0.050000000000000044,0.0,0.0,0.0,0.0,0.0,0.0,0.0,0.0,0.0,1,1,0
1449,0.912295,0.88731307,-0.02498192999999993,0.87470716,0.8872329,0.012525739999999952,1.0,0.8875,-0.11250000000000004,0.0,0.0,0.0,0.0,0.0,0.0,0.0,0.0,0.0,1,1,0
1450,0.78570694,0.8192337,0.03352675999999999,0.82243854,0.8489054,0.02646685999999998,0.7,0.75,0.050000000000000044,0.0,0.0,0.0,0.0,0.0,0.0,0.0,0.0,0.0,1,1,0
1451,0.0,0.0,0.0,1.0,1.0,0.0,1.0,1.0,0.0,1.0,1.0,0.0,1.0,1.0,0.0,0.0,0.0,0.0,0,0,0
1452,0.98969,0.87891024,-0.11077976,0.9852715,0.82701457,-0.15825692999999996,1.0,1.0,0.0,0.0,0.0,0.0,0.0,0.0,0.0,0.0,0.0,0.0,1,1,0
1453,0.98125,0.98125,0.0,1.0,1.0,0.0,0.9375,0.9375,0.0,0.0,0.0,0.0,0.0,0.0,0.0,0.0,0.0,0.0,1,1,0
1454,0.8272707,0.89147455,0.06420384999999995,0.8068153,0.84496355,0.038148249999999995,0.875,1.0,0.125,0.0,0.0,0.0,0.0,0.0,0.0,0.0,0.0,0.0,1,1,0
1455,0.9292221,0.939568,0.010345899999999908,0.8988887,0.9511684,0.05227970000000004,1.0,0.9125,-0.08750000000000002,0.0,0.0,0.0,0.0,0.0,0.0,0.0,0.0,0.0,1,1,0
1456,1.0,1.0,0.0,1.0,1.0,0.0,1.0,1.0,0.0,0.0,0.0,0.0,0.0,0.0,0.0,0.0,0.0,0.0,1,1,0
1457,1.0,0.96521485,-0.03478515000000004,1.0,0.9503069,-0.049693100000000046,1.0,1.0,0.0,0.0,0.0,0.0,0.0,0.0,0.0,0.0,0.0,0.0,1,1,0
1458,0.86416686,0.8534903,-0.010676559999999946,0.854167,0.7907004,-0.06346660000000004,0.8875,1.0,0.11250000000000004,0.0,0.0,0.0,0.0,0.0,0.0,0.0,0.0,0.0,1,1,0
1459,1.0,1.0,0.0,1.0,1.0,0.0,1.0,1.0,0.0,0.0,0.0,0.0,0.0,0.0,0.0,0.0,0.0,0.0,1,1,0
1460,0.8845316,0.89970094,0.015169340000000031,0.9529023,0.9638584,0.010956100000000024,0.725,0.75,0.025000000000000022,0.0,0.0,0.0,0.0,0.0,0.0,0.0,0.0,0.0,1,1,0
1461,0.91249907,0.89623624,-0.01626282999999995,0.87499857,0.8999803,0.024981729999999924,1.0,0.8875,-0.11250000000000004,0.0,0.0,0.0,0.0,0.0,0.0,0.0,0.0,0.0,1,1,0
1462,0.8540444,0.8844393,0.030394900000000002,0.85042053,0.98491323,0.13449270000000002,0.8625,0.65000004,-0.21249996000000004,0.0,0.0,0.0,0.0,0.0,0.0,0.0,0.0,0.0,1,1,0
1463,1.0,1.0,0.0,1.0,1.0,0.0,1.0,1.0,0.0,0.0,0.0,0.0,0.0,0.0,0.0,0.0,0.0,0.0,1,1,0
1464,1.0,1.0,0.0,1.0,1.0,0.0,1.0,1.0,0.0,0.0,0.0,0.0,0.0,0.0,0.0,0.0,0.0,0.0,1,1,0
1465,0.92970055,0.9730878,0.04338724999999999,0.89957225,0.961554,0.06198175000000006,1.0,1.0,0.0,0.0,0.0,0.0,0.0,0.0,0.0,0.0,0.0,0.0,1,1,0
1466,0.9059189,0.8912501,-0.014668799999999926,0.91916984,1.0,0.08083015999999998,0.875,0.6375,-0.23750000000000004,0.0,0.0,0.0,0.0,0.0,0.0,0.0,0.0,0.0,1,1,0
1467,1.0,0.96124566,-0.03875434,0.99999994,0.94463664,-0.055363300000000004,1.0,1.0,0.0,0.0,0.0,0.0,0.0,0.0,0.0,0.0,0.0,0.0,1,1,0
1468,0.7727112,0.7935629,0.020851699999999918,0.7449445,0.7050898,-0.03985470000000002,0.83750004,1.0,0.16249996,0.0,0.0,0.0,0.0,0.0,0.0,0.0,0.0,0.0,1,1,0
1469,1.0,0.8784359,-0.12156409999999995,1.0,0.82633704,-0.17366296000000003,1.0,1.0,0.0,0.0,0.0,0.0,0.0,0.0,0.0,0.0,0.0,0.0,1,1,0
1470,1.0,1.0,0.0,1.0,1.0,0.0,1.0,1.0,0.0,0.0,0.0,0.0,0.0,0.0,0.0,0.0,0.0,0.0,1,1,0
1471,1.0,1.0,0.0,1.0,1.0,0.0,1.0,1.0,0.0,0.0,0.0,0.0,0.0,0.0,0.0,0.0,0.0,0.0,1,1,0
1472,1.0,1.0,0.0,1.0,1.0,0.0,1.0,1.0,0.0,0.0,0.0,0.0,0.0,0.0,0.0,0.0,0.0,0.0,1,1,0
1473,1.0,1.0,0.0,1.0,1.0,0.0,1.0,1.0,0.0,0.0,0.0,0.0,0.0,0.0,0.0,0.0,0.0,0.0,1,1,0
1474,1.0,1.0,0.0,1.0,1.0,0.0,1.0,1.0,0.0,0.0,0.0,0.0,0.0,0.0,0.0,0.0,0.0,0.0,1,1,0
1475,0.97749996,1.0,0.022500040000000054,1.0,1.0,0.0,0.925,1.0,0.07499999999999996,0.0,0.0,0.0,0.0,0.0,0.0,0.0,0.0,0.0,1,1,0
1476,0.93625003,0.9824395,0.046189470000000066,1.0,0.9749136,-0.025086399999999953,0.7875,1.0,0.21250000000000002,0.0,0.0,0.0,0.0,0.0,0.0,0.0,0.0,0.0,1,1,0
1477,0.8912501,0.94750005,0.05624994999999999,1.0,1.0,0.0,0.6375,0.825,0.1875,0.0,0.0,0.0,0.0,0.0,0.0,0.0,0.0,0.0,1,1,0
1478,0.89944583,0.93222266,0.03277682999999998,0.89920825,0.9621038,0.06289554999999991,0.90000004,0.8625,-0.03750003999999996,0.0,0.0,0.0,0.0,0.0,0.0,0.0,0.0,0.0,1,1,0
1479,1.0,0.94716924,-0.05283075999999998,1.0,0.9245274,-0.0754726,1.0,1.0,0.0,0.0,0.0,0.0,0.0,0.0,0.0,0.0,0.0,0.0,1,1,0
1480,0.8853712,0.91053104,0.025159839999999933,0.8362445,0.87218726,0.035942760000000074,1.0,1.0,0.0,0.0,0.0,0.0,0.0,0.0,0.0,0.0,0.0,0.0,1,1,0
1481,1.0,1.0,0.0,1.0,1.0,0.0,1.0,1.0,0.0,0.0,0.0,0.0,0.0,0.0,0.0,0.0,0.0,0.0,1,1,0
1482,0.0,0.0,0.0,1.0,1.0,0.0,1.0,1.0,0.0,1.0,1.0,0.0,1.0,1.0,0.0,0.0,0.0,0.0,0,0,0
1483,0.9212387,0.94738084,0.026142140000000036,0.8874839,0.92482984,0.03734594000000002,1.0,1.0,0.0,0.0,0.0,0.0,0.0,0.0,0.0,0.0,0.0,0.0,1,1,0
1484,1.0,1.0,0.0,1.0,1.0,0.0,1.0,1.0,0.0,0.0,0.0,0.0,0.0,0.0,0.0,0.0,0.0,0.0,1,1,0
1485,0.9132925,0.8660719,-0.047220599999999946,0.8761321,0.80867404,-0.06745805999999999,1.0,1.0,0.0,0.0,0.0,0.0,0.0,0.0,0.0,0.0,0.0,0.0,1,1,0
1486,0.90230507,0.80438215,-0.09792292000000002,0.89257866,0.7205459,-0.17203276,0.925,1.0,0.07499999999999996,0.0,0.0,0.0,0.0,0.0,0.0,0.0,0.0,0.0,1,1,0
1487,1.0,1.0,0.0,1.0,1.0,0.0,1.0,1.0,0.0,0.0,0.0,0.0,0.0,0.0,0.0,0.0,0.0,0.0,1,1,0
1488,0.9888732,0.9768921,-0.011981099999999967,0.9841046,0.9669887,-0.01711589999999996,1.0,1.0,0.0,0.0,0.0,0.0,0.0,0.0,0.0,0.0,0.0,0.0,1,1,0
1489,0.0,0.0,0.0,0.0141720055,0.008380575,-0.0057914305,1.0,1.0,0.0,1.0,1.0,0.0,1.0,1.0,0.0,0.0,0.0,0.0,0,0,0
1490,0.83989686,0.8861251,0.04622824000000003,0.82485265,0.8373216,0.012468950000000034,0.875,1.0,0.125,0.0,0.0,0.0,0.0,0.0,0.0,0.0,0.0,0.0,1,1,0
1491,0.9247555,0.95014423,0.02538873000000008,0.89250785,0.92877734,0.036269490000000015,1.0,1.0,0.0,0.0,0.0,0.0,0.0,0.0,0.0,0.0,0.0,0.0,1,1,0
1492,1.0,0.96250004,-0.03749996,0.99999994,0.99999994,0.0,1.0,0.875,-0.125,0.0,0.0,0.0,0.0,0.0,0.0,0.0,0.0,0.0,1,1,0
1493,0.95983136,1.0,0.04016863999999998,0.9426162,1.0,0.057383799999999985,1.0,1.0,0.0,0.0,0.0,0.0,0.0,0.0,0.0,0.0,0.0,0.0,1,1,0
1494,0.0,0.0,0.0,1.0,1.0,0.0,1.0,1.0,0.0,1.0,1.0,0.0,1.0,1.0,0.0,0.0,0.0,0.0,0,0,0
1495,0.88179773,0.90576726,0.023969530000000017,0.88471097,0.8975247,0.012813729999999968,0.875,0.925,0.050000000000000044,0.0,0.0,0.0,0.0,0.0,0.0,0.0,0.0,0.0,1,1,0
1496,1.0,1.0,0.0,1.0,1.0,0.0,1.0,1.0,0.0,0.0,0.0,0.0,0.0,0.0,0.0,0.0,0.0,0.0,1,1,0
1497,0.9640364,0.91026765,-0.05376875000000003,0.9486234,0.87181085,-0.07681254999999998,1.0,1.0,0.0,0.0,0.0,0.0,0.0,0.0,0.0,0.0,0.0,0.0,1,1,0
1498,1.0,1.0,0.0,1.0,1.0,0.0,1.0,1.0,0.0,0.0,0.0,0.0,0.0,0.0,0.0,0.0,0.0,0.0,1,1,0
1499,1.0,1.0,0.0,1.0,1.0,0.0,1.0,1.0,0.0,0.0,0.0,0.0,0.0,0.0,0.0,0.0,0.0,0.0,1,1,0
1500,0.8501467,0.91256756,0.06242086000000002,0.8502096,0.9125965,0.06238690000000002,0.85,0.9125,0.0625,0.0,0.0,0.0,0.0,0.0,0.0,0.0,0.0,0.0,1,1,0
1501,0.9558242,0.93797934,-0.017844859999999962,0.9368917,0.911399,-0.025492700000000035,1.0,1.0,0.0,0.0,0.0,0.0,0.0,0.0,0.0,0.0,0.0,0.0,1,1,0
1502,0.83883375,0.8805113,0.04167754999999995,0.8983339,0.9364447,0.0381108,0.7,0.75,0.050000000000000044,0.0,0.0,0.0,0.0,0.0,0.0,0.0,0.0,0.0,1,1,0
1503,0.80910033,0.76537365,-0.04372668000000002,0.77550054,0.6648195,-0.11068104000000001,0.8875,1.0,0.11250000000000004,0.0,0.0,0.0,0.0,0.0,0.0,0.0,0.0,0.0,1,1,0
1504,0.86739177,0.0,-0.86739177,0.81055975,0.19726072,-0.6132990300000001,1.0,1.0,0.0,0.0,1.0,1.0,0.0,1.0,1.0,0.0,0.0,0.0,1,0,-1
1505,0.92116976,0.92992765,0.008757890000000046,0.88738537,0.89989656,0.012511190000000005,1.0,1.0,0.0,0.0,0.0,0.0,0.0,0.0,0.0,0.0,0.0,0.0,1,1,0
1506,0.93722695,0.895977,-0.04124994999999998,0.9103242,0.9103242,0.0,1.0,0.8625,-0.13749999999999996,0.0,0.0,0.0,0.0,0.0,0.0,0.0,0.0,0.0,1,1,0
1507,0.93052715,0.9391985,0.008671350000000078,0.900753,0.9131407,0.012387700000000001,1.0,1.0,0.0,0.0,0.0,0.0,0.0,0.0,0.0,0.0,0.0,0.0,1,1,0
1508,1.0,1.0,0.0,1.0,1.0,0.0,1.0,1.0,0.0,0.0,0.0,0.0,0.0,0.0,0.0,0.0,0.0,0.0,1,1,0
1509,0.92797107,0.8480197,-0.07995136999999997,0.89710146,0.7828853,-0.11421616000000001,1.0,1.0,0.0,0.0,0.0,0.0,0.0,0.0,0.0,0.0,0.0,0.0,1,1,0
1510,0.89506525,0.92130643,0.026241179999999975,0.8500931,0.8875806,0.03748750000000001,1.0,1.0,0.0,0.0,0.0,0.0,0.0,0.0,0.0,0.0,0.0,0.0,1,1,0
1511,0.9097621,0.9187674,0.009005299999999994,0.87108874,0.8839534,0.012864659999999972,1.0,1.0,0.0,0.0,0.0,0.0,0.0,0.0,0.0,0.0,0.0,0.0,1,1,0
1512,1.0,1.0,0.0,1.0,1.0,0.0,1.0,1.0,0.0,0.0,0.0,0.0,0.0,0.0,0.0,0.0,0.0,0.0,1,1,0
1513,0.2798998,0.30267534,0.02277554000000004,0.008785421,0.0038219274,-0.0049634936000000004,0.9125,1.0,0.08750000000000002,0.0,0.0,0.0,0.0,0.0,0.0,0.0,0.0,0.0,1,1,0
1514,0.9305379,0.94790024,0.01736233999999992,0.9007684,0.9255716,0.024803200000000025,1.0,1.0,0.0,0.0,0.0,0.0,0.0,0.0,0.0,0.0,0.0,0.0,1,1,0
1515,1.0,1.0,0.0,1.0,1.0,0.0,1.0,1.0,0.0,0.0,0.0,0.0,0.0,0.0,0.0,0.0,0.0,0.0,1,1,0
1516,0.92861885,0.9556381,0.02701925000000005,0.89802694,0.9366259,0.03859895999999996,1.0,1.0,0.0,0.0,0.0,0.0,0.0,0.0,0.0,0.0,0.0,0.0,1,1,0
1517,0.88931507,0.9206322,0.031317130000000026,0.8740215,0.88661736,0.012595860000000014,0.925,1.0,0.07499999999999996,0.0,0.0,0.0,0.0,0.0,0.0,0.0,0.0,0.0,1,1,0
1518,0.8416506,0.87281495,0.031164349999999952,0.8702152,0.81830704,-0.05190815999999998,0.77500004,1.0,0.22499996,0.0,0.0,0.0,0.0,0.0,0.0,0.0,0.0,0.0,1,1,0
1519,1.0,1.0,0.0,1.0,1.0,0.0,1.0,1.0,0.0,0.0,0.0,0.0,0.0,0.0,0.0,0.0,0.0,0.0,1,1,0
1520,0.94850266,1.0,0.05149733999999995,0.9585752,1.0,0.04142480000000004,0.925,1.0,0.07499999999999996,0.0,0.0,0.0,0.0,0.0,0.0,0.0,0.0,0.0,1,1,0
1521,0.90008396,0.85144246,-0.048641500000000004,0.85726273,0.7877749,-0.06948783000000003,1.0,1.0,0.0,0.0,0.0,0.0,0.0,0.0,0.0,0.0,0.0,0.0,1,1,0
1522,1.0,0.9175631,-0.08243690000000004,1.0,0.88223296,-0.11776704000000005,1.0,1.0,0.0,0.0,0.0,0.0,0.0,0.0,0.0,0.0,0.0,0.0,1,1,0
1523,1.0,1.0,0.0,1.0,1.0,0.0,1.0,1.0,0.0,0.0,0.0,0.0,0.0,0.0,0.0,0.0,0.0,0.0,1,1,0
1524,0.91375,0.8940975,-0.01965249999999996,1.0,0.8862108,-0.11378920000000003,0.71250004,0.9125,0.19999995999999998,0.0,0.0,0.0,0.0,0.0,0.0,0.0,0.0,0.0,1,1,0
1525,0.9224459,0.89994586,-0.022500040000000054,0.8892083,0.8892083,0.0,1.0,0.925,-0.07499999999999996,0.0,0.0,0.0,0.0,0.0,0.0,0.0,0.0,0.0,1,1,0
1526,1.0,1.0,0.0,1.0,1.0,0.0,1.0,1.0,0.0,0.0,0.0,0.0,0.0,0.0,0.0,0.0,0.0,0.0,1,1,0
1527,0.9192652,0.939449,0.020183799999999974,0.93823594,0.91349864,-0.024737299999999962,0.875,1.0,0.125,0.0,0.0,0.0,0.0,0.0,0.0,0.0,0.0,0.0,1,1,0
1528,0.8725616,0.92125,0.048688399999999965,0.91437364,1.0,0.08562636000000001,0.77500004,0.7375,-0.03750003999999996,0.0,0.0,0.0,0.0,0.0,0.0,0.0,0.0,0.0,1,1,0
1529,0.96962184,0.88054556,-0.08907628000000001,0.9566027,0.82935077,-0.12725193,1.0,1.0,0.0,0.0,0.0,0.0,0.0,0.0,0.0,0.0,0.0,0.0,1,1,0
1530,0.97749996,1.0,0.022500040000000054,1.0,1.0,0.0,0.925,1.0,0.07499999999999996,0.0,0.0,0.0,0.0,0.0,0.0,0.0,0.0,0.0,1,1,0
1531,1.0,1.0,0.0,1.0,1.0,0.0,1.0,1.0,0.0,0.0,0.0,0.0,0.0,0.0,0.0,0.0,0.0,0.0,1,1,0
1532,0.96625006,1.0,0.03374993999999998,1.0,1.0,0.0,0.8875,1.0,0.11250000000000004,0.0,0.0,0.0,0.0,0.0,0.0,0.0,0.0,0.0,1,1,0
1533,1.0,1.0,0.0,1.0,1.0,0.0,1.0,1.0,0.0,0.0,0.0,0.0,0.0,0.0,0.0,0.0,0.0,0.0,1,1,0
1534,0.8801474,0.9153637,0.03521629999999998,0.8769962,0.9005195,0.023523300000000025,0.8875,0.95,0.0625,0.0,0.0,0.0,0.0,0.0,0.0,0.0,0.0,0.0,1,1,0
1535,1.0,1.0,0.0,1.0,1.0,0.0,1.0,1.0,0.0,0.0,0.0,0.0,0.0,0.0,0.0,0.0,0.0,0.0,1,1,0
1536,1.0,1.0,0.0,1.0,1.0,0.0,1.0,1.0,0.0,0.0,0.0,0.0,0.0,0.0,0.0,0.0,0.0,0.0,1,1,0
1537,0.89919454,0.9477963,0.04860176000000005,0.888135,0.92542315,0.037288149999999964,0.925,1.0,0.07499999999999996,0.0,0.0,0.0,0.0,0.0,0.0,0.0,0.0,0.0,1,1,0
1538,0.927345,0.9363575,0.009012499999999979,0.89620715,0.90908223,0.012875080000000039,1.0,1.0,0.0,0.0,0.0,0.0,0.0,0.0,0.0,0.0,0.0,0.0,1,1,0
1539,0.96625006,1.0,0.03374993999999998,1.0,1.0,0.0,0.8875,1.0,0.11250000000000004,0.0,0.0,0.0,0.0,0.0,0.0,0.0,0.0,0.0,1,1,0
1540,1.0,0.90807515,-0.09192484999999995,1.0,0.8686788,-0.13132120000000003,1.0,1.0,0.0,0.0,0.0,0.0,0.0,0.0,0.0,0.0,0.0,0.0,1,1,0
1541,0.921724,0.9478678,0.02614380000000005,0.8881772,0.9255253,0.037348099999999995,1.0,1.0,0.0,0.0,0.0,0.0,0.0,0.0,0.0,0.0,0.0,0.0,1,1,0
1542,0.96884185,0.96884185,0.0,0.9554883,0.9554883,0.0,1.0,1.0,0.0,0.0,0.0,0.0,0.0,0.0,0.0,0.0,0.0,0.0,1,1,0
1543,0.9104999,0.92519015,0.014690250000000016,0.9203569,0.8931288,-0.02722810000000009,0.8875,1.0,0.11250000000000004,0.0,0.0,0.0,0.0,0.0,0.0,0.0,0.0,0.0,1,1,0
1544,0.96624994,1.0,0.033750060000000026,0.99999994,0.99999994,0.0,0.8875,1.0,0.11250000000000004,0.0,0.0,0.0,0.0,0.0,0.0,0.0,0.0,0.0,1,1,0
1545,1.0,1.0,0.0,1.0,1.0,0.0,1.0,1.0,0.0,0.0,0.0,0.0,0.0,0.0,0.0,0.0,0.0,0.0,1,1,0
1546,0.94514513,0.913591,-0.03155412999999996,0.9216359,0.8765585,-0.045077399999999934,1.0,1.0,0.0,0.0,0.0,0.0,0.0,0.0,0.0,0.0,0.0,0.0,1,1,0
1547,0.9558635,0.93859786,-0.01726563999999997,0.9369478,0.91228276,-0.024665040000000027,1.0,1.0,0.0,0.0,0.0,0.0,0.0,0.0,0.0,0.0,0.0,0.0,1,1,0
1548,0.791633,0.77298063,-0.018652370000000085,0.7398328,0.67568654,-0.06414626000000001,0.9125,1.0,0.08750000000000002,0.0,0.0,0.0,0.0,0.0,0.0,0.0,0.0,0.0,1,1,0
1549,0.9212441,0.93877214,0.017528039999999967,0.8874916,0.91253155,0.025039949999999922,1.0,1.0,0.0,0.0,0.0,0.0,0.0,0.0,0.0,0.0,0.0,0.0,1,1,0
1550,0.97749996,0.9998533,0.02235334,1.0,0.99979043,-0.00020956999999999226,0.925,1.0,0.07499999999999996,0.0,0.0,0.0,0.0,0.0,0.0,0.0,0.0,0.0,1,1,0
1551,1.0,1.0,0.0,1.0,1.0,0.0,1.0,1.0,0.0,0.0,0.0,0.0,0.0,0.0,0.0,0.0,0.0,0.0,1,1,0
1552,1.0,1.0,0.0,1.0,1.0,0.0,1.0,1.0,0.0,0.0,0.0,0.0,0.0,0.0,0.0,0.0,0.0,0.0,1,1,0
1553,0.95500004,1.0,0.04499995999999995,1.0,1.0,0.0,0.85,1.0,0.15000000000000002,0.0,0.0,0.0,0.0,0.0,0.0,0.0,0.0,0.0,1,1,0
1554,1.0,0.9922725,-0.007727499999999998,1.0,0.9889607,-0.011039299999999974,1.0,1.0,0.0,0.0,0.0,0.0,0.0,0.0,0.0,0.0,0.0,0.0,1,1,0
1555,0.87681484,0.86781424,-0.009000600000000025,0.82402116,0.81116325,-0.012857910000000028,1.0,1.0,0.0,0.0,0.0,0.0,0.0,0.0,0.0,0.0,0.0,0.0,1,1,0
1556,0.910765,0.89417773,-0.016587270000000043,0.8725214,0.84882534,-0.02369606000000002,1.0,1.0,0.0,0.0,0.0,0.0,0.0,0.0,0.0,0.0,0.0,0.0,1,1,0
1557,0.9326529,0.86745137,-0.06520152999999995,0.9037897,0.8106448,-0.09314489999999997,1.0,1.0,0.0,0.0,0.0,0.0,0.0,0.0,0.0,0.0,0.0,0.0,1,1,0
1558,0.97749996,0.97749996,0.0,1.0,1.0,0.0,0.925,0.925,0.0,0.0,0.0,0.0,0.0,0.0,0.0,0.0,0.0,0.0,1,1,0
1559,0.92086613,0.933413,0.012546870000000099,0.88695157,0.9370186,0.05006703000000001,1.0,0.925,-0.07499999999999996,0.0,0.0,0.0,0.0,0.0,0.0,0.0,0.0,0.0,1,1,0
1560,0.9308481,0.9407205,0.009872400000000003,0.9333545,0.915315,-0.018039499999999986,0.925,1.0,0.07499999999999996,0.0,0.0,0.0,0.0,0.0,0.0,0.0,0.0,0.0,1,1,0
1561,0.9561249,0.97375005,0.01762514999999998,0.99089265,1.0,0.009107349999999959,0.875,0.9125,0.03749999999999998,0.0,0.0,0.0,0.0,0.0,0.0,0.0,0.0,0.0,1,1,0
1562,0.93633956,0.9500126,0.013673040000000025,0.962628,0.98751795,0.02488994999999994,0.875,0.8625,-0.012499999999999956,0.0,0.0,0.0,0.0,0.0,0.0,0.0,0.0,0.0,1,1,0
1563,1.0,1.0,0.0,0.99999994,0.99999994,0.0,1.0,1.0,0.0,0.0,0.0,0.0,0.0,0.0,0.0,0.0,0.0,0.0,1,1,0
1564,0.9625614,0.95316315,-0.009398250000000052,0.94651634,0.9330902,-0.013426139999999975,1.0,1.0,0.0,0.0,0.0,0.0,0.0,0.0,0.0,0.0,0.0,0.0,1,1,0
1565,1.0,0.963751,-0.036248999999999976,1.0,0.94821584,-0.05178415999999997,1.0,1.0,0.0,0.0,0.0,0.0,0.0,0.0,0.0,0.0,0.0,0.0,1,1,0
1566,0.97749996,0.98754257,0.010042610000000063,1.0,0.98220366,-0.017796339999999966,0.925,1.0,0.07499999999999996,0.0,0.0,0.0,0.0,0.0,0.0,0.0,0.0,0.0,1,1,0
1567,0.96507543,0.95874995,-0.0063254799999999944,0.98760766,1.0,0.012392340000000002,0.9125,0.8625,-0.04999999999999993,0.0,0.0,0.0,0.0,0.0,0.0,0.0,0.0,0.0,1,1,0
1568,1.0,1.0,0.0,0.99999994,0.99999994,0.0,1.0,1.0,0.0,0.0,0.0,0.0,0.0,0.0,0.0,0.0,0.0,0.0,1,1,0
1569,0.9218168,0.95650816,0.03469136000000006,0.88830984,0.93786883,0.04955898999999997,1.0,1.0,0.0,0.0,0.0,0.0,0.0,0.0,0.0,0.0,0.0,0.0,1,1,0
1570,0.96625006,1.0,0.03374993999999998,1.0000001,1.0000001,0.0,0.8875,1.0,0.11250000000000004,0.0,0.0,0.0,0.0,0.0,0.0,0.0,0.0,0.0,1,1,0
1571,1.0,1.0,0.0,1.0,1.0,0.0,1.0,1.0,0.0,0.0,0.0,0.0,0.0,0.0,0.0,0.0,0.0,0.0,1,1,0
1572,0.88115466,0.8661547,-0.014999959999999923,0.8623638,0.8623638,0.0,0.925,0.875,-0.050000000000000044,0.0,0.0,0.0,0.0,0.0,0.0,0.0,0.0,0.0,1,1,0
1573,0.8364138,0.8838849,0.04747109999999999,0.825234,0.8876927,0.06245869999999998,0.8625,0.875,0.012499999999999956,0.0,0.0,0.0,0.0,0.0,0.0,0.0,0.0,0.0,1,1,0
1574,0.94761294,0.940479,-0.007133940000000005,0.95730424,0.91497,-0.04233424000000008,0.925,1.0,0.07499999999999996,0.0,0.0,0.0,0.0,0.0,0.0,0.0,0.0,0.0,1,1,0
1575,0.9833526,0.9842731,0.0009204999999999908,0.976218,0.9775329,0.0013149000000000077,1.0,1.0,0.0,0.0,0.0,0.0,0.0,0.0,0.0,0.0,0.0,0.0,1,1,0
1576,0.9378101,0.9290352,-0.00877490000000003,0.91115737,0.8986217,-0.012535669999999999,1.0,1.0,0.0,0.0,0.0,0.0,0.0,0.0,0.0,0.0,0.0,0.0,1,1,0
1577,1.0,0.81659144,-0.18340856000000005,1.0,0.7379877,-0.2620123,1.0,1.0,0.0,0.0,0.0,0.0,0.0,0.0,0.0,0.0,0.0,0.0,1,1,0
1578,1.0,1.0,0.0,1.0,1.0,0.0,1.0,1.0,0.0,0.0,0.0,0.0,0.0,0.0,0.0,0.0,0.0,0.0,1,1,0
1579,1.0,0.96250004,-0.03749996,1.0,1.0,0.0,1.0,0.875,-0.125,0.0,0.0,0.0,0.0,0.0,0.0,0.0,0.0,0.0,1,1,0
1580,0.9850001,0.9850001,0.0,1.0,1.0,0.0,0.95,0.95,0.0,0.0,0.0,0.0,0.0,0.0,0.0,0.0,0.0,0.0,1,1,0
1581,0.9211487,0.9474493,0.026300600000000007,0.8873553,0.92492765,0.03757235000000003,1.0,1.0,0.0,0.0,0.0,0.0,0.0,0.0,0.0,0.0,0.0,0.0,1,1,0
1582,0.9951212,0.9951212,0.0,0.99303037,0.99303037,0.0,1.0,1.0,0.0,0.0,0.0,0.0,0.0,0.0,0.0,0.0,0.0,0.0,1,1,0
1583,0.9992773,0.9992773,0.0,0.9989675,0.9989675,0.0,1.0,1.0,0.0,0.0,0.0,0.0,0.0,0.0,0.0,0.0,0.0,0.0,1,1,0
1584,0.0,1.0,1.0,0.62354285,1.0,0.37645715,0.7857143,1.0,0.21428570000000002,1.0,0.0,-1.0,1.0,0.0,-1.0,0.0,0.0,0.0,0,1,1
1585,1.0,1.0,0.0,1.0,1.0,0.0,1.0,1.0,0.0,0.0,0.0,0.0,0.0,0.0,0.0,0.0,0.0,0.0,1,1,0
1586,0.9085724,0.9085724,0.0,0.86938906,0.86938906,0.0,1.0,1.0,0.0,0.0,0.0,0.0,0.0,0.0,0.0,0.0,0.0,0.0,1,1,0
1587,1.0,1.0,0.0,1.0,1.0,0.0,1.0,1.0,0.0,0.0,0.0,0.0,0.0,0.0,0.0,0.0,0.0,0.0,1,1,0
1588,0.84862405,0.74076027,-0.10786377999999996,0.86410576,0.7207289,-0.14337685999999994,0.8125,0.7875,-0.025000000000000022,0.0,0.0,0.0,0.0,0.0,0.0,0.0,0.0,0.0,1,1,0
1589,0.947776,0.9723169,0.024540900000000088,0.97360855,0.96045274,-0.01315580999999999,0.8875,1.0,0.11250000000000004,0.0,0.0,0.0,0.0,0.0,0.0,0.0,0.0,0.0,1,1,0
1590,0.0,0.89521325,0.89521325,0.5641394,0.8985189,0.33437950000000005,0.64705884,0.8875,0.24044115999999993,0.0,0.0,0.0,0.0,0.0,0.0,1.0,0.0,-1.0,0,1,1
1591,1.0,1.0,0.0,1.0,1.0,0.0,1.0,1.0,0.0,0.0,0.0,0.0,0.0,0.0,0.0,0.0,0.0,0.0,1,1,0
1592,1.0,1.0,0.0,1.0,1.0,0.0,1.0,1.0,0.0,0.0,0.0,0.0,0.0,0.0,0.0,0.0,0.0,0.0,1,1,0
1593,0.90689737,0.93809384,0.03119646999999992,0.899139,0.9115627,0.012423699999999926,0.925,1.0,0.07499999999999996,0.0,0.0,0.0,0.0,0.0,0.0,0.0,0.0,0.0,1,1,0
1594,0.9265844,0.9660702,0.039485800000000015,0.9272635,0.9515288,0.024265299999999934,0.925,1.0,0.07499999999999996,0.0,0.0,0.0,0.0,0.0,0.0,0.0,0.0,0.0,1,1,0
1595,0.95125,1.0,0.04874999999999996,1.0,1.0,0.0,0.83750004,1.0,0.16249996,0.0,0.0,0.0,0.0,0.0,0.0,0.0,0.0,0.0,1,1,0
1596,0.94747967,0.90364075,-0.04383892,0.9249708,0.8623439,-0.06262689999999993,1.0,1.0,0.0,0.0,0.0,0.0,0.0,0.0,0.0,0.0,0.0,0.0,1,1,0
1597,0.0,0.7957987,0.7957987,0.13698915,0.7993552,0.66236605,0.0,0.7875,0.7875,0.0,0.0,0.0,0.0,0.0,0.0,1.0,0.0,-1.0,0,1,1
1598,0.9302022,0.94765586,0.017453660000000037,0.9002889,0.92522264,0.024933740000000038,1.0,1.0,0.0,0.0,0.0,0.0,0.0,0.0,0.0,0.0,0.0,0.0,1,1,0
1599,0.93894213,0.9475632,0.008621070000000008,0.91277456,0.9250903,0.01231574000000002,1.0,1.0,0.0,0.0,0.0,0.0,0.0,0.0,0.0,0.0,0.0,0.0,1,1,0
1600,0.92130005,0.93004876,0.008748709999999993,0.88757145,0.90006965,0.012498200000000015,1.0,1.0,0.0,0.0,0.0,0.0,0.0,0.0,0.0,0.0,0.0,0.0,1,1,0
1601,1.0,1.0,0.0,1.0,1.0,0.0,1.0,1.0,0.0,0.0,0.0,0.0,0.0,0.0,0.0,0.0,0.0,0.0,1,1,0
1602,0.9139744,0.9825846,0.06861020000000007,0.9253206,0.97512084,0.04980023999999994,0.8875,1.0,0.11250000000000004,0.0,0.0,0.0,0.0,0.0,0.0,0.0,0.0,0.0,1,1,0
1603,1.0,1.0,0.0,1.0,1.0,0.0,1.0,1.0,0.0,0.0,0.0,0.0,0.0,0.0,0.0,0.0,0.0,0.0,1,1,0
1604,1.0,1.0,0.0,1.0,1.0,0.0,1.0,1.0,0.0,0.0,0.0,0.0,0.0,0.0,0.0,0.0,0.0,0.0,1,1,0
1605,0.9312796,0.9485264,0.017246800000000007,0.901828,0.92646617,0.024638170000000015,1.0,1.0,0.0,0.0,0.0,0.0,0.0,0.0,0.0,0.0,0.0,0.0,1,1,0
1606,0.86747724,0.8689639,0.001486659999999973,0.81068176,0.8235198,0.012838039999999995,1.0,0.975,-0.025000000000000022,0.0,0.0,0.0,0.0,0.0,0.0,0.0,0.0,0.0,1,1,0
1607,0.94855183,1.0,0.051448170000000015,0.97471696,1.0,0.025283040000000034,0.8875,1.0,0.11250000000000004,0.0,0.0,0.0,0.0,0.0,0.0,0.0,0.0,0.0,1,1,0
1608,0.8988928,0.9301368,0.03124399999999994,0.8877039,0.9001954,0.012491499999999989,0.925,1.0,0.07499999999999996,0.0,0.0,0.0,0.0,0.0,0.0,0.0,0.0,0.0,1,1,0
1609,1.0,0.8860658,-0.11393419999999999,1.0,0.8372368,-0.1627632,1.0,1.0,0.0,0.0,0.0,0.0,0.0,0.0,0.0,0.0,0.0,0.0,1,1,0
1610,0.0,0.97749996,0.97749996,0.93678313,1.0,0.06321686999999998,0.9130435,0.925,0.011956500000000037,1.0,0.0,-1.0,1.0,0.0,-1.0,0.0,0.0,0.0,0,1,1
1611,1.0,1.0,0.0,1.0,1.0,0.0,1.0,1.0,0.0,0.0,0.0,0.0,0.0,0.0,0.0,0.0,0.0,0.0,1,1,0
1612,0.9134432,0.81191653,-0.10152667000000004,0.9513475,0.902738,-0.04860949999999997,0.825,0.6,-0.22499999999999998,0.0,0.0,0.0,0.0,0.0,0.0,0.0,0.0,0.0,1,1,0
1613,0.9205298,0.929323,0.008793200000000057,0.88647103,0.89903283,0.012561799999999956,1.0,1.0,0.0,0.0,0.0,0.0,0.0,0.0,0.0,0.0,0.0,0.0,1,1,0
1614,1.0,1.0,0.0,1.0,1.0,0.0,1.0,1.0,0.0,0.0,0.0,0.0,0.0,0.0,0.0,0.0,0.0,0.0,1,1,0
1615,1.0,1.0,0.0,1.0,1.0,0.0,1.0,1.0,0.0,0.0,0.0,0.0,0.0,0.0,0.0,0.0,0.0,0.0,1,1,0
1616,1.0,1.0,0.0,1.0,1.0,0.0,1.0,1.0,0.0,0.0,0.0,0.0,0.0,0.0,0.0,0.0,0.0,0.0,1,1,0
1617,0.96632785,0.8897581,-0.07656974999999999,0.9518969,0.84251153,-0.10938537000000004,1.0,1.0,0.0,0.0,0.0,0.0,0.0,0.0,0.0,0.0,0.0,0.0,1,1,0
1618,0.9362499,1.0,0.06375010000000003,0.99999994,0.99999994,0.0,0.7875,1.0,0.21250000000000002,0.0,0.0,0.0,0.0,0.0,0.0,0.0,0.0,0.0,1,1,0
1619,0.90144914,0.99894905,0.09749991000000002,0.99849874,0.99849874,0.0,0.675,1.0,0.32499999999999996,0.0,0.0,0.0,0.0,0.0,0.0,0.0,0.0,0.0,1,1,0
1620,0.84032726,0.9091074,0.06878013999999999,0.8736818,0.92372495,0.050043150000000036,0.7625,0.875,0.11250000000000004,0.0,0.0,0.0,0.0,0.0,0.0,0.0,0.0,0.0,1,1,0
1621,0.88413125,0.93025917,0.04612791999999999,0.8880446,0.90037024,0.012325640000000027,0.875,1.0,0.125,0.0,0.0,0.0,0.0,0.0,0.0,0.0,0.0,0.0,1,1,0
1622,1.0,1.0,0.0,1.0,1.0,0.0,1.0,1.0,0.0,0.0,0.0,0.0,0.0,0.0,0.0,0.0,0.0,0.0,1,1,0
1623,0.0,0.0,0.0,1.0,1.0,0.0,1.0,1.0,0.0,1.0,1.0,0.0,1.0,1.0,0.0,0.0,0.0,0.0,0,0,0
1624,0.93002886,0.92128223,-0.008746629999999977,0.90004116,0.88754594,-0.012495220000000029,1.0,1.0,0.0,0.0,0.0,0.0,0.0,0.0,0.0,0.0,0.0,0.0,1,1,0
1625,0.8887783,0.9389006,0.05012229999999995,0.9375404,0.91271514,-0.02482526000000007,0.77500004,1.0,0.22499996,0.0,0.0,0.0,0.0,0.0,0.0,0.0,0.0,0.0,1,1,0
1626,0.885927,0.66619223,-0.21973476999999997,0.8370385,0.5231318,-0.3139067,1.0,1.0,0.0,0.0,0.0,0.0,0.0,0.0,0.0,0.0,0.0,0.0,1,1,0
1627,0.97749996,1.0,0.022500040000000054,1.0,1.0,0.0,0.925,1.0,0.07499999999999996,0.0,0.0,0.0,0.0,0.0,0.0,0.0,0.0,0.0,1,1,0
1628,0.890037,0.78329015,-0.10674684999999995,0.84291,0.6904145,-0.1524955,1.0,1.0,0.0,0.0,0.0,0.0,0.0,0.0,0.0,0.0,0.0,0.0,1,1,0
1629,0.96625006,1.0,0.03374993999999998,1.0,1.0,0.0,0.8875,1.0,0.11250000000000004,0.0,0.0,0.0,0.0,0.0,0.0,0.0,0.0,0.0,1,1,0
1630,0.0,0.0,0.0,1.0,1.0,0.0,1.0,1.0,0.0,1.0,1.0,0.0,1.0,1.0,0.0,0.0,0.0,0.0,0,0,0
1631,1.0,1.0,0.0,1.0,1.0,0.0,1.0,1.0,0.0,0.0,0.0,0.0,0.0,0.0,0.0,0.0,0.0,0.0,1,1,0
1632,1.0,1.0,0.0,1.0,1.0,0.0,1.0,1.0,0.0,0.0,0.0,0.0,0.0,0.0,0.0,0.0,0.0,0.0,1,1,0
1633,0.95767653,1.0,0.04232347000000003,0.9877521,1.0,0.012247899999999978,0.8875,1.0,0.11250000000000004,0.0,0.0,0.0,0.0,0.0,0.0,0.0,0.0,0.0,1,1,0
1634,0.8920967,0.91020024,0.01810354000000003,0.8458525,0.8717146,0.0258621,1.0,1.0,0.0,0.0,0.0,0.0,0.0,0.0,0.0,0.0,0.0,0.0,1,1,0
1635,0.7287244,1.0,0.27127559999999995,0.6124634,1.0,0.3875366,1.0,1.0,0.0,0.0,0.0,0.0,0.0,0.0,0.0,0.0,0.0,0.0,1,1,0
1636,1.0,1.0,0.0,1.0,1.0,0.0,1.0,1.0,0.0,0.0,0.0,0.0,0.0,0.0,0.0,0.0,0.0,0.0,1,1,0
1637,0.94504786,0.9825479,0.03750004000000007,0.97506833,0.97506833,0.0,0.875,1.0,0.125,0.0,0.0,0.0,0.0,0.0,0.0,0.0,0.0,0.0,1,1,0
1638,0.85240763,0.9337101,0.08130247000000002,0.87486815,0.9374429,0.06257475000000001,0.8,0.925,0.125,0.0,0.0,0.0,0.0,0.0,0.0,0.0,0.0,0.0,1,1,0
1639,0.85332966,0.8874899,0.034160240000000064,0.86011374,0.87141407,0.01130033000000008,0.83750004,0.925,0.08749996000000004,0.0,0.0,0.0,0.0,0.0,0.0,0.0,0.0,0.0,1,1,0
1640,1.0,1.0,0.0,1.0,1.0,0.0,1.0,1.0,0.0,0.0,0.0,0.0,0.0,0.0,0.0,0.0,0.0,0.0,1,1,0
1641,1.0,1.0,0.0,1.0,1.0,0.0,1.0,1.0,0.0,0.0,0.0,0.0,0.0,0.0,0.0,0.0,0.0,0.0,1,1,0
1642,0.8487199,0.89497757,0.04625767000000003,0.83745694,0.84996796,0.012511019999999928,0.875,1.0,0.125,0.0,0.0,0.0,0.0,0.0,0.0,0.0,0.0,0.0,1,1,0
1643,0.8646944,0.9166841,0.05198970000000003,0.84420633,0.8809772,0.03677087000000001,0.9125,1.0,0.08750000000000002,0.0,0.0,0.0,0.0,0.0,0.0,0.0,0.0,0.0,1,1,0
1644,0.7513362,0.79107594,0.03973974000000002,0.7679803,0.7551085,-0.012871799999999989,0.71250004,0.875,0.16249996,0.0,0.0,0.0,0.0,0.0,0.0,0.0,0.0,0.0,1,1,0
1645,0.91984767,0.91984767,0.0,0.88549674,0.88549674,0.0,1.0,1.0,0.0,0.0,0.0,0.0,0.0,0.0,0.0,0.0,0.0,0.0,1,1,0
1646,0.95693475,0.88493055,-0.07200419999999996,0.9384783,0.83561504,-0.10286326000000001,1.0,1.0,0.0,0.0,0.0,0.0,0.0,0.0,0.0,0.0,0.0,0.0,1,1,0
1647,0.8448637,0.86736375,0.022500049999999994,0.8105196,0.8105196,0.0,0.925,1.0,0.07499999999999996,0.0,0.0,0.0,0.0,0.0,0.0,0.0,0.0,0.0,1,1,0
1648,0.93224317,0.93224317,0.0,0.90320444,0.90320444,0.0,1.0,1.0,0.0,0.0,0.0,0.0,0.0,0.0,0.0,0.0,0.0,0.0,1,1,0
1649,0.9210124,0.90331423,-0.017698169999999958,0.9621606,0.9368775,-0.025283100000000003,0.825,0.825,0.0,0.0,0.0,0.0,0.0,0.0,0.0,0.0,0.0,0.0,1,1,0
1650,0.83131886,0.9075839,0.07626504,0.8554555,0.867977,0.012521499999999963,0.77500004,1.0,0.22499996,0.0,0.0,0.0,0.0,0.0,0.0,0.0,0.0,0.0,1,1,0
1651,1.0,1.0,0.0,1.0,1.0,0.0,1.0,1.0,0.0,0.0,0.0,0.0,0.0,0.0,0.0,0.0,0.0,0.0,1,1,0
1652,0.9394085,0.9506585,0.011249999999999982,0.961655,0.961655,0.0,0.8875,0.925,0.03750000000000009,0.0,0.0,0.0,0.0,0.0,0.0,0.0,0.0,0.0,1,1,0
1653,0.90587324,0.9552023,0.049329059999999925,0.897676,0.9360032,0.038327200000000006,0.925,1.0,0.07499999999999996,0.0,0.0,0.0,0.0,0.0,0.0,0.0,0.0,0.0,1,1,0
1654,1.0,1.0,0.0,1.0,1.0,0.0,1.0,1.0,0.0,0.0,0.0,0.0,0.0,0.0,0.0,0.0,0.0,0.0,1,1,0
1655,0.86242837,0.84204453,-0.020383840000000042,0.8034691,0.77434933,-0.0291197700000001,1.0,1.0,0.0,0.0,0.0,0.0,0.0,0.0,0.0,0.0,0.0,0.0,1,1,0
1656,0.9373997,0.9735206,0.03612090000000001,0.9427138,0.96217227,0.019458470000000005,0.925,1.0,0.07499999999999996,0.0,0.0,0.0,0.0,0.0,0.0,0.0,0.0,0.0,1,1,0
1657,1.0,0.9912263,-0.008773699999999995,0.99999994,0.98746616,-0.01253378000000005,1.0,1.0,0.0,0.0,0.0,0.0,0.0,0.0,0.0,0.0,0.0,0.0,1,1,0
1658,1.0,1.0,0.0,1.0,1.0,0.0,1.0,1.0,0.0,0.0,0.0,0.0,0.0,0.0,0.0,0.0,0.0,0.0,1,1,0
1659,0.8121948,0.81915617,0.006961369999999967,0.7799212,0.74165165,-0.038269549999999986,0.8875,1.0,0.11250000000000004,0.0,0.0,0.0,0.0,0.0,0.0,0.0,0.0,0.0,1,1,0
1660,1.0,1.0,0.0,1.0,1.0,0.0,1.0,1.0,0.0,0.0,0.0,0.0,0.0,0.0,0.0,0.0,0.0,0.0,1,1,0
1661,1.0,0.9585703,-0.041429700000000014,1.0,0.9408148,-0.05918520000000005,1.0,1.0,0.0,0.0,0.0,0.0,0.0,0.0,0.0,0.0,0.0,0.0,1,1,0
1662,0.93686694,0.9539847,0.017117759999999982,0.9473099,0.9342638,-0.01304610000000006,0.9125,1.0,0.08750000000000002,0.0,0.0,0.0,0.0,0.0,0.0,0.0,0.0,0.0,1,1,0
1663,0.28303072,0.28303072,0.0,0.023972467,0.023972467,0.0,0.8875,0.8875,0.0,0.0,0.0,0.0,0.0,0.0,0.0,0.0,0.0,0.0,1,1,0
1664,0.91250545,0.93002445,0.01751899999999995,0.87500775,0.9000349,0.025027149999999998,1.0,1.0,0.0,0.0,0.0,0.0,0.0,0.0,0.0,0.0,0.0,0.0,1,1,0
1665,0.9030876,0.96507186,0.06198426000000001,0.9151252,0.9501027,0.034977499999999995,0.875,1.0,0.125,0.0,0.0,0.0,0.0,0.0,0.0,0.0,0.0,0.0,1,1,0
1666,0.0,0.97749996,0.97749996,0.61285865,1.0,0.38714135000000005,1.0,0.925,-0.07499999999999996,1.0,0.0,-1.0,1.0,0.0,-1.0,0.0,0.0,0.0,0,1,1
1667,1.0,1.0,0.0,1.0,1.0,0.0,1.0,1.0,0.0,0.0,0.0,0.0,0.0,0.0,0.0,0.0,0.0,0.0,1,1,0
1668,0.9299056,0.9561934,0.026287799999999972,0.89986515,0.93741906,0.03755390999999997,1.0,1.0,0.0,0.0,0.0,0.0,0.0,0.0,0.0,0.0,0.0,0.0,1,1,0
1669,0.96625006,1.0,0.03374993999999998,1.0,1.0,0.0,0.8875,1.0,0.11250000000000004,0.0,0.0,0.0,0.0,0.0,0.0,0.0,0.0,0.0,1,1,0
1670,1.0,1.0,0.0,1.0,1.0,0.0,1.0,1.0,0.0,0.0,0.0,0.0,0.0,0.0,0.0,0.0,0.0,0.0,1,1,0
1671,1.0,1.0,0.0,1.0,1.0,0.0,1.0,1.0,0.0,0.0,0.0,0.0,0.0,0.0,0.0,0.0,0.0,0.0,1,1,0
1672,0.88663197,0.9266672,0.04003522999999998,0.9344742,0.8952389,-0.039235300000000084,0.77500004,1.0,0.22499996,0.0,0.0,0.0,0.0,0.0,0.0,0.0,0.0,0.0,1,1,0
1673,0.8478901,0.8975779,0.04968780000000006,0.8737715,0.8858255,0.01205400000000001,0.7875,0.925,0.13750000000000007,0.0,0.0,0.0,0.0,0.0,0.0,0.0,0.0,0.0,1,1,0
1674,0.9246897,0.9483385,0.023648800000000025,0.9513424,0.99048346,0.03914105999999995,0.8625,0.85,-0.012500000000000067,0.0,0.0,0.0,0.0,0.0,0.0,0.0,0.0,0.0,1,1,0
1675,1.0,1.0,0.0,1.0,1.0,0.0,1.0,1.0,0.0,0.0,0.0,0.0,0.0,0.0,0.0,0.0,0.0,0.0,1,1,0
1676,1.0,0.9371439,-0.06285609999999997,1.0,0.91020554,-0.08979446000000002,1.0,1.0,0.0,0.0,0.0,0.0,0.0,0.0,0.0,0.0,0.0,0.0,1,1,0
1677,0.93495905,0.9473466,0.012387550000000025,0.9874415,0.9622808,-0.025160699999999925,0.8125,0.9125,0.09999999999999998,0.0,0.0,0.0,0.0,0.0,0.0,0.0,0.0,0.0,1,1,0
1678,0.9123297,0.8923689,-0.0199608,0.87475675,0.89981276,0.025056010000000017,1.0,0.875,-0.125,0.0,0.0,0.0,0.0,0.0,0.0,0.0,0.0,0.0,1,1,0
1679,0.72028977,0.8535399,0.13325012999999997,0.79327106,0.90327126,0.11000019999999999,0.55,0.7375,0.1875,0.0,0.0,0.0,0.0,0.0,0.0,0.0,0.0,0.0,1,1,0
1680,1.0,1.0,0.0,1.0,1.0,0.0,1.0,1.0,0.0,0.0,0.0,0.0,0.0,0.0,0.0,0.0,0.0,0.0,1,1,0
1681,1.0,1.0,0.0,1.0,1.0,0.0,1.0,1.0,0.0,0.0,0.0,0.0,0.0,0.0,0.0,0.0,0.0,0.0,1,1,0
1682,0.0,0.0,0.0,1.0,1.0,0.0,1.0,1.0,0.0,1.0,1.0,0.0,1.0,1.0,0.0,0.0,0.0,0.0,0,0,0
1683,0.97375005,0.93840665,-0.035343400000000025,1.0,0.9495095,-0.050490499999999994,0.9125,0.9125,0.0,0.0,0.0,0.0,0.0,0.0,0.0,0.0,0.0,0.0,1,1,0
1684,0.9361647,0.90806645,-0.02809824999999999,0.9730924,0.8686664,-0.10442600000000002,0.85,1.0,0.15000000000000002,0.0,0.0,0.0,0.0,0.0,0.0,0.0,0.0,0.0,1,1,0
1685,0.0,0.925,0.925,0.26507458,1.0,0.7349254199999999,0.7619048,0.75,-0.011904800000000049,1.0,0.0,-1.0,1.0,0.0,-1.0,0.0,0.0,0.0,0,1,1
1686,0.9304876,0.93917274,0.00868513999999998,0.90069646,0.913104,0.012407539999999995,1.0,1.0,0.0,0.0,0.0,0.0,0.0,0.0,0.0,0.0,0.0,0.0,1,1,0
1687,0.97749996,0.9320906,-0.045409359999999954,1.0,0.9029865,-0.09701349999999997,0.925,1.0,0.07499999999999996,0.0,0.0,0.0,0.0,0.0,0.0,0.0,0.0,0.0,1,1,0
1688,1.0,1.0,0.0,1.0,1.0,0.0,1.0,1.0,0.0,0.0,0.0,0.0,0.0,0.0,0.0,0.0,0.0,0.0,1,1,0
1689,0.9553521,0.9642798,0.008927699999999983,0.9362173,0.94897115,0.012753849999999956,1.0,1.0,0.0,0.0,0.0,0.0,0.0,0.0,0.0,0.0,0.0,0.0,1,1,0
1690,1.0,0.991161,-0.008839000000000041,1.0,0.98737276,-0.01262724000000004,1.0,1.0,0.0,0.0,0.0,0.0,0.0,0.0,0.0,0.0,0.0,0.0,1,1,0
1691,0.99131316,0.97749996,-0.013813200000000081,0.9875903,1.0,0.012409699999999968,1.0,0.925,-0.07499999999999996,0.0,0.0,0.0,0.0,0.0,0.0,0.0,0.0,0.0,1,1,0
1692,0.9329279,0.9186298,-0.01429809999999998,0.9363256,0.883757,-0.052568599999999965,0.925,1.0,0.07499999999999996,0.0,0.0,0.0,0.0,0.0,0.0,0.0,0.0,0.0,1,1,0
1693,0.0,0.0,0.0,1.0,1.0,0.0,1.0,1.0,0.0,0.0,0.0,0.0,1.0,1.0,0.0,0.0,0.0,0.0,0,0,0
1694,1.0,1.0,0.0,1.0,1.0,0.0,1.0,1.0,0.0,0.0,0.0,0.0,0.0,0.0,0.0,0.0,0.0,0.0,1,1,0
1695,0.9362074,0.95619565,0.01998824999999993,0.9624391,0.93742234,-0.02501675999999997,0.875,1.0,0.125,0.0,0.0,0.0,0.0,0.0,0.0,0.0,0.0,0.0,1,1,0
1696,0.9126771,0.8963976,-0.016279500000000002,0.87525296,0.9002109,0.024957940000000067,1.0,0.8875,-0.11250000000000004,0.0,0.0,0.0,0.0,0.0,0.0,0.0,0.0,0.0,1,1,0
1697,1.0,0.96999997,-0.030000029999999955,1.0,1.0,0.0,1.0,0.90000004,-0.09999996,0.0,0.0,0.0,0.0,0.0,0.0,0.0,0.0,0.0,1,1,0
1698,1.0,1.0,0.0,1.0,1.0,0.0,1.0,1.0,0.0,0.0,0.0,0.0,0.0,0.0,0.0,0.0,0.0,0.0,1,1,0
1699,0.9389064,0.86863846,-0.07026794000000003,0.9127234,0.81234056,-0.10038283999999997,1.0,1.0,0.0,0.0,0.0,0.0,0.0,0.0,0.0,0.0,0.0,0.0,1,1,0
1700,1.0,1.0,0.0,1.0,1.0,0.0,1.0,1.0,0.0,0.0,0.0,0.0,0.0,0.0,0.0,0.0,0.0,0.0,1,1,0
1701,0.92200756,0.9395388,0.01753124000000006,0.88858217,0.91362673,0.025044560000000105,1.0,1.0,0.0,0.0,0.0,0.0,0.0,0.0,0.0,0.0,0.0,0.0,1,1,0
1702,0.895,0.96250004,0.06750003999999998,0.99999994,0.99999994,0.0,0.65000004,0.875,0.22499996,0.0,0.0,0.0,0.0,0.0,0.0,0.0,0.0,0.0,1,1,0
1703,0.9915577,0.9987071,0.0071493999999999724,0.9879395,0.998153,0.010213499999999986,1.0,1.0,0.0,0.0,0.0,0.0,0.0,0.0,0.0,0.0,0.0,0.0,1,1,0
1704,0.96625006,0.96250004,-0.0037500200000000206,1.0,1.0,0.0,0.8875,0.875,-0.012499999999999956,0.0,0.0,0.0,0.0,0.0,0.0,0.0,0.0,0.0,1,1,0
1705,0.8553425,0.9165494,0.06120689999999995,0.9004892,0.9129277,0.012438500000000019,0.75,0.925,0.17500000000000004,0.0,0.0,0.0,0.0,0.0,0.0,0.0,0.0,0.0,1,1,0
1706,0.95874995,0.95874995,0.0,0.99999994,0.99999994,0.0,0.8625,0.8625,0.0,0.0,0.0,0.0,0.0,0.0,0.0,0.0,0.0,0.0,1,1,0
1707,1.0,1.0,0.0,1.0,1.0,0.0,1.0,1.0,0.0,0.0,0.0,0.0,0.0,0.0,0.0,0.0,0.0,0.0,1,1,0
1708,1.0,1.0,0.0,1.0,1.0,0.0,1.0,1.0,0.0,0.0,0.0,0.0,0.0,0.0,0.0,0.0,0.0,0.0,1,1,0
1709,0.97375005,0.9325,-0.04125005000000004,1.0,1.0,0.0,0.9125,0.77500004,-0.13749995999999998,0.0,0.0,0.0,0.0,0.0,0.0,0.0,0.0,0.0,1,1,0
1710,1.0,0.92466414,-0.07533586000000003,0.99999994,0.89237726,-0.10762268000000008,1.0,1.0,0.0,0.0,0.0,0.0,0.0,0.0,0.0,0.0,0.0,0.0,1,1,0
1711,0.94786274,0.93042785,-0.01743489000000009,0.92551816,0.90061116,-0.024907000000000012,1.0,1.0,0.0,0.0,0.0,0.0,0.0,0.0,0.0,0.0,0.0,0.0,1,1,0
1712,0.8937001,0.91402435,0.020324250000000044,0.90171444,0.8771776,-0.024536840000000004,0.875,1.0,0.125,0.0,0.0,0.0,0.0,0.0,0.0,0.0,0.0,0.0,1,1,0
1713,0.8978855,0.9913522,0.09346670000000001,0.95055073,0.987646,0.037095270000000014,0.77500004,1.0,0.22499996,0.0,0.0,0.0,0.0,0.0,0.0,0.0,0.0,0.0,1,1,0
1714,1.0,1.0,0.0,1.0,1.0,0.0,1.0,1.0,0.0,0.0,0.0,0.0,0.0,0.0,0.0,0.0,0.0,0.0,1,1,0
1715,0.9332984,0.97549695,0.04219855000000006,0.90471196,0.9649956,0.06028363999999997,1.0,1.0,0.0,0.0,0.0,0.0,0.0,0.0,0.0,0.0,0.0,0.0,1,1,0
1716,0.96250004,0.96158564,-0.0009143999999999819,1.0,0.9772652,-0.022734800000000055,0.875,0.925,0.050000000000000044,0.0,0.0,0.0,0.0,0.0,0.0,0.0,0.0,0.0,1,1,0
1717,1.0,0.97749996,-0.022500040000000054,1.0,1.0,0.0,1.0,0.925,-0.07499999999999996,0.0,0.0,0.0,0.0,0.0,0.0,0.0,0.0,0.0,1,1,0
1718,0.9302667,0.8828641,-0.04740259999999996,0.9485952,0.832663,-0.11593219999999993,0.8875,1.0,0.11250000000000004,0.0,0.0,0.0,0.0,0.0,0.0,0.0,0.0,0.0,1,1,0
1719,0.85037005,0.8946697,0.044299650000000024,0.78624284,0.8495282,0.06328535999999996,1.0,1.0,0.0,0.0,0.0,0.0,0.0,0.0,0.0,0.0,0.0,0.0,1,1,0
1720,0.9559404,0.9647398,0.008799400000000013,0.93705785,0.94962835,0.01257050000000004,1.0,1.0,0.0,0.0,0.0,0.0,0.0,0.0,0.0,0.0,0.0,0.0,1,1,0
1721,0.93973255,0.91385144,-0.02588111000000004,0.9139036,0.87693065,-0.036972950000000004,1.0,1.0,0.0,0.0,0.0,0.0,0.0,0.0,0.0,0.0,0.0,0.0,1,1,0
1722,0.9032839,0.8764101,-0.02687380000000006,0.974334,0.93594295,-0.03839104999999998,0.7375,0.7375,0.0,0.0,0.0,0.0,0.0,0.0,0.0,0.0,0.0,0.0,1,1,0
1723,1.0,1.0,0.0,1.0,1.0,0.0,1.0,1.0,0.0,0.0,0.0,0.0,0.0,0.0,0.0,0.0,0.0,0.0,1,1,0
1724,0.0,0.0,0.0,0.008631383,0.008631383,0.0,1.0,1.0,0.0,0.0,0.0,0.0,1.0,1.0,0.0,0.0,0.0,0.0,0,0,0
1725,0.9554613,0.928768,-0.02669329999999992,0.9363733,0.89824,-0.038133299999999926,1.0,1.0,0.0,0.0,0.0,0.0,0.0,0.0,0.0,0.0,0.0,0.0,1,1,0
1726,1.0,1.0,0.0,1.0,1.0,0.0,1.0,1.0,0.0,0.0,0.0,0.0,0.0,0.0,0.0,0.0,0.0,0.0,1,1,0
1727,0.9365393,0.9488749,0.012335600000000002,0.94148475,0.9269641,-0.014520650000000024,0.925,1.0,0.07499999999999996,0.0,0.0,0.0,0.0,0.0,0.0,0.0,0.0,0.0,1,1,0
1728,1.0,1.0,0.0,1.0,1.0,0.0,1.0,1.0,0.0,0.0,0.0,0.0,0.0,0.0,0.0,0.0,0.0,0.0,1,1,0
1729,0.8289384,0.7460425,-0.08289589999999991,0.78776914,0.6693464,-0.11842273999999997,0.925,0.925,0.0,0.0,0.0,0.0,0.0,0.0,0.0,0.0,0.0,0.0,1,1,0
1730,1.0,0.938894,-0.061105999999999994,1.0,0.91270566,-0.08729434000000003,1.0,1.0,0.0,0.0,0.0,0.0,0.0,0.0,0.0,0.0,0.0,0.0,1,1,0
1731,0.97749996,0.9549999,-0.022500059999999933,0.99999994,0.99999994,0.0,0.925,0.85,-0.07500000000000007,0.0,0.0,0.0,0.0,0.0,0.0,0.0,0.0,0.0,1,1,0
1732,1.0,1.0,0.0,1.0,1.0,0.0,1.0,1.0,0.0,0.0,0.0,0.0,0.0,0.0,0.0,0.0,0.0,0.0,1,1,0
1733,1.0,0.9428936,-0.0571064,1.0,0.9184195,-0.08158049999999994,1.0,1.0,0.0,0.0,0.0,0.0,0.0,0.0,0.0,0.0,0.0,0.0,1,1,0
1734,0.88417,0.8485405,-0.03562949999999998,0.8666714,0.8157722,-0.05089920000000003,0.925,0.925,0.0,0.0,0.0,0.0,0.0,0.0,0.0,0.0,0.0,0.0,1,1,0
1735,0.95500004,0.9060532,-0.04894684000000005,1.0,0.86579025,-0.13420975000000002,0.85,1.0,0.15000000000000002,0.0,0.0,0.0,0.0,0.0,0.0,0.0,0.0,0.0,1,1,0
1736,0.92762184,0.92762184,0.0,0.89660263,0.89660263,0.0,1.0,1.0,0.0,0.0,0.0,0.0,0.0,0.0,0.0,0.0,0.0,0.0,1,1,0
1737,1.0,1.0,0.0,1.0,1.0,0.0,1.0,1.0,0.0,0.0,0.0,0.0,0.0,0.0,0.0,0.0,0.0,0.0,1,1,0
1738,1.0,1.0,0.0,1.0,1.0,0.0,1.0,1.0,0.0,0.0,0.0,0.0,0.0,0.0,0.0,0.0,0.0,0.0,1,1,0
1739,1.0,1.0,0.0,1.0,1.0,0.0,1.0,1.0,0.0,0.0,0.0,0.0,0.0,0.0,0.0,0.0,0.0,0.0,1,1,0
1740,0.8962185,0.94083977,0.044621269999999935,0.8517408,0.91548544,0.06374464000000002,1.0,1.0,0.0,0.0,0.0,0.0,0.0,0.0,0.0,0.0,0.0,0.0,1,1,0
1741,0.97749996,1.0,0.022500040000000054,1.0,1.0,0.0,0.925,1.0,0.07499999999999996,0.0,0.0,0.0,0.0,0.0,0.0,0.0,0.0,0.0,1,1,0
1742,1.0,1.0,0.0,1.0,1.0,0.0,1.0,1.0,0.0,0.0,0.0,0.0,0.0,0.0,0.0,0.0,0.0,0.0,1,1,0
1743,1.0,1.0,0.0,1.0,1.0,0.0,1.0,1.0,0.0,0.0,0.0,0.0,0.0,0.0,0.0,0.0,0.0,0.0,1,1,0
1744,1.0,1.0,0.0,1.0,1.0,0.0,1.0,1.0,0.0,0.0,0.0,0.0,0.0,0.0,0.0,0.0,0.0,0.0,1,1,0
1745,0.96625006,1.0,0.03374993999999998,1.0,1.0,0.0,0.8875,1.0,0.11250000000000004,0.0,0.0,0.0,0.0,0.0,0.0,0.0,0.0,0.0,1,1,0
1746,1.0,0.9320103,-0.06798970000000004,1.0,0.90287185,-0.09712814999999997,1.0,1.0,0.0,0.0,0.0,0.0,0.0,0.0,0.0,0.0,0.0,0.0,1,1,0
1747,0.9707551,0.48679343,-0.48396166999999995,0.99036443,0.30434772,-0.68601671,0.925,0.9125,-0.012500000000000067,0.0,0.0,0.0,0.0,0.0,0.0,0.0,0.0,0.0,1,1,0
1748,0.96203154,1.0,0.03796845999999998,0.98861647,1.0,0.01138353000000003,0.90000004,1.0,0.09999996,0.0,0.0,0.0,0.0,0.0,0.0,0.0,0.0,0.0,1,1,0
1749,0.89574033,0.84007114,-0.055669189999999924,0.8510575,0.7715301,-0.07952740000000003,1.0,1.0,0.0,0.0,0.0,0.0,0.0,0.0,0.0,0.0,0.0,0.0,1,1,0
1750,0.91999286,0.8408166,-0.07917626,0.8857041,0.77259517,-0.11310893,1.0,1.0,0.0,0.0,0.0,0.0,0.0,0.0,0.0,0.0,0.0,0.0,1,1,0
1751,0.9133358,0.93002474,0.016688939999999985,0.876194,0.9000353,0.023841299999999954,1.0,1.0,0.0,0.0,0.0,0.0,0.0,0.0,0.0,0.0,0.0,0.0,1,1,0
1752,0.93044376,0.83351815,-0.09692561,0.9006339,0.76216877,-0.13846512999999994,1.0,1.0,0.0,0.0,0.0,0.0,0.0,0.0,0.0,0.0,0.0,0.0,1,1,0
1753,0.9223693,0.8963606,-0.026008699999999996,0.889099,0.8519437,-0.0371553,1.0,1.0,0.0,0.0,0.0,0.0,0.0,0.0,0.0,0.0,0.0,0.0,1,1,0
1754,1.0,1.0,0.0,1.0,1.0,0.0,1.0,1.0,0.0,0.0,0.0,0.0,0.0,0.0,0.0,0.0,0.0,0.0,1,1,0
1755,1.0,1.0,0.0,1.0,1.0,0.0,1.0,1.0,0.0,0.0,0.0,0.0,0.0,0.0,0.0,0.0,0.0,0.0,1,1,0
1756,0.95874995,0.95125,-0.007499949999999922,1.0,1.0,0.0,0.8625,0.83750004,-0.024999960000000043,0.0,0.0,0.0,0.0,0.0,0.0,0.0,0.0,0.0,1,1,0
1757,1.0,1.0,0.0,1.0,1.0,0.0,1.0,1.0,0.0,0.0,0.0,0.0,0.0,0.0,0.0,0.0,0.0,0.0,1,1,0
1758,0.9380116,0.91146547,-0.026546129999999946,0.91144514,0.87352204,-0.03792309999999999,1.0,1.0,0.0,0.0,0.0,0.0,0.0,0.0,0.0,0.0,0.0,0.0,1,1,0
1759,1.0,1.0,0.0,1.0,1.0,0.0,1.0,1.0,0.0,0.0,0.0,0.0,0.0,0.0,0.0,0.0,0.0,0.0,1,1,0
1760,1.0,1.0,0.0,1.0,1.0,0.0,1.0,1.0,0.0,0.0,0.0,0.0,0.0,0.0,0.0,0.0,0.0,0.0,1,1,0
1761,1.0,1.0,0.0,1.0,1.0,0.0,1.0,1.0,0.0,0.0,0.0,0.0,0.0,0.0,0.0,0.0,0.0,0.0,1,1,0
1762,0.92110234,0.9386328,0.017530460000000025,0.88728905,0.91233253,0.025043480000000007,1.0,1.0,0.0,0.0,0.0,0.0,0.0,0.0,0.0,0.0,0.0,0.0,1,1,0
1763,0.8680607,0.8572864,-0.010774300000000014,0.85972965,0.7961234,-0.06360624999999998,0.8875,1.0,0.11250000000000004,0.0,0.0,0.0,0.0,0.0,0.0,0.0,0.0,0.0,1,1,0
1764,1.0,1.0,0.0,1.0,1.0,0.0,1.0,1.0,0.0,0.0,0.0,0.0,0.0,0.0,0.0,0.0,0.0,0.0,1,1,0
1765,1.0,1.0,0.0,1.0,1.0,0.0,1.0,1.0,0.0,0.0,0.0,0.0,0.0,0.0,0.0,0.0,0.0,0.0,1,1,0
1766,0.97375005,1.0,0.026249949999999966,1.0,1.0,0.0,0.9125,1.0,0.08750000000000002,0.0,0.0,0.0,0.0,0.0,0.0,0.0,0.0,0.0,1,1,0
1767,0.91242754,0.93870956,0.026282020000000017,0.87489647,0.9124422,0.037545729999999944,1.0,1.0,0.0,0.0,0.0,0.0,0.0,0.0,0.0,0.0,0.0,0.0,1,1,0
1768,0.8577038,0.90757334,0.04986953999999999,0.8288626,0.8679618,0.0390992,0.925,1.0,0.07499999999999996,0.0,0.0,0.0,0.0,0.0,0.0,0.0,0.0,0.0,1,1,0
1769,0.9588896,0.95287573,-0.006013869999999977,0.9412709,0.96482235,0.02355145000000003,1.0,0.925,-0.07499999999999996,0.0,0.0,0.0,0.0,0.0,0.0,0.0,0.0,0.0,1,1,0
1770,0.8173132,0.8860844,0.06877120000000003,0.8247331,0.8372633,0.012530200000000047,0.8,1.0,0.19999999999999996,0.0,0.0,0.0,0.0,0.0,0.0,0.0,0.0,0.0,1,1,0
1771,1.0,1.0,0.0,1.0,1.0,0.0,1.0,1.0,0.0,0.0,0.0,0.0,0.0,0.0,0.0,0.0,0.0,0.0,1,1,0
1772,0.8957631,1.0,0.10423689999999997,0.883233,1.0,0.11676699999999995,0.925,1.0,0.07499999999999996,0.0,0.0,0.0,0.0,0.0,0.0,0.0,0.0,0.0,1,1,0
1773,0.9078602,0.95125,0.043389800000000034,0.9273003,1.0,0.07269970000000003,0.8625,0.83750004,-0.024999960000000043,0.0,0.0,0.0,0.0,0.0,0.0,0.0,0.0,0.0,1,1,0
1774,0.0,0.0,0.0,1.0,1.0,0.0,1.0,1.0,0.0,1.0,1.0,0.0,1.0,1.0,0.0,0.0,0.0,0.0,0,0,0
1775,0.95500004,1.0,0.04499995999999995,1.0,1.0,0.0,0.85,1.0,0.15000000000000002,0.0,0.0,0.0,0.0,0.0,0.0,0.0,0.0,0.0,1,1,0
1776,0.88276446,0.92205906,0.03929460000000007,0.88073486,0.9422273,0.06149243999999998,0.8875,0.875,-0.012499999999999956,0.0,0.0,0.0,0.0,0.0,0.0,0.0,0.0,0.0,1,1,0
1777,0.97749996,1.0,0.022500040000000054,0.99999994,0.99999994,0.0,0.925,1.0,0.07499999999999996,0.0,0.0,0.0,0.0,0.0,0.0,0.0,0.0,0.0,1,1,0
1778,0.36044392,0.29307637,-0.06736755,0.13456275,0.03832337,-0.09623938000000001,0.8875,0.8875,0.0,0.0,0.0,0.0,0.0,0.0,0.0,0.0,0.0,0.0,1,1,0
1779,1.0,1.0,0.0,1.0,1.0,0.0,1.0,1.0,0.0,0.0,0.0,0.0,0.0,0.0,0.0,0.0,0.0,0.0,1,1,0
1780,1.0,1.0,0.0,1.0,1.0,0.0,1.0,1.0,0.0,0.0,0.0,0.0,0.0,0.0,0.0,0.0,0.0,0.0,1,1,0
1781,0.8785515,0.9736481,0.09509659999999998,0.8747165,0.96235436,0.08763785999999996,0.8875,1.0,0.11250000000000004,0.0,0.0,0.0,0.0,0.0,0.0,0.0,0.0,0.0,1,1,0
1782,0.77736306,0.7235801,-0.053782960000000046,0.7462329,0.664043,-0.08218989999999993,0.85,0.8625,0.012500000000000067,0.0,0.0,0.0,0.0,0.0,0.0,0.0,0.0,0.0,1,1,0
1783,0.8748978,0.93867,0.06377220000000006,0.8748539,0.9123857,0.037531800000000004,0.875,1.0,0.125,0.0,0.0,0.0,0.0,0.0,0.0,0.0,0.0,0.0,1,1,0
1784,0.9181718,0.95973265,0.04156084999999998,0.936674,0.974618,0.03794399999999998,0.875,0.925,0.050000000000000044,0.0,0.0,0.0,0.0,0.0,0.0,0.0,0.0,0.0,1,1,0
1785,0.0,0.0,0.0,0.0,0.0,0.0,1.0,1.0,0.0,1.0,1.0,0.0,1.0,1.0,0.0,0.0,0.0,0.0,0,0,0
1786,0.88607925,0.89925593,0.013176680000000052,0.8801131,0.85608,-0.02403310000000003,0.90000004,1.0,0.09999996,0.0,0.0,0.0,0.0,0.0,0.0,0.0,0.0,0.0,1,1,0
1787,1.0,1.0,0.0,1.0,1.0,0.0,1.0,1.0,0.0,0.0,0.0,0.0,0.0,0.0,0.0,0.0,0.0,0.0,1,1,0
1788,0.8937276,0.9000654,0.00633780000000006,0.9017537,0.8893792,-0.012374499999999955,0.875,0.925,0.050000000000000044,0.0,0.0,0.0,0.0,0.0,0.0,0.0,0.0,0.0,1,1,0
1789,1.0,1.0,0.0,1.0,1.0,0.0,1.0,1.0,0.0,0.0,0.0,0.0,0.0,0.0,0.0,0.0,0.0,0.0,1,1,0
1790,0.9931955,1.0,0.006804499999999991,0.9902792,1.0,0.009720799999999974,1.0,1.0,0.0,0.0,0.0,0.0,0.0,0.0,0.0,0.0,0.0,0.0,1,1,0
1791,0.9245451,0.88677216,-0.03777293999999998,0.8922073,0.838246,-0.05396129999999999,1.0,1.0,0.0,0.0,0.0,0.0,0.0,0.0,0.0,0.0,0.0,0.0,1,1,0
1792,0.96250004,0.9656277,0.0031276599999999766,1.0,0.95089674,-0.04910325999999998,0.875,1.0,0.125,0.0,0.0,0.0,0.0,0.0,0.0,0.0,0.0,0.0,1,1,0
1793,0.98178196,0.98178196,0.0,0.9739742,0.9739742,0.0,1.0,1.0,0.0,0.0,0.0,0.0,0.0,0.0,0.0,0.0,0.0,0.0,1,1,0
1794,0.93411845,0.8319637,-0.10215475000000007,0.9058835,0.75994825,-0.14593524999999996,1.0,1.0,0.0,0.0,0.0,0.0,0.0,0.0,0.0,0.0,0.0,0.0,1,1,0
1795,0.9503689,0.9835496,0.03318070000000006,0.9290985,0.97649944,0.04740093999999995,1.0,1.0,0.0,0.0,0.0,0.0,0.0,0.0,0.0,0.0,0.0,0.0,1,1,0
1796,1.0,1.0,0.0,1.0,1.0,0.0,1.0,1.0,0.0,0.0,0.0,0.0,0.0,0.0,0.0,0.0,0.0,0.0,1,1,0
1797,0.9208378,0.9296284,0.008790599999999982,0.88691115,0.8994692,0.012558049999999987,1.0,1.0,0.0,0.0,0.0,0.0,0.0,0.0,0.0,0.0,0.0,0.0,1,1,0
1798,1.0,1.0,0.0,1.0,1.0,0.0,1.0,1.0,0.0,0.0,0.0,0.0,0.0,0.0,0.0,0.0,0.0,0.0,1,1,0
1799,0.97629577,0.0,-0.97629577,0.9661368,0.66853803,-0.29759877,1.0,1.0,0.0,0.0,1.0,1.0,0.0,1.0,1.0,0.0,0.0,0.0,1,0,-1
1800,0.9031841,0.85386556,-0.04931854000000002,0.8938344,0.8448079,-0.049026500000000084,0.925,0.875,-0.050000000000000044,0.0,0.0,0.0,0.0,0.0,0.0,0.0,0.0,0.0,1,1,0
1801,0.8861324,0.88577235,-0.00036005000000005616,0.8748321,0.9011034,0.026271299999999997,0.9125,0.85,-0.0625,0.0,0.0,0.0,0.0,0.0,0.0,0.0,0.0,0.0,1,1,0
1802,1.0,1.0,0.0,1.0,1.0,0.0,1.0,1.0,0.0,0.0,0.0,0.0,0.0,0.0,0.0,0.0,0.0,0.0,1,1,0
1803,0.9307966,0.9453313,0.014534700000000011,0.9493523,0.9379733,-0.011379000000000028,0.8875,0.96250004,0.07500004000000005,0.0,0.0,0.0,0.0,0.0,0.0,0.0,0.0,0.0,1,1,0
1804,0.96250004,0.94785386,-0.014646179999999953,1.0,0.92550546,-0.07449454,0.875,1.0,0.125,0.0,0.0,0.0,0.0,0.0,0.0,0.0,0.0,0.0,1,1,0
1805,0.84348595,0.8616435,0.018157549999999967,0.77640843,0.80234784,0.025939409999999996,1.0,1.0,0.0,0.0,0.0,0.0,0.0,0.0,0.0,0.0,0.0,0.0,1,1,0
1806,0.8122147,0.8034382,-0.008776499999999965,0.78530675,0.7727689,-0.012537850000000073,0.875,0.875,0.0,0.0,0.0,0.0,0.0,0.0,0.0,0.0,0.0,0.0,1,1,0
1807,0.91964,0.91964,0.0,0.8852,0.8852,0.0,1.0,1.0,0.0,0.0,0.0,0.0,0.0,0.0,0.0,0.0,0.0,0.0,1,1,0
1808,0.98346007,0.95645964,-0.027000429999999964,0.9763716,0.93779945,-0.03857215000000003,1.0,1.0,0.0,0.0,0.0,0.0,0.0,0.0,0.0,0.0,0.0,0.0,1,1,0
1809,1.0,1.0,0.0,1.0,1.0,0.0,1.0,1.0,0.0,0.0,0.0,0.0,0.0,0.0,0.0,0.0,0.0,0.0,1,1,0
1810,1.0,1.0,0.0,1.0,1.0,0.0,1.0,1.0,0.0,0.0,0.0,0.0,0.0,0.0,0.0,0.0,0.0,0.0,1,1,0
1811,0.9159139,0.88933796,-0.026575939999999965,0.879877,0.8419113,-0.03796569999999999,1.0,1.0,0.0,0.0,0.0,0.0,0.0,0.0,0.0,0.0,0.0,0.0,1,1,0
1812,0.9087656,0.90585804,-0.00290755999999992,0.9232365,0.8976543,-0.0255822,0.875,0.925,0.050000000000000044,0.0,0.0,0.0,0.0,0.0,0.0,0.0,0.0,0.0,1,1,0
1813,1.0,1.0,0.0,1.0,1.0,0.0,1.0,1.0,0.0,0.0,0.0,0.0,0.0,0.0,0.0,0.0,0.0,0.0,1,1,0
1814,0.9402966,0.95154667,0.011250070000000001,0.96292377,0.96292377,0.0,0.8875,0.925,0.03750000000000009,0.0,0.0,0.0,0.0,0.0,0.0,0.0,0.0,0.0,1,1,0
1815,0.97749996,1.0,0.022500040000000054,1.0,1.0,0.0,0.925,1.0,0.07499999999999996,0.0,0.0,0.0,0.0,0.0,0.0,0.0,0.0,0.0,1,1,0
1816,0.941449,0.93173754,-0.009711460000000005,0.9163557,0.9024821,-0.013873600000000041,1.0,1.0,0.0,0.0,0.0,0.0,0.0,0.0,0.0,0.0,0.0,0.0,1,1,0
1817,1.0,1.0,0.0,1.0,1.0,0.0,1.0,1.0,0.0,0.0,0.0,0.0,0.0,0.0,0.0,0.0,0.0,0.0,1,1,0
1818,0.95488864,0.9639166,0.009027960000000057,0.9355552,0.9484522,0.012896999999999936,1.0,1.0,0.0,0.0,0.0,0.0,0.0,0.0,0.0,0.0,0.0,0.0,1,1,0
1819,0.86974204,0.92983735,0.06009531000000001,0.86213136,0.89976764,0.037636279999999966,0.8875,1.0,0.11250000000000004,0.0,0.0,0.0,0.0,0.0,0.0,0.0,0.0,0.0,1,1,0
1820,1.0,1.0,0.0,1.0,1.0,0.0,1.0,1.0,0.0,0.0,0.0,0.0,0.0,0.0,0.0,0.0,0.0,0.0,1,1,0
1821,0.69337523,0.7258505,0.032475269999999945,0.71196455,0.73692936,0.02496480999999995,0.65000004,0.7,0.049999959999999954,0.0,0.0,0.0,0.0,0.0,0.0,0.0,0.0,0.0,1,1,0
1822,1.0,1.0,0.0,1.0,1.0,0.0,1.0,1.0,0.0,0.0,0.0,0.0,0.0,0.0,0.0,0.0,0.0,0.0,1,1,0
1823,0.8514922,0.86422694,0.012734739999999967,0.8467746,0.85960996,0.012835359999999962,0.8625,0.875,0.012499999999999956,0.0,0.0,0.0,0.0,0.0,0.0,0.0,0.0,0.0,1,1,0
1824,0.9825514,0.97381973,-0.00873166999999997,0.97507334,0.9625997,-0.012473640000000064,1.0,1.0,0.0,0.0,0.0,0.0,0.0,0.0,0.0,0.0,0.0,0.0,1,1,0
1825,1.0,1.0,0.0,1.0,1.0,0.0,1.0,1.0,0.0,0.0,0.0,0.0,0.0,0.0,0.0,0.0,0.0,0.0,1,1,0
1826,0.95125,1.0,0.04874999999999996,1.0,1.0,0.0,0.83750004,1.0,0.16249996,0.0,0.0,0.0,0.0,0.0,0.0,0.0,0.0,0.0,1,1,0
1827,0.84812653,0.8993147,0.05118816999999998,0.83125216,0.9418782,0.11062603999999998,0.8875,0.8,-0.08749999999999991,0.0,0.0,0.0,0.0,0.0,0.0,0.0,0.0,0.0,1,1,0
1828,0.9212061,0.9474681,0.026262000000000008,0.8874372,0.9249544,0.03751719999999992,1.0,1.0,0.0,0.0,0.0,0.0,0.0,0.0,0.0,0.0,0.0,0.0,1,1,0
1829,0.8733746,0.8822748,0.008900200000000025,0.8726779,0.88539267,0.012714769999999986,0.875,0.875,0.0,0.0,0.0,0.0,0.0,0.0,0.0,0.0,0.0,0.0,1,1,0
1830,0.94779074,0.93906796,-0.00872277999999993,0.9254152,0.9129542,-0.012460999999999944,1.0,1.0,0.0,0.0,0.0,0.0,0.0,0.0,0.0,0.0,0.0,0.0,1,1,0
1831,1.0,1.0,0.0,1.0,1.0,0.0,1.0,1.0,0.0,0.0,0.0,0.0,0.0,0.0,0.0,0.0,0.0,0.0,1,1,0
1832,1.0,1.0,0.0,1.0,1.0,0.0,1.0,1.0,0.0,0.0,0.0,0.0,0.0,0.0,0.0,0.0,0.0,0.0,1,1,0
1833,0.84709007,0.8770901,0.030000029999999955,0.86191434,0.86191434,0.0,0.8125,0.9125,0.09999999999999998,0.0,0.0,0.0,0.0,0.0,0.0,0.0,0.0,0.0,1,1,0
1834,0.88747483,0.9212248,0.03374996999999991,0.887464,0.887464,0.0,0.8875,1.0,0.11250000000000004,0.0,0.0,0.0,0.0,0.0,0.0,0.0,0.0,0.0,1,1,0
1835,0.7288732,0.6426631,-0.08621009999999996,0.6608903,0.537733,-0.12315730000000003,0.8875,0.8875,0.0,0.0,0.0,0.0,0.0,0.0,0.0,0.0,0.0,0.0,1,1,0
1836,0.8723259,0.9023259,0.030000000000000027,0.8604656,0.8604656,0.0,0.90000004,1.0,0.09999996,0.0,0.0,0.0,0.0,0.0,0.0,0.0,0.0,0.0,1,1,0
1837,0.8949596,0.9299437,0.034984100000000073,0.8499424,0.89991945,0.04997704999999997,1.0,1.0,0.0,0.0,0.0,0.0,0.0,0.0,0.0,0.0,0.0,0.0,1,1,0
1838,1.0,1.0,0.0,1.0,1.0,0.0,1.0,1.0,0.0,0.0,0.0,0.0,0.0,0.0,0.0,0.0,0.0,0.0,1,1,0
1839,1.0,1.0,0.0,1.0,1.0,0.0,1.0,1.0,0.0,0.0,0.0,0.0,0.0,0.0,0.0,0.0,0.0,0.0,1,1,0
1840,1.0,1.0,0.0,1.0,1.0,0.0,1.0,1.0,0.0,0.0,0.0,0.0,0.0,0.0,0.0,0.0,0.0,0.0,1,1,0
1841,0.9405762,0.9540168,0.013440600000000025,0.9472516,0.9343097,-0.01294189999999995,0.925,1.0,0.07499999999999996,0.0,0.0,0.0,0.0,0.0,0.0,0.0,0.0,0.0,1,1,0
1842,1.0,1.0,0.0,1.0,1.0,0.0,1.0,1.0,0.0,0.0,0.0,0.0,0.0,0.0,0.0,0.0,0.0,0.0,1,1,0
1843,0.9222032,0.957679,0.035475799999999946,0.88886166,0.93954146,0.05067980000000005,1.0,1.0,0.0,0.0,0.0,0.0,0.0,0.0,0.0,0.0,0.0,0.0,1,1,0
1844,1.0,1.0,0.0,1.0,1.0,0.0,1.0,1.0,0.0,0.0,0.0,0.0,0.0,0.0,0.0,0.0,0.0,0.0,1,1,0
1845,0.91942877,0.92835885,0.008930079999999951,0.8848982,0.8976554,0.012757200000000024,1.0,1.0,0.0,0.0,0.0,0.0,0.0,0.0,0.0,0.0,0.0,0.0,1,1,0
1846,0.83821183,0.84754276,0.00933092999999996,0.768874,0.78220403,0.013330030000000104,1.0,1.0,0.0,0.0,0.0,0.0,0.0,0.0,0.0,0.0,0.0,0.0,1,1,0
1847,0.95638555,0.9476375,-0.008748050000000007,0.9376936,0.9251964,-0.012497199999999986,1.0,1.0,0.0,0.0,0.0,0.0,0.0,0.0,0.0,0.0,0.0,0.0,1,1,0
1848,1.0,1.0,0.0,1.0,1.0,0.0,1.0,1.0,0.0,0.0,0.0,0.0,0.0,0.0,0.0,0.0,0.0,0.0,1,1,0
1849,0.88674223,0.9501551,0.06341287000000007,0.8971316,0.9287929,0.0316613,0.8625,1.0,0.13749999999999996,0.0,0.0,0.0,0.0,0.0,0.0,0.0,0.0,0.0,1,1,0
1850,0.9212279,0.8249041,-0.09632379999999996,0.88746834,0.749863,-0.13760534000000002,1.0,1.0,0.0,0.0,0.0,0.0,0.0,0.0,0.0,0.0,0.0,0.0,1,1,0
1851,1.0,1.0,0.0,1.0,1.0,0.0,1.0,1.0,0.0,0.0,0.0,0.0,0.0,0.0,0.0,0.0,0.0,0.0,1,1,0
1852,0.92834663,0.92834663,0.0,0.897638,0.897638,0.0,1.0,1.0,0.0,0.0,0.0,0.0,0.0,0.0,0.0,0.0,0.0,0.0,1,1,0
1853,0.9216709,0.8867971,-0.034873799999999955,0.8881014,0.8382815,-0.04981990000000003,1.0,1.0,0.0,0.0,0.0,0.0,0.0,0.0,0.0,0.0,0.0,0.0,1,1,0
1854,0.91250956,0.94752234,0.035012779999999966,0.8750137,0.925032,0.05001829999999996,1.0,1.0,0.0,0.0,0.0,0.0,0.0,0.0,0.0,0.0,0.0,0.0,1,1,0
1855,0.9387154,0.9035737,-0.03514169999999994,0.9124505,0.8622482,-0.05020230000000003,1.0,1.0,0.0,0.0,0.0,0.0,0.0,0.0,0.0,0.0,0.0,0.0,1,1,0
1856,1.0,0.9980861,-0.001913900000000024,1.0,0.9972658,-0.00273420000000002,1.0,1.0,0.0,0.0,0.0,0.0,0.0,0.0,0.0,0.0,0.0,0.0,1,1,0
1857,1.0,1.0,0.0,0.99999994,0.99999994,0.0,1.0,1.0,0.0,0.0,0.0,0.0,0.0,0.0,0.0,0.0,0.0,0.0,1,1,0
1858,1.0,1.0,0.0,1.0,1.0,0.0,1.0,1.0,0.0,0.0,0.0,0.0,0.0,0.0,0.0,0.0,0.0,0.0,1,1,0
1859,0.90874404,0.79243356,-0.11631048,0.86963445,0.7034765,-0.16615795,1.0,1.0,0.0,0.0,0.0,0.0,0.0,0.0,0.0,0.0,0.0,0.0,1,1,0
1860,1.0,1.0,0.0,1.0,1.0,0.0,1.0,1.0,0.0,0.0,0.0,0.0,0.0,0.0,0.0,0.0,0.0,0.0,1,1,0
1861,1.0,1.0,0.0,1.0,1.0,0.0,1.0,1.0,0.0,0.0,0.0,0.0,0.0,0.0,0.0,0.0,0.0,0.0,1,1,0
1862,1.0,1.0,0.0,1.0,1.0,0.0,1.0,1.0,0.0,0.0,0.0,0.0,0.0,0.0,0.0,0.0,0.0,0.0,1,1,0
1863,0.9659029,0.8978985,-0.06800439999999996,0.9512898,0.85414064,-0.09714915999999996,1.0,1.0,0.0,0.0,0.0,0.0,0.0,0.0,0.0,0.0,0.0,0.0,1,1,0
1864,0.9301017,0.9475052,0.017403500000000016,0.90014523,0.9250074,0.024862170000000017,1.0,1.0,0.0,0.0,0.0,0.0,0.0,0.0,0.0,0.0,0.0,0.0,1,1,0
1865,0.99143696,0.97431564,-0.017121319999999995,0.98776716,0.96330816,-0.02445900000000001,1.0,1.0,0.0,0.0,0.0,0.0,0.0,0.0,0.0,0.0,0.0,0.0,1,1,0
1866,0.0,0.0,0.0,1.0,1.0,0.0,1.0,1.0,0.0,1.0,1.0,0.0,1.0,1.0,0.0,0.0,0.0,0.0,0,0,0
1867,1.0,1.0,0.0,1.0,1.0,0.0,1.0,1.0,0.0,0.0,0.0,0.0,0.0,0.0,0.0,0.0,0.0,0.0,1,1,0
1868,0.93437684,0.0,-0.93437684,0.9437525,0.66698396,-0.27676853999999995,0.9125,0.890625,-0.021874999999999978,0.0,1.0,1.0,0.0,1.0,1.0,0.0,0.0,0.0,1,0,-1
1869,0.96625006,1.0,0.03374993999999998,1.0,1.0,0.0,0.8875,1.0,0.11250000000000004,0.0,0.0,0.0,0.0,0.0,0.0,0.0,0.0,0.0,1,1,0
1870,1.0,1.0,0.0,1.0,1.0,0.0,1.0,1.0,0.0,0.0,0.0,0.0,0.0,0.0,0.0,0.0,0.0,0.0,1,1,0
1871,0.9325,0.905044,-0.027456000000000036,1.0,0.9768485,-0.02315149999999999,0.77500004,0.7375,-0.03750003999999996,0.0,0.0,0.0,0.0,0.0,0.0,0.0,0.0,0.0,1,1,0
1872,0.92373127,0.93498117,0.011249900000000035,0.9392588,0.9392588,0.0,0.8875,0.925,0.03750000000000009,0.0,0.0,0.0,0.0,0.0,0.0,0.0,0.0,0.0,1,1,0
1873,0.9469679,0.9028735,-0.04409439999999998,0.92423975,0.8612479,-0.06299185000000007,1.0,1.0,0.0,0.0,0.0,0.0,0.0,0.0,0.0,0.0,0.0,0.0,1,1,0
1874,1.0,1.0,0.0,1.0,1.0,0.0,1.0,1.0,0.0,0.0,0.0,0.0,0.0,0.0,0.0,0.0,0.0,0.0,1,1,0
1875,1.0,1.0,0.0,1.0,1.0,0.0,1.0,1.0,0.0,0.0,0.0,0.0,0.0,0.0,0.0,0.0,0.0,0.0,1,1,0
1876,0.96250004,1.0,0.03749996,0.99999994,0.99999994,0.0,0.875,1.0,0.125,0.0,0.0,0.0,0.0,0.0,0.0,0.0,0.0,0.0,1,1,0
1877,0.9619703,0.92430586,-0.03766443999999991,0.945672,0.8918655,-0.05380649999999998,1.0,1.0,0.0,0.0,0.0,0.0,0.0,0.0,0.0,0.0,0.0,0.0,1,1,0
1878,0.923487,0.9491097,0.025622699999999998,0.8906957,0.92729956,0.036603860000000044,1.0,1.0,0.0,0.0,0.0,0.0,0.0,0.0,0.0,0.0,0.0,0.0,1,1,0
1879,0.92136556,0.93886006,0.01749449999999997,0.887665,0.9126572,0.02499219999999991,1.0,1.0,0.0,0.0,0.0,0.0,0.0,0.0,0.0,0.0,0.0,0.0,1,1,0
1880,1.0,1.0,0.0,1.0,1.0,0.0,1.0,1.0,0.0,0.0,0.0,0.0,0.0,0.0,0.0,0.0,0.0,0.0,1,1,0
1881,0.94554824,0.8636614,-0.08188684000000002,0.9222118,0.80523056,-0.11698123999999999,1.0,1.0,0.0,0.0,0.0,0.0,0.0,0.0,0.0,0.0,0.0,0.0,1,1,0
1882,1.0,1.0,0.0,1.0,1.0,0.0,1.0,1.0,0.0,0.0,0.0,0.0,0.0,0.0,0.0,0.0,0.0,0.0,1,1,0
1883,1.0,1.0,0.0,1.0,1.0,0.0,1.0,1.0,0.0,0.0,0.0,0.0,0.0,0.0,0.0,0.0,0.0,0.0,1,1,0
1884,0.8813702,0.93008536,0.04871515999999998,0.8626716,0.90012187,0.03745027000000001,0.925,1.0,0.07499999999999996,0.0,0.0,0.0,0.0,0.0,0.0,0.0,0.0,0.0,1,1,0
1885,0.9738043,0.9651007,-0.008703599999999923,0.9625776,0.9501438,-0.01243380000000005,1.0,1.0,0.0,0.0,0.0,0.0,0.0,0.0,0.0,0.0,0.0,0.0,1,1,0
1886,0.9341292,0.95978576,0.02565656000000005,0.9058987,0.9425511,0.03665240000000003,1.0,1.0,0.0,0.0,0.0,0.0,0.0,0.0,0.0,0.0,0.0,0.0,1,1,0
1887,0.94522744,0.9279751,-0.017252339999999977,0.97532487,0.9506787,-0.024646170000000023,0.875,0.875,0.0,0.0,0.0,0.0,0.0,0.0,0.0,0.0,0.0,0.0,1,1,0
1888,0.95125,0.9181299,-0.033120099999999986,1.0,0.8830428,-0.11695719999999998,0.83750004,1.0,0.16249996,0.0,0.0,0.0,0.0,0.0,0.0,0.0,0.0,0.0,1,1,0
1889,1.0,1.0,0.0,1.0,1.0,0.0,1.0,1.0,0.0,0.0,0.0,0.0,0.0,0.0,0.0,0.0,0.0,0.0,1,1,0
1890,1.0,1.0,0.0,1.0,1.0,0.0,1.0,1.0,0.0,0.0,0.0,0.0,0.0,0.0,0.0,0.0,0.0,0.0,1,1,0
1891,1.0,1.0,0.0,1.0,1.0,0.0,1.0,1.0,0.0,0.0,0.0,0.0,0.0,0.0,0.0,0.0,0.0,0.0,1,1,0
1892,0.88257736,0.9388443,0.05626693999999999,0.91261053,0.9501347,0.03752416999999997,0.8125,0.9125,0.09999999999999998,0.0,0.0,0.0,0.0,0.0,0.0,0.0,0.0,0.0,1,1,0
1893,0.92992735,0.95619214,0.026264789999999927,0.8998962,0.93741727,0.037521069999999934,1.0,1.0,0.0,0.0,0.0,0.0,0.0,0.0,0.0,0.0,0.0,0.0,1,1,0
1894,0.8698363,0.8751831,0.005346799999999985,0.8783374,0.85383296,-0.02450444000000007,0.85,0.925,0.07500000000000007,0.0,0.0,0.0,0.0,0.0,0.0,0.0,0.0,0.0,1,1,0
1895,1.0,1.0,0.0,1.0,1.0,0.0,1.0,1.0,0.0,0.0,0.0,0.0,0.0,0.0,0.0,0.0,0.0,0.0,1,1,0
1896,1.0,0.93503857,-0.06496142999999999,1.0,0.907198,-0.09280200000000005,1.0,1.0,0.0,0.0,0.0,0.0,0.0,0.0,0.0,0.0,0.0,0.0,1,1,0
1897,0.93593675,0.9573625,0.02142575000000002,0.9513382,0.93908924,-0.012248959999999975,0.90000004,1.0,0.09999996,0.0,0.0,0.0,0.0,0.0,0.0,0.0,0.0,0.0,1,1,0
1898,1.0,1.0,0.0,1.0,1.0,0.0,1.0,1.0,0.0,0.0,0.0,0.0,0.0,0.0,0.0,0.0,0.0,0.0,1,1,0
1899,0.9211465,0.9298917,0.008745200000000009,0.8873521,0.89984524,0.012493140000000014,1.0,1.0,0.0,0.0,0.0,0.0,0.0,0.0,0.0,0.0,0.0,0.0,1,1,0
1900,1.0,1.0,0.0,1.0,1.0,0.0,1.0,1.0,0.0,0.0,0.0,0.0,0.0,0.0,0.0,0.0,0.0,0.0,1,1,0
1901,0.84963286,0.8571315,0.007498640000000001,0.8387612,0.95125926,0.11249806000000007,0.875,0.6375,-0.23750000000000004,0.0,0.0,0.0,0.0,0.0,0.0,0.0,0.0,0.0,1,1,0
1902,1.0,1.0,0.0,1.0,1.0,0.0,1.0,1.0,0.0,0.0,0.0,0.0,0.0,0.0,0.0,0.0,0.0,0.0,1,1,0
1903,0.73337716,0.9357481,0.20237094,0.75839585,0.97249717,0.21410132000000004,0.675,0.85,0.17499999999999993,0.0,0.0,0.0,0.0,0.0,0.0,0.0,0.0,0.0,1,1,0
1904,0.9319784,0.7955386,-0.1364398,0.9028263,0.809698,-0.09312829999999994,1.0,0.7625,-0.23750000000000004,0.0,0.0,0.0,0.0,0.0,0.0,0.0,0.0,0.0,1,1,0
1905,0.93267536,0.89918244,-0.033492919999999926,0.90382195,0.85597485,-0.04784710000000003,1.0,1.0,0.0,0.0,0.0,0.0,0.0,0.0,0.0,0.0,0.0,0.0,1,1,0
1906,0.8154589,0.90725756,0.09179866000000003,0.89172703,0.9157251,0.023998069999999982,0.6375,0.8875,0.25,0.0,0.0,0.0,0.0,0.0,0.0,0.0,0.0,0.0,1,1,0
1907,0.7602977,0.8331003,0.07280260000000005,0.77542526,0.7615719,-0.013853360000000037,0.725,1.0,0.275,0.0,0.0,0.0,0.0,0.0,0.0,0.0,0.0,0.0,1,1,0
1908,0.8949909,0.8783415,-0.016649400000000036,0.84998703,0.8262021,-0.023784929999999926,1.0,1.0,0.0,0.0,0.0,0.0,0.0,0.0,0.0,0.0,0.0,0.0,1,1,0
1909,1.0,1.0,0.0,1.0,1.0,0.0,1.0,1.0,0.0,0.0,0.0,0.0,0.0,0.0,0.0,0.0,0.0,0.0,1,1,0
1910,0.7175558,0.7854016,0.06784580000000007,0.6929369,0.7309308,0.037993900000000025,0.77500004,0.9125,0.13749995999999998,0.0,0.0,0.0,0.0,0.0,0.0,0.0,0.0,0.0,1,1,0
1911,1.0,1.0,0.0,1.0,1.0,0.0,1.0,1.0,0.0,0.0,0.0,0.0,0.0,0.0,0.0,0.0,0.0,0.0,1,1,0
1912,0.8875,1.0,0.11250000000000004,1.0,1.0,0.0,0.625,1.0,0.375,0.0,0.0,0.0,0.0,0.0,0.0,0.0,0.0,0.0,1,1,0
1913,0.9650791,0.93870133,-0.026377769999999967,0.9501131,0.9124305,-0.03768260000000001,1.0,1.0,0.0,0.0,0.0,0.0,0.0,0.0,0.0,0.0,0.0,0.0,1,1,0
1914,1.0,1.0,0.0,1.0,1.0,0.0,1.0,1.0,0.0,0.0,0.0,0.0,0.0,0.0,0.0,0.0,0.0,0.0,1,1,0
1915,1.0,1.0,0.0,1.0,1.0,0.0,1.0,1.0,0.0,0.0,0.0,0.0,0.0,0.0,0.0,0.0,0.0,0.0,1,1,0
1916,1.0,0.99121994,-0.008780059999999978,1.0,0.987457,-0.01254299999999997,1.0,1.0,0.0,0.0,0.0,0.0,0.0,0.0,0.0,0.0,0.0,0.0,1,1,0
1917,0.96885437,0.88770926,-0.08114511000000002,0.9555062,0.8395845,-0.11592170000000002,1.0,1.0,0.0,0.0,0.0,0.0,0.0,0.0,0.0,0.0,0.0,0.0,1,1,0
1918,1.0,1.0,0.0,1.0,1.0,0.0,1.0,1.0,0.0,0.0,0.0,0.0,0.0,0.0,0.0,0.0,0.0,0.0,1,1,0
1919,1.0,1.0,0.0,1.0,1.0,0.0,1.0,1.0,0.0,0.0,0.0,0.0,0.0,0.0,0.0,0.0,0.0,0.0,1,1,0
1920,1.0,0.84148616,-0.15851384000000002,0.99999994,0.7735517,-0.22644824000000008,1.0,1.0,0.0,0.0,0.0,0.0,0.0,0.0,0.0,0.0,0.0,0.0,1,1,0
1921,0.87294084,0.87494296,0.002002119999999996,0.86670125,0.85349,-0.013211250000000008,0.8875,0.925,0.03750000000000009,0.0,0.0,0.0,0.0,0.0,0.0,0.0,0.0,0.0,1,1,0
1922,0.9362263,0.9287264,-0.007499900000000004,0.9624662,0.9624662,0.0,0.875,0.85,-0.025000000000000022,0.0,0.0,0.0,0.0,0.0,0.0,0.0,0.0,0.0,1,1,0
1923,1.0,1.0,0.0,1.0,1.0,0.0,1.0,1.0,0.0,0.0,0.0,0.0,0.0,0.0,0.0,0.0,0.0,0.0,1,1,0
1924,0.95500004,0.9819954,0.026995359999999913,1.0,0.9742792,-0.025720799999999988,0.85,1.0,0.15000000000000002,0.0,0.0,0.0,0.0,0.0,0.0,0.0,0.0,0.0,1,1,0
1925,0.96624994,0.9426886,-0.023561339999999986,0.99999994,0.9502693,-0.04973064000000005,0.8875,0.925,0.03750000000000009,0.0,0.0,0.0,0.0,0.0,0.0,0.0,0.0,0.0,1,1,0
1926,0.783038,0.8064756,0.023437599999999947,0.87219715,0.90032226,0.028125110000000064,0.575,0.58750004,0.012500040000000046,0.0,0.0,0.0,0.0,0.0,0.0,0.0,0.0,0.0,1,1,0
1927,0.9916672,0.89008963,-0.10157757,0.98809606,0.8429851,-0.14511096,1.0,1.0,0.0,0.0,0.0,0.0,0.0,0.0,0.0,0.0,0.0,0.0,1,1,0
1928,0.96625006,1.0,0.03374993999999998,1.0,1.0,0.0,0.8875,1.0,0.11250000000000004,0.0,0.0,0.0,0.0,0.0,0.0,0.0,0.0,0.0,1,1,0
1929,1.0,1.0,0.0,1.0,1.0,0.0,1.0,1.0,0.0,0.0,0.0,0.0,0.0,0.0,0.0,0.0,0.0,0.0,1,1,0
1930,1.0,1.0,0.0,1.0,1.0,0.0,1.0,1.0,0.0,0.0,0.0,0.0,0.0,0.0,0.0,0.0,0.0,0.0,1,1,0
1931,0.91205025,0.9071331,-0.004917149999999926,0.8743574,0.8994758,0.025118400000000096,1.0,0.925,-0.07499999999999996,0.0,0.0,0.0,0.0,0.0,0.0,0.0,0.0,0.0,1,1,0
1932,0.9300623,0.96502143,0.03495912999999995,0.9000889,0.95003057,0.04994167000000005,1.0,1.0,0.0,0.0,0.0,0.0,0.0,0.0,0.0,0.0,0.0,0.0,1,1,0
1933,0.8492573,0.90159094,0.05233363999999996,0.83822465,0.912987,0.07476234999999998,0.875,0.875,0.0,0.0,0.0,0.0,0.0,0.0,0.0,0.0,0.0,0.0,1,1,0
1934,0.99119514,1.0,0.008804860000000025,0.9874215,1.0,0.012578500000000048,1.0,1.0,0.0,0.0,0.0,0.0,0.0,0.0,0.0,0.0,0.0,0.0,1,1,0
1935,0.8790026,0.8927013,0.013698700000000064,0.9128609,0.93778765,0.024926749999999998,0.8,0.7875,-0.012500000000000067,0.0,0.0,0.0,0.0,0.0,0.0,0.0,0.0,0.0,1,1,0
1936,1.0,1.0,0.0,1.0,1.0,0.0,1.0,1.0,0.0,0.0,0.0,0.0,0.0,0.0,0.0,0.0,0.0,0.0,1,1,0
1937,1.0,1.0,0.0,1.0,1.0,0.0,1.0,1.0,0.0,0.0,0.0,0.0,0.0,0.0,0.0,0.0,0.0,0.0,1,1,0
1938,0.95874995,0.87174934,-0.08700060999999992,1.0,0.8167847,-0.18321529999999997,0.8625,1.0,0.13749999999999996,0.0,0.0,0.0,0.0,0.0,0.0,0.0,0.0,0.0,1,1,0
1939,1.0,1.0,0.0,1.0,1.0,0.0,1.0,1.0,0.0,0.0,0.0,0.0,0.0,0.0,0.0,0.0,0.0,0.0,1,1,0
1940,0.85442466,0.87947196,0.025047300000000106,0.8509638,0.87603134,0.02506754,0.8625,0.8875,0.02499999999999991,0.0,0.0,0.0,0.0,0.0,0.0,0.0,0.0,0.0,1,1,0
1941,0.96625006,0.95500004,-0.011250019999999972,1.0,1.0,0.0,0.8875,0.85,-0.03749999999999998,0.0,0.0,0.0,0.0,0.0,0.0,0.0,0.0,0.0,1,1,0
1942,0.9580696,1.0,0.041930400000000034,0.9400994,0.99999994,0.05990054,1.0,1.0,0.0,0.0,0.0,0.0,0.0,0.0,0.0,0.0,0.0,0.0,1,1,0
1943,0.0,0.0,0.0,0.26202264,0.23671795,-0.025304689999999963,0.52380955,1.0,0.47619045000000004,1.0,1.0,0.0,1.0,1.0,0.0,0.0,0.0,0.0,0,0,0
1944,1.0,1.0,0.0,1.0,1.0,0.0,1.0,1.0,0.0,0.0,0.0,0.0,0.0,0.0,0.0,0.0,0.0,0.0,1,1,0
1945,0.0,0.0,0.0,0.0010698442,0.0011198084,4.9964200000000066e-05,1.0,1.0,0.0,1.0,1.0,0.0,1.0,1.0,0.0,0.0,0.0,0.0,0,0,0
1946,0.92463666,0.95589525,0.031258589999999975,0.92448086,0.9369932,0.01251234000000001,0.925,1.0,0.07499999999999996,0.0,0.0,0.0,0.0,0.0,0.0,0.0,0.0,0.0,1,1,0
1947,0.99130553,0.9826307,-0.008674830000000022,0.9875793,0.9751867,-0.012392600000000087,1.0,1.0,0.0,0.0,0.0,0.0,0.0,0.0,0.0,0.0,0.0,0.0,1,1,0
1948,0.9639746,0.9639746,0.0,0.948535,0.948535,0.0,1.0,1.0,0.0,0.0,0.0,0.0,0.0,0.0,0.0,0.0,0.0,0.0,1,1,0
1949,0.8864275,0.9289522,0.04252469999999997,0.8859678,0.8985032,0.012535399999999974,0.8875,1.0,0.11250000000000004,0.0,0.0,0.0,0.0,0.0,0.0,0.0,0.0,0.0,1,1,0
1950,0.8966114,0.9395868,0.04297540000000011,0.9112306,0.9779811,0.06675050000000005,0.8625,0.85,-0.012500000000000067,0.0,0.0,0.0,0.0,0.0,0.0,0.0,0.0,0.0,1,1,0
1951,0.9850001,0.9135298,-0.0714703000000001,1.0,0.8978997,-0.10210030000000003,0.95,0.95,0.0,0.0,0.0,0.0,0.0,0.0,0.0,0.0,0.0,0.0,1,1,0
1952,0.97749996,0.97749996,0.0,0.99999994,0.99999994,0.0,0.925,0.925,0.0,0.0,0.0,0.0,0.0,0.0,0.0,0.0,0.0,0.0,1,1,0
1953,0.9105774,0.8719088,-0.03866859999999994,0.8722534,0.8170125,-0.055240899999999926,1.0,1.0,0.0,0.0,0.0,0.0,0.0,0.0,0.0,0.0,0.0,0.0,1,1,0
1954,0.9483914,1.0,0.051608600000000004,0.9262734,1.0,0.07372659999999998,1.0,1.0,0.0,0.0,0.0,0.0,0.0,0.0,0.0,0.0,0.0,0.0,1,1,0
1955,0.9123535,0.92110187,0.00874836999999995,0.8747907,0.8872884,0.012497699999999945,1.0,1.0,0.0,0.0,0.0,0.0,0.0,0.0,0.0,0.0,0.0,0.0,1,1,0
1956,0.6472073,0.6462261,-0.0009812000000000154,0.6352961,0.5535373,-0.08175880000000002,0.675,0.8625,0.1875,0.0,0.0,0.0,0.0,0.0,0.0,0.0,0.0,0.0,1,1,0
1957,1.0,1.0,0.0,1.0,1.0,0.0,1.0,1.0,0.0,0.0,0.0,0.0,0.0,0.0,0.0,0.0,0.0,0.0,1,1,0
1958,1.0,1.0,0.0,1.0,1.0,0.0,1.0,1.0,0.0,0.0,0.0,0.0,0.0,0.0,0.0,0.0,0.0,0.0,1,1,0
1959,1.0,1.0,0.0,1.0,1.0,0.0,1.0,1.0,0.0,0.0,0.0,0.0,0.0,0.0,0.0,0.0,0.0,0.0,1,1,0
1960,0.97375005,0.9805943,0.006844249999999996,1.0,0.97227746,-0.027722539999999962,0.9125,1.0,0.08750000000000002,0.0,0.0,0.0,0.0,0.0,0.0,0.0,0.0,0.0,1,1,0
1961,1.0,0.9825762,-0.01742379999999999,1.0,0.97510886,-0.024891140000000034,1.0,1.0,0.0,0.0,0.0,0.0,0.0,0.0,0.0,0.0,0.0,0.0,1,1,0
1962,0.9135629,0.9083519,-0.005210999999999966,0.87651837,0.901217,0.024698630000000055,1.0,0.925,-0.07499999999999996,0.0,0.0,0.0,0.0,0.0,0.0,0.0,0.0,0.0,1,1,0
1963,0.9123179,0.9482542,0.03593630000000003,0.8747398,0.92607737,0.051337570000000055,1.0,1.0,0.0,0.0,0.0,0.0,0.0,0.0,0.0,0.0,0.0,0.0,1,1,0
1964,1.0,0.94054145,-0.05945855,0.99999994,0.9150592,-0.08494074000000007,1.0,1.0,0.0,0.0,0.0,0.0,0.0,0.0,0.0,0.0,0.0,0.0,1,1,0
1965,1.0,1.0,0.0,1.0,1.0,0.0,1.0,1.0,0.0,0.0,0.0,0.0,0.0,0.0,0.0,0.0,0.0,0.0,1,1,0
1966,1.0,1.0,0.0,1.0,1.0,0.0,1.0,1.0,0.0,0.0,0.0,0.0,0.0,0.0,0.0,0.0,0.0,0.0,1,1,0
1967,1.0,1.0,0.0,1.0,1.0,0.0,1.0,1.0,0.0,0.0,0.0,0.0,0.0,0.0,0.0,0.0,0.0,0.0,1,1,0
1968,0.0,0.0,0.0,0.80261797,0.8678428,0.06522483000000001,0.7727273,0.8,0.02727270000000004,1.0,1.0,0.0,1.0,1.0,0.0,0.0,0.0,0.0,0,0,0
1969,0.9141287,0.88535255,-0.02877615,0.87732667,0.83621794,-0.04110872999999993,1.0,1.0,0.0,0.0,0.0,0.0,0.0,0.0,0.0,0.0,0.0,0.0,1,1,0
1970,0.97749996,1.0,0.022500040000000054,1.0,1.0,0.0,0.925,1.0,0.07499999999999996,0.0,0.0,0.0,0.0,0.0,0.0,0.0,0.0,0.0,1,1,0
1971,0.8943009,0.84799767,-0.04630322999999992,0.8490011,0.8364253,-0.012575799999999915,1.0,0.875,-0.125,0.0,0.0,0.0,0.0,0.0,0.0,0.0,0.0,0.0,1,1,0
1972,1.0,1.0,0.0,1.0,1.0,0.0,1.0,1.0,0.0,0.0,0.0,0.0,0.0,0.0,0.0,0.0,0.0,0.0,1,1,0
1973,1.0,0.94929916,-0.05070083999999997,1.0,0.9757845,-0.024215499999999945,1.0,0.8875,-0.11250000000000004,0.0,0.0,0.0,0.0,0.0,0.0,0.0,0.0,0.0,1,1,0
1974,1.0,1.0,0.0,1.0,1.0,0.0,1.0,1.0,0.0,0.0,0.0,0.0,0.0,0.0,0.0,0.0,0.0,0.0,1,1,0
1975,0.90262073,0.97749996,0.07487922999999996,0.9251723,1.0,0.07482770000000005,0.85,0.925,0.07500000000000007,0.0,0.0,0.0,0.0,0.0,0.0,0.0,0.0,0.0,1,1,0
1976,0.94085085,0.95054716,0.00969630999999993,0.95300114,0.92935306,-0.02364808000000007,0.9125,1.0,0.08750000000000002,0.0,0.0,0.0,0.0,0.0,0.0,0.0,0.0,0.0,1,1,0
1977,0.95046663,1.0,0.04953337000000002,0.98816663,1.0000001,0.011833470000000013,0.8625,1.0,0.13749999999999996,0.0,0.0,0.0,0.0,0.0,0.0,0.0,0.0,0.0,1,1,0
1978,0.8817728,0.90427274,0.022499939999999996,0.8632468,0.8632468,0.0,0.925,1.0,0.07499999999999996,0.0,0.0,0.0,0.0,0.0,0.0,0.0,0.0,0.0,1,1,0
1979,0.0,0.0,0.0,0.7902383,0.7902383,0.0,1.0,1.0,0.0,0.0,0.0,0.0,1.0,1.0,0.0,0.0,0.0,0.0,0,0,0
1980,1.0,1.0,0.0,1.0,1.0,0.0,1.0,1.0,0.0,0.0,0.0,0.0,0.0,0.0,0.0,0.0,0.0,0.0,1,1,0
1981,1.0,0.9419045,-0.05809549999999997,1.0,0.9170063,-0.08299369999999995,1.0,1.0,0.0,0.0,0.0,0.0,0.0,0.0,0.0,0.0,0.0,0.0,1,1,0
1982,0.87994975,0.9395794,0.05962964999999998,0.8767139,0.91368484,0.03697094000000001,0.8875,1.0,0.11250000000000004,0.0,0.0,0.0,0.0,0.0,0.0,0.0,0.0,0.0,1,1,0
1983,0.970115,0.99816513,0.028050130000000006,0.9948071,0.9973787,0.002571599999999896,0.9125,1.0,0.08750000000000002,0.0,0.0,0.0,0.0,0.0,0.0,0.0,0.0,0.0,1,1,0
1984,1.0,1.0,0.0,1.0,1.0,0.0,1.0,1.0,0.0,0.0,0.0,0.0,0.0,0.0,0.0,0.0,0.0,0.0,1,1,0
1985,0.9505543,0.911359,-0.03919529999999993,0.9293632,0.8733701,-0.05599309999999991,1.0,1.0,0.0,0.0,0.0,0.0,0.0,0.0,0.0,0.0,0.0,0.0,1,1,0
1986,1.0,1.0,0.0,1.0,1.0,0.0,1.0,1.0,0.0,0.0,0.0,0.0,0.0,0.0,0.0,0.0,0.0,0.0,1,1,0
1987,1.0,1.0,0.0,1.0,1.0,0.0,1.0,1.0,0.0,0.0,0.0,0.0,0.0,0.0,0.0,0.0,0.0,0.0,1,1,0
1988,0.92927265,0.87626094,-0.053011710000000045,0.89896095,0.8232299,-0.07573105000000002,1.0,1.0,0.0,0.0,0.0,0.0,0.0,0.0,0.0,0.0,0.0,0.0,1,1,0
1989,0.9124571,0.9553656,0.042908500000000016,0.87493867,0.9362365,0.06129783,1.0,1.0,0.0,0.0,0.0,0.0,0.0,0.0,0.0,0.0,0.0,0.0,1,1,0
1990,0.8516001,0.89813346,0.04653336000000008,0.8362145,0.8866192,0.05040470000000008,0.8875,0.925,0.03750000000000009,0.0,0.0,0.0,0.0,0.0,0.0,0.0,0.0,0.0,1,1,0
1991,0.91260433,0.8963432,-0.016261129999999957,0.87514913,0.9001331,0.024983969999999966,1.0,0.8875,-0.11250000000000004,0.0,0.0,0.0,0.0,0.0,0.0,0.0,0.0,0.0,1,1,0
1992,1.0,1.0,0.0,1.0,1.0,0.0,1.0,1.0,0.0,0.0,0.0,0.0,0.0,0.0,0.0,0.0,0.0,0.0,1,1,0
1993,0.93625003,1.0,0.06374997000000004,1.0,1.0,0.0,0.7875,1.0,0.21250000000000002,0.0,0.0,0.0,0.0,0.0,0.0,0.0,0.0,0.0,1,1,0
1994,0.0,0.0,0.0,0.9721163,0.9583574,-0.013758900000000018,1.0,1.0,0.0,1.0,1.0,0.0,1.0,1.0,0.0,0.0,0.0,0.0,0,0,0
1995,0.9475236,0.8290433,-0.11848029999999998,0.9250337,0.825419,-0.09961469999999994,1.0,0.83750004,-0.16249996,0.0,0.0,0.0,0.0,0.0,0.0,0.0,0.0,0.0,1,1,0
1996,0.9260103,0.9792542,0.05324390000000001,0.8943005,0.97036314,0.07606263999999996,1.0,1.0,0.0,0.0,0.0,0.0,0.0,0.0,0.0,0.0,0.0,0.0,1,1,0
1997,0.9385993,0.9385993,0.0,0.91228473,0.91228473,0.0,1.0,1.0,0.0,0.0,0.0,0.0,0.0,0.0,0.0,0.0,0.0,0.0,1,1,0
1998,0.95500004,0.97749996,0.022499919999999896,1.0,1.0,0.0,0.85,0.925,0.07500000000000007,0.0,0.0,0.0,0.0,0.0,0.0,0.0,0.0,0.0,1,1,0
1999,0.68858683,0.6749032,-0.013683629999999947,0.742624,0.53557605,-0.20704794999999998,0.5625,1.0,0.4375,0.0,0.0,0.0,0.0,0.0,0.0,0.0,0.0,0.0,1,1,0
2000,0.99115354,0.98228514,-0.008868399999999999,0.98736227,0.9746931,-0.012669170000000007,1.0,1.0,0.0,0.0,0.0,0.0,0.0,0.0,0.0,0.0,0.0,0.0,1,1,0
2001,0.8677929,0.87575483,0.007961930000000006,0.8111328,0.8225069,0.011374100000000054,1.0,1.0,0.0,0.0,0.0,0.0,0.0,0.0,0.0,0.0,0.0,0.0,1,1,0
2002,0.85559124,0.89474374,0.039152500000000034,0.8472731,0.89784825,0.05057515000000001,0.875,0.8875,0.012499999999999956,0.0,0.0,0.0,0.0,0.0,0.0,0.0,0.0,0.0,1,1,0
2003,1.0,1.0,0.0,1.0,1.0,0.0,1.0,1.0,0.0,0.0,0.0,0.0,0.0,0.0,0.0,0.0,0.0,0.0,1,1,0
2004,0.9562195,0.9737051,0.01748559999999999,0.9374565,0.96243584,0.024979340000000017,1.0,1.0,0.0,0.0,0.0,0.0,0.0,0.0,0.0,0.0,0.0,0.0,1,1,0
2005,0.94021416,0.8070307,-0.13318346000000003,0.9145916,0.7243295,-0.1902621,1.0,1.0,0.0,0.0,0.0,0.0,0.0,0.0,0.0,0.0,0.0,0.0,1,1,0
2006,1.0,0.991487,-0.008512999999999993,1.0,0.9878386,-0.012161399999999989,1.0,1.0,0.0,0.0,0.0,0.0,0.0,0.0,0.0,0.0,0.0,0.0,1,1,0
2007,0.85247576,0.7815296,-0.07094615999999998,0.8428225,0.6878994,-0.15492309999999998,0.875,1.0,0.125,0.0,0.0,0.0,0.0,0.0,0.0,0.0,0.0,0.0,1,1,0
2008,0.8708027,0.9286109,0.057808199999999976,0.8475752,0.89801556,0.05044036000000007,0.925,1.0,0.07499999999999996,0.0,0.0,0.0,0.0,0.0,0.0,0.0,0.0,0.0,1,1,0
2009,0.9226185,0.92136806,-0.0012504399999999638,0.93766934,0.8876686,-0.05000073999999999,0.8875,1.0,0.11250000000000004,0.0,0.0,0.0,0.0,0.0,0.0,0.0,0.0,0.0,1,1,0
2010,0.9874693,1.0,0.012530700000000006,0.98209906,0.99999994,0.017900880000000008,1.0,1.0,0.0,0.0,0.0,0.0,0.0,0.0,0.0,0.0,0.0,0.0,1,1,0
2011,1.0,1.0,0.0,1.0,1.0,0.0,1.0,1.0,0.0,0.0,0.0,0.0,0.0,0.0,0.0,0.0,0.0,0.0,1,1,0
2012,0.9823875,0.9823875,0.0,0.9748392,0.9748392,0.0,1.0,1.0,0.0,0.0,0.0,0.0,0.0,0.0,0.0,0.0,0.0,0.0,1,1,0
2013,0.96250004,0.9560246,-0.006475439999999999,1.0,0.937178,-0.06282200000000004,0.875,1.0,0.125,0.0,0.0,0.0,0.0,0.0,0.0,0.0,0.0,0.0,1,1,0
2014,0.9426945,0.9356182,-0.007076300000000035,0.91813487,0.90802604,-0.010108830000000069,1.0,1.0,0.0,0.0,0.0,0.0,0.0,0.0,0.0,0.0,0.0,0.0,1,1,0
2015,1.0,1.0,0.0,1.0,1.0,0.0,1.0,1.0,0.0,0.0,0.0,0.0,0.0,0.0,0.0,0.0,0.0,0.0,1,1,0
2016,0.95125,0.9400164,-0.011233600000000066,1.0,0.91430914,-0.08569086000000004,0.83750004,1.0,0.16249996,0.0,0.0,0.0,0.0,0.0,0.0,0.0,0.0,0.0,1,1,0
2017,1.0,1.0,0.0,1.0,1.0,0.0,1.0,1.0,0.0,0.0,0.0,0.0,0.0,0.0,0.0,0.0,0.0,0.0,1,1,0
2018,1.0,1.0,0.0,1.0,1.0,0.0,1.0,1.0,0.0,0.0,0.0,0.0,0.0,0.0,0.0,0.0,0.0,0.0,1,1,0
2019,0.86866134,0.8594534,-0.009207939999999915,0.81237334,0.7992192,-0.013154140000000036,1.0,1.0,0.0,0.0,0.0,0.0,0.0,0.0,0.0,0.0,0.0,0.0,1,1,0
2020,0.8129307,0.8654426,0.052511899999999945,0.7809724,0.8077751,0.026802699999999957,0.8875,1.0,0.11250000000000004,0.0,0.0,0.0,0.0,0.0,0.0,0.0,0.0,0.0,1,1,0
2021,1.0,0.95500004,-0.04499995999999995,1.0,1.0,0.0,1.0,0.85,-0.15000000000000002,0.0,0.0,0.0,0.0,0.0,0.0,0.0,0.0,0.0,1,1,0
2022,0.8581444,0.91026324,0.05211884,0.8455634,0.8718047,0.026241300000000023,0.8875,1.0,0.11250000000000004,0.0,0.0,0.0,0.0,0.0,0.0,0.0,0.0,0.0,1,1,0
2023,0.92497486,1.0,0.07502514000000005,0.9892497,1.0,0.01075029999999999,0.77500004,1.0,0.22499996,0.0,0.0,0.0,0.0,0.0,0.0,0.0,0.0,0.0,1,1,0
2024,1.0,1.0,0.0,1.0,1.0,0.0,1.0,1.0,0.0,0.0,0.0,0.0,0.0,0.0,0.0,0.0,0.0,0.0,1,1,0
2025,0.96625006,0.94723856,-0.01901150000000007,1.0,0.9246265,-0.07537349999999998,0.8875,1.0,0.11250000000000004,0.0,0.0,0.0,0.0,0.0,0.0,0.0,0.0,0.0,1,1,0
2026,0.86615413,0.8027527,-0.06340142999999998,0.8087916,0.71821815,-0.09057345000000006,1.0,1.0,0.0,0.0,0.0,0.0,0.0,0.0,0.0,0.0,0.0,0.0,1,1,0
2027,0.9208865,0.92969686,0.008810359999999906,0.8869808,0.8995668,0.012585999999999986,1.0,1.0,0.0,0.0,0.0,0.0,0.0,0.0,0.0,0.0,0.0,0.0,1,1,0
2028,1.0,1.0,0.0,1.0,1.0,0.0,1.0,1.0,0.0,0.0,0.0,0.0,0.0,0.0,0.0,0.0,0.0,0.0,1,1,0
2029,0.8227641,0.88276404,0.059999939999999974,0.8325201,0.8325201,0.0,0.8,1.0,0.19999999999999996,0.0,0.0,0.0,0.0,0.0,0.0,0.0,0.0,0.0,1,1,0
2030,0.91316223,0.90445036,-0.008711869999999955,0.875946,0.90100044,0.02505444000000001,1.0,0.9125,-0.08750000000000002,0.0,0.0,0.0,0.0,0.0,0.0,0.0,0.0,0.0,1,1,0
2031,0.9382128,0.9382128,0.0,0.9117326,0.9117326,0.0,1.0,1.0,0.0,0.0,0.0,0.0,0.0,0.0,0.0,0.0,0.0,0.0,1,1,0
2032,1.0,0.9752251,-0.024774900000000044,1.0,0.9646073,-0.035392700000000055,1.0,1.0,0.0,0.0,0.0,0.0,0.0,0.0,0.0,0.0,0.0,0.0,1,1,0
2033,1.0,1.0,0.0,1.0,1.0,0.0,1.0,1.0,0.0,0.0,0.0,0.0,0.0,0.0,0.0,0.0,0.0,0.0,1,1,0
2034,0.89349025,0.869095,-0.02439525000000009,0.8799861,0.8451358,-0.0348503,0.925,0.925,0.0,0.0,0.0,0.0,0.0,0.0,0.0,0.0,0.0,0.0,1,1,0
2035,0.99952984,1.0,0.00047015999999999725,0.9993284,1.0000001,0.0006717000000000528,1.0,1.0,0.0,0.0,0.0,0.0,0.0,0.0,0.0,0.0,0.0,0.0,1,1,0
2036,0.93045455,0.92174476,-0.00870978999999994,0.9006493,0.8882067,-0.01244259999999997,1.0,1.0,0.0,0.0,0.0,0.0,0.0,0.0,0.0,0.0,0.0,0.0,1,1,0
2037,0.0,0.0,0.0,1.0,1.0,0.0,1.0,1.0,0.0,1.0,1.0,0.0,1.0,1.0,0.0,0.0,0.0,0.0,0,0,0
2038,1.0,1.0,0.0,1.0,1.0,0.0,1.0,1.0,0.0,0.0,0.0,0.0,0.0,0.0,0.0,0.0,0.0,0.0,1,1,0
2039,0.0,0.99166864,0.99166864,0.7643517,0.988098,0.22374630000000006,1.0,1.0,0.0,0.0,0.0,0.0,0.0,0.0,0.0,1.0,0.0,-1.0,0,1,1
2040,0.90482014,0.931131,0.026310860000000047,0.87474304,0.91233003,0.03758698999999999,0.975,0.975,0.0,0.0,0.0,0.0,0.0,0.0,0.0,0.0,0.0,0.0,1,1,0
2041,0.99114716,0.96625006,-0.024897100000000005,0.987353,1.0,0.012646999999999964,1.0,0.8875,-0.11250000000000004,0.0,0.0,0.0,0.0,0.0,0.0,0.0,0.0,0.0,1,1,0
2042,1.0,1.0,0.0,1.0,1.0,0.0,1.0,1.0,0.0,0.0,0.0,0.0,0.0,0.0,0.0,0.0,0.0,0.0,1,1,0
2043,0.9043832,0.88560724,-0.018775960000000036,0.8634046,0.83658177,-0.026822829999999964,1.0,1.0,0.0,0.0,0.0,0.0,0.0,0.0,0.0,0.0,0.0,0.0,1,1,0
2044,0.92085475,0.88079625,-0.04005850000000011,0.8869354,0.8618517,-0.025083700000000042,1.0,0.925,-0.07499999999999996,0.0,0.0,0.0,0.0,0.0,0.0,0.0,0.0,0.0,1,1,0
2045,0.88137525,0.8289198,-0.05245545000000007,0.90017885,0.7877425,-0.11243634999999996,0.83750004,0.925,0.08749996000000004,0.0,0.0,0.0,0.0,0.0,0.0,0.0,0.0,0.0,1,1,0
2046,1.0,0.9477946,-0.05220539999999996,1.0,0.9254209,-0.07457910000000001,1.0,1.0,0.0,0.0,0.0,0.0,0.0,0.0,0.0,0.0,0.0,0.0,1,1,0
2047,0.96625006,1.0,0.03374993999999998,1.0,1.0,0.0,0.8875,1.0,0.11250000000000004,0.0,0.0,0.0,0.0,0.0,0.0,0.0,0.0,0.0,1,1,0
2048,0.94937956,0.9325129,-0.016866660000000033,0.927685,0.9035897,-0.02409529999999993,1.0,1.0,0.0,0.0,0.0,0.0,0.0,0.0,0.0,0.0,0.0,0.0,1,1,0
2049,0.96250004,0.95500004,-0.007499999999999951,1.0,1.0,0.0,0.875,0.85,-0.025000000000000022,0.0,0.0,0.0,0.0,0.0,0.0,0.0,0.0,0.0,1,1,0
2050,1.0,1.0,0.0,1.0,1.0,0.0,1.0,1.0,0.0,0.0,0.0,0.0,0.0,0.0,0.0,0.0,0.0,0.0,1,1,0
2051,0.97225827,0.9907303,0.018472029999999973,0.960369,0.9867576,0.026388599999999984,1.0,1.0,0.0,0.0,0.0,0.0,0.0,0.0,0.0,0.0,0.0,0.0,1,1,0
2052,1.0,1.0,0.0,1.0,1.0,0.0,1.0,1.0,0.0,0.0,0.0,0.0,0.0,0.0,0.0,0.0,0.0,0.0,1,1,0
2053,0.9501139,0.8481826,-0.10193129999999995,0.9287341,0.783118,-0.14561610000000003,1.0,1.0,0.0,0.0,0.0,0.0,0.0,0.0,0.0,0.0,0.0,0.0,1,1,0
2054,0.9454075,0.9572852,0.011877699999999991,0.9755821,0.9389789,-0.03660320000000006,0.875,1.0,0.125,0.0,0.0,0.0,0.0,0.0,0.0,0.0,0.0,0.0,1,1,0
2055,1.0,1.0,0.0,1.0,1.0,0.0,1.0,1.0,0.0,0.0,0.0,0.0,0.0,0.0,0.0,0.0,0.0,0.0,1,1,0
2056,1.0,1.0,0.0,1.0,1.0,0.0,1.0,1.0,0.0,0.0,0.0,0.0,0.0,0.0,0.0,0.0,0.0,0.0,1,1,0
2057,0.93874973,0.8862966,-0.05245312999999996,0.9124996,0.8375665,-0.07493309999999997,1.0,1.0,0.0,0.0,0.0,0.0,0.0,0.0,0.0,0.0,0.0,0.0,1,1,0
2058,1.0,1.0,0.0,0.99999994,0.99999994,0.0,1.0,1.0,0.0,0.0,0.0,0.0,0.0,0.0,0.0,0.0,0.0,0.0,1,1,0
2059,0.90788615,0.9287607,0.020874550000000047,0.9273372,0.9518011,0.024463899999999983,0.8625,0.875,0.012499999999999956,0.0,0.0,0.0,0.0,0.0,0.0,0.0,0.0,0.0,1,1,0
2060,0.9993169,0.9993169,0.0,0.99902415,0.99902415,0.0,1.0,1.0,0.0,0.0,0.0,0.0,0.0,0.0,0.0,0.0,0.0,0.0,1,1,0
2061,0.956752,0.9309044,-0.02584760000000008,0.9382172,0.90129197,-0.03692522999999992,1.0,1.0,0.0,0.0,0.0,0.0,0.0,0.0,0.0,0.0,0.0,0.0,1,1,0
2062,0.96250004,0.97749996,0.014999919999999944,1.0,1.0,0.0,0.875,0.925,0.050000000000000044,0.0,0.0,0.0,0.0,0.0,0.0,0.0,0.0,0.0,1,1,0
2063,0.9292795,0.9469528,0.017673300000000003,0.89897066,0.92421824,0.025247579999999936,1.0,1.0,0.0,0.0,0.0,0.0,0.0,0.0,0.0,0.0,0.0,0.0,1,1,0
2064,0.96999997,0.97749996,0.007499989999999901,1.0,1.0,0.0,0.90000004,0.925,0.024999960000000043,0.0,0.0,0.0,0.0,0.0,0.0,0.0,0.0,0.0,1,1,0
2065,1.0,1.0,0.0,1.0,1.0,0.0,1.0,1.0,0.0,0.0,0.0,0.0,0.0,0.0,0.0,0.0,0.0,0.0,1,1,0
2066,1.0,1.0,0.0,1.0,1.0,0.0,1.0,1.0,0.0,0.0,0.0,0.0,0.0,0.0,0.0,0.0,0.0,0.0,1,1,0
2067,0.0,0.9967171,0.9967171,1.0,0.9953102,-0.004689799999999966,1.0,1.0,0.0,0.0,0.0,0.0,0.0,0.0,0.0,1.0,0.0,-1.0,0,1,1
2068,0.0,0.0,0.0,0.028353421,0.010479899,-0.017873522,1.0,1.0,0.0,1.0,1.0,0.0,1.0,1.0,0.0,0.0,0.0,0.0,0,0,0
2069,0.0,0.0,0.0,1.0,1.0,0.0,1.0,1.0,0.0,1.0,1.0,0.0,1.0,1.0,0.0,0.0,0.0,0.0,0,0,0
2070,1.0,1.0,0.0,1.0,1.0,0.0,1.0,1.0,0.0,0.0,0.0,0.0,0.0,0.0,0.0,0.0,0.0,0.0,1,1,0
2071,0.95967895,0.9914433,0.03176435,0.9745413,0.987776,0.013234699999999933,0.925,1.0,0.07499999999999996,0.0,0.0,0.0,0.0,0.0,0.0,0.0,0.0,0.0,1,1,0
2072,0.96625006,1.0,0.03374993999999998,1.0,1.0,0.0,0.8875,1.0,0.11250000000000004,0.0,0.0,0.0,0.0,0.0,0.0,0.0,0.0,0.0,1,1,0
2073,0.94835377,0.9655822,0.01722842999999996,0.92621976,0.9508317,0.02461194,1.0,1.0,0.0,0.0,0.0,0.0,0.0,0.0,0.0,0.0,0.0,0.0,1,1,0
2074,0.92924196,0.8046303,-0.12461166000000001,0.89891714,0.7209005,-0.17801663999999995,1.0,1.0,0.0,0.0,0.0,0.0,0.0,0.0,0.0,0.0,0.0,0.0,1,1,0
2075,1.0,1.0,0.0,1.0,1.0,0.0,1.0,1.0,0.0,0.0,0.0,0.0,0.0,0.0,0.0,0.0,0.0,0.0,1,1,0
2076,0.9151832,0.8688156,-0.04636759999999995,0.8788331,0.8125938,-0.0662393,1.0,1.0,0.0,0.0,0.0,0.0,0.0,0.0,0.0,0.0,0.0,0.0,1,1,0
2077,0.9027311,0.9204275,0.017696399999999946,0.8610444,0.886325,0.025280599999999986,1.0,1.0,0.0,0.0,0.0,0.0,0.0,0.0,0.0,0.0,0.0,0.0,1,1,0
2078,0.87879527,0.8675737,-0.011221570000000014,0.91256464,0.8751052,-0.03745944000000001,0.8,0.85,0.04999999999999993,0.0,0.0,0.0,0.0,0.0,0.0,0.0,0.0,0.0,1,1,0
2079,0.94750005,0.95874995,0.011249899999999924,1.0,1.0,0.0,0.825,0.8625,0.03750000000000009,0.0,0.0,0.0,0.0,0.0,0.0,0.0,0.0,0.0,1,1,0
2080,1.0,1.0,0.0,1.0,1.0,0.0,1.0,1.0,0.0,0.0,0.0,0.0,0.0,0.0,0.0,0.0,0.0,0.0,1,1,0
2081,0.0,0.0,0.0,0.96773446,0.59253037,-0.37520409,1.0,1.0,0.0,2.0,2.0,0.0,1.0,1.0,0.0,0.0,0.0,0.0,0,0,0
2082,1.0,1.0,0.0,1.0,1.0,0.0,1.0,1.0,0.0,0.0,0.0,0.0,0.0,0.0,0.0,0.0,0.0,0.0,1,1,0
2083,0.82632506,0.78474444,-0.04158061999999996,0.7893928,0.692492,-0.09690080000000001,0.9125,1.0,0.08750000000000002,0.0,0.0,0.0,0.0,0.0,0.0,0.0,0.0,0.0,1,1,0
2084,0.9568168,0.9914471,0.0346303,0.93830967,0.98778147,0.049471800000000066,1.0,1.0,0.0,0.0,0.0,0.0,0.0,0.0,0.0,0.0,0.0,0.0,1,1,0
2085,0.9220285,0.95577854,0.033750039999999926,0.93682635,0.93682635,0.0,0.8875,1.0,0.11250000000000004,0.0,0.0,0.0,0.0,0.0,0.0,0.0,0.0,0.0,1,1,0
2086,0.83145076,0.8375784,0.00612763999999999,0.84492964,0.7679691,-0.07696054000000008,0.8,1.0,0.19999999999999996,0.0,0.0,0.0,0.0,0.0,0.0,0.0,0.0,0.0,1,1,0
2087,0.9317135,0.9181158,-0.013597699999999935,0.9024478,0.88302255,-0.01942525000000006,1.0,1.0,0.0,0.0,0.0,0.0,0.0,0.0,0.0,0.0,0.0,0.0,1,1,0
2088,1.0,1.0,0.0,1.0,1.0,0.0,1.0,1.0,0.0,0.0,0.0,0.0,0.0,0.0,0.0,0.0,0.0,0.0,1,1,0
2089,0.84012014,0.8538583,0.013738159999999944,0.82517165,0.8501547,0.024983050000000007,0.875,0.8625,-0.012499999999999956,0.0,0.0,0.0,0.0,0.0,0.0,0.0,0.0,0.0,1,1,0
2090,0.91221637,0.9297951,0.017578729999999987,0.87459487,0.89970726,0.025112389999999984,1.0,1.0,0.0,0.0,0.0,0.0,0.0,0.0,0.0,0.0,0.0,0.0,1,1,0
2091,1.0,1.0,0.0,1.0,1.0,0.0,1.0,1.0,0.0,0.0,0.0,0.0,0.0,0.0,0.0,0.0,0.0,0.0,1,1,0
2092,0.9574656,1.0,0.04253439999999997,0.9874507,1.0,0.012549299999999985,0.8875,1.0,0.11250000000000004,0.0,0.0,0.0,0.0,0.0,0.0,0.0,0.0,0.0,1,1,0
2093,1.0,1.0,0.0,1.0,1.0,0.0,1.0,1.0,0.0,0.0,0.0,0.0,0.0,0.0,0.0,0.0,0.0,0.0,1,1,0
2094,0.93600655,0.96721154,0.031204989999999988,0.90858084,0.9531593,0.0445784600000001,1.0,1.0,0.0,0.0,0.0,0.0,0.0,0.0,0.0,0.0,0.0,0.0,1,1,0
2095,0.9395013,0.9395013,0.0,0.91357327,0.91357327,0.0,1.0,1.0,0.0,0.0,0.0,0.0,0.0,0.0,0.0,0.0,0.0,0.0,1,1,0
2096,0.97749996,1.0,0.022500040000000054,1.0,1.0,0.0,0.925,1.0,0.07499999999999996,0.0,0.0,0.0,0.0,0.0,0.0,0.0,0.0,0.0,1,1,0
2097,1.0,1.0,0.0,1.0,1.0,0.0,1.0,1.0,0.0,0.0,0.0,0.0,0.0,0.0,0.0,0.0,0.0,0.0,1,1,0
2098,1.0,1.0,0.0,1.0,1.0,0.0,1.0,1.0,0.0,0.0,0.0,0.0,0.0,0.0,0.0,0.0,0.0,0.0,1,1,0
2099,0.9907543,1.0,0.009245700000000023,0.9867919,1.0,0.013208099999999945,1.0,1.0,0.0,0.0,0.0,0.0,0.0,0.0,0.0,0.0,0.0,0.0,1,1,0
2100,0.9389284,0.93017656,-0.008751839999999955,0.9127549,0.90025216,-0.012502740000000068,1.0,1.0,0.0,0.0,0.0,0.0,0.0,0.0,0.0,0.0,0.0,0.0,1,1,0
2101,0.97749996,0.0,-0.97749996,1.0,0.2584786,-0.7415214,0.925,0.25,-0.675,0.0,1.0,1.0,0.0,1.0,1.0,0.0,0.0,0.0,1,0,-1
2102,1.0,1.0,0.0,1.0,1.0,0.0,1.0,1.0,0.0,0.0,0.0,0.0,0.0,0.0,0.0,0.0,0.0,0.0,1,1,0
2103,0.92300093,0.9403038,0.01730286999999997,0.89000136,0.9147197,0.02471834000000006,1.0,1.0,0.0,0.0,0.0,0.0,0.0,0.0,0.0,0.0,0.0,0.0,1,1,0
2104,0.9400372,0.96250004,0.022462839999999984,0.9625531,0.99999994,0.03744683999999998,0.8875,0.875,-0.012499999999999956,0.0,0.0,0.0,0.0,0.0,0.0,0.0,0.0,0.0,1,1,0
2105,0.8373434,0.83213085,-0.0052125499999999825,0.7997764,0.760187,-0.03958940000000011,0.925,1.0,0.07499999999999996,0.0,0.0,0.0,0.0,0.0,0.0,0.0,0.0,0.0,1,1,0
2106,0.93166333,1.0,0.06833666999999999,0.9880905,1.0,0.011909500000000017,0.8,1.0,0.19999999999999996,0.0,0.0,0.0,0.0,0.0,0.0,0.0,0.0,0.0,1,1,0
2107,0.8277109,0.9062254,0.07851449999999993,0.80208695,0.9142507,0.11216375,0.8875,0.8875,0.0,0.0,0.0,0.0,0.0,0.0,0.0,0.0,0.0,0.0,1,1,0
2108,0.92739576,0.95995903,0.03256327000000003,0.94985104,0.9749415,0.025090460000000037,0.875,0.925,0.050000000000000044,0.0,0.0,0.0,0.0,0.0,0.0,0.0,0.0,0.0,1,1,0
2109,1.0,0.96250004,-0.03749996,1.0,1.0,0.0,1.0,0.875,-0.125,0.0,0.0,0.0,0.0,0.0,0.0,0.0,0.0,0.0,1,1,0
2110,1.0,1.0,0.0,1.0,1.0,0.0,1.0,1.0,0.0,0.0,0.0,0.0,0.0,0.0,0.0,0.0,0.0,0.0,1,1,0
2111,0.8316145,0.8550774,0.023462899999999953,0.81302065,0.8518963,0.03887565000000004,0.875,0.8625,-0.012499999999999956,0.0,0.0,0.0,0.0,0.0,0.0,0.0,0.0,0.0,1,1,0
2112,0.9126031,0.9169445,0.004341400000000051,0.9072901,0.8813494,-0.02594070000000004,0.925,1.0,0.07499999999999996,0.0,0.0,0.0,0.0,0.0,0.0,0.0,0.0,0.0,1,1,0
2113,1.0,1.0,0.0,1.0,1.0,0.0,1.0,1.0,0.0,0.0,0.0,0.0,0.0,0.0,0.0,0.0,0.0,0.0,1,1,0
2114,1.0,0.9937019,-0.006298099999999973,1.0,0.9910026,-0.008997400000000044,1.0,1.0,0.0,0.0,0.0,0.0,0.0,0.0,0.0,0.0,0.0,0.0,1,1,0
2115,0.94,0.96625006,0.026250060000000075,1.0,1.0,0.0,0.8,0.8875,0.08749999999999991,0.0,0.0,0.0,0.0,0.0,0.0,0.0,0.0,0.0,1,1,0
2116,1.0,1.0,0.0,1.0,1.0,0.0,1.0,1.0,0.0,0.0,0.0,0.0,0.0,0.0,0.0,0.0,0.0,0.0,1,1,0
2117,0.8873486,0.8898539,0.0025052999999999326,0.88728356,0.8747912,-0.01249235999999998,0.8875,0.925,0.03750000000000009,0.0,0.0,0.0,0.0,0.0,0.0,0.0,0.0,0.0,1,1,0
2118,0.9662766,0.93359435,-0.032682250000000024,0.9839665,0.90513474,-0.07883175999999992,0.925,1.0,0.07499999999999996,0.0,0.0,0.0,0.0,0.0,0.0,0.0,0.0,0.0,1,1,0
2119,0.98978895,0.96958154,-0.020207410000000037,0.9854127,0.956545,-0.02886770000000005,1.0,1.0,0.0,0.0,0.0,0.0,0.0,0.0,0.0,0.0,0.0,0.0,1,1,0
2120,1.0,1.0,0.0,1.0,1.0,0.0,1.0,1.0,0.0,0.0,0.0,0.0,0.0,0.0,0.0,0.0,0.0,0.0,1,1,0
2121,0.9269428,0.9044429,-0.022499899999999906,0.8956327,0.8956327,0.0,1.0,0.925,-0.07499999999999996,0.0,0.0,0.0,0.0,0.0,0.0,0.0,0.0,0.0,1,1,0
2122,0.94749993,0.9453829,-0.0021170299999999642,0.99999994,0.9862612,-0.013738740000000083,0.825,0.85,0.025000000000000022,0.0,0.0,0.0,0.0,0.0,0.0,0.0,0.0,0.0,1,1,0
2123,0.9015768,0.88410133,-0.017475469999999937,0.91296685,0.8880019,-0.024964949999999986,0.875,0.875,0.0,0.0,0.0,0.0,0.0,0.0,0.0,0.0,0.0,0.0,1,1,0
2124,1.0,1.0,0.0,1.0,1.0,0.0,1.0,1.0,0.0,0.0,0.0,0.0,0.0,0.0,0.0,0.0,0.0,0.0,1,1,0
2125,0.9573245,0.9685745,0.011249999999999982,0.9872493,0.9872493,0.0,0.8875,0.925,0.03750000000000009,0.0,0.0,0.0,0.0,0.0,0.0,0.0,0.0,0.0,1,1,0
2126,0.8792929,0.9187191,0.03942619999999997,0.8864898,0.9481702,0.06168039999999997,0.8625,0.85,-0.012500000000000067,0.0,0.0,0.0,0.0,0.0,0.0,0.0,0.0,0.0,1,1,0
2127,0.95874995,0.94375,-0.014999949999999984,1.0,1.0,0.0,0.8625,0.8125,-0.050000000000000044,0.0,0.0,0.0,0.0,0.0,0.0,0.0,0.0,0.0,1,1,0
2128,0.97749996,1.0,0.022500040000000054,1.0,1.0,0.0,0.925,1.0,0.07499999999999996,0.0,0.0,0.0,0.0,0.0,0.0,0.0,0.0,0.0,1,1,0
2129,0.7939585,0.7350301,-0.05892839999999999,0.7377978,0.6214715,-0.1163263,0.925,1.0,0.07499999999999996,0.0,0.0,0.0,0.0,0.0,0.0,0.0,0.0,0.0,1,1,0
2130,0.8584978,0.93358594,0.07508813999999997,0.8996397,0.9372657,0.03762599999999994,0.7625,0.925,0.1625000000000001,0.0,0.0,0.0,0.0,0.0,0.0,0.0,0.0,0.0,1,1,0
2131,1.0,0.88904935,-0.11095065000000004,1.0,0.841499,-0.158501,1.0,1.0,0.0,0.0,0.0,0.0,0.0,0.0,0.0,0.0,0.0,0.0,1,1,0
2132,1.0,1.0,0.0,1.0,1.0,0.0,1.0,1.0,0.0,0.0,0.0,0.0,0.0,0.0,0.0,0.0,0.0,0.0,1,1,0
2133,0.8895054,0.78629047,-0.10321493000000004,0.9117934,0.74827206,-0.16352133999999996,0.83750004,0.875,0.03749996,0.0,0.0,0.0,0.0,0.0,0.0,0.0,0.0,0.0,1,1,0
2134,0.83164036,0.90410346,0.0724631,0.8505576,0.863005,0.012447399999999997,0.7875,1.0,0.21250000000000002,0.0,0.0,0.0,0.0,0.0,0.0,0.0,0.0,0.0,1,1,0
2135,0.94877404,0.96250004,0.013726000000000016,0.97503436,1.0,0.02496564000000001,0.8875,0.875,-0.012499999999999956,0.0,0.0,0.0,0.0,0.0,0.0,0.0,0.0,0.0,1,1,0
2136,0.97749996,0.99115545,0.013655490000000103,1.0,0.9873648,-0.012635199999999958,0.925,1.0,0.07499999999999996,0.0,0.0,0.0,0.0,0.0,0.0,0.0,0.0,0.0,1,1,0
2137,0.91994494,0.94658774,0.026642799999999967,0.8856357,0.92369676,0.03806105999999998,1.0,1.0,0.0,0.0,0.0,0.0,0.0,0.0,0.0,0.0,0.0,0.0,1,1,0
2138,0.91908056,0.95852596,0.039445399999999964,0.91654366,0.9407514,0.024207740000000033,0.925,1.0,0.07499999999999996,0.0,0.0,0.0,0.0,0.0,0.0,0.0,0.0,0.0,1,1,0
2139,1.0,0.0,-1.0,1.0,0.16545564,-0.83454436,1.0,1.0,0.0,0.0,1.0,1.0,0.0,1.0,1.0,0.0,0.0,0.0,1,0,-1
2140,0.95874995,1.0,0.04125005000000004,1.0,1.0,0.0,0.8625,1.0,0.13749999999999996,0.0,0.0,0.0,0.0,0.0,0.0,0.0,0.0,0.0,1,1,0
2141,0.9764786,0.9081692,-0.06830939999999996,0.96639794,0.86881316,-0.09758478000000004,1.0,1.0,0.0,0.0,0.0,0.0,0.0,0.0,0.0,0.0,0.0,0.0,1,1,0
2142,0.9478974,0.93160456,-0.016292839999999975,0.97378194,0.934435,-0.03934693999999994,0.8875,0.925,0.03750000000000009,0.0,0.0,0.0,0.0,0.0,0.0,0.0,0.0,0.0,1,1,0
2143,0.9691828,0.9991827,0.029999899999999968,0.9988325,0.9988325,0.0,0.90000004,1.0,0.09999996,0.0,0.0,0.0,0.0,0.0,0.0,0.0,0.0,0.0,1,1,0
2144,0.92235166,0.9485313,0.02617963999999995,0.8890737,0.92647344,0.037399740000000015,1.0,1.0,0.0,0.0,0.0,0.0,0.0,0.0,0.0,0.0,0.0,0.0,1,1,0
2145,1.0,1.0,0.0,1.0,1.0,0.0,1.0,1.0,0.0,0.0,0.0,0.0,0.0,0.0,0.0,0.0,0.0,0.0,1,1,0
2146,0.96625006,0.9703353,0.00408523999999999,1.0,0.9576219,-0.042378099999999974,0.8875,1.0,0.11250000000000004,0.0,0.0,0.0,0.0,0.0,0.0,0.0,0.0,0.0,1,1,0
2147,1.0,1.0,0.0,1.0,1.0,0.0,1.0,1.0,0.0,0.0,0.0,0.0,0.0,0.0,0.0,0.0,0.0,0.0,1,1,0
2148,1.0,1.0,0.0,1.0,1.0,0.0,1.0,1.0,0.0,0.0,0.0,0.0,0.0,0.0,0.0,0.0,0.0,0.0,1,1,0
2149,0.90150225,0.9283711,0.026868850000000055,0.859289,0.897673,0.038384000000000085,1.0,1.0,0.0,0.0,0.0,0.0,0.0,0.0,0.0,0.0,0.0,0.0,1,1,0
2150,0.8901642,0.9309271,0.040762900000000046,0.8752345,0.9388244,0.06358989999999998,0.925,0.9125,-0.012500000000000067,0.0,0.0,0.0,0.0,0.0,0.0,0.0,0.0,0.0,1,1,0
2151,1.0,1.0,0.0,1.0,1.0,0.0,1.0,1.0,0.0,0.0,0.0,0.0,0.0,0.0,0.0,0.0,0.0,0.0,1,1,0
2152,0.90160227,0.89531386,-0.006288410000000022,0.9130032,0.85044837,-0.06255483000000006,0.875,1.0,0.125,0.0,0.0,0.0,0.0,0.0,0.0,0.0,0.0,0.0,1,1,0
2153,0.9104418,0.86246127,-0.04798053000000002,0.8720597,0.8035162,-0.06854349999999998,1.0,1.0,0.0,0.0,0.0,0.0,0.0,0.0,0.0,0.0,0.0,0.0,1,1,0
2154,0.86626196,0.8375763,-0.028685659999999946,0.86251706,0.8001089,-0.062408159999999935,0.875,0.925,0.050000000000000044,0.0,0.0,0.0,0.0,0.0,0.0,0.0,0.0,0.0,1,1,0
2155,0.92362994,0.9500729,0.026442960000000015,0.89089984,0.92867553,0.03777569000000003,1.0,1.0,0.0,0.0,0.0,0.0,0.0,0.0,0.0,0.0,0.0,0.0,1,1,0
2156,0.87718356,0.8973881,0.02020454000000005,0.87276226,0.8855543,0.012792040000000005,0.8875,0.925,0.03750000000000009,0.0,0.0,0.0,0.0,0.0,0.0,0.0,0.0,0.0,1,1,0
2157,0.8489208,0.86644614,0.017525339999999945,0.83774406,0.8627802,0.025036139999999985,0.875,0.875,0.0,0.0,0.0,0.0,0.0,0.0,0.0,0.0,0.0,0.0,1,1,0
2158,0.92456836,0.8913695,-0.03319885999999994,0.8975977,0.85017073,-0.04742697000000007,0.9875,0.9875,0.0,0.0,0.0,0.0,0.0,0.0,0.0,0.0,0.0,0.0,1,1,0
2159,0.8627597,0.8779133,0.01515359999999999,0.90037096,0.86309046,-0.03728050000000005,0.77500004,0.9125,0.13749995999999998,0.0,0.0,0.0,0.0,0.0,0.0,0.0,0.0,0.0,1,1,0
2160,0.92095655,0.9160137,-0.004942849999999943,0.8870807,0.9121625,0.025081799999999932,1.0,0.925,-0.07499999999999996,0.0,0.0,0.0,0.0,0.0,0.0,0.0,0.0,0.0,1,1,0
2161,0.8541113,0.91098976,0.056878459999999964,0.87194467,0.9103424,0.03839773000000002,0.8125,0.9125,0.09999999999999998,0.0,0.0,0.0,0.0,0.0,0.0,0.0,0.0,0.0,1,1,0
2162,0.92228335,0.9309285,0.008645150000000101,0.8889762,0.9013265,0.012350300000000036,1.0,1.0,0.0,0.0,0.0,0.0,0.0,0.0,0.0,0.0,0.0,0.0,1,1,0
2163,0.9130686,0.956123,0.04305439999999994,0.87581235,0.9373186,0.061506249999999985,1.0,1.0,0.0,0.0,0.0,0.0,0.0,0.0,0.0,0.0,0.0,0.0,1,1,0
2164,0.8302931,0.87404597,0.043752869999999944,0.8754187,0.8629227,-0.012495999999999952,0.725,0.90000004,0.17500004000000002,0.0,0.0,0.0,0.0,0.0,0.0,0.0,0.0,0.0,1,1,0
2165,0.9025344,0.9113827,0.008848300000000031,0.86076343,0.8734037,0.012640270000000009,1.0,1.0,0.0,0.0,0.0,0.0,0.0,0.0,0.0,0.0,0.0,0.0,1,1,0
2166,0.9232675,0.8034469,-0.11982060000000005,0.8903821,0.7192098,-0.17117229999999994,1.0,1.0,0.0,0.0,0.0,0.0,0.0,0.0,0.0,0.0,0.0,0.0,1,1,0
2167,1.0,0.8881378,-0.11186220000000002,1.0,0.84019685,-0.15980315,1.0,1.0,0.0,0.0,0.0,0.0,0.0,0.0,0.0,0.0,0.0,0.0,1,1,0
2168,1.0,1.0,0.0,1.0,1.0,0.0,1.0,1.0,0.0,0.0,0.0,0.0,0.0,0.0,0.0,0.0,0.0,0.0,1,1,0
2169,0.91876316,0.84071106,-0.07805210000000007,0.88394743,0.77244437,-0.11150305999999999,1.0,1.0,0.0,0.0,0.0,0.0,0.0,0.0,0.0,0.0,0.0,0.0,1,1,0
2170,0.9124436,0.9387312,0.026287599999999967,0.8749194,0.91247314,0.03755374,1.0,1.0,0.0,0.0,0.0,0.0,0.0,0.0,0.0,0.0,0.0,0.0,1,1,0
2171,0.86383957,0.8737305,0.009890929999999964,0.80548495,0.81961495,0.014129999999999976,1.0,1.0,0.0,0.0,0.0,0.0,0.0,0.0,0.0,0.0,0.0,0.0,1,1,0
2172,0.9051792,0.28696278,-0.61821642,0.86454177,0.029589694,-0.834952076,1.0,0.8875,-0.11250000000000004,0.0,0.0,0.0,0.0,0.0,0.0,0.0,0.0,0.0,1,1,0
2173,0.97749996,1.0,0.022500040000000054,1.0,1.0,0.0,0.925,1.0,0.07499999999999996,0.0,0.0,0.0,0.0,0.0,0.0,0.0,0.0,0.0,1,1,0
2174,0.9005891,0.0,-0.9005891,0.89012724,0.15585098,-0.73427626,0.925,0.9444445,0.019444499999999976,0.0,1.0,1.0,0.0,1.0,1.0,0.0,0.0,0.0,1,0,-1
2175,1.0,1.0,0.0,1.0,1.0,0.0,1.0,1.0,0.0,0.0,0.0,0.0,0.0,0.0,0.0,0.0,0.0,0.0,1,1,0
2176,0.8611652,0.84780073,-0.013364469999999962,0.92487895,0.94864386,0.023764910000000028,0.71250004,0.6125,-0.10000003999999996,0.0,0.0,0.0,0.0,0.0,0.0,0.0,0.0,0.0,1,1,0
2177,0.8366724,0.794705,-0.04196739999999999,0.79881763,0.70672137,-0.09209625999999993,0.925,1.0,0.07499999999999996,0.0,0.0,0.0,0.0,0.0,0.0,0.0,0.0,0.0,1,1,0
2178,0.8950934,0.9119509,0.01685749999999997,0.89834756,0.8742155,-0.02413206000000001,0.8875,1.0,0.11250000000000004,0.0,0.0,0.0,0.0,0.0,0.0,0.0,0.0,0.0,1,1,0
2179,1.0,1.0,0.0,1.0,1.0,0.0,1.0,1.0,0.0,0.0,0.0,0.0,0.0,0.0,0.0,0.0,0.0,0.0,1,1,0
2180,0.94740313,0.938639,-0.008764129999999981,0.92486155,0.9123414,-0.012520150000000063,1.0,1.0,0.0,0.0,0.0,0.0,0.0,0.0,0.0,0.0,0.0,0.0,1,1,0
2181,0.91782993,0.8765799,-0.04125003000000005,0.88261414,0.88261414,0.0,1.0,0.8625,-0.13749999999999996,0.0,0.0,0.0,0.0,0.0,0.0,0.0,0.0,0.0,1,1,0
2182,1.0,1.0,0.0,1.0,1.0,0.0,1.0,1.0,0.0,0.0,0.0,0.0,0.0,0.0,0.0,0.0,0.0,0.0,1,1,0
2183,0.8687175,0.92477936,0.05606186000000002,0.866025,0.8925419,0.026516899999999954,0.875,1.0,0.125,0.0,0.0,0.0,0.0,0.0,0.0,0.0,0.0,0.0,1,1,0
2184,0.92996806,0.9024426,-0.02752546,0.8999544,0.86063224,-0.039322159999999995,1.0,1.0,0.0,0.0,0.0,0.0,0.0,0.0,0.0,0.0,0.0,0.0,1,1,0
2185,0.9213091,0.91156405,-0.009745050000000033,0.88758445,0.8736629,-0.01392154999999995,1.0,1.0,0.0,0.0,0.0,0.0,0.0,0.0,0.0,0.0,0.0,0.0,1,1,0
2186,0.9697033,0.8451517,-0.1245516000000001,0.956719,0.7787881,-0.1779309,1.0,1.0,0.0,0.0,0.0,0.0,0.0,0.0,0.0,0.0,0.0,0.0,1,1,0
2187,1.0,1.0,0.0,1.0,1.0,0.0,1.0,1.0,0.0,0.0,0.0,0.0,0.0,0.0,0.0,0.0,0.0,0.0,1,1,0
2188,0.92124766,0.92124766,0.0,0.88749665,0.88749665,0.0,1.0,1.0,0.0,0.0,0.0,0.0,0.0,0.0,0.0,0.0,0.0,0.0,1,1,0
2189,1.0,1.0,0.0,1.0,1.0,0.0,1.0,1.0,0.0,0.0,0.0,0.0,0.0,0.0,0.0,0.0,0.0,0.0,1,1,0
2190,0.92985886,0.93861264,0.008753780000000044,0.8997984,0.9123038,0.0125054,1.0,1.0,0.0,0.0,0.0,0.0,0.0,0.0,0.0,0.0,0.0,0.0,1,1,0
2191,1.0,1.0,0.0,1.0,1.0,0.0,1.0,1.0,0.0,0.0,0.0,0.0,0.0,0.0,0.0,0.0,0.0,0.0,1,1,0
2192,0.9119218,0.8869654,-0.02495639999999999,0.874174,0.88673633,0.012562329999999955,1.0,0.8875,-0.11250000000000004,0.0,0.0,0.0,0.0,0.0,0.0,0.0,0.0,0.0,1,1,0
2193,0.9486696,0.94229823,-0.006371369999999987,0.9748851,0.94971174,-0.025173359999999922,0.8875,0.925,0.03750000000000009,0.0,0.0,0.0,0.0,0.0,0.0,0.0,0.0,0.0,1,1,0
2194,0.9121439,0.9209092,0.008765299999999976,0.8744913,0.88701314,0.012521840000000006,1.0,1.0,0.0,0.0,0.0,0.0,0.0,0.0,0.0,0.0,0.0,0.0,1,1,0
2195,0.757205,0.7759826,0.01877759999999995,0.79779285,0.67997515,-0.11781770000000003,0.6625,1.0,0.3375,0.0,0.0,0.0,0.0,0.0,0.0,0.0,0.0,0.0,1,1,0
2196,0.9215128,0.917355,-0.004157799999999989,0.8878754,0.9140784,0.026202999999999976,1.0,0.925,-0.07499999999999996,0.0,0.0,0.0,0.0,0.0,0.0,0.0,0.0,0.0,1,1,0
2197,0.9296549,0.92089427,-0.008760629999999936,0.8995069,0.88699174,-0.01251515999999997,1.0,1.0,0.0,0.0,0.0,0.0,0.0,0.0,0.0,0.0,0.0,0.0,1,1,0
2198,0.9175,1.0,0.08250000000000002,1.0,1.0,0.0,0.725,1.0,0.275,0.0,0.0,0.0,0.0,0.0,0.0,0.0,0.0,0.0,1,1,0
2199,0.8728442,0.95205563,0.07921143000000008,0.9201346,0.9904366,0.07030199999999998,0.7625,0.8625,0.10000000000000009,0.0,0.0,0.0,0.0,0.0,0.0,0.0,0.0,0.0,1,1,0
2200,0.91496086,0.92494774,0.009986880000000031,0.93744403,0.9249253,-0.012518730000000033,0.8625,0.925,0.0625,0.0,0.0,0.0,0.0,0.0,0.0,0.0,0.0,0.0,1,1,0
2201,0.92875004,0.88859636,-0.04015368000000008,1.0000001,0.96406615,-0.0359339500000001,0.7625,0.71250004,-0.049999959999999954,0.0,0.0,0.0,0.0,0.0,0.0,0.0,0.0,0.0,1,1,0
2202,0.8275024,0.8375856,0.01008320000000007,0.8125034,0.8001224,-0.012380999999999975,0.8625,0.925,0.0625,0.0,0.0,0.0,0.0,0.0,0.0,0.0,0.0,0.0,1,1,0
2203,0.9382631,0.91193265,-0.026330450000000005,0.91180444,0.8741895,-0.0376149400000001,1.0,1.0,0.0,0.0,0.0,0.0,0.0,0.0,0.0,0.0,0.0,0.0,1,1,0
2204,0.8434989,0.8485136,0.0050146999999999275,0.8246413,0.8371624,0.012521099999999952,0.8875,0.875,-0.012499999999999956,0.0,0.0,0.0,0.0,0.0,0.0,0.0,0.0,0.0,1,1,0
2205,1.0,1.0,0.0,1.0,1.0,0.0,1.0,1.0,0.0,0.0,0.0,0.0,0.0,0.0,0.0,0.0,0.0,0.0,1,1,0
2206,0.913184,0.94821894,0.03503493999999996,0.8759771,0.92602694,0.05004984000000001,1.0,1.0,0.0,0.0,0.0,0.0,0.0,0.0,0.0,0.0,0.0,0.0,1,1,0
2207,0.7516853,0.7947055,0.04302019999999995,0.730979,0.7442221,0.013243099999999952,0.8,0.9125,0.11249999999999993,0.0,0.0,0.0,0.0,0.0,0.0,0.0,0.0,0.0,1,1,0
2208,0.903186,0.9640055,0.060819499999999915,0.9099086,0.9485792,0.0386706,0.8875,1.0,0.11250000000000004,0.0,0.0,0.0,0.0,0.0,0.0,0.0,0.0,0.0,1,1,0
2209,1.0,1.0,0.0,1.0,1.0,0.0,1.0,1.0,0.0,0.0,0.0,0.0,0.0,0.0,0.0,0.0,0.0,0.0,1,1,0
2210,0.9175,0.94375,0.026249999999999996,1.0,1.0,0.0,0.725,0.8125,0.08750000000000002,0.0,0.0,0.0,0.0,0.0,0.0,0.0,0.0,0.0,1,1,0
2211,0.92975825,0.95610774,0.026349489999999975,0.89965457,0.9372967,0.03764212999999994,1.0,1.0,0.0,0.0,0.0,0.0,0.0,0.0,0.0,0.0,0.0,0.0,1,1,0
2212,0.9025,1.0,0.09750000000000003,1.0,1.0,0.0,0.675,1.0,0.32499999999999996,0.0,0.0,0.0,0.0,0.0,0.0,0.0,0.0,0.0,1,1,0
2213,0.94772035,0.9911753,0.04345494999999999,0.97352904,0.9873933,0.013864260000000073,0.8875,1.0,0.11250000000000004,0.0,0.0,0.0,0.0,0.0,0.0,0.0,0.0,0.0,1,1,0
2214,1.0,1.0,0.0,1.0,1.0,0.0,1.0,1.0,0.0,0.0,0.0,0.0,0.0,0.0,0.0,0.0,0.0,0.0,1,1,0
2215,1.0,1.0,0.0,1.0,1.0,0.0,1.0,1.0,0.0,0.0,0.0,0.0,0.0,0.0,0.0,0.0,0.0,0.0,1,1,0
2216,1.0,1.0,0.0,1.0,1.0,0.0,1.0,1.0,0.0,0.0,0.0,0.0,0.0,0.0,0.0,0.0,0.0,0.0,1,1,0
2217,1.0,1.0,0.0,1.0,1.0,0.0,1.0,1.0,0.0,0.0,0.0,0.0,0.0,0.0,0.0,0.0,0.0,0.0,1,1,0
2218,0.96625006,1.0,0.03374993999999998,1.0,1.0,0.0,0.8875,1.0,0.11250000000000004,0.0,0.0,0.0,0.0,0.0,0.0,0.0,0.0,0.0,1,1,0
2219,1.0,0.96625006,-0.03374993999999998,1.0,1.0,0.0,1.0,0.8875,-0.11250000000000004,0.0,0.0,0.0,0.0,0.0,0.0,0.0,0.0,0.0,1,1,0
2220,0.9407126,1.0,0.05928739999999999,0.963518,1.0,0.036482000000000014,0.8875,1.0,0.11250000000000004,0.0,0.0,0.0,0.0,0.0,0.0,0.0,0.0,0.0,1,1,0
2221,0.83425504,0.8607208,0.026465760000000005,0.8114357,0.8492441,0.037808399999999964,0.8875,0.8875,0.0,0.0,0.0,0.0,0.0,0.0,0.0,0.0,0.0,0.0,1,1,0
2222,0.9394962,1.0,0.060503799999999996,0.9617804,1.0,0.03821960000000002,0.8875,1.0,0.11250000000000004,0.0,0.0,0.0,0.0,0.0,0.0,0.0,0.0,0.0,1,1,0
2223,1.0,1.0,0.0,1.0,1.0,0.0,1.0,1.0,0.0,0.0,0.0,0.0,0.0,0.0,0.0,0.0,0.0,0.0,1,1,0
2224,0.9382914,0.92944956,-0.00884183999999999,0.91184485,0.8992137,-0.012631150000000035,1.0,1.0,0.0,0.0,0.0,0.0,0.0,0.0,0.0,0.0,0.0,0.0,1,1,0
2225,0.97749996,0.97506565,-0.0024343099999999396,1.0,0.96437943,-0.03562056999999996,0.925,1.0,0.07499999999999996,0.0,0.0,0.0,0.0,0.0,0.0,0.0,0.0,0.0,1,1,0
2226,0.89990014,0.9211589,0.021258760000000043,0.93735737,0.92486984,-0.012487529999999913,0.8125,0.9125,0.09999999999999998,0.0,0.0,0.0,0.0,0.0,0.0,0.0,0.0,0.0,1,1,0
2227,1.0,1.0,0.0,1.0,1.0,0.0,1.0,1.0,0.0,0.0,0.0,0.0,0.0,0.0,0.0,0.0,0.0,0.0,1,1,0
2228,0.97749996,1.0,0.022500040000000054,1.0,1.0,0.0,0.925,1.0,0.07499999999999996,0.0,0.0,0.0,0.0,0.0,0.0,0.0,0.0,0.0,1,1,0
2229,0.93889105,0.94762594,0.00873489000000005,0.9127015,0.9251799,0.0124784,1.0,1.0,0.0,0.0,0.0,0.0,0.0,0.0,0.0,0.0,0.0,0.0,1,1,0
2230,0.97170764,0.9460657,-0.025641939999999974,0.99172515,0.92295104,-0.06877411000000011,0.925,1.0,0.07499999999999996,0.0,0.0,0.0,0.0,0.0,0.0,0.0,0.0,0.0,1,1,0
2231,0.8730316,0.9361538,0.06312220000000002,0.85075945,0.9087911,0.05803164999999999,0.925,1.0,0.07499999999999996,0.0,0.0,0.0,0.0,0.0,0.0,0.0,0.0,0.0,1,1,0
2232,1.0,1.0,0.0,1.0,1.0,0.0,1.0,1.0,0.0,0.0,0.0,0.0,0.0,0.0,0.0,0.0,0.0,0.0,1,1,0
2233,1.0,1.0,0.0,1.0,1.0,0.0,1.0,1.0,0.0,0.0,0.0,0.0,0.0,0.0,0.0,0.0,0.0,0.0,1,1,0
2234,0.9532095,0.9264973,-0.026712200000000075,0.9331565,0.9057104,-0.02744610000000003,1.0,0.975,-0.025000000000000022,0.0,0.0,0.0,0.0,0.0,0.0,0.0,0.0,0.0,1,1,0
2235,0.8676716,0.8658142,-0.001857400000000009,0.89667374,0.84580594,-0.05086780000000002,0.8,0.9125,0.11249999999999993,0.0,0.0,0.0,0.0,0.0,0.0,0.0,0.0,0.0,1,1,0
2236,0.8726206,0.86554766,-0.0070729399999999165,0.8501722,0.8614966,0.011324399999999901,0.925,0.875,-0.050000000000000044,0.0,0.0,0.0,0.0,0.0,0.0,0.0,0.0,0.0,1,1,0
2237,0.8882761,0.87875336,-0.009522739999999974,0.8403944,0.8267906,-0.013603799999999944,1.0,1.0,0.0,0.0,0.0,0.0,0.0,0.0,0.0,0.0,0.0,0.0,1,1,0
2238,1.0,1.0,0.0,1.0,1.0,0.0,1.0,1.0,0.0,0.0,0.0,0.0,0.0,0.0,0.0,0.0,0.0,0.0,1,1,0
2239,1.0,0.9712412,-0.028758799999999973,0.99999994,0.958916,-0.04108394000000004,1.0,1.0,0.0,0.0,0.0,0.0,0.0,0.0,0.0,0.0,0.0,0.0,1,1,0
2240,0.8642666,1.0,0.1357334,0.9614522,0.99999994,0.03854774000000005,0.6375,1.0,0.36250000000000004,0.0,0.0,0.0,0.0,0.0,0.0,0.0,0.0,0.0,1,1,0
2241,0.8423414,0.8760915,0.033750100000000005,0.8229878,0.8229878,0.0,0.8875,1.0,0.11250000000000004,0.0,0.0,0.0,0.0,0.0,0.0,0.0,0.0,0.0,1,1,0
2242,0.9150402,0.8663582,-0.048682,0.87862885,0.84122586,-0.037402990000000025,1.0,0.925,-0.07499999999999996,0.0,0.0,0.0,0.0,0.0,0.0,0.0,0.0,0.0,1,1,0
2243,0.85534877,0.9316773,0.07632853000000006,0.8415697,0.902396,0.0608263,0.8875,1.0,0.11250000000000004,0.0,0.0,0.0,0.0,0.0,0.0,0.0,0.0,0.0,1,1,0
2244,0.869209,1.0,0.130791,0.8131557,1.0,0.18684429999999996,1.0,1.0,0.0,0.0,0.0,0.0,0.0,0.0,0.0,0.0,0.0,0.0,1,1,0
2245,1.0,1.0,0.0,1.0,1.0,0.0,1.0,1.0,0.0,0.0,0.0,0.0,0.0,0.0,0.0,0.0,0.0,0.0,1,1,0
2246,1.0,0.89688504,-0.10311495999999998,1.0,0.85269284,-0.14730716,1.0,1.0,0.0,0.0,0.0,0.0,0.0,0.0,0.0,0.0,0.0,0.0,1,1,0
2247,1.0,1.0,0.0,1.0,1.0,0.0,1.0,1.0,0.0,0.0,0.0,0.0,0.0,0.0,0.0,0.0,0.0,0.0,1,1,0
2248,0.94093114,0.8042305,-0.13670064000000004,0.9156159,0.7203293,-0.1952866000000001,1.0,1.0,0.0,0.0,0.0,0.0,0.0,0.0,0.0,0.0,0.0,0.0,1,1,0
2249,0.9224852,0.9483599,0.025874700000000028,0.8892646,0.92622846,0.03696386000000007,1.0,1.0,0.0,0.0,0.0,0.0,0.0,0.0,0.0,0.0,0.0,0.0,1,1,0
2250,1.0,0.95033044,-0.04966956,1.0,0.9290435,-0.07095649999999998,1.0,1.0,0.0,0.0,0.0,0.0,0.0,0.0,0.0,0.0,0.0,0.0,1,1,0
2251,1.0,1.0,0.0,1.0,1.0,0.0,1.0,1.0,0.0,0.0,0.0,0.0,0.0,0.0,0.0,0.0,0.0,0.0,1,1,0
2252,1.0,1.0,0.0,1.0,1.0,0.0,1.0,1.0,0.0,0.0,0.0,0.0,0.0,0.0,0.0,0.0,0.0,0.0,1,1,0
2253,1.0,0.96250004,-0.03749996,1.0,1.0,0.0,1.0,0.875,-0.125,0.0,0.0,0.0,0.0,0.0,0.0,0.0,0.0,0.0,1,1,0
2254,1.0,1.0,0.0,0.99999994,0.99999994,0.0,1.0,1.0,0.0,0.0,0.0,0.0,0.0,0.0,0.0,0.0,0.0,0.0,1,1,0
2255,0.91684455,0.9348592,0.01801465000000002,0.9187065,0.9069417,-0.01176480000000002,0.9125,1.0,0.08750000000000002,0.0,0.0,0.0,0.0,0.0,0.0,0.0,0.0,0.0,1,1,0
2256,1.0,1.0,0.0,1.0,1.0,0.0,1.0,1.0,0.0,0.0,0.0,0.0,0.0,0.0,0.0,0.0,0.0,0.0,1,1,0
2257,0.92727184,0.8457848,-0.08148703999999996,0.8961026,0.7796926,-0.11641000000000001,1.0,1.0,0.0,0.0,0.0,0.0,0.0,0.0,0.0,0.0,0.0,0.0,1,1,0
2258,1.0,1.0,0.0,1.0,1.0,0.0,1.0,1.0,0.0,0.0,0.0,0.0,0.0,0.0,0.0,0.0,0.0,0.0,1,1,0
2259,1.0,0.94749993,-0.05250007000000001,0.99999994,0.99999994,0.0,1.0,0.825,-0.17500000000000004,0.0,0.0,0.0,0.0,0.0,0.0,0.0,0.0,0.0,1,1,0
2260,0.9453797,0.93978846,-0.005591239999999997,0.9594708,0.97291195,0.013441150000000013,0.9125,0.8625,-0.04999999999999993,0.0,0.0,0.0,0.0,0.0,0.0,0.0,0.0,0.0,1,1,0
2261,1.0,1.0,0.0,1.0,1.0,0.0,1.0,1.0,0.0,0.0,0.0,0.0,0.0,0.0,0.0,0.0,0.0,0.0,1,1,0
2262,0.9213719,0.9338319,0.012460000000000027,0.887674,0.93761694,0.04994293999999999,1.0,0.925,-0.07499999999999996,0.0,0.0,0.0,0.0,0.0,0.0,0.0,0.0,0.0,1,1,0
2263,0.921109,0.9386349,0.017525900000000094,0.8872985,0.9123355,0.025036999999999976,1.0,1.0,0.0,0.0,0.0,0.0,0.0,0.0,0.0,0.0,0.0,0.0,1,1,0
2264,1.0,1.0,0.0,1.0,1.0,0.0,1.0,1.0,0.0,0.0,0.0,0.0,0.0,0.0,0.0,0.0,0.0,0.0,1,1,0
2265,0.8611237,0.9124231,0.051299399999999995,0.84981954,0.87489,0.025070459999999906,0.8875,1.0,0.11250000000000004,0.0,0.0,0.0,0.0,0.0,0.0,0.0,0.0,0.0,1,1,0
2266,1.0,1.0,0.0,1.0,1.0,0.0,1.0,1.0,0.0,0.0,0.0,0.0,0.0,0.0,0.0,0.0,0.0,0.0,1,1,0
2267,0.91750187,0.9072987,-0.01020317000000004,0.9732169,0.86756945,-0.10564745000000009,0.7875,1.0,0.21250000000000002,0.0,0.0,0.0,0.0,0.0,0.0,0.0,0.0,0.0,1,1,0
2268,0.9100899,0.9289821,0.018892200000000026,0.8715569,0.8985458,0.026988899999999982,1.0,1.0,0.0,0.0,0.0,0.0,0.0,0.0,0.0,0.0,0.0,0.0,1,1,0
2269,0.83097804,0.8709769,0.03999886000000008,0.83889717,0.8638956,0.024998430000000016,0.8125,0.8875,0.07499999999999996,0.0,0.0,0.0,0.0,0.0,0.0,0.0,0.0,0.0,1,1,0
2270,1.0,1.0,0.0,1.0,1.0,0.0,1.0,1.0,0.0,0.0,0.0,0.0,0.0,0.0,0.0,0.0,0.0,0.0,1,1,0
2271,0.97749996,1.0,0.022500040000000054,1.0,1.0,0.0,0.925,1.0,0.07499999999999996,0.0,0.0,0.0,0.0,0.0,0.0,0.0,0.0,0.0,1,1,0
2272,0.91206723,0.9296536,0.017586369999999962,0.8743818,0.89950514,0.02512334000000005,1.0,1.0,0.0,0.0,0.0,0.0,0.0,0.0,0.0,0.0,0.0,0.0,1,1,0
2273,1.0,1.0,0.0,1.0,1.0,0.0,1.0,1.0,0.0,0.0,0.0,0.0,0.0,0.0,0.0,0.0,0.0,0.0,1,1,0
2274,0.9562214,0.9387409,-0.01748050000000001,0.9374592,0.9124871,-0.024972100000000053,1.0,1.0,0.0,0.0,0.0,0.0,0.0,0.0,0.0,0.0,0.0,0.0,1,1,0
2275,1.0,1.0,0.0,1.0,1.0,0.0,1.0,1.0,0.0,0.0,0.0,0.0,0.0,0.0,0.0,0.0,0.0,0.0,1,1,0
2276,0.92007256,0.93786395,0.017791389999999963,0.8858179,0.91123426,0.025416359999999916,1.0,1.0,0.0,0.0,0.0,0.0,0.0,0.0,0.0,0.0,0.0,0.0,1,1,0
2277,0.92251223,0.93461174,0.01209950999999998,0.95358884,0.9655166,0.011927759999999954,0.85,0.8625,0.012500000000000067,0.0,0.0,0.0,0.0,0.0,0.0,0.0,0.0,0.0,1,1,0
2278,0.28310207,0.28310207,0.0,0.024074385,0.024074385,0.0,0.8875,0.8875,0.0,0.0,0.0,0.0,0.0,0.0,0.0,0.0,0.0,0.0,1,1,0
2279,1.0,0.0,-1.0,1.0,0.86095554,-0.13904446000000004,1.0,0.62903225,-0.37096775000000004,0.0,0.0,0.0,0.0,1.0,1.0,0.0,0.0,0.0,1,0,-1
2280,0.8923902,0.9222602,0.029869999999999952,0.8998431,0.93715745,0.03731434999999994,0.875,0.8875,0.012499999999999956,0.0,0.0,0.0,0.0,0.0,0.0,0.0,0.0,0.0,1,1,0
2281,0.93889874,0.93889874,0.0,0.9127125,0.9127125,0.0,1.0,1.0,0.0,0.0,0.0,0.0,0.0,0.0,0.0,0.0,0.0,0.0,1,1,0
2282,1.0,1.0,0.0,1.0,1.0,0.0,1.0,1.0,0.0,0.0,0.0,0.0,0.0,0.0,0.0,0.0,0.0,0.0,1,1,0
2283,1.0,0.93886036,-0.06113964000000005,1.0,0.9126577,-0.08734229999999998,1.0,1.0,0.0,0.0,0.0,0.0,0.0,0.0,0.0,0.0,0.0,0.0,1,1,0
2284,1.0,1.0,0.0,1.0,1.0,0.0,1.0,1.0,0.0,0.0,0.0,0.0,0.0,0.0,0.0,0.0,0.0,0.0,1,1,0
2285,0.7679594,0.8366976,0.06873820000000008,0.8238706,0.8363537,0.01248309999999997,0.6375,0.83750004,0.20000004000000005,0.0,0.0,0.0,0.0,0.0,0.0,0.0,0.0,0.0,1,1,0
2286,0.82235354,0.8318251,0.009471559999999934,0.83193374,0.8186787,-0.013255039999999996,0.8,0.8625,0.0625,0.0,0.0,0.0,0.0,0.0,0.0,0.0,0.0,0.0,1,1,0
2287,0.9319229,0.92244035,-0.009482549999999978,0.90274704,0.88920045,-0.013546589999999914,1.0,1.0,0.0,0.0,0.0,0.0,0.0,0.0,0.0,0.0,0.0,0.0,1,1,0
2288,0.90891427,0.8818144,-0.027099870000000026,0.8698776,0.8311634,-0.03871420000000003,1.0,1.0,0.0,0.0,0.0,0.0,0.0,0.0,0.0,0.0,0.0,0.0,1,1,0
2289,0.9465443,0.9268438,-0.01970050000000001,0.92363465,0.94906265,0.025428000000000006,1.0,0.875,-0.125,0.0,0.0,0.0,0.0,0.0,0.0,0.0,0.0,0.0,1,1,0
2290,1.0,1.0,0.0,1.0000001,1.0000001,0.0,1.0,1.0,0.0,0.0,0.0,0.0,0.0,0.0,0.0,0.0,0.0,0.0,1,1,0
2291,1.0,1.0,0.0,1.0,1.0,0.0,1.0,1.0,0.0,0.0,0.0,0.0,0.0,0.0,0.0,0.0,0.0,0.0,1,1,0
2292,0.98723954,0.8206736,-0.16656594000000002,0.9817708,0.77596223,-0.20580857000000008,1.0,0.925,-0.07499999999999996,0.0,0.0,0.0,0.0,0.0,0.0,0.0,0.0,0.0,1,1,0
2293,1.0,0.9210534,-0.07894659999999998,1.0,0.9247191,-0.07528089999999998,1.0,0.9125,-0.08750000000000002,0.0,0.0,0.0,0.0,0.0,0.0,0.0,0.0,0.0,1,1,0
2294,0.9455046,0.8549887,-0.09051589999999998,0.9221494,0.7928409,-0.12930850000000005,1.0,1.0,0.0,0.0,0.0,0.0,0.0,0.0,0.0,0.0,0.0,0.0,1,1,0
2295,0.0,0.0,0.0,1.0,1.0,0.0,1.0,1.0,0.0,1.0,1.0,0.0,1.0,1.0,0.0,0.0,0.0,0.0,0,0,0
2296,0.0,0.99625,0.99625,0.90972936,1.0,0.09027063999999996,0.8769231,0.9875,0.11057690000000009,0.0,0.0,0.0,0.0,0.0,0.0,1.0,0.0,-1.0,0,1,1
2297,0.8129652,0.76561695,-0.04734825000000009,0.7649502,0.6973099,-0.06764029999999999,0.925,0.925,0.0,0.0,0.0,0.0,0.0,0.0,0.0,0.0,0.0,0.0,1,1,0
2298,0.9270037,0.8288475,-0.09815620000000003,0.89571947,0.7554964,-0.14022307,1.0,1.0,0.0,0.0,0.0,0.0,0.0,0.0,0.0,0.0,0.0,0.0,1,1,0
2299,0.96625006,0.83125,-0.13500005999999998,1.0,1.0,0.0,0.8875,0.4375,-0.44999999999999996,0.0,0.0,0.0,0.0,0.0,0.0,0.0,0.0,0.0,1,1,0
2300,0.90210104,0.9027695,0.0006684599999999818,0.9619301,0.89324206,-0.06868804000000006,0.7625,0.925,0.1625000000000001,0.0,0.0,0.0,0.0,0.0,0.0,0.0,0.0,0.0,1,1,0
2301,0.0,0.5435111,0.5435111,0.31115267,0.34787297,0.036720299999999984,1.0,1.0,0.0,1.0,0.0,-1.0,1.0,0.0,-1.0,0.0,0.0,0.0,0,1,1
2302,0.9197981,0.89277107,-0.027027029999999952,0.88542587,0.8468158,-0.03861006999999994,1.0,1.0,0.0,0.0,0.0,0.0,0.0,0.0,0.0,0.0,0.0,0.0,1,1,0
2303,0.8451784,0.9096244,0.064446,0.83239764,0.870892,0.03849435999999995,0.875,1.0,0.125,0.0,0.0,0.0,0.0,0.0,0.0,0.0,0.0,0.0,1,1,0
2304,0.98125,0.97749996,-0.00375004000000001,1.0,1.0,0.0,0.9375,0.925,-0.012499999999999956,0.0,0.0,0.0,0.0,0.0,0.0,0.0,0.0,0.0,1,1,0
2305,0.89646477,0.9739849,0.07752013000000002,0.90030676,0.96283555,0.06252879,0.8875,1.0,0.11250000000000004,0.0,0.0,0.0,0.0,0.0,0.0,0.0,0.0,0.0,1,1,0
2306,0.900488,0.8519749,-0.048513099999999976,0.85784,0.7885356,-0.06930440000000004,1.0,1.0,0.0,0.0,0.0,0.0,0.0,0.0,0.0,0.0,0.0,0.0,1,1,0
2307,0.0,1.0,1.0,0.43039915,1.0,0.56960085,1.0,1.0,0.0,0.0,0.0,0.0,0.0,0.0,0.0,1.0,0.0,-1.0,0,1,1
2308,0.997124,0.997124,0.0,0.99589145,0.99589145,0.0,1.0,1.0,0.0,0.0,0.0,0.0,0.0,0.0,0.0,0.0,0.0,0.0,1,1,0
2309,0.93944687,0.9279049,-0.011541970000000012,0.9134955,0.9505785,0.03708299999999998,1.0,0.875,-0.125,0.0,0.0,0.0,0.0,0.0,0.0,0.0,0.0,0.0,1,1,0
2310,1.0,1.0,0.0,1.0,1.0,0.0,1.0,1.0,0.0,0.0,0.0,0.0,0.0,0.0,0.0,0.0,0.0,0.0,1,1,0
2311,1.0,1.0,0.0,1.0,1.0,0.0,1.0,1.0,0.0,0.0,0.0,0.0,0.0,0.0,0.0,0.0,0.0,0.0,1,1,0
2312,0.95202047,0.9803182,0.02829773000000002,0.9314579,0.9718831,0.04042520000000005,1.0,1.0,0.0,0.0,0.0,0.0,0.0,0.0,0.0,0.0,0.0,0.0,1,1,0
2313,0.9753875,0.89968777,-0.07569972999999997,0.9648393,0.8566969,-0.10814239999999997,1.0,1.0,0.0,0.0,0.0,0.0,0.0,0.0,0.0,0.0,0.0,0.0,1,1,0
2314,1.0,0.98989123,-0.01010876999999999,1.0,0.985559,-0.014441000000000037,1.0,1.0,0.0,0.0,0.0,0.0,0.0,0.0,0.0,0.0,0.0,0.0,1,1,0
2315,0.90237236,0.8388767,-0.06349565999999995,0.86053187,0.7698239,-0.09070796999999997,1.0,1.0,0.0,0.0,0.0,0.0,0.0,0.0,0.0,0.0,0.0,0.0,1,1,0
2316,0.8034582,0.8309847,0.02752650000000001,0.7995831,0.8121209,0.012537800000000043,0.8125,0.875,0.0625,0.0,0.0,0.0,0.0,0.0,0.0,0.0,0.0,0.0,1,1,0
2317,1.0,1.0,0.0,1.0,1.0,0.0,1.0,1.0,0.0,0.0,0.0,0.0,0.0,0.0,0.0,0.0,0.0,0.0,1,1,0
2318,0.95874995,1.0,0.04125005000000004,1.0,1.0,0.0,0.8625,1.0,0.13749999999999996,0.0,0.0,0.0,0.0,0.0,0.0,0.0,0.0,0.0,1,1,0
2319,1.0,1.0,0.0,1.0,1.0,0.0,1.0,1.0,0.0,0.0,0.0,0.0,0.0,0.0,0.0,0.0,0.0,0.0,1,1,0
2320,1.0,1.0,0.0,1.0,1.0,0.0,1.0,1.0,0.0,0.0,0.0,0.0,0.0,0.0,0.0,0.0,0.0,0.0,1,1,0
2321,0.0,0.83875,0.83875,0.5054546,1.0,0.4945454,0.6666667,0.4625,-0.20416669999999992,1.0,0.0,-1.0,1.0,0.0,-1.0,0.0,0.0,0.0,0,1,1
2322,0.9157454,0.90441465,-0.011330750000000056,0.9867791,0.9277352,-0.05904390000000004,0.75,0.85,0.09999999999999998,0.0,0.0,0.0,0.0,0.0,0.0,0.0,0.0,0.0,1,1,0
2323,0.94905657,0.9660512,0.01699463000000001,0.9272236,0.9515017,0.02427809999999997,1.0,1.0,0.0,0.0,0.0,0.0,0.0,0.0,0.0,0.0,0.0,0.0,1,1,0
2324,0.9174248,0.9174248,0.0,0.88203543,0.88203543,0.0,1.0,1.0,0.0,0.0,0.0,0.0,0.0,0.0,0.0,0.0,0.0,0.0,1,1,0
2325,0.97749996,1.0,0.022500040000000054,0.99999994,0.99999994,0.0,0.925,1.0,0.07499999999999996,0.0,0.0,0.0,0.0,0.0,0.0,0.0,0.0,0.0,1,1,0
2326,0.93393624,0.98309463,0.049158389999999996,0.937766,0.9758495,0.03808350000000005,0.925,1.0,0.07499999999999996,0.0,0.0,0.0,0.0,0.0,0.0,0.0,0.0,0.0,1,1,0
2327,0.0,0.0,0.0,0.105260886,0.21773346,0.11247257399999999,0.0,0.5714286,0.5714286,1.0,1.0,0.0,1.0,1.0,0.0,0.0,0.0,0.0,0,0,0
2328,0.0,0.0,0.0,1.0,1.0,0.0,1.0,1.0,0.0,1.0,1.0,0.0,1.0,1.0,0.0,0.0,0.0,0.0,0,0,0
2329,0.9308694,0.9498154,0.01894600000000002,0.90124196,0.9283076,0.027065640000000002,1.0,1.0,0.0,0.0,0.0,0.0,0.0,0.0,0.0,0.0,0.0,0.0,1,1,0
2330,0.83754283,0.8557331,0.018190270000000064,0.84291834,0.8689044,0.025986060000000033,0.825,0.825,0.0,0.0,0.0,0.0,0.0,0.0,0.0,0.0,0.0,0.0,1,1,0
2331,1.0,1.0,0.0,1.0,1.0,0.0,1.0,1.0,0.0,0.0,0.0,0.0,0.0,0.0,0.0,0.0,0.0,0.0,1,1,0
2332,0.0,0.0,0.0,1.0,0.84890836,-0.15109163999999997,1.0,1.0,0.0,2.0,2.0,0.0,1.0,1.0,0.0,0.0,0.0,0.0,0,0,0
2333,0.9756099,0.9756099,0.0,0.965157,0.965157,0.0,1.0,1.0,0.0,0.0,0.0,0.0,0.0,0.0,0.0,0.0,0.0,0.0,1,1,0
2334,1.0,1.0,0.0,1.0,1.0,0.0,1.0,1.0,0.0,0.0,0.0,0.0,0.0,0.0,0.0,0.0,0.0,0.0,1,1,0
2335,0.79544944,0.8621602,0.06671076000000009,0.80957055,0.8727288,0.06315824999999997,0.7625,0.83750004,0.07500004000000005,0.0,0.0,0.0,0.0,0.0,0.0,0.0,0.0,0.0,1,1,0
2336,0.92012066,0.9677256,0.04760493999999993,0.9769579,0.9538936,-0.023064300000000038,0.7875,1.0,0.21250000000000002,0.0,0.0,0.0,0.0,0.0,0.0,0.0,0.0,0.0,1,1,0
2337,1.0,1.0,0.0,1.0,1.0,0.0,1.0,1.0,0.0,0.0,0.0,0.0,0.0,0.0,0.0,0.0,0.0,0.0,1,1,0
2338,0.9116313,0.9116313,0.0,0.87375903,0.87375903,0.0,1.0,1.0,0.0,0.0,0.0,0.0,0.0,0.0,0.0,0.0,0.0,0.0,1,1,0
2339,0.8668442,0.8851866,0.018342400000000092,0.8419203,0.8681236,0.02620330000000004,0.925,0.925,0.0,0.0,0.0,0.0,0.0,0.0,0.0,0.0,0.0,0.0,1,1,0
2340,1.0,1.0,0.0,1.0,1.0,0.0,1.0,1.0,0.0,0.0,0.0,0.0,0.0,0.0,0.0,0.0,0.0,0.0,1,1,0
2341,0.89602375,0.9560995,0.06007574999999998,0.89967674,0.937285,0.03760826000000006,0.8875,1.0,0.11250000000000004,0.0,0.0,0.0,0.0,0.0,0.0,0.0,0.0,0.0,1,1,0
2342,0.95285416,0.9737027,0.020848540000000026,0.9862202,0.96243244,-0.023787760000000047,0.875,1.0,0.125,0.0,0.0,0.0,0.0,0.0,0.0,0.0,0.0,0.0,1,1,0
2343,0.77817434,0.8265867,0.04841236000000004,0.72596335,0.7522668,0.026303450000000006,0.90000004,1.0,0.09999996,0.0,0.0,0.0,0.0,0.0,0.0,0.0,0.0,0.0,1,1,0
2344,0.99189585,0.954019,-0.03787685000000007,0.9884227,0.9343129,-0.054109799999999986,1.0,1.0,0.0,0.0,0.0,0.0,0.0,0.0,0.0,0.0,0.0,0.0,1,1,0
2345,0.8322858,0.8636064,0.03132060000000003,0.8354083,0.8480091,0.012600799999999968,0.825,0.90000004,0.07500004000000005,0.0,0.0,0.0,0.0,0.0,0.0,0.0,0.0,0.0,1,1,0
2346,0.95181465,0.9743147,0.022500049999999994,0.9633067,0.9633067,0.0,0.925,1.0,0.07499999999999996,0.0,0.0,0.0,0.0,0.0,0.0,0.0,0.0,0.0,1,1,0
2347,0.89611596,0.9304911,0.03437513999999997,0.85159427,0.9007015,0.04910723000000006,1.0,1.0,0.0,0.0,0.0,0.0,0.0,0.0,0.0,0.0,0.0,0.0,1,1,0
2348,1.0,1.0,0.0,1.0,1.0,0.0,1.0,1.0,0.0,0.0,0.0,0.0,0.0,0.0,0.0,0.0,0.0,0.0,1,1,0
2349,1.0,0.9810541,-0.01894589999999996,1.0,0.97293437,-0.02706562999999995,1.0,1.0,0.0,0.0,0.0,0.0,0.0,0.0,0.0,0.0,0.0,0.0,1,1,0
2350,0.8634249,0.84502167,-0.018403230000000104,0.80489266,0.7786024,-0.02629026000000001,1.0,1.0,0.0,0.0,0.0,0.0,0.0,0.0,0.0,0.0,0.0,0.0,1,1,0
2351,0.9379387,0.9647921,0.026853400000000027,0.9488409,0.9872029,0.03836200000000001,0.9125,0.9125,0.0,0.0,0.0,0.0,0.0,0.0,0.0,0.0,0.0,0.0,1,1,0
2352,0.6997389,0.9619328,0.2621939,0.5710556,0.9456182,0.37456259999999997,1.0,1.0,0.0,0.0,0.0,0.0,0.0,0.0,0.0,0.0,0.0,0.0,1,1,0
2353,0.92875,0.96948683,0.04073683000000006,0.99999994,0.9885525,-0.011447440000000086,0.7625,0.925,0.1625000000000001,0.0,0.0,0.0,0.0,0.0,0.0,0.0,0.0,0.0,1,1,0
2354,1.0,1.0,0.0,1.0,1.0,0.0,1.0,1.0,0.0,0.0,0.0,0.0,0.0,0.0,0.0,0.0,0.0,0.0,1,1,0
2355,0.85737723,0.7675248,-0.08985242999999998,0.8551817,0.8071782,-0.04800350000000009,0.8625,0.675,-0.1875,0.0,0.0,0.0,0.0,0.0,0.0,0.0,0.0,0.0,1,1,0
2356,1.0,1.0,0.0,1.0,1.0,0.0,1.0,1.0,0.0,0.0,0.0,0.0,0.0,0.0,0.0,0.0,0.0,0.0,1,1,0
2357,1.0,1.0,0.0,1.0,1.0,0.0,1.0,1.0,0.0,0.0,0.0,0.0,0.0,0.0,0.0,0.0,0.0,0.0,1,1,0
2358,0.9834148,0.9305646,-0.05285020000000007,0.9763069,0.90080655,-0.07550035,1.0,1.0,0.0,0.0,0.0,0.0,0.0,0.0,0.0,0.0,0.0,0.0,1,1,0
2359,0.9213845,0.9562899,0.034905399999999975,0.88769215,0.9375569,0.04986475000000001,1.0,1.0,0.0,0.0,0.0,0.0,0.0,0.0,0.0,0.0,0.0,0.0,1,1,0
2360,1.0,1.0,0.0,1.0,1.0,0.0,1.0,1.0,0.0,0.0,0.0,0.0,0.0,0.0,0.0,0.0,0.0,0.0,1,1,0
2361,1.0,0.97749996,-0.022500040000000054,1.0,1.0,0.0,1.0,0.925,-0.07499999999999996,0.0,0.0,0.0,0.0,0.0,0.0,0.0,0.0,0.0,1,1,0
2362,0.93864423,0.95620507,0.017560840000000022,0.91234887,0.93743587,0.02508699999999997,1.0,1.0,0.0,0.0,0.0,0.0,0.0,0.0,0.0,0.0,0.0,0.0,1,1,0
2363,1.0,1.0,0.0,1.0,1.0,0.0,1.0,1.0,0.0,0.0,0.0,0.0,0.0,0.0,0.0,0.0,0.0,0.0,1,1,0
2364,0.9899015,1.0,0.01009850000000001,0.98557353,1.0,0.014426469999999969,1.0,1.0,0.0,0.0,0.0,0.0,0.0,0.0,0.0,0.0,0.0,0.0,1,1,0
2365,1.0,1.0,0.0,1.0,1.0,0.0,1.0,1.0,0.0,0.0,0.0,0.0,0.0,0.0,0.0,0.0,0.0,0.0,1,1,0
2366,1.0,1.0,0.0,1.0,1.0,0.0,1.0,1.0,0.0,0.0,0.0,0.0,0.0,0.0,0.0,0.0,0.0,0.0,1,1,0
2367,1.0,0.97749996,-0.022500040000000054,1.0,1.0,0.0,1.0,0.925,-0.07499999999999996,0.0,0.0,0.0,0.0,0.0,0.0,0.0,0.0,0.0,1,1,0
2368,0.97749996,1.0,0.022500040000000054,1.0,1.0,0.0,0.925,1.0,0.07499999999999996,0.0,0.0,0.0,0.0,0.0,0.0,0.0,0.0,0.0,1,1,0
2369,1.0,1.0,0.0,1.0,1.0,0.0,1.0,1.0,0.0,0.0,0.0,0.0,0.0,0.0,0.0,0.0,0.0,0.0,1,1,0
2370,0.9449808,0.96250004,0.017519240000000047,0.97497255,1.0,0.02502744999999995,0.875,0.875,0.0,0.0,0.0,0.0,0.0,0.0,0.0,0.0,0.0,0.0,1,1,0
2371,0.9726391,0.9114297,-0.06120939999999997,0.96091294,0.873471,-0.08744194000000005,1.0,1.0,0.0,0.0,0.0,0.0,0.0,0.0,0.0,0.0,0.0,0.0,1,1,0
2372,0.90979975,0.8739377,-0.03586204999999998,0.8711425,0.819911,-0.051231500000000096,1.0,1.0,0.0,0.0,0.0,0.0,0.0,0.0,0.0,0.0,0.0,0.0,1,1,0
2373,0.8963785,0.8675499,-0.028828599999999982,0.9108978,0.84828556,-0.06261223999999999,0.8625,0.9125,0.04999999999999993,0.0,0.0,0.0,0.0,0.0,0.0,0.0,0.0,0.0,1,1,0
2374,0.8760191,0.90497,0.0289509,0.87645584,0.86424285,-0.01221298999999998,0.875,1.0,0.125,0.0,0.0,0.0,0.0,0.0,0.0,0.0,0.0,0.0,1,1,0
2375,0.95125,1.0,0.04874999999999996,1.0,1.0,0.0,0.83750004,1.0,0.16249996,0.0,0.0,0.0,0.0,0.0,0.0,0.0,0.0,0.0,1,1,0
2376,0.88217324,0.94129676,0.059123519999999985,0.8798904,0.91613823,0.03624783000000009,0.8875,1.0,0.11250000000000004,0.0,0.0,0.0,0.0,0.0,0.0,0.0,0.0,0.0,1,1,0
2377,1.0,1.0,0.0,1.0,1.0,0.0,1.0,1.0,0.0,0.0,0.0,0.0,0.0,0.0,0.0,0.0,0.0,0.0,1,1,0
2378,1.0,1.0,0.0,1.0,1.0,0.0,1.0,1.0,0.0,0.0,0.0,0.0,0.0,0.0,0.0,0.0,0.0,0.0,1,1,0
2379,1.0,1.0,0.0,1.0,1.0,0.0,1.0,1.0,0.0,0.0,0.0,0.0,0.0,0.0,0.0,0.0,0.0,0.0,1,1,0
2380,0.9780594,0.8808991,-0.09716029999999998,0.96865636,0.82985574,-0.13880062000000004,1.0,1.0,0.0,0.0,0.0,0.0,0.0,0.0,0.0,0.0,0.0,0.0,1,1,0
2381,0.8486404,0.8723926,0.0237522,0.83734334,0.8498465,0.012503159999999958,0.875,0.925,0.050000000000000044,0.0,0.0,0.0,0.0,0.0,0.0,0.0,0.0,0.0,1,1,0
2382,0.9231712,0.8352791,-0.08789209999999992,0.9384589,0.7646845,-0.1737744,0.8875,1.0,0.11250000000000004,0.0,0.0,0.0,0.0,0.0,0.0,0.0,0.0,0.0,1,1,0
2383,1.0,1.0,0.0,1.0,1.0,0.0,1.0,1.0,0.0,0.0,0.0,0.0,0.0,0.0,0.0,0.0,0.0,0.0,1,1,0
2384,0.8208845,0.8596144,0.038729899999999984,0.8244778,0.799449,-0.025028800000000073,0.8125,1.0,0.1875,0.0,0.0,0.0,0.0,0.0,0.0,0.0,0.0,0.0,1,1,0
2385,0.9215023,0.9215023,0.0,0.88786036,0.88786036,0.0,1.0,1.0,0.0,0.0,0.0,0.0,0.0,0.0,0.0,0.0,0.0,0.0,1,1,0
2386,1.0,1.0,0.0,1.0,1.0,0.0,1.0,1.0,0.0,0.0,0.0,0.0,0.0,0.0,0.0,0.0,0.0,0.0,1,1,0
2387,0.92067665,0.9382515,0.01757485000000003,0.8866809,0.9117878,0.025106900000000043,1.0,1.0,0.0,0.0,0.0,0.0,0.0,0.0,0.0,0.0,0.0,0.0,1,1,0
2388,0.7674206,0.78062993,0.013209330000000019,0.72667223,0.68661416,-0.04005807000000006,0.8625,1.0,0.13749999999999996,0.0,0.0,0.0,0.0,0.0,0.0,0.0,0.0,0.0,1,1,0
2389,1.0,1.0,0.0,1.0,1.0,0.0,1.0,1.0,0.0,0.0,0.0,0.0,0.0,0.0,0.0,0.0,0.0,0.0,1,1,0
2390,0.88836116,0.991591,0.10322984000000002,0.9637303,0.9879871,0.024256799999999967,0.71250004,1.0,0.28749996,0.0,0.0,0.0,0.0,0.0,0.0,0.0,0.0,0.0,1,1,0
2391,0.94375,0.9431917,-0.0005583000000000116,1.0,0.9188453,-0.08115470000000002,0.8125,1.0,0.1875,0.0,0.0,0.0,0.0,0.0,0.0,0.0,0.0,0.0,1,1,0
2392,1.0,1.0,0.0,1.0,1.0,0.0,1.0,1.0,0.0,0.0,0.0,0.0,0.0,0.0,0.0,0.0,0.0,0.0,1,1,0
2393,0.9202728,0.9553232,0.03505040000000004,0.886104,0.9361761,0.05007209999999995,1.0,1.0,0.0,0.0,0.0,0.0,0.0,0.0,0.0,0.0,0.0,0.0,1,1,0
2394,0.89058065,0.9584285,0.06784785000000004,0.89190096,0.9406121,0.048711139999999986,0.8875,1.0,0.11250000000000004,0.0,0.0,0.0,0.0,0.0,0.0,0.0,0.0,0.0,1,1,0
2395,1.0,1.0,0.0,1.0,1.0,0.0,1.0,1.0,0.0,0.0,0.0,0.0,0.0,0.0,0.0,0.0,0.0,0.0,1,1,0
2396,1.0,1.0,0.0,1.0,1.0,0.0,1.0,1.0,0.0,0.0,0.0,0.0,0.0,0.0,0.0,0.0,0.0,0.0,1,1,0
2397,0.9435601,0.96794,0.02437990000000001,0.9193716,0.9541999,0.034828300000000034,1.0,1.0,0.0,0.0,0.0,0.0,0.0,0.0,0.0,0.0,0.0,0.0,1,1,0
2398,0.8872744,0.8810379,-0.006236499999999978,0.8871777,0.8621969,-0.024980799999999914,0.8875,0.925,0.03750000000000009,0.0,0.0,0.0,0.0,0.0,0.0,0.0,0.0,0.0,1,1,0
2399,0.9058804,0.9535182,0.04763779999999995,0.8655434,0.93359745,0.06805405000000009,1.0,1.0,0.0,0.0,0.0,0.0,0.0,0.0,0.0,0.0,0.0,0.0,1,1,0
2400,1.0,1.0,0.0,1.0,1.0,0.0,1.0,1.0,0.0,0.0,0.0,0.0,0.0,0.0,0.0,0.0,0.0,0.0,1,1,0
2401,1.0,1.0,0.0,1.0,1.0,0.0,1.0,1.0,0.0,0.0,0.0,0.0,0.0,0.0,0.0,0.0,0.0,0.0,1,1,0
2402,0.92875004,0.94375,0.014999959999999923,1.0,1.0,0.0,0.7625,0.8125,0.050000000000000044,0.0,0.0,0.0,0.0,0.0,0.0,0.0,0.0,0.0,1,1,0
2403,0.9657731,0.0,-0.9657731,0.9511044,0.66969526,-0.28140913999999995,1.0,0.99999994,-5.999999996841865e-08,0.0,0.0,0.0,0.0,0.0,0.0,0.0,1.0,1.0,1,0,-1
2404,0.9310495,0.7981291,-0.13292039999999994,0.90149933,0.71161294,-0.18988639000000007,1.0,1.0,0.0,0.0,0.0,0.0,0.0,0.0,0.0,0.0,0.0,0.0,1,1,0
2405,1.0,1.0,0.0,1.0,1.0,0.0,1.0,1.0,0.0,0.0,0.0,0.0,0.0,0.0,0.0,0.0,0.0,0.0,1,1,0
2406,0.97236884,1.0,0.027631159999999988,0.9605268,1.0,0.039473199999999986,1.0,1.0,0.0,0.0,0.0,0.0,0.0,0.0,0.0,0.0,0.0,0.0,1,1,0
2407,1.0,1.0,0.0,1.0,1.0,0.0,1.0,1.0,0.0,0.0,0.0,0.0,0.0,0.0,0.0,0.0,0.0,0.0,1,1,0
2408,0.8575,0.87624997,0.018749970000000005,1.0,1.0,0.0,0.52500004,0.58750004,0.0625,0.0,0.0,0.0,0.0,0.0,0.0,0.0,0.0,0.0,1,1,0
2409,1.0,1.0,0.0,1.0,1.0,0.0,1.0,1.0,0.0,0.0,0.0,0.0,0.0,0.0,0.0,0.0,0.0,0.0,1,1,0
2410,0.0,0.0,0.0,0.2495871,0.2495871,0.0,0.3181818,1.0,0.6818181999999999,1.0,1.0,0.0,1.0,1.0,0.0,0.0,0.0,0.0,0,0,0
2411,1.0,1.0,0.0,1.0,1.0,0.0,1.0,1.0,0.0,0.0,0.0,0.0,0.0,0.0,0.0,0.0,0.0,0.0,1,1,0
2412,0.9741575,0.94817525,-0.025982249999999985,0.9630822,0.9259647,-0.037117500000000025,1.0,1.0,0.0,0.0,0.0,0.0,0.0,0.0,0.0,0.0,0.0,0.0,1,1,0
2413,1.0,1.0,0.0,1.0,1.0,0.0,1.0,1.0,0.0,0.0,0.0,0.0,0.0,0.0,0.0,0.0,0.0,0.0,1,1,0
2414,0.999973,0.999973,0.0,0.99996144,0.99996144,0.0,1.0,1.0,0.0,0.0,0.0,0.0,0.0,0.0,0.0,0.0,0.0,0.0,1,1,0
2415,0.98292905,0.0,-0.98292905,0.9756129,0.81267124,-0.16294166,1.0,0.88,-0.12,0.0,1.0,1.0,0.0,1.0,1.0,0.0,0.0,0.0,1,0,-1
2416,1.0,1.0,0.0,1.0,1.0,0.0,1.0,1.0,0.0,0.0,0.0,0.0,0.0,0.0,0.0,0.0,0.0,0.0,1,1,0
2417,0.9148402,0.9656766,0.050836400000000004,0.9265575,0.95096654,0.024409039999999993,0.8875,1.0,0.11250000000000004,0.0,0.0,0.0,0.0,0.0,0.0,0.0,0.0,0.0,1,1,0
2418,0.92111284,0.9048838,-0.016229040000000028,0.8873041,0.9123339,0.02502979999999999,1.0,0.8875,-0.11250000000000004,0.0,0.0,0.0,0.0,0.0,0.0,0.0,0.0,0.0,1,1,0
2419,1.0,1.0,0.0,1.0,1.0,0.0,1.0,1.0,0.0,0.0,0.0,0.0,0.0,0.0,0.0,0.0,0.0,0.0,1,1,0
2420,0.89216805,0.9411616,0.04899355000000005,0.8995257,0.9748736,0.07534790000000002,0.875,0.8625,-0.012499999999999956,0.0,0.0,0.0,0.0,0.0,0.0,0.0,0.0,0.0,1,1,0
2421,0.92200375,0.93076134,0.008757589999999982,0.8885767,0.9010877,0.01251100000000005,1.0,1.0,0.0,0.0,0.0,0.0,0.0,0.0,0.0,0.0,0.0,0.0,1,1,0
2422,0.9061719,0.97177935,0.06560745000000001,0.9195313,0.9596848,0.04015349999999995,0.875,1.0,0.125,0.0,0.0,0.0,0.0,0.0,0.0,0.0,0.0,0.0,1,1,0
2423,0.9124382,0.9124382,0.0,0.8749118,0.8749118,0.0,1.0,1.0,0.0,0.0,0.0,0.0,0.0,0.0,0.0,0.0,0.0,0.0,1,1,0
2424,0.93460673,0.9640571,0.029450369999999948,0.9065811,0.948653,0.04207189999999994,1.0,1.0,0.0,0.0,0.0,0.0,0.0,0.0,0.0,0.0,0.0,0.0,1,1,0
2425,0.96625006,0.99001515,0.023765089999999933,1.0,0.9857359,-0.014264100000000002,0.8875,1.0,0.11250000000000004,0.0,0.0,0.0,0.0,0.0,0.0,0.0,0.0,0.0,1,1,0
2426,0.938768,0.91332436,-0.0254436400000001,0.9660972,0.98867774,0.022580539999999982,0.875,0.7375,-0.13749999999999996,0.0,0.0,0.0,0.0,0.0,0.0,0.0,0.0,0.0,1,1,0
2427,1.0,1.0,0.0,1.0,1.0,0.0,1.0,1.0,0.0,0.0,0.0,0.0,0.0,0.0,0.0,0.0,0.0,0.0,1,1,0
2428,1.0,0.9655836,-0.034416400000000014,1.0,0.95083374,-0.04916626000000002,1.0,1.0,0.0,0.0,0.0,0.0,0.0,0.0,0.0,0.0,0.0,0.0,1,1,0
2429,1.0,1.0,0.0,1.0,1.0,0.0,1.0,1.0,0.0,0.0,0.0,0.0,0.0,0.0,0.0,0.0,0.0,0.0,1,1,0
2430,1.0,0.9921779,-0.007822100000000054,1.0,0.98882556,-0.011174440000000008,1.0,1.0,0.0,0.0,0.0,0.0,0.0,0.0,0.0,0.0,0.0,0.0,1,1,0
2431,1.0,1.0,0.0,1.0,1.0,0.0,1.0,1.0,0.0,0.0,0.0,0.0,0.0,0.0,0.0,0.0,0.0,0.0,1,1,0
2432,0.97749996,0.9500292,-0.027470759999999927,1.0,0.98754174,-0.012458260000000054,0.925,0.8625,-0.0625,0.0,0.0,0.0,0.0,0.0,0.0,0.0,0.0,0.0,1,1,0
2433,0.9288702,0.7627868,-0.1660834,0.89838594,0.66112405,-0.2372618900000001,1.0,1.0,0.0,0.0,0.0,0.0,0.0,0.0,0.0,0.0,0.0,0.0,1,1,0
2434,0.93989736,0.94673234,0.006834979999999935,0.96771055,0.9239033,-0.043807249999999964,0.875,1.0,0.125,0.0,0.0,0.0,0.0,0.0,0.0,0.0,0.0,0.0,1,1,0
2435,0.97730124,0.9434876,-0.03381363999999998,0.9675731,0.91926783,-0.048305269999999956,1.0,1.0,0.0,0.0,0.0,0.0,0.0,0.0,0.0,0.0,0.0,0.0,1,1,0
2436,1.0,0.97749996,-0.022500040000000054,1.0,1.0,0.0,1.0,0.925,-0.07499999999999996,0.0,0.0,0.0,0.0,0.0,0.0,0.0,0.0,0.0,1,1,0
2437,0.0,0.9012484,0.9012484,0.835722,0.9124977,0.0767757,0.7714286,0.875,0.10357139999999998,0.0,0.0,0.0,0.0,0.0,0.0,1.0,0.0,-1.0,0,1,1
2438,1.0,1.0,0.0,1.0,1.0,0.0,1.0,1.0,0.0,0.0,0.0,0.0,0.0,0.0,0.0,0.0,0.0,0.0,1,1,0
2439,0.98266566,1.0,0.017334340000000004,0.9752367,1.0,0.024763300000000044,1.0,1.0,0.0,0.0,0.0,0.0,0.0,0.0,0.0,0.0,0.0,0.0,1,1,0
2440,0.95628244,0.8863516,-0.06993083999999994,0.9375464,0.83764505,-0.09990135,1.0,1.0,0.0,0.0,0.0,0.0,0.0,0.0,0.0,0.0,0.0,0.0,1,1,0
2441,0.96250004,0.9920878,0.029587759999999963,1.0,0.9886968,-0.011303199999999958,0.875,1.0,0.125,0.0,0.0,0.0,0.0,0.0,0.0,0.0,0.0,0.0,1,1,0
2442,0.9432998,1.0,0.05670019999999998,0.9511425,1.0,0.0488575,0.925,1.0,0.07499999999999996,0.0,0.0,0.0,0.0,0.0,0.0,0.0,0.0,0.0,1,1,0
2443,0.873336,0.9560561,0.08272009999999996,0.8994087,0.937223,0.03781430000000008,0.8125,1.0,0.1875,0.0,0.0,0.0,0.0,0.0,0.0,0.0,0.0,0.0,1,1,0
2444,1.0,1.0,0.0,1.0,1.0,0.0,1.0,1.0,0.0,0.0,0.0,0.0,0.0,0.0,0.0,0.0,0.0,0.0,1,1,0
2445,0.8989882,0.85501903,-0.04396917,0.8556973,0.79288435,-0.06281294999999998,1.0,1.0,0.0,0.0,0.0,0.0,0.0,0.0,0.0,0.0,0.0,0.0,1,1,0
2446,0.90455097,0.9558945,0.051343530000000026,0.91185844,0.93699217,0.025133729999999965,0.8875,1.0,0.11250000000000004,0.0,0.0,0.0,0.0,0.0,0.0,0.0,0.0,0.0,1,1,0
2447,0.77333987,0.6698918,-0.10344807,0.7083426,0.65163106,-0.056711540000000005,0.925,0.71250004,-0.21249996000000004,0.0,0.0,0.0,0.0,0.0,0.0,0.0,0.0,0.0,1,1,0
2448,0.9212288,0.92993325,0.008704450000000086,0.88746965,0.89990467,0.012435019999999963,1.0,1.0,0.0,0.0,0.0,0.0,0.0,0.0,0.0,0.0,0.0,0.0,1,1,0
2449,1.0,1.0,0.0,1.0,1.0,0.0,1.0,1.0,0.0,0.0,0.0,0.0,0.0,0.0,0.0,0.0,0.0,0.0,1,1,0
2450,0.9633965,0.9816923,0.018295799999999973,0.9477092,0.9738462,0.026136999999999966,1.0,1.0,0.0,0.0,0.0,0.0,0.0,0.0,0.0,0.0,0.0,0.0,1,1,0
2451,0.9513189,0.98254836,0.031229460000000042,0.9625984,0.975069,0.012470599999999998,0.925,1.0,0.07499999999999996,0.0,0.0,0.0,0.0,0.0,0.0,0.0,0.0,0.0,1,1,0
2452,1.0,1.0,0.0,1.0,1.0,0.0,1.0,1.0,0.0,0.0,0.0,0.0,0.0,0.0,0.0,0.0,0.0,0.0,1,1,0
2453,0.9483897,0.90484715,-0.04354254999999996,0.926271,0.8640674,-0.062203599999999915,1.0,1.0,0.0,0.0,0.0,0.0,0.0,0.0,0.0,0.0,0.0,0.0,1,1,0
2454,0.92103285,0.9385819,0.017549049999999955,0.88718975,0.9122599,0.025070150000000013,1.0,1.0,0.0,0.0,0.0,0.0,0.0,0.0,0.0,0.0,0.0,0.0,1,1,0
2455,0.96625006,0.9904141,0.024164039999999942,1.0,0.9863058,-0.01369419999999999,0.8875,1.0,0.11250000000000004,0.0,0.0,0.0,0.0,0.0,0.0,0.0,0.0,0.0,1,1,0
2456,0.96625006,0.9850001,0.018750040000000023,1.0,1.0,0.0,0.8875,0.95,0.0625,0.0,0.0,0.0,0.0,0.0,0.0,0.0,0.0,0.0,1,1,0
2457,1.0,0.9413803,-0.05861970000000005,1.0,0.91625756,-0.08374243999999997,1.0,1.0,0.0,0.0,0.0,0.0,0.0,0.0,0.0,0.0,0.0,0.0,1,1,0
2458,0.91982347,0.92878914,0.008965670000000037,0.8854621,0.89827013,0.01280802999999997,1.0,1.0,0.0,0.0,0.0,0.0,0.0,0.0,0.0,0.0,0.0,0.0,1,1,0
2459,1.0,1.0,0.0,1.0,1.0,0.0,1.0,1.0,0.0,0.0,0.0,0.0,0.0,0.0,0.0,0.0,0.0,0.0,1,1,0
2460,0.0,0.0,0.0,1.0,1.0,0.0,0.99999994,1.0,5.999999996841865e-08,1.0,1.0,0.0,1.0,1.0,0.0,0.0,0.0,0.0,0,0,0
2461,0.9185026,0.8946419,-0.023860699999999957,0.8889322,0.85484546,-0.034086740000000004,0.9875,0.9875,0.0,0.0,0.0,0.0,0.0,0.0,0.0,0.0,0.0,0.0,1,1,0
2462,0.8507515,0.7777416,-0.07300989999999996,0.78678787,0.682488,-0.10429986999999996,1.0,1.0,0.0,0.0,0.0,0.0,0.0,0.0,0.0,0.0,0.0,0.0,1,1,0
2463,0.9926447,0.9673296,-0.025315100000000035,0.98949236,0.953328,-0.036164360000000007,1.0,1.0,0.0,0.0,0.0,0.0,0.0,0.0,0.0,0.0,0.0,0.0,1,1,0
2464,0.8874693,0.914978,0.02750869999999994,0.88745624,0.93746865,0.05001241000000001,0.8875,0.8625,-0.02499999999999991,0.0,0.0,0.0,0.0,0.0,0.0,0.0,0.0,0.0,1,1,0
2465,0.9538768,0.97375005,0.019873250000000064,0.9876811,1.0,0.012318900000000021,0.875,0.9125,0.03749999999999998,0.0,0.0,0.0,0.0,0.0,0.0,0.0,0.0,0.0,1,1,0
2466,1.0,1.0,0.0,1.0,1.0,0.0,1.0,1.0,0.0,0.0,0.0,0.0,0.0,0.0,0.0,0.0,0.0,0.0,1,1,0
2467,0.92972946,0.9472658,0.01753634000000004,0.89961356,0.92466545,0.025051889999999966,1.0,1.0,0.0,0.0,0.0,0.0,0.0,0.0,0.0,0.0,0.0,0.0,1,1,0
2468,1.0,0.0,-1.0,0.99999994,0.37568933,-0.62431061,1.0,1.0,0.0,0.0,0.0,0.0,0.0,0.0,0.0,0.0,1.0,1.0,1,0,-1
2469,0.94771475,0.9568195,0.009104749999999995,0.92530674,0.9383135,0.013006760000000006,1.0,1.0,0.0,0.0,0.0,0.0,0.0,0.0,0.0,0.0,0.0,0.0,1,1,0
2470,0.9312237,0.92600816,-0.0052155400000000185,0.90174806,0.9264402,0.024692140000000085,1.0,0.925,-0.07499999999999996,0.0,0.0,0.0,0.0,0.0,0.0,0.0,0.0,0.0,1,1,0
2471,1.0,0.9801683,-0.019831700000000008,1.0,0.9716689,-0.028331100000000053,1.0,1.0,0.0,0.0,0.0,0.0,0.0,0.0,0.0,0.0,0.0,0.0,1,1,0
2472,0.92115146,0.91185266,-0.009298800000000051,0.96771634,0.8740751,-0.09364123999999996,0.8125,1.0,0.1875,0.0,0.0,0.0,0.0,0.0,0.0,0.0,0.0,0.0,1,1,0
2473,0.0,0.8208147,0.8208147,0.27492577,0.74402094,0.46909516999999995,0.5555556,1.0,0.44444439999999996,1.0,0.0,-1.0,1.0,0.0,-1.0,0.0,0.0,0.0,0,1,1
2474,1.0,1.0,0.0,1.0,1.0,0.0,1.0,1.0,0.0,0.0,0.0,0.0,0.0,0.0,0.0,0.0,0.0,0.0,1,1,0
2475,1.0,1.0,0.0,1.0,1.0,0.0,1.0,1.0,0.0,0.0,0.0,0.0,0.0,0.0,0.0,0.0,0.0,0.0,1,1,0
2476,1.0,1.0,0.0,1.0000001,1.0000001,0.0,1.0,1.0,0.0,0.0,0.0,0.0,0.0,0.0,0.0,0.0,0.0,0.0,1,1,0
2477,0.86739445,0.7872658,-0.08012865000000002,0.85877776,0.696094,-0.16268375999999996,0.8875,1.0,0.11250000000000004,0.0,0.0,0.0,0.0,0.0,0.0,0.0,0.0,0.0,1,1,0
2478,1.0,1.0,0.0,1.0,1.0,0.0,1.0,1.0,0.0,0.0,0.0,0.0,0.0,0.0,0.0,0.0,0.0,0.0,1,1,0
2479,0.9563467,0.9213945,-0.03495219999999999,0.93763816,0.88770646,-0.04993170000000002,1.0,1.0,0.0,0.0,0.0,0.0,0.0,0.0,0.0,0.0,0.0,0.0,1,1,0
2480,0.9201693,0.89351743,-0.026651870000000022,0.88595617,0.847882,-0.03807417000000002,1.0,1.0,0.0,0.0,0.0,0.0,0.0,0.0,0.0,0.0,0.0,0.0,1,1,0
2481,0.8751206,0.8557623,-0.01935830000000005,0.86981505,0.8582317,-0.011583349999999992,0.8875,0.85,-0.03749999999999998,0.0,0.0,0.0,0.0,0.0,0.0,0.0,0.0,0.0,1,1,0
2482,0.74302566,0.79876775,0.055742089999999966,0.6864652,0.7125253,0.02606010000000003,0.875,1.0,0.125,0.0,0.0,0.0,0.0,0.0,0.0,0.0,0.0,0.0,1,1,0
2483,1.0,0.9542741,-0.045725899999999986,1.0,0.93467724,-0.06532276000000004,1.0,1.0,0.0,0.0,0.0,0.0,0.0,0.0,0.0,0.0,0.0,0.0,1,1,0
2484,0.94753593,0.95625716,0.008721230000000024,0.9250512,0.9375102,0.012458999999999998,1.0,1.0,0.0,0.0,0.0,0.0,0.0,0.0,0.0,0.0,0.0,0.0,1,1,0
2485,0.9748753,0.9832633,0.008387999999999951,0.96410745,0.97609043,0.011982979999999976,1.0,1.0,0.0,0.0,0.0,0.0,0.0,0.0,0.0,0.0,0.0,0.0,1,1,0
2486,1.0,0.9181885,-0.08181150000000004,0.99999994,0.8831263,-0.11687364,1.0,1.0,0.0,0.0,0.0,0.0,0.0,0.0,0.0,0.0,0.0,0.0,1,1,0
2487,0.96625006,1.0,0.03374993999999998,1.0,1.0,0.0,0.8875,1.0,0.11250000000000004,0.0,0.0,0.0,0.0,0.0,0.0,0.0,0.0,0.0,1,1,0
2488,1.0,1.0,0.0,1.0,1.0,0.0,1.0,1.0,0.0,0.0,0.0,0.0,0.0,0.0,0.0,0.0,0.0,0.0,1,1,0
2489,0.940077,0.973827,0.03374999999999995,0.96261007,0.96261007,0.0,0.8875,1.0,0.11250000000000004,0.0,0.0,0.0,0.0,0.0,0.0,0.0,0.0,0.0,1,1,0
2490,1.0,1.0,0.0,1.0,1.0,0.0,1.0,1.0,0.0,0.0,0.0,0.0,0.0,0.0,0.0,0.0,0.0,0.0,1,1,0
2491,0.9387375,0.922485,-0.016252500000000003,0.9124821,0.93747854,0.02499644000000001,1.0,0.8875,-0.11250000000000004,0.0,0.0,0.0,0.0,0.0,0.0,0.0,0.0,0.0,1,1,0
2492,0.96999997,1.0,0.030000029999999955,1.0,1.0,0.0,0.90000004,1.0,0.09999996,0.0,0.0,0.0,0.0,0.0,0.0,0.0,0.0,0.0,1,1,0
2493,0.9212168,0.9299704,0.008753600000000028,0.8874525,0.8999576,0.012505100000000047,1.0,1.0,0.0,0.0,0.0,0.0,0.0,0.0,0.0,0.0,0.0,0.0,1,1,0
2494,0.9377436,0.92883027,-0.008913330000000053,0.9110622,0.8983289,-0.012733300000000058,1.0,1.0,0.0,0.0,0.0,0.0,0.0,0.0,0.0,0.0,0.0,0.0,1,1,0
2495,0.8631452,0.85432,-0.008825199999999978,0.8741359,0.8615285,-0.012607399999999935,0.83750004,0.83750004,0.0,0.0,0.0,0.0,0.0,0.0,0.0,0.0,0.0,0.0,1,1,0
2496,0.92104256,0.88227636,-0.03876619999999997,0.903275,0.8478948,-0.0553802000000001,0.96250004,0.96250004,0.0,0.0,0.0,0.0,0.0,0.0,0.0,0.0,0.0,0.0,1,1,0
2497,0.90385765,0.88758194,-0.016275709999999943,0.8626538,0.88761705,0.024963249999999992,1.0,0.8875,-0.11250000000000004,0.0,0.0,0.0,0.0,0.0,0.0,0.0,0.0,0.0,1,1,0
2498,1.0,1.0,0.0,1.0,1.0,0.0,1.0,1.0,0.0,0.0,0.0,0.0,0.0,0.0,0.0,0.0,0.0,0.0,1,1,0
2499,0.9125883,0.8997143,-0.012874000000000052,0.87512606,0.88887763,0.013751569999999935,1.0,0.925,-0.07499999999999996,0.0,0.0,0.0,0.0,0.0,0.0,0.0,0.0,0.0,1,1,0
2500,1.0,1.0,0.0,1.0,1.0,0.0,1.0,1.0,0.0,0.0,0.0,0.0,0.0,0.0,0.0,0.0,0.0,0.0,1,1,0
2501,0.94514054,0.895,-0.05014054000000001,0.9752008,1.0,0.02479920000000002,0.875,0.65000004,-0.22499996,0.0,0.0,0.0,0.0,0.0,0.0,0.0,0.0,0.0,1,1,0
2502,0.8666197,0.8794031,0.0127834,0.80945677,0.8598615,0.0504047299999999,1.0,0.925,-0.07499999999999996,0.0,0.0,0.0,0.0,0.0,0.0,0.0,0.0,0.0,1,1,0
2503,1.0,0.950081,-0.04991900000000005,1.0,0.9286871,-0.07131290000000001,1.0,1.0,0.0,0.0,0.0,0.0,0.0,0.0,0.0,0.0,0.0,0.0,1,1,0
2504,0.96133137,0.9769069,0.015575530000000004,0.944759,0.96700984,0.022250839999999994,1.0,1.0,0.0,0.0,0.0,0.0,0.0,0.0,0.0,0.0,0.0,0.0,1,1,0
2505,0.8878302,0.9477126,0.0598824,0.8879717,0.9253037,0.03733199999999992,0.8875,1.0,0.11250000000000004,0.0,0.0,0.0,0.0,0.0,0.0,0.0,0.0,0.0,1,1,0
2506,0.86555034,0.8605053,-0.005045039999999945,0.8615005,0.8489362,-0.012564299999999973,0.875,0.8875,0.012499999999999956,0.0,0.0,0.0,0.0,0.0,0.0,0.0,0.0,0.0,1,1,0
2507,0.8789501,0.9076185,0.02866840000000004,0.87528586,0.9001694,0.024883540000000037,0.8875,0.925,0.03750000000000009,0.0,0.0,0.0,0.0,0.0,0.0,0.0,0.0,0.0,1,1,0
2508,0.9388709,0.9388709,0.0,0.9126727,0.9126727,0.0,1.0,1.0,0.0,0.0,0.0,0.0,0.0,0.0,0.0,0.0,0.0,0.0,1,1,0
2509,0.91366625,0.8724163,-0.04124994999999998,0.87666607,0.87666607,0.0,1.0,0.8625,-0.13749999999999996,0.0,0.0,0.0,0.0,0.0,0.0,0.0,0.0,0.0,1,1,0
2510,0.97749996,1.0,0.022500040000000054,1.0000001,1.0000001,0.0,0.925,1.0,0.07499999999999996,0.0,0.0,0.0,0.0,0.0,0.0,0.0,0.0,0.0,1,1,0
2511,0.9095332,0.91856575,0.009032549999999917,0.87076175,0.88366544,0.012903690000000023,1.0,1.0,0.0,0.0,0.0,0.0,0.0,0.0,0.0,0.0,0.0,0.0,1,1,0
2512,1.0,1.0,0.0,1.0,1.0,0.0,1.0,1.0,0.0,0.0,0.0,0.0,0.0,0.0,0.0,0.0,0.0,0.0,1,1,0
2513,1.0,1.0,0.0,1.0,1.0,0.0,1.0,1.0,0.0,0.0,0.0,0.0,0.0,0.0,0.0,0.0,0.0,0.0,1,1,0
2514,0.8299381,0.825597,-0.004341099999999987,0.8052688,0.78299564,-0.022273160000000014,0.8875,0.925,0.03750000000000009,0.0,0.0,0.0,0.0,0.0,0.0,0.0,0.0,0.0,1,1,0
2515,1.0,1.0,0.0,0.99999994,0.99999994,0.0,1.0,1.0,0.0,0.0,0.0,0.0,0.0,0.0,0.0,0.0,0.0,0.0,1,1,0
2516,0.9381138,0.9156138,-0.022499999999999964,0.9115911,0.9115911,0.0,1.0,0.925,-0.07499999999999996,0.0,0.0,0.0,0.0,0.0,0.0,0.0,0.0,0.0,1,1,0
2517,0.94544727,0.9636345,0.01818723,0.9220675,0.94804925,0.025981749999999915,1.0,1.0,0.0,0.0,0.0,0.0,0.0,0.0,0.0,0.0,0.0,0.0,1,1,0
2518,1.0,0.97749996,-0.022500040000000054,1.0,1.0,0.0,1.0,0.925,-0.07499999999999996,0.0,0.0,0.0,0.0,0.0,0.0,0.0,0.0,0.0,1,1,0
2519,0.806461,0.8864512,0.07999020000000001,0.82530135,0.8377873,0.012485949999999968,0.7625,1.0,0.23750000000000004,0.0,0.0,0.0,0.0,0.0,0.0,0.0,0.0,0.0,1,1,0
2520,0.87329334,0.92624515,0.05295180999999993,0.9207762,0.89463586,-0.026140340000000095,0.7625,1.0,0.23750000000000004,0.0,0.0,0.0,0.0,0.0,0.0,0.0,0.0,0.0,1,1,0
2521,0.93831694,0.92462486,-0.013692079999999995,0.9118814,0.9244641,0.012582700000000058,1.0,0.925,-0.07499999999999996,0.0,0.0,0.0,0.0,0.0,0.0,0.0,0.0,0.0,1,1,0
2522,0.92701703,0.91793805,-0.00907898000000007,0.89573854,0.88276863,-0.012969909999999918,1.0,1.0,0.0,0.0,0.0,0.0,0.0,0.0,0.0,0.0,0.0,0.0,1,1,0
2523,1.0,1.0,0.0,1.0,1.0,0.0,1.0,1.0,0.0,0.0,0.0,0.0,0.0,0.0,0.0,0.0,0.0,0.0,1,1,0
2524,0.9679907,0.90459347,-0.06339722999999997,0.95427233,0.8637049,-0.09056743,1.0,1.0,0.0,0.0,0.0,0.0,0.0,0.0,0.0,0.0,0.0,0.0,1,1,0
2525,0.9325,0.8449384,-0.08756160000000002,1.0,0.9124119,-0.08758809999999995,0.77500004,0.6875,-0.08750004,0.0,0.0,0.0,0.0,0.0,0.0,0.0,0.0,0.0,1,1,0
2526,0.94709396,0.97375005,0.02665609000000002,0.97799146,1.0,0.022008539999999965,0.875,0.9125,0.03749999999999998,0.0,0.0,0.0,0.0,0.0,0.0,0.0,0.0,0.0,1,1,0
2527,0.9474943,0.96500677,0.017512470000000002,0.9249919,0.95000964,0.02501774000000001,1.0,1.0,0.0,0.0,0.0,0.0,0.0,0.0,0.0,0.0,0.0,0.0,1,1,0
2528,0.88014334,0.8913935,0.011250159999999898,0.8769906,0.8769906,0.0,0.8875,0.925,0.03750000000000009,0.0,0.0,0.0,0.0,0.0,0.0,0.0,0.0,0.0,1,1,0
2529,0.8774166,0.8574478,-0.01996880000000001,0.87845224,0.8284969,-0.049955340000000015,0.875,0.925,0.050000000000000044,0.0,0.0,0.0,0.0,0.0,0.0,0.0,0.0,0.0,1,1,0
2530,0.92428225,0.97749996,0.053217709999999974,0.972189,1.0,0.02781100000000003,0.8125,0.925,0.11250000000000004,0.0,0.0,0.0,0.0,0.0,0.0,0.0,0.0,0.0,1,1,0
2531,0.9506468,0.92610914,-0.024537660000000017,0.92949545,0.89444155,-0.03505389999999997,1.0,1.0,0.0,0.0,0.0,0.0,0.0,0.0,0.0,0.0,0.0,0.0,1,1,0
2532,0.9072651,0.90479374,-0.0024713600000000335,0.8996644,0.9122053,0.012540899999999966,0.925,0.8875,-0.03750000000000009,0.0,0.0,0.0,0.0,0.0,0.0,0.0,0.0,0.0,1,1,0
2533,0.9297606,0.93855137,0.008790769999999948,0.89965796,0.9122162,0.012558240000000054,1.0,1.0,0.0,0.0,0.0,0.0,0.0,0.0,0.0,0.0,0.0,0.0,1,1,0
2534,1.0,0.0,-1.0,1.0,0.74087197,-0.25912802999999995,1.0,0.99999994,-5.999999996841865e-08,0.0,1.0,1.0,0.0,1.0,1.0,0.0,0.0,0.0,1,0,-1
2535,1.0,1.0,0.0,1.0,1.0,0.0,1.0,1.0,0.0,0.0,0.0,0.0,0.0,0.0,0.0,0.0,0.0,0.0,1,1,0
2536,1.0,1.0,0.0,1.0,1.0,0.0,1.0,1.0,0.0,0.0,0.0,0.0,0.0,0.0,0.0,0.0,0.0,0.0,1,1,0
2537,0.9133398,0.9480972,0.03475739999999994,0.87619966,0.92585325,0.049653589999999914,1.0,1.0,0.0,0.0,0.0,0.0,0.0,0.0,0.0,0.0,0.0,0.0,1,1,0
2538,0.0,0.0,0.0,0.00039333504,0.00010328214,-0.0002900529,1.0,1.0,0.0,1.0,1.0,0.0,1.0,1.0,0.0,0.0,0.0,0.0,0,0,0
2539,0.9789569,0.9859864,0.007029500000000022,0.9699384,0.9799806,0.010042200000000001,1.0,1.0,0.0,0.0,0.0,0.0,0.0,0.0,0.0,0.0,0.0,0.0,1,1,0
2540,0.94916403,0.9261015,-0.023062530000000026,0.97559136,0.92657363,-0.04901772999999998,0.8875,0.925,0.03750000000000009,0.0,0.0,0.0,0.0,0.0,0.0,0.0,0.0,0.0,1,1,0
2541,1.0,1.0,0.0,1.0,1.0,0.0,1.0,1.0,0.0,0.0,0.0,0.0,0.0,0.0,0.0,0.0,0.0,0.0,1,1,0
2542,1.0,1.0,0.0,1.0,1.0,0.0,1.0,1.0,0.0,0.0,0.0,0.0,0.0,0.0,0.0,0.0,0.0,0.0,1,1,0
2543,0.0,0.0,0.0,0.18094648,0.19342047,0.012473990000000018,0.2857143,1.0,0.7142857,0.0,0.0,0.0,0.0,0.0,0.0,1.0,1.0,0.0,0,0,0
2544,0.9102852,0.92815876,0.017873559999999955,0.8718359,0.89736974,0.02553384000000003,1.0,1.0,0.0,0.0,0.0,0.0,0.0,0.0,0.0,0.0,0.0,0.0,1,1,0
2545,0.9005231,0.9032883,0.002765200000000023,0.8578901,0.8939833,0.03609320000000005,1.0,0.925,-0.07499999999999996,0.0,0.0,0.0,0.0,0.0,0.0,0.0,0.0,0.0,1,1,0
2546,0.95301145,0.8480652,-0.10494625000000002,0.9328734,0.78295034,-0.14992306,1.0,1.0,0.0,0.0,0.0,0.0,0.0,0.0,0.0,0.0,0.0,0.0,1,1,0
2547,0.9302727,0.95645696,0.02618426000000007,0.9003895,0.9377956,0.0374061,1.0,1.0,0.0,0.0,0.0,0.0,0.0,0.0,0.0,0.0,0.0,0.0,1,1,0
2548,0.7497578,0.8567114,0.10695359999999998,0.7817969,0.795302,0.013505099999999937,0.675,1.0,0.32499999999999996,0.0,0.0,0.0,0.0,0.0,0.0,0.0,0.0,0.0,1,1,0
2549,0.90264684,0.9292051,0.026558260000000056,0.860924,0.8988644,0.037940399999999985,1.0,1.0,0.0,0.0,0.0,0.0,0.0,0.0,0.0,0.0,0.0,0.0,1,1,0
2550,1.0,1.0,0.0,1.0,1.0,0.0,1.0,1.0,0.0,0.0,0.0,0.0,0.0,0.0,0.0,0.0,0.0,0.0,1,1,0
2551,0.7488614,0.7266744,-0.022186999999999957,0.7055162,0.6631062,-0.04241000000000006,0.85,0.875,0.025000000000000022,0.0,0.0,0.0,0.0,0.0,0.0,0.0,0.0,0.0,1,1,0
2552,0.90399885,0.9040169,1.8049999999991684e-05,0.90035546,0.8628812,-0.03747425999999998,0.9125,1.0,0.08750000000000002,0.0,0.0,0.0,0.0,0.0,0.0,0.0,0.0,0.0,1,1,0
2553,0.8549992,0.8163883,-0.038610900000000004,0.88928455,0.8769834,-0.012301149999999983,0.77500004,0.675,-0.10000003999999996,0.0,0.0,0.0,0.0,0.0,0.0,0.0,0.0,0.0,1,1,0
2554,0.9307699,0.9307699,0.0,0.9010998,0.9010998,0.0,1.0,1.0,0.0,0.0,0.0,0.0,0.0,0.0,0.0,0.0,0.0,0.0,1,1,0
2555,1.0,1.0,0.0,1.0,1.0,0.0,1.0,1.0,0.0,0.0,0.0,0.0,0.0,0.0,0.0,0.0,0.0,0.0,1,1,0
2556,1.0,0.96250004,-0.03749996,0.99999994,0.99999994,0.0,1.0,0.875,-0.125,0.0,0.0,0.0,0.0,0.0,0.0,0.0,0.0,0.0,1,1,0
2557,0.99088174,0.99088174,0.0,0.9869738,0.9869738,0.0,1.0,1.0,0.0,0.0,0.0,0.0,0.0,0.0,0.0,0.0,0.0,0.0,1,1,0
2558,0.9321537,0.90590364,-0.026250059999999964,0.9352195,0.9352195,0.0,0.925,0.83750004,-0.08749996000000004,0.0,0.0,0.0,0.0,0.0,0.0,0.0,0.0,0.0,1,1,0
2559,0.98125,1.0,0.018750000000000044,1.0,1.0,0.0,0.9375,1.0,0.0625,0.0,0.0,0.0,0.0,0.0,0.0,0.0,0.0,0.0,1,1,0
2560,1.0,1.0,0.0,1.0,1.0,0.0,1.0,1.0,0.0,0.0,0.0,0.0,0.0,0.0,0.0,0.0,0.0,0.0,1,1,0
2561,0.9454439,0.8541237,-0.09132019999999996,0.92206275,0.79160535,-0.13045740000000006,1.0,1.0,0.0,0.0,0.0,0.0,0.0,0.0,0.0,0.0,0.0,0.0,1,1,0
2562,0.91902584,0.92530936,0.006283519999999987,0.9378939,0.92544204,-0.012451859999999981,0.875,0.925,0.050000000000000044,0.0,0.0,0.0,0.0,0.0,0.0,0.0,0.0,0.0,1,1,0
2563,1.0,1.0,0.0,1.0,1.0,0.0,1.0,1.0,0.0,0.0,0.0,0.0,0.0,0.0,0.0,0.0,0.0,0.0,1,1,0
2564,0.9483167,0.9483167,0.0,0.92616665,0.92616665,0.0,1.0,1.0,0.0,0.0,0.0,0.0,0.0,0.0,0.0,0.0,0.0,0.0,1,1,0
2565,1.0,1.0,0.0,1.0,1.0,0.0,1.0,1.0,0.0,0.0,0.0,0.0,0.0,0.0,0.0,0.0,0.0,0.0,1,1,0
2566,0.82982826,0.83606714,0.006238880000000058,0.81046903,0.797953,-0.012516030000000011,0.875,0.925,0.050000000000000044,0.0,0.0,0.0,0.0,0.0,0.0,0.0,0.0,0.0,1,1,0
2567,1.0,0.97749996,-0.022500040000000054,1.0,1.0,0.0,1.0,0.925,-0.07499999999999996,0.0,0.0,0.0,0.0,0.0,0.0,0.0,0.0,0.0,1,1,0
2568,1.0,0.96625006,-0.03374993999999998,1.0,1.0,0.0,1.0,0.8875,-0.11250000000000004,0.0,0.0,0.0,0.0,0.0,0.0,0.0,0.0,0.0,1,1,0
2569,0.9224973,0.94784564,0.02534834000000008,0.8892818,0.9254938,0.03621200000000002,1.0,1.0,0.0,0.0,0.0,0.0,0.0,0.0,0.0,0.0,0.0,0.0,1,1,0
2570,0.97749996,1.0,0.022500040000000054,1.0,1.0,0.0,0.925,1.0,0.07499999999999996,0.0,0.0,0.0,0.0,0.0,0.0,0.0,0.0,0.0,1,1,0
2571,0.86961144,0.8896438,0.02003235999999997,0.861945,0.8744911,0.012546100000000004,0.8875,0.925,0.03750000000000009,0.0,0.0,0.0,0.0,0.0,0.0,0.0,0.0,0.0,1,1,0
2572,0.895,0.0,-0.895,1.0,0.9464852,-0.053514799999999974,0.65000004,0.5081967,-0.14180334000000006,0.0,1.0,1.0,0.0,1.0,1.0,0.0,0.0,0.0,1,0,-1
2573,0.9751831,0.95861167,-0.016571429999999943,0.96454734,0.94087374,-0.02367359999999996,1.0,1.0,0.0,0.0,0.0,0.0,0.0,0.0,0.0,0.0,0.0,0.0,1,1,0
2574,1.0,1.0,0.0,1.0,1.0,0.0,1.0,1.0,0.0,0.0,0.0,0.0,0.0,0.0,0.0,0.0,0.0,0.0,1,1,0
2575,0.90077037,0.8760578,-0.024712570000000045,0.8903863,0.8229397,-0.06744659999999991,0.925,1.0,0.07499999999999996,0.0,0.0,0.0,0.0,0.0,0.0,0.0,0.0,0.0,1,1,0
2576,0.9351692,0.90757877,-0.027590430000000055,0.90738463,0.86796963,-0.03941499999999998,1.0,1.0,0.0,0.0,0.0,0.0,0.0,0.0,0.0,0.0,0.0,0.0,1,1,0
2577,1.0,1.0,0.0,1.0,1.0,0.0,1.0,1.0,0.0,0.0,0.0,0.0,0.0,0.0,0.0,0.0,0.0,0.0,1,1,0
2578,0.8955574,0.9372673,0.04170990000000008,0.89901066,0.9103818,0.011371140000000057,0.8875,1.0,0.11250000000000004,0.0,0.0,0.0,0.0,0.0,0.0,0.0,0.0,0.0,1,1,0
2579,1.0,1.0,0.0,1.0,1.0,0.0,1.0,1.0,0.0,0.0,0.0,0.0,0.0,0.0,0.0,0.0,0.0,0.0,1,1,0
2580,0.9763342,0.92920697,-0.047127230000000075,0.96619165,0.8988671,-0.06732454999999993,1.0,1.0,0.0,0.0,0.0,0.0,0.0,0.0,0.0,0.0,0.0,0.0,1,1,0
2581,0.98330545,0.98330545,0.0,0.97615063,0.97615063,0.0,1.0,1.0,0.0,0.0,0.0,0.0,0.0,0.0,0.0,0.0,0.0,0.0,1,1,0
2582,0.9387984,0.9039003,-0.03489810000000004,0.91256917,0.8627147,-0.049854470000000095,1.0,1.0,0.0,0.0,0.0,0.0,0.0,0.0,0.0,0.0,0.0,0.0,1,1,0
2583,1.0,1.0,0.0,1.0,1.0,0.0,1.0,1.0,0.0,0.0,0.0,0.0,0.0,0.0,0.0,0.0,0.0,0.0,1,1,0
2584,0.96625006,0.99118805,0.024937989999999965,1.0,0.98741144,-0.012588559999999971,0.8875,1.0,0.11250000000000004,0.0,0.0,0.0,0.0,0.0,0.0,0.0,0.0,0.0,1,1,0
2585,0.9474409,0.913691,-0.0337499,0.9249156,0.9249156,0.0,1.0,0.8875,-0.11250000000000004,0.0,0.0,0.0,0.0,0.0,0.0,0.0,0.0,0.0,1,1,0
2586,0.98161376,0.8277386,-0.15387516,0.97373396,0.7539122,-0.21982175999999998,1.0,1.0,0.0,0.0,0.0,0.0,0.0,0.0,0.0,0.0,0.0,0.0,1,1,0
2587,1.0,1.0,0.0,1.0,1.0,0.0,1.0,1.0,0.0,0.0,0.0,0.0,0.0,0.0,0.0,0.0,0.0,0.0,1,1,0
2588,0.8269085,0.8140608,-0.012847700000000017,0.8437978,0.83080107,-0.012996730000000012,0.7875,0.77500004,-0.012499959999999977,0.0,0.0,0.0,0.0,0.0,0.0,0.0,0.0,0.0,1,1,0
2589,0.8231269,0.9033043,0.08017739999999995,0.8491098,0.8618633,0.012753499999999973,0.7625,1.0,0.23750000000000004,0.0,0.0,0.0,0.0,0.0,0.0,0.0,0.0,0.0,1,1,0
2590,1.0,1.0,0.0,1.0,1.0,0.0,1.0,1.0,0.0,0.0,0.0,0.0,0.0,0.0,0.0,0.0,0.0,0.0,1,1,0
2591,0.9046742,0.945337,0.0406628,0.8959631,0.92191005,0.025946950000000024,0.925,1.0,0.07499999999999996,0.0,0.0,0.0,0.0,0.0,0.0,0.0,0.0,0.0,1,1,0
2592,0.98749334,0.8899965,-0.09749684000000003,0.98213327,0.8428522,-0.1392810699999999,1.0,1.0,0.0,0.0,0.0,0.0,0.0,0.0,0.0,0.0,0.0,0.0,1,1,0
2593,0.95874995,0.95636386,-0.0023860900000000074,1.0,0.9751627,-0.02483729999999995,0.8625,0.9125,0.04999999999999993,0.0,0.0,0.0,0.0,0.0,0.0,0.0,0.0,0.0,1,1,0
2594,0.8796425,0.93057203,0.05092953,0.87627506,0.9008172,0.02454213999999999,0.8875,1.0,0.11250000000000004,0.0,0.0,0.0,0.0,0.0,0.0,0.0,0.0,0.0,1,1,0
2595,0.8123726,0.8624382,0.05006560000000004,0.849818,0.86241174,0.01259374000000002,0.725,0.8625,0.13750000000000007,0.0,0.0,0.0,0.0,0.0,0.0,0.0,0.0,0.0,1,1,0
2596,0.97749996,1.0,0.022500040000000054,1.0,1.0,0.0,0.925,1.0,0.07499999999999996,0.0,0.0,0.0,0.0,0.0,0.0,0.0,0.0,0.0,1,1,0
2597,1.0,1.0,0.0,1.0,1.0,0.0,1.0,1.0,0.0,0.0,0.0,0.0,0.0,0.0,0.0,0.0,0.0,0.0,1,1,0
2598,0.8070946,0.5577414,-0.24935319999999994,0.7565637,0.368202,-0.3883617,0.925,1.0,0.07499999999999996,0.0,0.0,0.0,0.0,0.0,0.0,0.0,0.0,0.0,1,1,0
2599,0.9850001,1.0,0.014999899999999955,1.0,1.0,0.0,0.95,1.0,0.050000000000000044,0.0,0.0,0.0,0.0,0.0,0.0,0.0,0.0,0.0,1,1,0
2600,0.8926471,0.93386763,0.04122052999999992,0.90021014,0.937668,0.037457859999999954,0.875,0.925,0.050000000000000044,0.0,0.0,0.0,0.0,0.0,0.0,0.0,0.0,0.0,1,1,0
2601,0.93172663,0.9451217,0.013395069999999953,0.9346095,0.92160237,-0.013007129999999978,0.925,1.0,0.07499999999999996,0.0,0.0,0.0,0.0,0.0,0.0,0.0,0.0,0.0,1,1,0
2602,1.0,1.0,0.0,1.0,1.0,0.0,1.0,1.0,0.0,0.0,0.0,0.0,0.0,0.0,0.0,0.0,0.0,0.0,1,1,0
2603,1.0,1.0,0.0,1.0,1.0,0.0,1.0,1.0,0.0,0.0,0.0,0.0,0.0,0.0,0.0,0.0,0.0,0.0,1,1,0
2604,0.86523706,0.8947998,0.029562740000000032,0.861053,0.8497139,-0.011339099999999935,0.875,1.0,0.125,0.0,0.0,0.0,0.0,0.0,0.0,0.0,0.0,0.0,1,1,0
2605,0.8843301,0.9297952,0.045465100000000036,0.8883287,0.8997074,0.011378700000000075,0.875,1.0,0.125,0.0,0.0,0.0,0.0,0.0,0.0,0.0,0.0,0.0,1,1,0
2606,0.94488925,0.92636055,-0.018528700000000065,0.9212704,0.89480066,-0.02646974000000002,1.0,1.0,0.0,0.0,0.0,0.0,0.0,0.0,0.0,0.0,0.0,0.0,1,1,0
2607,0.9311981,0.86318266,-0.06801544000000004,0.93385434,0.80454654,-0.12930779999999997,0.925,1.0,0.07499999999999996,0.0,0.0,0.0,0.0,0.0,0.0,0.0,0.0,0.0,1,1,0
2608,0.8583609,0.8696108,0.011249900000000035,0.84587264,0.84587264,0.0,0.8875,0.925,0.03750000000000009,0.0,0.0,0.0,0.0,0.0,0.0,0.0,0.0,0.0,1,1,0
2609,1.0,0.9492111,-0.050788900000000026,1.0,0.9274445,-0.0725555,1.0,1.0,0.0,0.0,0.0,0.0,0.0,0.0,0.0,0.0,0.0,0.0,1,1,0
2610,1.0,1.0,0.0,1.0,1.0,0.0,1.0,1.0,0.0,0.0,0.0,0.0,0.0,0.0,0.0,0.0,0.0,0.0,1,1,0
2611,0.0,1.0,1.0,1.0,1.0,0.0,1.0,1.0,0.0,1.0,0.0,-1.0,1.0,0.0,-1.0,0.0,0.0,0.0,0,1,1
2612,0.8711238,0.924668,0.05354420000000004,0.84803396,0.92452574,0.07649178000000001,0.925,0.925,0.0,0.0,0.0,0.0,0.0,0.0,0.0,0.0,0.0,0.0,1,1,0
2613,0.93011343,0.94751847,0.017405039999999983,0.9001621,0.92502636,0.024864260000000082,1.0,1.0,0.0,0.0,0.0,0.0,0.0,0.0,0.0,0.0,0.0,0.0,1,1,0
2614,0.94749874,0.94749874,0.0,0.92499816,0.92499816,0.0,1.0,1.0,0.0,0.0,0.0,0.0,0.0,0.0,0.0,0.0,0.0,0.0,1,1,0
2615,0.0,0.0,0.0,0.032057866,0.018282177,-0.013775688999999997,0.8181819,1.0,0.18181809999999998,1.0,1.0,0.0,1.0,1.0,0.0,0.0,0.0,0.0,0,0,0
2616,0.97375005,1.0,0.026249949999999966,1.0,1.0,0.0,0.9125,1.0,0.08750000000000002,0.0,0.0,0.0,0.0,0.0,0.0,0.0,0.0,0.0,1,1,0
2617,0.93425363,0.9717536,0.03749997000000005,0.959648,0.959648,0.0,0.875,1.0,0.125,0.0,0.0,0.0,0.0,0.0,0.0,0.0,0.0,0.0,1,1,0
2618,1.0,0.96250004,-0.03749996,1.0,1.0,0.0,1.0,0.875,-0.125,0.0,0.0,0.0,0.0,0.0,0.0,0.0,0.0,0.0,1,1,0
2619,0.99156994,0.97749996,-0.014069980000000037,0.98795706,1.0,0.012042939999999946,1.0,0.925,-0.07499999999999996,0.0,0.0,0.0,0.0,0.0,0.0,0.0,0.0,0.0,1,1,0
2620,1.0,1.0,0.0,1.0,1.0,0.0,1.0,1.0,0.0,0.0,0.0,0.0,0.0,0.0,0.0,0.0,0.0,0.0,1,1,0
2621,0.94,0.95125,0.011250000000000093,1.0,1.0,0.0,0.8,0.83750004,0.03750003999999996,0.0,0.0,0.0,0.0,0.0,0.0,0.0,0.0,0.0,1,1,0
2622,1.0,1.0,0.0,1.0,1.0,0.0,1.0,1.0,0.0,0.0,0.0,0.0,0.0,0.0,0.0,0.0,0.0,0.0,1,1,0
2623,0.0,0.8642133,0.8642133,0.036324386,0.9024476,0.866123214,0.6666667,0.77500004,0.10833334000000006,1.0,0.0,-1.0,1.0,0.0,-1.0,0.0,0.0,0.0,0,1,1
2624,0.85438555,0.8595644,0.005178849999999957,0.8241222,0.79937774,-0.02474446000000008,0.925,1.0,0.07499999999999996,0.0,0.0,0.0,0.0,0.0,0.0,0.0,0.0,0.0,1,1,0
2625,0.96876377,0.88686675,-0.08189701999999999,0.98751956,0.8383812,-0.14913835999999991,0.925,1.0,0.07499999999999996,0.0,0.0,0.0,0.0,0.0,0.0,0.0,0.0,0.0,1,1,0
2626,1.0,1.0,0.0,1.0,1.0,0.0,1.0,1.0,0.0,0.0,0.0,0.0,0.0,0.0,0.0,0.0,0.0,0.0,1,1,0
2627,1.0,0.96250004,-0.03749996,1.0,1.0,0.0,1.0,0.875,-0.125,0.0,0.0,0.0,0.0,0.0,0.0,0.0,0.0,0.0,1,1,0
2628,0.96250004,0.9954395,0.03293946000000003,1.0,0.99348503,-0.006514970000000009,0.875,1.0,0.125,0.0,0.0,0.0,0.0,0.0,0.0,0.0,0.0,0.0,1,1,0
2629,0.9921471,1.0,0.007852900000000052,0.9887816,1.0,0.011218399999999962,1.0,1.0,0.0,0.0,0.0,0.0,0.0,0.0,0.0,0.0,0.0,0.0,1,1,0
2630,0.94750005,1.0,0.05249994999999996,1.0,1.0,0.0,0.825,1.0,0.17500000000000004,0.0,0.0,0.0,0.0,0.0,0.0,0.0,0.0,0.0,1,1,0
2631,1.0,1.0,0.0,1.0,1.0,0.0,1.0,1.0,0.0,0.0,0.0,0.0,0.0,0.0,0.0,0.0,0.0,0.0,1,1,0
2632,0.95621854,0.9474425,-0.008776039999999985,0.9374551,0.9249177,-0.012537400000000032,1.0,1.0,0.0,0.0,0.0,0.0,0.0,0.0,0.0,0.0,0.0,0.0,1,1,0
2633,0.89928883,0.8816519,-0.017636929999999995,0.8561269,0.8309313,-0.025195599999999985,1.0,1.0,0.0,0.0,0.0,0.0,0.0,0.0,0.0,0.0,0.0,0.0,1,1,0
2634,0.92549956,0.9592495,0.03374993999999998,0.97392786,0.97392786,0.0,0.8125,0.925,0.11250000000000004,0.0,0.0,0.0,0.0,0.0,0.0,0.0,0.0,0.0,1,1,0
2635,0.96625006,0.97375005,0.007499990000000012,1.0,1.0,0.0,0.8875,0.9125,0.025000000000000022,0.0,0.0,0.0,0.0,0.0,0.0,0.0,0.0,0.0,1,1,0
2636,0.857881,0.904976,0.047095,0.8505442,0.86425143,0.01370723000000007,0.875,1.0,0.125,0.0,0.0,0.0,0.0,0.0,0.0,0.0,0.0,0.0,1,1,0
2637,1.0,1.0,0.0,1.0,1.0,0.0,1.0,1.0,0.0,0.0,0.0,0.0,0.0,0.0,0.0,0.0,0.0,0.0,1,1,0
2638,0.8656847,0.90410835,0.03842365000000003,0.8563354,0.9165833,0.06024790000000002,0.8875,0.875,-0.012499999999999956,0.0,0.0,0.0,0.0,0.0,0.0,0.0,0.0,0.0,1,1,0
2639,1.0,1.0,0.0,1.0,1.0,0.0,1.0,1.0,0.0,0.0,0.0,0.0,0.0,0.0,0.0,0.0,0.0,0.0,1,1,0
2640,1.0,1.0,0.0,1.0,1.0,0.0,1.0,1.0,0.0,0.0,0.0,0.0,0.0,0.0,0.0,0.0,0.0,0.0,1,1,0
2641,0.9030865,0.8743946,-0.028691899999999992,0.8615521,0.8741352,0.012583099999999958,1.0,0.875,-0.125,0.0,0.0,0.0,0.0,0.0,0.0,0.0,0.0,0.0,1,1,0
2642,1.0,1.0,0.0,1.0,1.0,0.0,1.0,1.0,0.0,0.0,0.0,0.0,0.0,0.0,0.0,0.0,0.0,0.0,1,1,0
2643,0.89015675,0.90392554,0.013768789999999975,0.87522393,0.8627507,-0.012473230000000002,0.925,1.0,0.07499999999999996,0.0,0.0,0.0,0.0,0.0,0.0,0.0,0.0,0.0,1,1,0
2644,0.0,0.0,0.0,1.0,1.0,0.0,1.0,1.0,0.0,0.0,0.0,0.0,1.0,1.0,0.0,0.0,0.0,0.0,0,0,0
2645,1.0,0.8964762,-0.10352380000000005,1.0,0.85210884,-0.14789116000000002,1.0,1.0,0.0,0.0,0.0,0.0,0.0,0.0,0.0,0.0,0.0,0.0,1,1,0
2646,0.803215,0.83834964,0.035134639999999995,0.8206643,0.83335656,0.01269226000000001,0.7625,0.85,0.08750000000000002,0.0,0.0,0.0,0.0,0.0,0.0,0.0,0.0,0.0,1,1,0
2647,0.99044555,0.98262376,-0.00782179000000005,0.98635083,0.9751768,-0.011174030000000057,1.0,1.0,0.0,0.0,0.0,0.0,0.0,0.0,0.0,0.0,0.0,0.0,1,1,0
2648,1.0,1.0,0.0,1.0,1.0,0.0,1.0,1.0,0.0,0.0,0.0,0.0,0.0,0.0,0.0,0.0,0.0,0.0,1,1,0
2649,0.9813041,1.0,0.018695899999999988,0.9732915,1.0,0.026708500000000024,1.0,1.0,0.0,0.0,0.0,0.0,0.0,0.0,0.0,0.0,0.0,0.0,1,1,0
2650,0.86504793,0.0,-0.86504793,0.8447113,0.63831186,-0.2063994400000001,0.9125,1.0,0.08750000000000002,0.0,0.0,0.0,0.0,0.0,0.0,0.0,1.0,1.0,1,0,-1
2651,0.0,0.0,0.0,1.0,1.0,0.0,1.0,1.0,0.0,1.0,1.0,0.0,1.0,1.0,0.0,0.0,0.0,0.0,0,0,0
2652,1.0,1.0,0.0,1.0,1.0,0.0,1.0,1.0,0.0,0.0,0.0,0.0,0.0,0.0,0.0,0.0,0.0,0.0,1,1,0
2653,0.88089705,0.91839707,0.03750002000000008,0.88342434,0.88342434,0.0,0.875,1.0,0.125,0.0,0.0,0.0,0.0,0.0,0.0,0.0,0.0,0.0,1,1,0
2654,0.88271314,0.92485636,0.04214322000000004,0.83244723,0.892652,0.06020477000000002,1.0,1.0,0.0,0.0,0.0,0.0,0.0,0.0,0.0,0.0,0.0,0.0,1,1,0
2655,0.8246889,0.95471317,0.13002427000000005,0.78169847,0.9353045,0.15360602999999995,0.925,1.0,0.07499999999999996,0.0,0.0,0.0,0.0,0.0,0.0,0.0,0.0,0.0,1,1,0
2656,1.0,1.0,0.0,1.0,1.0,0.0,1.0,1.0,0.0,0.0,0.0,0.0,0.0,0.0,0.0,0.0,0.0,0.0,1,1,0
2657,1.0,1.0,0.0,1.0,1.0,0.0,1.0,1.0,0.0,0.0,0.0,0.0,0.0,0.0,0.0,0.0,0.0,0.0,1,1,0
2658,0.96250004,1.0,0.03749996,1.0,1.0,0.0,0.875,1.0,0.125,0.0,0.0,0.0,0.0,0.0,0.0,0.0,0.0,0.0,1,1,0
2659,0.9702379,0.8823954,-0.08784249999999993,0.9574828,0.8319934,-0.12548939999999997,1.0,1.0,0.0,0.0,0.0,0.0,0.0,0.0,0.0,0.0,0.0,0.0,1,1,0
2660,0.9125757,0.94753456,0.034958860000000036,0.87510824,0.92504936,0.04994112000000006,1.0,1.0,0.0,0.0,0.0,0.0,0.0,0.0,0.0,0.0,0.0,0.0,1,1,0
2661,0.9160938,0.8905074,-0.02558640000000001,0.9390626,0.9025106,-0.03655199999999992,0.8625,0.8625,0.0,0.0,0.0,0.0,0.0,0.0,0.0,0.0,0.0,0.0,1,1,0
2662,1.0,1.0,0.0,1.0,1.0,0.0,1.0,1.0,0.0,0.0,0.0,0.0,0.0,0.0,0.0,0.0,0.0,0.0,1,1,0
2663,0.82589597,0.8930138,0.06711782999999993,0.8798514,0.9275196,0.04766820000000005,0.7,0.8125,0.11250000000000004,0.0,0.0,0.0,0.0,0.0,0.0,0.0,0.0,0.0,1,1,0
2664,0.9038804,0.0,-0.9038804,0.8626863,0.3373459,-0.5253404,1.0,0.79310346,-0.20689654000000002,0.0,1.0,1.0,0.0,1.0,1.0,0.0,0.0,0.0,1,0,-1
2665,1.0,1.0,0.0,1.0,1.0,0.0,1.0,1.0,0.0,0.0,0.0,0.0,0.0,0.0,0.0,0.0,0.0,0.0,1,1,0
2666,1.0,1.0,0.0,1.0,1.0,0.0,1.0,1.0,0.0,0.0,0.0,0.0,0.0,0.0,0.0,0.0,0.0,0.0,1,1,0
2667,0.0,0.86594105,0.86594105,0.8711418,0.8084871,-0.06265469999999995,1.0,1.0,0.0,0.0,0.0,0.0,0.0,0.0,0.0,1.0,0.0,-1.0,0,1,1
2668,0.8932273,0.9817112,0.08848390000000006,0.92782474,0.9738731,0.04604836000000001,0.8125,1.0,0.1875,0.0,0.0,0.0,0.0,0.0,0.0,0.0,0.0,0.0,1,1,0
2669,1.0,1.0,0.0,1.0,1.0,0.0,1.0,1.0,0.0,0.0,0.0,0.0,0.0,0.0,0.0,0.0,0.0,0.0,1,1,0
2670,1.0,0.9008446,-0.0991554,1.0,0.8583493,-0.14165070000000002,1.0,1.0,0.0,0.0,0.0,0.0,0.0,0.0,0.0,0.0,0.0,0.0,1,1,0
2671,0.895,0.97375005,0.07875005000000002,1.0,1.0,0.0,0.65000004,0.9125,0.26249996,0.0,0.0,0.0,0.0,0.0,0.0,0.0,0.0,0.0,1,1,0
2672,0.96999997,1.0,0.030000029999999955,1.0,1.0,0.0,0.90000004,1.0,0.09999996,0.0,0.0,0.0,0.0,0.0,0.0,0.0,0.0,0.0,1,1,0
2673,0.96625006,0.89166945,-0.07458061000000005,1.0,0.8505993,-0.14940070000000005,0.8875,0.9875,0.10000000000000009,0.0,0.0,0.0,0.0,0.0,0.0,0.0,0.0,0.0,1,1,0
2674,0.9032435,0.9369934,0.0337499,0.90999055,0.90999055,0.0,0.8875,1.0,0.11250000000000004,0.0,0.0,0.0,0.0,0.0,0.0,0.0,0.0,0.0,1,1,0
2675,0.9558205,0.9558205,0.0,0.9368864,0.9368864,0.0,1.0,1.0,0.0,0.0,0.0,0.0,0.0,0.0,0.0,0.0,0.0,0.0,1,1,0
2676,0.9127156,0.9476585,0.0349429,0.87530804,0.92522633,0.04991829000000003,1.0,1.0,0.0,0.0,0.0,0.0,0.0,0.0,0.0,0.0,0.0,0.0,1,1,0
2677,1.0,1.0,0.0,1.0,1.0,0.0,1.0,1.0,0.0,0.0,0.0,0.0,0.0,0.0,0.0,0.0,0.0,0.0,1,1,0
2678,0.95387536,0.8726861,-0.08118925999999993,0.982322,0.85026586,-0.13205614,0.8875,0.925,0.03750000000000009,0.0,0.0,0.0,0.0,0.0,0.0,0.0,0.0,0.0,1,1,0
2679,1.0,1.0,0.0,1.0,1.0,0.0,1.0,1.0,0.0,0.0,0.0,0.0,0.0,0.0,0.0,0.0,0.0,0.0,1,1,0
2680,1.0,1.0,0.0,1.0000001,1.0000001,0.0,1.0,1.0,0.0,0.0,0.0,0.0,0.0,0.0,0.0,0.0,0.0,0.0,1,1,0
2681,0.36400852,0.32264304,-0.04136548000000001,0.13965502,0.08056152,-0.05909349999999999,0.8875,0.8875,0.0,0.0,0.0,0.0,0.0,0.0,0.0,0.0,0.0,0.0,1,1,0
2682,0.95437205,0.92875004,-0.025622009999999973,0.98838854,1.0,0.011611460000000018,0.875,0.7625,-0.11250000000000004,0.0,0.0,0.0,0.0,0.0,0.0,0.0,0.0,0.0,1,1,0
2683,1.0,1.0,0.0,1.0,1.0,0.0,1.0,1.0,0.0,0.0,0.0,0.0,0.0,0.0,0.0,0.0,0.0,0.0,1,1,0
2684,1.0,1.0,0.0,1.0,1.0,0.0,1.0,1.0,0.0,0.0,0.0,0.0,0.0,0.0,0.0,0.0,0.0,0.0,1,1,0
2685,1.0,0.9187377,-0.08126230000000001,1.0,0.883911,-0.116089,1.0,1.0,0.0,0.0,0.0,0.0,0.0,0.0,0.0,0.0,0.0,0.0,1,1,0
2686,0.0,0.0,0.0,1.0,1.0,0.0,1.0,1.0,0.0,1.0,1.0,0.0,1.0,1.0,0.0,0.0,0.0,0.0,0,0,0
2687,0.0,0.0,0.0,1.0,1.0,0.0,1.0,1.0,0.0,2.0,1.0,-1.0,1.0,1.0,0.0,0.0,0.0,0.0,0,0,0
2688,1.0,1.0,0.0,1.0,1.0,0.0,1.0,1.0,0.0,0.0,0.0,0.0,0.0,0.0,0.0,0.0,0.0,0.0,1,1,0
2689,0.0,0.8613557,0.8613557,0.7632365,0.962651,0.19941450000000005,0.53030306,0.625,0.09469693999999995,1.0,0.0,-1.0,1.0,0.0,-1.0,0.0,0.0,0.0,0,1,1
2690,0.9421366,1.0,0.05786340000000001,0.9709093,1.0,0.029090700000000025,0.875,1.0,0.125,0.0,0.0,0.0,0.0,0.0,0.0,0.0,0.0,0.0,1,1,0
2691,1.0,1.0,0.0,1.0,1.0,0.0,1.0,1.0,0.0,0.0,0.0,0.0,0.0,0.0,0.0,0.0,0.0,0.0,1,1,0
2692,0.904412,0.9469385,0.04252650000000002,0.91166,0.9241979,0.01253789999999999,0.8875,1.0,0.11250000000000004,0.0,0.0,0.0,0.0,0.0,0.0,0.0,0.0,0.0,1,1,0
2693,1.0,1.0,0.0,1.0,1.0,0.0,1.0,1.0,0.0,0.0,0.0,0.0,0.0,0.0,0.0,0.0,0.0,0.0,1,1,0
2694,0.81482756,0.86109036,0.04626280000000005,0.83725363,0.849772,0.012518370000000001,0.7625,0.8875,0.125,0.0,0.0,0.0,0.0,0.0,0.0,0.0,0.0,0.0,1,1,0
2695,0.9132328,0.85259265,-0.060640150000000004,0.87604684,0.8376324,-0.03841443999999994,1.0,0.8875,-0.11250000000000004,0.0,0.0,0.0,0.0,0.0,0.0,0.0,0.0,0.0,1,1,0
2696,1.0,1.0,0.0,1.0,1.0,0.0,1.0,1.0,0.0,0.0,0.0,0.0,0.0,0.0,0.0,0.0,0.0,0.0,1,1,0
2697,0.97296315,1.0,0.02703685,0.96137583,0.99999994,0.03862410999999999,1.0,1.0,0.0,0.0,0.0,0.0,0.0,0.0,0.0,0.0,0.0,0.0,1,1,0
2698,1.0,0.9231224,-0.07687759999999999,1.0,0.89017487,-0.10982513000000005,1.0,1.0,0.0,0.0,0.0,0.0,0.0,0.0,0.0,0.0,0.0,0.0,1,1,0
2699,0.8352855,0.8908102,0.05552469999999998,0.8718364,0.8975859,0.025749500000000092,0.75,0.875,0.125,0.0,0.0,0.0,0.0,0.0,0.0,0.0,0.0,0.0,1,1,0
2700,1.0,0.8740757,-0.1259243,1.0,0.82010823,-0.17989177,1.0,1.0,0.0,0.0,0.0,0.0,0.0,0.0,0.0,0.0,0.0,0.0,1,1,0
2701,0.9439564,0.93199885,-0.011957549999999983,0.9520804,0.9028555,-0.049224900000000016,0.925,1.0,0.07499999999999996,0.0,0.0,0.0,0.0,0.0,0.0,0.0,0.0,0.0,1,1,0
2702,0.93929714,0.8954701,-0.04382703999999993,0.91328156,0.8506715,-0.06261006000000002,1.0,1.0,0.0,0.0,0.0,0.0,0.0,0.0,0.0,0.0,0.0,0.0,1,1,0
2703,0.95545644,0.8936432,-0.06181323999999999,0.9363664,0.8480617,-0.08830470000000001,1.0,1.0,0.0,0.0,0.0,0.0,0.0,0.0,0.0,0.0,0.0,0.0,1,1,0
2704,0.94,1.0,0.06000000000000005,1.0,1.0,0.0,0.8,1.0,0.19999999999999996,0.0,0.0,0.0,0.0,0.0,0.0,0.0,0.0,0.0,1,1,0
2705,0.9274439,0.9224326,-0.005011299999999941,0.9499199,0.93740374,-0.012516159999999998,0.875,0.8875,0.012499999999999956,0.0,0.0,0.0,0.0,0.0,0.0,0.0,0.0,0.0,1,1,0
2706,1.0,1.0,0.0,1.0,1.0,0.0,1.0,1.0,0.0,0.0,0.0,0.0,0.0,0.0,0.0,0.0,0.0,0.0,1,1,0
2707,0.0,0.0,0.0,0.174739,0.174739,0.0,0.2857143,1.0,0.7142857,0.0,0.0,0.0,0.0,0.0,0.0,1.0,1.0,0.0,0,0,0
2708,0.91143745,0.9643424,0.05290495000000006,0.9216964,0.94906056,0.027364160000000082,0.8875,1.0,0.11250000000000004,0.0,0.0,0.0,0.0,0.0,0.0,0.0,0.0,0.0,1,1,0
2709,0.9186789,0.891533,-0.027145899999999945,0.8838269,0.8450471,-0.03877979999999992,1.0,1.0,0.0,0.0,0.0,0.0,0.0,0.0,0.0,0.0,0.0,0.0,1,1,0
2710,0.97375005,1.0,0.026249949999999966,1.0,1.0,0.0,0.9125,1.0,0.08750000000000002,0.0,0.0,0.0,0.0,0.0,0.0,0.0,0.0,0.0,1,1,0
2711,0.97749996,0.97749996,0.0,0.99999994,0.99999994,0.0,0.925,0.925,0.0,0.0,0.0,0.0,0.0,0.0,0.0,0.0,0.0,0.0,1,1,0
2712,1.0,0.9215414,-0.07845860000000004,1.0,0.8879164,-0.11208359999999995,1.0,1.0,0.0,0.0,0.0,0.0,0.0,0.0,0.0,0.0,0.0,0.0,1,1,0
2713,0.97375005,0.94375,-0.030000050000000056,1.0,1.0,0.0,0.9125,0.8125,-0.09999999999999998,0.0,0.0,0.0,0.0,0.0,0.0,0.0,0.0,0.0,1,1,0
2714,0.8763319,0.8302954,-0.046036500000000036,0.87690264,0.7575649,-0.11933773999999997,0.875,1.0,0.125,0.0,0.0,0.0,0.0,0.0,0.0,0.0,0.0,0.0,1,1,0
2715,0.96625006,0.98125,0.014999939999999934,1.0,1.0,0.0,0.8875,0.9375,0.050000000000000044,0.0,0.0,0.0,0.0,0.0,0.0,0.0,0.0,0.0,1,1,0
2716,0.93616354,0.9081196,-0.02804393999999999,0.9409478,0.8687423,-0.07220550000000003,0.925,1.0,0.07499999999999996,0.0,0.0,0.0,0.0,0.0,0.0,0.0,0.0,0.0,1,1,0
2717,0.95461655,0.9819433,0.027326749999999955,0.9351665,0.9742048,0.03903829999999997,1.0,1.0,0.0,0.0,0.0,0.0,0.0,0.0,0.0,0.0,0.0,0.0,1,1,0
2718,0.8788808,0.8901308,0.011249999999999982,0.87518686,0.87518686,0.0,0.8875,0.925,0.03750000000000009,0.0,0.0,0.0,0.0,0.0,0.0,0.0,0.0,0.0,1,1,0
2719,0.9649893,0.87755215,-0.08743715000000007,0.9499846,0.82507443,-0.12491016999999993,1.0,1.0,0.0,0.0,0.0,0.0,0.0,0.0,0.0,0.0,0.0,0.0,1,1,0
2720,0.0,0.96999997,0.96999997,0.99999994,0.99999994,0.0,0.8857143,0.90000004,0.014285740000000047,0.0,0.0,0.0,0.0,0.0,0.0,1.0,0.0,-1.0,0,1,1
2721,0.968105,0.9582923,-0.009812700000000008,0.95443577,0.98863184,0.03419607000000002,1.0,0.8875,-0.11250000000000004,0.0,0.0,0.0,0.0,0.0,0.0,0.0,0.0,0.0,1,1,0
2722,1.0,0.8524918,-0.14750819999999998,1.0,0.8749882,-0.1250118,1.0,0.8,-0.19999999999999996,0.0,0.0,0.0,0.0,0.0,0.0,0.0,0.0,0.0,1,1,0
2723,0.9316145,0.96116656,0.02955205999999999,0.9719492,0.94452375,-0.027425449999999962,0.83750004,1.0,0.16249996,0.0,0.0,0.0,0.0,0.0,0.0,0.0,0.0,0.0,1,1,0
2724,0.9828922,0.9491423,-0.0337499,0.9755603,0.9755603,0.0,1.0,0.8875,-0.11250000000000004,0.0,0.0,0.0,0.0,0.0,0.0,0.0,0.0,0.0,1,1,0
2725,1.0,1.0,0.0,1.0,1.0,0.0,1.0,1.0,0.0,0.0,0.0,0.0,0.0,0.0,0.0,0.0,0.0,0.0,1,1,0
2726,0.9315405,0.9254428,-0.006097699999999984,0.9504149,0.92563254,-0.024782360000000003,0.8875,0.925,0.03750000000000009,0.0,0.0,0.0,0.0,0.0,0.0,0.0,0.0,0.0,1,1,0
2727,1.0,1.0,0.0,1.0,1.0,0.0,1.0,1.0,0.0,0.0,0.0,0.0,0.0,0.0,0.0,0.0,0.0,0.0,1,1,0
2728,0.97749996,1.0,0.022500040000000054,1.0,1.0,0.0,0.925,1.0,0.07499999999999996,0.0,0.0,0.0,0.0,0.0,0.0,0.0,0.0,0.0,1,1,0
2729,0.91127414,0.97749996,0.06622581999999999,0.9268203,1.0,0.07317969999999996,0.875,0.925,0.050000000000000044,0.0,0.0,0.0,0.0,0.0,0.0,0.0,0.0,0.0,1,1,0
2730,1.0,0.9659304,-0.03406960000000003,1.0,0.9513292,-0.048670800000000014,1.0,1.0,0.0,0.0,0.0,0.0,0.0,0.0,0.0,0.0,0.0,0.0,1,1,0
2731,0.95704174,0.95704174,0.0,0.9386311,0.9386311,0.0,1.0,1.0,0.0,0.0,0.0,0.0,0.0,0.0,0.0,0.0,0.0,0.0,1,1,0
2732,0.952401,0.93609524,-0.016305760000000058,0.93200135,0.90870756,-0.02329378999999998,1.0,1.0,0.0,0.0,0.0,0.0,0.0,0.0,0.0,0.0,0.0,0.0,1,1,0
2733,0.9159465,0.9558633,0.039916799999999975,0.94956636,0.9369476,-0.012618760000000062,0.83750004,1.0,0.16249996,0.0,0.0,0.0,0.0,0.0,0.0,0.0,0.0,0.0,1,1,0
2734,0.92138785,0.83782846,-0.08355939000000001,0.9519826,0.7683263,-0.1836563,0.85,1.0,0.15000000000000002,0.0,0.0,0.0,0.0,0.0,0.0,0.0,0.0,0.0,1,1,0
2735,1.0,1.0,0.0,1.0,1.0,0.0,1.0,1.0,0.0,0.0,0.0,0.0,0.0,0.0,0.0,0.0,0.0,0.0,1,1,0
2736,0.8999762,0.8697945,-0.030181699999999978,0.91068023,0.87292075,-0.037759479999999956,0.875,0.8625,-0.012499999999999956,0.0,0.0,0.0,0.0,0.0,0.0,0.0,0.0,0.0,1,1,0
2737,0.9595709,1.0,0.040429099999999996,0.9743869,1.0000001,0.025613200000000114,0.925,1.0,0.07499999999999996,0.0,0.0,0.0,0.0,0.0,0.0,0.0,0.0,0.0,1,1,0
2738,1.0,1.0,0.0,1.0,1.0,0.0,1.0,1.0,0.0,0.0,0.0,0.0,0.0,0.0,0.0,0.0,0.0,0.0,1,1,0
2739,0.94942075,0.94942075,0.0,0.92774385,0.92774385,0.0,1.0,1.0,0.0,0.0,0.0,0.0,0.0,0.0,0.0,0.0,0.0,0.0,1,1,0
2740,0.99063665,0.84841007,-0.14222658,0.9866237,0.783443,-0.2031807,1.0,1.0,0.0,0.0,0.0,0.0,0.0,0.0,0.0,0.0,0.0,0.0,1,1,0
2741,0.93859035,0.86359036,-0.07499999000000002,0.9122719,0.9122719,0.0,1.0,0.75,-0.25,0.0,0.0,0.0,0.0,0.0,0.0,0.0,0.0,0.0,1,1,0
2742,1.0,1.0,0.0,1.0,1.0,0.0,1.0,1.0,0.0,0.0,0.0,0.0,0.0,0.0,0.0,0.0,0.0,0.0,1,1,0
2743,1.0,1.0,0.0,1.0,1.0,0.0,1.0,1.0,0.0,0.0,0.0,0.0,0.0,0.0,0.0,0.0,0.0,0.0,1,1,0
2744,0.9460288,1.0,0.0539712,0.9764697,1.0,0.023530300000000004,0.875,1.0,0.125,0.0,0.0,0.0,0.0,0.0,0.0,0.0,0.0,0.0,1,1,0
2745,0.9216963,0.87960625,-0.04209004999999999,0.8881376,0.82800895,-0.060128650000000006,1.0,1.0,0.0,0.0,0.0,0.0,0.0,0.0,0.0,0.0,0.0,0.0,1,1,0
2746,0.93863964,0.8861932,-0.05244643999999998,0.9123423,0.83741885,-0.07492345,1.0,1.0,0.0,0.0,0.0,0.0,0.0,0.0,0.0,0.0,0.0,0.0,1,1,0
2747,1.0,0.0,-1.0,1.0,1.0,0.0,1.0,1.0,0.0,0.0,0.0,0.0,0.0,0.0,0.0,0.0,1.0,1.0,1,0,-1
2748,1.0,1.0,0.0,1.0,1.0,0.0,1.0,1.0,0.0,0.0,0.0,0.0,0.0,0.0,0.0,0.0,0.0,0.0,1,1,0
2749,1.0,1.0,0.0,1.0,1.0,0.0,1.0,1.0,0.0,0.0,0.0,0.0,0.0,0.0,0.0,0.0,0.0,0.0,1,1,0
2750,0.91369075,0.9655308,0.051840050000000026,0.9249153,0.95075834,0.02584304000000004,0.8875,1.0,0.11250000000000004,0.0,0.0,0.0,0.0,0.0,0.0,0.0,0.0,0.0,1,1,0
2751,0.9127313,0.94765043,0.03491913000000002,0.8753304,0.9252149,0.0498845,1.0,1.0,0.0,0.0,0.0,0.0,0.0,0.0,0.0,0.0,0.0,0.0,1,1,0
2752,0.92060083,0.89421475,-0.02638608000000009,0.8865726,0.84887815,-0.037694450000000046,1.0,1.0,0.0,0.0,0.0,0.0,0.0,0.0,0.0,0.0,0.0,0.0,1,1,0
2753,0.99992126,0.99992126,0.0,0.9998874,0.9998874,0.0,1.0,1.0,0.0,0.0,0.0,0.0,0.0,0.0,0.0,0.0,0.0,0.0,1,1,0
2754,1.0,0.96593326,-0.034066739999999984,1.0,0.95133317,-0.04866683000000005,1.0,1.0,0.0,0.0,0.0,0.0,0.0,0.0,0.0,0.0,0.0,0.0,1,1,0
2755,0.9124302,0.907451,-0.0049791999999999614,0.87490034,0.89992994,0.025029599999999985,1.0,0.925,-0.07499999999999996,0.0,0.0,0.0,0.0,0.0,0.0,0.0,0.0,0.0,1,1,0
2756,0.0,0.0,0.0,1.0,1.0,0.0,1.0,1.0,0.0,1.0,1.0,0.0,1.0,1.0,0.0,0.0,0.0,0.0,0,0,0
2757,0.9039876,0.92147,0.01748240000000001,0.8628394,0.8878143,0.02497489999999991,1.0,1.0,0.0,0.0,0.0,0.0,0.0,0.0,0.0,0.0,0.0,0.0,1,1,0
2758,0.9912893,1.0,0.00871069999999996,0.9875561,1.0,0.012443899999999952,1.0,1.0,0.0,0.0,0.0,0.0,0.0,0.0,0.0,0.0,0.0,0.0,1,1,0
2759,1.0,1.0,0.0,1.0,1.0,0.0,1.0,1.0,0.0,0.0,0.0,0.0,0.0,0.0,0.0,0.0,0.0,0.0,1,1,0
2760,0.0,0.0,0.0,1.0,1.0,0.0,1.0,1.0,0.0,1.0,1.0,0.0,1.0,1.0,0.0,0.0,0.0,0.0,0,0,0
2761,0.7501164,0.679806,-0.0703104,0.67516625,0.5961514,-0.07901484999999997,0.925,0.875,-0.050000000000000044,0.0,0.0,0.0,0.0,0.0,0.0,0.0,0.0,0.0,1,1,0
2762,0.9216861,0.956494,0.0348079,0.888123,0.93784845,0.04972544999999995,1.0,1.0,0.0,0.0,0.0,0.0,0.0,0.0,0.0,0.0,0.0,0.0,1,1,0
2763,1.0,1.0,0.0,1.0,1.0,0.0,1.0,1.0,0.0,0.0,0.0,0.0,0.0,0.0,0.0,0.0,0.0,0.0,1,1,0
2764,0.87491935,0.911224,0.03630465000000005,0.8748847,0.9374628,0.06257810000000008,0.875,0.85,-0.025000000000000022,0.0,0.0,0.0,0.0,0.0,0.0,0.0,0.0,0.0,1,1,0
2765,0.9325,1.0,0.0675,1.0,1.0,0.0,0.77500004,1.0,0.22499996,0.0,0.0,0.0,0.0,0.0,0.0,0.0,0.0,0.0,1,1,0
2766,0.93861496,0.8861626,-0.052452359999999976,0.912307,0.8373751,-0.07493189999999994,1.0,1.0,0.0,0.0,0.0,0.0,0.0,0.0,0.0,0.0,0.0,0.0,1,1,0
2767,0.8487803,0.87498343,0.026203129999999963,0.83754313,0.87497634,0.037433209999999995,0.875,0.875,0.0,0.0,0.0,0.0,0.0,0.0,0.0,0.0,0.0,0.0,1,1,0
2768,0.85715485,0.90215474,0.04499988999999993,0.8602211,0.8602211,0.0,0.85,1.0,0.15000000000000002,0.0,0.0,0.0,0.0,0.0,0.0,0.0,0.0,0.0,1,1,0
2769,1.0,1.0,0.0,1.0,1.0,0.0,1.0,1.0,0.0,0.0,0.0,0.0,0.0,0.0,0.0,0.0,0.0,0.0,1,1,0
2770,1.0,1.0,0.0,1.0,1.0,0.0,1.0,1.0,0.0,0.0,0.0,0.0,0.0,0.0,0.0,0.0,0.0,0.0,1,1,0
2771,0.89975375,0.9088112,0.009057450000000022,0.8567911,0.86973035,0.012939249999999958,1.0,1.0,0.0,0.0,0.0,0.0,0.0,0.0,0.0,0.0,0.0,0.0,1,1,0
2772,1.0,1.0,0.0,1.0,1.0,0.0,1.0,1.0,0.0,0.0,0.0,0.0,0.0,0.0,0.0,0.0,0.0,0.0,1,1,0
2773,1.0,1.0,0.0,1.0,1.0,0.0,1.0,1.0,0.0,0.0,0.0,0.0,0.0,0.0,0.0,0.0,0.0,0.0,1,1,0
2774,1.0,1.0,0.0,1.0,1.0,0.0,1.0,1.0,0.0,0.0,0.0,0.0,0.0,0.0,0.0,0.0,0.0,0.0,1,1,0
2775,0.96625006,1.0,0.03374993999999998,1.0,1.0,0.0,0.8875,1.0,0.11250000000000004,0.0,0.0,0.0,0.0,0.0,0.0,0.0,0.0,0.0,1,1,0
2776,0.8406003,0.8913048,0.05070450000000004,0.8687147,0.844721,-0.023993699999999896,0.77500004,1.0,0.22499996,0.0,0.0,0.0,0.0,0.0,0.0,0.0,0.0,0.0,1,1,0
2777,0.8158941,0.90341854,0.08752444000000004,0.84949166,0.8620265,0.012534840000000047,0.7375,1.0,0.26249999999999996,0.0,0.0,0.0,0.0,0.0,0.0,0.0,0.0,0.0,1,1,0
2778,0.7817438,0.8130264,0.03128260000000005,0.8167769,0.80253774,-0.014239160000000028,0.7,0.83750004,0.13750004000000005,0.0,0.0,0.0,0.0,0.0,0.0,0.0,0.0,0.0,1,1,0
2779,0.0,0.0,0.0,0.08388639,0.08388639,0.0,0.375,1.0,0.625,1.0,1.0,0.0,1.0,1.0,0.0,0.0,0.0,0.0,0,0,0
2780,0.8522466,0.9122639,0.06001730000000005,0.837138,0.87466276,0.037524759999999935,0.8875,1.0,0.11250000000000004,0.0,0.0,0.0,0.0,0.0,0.0,0.0,0.0,0.0,1,1,0
2781,0.97749996,0.85405684,-0.1234431199999999,1.0,0.79150975,-0.20849025,0.925,1.0,0.07499999999999996,0.0,0.0,0.0,0.0,0.0,0.0,0.0,0.0,0.0,1,1,0
2782,0.9212276,0.9387371,0.017509499999999956,0.8874679,0.91248167,0.025013770000000046,1.0,1.0,0.0,0.0,0.0,0.0,0.0,0.0,0.0,0.0,0.0,0.0,1,1,0
2783,0.99134845,0.98356324,-0.007785210000000098,0.98764074,0.97651887,-0.011121869999999978,1.0,1.0,0.0,0.0,0.0,0.0,0.0,0.0,0.0,0.0,0.0,0.0,1,1,0
2784,0.8178116,0.8330946,0.015283000000000047,0.7879451,0.76156366,-0.026381439999999978,0.8875,1.0,0.11250000000000004,0.0,0.0,0.0,0.0,0.0,0.0,0.0,0.0,0.0,1,1,0
2785,0.9300173,0.93964404,0.009626739999999967,0.90002465,0.91377723,0.013752580000000014,1.0,1.0,0.0,0.0,0.0,0.0,0.0,0.0,0.0,0.0,0.0,0.0,1,1,0
2786,1.0,1.0,0.0,1.0,1.0,0.0,1.0,1.0,0.0,0.0,0.0,0.0,0.0,0.0,0.0,0.0,0.0,0.0,1,1,0
2787,0.0,0.0,0.0,0.0068926523,0.028573655,0.0216810027,1.0,0.0,-1.0,1.0,1.0,0.0,1.0,1.0,0.0,0.0,0.0,0.0,0,0,0
2788,0.86428875,0.7922191,-0.0720696500000001,0.8436266,0.7031702,-0.14045640000000004,0.9125,1.0,0.08750000000000002,0.0,0.0,0.0,0.0,0.0,0.0,0.0,0.0,0.0,1,1,0
2789,0.92124766,0.92999953,0.008751869999999995,0.8874967,0.89999944,0.012502739999999957,1.0,1.0,0.0,0.0,0.0,0.0,0.0,0.0,0.0,0.0,0.0,0.0,1,1,0
2790,1.0,1.0,0.0,1.0,1.0,0.0,1.0,1.0,0.0,0.0,0.0,0.0,0.0,0.0,0.0,0.0,0.0,0.0,1,1,0
2791,0.8677869,0.93948287,0.07169596999999994,0.84326696,0.9778326,0.13456564000000004,0.925,0.85,-0.07500000000000007,0.0,0.0,0.0,0.0,0.0,0.0,0.0,0.0,0.0,1,1,0
2792,0.9196148,0.9196148,0.0,0.885164,0.885164,0.0,1.0,1.0,0.0,0.0,0.0,0.0,0.0,0.0,0.0,0.0,0.0,0.0,1,1,0
2793,0.8242325,0.8417492,0.01751669999999994,0.8506892,0.83821315,-0.012476050000000072,0.7625,0.85,0.08750000000000002,0.0,0.0,0.0,0.0,0.0,0.0,0.0,0.0,0.0,1,1,0
2794,0.88989365,0.9386639,0.048770250000000015,0.874848,0.9123769,0.03752890000000009,0.925,1.0,0.07499999999999996,0.0,0.0,0.0,0.0,0.0,0.0,0.0,0.0,0.0,1,1,0
2795,0.99124545,0.96624994,-0.02499551,0.9874936,0.99999994,0.01250634000000006,1.0,0.8875,-0.11250000000000004,0.0,0.0,0.0,0.0,0.0,0.0,0.0,0.0,0.0,1,1,0
2796,0.97749996,0.96625006,-0.011249899999999924,1.0,1.0,0.0,0.925,0.8875,-0.03750000000000009,0.0,0.0,0.0,0.0,0.0,0.0,0.0,0.0,0.0,1,1,0
2797,0.9462782,0.992321,0.04604280000000005,0.95539737,0.98902994,0.03363256999999997,0.925,1.0,0.07499999999999996,0.0,0.0,0.0,0.0,0.0,0.0,0.0,0.0,0.0,1,1,0
2798,1.0,0.989606,-0.010394000000000014,1.0,0.9851514,-0.01484859999999999,1.0,1.0,0.0,0.0,0.0,0.0,0.0,0.0,0.0,0.0,0.0,0.0,1,1,0
2799,1.0,1.0,0.0,1.0,1.0,0.0,1.0,1.0,0.0,0.0,0.0,0.0,0.0,0.0,0.0,0.0,0.0,0.0,1,1,0
2800,1.0,1.0,0.0,1.0,1.0,0.0,1.0,1.0,0.0,0.0,0.0,0.0,0.0,0.0,0.0,0.0,0.0,0.0,1,1,0
2801,0.9378652,0.86494774,-0.07291745999999999,0.9112359,0.8070681,-0.10416780000000003,1.0,1.0,0.0,0.0,0.0,0.0,0.0,0.0,0.0,0.0,0.0,0.0,1,1,0
2802,0.9126029,0.89885217,-0.013750730000000044,0.875147,0.8876459,0.01249889999999998,1.0,0.925,-0.07499999999999996,0.0,0.0,0.0,0.0,0.0,0.0,0.0,0.0,0.0,1,1,0
2803,0.96625006,0.9168028,-0.04944725999999999,1.0,0.8811469,-0.11885310000000004,0.8875,1.0,0.11250000000000004,0.0,0.0,0.0,0.0,0.0,0.0,0.0,0.0,0.0,1,1,0
2804,0.96250004,0.92875004,-0.03374999999999995,1.0,1.0,0.0,0.875,0.7625,-0.11250000000000004,0.0,0.0,0.0,0.0,0.0,0.0,0.0,0.0,0.0,1,1,0
2805,0.9650588,0.98257655,0.01751775,0.950084,0.9751094,0.025025399999999975,1.0,1.0,0.0,0.0,0.0,0.0,0.0,0.0,0.0,0.0,0.0,0.0,1,1,0
2806,0.96625006,0.95500004,-0.011250019999999972,1.0,1.0,0.0,0.8875,0.85,-0.03749999999999998,0.0,0.0,0.0,0.0,0.0,0.0,0.0,0.0,0.0,1,1,0
2807,1.0,1.0,0.0,1.0,1.0,0.0,1.0,1.0,0.0,0.0,0.0,0.0,0.0,0.0,0.0,0.0,0.0,0.0,1,1,0
2808,0.939382,0.9256796,-0.013702400000000003,0.91340274,0.92597073,0.012567989999999973,1.0,0.925,-0.07499999999999996,0.0,0.0,0.0,0.0,0.0,0.0,0.0,0.0,0.0,1,1,0
2809,0.91251004,0.9562737,0.04376365999999998,0.8750143,0.93753386,0.06251956000000003,1.0,1.0,0.0,0.0,0.0,0.0,0.0,0.0,0.0,0.0,0.0,0.0,1,1,0
2810,1.0,1.0,0.0,1.0,1.0,0.0,1.0,1.0,0.0,0.0,0.0,0.0,0.0,0.0,0.0,0.0,0.0,0.0,1,1,0
2811,0.87324995,0.87324995,0.0,0.8189285,0.8189285,0.0,1.0,1.0,0.0,0.0,0.0,0.0,0.0,0.0,0.0,0.0,0.0,0.0,1,1,0
2812,0.9301923,0.9251642,-0.00502809999999998,0.9002747,0.9252345,0.024959799999999976,1.0,0.925,-0.07499999999999996,0.0,0.0,0.0,0.0,0.0,0.0,0.0,0.0,0.0,1,1,0
2813,0.95500004,0.95500004,0.0,1.0,1.0,0.0,0.85,0.85,0.0,0.0,0.0,0.0,0.0,0.0,0.0,0.0,0.0,0.0,1,1,0
2814,0.9103409,0.90138495,-0.008955950000000046,0.87191564,0.8591213,-0.012794340000000015,1.0,1.0,0.0,0.0,0.0,0.0,0.0,0.0,0.0,0.0,0.0,0.0,1,1,0
2815,0.86184436,0.8744156,0.012571239999999984,0.8615633,0.87416506,0.012601760000000017,0.8625,0.875,0.012499999999999956,0.0,0.0,0.0,0.0,0.0,0.0,0.0,0.0,0.0,1,1,0
2816,1.0,1.0,0.0,1.0,1.0,0.0,1.0,1.0,0.0,0.0,0.0,0.0,0.0,0.0,0.0,0.0,0.0,0.0,1,1,0
2817,0.9125902,0.94751567,0.034925470000000014,0.87512887,0.9250224,0.049893530000000075,1.0,1.0,0.0,0.0,0.0,0.0,0.0,0.0,0.0,0.0,0.0,0.0,1,1,0
2818,0.94375,0.9358522,-0.007897799999999955,1.0,0.9083604,-0.09163960000000004,0.8125,1.0,0.1875,0.0,0.0,0.0,0.0,0.0,0.0,0.0,0.0,0.0,1,1,0
2819,1.0,1.0,0.0,1.0,1.0,0.0,1.0,1.0,0.0,0.0,0.0,0.0,0.0,0.0,0.0,0.0,0.0,0.0,1,1,0
2820,0.95385116,0.9913511,0.03749994000000001,0.98764455,0.98764455,0.0,0.875,1.0,0.125,0.0,0.0,0.0,0.0,0.0,0.0,0.0,0.0,0.0,1,1,0
2821,1.0,1.0,0.0,1.0,1.0,0.0,1.0,1.0,0.0,0.0,0.0,0.0,0.0,0.0,0.0,0.0,0.0,0.0,1,1,0
2822,1.0,1.0,0.0,1.0,1.0,0.0,1.0,1.0,0.0,0.0,0.0,0.0,0.0,0.0,0.0,0.0,0.0,0.0,1,1,0
2823,1.0,1.0,0.0,1.0,1.0,0.0,1.0,1.0,0.0,0.0,0.0,0.0,0.0,0.0,0.0,0.0,0.0,0.0,1,1,0
2824,1.0,1.0,0.0,1.0,1.0,0.0,1.0,1.0,0.0,0.0,0.0,0.0,0.0,0.0,0.0,0.0,0.0,0.0,1,1,0
2825,1.0,0.9071126,-0.09288739999999995,0.99999994,0.8673037,-0.13269624000000002,1.0,1.0,0.0,0.0,0.0,0.0,0.0,0.0,0.0,0.0,0.0,0.0,1,1,0
2826,1.0,0.9649896,-0.0350104,1.0,0.9499851,-0.05001489999999997,1.0,1.0,0.0,0.0,0.0,0.0,0.0,0.0,0.0,0.0,0.0,0.0,1,1,0
2827,1.0,1.0,0.0,1.0,1.0,0.0,1.0,1.0,0.0,0.0,0.0,0.0,0.0,0.0,0.0,0.0,0.0,0.0,1,1,0
2828,0.7701853,0.8534239,0.08323860000000005,0.9074076,0.87096274,-0.03644486000000002,0.45000002,0.8125,0.36249998,0.0,0.0,0.0,0.0,0.0,0.0,0.0,0.0,0.0,1,1,0
2829,0.97749996,1.0,0.022500040000000054,1.0,1.0,0.0,0.925,1.0,0.07499999999999996,0.0,0.0,0.0,0.0,0.0,0.0,0.0,0.0,0.0,1,1,0
2830,0.8699419,0.88119185,0.011249949999999953,0.8624169,0.8624169,0.0,0.8875,0.925,0.03750000000000009,0.0,0.0,0.0,0.0,0.0,0.0,0.0,0.0,0.0,1,1,0
2831,0.94750005,0.9325,-0.015000050000000043,1.0,1.0,0.0,0.825,0.77500004,-0.049999959999999954,0.0,0.0,0.0,0.0,0.0,0.0,0.0,0.0,0.0,1,1,0
2832,1.0,1.0,0.0,1.0,1.0,0.0,1.0,1.0,0.0,0.0,0.0,0.0,0.0,0.0,0.0,0.0,0.0,0.0,1,1,0
2833,0.97749996,1.0,0.022500040000000054,1.0,1.0,0.0,0.925,1.0,0.07499999999999996,0.0,0.0,0.0,0.0,0.0,0.0,0.0,0.0,0.0,1,1,0
2834,0.85635054,0.90751183,0.051161290000000026,0.8751435,0.9375168,0.062373300000000076,0.8125,0.83750004,0.02500004,0.0,0.0,0.0,0.0,0.0,0.0,0.0,0.0,0.0,1,1,0
2835,1.0,1.0,0.0,1.0,1.0,0.0,1.0,1.0,0.0,0.0,0.0,0.0,0.0,0.0,0.0,0.0,0.0,0.0,1,1,0
2836,0.91221774,0.92099136,0.008773620000000037,0.87459666,0.88713056,0.012533899999999987,1.0,1.0,0.0,0.0,0.0,0.0,0.0,0.0,0.0,0.0,0.0,0.0,1,1,0
2837,1.0,0.9469188,-0.05308120000000005,1.0,0.92416966,-0.07583034,1.0,1.0,0.0,0.0,0.0,0.0,0.0,0.0,0.0,0.0,0.0,0.0,1,1,0
2838,1.0,1.0,0.0,1.0,1.0,0.0,1.0,1.0,0.0,0.0,0.0,0.0,0.0,0.0,0.0,0.0,0.0,0.0,1,1,0
2839,0.862558,0.8657522,0.003194199999999925,0.835797,0.8082174,-0.027579600000000037,0.925,1.0,0.07499999999999996,0.0,0.0,0.0,0.0,0.0,0.0,0.0,0.0,0.0,1,1,0
2840,0.99234927,1.0,0.00765073000000005,0.9890703,0.99999994,0.010929640000000074,1.0,1.0,0.0,0.0,0.0,0.0,0.0,0.0,0.0,0.0,0.0,0.0,1,1,0
2841,1.0,1.0,0.0,1.0,1.0,0.0,1.0,1.0,0.0,0.0,0.0,0.0,0.0,0.0,0.0,0.0,0.0,0.0,1,1,0
2842,0.91382277,0.9650356,0.05121282999999999,0.92510384,0.95005083,0.024946990000000002,0.8875,1.0,0.11250000000000004,0.0,0.0,0.0,0.0,0.0,0.0,0.0,0.0,0.0,1,1,0
2843,0.9124802,0.93873733,0.026257130000000073,0.87497175,0.9124819,0.03751014999999991,1.0,1.0,0.0,0.0,0.0,0.0,0.0,0.0,0.0,0.0,0.0,0.0,1,1,0
2844,1.0,1.0,0.0,1.0,1.0,0.0,1.0,1.0,0.0,0.0,0.0,0.0,0.0,0.0,0.0,0.0,0.0,0.0,1,1,0
2845,1.0,1.0,0.0,1.0,1.0,0.0,1.0,1.0,0.0,0.0,0.0,0.0,0.0,0.0,0.0,0.0,0.0,0.0,1,1,0
2846,0.9380911,0.96464866,0.02655756000000009,0.91155875,0.949498,0.03793924999999998,1.0,1.0,0.0,0.0,0.0,0.0,0.0,0.0,0.0,0.0,0.0,0.0,1,1,0
2847,0.8802967,0.9152054,0.034908699999999904,0.8879239,0.9377933,0.049869400000000064,0.8625,0.8625,0.0,0.0,0.0,0.0,0.0,0.0,0.0,0.0,0.0,0.0,1,1,0
2848,0.79125875,0.762413,-0.028845750000000003,0.70179826,0.66059005,-0.04120820999999997,1.0,1.0,0.0,0.0,0.0,0.0,0.0,0.0,0.0,0.0,0.0,0.0,1,1,0
2849,0.8662716,0.89875,0.03247840000000002,0.93753093,1.0,0.062469070000000015,0.7,0.6625,-0.03749999999999998,0.0,0.0,0.0,0.0,0.0,0.0,0.0,0.0,0.0,1,1,0
2850,0.9387353,0.96500397,0.026268669999999994,0.912479,0.95000565,0.037526649999999995,1.0,1.0,0.0,0.0,0.0,0.0,0.0,0.0,0.0,0.0,0.0,0.0,1,1,0
2851,1.0,1.0,0.0,1.0,1.0,0.0,1.0,1.0,0.0,0.0,0.0,0.0,0.0,0.0,0.0,0.0,0.0,0.0,1,1,0
2852,0.97782993,1.0,0.02217007000000004,0.9683285,1.0,0.031671499999999964,1.0,1.0,0.0,0.0,0.0,0.0,0.0,0.0,0.0,0.0,0.0,0.0,1,1,0
2853,0.98641634,0.9794666,-0.0069497400000000376,0.98059475,0.9706666,-0.009928149999999913,1.0,1.0,0.0,0.0,0.0,0.0,0.0,0.0,0.0,0.0,0.0,0.0,1,1,0
2854,1.0,1.0,0.0,1.0,1.0,0.0,1.0,1.0,0.0,0.0,0.0,0.0,0.0,0.0,0.0,0.0,0.0,0.0,1,1,0
2855,0.93625003,0.95874995,0.022499920000000007,1.0,1.0,0.0,0.7875,0.8625,0.07500000000000007,0.0,0.0,0.0,0.0,0.0,0.0,0.0,0.0,0.0,1,1,0
2856,0.88217753,0.8903722,0.00819466999999996,0.83168226,0.84338886,0.011706600000000011,1.0,1.0,0.0,0.0,0.0,0.0,0.0,0.0,0.0,0.0,0.0,0.0,1,1,0
2857,0.85253733,0.8637875,0.01125017000000006,0.83755344,0.83755344,0.0,0.8875,0.925,0.03750000000000009,0.0,0.0,0.0,0.0,0.0,0.0,0.0,0.0,0.0,1,1,0
2858,0.98252296,0.97378665,-0.00873630999999997,0.97503287,0.9625523,-0.012480570000000024,1.0,1.0,0.0,0.0,0.0,0.0,0.0,0.0,0.0,0.0,0.0,0.0,1,1,0
2859,0.95892316,0.9850001,0.02607694000000005,0.96274734,1.0,0.03725266000000005,0.95,0.95,0.0,0.0,0.0,0.0,0.0,0.0,0.0,0.0,0.0,0.0,1,1,0
2860,1.0,1.0,0.0,1.0,1.0,0.0,1.0,1.0,0.0,0.0,0.0,0.0,0.0,0.0,0.0,0.0,0.0,0.0,1,1,0
2861,1.0,0.98875,-0.011249999999999982,1.0,1.0,0.0,1.0,0.96250004,-0.03749996,0.0,0.0,0.0,0.0,0.0,0.0,0.0,0.0,0.0,1,1,0
2862,0.948156,0.9361356,-0.012020400000000042,0.92593706,0.96233654,0.03639948000000004,1.0,0.875,-0.125,0.0,0.0,0.0,0.0,0.0,0.0,0.0,0.0,0.0,1,1,0
2863,1.0,1.0,0.0,0.99999994,0.99999994,0.0,1.0,1.0,0.0,0.0,0.0,0.0,0.0,0.0,0.0,0.0,0.0,0.0,1,1,0
2864,0.86134577,0.91678256,0.055436790000000014,0.8929939,0.881118,-0.01187590000000005,0.7875,1.0,0.21250000000000002,0.0,0.0,0.0,0.0,0.0,0.0,0.0,0.0,0.0,1,1,0
2865,0.0,0.0,0.0,1.0,1.0,0.0,1.0,1.0,0.0,1.0,1.0,0.0,1.0,1.0,0.0,0.0,0.0,0.0,0,0,0
2866,0.8892838,0.72445506,-0.16482873999999992,0.8900482,0.63850725,-0.25154095,0.8875,0.925,0.03750000000000009,0.0,0.0,0.0,0.0,0.0,0.0,0.0,0.0,0.0,1,1,0
2867,0.965157,0.9401199,-0.025037100000000034,0.9502243,0.9626714,0.012447099999999933,1.0,0.8875,-0.11250000000000004,0.0,0.0,0.0,0.0,0.0,0.0,0.0,0.0,0.0,1,1,0
2868,1.0,1.0,0.0,1.0,1.0,0.0,1.0,1.0,0.0,0.0,0.0,0.0,0.0,0.0,0.0,0.0,0.0,0.0,1,1,0
2869,0.8764849,0.87676775,0.00028284999999994564,0.8235498,0.86145383,0.03790402999999998,1.0,0.9125,-0.08750000000000002,0.0,0.0,0.0,0.0,0.0,0.0,0.0,0.0,0.0,1,1,0
2870,0.96768826,0.9143513,-0.05333695999999999,0.9538404,0.87764466,-0.07619574000000007,1.0,1.0,0.0,0.0,0.0,0.0,0.0,0.0,0.0,0.0,0.0,0.0,1,1,0
2871,0.9656977,1.0,0.03430230000000001,0.95099664,1.0,0.04900336000000005,1.0,1.0,0.0,0.0,0.0,0.0,0.0,0.0,0.0,0.0,0.0,0.0,1,1,0
2872,0.9156088,0.94092673,0.025317930000000044,0.92765546,0.9156097,-0.012045760000000016,0.8875,1.0,0.11250000000000004,0.0,0.0,0.0,0.0,0.0,0.0,0.0,0.0,0.0,1,1,0
2873,0.93034333,0.947761,0.01741766999999994,0.9004905,0.92537284,0.024882340000000003,1.0,1.0,0.0,0.0,0.0,0.0,0.0,0.0,0.0,0.0,0.0,0.0,1,1,0
2874,1.0,1.0,0.0,1.0,1.0,0.0,1.0,1.0,0.0,0.0,0.0,0.0,0.0,0.0,0.0,0.0,0.0,0.0,1,1,0
2875,0.92794704,0.90918636,-0.018760679999999974,0.89706725,0.87026614,-0.02680110999999996,1.0,1.0,0.0,0.0,0.0,0.0,0.0,0.0,0.0,0.0,0.0,0.0,1,1,0
2876,0.0,1.0,1.0,0.7293345,1.0,0.2706655,0.804878,1.0,0.19512200000000002,0.0,0.0,0.0,0.0,0.0,0.0,1.0,0.0,-1.0,0,1,1
2877,0.96625006,0.97749996,0.011249899999999924,1.0,1.0,0.0,0.8875,0.925,0.03750000000000009,0.0,0.0,0.0,0.0,0.0,0.0,0.0,0.0,0.0,1,1,0
2878,1.0,1.0,0.0,1.0,1.0,0.0,1.0,1.0,0.0,0.0,0.0,0.0,0.0,0.0,0.0,0.0,0.0,0.0,1,1,0
2879,1.0,1.0,0.0,1.0,1.0,0.0,1.0,1.0,0.0,0.0,0.0,0.0,0.0,0.0,0.0,0.0,0.0,0.0,1,1,0
2880,1.0,0.9938924,-0.006107599999999991,1.0,0.99127483,-0.008725169999999949,1.0,1.0,0.0,0.0,0.0,0.0,0.0,0.0,0.0,0.0,0.0,0.0,1,1,0
2881,0.9980446,0.9980446,0.0,0.9972065,0.9972065,0.0,1.0,1.0,0.0,0.0,0.0,0.0,0.0,0.0,0.0,0.0,0.0,0.0,1,1,0
2882,0.97749996,1.0,0.022500040000000054,1.0,1.0,0.0,0.925,1.0,0.07499999999999996,0.0,0.0,0.0,0.0,0.0,0.0,0.0,0.0,0.0,1,1,0
2883,0.9097996,0.95769805,0.047898449999999926,0.9032851,0.9395687,0.03628360000000008,0.925,1.0,0.07499999999999996,0.0,0.0,0.0,0.0,0.0,0.0,0.0,0.0,0.0,1,1,0
2884,1.0,1.0,0.0,1.0,1.0,0.0,1.0,1.0,0.0,0.0,0.0,0.0,0.0,0.0,0.0,0.0,0.0,0.0,1,1,0
2885,0.95384616,1.0,0.04615384,0.93406594,0.99999994,0.06593400000000005,1.0,1.0,0.0,0.0,0.0,0.0,0.0,0.0,0.0,0.0,0.0,0.0,1,1,0
2886,0.8753153,0.7246651,-0.15065020000000007,0.85402185,0.60666436,-0.24735748999999996,0.925,1.0,0.07499999999999996,0.0,0.0,0.0,0.0,0.0,0.0,0.0,0.0,0.0,1,1,0
2887,0.9997674,0.99981326,4.586000000006418e-05,0.9996677,0.99973327,6.556999999995927e-05,1.0,1.0,0.0,0.0,0.0,0.0,0.0,0.0,0.0,0.0,0.0,0.0,1,1,0
2888,0.90936375,0.90936375,0.0,0.87051964,0.87051964,0.0,1.0,1.0,0.0,0.0,0.0,0.0,0.0,0.0,0.0,0.0,0.0,0.0,1,1,0
2889,0.84782356,0.90609264,0.05826907999999997,0.8468907,0.8979895,0.0510988,0.85,0.925,0.07500000000000007,0.0,0.0,0.0,0.0,0.0,0.0,0.0,0.0,0.0,1,1,0
2890,1.0,1.0,0.0,1.0,1.0,0.0,1.0,1.0,0.0,0.0,0.0,0.0,0.0,0.0,0.0,0.0,0.0,0.0,1,1,0
2891,0.8858358,0.0,-0.8858358,0.9386941,0.6893954,-0.24929869999999998,0.7625,0.6666667,-0.09583330000000001,0.0,1.0,1.0,0.0,1.0,1.0,0.0,0.0,0.0,1,0,-1
2892,0.9214655,0.9214655,0.0,0.8878079,0.8878079,0.0,1.0,1.0,0.0,0.0,0.0,0.0,0.0,0.0,0.0,0.0,0.0,0.0,1,1,0
2893,1.0,1.0,0.0,1.0,1.0,0.0,1.0,1.0,0.0,0.0,0.0,0.0,0.0,0.0,0.0,0.0,0.0,0.0,1,1,0
2894,0.96625006,1.0,0.03374993999999998,1.0,1.0,0.0,0.8875,1.0,0.11250000000000004,0.0,0.0,0.0,0.0,0.0,0.0,0.0,0.0,0.0,1,1,0
2895,0.9185406,0.8719799,-0.04656070000000001,0.9211293,0.81711423,-0.10401506999999999,0.9125,1.0,0.08750000000000002,0.0,0.0,0.0,0.0,0.0,0.0,0.0,0.0,0.0,1,1,0
2896,1.0,1.0,0.0,0.99999994,0.99999994,0.0,1.0,1.0,0.0,0.0,0.0,0.0,0.0,0.0,0.0,0.0,0.0,0.0,1,1,0
2897,0.931585,1.0,0.068415,0.9504786,1.0,0.04952140000000005,0.8875,1.0,0.11250000000000004,0.0,0.0,0.0,0.0,0.0,0.0,0.0,0.0,0.0,1,1,0
2898,0.9252101,0.8942334,-0.03097670000000008,0.9253001,0.8756906,-0.04960949999999997,0.925,0.9375,0.012499999999999956,0.0,0.0,0.0,0.0,0.0,0.0,0.0,0.0,0.0,1,1,0
2899,0.85238534,0.90365314,0.051267799999999975,0.8373361,0.86236155,0.025025450000000005,0.8875,1.0,0.11250000000000004,0.0,0.0,0.0,0.0,0.0,0.0,0.0,0.0,0.0,1,1,0
2900,0.9153828,0.92384356,0.008460759999999956,0.8791182,0.8912051,0.012086900000000012,1.0,1.0,0.0,0.0,0.0,0.0,0.0,0.0,0.0,0.0,0.0,0.0,1,1,0
2901,1.0,0.99298,-0.007020000000000026,0.99999994,0.9899715,-0.010028440000000027,1.0,1.0,0.0,0.0,0.0,0.0,0.0,0.0,0.0,0.0,0.0,0.0,1,1,0
2902,0.85602075,0.92252314,0.06650239000000002,0.9068154,0.95360434,0.04678894,0.7375,0.85,0.11249999999999993,0.0,0.0,0.0,0.0,0.0,0.0,0.0,0.0,0.0,1,1,0
2903,0.8948288,0.8523022,-0.04252659999999997,0.84975535,0.83721745,-0.01253789999999999,1.0,0.8875,-0.11250000000000004,0.0,0.0,0.0,0.0,0.0,0.0,0.0,0.0,0.0,1,1,0
2904,1.0,1.0,0.0,1.0,1.0,0.0,1.0,1.0,0.0,0.0,0.0,0.0,0.0,0.0,0.0,0.0,0.0,0.0,1,1,0
2905,0.0,0.0,0.0,1.0,1.0,0.0,1.0,1.0,0.0,1.0,1.0,0.0,1.0,1.0,0.0,0.0,0.0,0.0,0,0,0
2906,0.8986208,0.93953055,0.04090974999999997,0.88731545,0.9136151,0.026299650000000008,0.925,1.0,0.07499999999999996,0.0,0.0,0.0,0.0,0.0,0.0,0.0,0.0,0.0,1,1,0
2907,1.0,1.0,0.0,1.0,1.0,0.0,1.0,1.0,0.0,0.0,0.0,0.0,0.0,0.0,0.0,0.0,0.0,0.0,1,1,0
2908,0.81458247,0.9157093,0.10112683,0.84761786,0.91172767,0.06410981000000004,0.7375,0.925,0.1875,0.0,0.0,0.0,0.0,0.0,0.0,0.0,0.0,0.0,1,1,0
2909,0.0,1.0,1.0,1.0,1.0,0.0,1.0,1.0,0.0,1.0,0.0,-1.0,1.0,0.0,-1.0,0.0,0.0,0.0,0,1,1
2910,1.0,1.0,0.0,1.0,1.0,0.0,1.0,1.0,0.0,0.0,0.0,0.0,0.0,0.0,0.0,0.0,0.0,0.0,1,1,0
2911,0.9572325,0.98357725,0.026344749999999917,0.9871179,0.97653896,-0.010578940000000037,0.8875,1.0,0.11250000000000004,0.0,0.0,0.0,0.0,0.0,0.0,0.0,0.0,0.0,1,1,0
2912,0.92890215,0.92890215,0.0,0.89843166,0.89843166,0.0,1.0,1.0,0.0,0.0,0.0,0.0,0.0,0.0,0.0,0.0,0.0,0.0,1,1,0
2913,0.5520293,0.46205002,-0.08997927999999994,0.36004186,0.23150003,-0.12854183,1.0,1.0,0.0,0.0,0.0,0.0,0.0,0.0,0.0,0.0,0.0,0.0,1,1,0
2914,1.0,1.0,0.0,1.0,1.0,0.0,1.0,1.0,0.0,0.0,0.0,0.0,0.0,0.0,0.0,0.0,0.0,0.0,1,1,0
2915,0.8343525,0.85685253,0.022500029999999893,0.79550356,0.79550356,0.0,0.925,1.0,0.07499999999999996,0.0,0.0,0.0,0.0,0.0,0.0,0.0,0.0,0.0,1,1,0
2916,1.0,0.95416033,-0.04583967,1.0,0.9345147,-0.06548529999999997,1.0,1.0,0.0,0.0,0.0,0.0,0.0,0.0,0.0,0.0,0.0,0.0,1,1,0
2917,0.8892456,0.9652733,0.07602770000000003,0.90070796,0.95039034,0.049682380000000026,0.8625,1.0,0.13749999999999996,0.0,0.0,0.0,0.0,0.0,0.0,0.0,0.0,0.0,1,1,0
2918,0.9586363,0.91644377,-0.042192530000000006,0.9409089,0.8806339,-0.06027500000000008,1.0,1.0,0.0,0.0,0.0,0.0,0.0,0.0,0.0,0.0,0.0,0.0,1,1,0
2919,0.95794296,0.983215,0.02527203999999994,0.9399186,0.9760214,0.03610279999999999,1.0,1.0,0.0,0.0,0.0,0.0,0.0,0.0,0.0,0.0,0.0,0.0,1,1,0
2920,1.0,1.0,0.0,1.0,1.0,0.0,1.0,1.0,0.0,0.0,0.0,0.0,0.0,0.0,0.0,0.0,0.0,0.0,1,1,0
2921,0.91173774,0.9042677,-0.007470039999999956,0.873911,0.91145384,0.037542839999999966,1.0,0.8875,-0.11250000000000004,0.0,0.0,0.0,0.0,0.0,0.0,0.0,0.0,0.0,1,1,0
2922,0.99140614,0.0,-0.99140614,0.98772305,0.27252427,-0.71519878,1.0,1.0,0.0,0.0,1.0,1.0,0.0,1.0,1.0,0.0,0.0,0.0,1,0,-1
2923,1.0,1.0,0.0,1.0,1.0,0.0,1.0,1.0,0.0,0.0,0.0,0.0,0.0,0.0,0.0,0.0,0.0,0.0,1,1,0
2924,0.9977709,0.99302596,-0.004744940000000031,0.9968155,0.9900371,-0.006778399999999962,1.0,1.0,0.0,0.0,0.0,0.0,0.0,0.0,0.0,0.0,0.0,0.0,1,1,0
2925,1.0,0.9937773,-0.006222700000000025,0.99999994,0.99111044,-0.008889499999999995,1.0,1.0,0.0,0.0,0.0,0.0,0.0,0.0,0.0,0.0,0.0,0.0,1,1,0
2926,1.0,1.0,0.0,1.0,1.0,0.0,1.0,1.0,0.0,0.0,0.0,0.0,0.0,0.0,0.0,0.0,0.0,0.0,1,1,0
2927,1.0,1.0,0.0,1.0,1.0,0.0,1.0,1.0,0.0,0.0,0.0,0.0,0.0,0.0,0.0,0.0,0.0,0.0,1,1,0
2928,0.96804106,0.9715009,0.003459839999999992,0.98648727,0.959287,-0.027200270000000026,0.925,1.0,0.07499999999999996,0.0,0.0,0.0,0.0,0.0,0.0,0.0,0.0,0.0,1,1,0
2929,0.920008,0.9600315,0.04002349999999999,0.98751146,0.975045,-0.012466459999999957,0.7625,0.925,0.1625000000000001,0.0,0.0,0.0,0.0,0.0,0.0,0.0,0.0,0.0,1,1,0
2930,0.9216942,0.9391119,0.01741769999999998,0.88813454,0.913017,0.02488245999999994,1.0,1.0,0.0,0.0,0.0,0.0,0.0,0.0,0.0,0.0,0.0,0.0,1,1,0
2931,0.92113227,0.9298601,0.008727829999999992,0.8873319,0.89980024,0.012468340000000078,1.0,1.0,0.0,0.0,0.0,0.0,0.0,0.0,0.0,0.0,0.0,0.0,1,1,0
2932,1.0,1.0,0.0,1.0,1.0,0.0,1.0,1.0,0.0,0.0,0.0,0.0,0.0,0.0,0.0,0.0,0.0,0.0,1,1,0
2933,0.8726042,0.76023716,-0.11236704000000008,0.81800604,0.6574817,-0.16052434000000004,1.0,1.0,0.0,0.0,0.0,0.0,0.0,0.0,0.0,0.0,0.0,0.0,1,1,0
2934,0.96535665,0.9566396,-0.008717050000000004,0.9505094,0.9380565,-0.012452899999999989,1.0,1.0,0.0,0.0,0.0,0.0,0.0,0.0,0.0,0.0,0.0,0.0,1,1,0
2935,1.0,1.0,0.0,1.0,1.0,0.0,1.0,1.0,0.0,0.0,0.0,0.0,0.0,0.0,0.0,0.0,0.0,0.0,1,1,0
2936,1.0,1.0,0.0,1.0,1.0,0.0,1.0,1.0,0.0,0.0,0.0,0.0,0.0,0.0,0.0,0.0,0.0,0.0,1,1,0
2937,0.9228159,0.934066,0.01125009999999993,0.9379513,0.9379513,0.0,0.8875,0.925,0.03750000000000009,0.0,0.0,0.0,0.0,0.0,0.0,0.0,0.0,0.0,1,1,0
2938,0.0,0.97749996,0.97749996,1.0,1.0,0.0,0.81333333,0.925,0.11166667000000008,1.0,0.0,-1.0,1.0,0.0,-1.0,0.0,0.0,0.0,0,1,1
2939,0.9281958,0.8714657,-0.056730100000000006,0.89742255,0.8163796,-0.08104295000000006,1.0,1.0,0.0,0.0,0.0,0.0,0.0,0.0,0.0,0.0,0.0,0.0,1,1,0
2940,1.0,0.96250004,-0.03749996,1.0,1.0,0.0,1.0,0.875,-0.125,0.0,0.0,0.0,0.0,0.0,0.0,0.0,0.0,0.0,1,1,0
2941,0.9959505,0.9959505,0.0,0.994215,0.994215,0.0,1.0,1.0,0.0,0.0,0.0,0.0,0.0,0.0,0.0,0.0,0.0,0.0,1,1,0
2942,1.0,0.97376204,-0.026237960000000005,1.0,0.9625172,-0.03748280000000004,1.0,1.0,0.0,0.0,0.0,0.0,0.0,0.0,0.0,0.0,0.0,0.0,1,1,0
2943,1.0,1.0,0.0,1.0,1.0,0.0,1.0,1.0,0.0,0.0,0.0,0.0,0.0,0.0,0.0,0.0,0.0,0.0,1,1,0
2944,0.9056404,0.8968487,-0.008791699999999958,0.89734346,0.85264105,-0.04470240999999997,0.925,1.0,0.07499999999999996,0.0,0.0,0.0,0.0,0.0,0.0,0.0,0.0,0.0,1,1,0
2945,0.99409276,0.99409276,0.0,0.9915611,0.9915611,0.0,1.0,1.0,0.0,0.0,0.0,0.0,0.0,0.0,0.0,0.0,0.0,0.0,1,1,0
2946,0.9911522,0.98229617,-0.008856030000000015,0.9873603,0.9747089,-0.01265139999999998,1.0,1.0,0.0,0.0,0.0,0.0,0.0,0.0,0.0,0.0,0.0,0.0,1,1,0
2947,0.79628414,0.79809225,0.0018081099999999184,0.8161202,0.7115603,-0.10455989999999993,0.75,1.0,0.25,0.0,0.0,0.0,0.0,0.0,0.0,0.0,0.0,0.0,1,1,0
2948,0.97749996,1.0,0.022500040000000054,1.0,1.0,0.0,0.925,1.0,0.07499999999999996,0.0,0.0,0.0,0.0,0.0,0.0,0.0,0.0,0.0,1,1,0
2949,1.0,1.0,0.0,1.0,1.0,0.0,1.0,1.0,0.0,0.0,0.0,0.0,0.0,0.0,0.0,0.0,0.0,0.0,1,1,0
2950,1.0,0.9684828,-0.03151720000000002,1.0,0.9549754,-0.04502459999999997,1.0,1.0,0.0,0.0,0.0,0.0,0.0,0.0,0.0,0.0,0.0,0.0,1,1,0
2951,0.92919797,0.9380312,0.008833229999999914,0.89885426,0.91147316,0.012618899999999988,1.0,1.0,0.0,0.0,0.0,0.0,0.0,0.0,0.0,0.0,0.0,0.0,1,1,0
2952,0.8236176,0.80185205,-0.02176554999999991,0.82838213,0.77586,-0.052522130000000056,0.8125,0.8625,0.050000000000000044,0.0,0.0,0.0,0.0,0.0,0.0,0.0,0.0,0.0,1,1,0
2953,0.9049328,0.9337198,0.028787000000000007,0.91240394,0.9374569,0.025052960000000013,0.8875,0.925,0.03750000000000009,0.0,0.0,0.0,0.0,0.0,0.0,0.0,0.0,0.0,1,1,0
2954,0.97749996,1.0,0.022500040000000054,1.0,1.0,0.0,0.925,1.0,0.07499999999999996,0.0,0.0,0.0,0.0,0.0,0.0,0.0,0.0,0.0,1,1,0
2955,0.0,0.0,0.0,1.0,1.0,0.0,0.99999994,0.99999994,0.0,0.0,0.0,0.0,1.0,1.0,0.0,0.0,0.0,0.0,0,0,0
2956,0.84054357,0.87056047,0.030016900000000013,0.8257766,0.86330056,0.03752396000000002,0.875,0.8875,0.012499999999999956,0.0,0.0,0.0,0.0,0.0,0.0,0.0,0.0,0.0,1,1,0
2957,0.9220238,0.9568958,0.034872000000000014,0.8886054,0.9384227,0.049817300000000064,1.0,1.0,0.0,0.0,0.0,0.0,0.0,0.0,0.0,0.0,0.0,0.0,1,1,0
2958,1.0,1.0,0.0,1.0,1.0,0.0,1.0,1.0,0.0,0.0,0.0,0.0,0.0,0.0,0.0,0.0,0.0,0.0,1,1,0
2959,0.98891276,0.98891276,0.0,0.98416114,0.98416114,0.0,1.0,1.0,0.0,0.0,0.0,0.0,0.0,0.0,0.0,0.0,0.0,0.0,1,1,0
2960,1.0,0.83867306,-0.16132694000000003,1.0,0.7695329,-0.23046710000000004,1.0,1.0,0.0,0.0,0.0,0.0,0.0,0.0,0.0,0.0,0.0,0.0,1,1,0
2961,0.96999997,1.0,0.030000029999999955,1.0,1.0,0.0,0.90000004,1.0,0.09999996,0.0,0.0,0.0,0.0,0.0,0.0,0.0,0.0,0.0,1,1,0
2962,0.96250004,0.9174568,-0.04504324000000004,1.0,0.8820812,-0.11791879999999999,0.875,1.0,0.125,0.0,0.0,0.0,0.0,0.0,0.0,0.0,0.0,0.0,1,1,0
2963,0.9125332,0.90749896,-0.005034240000000079,0.8750473,0.8999985,0.024951200000000062,1.0,0.925,-0.07499999999999996,0.0,0.0,0.0,0.0,0.0,0.0,0.0,0.0,0.0,1,1,0
2964,0.9564416,0.93036824,-0.026073360000000045,0.9377737,0.900526,-0.037247699999999995,1.0,1.0,0.0,0.0,0.0,0.0,0.0,0.0,0.0,0.0,0.0,0.0,1,1,0
2965,1.0,1.0,0.0,1.0,1.0,0.0,1.0,1.0,0.0,0.0,0.0,0.0,0.0,0.0,0.0,0.0,0.0,0.0,1,1,0
2966,1.0,1.0,0.0,1.0,1.0,0.0,1.0,1.0,0.0,0.0,0.0,0.0,0.0,0.0,0.0,0.0,0.0,0.0,1,1,0
2967,1.0,1.0,0.0,1.0,1.0,0.0,1.0,1.0,0.0,0.0,0.0,0.0,0.0,0.0,0.0,0.0,0.0,0.0,1,1,0
2968,0.92111343,0.9465108,0.025397369999999975,0.88730484,0.92358685,0.036282009999999976,1.0,1.0,0.0,0.0,0.0,0.0,0.0,0.0,0.0,0.0,0.0,0.0,1,1,0
2969,1.0,1.0,0.0,1.0,1.0,0.0,1.0,1.0,0.0,0.0,0.0,0.0,0.0,0.0,0.0,0.0,0.0,0.0,1,1,0
2970,0.93138355,0.9485613,0.017177750000000103,0.90197647,0.92651606,0.024539589999999945,1.0,1.0,0.0,0.0,0.0,0.0,0.0,0.0,0.0,0.0,0.0,0.0,1,1,0
2971,1.0,1.0,0.0,0.99999994,0.99999994,0.0,1.0,1.0,0.0,0.0,0.0,0.0,0.0,0.0,0.0,0.0,0.0,0.0,1,1,0
2972,1.0,0.9818899,-0.018110100000000018,1.0,0.97412837,-0.025871630000000034,1.0,1.0,0.0,0.0,0.0,0.0,0.0,0.0,0.0,0.0,0.0,0.0,1,1,0
2973,0.89254093,0.8837747,-0.008766229999999986,0.90005857,0.8875352,-0.012523370000000034,0.875,0.875,0.0,0.0,0.0,0.0,0.0,0.0,0.0,0.0,0.0,0.0,1,1,0
2974,0.92111415,0.8961262,-0.02498794999999998,0.887306,0.8998232,0.012517200000000006,1.0,0.8875,-0.11250000000000004,0.0,0.0,0.0,0.0,0.0,0.0,0.0,0.0,0.0,1,1,0
2975,0.94750005,0.94375,-0.0037500500000000603,1.0,1.0,0.0,0.825,0.8125,-0.012499999999999956,0.0,0.0,0.0,0.0,0.0,0.0,0.0,0.0,0.0,1,1,0
2976,0.85789174,0.879425,0.02153326,0.85055965,0.8866785,0.036118850000000036,0.875,0.8625,-0.012499999999999956,0.0,0.0,0.0,0.0,0.0,0.0,0.0,0.0,0.0,1,1,0
2977,0.93762296,0.88788813,-0.04973483000000001,0.91088986,0.9362688,0.02537893999999996,1.0,0.77500004,-0.22499996,0.0,0.0,0.0,0.0,0.0,0.0,0.0,0.0,0.0,1,1,0
2978,1.0,1.0,0.0,1.0,1.0,0.0,1.0,1.0,0.0,0.0,0.0,0.0,0.0,0.0,0.0,0.0,0.0,0.0,1,1,0
2979,0.9325,1.0,0.0675,1.0,1.0,0.0,0.77500004,1.0,0.22499996,0.0,0.0,0.0,0.0,0.0,0.0,0.0,0.0,0.0,1,1,0
2980,0.89342576,0.94644403,0.053018270000000034,0.91203684,0.9234915,0.011454660000000061,0.85,1.0,0.15000000000000002,0.0,0.0,0.0,0.0,0.0,0.0,0.0,0.0,0.0,1,1,0
2981,0.93818074,0.9205292,-0.01765153999999991,0.9116867,0.8864703,-0.025216399999999917,1.0,1.0,0.0,0.0,0.0,0.0,0.0,0.0,0.0,0.0,0.0,0.0,1,1,0
2982,0.8658864,0.89734143,0.03145503000000005,0.86198056,0.91227347,0.050292910000000024,0.875,0.8625,-0.012499999999999956,0.0,0.0,0.0,0.0,0.0,0.0,0.0,0.0,0.0,1,1,0
2983,1.0,1.0,0.0,1.0,1.0,0.0,1.0,1.0,0.0,0.0,0.0,0.0,0.0,0.0,0.0,0.0,0.0,0.0,1,1,0
2984,0.9308592,0.8828575,-0.048001700000000036,0.93337023,0.83265364,-0.10071659,0.925,1.0,0.07499999999999996,0.0,0.0,0.0,0.0,0.0,0.0,0.0,0.0,0.0,1,1,0
2985,0.7765096,0.76525956,-0.011250040000000072,0.7771565,0.7771565,0.0,0.77500004,0.7375,-0.03750003999999996,0.0,0.0,0.0,0.0,0.0,0.0,0.0,0.0,0.0,1,1,0
2986,0.93436784,0.94767207,0.013304230000000028,0.97588265,0.9252459,-0.05063675000000001,0.83750004,1.0,0.16249996,0.0,0.0,0.0,0.0,0.0,0.0,0.0,0.0,0.0,1,1,0
2987,0.9265105,0.9356861,0.00917559999999995,0.895015,0.90812296,0.01310796000000003,1.0,1.0,0.0,0.0,0.0,0.0,0.0,0.0,0.0,0.0,0.0,0.0,1,1,0
2988,0.96999997,1.0,0.030000029999999955,1.0,1.0,0.0,0.90000004,1.0,0.09999996,0.0,0.0,0.0,0.0,0.0,0.0,0.0,0.0,0.0,1,1,0
2989,1.0,1.0,0.0,1.0,1.0,0.0,1.0,1.0,0.0,0.0,0.0,0.0,0.0,0.0,0.0,0.0,0.0,0.0,1,1,0
2990,1.0,1.0,0.0,1.0,1.0,0.0,1.0,1.0,0.0,0.0,0.0,0.0,0.0,0.0,0.0,0.0,0.0,0.0,1,1,0
2991,0.9913179,0.98263943,-0.008678469999999994,0.9875971,0.97519916,-0.012397940000000052,1.0,1.0,0.0,0.0,0.0,0.0,0.0,0.0,0.0,0.0,0.0,0.0,1,1,0
2992,0.8943229,0.8189993,-0.07532360000000005,0.89724696,0.7789276,-0.11831935999999998,0.8875,0.9125,0.025000000000000022,0.0,0.0,0.0,0.0,0.0,0.0,0.0,0.0,0.0,1,1,0
2993,0.8923794,0.9186962,0.026316799999999918,0.8462563,0.88385177,0.037595470000000075,1.0,1.0,0.0,0.0,0.0,0.0,0.0,0.0,0.0,0.0,0.0,0.0,1,1,0
2994,0.8803385,0.96936744,0.08902893999999995,0.8290549,0.9562391,0.12718419999999997,1.0,1.0,0.0,0.0,0.0,0.0,0.0,0.0,0.0,0.0,0.0,0.0,1,1,0
2995,0.9645136,0.946807,-0.017706600000000017,0.9493052,0.92401,-0.025295199999999962,1.0,1.0,0.0,0.0,0.0,0.0,0.0,0.0,0.0,0.0,0.0,0.0,1,1,0
2996,1.0,1.0,0.0,1.0,1.0,0.0,1.0,1.0,0.0,0.0,0.0,0.0,0.0,0.0,0.0,0.0,0.0,0.0,1,1,0
2997,0.97749996,1.0,0.022500040000000054,1.0,1.0,0.0,0.925,1.0,0.07499999999999996,0.0,0.0,0.0,0.0,0.0,0.0,0.0,0.0,0.0,1,1,0
2998,0.94375,0.94144076,-0.00230923999999999,1.0,0.9163439,-0.08365610000000001,0.8125,1.0,0.1875,0.0,0.0,0.0,0.0,0.0,0.0,0.0,0.0,0.0,1,1,0
2999,0.91143364,0.9291388,0.017705159999999998,0.8734765,0.8987696,0.025293099999999957,1.0,1.0,0.0,0.0,0.0,0.0,0.0,0.0,0.0,0.0,0.0,0.0,1,1,0
3000,1.0,0.99234813,-0.007651870000000005,1.0,0.9890688,-0.01093120000000003,1.0,1.0,0.0,0.0,0.0,0.0,0.0,0.0,0.0,0.0,0.0,0.0,1,1,0
3001,0.0,0.9223469,0.9223469,0.352336,0.8890669,0.5367309,0.7647059,1.0,0.23529409999999995,0.0,0.0,0.0,0.0,0.0,0.0,1.0,0.0,-1.0,0,1,1
3002,1.0,0.9408371,-0.05916290000000002,1.0,0.9154816,-0.0845184,1.0,1.0,0.0,0.0,0.0,0.0,0.0,0.0,0.0,0.0,0.0,0.0,1,1,0
3003,1.0,1.0,0.0,1.0,1.0,0.0,1.0,1.0,0.0,0.0,0.0,0.0,0.0,0.0,0.0,0.0,0.0,0.0,1,1,0
3004,0.9672794,0.8859668,-0.08131259999999996,0.9532562,0.8370954,-0.11616079999999995,1.0,1.0,0.0,0.0,0.0,0.0,0.0,0.0,0.0,0.0,0.0,0.0,1,1,0
3005,1.0,1.0,0.0,1.0,1.0,0.0,1.0,1.0,0.0,0.0,0.0,0.0,0.0,0.0,0.0,0.0,0.0,0.0,1,1,0
3006,0.8454427,0.9105914,0.06514870000000006,0.83277524,0.87227345,0.03949820999999998,0.875,1.0,0.125,0.0,0.0,0.0,0.0,0.0,0.0,0.0,0.0,0.0,1,1,0
3007,0.93821603,0.86741316,-0.07080286999999996,0.9599515,0.81059027,-0.14936123,0.8875,1.0,0.11250000000000004,0.0,0.0,0.0,0.0,0.0,0.0,0.0,0.0,0.0,1,1,0
3008,1.0,1.0,0.0,1.0,1.0,0.0,1.0,1.0,0.0,0.0,0.0,0.0,0.0,0.0,0.0,0.0,0.0,0.0,1,1,0
3009,0.9215421,0.82700485,-0.09453725000000002,0.8879172,0.75286406,-0.13505314000000002,1.0,1.0,0.0,0.0,0.0,0.0,0.0,0.0,0.0,0.0,0.0,0.0,1,1,0
3010,1.0,1.0,0.0,1.0,1.0,0.0,1.0,1.0,0.0,0.0,0.0,0.0,0.0,0.0,0.0,0.0,0.0,0.0,1,1,0
3011,1.0,1.0,0.0,1.0,1.0,0.0,1.0,1.0,0.0,0.0,0.0,0.0,0.0,0.0,0.0,0.0,0.0,0.0,1,1,0
3012,0.96250004,0.97749996,0.014999919999999944,1.0,1.0,0.0,0.875,0.925,0.050000000000000044,0.0,0.0,0.0,0.0,0.0,0.0,0.0,0.0,0.0,1,1,0
3013,1.0,0.9064512,-0.09354879999999999,1.0,0.86635894,-0.13364105999999998,1.0,1.0,0.0,0.0,0.0,0.0,0.0,0.0,0.0,0.0,0.0,0.0,1,1,0
3014,0.0,0.0,0.0,1.0,1.0,0.0,1.0,1.0,0.0,1.0,1.0,0.0,1.0,1.0,0.0,0.0,0.0,0.0,0,0,0
3015,0.8736383,0.9736611,0.10002279999999997,0.85162604,0.9623731,0.11074706000000001,0.925,1.0,0.07499999999999996,0.0,0.0,0.0,0.0,0.0,0.0,0.0,0.0,0.0,1,1,0
3016,0.91084844,0.91972715,0.008878710000000067,0.8726406,0.88532454,0.01268394000000006,1.0,1.0,0.0,0.0,0.0,0.0,0.0,0.0,0.0,0.0,0.0,0.0,1,1,0
3017,1.0,0.88445586,-0.11554414000000002,0.99999994,0.834937,-0.16506294,1.0,1.0,0.0,0.0,0.0,0.0,0.0,0.0,0.0,0.0,0.0,0.0,1,1,0
3018,0.82064265,0.8295623,0.008919649999999946,0.8509181,0.8261604,-0.024757699999999994,0.75,0.83750004,0.08750004,0.0,0.0,0.0,0.0,0.0,0.0,0.0,0.0,0.0,1,1,0
3019,0.94922966,0.9481913,-0.001038360000000016,0.97568524,0.96348757,-0.01219767000000005,0.8875,0.9125,0.025000000000000022,0.0,0.0,0.0,0.0,0.0,0.0,0.0,0.0,0.0,1,1,0
3020,0.9036585,0.95874995,0.05509144999999993,0.92129785,1.0,0.07870215000000003,0.8625,0.8625,0.0,0.0,0.0,0.0,0.0,0.0,0.0,0.0,0.0,0.0,1,1,0
3021,0.92382,0.9809065,0.05708650000000004,0.9447429,0.9727236,0.02798069999999997,0.875,1.0,0.125,0.0,0.0,0.0,0.0,0.0,0.0,0.0,0.0,0.0,1,1,0
3022,1.0,1.0,0.0,1.0,1.0,0.0,1.0,1.0,0.0,0.0,0.0,0.0,0.0,0.0,0.0,0.0,0.0,0.0,1,1,0
3023,0.94521123,0.99136317,0.04615194,0.9753017,0.9876616,0.01235989999999998,0.875,1.0,0.125,0.0,0.0,0.0,0.0,0.0,0.0,0.0,0.0,0.0,1,1,0
3024,0.94926435,0.95773965,0.008475300000000074,0.9275204,0.93962806,0.012107659999999965,1.0,1.0,0.0,0.0,0.0,0.0,0.0,0.0,0.0,0.0,0.0,0.0,1,1,0
3025,0.99825877,0.99825877,0.0,0.9975126,0.9975126,0.0,1.0,1.0,0.0,0.0,0.0,0.0,0.0,0.0,0.0,0.0,0.0,0.0,1,1,0
3026,0.0,0.0,0.0,0.63348293,0.63348293,0.0,0.5357143,0.5454545,0.009740199999999977,0.0,0.0,0.0,0.0,0.0,0.0,1.0,1.0,0.0,0,0,0
3027,1.0,1.0,0.0,1.0,1.0,0.0,1.0,1.0,0.0,0.0,0.0,0.0,0.0,0.0,0.0,0.0,0.0,0.0,1,1,0
3028,0.9649774,0.9649774,0.0,0.9499677,0.9499677,0.0,1.0,1.0,0.0,0.0,0.0,0.0,0.0,0.0,0.0,0.0,0.0,0.0,1,1,0
3029,0.97375005,1.0,0.026249949999999966,1.0,1.0,0.0,0.9125,1.0,0.08750000000000002,0.0,0.0,0.0,0.0,0.0,0.0,0.0,0.0,0.0,1,1,0
3030,0.95783037,0.9162384,-0.041591970000000034,0.9397576,0.8803406,-0.05941699999999994,1.0,1.0,0.0,0.0,0.0,0.0,0.0,0.0,0.0,0.0,0.0,0.0,1,1,0
3031,0.9040955,0.895426,-0.008669499999999997,0.8629936,0.85060847,-0.012385130000000077,1.0,1.0,0.0,0.0,0.0,0.0,0.0,0.0,0.0,0.0,0.0,0.0,1,1,0
3032,0.97749996,1.0,0.022500040000000054,1.0,1.0,0.0,0.925,1.0,0.07499999999999996,0.0,0.0,0.0,0.0,0.0,0.0,0.0,0.0,0.0,1,1,0
3033,1.0,1.0,0.0,1.0,1.0,0.0,1.0,1.0,0.0,0.0,0.0,0.0,0.0,0.0,0.0,0.0,0.0,0.0,1,1,0
3034,0.0,0.0,0.0,1.0,1.0,0.0,1.0,1.0,0.0,1.0,1.0,0.0,1.0,1.0,0.0,0.0,0.0,0.0,0,0,0
3035,1.0,1.0,0.0,1.0,1.0,0.0,1.0,1.0,0.0,0.0,0.0,0.0,0.0,0.0,0.0,0.0,0.0,0.0,1,1,0
3036,0.0,0.0,0.0,1.0,1.0,0.0,1.0,1.0,0.0,1.0,1.0,0.0,1.0,1.0,0.0,0.0,0.0,0.0,0,0,0
3037,0.96250004,0.0,-0.96250004,1.0,0.43220326,-0.56779674,0.875,1.0,0.125,0.0,1.0,1.0,0.0,1.0,1.0,0.0,0.0,0.0,1,0,-1
3038,0.85246485,0.9037123,0.05124744999999997,0.8374497,0.862446,0.024996300000000082,0.8875,1.0,0.11250000000000004,0.0,0.0,0.0,0.0,0.0,0.0,0.0,0.0,0.0,1,1,0
3039,1.0,1.0,0.0,1.0,1.0,0.0,1.0,1.0,0.0,0.0,0.0,0.0,0.0,0.0,0.0,0.0,0.0,0.0,1,1,0
3040,0.9457489,0.9691011,0.023352200000000045,0.92249835,0.95585865,0.03336030000000001,1.0,1.0,0.0,0.0,0.0,0.0,0.0,0.0,0.0,0.0,0.0,0.0,1,1,0
3041,0.9521021,0.8284586,-0.1236434999999999,0.96371734,0.7549408,-0.20877654,0.925,1.0,0.07499999999999996,0.0,0.0,0.0,0.0,0.0,0.0,0.0,0.0,0.0,1,1,0
3042,0.8303482,0.806159,-0.024189200000000022,0.8540689,0.7712985,-0.08277040000000002,0.77500004,0.8875,0.11249995999999995,0.0,0.0,0.0,0.0,0.0,0.0,0.0,0.0,0.0,1,1,0
3043,0.9557419,0.91268206,-0.04305984000000007,0.968917,0.8752601,-0.09365690000000004,0.925,1.0,0.07499999999999996,0.0,0.0,0.0,0.0,0.0,0.0,0.0,0.0,0.0,1,1,0
3044,1.0,1.0,0.0,1.0,1.0,0.0,1.0,1.0,0.0,0.0,0.0,0.0,0.0,0.0,0.0,0.0,0.0,0.0,1,1,0
3045,0.8939068,0.9387476,0.044840800000000014,0.8484383,0.9124966,0.06405830000000001,1.0,1.0,0.0,0.0,0.0,0.0,0.0,0.0,0.0,0.0,0.0,0.0,1,1,0
3046,1.0,1.0,0.0,1.0,1.0,0.0,1.0,1.0,0.0,0.0,0.0,0.0,0.0,0.0,0.0,0.0,0.0,0.0,1,1,0
3047,0.92105657,0.94734854,0.026291970000000053,0.88722366,0.9247836,0.03755994000000007,1.0,1.0,0.0,0.0,0.0,0.0,0.0,0.0,0.0,0.0,0.0,0.0,1,1,0
3048,0.97375005,0.92589724,-0.04785281000000008,1.0,0.89413893,-0.10586107,0.9125,1.0,0.08750000000000002,0.0,0.0,0.0,0.0,0.0,0.0,0.0,0.0,0.0,1,1,0
3049,1.0,0.91615295,-0.08384705000000003,1.0,0.88021857,-0.11978142999999997,1.0,1.0,0.0,0.0,0.0,0.0,0.0,0.0,0.0,0.0,0.0,0.0,1,1,0
3050,0.90308267,0.9201695,0.017086829999999997,0.8615467,0.8859564,0.02440969999999998,1.0,1.0,0.0,0.0,0.0,0.0,0.0,0.0,0.0,0.0,0.0,0.0,1,1,0
3051,0.9997681,0.9997681,0.0,0.9996686,0.9996686,0.0,1.0,1.0,0.0,0.0,0.0,0.0,0.0,0.0,0.0,0.0,0.0,0.0,1,1,0
3052,1.0,1.0,0.0,1.0,1.0,0.0,1.0,1.0,0.0,0.0,0.0,0.0,0.0,0.0,0.0,0.0,0.0,0.0,1,1,0
3053,0.95125,0.0,-0.95125,1.0,0.6529744,-0.34702560000000005,0.83750004,1.0,0.16249996,0.0,1.0,1.0,0.0,1.0,1.0,0.0,0.0,0.0,1,0,-1
3054,0.85147804,0.77358556,-0.07789248000000004,0.83604,0.6765508,-0.1594892,0.8875,1.0,0.11250000000000004,0.0,0.0,0.0,0.0,0.0,0.0,0.0,0.0,0.0,1,1,0
3055,0.92037296,0.9380137,0.017640739999999933,0.88624716,0.9114481,0.02520093999999995,1.0,1.0,0.0,0.0,0.0,0.0,0.0,0.0,0.0,0.0,0.0,0.0,1,1,0
3056,0.8487078,0.8957632,0.04705539999999997,0.8374396,0.8510903,0.013650700000000016,0.875,1.0,0.125,0.0,0.0,0.0,0.0,0.0,0.0,0.0,0.0,0.0,1,1,0
3057,0.90581846,0.9230248,0.017206339999999987,0.8654549,0.8900354,0.024580500000000005,1.0,1.0,0.0,0.0,0.0,0.0,0.0,0.0,0.0,0.0,0.0,0.0,1,1,0
3058,1.0,1.0,0.0,1.0,1.0,0.0,1.0,1.0,0.0,0.0,0.0,0.0,0.0,0.0,0.0,0.0,0.0,0.0,1,1,0
3059,0.95889246,0.95032245,-0.008570009999999906,0.94127494,0.929032,-0.012242940000000035,1.0,1.0,0.0,0.0,0.0,0.0,0.0,0.0,0.0,0.0,0.0,0.0,1,1,0
3060,1.0,1.0,0.0,1.0,1.0,0.0,1.0,1.0,0.0,0.0,0.0,0.0,0.0,0.0,0.0,0.0,0.0,0.0,1,1,0
3061,0.8598315,0.8885437,0.028712200000000077,0.9122593,0.8997053,-0.012553999999999954,0.7375,0.8625,0.125,0.0,0.0,0.0,0.0,0.0,0.0,0.0,0.0,0.0,1,1,0
3062,1.0,1.0,0.0,1.0,1.0,0.0,1.0,1.0,0.0,0.0,0.0,0.0,0.0,0.0,0.0,0.0,0.0,0.0,1,1,0
3063,1.0,1.0,0.0,0.99999994,0.99999994,0.0,1.0,1.0,0.0,0.0,0.0,0.0,0.0,0.0,0.0,0.0,0.0,0.0,1,1,0
3064,1.0,1.0,0.0,1.0,1.0,0.0,1.0,1.0,0.0,0.0,0.0,0.0,0.0,0.0,0.0,0.0,0.0,0.0,1,1,0
3065,1.0,1.0,0.0,1.0,1.0,0.0,1.0,1.0,0.0,0.0,0.0,0.0,0.0,0.0,0.0,0.0,0.0,0.0,1,1,0
3066,0.91227657,0.94737875,0.035102180000000094,0.8746808,0.9248268,0.05014599999999991,1.0,1.0,0.0,0.0,0.0,0.0,0.0,0.0,0.0,0.0,0.0,0.0,1,1,0
3067,0.97374994,0.967202,-0.00654794000000003,0.99999994,0.95314574,-0.04685420000000007,0.9125,1.0,0.08750000000000002,0.0,0.0,0.0,0.0,0.0,0.0,0.0,0.0,0.0,1,1,0
3068,1.0,1.0,0.0,1.0,1.0,0.0,1.0,1.0,0.0,0.0,0.0,0.0,0.0,0.0,0.0,0.0,0.0,0.0,1,1,0
3069,0.8612749,0.9113682,0.05009330000000001,0.8607498,0.87338316,0.012633360000000038,0.8625,1.0,0.13749999999999996,0.0,0.0,0.0,0.0,0.0,0.0,0.0,0.0,0.0,1,1,0
3070,1.0,1.0,0.0,0.99999994,0.99999994,0.0,1.0,1.0,0.0,0.0,0.0,0.0,0.0,0.0,0.0,0.0,0.0,0.0,1,1,0
3071,0.8932926,0.9021044,0.008811800000000036,0.9011322,0.91372055,0.012588349999999915,0.875,0.875,0.0,0.0,0.0,0.0,0.0,0.0,0.0,0.0,0.0,0.0,1,1,0
