scenario_index,new_collision,fixed_collision,v27_rf,v27_accuracy,v27_overlap,v27_offroad,v27_collision
0,False,False,0.9475194,1,0.0,0.0,0.0
1,False,False,0.8351375,1,0.0,0.0,0.0
2,False,False,0.8718225,1,0.0,0.0,0.0
3,False,False,0.9325,1,0.0,0.0,0.0
4,False,False,0.92176265,1,0.0,0.0,0.0
5,False,False,0.96672076,1,0.0,0.0,0.0
6,False,False,0.9364374,1,0.0,0.0,0.0
7,False,False,0.91637915,1,0.0,0.0,0.0
8,False,False,0.98812115,1,0.0,0.0,0.0
9,False,False,1.0,1,0.0,0.0,0.0
10,False,False,0.92281336,1,0.0,0.0,0.0
11,False,False,0.8944588,1,0.0,0.0,0.0
12,False,False,1.0,1,0.0,0.0,0.0
13,False,False,0.0,0,1.0,0.0,1.0
14,False,False,0.91321546,1,0.0,0.0,0.0
15,False,False,0.8602582,1,0.0,0.0,0.0
16,False,False,0.948465,1,0.0,0.0,0.0
17,False,False,0.92346925,1,0.0,0.0,0.0
18,False,False,0.81159896,1,0.0,0.0,0.0
19,False,False,0.96250004,1,0.0,0.0,0.0
20,False,False,0.86122,1,0.0,0.0,0.0
21,False,False,1.0,1,0.0,0.0,0.0
22,False,False,1.0,1,0.0,0.0,0.0
23,False,False,0.92997307,1,0.0,0.0,0.0
24,True,False,0.0,0,1.0,0.0,1.0
25,False,False,0.83071405,1,0.0,0.0,0.0
26,False,False,1.0,1,0.0,0.0,0.0
27,False,False,0.9134647,1,0.0,0.0,0.0
28,False,False,0.86841804,1,0.0,0.0,0.0
29,False,False,0.9585236,1,0.0,0.0,0.0
30,False,False,0.9385783,1,0.0,0.0,0.0
31,False,False,0.0,0,1.0,0.0,1.0
32,False,False,1.0,1,0.0,0.0,0.0
33,False,False,1.0,1,0.0,0.0,0.0
34,False,False,0.7985932,1,0.0,0.0,0.0
35,False,False,0.9469034,1,0.0,0.0,0.0
36,False,False,1.0,1,0.0,0.0,0.0
37,False,False,0.90777314,1,0.0,0.0,0.0
38,False,False,0.88269645,1,0.0,0.0,0.0
39,False,False,0.91239434,1,0.0,0.0,0.0
40,False,False,0.8936718,1,0.0,0.0,0.0
41,False,False,0.96250004,1,0.0,0.0,0.0
42,False,False,0.93513197,1,0.0,0.0,0.0
43,False,False,0.84357417,1,0.0,0.0,0.0
44,False,False,0.90305215,1,0.0,0.0,0.0
45,False,False,0.929882,1,0.0,0.0,0.0
46,False,False,0.9226467,1,0.0,0.0,0.0
47,False,False,0.9201727,1,0.0,0.0,0.0
48,False,False,1.0,1,0.0,0.0,0.0
49,False,False,1.0,1,0.0,0.0,0.0
50,False,False,0.9569629,1,0.0,0.0,0.0
51,False,False,0.982597,1,0.0,0.0,0.0
52,False,False,0.744286,1,0.0,0.0,0.0
53,False,False,0.87248707,1,0.0,0.0,0.0
54,False,False,1.0,1,0.0,0.0,0.0
55,False,False,0.9912993,1,0.0,0.0,0.0
56,False,False,1.0,1,0.0,0.0,0.0
57,False,False,0.9048548,1,0.0,0.0,0.0
58,False,False,0.89710635,1,0.0,0.0,0.0
59,False,False,1.0,1,0.0,0.0,0.0
60,False,False,1.0,1,0.0,0.0,0.0
61,False,False,0.9420145,1,0.0,0.0,0.0
62,False,False,0.87494975,1,0.0,0.0,0.0
63,False,False,0.9743501,1,0.0,0.0,0.0
64,False,False,0.8437161,1,0.0,0.0,0.0
65,False,False,0.9651505,1,0.0,0.0,0.0
66,False,False,0.8830496,1,0.0,0.0,0.0
67,False,False,0.9217731,1,0.0,0.0,0.0
68,False,False,0.96625006,1,0.0,0.0,0.0
69,False,False,0.831905,1,0.0,0.0,0.0
70,False,False,1.0,1,0.0,0.0,0.0
71,False,False,0.99113715,1,0.0,0.0,0.0
72,False,False,0.83766997,1,0.0,0.0,0.0
73,False,False,0.8943836,1,0.0,0.0,0.0
74,False,False,0.0,0,1.0,0.0,1.0
75,False,False,1.0,1,0.0,0.0,0.0
76,False,False,0.97749996,1,0.0,0.0,0.0
77,False,False,0.9325,1,0.0,0.0,0.0
78,False,False,0.94701654,1,0.0,0.0,0.0
79,False,False,0.9479085,1,0.0,0.0,0.0
80,False,False,1.0,1,0.0,0.0,0.0
81,False,False,0.86221784,1,0.0,0.0,0.0
82,False,False,0.9521392,1,0.0,0.0,0.0
83,False,False,0.9401644,1,0.0,0.0,0.0
84,False,False,0.92966634,1,0.0,0.0,0.0
85,False,False,0.8851306,1,0.0,0.0,0.0
86,False,False,0.9062201,1,0.0,0.0,0.0
87,False,False,0.803054,1,0.0,0.0,0.0
88,False,False,0.8894257,1,0.0,0.0,0.0
89,False,False,0.89428014,1,0.0,0.0,0.0
90,False,False,1.0,1,0.0,0.0,0.0
91,False,False,0.92026275,1,0.0,0.0,0.0
92,False,False,0.8991915,1,0.0,0.0,0.0
93,False,False,0.9104439,1,0.0,0.0,0.0
94,False,False,1.0,1,0.0,0.0,0.0
95,False,False,1.0,1,0.0,0.0,0.0
96,False,False,0.90347093,1,0.0,0.0,0.0
97,False,False,1.0,1,0.0,0.0,0.0
98,False,False,0.94033396,1,0.0,0.0,0.0
99,False,False,0.90126085,1,0.0,0.0,0.0
100,False,False,0.9408787,1,0.0,0.0,0.0
101,False,False,0.9319231,1,0.0,0.0,0.0
102,False,False,0.85178864,1,0.0,0.0,0.0
103,False,False,0.9211445,1,0.0,0.0,0.0
104,False,False,0.8915073,1,0.0,0.0,0.0
105,False,False,1.0,1,0.0,0.0,0.0
106,False,False,0.8820138,1,0.0,0.0,0.0
107,False,False,1.0,1,0.0,0.0,0.0
108,False,False,1.0,1,0.0,0.0,0.0
109,False,False,0.9492381,1,0.0,0.0,0.0
110,False,False,0.9534797,1,0.0,0.0,0.0
111,False,False,1.0,1,0.0,0.0,0.0
112,False,False,0.0,0,1.0,0.0,1.0
113,False,False,0.8023488,1,0.0,0.0,0.0
114,False,False,0.9285364,1,0.0,0.0,0.0
115,False,False,0.8625782,1,0.0,0.0,0.0
116,False,False,0.8847856,1,0.0,0.0,0.0
117,False,False,0.9388525,1,0.0,0.0,0.0
118,False,False,0.8982746,1,0.0,0.0,0.0
119,False,False,0.8812315,1,0.0,0.0,0.0
120,False,False,1.0,1,0.0,0.0,0.0
121,False,False,1.0,1,0.0,0.0,0.0
122,False,False,1.0,1,0.0,0.0,0.0
123,False,False,1.0,1,0.0,0.0,0.0
124,False,False,0.8434221,1,0.0,0.0,0.0
125,False,False,0.9450226,1,0.0,0.0,0.0
126,False,False,1.0,1,0.0,0.0,0.0
127,False,False,0.97600985,1,0.0,0.0,0.0
128,False,False,0.91375,1,0.0,0.0,0.0
129,False,False,0.9607617,1,0.0,0.0,0.0
130,False,False,0.94698554,1,0.0,0.0,0.0
131,False,False,0.6015102,1,0.0,0.0,0.0
132,False,False,0.99808484,1,0.0,0.0,0.0
133,False,False,0.0,0,1.0,0.0,1.0
134,False,False,1.0,1,0.0,0.0,0.0
135,False,False,0.85809577,1,0.0,0.0,0.0
136,False,False,0.93001616,1,0.0,0.0,0.0
137,False,False,0.97749996,1,0.0,0.0,0.0
138,False,False,1.0,1,0.0,0.0,0.0
139,False,False,0.8915748,1,0.0,0.0,0.0
140,False,False,0.0,0,1.0,0.0,1.0
141,False,False,0.96250004,1,0.0,0.0,0.0
142,False,False,0.89124995,1,0.0,0.0,0.0
143,False,False,1.0,1,0.0,0.0,0.0
144,False,False,0.9300108,1,0.0,0.0,0.0
145,False,False,0.8584232,1,0.0,0.0,0.0
146,False,False,0.8151507,1,0.0,0.0,0.0
147,False,False,0.9403123,1,0.0,0.0,0.0
148,False,False,1.0,1,0.0,0.0,0.0
149,False,False,0.88860554,1,0.0,0.0,0.0
150,False,False,0.8349102,1,0.0,0.0,0.0
151,False,False,0.9297352,1,0.0,0.0,0.0
152,False,False,0.86499995,1,0.0,0.0,0.0
153,False,False,0.809853,1,0.0,0.0,0.0
154,False,False,1.0,1,0.0,0.0,0.0
155,False,False,0.93757915,1,0.0,0.0,0.0
156,False,False,0.979733,1,0.0,0.0,0.0
157,False,False,0.88753074,1,0.0,0.0,0.0
158,False,False,0.83492595,1,0.0,0.0,0.0
159,False,False,0.8573702,1,0.0,0.0,0.0
160,False,False,0.7573564,1,0.0,0.0,0.0
161,False,False,0.9386496,1,0.0,0.0,0.0
162,False,False,0.77390414,1,0.0,0.0,0.0
163,False,False,1.0,1,0.0,0.0,0.0
164,False,False,0.74442214,1,0.0,0.0,0.0
165,False,False,1.0,1,0.0,0.0,0.0
166,False,False,0.95582926,1,0.0,0.0,0.0
167,False,False,0.9643974,1,0.0,0.0,0.0
168,False,False,0.90622824,1,0.0,0.0,0.0
169,False,False,0.86125195,1,0.0,0.0,0.0
170,False,False,0.92159766,1,0.0,0.0,0.0
171,False,False,0.97749996,1,0.0,0.0,0.0
172,False,False,0.87376386,1,0.0,0.0,0.0
173,False,False,0.9480843,1,0.0,0.0,0.0
174,False,False,1.0,1,0.0,0.0,0.0
175,False,False,1.0,1,0.0,0.0,0.0
176,False,False,1.0,1,0.0,0.0,0.0
177,False,False,0.83591026,1,0.0,0.0,0.0
178,False,False,0.9090349,1,0.0,0.0,0.0
179,False,False,0.73692644,1,0.0,0.0,0.0
180,False,False,0.9467543,1,0.0,0.0,0.0
181,False,False,1.0,1,0.0,0.0,0.0
182,False,False,1.0,1,0.0,0.0,0.0
183,False,False,0.7806671,1,0.0,0.0,0.0
184,False,False,0.93732256,1,0.0,0.0,0.0
185,False,False,1.0,1,0.0,0.0,0.0
186,False,False,0.9380323,1,0.0,0.0,0.0
187,False,False,0.9152174,1,0.0,0.0,0.0
188,False,False,1.0,1,0.0,0.0,0.0
189,False,False,1.0,1,0.0,0.0,0.0
190,False,False,1.0,1,0.0,0.0,0.0
191,False,False,0.8908049,1,0.0,0.0,0.0
192,False,False,1.0,1,0.0,0.0,0.0
193,False,False,1.0,1,0.0,0.0,0.0
194,False,False,0.93822587,1,0.0,0.0,0.0
195,False,False,0.96625006,1,0.0,0.0,0.0
196,False,False,1.0,1,0.0,0.0,0.0
197,False,False,0.9890219,1,0.0,0.0,0.0
198,False,False,0.9251005,1,0.0,0.0,0.0
199,False,False,1.0,1,0.0,0.0,0.0
200,False,False,1.0,1,0.0,0.0,0.0
201,False,False,0.9594561,1,0.0,0.0,0.0
202,False,False,0.9113946,1,0.0,0.0,0.0
203,False,False,0.92115784,1,0.0,0.0,0.0
204,False,False,1.0,1,0.0,0.0,0.0
205,False,False,0.89506453,1,0.0,0.0,0.0
206,False,False,0.7884857,1,0.0,0.0,0.0
207,False,False,1.0,1,0.0,0.0,0.0
208,False,False,0.9165527,1,0.0,0.0,0.0
209,False,False,0.97202986,1,0.0,0.0,0.0
210,False,False,0.96625006,1,0.0,0.0,0.0
211,False,False,0.80159754,1,0.0,0.0,0.0
212,False,False,1.0,1,0.0,0.0,0.0
213,False,False,0.96519357,1,0.0,0.0,0.0
214,False,False,0.8863309,1,0.0,0.0,0.0
215,False,False,0.9153,1,0.0,0.0,0.0
216,False,False,1.0,1,0.0,0.0,0.0
217,False,False,1.0,1,0.0,0.0,0.0
218,False,False,0.9173752,1,0.0,0.0,0.0
219,False,False,1.0,1,0.0,0.0,0.0
220,False,False,0.9049988,1,0.0,0.0,0.0
221,False,False,0.9654428,1,0.0,0.0,0.0
222,False,False,1.0,1,0.0,0.0,0.0
223,False,False,0.9324867,1,0.0,0.0,0.0
224,False,False,1.0,1,0.0,0.0,0.0
225,False,False,1.0,1,0.0,0.0,0.0
226,False,False,1.0,1,0.0,0.0,0.0
227,False,False,1.0,1,0.0,0.0,0.0
228,False,False,0.9097452,1,0.0,0.0,0.0
229,False,False,0.9451775,1,0.0,0.0,0.0
230,False,False,1.0,1,0.0,0.0,0.0
231,False,False,0.95874995,1,0.0,0.0,0.0
232,False,False,0.8840197,1,0.0,0.0,0.0
233,False,False,1.0,1,0.0,0.0,0.0
234,False,False,0.9414051,1,0.0,0.0,0.0
235,False,False,0.9102567,1,0.0,0.0,0.0
236,False,False,0.8731481,1,0.0,0.0,0.0
237,False,False,0.96426135,1,0.0,0.0,0.0
238,False,False,1.0,1,0.0,0.0,0.0
239,False,False,0.8206709,1,0.0,0.0,0.0
240,False,False,0.91862786,1,0.0,0.0,0.0
241,False,False,0.84011364,1,0.0,0.0,0.0
242,False,False,0.83508635,1,0.0,0.0,0.0
243,False,False,0.9156298,1,0.0,0.0,0.0
244,False,False,0.94683284,1,0.0,0.0,0.0
245,False,False,1.0,1,0.0,0.0,0.0
246,False,False,1.0,1,0.0,0.0,0.0
247,False,False,0.8542175,1,0.0,0.0,0.0
248,False,False,0.81466836,1,0.0,0.0,0.0
249,False,False,0.93994826,1,0.0,0.0,0.0
250,False,False,0.96625006,1,0.0,0.0,0.0
251,False,False,1.0,1,0.0,0.0,0.0
252,False,False,0.8767902,1,0.0,0.0,0.0
253,False,False,0.9715473,1,0.0,0.0,0.0
254,False,False,0.85510695,1,0.0,0.0,0.0
255,False,False,0.8299877,1,0.0,0.0,0.0
256,False,False,0.8761801,1,0.0,0.0,0.0
257,False,False,1.0,1,0.0,0.0,0.0
258,False,False,0.88623554,1,0.0,0.0,0.0
259,False,False,1.0,1,0.0,0.0,0.0
260,False,False,1.0,1,0.0,0.0,0.0
261,False,False,1.0,1,0.0,0.0,0.0
262,False,False,0.91261333,1,0.0,0.0,0.0
263,False,False,0.9564356,1,0.0,0.0,0.0
264,False,False,1.0,1,0.0,0.0,0.0
265,False,False,0.9393918,1,0.0,0.0,0.0
266,False,False,0.903187,1,0.0,0.0,0.0
267,False,False,0.9537062,1,0.0,0.0,0.0
268,False,False,1.0,1,0.0,0.0,0.0
269,False,False,0.8168999,1,0.0,0.0,0.0
270,False,False,1.0,1,0.0,0.0,0.0
271,False,False,0.87112886,1,0.0,0.0,0.0
272,False,False,1.0,1,0.0,0.0,0.0
273,False,False,1.0,1,0.0,0.0,0.0
274,False,False,0.91057056,1,0.0,0.0,0.0
275,False,False,0.97749996,1,0.0,0.0,0.0
276,False,False,1.0,1,0.0,0.0,0.0
277,False,False,0.89498454,1,0.0,0.0,0.0
278,False,True,0.0,0,1.0,0.0,1.0
279,False,False,0.70052236,1,0.0,0.0,0.0
280,False,False,0.88293976,1,0.0,0.0,0.0
281,False,False,0.9038494,1,0.0,0.0,0.0
282,False,False,0.9095332,1,0.0,0.0,0.0
283,False,False,0.9651682,1,0.0,0.0,0.0
284,False,False,0.90010303,1,0.0,0.0,0.0
285,False,False,1.0,1,0.0,0.0,0.0
286,False,False,0.97287506,1,0.0,0.0,0.0
287,False,False,1.0,1,0.0,0.0,0.0
288,False,False,0.8127894,1,0.0,0.0,0.0
289,False,False,0.9941889,1,0.0,0.0,0.0
290,False,False,0.94625723,1,0.0,0.0,0.0
291,False,False,0.92171115,1,0.0,0.0,0.0
292,False,False,0.82805175,1,0.0,0.0,0.0
293,False,False,1.0,1,0.0,0.0,0.0
294,False,False,0.93041,1,0.0,0.0,0.0
295,False,False,0.70056504,1,0.0,0.0,0.0
296,False,False,0.97749996,1,0.0,0.0,0.0
297,False,False,0.96250004,1,0.0,0.0,0.0
298,False,False,0.91376704,1,0.0,0.0,0.0
299,False,False,0.8659212,1,0.0,0.0,0.0
300,False,False,1.0,1,0.0,0.0,0.0
301,False,False,0.8599146,1,0.0,0.0,0.0
302,False,False,1.0,1,0.0,0.0,0.0
303,False,False,1.0,1,0.0,0.0,0.0
304,False,False,0.0,0,1.0,0.0,1.0
305,False,False,0.92249006,1,0.0,0.0,0.0
306,False,False,0.82651377,1,0.0,0.0,0.0
307,False,False,0.97749996,1,0.0,0.0,0.0
308,False,False,0.9473756,1,0.0,0.0,0.0
309,False,False,1.0,1,0.0,0.0,0.0
310,False,False,0.94177055,1,0.0,0.0,0.0
311,False,False,0.8976456,1,0.0,0.0,0.0
312,False,False,1.0,1,0.0,0.0,0.0
313,False,False,0.0,0,1.0,0.0,1.0
314,False,False,0.97749996,1,0.0,0.0,0.0
315,False,False,0.8661289,1,0.0,0.0,0.0
316,False,False,0.92090094,1,0.0,0.0,0.0
317,False,False,1.0,1,0.0,0.0,0.0
318,False,False,1.0,1,0.0,0.0,0.0
319,False,False,0.0,0,1.0,0.0,1.0
320,False,False,0.88803244,1,0.0,0.0,0.0
321,False,False,1.0,1,0.0,0.0,0.0
322,False,False,0.95500004,1,0.0,0.0,0.0
323,False,False,0.93824923,1,0.0,0.0,0.0
324,False,False,0.97816944,1,0.0,0.0,0.0
325,False,False,1.0,1,0.0,0.0,0.0
326,False,False,1.0,1,0.0,0.0,0.0
327,False,False,0.9634184,1,0.0,0.0,0.0
328,False,False,0.91213673,1,0.0,0.0,0.0
329,False,False,0.9000042,1,0.0,0.0,0.0
330,False,False,1.0,1,0.0,0.0,0.0
331,False,False,1.0,1,0.0,0.0,0.0
332,False,False,0.8905205,1,0.0,0.0,0.0
333,False,False,0.9122467,1,0.0,0.0,0.0
334,False,False,0.86083186,1,0.0,0.0,0.0
335,False,False,0.96625006,1,0.0,0.0,0.0
336,False,False,0.7854462,1,0.0,0.0,0.0
337,False,False,0.9339892,1,0.0,0.0,0.0
338,False,False,1.0,1,0.0,0.0,0.0
339,False,False,1.0,1,0.0,0.0,0.0
340,False,False,1.0,1,0.0,0.0,0.0
341,False,False,0.94818276,1,0.0,0.0,0.0
342,False,False,1.0,1,0.0,0.0,0.0
343,False,False,1.0,1,0.0,0.0,0.0
344,False,False,0.7782554,1,0.0,0.0,0.0
345,False,False,0.8771834,1,0.0,0.0,0.0
346,False,False,0.7740044,1,0.0,0.0,0.0
347,False,False,0.89694655,1,0.0,0.0,0.0
348,False,False,0.8706438,1,0.0,0.0,0.0
349,False,False,1.0,1,0.0,0.0,0.0
350,False,False,0.91220516,1,0.0,0.0,0.0
351,False,False,0.92123127,1,0.0,0.0,0.0
352,False,False,1.0,1,0.0,0.0,0.0
353,False,False,0.91974586,1,0.0,0.0,0.0
354,False,False,0.8791526,1,0.0,0.0,0.0
355,False,False,0.8510416,1,0.0,0.0,0.0
356,False,False,0.8614339,1,0.0,0.0,0.0
357,False,False,0.96625006,1,0.0,0.0,0.0
358,False,False,0.86988014,1,0.0,0.0,0.0
359,False,False,1.0,1,0.0,0.0,0.0
360,False,False,1.0,1,0.0,0.0,0.0
361,False,False,0.86989117,1,0.0,0.0,0.0
362,False,False,0.96250004,1,0.0,0.0,0.0
363,False,False,0.8409025,1,0.0,0.0,0.0
364,False,False,0.9302992,1,0.0,0.0,0.0
365,False,False,0.97749996,1,0.0,0.0,0.0
366,False,False,0.9115263,1,0.0,0.0,0.0
367,False,False,0.0,0,1.0,0.0,0.0
368,False,False,0.9375872,1,0.0,0.0,0.0
369,False,False,0.8343445,1,0.0,0.0,0.0
370,False,False,0.9320836,1,0.0,0.0,0.0
371,False,False,1.0,1,0.0,0.0,0.0
372,False,False,0.920056,1,0.0,0.0,0.0
373,False,False,1.0,1,0.0,0.0,0.0
374,False,False,0.89453024,1,0.0,0.0,0.0
375,False,False,0.0,0,1.0,0.0,1.0
376,False,False,0.9143243,1,0.0,0.0,0.0
377,False,False,1.0,1,0.0,0.0,0.0
378,False,False,0.96625006,1,0.0,0.0,0.0
379,False,False,0.9113952,1,0.0,0.0,0.0
380,False,False,0.95500004,1,0.0,0.0,0.0
381,False,False,1.0,1,0.0,0.0,0.0
382,False,False,0.83142895,1,0.0,0.0,0.0
383,False,False,0.9557592,1,0.0,0.0,0.0
384,False,False,1.0,1,0.0,0.0,0.0
385,False,False,0.80861205,1,0.0,0.0,0.0
386,False,False,0.91634864,1,0.0,0.0,0.0
387,False,False,0.99429476,1,0.0,0.0,0.0
388,False,False,0.95500004,1,0.0,0.0,0.0
389,False,False,0.99121493,1,0.0,0.0,0.0
390,False,False,0.9305431,1,0.0,0.0,0.0
391,False,False,0.8564045,1,0.0,0.0,0.0
392,False,False,0.85142964,1,0.0,0.0,0.0
393,False,False,0.8682041,1,0.0,0.0,0.0
394,False,False,0.7963268,1,0.0,0.0,0.0
395,False,False,1.0,1,0.0,0.0,0.0
396,False,False,0.976356,1,0.0,0.0,0.0
397,False,False,1.0,1,0.0,0.0,0.0
398,False,False,0.97375005,1,0.0,0.0,0.0
399,False,False,0.8655925,1,0.0,0.0,0.0
400,False,False,0.97375005,1,0.0,0.0,0.0
401,False,False,1.0,1,0.0,0.0,0.0
402,False,False,1.0,1,0.0,0.0,0.0
403,False,False,0.92817765,1,0.0,0.0,0.0
404,False,False,0.8199038,1,0.0,0.0,0.0
405,False,False,0.9605713,1,0.0,0.0,0.0
406,False,False,0.94040966,1,0.0,0.0,0.0
407,False,False,1.0,1,0.0,0.0,0.0
408,False,False,1.0,1,0.0,0.0,0.0
409,False,False,0.5993436,1,0.0,0.0,0.0
410,False,False,1.0,1,0.0,0.0,0.0
411,False,False,0.9481616,1,0.0,0.0,0.0
412,False,False,1.0,1,0.0,0.0,0.0
413,False,False,0.8800686,1,0.0,0.0,0.0
414,False,False,1.0,1,0.0,0.0,0.0
415,False,False,0.8979168,1,0.0,0.0,0.0
416,False,False,0.8719513,1,0.0,0.0,0.0
417,False,False,0.92737734,1,0.0,0.0,0.0
418,False,False,0.8688618,1,0.0,0.0,0.0
419,False,False,0.9063282,1,0.0,0.0,0.0
420,False,False,0.9322966,1,0.0,0.0,0.0
421,False,False,0.8763222,1,0.0,0.0,0.0
422,False,False,1.0,1,0.0,0.0,0.0
423,False,False,0.9468943,1,0.0,0.0,0.0
424,False,False,0.82739794,1,0.0,0.0,0.0
425,False,False,0.94001085,1,0.0,0.0,0.0
426,False,False,0.8942944,1,0.0,0.0,0.0
427,False,False,0.92086524,1,0.0,0.0,0.0
428,False,False,0.9141184,1,0.0,0.0,0.0
429,False,False,1.0,1,0.0,0.0,0.0
430,False,False,0.9049187,1,0.0,0.0,0.0
431,False,False,1.0,1,0.0,0.0,0.0
432,False,False,0.92866766,1,0.0,0.0,0.0
433,False,False,0.96361655,1,0.0,0.0,0.0
434,False,False,1.0,1,0.0,0.0,0.0
435,False,False,0.93005437,1,0.0,0.0,0.0
436,False,False,0.9213173,1,0.0,0.0,0.0
437,False,False,0.92855453,1,0.0,0.0,0.0
438,False,False,1.0,1,0.0,0.0,0.0
439,False,False,0.89092094,1,0.0,0.0,0.0
440,False,False,0.8583545,1,0.0,0.0,0.0
441,False,False,0.8901144,1,0.0,0.0,0.0
442,False,False,0.844044,1,0.0,0.0,0.0
443,False,False,0.8485597,1,0.0,0.0,0.0
444,False,False,1.0,1,0.0,0.0,0.0
445,False,False,0.95415497,1,0.0,0.0,0.0
446,False,False,0.90999794,1,0.0,0.0,0.0
447,False,False,0.66496885,1,0.0,0.0,0.0
448,False,False,0.87248653,1,0.0,0.0,0.0
449,False,False,0.9063986,1,0.0,0.0,0.0
450,False,False,0.63873386,1,0.0,0.0,0.0
451,False,False,0.0,0,1.0,0.0,1.0
452,False,False,0.895689,1,0.0,0.0,0.0
453,False,False,0.9119139,1,0.0,0.0,0.0
454,False,False,0.9502676,1,0.0,0.0,0.0
455,False,False,1.0,1,0.0,0.0,0.0
456,False,False,0.9982397,1,0.0,0.0,0.0
457,False,False,0.94623566,1,0.0,0.0,0.0
458,False,False,0.96625006,1,0.0,0.0,0.0
459,False,False,0.81538916,1,0.0,0.0,0.0
460,False,False,0.99882835,1,0.0,0.0,0.0
461,False,False,1.0,1,0.0,0.0,0.0
462,False,False,0.92963296,1,0.0,0.0,0.0
463,False,False,0.8337849,1,0.0,0.0,0.0
464,False,False,0.8726886,1,0.0,0.0,0.0
465,False,False,0.87878287,1,0.0,0.0,0.0
466,False,False,0.9221615,1,0.0,0.0,0.0
467,False,False,1.0,1,0.0,0.0,0.0
468,False,False,1.0,1,0.0,0.0,0.0
469,False,False,0.95614165,1,0.0,0.0,0.0
470,False,False,0.79701775,1,0.0,0.0,0.0
471,False,False,0.86954874,1,0.0,0.0,0.0
472,False,False,0.9280413,1,0.0,0.0,0.0
473,False,False,1.0,1,0.0,0.0,0.0
474,False,False,0.8953854,1,0.0,0.0,0.0
475,False,False,0.9024788,1,0.0,0.0,0.0
476,False,False,0.32628307,1,0.0,0.0,0.0
477,False,False,1.0,1,0.0,0.0,0.0
478,False,False,1.0,1,0.0,0.0,0.0
479,False,False,0.95125,1,0.0,0.0,0.0
480,False,False,1.0,1,0.0,0.0,0.0
481,False,False,0.91,1,0.0,0.0,0.0
482,False,False,1.0,1,0.0,0.0,0.0
483,False,False,1.0,1,0.0,0.0,0.0
484,False,False,1.0,1,0.0,0.0,0.0
485,False,False,0.97749996,1,0.0,0.0,0.0
486,False,False,0.9220638,1,0.0,0.0,0.0
487,False,False,0.88378507,1,0.0,0.0,0.0
488,False,False,0.8900404,1,0.0,0.0,0.0
489,False,False,0.9089562,1,0.0,0.0,0.0
490,False,False,0.93665344,1,0.0,0.0,0.0
491,False,False,0.9242687,1,0.0,0.0,0.0
492,False,False,0.9491475,1,0.0,0.0,0.0
493,False,False,0.99979115,1,0.0,0.0,0.0
494,False,False,0.9212555,1,0.0,0.0,0.0
495,False,False,1.0,1,0.0,0.0,0.0
496,False,False,0.92109483,1,0.0,0.0,0.0
497,False,False,0.88000005,1,0.0,0.0,0.0
498,False,False,1.0,1,0.0,0.0,0.0
499,False,False,0.86489564,1,0.0,0.0,0.0
500,False,False,0.9299359,1,0.0,0.0,0.0
501,False,False,0.90083474,1,0.0,0.0,0.0
502,False,False,1.0,1,0.0,0.0,0.0
503,False,False,0.89259046,1,0.0,0.0,0.0
504,False,False,0.94717616,1,0.0,0.0,0.0
505,False,False,0.586065,1,0.0,0.0,0.0
506,False,False,0.93848103,1,0.0,0.0,0.0
507,False,False,0.8712903,1,0.0,0.0,0.0
508,False,False,0.9033127,1,0.0,0.0,0.0
509,False,False,1.0,1,0.0,0.0,0.0
510,False,False,0.0,0,0.0,1.0,0.0
511,False,False,0.96185845,1,0.0,0.0,0.0
512,False,False,0.9165541,1,0.0,0.0,0.0
513,False,False,0.8715569,1,0.0,0.0,0.0
514,False,False,1.0,1,0.0,0.0,0.0
515,False,False,0.8948849,1,0.0,0.0,0.0
516,False,False,1.0,1,0.0,0.0,0.0
517,False,False,0.87273043,1,0.0,0.0,0.0
518,False,False,0.9058528,1,0.0,0.0,0.0
519,False,False,1.0,1,0.0,0.0,0.0
520,False,False,0.0,0,0.0,1.0,0.0
521,False,False,0.9393695,1,0.0,0.0,0.0
522,False,False,0.7373819,1,0.0,0.0,0.0
523,False,False,1.0,1,0.0,0.0,0.0
524,False,False,0.983513,1,0.0,0.0,0.0
525,False,False,0.9301812,1,0.0,0.0,0.0
526,False,False,0.0,0,1.0,0.0,0.0
527,False,False,1.0,1,0.0,0.0,0.0
528,False,False,1.0,1,0.0,0.0,0.0
529,False,False,0.95874995,1,0.0,0.0,0.0
530,False,False,0.9209623,1,0.0,0.0,0.0
531,False,False,0.9030188,1,0.0,0.0,0.0
532,False,False,0.9211523,1,0.0,0.0,0.0
533,False,False,1.0,1,0.0,0.0,0.0
534,False,False,1.0,1,0.0,0.0,0.0
535,False,False,0.8430149,1,0.0,0.0,0.0
536,False,False,0.88299954,1,0.0,0.0,0.0
537,False,False,0.8050917,1,0.0,0.0,0.0
538,False,False,0.90625185,1,0.0,0.0,0.0
539,False,False,0.8770817,1,0.0,0.0,0.0
540,False,False,0.90954363,1,0.0,0.0,0.0
541,False,False,0.84281677,1,0.0,0.0,0.0
542,False,False,0.98584026,1,0.0,0.0,0.0
543,False,False,0.0,0,1.0,0.0,0.0
544,False,False,1.0,1,0.0,0.0,0.0
545,False,False,0.96387416,1,0.0,0.0,0.0
546,False,False,0.97719663,1,0.0,0.0,0.0
547,False,False,1.0,1,0.0,0.0,0.0
548,False,False,0.9034613,1,0.0,0.0,0.0
549,False,False,0.921847,1,0.0,0.0,0.0
550,False,False,1.0,1,0.0,0.0,0.0
551,False,False,0.97749996,1,0.0,0.0,0.0
552,False,False,0.97749996,1,0.0,0.0,0.0
553,False,False,0.9031252,1,0.0,0.0,0.0
554,False,False,0.0,0,1.0,0.0,1.0
555,False,False,0.9198441,1,0.0,0.0,0.0
556,False,False,0.8866448,1,0.0,0.0,0.0
557,False,False,1.0,1,0.0,0.0,0.0
558,False,False,0.7996398,1,0.0,0.0,0.0
559,False,False,1.0,1,0.0,0.0,0.0
560,False,False,0.8887764,1,0.0,0.0,0.0
561,False,False,0.84007275,1,0.0,0.0,0.0
562,False,False,1.0,1,0.0,0.0,0.0
563,False,False,0.0,0,1.0,0.0,0.0
564,False,False,1.0,1,0.0,0.0,0.0
565,False,False,0.8801985,1,0.0,0.0,0.0
566,False,False,0.8247494,1,0.0,0.0,0.0
567,False,False,0.8992769,1,0.0,0.0,0.0
568,False,False,0.9138994,1,0.0,0.0,0.0
569,False,False,0.98875,1,0.0,0.0,0.0
570,False,False,0.8994358,1,0.0,0.0,0.0
571,False,False,0.95874995,1,0.0,0.0,0.0
572,False,False,0.88692915,1,0.0,0.0,0.0
573,False,False,0.8315858,1,0.0,0.0,0.0
574,False,False,0.9829508,1,0.0,0.0,0.0
575,False,False,0.86884403,1,0.0,0.0,0.0
576,False,False,0.9029274,1,0.0,0.0,0.0
577,False,False,1.0,1,0.0,0.0,0.0
578,False,False,0.8272193,1,0.0,0.0,0.0
579,False,False,1.0,1,0.0,0.0,0.0
580,False,False,1.0,1,0.0,0.0,0.0
581,False,False,1.0,1,0.0,0.0,0.0
582,False,False,0.864649,1,0.0,0.0,0.0
583,False,False,0.92049503,1,0.0,0.0,0.0
584,False,False,0.9999343,1,0.0,0.0,0.0
585,False,False,0.0,0,1.0,0.0,1.0
586,False,False,0.8668157,1,0.0,0.0,0.0
587,False,False,0.89131624,1,0.0,0.0,0.0
588,False,False,1.0,1,0.0,0.0,0.0
589,False,False,1.0,1,0.0,0.0,0.0
590,False,False,0.88043463,1,0.0,0.0,0.0
591,False,False,0.85831434,1,0.0,0.0,0.0
592,False,False,0.9473732,1,0.0,0.0,0.0
593,False,False,0.90177363,1,0.0,0.0,0.0
594,False,False,0.96250004,1,0.0,0.0,0.0
595,False,False,1.0,1,0.0,0.0,0.0
596,False,False,0.9012154,1,0.0,0.0,0.0
597,False,False,0.9743519,1,0.0,0.0,0.0
598,False,False,0.87774163,1,0.0,0.0,0.0
599,False,False,1.0,1,0.0,0.0,0.0
600,False,False,0.81198615,1,0.0,0.0,0.0
601,False,False,0.9648902,1,0.0,0.0,0.0
602,False,False,0.93846244,1,0.0,0.0,0.0
603,False,False,0.8977194,1,0.0,0.0,0.0
604,False,False,0.9406714,1,0.0,0.0,0.0
605,False,False,1.0,1,0.0,0.0,0.0
606,False,False,0.948023,1,0.0,0.0,0.0
607,False,False,0.93130666,1,0.0,0.0,0.0
608,False,False,0.7369936,1,0.0,0.0,0.0
609,False,False,0.90300906,1,0.0,0.0,0.0
610,False,False,1.0,1,0.0,0.0,0.0
611,False,False,1.0,1,0.0,0.0,0.0
612,False,False,0.96999997,1,0.0,0.0,0.0
613,False,False,0.9214808,1,0.0,0.0,0.0
614,False,False,0.0,0,1.0,0.0,1.0
615,False,False,1.0,1,0.0,0.0,0.0
616,False,False,0.9710991,1,0.0,0.0,0.0
617,False,False,0.7620818,1,0.0,0.0,0.0
618,False,False,1.0,1,0.0,0.0,0.0
619,False,False,0.99369395,1,0.0,0.0,0.0
620,False,False,1.0,1,0.0,0.0,0.0
621,False,False,0.8756569,1,0.0,0.0,0.0
622,False,False,0.9125603,1,0.0,0.0,0.0
623,False,False,1.0,1,0.0,0.0,0.0
624,False,False,0.96250004,1,0.0,0.0,0.0
625,False,False,0.8589882,1,0.0,0.0,0.0
626,False,False,0.9302065,1,0.0,0.0,0.0
627,False,False,0.9637098,1,0.0,0.0,0.0
628,False,False,0.82023233,1,0.0,0.0,0.0
629,False,False,0.98875,1,0.0,0.0,0.0
630,False,False,0.9299669,1,0.0,0.0,0.0
631,False,False,1.0,1,0.0,0.0,0.0
632,False,False,0.89188117,1,0.0,0.0,0.0
633,False,False,0.95072883,1,0.0,0.0,0.0
634,False,False,0.93087214,1,0.0,0.0,0.0
635,False,False,1.0,1,0.0,0.0,0.0
636,False,False,0.895,1,0.0,0.0,0.0
637,False,False,1.0,1,0.0,0.0,0.0
638,False,False,0.96625006,1,0.0,0.0,0.0
639,False,False,0.9125735,1,0.0,0.0,0.0
640,False,False,0.93685323,1,0.0,0.0,0.0
641,False,False,0.9496235,1,0.0,0.0,0.0
642,False,False,0.852366,1,0.0,0.0,0.0
643,False,True,0.0,0,1.0,0.0,1.0
644,False,False,0.0,0,1.0,0.0,1.0
645,False,False,1.0,1,0.0,0.0,0.0
646,False,False,0.87213725,1,0.0,0.0,0.0
647,False,False,0.88739794,1,0.0,0.0,0.0
648,False,False,0.93440723,1,0.0,0.0,0.0
649,False,False,1.0,1,0.0,0.0,0.0
650,False,False,0.90114194,1,0.0,0.0,0.0
651,False,False,1.0,1,0.0,0.0,0.0
652,False,False,0.8974085,1,0.0,0.0,0.0
653,False,False,0.9115963,1,0.0,0.0,0.0
654,True,False,0.0,0,1.0,0.0,1.0
655,False,False,0.81985325,1,0.0,0.0,0.0
656,False,False,1.0,1,0.0,0.0,0.0
657,False,False,0.90625,1,0.0,0.0,0.0
658,False,False,1.0,1,0.0,0.0,0.0
659,False,False,0.9700923,1,0.0,0.0,0.0
660,False,False,0.8931144,1,0.0,0.0,0.0
661,False,False,0.9138624,1,0.0,0.0,0.0
662,False,False,0.93535197,1,0.0,0.0,0.0
663,False,False,0.9053146,1,0.0,0.0,0.0
664,False,False,0.79373217,1,0.0,0.0,0.0
665,False,False,1.0,1,0.0,0.0,0.0
666,False,False,0.0,0,0.0,1.0,0.0
667,False,False,0.9076643,1,0.0,0.0,0.0
668,False,False,0.92260927,1,0.0,0.0,0.0
669,False,False,1.0,1,0.0,0.0,0.0
670,False,False,0.93876743,1,0.0,0.0,0.0
671,False,False,1.0,1,0.0,0.0,0.0
672,False,False,1.0,1,0.0,0.0,0.0
673,False,False,0.93063337,1,0.0,0.0,0.0
674,False,False,0.9606789,1,0.0,0.0,0.0
675,False,False,1.0,1,0.0,0.0,0.0
676,False,False,1.0,1,0.0,0.0,0.0
677,False,False,1.0,1,0.0,0.0,0.0
678,False,False,0.95500004,1,0.0,0.0,0.0
679,False,False,0.9925,1,0.0,0.0,0.0
680,False,False,1.0,1,0.0,0.0,0.0
681,False,False,1.0,1,0.0,0.0,0.0
682,False,False,0.9124431,1,0.0,0.0,0.0
683,False,False,0.7817514,1,0.0,0.0,0.0
684,False,False,1.0,1,0.0,0.0,0.0
685,False,False,0.94755334,1,0.0,0.0,0.0
686,False,False,0.9127793,1,0.0,0.0,0.0
687,False,False,0.9075012,1,0.0,0.0,0.0
688,False,False,1.0,1,0.0,0.0,0.0
689,False,False,1.0,1,0.0,0.0,0.0
690,False,False,0.7626011,1,0.0,0.0,0.0
691,False,False,0.9325,1,0.0,0.0,0.0
692,False,False,0.6357249,1,0.0,0.0,0.0
693,False,False,0.84869593,1,0.0,0.0,0.0
694,False,False,0.99829334,1,0.0,0.0,0.0
695,False,False,0.9601965,1,0.0,0.0,0.0
696,False,False,0.96625006,1,0.0,0.0,0.0
697,False,False,0.8269207,1,0.0,0.0,0.0
698,False,False,0.7999297,1,0.0,0.0,0.0
699,False,False,1.0,1,0.0,0.0,0.0
700,False,False,0.9235937,1,0.0,0.0,0.0
701,False,False,1.0,1,0.0,0.0,0.0
702,False,False,0.9713257,1,0.0,0.0,0.0
703,False,False,0.8972997,1,0.0,0.0,0.0
704,False,False,0.97749996,1,0.0,0.0,0.0
705,False,False,0.5154961,1,0.0,0.0,0.0
706,False,False,0.8987681,1,0.0,0.0,0.0
707,False,False,0.7505854,1,0.0,0.0,0.0
708,False,False,1.0,1,0.0,0.0,0.0
709,False,False,1.0,1,0.0,0.0,0.0
710,False,False,0.90625,1,0.0,0.0,0.0
711,False,False,0.97749996,1,0.0,0.0,0.0
712,False,False,1.0,1,0.0,0.0,0.0
713,False,False,1.0,1,0.0,0.0,0.0
714,False,False,0.8899712,1,0.0,0.0,0.0
715,False,False,0.9210896,1,0.0,0.0,0.0
716,False,False,0.9722624,1,0.0,0.0,0.0
717,False,False,0.833823,1,0.0,0.0,0.0
718,False,False,0.8475658,1,0.0,0.0,0.0
719,False,False,0.8525883,1,0.0,0.0,0.0
720,False,False,0.912504,1,0.0,0.0,0.0
721,False,False,1.0,1,0.0,0.0,0.0
722,False,False,0.9417855,1,0.0,0.0,0.0
723,False,False,0.96999997,1,0.0,0.0,0.0
724,False,False,0.84866494,1,0.0,0.0,0.0
725,False,False,1.0,1,0.0,0.0,0.0
726,False,False,0.8993295,1,0.0,0.0,0.0
727,False,False,0.0,0,0.0,1.0,0.0
728,False,False,0.96250004,1,0.0,0.0,0.0
729,False,False,1.0,1,0.0,0.0,0.0
730,False,False,1.0,1,0.0,0.0,0.0
731,False,False,1.0,1,0.0,0.0,0.0
732,False,False,1.0,1,0.0,0.0,0.0
733,False,False,0.95125,1,0.0,0.0,0.0
734,False,False,0.8459509,1,0.0,0.0,0.0
735,False,False,0.9049347,1,0.0,0.0,0.0
736,False,False,0.8820039,1,0.0,0.0,0.0
737,False,False,1.0,1,0.0,0.0,0.0
738,False,False,0.86102265,1,0.0,0.0,0.0
739,False,False,1.0,1,0.0,0.0,0.0
740,False,False,0.90126085,1,0.0,0.0,0.0
741,False,False,1.0,1,0.0,0.0,0.0
742,False,False,0.93994695,1,0.0,0.0,0.0
743,False,False,0.8703483,1,0.0,0.0,0.0
744,False,False,0.91243726,1,0.0,0.0,0.0
745,False,False,0.9004059,1,0.0,0.0,0.0
746,False,False,1.0,1,0.0,0.0,0.0
747,False,False,0.0,0,1.0,0.0,1.0
748,False,False,1.0,1,0.0,0.0,0.0
749,False,False,0.862861,1,0.0,0.0,0.0
750,False,False,0.93060154,1,0.0,0.0,0.0
751,False,False,0.8612234,1,0.0,0.0,0.0
752,False,False,0.96020424,1,0.0,0.0,0.0
753,False,False,0.93011135,1,0.0,0.0,0.0
754,False,False,1.0,1,0.0,0.0,0.0
755,False,False,0.8409559,1,0.0,0.0,0.0
756,False,False,0.8739338,1,0.0,0.0,0.0
757,False,False,0.8751225,1,0.0,0.0,0.0
758,False,False,0.86237776,1,0.0,0.0,0.0
759,False,False,1.0,1,0.0,0.0,0.0
760,False,False,0.93110627,1,0.0,0.0,0.0
761,False,False,1.0,1,0.0,0.0,0.0
762,False,False,0.84313434,1,0.0,0.0,0.0
763,False,False,0.92697763,1,0.0,0.0,0.0
764,False,False,1.0,1,0.0,0.0,0.0
765,False,False,0.8645229,1,0.0,0.0,0.0
766,False,False,1.0,1,0.0,0.0,0.0
767,False,False,0.9541742,1,0.0,0.0,0.0
768,False,False,0.0,0,1.0,0.0,1.0
769,False,False,0.89875,1,0.0,0.0,0.0
770,False,False,0.89321595,1,0.0,0.0,0.0
771,False,False,0.90550727,1,0.0,0.0,0.0
772,False,False,0.964909,1,0.0,0.0,0.0
773,False,False,0.91196674,1,0.0,0.0,0.0
774,False,False,0.7843785,1,0.0,0.0,0.0
775,False,False,1.0,1,0.0,0.0,0.0
776,False,False,0.86023945,1,0.0,0.0,0.0
777,False,False,1.0,1,0.0,0.0,0.0
778,False,False,1.0,1,0.0,0.0,0.0
779,False,False,1.0,1,0.0,0.0,0.0
780,False,False,0.9464054,1,0.0,0.0,0.0
781,False,False,0.0,0,1.0,0.0,1.0
782,False,False,0.8875,1,0.0,0.0,0.0
783,False,False,0.9737202,1,0.0,0.0,0.0
784,False,False,1.0,1,0.0,0.0,0.0
785,False,False,0.94692487,1,0.0,0.0,0.0
786,False,False,0.94840795,1,0.0,0.0,0.0
787,False,False,0.91375,1,0.0,0.0,0.0
788,False,False,1.0,1,0.0,0.0,0.0
789,False,False,0.8869125,1,0.0,0.0,0.0
790,False,False,0.939818,1,0.0,0.0,0.0
791,False,False,0.91459364,1,0.0,0.0,0.0
792,False,False,0.9905276,1,0.0,0.0,0.0
793,False,False,0.8953682,1,0.0,0.0,0.0
794,False,False,0.9300858,1,0.0,0.0,0.0
795,False,False,0.9298704,1,0.0,0.0,0.0
796,False,False,0.9133758,1,0.0,0.0,0.0
797,False,False,1.0,1,0.0,0.0,0.0
798,False,False,0.97374994,1,0.0,0.0,0.0
799,False,False,0.925625,1,0.0,0.0,0.0
800,False,False,1.0,1,0.0,0.0,0.0
801,False,False,1.0,1,0.0,0.0,0.0
802,False,False,0.9209489,1,0.0,0.0,0.0
803,False,False,0.8856968,1,0.0,0.0,0.0
804,False,False,0.92092544,1,0.0,0.0,0.0
805,False,False,0.99219286,1,0.0,0.0,0.0
806,False,False,0.8918404,1,0.0,0.0,0.0
807,False,False,0.899786,1,0.0,0.0,0.0
808,False,False,0.7797852,1,0.0,0.0,0.0
809,False,False,0.93027747,1,0.0,0.0,0.0
810,False,False,0.9588909,1,0.0,0.0,0.0
811,False,False,0.9434368,1,0.0,0.0,0.0
812,False,False,0.87577933,1,0.0,0.0,0.0
813,False,False,0.9560947,1,0.0,0.0,0.0
814,False,False,0.8388157,1,0.0,0.0,0.0
815,False,False,0.96477765,1,0.0,0.0,0.0
816,False,False,1.0,1,0.0,0.0,0.0
817,False,False,0.94819224,1,0.0,0.0,0.0
818,False,False,0.9454366,1,0.0,0.0,0.0
819,False,False,0.96625006,1,0.0,0.0,0.0
820,False,False,1.0,1,0.0,0.0,0.0
821,False,False,0.8824841,1,0.0,0.0,0.0
822,False,False,0.8389646,1,0.0,0.0,0.0
823,False,False,0.9023296,1,0.0,0.0,0.0
824,False,False,1.0,1,0.0,0.0,0.0
825,False,False,0.97749996,1,0.0,0.0,0.0
826,False,False,0.7907715,1,0.0,0.0,0.0
827,False,False,0.9061333,1,0.0,0.0,0.0
828,False,False,1.0,1,0.0,0.0,0.0
829,False,False,1.0,1,0.0,0.0,0.0
830,False,False,0.87780756,1,0.0,0.0,0.0
831,False,False,0.9175,1,0.0,0.0,0.0
832,False,False,0.8296297,1,0.0,0.0,0.0
833,False,False,0.97644866,1,0.0,0.0,0.0
834,False,False,0.91151583,1,0.0,0.0,0.0
835,False,False,1.0,1,0.0,0.0,0.0
836,False,False,1.0,1,0.0,0.0,0.0
837,False,False,0.90400565,1,0.0,0.0,0.0
838,False,False,0.87886906,1,0.0,0.0,0.0
839,False,False,1.0,1,0.0,0.0,0.0
840,False,False,0.8865652,1,0.0,0.0,0.0
841,False,False,0.9175274,1,0.0,0.0,0.0
842,False,False,1.0,1,0.0,0.0,0.0
843,False,False,0.9299516,1,0.0,0.0,0.0
844,False,False,1.0,1,0.0,0.0,0.0
845,False,False,0.96250004,1,0.0,0.0,0.0
846,False,False,0.895,1,0.0,0.0,0.0
847,False,False,0.8557319,1,0.0,0.0,0.0
848,False,False,0.90089077,1,0.0,0.0,0.0
849,False,False,0.8157571,1,0.0,0.0,0.0
850,False,False,1.0,1,0.0,0.0,0.0
851,False,False,1.0,1,0.0,0.0,0.0
852,False,False,0.92151564,1,0.0,0.0,0.0
853,False,False,0.9335295,1,0.0,0.0,0.0
854,False,False,0.94375,1,0.0,0.0,0.0
855,False,False,0.7444024,1,0.0,0.0,0.0
856,False,False,0.8961741,1,0.0,0.0,0.0
857,False,False,0.94750005,1,0.0,0.0,0.0
858,False,False,0.9196946,1,0.0,0.0,0.0
859,False,False,0.94871503,1,0.0,0.0,0.0
860,False,False,0.8921604,1,0.0,0.0,0.0
861,False,False,0.95589274,1,0.0,0.0,0.0
862,False,False,0.8674303,1,0.0,0.0,0.0
863,False,False,1.0,1,0.0,0.0,0.0
864,False,False,0.9836855,1,0.0,0.0,0.0
865,False,False,0.7411654,1,0.0,0.0,0.0
866,False,False,0.93894446,1,0.0,0.0,0.0
867,False,False,0.9210686,1,0.0,0.0,0.0
868,False,False,1.0,1,0.0,0.0,0.0
869,False,False,1.0,1,0.0,0.0,0.0
870,False,False,0.92873955,1,0.0,0.0,0.0
871,False,False,0.8428835,1,0.0,0.0,0.0
872,False,False,0.96431506,1,0.0,0.0,0.0
873,False,False,1.0,1,0.0,0.0,0.0
874,False,False,0.848865,1,0.0,0.0,0.0
875,False,False,0.8777582,1,0.0,0.0,0.0
876,False,False,0.88139725,1,0.0,0.0,0.0
877,False,False,0.894478,1,0.0,0.0,0.0
878,False,False,1.0,1,0.0,0.0,0.0
879,False,False,1.0,1,0.0,0.0,0.0
880,False,False,0.82270664,1,0.0,0.0,0.0
881,False,False,0.95874995,1,0.0,0.0,0.0
882,False,False,1.0,1,0.0,0.0,0.0
883,False,False,1.0,1,0.0,0.0,0.0
884,False,False,1.0,1,0.0,0.0,0.0
885,False,False,0.941353,1,0.0,0.0,0.0
886,False,False,0.8990553,1,0.0,0.0,0.0
887,False,False,0.0,0,1.0,0.0,1.0
888,False,False,0.85225433,1,0.0,0.0,0.0
889,False,False,0.9345951,1,0.0,0.0,0.0
890,False,False,1.0,1,0.0,0.0,0.0
891,False,False,0.85926074,1,0.0,0.0,0.0
892,False,False,0.9708285,1,0.0,0.0,0.0
893,False,False,0.86782265,1,0.0,0.0,0.0
894,False,False,0.848721,1,0.0,0.0,0.0
895,False,False,0.92370427,1,0.0,0.0,0.0
896,False,False,0.78352755,1,0.0,0.0,0.0
897,False,False,1.0,1,0.0,0.0,0.0
898,False,False,0.8703869,1,0.0,0.0,0.0
899,False,False,0.92989886,1,0.0,0.0,0.0
900,False,False,0.93797076,1,0.0,0.0,0.0
901,False,False,0.96625006,1,0.0,0.0,0.0
902,False,False,0.84754986,1,0.0,0.0,0.0
903,False,False,0.92133105,1,0.0,0.0,0.0
904,False,False,0.9286677,1,0.0,0.0,0.0
905,False,False,0.9912588,1,0.0,0.0,0.0
906,False,False,0.833212,1,0.0,0.0,0.0
907,False,False,0.91240925,1,0.0,0.0,0.0
908,False,False,1.0,1,0.0,0.0,0.0
909,False,False,0.8930195,1,0.0,0.0,0.0
910,False,False,0.54274887,1,0.0,0.0,0.0
911,False,False,0.0,0,1.0,0.0,1.0
912,False,False,0.8597334,1,0.0,0.0,0.0
913,False,False,0.93544215,1,0.0,0.0,0.0
914,False,False,1.0,1,0.0,0.0,0.0
915,False,False,0.9137953,1,0.0,0.0,0.0
916,False,False,1.0,1,0.0,0.0,0.0
917,False,False,0.9295972,1,0.0,0.0,0.0
918,False,False,0.9312143,1,0.0,0.0,0.0
919,False,False,0.8433289,1,0.0,0.0,0.0
920,False,False,0.7905187,1,0.0,0.0,0.0
921,False,False,0.8058862,1,0.0,0.0,0.0
922,False,False,0.9643074,1,0.0,0.0,0.0
923,False,False,0.9435773,1,0.0,0.0,0.0
924,False,False,0.9224659,1,0.0,0.0,0.0
925,False,False,0.91,1,0.0,0.0,0.0
926,False,False,0.9518612,1,0.0,0.0,0.0
927,False,False,0.88604546,1,0.0,0.0,0.0
928,False,False,0.9189853,1,0.0,0.0,0.0
929,False,False,0.0,0,1.0,0.0,0.0
930,False,False,0.9649469,1,0.0,0.0,0.0
931,False,False,0.8921264,1,0.0,0.0,0.0
932,False,False,1.0,1,0.0,0.0,0.0
933,False,False,0.9913958,1,0.0,0.0,0.0
934,False,False,0.921395,1,0.0,0.0,0.0
935,False,False,0.88740027,1,0.0,0.0,0.0
936,False,False,1.0,1,0.0,0.0,0.0
937,False,False,0.9325,1,0.0,0.0,0.0
938,False,False,0.90367985,1,0.0,0.0,0.0
939,False,False,0.87353307,1,0.0,0.0,0.0
940,False,False,1.0,1,0.0,0.0,0.0
941,False,False,0.96250004,1,0.0,0.0,0.0
942,False,False,1.0,1,0.0,0.0,0.0
943,False,False,0.75127405,1,0.0,0.0,0.0
944,False,False,1.0,1,0.0,0.0,0.0
945,False,False,0.9124796,1,0.0,0.0,0.0
946,False,False,0.8663885,1,0.0,0.0,0.0
947,False,False,0.91850376,1,0.0,0.0,0.0
948,False,False,1.0,1,0.0,0.0,0.0
949,False,False,0.89577335,1,0.0,0.0,0.0
950,False,False,1.0,1,0.0,0.0,0.0
951,False,False,0.9415402,1,0.0,0.0,0.0
952,False,False,1.0,1,0.0,0.0,0.0
953,False,False,0.8268076,1,0.0,0.0,0.0
954,False,False,0.9406358,1,0.0,0.0,0.0
955,False,False,0.8661653,1,0.0,0.0,0.0
956,False,False,1.0,1,0.0,0.0,0.0
957,False,False,0.9524584,1,0.0,0.0,0.0
958,False,False,1.0,1,0.0,0.0,0.0
959,False,False,0.87253803,1,0.0,0.0,0.0
960,False,False,1.0,1,0.0,0.0,0.0
961,False,False,0.96624994,1,0.0,0.0,0.0
962,False,False,1.0,1,0.0,0.0,0.0
963,False,False,1.0,1,0.0,0.0,0.0
964,False,False,0.9213568,1,0.0,0.0,0.0
965,False,False,1.0,1,0.0,0.0,0.0
966,False,False,0.93625003,1,0.0,0.0,0.0
967,False,False,0.93836194,1,0.0,0.0,0.0
968,False,False,1.0,1,0.0,0.0,0.0
969,False,False,0.9204933,1,0.0,0.0,0.0
970,False,False,1.0,1,0.0,0.0,0.0
971,False,False,0.96625006,1,0.0,0.0,0.0
972,False,False,1.0,1,0.0,0.0,0.0
973,False,False,0.9024498,1,0.0,0.0,0.0
974,False,False,0.8982298,1,0.0,0.0,0.0
975,False,False,0.86731476,1,0.0,0.0,0.0
976,True,False,0.0,0,1.0,1.0,1.0
977,False,False,0.86186737,1,0.0,0.0,0.0
978,False,False,0.95874995,1,0.0,0.0,0.0
979,False,False,1.0,1,0.0,0.0,0.0
980,False,False,0.8962206,1,0.0,0.0,0.0
981,False,False,0.9015884,1,0.0,0.0,0.0
982,False,False,0.9213362,1,0.0,0.0,0.0
983,False,False,0.91273415,1,0.0,0.0,0.0
984,False,False,0.8673186,1,0.0,0.0,0.0
985,False,False,0.77068776,1,0.0,0.0,0.0
986,False,False,0.96625006,1,0.0,0.0,0.0
987,False,False,1.0,1,0.0,0.0,0.0
988,False,False,0.93007815,1,0.0,0.0,0.0
989,False,False,0.88195765,1,0.0,0.0,0.0
990,False,False,0.9213835,1,0.0,0.0,0.0
991,False,False,1.0,1,0.0,0.0,0.0
992,False,False,0.9387531,1,0.0,0.0,0.0
993,False,False,0.9005081,1,0.0,0.0,0.0
994,False,False,0.91048795,1,0.0,0.0,0.0
995,False,False,1.0,1,0.0,0.0,0.0
996,False,False,0.90666276,1,0.0,0.0,0.0
997,False,False,0.9378067,1,0.0,0.0,0.0
998,False,False,1.0,1,0.0,0.0,0.0
999,False,False,1.0,1,0.0,0.0,0.0
1000,False,False,0.94422865,1,0.0,0.0,0.0
1001,False,False,0.97637206,1,0.0,0.0,0.0
1002,False,False,0.9537644,1,0.0,0.0,0.0
1003,False,False,0.94487303,1,0.0,0.0,0.0
1004,False,False,0.76116157,1,0.0,0.0,0.0
1005,False,False,1.0,1,0.0,0.0,0.0
1006,False,False,0.9919376,1,0.0,0.0,0.0
1007,False,False,1.0,1,0.0,0.0,0.0
1008,False,False,0.96560425,1,0.0,0.0,0.0
1009,False,False,0.8933382,1,0.0,0.0,0.0
1010,False,False,0.81253433,1,0.0,0.0,0.0
1011,False,False,1.0,1,0.0,0.0,0.0
1012,False,False,1.0,1,0.0,0.0,0.0
1013,False,False,0.8813278,1,0.0,0.0,0.0
1014,False,False,0.95682925,1,0.0,0.0,0.0
1015,False,False,0.8750066,1,0.0,0.0,0.0
1016,False,False,0.85133976,1,0.0,0.0,0.0
1017,False,False,0.96993506,1,0.0,0.0,0.0
1018,False,False,0.9378983,1,0.0,0.0,0.0
1019,False,False,0.9229124,1,0.0,0.0,0.0
1020,False,False,1.0,1,0.0,0.0,0.0
1021,False,False,0.87614316,1,0.0,0.0,0.0
1022,False,False,0.97749996,1,0.0,0.0,0.0
1023,False,False,1.0,1,0.0,0.0,0.0
1024,False,False,1.0,1,0.0,0.0,0.0
1025,False,False,1.0,1,0.0,0.0,0.0
1026,False,False,1.0,1,0.0,0.0,0.0
1027,False,False,0.9399743,1,0.0,0.0,0.0
1028,False,False,0.88053894,1,0.0,0.0,0.0
1029,False,False,1.0,1,0.0,0.0,0.0
1030,False,False,0.9505661,1,0.0,0.0,0.0
1031,False,False,0.88498384,1,0.0,0.0,0.0
1032,False,True,0.0,0,1.0,0.0,1.0
1033,False,False,1.0,1,0.0,0.0,0.0
1034,False,False,0.90738434,1,0.0,0.0,0.0
1035,False,False,1.0,1,0.0,0.0,0.0
1036,False,False,0.99121493,1,0.0,0.0,0.0
1037,False,False,1.0,1,0.0,0.0,0.0
1038,False,False,1.0,1,0.0,0.0,0.0
1039,False,False,0.90880406,1,0.0,0.0,0.0
1040,False,False,0.95999146,1,0.0,0.0,0.0
1041,False,False,0.8593268,1,0.0,0.0,0.0
1042,False,False,0.9012626,1,0.0,0.0,0.0
1043,False,False,0.87130684,1,0.0,0.0,0.0
1044,False,False,0.0,0,1.0,0.0,1.0
1045,False,False,0.89217585,1,0.0,0.0,0.0
1046,False,False,0.0,0,0.0,1.0,0.0
1047,False,False,0.88442516,1,0.0,0.0,0.0
1048,False,False,0.8664943,1,0.0,0.0,0.0
1049,False,False,0.89783114,1,0.0,0.0,0.0
1050,False,False,1.0,1,0.0,0.0,0.0
1051,False,False,0.8934683,1,0.0,0.0,0.0
1052,False,False,0.85714954,1,0.0,0.0,0.0
1053,False,False,0.8491007,1,0.0,0.0,0.0
1054,False,False,0.96625006,1,0.0,0.0,0.0
1055,False,False,0.9325,1,0.0,0.0,0.0
1056,False,False,1.0,1,0.0,0.0,0.0
1057,False,False,1.0,1,0.0,0.0,0.0
1058,False,False,0.84823,1,0.0,0.0,0.0
1059,False,False,0.8796773,1,0.0,0.0,0.0
1060,False,False,1.0,1,0.0,0.0,0.0
1061,False,False,0.0,0,0.0,1.0,0.0
1062,False,False,1.0,1,0.0,0.0,0.0
1063,False,False,0.0,0,1.0,0.0,1.0
1064,False,False,1.0,1,0.0,0.0,0.0
1065,False,False,0.88000005,1,0.0,0.0,0.0
1066,False,False,0.9305547,1,0.0,0.0,0.0
1067,False,False,0.81177753,1,0.0,0.0,0.0
1068,False,False,0.8749725,1,0.0,0.0,0.0
1069,False,False,0.88862914,1,0.0,0.0,0.0
1070,False,False,0.97749996,1,0.0,0.0,0.0
1071,False,False,1.0,1,0.0,0.0,0.0
1072,False,False,0.896035,1,0.0,0.0,0.0
1073,False,False,0.96625006,1,0.0,0.0,0.0
1074,False,False,0.9574931,1,0.0,0.0,0.0
1075,False,False,1.0,1,0.0,0.0,0.0
1076,False,False,0.8953678,1,0.0,0.0,0.0
1077,False,False,0.8808085,1,0.0,0.0,0.0
1078,False,False,0.85656196,1,0.0,0.0,0.0
1079,False,False,0.907461,1,0.0,0.0,0.0
1080,False,False,0.8814257,1,0.0,0.0,0.0
1081,False,False,0.9037313,1,0.0,0.0,0.0
1082,False,False,1.0,1,0.0,0.0,0.0
1083,False,False,0.8842112,1,0.0,0.0,0.0
1084,False,False,0.9300486,1,0.0,0.0,0.0
1085,False,False,1.0,1,0.0,0.0,0.0
1086,False,False,0.8463898,1,0.0,0.0,0.0
1087,False,False,0.96534806,1,0.0,0.0,0.0
1088,False,False,0.9708557,1,0.0,0.0,0.0
1089,False,False,1.0,1,0.0,0.0,0.0
1090,False,False,0.90999997,1,0.0,0.0,0.0
1091,False,False,0.95125,1,0.0,0.0,0.0
1092,False,False,0.97749996,1,0.0,0.0,0.0
1093,False,False,0.8436543,1,0.0,0.0,0.0
1094,False,False,0.85290164,1,0.0,0.0,0.0
1095,False,False,0.9372988,1,0.0,0.0,0.0
1096,False,False,0.9137395,1,0.0,0.0,0.0
1097,False,False,0.80690205,1,0.0,0.0,0.0
1098,False,False,0.82495844,1,0.0,0.0,0.0
1099,False,False,0.9652254,1,0.0,0.0,0.0
1100,False,False,1.0,1,0.0,0.0,0.0
1101,False,False,0.9022933,1,0.0,0.0,0.0
1102,False,False,0.9289436,1,0.0,0.0,0.0
1103,False,False,0.8882126,1,0.0,0.0,0.0
1104,False,False,0.91915363,1,0.0,0.0,0.0
1105,False,False,0.97749996,1,0.0,0.0,0.0
1106,False,False,0.7032937,1,0.0,0.0,0.0
1107,False,False,0.95874995,1,0.0,0.0,0.0
1108,False,False,1.0,1,0.0,0.0,0.0
1109,False,False,0.97682,1,0.0,0.0,0.0
1110,False,False,0.9211319,1,0.0,0.0,0.0
1111,False,False,0.89096117,1,0.0,0.0,0.0
1112,False,False,0.8151495,1,0.0,0.0,0.0
1113,False,False,0.89640325,1,0.0,0.0,0.0
1114,False,False,0.7823681,1,0.0,0.0,0.0
1115,False,False,1.0,1,0.0,0.0,0.0
1116,False,False,0.9451069,1,0.0,0.0,0.0
1117,False,False,0.93085,1,0.0,0.0,0.0
1118,False,False,0.0,0,1.0,0.0,1.0
1119,False,False,0.82544947,1,0.0,0.0,0.0
1120,False,False,0.9570379,1,0.0,0.0,0.0
1121,False,False,0.89031476,1,0.0,0.0,0.0
1122,False,False,0.89560175,1,0.0,0.0,0.0
1123,False,False,0.8674162,1,0.0,0.0,0.0
1124,True,False,0.0,0,1.0,0.0,1.0
1125,False,False,0.97375005,1,0.0,0.0,0.0
1126,False,False,0.86889124,1,0.0,0.0,0.0
1127,False,False,1.0,1,0.0,0.0,0.0
1128,False,False,1.0,1,0.0,0.0,0.0
1129,False,False,0.9407134,1,0.0,0.0,0.0
1130,False,False,0.9163338,1,0.0,0.0,0.0
1131,False,False,0.98881054,1,0.0,0.0,0.0
1132,False,False,0.9441881,1,0.0,0.0,0.0
1133,False,False,0.8961464,1,0.0,0.0,0.0
1134,False,False,1.0,1,0.0,0.0,0.0
1135,False,False,0.96625006,1,0.0,0.0,0.0
1136,False,False,0.947545,1,0.0,0.0,0.0
1137,False,False,1.0,1,0.0,0.0,0.0
1138,False,False,0.8618682,1,0.0,0.0,0.0
1139,False,False,0.9111435,1,0.0,0.0,0.0
1140,False,False,0.9362259,1,0.0,0.0,0.0
1141,False,False,1.0,1,0.0,0.0,0.0
1142,False,False,1.0,1,0.0,0.0,0.0
1143,False,False,0.0,0,1.0,0.0,1.0
1144,False,False,1.0,1,0.0,0.0,0.0
1145,False,False,0.8923769,1,0.0,0.0,0.0
1146,False,False,1.0,1,0.0,0.0,0.0
1147,False,False,0.893339,1,0.0,0.0,0.0
1148,False,False,0.97749996,1,0.0,0.0,0.0
1149,False,False,1.0,1,0.0,0.0,0.0
1150,False,False,0.0,0,1.0,0.0,1.0
1151,False,False,0.82605135,1,0.0,0.0,0.0
1152,False,False,0.9104948,1,0.0,0.0,0.0
1153,False,False,0.9389618,1,0.0,0.0,0.0
1154,False,False,0.0,0,0.0,1.0,0.0
1155,False,False,0.96624994,1,0.0,0.0,0.0
1156,False,False,0.9288597,1,0.0,0.0,0.0
1157,False,False,1.0,1,0.0,0.0,0.0
1158,False,False,0.95057565,1,0.0,0.0,0.0
1159,False,False,0.9222929,1,0.0,0.0,0.0
1160,False,False,0.9399399,1,0.0,0.0,0.0
1161,False,False,0.9124002,1,0.0,0.0,0.0
1162,False,False,0.8706326,1,0.0,0.0,0.0
1163,False,False,0.95439625,1,0.0,0.0,0.0
1164,False,False,0.9408968,1,0.0,0.0,0.0
1165,False,False,0.95125,1,0.0,0.0,0.0
1166,False,False,0.89102286,1,0.0,0.0,0.0
1167,False,False,0.9390912,1,0.0,0.0,0.0
1168,False,False,0.9125711,1,0.0,0.0,0.0
1169,False,False,0.96625006,1,0.0,0.0,0.0
1170,False,False,0.856684,1,0.0,0.0,0.0
1171,False,False,0.9520966,1,0.0,0.0,0.0
1172,False,False,0.86481076,1,0.0,0.0,0.0
1173,False,False,0.9462309,1,0.0,0.0,0.0
1174,False,False,0.9323565,1,0.0,0.0,0.0
1175,False,False,0.92317164,1,0.0,0.0,0.0
1176,False,False,0.9223763,1,0.0,0.0,0.0
1177,False,False,0.9822192,1,0.0,0.0,0.0
1178,False,False,0.8772494,1,0.0,0.0,0.0
1179,False,False,0.9385131,1,0.0,0.0,0.0
1180,False,False,0.9025,1,0.0,0.0,0.0
1181,False,False,0.9120302,1,0.0,0.0,0.0
1182,False,False,0.9395613,1,0.0,0.0,0.0
1183,False,False,0.87457794,1,0.0,0.0,0.0
1184,False,False,0.84193784,1,0.0,0.0,0.0
1185,False,False,1.0,1,0.0,0.0,0.0
1186,False,False,0.8846594,1,0.0,0.0,0.0
1187,False,False,0.89144135,1,0.0,0.0,0.0
1188,False,False,0.88435715,1,0.0,0.0,0.0
1189,False,False,0.8104599,1,0.0,0.0,0.0
1190,False,False,0.89533466,1,0.0,0.0,0.0
1191,False,False,1.0,1,0.0,0.0,0.0
1192,False,False,0.94767755,1,0.0,0.0,0.0
1193,False,False,0.7088401,1,0.0,0.0,0.0
1194,False,False,1.0,1,0.0,0.0,0.0
1195,False,False,0.9646444,1,0.0,0.0,0.0
1196,False,False,0.81412214,1,0.0,0.0,0.0
1197,False,False,0.88867533,1,0.0,0.0,0.0
1198,False,False,0.92136604,1,0.0,0.0,0.0
1199,False,False,0.8683758,1,0.0,0.0,0.0
1200,False,False,0.97749996,1,0.0,0.0,0.0
1201,False,False,0.9116095,1,0.0,0.0,0.0
1202,False,False,0.90955925,1,0.0,0.0,0.0
1203,False,False,0.8912501,1,0.0,0.0,0.0
1204,False,False,0.9049393,1,0.0,0.0,0.0
1205,False,False,0.87250006,1,0.0,0.0,0.0
1206,False,False,0.8548908,1,0.0,0.0,0.0
1207,False,False,0.91866875,1,0.0,0.0,0.0
1208,False,False,0.95125,1,0.0,0.0,0.0
1209,False,False,1.0,1,0.0,0.0,0.0
1210,False,False,0.99932194,1,0.0,0.0,0.0
1211,False,False,0.9912018,1,0.0,0.0,0.0
1212,False,False,1.0,1,0.0,0.0,0.0
1213,False,False,1.0,1,0.0,0.0,0.0
1214,False,False,0.9143713,1,0.0,0.0,0.0
1215,False,False,0.9125584,1,0.0,0.0,0.0
1216,False,False,0.87585634,1,0.0,0.0,0.0
1217,False,False,0.94070715,1,0.0,0.0,0.0
1218,False,False,1.0,1,0.0,0.0,0.0
1219,False,False,1.0,1,0.0,0.0,0.0
1220,False,False,0.89435863,1,0.0,0.0,0.0
1221,False,False,1.0,1,0.0,0.0,0.0
1222,False,False,0.83989185,1,0.0,0.0,0.0
1223,False,False,1.0,1,0.0,0.0,0.0
1224,False,False,0.8075952,1,0.0,0.0,0.0
1225,False,False,0.88892174,1,0.0,0.0,0.0
1226,False,False,1.0,1,0.0,0.0,0.0
1227,False,False,0.9084984,1,0.0,0.0,0.0
1228,False,False,0.9114795,1,0.0,0.0,0.0
1229,False,False,0.91127986,1,0.0,0.0,0.0
1230,False,False,0.96999997,1,0.0,0.0,0.0
1231,False,False,0.8942661,1,0.0,0.0,0.0
1232,False,False,0.9983673,1,0.0,0.0,0.0
1233,False,False,0.97749996,1,0.0,0.0,0.0
1234,False,False,1.0,1,0.0,0.0,0.0
1235,False,False,0.9029547,1,0.0,0.0,0.0
1236,False,False,0.94957227,1,0.0,0.0,0.0
1237,True,False,0.0,0,1.0,0.0,1.0
1238,False,False,1.0,1,0.0,0.0,0.0
1239,False,False,0.9499027,1,0.0,0.0,0.0
1240,False,False,0.90603846,1,0.0,0.0,0.0
1241,False,False,1.0,1,0.0,0.0,0.0
1242,False,False,0.97749996,1,0.0,0.0,0.0
1243,False,False,0.9761093,1,0.0,0.0,0.0
1244,False,False,1.0,1,0.0,0.0,0.0
1245,False,False,1.0,1,0.0,0.0,0.0
1246,False,False,0.857253,1,0.0,0.0,0.0
1247,False,False,0.93070954,1,0.0,0.0,0.0
1248,False,False,1.0,1,0.0,0.0,0.0
1249,False,False,1.0,1,0.0,0.0,0.0
1250,False,False,0.9386522,1,0.0,0.0,0.0
1251,False,False,1.0,1,0.0,0.0,0.0
1252,False,False,0.8871843,1,0.0,0.0,0.0
1253,False,False,0.97375005,1,0.0,0.0,0.0
1254,False,False,0.8476629,1,0.0,0.0,0.0
1255,False,False,0.9552507,1,0.0,0.0,0.0
1256,False,False,0.86105484,1,0.0,0.0,0.0
1257,False,False,0.9170637,1,0.0,0.0,0.0
1258,False,False,0.94785213,1,0.0,0.0,0.0
1259,False,False,0.9460966,1,0.0,0.0,0.0
1260,False,False,1.0,1,0.0,0.0,0.0
1261,False,False,1.0,1,0.0,0.0,0.0
1262,False,False,0.8774315,1,0.0,0.0,0.0
1263,False,False,0.8595198,1,0.0,0.0,0.0
1264,False,False,0.89172345,1,0.0,0.0,0.0
1265,False,False,0.9307793,1,0.0,0.0,0.0
1266,False,False,0.93814576,1,0.0,0.0,0.0
1267,False,False,1.0,1,0.0,0.0,0.0
1268,False,False,1.0,1,0.0,0.0,0.0
1269,False,False,0.940625,1,0.0,0.0,0.0
1270,False,False,1.0,1,0.0,0.0,0.0
1271,False,False,0.9160517,1,0.0,0.0,0.0
1272,False,False,0.0,0,1.0,0.0,1.0
1273,False,False,0.96625006,1,0.0,0.0,0.0
1274,False,False,0.9336702,1,0.0,0.0,0.0
1275,False,False,0.8579342,1,0.0,0.0,0.0
1276,False,False,0.9100689,1,0.0,0.0,0.0
1277,False,False,1.0,1,0.0,0.0,0.0
1278,False,False,0.92135155,1,0.0,0.0,0.0
1279,False,False,0.96133786,1,0.0,0.0,0.0
1280,False,False,0.8807551,1,0.0,0.0,0.0
1281,False,False,1.0,1,0.0,0.0,0.0
1282,False,False,0.9312539,1,0.0,0.0,0.0
1283,False,False,1.0,1,0.0,0.0,0.0
1284,False,False,0.97749996,1,0.0,0.0,0.0
1285,False,False,0.9301158,1,0.0,0.0,0.0
1286,False,False,1.0,1,0.0,0.0,0.0
1287,False,False,1.0,1,0.0,0.0,0.0
1288,False,False,1.0,1,0.0,0.0,0.0
1289,False,False,0.89918995,1,0.0,0.0,0.0
1290,False,False,0.9123438,1,0.0,0.0,0.0
1291,False,False,1.0,1,0.0,0.0,0.0
1292,False,False,0.903158,1,0.0,0.0,0.0
1293,False,False,1.0,1,0.0,0.0,0.0
1294,False,True,0.0,0,1.0,0.0,1.0
1295,False,False,0.9626822,1,0.0,0.0,0.0
1296,False,False,0.8872572,1,0.0,0.0,0.0
1297,False,False,0.98252124,1,0.0,0.0,0.0
1298,False,False,0.8102604,1,0.0,0.0,0.0
1299,False,False,1.0,1,0.0,0.0,0.0
1300,False,False,0.8603031,1,0.0,0.0,0.0
1301,False,False,0.97749996,1,0.0,0.0,0.0
1302,False,False,1.0,1,0.0,0.0,0.0
1303,False,False,0.93119764,1,0.0,0.0,0.0
1304,False,False,1.0,1,0.0,0.0,0.0
1305,False,False,1.0,1,0.0,0.0,0.0
1306,False,False,1.0,1,0.0,0.0,0.0
1307,False,False,0.92893755,1,0.0,0.0,0.0
1308,False,False,0.98398554,1,0.0,0.0,0.0
1309,False,False,1.0,1,0.0,0.0,0.0
1310,False,True,0.0,0,1.0,0.0,1.0
1311,False,False,0.97749996,1,0.0,0.0,0.0
1312,False,False,1.0,1,0.0,0.0,0.0
1313,False,False,0.9214266,1,0.0,0.0,0.0
1314,False,False,0.9139984,1,0.0,0.0,0.0
1315,False,False,0.9388322,1,0.0,0.0,0.0
1316,False,False,1.0,1,0.0,0.0,0.0
1317,False,False,1.0,1,0.0,0.0,0.0
1318,False,False,0.6510362,1,0.0,0.0,0.0
1319,False,False,0.8939013,1,0.0,0.0,0.0
1320,False,False,0.8067741,1,0.0,0.0,0.0
1321,False,False,0.93825704,1,0.0,0.0,0.0
1322,False,False,0.8560036,1,0.0,0.0,0.0
1323,False,False,1.0,1,0.0,0.0,0.0
1324,False,False,0.91815245,1,0.0,0.0,0.0
1325,False,False,0.92952627,1,0.0,0.0,0.0
1326,False,False,0.8119421,1,0.0,0.0,0.0
1327,False,False,0.0,0,1.0,0.0,0.0
1328,False,False,0.87404025,1,0.0,0.0,0.0
1329,False,False,1.0,1,0.0,0.0,0.0
1330,False,False,0.96625006,1,0.0,0.0,0.0
1331,False,False,0.9585251,1,0.0,0.0,0.0
1332,False,False,0.9351792,1,0.0,0.0,0.0
1333,False,False,0.79194874,1,0.0,0.0,0.0
1334,False,False,0.9169728,1,0.0,0.0,0.0
1335,False,False,0.8786389,1,0.0,0.0,0.0
1336,False,False,0.9825392,1,0.0,0.0,0.0
1337,False,False,1.0,1,0.0,0.0,0.0
1338,False,False,0.9127771,1,0.0,0.0,0.0
1339,False,False,0.92735857,1,0.0,0.0,0.0
1340,False,False,1.0,1,0.0,0.0,0.0
1341,False,False,0.91413623,1,0.0,0.0,0.0
1342,False,False,0.9050295,1,0.0,0.0,0.0
1343,False,False,0.88736516,1,0.0,0.0,0.0
1344,False,False,0.94695467,1,0.0,0.0,0.0
1345,False,False,0.78547925,1,0.0,0.0,0.0
1346,False,False,1.0,1,0.0,0.0,0.0
1347,False,False,0.9563199,1,0.0,0.0,0.0
1348,False,False,1.0,1,0.0,0.0,0.0
1349,False,False,0.8488318,1,0.0,0.0,0.0
1350,False,False,0.91038114,1,0.0,0.0,0.0
1351,False,False,0.9999194,1,0.0,0.0,0.0
1352,False,False,0.88488626,1,0.0,0.0,0.0
1353,False,False,0.95621854,1,0.0,0.0,0.0
1354,False,False,0.92133284,1,0.0,0.0,0.0
1355,False,False,1.0,1,0.0,0.0,0.0
1356,False,False,0.9653414,1,0.0,0.0,0.0
1357,False,False,1.0,1,0.0,0.0,0.0
1358,False,False,0.8483864,1,0.0,0.0,0.0
1359,False,False,0.93198127,1,0.0,0.0,0.0
1360,False,False,1.0,1,0.0,0.0,0.0
1361,False,False,0.97749996,1,0.0,0.0,0.0
1362,False,False,0.9097477,1,0.0,0.0,0.0
1363,False,False,1.0,1,0.0,0.0,0.0
1364,False,False,0.89512646,1,0.0,0.0,0.0
1365,False,False,0.0,0,1.0,0.0,1.0
1366,False,False,0.96999997,1,0.0,0.0,0.0
1367,False,False,0.87052137,1,0.0,0.0,0.0
1368,False,False,1.0,1,0.0,0.0,0.0
1369,False,False,1.0,1,0.0,0.0,0.0
1370,False,False,0.9320428,1,0.0,0.0,0.0
1371,False,False,1.0,1,0.0,0.0,0.0
1372,False,False,1.0,1,0.0,0.0,0.0
1373,False,False,1.0,1,0.0,0.0,0.0
1374,False,False,1.0,1,0.0,0.0,0.0
1375,False,False,1.0,1,0.0,0.0,0.0
1376,False,False,0.94859314,1,0.0,0.0,0.0
1377,False,False,1.0,1,0.0,0.0,0.0
1378,False,False,0.0,0,1.0,0.0,1.0
1379,False,False,0.91326904,1,0.0,0.0,0.0
1380,False,False,0.8531422,1,0.0,0.0,0.0
1381,False,False,0.99591124,1,0.0,0.0,0.0
1382,False,False,1.0,1,0.0,0.0,0.0
1383,False,False,0.9320883,1,0.0,0.0,0.0
1384,False,False,0.89093155,1,0.0,0.0,0.0
1385,False,False,0.8903837,1,0.0,0.0,0.0
1386,False,False,0.8848395,1,0.0,0.0,0.0
1387,False,False,1.0,1,0.0,0.0,0.0
1388,False,False,0.92252314,1,0.0,0.0,0.0
1389,False,False,1.0,1,0.0,0.0,0.0
1390,False,False,0.9572755,1,0.0,0.0,0.0
1391,False,False,0.91264784,1,0.0,0.0,0.0
1392,False,False,0.8744957,1,0.0,0.0,0.0
1393,False,False,0.97749996,1,0.0,0.0,0.0
1394,False,False,0.9127288,1,0.0,0.0,0.0
1395,False,False,0.9417934,1,0.0,0.0,0.0
1396,False,False,0.9212658,1,0.0,0.0,0.0
1397,False,False,0.88504964,1,0.0,0.0,0.0
1398,False,False,0.8424479,1,0.0,0.0,0.0
1399,False,False,0.8863899,1,0.0,0.0,0.0
1400,False,True,0.0,0,1.0,0.0,1.0
1401,False,False,0.95413417,1,0.0,0.0,0.0
1402,False,False,0.0,0,1.0,0.0,1.0
1403,False,False,0.9216753,1,0.0,0.0,0.0
1404,False,False,0.92103875,1,0.0,0.0,0.0
1405,False,False,0.90498286,1,0.0,0.0,0.0
1406,False,False,0.95874995,1,0.0,0.0,0.0
1407,False,False,0.8212469,1,0.0,0.0,0.0
1408,False,False,0.8762088,1,0.0,0.0,0.0
1409,False,False,0.94905055,1,0.0,0.0,0.0
1410,False,False,1.0,1,0.0,0.0,0.0
1411,False,False,0.94,1,0.0,0.0,0.0
1412,False,False,0.8621626,1,0.0,0.0,0.0
1413,False,False,0.87566626,1,0.0,0.0,0.0
1414,False,False,0.89402217,1,0.0,0.0,0.0
1415,False,False,0.965444,1,0.0,0.0,0.0
1416,False,False,1.0,1,0.0,0.0,0.0
1417,False,False,0.96250004,1,0.0,0.0,0.0
1418,False,False,0.8802868,1,0.0,0.0,0.0
1419,False,False,0.9487013,1,0.0,0.0,0.0
1420,False,False,0.87739104,1,0.0,0.0,0.0
1421,False,False,0.0,0,1.0,0.0,1.0
1422,False,False,1.0,1,0.0,0.0,0.0
1423,False,False,1.0,1,0.0,0.0,0.0
1424,False,False,0.0,0,0.0,1.0,0.0
1425,False,False,0.9030472,1,0.0,0.0,0.0
1426,False,False,0.95300144,1,0.0,0.0,0.0
1427,False,False,0.9285385,1,0.0,0.0,0.0
1428,False,False,0.51897633,1,0.0,0.0,0.0
1429,False,False,0.0,0,1.0,0.0,0.0
1430,False,False,0.9954857,1,0.0,0.0,0.0
1431,False,False,0.98125,1,0.0,0.0,0.0
1432,False,False,0.92136526,1,0.0,0.0,0.0
1433,False,False,1.0,1,0.0,0.0,0.0
1434,False,False,0.8957934,1,0.0,0.0,0.0
1435,False,False,1.0,1,0.0,0.0,0.0
1436,False,False,0.8357998,1,0.0,0.0,0.0
1437,False,False,0.9396864,1,0.0,0.0,0.0
1438,False,False,1.0,1,0.0,0.0,0.0
1439,False,False,0.97375125,1,0.0,0.0,0.0
1440,False,False,0.8519549,1,0.0,0.0,0.0
1441,False,False,0.8874144,1,0.0,0.0,0.0
1442,False,False,0.91740876,1,0.0,0.0,0.0
1443,False,False,0.91245174,1,0.0,0.0,0.0
1444,False,False,0.96625006,1,0.0,0.0,0.0
1445,False,False,0.9467339,1,0.0,0.0,0.0
1446,False,False,0.88398916,1,0.0,0.0,0.0
1447,False,False,0.8742148,1,0.0,0.0,0.0
1448,False,False,0.94750005,1,0.0,0.0,0.0
1449,False,False,0.88731307,1,0.0,0.0,0.0
1450,False,False,0.78570694,1,0.0,0.0,0.0
1451,False,False,0.0,0,1.0,0.0,1.0
1452,False,False,0.87891024,1,0.0,0.0,0.0
1453,False,False,0.98125,1,0.0,0.0,0.0
1454,False,False,0.8272707,1,0.0,0.0,0.0
1455,False,False,0.9292221,1,0.0,0.0,0.0
1456,False,False,1.0,1,0.0,0.0,0.0
1457,False,False,0.96521485,1,0.0,0.0,0.0
1458,False,False,0.8534903,1,0.0,0.0,0.0
1459,False,False,1.0,1,0.0,0.0,0.0
1460,False,False,0.8845316,1,0.0,0.0,0.0
1461,False,False,0.89623624,1,0.0,0.0,0.0
1462,False,False,0.8540444,1,0.0,0.0,0.0
1463,False,False,1.0,1,0.0,0.0,0.0
1464,False,False,1.0,1,0.0,0.0,0.0
1465,False,False,0.92970055,1,0.0,0.0,0.0
1466,False,False,0.8912501,1,0.0,0.0,0.0
1467,False,False,0.96124566,1,0.0,0.0,0.0
1468,False,False,0.7727112,1,0.0,0.0,0.0
1469,False,False,0.8784359,1,0.0,0.0,0.0
1470,False,False,1.0,1,0.0,0.0,0.0
1471,False,False,1.0,1,0.0,0.0,0.0
1472,False,False,1.0,1,0.0,0.0,0.0
1473,False,False,1.0,1,0.0,0.0,0.0
1474,False,False,1.0,1,0.0,0.0,0.0
1475,False,False,0.97749996,1,0.0,0.0,0.0
1476,False,False,0.93625003,1,0.0,0.0,0.0
1477,False,False,0.8912501,1,0.0,0.0,0.0
1478,False,False,0.89944583,1,0.0,0.0,0.0
1479,False,False,0.94716924,1,0.0,0.0,0.0
1480,False,False,0.8853712,1,0.0,0.0,0.0
1481,False,False,1.0,1,0.0,0.0,0.0
1482,False,False,0.0,0,1.0,0.0,1.0
1483,False,False,0.9212387,1,0.0,0.0,0.0
1484,False,False,1.0,1,0.0,0.0,0.0
1485,False,False,0.8660719,1,0.0,0.0,0.0
1486,False,False,0.80438215,1,0.0,0.0,0.0
1487,False,False,1.0,1,0.0,0.0,0.0
1488,False,False,0.9768921,1,0.0,0.0,0.0
1489,False,False,0.0,0,1.0,0.0,1.0
1490,False,False,0.83989686,1,0.0,0.0,0.0
1491,False,False,0.9247555,1,0.0,0.0,0.0
1492,False,False,0.96250004,1,0.0,0.0,0.0
1493,False,False,0.95983136,1,0.0,0.0,0.0
1494,False,False,0.0,0,1.0,0.0,1.0
1495,False,False,0.88179773,1,0.0,0.0,0.0
1496,False,False,1.0,1,0.0,0.0,0.0
1497,False,False,0.91026765,1,0.0,0.0,0.0
1498,False,False,1.0,1,0.0,0.0,0.0
1499,False,False,1.0,1,0.0,0.0,0.0
1500,False,False,0.8501467,1,0.0,0.0,0.0
1501,False,False,0.93797934,1,0.0,0.0,0.0
1502,False,False,0.83883375,1,0.0,0.0,0.0
1503,False,False,0.76537365,1,0.0,0.0,0.0
1504,False,False,0.0,0,1.0,0.0,0.0
1505,False,False,0.92116976,1,0.0,0.0,0.0
1506,False,False,0.910977,1,0.0,0.0,0.0
1507,False,False,0.93052715,1,0.0,0.0,0.0
1508,False,False,1.0,1,0.0,0.0,0.0
1509,False,False,0.8480197,1,0.0,0.0,0.0
1510,False,False,0.89506525,1,0.0,0.0,0.0
1511,False,False,0.9097621,1,0.0,0.0,0.0
1512,False,False,1.0,1,0.0,0.0,0.0
1513,False,False,0.2798998,1,0.0,0.0,0.0
1514,False,False,0.9305379,1,0.0,0.0,0.0
1515,False,False,1.0,1,0.0,0.0,0.0
1516,False,False,0.92861885,1,0.0,0.0,0.0
1517,False,False,0.88931507,1,0.0,0.0,0.0
1518,False,False,0.8416506,1,0.0,0.0,0.0
1519,False,False,1.0,1,0.0,0.0,0.0
1520,False,False,0.94850266,1,0.0,0.0,0.0
1521,False,False,0.85144246,1,0.0,0.0,0.0
1522,False,False,0.9175631,1,0.0,0.0,0.0
1523,False,False,1.0,1,0.0,0.0,0.0
1524,False,False,0.8940975,1,0.0,0.0,0.0
1525,False,False,0.89994586,1,0.0,0.0,0.0
1526,False,False,1.0,1,0.0,0.0,0.0
1527,False,False,0.9192652,1,0.0,0.0,0.0
1528,False,False,0.8725616,1,0.0,0.0,0.0
1529,False,False,0.88054556,1,0.0,0.0,0.0
1530,False,False,0.97749996,1,0.0,0.0,0.0
1531,False,False,1.0,1,0.0,0.0,0.0
1532,False,False,0.96625006,1,0.0,0.0,0.0
1533,False,False,1.0,1,0.0,0.0,0.0
1534,False,False,0.8801474,1,0.0,0.0,0.0
1535,False,False,1.0,1,0.0,0.0,0.0
1536,False,False,1.0,1,0.0,0.0,0.0
1537,False,False,0.89919454,1,0.0,0.0,0.0
1538,False,False,0.927345,1,0.0,0.0,0.0
1539,False,False,0.96625006,1,0.0,0.0,0.0
1540,False,False,0.90807515,1,0.0,0.0,0.0
1541,False,False,0.921724,1,0.0,0.0,0.0
1542,False,False,0.96884185,1,0.0,0.0,0.0
1543,False,False,0.9104999,1,0.0,0.0,0.0
1544,False,False,0.96624994,1,0.0,0.0,0.0
1545,False,False,1.0,1,0.0,0.0,0.0
1546,False,False,0.913591,1,0.0,0.0,0.0
1547,False,False,0.93859786,1,0.0,0.0,0.0
1548,False,False,0.77298063,1,0.0,0.0,0.0
1549,False,False,0.9212441,1,0.0,0.0,0.0
1550,False,False,0.97749996,1,0.0,0.0,0.0
1551,False,False,1.0,1,0.0,0.0,0.0
1552,False,False,1.0,1,0.0,0.0,0.0
1553,False,False,0.95500004,1,0.0,0.0,0.0
1554,False,False,0.9922725,1,0.0,0.0,0.0
1555,False,False,0.86781424,1,0.0,0.0,0.0
1556,False,False,0.89417773,1,0.0,0.0,0.0
1557,False,False,0.86745137,1,0.0,0.0,0.0
1558,False,False,0.97749996,1,0.0,0.0,0.0
1559,False,False,0.92086613,1,0.0,0.0,0.0
1560,False,False,0.9308481,1,0.0,0.0,0.0
1561,False,False,0.9561249,1,0.0,0.0,0.0
1562,False,False,0.93633956,1,0.0,0.0,0.0
1563,False,False,1.0,1,0.0,0.0,0.0
1564,False,False,0.95316315,1,0.0,0.0,0.0
1565,False,False,0.963751,1,0.0,0.0,0.0
1566,False,False,0.97749996,1,0.0,0.0,0.0
1567,False,False,0.95874995,1,0.0,0.0,0.0
1568,False,False,1.0,1,0.0,0.0,0.0
1569,False,False,0.9218168,1,0.0,0.0,0.0
1570,False,False,0.96625006,1,0.0,0.0,0.0
1571,False,False,1.0,1,0.0,0.0,0.0
1572,False,False,0.8661547,1,0.0,0.0,0.0
1573,False,False,0.8364138,1,0.0,0.0,0.0
1574,False,False,0.940479,1,0.0,0.0,0.0
1575,False,False,0.9833526,1,0.0,0.0,0.0
1576,False,False,0.9290352,1,0.0,0.0,0.0
1577,False,False,0.81659144,1,0.0,0.0,0.0
1578,False,False,1.0,1,0.0,0.0,0.0
1579,False,False,0.96250004,1,0.0,0.0,0.0
1580,False,False,0.9850001,1,0.0,0.0,0.0
1581,False,False,0.9211487,1,0.0,0.0,0.0
1582,False,False,0.9951212,1,0.0,0.0,0.0
1583,False,False,0.9992773,1,0.0,0.0,0.0
1584,False,True,0.0,0,1.0,0.0,1.0
1585,False,False,1.0,1,0.0,0.0,0.0
1586,False,False,0.9085724,1,0.0,0.0,0.0
1587,False,False,1.0,1,0.0,0.0,0.0
1588,False,False,0.74076027,1,0.0,0.0,0.0
1589,False,False,0.947776,1,0.0,0.0,0.0
1590,False,False,0.0,0,0.0,1.0,0.0
1591,False,False,1.0,1,0.0,0.0,0.0
1592,False,False,1.0,1,0.0,0.0,0.0
1593,False,False,0.90689737,1,0.0,0.0,0.0
1594,False,False,0.9265844,1,0.0,0.0,0.0
1595,False,False,0.95125,1,0.0,0.0,0.0
1596,False,False,0.90364075,1,0.0,0.0,0.0
1597,False,False,0.0,0,0.0,1.0,0.0
1598,False,False,0.9302022,1,0.0,0.0,0.0
1599,False,False,0.93894213,1,0.0,0.0,0.0
1600,False,False,0.92130005,1,0.0,0.0,0.0
1601,False,False,1.0,1,0.0,0.0,0.0
1602,False,False,0.9139744,1,0.0,0.0,0.0
1603,False,False,1.0,1,0.0,0.0,0.0
1604,False,False,1.0,1,0.0,0.0,0.0
1605,False,False,0.9312796,1,0.0,0.0,0.0
1606,False,False,0.86747724,1,0.0,0.0,0.0
1607,False,False,0.94855183,1,0.0,0.0,0.0
1608,False,False,0.8988928,1,0.0,0.0,0.0
1609,False,False,0.8860658,1,0.0,0.0,0.0
1610,False,True,0.0,0,1.0,0.0,1.0
1611,False,False,1.0,1,0.0,0.0,0.0
1612,False,False,0.81191653,1,0.0,0.0,0.0
1613,False,False,0.9205298,1,0.0,0.0,0.0
1614,False,False,1.0,1,0.0,0.0,0.0
1615,False,False,1.0,1,0.0,0.0,0.0
1616,False,False,1.0,1,0.0,0.0,0.0
1617,False,False,0.8897581,1,0.0,0.0,0.0
1618,False,False,0.9362499,1,0.0,0.0,0.0
1619,False,False,0.90144914,1,0.0,0.0,0.0
1620,False,False,0.84032726,1,0.0,0.0,0.0
1621,False,False,0.88413125,1,0.0,0.0,0.0
1622,False,False,1.0,1,0.0,0.0,0.0
1623,False,False,0.0,0,1.0,0.0,1.0
1624,False,False,0.92128223,1,0.0,0.0,0.0
1625,False,False,0.8887783,1,0.0,0.0,0.0
1626,False,False,0.66619223,1,0.0,0.0,0.0
1627,False,False,0.97749996,1,0.0,0.0,0.0
1628,False,False,0.78329015,1,0.0,0.0,0.0
1629,False,False,0.96625006,1,0.0,0.0,0.0
1630,False,False,0.0,0,1.0,0.0,1.0
1631,False,False,1.0,1,0.0,0.0,0.0
1632,False,False,1.0,1,0.0,0.0,0.0
1633,False,False,0.95767653,1,0.0,0.0,0.0
1634,False,False,0.8920967,1,0.0,0.0,0.0
1635,False,False,0.7287244,1,0.0,0.0,0.0
1636,False,False,1.0,1,0.0,0.0,0.0
1637,False,False,0.94504786,1,0.0,0.0,0.0
1638,False,False,0.85240763,1,0.0,0.0,0.0
1639,False,False,0.85332966,1,0.0,0.0,0.0
1640,False,False,1.0,1,0.0,0.0,0.0
1641,False,False,1.0,1,0.0,0.0,0.0
1642,False,False,0.8487199,1,0.0,0.0,0.0
1643,False,False,0.8646944,1,0.0,0.0,0.0
1644,False,False,0.7513362,1,0.0,0.0,0.0
1645,False,False,0.91984767,1,0.0,0.0,0.0
1646,False,False,0.88493055,1,0.0,0.0,0.0
1647,False,False,0.8448637,1,0.0,0.0,0.0
1648,False,False,0.93224317,1,0.0,0.0,0.0
1649,False,False,0.90331423,1,0.0,0.0,0.0
1650,False,False,0.83131886,1,0.0,0.0,0.0
1651,False,False,1.0,1,0.0,0.0,0.0
1652,False,False,0.9394085,1,0.0,0.0,0.0
1653,False,False,0.90587324,1,0.0,0.0,0.0
1654,False,False,1.0,1,0.0,0.0,0.0
1655,False,False,0.84204453,1,0.0,0.0,0.0
1656,False,False,0.9373997,1,0.0,0.0,0.0
1657,False,False,0.9912263,1,0.0,0.0,0.0
1658,False,False,1.0,1,0.0,0.0,0.0
1659,False,False,0.8121948,1,0.0,0.0,0.0
1660,False,False,1.0,1,0.0,0.0,0.0
1661,False,False,0.9585703,1,0.0,0.0,0.0
1662,False,False,0.93686694,1,0.0,0.0,0.0
1663,False,False,0.28303072,1,0.0,0.0,0.0
1664,False,False,0.91250545,1,0.0,0.0,0.0
1665,False,False,0.9030876,1,0.0,0.0,0.0
1666,False,True,0.0,0,1.0,0.0,1.0
1667,False,False,1.0,1,0.0,0.0,0.0
1668,False,False,0.9299056,1,0.0,0.0,0.0
1669,False,False,0.96625006,1,0.0,0.0,0.0
1670,False,False,1.0,1,0.0,0.0,0.0
1671,False,False,1.0,1,0.0,0.0,0.0
1672,False,False,0.88663197,1,0.0,0.0,0.0
1673,False,False,0.8478901,1,0.0,0.0,0.0
1674,False,False,0.9246897,1,0.0,0.0,0.0
1675,False,False,1.0,1,0.0,0.0,0.0
1676,False,False,0.9371439,1,0.0,0.0,0.0
1677,False,False,0.93495905,1,0.0,0.0,0.0
1678,False,False,0.8923689,1,0.0,0.0,0.0
1679,False,False,0.72028977,1,0.0,0.0,0.0
1680,False,False,1.0,1,0.0,0.0,0.0
1681,False,False,1.0,1,0.0,0.0,0.0
1682,False,False,0.0,0,1.0,0.0,1.0
1683,False,False,0.93840665,1,0.0,0.0,0.0
1684,False,False,0.90806645,1,0.0,0.0,0.0
1685,False,True,0.0,0,1.0,0.0,1.0
1686,False,False,0.9304876,1,0.0,0.0,0.0
1687,False,False,0.9320906,1,0.0,0.0,0.0
1688,False,False,1.0,1,0.0,0.0,0.0
1689,False,False,0.9553521,1,0.0,0.0,0.0
1690,False,False,0.991161,1,0.0,0.0,0.0
1691,False,False,0.96250004,1,0.0,0.0,0.0
1692,False,False,0.9186298,1,0.0,0.0,0.0
1693,False,False,0.0,0,1.0,0.0,0.0
1694,False,False,1.0,1,0.0,0.0,0.0
1695,False,False,0.9362074,1,0.0,0.0,0.0
1696,False,False,0.8963976,1,0.0,0.0,0.0
1697,False,False,0.96999997,1,0.0,0.0,0.0
1698,False,False,1.0,1,0.0,0.0,0.0
1699,False,False,0.86863846,1,0.0,0.0,0.0
1700,False,False,1.0,1,0.0,0.0,0.0
1701,False,False,0.92200756,1,0.0,0.0,0.0
1702,False,False,0.895,1,0.0,0.0,0.0
1703,False,False,0.9915577,1,0.0,0.0,0.0
1704,False,False,0.96250004,1,0.0,0.0,0.0
1705,False,False,0.8553425,1,0.0,0.0,0.0
1706,False,False,0.95874995,1,0.0,0.0,0.0
1707,False,False,1.0,1,0.0,0.0,0.0
1708,False,False,1.0,1,0.0,0.0,0.0
1709,False,False,0.92875004,1,0.0,0.0,0.0
1710,False,False,0.92466414,1,0.0,0.0,0.0
1711,False,False,0.93042785,1,0.0,0.0,0.0
1712,False,False,0.8937001,1,0.0,0.0,0.0
1713,False,False,0.8978855,1,0.0,0.0,0.0
1714,False,False,1.0,1,0.0,0.0,0.0
1715,False,False,0.9332984,1,0.0,0.0,0.0
1716,False,False,0.96158564,1,0.0,0.0,0.0
1717,False,False,0.97749996,1,0.0,0.0,0.0
1718,False,False,0.8828641,1,0.0,0.0,0.0
1719,False,False,0.85037005,1,0.0,0.0,0.0
1720,False,False,0.9559404,1,0.0,0.0,0.0
1721,False,False,0.91385144,1,0.0,0.0,0.0
1722,False,False,0.89141005,1,0.0,0.0,0.0
1723,False,False,1.0,1,0.0,0.0,0.0
1724,False,False,0.0,0,1.0,0.0,0.0
1725,False,False,0.928768,1,0.0,0.0,0.0
1726,False,False,1.0,1,0.0,0.0,0.0
1727,False,False,0.9365393,1,0.0,0.0,0.0
1728,False,False,1.0,1,0.0,0.0,0.0
1729,False,False,0.7460425,1,0.0,0.0,0.0
1730,False,False,0.938894,1,0.0,0.0,0.0
1731,False,False,0.9549999,1,0.0,0.0,0.0
1732,False,False,1.0,1,0.0,0.0,0.0
1733,False,False,0.9428936,1,0.0,0.0,0.0
1734,False,False,0.8485405,1,0.0,0.0,0.0
1735,False,False,0.9060532,1,0.0,0.0,0.0
1736,False,False,0.92762184,1,0.0,0.0,0.0
1737,False,False,1.0,1,0.0,0.0,0.0
1738,False,False,1.0,1,0.0,0.0,0.0
1739,False,False,1.0,1,0.0,0.0,0.0
1740,False,False,0.8962185,1,0.0,0.0,0.0
1741,False,False,0.97749996,1,0.0,0.0,0.0
1742,False,False,1.0,1,0.0,0.0,0.0
1743,False,False,1.0,1,0.0,0.0,0.0
1744,False,False,1.0,1,0.0,0.0,0.0
1745,False,False,0.96625006,1,0.0,0.0,0.0
1746,False,False,0.9320103,1,0.0,0.0,0.0
1747,False,False,0.48679343,1,0.0,0.0,0.0
1748,False,False,0.96203154,1,0.0,0.0,0.0
1749,False,False,0.84007114,1,0.0,0.0,0.0
1750,False,False,0.8408166,1,0.0,0.0,0.0
1751,False,False,0.9133358,1,0.0,0.0,0.0
1752,False,False,0.83351815,1,0.0,0.0,0.0
1753,False,False,0.8963606,1,0.0,0.0,0.0
1754,False,False,1.0,1,0.0,0.0,0.0
1755,False,False,1.0,1,0.0,0.0,0.0
1756,False,False,0.95125,1,0.0,0.0,0.0
1757,False,False,1.0,1,0.0,0.0,0.0
1758,False,False,0.91146547,1,0.0,0.0,0.0
1759,False,False,1.0,1,0.0,0.0,0.0
1760,False,False,1.0,1,0.0,0.0,0.0
1761,False,False,1.0,1,0.0,0.0,0.0
1762,False,False,0.92110234,1,0.0,0.0,0.0
1763,False,False,0.8572864,1,0.0,0.0,0.0
1764,False,False,1.0,1,0.0,0.0,0.0
1765,False,False,1.0,1,0.0,0.0,0.0
1766,False,False,0.97375005,1,0.0,0.0,0.0
1767,False,False,0.91242754,1,0.0,0.0,0.0
1768,False,False,0.8577038,1,0.0,0.0,0.0
1769,False,False,0.95287573,1,0.0,0.0,0.0
1770,False,False,0.8173132,1,0.0,0.0,0.0
1771,False,False,1.0,1,0.0,0.0,0.0
1772,False,False,0.8957631,1,0.0,0.0,0.0
1773,False,False,0.9078602,1,0.0,0.0,0.0
1774,False,False,0.0,0,1.0,0.0,1.0
1775,False,False,0.95500004,1,0.0,0.0,0.0
1776,False,False,0.88276446,1,0.0,0.0,0.0
1777,False,False,0.97749996,1,0.0,0.0,0.0
1778,False,False,0.29307637,1,0.0,0.0,0.0
1779,False,False,1.0,1,0.0,0.0,0.0
1780,False,False,1.0,1,0.0,0.0,0.0
1781,False,False,0.8785515,1,0.0,0.0,0.0
1782,False,False,0.7235801,1,0.0,0.0,0.0
1783,False,False,0.8748978,1,0.0,0.0,0.0
1784,False,False,0.9181718,1,0.0,0.0,0.0
1785,False,False,0.0,0,1.0,0.0,1.0
1786,False,False,0.88607925,1,0.0,0.0,0.0
1787,False,False,1.0,1,0.0,0.0,0.0
1788,False,False,0.8937276,1,0.0,0.0,0.0
1789,False,False,1.0,1,0.0,0.0,0.0
1790,False,False,0.9931955,1,0.0,0.0,0.0
1791,False,False,0.89375633,1,0.0,0.0,0.0
1792,False,False,0.96250004,1,0.0,0.0,0.0
1793,False,False,0.98178196,1,0.0,0.0,0.0
1794,False,False,0.8319637,1,0.0,0.0,0.0
1795,False,False,0.9503689,1,0.0,0.0,0.0
1796,False,False,1.0,1,0.0,0.0,0.0
1797,False,False,0.9208378,1,0.0,0.0,0.0
1798,False,False,1.0,1,0.0,0.0,0.0
1799,True,False,0.0,0,1.0,0.0,1.0
1800,False,False,0.85386556,1,0.0,0.0,0.0
1801,False,False,0.88577235,1,0.0,0.0,0.0
1802,False,False,1.0,1,0.0,0.0,0.0
1803,False,False,0.9307966,1,0.0,0.0,0.0
1804,False,False,0.94785386,1,0.0,0.0,0.0
1805,False,False,0.84348595,1,0.0,0.0,0.0
1806,False,False,0.8034382,1,0.0,0.0,0.0
1807,False,False,0.91964,1,0.0,0.0,0.0
1808,False,False,0.95645964,1,0.0,0.0,0.0
1809,False,False,1.0,1,0.0,0.0,0.0
1810,False,False,1.0,1,0.0,0.0,0.0
1811,False,False,0.88933796,1,0.0,0.0,0.0
1812,False,False,0.90585804,1,0.0,0.0,0.0
1813,False,False,1.0,1,0.0,0.0,0.0
1814,False,False,0.9402966,1,0.0,0.0,0.0
1815,False,False,0.97749996,1,0.0,0.0,0.0
1816,False,False,0.93173754,1,0.0,0.0,0.0
1817,False,False,1.0,1,0.0,0.0,0.0
1818,False,False,0.95488864,1,0.0,0.0,0.0
1819,False,False,0.86974204,1,0.0,0.0,0.0
1820,False,False,1.0,1,0.0,0.0,0.0
1821,False,False,0.69337523,1,0.0,0.0,0.0
1822,False,False,1.0,1,0.0,0.0,0.0
1823,False,False,0.8514922,1,0.0,0.0,0.0
1824,False,False,0.97381973,1,0.0,0.0,0.0
1825,False,False,1.0,1,0.0,0.0,0.0
1826,False,False,0.95125,1,0.0,0.0,0.0
1827,False,False,0.84812653,1,0.0,0.0,0.0
1828,False,False,0.9212061,1,0.0,0.0,0.0
1829,False,False,0.8733746,1,0.0,0.0,0.0
1830,False,False,0.93906796,1,0.0,0.0,0.0
1831,False,False,1.0,1,0.0,0.0,0.0
1832,False,False,1.0,1,0.0,0.0,0.0
1833,False,False,0.84709007,1,0.0,0.0,0.0
1834,False,False,0.88747483,1,0.0,0.0,0.0
1835,False,False,0.6389131,1,0.0,0.0,0.0
1836,False,False,0.8723259,1,0.0,0.0,0.0
1837,False,False,0.8949596,1,0.0,0.0,0.0
1838,False,False,1.0,1,0.0,0.0,0.0
1839,False,False,1.0,1,0.0,0.0,0.0
1840,False,False,1.0,1,0.0,0.0,0.0
1841,False,False,0.9405762,1,0.0,0.0,0.0
1842,False,False,1.0,1,0.0,0.0,0.0
1843,False,False,0.9222032,1,0.0,0.0,0.0
1844,False,False,1.0,1,0.0,0.0,0.0
1845,False,False,0.91942877,1,0.0,0.0,0.0
1846,False,False,0.83821183,1,0.0,0.0,0.0
1847,False,False,0.9476375,1,0.0,0.0,0.0
1848,False,False,1.0,1,0.0,0.0,0.0
1849,False,False,0.88674223,1,0.0,0.0,0.0
1850,False,False,0.8249041,1,0.0,0.0,0.0
1851,False,False,1.0,1,0.0,0.0,0.0
1852,False,False,0.92834663,1,0.0,0.0,0.0
1853,False,False,0.8867971,1,0.0,0.0,0.0
1854,False,False,0.91250956,1,0.0,0.0,0.0
1855,False,False,0.9035737,1,0.0,0.0,0.0
1856,False,False,0.9980861,1,0.0,0.0,0.0
1857,False,False,1.0,1,0.0,0.0,0.0
1858,False,False,1.0,1,0.0,0.0,0.0
1859,False,False,0.79243356,1,0.0,0.0,0.0
1860,False,False,1.0,1,0.0,0.0,0.0
1861,False,False,1.0,1,0.0,0.0,0.0
1862,False,False,1.0,1,0.0,0.0,0.0
1863,False,False,0.8978985,1,0.0,0.0,0.0
1864,False,False,0.9301017,1,0.0,0.0,0.0
1865,False,False,0.97431564,1,0.0,0.0,0.0
1866,False,False,0.0,0,1.0,0.0,1.0
1867,False,False,1.0,1,0.0,0.0,0.0
1868,True,False,0.0,0,1.0,0.0,1.0
1869,False,False,0.96625006,1,0.0,0.0,0.0
1870,False,False,1.0,1,0.0,0.0,0.0
1871,False,False,0.905044,1,0.0,0.0,0.0
1872,False,False,0.92373127,1,0.0,0.0,0.0
1873,False,False,0.9117069,1,0.0,0.0,0.0
1874,False,False,1.0,1,0.0,0.0,0.0
1875,False,False,1.0,1,0.0,0.0,0.0
1876,False,False,0.96250004,1,0.0,0.0,0.0
1877,False,False,0.92430586,1,0.0,0.0,0.0
1878,False,False,0.923487,1,0.0,0.0,0.0
1879,False,False,0.92136556,1,0.0,0.0,0.0
1880,False,False,1.0,1,0.0,0.0,0.0
1881,False,False,0.8636614,1,0.0,0.0,0.0
1882,False,False,1.0,1,0.0,0.0,0.0
1883,False,False,1.0,1,0.0,0.0,0.0
1884,False,False,0.8813702,1,0.0,0.0,0.0
1885,False,False,0.9651007,1,0.0,0.0,0.0
1886,False,False,0.9341292,1,0.0,0.0,0.0
1887,False,False,0.9279751,1,0.0,0.0,0.0
1888,False,False,0.9181299,1,0.0,0.0,0.0
1889,False,False,1.0,1,0.0,0.0,0.0
1890,False,False,1.0,1,0.0,0.0,0.0
1891,False,False,1.0,1,0.0,0.0,0.0
1892,False,False,0.88257736,1,0.0,0.0,0.0
1893,False,False,0.92992735,1,0.0,0.0,0.0
1894,False,False,0.8698363,1,0.0,0.0,0.0
1895,False,False,1.0,1,0.0,0.0,0.0
1896,False,False,0.93503857,1,0.0,0.0,0.0
1897,False,False,0.93593675,1,0.0,0.0,0.0
1898,False,False,1.0,1,0.0,0.0,0.0
1899,False,False,0.9211465,1,0.0,0.0,0.0
1900,False,False,1.0,1,0.0,0.0,0.0
1901,False,False,0.84963286,1,0.0,0.0,0.0
1902,False,False,1.0,1,0.0,0.0,0.0
1903,False,False,0.73337716,1,0.0,0.0,0.0
1904,False,False,0.7955386,1,0.0,0.0,0.0
1905,False,False,0.89918244,1,0.0,0.0,0.0
1906,False,False,0.8154589,1,0.0,0.0,0.0
1907,False,False,0.7602977,1,0.0,0.0,0.0
1908,False,False,0.8783415,1,0.0,0.0,0.0
1909,False,False,1.0,1,0.0,0.0,0.0
1910,False,False,0.7175558,1,0.0,0.0,0.0
1911,False,False,1.0,1,0.0,0.0,0.0
1912,False,False,0.8875,1,0.0,0.0,0.0
1913,False,False,0.93870133,1,0.0,0.0,0.0
1914,False,False,1.0,1,0.0,0.0,0.0
1915,False,False,1.0,1,0.0,0.0,0.0
1916,False,False,0.99121994,1,0.0,0.0,0.0
1917,False,False,0.88770926,1,0.0,0.0,0.0
1918,False,False,1.0,1,0.0,0.0,0.0
1919,False,False,1.0,1,0.0,0.0,0.0
1920,False,False,0.84148616,1,0.0,0.0,0.0
1921,False,False,0.87294084,1,0.0,0.0,0.0
1922,False,False,0.9287264,1,0.0,0.0,0.0
1923,False,False,1.0,1,0.0,0.0,0.0
1924,False,False,0.95500004,1,0.0,0.0,0.0
1925,False,False,0.9426886,1,0.0,0.0,0.0
1926,False,False,0.783038,1,0.0,0.0,0.0
1927,False,False,0.89008963,1,0.0,0.0,0.0
1928,False,False,0.96625006,1,0.0,0.0,0.0
1929,False,False,1.0,1,0.0,0.0,0.0
1930,False,False,1.0,1,0.0,0.0,0.0
1931,False,False,0.9071331,1,0.0,0.0,0.0
1932,False,False,0.9300623,1,0.0,0.0,0.0
1933,False,False,0.8492573,1,0.0,0.0,0.0
1934,False,False,0.99119514,1,0.0,0.0,0.0
1935,False,False,0.8790026,1,0.0,0.0,0.0
1936,False,False,1.0,1,0.0,0.0,0.0
1937,False,False,1.0,1,0.0,0.0,0.0
1938,False,False,0.87174934,1,0.0,0.0,0.0
1939,False,False,1.0,1,0.0,0.0,0.0
1940,False,False,0.85442466,1,0.0,0.0,0.0
1941,False,False,0.95500004,1,0.0,0.0,0.0
1942,False,False,0.9580696,1,0.0,0.0,0.0
1943,False,False,0.0,0,1.0,0.0,1.0
1944,False,False,1.0,1,0.0,0.0,0.0
1945,False,False,0.0,0,1.0,0.0,1.0
1946,False,False,0.92463666,1,0.0,0.0,0.0
1947,False,False,0.9826307,1,0.0,0.0,0.0
1948,False,False,0.9639746,1,0.0,0.0,0.0
1949,False,False,0.8864275,1,0.0,0.0,0.0
1950,False,False,0.8966114,1,0.0,0.0,0.0
1951,False,False,0.9135298,1,0.0,0.0,0.0
1952,False,False,0.97749996,1,0.0,0.0,0.0
1953,False,False,0.8719088,1,0.0,0.0,0.0
1954,False,False,0.9483914,1,0.0,0.0,0.0
1955,False,False,0.9123535,1,0.0,0.0,0.0
1956,False,False,0.64247614,1,0.0,0.0,0.0
1957,False,False,1.0,1,0.0,0.0,0.0
1958,False,False,1.0,1,0.0,0.0,0.0
1959,False,False,1.0,1,0.0,0.0,0.0
1960,False,False,0.97375005,1,0.0,0.0,0.0
1961,False,False,0.9825762,1,0.0,0.0,0.0
1962,False,False,0.9083519,1,0.0,0.0,0.0
1963,False,False,0.9123179,1,0.0,0.0,0.0
1964,False,False,0.94054145,1,0.0,0.0,0.0
1965,False,False,1.0,1,0.0,0.0,0.0
1966,False,False,1.0,1,0.0,0.0,0.0
1967,False,False,1.0,1,0.0,0.0,0.0
1968,False,False,0.0,0,1.0,0.0,1.0
1969,False,False,0.88535255,1,0.0,0.0,0.0
1970,False,False,0.97749996,1,0.0,0.0,0.0
1971,False,False,0.84799767,1,0.0,0.0,0.0
1972,False,False,1.0,1,0.0,0.0,0.0
1973,False,False,0.94929916,1,0.0,0.0,0.0
1974,False,False,1.0,1,0.0,0.0,0.0
1975,False,False,0.90262073,1,0.0,0.0,0.0
1976,False,False,0.94085085,1,0.0,0.0,0.0
1977,False,False,0.95046663,1,0.0,0.0,0.0
1978,False,False,0.8817728,1,0.0,0.0,0.0
1979,False,False,0.0,0,1.0,0.0,0.0
1980,False,False,1.0,1,0.0,0.0,0.0
1981,False,False,0.9419045,1,0.0,0.0,0.0
1982,False,False,0.87994975,1,0.0,0.0,0.0
1983,False,False,0.970115,1,0.0,0.0,0.0
1984,False,False,1.0,1,0.0,0.0,0.0
1985,False,False,0.911359,1,0.0,0.0,0.0
1986,False,False,1.0,1,0.0,0.0,0.0
1987,False,False,1.0,1,0.0,0.0,0.0
1988,False,False,0.87626094,1,0.0,0.0,0.0
1989,False,False,0.9124571,1,0.0,0.0,0.0
1990,False,False,0.8516001,1,0.0,0.0,0.0
1991,False,False,0.8963432,1,0.0,0.0,0.0
1992,False,False,1.0,1,0.0,0.0,0.0
1993,False,False,0.93625003,1,0.0,0.0,0.0
1994,False,False,0.0,0,1.0,0.0,1.0
1995,False,False,0.8290433,1,0.0,0.0,0.0
1996,False,False,0.9260103,1,0.0,0.0,0.0
1997,False,False,0.9385993,1,0.0,0.0,0.0
1998,False,False,0.95500004,1,0.0,0.0,0.0
1999,False,False,0.66624755,1,0.0,0.0,0.0
2000,False,False,0.95978516,1,0.0,0.0,0.0
2001,False,False,0.8677929,1,0.0,0.0,0.0
2002,False,False,0.85559124,1,0.0,0.0,0.0
2003,False,False,1.0,1,0.0,0.0,0.0
2004,False,False,0.9562195,1,0.0,0.0,0.0
2005,False,False,0.8070307,1,0.0,0.0,0.0
2006,False,False,0.991487,1,0.0,0.0,0.0
2007,False,False,0.7815296,1,0.0,0.0,0.0
2008,False,False,0.8708027,1,0.0,0.0,0.0
2009,False,False,0.92136806,1,0.0,0.0,0.0
2010,False,False,0.9874693,1,0.0,0.0,0.0
2011,False,False,1.0,1,0.0,0.0,0.0
2012,False,False,0.9823875,1,0.0,0.0,0.0
2013,False,False,0.9560246,1,0.0,0.0,0.0
2014,False,False,0.9356182,1,0.0,0.0,0.0
2015,False,False,1.0,1,0.0,0.0,0.0
2016,False,False,0.9400164,1,0.0,0.0,0.0
2017,False,False,1.0,1,0.0,0.0,0.0
2018,False,False,1.0,1,0.0,0.0,0.0
2019,False,False,0.8594534,1,0.0,0.0,0.0
2020,False,False,0.8129307,1,0.0,0.0,0.0
2021,False,False,0.95500004,1,0.0,0.0,0.0
2022,False,False,0.8581444,1,0.0,0.0,0.0
2023,False,False,0.92497486,1,0.0,0.0,0.0
2024,False,False,1.0,1,0.0,0.0,0.0
2025,False,False,0.94723856,1,0.0,0.0,0.0
2026,False,False,0.8027527,1,0.0,0.0,0.0
2027,False,False,0.9208865,1,0.0,0.0,0.0
2028,False,False,1.0,1,0.0,0.0,0.0
2029,False,False,0.8227641,1,0.0,0.0,0.0
2030,False,False,0.90445036,1,0.0,0.0,0.0
2031,False,False,0.9382128,1,0.0,0.0,0.0
2032,False,False,0.9752251,1,0.0,0.0,0.0
2033,False,False,1.0,1,0.0,0.0,0.0
2034,False,False,0.869095,1,0.0,0.0,0.0
2035,False,False,0.99952984,1,0.0,0.0,0.0
2036,False,False,0.92174476,1,0.0,0.0,0.0
2037,False,False,0.0,0,1.0,0.0,1.0
2038,False,False,1.0,1,0.0,0.0,0.0
2039,False,False,0.0,0,0.0,1.0,0.0
2040,False,False,0.90482014,1,0.0,0.0,0.0
2041,False,False,0.96625006,1,0.0,0.0,0.0
2042,False,False,1.0,1,0.0,0.0,0.0
2043,False,False,0.88560724,1,0.0,0.0,0.0
2044,False,False,0.88079625,1,0.0,0.0,0.0
2045,False,False,0.8289198,1,0.0,0.0,0.0
2046,False,False,0.9477946,1,0.0,0.0,0.0
2047,False,False,0.96625006,1,0.0,0.0,0.0
2048,False,False,0.9325129,1,0.0,0.0,0.0
2049,False,False,0.95500004,1,0.0,0.0,0.0
2050,False,False,1.0,1,0.0,0.0,0.0
2051,False,False,0.97225827,1,0.0,0.0,0.0
2052,False,False,1.0,1,0.0,0.0,0.0
2053,False,False,0.8481826,1,0.0,0.0,0.0
2054,False,False,0.9454075,1,0.0,0.0,0.0
2055,False,False,1.0,1,0.0,0.0,0.0
2056,False,False,1.0,1,0.0,0.0,0.0
2057,False,False,0.8862966,1,0.0,0.0,0.0
2058,False,False,1.0,1,0.0,0.0,0.0
2059,False,False,0.90788615,1,0.0,0.0,0.0
2060,False,False,0.9993169,1,0.0,0.0,0.0
2061,False,False,0.9309044,1,0.0,0.0,0.0
2062,False,False,0.96250004,1,0.0,0.0,0.0
2063,False,False,0.9292795,1,0.0,0.0,0.0
2064,False,False,0.96999997,1,0.0,0.0,0.0
2065,False,False,1.0,1,0.0,0.0,0.0
2066,False,False,1.0,1,0.0,0.0,0.0
2067,False,False,0.0,0,0.0,1.0,0.0
2068,False,False,0.0,0,1.0,0.0,1.0
2069,False,False,0.0,0,1.0,0.0,1.0
2070,False,False,1.0,1,0.0,0.0,0.0
2071,False,False,0.95967895,1,0.0,0.0,0.0
2072,False,False,0.96625006,1,0.0,0.0,0.0
2073,False,False,0.94835377,1,0.0,0.0,0.0
2074,False,False,0.8046303,1,0.0,0.0,0.0
2075,False,False,1.0,1,0.0,0.0,0.0
2076,False,False,0.8688156,1,0.0,0.0,0.0
2077,False,False,0.9027311,1,0.0,0.0,0.0
2078,False,False,0.8675737,1,0.0,0.0,0.0
2079,False,False,0.94750005,1,0.0,0.0,0.0
2080,False,False,1.0,1,0.0,0.0,0.0
2081,False,False,0.0,0,1.0,0.0,2.0
2082,False,False,1.0,1,0.0,0.0,0.0
2083,False,False,0.78474444,1,0.0,0.0,0.0
2084,False,False,0.9568168,1,0.0,0.0,0.0
2085,False,False,0.9220285,1,0.0,0.0,0.0
2086,False,False,0.83145076,1,0.0,0.0,0.0
2087,False,False,0.9181158,1,0.0,0.0,0.0
2088,False,False,1.0,1,0.0,0.0,0.0
2089,False,False,0.84012014,1,0.0,0.0,0.0
2090,False,False,0.91221637,1,0.0,0.0,0.0
2091,False,False,1.0,1,0.0,0.0,0.0
2092,False,False,0.9574656,1,0.0,0.0,0.0
2093,False,False,1.0,1,0.0,0.0,0.0
2094,False,False,0.93600655,1,0.0,0.0,0.0
2095,False,False,0.9395013,1,0.0,0.0,0.0
2096,False,False,0.97749996,1,0.0,0.0,0.0
2097,False,False,1.0,1,0.0,0.0,0.0
2098,False,False,1.0,1,0.0,0.0,0.0
2099,False,False,0.9907543,1,0.0,0.0,0.0
2100,False,False,0.93017656,1,0.0,0.0,0.0
2101,True,False,0.0,0,1.0,0.0,1.0
2102,False,False,1.0,1,0.0,0.0,0.0
2103,False,False,0.92300093,1,0.0,0.0,0.0
2104,False,False,0.9400372,1,0.0,0.0,0.0
2105,False,False,0.83213085,1,0.0,0.0,0.0
2106,False,False,0.93166333,1,0.0,0.0,0.0
2107,False,False,0.8277109,1,0.0,0.0,0.0
2108,False,False,0.92739576,1,0.0,0.0,0.0
2109,False,False,0.96250004,1,0.0,0.0,0.0
2110,False,False,1.0,1,0.0,0.0,0.0
2111,False,False,0.8316145,1,0.0,0.0,0.0
2112,False,False,0.9126031,1,0.0,0.0,0.0
2113,False,False,1.0,1,0.0,0.0,0.0
2114,False,False,0.9937019,1,0.0,0.0,0.0
2115,False,False,0.94,1,0.0,0.0,0.0
2116,False,False,1.0,1,0.0,0.0,0.0
2117,False,False,0.8873486,1,0.0,0.0,0.0
2118,False,False,0.93359435,1,0.0,0.0,0.0
2119,False,False,0.96958154,1,0.0,0.0,0.0
2120,False,False,1.0,1,0.0,0.0,0.0
2121,False,False,0.9044429,1,0.0,0.0,0.0
2122,False,False,0.9453829,1,0.0,0.0,0.0
2123,False,False,0.88410133,1,0.0,0.0,0.0
2124,False,False,1.0,1,0.0,0.0,0.0
2125,False,False,0.9573245,1,0.0,0.0,0.0
2126,False,False,0.8792929,1,0.0,0.0,0.0
2127,False,False,0.94375,1,0.0,0.0,0.0
2128,False,False,0.97749996,1,0.0,0.0,0.0
2129,False,False,0.7350301,1,0.0,0.0,0.0
2130,False,False,0.8584978,1,0.0,0.0,0.0
2131,False,False,0.88904935,1,0.0,0.0,0.0
2132,False,False,1.0,1,0.0,0.0,0.0
2133,False,False,0.78629047,1,0.0,0.0,0.0
2134,False,False,0.83164036,1,0.0,0.0,0.0
2135,False,False,0.94877404,1,0.0,0.0,0.0
2136,False,False,0.97749996,1,0.0,0.0,0.0
2137,False,False,0.91994494,1,0.0,0.0,0.0
2138,False,False,0.91908056,1,0.0,0.0,0.0
2139,True,False,0.0,0,1.0,0.0,1.0
2140,False,False,0.95874995,1,0.0,0.0,0.0
2141,False,False,0.9081692,1,0.0,0.0,0.0
2142,False,False,0.93160456,1,0.0,0.0,0.0
2143,False,False,0.9691828,1,0.0,0.0,0.0
2144,False,False,0.92235166,1,0.0,0.0,0.0
2145,False,False,1.0,1,0.0,0.0,0.0
2146,False,False,0.96625006,1,0.0,0.0,0.0
2147,False,False,1.0,1,0.0,0.0,0.0
2148,False,False,1.0,1,0.0,0.0,0.0
2149,False,False,0.90150225,1,0.0,0.0,0.0
2150,False,False,0.8901642,1,0.0,0.0,0.0
2151,False,False,1.0,1,0.0,0.0,0.0
2152,False,False,0.89531386,1,0.0,0.0,0.0
2153,False,False,0.86246127,1,0.0,0.0,0.0
2154,False,False,0.8375763,1,0.0,0.0,0.0
2155,False,False,0.92362994,1,0.0,0.0,0.0
2156,False,False,0.87718356,1,0.0,0.0,0.0
2157,False,False,0.8489208,1,0.0,0.0,0.0
2158,False,False,0.8913695,1,0.0,0.0,0.0
2159,False,False,0.8627597,1,0.0,0.0,0.0
2160,False,False,0.9160137,1,0.0,0.0,0.0
2161,False,False,0.8541113,1,0.0,0.0,0.0
2162,False,False,0.92228335,1,0.0,0.0,0.0
2163,False,False,0.9130686,1,0.0,0.0,0.0
2164,False,False,0.8302931,1,0.0,0.0,0.0
2165,False,False,0.9025344,1,0.0,0.0,0.0
2166,False,False,0.8034469,1,0.0,0.0,0.0
2167,False,False,0.8881378,1,0.0,0.0,0.0
2168,False,False,1.0,1,0.0,0.0,0.0
2169,False,False,0.84071106,1,0.0,0.0,0.0
2170,False,False,0.9124436,1,0.0,0.0,0.0
2171,False,False,0.86383957,1,0.0,0.0,0.0
2172,False,False,0.28696278,1,0.0,0.0,0.0
2173,False,False,0.97749996,1,0.0,0.0,0.0
2174,True,False,0.0,0,1.0,0.0,1.0
2175,False,False,1.0,1,0.0,0.0,0.0
2176,False,False,0.8611652,1,0.0,0.0,0.0
2177,False,False,0.794705,1,0.0,0.0,0.0
2178,False,False,0.8950934,1,0.0,0.0,0.0
2179,False,False,1.0,1,0.0,0.0,0.0
2180,False,False,0.938639,1,0.0,0.0,0.0
2181,False,False,0.8765799,1,0.0,0.0,0.0
2182,False,False,1.0,1,0.0,0.0,0.0
2183,False,False,0.8687175,1,0.0,0.0,0.0
2184,False,False,0.9024426,1,0.0,0.0,0.0
2185,False,False,0.91156405,1,0.0,0.0,0.0
2186,False,False,0.8451517,1,0.0,0.0,0.0
2187,False,False,1.0,1,0.0,0.0,0.0
2188,False,False,0.92124766,1,0.0,0.0,0.0
2189,False,False,1.0,1,0.0,0.0,0.0
2190,False,False,0.92985886,1,0.0,0.0,0.0
2191,False,False,1.0,1,0.0,0.0,0.0
2192,False,False,0.8869654,1,0.0,0.0,0.0
2193,False,False,0.94229823,1,0.0,0.0,0.0
2194,False,False,0.9121439,1,0.0,0.0,0.0
2195,False,False,0.757205,1,0.0,0.0,0.0
2196,False,False,0.917355,1,0.0,0.0,0.0
2197,False,False,0.92089427,1,0.0,0.0,0.0
2198,False,False,0.9175,1,0.0,0.0,0.0
2199,False,False,0.8728442,1,0.0,0.0,0.0
2200,False,False,0.91496086,1,0.0,0.0,0.0
2201,False,False,0.8848463,1,0.0,0.0,0.0
2202,False,False,0.8275024,1,0.0,0.0,0.0
2203,False,False,0.91193265,1,0.0,0.0,0.0
2204,False,False,0.8434989,1,0.0,0.0,0.0
2205,False,False,1.0,1,0.0,0.0,0.0
2206,False,False,0.913184,1,0.0,0.0,0.0
2207,False,False,0.7516853,1,0.0,0.0,0.0
2208,False,False,0.903186,1,0.0,0.0,0.0
2209,False,False,1.0,1,0.0,0.0,0.0
2210,False,False,0.9175,1,0.0,0.0,0.0
2211,False,False,0.92975825,1,0.0,0.0,0.0
2212,False,False,0.9025,1,0.0,0.0,0.0
2213,False,False,0.94772035,1,0.0,0.0,0.0
2214,False,False,1.0,1,0.0,0.0,0.0
2215,False,False,1.0,1,0.0,0.0,0.0
2216,False,False,1.0,1,0.0,0.0,0.0
2217,False,False,1.0,1,0.0,0.0,0.0
2218,False,False,0.96625006,1,0.0,0.0,0.0
2219,False,False,0.96625006,1,0.0,0.0,0.0
2220,False,False,0.9407126,1,0.0,0.0,0.0
2221,False,False,0.83425504,1,0.0,0.0,0.0
2222,False,False,0.9394962,1,0.0,0.0,0.0
2223,False,False,1.0,1,0.0,0.0,0.0
2224,False,False,0.92944956,1,0.0,0.0,0.0
2225,False,False,0.97506565,1,0.0,0.0,0.0
2226,False,False,0.89990014,1,0.0,0.0,0.0
2227,False,False,1.0,1,0.0,0.0,0.0
2228,False,False,0.97749996,1,0.0,0.0,0.0
2229,False,False,0.93889105,1,0.0,0.0,0.0
2230,False,False,0.9460657,1,0.0,0.0,0.0
2231,False,False,0.8730316,1,0.0,0.0,0.0
2232,False,False,1.0,1,0.0,0.0,0.0
2233,False,False,1.0,1,0.0,0.0,0.0
2234,False,False,0.9264973,1,0.0,0.0,0.0
2235,False,False,0.8658142,1,0.0,0.0,0.0
2236,False,False,0.86554766,1,0.0,0.0,0.0
2237,False,False,0.87875336,1,0.0,0.0,0.0
2238,False,False,1.0,1,0.0,0.0,0.0
2239,False,False,0.9712412,1,0.0,0.0,0.0
2240,False,False,0.8642666,1,0.0,0.0,0.0
2241,False,False,0.8423414,1,0.0,0.0,0.0
2242,False,False,0.88885814,1,0.0,0.0,0.0
2243,False,False,0.85534877,1,0.0,0.0,0.0
2244,False,False,0.869209,1,0.0,0.0,0.0
2245,False,False,1.0,1,0.0,0.0,0.0
2246,False,False,0.89688504,1,0.0,0.0,0.0
2247,False,False,1.0,1,0.0,0.0,0.0
2248,False,False,0.8042305,1,0.0,0.0,0.0
2249,False,False,0.9224852,1,0.0,0.0,0.0
2250,False,False,0.95033044,1,0.0,0.0,0.0
2251,False,False,1.0,1,0.0,0.0,0.0
2252,False,False,1.0,1,0.0,0.0,0.0
2253,False,False,0.96250004,1,0.0,0.0,0.0
2254,False,False,1.0,1,0.0,0.0,0.0
2255,False,False,0.91684455,1,0.0,0.0,0.0
2256,False,False,1.0,1,0.0,0.0,0.0
2257,False,False,0.8457848,1,0.0,0.0,0.0
2258,False,False,1.0,1,0.0,0.0,0.0
2259,False,False,0.94749993,1,0.0,0.0,0.0
2260,False,False,0.93978846,1,0.0,0.0,0.0
2261,False,False,1.0,1,0.0,0.0,0.0
2262,False,False,0.9213719,1,0.0,0.0,0.0
2263,False,False,0.921109,1,0.0,0.0,0.0
2264,False,False,1.0,1,0.0,0.0,0.0
2265,False,False,0.8611237,1,0.0,0.0,0.0
2266,False,False,1.0,1,0.0,0.0,0.0
2267,False,False,0.9072987,1,0.0,0.0,0.0
2268,False,False,0.9100899,1,0.0,0.0,0.0
2269,False,False,0.83097804,1,0.0,0.0,0.0
2270,False,False,1.0,1,0.0,0.0,0.0
2271,False,False,0.97749996,1,0.0,0.0,0.0
2272,False,False,0.91206723,1,0.0,0.0,0.0
2273,False,False,1.0,1,0.0,0.0,0.0
2274,False,False,0.9387409,1,0.0,0.0,0.0
2275,False,False,1.0,1,0.0,0.0,0.0
2276,False,False,0.92007256,1,0.0,0.0,0.0
2277,False,False,0.92251223,1,0.0,0.0,0.0
2278,False,False,0.28310207,1,0.0,0.0,0.0
2279,False,False,0.0,0,1.0,0.0,0.0
2280,False,False,0.8923902,1,0.0,0.0,0.0
2281,False,False,0.93889874,1,0.0,0.0,0.0
2282,False,False,1.0,1,0.0,0.0,0.0
2283,False,False,0.93886036,1,0.0,0.0,0.0
2284,False,False,1.0,1,0.0,0.0,0.0
2285,False,False,0.7679594,1,0.0,0.0,0.0
2286,False,False,0.82235354,1,0.0,0.0,0.0
2287,False,False,0.92244035,1,0.0,0.0,0.0
2288,False,False,0.8818144,1,0.0,0.0,0.0
2289,False,False,0.93809384,1,0.0,0.0,0.0
2290,False,False,1.0,1,0.0,0.0,0.0
2291,False,False,1.0,1,0.0,0.0,0.0
2292,False,False,0.8206736,1,0.0,0.0,0.0
2293,False,False,0.9210534,1,0.0,0.0,0.0
2294,False,False,0.8549887,1,0.0,0.0,0.0
2295,False,False,0.0,0,1.0,0.0,1.0
2296,False,False,0.0,0,0.0,1.0,0.0
2297,False,False,0.76561695,1,0.0,0.0,0.0
2298,False,False,0.8288475,1,0.0,0.0,0.0
2299,False,False,0.82375,1,0.0,0.0,0.0
2300,False,False,0.90210104,1,0.0,0.0,0.0
2301,False,True,0.0,0,1.0,0.0,1.0
2302,False,False,0.89277107,1,0.0,0.0,0.0
2303,False,False,0.8451784,1,0.0,0.0,0.0
2304,False,False,0.97749996,1,0.0,0.0,0.0
2305,False,False,0.89646477,1,0.0,0.0,0.0
2306,False,False,0.8519749,1,0.0,0.0,0.0
2307,False,False,0.0,0,0.0,1.0,0.0
2308,False,False,0.997124,1,0.0,0.0,0.0
2309,False,False,0.9365241,1,0.0,0.0,0.0
2310,False,False,1.0,1,0.0,0.0,0.0
2311,False,False,1.0,1,0.0,0.0,0.0
2312,False,False,0.95202047,1,0.0,0.0,0.0
2313,False,False,0.89968777,1,0.0,0.0,0.0
2314,False,False,0.98989123,1,0.0,0.0,0.0
2315,False,False,0.8388767,1,0.0,0.0,0.0
2316,False,False,0.8034582,1,0.0,0.0,0.0
2317,False,False,1.0,1,0.0,0.0,0.0
2318,False,False,0.95874995,1,0.0,0.0,0.0
2319,False,False,1.0,1,0.0,0.0,0.0
2320,False,False,1.0,1,0.0,0.0,0.0
2321,False,True,0.0,0,1.0,0.0,1.0
2322,False,False,0.90441465,1,0.0,0.0,0.0
2323,False,False,0.94905657,1,0.0,0.0,0.0
2324,False,False,0.9174248,1,0.0,0.0,0.0
2325,False,False,0.97749996,1,0.0,0.0,0.0
2326,False,False,0.93393624,1,0.0,0.0,0.0
2327,False,False,0.0,0,1.0,0.0,1.0
2328,False,False,0.0,0,1.0,0.0,1.0
2329,False,False,0.9308694,1,0.0,0.0,0.0
2330,False,False,0.83754283,1,0.0,0.0,0.0
2331,False,False,1.0,1,0.0,0.0,0.0
2332,False,False,0.0,0,1.0,0.0,2.0
2333,False,False,0.9756099,1,0.0,0.0,0.0
2334,False,False,1.0,1,0.0,0.0,0.0
2335,False,False,0.79544944,1,0.0,0.0,0.0
2336,False,False,0.92012066,1,0.0,0.0,0.0
2337,False,False,1.0,1,0.0,0.0,0.0
2338,False,False,0.9116313,1,0.0,0.0,0.0
2339,False,False,0.8668442,1,0.0,0.0,0.0
2340,False,False,1.0,1,0.0,0.0,0.0
2341,False,False,0.89602375,1,0.0,0.0,0.0
2342,False,False,0.95285416,1,0.0,0.0,0.0
2343,False,False,0.77817434,1,0.0,0.0,0.0
2344,False,False,0.954019,1,0.0,0.0,0.0
2345,False,False,0.8322858,1,0.0,0.0,0.0
2346,False,False,0.95181465,1,0.0,0.0,0.0
2347,False,False,0.89611596,1,0.0,0.0,0.0
2348,False,False,1.0,1,0.0,0.0,0.0
2349,False,False,0.9810541,1,0.0,0.0,0.0
2350,False,False,0.84502167,1,0.0,0.0,0.0
2351,False,False,0.9379387,1,0.0,0.0,0.0
2352,False,False,0.6997389,1,0.0,0.0,0.0
2353,False,False,0.92875,1,0.0,0.0,0.0
2354,False,False,1.0,1,0.0,0.0,0.0
2355,False,False,0.7675248,1,0.0,0.0,0.0
2356,False,False,1.0,1,0.0,0.0,0.0
2357,False,False,1.0,1,0.0,0.0,0.0
2358,False,False,0.9305646,1,0.0,0.0,0.0
2359,False,False,0.9213845,1,0.0,0.0,0.0
2360,False,False,1.0,1,0.0,0.0,0.0
2361,False,False,1.0,1,0.0,0.0,0.0
2362,False,False,0.93864423,1,0.0,0.0,0.0
2363,False,False,1.0,1,0.0,0.0,0.0
2364,False,False,0.9899015,1,0.0,0.0,0.0
2365,False,False,1.0,1,0.0,0.0,0.0
2366,False,False,1.0,1,0.0,0.0,0.0
2367,False,False,0.97749996,1,0.0,0.0,0.0
2368,False,False,0.97749996,1,0.0,0.0,0.0
2369,False,False,1.0,1,0.0,0.0,0.0
2370,False,False,0.9449808,1,0.0,0.0,0.0
2371,False,False,0.9114297,1,0.0,0.0,0.0
2372,False,False,0.8739377,1,0.0,0.0,0.0
2373,False,False,0.8675499,1,0.0,0.0,0.0
2374,False,False,0.8760191,1,0.0,0.0,0.0
2375,False,False,0.95125,1,0.0,0.0,0.0
2376,False,False,0.88217324,1,0.0,0.0,0.0
2377,False,False,1.0,1,0.0,0.0,0.0
2378,False,False,1.0,1,0.0,0.0,0.0
2379,False,False,1.0,1,0.0,0.0,0.0
2380,False,False,0.8808991,1,0.0,0.0,0.0
2381,False,False,0.8486404,1,0.0,0.0,0.0
2382,False,False,0.8352791,1,0.0,0.0,0.0
2383,False,False,1.0,1,0.0,0.0,0.0
2384,False,False,0.8208845,1,0.0,0.0,0.0
2385,False,False,0.9215023,1,0.0,0.0,0.0
2386,False,False,1.0,1,0.0,0.0,0.0
2387,False,False,0.92067665,1,0.0,0.0,0.0
2388,False,False,0.7674206,1,0.0,0.0,0.0
2389,False,False,1.0,1,0.0,0.0,0.0
2390,False,False,0.88836116,1,0.0,0.0,0.0
2391,False,False,0.9431917,1,0.0,0.0,0.0
2392,False,False,1.0,1,0.0,0.0,0.0
2393,False,False,0.9202728,1,0.0,0.0,0.0
2394,False,False,0.89058065,1,0.0,0.0,0.0
2395,False,False,1.0,1,0.0,0.0,0.0
2396,False,False,1.0,1,0.0,0.0,0.0
2397,False,False,0.9435601,1,0.0,0.0,0.0
2398,False,False,0.8810379,1,0.0,0.0,0.0
2399,False,False,0.9058804,1,0.0,0.0,0.0
2400,False,False,1.0,1,0.0,0.0,0.0
2401,False,False,1.0,1,0.0,0.0,0.0
2402,False,False,0.92875004,1,0.0,0.0,0.0
2403,False,False,0.0,0,0.0,1.0,0.0
2404,False,False,0.7981291,1,0.0,0.0,0.0
2405,False,False,1.0,1,0.0,0.0,0.0
2406,False,False,0.97236884,1,0.0,0.0,0.0
2407,False,False,1.0,1,0.0,0.0,0.0
2408,False,False,0.8575,1,0.0,0.0,0.0
2409,False,False,1.0,1,0.0,0.0,0.0
2410,False,False,0.0,0,1.0,0.0,1.0
2411,False,False,1.0,1,0.0,0.0,0.0
2412,False,False,0.94817525,1,0.0,0.0,0.0
2413,False,False,1.0,1,0.0,0.0,0.0
2414,False,False,0.999973,1,0.0,0.0,0.0
2415,True,False,0.0,0,1.0,0.0,1.0
2416,False,False,1.0,1,0.0,0.0,0.0
2417,False,False,0.9148402,1,0.0,0.0,0.0
2418,False,False,0.9048838,1,0.0,0.0,0.0
2419,False,False,1.0,1,0.0,0.0,0.0
2420,False,False,0.89216805,1,0.0,0.0,0.0
2421,False,False,0.92200375,1,0.0,0.0,0.0
2422,False,False,0.9061719,1,0.0,0.0,0.0
2423,False,False,0.9124382,1,0.0,0.0,0.0
2424,False,False,0.93460673,1,0.0,0.0,0.0
2425,False,False,0.96625006,1,0.0,0.0,0.0
2426,False,False,0.91332436,1,0.0,0.0,0.0
2427,False,False,1.0,1,0.0,0.0,0.0
2428,False,False,0.9655836,1,0.0,0.0,0.0
2429,False,False,1.0,1,0.0,0.0,0.0
2430,False,False,0.9921779,1,0.0,0.0,0.0
2431,False,False,1.0,1,0.0,0.0,0.0
2432,False,False,0.9500292,1,0.0,0.0,0.0
2433,False,False,0.7627868,1,0.0,0.0,0.0
2434,False,False,0.93989736,1,0.0,0.0,0.0
2435,False,False,0.9434876,1,0.0,0.0,0.0
2436,False,False,0.97749996,1,0.0,0.0,0.0
2437,False,False,0.0,0,0.0,1.0,0.0
2438,False,False,1.0,1,0.0,0.0,0.0
2439,False,False,0.98266566,1,0.0,0.0,0.0
2440,False,False,0.8863516,1,0.0,0.0,0.0
2441,False,False,0.96250004,1,0.0,0.0,0.0
2442,False,False,0.9432998,1,0.0,0.0,0.0
2443,False,False,0.873336,1,0.0,0.0,0.0
2444,False,False,1.0,1,0.0,0.0,0.0
2445,False,False,0.85501903,1,0.0,0.0,0.0
2446,False,False,0.90455097,1,0.0,0.0,0.0
2447,False,False,0.6698918,1,0.0,0.0,0.0
2448,False,False,0.9212288,1,0.0,0.0,0.0
2449,False,False,1.0,1,0.0,0.0,0.0
2450,False,False,0.9633965,1,0.0,0.0,0.0
2451,False,False,0.9513189,1,0.0,0.0,0.0
2452,False,False,1.0,1,0.0,0.0,0.0
2453,False,False,0.90484715,1,0.0,0.0,0.0
2454,False,False,0.92103285,1,0.0,0.0,0.0
2455,False,False,0.96625006,1,0.0,0.0,0.0
2456,False,False,0.96625006,1,0.0,0.0,0.0
2457,False,False,0.9413803,1,0.0,0.0,0.0
2458,False,False,0.91982347,1,0.0,0.0,0.0
2459,False,False,1.0,1,0.0,0.0,0.0
2460,False,False,0.0,0,1.0,0.0,1.0
2461,False,False,0.8946419,1,0.0,0.0,0.0
2462,False,False,0.7777416,1,0.0,0.0,0.0
2463,False,False,0.9673296,1,0.0,0.0,0.0
2464,False,False,0.8874693,1,0.0,0.0,0.0
2465,False,False,0.9538768,1,0.0,0.0,0.0
2466,False,False,1.0,1,0.0,0.0,0.0
2467,False,False,0.92972946,1,0.0,0.0,0.0
2468,False,False,0.0,0,0.0,1.0,0.0
2469,False,False,0.94771475,1,0.0,0.0,0.0
2470,False,False,0.92600816,1,0.0,0.0,0.0
2471,False,False,0.9801683,1,0.0,0.0,0.0
2472,False,False,0.91185266,1,0.0,0.0,0.0
2473,False,True,0.0,0,1.0,0.0,1.0
2474,False,False,1.0,1,0.0,0.0,0.0
2475,False,False,1.0,1,0.0,0.0,0.0
2476,False,False,1.0,1,0.0,0.0,0.0
2477,False,False,0.7872658,1,0.0,0.0,0.0
2478,False,False,1.0,1,0.0,0.0,0.0
2479,False,False,0.9213945,1,0.0,0.0,0.0
2480,False,False,0.89351743,1,0.0,0.0,0.0
2481,False,False,0.84076226,1,0.0,0.0,0.0
2482,False,False,0.74302566,1,0.0,0.0,0.0
2483,False,False,0.9542741,1,0.0,0.0,0.0
2484,False,False,0.94753593,1,0.0,0.0,0.0
2485,False,False,0.9748753,1,0.0,0.0,0.0
2486,False,False,0.9181885,1,0.0,0.0,0.0
2487,False,False,0.96625006,1,0.0,0.0,0.0
2488,False,False,1.0,1,0.0,0.0,0.0
2489,False,False,0.940077,1,0.0,0.0,0.0
2490,False,False,1.0,1,0.0,0.0,0.0
2491,False,False,0.9137454,1,0.0,0.0,0.0
2492,False,False,0.96999997,1,0.0,0.0,0.0
2493,False,False,0.9212168,1,0.0,0.0,0.0
2494,False,False,0.92883027,1,0.0,0.0,0.0
2495,False,False,0.83689517,1,0.0,0.0,0.0
2496,False,False,0.88227636,1,0.0,0.0,0.0
2497,False,False,0.88758194,1,0.0,0.0,0.0
2498,False,False,1.0,1,0.0,0.0,0.0
2499,False,False,0.8997143,1,0.0,0.0,0.0
2500,False,False,1.0,1,0.0,0.0,0.0
2501,False,False,0.8912501,1,0.0,0.0,0.0
2502,False,False,0.8666197,1,0.0,0.0,0.0
2503,False,False,0.950081,1,0.0,0.0,0.0
2504,False,False,0.96133137,1,0.0,0.0,0.0
2505,False,False,0.8878302,1,0.0,0.0,0.0
2506,False,False,0.8605053,1,0.0,0.0,0.0
2507,False,False,0.8789501,1,0.0,0.0,0.0
2508,False,False,0.9388709,1,0.0,0.0,0.0
2509,False,False,0.8724163,1,0.0,0.0,0.0
2510,False,False,0.97749996,1,0.0,0.0,0.0
2511,False,False,0.9095332,1,0.0,0.0,0.0
2512,False,False,1.0,1,0.0,0.0,0.0
2513,False,False,1.0,1,0.0,0.0,0.0
2514,False,False,0.825597,1,0.0,0.0,0.0
2515,False,False,1.0,1,0.0,0.0,0.0
2516,False,False,0.9156138,1,0.0,0.0,0.0
2517,False,False,0.94544727,1,0.0,0.0,0.0
2518,False,False,0.97749996,1,0.0,0.0,0.0
2519,False,False,0.806461,1,0.0,0.0,0.0
2520,False,False,0.87329334,1,0.0,0.0,0.0
2521,False,False,0.92462486,1,0.0,0.0,0.0
2522,False,False,0.91793805,1,0.0,0.0,0.0
2523,False,False,1.0,1,0.0,0.0,0.0
2524,False,False,0.90459347,1,0.0,0.0,0.0
2525,False,False,0.8449384,1,0.0,0.0,0.0
2526,False,False,0.94709396,1,0.0,0.0,0.0
2527,False,False,0.9474943,1,0.0,0.0,0.0
2528,False,False,0.88014334,1,0.0,0.0,0.0
2529,False,False,0.8574478,1,0.0,0.0,0.0
2530,False,False,0.92428225,1,0.0,0.0,0.0
2531,False,False,0.92610914,1,0.0,0.0,0.0
2532,False,False,0.90479374,1,0.0,0.0,0.0
2533,False,False,0.9297606,1,0.0,0.0,0.0
2534,True,False,0.0,0,1.0,0.0,1.0
2535,False,False,1.0,1,0.0,0.0,0.0
2536,False,False,1.0,1,0.0,0.0,0.0
2537,False,False,0.9133398,1,0.0,0.0,0.0
2538,False,False,0.0,0,1.0,0.0,1.0
2539,False,False,0.9789569,1,0.0,0.0,0.0
2540,False,False,0.9261015,1,0.0,0.0,0.0
2541,False,False,1.0,1,0.0,0.0,0.0
2542,False,False,1.0,1,0.0,0.0,0.0
2543,False,False,0.0,0,0.0,1.0,0.0
2544,False,False,0.9102852,1,0.0,0.0,0.0
2545,False,False,0.9005231,1,0.0,0.0,0.0
2546,False,False,0.8480652,1,0.0,0.0,0.0
2547,False,False,0.9302727,1,0.0,0.0,0.0
2548,False,False,0.7497578,1,0.0,0.0,0.0
2549,False,False,0.90264684,1,0.0,0.0,0.0
2550,False,False,1.0,1,0.0,0.0,0.0
2551,False,False,0.7266744,1,0.0,0.0,0.0
2552,False,False,0.90399885,1,0.0,0.0,0.0
2553,False,False,0.8163883,1,0.0,0.0,0.0
2554,False,False,0.9307699,1,0.0,0.0,0.0
2555,False,False,1.0,1,0.0,0.0,0.0
2556,False,False,0.96250004,1,0.0,0.0,0.0
2557,False,False,0.99088174,1,0.0,0.0,0.0
2558,False,False,0.90590364,1,0.0,0.0,0.0
2559,False,False,0.98125,1,0.0,0.0,0.0
2560,False,False,1.0,1,0.0,0.0,0.0
2561,False,False,0.8541237,1,0.0,0.0,0.0
2562,False,False,0.91902584,1,0.0,0.0,0.0
2563,False,False,1.0,1,0.0,0.0,0.0
2564,False,False,0.9483167,1,0.0,0.0,0.0
2565,False,False,1.0,1,0.0,0.0,0.0
2566,False,False,0.82982826,1,0.0,0.0,0.0
2567,False,False,0.97749996,1,0.0,0.0,0.0
2568,False,False,0.96625006,1,0.0,0.0,0.0
2569,False,False,0.9224973,1,0.0,0.0,0.0
2570,False,False,0.97749996,1,0.0,0.0,0.0
2571,False,False,0.86961144,1,0.0,0.0,0.0
2572,True,False,0.0,0,1.0,0.0,1.0
2573,False,False,0.95861167,1,0.0,0.0,0.0
2574,False,False,1.0,1,0.0,0.0,0.0
2575,False,False,0.8760578,1,0.0,0.0,0.0
2576,False,False,0.90757877,1,0.0,0.0,0.0
2577,False,False,1.0,1,0.0,0.0,0.0
2578,False,False,0.8955574,1,0.0,0.0,0.0
2579,False,False,1.0,1,0.0,0.0,0.0
2580,False,False,0.92920697,1,0.0,0.0,0.0
2581,False,False,0.98330545,1,0.0,0.0,0.0
2582,False,False,0.9039003,1,0.0,0.0,0.0
2583,False,False,1.0,1,0.0,0.0,0.0
2584,False,False,0.96625006,1,0.0,0.0,0.0
2585,False,False,0.913691,1,0.0,0.0,0.0
2586,False,False,0.8277386,1,0.0,0.0,0.0
2587,False,False,1.0,1,0.0,0.0,0.0
2588,False,False,0.8253107,1,0.0,0.0,0.0
2589,False,False,0.8231269,1,0.0,0.0,0.0
2590,False,False,1.0,1,0.0,0.0,0.0
2591,False,False,0.9046742,1,0.0,0.0,0.0
2592,False,False,0.8899965,1,0.0,0.0,0.0
2593,False,False,0.95636386,1,0.0,0.0,0.0
2594,False,False,0.8796425,1,0.0,0.0,0.0
2595,False,False,0.8123726,1,0.0,0.0,0.0
2596,False,False,0.97749996,1,0.0,0.0,0.0
2597,False,False,1.0,1,0.0,0.0,0.0
2598,False,False,0.5577414,1,0.0,0.0,0.0
2599,False,False,0.9850001,1,0.0,0.0,0.0
2600,False,False,0.8926471,1,0.0,0.0,0.0
2601,False,False,0.93172663,1,0.0,0.0,0.0
2602,False,False,1.0,1,0.0,0.0,0.0
2603,False,False,1.0,1,0.0,0.0,0.0
2604,False,False,0.86523706,1,0.0,0.0,0.0
2605,False,False,0.8843301,1,0.0,0.0,0.0
2606,False,False,0.92636055,1,0.0,0.0,0.0
2607,False,False,0.86318266,1,0.0,0.0,0.0
2608,False,False,0.8583609,1,0.0,0.0,0.0
2609,False,False,0.9492111,1,0.0,0.0,0.0
2610,False,False,1.0,1,0.0,0.0,0.0
2611,False,True,0.0,0,1.0,0.0,1.0
2612,False,False,0.8711238,1,0.0,0.0,0.0
2613,False,False,0.93011343,1,0.0,0.0,0.0
2614,False,False,0.94749874,1,0.0,0.0,0.0
2615,False,False,0.0,0,1.0,0.0,1.0
2616,False,False,0.97375005,1,0.0,0.0,0.0
2617,False,False,0.93425363,1,0.0,0.0,0.0
2618,False,False,0.96250004,1,0.0,0.0,0.0
2619,False,False,0.97749996,1,0.0,0.0,0.0
2620,False,False,1.0,1,0.0,0.0,0.0
2621,False,False,0.94,1,0.0,0.0,0.0
2622,False,False,1.0,1,0.0,0.0,0.0
2623,False,True,0.0,0,1.0,0.0,1.0
2624,False,False,0.85438555,1,0.0,0.0,0.0
2625,False,False,0.88686675,1,0.0,0.0,0.0
2626,False,False,1.0,1,0.0,0.0,0.0
2627,False,False,0.96250004,1,0.0,0.0,0.0
2628,False,False,0.96250004,1,0.0,0.0,0.0
2629,False,False,0.9921471,1,0.0,0.0,0.0
2630,False,False,0.94750005,1,0.0,0.0,0.0
2631,False,False,1.0,1,0.0,0.0,0.0
2632,False,False,0.9474425,1,0.0,0.0,0.0
2633,False,False,0.8816519,1,0.0,0.0,0.0
2634,False,False,0.92549956,1,0.0,0.0,0.0
2635,False,False,0.96625006,1,0.0,0.0,0.0
2636,False,False,0.857881,1,0.0,0.0,0.0
2637,False,False,1.0,1,0.0,0.0,0.0
2638,False,False,0.8656847,1,0.0,0.0,0.0
2639,False,False,1.0,1,0.0,0.0,0.0
2640,False,False,1.0,1,0.0,0.0,0.0
2641,False,False,0.8743946,1,0.0,0.0,0.0
2642,False,False,1.0,1,0.0,0.0,0.0
2643,False,False,0.89015675,1,0.0,0.0,0.0
2644,False,False,0.0,0,1.0,0.0,0.0
2645,False,False,0.8964762,1,0.0,0.0,0.0
2646,False,False,0.803215,1,0.0,0.0,0.0
2647,False,False,0.98262376,1,0.0,0.0,0.0
2648,False,False,1.0,1,0.0,0.0,0.0
2649,False,False,0.9813041,1,0.0,0.0,0.0
2650,False,False,0.0,0,0.0,1.0,0.0
2651,False,False,0.0,0,1.0,0.0,1.0
2652,False,False,1.0,1,0.0,0.0,0.0
2653,False,False,0.88089705,1,0.0,0.0,0.0
2654,False,False,0.88271314,1,0.0,0.0,0.0
2655,False,False,0.8246889,1,0.0,0.0,0.0
2656,False,False,1.0,1,0.0,0.0,0.0
2657,False,False,1.0,1,0.0,0.0,0.0
2658,False,False,0.96250004,1,0.0,0.0,0.0
2659,False,False,0.8823954,1,0.0,0.0,0.0
2660,False,False,0.9125757,1,0.0,0.0,0.0
2661,False,False,0.8905074,1,0.0,0.0,0.0
2662,False,False,1.0,1,0.0,0.0,0.0
2663,False,False,0.82589597,1,0.0,0.0,0.0
2664,True,False,0.0,0,1.0,0.0,1.0
2665,False,False,1.0,1,0.0,0.0,0.0
2666,False,False,1.0,1,0.0,0.0,0.0
2667,False,False,0.0,0,0.0,1.0,0.0
2668,False,False,0.8932273,1,0.0,0.0,0.0
2669,False,False,1.0,1,0.0,0.0,0.0
2670,False,False,0.9008446,1,0.0,0.0,0.0
2671,False,False,0.895,1,0.0,0.0,0.0
2672,False,False,0.96999997,1,0.0,0.0,0.0
2673,False,False,0.89166945,1,0.0,0.0,0.0
2674,False,False,0.9032435,1,0.0,0.0,0.0
2675,False,False,0.9558205,1,0.0,0.0,0.0
2676,False,False,0.9127156,1,0.0,0.0,0.0
2677,False,False,1.0,1,0.0,0.0,0.0
2678,False,False,0.8726861,1,0.0,0.0,0.0
2679,False,False,1.0,1,0.0,0.0,0.0
2680,False,False,1.0,1,0.0,0.0,0.0
2681,False,False,0.32264304,1,0.0,0.0,0.0
2682,False,False,0.91375,1,0.0,0.0,0.0
2683,False,False,1.0,1,0.0,0.0,0.0
2684,False,False,1.0,1,0.0,0.0,0.0
2685,False,False,0.9187377,1,0.0,0.0,0.0
2686,False,False,0.0,0,1.0,0.0,1.0
2687,False,False,0.0,0,1.0,0.0,2.0
2688,False,False,1.0,1,0.0,0.0,0.0
2689,False,True,0.0,0,1.0,0.0,1.0
2690,False,False,0.9421366,1,0.0,0.0,0.0
2691,False,False,1.0,1,0.0,0.0,0.0
2692,False,False,0.904412,1,0.0,0.0,0.0
2693,False,False,1.0,1,0.0,0.0,0.0
2694,False,False,0.81482756,1,0.0,0.0,0.0
2695,False,False,0.85259265,1,0.0,0.0,0.0
2696,False,False,1.0,1,0.0,0.0,0.0
2697,False,False,0.97296315,1,0.0,0.0,0.0
2698,False,False,0.9231224,1,0.0,0.0,0.0
2699,False,False,0.8352855,1,0.0,0.0,0.0
2700,False,False,0.8740757,1,0.0,0.0,0.0
2701,False,False,0.93199885,1,0.0,0.0,0.0
2702,False,False,0.8954701,1,0.0,0.0,0.0
2703,False,False,0.8936432,1,0.0,0.0,0.0
2704,False,False,0.94,1,0.0,0.0,0.0
2705,False,False,0.9224326,1,0.0,0.0,0.0
2706,False,False,1.0,1,0.0,0.0,0.0
2707,False,False,0.0,0,0.0,1.0,0.0
2708,False,False,0.91143745,1,0.0,0.0,0.0
2709,False,False,0.891533,1,0.0,0.0,0.0
2710,False,False,0.97375005,1,0.0,0.0,0.0
2711,False,False,0.97749996,1,0.0,0.0,0.0
2712,False,False,0.9215414,1,0.0,0.0,0.0
2713,False,False,0.94375,1,0.0,0.0,0.0
2714,False,False,0.8302954,1,0.0,0.0,0.0
2715,False,False,0.96625006,1,0.0,0.0,0.0
2716,False,False,0.9081196,1,0.0,0.0,0.0
2717,False,False,0.95461655,1,0.0,0.0,0.0
2718,False,False,0.8788808,1,0.0,0.0,0.0
2719,False,False,0.87755215,1,0.0,0.0,0.0
2720,False,False,0.0,0,0.0,1.0,0.0
2721,False,False,0.9582923,1,0.0,0.0,0.0
2722,False,False,0.8524918,1,0.0,0.0,0.0
2723,False,False,0.9316145,1,0.0,0.0,0.0
2724,False,False,0.9491423,1,0.0,0.0,0.0
2725,False,False,1.0,1,0.0,0.0,0.0
2726,False,False,0.9254428,1,0.0,0.0,0.0
2727,False,False,1.0,1,0.0,0.0,0.0
2728,False,False,0.97749996,1,0.0,0.0,0.0
2729,False,False,0.91127414,1,0.0,0.0,0.0
2730,False,False,0.9659304,1,0.0,0.0,0.0
2731,False,False,0.95704174,1,0.0,0.0,0.0
2732,False,False,0.93609524,1,0.0,0.0,0.0
2733,False,False,0.9159465,1,0.0,0.0,0.0
2734,False,False,0.83782846,1,0.0,0.0,0.0
2735,False,False,1.0,1,0.0,0.0,0.0
2736,False,False,0.8697945,1,0.0,0.0,0.0
2737,False,False,0.9595709,1,0.0,0.0,0.0
2738,False,False,1.0,1,0.0,0.0,0.0
2739,False,False,0.94942075,1,0.0,0.0,0.0
2740,False,False,0.84841007,1,0.0,0.0,0.0
2741,False,False,0.86734027,1,0.0,0.0,0.0
2742,False,False,1.0,1,0.0,0.0,0.0
2743,False,False,1.0,1,0.0,0.0,0.0
2744,False,False,0.9460288,1,0.0,0.0,0.0
2745,False,False,0.87960625,1,0.0,0.0,0.0
2746,False,False,0.8861932,1,0.0,0.0,0.0
2747,False,False,0.0,0,0.0,1.0,0.0
2748,False,False,1.0,1,0.0,0.0,0.0
2749,False,False,1.0,1,0.0,0.0,0.0
2750,False,False,0.91369075,1,0.0,0.0,0.0
2751,False,False,0.9127313,1,0.0,0.0,0.0
2752,False,False,0.8717148,1,0.0,0.0,0.0
2753,False,False,0.99992126,1,0.0,0.0,0.0
2754,False,False,0.96593326,1,0.0,0.0,0.0
2755,False,False,0.907451,1,0.0,0.0,0.0
2756,False,False,0.0,0,1.0,0.0,1.0
2757,False,False,0.9039876,1,0.0,0.0,0.0
2758,False,False,0.9912893,1,0.0,0.0,0.0
2759,False,False,1.0,1,0.0,0.0,0.0
2760,False,False,0.0,0,1.0,0.0,1.0
2761,False,False,0.68730605,1,0.0,0.0,0.0
2762,False,False,0.9216861,1,0.0,0.0,0.0
2763,False,False,1.0,1,0.0,0.0,0.0
2764,False,False,0.87491935,1,0.0,0.0,0.0
2765,False,False,0.9325,1,0.0,0.0,0.0
2766,False,False,0.8861626,1,0.0,0.0,0.0
2767,False,False,0.8487803,1,0.0,0.0,0.0
2768,False,False,0.85715485,1,0.0,0.0,0.0
2769,False,False,1.0,1,0.0,0.0,0.0
2770,False,False,1.0,1,0.0,0.0,0.0
2771,False,False,0.89975375,1,0.0,0.0,0.0
2772,False,False,1.0,1,0.0,0.0,0.0
2773,False,False,1.0,1,0.0,0.0,0.0
2774,False,False,1.0,1,0.0,0.0,0.0
2775,False,False,0.96625006,1,0.0,0.0,0.0
2776,False,False,0.8406003,1,0.0,0.0,0.0
2777,False,False,0.8158941,1,0.0,0.0,0.0
2778,False,False,0.7817438,1,0.0,0.0,0.0
2779,False,False,0.0,0,1.0,0.0,1.0
2780,False,False,0.8522466,1,0.0,0.0,0.0
2781,False,False,0.85405684,1,0.0,0.0,0.0
2782,False,False,0.9212276,1,0.0,0.0,0.0
2783,False,False,0.98356324,1,0.0,0.0,0.0
2784,False,False,0.8178116,1,0.0,0.0,0.0
2785,False,False,0.9300173,1,0.0,0.0,0.0
2786,False,False,1.0,1,0.0,0.0,0.0
2787,False,False,0.0,0,1.0,0.0,1.0
2788,False,False,0.7922191,1,0.0,0.0,0.0
2789,False,False,0.92124766,1,0.0,0.0,0.0
2790,False,False,1.0,1,0.0,0.0,0.0
2791,False,False,0.8677869,1,0.0,0.0,0.0
2792,False,False,0.9196148,1,0.0,0.0,0.0
2793,False,False,0.8242325,1,0.0,0.0,0.0
2794,False,False,0.88989365,1,0.0,0.0,0.0
2795,False,False,0.96624994,1,0.0,0.0,0.0
2796,False,False,0.96625006,1,0.0,0.0,0.0
2797,False,False,0.9462782,1,0.0,0.0,0.0
2798,False,False,0.989606,1,0.0,0.0,0.0
2799,False,False,1.0,1,0.0,0.0,0.0
2800,False,False,1.0,1,0.0,0.0,0.0
2801,False,False,0.86494774,1,0.0,0.0,0.0
2802,False,False,0.89885217,1,0.0,0.0,0.0
2803,False,False,0.9168028,1,0.0,0.0,0.0
2804,False,False,0.95500004,1,0.0,0.0,0.0
2805,False,False,0.9650588,1,0.0,0.0,0.0
2806,False,False,0.95500004,1,0.0,0.0,0.0
2807,False,False,1.0,1,0.0,0.0,0.0
2808,False,False,0.9256796,1,0.0,0.0,0.0
2809,False,False,0.91251004,1,0.0,0.0,0.0
2810,False,False,1.0,1,0.0,0.0,0.0
2811,False,False,0.87324995,1,0.0,0.0,0.0
2812,False,False,0.9251642,1,0.0,0.0,0.0
2813,False,False,0.95500004,1,0.0,0.0,0.0
2814,False,False,0.90138495,1,0.0,0.0,0.0
2815,False,False,0.86184436,1,0.0,0.0,0.0
2816,False,False,1.0,1,0.0,0.0,0.0
2817,False,False,0.9125902,1,0.0,0.0,0.0
2818,False,False,0.9358522,1,0.0,0.0,0.0
2819,False,False,1.0,1,0.0,0.0,0.0
2820,False,False,0.95385116,1,0.0,0.0,0.0
2821,False,False,1.0,1,0.0,0.0,0.0
2822,False,False,1.0,1,0.0,0.0,0.0
2823,False,False,1.0,1,0.0,0.0,0.0
2824,False,False,1.0,1,0.0,0.0,0.0
2825,False,False,0.9071126,1,0.0,0.0,0.0
2826,False,False,0.9649896,1,0.0,0.0,0.0
2827,False,False,1.0,1,0.0,0.0,0.0
2828,False,False,0.7701853,1,0.0,0.0,0.0
2829,False,False,0.97749996,1,0.0,0.0,0.0
2830,False,False,0.8699419,1,0.0,0.0,0.0
2831,False,False,0.9325,1,0.0,0.0,0.0
2832,False,False,1.0,1,0.0,0.0,0.0
2833,False,False,0.97749996,1,0.0,0.0,0.0
2834,False,False,0.85635054,1,0.0,0.0,0.0
2835,False,False,1.0,1,0.0,0.0,0.0
2836,False,False,0.91221774,1,0.0,0.0,0.0
2837,False,False,0.9469188,1,0.0,0.0,0.0
2838,False,False,1.0,1,0.0,0.0,0.0
2839,False,False,0.862558,1,0.0,0.0,0.0
2840,False,False,0.99234927,1,0.0,0.0,0.0
2841,False,False,1.0,1,0.0,0.0,0.0
2842,False,False,0.91382277,1,0.0,0.0,0.0
2843,False,False,0.9124802,1,0.0,0.0,0.0
2844,False,False,1.0,1,0.0,0.0,0.0
2845,False,False,1.0,1,0.0,0.0,0.0
2846,False,False,0.9380911,1,0.0,0.0,0.0
2847,False,False,0.8802967,1,0.0,0.0,0.0
2848,False,False,0.762413,1,0.0,0.0,0.0
2849,False,False,0.8662716,1,0.0,0.0,0.0
2850,False,False,0.9387353,1,0.0,0.0,0.0
2851,False,False,1.0,1,0.0,0.0,0.0
2852,False,False,0.97782993,1,0.0,0.0,0.0
2853,False,False,0.9794666,1,0.0,0.0,0.0
2854,False,False,1.0,1,0.0,0.0,0.0
2855,False,False,0.93625003,1,0.0,0.0,0.0
2856,False,False,0.88217753,1,0.0,0.0,0.0
2857,False,False,0.85253733,1,0.0,0.0,0.0
2858,False,False,0.97378665,1,0.0,0.0,0.0
2859,False,False,0.95892316,1,0.0,0.0,0.0
2860,False,False,1.0,1,0.0,0.0,0.0
2861,False,False,1.0,1,0.0,0.0,0.0
2862,False,False,0.9361356,1,0.0,0.0,0.0
2863,False,False,1.0,1,0.0,0.0,0.0
2864,False,False,0.86134577,1,0.0,0.0,0.0
2865,False,False,0.0,0,1.0,0.0,1.0
2866,False,False,0.72445506,1,0.0,0.0,0.0
2867,False,False,0.9401199,1,0.0,0.0,0.0
2868,False,False,1.0,1,0.0,0.0,0.0
2869,False,False,0.8764849,1,0.0,0.0,0.0
2870,False,False,0.9143513,1,0.0,0.0,0.0
2871,False,False,0.9656977,1,0.0,0.0,0.0
2872,False,False,0.9156088,1,0.0,0.0,0.0
2873,False,False,0.93034333,1,0.0,0.0,0.0
2874,False,False,1.0,1,0.0,0.0,0.0
2875,False,False,0.90918636,1,0.0,0.0,0.0
2876,False,False,0.0,0,0.0,1.0,0.0
2877,False,False,0.96625006,1,0.0,0.0,0.0
2878,False,False,1.0,1,0.0,0.0,0.0
2879,False,False,1.0,1,0.0,0.0,0.0
2880,False,False,0.9938924,1,0.0,0.0,0.0
2881,False,False,0.9980446,1,0.0,0.0,0.0
2882,False,False,0.97749996,1,0.0,0.0,0.0
2883,False,False,0.9097996,1,0.0,0.0,0.0
2884,False,False,1.0,1,0.0,0.0,0.0
2885,False,False,0.95384616,1,0.0,0.0,0.0
2886,False,False,0.7246651,1,0.0,0.0,0.0
2887,False,False,0.9997674,1,0.0,0.0,0.0
2888,False,False,0.90936375,1,0.0,0.0,0.0
2889,False,False,0.84782356,1,0.0,0.0,0.0
2890,False,False,1.0,1,0.0,0.0,0.0
2891,True,False,0.0,0,1.0,0.0,1.0
2892,False,False,0.9214655,1,0.0,0.0,0.0
2893,False,False,1.0,1,0.0,0.0,0.0
2894,False,False,0.96625006,1,0.0,0.0,0.0
2895,False,False,0.8719799,1,0.0,0.0,0.0
2896,False,False,1.0,1,0.0,0.0,0.0
2897,False,False,0.931585,1,0.0,0.0,0.0
2898,False,False,0.8942334,1,0.0,0.0,0.0
2899,False,False,0.85238534,1,0.0,0.0,0.0
2900,False,False,0.9153828,1,0.0,0.0,0.0
2901,False,False,0.99298,1,0.0,0.0,0.0
2902,False,False,0.85602075,1,0.0,0.0,0.0
2903,False,False,0.8523022,1,0.0,0.0,0.0
2904,False,False,1.0,1,0.0,0.0,0.0
2905,False,False,0.0,0,1.0,0.0,1.0
2906,False,False,0.8986208,1,0.0,0.0,0.0
2907,False,False,0.97749996,1,0.0,0.0,0.0
2908,False,False,0.81458247,1,0.0,0.0,0.0
2909,False,True,0.0,0,1.0,0.0,1.0
2910,False,False,1.0,1,0.0,0.0,0.0
2911,False,False,0.9572325,1,0.0,0.0,0.0
2912,False,False,0.92890215,1,0.0,0.0,0.0
2913,False,False,0.46205002,1,0.0,0.0,0.0
2914,False,False,1.0,1,0.0,0.0,0.0
2915,False,False,0.8343525,1,0.0,0.0,0.0
2916,False,False,0.95416033,1,0.0,0.0,0.0
2917,False,False,0.8892456,1,0.0,0.0,0.0
2918,False,False,0.91644377,1,0.0,0.0,0.0
2919,False,False,0.95794296,1,0.0,0.0,0.0
2920,False,False,1.0,1,0.0,0.0,0.0
2921,False,False,0.9042677,1,0.0,0.0,0.0
2922,True,False,0.0,0,1.0,0.0,1.0
2923,False,False,1.0,1,0.0,0.0,0.0
2924,False,False,0.99302596,1,0.0,0.0,0.0
2925,False,False,0.9937773,1,0.0,0.0,0.0
2926,False,False,1.0,1,0.0,0.0,0.0
2927,False,False,1.0,1,0.0,0.0,0.0
2928,False,False,0.96804106,1,0.0,0.0,0.0
2929,False,False,0.920008,1,0.0,0.0,0.0
2930,False,False,0.9216942,1,0.0,0.0,0.0
2931,False,False,0.92113227,1,0.0,0.0,0.0
2932,False,False,1.0,1,0.0,0.0,0.0
2933,False,False,0.7702926,1,0.0,0.0,0.0
2934,False,False,0.9566396,1,0.0,0.0,0.0
2935,False,False,1.0,1,0.0,0.0,0.0
2936,False,False,1.0,1,0.0,0.0,0.0
2937,False,False,0.9228159,1,0.0,0.0,0.0
2938,False,True,0.0,0,1.0,0.0,1.0
2939,False,False,0.8714657,1,0.0,0.0,0.0
2940,False,False,0.96250004,1,0.0,0.0,0.0
2941,False,False,0.9959505,1,0.0,0.0,0.0
2942,False,False,0.97376204,1,0.0,0.0,0.0
2943,False,False,1.0,1,0.0,0.0,0.0
2944,False,False,0.8968487,1,0.0,0.0,0.0
2945,False,False,0.99409276,1,0.0,0.0,0.0
2946,False,False,0.98229617,1,0.0,0.0,0.0
2947,False,False,0.79628414,1,0.0,0.0,0.0
2948,False,False,0.97749996,1,0.0,0.0,0.0
2949,False,False,1.0,1,0.0,0.0,0.0
2950,False,False,0.9684828,1,0.0,0.0,0.0
2951,False,False,0.92919797,1,0.0,0.0,0.0
2952,False,False,0.8114533,1,0.0,0.0,0.0
2953,False,False,0.9049328,1,0.0,0.0,0.0
2954,False,False,0.97749996,1,0.0,0.0,0.0
2955,False,False,0.0,0,1.0,0.0,0.0
2956,False,False,0.84054357,1,0.0,0.0,0.0
2957,False,False,0.9220238,1,0.0,0.0,0.0
2958,False,False,1.0,1,0.0,0.0,0.0
2959,False,False,0.98891276,1,0.0,0.0,0.0
2960,False,False,0.83867306,1,0.0,0.0,0.0
2961,False,False,0.96999997,1,0.0,0.0,0.0
2962,False,False,0.9174568,1,0.0,0.0,0.0
2963,False,False,0.90749896,1,0.0,0.0,0.0
2964,False,False,0.93036824,1,0.0,0.0,0.0
2965,False,False,1.0,1,0.0,0.0,0.0
2966,False,False,1.0,1,0.0,0.0,0.0
2967,False,False,1.0,1,0.0,0.0,0.0
2968,False,False,0.92111343,1,0.0,0.0,0.0
2969,False,False,1.0,1,0.0,0.0,0.0
2970,False,False,0.93138355,1,0.0,0.0,0.0
2971,False,False,1.0,1,0.0,0.0,0.0
2972,False,False,0.9818899,1,0.0,0.0,0.0
2973,False,False,0.8837747,1,0.0,0.0,0.0
2974,False,False,0.8961262,1,0.0,0.0,0.0
2975,False,False,0.94375,1,0.0,0.0,0.0
2976,False,False,0.85789174,1,0.0,0.0,0.0
2977,False,False,0.88788813,1,0.0,0.0,0.0
2978,False,False,1.0,1,0.0,0.0,0.0
2979,False,False,0.9325,1,0.0,0.0,0.0
2980,False,False,0.89342576,1,0.0,0.0,0.0
2981,False,False,0.9205292,1,0.0,0.0,0.0
2982,False,False,0.8658864,1,0.0,0.0,0.0
2983,False,False,1.0,1,0.0,0.0,0.0
2984,False,False,0.8828575,1,0.0,0.0,0.0
2985,False,False,0.7765096,1,0.0,0.0,0.0
2986,False,False,0.93436784,1,0.0,0.0,0.0
2987,False,False,0.9265105,1,0.0,0.0,0.0
2988,False,False,0.96999997,1,0.0,0.0,0.0
2989,False,False,1.0,1,0.0,0.0,0.0
2990,False,False,1.0,1,0.0,0.0,0.0
2991,False,False,0.98263943,1,0.0,0.0,0.0
2992,False,False,0.8189993,1,0.0,0.0,0.0
2993,False,False,0.8923794,1,0.0,0.0,0.0
2994,False,False,0.8803385,1,0.0,0.0,0.0
2995,False,False,0.946807,1,0.0,0.0,0.0
2996,False,False,1.0,1,0.0,0.0,0.0
2997,False,False,0.97749996,1,0.0,0.0,0.0
2998,False,False,0.94144076,1,0.0,0.0,0.0
2999,False,False,0.91143364,1,0.0,0.0,0.0
3000,False,False,0.99234813,1,0.0,0.0,0.0
3001,False,False,0.0,0,0.0,1.0,0.0
3002,False,False,0.9408371,1,0.0,0.0,0.0
3003,False,False,1.0,1,0.0,0.0,0.0
3004,False,False,0.8859668,1,0.0,0.0,0.0
3005,False,False,1.0,1,0.0,0.0,0.0
3006,False,False,0.8454427,1,0.0,0.0,0.0
3007,False,False,0.86741316,1,0.0,0.0,0.0
3008,False,False,1.0,1,0.0,0.0,0.0
3009,False,False,0.82700485,1,0.0,0.0,0.0
3010,False,False,1.0,1,0.0,0.0,0.0
3011,False,False,1.0,1,0.0,0.0,0.0
3012,False,False,0.96250004,1,0.0,0.0,0.0
3013,False,False,0.9064512,1,0.0,0.0,0.0
3014,False,False,0.0,0,1.0,0.0,1.0
3015,False,False,0.8736383,1,0.0,0.0,0.0
3016,False,False,0.91084844,1,0.0,0.0,0.0
3017,False,False,0.88445586,1,0.0,0.0,0.0
3018,False,False,0.82064265,1,0.0,0.0,0.0
3019,False,False,0.94922966,1,0.0,0.0,0.0
3020,False,False,0.9036585,1,0.0,0.0,0.0
3021,False,False,0.92382,1,0.0,0.0,0.0
3022,False,False,1.0,1,0.0,0.0,0.0
3023,False,False,0.94521123,1,0.0,0.0,0.0
3024,False,False,0.94926435,1,0.0,0.0,0.0
3025,False,False,0.99825877,1,0.0,0.0,0.0
3026,False,False,0.0,0,0.0,1.0,0.0
3027,False,False,1.0,1,0.0,0.0,0.0
3028,False,False,0.9649774,1,0.0,0.0,0.0
3029,False,False,0.97375005,1,0.0,0.0,0.0
3030,False,False,0.9162384,1,0.0,0.0,0.0
3031,False,False,0.895426,1,0.0,0.0,0.0
3032,False,False,0.97749996,1,0.0,0.0,0.0
3033,False,False,1.0,1,0.0,0.0,0.0
3034,False,False,0.0,0,1.0,0.0,1.0
3035,False,False,1.0,1,0.0,0.0,0.0
3036,False,False,0.0,0,1.0,0.0,1.0
3037,True,False,0.0,0,1.0,0.0,1.0
3038,False,False,0.85246485,1,0.0,0.0,0.0
3039,False,False,1.0,1,0.0,0.0,0.0
3040,False,False,0.9457489,1,0.0,0.0,0.0
3041,False,False,0.8284586,1,0.0,0.0,0.0
3042,False,False,0.806159,1,0.0,0.0,0.0
3043,False,False,0.91268206,1,0.0,0.0,0.0
3044,False,False,1.0,1,0.0,0.0,0.0
3045,False,False,0.8939068,1,0.0,0.0,0.0
3046,False,False,1.0,1,0.0,0.0,0.0
3047,False,False,0.92105657,1,0.0,0.0,0.0
3048,False,False,0.92589724,1,0.0,0.0,0.0
3049,False,False,0.91615295,1,0.0,0.0,0.0
3050,False,False,0.90308267,1,0.0,0.0,0.0
3051,False,False,0.9997681,1,0.0,0.0,0.0
3052,False,False,1.0,1,0.0,0.0,0.0
3053,True,False,0.0,0,1.0,0.0,1.0
3054,False,False,0.77358556,1,0.0,0.0,0.0
3055,False,False,0.92037296,1,0.0,0.0,0.0
3056,False,False,0.8487078,1,0.0,0.0,0.0
3057,False,False,0.90581846,1,0.0,0.0,0.0
3058,False,False,1.0,1,0.0,0.0,0.0
3059,False,False,0.95032245,1,0.0,0.0,0.0
3060,False,False,1.0,1,0.0,0.0,0.0
3061,False,False,0.8598315,1,0.0,0.0,0.0
3062,False,False,1.0,1,0.0,0.0,0.0
3063,False,False,1.0,1,0.0,0.0,0.0
3064,False,False,1.0,1,0.0,0.0,0.0
3065,False,False,1.0,1,0.0,0.0,0.0
3066,False,False,0.91227657,1,0.0,0.0,0.0
3067,False,False,0.967202,1,0.0,0.0,0.0
3068,False,False,1.0,1,0.0,0.0,0.0
3069,False,False,0.8612749,1,0.0,0.0,0.0
3070,False,False,1.0,1,0.0,0.0,0.0
3071,False,False,0.8932926,1,0.0,0.0,0.0
