scenario_index,group,reference_step,reference_seconds,window_s,window_steps,mean_accel,min_accel,mean_brake,max_brake,brake_impulse,throttle_impulse,mean_abs_steer,max_abs_steer,steer_effort,steer_persistence,steer_sign_flips,steer_total_variation,steer_variation_ratio,accel_total_variation,mean_abs_delta_steer,max_abs_delta_steer,mean_abs_delta_accel,max_abs_delta_accel,num_steer_transitions,window_max_abs_delta_steer,window_mean_abs_delta_steer,act_0010,excess_0010,sq_0010,max_excess_0010,act_0020,excess_0020,sq_0020,max_excess_0020,act_0030,excess_0030,sq_0030,max_excess_0030,act_0040,excess_0040,sq_0040,max_excess_0040,act_0050,excess_0050,sq_0050,max_excess_0050,act_0075,excess_0075,sq_0075,max_excess_0075,act_0100,excess_0100,sq_0100,max_excess_0100,act_0150,excess_0150,sq_0150,max_excess_0150
0,SAFE,78,7.800000000000001,3.0,30,-0.059288670495152476,-0.084658183157444,0.059288670495152476,0.084658183157444,0.17786601148545744,0.0,0.016315427686398227,0.04309287667274475,0.048946283059194684,0.2776257381909404,2,0.2481332259485498,0.5069500794962541,0.1597079373896122,0.00855631813615689,0.02963836584240198,0.005507170254814214,0.01507754996418953,29,0.02963836584240198,0.00855631813615689,0.3448275862068966,0.0023404690469133443,2.8032351991955343e-05,0.01963836584240198,0.10344827586206896,0.0005282670407202736,4.019279025271634e-06,0.009638365842401981,0.0,0.0,0.0,0.0,0.0,0.0,0.0,0.0,0.0,0.0,0.0,0.0,0.0,0.0,0.0,0.0,0.0,0.0,0.0,0.0,0.0,0.0,0.0,0.0
0,SAFE,78,7.800000000000001,2.0,20,-0.05250166077166796,-0.078951396048069,0.05250166077166796,0.078951396048069,0.10500332154333591,0.0,0.0149240824917797,0.025497911497950554,0.0298481649835594,0.18457984437075647,1,0.14108658744953573,0.47268092628286545,0.1024041660130024,0.007425609865765038,0.024780014529824257,0.005389692948052758,0.01507754996418953,19,0.024780014529824257,0.007425609865765038,0.21052631578947367,0.0017631973563938547,1.936381441425969e-05,0.014780014529824257,0.10526315789473684,0.0002990199125518924,1.2453155589945332e-06,0.0047800145298242565,0.0,0.0,0.0,0.0,0.0,0.0,0.0,0.0,0.0,0.0,0.0,0.0,0.0,0.0,0.0,0.0,0.0,0.0,0.0,0.0,0.0,0.0,0.0,0.0
0,SAFE,78,7.800000000000001,1.0,10,-0.038694446161389354,-0.05419222638010979,0.038694446161389354,0.05419222638010979,0.038694446161389354,0.0,0.014184560196008533,0.02493218332529068,0.014184560196008535,0.6370589539280722,1,0.07895161129999906,0.5566024229372402,0.06051946058869362,0.008772401255555451,0.024780014529824257,0.006724384509854847,0.01507754996418953,9,0.024780014529824257,0.008772401255555451,0.3333333333333333,0.0025110428847579494,2.7674748998014994e-05,0.014780014529824257,0.1111111111111111,0.0005311127255360285,2.5387265450367786e-06,0.0047800145298242565,0.0,0.0,0.0,0.0,0.0,0.0,0.0,0.0,0.0,0.0,0.0,0.0,0.0,0.0,0.0,0.0,0.0,0.0,0.0,0.0,0.0,0.0,0.0,0.0
0,SAFE,78,7.800000000000001,0.5,5,-0.039737872779369354,-0.05419222638010979,0.039737872779369354,0.05419222638010979,0.019868936389684677,0.0,0.02013233434408903,0.02493218332529068,0.010066167172044517,0.9999999006573324,0,0.017769171856343746,0.17652369355095618,0.03559770807623863,0.0044422929640859365,0.008040325716137886,0.008899427019059658,0.01507754996418953,4,0.008040325716137886,0.0044422929640859365,0.0,0.0,0.0,0.0,0.0,0.0,0.0,0.0,0.0,0.0,0.0,0.0,0.0,0.0,0.0,0.0,0.0,0.0,0.0,0.0,0.0,0.0,0.0,0.0,0.0,0.0,0.0,0.0,0.0,0.0,0.0,0.0
24,FIXED_COLLISION,24,2.4000000000000004,2.0,20,-0.0112108513712883,-0.051905807107686996,0.024109535571187734,0.051905807107686996,0.048219071142375475,0.025797368399798872,0.10004589050076902,0.18800975382328033,0.20009178100153804,0.38104499992473967,1,0.6025054454803467,0.3011145382651025,0.20463847368955612,0.03171081292001825,0.10336470790207386,0.010770445983660849,0.029925590381026268,19,0.10336470790207386,0.03171081292001825,0.6842105263157895,0.023060240237728544,0.0014664931120100537,0.09336470790207387,0.5263157894736842,0.01751536720089222,0.0010624500446078896,0.08336470790207386,0.3157894736842105,0.013316805262706783,0.0007580899105522708,0.07336470790207386,0.2631578947368421,0.010674587607775864,0.0005182802184631958,0.06336470790207385,0.21052631578947367,0.00811917492629666,0.0003309940310802321,0.05336470790207386,0.21052631578947367,0.002856017031559819,5.661423213382021e-05,0.028364707902073863,0.05263157894736842,0.00017708988958283446,5.958557508567495e-07,0.0033647079020738546,0.0,0.0,0.0,0.0
24,FIXED_COLLISION,24,2.4000000000000004,1.0,10,0.012344923615455628,-0.051905807107686996,0.013452444784343242,0.051905807107686996,0.013452444784343244,0.025797368399798872,0.1207680158317089,0.18800975382328033,0.12076801583170892,0.999999991719662,0,0.24802596867084503,0.20537388555156205,0.1303175464272499,0.027558440963427227,0.08165867626667023,0.014479727380805545,0.029925590381026268,9,0.08165867626667023,0.027558440963427227,0.7777777777777778,0.019387698868910473,0.0008399437112428896,0.07165867626667023,0.6666666666666666,0.012220466004477605,0.0005266126258215557,0.06165867626667022,0.2222222222222222,0.007801279690530565,0.00033475852676336827,0.05165867626667023,0.2222222222222222,0.005579057468308343,0.00020095515517497915,0.041658676266670226,0.1111111111111111,0.0035176306962966916,0.00011136353143975872,0.031658676266670224,0.1111111111111111,0.0007398529185189144,4.926441069368599e-06,0.00665867626667023,0.0,0.0,0.0,0.0,0.0,0.0,0.0,0.0
24,FIXED_COLLISION,24,2.4000000000000004,0.5,5,0.0474122628569603,0.040843572467565536,0.0,0.0,0.0,0.02370613142848015,0.10540960133075714,0.18800975382328033,0.052704800665378575,0.9999999810263965,0,0.11809121817350388,0.22406159295174274,0.03543933853507042,0.02952280454337597,0.08165867626667023,0.008859834633767605,0.014997608959674835,4,0.08165867626667023,0.02952280454337597,0.75,0.021771773993968967,0.0013186451944855288,0.07165867626667023,0.5,0.015645500048995016,0.0009506612215091194,0.06165867626667022,0.25,0.012914669066667557,0.0006671547084061595,0.05165867626667023,0.25,0.010414669066667557,0.0004338613270728083,0.041658676266670226,0.25,0.007914669066667556,0.0002505679457394571,0.031658676266670224,0.25,0.0016646690666675575,1.1084492406079347e-05,0.00665867626667023,0.0,0.0,0.0,0.0,0.0,0.0,0.0,0.0
59,SAFE,56,5.6000000000000005,3.0,30,0.12680178582668306,0.10271912813186646,0.0,0.0,0.0,0.38040535748004917,0.08997234180569649,0.09966397285461426,0.26991702541708945,0.9999999962951578,0,0.03483942896127701,0.012907458793444678,0.06377223134040833,0.0012013596193543796,0.003284566104412079,0.0021990424600140802,0.005356296896934509,29,0.003284566104412079,0.0012013596193543796,0.0,0.0,0.0,0.0,0.0,0.0,0.0,0.0,0.0,0.0,0.0,0.0,0.0,0.0,0.0,0.0,0.0,0.0,0.0,0.0,0.0,0.0,0.0,0.0,0.0,0.0,0.0,0.0,0.0,0.0,0.0,0.0
59,SAFE,56,5.6000000000000005,2.0,20,0.13051546812057496,0.11025130748748779,0.0,0.0,0.0,0.2610309362411499,0.0858728226274252,0.09963920712471008,0.1717456452548504,0.9999999941774361,0,0.031228967010974884,0.01818326559768203,0.031202301383018494,0.0016436298426828887,0.003284566104412079,0.0016422263885799207,0.004106193780899048,19,0.003284566104412079,0.0016436298426828887,0.0,0.0,0.0,0.0,0.0,0.0,0.0,0.0,0.0,0.0,0.0,0.0,0.0,0.0,0.0,0.0,0.0,0.0,0.0,0.0,0.0,0.0,0.0,0.0,0.0,0.0,0.0,0.0,0.0,0.0,0.0,0.0
59,SAFE,56,5.6000000000000005,1.0,10,0.12419988214969635,0.11025130748748779,0.0,0.0,0.0,0.12419988214969635,0.0793550230562687,0.08562261611223221,0.0793550230562687,0.9999999873984033,0,0.00998309999704361,0.01258029988115792,0.024907201528549194,0.0011092333330048455,0.00246410071849823,0.002767466836505466,0.004106193780899048,9,0.00246410071849823,0.0011092333330048455,0.0,0.0,0.0,0.0,0.0,0.0,0.0,0.0,0.0,0.0,0.0,0.0,0.0,0.0,0.0,0.0,0.0,0.0,0.0,0.0,0.0,0.0,0.0,0.0,0.0,0.0,0.0,0.0,0.0,0.0,0.0,0.0
59,SAFE,56,5.6000000000000005,0.5,5,0.11698982417583466,0.11025130748748779,0.0,0.0,0.0,0.05849491208791733,0.08116556257009507,0.08562261611223221,0.04058278128504753,0.9999999753590083,0,0.008031919598579407,0.01979144638769313,0.014237448573112488,0.0020079798996448517,0.00246410071849823,0.003559362143278122,0.004106193780899048,4,0.00246410071849823,0.0020079798996448517,0.0,0.0,0.0,0.0,0.0,0.0,0.0,0.0,0.0,0.0,0.0,0.0,0.0,0.0,0.0,0.0,0.0,0.0,0.0,0.0,0.0,0.0,0.0,0.0,0.0,0.0,0.0,0.0,0.0,0.0,0.0,0.0
106,SAFE,79,7.9,3.0,30,0.002963608076485495,-0.04291587695479393,0.0047043785220012065,0.04291587695479393,0.014113135566003621,0.023003959795460105,0.034032496398625274,0.06494985520839691,0.10209748919587583,0.9667392289495522,1,0.28288388904184103,0.27707232420613215,0.3009503264911473,0.00975461686351176,0.025995470117777586,0.010377597465211975,0.032964207231998444,29,0.025995470117777586,0.00975461686351176,0.41379310344827586,0.002525114104922476,2.6246226967612774e-05,0.015995470117777584,0.10344827586206896,0.00037565538531233523,2.0519771504378164e-06,0.005995470117777586,0.0,0.0,0.0,0.0,0.0,0.0,0.0,0.0,0.0,0.0,0.0,0.0,0.0,0.0,0.0,0.0,0.0,0.0,0.0,0.0,0.0,0.0,0.0,0.0
106,SAFE,79,7.9,2.0,20,-0.0023752273875288664,-0.04291587695479393,0.006758773082401604,0.04291587695479393,0.013517546164803208,0.008767091389745475,0.041156393196433785,0.06494985520839691,0.08231278639286757,0.9706470136328733,1,0.17425202298909426,0.21169496078101863,0.19512121239677072,0.009171159104689172,0.02485383115708828,0.01026953749456688,0.032964207231998444,19,0.02485383115708828,0.009171159104689172,0.3684210526315789,0.0017006725817918778,1.7892253810151974e-05,0.01485383115708828,0.10526315789473684,0.0002578176871726387,1.240088180501721e-06,0.004853831157088279,0.0,0.0,0.0,0.0,0.0,0.0,0.0,0.0,0.0,0.0,0.0,0.0,0.0,0.0,0.0,0.0,0.0,0.0,0.0,0.0,0.0,0.0,0.0,0.0
106,SAFE,79,7.9,1.0,10,-0.00956334036309272,-0.04291587695479393,0.011015544040128588,0.04291587695479393,0.01101554404012859,0.0014522036770358683,0.026120018772780897,0.04954863339662552,0.026120018772780897,0.9074990697862785,1,0.0939831705763936,0.3598127849594181,0.08948054164648056,0.010442574508488178,0.02485383115708828,0.009942282405164506,0.028212583623826504,9,0.02485383115708828,0.010442574508488178,0.4444444444444444,0.0031217163883977463,3.6749210541872826e-05,0.01485383115708828,0.2222222222222222,0.0005442817840311261,2.617963936614744e-06,0.004853831157088279,0.0,0.0,0.0,0.0,0.0,0.0,0.0,0.0,0.0,0.0,0.0,0.0,0.0,0.0,0.0,0.0,0.0,0.0,0.0,0.0,0.0,0.0,0.0,0.0
106,SAFE,79,7.9,0.5,5,-0.01780885234475136,-0.04291587695479393,0.01780885234475136,0.04291587695479393,0.00890442617237568,0.0,0.01799899563193321,0.022851882502436638,0.008999497815966607,0.7315265910256665,1,0.03553615417331457,0.3948681465490893,0.03699284419417381,0.008884038543328643,0.02485383115708828,0.009248211048543453,0.028212583623826504,4,0.02485383115708828,0.008884038543328643,0.25,0.00371345778927207,5.5159075010821635e-05,0.01485383115708828,0.25,0.0012134577892720698,5.889919225380236e-06,0.004853831157088279,0.0,0.0,0.0,0.0,0.0,0.0,0.0,0.0,0.0,0.0,0.0,0.0,0.0,0.0,0.0,0.0,0.0,0.0,0.0,0.0,0.0,0.0,0.0,0.0
158,FIXED_COLLISION,10,1.0,1.0,10,-0.12190860137343407,-0.1606406569480896,0.12190860137343407,0.1606406569480896,0.12190860137343407,0.0,0.06060105580836535,0.08858553320169449,0.06060105580836535,0.3707940380611094,1,0.19870440289378166,0.32788933619116784,0.14883606135845184,0.022078266988197964,0.08960298262536526,0.016537340150939092,0.028993606567382812,9,0.08960298262536526,0.022078266988197964,0.6666666666666666,0.013669329235951107,0.0007733464641730936,0.07960298262536526,0.3333333333333333,0.009297145588530432,0.0005500733139155244,0.06960298262536525,0.1111111111111111,0.006622553625040584,0.00039472394864884365,0.05960298262536526,0.1111111111111111,0.005511442513929473,0.000273383987259143,0.049602982625365256,0.1111111111111111,0.0044003314028183615,0.00017426624809166469,0.039602982625365254,0.1111111111111111,0.0016225536250405845,2.3694122395191076e-05,0.01460298262536526,0.0,0.0,0.0,0.0,0.0,0.0,0.0,0.0
158,FIXED_COLLISION,10,1.0,0.5,5,-0.11529520004987717,-0.1393091082572937,0.11529520004987717,0.1393091082572937,0.057647600024938586,0.0,0.07113798335194588,0.08858553320169449,0.03556899167597294,0.999999971885625,0,0.036455411463975906,0.1024921110251226,0.04749687761068344,0.009113852865993977,0.01444479450583458,0.01187421940267086,0.025840193033218384,4,0.01444479450583458,0.009113852865993977,0.5,0.0013625769689679145,5.1918138341051464e-06,0.004444794505834579,0.0,0.0,0.0,0.0,0.0,0.0,0.0,0.0,0.0,0.0,0.0,0.0,0.0,0.0,0.0,0.0,0.0,0.0,0.0,0.0,0.0,0.0,0.0,0.0,0.0,0.0,0.0,0.0
163,SAFE,18,1.8,1.0,10,0.027537872828543187,0.022280342876911163,0.0,0.0,0.0,0.027537872828543187,0.08074335753917694,0.0897044837474823,0.08074335753917694,0.9999999876150804,0,0.014985524117946625,0.01855945106701946,0.0167057067155838,0.0016650582353274028,0.004087924957275391,0.0018561896350648669,0.004319986328482628,9,0.004087924957275391,0.0016650582353274028,0.0,0.0,0.0,0.0,0.0,0.0,0.0,0.0,0.0,0.0,0.0,0.0,0.0,0.0,0.0,0.0,0.0,0.0,0.0,0.0,0.0,0.0,0.0,0.0,0.0,0.0,0.0,0.0,0.0,0.0,0.0,0.0
163,SAFE,18,1.8,0.5,5,0.030424342304468156,0.025974135845899582,0.0,0.0,0.0,0.015212171152234078,0.08502475023269654,0.0897044837474823,0.04251237511634827,0.9999999764774381,0,0.008563399314880371,0.020143309071795894,0.009405404329299927,0.0021408498287200928,0.004087924957275391,0.0023513510823249817,0.004319986328482628,4,0.004087924957275391,0.0021408498287200928,0.0,0.0,0.0,0.0,0.0,0.0,0.0,0.0,0.0,0.0,0.0,0.0,0.0,0.0,0.0,0.0,0.0,0.0,0.0,0.0,0.0,0.0,0.0,0.0,0.0,0.0,0.0,0.0,0.0,0.0,0.0,0.0
207,SAFE,74,7.4,3.0,30,0.02704490627317379,-0.0016755146207287908,0.00010757834340135257,0.0016755146207287908,0.0003227350302040577,0.08145745384972543,0.05007265725483497,0.06759127974510193,0.1502179717645049,0.999999993343007,0,0.04856627248227596,0.03233053381595875,0.12848783109802753,0.0016746990511129643,0.008468851447105408,0.004430614865449225,0.013968110084533691,29,0.008468851447105408,0.0016746990511129643,0.0,0.0,0.0,0.0,0.0,0.0,0.0,0.0,0.0,0.0,0.0,0.0,0.0,0.0,0.0,0.0,0.0,0.0,0.0,0.0,0.0,0.0,0.0,0.0,0.0,0.0,0.0,0.0,0.0,0.0,0.0,0.0
207,SAFE,74,7.4,2.0,20,0.036455722898244856,0.028129616752266884,0.0,0.0,0.0,0.07291144579648971,0.04285604925826192,0.05895411968231201,0.08571209851652384,0.9999999883330357,0,0.039841076359152794,0.04648244131678528,0.08774261921644211,0.002096898755744884,0.008468851447105408,0.004618032590339058,0.013968110084533691,19,0.008468851447105408,0.002096898755744884,0.0,0.0,0.0,0.0,0.0,0.0,0.0,0.0,0.0,0.0,0.0,0.0,0.0,0.0,0.0,0.0,0.0,0.0,0.0,0.0,0.0,0.0,0.0,0.0,0.0,0.0,0.0,0.0,0.0,0.0,0.0,0.0
207,SAFE,74,7.4,1.0,10,0.03392624836415052,0.028268609195947647,0.0,0.0,0.0,0.03392624836415053,0.033372273109853266,0.04476577043533325,0.033372273109853266,0.9999999700350058,0,0.025652727112174034,0.07686838190208915,0.027557015419006348,0.0028503030124637815,0.008468851447105408,0.0030618906021118164,0.013852542266249657,9,0.008468851447105408,0.0028503030124637815,0.0,0.0,0.0,0.0,0.0,0.0,0.0,0.0,0.0,0.0,0.0,0.0,0.0,0.0,0.0,0.0,0.0,0.0,0.0,0.0,0.0,0.0,0.0,0.0,0.0,0.0,0.0,0.0,0.0,0.0,0.0,0.0
207,SAFE,74,7.4,0.5,5,0.03330831192433834,0.028268609195947647,0.0,0.0,0.0,0.01665415596216917,0.02527725659310818,0.033855076879262924,0.01263862829655409,0.9999999208774958,0,0.014742033556103706,0.11664266124272755,0.012592174112796783,0.0036855083890259266,0.008468851447105408,0.003148043528199196,0.0047361403703689575,4,0.008468851447105408,0.0036855083890259266,0.0,0.0,0.0,0.0,0.0,0.0,0.0,0.0,0.0,0.0,0.0,0.0,0.0,0.0,0.0,0.0,0.0,0.0,0.0,0.0,0.0,0.0,0.0,0.0,0.0,0.0,0.0,0.0,0.0,0.0,0.0,0.0
231,FIXED_COLLISION,61,6.1000000000000005,3.0,30,0.2540722166498502,0.14753003418445587,0.0,0.0,0.0,0.7622166499495506,0.007441883460463335,0.018811283633112907,0.022325650381390005,0.5969030446467123,0,0.20587931212503463,0.9221648614322154,0.29411928355693817,0.007099286625001194,0.017991121392697096,0.010142044260584075,0.03345674276351929,29,0.017991121392697096,0.007099286625001194,0.3103448275862069,0.0012639198272392667,7.33466065517915e-06,0.007991121392697096,0.0,0.0,0.0,0.0,0.0,0.0,0.0,0.0,0.0,0.0,0.0,0.0,0.0,0.0,0.0,0.0,0.0,0.0,0.0,0.0,0.0,0.0,0.0,0.0,0.0,0.0,0.0,0.0
231,FIXED_COLLISION,61,6.1000000000000005,2.0,20,0.26123014464974403,0.14753003418445587,0.0,0.0,0.0,0.5224602892994881,0.008674946986138821,0.018811283633112907,0.017349893972277642,0.6321659306838514,0,0.11649205477442592,0.6714280112966771,0.1954907923936844,0.0061311607776013645,0.017445695237256587,0.010288989073351809,0.03345674276351929,19,0.017445695237256587,0.0061311607776013645,0.21052631578947367,0.0009809605380226123,5.407794190617954e-06,0.007445695237256586,0.0,0.0,0.0,0.0,0.0,0.0,0.0,0.0,0.0,0.0,0.0,0.0,0.0,0.0,0.0,0.0,0.0,0.0,0.0,0.0,0.0,0.0,0.0,0.0,0.0,0.0,0.0,0.0
231,FIXED_COLLISION,61,6.1000000000000005,1.0,10,0.23222550600767136,0.14753003418445587,0.0,0.0,0.0,0.23222550600767136,0.007596752885729074,0.017950348556041718,0.007596752885729075,0.2938372893674887,0,0.042207001126371324,0.5555925828485707,0.15621604025363922,0.004689666791819036,0.017445695237256587,0.017357337805959914,0.03345674276351929,9,0.017445695237256587,0.004689666791819036,0.1111111111111111,0.0008272994708062874,6.159819729567269e-06,0.007445695237256586,0.0,0.0,0.0,0.0,0.0,0.0,0.0,0.0,0.0,0.0,0.0,0.0,0.0,0.0,0.0,0.0,0.0,0.0,0.0,0.0,0.0,0.0,0.0,0.0,0.0,0.0,0.0,0.0
231,FIXED_COLLISION,61,6.1000000000000005,0.5,5,0.17938700020313264,0.14753003418445587,0.0,0.0,0.0,0.08969350010156632,0.00470668647903949,0.009657935239374638,0.002353343239519745,0.9036077098872909,0,0.016376176732592285,0.6958683076443685,0.07152512669563293,0.004094044183148071,0.006739960750564933,0.017881281673908234,0.022631123661994934,4,0.006739960750564933,0.004094044183148071,0.0,0.0,0.0,0.0,0.0,0.0,0.0,0.0,0.0,0.0,0.0,0.0,0.0,0.0,0.0,0.0,0.0,0.0,0.0,0.0,0.0,0.0,0.0,0.0,0.0,0.0,0.0,0.0,0.0,0.0,0.0,0.0
245,FIXED_COLLISION,33,3.3000000000000003,3.0,30,-0.18839922323822975,-0.2510492205619812,0.18839922323822975,0.2510492205619812,0.5651976697146893,0.0,0.043619286827743055,0.07402317970991135,0.13085786048322917,0.9999999923581206,0,0.13366099074482918,0.10214211758455129,0.46118803322315216,0.004608999680856179,0.03374529629945755,0.015903035628384556,0.07951083034276962,29,0.03374529629945755,0.004608999680856179,0.10344827586206896,0.0010253903064234501,2.037652324695873e-05,0.023745296299457548,0.034482758620689655,0.00047397573446405345,6.514936908961428e-06,0.01374529629945755,0.034482758620689655,0.00012914814825715695,4.83698081749325e-07,0.003745296299457551,0.0,0.0,0.0,0.0,0.0,0.0,0.0,0.0,0.0,0.0,0.0,0.0,0.0,0.0,0.0,0.0,0.0,0.0,0.0,0.0
245,FIXED_COLLISION,33,3.3000000000000003,2.0,20,-0.19125925973057747,-0.24816586077213287,0.19125925973057747,0.24816586077213287,0.38251851946115495,0.0,0.04180009132251143,0.07402317970991135,0.08360018264502288,0.9999999880383037,0,0.10316930338740349,0.12340798654877795,0.2595190852880478,0.005429963336179131,0.03374529629945755,0.013658899225686727,0.07951083034276962,19,0.03374529629945755,0.005429963336179131,0.15789473684210525,0.0015650694150673712,3.11010091664107e-05,0.023745296299457548,0.05263157894736842,0.000723436647339871,9.943851071572706e-06,0.01374529629945755,0.05263157894736842,0.0001971208578661869,7.382760195121277e-07,0.003745296299457551,0.0,0.0,0.0,0.0,0.0,0.0,0.0,0.0,0.0,0.0,0.0,0.0,0.0,0.0,0.0,0.0,0.0,0.0,0.0,0.0
245,FIXED_COLLISION,33,3.3000000000000003,1.0,10,-0.1493551552295685,-0.22641494870185852,0.1493551552295685,0.22641494870185852,0.1493551552295685,0.0,0.05207910295575857,0.07402317970991135,0.05207910295575857,0.9999999807984407,0,0.07138646394014359,0.13707314165924725,0.16875579953193665,0.00793182932668262,0.03374529629945755,0.018750644392437406,0.07951083034276962,9,0.03374529629945755,0.00793182932668262,0.2222222222222222,0.002733751667870415,6.273067387527157e-05,0.023745296299457548,0.1111111111111111,0.001527255144384172,2.0992574484431267e-05,0.01374529629945755,0.1111111111111111,0.00041614403327306125,1.5585827078589361e-06,0.003745296299457551,0.0,0.0,0.0,0.0,0.0,0.0,0.0,0.0,0.0,0.0,0.0,0.0,0.0,0.0,0.0,0.0,0.0,0.0,0.0,0.0
245,FIXED_COLLISION,33,3.3000000000000003,0.5,5,-0.11316313594579697,-0.1373750865459442,0.11316313594579697,0.1373750865459442,0.05658156797289848,0.0,0.06681783646345138,0.07402317970991135,0.0334089182317257,0.9999999700678734,0,0.019321322441101074,0.05783282693788313,0.046687670052051544,0.0048303306102752686,0.01085846871137619,0.011671917513012886,0.027889788150787354,4,0.01085846871137619,0.0048303306102752686,0.25,0.0002146171778440475,1.8424213210297405e-07,0.00085846871137619,0.0,0.0,0.0,0.0,0.0,0.0,0.0,0.0,0.0,0.0,0.0,0.0,0.0,0.0,0.0,0.0,0.0,0.0,0.0,0.0,0.0,0.0,0.0,0.0,0.0,0.0,0.0,0.0
250,SAFE,69,6.9,3.0,30,0.052414047469695406,-0.095084547996521,0.003972612942258517,0.095084547996521,0.01191783882677555,0.1691599812358618,0.007871326132832717,0.0311709176748991,0.02361397839849815,0.18217039569258606,2,0.30652070022188127,1.2980476312322693,0.4243229478597641,0.010569679317995906,0.039277403615415096,0.014631825788267728,0.12651584669947624,29,0.039277403615415096,0.010569679317995906,0.3448275862068966,0.003856278654059459,8.423849007097737e-05,0.029277403615415094,0.1724137931034483,0.0019193329069570734,2.8228700439184496e-05,0.019277403615415096,0.10344827586206896,0.000556996251649127,4.327717641025394e-06,0.009277403615415097,0.0,0.0,0.0,0.0,0.0,0.0,0.0,0.0,0.0,0.0,0.0,0.0,0.0,0.0,0.0,0.0,0.0,0.0,0.0,0.0
250,SAFE,69,6.9,2.0,20,0.04230715986341238,-0.095084547996521,0.005958919413387775,0.095084547996521,0.01191783882677555,0.09653215855360031,0.008734973630635069,0.0311709176748991,0.017469947261270137,0.023747402596979415,2,0.24347815057262778,1.3936970329351506,0.39155859127640724,0.012814639503822514,0.039277403615415096,0.02060834690928459,0.12651584669947624,19,0.039277403615415096,0.012814639503822514,0.42105263157894735,0.005841958395597574,0.00012855293431246074,0.029277403615415094,0.2631578947368421,0.0029295081211450067,4.308591119665002e-05,0.019277403615415096,0.15789473684210525,0.0008501521735697202,6.605463767880864e-06,0.009277403615415097,0.0,0.0,0.0,0.0,0.0,0.0,0.0,0.0,0.0,0.0,0.0,0.0,0.0,0.0,0.0,0.0,0.0,0.0,0.0,0.0
250,SAFE,69,6.9,1.0,10,0.057329704612493516,-0.024093840271234512,0.002409384027123451,0.024093840271234512,0.0024093840271234516,0.059739088639616966,0.010629516083281488,0.026468554511666298,0.010629516083281488,0.0755121484306062,1,0.1079888513777405,1.0159337487456463,0.14823245629668236,0.01199876126419339,0.036248208954930305,0.016470272921853595,0.05912034213542938,9,0.036248208954930305,0.01199876126419339,0.4444444444444444,0.00463224466683136,9.16027657920265e-05,0.026248208954930304,0.2222222222222222,0.001941736274295383,2.9501205332898214e-05,0.016248208954930305,0.1111111111111111,0.0006942454394367007,4.33779057160792e-06,0.006248208954930307,0.0,0.0,0.0,0.0,0.0,0.0,0.0,0.0,0.0,0.0,0.0,0.0,0.0,0.0,0.0,0.0,0.0,0.0,0.0,0.0
250,SAFE,69,6.9,0.5,5,0.06423595398664475,0.05794758349657059,0.0,0.0,0.0,0.032117976993322375,0.005378678976558149,0.010386792942881584,0.0026893394882790745,0.29582740631410454,0,0.02677482389844954,0.9955907039343654,0.026315562427043915,0.006693705974612385,0.01159729203209281,0.006578890606760979,0.011143684387207031,4,0.01159729203209281,0.006693705974612385,0.25,0.00039932300802320237,6.378354589467942e-07,0.0015972920320928095,0.0,0.0,0.0,0.0,0.0,0.0,0.0,0.0,0.0,0.0,0.0,0.0,0.0,0.0,0.0,0.0,0.0,0.0,0.0,0.0,0.0,0.0,0.0,0.0,0.0,0.0,0.0,0.0
278,NEW_COLLISION,78,7.800000000000001,3.0,30,-0.1465343196565906,-0.18189679086208344,0.1465343196565906,0.18189679086208344,0.43960295896977186,0.0,0.03179621186573058,0.060784485191106796,0.09538863559719175,0.7313850895976557,2,0.1893561016768217,0.19851012492865042,0.24269486777484417,0.006529520747476611,0.029844745993614197,0.008368788543960145,0.05649489164352417,29,0.029844745993614197,0.006529520747476611,0.20689655172413793,0.001642031902126197,2.116957378090424e-05,0.019844745993614195,0.06896551724137931,0.0004067920032760192,3.473454993515164e-06,0.009844745993614196,0.0,0.0,0.0,0.0,0.0,0.0,0.0,0.0,0.0,0.0,0.0,0.0,0.0,0.0,0.0,0.0,0.0,0.0,0.0,0.0,0.0,0.0,0.0,0.0
278,NEW_COLLISION,78,7.800000000000001,2.0,20,-0.1545073177665472,-0.18189679086208344,0.1545073177665472,0.18189679086208344,0.30901463553309444,0.0,0.03535930527141318,0.059224728494882584,0.07071861054282635,0.8006256124983653,1,0.10200240835547447,0.14423700653922342,0.07699505239725113,0.0053685478081828665,0.029844745993614197,0.004052371178802691,0.010683603584766388,19,0.029844745993614197,0.0053685478081828665,0.10526315789473684,0.001213262177219516,2.1268436962761026e-05,0.019844745993614195,0.05263157894736842,0.0005181445259796946,5.101001246251725e-06,0.009844745993614196,0.0,0.0,0.0,0.0,0.0,0.0,0.0,0.0,0.0,0.0,0.0,0.0,0.0,0.0,0.0,0.0,0.0,0.0,0.0,0.0,0.0,0.0,0.0,0.0
278,NEW_COLLISION,78,7.800000000000001,1.0,10,-0.13704631105065346,-0.15054860711097717,0.13704631105065346,0.15054860711097717,0.13704631105065346,0.0,0.017972470703534783,0.04222125932574272,0.017972470703534783,0.21549578188825375,1,0.07856983691453934,0.4371676762695162,0.03489679843187332,0.008729981879393259,0.029844745993614197,0.0038774220479859244,0.010683603584766388,9,0.029844745993614197,0.008729981879393259,0.2222222222222222,0.0025613312630189786,4.490003358805105e-05,0.019844745993614195,0.1111111111111111,0.0010938606659571329,1.0768780408753641e-05,0.009844745993614196,0.0,0.0,0.0,0.0,0.0,0.0,0.0,0.0,0.0,0.0,0.0,0.0,0.0,0.0,0.0,0.0,0.0,0.0,0.0,0.0,0.0,0.0,0.0,0.0
278,NEW_COLLISION,78,7.800000000000001,0.5,5,-0.1290551021695137,-0.1388065069913864,0.1290551021695137,0.1388065069913864,0.06452755108475686,0.0,0.014099478861317039,0.04222125932574272,0.0070497394306585194,0.9999998581508058,0,0.04029555129818618,0.5715891484875871,0.023154698312282562,0.010073887824546546,0.029844745993614197,0.0057886745780706406,0.010683603584766388,4,0.029844745993614197,0.010073887824546546,0.25,0.004961186498403549,9.845348588776665e-05,0.019844745993614195,0.25,0.002461186498403549,2.4229755919695692e-05,0.009844745993614196,0.0,0.0,0.0,0.0,0.0,0.0,0.0,0.0,0.0,0.0,0.0,0.0,0.0,0.0,0.0,0.0,0.0,0.0,0.0,0.0,0.0,0.0,0.0,0.0
297,SAFE,32,3.2,3.0,30,0.10381792758901914,0.0196972843259573,0.0,0.0,0.0,0.31145378276705743,0.03225143526215106,0.11844991892576218,0.09675430578645319,0.18510025968447105,5,0.5803364738821983,0.5998042807159595,0.33704613149166107,0.020011602547662013,0.07066896557807922,0.011622280396264175,0.04334287345409393,29,0.07066896557807922,0.020011602547662013,0.6206896551724138,0.011986277344925649,0.00038977272799138477,0.06066896557807922,0.41379310344827586,0.0069437949465395036,0.00020476297107900263,0.05066896557807922,0.2413793103448276,0.003944274622882749,9.877974294964909e-05,0.040668965578079225,0.1724137931034483,0.0019748861210998787,4.099394264426429e-05,0.030668965578079223,0.06896551724137931,0.0008157663769891548,1.5039166622007432e-05,0.02066896557807922,0.0,0.0,0.0,0.0,0.0,0.0,0.0,0.0,0.0,0.0,0.0,0.0
297,SAFE,32,3.2,2.0,20,0.13959320541471243,0.03951096162199974,0.0,0.0,0.0,0.27918641082942486,0.0301950198947452,0.053521525114774704,0.0603900397894904,0.46520597405206604,2,0.2925186585634947,0.4843822834681729,0.28469042107462883,0.015395718871762878,0.05298825935460627,0.014983706372348886,0.04334287345409393,19,0.05298825935460627,0.015395718871762878,0.5263157894736842,0.007644472379041344,0.00021155510259906901,0.04298825935460627,0.2631578947368421,0.003954426574177648,0.00010086584582807501,0.03298825935460627,0.15789473684210525,0.002238478417949457,4.01152905039381e-05,0.022988259354606272,0.10526315789473684,0.0009149489840982775,9.895667724460628e-06,0.01298825935460627,0.05263157894736842,0.000157276808137172,4.699838931785194e-07,0.002988259354606268,0.0,0.0,0.0,0.0,0.0,0.0,0.0,0.0,0.0,0.0,0.0,0.0
297,SAFE,32,3.2,1.0,10,0.16682806238532066,0.1076018437743187,0.0,0.0,0.0,0.16682806238532066,0.028258846164681016,0.0504722036421299,0.02825884616468102,0.642786499052856,1,0.14063671976327896,0.49767323820290904,0.10829976946115494,0.015626302195919886,0.05298825935460627,0.012033307717906104,0.018523037433624268,9,0.05298825935460627,0.015626302195919886,0.6666666666666666,0.007011014405224057,0.00021648935808891932,0.04298825935460627,0.1111111111111111,0.0036653621505118076,0.00012091391724964088,0.03298825935460627,0.1111111111111111,0.0025542510394006967,5.871778535051586e-05,0.022988259354606272,0.1111111111111111,0.0014431399282895856,1.874387567361303e-05,0.01298825935460627,0.1111111111111111,0.00033202881717847425,9.921882189324298e-07,0.002988259354606268,0.0,0.0,0.0,0.0,0.0,0.0,0.0,0.0,0.0,0.0,0.0,0.0
297,SAFE,32,3.2,0.5,5,0.13223528414964675,0.1076018437743187,0.0,0.0,0.0,0.06611764207482339,0.02841818444430828,0.04587943106889725,0.014209092222154142,0.9999999296225323,0,0.04462188854813576,0.3140375522243984,0.050200797617435455,0.01115547213703394,0.015097690746188164,0.012550199404358864,0.013580411672592163,4,0.015097690746188164,0.01115547213703394,0.75,0.003230191599577665,1.4153663728125566e-05,0.0050976907461881635,0.0,0.0,0.0,0.0,0.0,0.0,0.0,0.0,0.0,0.0,0.0,0.0,0.0,0.0,0.0,0.0,0.0,0.0,0.0,0.0,0.0,0.0,0.0,0.0,0.0,0.0,0.0,0.0
341,SAFE,21,2.1,2.0,20,-0.009487211832311004,-0.020788421854376793,0.010763964534271508,0.020788421854376793,0.02152792906854302,0.0025535054039210084,0.007579998252913356,0.026646485552191734,0.015159996505826712,0.3427662283384634,1,0.13402428245171905,0.8840653331255965,0.036481823772192,0.007053909602722055,0.024086911464110017,0.0019200959880101053,0.009448033291846514,19,0.024086911464110017,0.007053909602722055,0.21052631578947367,0.0013549318434180398,1.3895412292975815e-05,0.014086911464110017,0.05263157894736842,0.00021510060337421138,8.790971218670462e-07,0.004086911464110016,0.0,0.0,0.0,0.0,0.0,0.0,0.0,0.0,0.0,0.0,0.0,0.0,0.0,0.0,0.0,0.0,0.0,0.0,0.0,0.0,0.0,0.0,0.0,0.0
341,SAFE,21,2.1,1.0,10,-0.01579604335129261,-0.020788421854376793,0.01579604335129261,0.020788421854376793,0.015796043351292612,0.0,0.005632118717767298,0.013637066818773746,0.005632118717767299,0.36318612793043537,0,0.05752848368138075,1.021435739370014,0.011688762344419956,0.006392053742375638,0.015059406869113445,0.0012987513716022174,0.004153420217335224,9,0.015059406869113445,0.006392053742375638,0.1111111111111111,0.0005621563187903828,2.8441775408035904e-06,0.005059406869113445,0.0,0.0,0.0,0.0,0.0,0.0,0.0,0.0,0.0,0.0,0.0,0.0,0.0,0.0,0.0,0.0,0.0,0.0,0.0,0.0,0.0,0.0,0.0,0.0,0.0,0.0,0.0,0.0
341,SAFE,21,2.1,0.5,5,-0.018163120932877065,-0.020788421854376793,0.018163120932877065,0.020788421854376793,0.009081560466438533,0.0,0.003956242790445685,0.010179718025028706,0.001978121395222843,0.3066092741539576,0,0.029489545384421945,1.4907846681094694,0.0068559180945158005,0.007372386346105486,0.015059406869113445,0.0017139795236289501,0.004153420217335224,4,0.015059406869113445,0.007372386346105486,0.25,0.0012648517172783613,6.399399466808078e-06,0.005059406869113445,0.0,0.0,0.0,0.0,0.0,0.0,0.0,0.0,0.0,0.0,0.0,0.0,0.0,0.0,0.0,0.0,0.0,0.0,0.0,0.0,0.0,0.0,0.0,0.0,0.0,0.0,0.0,0.0
359,FIXED_COLLISION,72,7.2,3.0,30,-0.08190485785404841,-0.16695740818977356,0.09824220687150956,0.16695740818977356,0.29472662061452864,0.04901204705238343,0.02886309224801759,0.05594772472977638,0.08658927674405277,0.26612102916576,2,0.21833125641569495,0.2521458338768632,0.5896449387073517,0.007528664014334309,0.021992680616676807,0.020332584093356955,0.08965181931853294,29,0.021992680616676807,0.007528664014334309,0.3103448275862069,0.002036331328723965,1.957893284401596e-05,0.011992680616676807,0.10344827586206896,0.00014816367677573497,2.5388541191787877e-07,0.001992680616676807,0.0,0.0,0.0,0.0,0.0,0.0,0.0,0.0,0.0,0.0,0.0,0.0,0.0,0.0,0.0,0.0,0.0,0.0,0.0,0.0,0.0,0.0,0.0,0.0
359,FIXED_COLLISION,72,7.2,2.0,20,-0.08598961811512709,-0.16695740818977356,0.10282379295676947,0.16695740818977356,0.20564758591353893,0.03366834968328476,0.029847803968004884,0.05594772472977638,0.05969560793600977,0.35383344564525443,1,0.13722421554848552,0.22987321512304518,0.33694934099912643,0.0072223271341308164,0.02175929769873619,0.017734175842059285,0.06677569821476936,19,0.02175929769873619,0.0072223271341308164,0.2631578947368421,0.0019187049008905887,1.835962792542166e-05,0.01175929769873619,0.10526315789473684,0.00012126663209576351,1.785211002915276e-07,0.0017592976987361904,0.0,0.0,0.0,0.0,0.0,0.0,0.0,0.0,0.0,0.0,0.0,0.0,0.0,0.0,0.0,0.0,0.0,0.0,0.0,0.0,0.0,0.0,0.0,0.0
359,FIXED_COLLISION,72,7.2,1.0,10,-0.13234760537743567,-0.143824502825737,0.13234760537743567,0.143824502825737,0.1323476053774357,0.0,0.01892478750087321,0.030218441039323807,0.01892478750087321,0.9360095564054072,0,0.04083874402567744,0.21579498245802378,0.03955768048763275,0.004537638225075271,0.011142324190586805,0.0043952978319591945,0.013127744197845459,9,0.011142324190586805,0.004537638225075271,0.1111111111111111,0.00012692491006520057,1.4498939515553328e-07,0.0011423241905868051,0.0,0.0,0.0,0.0,0.0,0.0,0.0,0.0,0.0,0.0,0.0,0.0,0.0,0.0,0.0,0.0,0.0,0.0,0.0,0.0,0.0,0.0,0.0,0.0,0.0,0.0,0.0,0.0
359,FIXED_COLLISION,72,7.2,0.5,5,-0.12229198068380356,-0.13809643685817719,0.12229198068380356,0.13809643685817719,0.06114599034190178,0.0,0.013381139654666186,0.022329073399305344,0.006690569827333093,0.8189981628835934,0,0.028384096454828978,0.42424028064796787,0.03215089440345764,0.007096024113707244,0.011142324190586805,0.00803772360086441,0.013127744197845459,4,0.011142324190586805,0.007096024113707244,0.25,0.0002855810476467013,3.262261390999499e-07,0.0011423241905868051,0.0,0.0,0.0,0.0,0.0,0.0,0.0,0.0,0.0,0.0,0.0,0.0,0.0,0.0,0.0,0.0,0.0,0.0,0.0,0.0,0.0,0.0,0.0,0.0,0.0,0.0,0.0,0.0
369,FIXED_COLLISION,27,2.7,2.0,20,-0.06459352110978216,-0.1344623863697052,0.06777343035209923,0.1344623863697052,0.1355468607041985,0.0063598184846341615,0.14655235074460507,0.19885271787643433,0.29310470148921014,0.9999999965882499,0,0.19077230244874954,0.06508674232402406,0.2419096827507019,0.010040647497302607,0.041015058755874634,0.012732088565826416,0.03785596415400505,19,0.041015058755874634,0.010040647497302607,0.42105263157894735,0.0038309547305107115,8.856786454420505e-05,0.031015058755874632,0.15789473684210525,0.0018930208996722573,3.4252985328159704e-05,0.021015058755874633,0.10526315789473684,0.0008141752606944036,7.430107962875599e-06,0.011015058755874635,0.05263157894736842,5.342414504603331e-05,5.422864620409251e-08,0.001015058755874633,0.0,0.0,0.0,0.0,0.0,0.0,0.0,0.0,0.0,0.0,0.0,0.0,0.0,0.0,0.0,0.0
369,FIXED_COLLISION,27,2.7,1.0,10,-0.08814414590597153,-0.1344623863697052,0.08814414590597153,0.1344623863697052,0.08814414590597153,0.0,0.12238913401961327,0.19885271787643433,0.12238913401961327,0.9999999918293402,0,0.11468789726495743,0.09370758053529696,0.07522641867399216,0.012743099696106382,0.041015058755874634,0.008358490963776907,0.021811656653881073,9,0.041015058755874634,0.012743099696106382,0.5555555555555556,0.005243603222899966,0.00012043809751629597,0.031015058755874632,0.2222222222222222,0.002390347321828206,4.9097862821043096e-05,0.021015058755874633,0.1111111111111111,0.0012238954173194039,1.348127993281894e-05,0.011015058755874635,0.1111111111111111,0.00011278430620829255,1.1448269754197307e-07,0.001015058755874633,0.0,0.0,0.0,0.0,0.0,0.0,0.0,0.0,0.0,0.0,0.0,0.0,0.0,0.0,0.0,0.0
369,FIXED_COLLISION,27,2.7,0.5,5,-0.06831994354724884,-0.0725880116224289,0.06831994354724884,0.0725880116224289,0.03415997177362442,0.0,0.0935363531112671,0.10596390813589096,0.04676817655563355,0.9999999786179395,0,0.021799087524414062,0.04661094073739081,0.01335204392671585,0.005449771881103516,0.011118605732917786,0.0033380109816789627,0.00793919712305069,4,0.011118605732917786,0.005449771881103516,0.25,0.00027965143322944636,3.1281969642913397e-07,0.0011186057329177854,0.0,0.0,0.0,0.0,0.0,0.0,0.0,0.0,0.0,0.0,0.0,0.0,0.0,0.0,0.0,0.0,0.0,0.0,0.0,0.0,0.0,0.0,0.0,0.0,0.0,0.0,0.0,0.0
395,SAFE,66,6.6000000000000005,3.0,30,-0.06624042329688867,-0.17372466623783112,0.06624042329688867,0.17372466623783112,0.19872126989066602,0.0,0.06117284175318976,0.0879969373345375,0.1835185252595693,0.9787736291768044,2,0.18115141615271568,0.09871015196389189,0.2672754228115082,0.006246600556990196,0.033718021120876074,0.009216393890052006,0.049444034695625305,29,0.033718021120876074,0.006246600556990196,0.20689655172413793,0.0016197304838690262,2.7766108887386448e-05,0.023718021120876072,0.06896551724137931,0.0006420380962562971,7.3174042971930365e-06,0.013718021120876073,0.034482758620689655,0.0001282076248577957,4.7667865707864087e-07,0.003718021120876075,0.0,0.0,0.0,0.0,0.0,0.0,0.0,0.0,0.0,0.0,0.0,0.0,0.0,0.0,0.0,0.0,0.0,0.0,0.0,0.0
395,SAFE,66,6.6000000000000005,2.0,20,-0.07696080282330513,-0.17372466623783112,0.07696080282330513,0.17372466623783112,0.15392160564661028,0.0,0.05315667020622641,0.08070891350507736,0.10631334041245283,0.963358951571287,2,0.14860748872160912,0.13978253975206376,0.23435340821743011,0.007821446774821533,0.033718021120876074,0.012334389906180533,0.049444034695625305,19,0.033718021120876074,0.007821446774821533,0.3157894736842105,0.0024722202122211454,4.237985040706352e-05,0.023718021120876072,0.10526315789473684,0.0009799528837596116,1.1168669716768318e-05,0.013718021120876073,0.05263157894736842,0.00019568532215137236,7.275621608042413e-07,0.003718021120876075,0.0,0.0,0.0,0.0,0.0,0.0,0.0,0.0,0.0,0.0,0.0,0.0,0.0,0.0,0.0,0.0,0.0,0.0,0.0,0.0
395,SAFE,66,6.6000000000000005,1.0,10,-0.11712100952863694,-0.17372466623783112,0.11712100952863694,0.17372466623783112,0.11712100952863694,0.0,0.03086314653046429,0.06116180121898651,0.03086314653046429,0.8737836998813264,2,0.12272961810231209,0.3976574909644862,0.19069218635559082,0.013636624233590232,0.033718021120876074,0.021188020706176758,0.049444034695625305,9,0.033718021120876074,0.013636624233590232,0.6666666666666666,0.0052191315591335295,8.946857308157855e-05,0.023718021120876072,0.2222222222222222,0.002068789421270291,2.3578302735399785e-05,0.013718021120876073,0.1111111111111111,0.00041311345787511944,1.5359645616978428e-06,0.003718021120876075,0.0,0.0,0.0,0.0,0.0,0.0,0.0,0.0,0.0,0.0,0.0,0.0,0.0,0.0,0.0,0.0,0.0,0.0,0.0,0.0
395,SAFE,66,6.6000000000000005,0.5,5,-0.14689787924289704,-0.17372466623783112,0.14689787924289704,0.17372466623783112,0.07344893962144852,0.0,0.015954735223203897,0.030016515403985977,0.007977367611601949,0.5116895707130009,2,0.08272238820791245,1.0369633426190747,0.10214337706565857,0.02068059705197811,0.033718021120876074,0.025535844266414642,0.049444034695625305,4,0.033718021120876074,0.02068059705197811,1.0,0.010680597051978111,0.00019825157516089003,0.023718021120876072,0.5,0.0046547761978581546,5.305118115464951e-05,0.013718021120876073,0.25,0.0009295052802190187,3.455920263820146e-06,0.003718021120876075,0.0,0.0,0.0,0.0,0.0,0.0,0.0,0.0,0.0,0.0,0.0,0.0,0.0,0.0,0.0,0.0,0.0,0.0,0.0,0.0
445,SAFE,79,7.9,3.0,30,-0.06015339083969593,-0.2205374836921692,0.09181055116156737,0.2205374836921692,0.2754316534847021,0.09497148096561432,0.04088639222318306,0.14999601244926453,0.1226591766695492,0.22190577010532672,2,0.5662187059642747,0.4616195189973474,0.6761150471866131,0.019524782964285333,0.0693915793672204,0.023314311971952176,0.06689852103590965,29,0.0693915793672204,0.019524782964285333,0.6551724137931034,0.011464041479188818,0.0003555050948754282,0.0593915793672204,0.41379310344827586,0.006198320320711053,0.00018207227232144835,0.0493915793672204,0.20689655172413793,0.003380841308369719,8.909630711119916e-05,0.0393915793672204,0.10344827586206896,0.0018215009274667707,3.9480558973442634e-05,0.0293915793672204,0.06896551724137931,0.0007902175252293717,1.3395071169757367e-05,0.0193915793672204,0.0,0.0,0.0,0.0,0.0,0.0,0.0,0.0,0.0,0.0,0.0,0.0
445,SAFE,79,7.9,2.0,20,-0.04543111864477396,-0.2205374836921692,0.08819868564605712,0.2205374836921692,0.17639737129211427,0.08553513400256635,0.020168165111681447,0.04444102942943573,0.040336330223362894,0.850380754989812,0,0.21568339422810823,0.5347124730649374,0.40214888006448746,0.011351757590953065,0.03576142434030771,0.021165730529709867,0.06689852103590965,19,0.03576142434030771,0.011351757590953065,0.47368421052631576,0.0043116784821215426,7.020713126044129e-05,0.02576142434030771,0.21052631578947367,0.0014796595765571845,1.6627617844434202e-05,0.015761424340307712,0.05263157894736842,0.0003032328600161955,1.7470531804784302e-06,0.005761424340307714,0.0,0.0,0.0,0.0,0.0,0.0,0.0,0.0,0.0,0.0,0.0,0.0,0.0,0.0,0.0,0.0,0.0,0.0,0.0,0.0
445,SAFE,79,7.9,1.0,10,0.08553513400256633,0.018922168761491776,0.0,0.0,0.0,0.08553513400256635,0.015358146640937775,0.04444102942943573,0.015358146640937776,0.8516678958257432,0,0.10690179851371795,0.6960591928988025,0.15570739284157753,0.011877977612635328,0.03576142434030771,0.017300821426841948,0.045518141239881516,9,0.03576142434030771,0.011877977612635328,0.4444444444444444,0.004616861339244577,8.90530487369721e-05,0.02576142434030771,0.2222222222222222,0.0018671562729610336,2.7723367658916975e-05,0.015761424340307712,0.1111111111111111,0.0006401582600341904,3.6882233810100197e-06,0.005761424340307714,0.0,0.0,0.0,0.0,0.0,0.0,0.0,0.0,0.0,0.0,0.0,0.0,0.0,0.0,0.0,0.0,0.0,0.0,0.0,0.0
445,SAFE,79,7.9,0.5,5,0.08845027238130569,0.06396647542715073,0.0,0.0,0.0,0.04422513619065285,0.013440166949294508,0.03358563780784607,0.006720083474647254,0.9999998511923469,0,0.03538321901578456,0.5265293784516284,0.04434921592473984,0.00884580475394614,0.02104298211634159,0.01108730398118496,0.01606389880180359,4,0.02104298211634159,0.00884580475394614,0.25,0.0027607455290853977,3.048686350546005e-05,0.01104298211634159,0.25,0.0002607455290853976,2.7195292375209576e-07,0.0010429821163415905,0.0,0.0,0.0,0.0,0.0,0.0,0.0,0.0,0.0,0.0,0.0,0.0,0.0,0.0,0.0,0.0,0.0,0.0,0.0,0.0,0.0,0.0,0.0,0.0
498,SAFE,30,3.0,3.0,30,-0.0006252410200734933,-0.07808123528957367,0.0250602204973499,0.07808123528957367,0.0751806614920497,0.07330493843182921,0.05238899058507134,0.13032083213329315,0.15716697175521405,0.19627827084066513,2,0.4499565353617072,0.28629204181625995,0.3785594329237938,0.01551574259867956,0.04440288618206978,0.013053773549096337,0.11775124818086624,29,0.04440288618206978,0.01551574259867956,0.5862068965517241,0.008608042372326397,0.00017162339525977056,0.034402886182069776,0.41379310344827586,0.003699976573216504,5.1252822081240636e-05,0.024402886182069778,0.13793103448275862,0.0009067736540375087,9.337289493396342e-06,0.01440288618206978,0.034482758620689655,0.00015182366145068197,6.684623011124476e-07,0.004402886182069778,0.0,0.0,0.0,0.0,0.0,0.0,0.0,0.0,0.0,0.0,0.0,0.0,0.0,0.0,0.0,0.0
498,SAFE,30,3.0,2.0,20,-0.036068926891312005,-0.07808123528957367,0.037590330746024844,0.07808123528957367,0.0751806614920497,0.003042807709425688,0.04187502185814083,0.1261562705039978,0.08375004371628166,0.86261271855208,1,0.2109893625602126,0.25192746257626136,0.16953810304403305,0.01110470329264277,0.04440288618206978,0.008923058054949107,0.053307670168578625,19,0.04440288618206978,0.01110470329264277,0.47368421052631576,0.005048261677944346,9.77068580523019e-05,0.034402886182069776,0.21052631578947367,0.0017675296687766125,3.368467469193833e-05,0.024402886182069778,0.05263157894736842,0.0007580466411615674,1.0918059493350346e-05,0.01440288618206978,0.05263157894736842,0.00023173085168788304,1.0202845648558412e-06,0.004402886182069778,0.0,0.0,0.0,0.0,0.0,0.0,0.0,0.0,0.0,0.0,0.0,0.0,0.0,0.0,0.0,0.0
498,SAFE,30,3.0,1.0,10,-0.05782186463475227,-0.07808123528957367,0.05782186463475227,0.07808123528957367,0.05782186463475228,0.0,0.015591576229780912,0.03794858232140541,0.015591576229780912,0.2620252078966005,1,0.09414480905979872,0.6038183800929139,0.04913410544395447,0.010460534339977635,0.020356440916657448,0.005459345049328274,0.014463257044553757,9,0.020356440916657448,0.010460534339977635,0.5555555555555556,0.003463423221061627,2.7745230672509363e-05,0.010356440916657448,0.1111111111111111,3.9604546295271934e-05,1.411668078528904e-08,0.0003564409166574474,0.0,0.0,0.0,0.0,0.0,0.0,0.0,0.0,0.0,0.0,0.0,0.0,0.0,0.0,0.0,0.0,0.0,0.0,0.0,0.0,0.0,0.0,0.0,0.0
498,SAFE,30,3.0,0.5,5,-0.07458727657794953,-0.07808123528957367,0.07458727657794953,0.07808123528957367,0.037293638288974765,0.0,0.012812965270131826,0.016485612839460373,0.006406482635065914,0.6428546848919768,1,0.028152761980891228,0.4394417216145996,0.007031887769699097,0.007038190495222807,0.018574036192148924,0.0017579719424247742,0.0033588334918022156,4,0.018574036192148924,0.007038190495222807,0.25,0.002143509048037231,1.8378524156069903e-05,0.008574036192148924,0.0,0.0,0.0,0.0,0.0,0.0,0.0,0.0,0.0,0.0,0.0,0.0,0.0,0.0,0.0,0.0,0.0,0.0,0.0,0.0,0.0,0.0,0.0,0.0,0.0,0.0,0.0,0.0
528,FIXED_COLLISION,29,2.9000000000000004,2.0,20,0.029616024019196628,-0.07203411310911179,0.01030203616246581,0.07203411310911179,0.020604072324931624,0.07983612036332488,0.10776585638523102,0.12312249839305878,0.21553171277046204,0.9999999953603116,0,0.05208346247673035,0.02416510385668739,0.2281372733414173,0.0027412348671963342,0.0069601088762283325,0.012007224912706175,0.026535142213106155,19,0.0069601088762283325,0.0027412348671963342,0.0,0.0,0.0,0.0,0.0,0.0,0.0,0.0,0.0,0.0,0.0,0.0,0.0,0.0,0.0,0.0,0.0,0.0,0.0,0.0,0.0,0.0,0.0,0.0,0.0,0.0,0.0,0.0,0.0,0.0,0.0,0.0
528,FIXED_COLLISION,29,2.9000000000000004,1.0,10,0.06067795716226101,0.03764213249087334,0.0,0.0,0.0,0.060677957162261015,0.11640252843499184,0.12312249839305878,0.11640252843499184,0.9999999914091214,0,0.022771388292312622,0.01956262325470335,0.08954814821481705,0.0025301542547014025,0.0053805336356163025,0.009949794246090783,0.026535142213106155,9,0.0053805336356163025,0.0025301542547014025,0.0,0.0,0.0,0.0,0.0,0.0,0.0,0.0,0.0,0.0,0.0,0.0,0.0,0.0,0.0,0.0,0.0,0.0,0.0,0.0,0.0,0.0,0.0,0.0,0.0,0.0,0.0,0.0,0.0,0.0,0.0,0.0
528,FIXED_COLLISION,29,2.9000000000000004,0.5,5,0.07509975731372834,0.05642494186758995,0.0,0.0,0.0,0.03754987865686417,0.11160635650157928,0.1196548119187355,0.05580317825078965,0.999999982079874,0,0.01341325044631958,0.024036713725642745,0.05806266516447067,0.003353312611579895,0.0053805336356163025,0.014515666291117668,0.026535142213106155,4,0.0053805336356163025,0.003353312611579895,0.0,0.0,0.0,0.0,0.0,0.0,0.0,0.0,0.0,0.0,0.0,0.0,0.0,0.0,0.0,0.0,0.0,0.0,0.0,0.0,0.0,0.0,0.0,0.0,0.0,0.0,0.0,0.0,0.0,0.0,0.0,0.0
551,SAFE,36,3.6,3.0,30,0.20686169266700744,0.13093708455562592,0.0,0.0,0.0,0.6205850780010224,0.012522957124747335,0.056583624333143234,0.03756887137424201,0.23465961285100273,6,0.5705769639462233,1.5187492407608767,0.38659125566482544,0.01967506772228356,0.10020269453525543,0.013330732953959498,0.04028697311878204,29,0.10020269453525543,0.01967506772228356,0.6206896551724138,0.011433071815890483,0.0004654248454174904,0.09020269453525544,0.3448275862068966,0.006547426261361046,0.00029057597156800796,0.08020269453525543,0.2413793103448276,0.003800460132127949,0.0001891710586558044,0.07020269453525543,0.10344827586206896,0.0024720319135692614,0.0001279664464476567,0.06020269453525543,0.034482758620689655,0.0017311273977674286,8.690725995172983e-05,0.05020269453525543,0.034482758620689655,0.0008690584322501874,2.1902614201289453e-05,0.025202694535255435,0.034482758620689655,6.989466732945744e-06,1.4167267111177023e-09,0.00020269453525542658,0.0,0.0,0.0,0.0
551,SAFE,36,3.6,2.0,20,0.20145345404744147,0.15071897208690643,0.0,0.0,0.0,0.402906908094883,0.01435325006605126,0.056583624333143234,0.02870650013210252,0.2867749197556293,3,0.45930838072672486,1.6000151972999583,0.20884045958518982,0.02417412530140657,0.10020269453525543,0.010991603136062622,0.03791944682598114,19,0.10020269453525543,0.02417412530140657,0.7368421052631579,0.0154734327477452,0.0006886622908959734,0.09020269453525544,0.42105263157894735,0.009726487346924842,0.0004426997318071138,0.08020269453525543,0.3684210526315789,0.005800702306932133,0.00028873477373780686,0.07020269453525543,0.15789473684210525,0.0037731013417636097,0.00019531720773589706,0.06020269453525543,0.05263157894736842,0.0026422470808029172,0.00013264792308421923,0.05020269453525543,0.05263157894736842,0.0013264576071187072,3.343030588617864e-05,0.025202694535255435,0.05263157894736842,1.0668133434496135e-05,2.162372348548072e-09,0.00020269453525542658,0.0,0.0,0.0,0.0
551,SAFE,36,3.6,1.0,10,0.19795851409435272,0.15071897208690643,0.0,0.0,0.0,0.19795851409435272,0.01108048715395853,0.029178915545344353,0.01108048715395853,0.3111555778065575,2,0.20729744667187333,1.870833159979652,0.10466130077838898,0.02303304963020815,0.042526302859187126,0.011629033419820998,0.028239190578460693,9,0.042526302859187126,0.02303304963020815,0.8888888888888888,0.013703597200413543,0.00029502018517479846,0.032526302859187124,0.5555555555555556,0.00660173170423756,9.74325508970815e-05,0.022526302859187126,0.4444444444444444,0.0016472966198085087,1.7701359980619717e-05,0.012526302859187127,0.1111111111111111,0.00028070031768745836,7.091340151485605e-07,0.0025263028591871253,0.0,0.0,0.0,0.0,0.0,0.0,0.0,0.0,0.0,0.0,0.0,0.0,0.0,0.0,0.0,0.0
551,SAFE,36,3.6,0.5,5,0.17717641294002534,0.15071897208690643,0.0,0.0,0.0,0.08858820647001267,0.009543610527180136,0.029178915545344353,0.004771805263590068,0.2229717190316774,1,0.09000608592759818,1.8862057878242968,0.05277113616466522,0.022501521481899545,0.042526302859187126,0.013192784041166306,0.028239190578460693,4,0.042526302859187126,0.022501521481899545,0.75,0.014010253514861687,0.0003696426835875667,0.032526302859187124,0.5,0.008193262483691796,0.00015310753653368265,0.022526302859187126,0.5,0.003193262483691797,3.924228685984672e-05,0.012526302859187127,0.25,0.0006315757147967813,1.5955515340842611e-06,0.0025263028591871253,0.0,0.0,0.0,0.0,0.0,0.0,0.0,0.0,0.0,0.0,0.0,0.0,0.0,0.0,0.0,0.0
578,FIXED_COLLISION,43,4.3,3.0,30,-0.08447825536131859,-0.12259847670793533,0.08447825536131859,0.12259847670793533,0.25343476608395576,0.0,0.03538499483838677,0.11776665598154068,0.10615498451516032,0.0782532479540768,4,0.6433631759136915,0.6060602550049907,0.16865696758031845,0.022184937100472122,0.1366706844419241,0.0058157575027696015,0.028470028191804886,29,0.1366706844419241,0.022184937100472122,0.5862068965517241,0.014275435917721738,0.0009972772173314213,0.1266706844419241,0.3103448275862069,0.009670476306486746,0.0007627129204339191,0.11667068444192409,0.13793103448275862,0.007166403510190289,0.000596610542813303,0.1066706844419241,0.13793103448275862,0.005787093165362702,0.00046707557605777284,0.09667068444192409,0.06896551724137931,0.004872899634185536,0.0003619899740035126,0.08667068444192409,0.06896551724137931,0.003148761703151054,0.00016144844057009786,0.0616706844419241,0.06896551724137931,0.0014246237721165702,4.711380368840724e-05,0.03667068444192409,0.0,0.0,0.0,0.0
578,FIXED_COLLISION,43,4.3,2.0,20,-0.09359770361334085,-0.12259847670793533,0.09359770361334085,0.12259847670793533,0.1871954072266817,0.0,0.03855618457309902,0.11776665598154068,0.07711236914619804,0.14456629841037444,3,0.52108443249017,0.6757468762822895,0.13069306313991547,0.027425496446851053,0.1366706844419241,0.0068785822705218665,0.028470028191804886,19,0.1366706844419241,0.027425496446851053,0.631578947368421,0.019313984826011092,0.0014908784691397136,0.1266706844419241,0.3684210526315789,0.014246388688487441,0.001159812890769374,0.11667068444192409,0.21052631578947367,0.010938194831343074,0.0009106160916624098,0.1066706844419241,0.21052631578947367,0.008832931673448336,0.0007129048266144954,0.09667068444192409,0.10526315789473684,0.007437583652177923,0.0005525110129527298,0.08667068444192409,0.10526315789473684,0.004806004704809502,0.0002464213040280441,0.0616706844419241,0.10526315789473684,0.002174425757441081,7.191054247177947e-05,0.03667068444192409,0.0,0.0,0.0,0.0
578,FIXED_COLLISION,43,4.3,1.0,10,-0.09944641813635827,-0.11974068731069565,0.09944641813635827,0.11974068731069565,0.09944641813635827,0.0,0.03342596190050244,0.11776665598154068,0.03342596190050245,0.29535815418636474,1,0.19141804706305265,0.5726627760368135,0.055620625615119934,0.02126867189589474,0.1366706844419241,0.006180069512791104,0.012452863156795502,9,0.1366706844419241,0.02126867189589474,0.3333333333333333,0.014703977364632819,0.0017846121208544609,0.1266706844419241,0.1111111111111111,0.01296340938243601,0.0015124498453496697,0.11667068444192409,0.1111111111111111,0.011852298271324899,0.0012642927688120609,0.1066706844419241,0.1111111111111111,0.010741187160213788,0.0010383579144966739,0.09667068444192409,0.1111111111111111,0.009630076049102676,0.0008346452824035092,0.08667068444192409,0.1111111111111111,0.0068522982713249,0.0004225859243928199,0.0616706844419241,0.1111111111111111,0.0040745204935471215,0.00014941545527101928,0.03667068444192409,0.0,0.0,0.0,0.0
578,FIXED_COLLISION,43,4.3,0.5,5,-0.0828471377491951,-0.09336208552122116,0.0828471377491951,0.09336208552122116,0.041423568874597555,0.0,0.04585959129035473,0.11776665598154068,0.022929795645177366,0.027193243829395877,1,0.15292347595095634,0.6669203321657869,0.02874317765235901,0.038230868987739086,0.1366706844419241,0.007185794413089752,0.009645983576774597,4,0.1366706844419241,0.038230868987739086,0.25,0.03166767111048102,0.004011365574246377,0.1266706844419241,0.25,0.029167671110481023,0.003403012152036757,0.11667068444192409,0.25,0.026667671110481024,0.002844658729827137,0.1066706844419241,0.25,0.024167671110481022,0.002336305307617516,0.09667068444192409,0.25,0.021667671110481023,0.0018779518854078958,0.08667068444192409,0.25,0.015417671110481024,0.0009508183298838447,0.0616706844419241,0.25,0.009167671110481022,0.00033618477435979336,0.03667068444192409,0.0,0.0,0.0,0.0
610,SAFE,41,4.1000000000000005,3.0,30,-0.004103798345507433,-0.030509471893310547,0.009902169221701722,0.030509471893310547,0.029706507665105165,0.017395112628582867,0.0779791901508967,0.08503958582878113,0.23393757045269015,0.9999999957253554,0,0.03875955939292908,0.016568334514307607,0.09967554511968046,0.0013365365307906579,0.005510099232196808,0.003437087762747602,0.013634526927489787,29,0.005510099232196808,0.0013365365307906579,0.0,0.0,0.0,0.0,0.0,0.0,0.0,0.0,0.0,0.0,0.0,0.0,0.0,0.0,0.0,0.0,0.0,0.0,0.0,0.0,0.0,0.0,0.0,0.0,0.0,0.0,0.0,0.0,0.0,0.0,0.0,0.0
610,SAFE,41,4.1000000000000005,2.0,20,-0.01456732053484302,-0.030509471893310547,0.014602838933933526,0.030509471893310547,0.029205677867867055,7.103679818101228e-05,0.07692585028707981,0.08503958582878113,0.15385170057415964,0.9999999935002344,0,0.02900022268295288,0.018849465027836687,0.05980989953968674,0.001526327509629099,0.005510099232196808,0.003147889449457197,0.013634526927489787,19,0.005510099232196808,0.001526327509629099,0.0,0.0,0.0,0.0,0.0,0.0,0.0,0.0,0.0,0.0,0.0,0.0,0.0,0.0,0.0,0.0,0.0,0.0,0.0,0.0,0.0,0.0,0.0,0.0,0.0,0.0,0.0,0.0,0.0,0.0,0.0,0.0
610,SAFE,41,4.1000000000000005,1.0,10,-0.008716546412324533,-0.018207473680377007,0.008787583210505545,0.018207473680377007,0.008787583210505545,7.103679818101228e-05,0.0738848626613617,0.0764118954539299,0.0738848626613617,0.999999986465428,0,0.00998617708683014,0.01351586318491434,0.02711367013398558,0.0011095752318700154,0.005510099232196808,0.0030126300148872864,0.013634526927489787,9,0.005510099232196808,0.0011095752318700154,0.0,0.0,0.0,0.0,0.0,0.0,0.0,0.0,0.0,0.0,0.0,0.0,0.0,0.0,0.0,0.0,0.0,0.0,0.0,0.0,0.0,0.0,0.0,0.0,0.0,0.0,0.0,0.0,0.0,0.0,0.0,0.0
610,SAFE,41,4.1000000000000005,0.5,5,-0.005392299639061094,-0.006339360028505325,0.005392299639061094,0.006339360028505325,0.002696149819530547,0.0,0.0727650761604309,0.07333847135305405,0.03638253808021546,0.9999999725142877,0,0.0027136877179145813,0.007458763974475503,0.004364236490800977,0.0006784219294786453,0.001330941915512085,0.0010910591227002442,0.0029144773725420237,4,0.001330941915512085,0.0006784219294786453,0.0,0.0,0.0,0.0,0.0,0.0,0.0,0.0,0.0,0.0,0.0,0.0,0.0,0.0,0.0,0.0,0.0,0.0,0.0,0.0,0.0,0.0,0.0,0.0,0.0,0.0,0.0,0.0,0.0,0.0,0.0,0.0
654,FIXED_COLLISION,29,2.9000000000000004,2.0,20,-0.050346014089882374,-0.05892261862754822,0.050346014089882374,0.05892261862754822,0.10069202817976475,0.0,0.09951046891510487,0.10051331669092178,0.19902093783020974,0.999999994975403,0,0.004967682063579559,0.0024960600089509307,0.021186452358961105,0.00026145695071471363,0.0007388368248939514,0.0011150764399453213,0.0029545463621616364,19,0.0007388368248939514,0.00026145695071471363,0.0,0.0,0.0,0.0,0.0,0.0,0.0,0.0,0.0,0.0,0.0,0.0,0.0,0.0,0.0,0.0,0.0,0.0,0.0,0.0,0.0,0.0,0.0,0.0,0.0,0.0,0.0,0.0,0.0,0.0,0.0,0.0
654,FIXED_COLLISION,29,2.9000000000000004,1.0,10,-0.0516965102404356,-0.05892261862754822,0.0516965102404356,0.05892261862754822,0.0516965102404356,0.0,0.09928789436817169,0.09994048625230789,0.0992878943681717,0.9999999899282788,0,0.0017146095633506775,0.0017269069477127044,0.012237098067998886,0.00019051217370563082,0.00039304792881011963,0.0013596775631109874,0.002436399459838867,9,0.00039304792881011963,0.00019051217370563082,0.0,0.0,0.0,0.0,0.0,0.0,0.0,0.0,0.0,0.0,0.0,0.0,0.0,0.0,0.0,0.0,0.0,0.0,0.0,0.0,0.0,0.0,0.0,0.0,0.0,0.0,0.0,0.0,0.0,0.0,0.0,0.0
654,FIXED_COLLISION,29,2.9000000000000004,0.5,5,-0.055420846492052075,-0.05892261862754822,0.055420846492052075,0.05892261862754822,0.02771042324602604,0.0,0.09887720197439194,0.09945190697908401,0.04943860098719597,0.9999999797728908,0,0.001107238233089447,0.0022396228626695575,0.0074073635041713715,0.00027680955827236176,0.00039304792881011963,0.0018518408760428429,0.002436399459838867,4,0.00039304792881011963,0.00027680955827236176,0.0,0.0,0.0,0.0,0.0,0.0,0.0,0.0,0.0,0.0,0.0,0.0,0.0,0.0,0.0,0.0,0.0,0.0,0.0,0.0,0.0,0.0,0.0,0.0,0.0,0.0,0.0,0.0,0.0,0.0,0.0,0.0
665,SAFE,27,2.7,2.0,20,0.10390881933271885,0.020700395107269287,0.0,0.0,0.0,0.2078176386654377,0.20259417602792382,0.6992255449295044,0.4051883520558477,0.9711547283011223,1,1.5779521353542805,0.38943669615715465,0.26852475851774216,0.08305011238706739,0.4987356960773468,0.014132882027249587,0.05167948454618454,19,0.4987356960773468,0.08305011238706739,0.8421052631578947,0.07377623777248359,0.018040022398120505,0.4887356960773468,0.7368421052631579,0.06590409338082137,0.016644200131897196,0.4787356960773468,0.631578947368421,0.059044737827621006,0.015397280301113836,0.4687356960773468,0.5789473684210527,0.05302553974092007,0.01427787207673244,0.4587356960773468,0.47368421052631576,0.04767990843637994,0.013273384530754422,0.4487356960773468,0.3684210526315789,0.03746070714765473,0.011153615044470945,0.4237356960773468,0.21052631578947367,0.031079114679443208,0.009457825586861444,0.3987356960773468,0.10526315789473684,0.022916775628140096,0.006796343962674869,0.3487356960773468
665,SAFE,27,2.7,1.0,10,0.16416575834155084,0.12363066524267197,0.0,0.0,0.0,0.16416575834155084,0.18094356264919043,0.6212002038955688,0.18094356264919043,0.9354065549644158,1,0.6726308912038803,0.3717351850701708,0.1250276193022728,0.07473676568932003,0.23668304085731506,0.013891957700252533,0.03769383579492569,9,0.23668304085731506,0.07473676568932003,0.7777777777777778,0.0656713382154703,0.009616092305170734,0.22668304085731505,0.6666666666666666,0.05891229534314738,0.008371102931370776,0.21668304085731507,0.5555555555555556,0.052698899515801007,0.007257674601090493,0.20668304085731506,0.5555555555555556,0.04714334396024544,0.006259252166330029,0.19668304085731506,0.5555555555555556,0.0415877884046899,0.005371940842680676,0.18668304085731507,0.4444444444444444,0.030305367252892915,0.0035786305780878924,0.16168304085731505,0.3333333333333333,0.021307498092452682,0.0023009478693423475,0.13668304085731506,0.1111111111111111,0.00963144898414612,0.0008348832858078837,0.08668304085731507
665,SAFE,27,2.7,0.5,5,0.16313945055007933,0.14869555830955505,0.0,0.0,0.0,0.08156972527503968,0.05883242301642895,0.082576684653759,0.029416211508214475,0.6026759689116022,1,0.13400737196207047,0.4555561730615351,0.05868074297904968,0.033501842990517616,0.11158713884651661,0.01467018574476242,0.01816624402999878,4,0.11158713884651661,0.033501842990517616,0.5,0.025604631174355748,0.0025801594953636328,0.10158713884651661,0.25,0.02289678471162915,0.002097051000522778,0.0915871388465166,0.25,0.020396784711629153,0.001664115306290195,0.08158713884651661,0.25,0.01789678471162915,0.0012811796120576115,0.0715871388465166,0.25,0.015396784711629152,0.0009482439178250287,0.061587138846516606,0.25,0.009146784711629153,0.00033465468224357125,0.03658713884651661,0.25,0.002896784711629151,3.3565446662113534e-05,0.011587138846516604,0.0,0.0,0.0,0.0
704,FIXED_COLLISION,21,2.1,2.0,20,0.034824476367793976,-0.17537085711956024,0.010834663547575474,0.17537085711956024,0.021669327095150948,0.09131827983073891,0.07168278285535053,0.09033013880252838,0.14336556571070105,0.9999999930248245,0,0.08993007964454591,0.06272780954859043,0.26694807410240173,0.004733162086555048,0.03666340536437929,0.014049898636968513,0.134048443287611,19,0.03666340536437929,0.004733162086555048,0.10526315789473684,0.002050601498370892,4.5377818837271035e-05,0.026663405364379285,0.10526315789473684,0.0009979699194235237,1.4892104659326884e-05,0.016663405364379286,0.05263157894736842,0.0003507055454936467,2.3368932131599303e-06,0.006663405364379288,0.0,0.0,0.0,0.0,0.0,0.0,0.0,0.0,0.0,0.0,0.0,0.0,0.0,0.0,0.0,0.0,0.0,0.0,0.0,0.0
704,FIXED_COLLISION,21,2.1,1.0,10,-0.004321757750585675,-0.17537085711956024,0.021669327095150948,0.17537085711956024,0.021669327095150948,0.017347569344565272,0.05816848950926214,0.07169631868600845,0.05816848950926215,0.9999999828085618,0,0.06891776598058641,0.1184795503153252,0.22086163237690926,0.00765752955339849,0.03666340536437929,0.02454018137521214,0.134048443287611,9,0.03666340536437929,0.00765752955339849,0.2222222222222222,0.004329047607671883,9.579761754534997e-05,0.026663405364379285,0.2222222222222222,0.002106825385449661,3.143888761413453e-05,0.016663405364379286,0.1111111111111111,0.0007403783738199209,4.933441227782075e-06,0.006663405364379288,0.0,0.0,0.0,0.0,0.0,0.0,0.0,0.0,0.0,0.0,0.0,0.0,0.0,0.0,0.0,0.0,0.0,0.0,0.0,0.0
704,FIXED_COLLISION,21,2.1,0.5,5,-0.03761536544188857,-0.17537085711956024,0.043338654190301897,0.17537085711956024,0.021669327095150948,0.002861644374206662,0.04714121674187481,0.06650592386722565,0.02357060837093741,0.9999999575742832,0,0.0637273711618036,0.27036794067946135,0.1881741937249899,0.0159318427904509,0.03666340536437929,0.04704354843124747,0.134048443287611,4,0.03666340536437929,0.0159318427904509,0.5,0.009740357117261737,0.00021554463947703743,0.026663405364379285,0.5,0.004740357117261737,7.07374971318027e-05,0.016663405364379286,0.25,0.001665851341094822,1.1100242762509668e-05,0.006663405364379288,0.0,0.0,0.0,0.0,0.0,0.0,0.0,0.0,0.0,0.0,0.0,0.0,0.0,0.0,0.0,0.0,0.0,0.0,0.0,0.0
709,SAFE,78,7.800000000000001,3.0,30,-0.020550296207269034,-0.02823169156908989,0.020550296207269034,0.02823169156908989,0.0616508886218071,0.0,0.1371964285771052,0.13870982825756073,0.41158928573131565,0.9999999975703935,0,0.008815750479698181,0.0021418804531355743,0.07284826599061489,0.00030399139585166144,0.0008935928344726562,0.0025120091720901684,0.005275288596749306,29,0.0008935928344726562,0.00030399139585166144,0.0,0.0,0.0,0.0,0.0,0.0,0.0,0.0,0.0,0.0,0.0,0.0,0.0,0.0,0.0,0.0,0.0,0.0,0.0,0.0,0.0,0.0,0.0,0.0,0.0,0.0,0.0,0.0,0.0,0.0,0.0,0.0
709,SAFE,78,7.800000000000001,2.0,20,-0.018982483074069023,-0.023483671247959137,0.018982483074069023,0.023483671247959137,0.037964966148138046,0.0,0.13675820231437683,0.13786457479000092,0.27351640462875365,0.9999999963439122,0,0.0060892254114151,0.0022262742877953955,0.043943801894783974,0.0003204855479692158,0.0008935928344726562,0.0023128316786728406,0.003663083538413048,19,0.0008935928344726562,0.0003204855479692158,0.0,0.0,0.0,0.0,0.0,0.0,0.0,0.0,0.0,0.0,0.0,0.0,0.0,0.0,0.0,0.0,0.0,0.0,0.0,0.0,0.0,0.0,0.0,0.0,0.0,0.0,0.0,0.0,0.0,0.0,0.0,0.0
709,SAFE,78,7.800000000000001,1.0,10,-0.017810472659766673,-0.01950657181441784,0.017810472659766673,0.01950657181441784,0.017810472659766676,0.0,0.1362044855952263,0.13704633712768555,0.1362044855952263,0.999999992658098,0,0.0036852359771728516,0.0027056641593053163,0.01793409138917923,0.0004094706641303168,0.0008935928344726562,0.0019926768210199145,0.00328885018825531,9,0.0008935928344726562,0.0004094706641303168,0.0,0.0,0.0,0.0,0.0,0.0,0.0,0.0,0.0,0.0,0.0,0.0,0.0,0.0,0.0,0.0,0.0,0.0,0.0,0.0,0.0,0.0,0.0,0.0,0.0,0.0,0.0,0.0,0.0,0.0,0.0,0.0
709,SAFE,78,7.800000000000001,0.5,5,-0.017121266201138498,-0.018781881779432297,0.017121266201138498,0.018781881779432297,0.008560633100569249,0.0,0.13580373525619507,0.13657556474208832,0.06790186762809754,0.9999999852728647,0,0.0018395036458969116,0.0027090618904348266,0.009174151346087456,0.0004598759114742279,0.0008663982152938843,0.002293537836521864,0.00328885018825531,4,0.0008663982152938843,0.0004598759114742279,0.0,0.0,0.0,0.0,0.0,0.0,0.0,0.0,0.0,0.0,0.0,0.0,0.0,0.0,0.0,0.0,0.0,0.0,0.0,0.0,0.0,0.0,0.0,0.0,0.0,0.0,0.0,0.0,0.0,0.0,0.0,0.0
818,SAFE,66,6.6000000000000005,3.0,30,-0.09622528872763117,-0.17217212915420532,0.09622528872763117,0.17217212915420532,0.28867586618289354,0.0,0.00949537514243275,0.038572993129491806,0.02848612542729825,0.4412050659896416,4,0.3233038168400526,1.134951842838943,0.17492605093866587,0.011148407477243194,0.02803116198629141,0.006031932790988478,0.012173362076282501,29,0.02803116198629141,0.011148407477243194,0.5517241379310345,0.0037715460610543857,4.013194980936146e-05,0.018031161986291407,0.13793103448275862,0.0006009926724022832,3.614717723631739e-06,0.008031161986291408,0.0,0.0,0.0,0.0,0.0,0.0,0.0,0.0,0.0,0.0,0.0,0.0,0.0,0.0,0.0,0.0,0.0,0.0,0.0,0.0,0.0,0.0,0.0,0.0
818,SAFE,66,6.6000000000000005,2.0,20,-0.130283266864717,-0.17217212915420532,0.130283266864717,0.17217212915420532,0.260566533729434,0.0,0.007593962462851778,0.020660683512687683,0.015187924925703556,0.4042938866770968,2,0.17912974837236106,1.1794220570249665,0.12046382948756218,0.00942788149328216,0.020509022288024426,0.0063402015519769565,0.012173362076282501,19,0.020509022288024426,0.00942788149328216,0.47368421052631576,0.002397293235469413,1.644801188258347e-05,0.010509022288024425,0.05263157894736842,2.6790646738127637e-05,1.363703630029583e-08,0.0005090222880244251,0.0,0.0,0.0,0.0,0.0,0.0,0.0,0.0,0.0,0.0,0.0,0.0,0.0,0.0,0.0,0.0,0.0,0.0,0.0,0.0,0.0,0.0,0.0,0.0
818,SAFE,66,6.6000000000000005,1.0,10,-0.16574564427137375,-0.17217212915420532,0.16574564427137375,0.17217212915420532,0.16574564427137375,0.0,0.008677515771705658,0.020660683512687683,0.008677515771705658,0.3489950533479681,2,0.09898584056645632,1.1407162114536555,0.03186148405075073,0.010998426729606258,0.020509022288024426,0.003540164894527859,0.00948856770992279,9,0.020509022288024426,0.010998426729606258,0.4444444444444444,0.0031190151778153247,2.600413324210074e-05,0.010509022288024425,0.1111111111111111,5.65580320027139e-05,2.8789298856180085e-08,0.0005090222880244251,0.0,0.0,0.0,0.0,0.0,0.0,0.0,0.0,0.0,0.0,0.0,0.0,0.0,0.0,0.0,0.0,0.0,0.0,0.0,0.0,0.0,0.0,0.0,0.0
818,SAFE,66,6.6000000000000005,0.5,5,-0.17069266140460967,-0.17217212915420532,0.17069266140460967,0.17217212915420532,0.08534633070230485,0.0,0.008552306424826383,0.013272772543132305,0.004276153212413192,0.6615531439962529,0,0.038338796235620975,0.896571880507204,0.006957918405532837,0.009584699058905244,0.020509022288024426,0.0017394796013832092,0.005701929330825806,4,0.020509022288024426,0.009584699058905244,0.25,0.0026272555720061063,2.7609887362548532e-05,0.010509022288024425,0.25,0.00012725557200610627,6.477592242640519e-08,0.0005090222880244251,0.0,0.0,0.0,0.0,0.0,0.0,0.0,0.0,0.0,0.0,0.0,0.0,0.0,0.0,0.0,0.0,0.0,0.0,0.0,0.0,0.0,0.0,0.0,0.0
867,SAFE,75,7.5,3.0,30,0.09774924032390117,0.031825754791498184,0.0,0.0,0.0,0.29324772097170354,0.013484844604196649,0.05246441811323166,0.04045453381258995,0.3291227025883927,6,0.4815698638558388,1.19039772941838,0.2557459995150566,0.01660585737433927,0.05623458884656429,0.00881882756948471,0.02345084398984909,29,0.05623458884656429,0.01660585737433927,0.5862068965517241,0.008562536650690537,0.0002038604583280549,0.04623458884656429,0.3448275862068966,0.0036828700870532405,8.484819063545665e-05,0.03623458884656429,0.10344827586206896,0.0017660109050058087,3.487009555663277e-05,0.026234588846564294,0.10344827586206896,0.0007315281463851188,9.894705042723494e-06,0.016234588846564292,0.034482758620689655,0.00021498582229532035,1.3403482098518568e-06,0.00623458884656429,0.0,0.0,0.0,0.0,0.0,0.0,0.0,0.0,0.0,0.0,0.0,0.0
867,SAFE,75,7.5,2.0,20,0.12267688103020191,0.08259452134370804,0.0,0.0,0.0,0.24535376206040382,0.012262460857164115,0.036041826009750366,0.02452492171432823,0.27175427198933017,3,0.2565447650849819,1.0460573844544694,0.17709950357675552,0.013502356057104311,0.025282684713602066,0.009321026504039764,0.02345084398984909,19,0.025282684713602066,0.013502356057104311,0.5789473684210527,0.0055939374962135375,6.590677372037431e-05,0.015282684713602066,0.2631578947368421,0.000984549772386488,4.119421698980389e-06,0.005282684713602066,0.0,0.0,0.0,0.0,0.0,0.0,0.0,0.0,0.0,0.0,0.0,0.0,0.0,0.0,0.0,0.0,0.0,0.0,0.0,0.0,0.0,0.0,0.0,0.0
867,SAFE,75,7.5,1.0,10,0.12270223572850228,0.09111501276493073,0.0,0.0,0.0,0.12270223572850228,0.01664119800552726,0.036041826009750366,0.01664119800552726,0.7117351810469134,2,0.1456862697377801,0.875455366463627,0.07664866745471954,0.016187363304197788,0.025282684713602066,0.008516518606079949,0.01771441102027893,9,0.025282684713602066,0.016187363304197788,0.6666666666666666,0.007957527575393518,0.00010201965426166615,0.015282684713602066,0.4444444444444444,0.0017987819885214168,7.992407817401913e-06,0.005282684713602066,0.0,0.0,0.0,0.0,0.0,0.0,0.0,0.0,0.0,0.0,0.0,0.0,0.0,0.0,0.0,0.0,0.0,0.0,0.0,0.0,0.0,0.0,0.0,0.0
867,SAFE,75,7.5,0.5,5,0.11139265447854996,0.09111501276493073,0.0,0.0,0.0,0.05569632723927498,0.02174092661589384,0.036041826009750366,0.010870463307946922,0.9999999080076093,0,0.053335619159042835,0.4906471117342385,0.03956383466720581,0.013333904789760709,0.02497735247015953,0.009890958666801453,0.01771441102027893,4,0.02497735247015953,0.013333904789760709,0.5,0.005344963986426592,6.632828444244577e-05,0.01497735247015953,0.25,0.0012443381175398826,6.1935094030507944e-06,0.00497735247015953,0.0,0.0,0.0,0.0,0.0,0.0,0.0,0.0,0.0,0.0,0.0,0.0,0.0,0.0,0.0,0.0,0.0,0.0,0.0,0.0,0.0,0.0,0.0,0.0
916,FIXED_COLLISION,69,6.9,3.0,30,-0.02930669110889236,-0.0452960729598999,0.02930669110889236,0.0452960729598999,0.08792007332667709,0.0,0.11923752948641778,0.1307268738746643,0.35771258845925336,0.9999999972044596,0,0.06352394819259644,0.017758376435289647,0.06605593301355839,0.0021904809721584977,0.007368221879005432,0.002277790793570979,0.007040400058031082,29,0.007368221879005432,0.0021904809721584977,0.0,0.0,0.0,0.0,0.0,0.0,0.0,0.0,0.0,0.0,0.0,0.0,0.0,0.0,0.0,0.0,0.0,0.0,0.0,0.0,0.0,0.0,0.0,0.0,0.0,0.0,0.0,0.0,0.0,0.0,0.0,0.0
916,FIXED_COLLISION,69,6.9,2.0,20,-0.029555234452709557,-0.0452960729598999,0.029555234452709557,0.0452960729598999,0.059110468905419114,0.0,0.12373941950500011,0.1307268738746643,0.24747883901000023,0.9999999959592505,0,0.03463832288980484,0.013996478603344497,0.036970059387385845,0.0018230696257792022,0.006543830037117004,0.001945792599336097,0.005860126577317715,19,0.006543830037117004,0.0018230696257792022,0.0,0.0,0.0,0.0,0.0,0.0,0.0,0.0,0.0,0.0,0.0,0.0,0.0,0.0,0.0,0.0,0.0,0.0,0.0,0.0,0.0,0.0,0.0,0.0,0.0,0.0,0.0,0.0,0.0,0.0,0.0,0.0
916,FIXED_COLLISION,69,6.9,1.0,10,-0.037858908995985985,-0.0452960729598999,0.037858908995985985,0.0452960729598999,0.037858908995985985,0.0,0.12273456379771233,0.12463872879743576,0.12273456379771233,0.999999991852336,0,0.010448284447193146,0.008512911146435168,0.015167612582445145,0.0011609204941325718,0.002978689968585968,0.0016852902869383495,0.0027284473180770874,9,0.002978689968585968,0.0011609204941325718,0.0,0.0,0.0,0.0,0.0,0.0,0.0,0.0,0.0,0.0,0.0,0.0,0.0,0.0,0.0,0.0,0.0,0.0,0.0,0.0,0.0,0.0,0.0,0.0,0.0,0.0,0.0,0.0,0.0,0.0,0.0,0.0
916,FIXED_COLLISION,69,6.9,0.5,5,-0.04250305071473122,-0.0452960729598999,0.04250305071473122,0.0452960729598999,0.02125152535736561,0.0,0.12219578474760055,0.12322840094566345,0.06109789237380028,0.9999999836328235,0,0.002915322780609131,0.004771560228391224,0.0066003575921058655,0.0007288306951522827,0.0009089335799217224,0.0016500893980264664,0.0027284473180770874,4,0.0009089335799217224,0.0007288306951522827,0.0,0.0,0.0,0.0,0.0,0.0,0.0,0.0,0.0,0.0,0.0,0.0,0.0,0.0,0.0,0.0,0.0,0.0,0.0,0.0,0.0,0.0,0.0,0.0,0.0,0.0,0.0,0.0,0.0,0.0,0.0,0.0
926,SAFE,78,7.800000000000001,3.0,30,0.0986410121122996,0.014776166528463364,0.0,0.0,0.0,0.2959230363368988,0.024969774244042734,0.04550040513277054,0.0749093227321282,0.507823570335099,2,0.2641180595383048,0.3525836923622179,0.2713890001177788,0.009107519294424304,0.04528486169874668,0.009358241383371681,0.03069305792450905,29,0.04528486169874668,0.009107519294424304,0.3448275862068966,0.0030637845942943264,6.390436353753606e-05,0.03528486169874668,0.10344827586206896,0.0012188122771551897,2.3792914994758433e-05,0.02528486169874668,0.034482758620689655,0.0005270641965085062,8.056103349993562e-06,0.015284861698746682,0.034482758620689655,0.00018223661030160966,9.630952818924016e-07,0.00528486169874668,0.0,0.0,0.0,0.0,0.0,0.0,0.0,0.0,0.0,0.0,0.0,0.0,0.0,0.0,0.0,0.0
926,SAFE,78,7.800000000000001,2.0,20,0.06185375191271305,0.014776166528463364,0.0,0.0,0.0,0.12370750382542611,0.02527513906825334,0.04550040513277054,0.05055027813650668,0.6914151491377475,1,0.17872375715523958,0.3535564198817012,0.1317005380988121,0.009406513534486294,0.04528486169874668,0.006931607268358532,0.03069305792450905,19,0.04528486169874668,0.009406513534486294,0.2631578947368421,0.00324324524814361,8.202658656523785e-05,0.03528486169874668,0.10526315789473684,0.0015863066215656306,3.4889205665465673e-05,0.02528486169874668,0.05263157894736842,0.0008044664051971938,1.2296157744727017e-05,0.015284861698746682,0.05263157894736842,0.0002781506157235095,1.4699875355199816e-06,0.00528486169874668,0.0,0.0,0.0,0.0,0.0,0.0,0.0,0.0,0.0,0.0,0.0,0.0,0.0,0.0,0.0,0.0
926,SAFE,78,7.800000000000001,1.0,10,0.03751286081969738,0.014776166528463364,0.0,0.0,0.0,0.03751286081969738,0.018756693648174404,0.028691893443465233,0.018756693648174408,0.16834758783566367,1,0.1052473271265626,0.5611187317420362,0.05989161506295204,0.011694147458506955,0.04528486169874668,0.00665462389588356,0.03069305792450905,9,0.04528486169874668,0.011694147458506955,0.2222222222222222,0.005571091756638553,0.00016285460264875415,0.03528486169874668,0.2222222222222222,0.003348869534416331,7.365498973820532e-05,0.02528486169874668,0.1111111111111111,0.001698317966527409,2.5958555238868146e-05,0.015284861698746682,0.1111111111111111,0.0005872068554162979,3.103307019431072e-06,0.00528486169874668,0.0,0.0,0.0,0.0,0.0,0.0,0.0,0.0,0.0,0.0,0.0,0.0,0.0,0.0,0.0,0.0
926,SAFE,78,7.800000000000001,0.5,5,0.02549014687538147,0.014776166528463364,0.0,0.0,0.0,0.012745073437690735,0.015599049348384141,0.028691893443465233,0.0077995246741920715,0.9999998717870751,0,0.04208275955170393,0.539555369257287,0.021807249635457993,0.010520689887925982,0.0248549641110003,0.005451812408864498,0.005825694650411606,4,0.0248549641110003,0.010520689887925982,0.25,0.003713741027750075,5.5167489684776725e-05,0.0148549641110003,0.25,0.0012137410277500748,5.892669129775231e-06,0.004854964111000299,0.0,0.0,0.0,0.0,0.0,0.0,0.0,0.0,0.0,0.0,0.0,0.0,0.0,0.0,0.0,0.0,0.0,0.0,0.0,0.0,0.0,0.0,0.0,0.0
967,SAFE,56,5.6000000000000005,3.0,30,-0.0050065537604192896,-0.05955347418785095,0.02507528563340505,0.05955347418785095,0.07522585690021516,0.060206195618957285,0.03470809332405527,0.09916475415229797,0.10412427997216583,0.166298421229376,2,0.3620929750613868,0.3477507567693845,0.296625392511487,0.012485964657289201,0.05361132323741913,0.01022846181074093,0.02257521077990532,29,0.05361132323741913,0.012485964657289201,0.41379310344827586,0.005532190753468151,0.00014426394548745696,0.043611323237419126,0.13793103448275862,0.002712733435990481,6.765485941828584e-05,0.033611323237419125,0.10344827586206896,0.0014686756234230667,2.6662789969751218e-05,0.02361132323741913,0.06896551724137931,0.0005972593855755082,6.862975071782211e-06,0.013611323237419128,0.034482758620689655,0.00012452838749721124,4.497122594870122e-07,0.0036113232374191256,0.0,0.0,0.0,0.0,0.0,0.0,0.0,0.0,0.0,0.0,0.0,0.0
967,SAFE,56,5.6000000000000005,2.0,20,0.0015705874655395746,-0.05955347418785095,0.026724636368453503,0.05955347418785095,0.05344927273690701,0.056590447667986155,0.04277281819377095,0.09916475415229797,0.0855456363875419,0.014763348381956483,1,0.259420458227396,0.3032538726108968,0.21351918578147888,0.013653708327757684,0.05361132323741913,0.011237851883235731,0.02257521077990532,19,0.05361132323741913,0.013653708327757684,0.47368421052631576,0.006234503416834692,0.00015849386587561302,0.043611323237419126,0.15789473684210525,0.002892635299971229,7.367709518690983e-05,0.033611323237419125,0.10526315789473684,0.0015201260071051749,3.080414596995762e-05,0.02361132323741913,0.05263157894736842,0.0007163854335483751,9.750953698605575e-06,0.013611323237419128,0.05263157894736842,0.0001900696440746908,6.864029223749133e-07,0.0036113232374191256,0.0,0.0,0.0,0.0,0.0,0.0,0.0,0.0,0.0,0.0,0.0,0.0
967,SAFE,56,5.6000000000000005,1.0,10,0.052538953814655544,-0.03043343871831894,0.0040514938533306125,0.03043343871831894,0.0040514938533306125,0.056590447667986155,0.037991865538060665,0.05317588523030281,0.037991865538060665,0.9999999736785767,0,0.05374220013618469,0.14145711972941674,0.15848489850759506,0.005971355570687188,0.015040218830108643,0.01760943316751056,0.02257521077990532,9,0.015040218830108643,0.005971355570687188,0.2222222222222222,0.0008137682990895377,3.4021191826794038e-06,0.005040218830108642,0.0,0.0,0.0,0.0,0.0,0.0,0.0,0.0,0.0,0.0,0.0,0.0,0.0,0.0,0.0,0.0,0.0,0.0,0.0,0.0,0.0,0.0,0.0,0.0,0.0,0.0,0.0,0.0
967,SAFE,56,5.6000000000000005,0.5,5,0.09565338268876075,0.060240816324949265,0.0,0.0,0.0,0.04782669134438038,0.028726020827889442,0.031616561114788055,0.014363010413944721,0.9999999303767176,0,0.010994689539074898,0.07654863748420059,0.06781064346432686,0.0027486723847687244,0.005421195179224014,0.016952660866081715,0.02257521077990532,4,0.005421195179224014,0.0027486723847687244,0.0,0.0,0.0,0.0,0.0,0.0,0.0,0.0,0.0,0.0,0.0,0.0,0.0,0.0,0.0,0.0,0.0,0.0,0.0,0.0,0.0,0.0,0.0,0.0,0.0,0.0,0.0,0.0,0.0,0.0,0.0,0.0
1014,SAFE,79,7.9,3.0,30,-0.021099386309894424,-0.05464331433176994,0.021099386309894424,0.05464331433176994,0.06329815892968327,0.0,0.09142848327755929,0.10515984147787094,0.27428544983267783,0.9999999963541631,0,0.03691081702709198,0.013457081633399747,0.05749179213307798,0.0012727867940376546,0.018156923353672028,0.0019824755907957925,0.009823266416788101,29,0.018156923353672028,0.0012727867940376546,0.034482758620689655,0.00028127321909213887,2.2943240895751763e-06,0.008156923353672027,0.0,0.0,0.0,0.0,0.0,0.0,0.0,0.0,0.0,0.0,0.0,0.0,0.0,0.0,0.0,0.0,0.0,0.0,0.0,0.0,0.0,0.0,0.0,0.0,0.0,0.0,0.0,0.0
1014,SAFE,79,7.9,2.0,20,-0.00999486866639927,-0.026157859712839127,0.00999486866639927,0.026157859712839127,0.019989737332798543,0.0,0.08680321127176285,0.08815955370664597,0.1736064225435257,0.9999999942398445,0,0.005279958248138428,0.0030413380682395453,0.02496283291839063,0.0002778925393757067,0.0010802298784255981,0.0013138333114942437,0.003986479714512825,19,0.0010802298784255981,0.0002778925393757067,0.0,0.0,0.0,0.0,0.0,0.0,0.0,0.0,0.0,0.0,0.0,0.0,0.0,0.0,0.0,0.0,0.0,0.0,0.0,0.0,0.0,0.0,0.0,0.0,0.0,0.0,0.0,0.0,0.0,0.0,0.0,0.0
1014,SAFE,79,7.9,1.0,10,-0.0037963446462526917,-0.005975651554763317,0.0037963446462526917,0.005975651554763317,0.003796344646252692,0.0,0.08761379942297935,0.08815955370664597,0.08761379942297937,0.9999999885862729,0,0.0013165175914764404,0.0015026372387918286,0.004780624760314822,0.00014627973238627115,0.0004432946443557739,0.0005311805289238691,0.0012669796124100685,9,0.0004432946443557739,0.00014627973238627115,0.0,0.0,0.0,0.0,0.0,0.0,0.0,0.0,0.0,0.0,0.0,0.0,0.0,0.0,0.0,0.0,0.0,0.0,0.0,0.0,0.0,0.0,0.0,0.0,0.0,0.0,0.0,0.0,0.0,0.0,0.0,0.0
1014,SAFE,79,7.9,0.5,5,-0.0033356026280671356,-0.004019506275653839,0.0033356026280671356,0.004019506275653839,0.001667801314033568,0.0,0.08787574917078018,0.08815955370664597,0.04393787458539009,0.9999999772405929,0,0.0008018165826797485,0.0018248870069320394,0.001831121277064085,0.00020045414566993713,0.0004432946443557739,0.00045778031926602125,0.001169548137113452,4,0.0004432946443557739,0.00020045414566993713,0.0,0.0,0.0,0.0,0.0,0.0,0.0,0.0,0.0,0.0,0.0,0.0,0.0,0.0,0.0,0.0,0.0,0.0,0.0,0.0,0.0,0.0,0.0,0.0,0.0,0.0,0.0,0.0,0.0,0.0,0.0,0.0
1032,NEW_COLLISION,56,5.6000000000000005,3.0,30,-0.07845187671482563,-0.0994112640619278,0.07845187671482563,0.0994112640619278,0.2353556301444769,0.0,0.03060250388419566,0.0781078040599823,0.09180751165258699,0.8184120359905577,1,0.22078711405629292,0.24048915788818237,0.14151161909103394,0.007613348760561825,0.027575038373470306,0.004879711003139101,0.01722317561507225,29,0.027575038373470306,0.007613348760561825,0.20689655172413793,0.001229116719151879,1.3949744008004532e-05,0.017575038373470304,0.034482758620689655,0.00026120821977483816,1.9786622882602642e-06,0.007575038373470306,0.0,0.0,0.0,0.0,0.0,0.0,0.0,0.0,0.0,0.0,0.0,0.0,0.0,0.0,0.0,0.0,0.0,0.0,0.0,0.0,0.0,0.0,0.0,0.0
1032,NEW_COLLISION,56,5.6000000000000005,2.0,20,-0.07407530266791582,-0.0994112640619278,0.07407530266791582,0.0994112640619278,0.14815060533583166,0.0,0.04034558953426313,0.0781078040599823,0.08069117906852626,0.9999999876070718,0,0.1703912933007814,0.21116470617492286,0.1261591836810112,0.008967962805304285,0.027575038373470306,0.006639957035842694,0.01722317561507225,19,0.027575038373470306,0.008967962805304285,0.2631578947368421,0.0016303513297124912,2.0145003337234637e-05,0.017575038373470304,0.05263157894736842,0.00039868623018264767,3.0200634926077714e-06,0.007575038373470306,0.0,0.0,0.0,0.0,0.0,0.0,0.0,0.0,0.0,0.0,0.0,0.0,0.0,0.0,0.0,0.0,0.0,0.0,0.0,0.0,0.0,0.0,0.0,0.0
1032,NEW_COLLISION,56,5.6000000000000005,1.0,10,-0.05601430721580982,-0.09236154705286026,0.05601430721580982,0.09236154705286026,0.05601430721580983,0.0,0.0417892346100416,0.0781078040599823,0.04178923461004161,0.9999999760703927,0,0.07770496612647548,0.18594493292862152,0.08595676720142365,0.008633885125163943,0.01688800659030676,0.009550751911269294,0.01722317561507225,9,0.01688800659030676,0.008633885125163943,0.2222222222222222,0.0013203064724802971,8.043575439257787e-06,0.006888006590306759,0.0,0.0,0.0,0.0,0.0,0.0,0.0,0.0,0.0,0.0,0.0,0.0,0.0,0.0,0.0,0.0,0.0,0.0,0.0,0.0,0.0,0.0,0.0,0.0,0.0,0.0,0.0,0.0
1032,NEW_COLLISION,56,5.6000000000000005,0.5,5,-0.042665586620569226,-0.05169185996055603,0.042665586620569226,0.05169185996055603,0.021332793310284617,0.0,0.018736591550987215,0.04363882914185524,0.009368295775493607,0.999999893257011,0,0.04323599120834842,0.4615138935547904,0.030291222035884857,0.010808997802087106,0.01688800659030676,0.007572805508971214,0.012843601405620575,4,0.01688800659030676,0.010808997802087106,0.5,0.0029706895630806683,1.809804473833002e-05,0.006888006590306759,0.0,0.0,0.0,0.0,0.0,0.0,0.0,0.0,0.0,0.0,0.0,0.0,0.0,0.0,0.0,0.0,0.0,0.0,0.0,0.0,0.0,0.0,0.0,0.0,0.0,0.0,0.0,0.0
1070,SAFE,18,1.8,1.0,10,-0.059467796981334684,-0.07075778394937515,0.059467796981334684,0.07075778394937515,0.05946779698133469,0.0,0.014711717795580625,0.031936164945364,0.014711717795580627,0.0890398686188434,1,0.0868451101705432,0.5903124670696623,0.02059856429696083,0.00964945668561591,0.01764518115669489,0.0022887293663289812,0.0034314095973968506,9,0.01764518115669489,0.00964945668561591,0.4444444444444444,0.001518466669238276,8.348957268556671e-06,0.007645181156694889,0.0,0.0,0.0,0.0,0.0,0.0,0.0,0.0,0.0,0.0,0.0,0.0,0.0,0.0,0.0,0.0,0.0,0.0,0.0,0.0,0.0,0.0,0.0,0.0,0.0,0.0,0.0,0.0
1070,SAFE,18,1.8,0.5,5,-0.05439264178276062,-0.056027602404356,0.05439264178276062,0.056027602404356,0.027196320891380313,0.0,0.014203214738517999,0.031936164945364,0.007101607369259,0.7758143239017651,0,0.03989655431360006,0.5617960360402552,0.005474299192428589,0.009974138578400016,0.01764518115669489,0.0013685747981071472,0.002783641219139099,4,0.01764518115669489,0.009974138578400016,0.5,0.002803634856827557,1.779727834567318e-05,0.007645181156694889,0.0,0.0,0.0,0.0,0.0,0.0,0.0,0.0,0.0,0.0,0.0,0.0,0.0,0.0,0.0,0.0,0.0,0.0,0.0,0.0,0.0,0.0,0.0,0.0,0.0,0.0,0.0,0.0
1125,SAFE,74,7.4,3.0,30,0.007509164900208513,-0.1371428370475769,0.02374137632238368,0.1371428370475769,0.07122412896715105,0.09375162366777659,0.1181799526597994,0.5952214002609253,0.35453985797939824,0.5426836093053798,3,1.4555468307808042,0.41054532908396735,0.553252536803484,0.05019127002692428,0.5507809557020664,0.019077673682878757,0.18897132575511932,29,0.5507809557020664,0.05019127002692428,0.3448275862068966,0.04500166166509533,0.01372374844623208,0.5407809557020664,0.2413793103448276,0.04214900464333336,0.012854240822438629,0.5307809557020664,0.2413793103448276,0.03973521153988509,0.012035398660606444,0.5207809557020664,0.2413793103448276,0.03732141843643681,0.011264832360843224,0.5107809557020664,0.2413793103448276,0.03490762533298853,0.01054254192314897,0.5007809557020664,0.2413793103448276,0.028873142574367856,0.008948022725465058,0.4757809557020664,0.20689655172413793,0.023083023585636044,0.007653495969803191,0.45078095570206644,0.10344827586206896,0.016624527154811494,0.005698268967989871,0.4007809557020664
1125,SAFE,74,7.4,2.0,20,0.01719639953225851,-0.1371428370475769,0.027694489620625973,0.1371428370475769,0.05538897924125195,0.08978177830576897,0.17301417300477623,0.5952214002609253,0.3460283460095525,0.5449159630486926,2,1.3933604322373867,0.4026723371882944,0.4737582951784134,0.07333475959144141,0.5507809557020664,0.024934647114653336,0.18897132575511932,19,0.5507809557020664,0.07333475959144141,0.42105263157894735,0.06813484538542597,0.020943390963192615,0.5407809557020664,0.3684210526315789,0.06433269129771935,0.019619630728985274,0.5307809557020664,0.3684210526315789,0.060648480771403564,0.01836981900829404,0.5207809557020664,0.3684210526315789,0.056964270245087774,0.017193691498129125,0.5107809557020664,0.3684210526315789,0.05328005971877198,0.016091248198490532,0.5007809557020664,0.3684210526315789,0.044069533402982516,0.01365750837044667,0.4757809557020664,0.3157894736842105,0.03523198336754975,0.011681651743383818,0.45078095570206644,0.15789473684210525,0.02537427828892281,0.008697357898510855,0.4007809557020664
1125,SAFE,74,7.4,1.0,10,-0.026127276197075843,-0.1371428370475769,0.05538897924125195,0.1371428370475769,0.05538897924125195,0.029261703044176104,0.29259445052593946,0.5952214002609253,0.29259445052593946,0.8270500830567434,2,1.3635954298079014,0.46603598349062136,0.44096220284700394,0.15151060331198904,0.5507809557020664,0.04899580031633377,0.18897132575511932,9,0.5507809557020664,0.15151060331198904,0.7777777777777778,0.14359123718407418,0.044213267393761496,0.5407809557020664,0.7777777777777778,0.1358134594062964,0.041419220427857804,0.5307809557020664,0.7777777777777778,0.1280356816285186,0.038780729017509646,0.5207809557020664,0.7777777777777778,0.12025790385074082,0.03629779316271705,0.5107809557020664,0.7777777777777778,0.11248012607296307,0.03397041286348001,0.5007809557020664,0.7777777777777778,0.09303568162851863,0.02883251767094297,0.4757809557020664,0.6666666666666666,0.07437863155371613,0.024661264791588058,0.45078095570206644,0.3333333333333333,0.05356792083217038,0.01836108889685625,0.4007809557020664
1125,SAFE,74,7.4,0.5,5,-0.0016632311046123505,-0.09185206145048141,0.034796980768442155,0.09185206145048141,0.017398490384221078,0.016566874831914904,0.22573880515992642,0.4894474446773529,0.11286940257996321,0.7545082781289271,1,0.6051754280924797,0.5361731424971502,0.19485729932785034,0.15129385702311993,0.21632753312587738,0.048714324831962585,0.09236728027462959,4,0.21632753312587738,0.15129385702311993,1.0,0.14129385702311992,0.022024005434122276,0.20632753312587737,1.0,0.13129385702311994,0.01929812829365988,0.1963275331258774,1.0,0.12129385702311993,0.016772251153197477,0.18632753312587738,1.0,0.11129385702311993,0.014446374012735077,0.17632753312587737,1.0,0.10129385702311994,0.01232049687227268,0.1663275331258774,1.0,0.07629385702311992,0.007880804021116683,0.14132753312587737,0.75,0.05306549435481429,0.004678556374620474,0.11632753312587737,0.5,0.020332582946866753,0.0011561064045611394,0.06632753312587739
1177,SAFE,69,6.9,3.0,30,0.0028016440919600427,-0.019863836467266083,0.004842978455902387,0.019863836467266083,0.014528935367707163,0.02293386764358729,0.004515052260830999,0.009759830310940742,0.013545156782492997,0.33024575767117337,0,0.1625773417763412,1.200261705230714,0.103055439889431,0.005606115233666938,0.017373766750097275,0.0035536358582562416,0.010534430854022503,29,0.017373766750097275,0.005606115233666938,0.1724137931034483,0.0004592170103870589,2.517538171489915e-06,0.007373766750097275,0.0,0.0,0.0,0.0,0.0,0.0,0.0,0.0,0.0,0.0,0.0,0.0,0.0,0.0,0.0,0.0,0.0,0.0,0.0,0.0,0.0,0.0,0.0,0.0,0.0,0.0,0.0,0.0
1177,SAFE,69,6.9,2.0,20,-0.0020058020891156048,-0.019863836467266083,0.0072644676838535815,0.019863836467266083,0.014528935367707163,0.010517331189475954,0.004758747725281865,0.009759830310940742,0.00951749545056373,0.598005376451381,0,0.10616664355620742,1.1154891846575796,0.06497809966094792,0.0055877180819056535,0.017373766750097275,0.0034198999821551538,0.010534430854022503,19,0.017373766750097275,0.0055877180819056535,0.15789473684210525,0.0006520710410060067,3.8091347811114475e-06,0.007373766750097275,0.0,0.0,0.0,0.0,0.0,0.0,0.0,0.0,0.0,0.0,0.0,0.0,0.0,0.0,0.0,0.0,0.0,0.0,0.0,0.0,0.0,0.0,0.0,0.0,0.0,0.0,0.0,0.0
1177,SAFE,69,6.9,1.0,10,0.00845273733139038,-0.007787867449223995,0.0020645938580855726,0.007787867449223995,0.0020645938580855726,0.010517331189475954,0.0045282869599759575,0.009279427118599415,0.004528286959975958,0.7192936414596095,0,0.041981359012424946,0.9270911961316134,0.03449798095971346,0.004664595445824994,0.014154468197375536,0.0038331089955237177,0.007641857722774148,9,0.014154468197375536,0.004664595445824994,0.1111111111111111,0.00046160757748617065,1.9177340003338593e-06,0.004154468197375536,0.0,0.0,0.0,0.0,0.0,0.0,0.0,0.0,0.0,0.0,0.0,0.0,0.0,0.0,0.0,0.0,0.0,0.0,0.0,0.0,0.0,0.0,0.0,0.0,0.0,0.0,0.0,0.0
1177,SAFE,69,6.9,0.5,5,0.02029491849243641,0.011340577155351639,0.0,0.0,0.0,0.010147459246218205,0.005289011728018522,0.009279427118599415,0.0026445058640092614,0.5947341322624402,0,0.014638063963502645,0.5535271684381373,0.015369536355137825,0.0036595159908756614,0.006164558464661241,0.0038423840887844563,0.0067889876663684845,4,0.006164558464661241,0.0036595159908756614,0.0,0.0,0.0,0.0,0.0,0.0,0.0,0.0,0.0,0.0,0.0,0.0,0.0,0.0,0.0,0.0,0.0,0.0,0.0,0.0,0.0,0.0,0.0,0.0,0.0,0.0,0.0,0.0,0.0,0.0,0.0,0.0
1235,SAFE,32,3.2,3.0,30,0.06849385984241962,0.03205157816410065,0.0,0.0,0.0,0.20548157952725887,0.03082837935847541,0.15789727866649628,0.09248513807542623,0.5590652633206852,2,0.4503154556732625,0.48690574526358,0.09830112010240555,0.015528119161146981,0.14356234669685364,0.003389693796634674,0.011346518993377686,29,0.14356234669685364,0.015528119161146981,0.27586206896551724,0.008715859022762241,0.0008415993639686629,0.13356234669685363,0.10344827586206896,0.006771253953719961,0.0006902845979265136,0.12356234669685363,0.06896551724137931,0.005943829211695441,0.0005639610287934561,0.11356234669685364,0.06896551724137931,0.005254174039281647,0.00045198099628368505,0.10356234669685363,0.06896551724137931,0.0045645188668678545,0.00035379406722219005,0.09356234669685363,0.06896551724137931,0.002840380935833372,0.00016867157215465946,0.06856234669685364,0.034482758620689655,0.0015021498860984012,6.543717412885774e-05,0.04356234669685363,0.0,0.0,0.0,0.0
1235,SAFE,32,3.2,2.0,20,0.0631504064425826,0.03205157816410065,0.0,0.0,0.0,0.12630081288516523,0.010464501031674445,0.03230493515729904,0.02092900206334889,0.6973831816749871,1,0.12778494018130004,0.6105639136012098,0.07609894126653671,0.0067255231674368445,0.015434321481734514,0.0040052074350808795,0.009393259882926941,19,0.015434321481734514,0.0067255231674368445,0.10526315789473684,0.00042959312565232576,1.9459763022544325e-06,0.005434321481734514,0.0,0.0,0.0,0.0,0.0,0.0,0.0,0.0,0.0,0.0,0.0,0.0,0.0,0.0,0.0,0.0,0.0,0.0,0.0,0.0,0.0,0.0,0.0,0.0,0.0,0.0,0.0,0.0
1235,SAFE,32,3.2,1.0,10,0.04751366935670376,0.03205157816410065,0.0,0.0,0.0,0.04751366935670376,0.006636495376005769,0.011764168739318848,0.006636495376005769,0.04566084890157949,1,0.0508777170907706,0.7666351973718968,0.02886420115828514,0.005653079676752289,0.015434321481734514,0.0032071334620316825,0.0065360404551029205,9,0.015434321481734514,0.005653079676752289,0.1111111111111111,0.0006038134979705016,3.281316662982356e-06,0.005434321481734514,0.0,0.0,0.0,0.0,0.0,0.0,0.0,0.0,0.0,0.0,0.0,0.0,0.0,0.0,0.0,0.0,0.0,0.0,0.0,0.0,0.0,0.0,0.0,0.0,0.0,0.0,0.0,0.0
1235,SAFE,32,3.2,0.5,5,0.04116625040769577,0.03205157816410065,0.0,0.0,0.0,0.020583125203847887,0.004860302619636059,0.008283767849206924,0.0024301513098180295,0.33095809559858325,0,0.019027917413040996,0.7829927916932009,0.016734007745981216,0.004756979353260249,0.008280025562271476,0.004183501936495304,0.005719650536775589,4,0.008280025562271476,0.004756979353260249,0.0,0.0,0.0,0.0,0.0,0.0,0.0,0.0,0.0,0.0,0.0,0.0,0.0,0.0,0.0,0.0,0.0,0.0,0.0,0.0,0.0,0.0,0.0,0.0,0.0,0.0,0.0,0.0,0.0,0.0,0.0,0.0
1283,SAFE,21,2.1,2.0,20,0.06029988061636686,-0.050889257341623306,0.011833100207149982,0.050889257341623306,0.023666200414299968,0.1442659616470337,0.021477962256176396,0.06750308722257614,0.0429559245123528,0.8157816383978712,1,0.20966394571587443,0.48809085874679053,0.22635792568325996,0.011034944511361812,0.031675048638135195,0.011913575035961051,0.04598694108426571,19,0.031675048638135195,0.011034944511361812,0.5789473684210527,0.003576683345446853,4.181237578419098e-05,0.021675048638135193,0.10526315789473684,0.0006537001942725557,7.203271884047849e-06,0.011675048638135194,0.05263157894736842,8.816045463869453e-05,1.4767304947992497e-07,0.0016750486381351959,0.0,0.0,0.0,0.0,0.0,0.0,0.0,0.0,0.0,0.0,0.0,0.0,0.0,0.0,0.0,0.0,0.0,0.0,0.0,0.0
1283,SAFE,21,2.1,1.0,10,-0.004012518748641014,-0.050889257341623306,0.023666200414299964,0.050889257341623306,0.023666200414299968,0.01965368166565895,0.03551636771298945,0.06750308722257614,0.03551636771298945,0.8416470154429769,1,0.12697210535407066,0.35750306113820973,0.12678954377770424,0.014108011706007851,0.031675048638135195,0.014087727086411582,0.04598694108426571,9,0.031675048638135195,0.014108011706007851,0.6666666666666666,0.005889315319557983,7.823407400328878e-05,0.021675048638135193,0.2222222222222222,0.0013800337434642844,1.520690731076768e-05,0.011675048638135194,0.1111111111111111,0.0001861165153483551,3.117542155687305e-07,0.0016750486381351959,0.0,0.0,0.0,0.0,0.0,0.0,0.0,0.0,0.0,0.0,0.0,0.0,0.0,0.0,0.0,0.0,0.0,0.0,0.0,0.0
1283,SAFE,21,2.1,0.5,5,-0.04733240082859993,-0.050889257341623306,0.04733240082859993,0.050889257341623306,0.023666200414299968,0.0,0.025160070229321718,0.05451754480600357,0.01258003511466086,0.5529326835735261,1,0.07164642214775085,0.569524773178144,0.0096760094165802,0.017911605536937714,0.031675048638135195,0.00241900235414505,0.005216456949710846,4,0.031675048638135195,0.017911605536937714,0.75,0.008877319348976015,0.00014139169608856725,0.021675048638135193,0.25,0.0029187621595337986,3.407669017570561e-05,0.011675048638135194,0.25,0.00041876215953379897,7.014469850296437e-07,0.0016750486381351959,0.0,0.0,0.0,0.0,0.0,0.0,0.0,0.0,0.0,0.0,0.0,0.0,0.0,0.0,0.0,0.0,0.0,0.0,0.0,0.0
1294,NEW_COLLISION,79,7.9,3.0,30,0.02024912861913132,-0.007570270914584398,0.0005655042458480845,0.007570270914584398,0.0016965127375442536,0.06244389859493822,0.016683388732296103,0.13070672750473022,0.05005016619688832,0.3496802086700705,3,0.5662599494680762,1.1313847309250973,0.1445566271431744,0.019526205154071594,0.22052519768476486,0.004984711280799118,0.011120397597551346,29,0.22052519768476486,0.019526205154071594,0.3103448275862069,0.014091478727822158,0.0021775877757493523,0.21052519768476485,0.1724137931034483,0.011812434791876323,0.0019216367641134498,0.20052519768476487,0.10344827586206896,0.01054303148440246,0.0016988931193773955,0.19052519768476486,0.06896551724137931,0.009806706861689173,0.0014957992673293276,0.18052519768476485,0.06896551724137931,0.00911705168927538,0.0013065616818196824,0.17052519768476487,0.06896551724137931,0.007392913758240896,0.0008938125456317753,0.14552519768476485,0.06896551724137931,0.005668775827206414,0.0005672703059955927,0.12052519768476486,0.034482758620689655,0.0024319033684401677,0.0001715104658094884,0.07052519768476487
1294,NEW_COLLISION,79,7.9,2.0,20,0.0243302584043704,-0.005983772687613964,0.0004399721743538976,0.005983772687613964,0.0008799443487077952,0.04954046115744859,0.0064311652182368565,0.019107839092612267,0.012862330436473713,0.5018579004741434,1,0.120197594165802,0.9344930564062258,0.08745432924479246,0.006326189166621158,0.020135184284299612,0.004602859433936446,0.011120397597551346,19,0.020135184284299612,0.006326189166621158,0.21052631578947367,0.0010789255018493061,7.435819963771996e-06,0.010135184284299612,0.05263157894736842,7.114962331558507e-06,9.618310906104327e-10,0.00013518428429961163,0.0,0.0,0.0,0.0,0.0,0.0,0.0,0.0,0.0,0.0,0.0,0.0,0.0,0.0,0.0,0.0,0.0,0.0,0.0,0.0,0.0,0.0,0.0,0.0
1294,NEW_COLLISION,79,7.9,1.0,10,0.040096927992999555,0.02513040415942669,0.0,0.0,0.0,0.040096927992999555,0.007785552641144023,0.019107839092612267,0.007785552641144023,0.6186559000587625,1,0.07698624348267913,0.9888345393426208,0.05634015239775181,0.008554027053631015,0.020135184284299612,0.006260016933083534,0.011120397597551346,9,0.020135184284299612,0.008554027053631015,0.4444444444444444,0.002277731615015202,1.569784214574088e-05,0.010135184284299612,0.1111111111111111,1.5020476033290181e-05,2.0305323023998027e-09,0.00013518428429961163,0.0,0.0,0.0,0.0,0.0,0.0,0.0,0.0,0.0,0.0,0.0,0.0,0.0,0.0,0.0,0.0,0.0,0.0,0.0,0.0,0.0,0.0,0.0,0.0
1294,NEW_COLLISION,79,7.9,0.5,5,0.042236975580453875,0.03206237405538559,0.0,0.0,0.0,0.021118487790226938,0.010760885057970881,0.019107839092612267,0.005380442528985441,0.448191412133242,1,0.049511916702613235,0.9202199862498959,0.024704091250896454,0.012377979175653309,0.020135184284299612,0.0061760228127241135,0.011120397597551346,4,0.020135184284299612,0.012377979175653309,0.75,0.004433627014514059,3.340873284689089e-05,0.010135184284299612,0.25,3.379607107490291e-05,4.568697680399556e-09,0.00013518428429961163,0.0,0.0,0.0,0.0,0.0,0.0,0.0,0.0,0.0,0.0,0.0,0.0,0.0,0.0,0.0,0.0,0.0,0.0,0.0,0.0,0.0,0.0,0.0,0.0
1310,NEW_COLLISION,18,1.8,1.0,10,-0.007974452152848244,-0.03871968388557434,0.020910709723830224,0.03871968388557434,0.020910709723830224,0.01293625757098198,0.052521268400596455,0.2958524227142334,0.052521268400596455,0.9323611083889327,0,0.4608035825076513,0.8773656611247446,0.11968265473842621,0.0512003980564057,0.28307193145155907,0.013298072748714022,0.06364258751273155,9,0.28307193145155907,0.0512003980564057,0.4444444444444444,0.04450892641933427,0.009898555192565035,0.27307193145155906,0.2222222222222222,0.0414921296801832,0.009042840064710834,0.26307193145155905,0.2222222222222222,0.03926990745796097,0.008235219693329392,0.25307193145155904,0.2222222222222222,0.03704768523573875,0.007472043766392396,0.24307193145155906,0.2222222222222222,0.034825463013516536,0.006753312283899844,0.23307193145155908,0.2222222222222222,0.029269907457960972,0.005150928022112904,0.20807193145155906,0.2222222222222222,0.02371435190240542,0.003826321538103745,0.18307193145155906,0.1111111111111111,0.014785770161284342,0.0019675709933609374,0.13307193145155907
1310,NEW_COLLISION,18,1.8,0.5,5,0.015142548084259033,-0.022190023213624954,0.010729967057704926,0.022190023213624954,0.005364983528852463,0.01293625757098198,0.09917571237310767,0.2958524227142334,0.04958785618655384,0.9999999798337726,0,0.42902484023943543,0.8651812451290376,0.10315299406647682,0.10725621005985886,0.28307193145155907,0.025788248516619205,0.06364258751273155,4,0.28307193145155907,0.10725621005985886,0.75,0.09877411410678177,0.02226423094461466,0.27307193145155906,0.5,0.09335729178041219,0.020346390145599375,0.26307193145155905,0.5,0.08835729178041218,0.018529244309991134,0.25307193145155904,0.5,0.0833572917804122,0.01681209847438289,0.24307193145155906,0.5,0.0783572917804122,0.015194952638774649,0.23307193145155908,0.5,0.06585729178041219,0.011589588049754036,0.20807193145155906,0.5,0.053357291780412194,0.008609223460733426,0.18307193145155906,0.25,0.03326798286288977,0.004427034735062109,0.13307193145155907
1326,FIXED_COLLISION,21,2.1,2.0,20,0.16228603748604656,-0.02713262103497982,0.003220743779093027,0.02713262103497982,0.006441487558186055,0.3310135625302792,0.09984455306548626,0.35175472497940063,0.19968910613097252,0.41783561735730496,4,1.1728632226586342,0.587344617595678,0.3813092168420553,0.06172964329782285,0.3391566127538681,0.020068906149581858,0.04667399823665619,19,0.3391566127538681,0.06172964329782285,0.8947368421052632,0.052693636887951895,0.007830417383718914,0.3291566127538681,0.8947368421052632,0.04374626846689926,0.006866018330170401,0.3191566127538681,0.7368421052631579,0.035385763366755675,0.0060774923309931846,0.3091566127538681,0.5789473684210527,0.028720251502175078,0.005439711916042393,0.2991566127538681,0.42105263157894735,0.02416950498070372,0.004912768115154893,0.2891566127538681,0.10526315789473684,0.017394588495555675,0.003904199321681758,0.2641566127538681,0.10526315789473684,0.014763009548187255,0.003100259370588185,0.2391566127538681,0.05263157894736842,0.009955611197572005,0.0018831696920272008,0.1891566127538681
1326,FIXED_COLLISION,21,2.1,1.0,10,0.26293782740831373,0.23194870352745056,0.0,0.0,0.0,0.2629378274083138,0.0814342348370701,0.15962308645248413,0.08143423483707012,0.6698108534673785,2,0.3629292920231819,0.4456716371101145,0.08310496807098389,0.04032547689146466,0.07123003713786602,0.009233885341220431,0.02102591097354889,9,0.07123003713786602,0.04032547689146466,0.7777777777777778,0.032360574470625986,0.0015745928161762222,0.06123003713786602,0.7777777777777778,0.024582796692848206,0.0010051591045414801,0.051230037137866016,0.6666666666666666,0.01742033408747779,0.0005878734336097417,0.04123003713786602,0.5555555555555556,0.01112690187162823,0.00030487968292936175,0.03123003713786602,0.4444444444444444,0.006565863028582598,0.00012899562962919873,0.021230037137866017,0.0,0.0,0.0,0.0,0.0,0.0,0.0,0.0,0.0,0.0,0.0,0.0
1326,FIXED_COLLISION,21,2.1,0.5,5,0.273700350522995,0.2542072832584381,0.0,0.0,0.0,0.1368501752614975,0.03714709924533963,0.06731535494327545,0.018573549622669817,0.4476877025741963,1,0.1827587243169546,0.9839730056454028,0.040974438190460205,0.04568968107923865,0.07123003713786602,0.010243609547615051,0.018661975860595703,4,0.07123003713786602,0.04568968107923865,0.75,0.03814287839457393,0.002087080029541557,0.06123003713786602,0.75,0.030642878394573924,0.001399222461650078,0.051230037137866016,0.75,0.023142878394573928,0.0008613648937585997,0.04123003713786602,0.75,0.015642878394573928,0.0004735073258671212,0.03123003713786602,0.5,0.010380540997721253,0.00021562122227354624,0.021230037137866017,0.0,0.0,0.0,0.0,0.0,0.0,0.0,0.0,0.0,0.0,0.0,0.0
1330,SAFE,66,6.6000000000000005,3.0,30,-0.14824895511070887,-0.1725025475025177,0.14824895511070887,0.1725025475025177,0.44474686533212665,0.0,0.01821506421547383,0.06437927484512329,0.054645192646421495,0.3744886787557806,3,0.27709137345664203,0.5070736417360792,0.10939095169305801,0.00955487494678076,0.026100778952240944,0.003772101782519242,0.016260750591754913,29,0.026100778952240944,0.00955487494678076,0.3793103448275862,0.002526777783922594,2.602197696141716e-05,0.016100778952240942,0.13793103448275862,0.00037568497953229934,1.5589160025108014e-06,0.0061007789522409435,0.0,0.0,0.0,0.0,0.0,0.0,0.0,0.0,0.0,0.0,0.0,0.0,0.0,0.0,0.0,0.0,0.0,0.0,0.0,0.0,0.0,0.0,0.0,0.0
1330,SAFE,66,6.6000000000000005,2.0,20,-0.1420575849711895,-0.1593063920736313,0.1420575849711895,0.1593063920736313,0.284115169942379,0.0,0.02286956354510039,0.06437927484512329,0.04573912709020078,0.46726844199652334,2,0.21761027595493942,0.47576393569592457,0.07975617796182632,0.011453172418681023,0.026100778952240944,0.004197693576938228,0.016260750591754913,19,0.026100778952240944,0.011453172418681023,0.5263157894736842,0.0036000000165873455,3.846613363844541e-05,0.016100778952240942,0.21052631578947367,0.0005734139161282463,2.3793981090954334e-06,0.0061007789522409435,0.0,0.0,0.0,0.0,0.0,0.0,0.0,0.0,0.0,0.0,0.0,0.0,0.0,0.0,0.0,0.0,0.0,0.0,0.0,0.0,0.0,0.0,0.0,0.0
1330,SAFE,66,6.6000000000000005,1.0,10,-0.1304719477891922,-0.1500595062971115,0.1304719477891922,0.1500595062971115,0.13047194778919222,0.0,0.03188410345464945,0.06437927484512329,0.03188410345464945,0.9462145077331481,0,0.08988861925899982,0.28192298575251956,0.04338990896940231,0.009987624362111092,0.026100778952240944,0.004821100996600257,0.016260750591754913,9,0.026100778952240944,0.009987624362111092,0.4444444444444444,0.0026410615320007005,3.1727262060318375e-05,0.016100778952240942,0.1111111111111111,0.0006778643280267715,4.135500424900678e-06,0.0061007789522409435,0.0,0.0,0.0,0.0,0.0,0.0,0.0,0.0,0.0,0.0,0.0,0.0,0.0,0.0,0.0,0.0,0.0,0.0,0.0,0.0,0.0,0.0,0.0,0.0
1330,SAFE,66,6.6000000000000005,0.5,5,-0.12113626897335053,-0.12967808544635773,0.12113626897335053,0.12967808544635773,0.060568134486675265,0.0,0.047294878587126735,0.06437927484512329,0.023647439293563367,0.999999957712125,0,0.0438256673514843,0.18532943442260547,0.022407345473766327,0.010956416837871075,0.026100778952240944,0.005601836368441582,0.016260750591754913,4,0.026100778952240944,0.010956416837871075,0.5,0.004222731459885835,6.496485374310964e-05,0.016100778952240942,0.25,0.0015251947380602359,9.304875956026526e-06,0.0061007789522409435,0.0,0.0,0.0,0.0,0.0,0.0,0.0,0.0,0.0,0.0,0.0,0.0,0.0,0.0,0.0,0.0,0.0,0.0,0.0,0.0,0.0,0.0,0.0,0.0
1376,SAFE,79,7.9,3.0,30,0.02088396732773011,-0.055959127843379974,0.010203680333991846,0.055959127843379974,0.030611041001975536,0.09326294298516587,0.04329530901741237,0.12888385355472565,0.1298859270522371,0.31095152653607755,8,1.1595374480821192,0.8927352373505623,0.3681263569742441,0.03998404993386618,0.17721594870090485,0.012694012309456694,0.05199395411182195,29,0.17721594870090485,0.03998404993386618,0.7931034482758621,0.030898899417370552,0.002654039751877812,0.16721594870090484,0.6206896551724138,0.023886077518992382,0.002109551945029997,0.15721594870090486,0.4482758620689655,0.01876618673446877,0.0016859911520801197,0.14721594870090485,0.3448275862068966,0.014619424502397406,0.001354336140741996,0.13721594870090484,0.20689655172413793,0.011893527993354303,0.0010918566107639687,0.12721594870090486,0.13793103448275862,0.007960913985453804,0.0006041230726849758,0.10221594870090485,0.13793103448275862,0.0045126381233848364,0.00029228426996400967,0.07721594870090484,0.06896551724137931,0.0009410824755142479,2.5541846736205644e-05,0.027215948700904852
1376,SAFE,79,7.9,2.0,20,0.009407457016641274,-0.055959127843379974,0.013627648539841174,0.055959127843379974,0.027255297079682352,0.0460702111129649,0.04497296038316563,0.12888385355472565,0.08994592076633126,0.8115740501581797,6,0.8309422987513244,0.9238243184721738,0.21733768470585346,0.04373380519743813,0.17721594870090485,0.011438825510834394,0.05199395411182195,19,0.17721594870090485,0.04373380519743813,0.8421052631578947,0.03398636212180319,0.0033350347056618724,0.16721594870090484,0.5789473684210527,0.026966791855857562,0.0027306345823567705,0.15721594870090486,0.42105263157894735,0.021942626402566306,0.002244944363295463,0.14721594870090485,0.3684210526315789,0.017860635197476337,0.0018478831941830642,0.13721594870090484,0.21052631578947367,0.015002210928421274,0.001521987204908629,0.12721594870090486,0.15789473684210525,0.010741718289883514,0.0008843541911521995,0.10221594870090485,0.15789473684210525,0.00679434986883088,0.0004459524871843395,0.07721594870090484,0.10526315789473684,0.0014363890415743784,3.898492396578756e-05,0.027215948700904852
1376,SAFE,79,7.9,1.0,10,-0.02335477069718763,-0.055959127843379974,0.02725529707968235,0.055959127843379974,0.027255297079682352,0.003900526382494718,0.06639481782913208,0.12888385355472565,0.06639481782913208,0.8544100247624367,2,0.5289182811975479,0.7966258369628598,0.17098301742225885,0.058768697910838656,0.17721594870090485,0.01899811304691765,0.05199395411182195,9,0.17721594870090485,0.058768697910838656,1.0,0.04876869791083865,0.005799030706255364,0.16721594870090484,0.5555555555555556,0.041366376148329845,0.0049060758213311274,0.15721594870090486,0.5555555555555556,0.03581082059277428,0.004134303853920086,0.14721594870090485,0.5555555555555556,0.030255265037218728,0.003473642997620156,0.13721594870090484,0.3333333333333333,0.02591563910245896,0.002914931866590602,0.12721594870090486,0.2222222222222222,0.019699043532212576,0.0017871580359818822,0.10221594870090485,0.2222222222222222,0.014143487976657019,0.0009410947482601421,0.07721594870090484,0.2222222222222222,0.00303237686554591,8.230150614999596e-05,0.027215948700904852
1376,SAFE,79,7.9,0.5,5,-0.04220904128160328,-0.055959127843379974,0.04245876520872116,0.055959127843379974,0.02122938260436058,0.0001248619635589421,0.057401562482118605,0.07793518900871277,0.028700781241059306,0.9999999651577441,0,0.056620895862579346,0.19727997441678632,0.0625751829938963,0.014155223965644836,0.017013099044561386,0.015643795748474076,0.05199395411182195,4,0.017013099044561386,0.014155223965644836,1.0,0.004155223965644836,2.2661564404691436e-05,0.007013099044561386,0.0,0.0,0.0,0.0,0.0,0.0,0.0,0.0,0.0,0.0,0.0,0.0,0.0,0.0,0.0,0.0,0.0,0.0,0.0,0.0,0.0,0.0,0.0,0.0,0.0,0.0,0.0,0.0
1400,NEW_COLLISION,74,7.4,3.0,30,-0.031317209079861644,-0.2829500138759613,0.06489947410300374,0.2829500138759613,0.19469842230901124,0.1007467950694263,0.09184394528856502,0.7345021963119507,0.275531835865695,0.052415483928669966,7,3.2026620688848197,1.1623564468326477,0.637413527816534,0.11043662306499379,0.9360411763191223,0.021979776821259796,0.21119437366724014,29,0.9360411763191223,0.11043662306499379,0.6206896551724138,0.10222818693403027,0.062308625402933755,0.9260411763191223,0.3793103448275862,0.09775973590604703,0.060312925450667666,0.9160411763191223,0.3793103448275862,0.09396663245777118,0.0583956617670295,0.9060411763191223,0.3103448275862069,0.09055938866695966,0.05655128395212304,0.8960411763191223,0.3103448275862069,0.08745594039109761,0.054771130661542475,0.8860411763191223,0.20689655172413793,0.08082486142179575,0.05057647324996458,0.8610411763191224,0.1724137931034483,0.07636007828766415,0.04665001903036639,0.8360411763191223,0.13793103448275862,0.06781825359332663,0.039444865313579214,0.7860411763191223
1400,NEW_COLLISION,74,7.4,2.0,20,-0.09670406207442284,-0.2829500138759613,0.09734921115450561,0.2829500138759613,0.19469842230901124,0.0012902981601655484,0.130422525620088,0.7345021963119507,0.260845051240176,0.10152900675642863,5,2.748166219331324,1.0535627169193609,0.4848204432055354,0.1446403273332276,0.9360411763191223,0.025516865431870286,0.21119437366724014,19,0.9360411763191223,0.1446403273332276,0.7368421052631579,0.13596480561028187,0.08783300794249414,0.9260411763191223,0.5263157894736842,0.13018093835072297,0.0851749603430801,0.9160411763191223,0.5263157894736842,0.12491778045598614,0.08262397315501302,0.9060411763191223,0.42105263157894735,0.12024356624895803,0.0801737065034312,0.8960411763191223,0.42105263157894735,0.1160330399331686,0.07781094044160994,0.8860411763191223,0.2631578947368421,0.10722770887476049,0.07224829100449533,0.8610411763191224,0.21052631578947367,0.10172882935424385,0.06702921486040238,0.8360411763191223,0.15789473684210525,0.09132288639972867,0.05738237241168315,0.7860411763191223
1400,NEW_COLLISION,74,7.4,1.0,10,-0.15642025992274283,-0.2829500138759613,0.15642025992274283,0.2829500138759613,0.15642025992274286,0.0,0.1647352181840688,0.7345021963119507,0.1647352181840688,0.0925634491841711,2,1.9326828075572848,1.1732055944866164,0.3323640078306198,0.21474253417303166,0.9360411763191223,0.0369293342034022,0.21119437366724014,9,0.9360411763191223,0.21474253417303166,0.6666666666666666,0.2065860712962846,0.1554444461454028,0.9260411763191223,0.4444444444444444,0.20141068396675918,0.15136866567172297,0.9160411763191223,0.4444444444444444,0.19696623952231473,0.14738489643683225,0.9060411763191223,0.4444444444444444,0.19252179507787026,0.1434900160908304,0.8960411763191223,0.4444444444444444,0.18807735063342582,0.1396840246337174,0.8860411763191223,0.4444444444444444,0.17696623952231474,0.13055793487982392,0.8610411763191224,0.3333333333333333,0.1681352716456685,0.12194060920295888,0.8360411763191223,0.2222222222222222,0.1517227254083587,0.10595983417699179,0.7860411763191223
1400,NEW_COLLISION,74,7.4,0.5,5,-0.20539600998163224,-0.2829500138759613,0.20539600998163224,0.2829500138759613,0.10269800499081612,0.0,0.31202102033421397,0.7345021963119507,0.15601051016710699,0.05193433476331176,1,1.8926961557008326,1.2131850229459962,0.29281774163246155,0.47317403892520815,0.9360411763191223,0.07320443540811539,0.21119437366724014,4,0.9360411763191223,0.47317403892520815,1.0,0.46317403892520814,0.34974297853988084,0.9260411763191223,1.0,0.45317403892520813,0.34057949776137664,0.9160411763191223,1.0,0.4431740389252081,0.3316160169828725,0.9060411763191223,1.0,0.4331740389252081,0.3228525362043683,0.8960411763191223,1.0,0.4231740389252081,0.31428905542586416,0.8860411763191223,1.0,0.3981740389252082,0.2937553534796038,0.8610411763191224,0.75,0.37830436120275407,0.2743663707066575,0.8360411763191223,0.5,0.3413761321688071,0.23840962689823153,0.7860411763191223
1431,SAFE,30,3.0,3.0,30,0.06218865911165873,0.0425797700881958,0.0,0.0,0.0,0.1865659773349762,0.09064651653170586,0.10928268730640411,0.27193954959511757,0.9999999963227122,0,0.11690585315227509,0.042989647109600695,0.18661973625421524,0.0040312363155956925,0.015933632850646973,0.00643516331911087,0.04571311175823212,29,0.015933632850646973,0.0040312363155956925,0.10344827586206896,0.0003979224480431655,2.2609927766355852e-06,0.0059336328506469724,0.0,0.0,0.0,0.0,0.0,0.0,0.0,0.0,0.0,0.0,0.0,0.0,0.0,0.0,0.0,0.0,0.0,0.0,0.0,0.0,0.0,0.0,0.0,0.0,0.0,0.0,0.0,0.0
1431,SAFE,30,3.0,2.0,20,0.06866988763213158,0.0425797700881958,0.0,0.0,0.0,0.13733977526426316,0.09862221628427506,0.10928268730640411,0.19724443256855012,0.9999999949301485,0,0.0763915628194809,0.03872938842298526,0.1648254506289959,0.004020608569446363,0.015509210526943207,0.008675023717315574,0.04571311175823212,19,0.015509210526943207,0.004020608569446363,0.10526315789473684,0.0002950588496107804,1.5979364061134244e-06,0.005509210526943207,0.0,0.0,0.0,0.0,0.0,0.0,0.0,0.0,0.0,0.0,0.0,0.0,0.0,0.0,0.0,0.0,0.0,0.0,0.0,0.0,0.0,0.0,0.0,0.0,0.0,0.0,0.0,0.0
1431,SAFE,30,3.0,1.0,10,0.06657398641109466,0.0425797700881958,0.0,0.0,0.0,0.06657398641109467,0.09934549629688263,0.10928268730640411,0.09934549629688263,0.9999999899341185,0,0.04820438474416733,0.048521962299020005,0.1280827857553959,0.005356042749351925,0.015509210526943207,0.014231420639488433,0.04571311175823212,9,0.015509210526943207,0.005356042749351925,0.1111111111111111,0.0006121345029936896,3.3723778477979824e-06,0.005509210526943207,0.0,0.0,0.0,0.0,0.0,0.0,0.0,0.0,0.0,0.0,0.0,0.0,0.0,0.0,0.0,0.0,0.0,0.0,0.0,0.0,0.0,0.0,0.0,0.0,0.0,0.0,0.0,0.0
1431,SAFE,30,3.0,0.5,5,0.05870786905288696,0.048729825764894485,0.0,0.0,0.0,0.029353934526443484,0.1045043408870697,0.10928268730640411,0.052252170443534855,0.9999999808620392,0,0.015589043498039246,0.029834250074918318,0.03551797941327095,0.0038972608745098114,0.005780994892120361,0.008879494853317738,0.013447701930999756,4,0.005780994892120361,0.0038972608745098114,0.0,0.0,0.0,0.0,0.0,0.0,0.0,0.0,0.0,0.0,0.0,0.0,0.0,0.0,0.0,0.0,0.0,0.0,0.0,0.0,0.0,0.0,0.0,0.0,0.0,0.0,0.0,0.0,0.0,0.0,0.0,0.0
1487,SAFE,36,3.6,3.0,30,-0.07033390862246354,-0.10016332566738129,0.07033390862246354,0.10016332566738129,0.21100172586739063,0.0,0.1197146475315094,0.1251608282327652,0.3591439425945282,0.9999999972156011,0,0.03259886056184769,0.009076823135475632,0.1575198881328106,0.0011240986400637134,0.003916926681995392,0.005431720280441745,0.015287205576896667,29,0.003916926681995392,0.0011240986400637134,0.0,0.0,0.0,0.0,0.0,0.0,0.0,0.0,0.0,0.0,0.0,0.0,0.0,0.0,0.0,0.0,0.0,0.0,0.0,0.0,0.0,0.0,0.0,0.0,0.0,0.0,0.0,0.0,0.0,0.0,0.0,0.0
1487,SAFE,36,3.6,2.0,20,-0.0619030499830842,-0.07877949625253677,0.0619030499830842,0.07877949625253677,0.12380609996616841,0.0,0.11812399476766586,0.12174533307552338,0.23624798953533174,0.9999999957671598,0,0.02128288894891739,0.009008706868020728,0.09239630773663521,0.0011201520499430205,0.003916926681995392,0.0048629635650860635,0.008415356278419495,19,0.003916926681995392,0.0011201520499430205,0.0,0.0,0.0,0.0,0.0,0.0,0.0,0.0,0.0,0.0,0.0,0.0,0.0,0.0,0.0,0.0,0.0,0.0,0.0,0.0,0.0,0.0,0.0,0.0,0.0,0.0,0.0,0.0,0.0,0.0,0.0,0.0
1487,SAFE,36,3.6,1.0,10,-0.05527675114572048,-0.06340571492910385,0.05527675114572048,0.06340571492910385,0.05527675114572048,0.0,0.11744762361049652,0.11984270066022873,0.11744762361049653,0.9999999914855665,0,0.010598726570606232,0.009024215351954426,0.03828995302319527,0.0011776362856229146,0.003916926681995392,0.004254439224799474,0.006303492933511734,9,0.003916926681995392,0.0011776362856229146,0.0,0.0,0.0,0.0,0.0,0.0,0.0,0.0,0.0,0.0,0.0,0.0,0.0,0.0,0.0,0.0,0.0,0.0,0.0,0.0,0.0,0.0,0.0,0.0,0.0,0.0,0.0,0.0,0.0,0.0,0.0,0.0
1487,SAFE,36,3.6,0.5,5,-0.05133082419633865,-0.05466010794043541,0.05133082419633865,0.05466010794043541,0.02566541209816933,0.0,0.11680504828691482,0.11749415099620819,0.05840252414345742,0.9999999828774526,0,0.0028436630964279175,0.004869075591240049,0.01579919084906578,0.0007109157741069794,0.0010968372225761414,0.003949797712266445,0.005218032747507095,4,0.0010968372225761414,0.0007109157741069794,0.0,0.0,0.0,0.0,0.0,0.0,0.0,0.0,0.0,0.0,0.0,0.0,0.0,0.0,0.0,0.0,0.0,0.0,0.0,0.0,0.0,0.0,0.0,0.0,0.0,0.0,0.0,0.0,0.0,0.0,0.0,0.0
1544,SAFE,41,4.1000000000000005,3.0,30,0.11396523863077164,0.07793205976486206,0.0,0.0,0.0,0.34189571589231493,0.03508298501837999,0.0717092826962471,0.10524895505513997,0.6200107824312748,1,0.6525683025829494,0.6200235394649128,0.2555275708436966,0.022502355261481012,0.06675592344254255,0.008811295546334365,0.02486523985862732,29,0.06675592344254255,0.022502355261481012,0.7241379310344828,0.014375137075589132,0.0005471008478416378,0.05675592344254255,0.4827586206896552,0.008970760508472548,0.00031703334649560026,0.04675592344254255,0.2413793103448276,0.005735332658835526,0.0001736475553666159,0.036755923442542554,0.20689655172413793,0.0036523136355239762,7.990589995376948e-05,0.026755923442542552,0.13793103448275862,0.001825988556033578,2.669536135123384e-05,0.01675592344254255,0.0,0.0,0.0,0.0,0.0,0.0,0.0,0.0,0.0,0.0,0.0,0.0
1544,SAFE,41,4.1000000000000005,2.0,20,0.10694998987019062,0.07793205976486206,0.0,0.0,0.0,0.21389997974038125,0.03059046141570434,0.0717092826962471,0.061180922831408684,0.378195916439384,1,0.42611051024869084,0.6964760967370958,0.14860718697309494,0.022426868960457414,0.06601479137316346,0.007821430893320786,0.021184265613555908,19,0.06601479137316346,0.022426868960457414,0.7894736842105263,0.013608925125414603,0.0005031119295683707,0.05601479137316346,0.47368421052631576,0.008005429117107077,0.00029201131639440444,0.04601479137316346,0.21052631578947367,0.005084489282024534,0.0001653410733915433,0.03601479137316346,0.15789473684210525,0.003484091825391117,7.986102118010837e-05,0.02601479137316346,0.15789473684210525,0.001905144456970064,2.596865835649655e-05,0.01601479137316346,0.0,0.0,0.0,0.0,0.0,0.0,0.0,0.0,0.0,0.0,0.0,0.0
1544,SAFE,41,4.1000000000000005,1.0,10,0.1239955872297287,0.09907863289117813,0.0,0.0,0.0,0.1239955872297287,0.019906320120207967,0.0717092826962471,0.019906320120207967,0.9110787997769165,0,0.2409278389532119,1.2103082106348282,0.10147678107023239,0.026769759883690212,0.06601479137316346,0.011275197896692488,0.021184265613555908,9,0.06601479137316346,0.026769759883690212,0.7777777777777778,0.017631732374429703,0.0007465095269403661,0.05601479137316346,0.5555555555555556,0.01144811398246222,0.0004597523611524486,0.04601479137316346,0.2222222222222222,0.007798217915826374,0.0002738441519119761,0.03601479137316346,0.2222222222222222,0.005575995693604151,0.00014010201581767084,0.02601479137316346,0.2222222222222222,0.0033537734713819287,5.080432416781e-05,0.01601479137316346,0.0,0.0,0.0,0.0,0.0,0.0,0.0,0.0,0.0,0.0,0.0,0.0
1544,SAFE,41,4.1000000000000005,0.5,5,0.13578449189662933,0.12538664042949677,0.0,0.0,0.0,0.06789224594831467,0.021232382860034704,0.0717092826962471,0.010616191430017352,0.8928727049513876,0,0.16278289491310716,1.5333453682775897,0.044193997979164124,0.04069572372827679,0.06601479137316346,0.011048499494791031,0.021184265613555908,4,0.06601479137316346,0.04069572372827679,1.0,0.030695723728276787,0.001549926714710162,0.05601479137316346,0.75,0.022850497174076733,0.0010174400457337279,0.04601479137316346,0.5,0.01754599031060934,0.0006161493418019462,0.03601479137316346,0.5,0.01254599031060934,0.0003152295355897594,0.02601479137316346,0.5,0.007545990310609339,0.0001143097293775725,0.01601479137316346,0.0,0.0,0.0,0.0,0.0,0.0,0.0,0.0,0.0,0.0,0.0,0.0
1587,SAFE,27,2.7,2.0,20,-0.26460795402526854,-0.3185936510562897,0.26460795402526854,0.3185936510562897,0.5292159080505371,0.0,0.017167770749074406,0.04638760909438133,0.03433554149814882,0.8538100505231512,0,0.15914473123848438,0.4634985197832963,0.15903428196907043,0.00837603848623602,0.03510511573404074,0.008370225366793181,0.03177948296070099,19,0.03510511573404074,0.00837603848623602,0.3157894736842105,0.0028572221450801735,4.6632717892623105e-05,0.025105115734040735,0.10526315789473684,0.0009839383806837232,1.2686871807542575e-05,0.015105115734040737,0.05263157894736842,0.0002686903017916178,1.3716950872605425e-06,0.005105115734040738,0.0,0.0,0.0,0.0,0.0,0.0,0.0,0.0,0.0,0.0,0.0,0.0,0.0,0.0,0.0,0.0,0.0,0.0,0.0,0.0
1587,SAFE,27,2.7,1.0,10,-0.30829098224639895,-0.3185936510562897,0.30829098224639895,0.3185936510562897,0.30829098224639895,0.0,0.008336532727116718,0.02339932695031166,0.00833653272711672,0.39788989196585134,0,0.04596853558905423,0.5514106593191095,0.03088328242301941,0.00510761506545047,0.01306804467458278,0.0034314758247799343,0.006695091724395752,9,0.01306804467458278,0.00510761506545047,0.2222222222222222,0.0005310689663100574,1.371376733892468e-06,0.003068044674582779,0.0,0.0,0.0,0.0,0.0,0.0,0.0,0.0,0.0,0.0,0.0,0.0,0.0,0.0,0.0,0.0,0.0,0.0,0.0,0.0,0.0,0.0,0.0,0.0,0.0,0.0,0.0,0.0
1587,SAFE,27,2.7,0.5,5,-0.314315664768219,-0.3185936510562897,0.314315664768219,0.3185936510562897,0.15715783238410952,0.0,0.011896605300717056,0.02339932695031166,0.005948302650358528,0.849976109530081,0,0.029946278082206845,0.5034423230966338,0.011014938354492188,0.007486569520551711,0.01306804467458278,0.002753734588623047,0.00522652268409729,4,0.01306804467458278,0.007486569520551711,0.5,0.001194905174197629,3.0855976512580526e-06,0.003068044674582779,0.0,0.0,0.0,0.0,0.0,0.0,0.0,0.0,0.0,0.0,0.0,0.0,0.0,0.0,0.0,0.0,0.0,0.0,0.0,0.0,0.0,0.0,0.0,0.0,0.0,0.0,0.0,0.0
1610,NEW_COLLISION,69,6.9,3.0,30,0.0568450083800902,-0.0013484051451086998,4.4946838170289996e-05,0.0013484051451086998,0.00013484051451086997,0.17066986565478148,0.019405312717814618,0.07380736619234085,0.058215938153443864,0.06883262398755151,8,0.627824554219842,1.0784409963138109,0.35203837789595127,0.021649122559304894,0.04326409660279751,0.012139254410205216,0.05757272057235241,29,0.04326409660279751,0.021649122559304894,0.8275862068965517,0.012720707002786338,0.00025970094967367187,0.033264096602797506,0.4827586206896552,0.00561065633138963,8.252511491669325e-05,0.023264096602797508,0.27586206896551724,0.0015454358369882768,1.4223112772961008e-05,0.01326409660279751,0.034482758620689655,0.00011255505526887957,3.673905735308355e-07,0.0032640966027975074,0.0,0.0,0.0,0.0,0.0,0.0,0.0,0.0,0.0,0.0,0.0,0.0,0.0,0.0,0.0,0.0
1610,NEW_COLLISION,69,6.9,2.0,20,0.05212081985082477,-0.0013484051451086998,6.742025725543499e-05,0.0013484051451086998,0.00013484051451086997,0.10437648021616042,0.02314951644220855,0.07380736619234085,0.046299032884417106,0.04019873425455085,4,0.413193229411263,0.892444603580231,0.21234001778066158,0.021747012074277,0.03833616524934769,0.011175790409508505,0.029502887278795242,19,0.03833616524934769,0.021747012074277,0.8947368421052632,0.012608956213868957,0.00023959810021344458,0.028336165249347685,0.47368421052631576,0.005242115434651312,6.907240848155025e-05,0.018336165249347686,0.3157894736842105,0.0011631948471461475,7.74620088465493e-06,0.008336165249347688,0.0,0.0,0.0,0.0,0.0,0.0,0.0,0.0,0.0,0.0,0.0,0.0,0.0,0.0,0.0,0.0,0.0,0.0,0.0,0.0
1610,NEW_COLLISION,69,6.9,1.0,10,0.02992445076815784,-0.0013484051451086998,0.00013484051451086997,0.0013484051451086998,0.00013484051451086997,0.03005929128266871,0.02518075779080391,0.06996749341487885,0.02518075779080391,0.7381000568759518,1,0.19959073513746262,0.7926319329596763,0.0808423669077456,0.02217674834860696,0.03352645458653569,0.008982485211971734,0.0206074146553874,9,0.03352645458653569,0.02217674834860696,0.8888888888888888,0.012987757782555287,0.00024448303736328,0.02352645458653569,0.5555555555555556,0.00582220737511913,6.425758798690651e-05,0.013526454586535692,0.4444444444444444,0.0006664802651438454,1.9302309670232663e-06,0.0035264545865356933,0.0,0.0,0.0,0.0,0.0,0.0,0.0,0.0,0.0,0.0,0.0,0.0,0.0,0.0,0.0,0.0,0.0,0.0,0.0,0.0
1610,NEW_COLLISION,69,6.9,0.5,5,0.04426150918006897,0.038982927799224854,0.0,0.0,0.0,0.022130754590034486,0.0153431904502213,0.03507165238261223,0.00767159522511065,0.14035630895879142,1,0.0734706069342792,0.9576964790429845,0.030693132430315018,0.0183676517335698,0.03008434548974037,0.007673283107578754,0.015716999769210815,4,0.03008434548974037,0.0183676517335698,0.75,0.010192422959953545,0.00017268563541548564,0.02008434548974037,0.5,0.004121472369879484,3.5668447352376054e-05,0.010084345489740371,0.25,2.1086372435093204e-05,1.7785404098858339e-09,8.434548974037281e-05,0.0,0.0,0.0,0.0,0.0,0.0,0.0,0.0,0.0,0.0,0.0,0.0,0.0,0.0,0.0,0.0,0.0,0.0,0.0,0.0
1658,SAFE,78,7.800000000000001,3.0,30,-0.020285389882822833,-0.0213102288544178,0.020285389882822833,0.0213102288544178,0.060856169648468496,0.0,0.0080609740378956,0.009035885334014893,0.024182922113686802,0.999999958648506,0,0.00346341822296381,0.014321751786092478,0.002907508984208107,0.00011942821458495897,0.0002712598070502281,0.00010025893048993472,0.00032463110983371735,29,0.0002712598070502281,0.00011942821458495897,0.0,0.0,0.0,0.0,0.0,0.0,0.0,0.0,0.0,0.0,0.0,0.0,0.0,0.0,0.0,0.0,0.0,0.0,0.0,0.0,0.0,0.0,0.0,0.0,0.0,0.0,0.0,0.0,0.0,0.0,0.0,0.0
1658,SAFE,78,7.800000000000001,2.0,20,-0.01997559508308768,-0.020563390105962753,0.01997559508308768,0.020563390105962753,0.03995119016617537,0.0,0.00838750002440065,0.009035885334014893,0.016775000048801305,0.9999999403874851,0,0.002219910267740488,0.013233443391642095,0.0018520131707191467,0.00011683738251265727,0.0002712598070502281,9.747437740627088e-05,0.0002961382269859314,19,0.0002712598070502281,0.00011683738251265727,0.0,0.0,0.0,0.0,0.0,0.0,0.0,0.0,0.0,0.0,0.0,0.0,0.0,0.0,0.0,0.0,0.0,0.0,0.0,0.0,0.0,0.0,0.0,0.0,0.0,0.0,0.0,0.0,0.0,0.0,0.0,0.0
1658,SAFE,78,7.800000000000001,1.0,10,-0.0196432339027524,-0.01992662250995636,0.0196432339027524,0.01992662250995636,0.0196432339027524,0.0,0.008719480875879527,0.009035885334014893,0.008719480875879527,0.9999998853142866,0,0.0012664329260587692,0.01452417636834672,0.0007107853889465332,0.00014071476956208548,0.0002712598070502281,7.897615432739258e-05,0.00016042962670326233,9,0.0002712598070502281,0.00014071476956208548,0.0,0.0,0.0,0.0,0.0,0.0,0.0,0.0,0.0,0.0,0.0,0.0,0.0,0.0,0.0,0.0,0.0,0.0,0.0,0.0,0.0,0.0,0.0,0.0,0.0,0.0,0.0,0.0,0.0,0.0,0.0,0.0
1658,SAFE,78,7.800000000000001,0.5,5,-0.01949266977608204,-0.019611196592450142,0.01949266977608204,0.019611196592450142,0.00974633488804102,0.0,0.008891267701983452,0.009035885334014893,0.004445633850991726,0.9999997750602482,0,0.0006383843719959259,0.014359802219327932,0.00033986009657382965,0.00015959609299898148,0.0002712598070502281,8.496502414345741e-05,0.00014405511319637299,4,0.0002712598070502281,0.00015959609299898148,0.0,0.0,0.0,0.0,0.0,0.0,0.0,0.0,0.0,0.0,0.0,0.0,0.0,0.0,0.0,0.0,0.0,0.0,0.0,0.0,0.0,0.0,0.0,0.0,0.0,0.0,0.0,0.0,0.0,0.0,0.0,0.0
1666,NEW_COLLISION,32,3.2,3.0,30,0.14767406228929758,0.010165161453187466,0.0,0.0,0.0,0.44302218686789274,0.11084406633356897,0.2641877233982086,0.3325321990007069,0.9984197612997546,0,0.525122603867203,0.15791631723667263,0.6144330408424139,0.018107675995420795,0.057941582053899765,0.021187346235945308,0.06801335513591766,29,0.057941582053899765,0.018107675995420795,0.5862068965517241,0.010464128242757427,0.0003183381730313899,0.04794158205389976,0.3448275862068966,0.006072553748200678,0.00015741072612747217,0.03794158205389976,0.1724137931034483,0.003159299312994398,6.840368429417235e-05,0.027941582053899766,0.13793103448275862,0.00159510662329608,2.171718541807277e-05,0.017941582053899764,0.06896551724137931,0.00042690431763385886,2.854147537871925e-06,0.007941582053899762,0.0,0.0,0.0,0.0,0.0,0.0,0.0,0.0,0.0,0.0,0.0,0.0
1666,NEW_COLLISION,32,3.2,2.0,20,0.06603529741987586,0.010165161453187466,0.0,0.0,0.0,0.13207059483975173,0.1573566828854382,0.2641877233982086,0.31471336577087644,0.9999999968225055,0,0.4534222800284624,0.1440746812506923,0.22210284136235714,0.02386433052781381,0.057941582053899765,0.011689623229597745,0.04168266803026199,19,0.057941582053899765,0.02386433052781381,0.6842105263157895,0.01523206642191661,0.00048200802936700093,0.04794158205389976,0.5263157894736842,0.0092686346683063,0.00024025847672087854,0.03794158205389976,0.2631578947368421,0.004822088425096713,0.00010440562339636833,0.027941582053899766,0.21052631578947367,0.0024346364250308586,3.314728300653212e-05,0.017941582053899764,0.10526315789473684,0.0006515908005990477,4.356330452541359e-06,0.007941582053899762,0.0,0.0,0.0,0.0,0.0,0.0,0.0,0.0,0.0,0.0,0.0,0.0
1666,NEW_COLLISION,32,3.2,1.0,10,0.08242998532950878,0.06057312712073326,0.0,0.0,0.0,0.08242998532950879,0.13383053615689278,0.18815328180789948,0.13383053615689278,0.9999999925278639,0,0.13989520072937012,0.10453159921593051,0.05700254067778587,0.015543911192152236,0.03536158800125122,0.006333615630865097,0.012604832649230957,9,0.03536158800125122,0.015543911192152236,0.5555555555555556,0.0070548302597469754,0.00012801341034670706,0.02536158800125122,0.3333333333333333,0.0028967462645636665,3.268324734944872e-05,0.01536158800125122,0.1111111111111111,0.0005957320001390246,3.194069543906786e-06,0.005361588001251222,0.0,0.0,0.0,0.0,0.0,0.0,0.0,0.0,0.0,0.0,0.0,0.0,0.0,0.0,0.0,0.0,0.0,0.0,0.0,0.0
1666,NEW_COLLISION,32,3.2,0.5,5,0.07322549149394035,0.06057312712073326,0.0,0.0,0.0,0.036612745746970175,0.13119824826717377,0.15048371255397797,0.06559912413358689,0.9999999847558941,0,0.04890201985836029,0.07454675616294516,0.030297990888357162,0.012225504964590073,0.024711087346076965,0.007574497722089291,0.010139122605323792,4,0.024711087346076965,0.012225504964590073,0.25,0.0036777718365192413,5.410402272597645e-05,0.014711087346076965,0.25,0.0011777718365192412,5.548585995591625e-06,0.004711087346076965,0.0,0.0,0.0,0.0,0.0,0.0,0.0,0.0,0.0,0.0,0.0,0.0,0.0,0.0,0.0,0.0,0.0,0.0,0.0,0.0,0.0,0.0,0.0,0.0
1685,NEW_COLLISION,21,2.1,2.0,20,0.023665610211901368,-0.017958518117666245,0.005808033770881594,0.017958518117666245,0.011616067541763187,0.05894728796556592,0.03331846054643393,0.21983951330184937,0.06663692109286785,0.09866462764581223,3,0.8535498853307217,1.2808963237245274,0.3090496202930808,0.04492367817530114,0.3152914419770241,0.016265769489109516,0.11627667024731636,19,0.3152914419770241,0.04492367817530114,0.3684210526315789,0.0388029516757907,0.00872909288200048,0.30529144197702407,0.21052631578947367,0.03583557663975577,0.007984802592574712,0.29529144197702406,0.21052631578947367,0.033730313481861035,0.007289143691358545,0.28529144197702405,0.21052631578947367,0.03162505032396631,0.006635590053300273,0.2752914419770241,0.21052631578947367,0.02951978716607157,0.006024141678399895,0.2652914419770241,0.15789473684210525,0.025405744904358134,0.004654642399441619,0.24029144197702407,0.15789473684210525,0.0214583764833055,0.003483039364750029,0.21529144197702407,0.15789473684210525,0.013563639641200243,0.0017319385585247416,0.16529144197702408
1685,NEW_COLLISION,21,2.1,1.0,10,0.05821772739291191,-0.0037277163937687874,0.0007295605726540088,0.0037277163937687874,0.0007295605726540089,0.05894728796556592,0.05892229429446161,0.21983951330184937,0.05892229429446161,0.2425114947194729,3,0.8054067420307547,1.366896415025534,0.2761876853182912,0.0894896380034172,0.3152914419770241,0.030687520590921242,0.11627667024731636,9,0.3152914419770241,0.0894896380034172,0.6666666666666666,0.08105266865756776,0.018421356026569375,0.30529144197702407,0.4444444444444444,0.07565288401726218,0.016856805473213284,0.29529144197702406,0.4444444444444444,0.07120843957281774,0.015388192237312482,0.28529144197702405,0.4444444444444444,0.06676399512837332,0.014008467890300576,0.2752914419770241,0.4444444444444444,0.062319550683928866,0.012717632432177555,0.2652914419770241,0.3333333333333333,0.05363435035364495,0.009826467287710085,0.24029144197702407,0.3333333333333333,0.04530101702031161,0.007353083103361173,0.21529144197702407,0.3333333333333333,0.02863435035364496,0.003656314734663343,0.16529144197702408
1685,NEW_COLLISION,21,2.1,0.5,5,0.1152465969324112,0.08083934336900711,0.0,0.0,0.0,0.0576232984662056,0.1126745454967022,0.21983951330184937,0.0563372727483511,0.2995238201558599,2,0.5569619983434677,0.9886207856477419,0.1469338983297348,0.13924049958586693,0.3152914419770241,0.0367334745824337,0.10136035829782486,4,0.3152914419770241,0.13924049958586693,1.0,0.12924049958586692,0.03022771379014156,0.30529144197702407,0.75,0.11975620001554488,0.027741840010691545,0.29529144197702406,0.75,0.11225620001554487,0.02542171601038064,0.28529144197702405,0.75,0.10475620001554489,0.023251592010069752,0.2752914419770241,0.75,0.0972562000155449,0.021231468009758853,0.2652914419770241,0.5,0.0839644992724061,0.0167182358858718,0.24029144197702407,0.5,0.0714644992724061,0.012832510922251496,0.21529144197702407,0.5,0.046464499272406104,0.006936060995010886,0.16529144197702408
1755,SAFE,66,6.6000000000000005,3.0,30,-0.07264949629704158,-0.10994923859834671,0.07264949629704158,0.10994923859834671,0.21794848889112473,0.0,0.06194561347365379,0.06831220537424088,0.18583684042096138,0.9999999946189357,0,0.02494574338197708,0.01342346500900189,0.09669259563088417,0.0008601980476543821,0.002282075583934784,0.00333422743554773,0.00824611634016037,29,0.002282075583934784,0.0008601980476543821,0.0,0.0,0.0,0.0,0.0,0.0,0.0,0.0,0.0,0.0,0.0,0.0,0.0,0.0,0.0,0.0,0.0,0.0,0.0,0.0,0.0,0.0,0.0,0.0,0.0,0.0,0.0,0.0,0.0,0.0,0.0,0.0
1755,SAFE,66,6.6000000000000005,2.0,20,-0.0621773786842823,-0.07594192773103714,0.0621773786842823,0.07594192773103714,0.1243547573685646,0.0,0.06260647904127836,0.06831220537424088,0.12521295808255672,0.9999999920136062,0,0.013326454907655716,0.010643031684020164,0.04536791518330574,0.0007013923635608272,0.002282075583934784,0.0023877850096476706,0.004490271210670471,19,0.002282075583934784,0.0007013923635608272,0.0,0.0,0.0,0.0,0.0,0.0,0.0,0.0,0.0,0.0,0.0,0.0,0.0,0.0,0.0,0.0,0.0,0.0,0.0,0.0,0.0,0.0,0.0,0.0,0.0,0.0,0.0,0.0,0.0,0.0,0.0,0.0
1755,SAFE,66,6.6000000000000005,1.0,10,-0.05276290327310562,-0.061197008937597275,0.05276290327310562,0.061197008937597275,0.05276290327310562,0.0,0.05955398343503475,0.06261793524026871,0.059553983435034756,0.9999999832085121,0,0.004996825009584427,0.008390412592855612,0.02126995474100113,0.0005552027788427141,0.0010675229132175446,0.002363328304555681,0.004286792129278183,9,0.0010675229132175446,0.0005552027788427141,0.0,0.0,0.0,0.0,0.0,0.0,0.0,0.0,0.0,0.0,0.0,0.0,0.0,0.0,0.0,0.0,0.0,0.0,0.0,0.0,0.0,0.0,0.0,0.0,0.0,0.0,0.0,0.0,0.0,0.0,0.0,0.0
1755,SAFE,66,6.6000000000000005,0.5,5,-0.04949425384402275,-0.05454622209072113,0.04949425384402275,0.05454622209072113,0.024747126922011378,0.0,0.0582613080739975,0.05842377990484238,0.02913065403699875,0.9999999656719014,0,0.0006855055689811707,0.0023532102800658357,0.011979389935731888,0.00017137639224529266,0.0004993341863155365,0.002994847483932972,0.004286792129278183,4,0.0004993341863155365,0.00017137639224529266,0.0,0.0,0.0,0.0,0.0,0.0,0.0,0.0,0.0,0.0,0.0,0.0,0.0,0.0,0.0,0.0,0.0,0.0,0.0,0.0,0.0,0.0,0.0,0.0,0.0,0.0,0.0,0.0,0.0,0.0,0.0,0.0
1781,FIXED_COLLISION,80,8.0,3.0,30,-0.029576710797846316,-0.04164564982056618,0.029576710797846316,0.04164564982056618,0.08873013239353895,0.0,0.024752994440495966,0.044640447944402695,0.0742589833214879,0.8111931778439279,1,0.16526864655315876,0.22255710613770932,0.04076993465423584,0.005698918846660647,0.022692019119858742,0.0014058598156633049,0.003996388986706734,29,0.022692019119858742,0.005698918846660647,0.10344827586206896,0.0005071027743919143,5.635880419955579e-06,0.012692019119858742,0.034482758620689655,9.282824551237039e-05,2.498954117822425e-07,0.0026920191198587413,0.0,0.0,0.0,0.0,0.0,0.0,0.0,0.0,0.0,0.0,0.0,0.0,0.0,0.0,0.0,0.0,0.0,0.0,0.0,0.0,0.0,0.0,0.0,0.0
1781,FIXED_COLLISION,80,8.0,2.0,20,-0.027525107935070993,-0.034724149852991104,0.027525107935070993,0.034724149852991104,0.055050215870141986,0.0,0.03078941428102553,0.044640447944402695,0.06157882856205106,0.9999999837606526,0,0.10745402798056602,0.1744983279883356,0.018615197390317917,0.005655475156871896,0.022692019119858742,0.000979747231069364,0.003996388986706734,19,0.022692019119858742,0.005655475156871896,0.10526315789473684,0.0007422217667887085,8.582947248589878e-06,0.012692019119858742,0.05263157894736842,0.0001416852168346706,3.8141931272026486e-07,0.0026920191198587413,0.0,0.0,0.0,0.0,0.0,0.0,0.0,0.0,0.0,0.0,0.0,0.0,0.0,0.0,0.0,0.0,0.0,0.0,0.0,0.0,0.0,0.0,0.0,0.0
1781,FIXED_COLLISION,80,8.0,1.0,10,-0.023718599416315555,-0.026219923049211502,0.023718599416315555,0.026219923049211502,0.02371859941631556,0.0,0.027777511347085237,0.03886246308684349,0.02777751134708524,0.9999999639996561,0,0.0432775653898716,0.15580072415812576,0.005190756171941757,0.0048086183766524,0.01141019444912672,0.0005767506857713064,0.001134973019361496,9,0.01141019444912672,0.0048086183766524,0.1111111111111111,0.00015668827212519113,2.2096093159420153e-07,0.0014101944491267202,0.0,0.0,0.0,0.0,0.0,0.0,0.0,0.0,0.0,0.0,0.0,0.0,0.0,0.0,0.0,0.0,0.0,0.0,0.0,0.0,0.0,0.0,0.0,0.0,0.0,0.0,0.0,0.0
1781,FIXED_COLLISION,80,8.0,0.5,5,-0.022985047474503518,-0.023744482547044754,0.022985047474503518,0.023744482547044754,0.011492523737251759,0.0,0.03584367446601391,0.03886246308684349,0.017921837233006953,0.9999999442021523,0,0.011137967929244041,0.06214746380609025,0.0020283013582229614,0.0027844919823110104,0.0053401608020067215,0.0005070753395557404,0.001134973019361496,4,0.0053401608020067215,0.0027844919823110104,0.0,0.0,0.0,0.0,0.0,0.0,0.0,0.0,0.0,0.0,0.0,0.0,0.0,0.0,0.0,0.0,0.0,0.0,0.0,0.0,0.0,0.0,0.0,0.0,0.0,0.0,0.0,0.0,0.0,0.0,0.0,0.0
1808,SAFE,75,7.5,3.0,30,-0.0005295269268875321,-0.052053503692150116,0.01640572720207274,0.052053503692150116,0.04921718160621822,0.047628600825555624,0.006798291631275788,0.020094100385904312,0.020394874893827367,0.8802341209583481,0,0.11668367683887482,0.5721225147253279,0.10969310998916626,0.004023575063409476,0.01136060431599617,0.0037825210341091813,0.008041143417358398,29,0.01136060431599617,0.004023575063409476,0.034482758620689655,4.6917390206764475e-05,6.383600361060018e-08,0.0013606043159961698,0.0,0.0,0.0,0.0,0.0,0.0,0.0,0.0,0.0,0.0,0.0,0.0,0.0,0.0,0.0,0.0,0.0,0.0,0.0,0.0,0.0,0.0,0.0,0.0,0.0,0.0,0.0,0.0
1808,SAFE,75,7.5,2.0,20,0.020829513657372446,-0.021132975816726685,0.0029847867554053664,0.021132975816726685,0.005969573510810733,0.047628600825555624,0.008525179279968143,0.020094100385904312,0.017050358559936286,0.9447447823470363,0,0.07577871438115835,0.44444056510818547,0.07611387968063354,0.003988353388482018,0.01136060431599617,0.004005993667401765,0.007308236788958311,19,0.01136060431599617,0.003988353388482018,0.05263157894736842,7.161075347348262e-05,9.743390024775816e-08,0.0013606043159961698,0.0,0.0,0.0,0.0,0.0,0.0,0.0,0.0,0.0,0.0,0.0,0.0,0.0,0.0,0.0,0.0,0.0,0.0,0.0,0.0,0.0,0.0,0.0,0.0,0.0,0.0,0.0,0.0
1808,SAFE,75,7.5,1.0,10,0.040455577336251734,0.02792016603052616,0.0,0.0,0.0,0.04045557733625174,0.00987747882027179,0.020094100385904312,0.00987747882027179,0.9046192606122028,0,0.042101878207176924,0.4262410956362596,0.0270607378333807,0.0046779864674641024,0.01136060431599617,0.003006748648153411,0.006988648325204849,9,0.01136060431599617,0.0046779864674641024,0.1111111111111111,0.00015117825733290777,2.056937894119339e-07,0.0013606043159961698,0.0,0.0,0.0,0.0,0.0,0.0,0.0,0.0,0.0,0.0,0.0,0.0,0.0,0.0,0.0,0.0,0.0,0.0,0.0,0.0,0.0,0.0,0.0,0.0,0.0,0.0,0.0,0.0
1808,SAFE,75,7.5,0.5,5,0.04512556716799736,0.04175620526075363,0.0,0.0,0.0,0.022562783583998682,0.006167084584012628,0.010314463637769222,0.003083542292006314,0.6944679418032178,0,0.01721033127978444,0.5581349003401377,0.006612349301576614,0.00430258281994611,0.008226024452596903,0.0016530873253941536,0.003264211118221283,4,0.008226024452596903,0.00430258281994611,0.0,0.0,0.0,0.0,0.0,0.0,0.0,0.0,0.0,0.0,0.0,0.0,0.0,0.0,0.0,0.0,0.0,0.0,0.0,0.0,0.0,0.0,0.0,0.0,0.0,0.0,0.0,0.0,0.0,0.0,0.0,0.0
1861,SAFE,78,7.800000000000001,3.0,30,-0.0556094986697038,-0.05717792734503746,0.0556094986697038,0.05717792734503746,0.16682849600911143,0.0,0.10979725594321886,0.1104983240365982,0.3293917678296566,0.9999999969641015,0,0.004762887954711914,0.0014459644731362486,0.008697845041751862,0.00016423751567972117,0.0006149113178253174,0.0002999256910948918,0.002657327800989151,29,0.0006149113178253174,0.00016423751567972117,0.0,0.0,0.0,0.0,0.0,0.0,0.0,0.0,0.0,0.0,0.0,0.0,0.0,0.0,0.0,0.0,0.0,0.0,0.0,0.0,0.0,0.0,0.0,0.0,0.0,0.0,0.0,0.0,0.0,0.0,0.0,0.0
1861,SAFE,78,7.800000000000001,2.0,20,-0.05497867148369551,-0.056511636823415756,0.05497867148369551,0.056511636823415756,0.10995734296739101,0.0,0.1095462616533041,0.1104983240365982,0.21909252330660822,0.9999999954357183,0,0.0038501769304275513,0.0017573292117623494,0.006478704512119293,0.00020264089107513428,0.0006149113178253174,0.0003409844480062786,0.002657327800989151,19,0.0006149113178253174,0.00020264089107513428,0.0,0.0,0.0,0.0,0.0,0.0,0.0,0.0,0.0,0.0,0.0,0.0,0.0,0.0,0.0,0.0,0.0,0.0,0.0,0.0,0.0,0.0,0.0,0.0,0.0,0.0,0.0,0.0,0.0,0.0,0.0,0.0
1861,SAFE,78,7.800000000000001,1.0,10,-0.05429691858589649,-0.05468471348285675,0.05429691858589649,0.05468471348285675,0.0542969185858965,0.0,0.10878086537122726,0.10995812714099884,0.10878086537122728,0.9999999908072069,0,0.0024600476026535034,0.002261470867733584,0.0015412159264087677,0.00027333862251705595,0.0006149113178253174,0.00017124621404541863,0.0005506426095962524,9,0.0006149113178253174,0.00027333862251705595,0.0,0.0,0.0,0.0,0.0,0.0,0.0,0.0,0.0,0.0,0.0,0.0,0.0,0.0,0.0,0.0,0.0,0.0,0.0,0.0,0.0,0.0,0.0,0.0,0.0,0.0,0.0,0.0,0.0,0.0,0.0,0.0
1861,SAFE,78,7.800000000000001,0.5,5,-0.054011314362287524,-0.05455542728304863,0.054011314362287524,0.05455542728304863,0.027005657181143762,0.0,0.10815208554267883,0.10841243714094162,0.05407604277133942,0.9999999815075228,0,0.000829838216304779,0.0015345764194839222,0.0010037422180175781,0.00020745955407619476,0.0005940943956375122,0.00025093555450439453,0.0005506426095962524,4,0.0005940943956375122,0.00020745955407619476,0.0,0.0,0.0,0.0,0.0,0.0,0.0,0.0,0.0,0.0,0.0,0.0,0.0,0.0,0.0,0.0,0.0,0.0,0.0,0.0,0.0,0.0,0.0,0.0,0.0,0.0,0.0,0.0,0.0,0.0,0.0,0.0
1912,FIXED_COLLISION,28,2.8000000000000003,2.0,20,0.12154391221702099,-0.26231855154037476,0.03717061746865511,0.26231855154037476,0.07434123493731022,0.31742905937135224,0.05674379412084818,0.19824428856372833,0.11348758824169636,0.11258799830578868,3,0.7035197224467993,0.6199089496460287,1.059588074684143,0.03702735381298944,0.16677217930555344,0.055767793404428584,0.20006845146417618,19,0.16677217930555344,0.03702735381298944,0.7368421052631579,0.028411884970570865,0.0022769608379549504,0.15677217930555343,0.5789473684210527,0.02164508283334343,0.001779470912872773,0.14677217930555345,0.3684210526315789,0.017093217341523425,0.001395435606019152,0.13677217930555344,0.3157894736842105,0.0137519770860672,0.001088178420924665,0.12677217930555343,0.3157894736842105,0.010594082349225093,0.0008447178265717423,0.11677217930555343,0.10526315789473684,0.0057356803825027065,0.0004588510872327605,0.09177217930555344,0.05263157894736842,0.003514325226608075,0.00023465915416910412,0.06677217930555343,0.05263157894736842,0.0008827462792396548,1.4805578876717638e-05,0.016772179305553442
1912,FIXED_COLLISION,28,2.8000000000000003,1.0,10,-0.06180545315146446,-0.26231855154037476,0.07434123493731022,0.26231855154037476,0.07434123493731022,0.012535781785845758,0.040643078414723276,0.08952166140079498,0.04064307841472328,0.5709892912490636,2,0.3345350520685315,0.8231045897259044,0.551322802901268,0.03717056134094795,0.16677217930555344,0.061258089211252004,0.20006845146417618,9,0.16677217930555344,0.03717056134094795,0.5555555555555556,0.029299654666748307,0.0035065850090350036,0.15677217930555343,0.3333333333333333,0.024435776240295835,0.002972959322672283,0.14677217930555345,0.2222222222222222,0.02210865858528349,0.0025084649012780086,0.13677217930555344,0.2222222222222222,0.01988643636306127,0.002088513951794561,0.12677217930555343,0.2222222222222222,0.017664214140839046,0.0017130074467555578,0.11677217930555343,0.2222222222222222,0.012108658585283491,0.0009686856286024943,0.09177217930555344,0.1111111111111111,0.007419131033950381,0.0004953915476903309,0.06677217930555343,0.1111111111111111,0.001863575478394827,3.125622207307057e-05,0.016772179305553442
1912,FIXED_COLLISION,28,2.8000000000000003,0.5,5,-0.08046937361359596,-0.12822675704956055,0.08046937361359596,0.12822675704956055,0.04023468680679798,0.0,0.05879014283418656,0.08952166140079498,0.02939507141709328,0.9999999659806927,0,0.05067083612084389,0.17237867422765293,0.07696390151977539,0.012667709030210972,0.020944058895111084,0.019240975379943848,0.02890249341726303,4,0.020944058895111084,0.012667709030210972,0.5,0.0049974796175956725,5.040000013879826e-05,0.010944058895111084,0.25,0.0002360147237777709,2.2281179935958998e-07,0.0009440588951110836,0.0,0.0,0.0,0.0,0.0,0.0,0.0,0.0,0.0,0.0,0.0,0.0,0.0,0.0,0.0,0.0,0.0,0.0,0.0,0.0,0.0,0.0,0.0,0.0
1913,SAFE,56,5.6000000000000005,3.0,30,-0.027482437808066605,-0.03334232047200203,0.027482437808066605,0.03334232047200203,0.08244731342419982,0.0,0.0020498936927954977,0.009354828856885433,0.006149681078386493,0.5262026683578348,0,0.05284467100864276,0.8593073647558013,0.03483369201421738,0.001822230034780785,0.005005781538784504,0.0012011617935937025,0.006050297059118748,29,0.005005781538784504,0.001822230034780785,0.0,0.0,0.0,0.0,0.0,0.0,0.0,0.0,0.0,0.0,0.0,0.0,0.0,0.0,0.0,0.0,0.0,0.0,0.0,0.0,0.0,0.0,0.0,0.0,0.0,0.0,0.0,0.0,0.0,0.0,0.0,0.0
1913,SAFE,56,5.6000000000000005,2.0,20,-0.030171546526253222,-0.03334232047200203,0.030171546526253222,0.03334232047200203,0.06034309305250645,0.0,0.0013621642705402338,0.0030047576874494553,0.0027243285410804676,0.16446805196479264,0,0.033846856851596385,1.2423921680991918,0.012339834123849869,0.001781413518505073,0.004554143873974681,0.0006494649538868352,0.0012595411390066147,19,0.004554143873974681,0.001781413518505073,0.0,0.0,0.0,0.0,0.0,0.0,0.0,0.0,0.0,0.0,0.0,0.0,0.0,0.0,0.0,0.0,0.0,0.0,0.0,0.0,0.0,0.0,0.0,0.0,0.0,0.0,0.0,0.0,0.0,0.0,0.0,0.0
1913,SAFE,56,5.6000000000000005,1.0,10,-0.028016243129968643,-0.03152098134160042,0.028016243129968643,0.03152098134160042,0.028016243129968643,0.0,0.0012042059242958203,0.002381081460043788,0.0012042059242958203,0.36861621053009563,0,0.016677839506883174,1.384964591250446,0.007945753633975983,0.001853093278542575,0.004554143873974681,0.0008828615148862203,0.0012595411390066147,9,0.004554143873974681,0.001853093278542575,0.0,0.0,0.0,0.0,0.0,0.0,0.0,0.0,0.0,0.0,0.0,0.0,0.0,0.0,0.0,0.0,0.0,0.0,0.0,0.0,0.0,0.0,0.0,0.0,0.0,0.0,0.0,0.0,0.0,0.0,0.0,0.0
1913,SAFE,56,5.6000000000000005,0.5,5,-0.025534423440694808,-0.027758769690990448,0.025534423440694808,0.027758769690990448,0.012767211720347406,0.0,0.0011351839930284768,0.002158384770154953,0.0005675919965142384,0.9285263886565359,0,0.006611366698052734,1.1648076594769758,0.004183541983366013,0.0016528416745131835,0.0023612193763256073,0.0010458854958415031,0.0012595411390066147,4,0.0023612193763256073,0.0016528416745131835,0.0,0.0,0.0,0.0,0.0,0.0,0.0,0.0,0.0,0.0,0.0,0.0,0.0,0.0,0.0,0.0,0.0,0.0,0.0,0.0,0.0,0.0,0.0,0.0,0.0,0.0,0.0,0.0,0.0,0.0,0.0,0.0
1957,SAFE,79,7.9,3.0,30,-0.05156096215359866,-0.10903462767601013,0.05156096215359866,0.10903462767601013,0.154682886460796,0.0,0.02436729389009997,0.12659403681755066,0.07310188167029992,0.7327450234479325,4,0.38533507217653096,0.5271205858191751,0.20114948693662882,0.013287416281949344,0.0945611447095871,0.006936189204711339,0.03331410977989435,29,0.0945611447095871,0.013287416281949344,0.3448275862068966,0.007239163507193585,0.0003350560782932552,0.0845611447095871,0.2413793103448276,0.00445763242543386,0.0002194096661249238,0.0745611447095871,0.06896551724137931,0.002714395605284592,0.00015063941462860697,0.0645611447095871,0.06896551724137931,0.0020247404328707992,0.00010324805424705303,0.054561144709587096,0.034482758620689655,0.0015365911968823135,6.847226268375042e-05,0.044561144709587094,0.034482758620689655,0.0006745222313650724,1.319442697756577e-05,0.0195611447095871,0.0,0.0,0.0,0.0,0.0,0.0,0.0,0.0
1957,SAFE,79,7.9,2.0,20,-0.04377145965117961,-0.10903462767601013,0.04377145965117961,0.10903462767601013,0.08754291930235923,0.0,0.023180139187024905,0.12659403681755066,0.04636027837404982,0.5785866219369948,4,0.34236118313856423,0.7384795513769079,0.17495298851281404,0.0180190096388718,0.0945611447095871,0.009208052026990213,0.03331410977989435,19,0.0945611447095871,0.0180190096388718,0.47368421052631576,0.010969821043361569,0.0005112815137513744,0.0845611447095871,0.3684210526315789,0.006803754754609575,0.00033488843776962056,0.0745611447095871,0.10526315789473684,0.004143024871223851,0.0002299233170647159,0.0645611447095871,0.10526315789473684,0.003090393292276483,0.00015758913542971253,0.054561144709587096,0.05263157894736842,0.0023453234057677417,0.000104510295675198,0.044561144709587094,0.05263157894736842,0.0010295339320835317,2.0138862228916177e-05,0.0195611447095871,0.0,0.0,0.0,0.0,0.0,0.0,0.0,0.0
1957,SAFE,79,7.9,1.0,10,-0.04555596099235117,-0.10903462767601013,0.04555596099235117,0.10903462767601013,0.04555596099235118,0.0,0.02760152779519558,0.12659403681755066,0.02760152779519558,0.3028711131158166,3,0.2530878814868629,0.9169342878243624,0.1227762596681714,0.028120875720762543,0.0945611447095871,0.013641806629796823,0.03331410977989435,9,0.0945611447095871,0.028120875720762543,0.6666666666666666,0.02001715400359697,0.0010377676885548598,0.0845611447095871,0.5555555555555556,0.013567013728121916,0.0007036693220468448,0.0745611447095871,0.2222222222222222,0.008746385839250352,0.00048539366935884464,0.0645611447095871,0.2222222222222222,0.00652416361702813,0.00033268817479605977,0.054561144709587096,0.1111111111111111,0.004951238301065233,0.00022063284642541802,0.044561144709587094,0.1111111111111111,0.0021734605232874554,4.2515375816600816e-05,0.0195611447095871,0.0,0.0,0.0,0.0,0.0,0.0,0.0,0.0
1957,SAFE,79,7.9,0.5,5,-0.07613531351089478,-0.10903462767601013,0.07613531351089478,0.10903462767601013,0.03806765675544739,0.0,0.0420912173576653,0.12659403681755066,0.02104560867883265,0.5390805258267627,1,0.1528986319899559,0.726510822557633,0.06324256211519241,0.038224657997488976,0.0945611447095871,0.015810640528798103,0.02043195813894272,4,0.0945611447095871,0.038224657997488976,0.75,0.029697773344814778,0.001935372676489348,0.0845611447095871,0.75,0.022197773344814778,0.001416417209593052,0.0745611447095871,0.25,0.016140286177396775,0.0010420353515530616,0.0645611447095871,0.25,0.013640286177396774,0.000744229628005126,0.054561144709587096,0.25,0.011140286177396774,0.0004964239044571905,0.044561144709587094,0.25,0.004890286177396775,9.565959558735184e-05,0.0195611447095871,0.0,0.0,0.0,0.0,0.0,0.0,0.0,0.0
1968,NEW_COLLISION,66,6.6000000000000005,3.0,30,-0.07853270980219046,-0.1491323709487915,0.07853270980219046,0.1491323709487915,0.2355981294065714,0.0,0.09579487736336886,0.29974740743637085,0.2873846320901066,0.38062127561363546,2,1.1559180729091167,0.4022198614031983,0.19977496191859245,0.03985924389341782,0.5024017989635468,0.006888791790296291,0.061919331550598145,29,0.5024017989635468,0.03985924389341782,0.5862068965517241,0.032962247662503136,0.008954404961580353,0.49240179896354674,0.5517241379310345,0.02719294781828748,0.008353531120799316,0.48240179896354674,0.41379310344827586,0.022411938607692715,0.007860352013767832,0.4724017989635467,0.2413793103448276,0.019248623458090527,0.007447311268833397,0.4624017989635468,0.1724137931034483,0.01706242330115417,0.007085244517543636,0.45240179896354676,0.06896551724137931,0.014798174978330216,0.006299149784259514,0.42740179896354674,0.034482758620689655,0.013875924102191269,0.005583696821003404,0.4024017989635468,0.034482758620689655,0.012151786171156784,0.004282311307336,0.35240179896354673
1968,NEW_COLLISION,66,6.6000000000000005,2.0,20,-0.09287825804203749,-0.1491323709487915,0.09287825804203749,0.1491323709487915,0.18575651608407498,0.0,0.12868599391076713,0.29974740743637085,0.2573719878215343,0.30839432734452876,2,1.1310580410063267,0.4394643124083794,0.16953473165631294,0.05952937057928035,0.5024017989635468,0.008922880613490156,0.061919331550598145,19,0.5024017989635468,0.05952937057928035,0.8947368421052632,0.05031079906382058,0.01366724967820159,0.49240179896354674,0.8421052631578947,0.04150502561738616,0.012750126447535797,0.48240179896354674,0.631578947368421,0.03420769576963625,0.011997379389435112,0.4724017989635467,0.3684210526315789,0.02937947790971712,0.01136694877874571,0.4624017989635468,0.2631578947368421,0.026042646091235314,0.010814320579408709,0.45240179896354676,0.10526315789473684,0.022586688124819804,0.009614491775975047,0.42740179896354674,0.05263157894736842,0.021179042050712988,0.008522484621531512,0.4024017989635468,0.05263157894736842,0.018547463103344566,0.006536159363828632,0.35240179896354673
1968,NEW_COLLISION,66,6.6000000000000005,1.0,10,-0.07846133261919022,-0.08089755475521088,0.07846133261919022,0.08089755475521088,0.07846133261919022,0.0,0.10500350599177181,0.21996408700942993,0.10500350599177183,0.6951807853955002,1,0.3383544385433197,0.3222315599133594,0.014358751475811005,0.03759493761592441,0.07674527540802956,0.0015954168306456672,0.0035276412963867188,9,0.07674527540802956,0.03759493761592441,1.0,0.02759493761592441,0.0010307349394723276,0.06674527540802956,1.0,0.017594937615924414,0.0005788361871538393,0.05674527540802955,0.5555555555555556,0.0099672412706746,0.00031246139380131815,0.04674527540802956,0.3333333333333333,0.005571675551020437,0.00016154950417172868,0.036745275408029555,0.1111111111111111,0.0029716972675588394,7.947886185015004e-05,0.026745275408029553,0.1111111111111111,0.00019391948978106211,3.384429166525271e-07,0.001745275408029559,0.0,0.0,0.0,0.0,0.0,0.0,0.0,0.0
1968,NEW_COLLISION,66,6.6000000000000005,0.5,5,-0.07846649736166,-0.08082488924264908,0.07846649736166,0.08082488924264908,0.03923324868083,0.0,0.056587147805839774,0.11839035153388977,0.02829357390291989,0.13124929040504088,1,0.188926599919796,0.6677367584974171,0.007218495011329651,0.047231649979949,0.07674527540802956,0.0018046237528324127,0.0035276412963867188,4,0.07674527540802956,0.047231649979949,1.0,0.037231649979949,0.0017454859648433092,0.06674527540802956,1.0,0.027231649979948997,0.001100852965244329,0.05674527540802955,0.75,0.01826457303017378,0.0006519522455346064,0.04674527540802956,0.5,0.011521618482656776,0.00035936831366263004,0.036745275408029555,0.25,0.006686318852007388,0.0001788274391628376,0.026745275408029553,0.25,0.00043631885200738976,7.61496562468186e-07,0.001745275408029559,0.0,0.0,0.0,0.0,0.0,0.0,0.0,0.0
1994,NEW_COLLISION,79,7.9,3.0,30,-0.1458929533759753,-0.2064969837665558,0.1458929533759753,0.2064969837665558,0.4376788601279259,0.0,0.0955718661348025,0.22862288355827332,0.2867155984044075,0.8668161957896365,4,1.1142027452588081,0.3886090424006697,0.22060374915599823,0.03842078431926925,0.16642498224973679,0.007607025832965456,0.0449250191450119,29,0.16642498224973679,0.03842078431926925,0.896551724137931,0.0287481797460852,0.0018443686047780905,0.15642498224973678,0.6896551724137931,0.02095204843529339,0.001350847345866583,0.1464249822497368,0.4827586206896552,0.014978325377250539,0.0009960762483942635,0.1364249822497368,0.3448275862068966,0.010900670418451573,0.0007396686224032314,0.12642498224973678,0.27586206896551724,0.00774709316420144,0.0005547414024179401,0.11642498224973678,0.10344827586206896,0.0036276759900923435,0.00029156309982343186,0.09142498224973679,0.034482758620689655,0.0022905166293012685,0.00015214752644406368,0.06642498224973678,0.034482758620689655,0.000566378698266786,9.302760065660988e-06,0.01642498224973679
1994,NEW_COLLISION,79,7.9,2.0,20,-0.14906223863363266,-0.2064969837665558,0.14906223863363266,0.2064969837665558,0.2981244772672653,0.0,0.09520784579217434,0.22862288355827332,0.19041569158434868,0.7994604660106027,4,0.9414303004741669,0.49440793859841164,0.17637142539024353,0.04954896318285089,0.16642498224973679,0.009282706599486502,0.0449250191450119,19,0.16642498224973679,0.04954896318285089,0.9473684210526315,0.03969764864758442,0.0027536908076737547,0.15642498224973678,0.8947368421052632,0.030741927451209013,0.0020493772488307926,0.1464249822497368,0.6842105263157895,0.022696804874821713,0.0015198105727192138,0.1364249822497368,0.5263157894736842,0.016637865375531347,0.0011289678973523008,0.12642498224973678,0.42105263157894735,0.011824510619044304,0.000846710561585277,0.11642498224973678,0.15789473684210525,0.005536979142772525,0.000445017362888396,0.09142498224973679,0.05263157894736842,0.0034960516973545673,0.0002322251719409393,0.06642498224973678,0.05263157894736842,0.0008644727499861469,1.4198949573903614e-05,0.01642498224973679
1994,NEW_COLLISION,79,7.9,1.0,10,-0.13428314924240112,-0.14472264051437378,0.13428314924240112,0.14472264051437378,0.13428314924240112,0.0,0.08633469473570585,0.17454330623149872,0.08633469473570586,0.9267124934399161,2,0.36915937066078186,0.4275909789395445,0.02765699476003647,0.04101770785119799,0.08286120183765888,0.00307299941778183,0.017664141952991486,9,0.08286120183765888,0.04101770785119799,1.0,0.03101770785119799,0.0013305234103653312,0.07286120183765889,1.0,0.021017707851197984,0.0008101692533413716,0.06286120183765888,0.5555555555555556,0.012922449078824786,0.0004809446057995705,0.05286120183765888,0.3333333333333333,0.008483006010452907,0.0002694015766136857,0.04286120183765888,0.3333333333333333,0.005149672677119572,0.00013307478973796085,0.03286120183765888,0.1111111111111111,0.0008734668708509872,6.866499370267936e-06,0.007861201837658885,0.0,0.0,0.0,0.0,0.0,0.0,0.0,0.0
1994,NEW_COLLISION,79,7.9,0.5,5,-0.14192894995212554,-0.14472264051437378,0.14192894995212554,0.14472264051437378,0.07096447497606277,0.0,0.07617917954921723,0.1313435286283493,0.03808958977460861,0.999999973746108,0,0.10990295931696892,0.2885380417114713,0.007670223712921143,0.02747573982924223,0.031276460736989975,0.0019175559282302856,0.006034135818481445,4,0.031276460736989975,0.02747573982924223,1.0,0.017475739829242228,0.00031107470528715317,0.021276460736989973,1.0,0.007475739829242229,6.155990870230864e-05,0.011276460736989975,0.25,0.000319115184247494,4.073380032692482e-07,0.001276460736989976,0.0,0.0,0.0,0.0,0.0,0.0,0.0,0.0,0.0,0.0,0.0,0.0,0.0,0.0,0.0,0.0,0.0,0.0,0.0,0.0
2006,SAFE,18,1.8,1.0,10,0.09080786183476448,0.05023638531565666,0.0,0.0,0.0,0.09080786183476448,0.11514090113341809,0.19213031232357025,0.11514090113341809,0.9999999913149891,0,0.2656414397060871,0.230709882226108,0.0992477647960186,0.02951571552289857,0.07305730879306793,0.011027529421779845,0.03336777538061142,9,0.07305730879306793,0.02951571552289857,1.0,0.019515715522898564,0.0007609884948100342,0.06305730879306794,0.6666666666666666,0.011831687258349523,0.00045381918813650686,0.05305730879306793,0.3333333333333333,0.007674831880463495,0.0002637011129500778,0.04305730879306793,0.2222222222222222,0.005064158605204688,0.00013883767063831474,0.03305730879306793,0.2222222222222222,0.0028419363829824654,5.977672075644319e-05,0.02305730879306793,0.0,0.0,0.0,0.0,0.0,0.0,0.0,0.0,0.0,0.0,0.0,0.0
2006,SAFE,18,1.8,0.5,5,0.10790385603904724,0.09304341673851013,0.0,0.0,0.0,0.05395192801952362,0.10794654339551926,0.15899696946144104,0.05397327169775963,0.9999999814723111,0,0.09310400485992432,0.17250020279720588,0.025451622903347015,0.02327600121498108,0.033496059477329254,0.006362905725836754,0.011604346334934235,4,0.033496059477329254,0.02327600121498108,1.0,0.013276001214981077,0.00022510675706813744,0.023496059477329252,0.75,0.004677713513374328,5.172754329864832e-05,0.013496059477329254,0.25,0.0008740148693323138,3.0556079672559266e-06,0.0034960594773292553,0.0,0.0,0.0,0.0,0.0,0.0,0.0,0.0,0.0,0.0,0.0,0.0,0.0,0.0,0.0,0.0,0.0,0.0,0.0,0.0
2055,SAFE,74,7.4,3.0,30,-0.08297551640619834,-0.12836194038391113,0.08297551640619834,0.12836194038391113,0.24892654921859503,0.0,0.07399188081423441,0.16941173374652863,0.22197564244270326,0.8008342040789012,1,0.5537611860781908,0.2494693460461254,0.3306616432964802,0.01909521331304106,0.07910559326410294,0.011402125630913109,0.09007346536964178,29,0.07910559326410294,0.01909521331304106,0.6896551724137931,0.011117166781733774,0.00037286316309224037,0.06910559326410294,0.4482758620689655,0.006059494696814438,0.0002051331402781251,0.05910559326410293,0.13793103448275862,0.003451848245900253,0.00011510802852105455,0.04910559326410294,0.13793103448275862,0.0020725379010726663,5.9864167051325336e-05,0.039105593264102935,0.06896551724137931,0.0010470383639993336,2.926618724356629e-05,0.029105593264102933,0.034482758620689655,0.00014157218152079099,5.81237794836118e-07,0.004105593264102939,0.0,0.0,0.0,0.0,0.0,0.0,0.0,0.0
2055,SAFE,74,7.4,2.0,20,-0.06465179352089763,-0.10517870634794235,0.06465179352089763,0.10517870634794235,0.12930358704179526,0.0,0.06306022107601165,0.16941173374652863,0.1261204421520233,0.6494624138921384,1,0.44109448231756687,0.34974066954861516,0.3054114691913128,0.023215499069345624,0.07910559326410294,0.01607428785217436,0.09007346536964178,19,0.07910559326410294,0.023215499069345624,0.7368421052631579,0.014727719845740417,0.0005454852552486475,0.06910559326410294,0.5263157894736842,0.008951493548719505,0.0003123590749088994,0.05910559326410293,0.21052631578947367,0.005268610480584596,0.00017569120142687275,0.04910559326410294,0.21052631578947367,0.003163347322689859,9.137162339412814e-05,0.039105593264102935,0.10526315789473684,0.0015981111871568778,4.466944368754855e-05,0.029105593264102933,0.05263157894736842,0.00021608385600541783,8.871524236972328e-07,0.004105593264102939,0.0,0.0,0.0,0.0,0.0,0.0,0.0,0.0
2055,SAFE,74,7.4,1.0,10,-0.06355433166027069,-0.07596702128648758,0.06355433166027069,0.07596702128648758,0.06355433166027069,0.0,0.029385964572429656,0.05661331117153168,0.02938596457242966,0.5044581602192602,1,0.1791039127856493,0.60948792832483,0.06367918848991394,0.019900434753961034,0.05125851929187775,0.0070754653877682155,0.02130300924181938,9,0.05125851929187775,0.019900434753961034,0.6666666666666666,0.011584376353356572,0.0003430001101662821,0.041258519291877745,0.4444444444444444,0.006818607250849405,0.00016171705276574357,0.03125851929187774,0.2222222222222222,0.003565450774298774,6.324724320577397e-05,0.021258519291877748,0.2222222222222222,0.0013432285520765515,1.4160449942020702e-05,0.011258519291877746,0.1111111111111111,0.00013983547687530486,1.759856453364953e-07,0.0012585192918777438,0.0,0.0,0.0,0.0,0.0,0.0,0.0,0.0,0.0,0.0,0.0,0.0
2055,SAFE,74,7.4,0.5,5,-0.05888116881251335,-0.06690715253353119,0.05888116881251335,0.06690715253353119,0.029440584406256676,0.0,0.04136687442660332,0.05661331117153168,0.02068343721330166,0.9999999516521388,0,0.038646258413791656,0.1868463937921984,0.019828855991363525,0.009661564603447914,0.023801732808351517,0.004957213997840881,0.014647673815488815,4,0.023801732808351517,0.009661564603447914,0.25,0.003450433202087879,4.762195712828166e-05,0.013801732808351517,0.25,0.0009504332020878791,3.6132930865240765e-06,0.0038017328083515163,0.0,0.0,0.0,0.0,0.0,0.0,0.0,0.0,0.0,0.0,0.0,0.0,0.0,0.0,0.0,0.0,0.0,0.0,0.0,0.0,0.0,0.0,0.0,0.0
2109,SAFE,69,6.9,3.0,30,0.015397386375116184,-0.021902143955230713,0.0042975954711437225,0.021902143955230713,0.012892786413431168,0.05908494553877972,0.007467461909012248,0.027998341247439384,0.022402385727036747,0.19038131272856856,4,0.3253464554436505,1.4522847918297919,0.2340005685109645,0.011218843291160362,0.033342113718390465,0.008068985121067742,0.021850697696208954,29,0.033342113718390465,0.011218843291160362,0.4482758620689655,0.003520100429846809,5.166371698504175e-05,0.023342113718390463,0.13793103448275862,0.0010216150233714745,1.1479831862899212e-05,0.013342113718390464,0.06896551724137931,0.00018654706085036548,5.325971895174131e-07,0.003342113718390466,0.0,0.0,0.0,0.0,0.0,0.0,0.0,0.0,0.0,0.0,0.0,0.0,0.0,0.0,0.0,0.0,0.0,0.0,0.0,0.0
2109,SAFE,69,6.9,2.0,20,-0.004481616037082858,-0.021902143955230713,0.006446393206715584,0.021902143955230713,0.012892786413431168,0.003929554339265451,0.0076016693667043,0.027998341247439384,0.015203338733408601,0.22377518913165628,3,0.22511771507561207,1.4807122581160692,0.1372124227345921,0.011848300793453267,0.03206775104627013,0.007221706459715374,0.01406857231631875,19,0.03206775104627013,0.011848300793453267,0.5263157894736842,0.0039017208361704094,4.952428581766263e-05,0.02206775104627013,0.15789473684210525,0.0008570906294411734,8.152796081558637e-06,0.012067751046270132,0.05263157894736842,0.00010882900243527016,2.2503128365006477e-07,0.002067751046270133,0.0,0.0,0.0,0.0,0.0,0.0,0.0,0.0,0.0,0.0,0.0,0.0,0.0,0.0,0.0,0.0,0.0,0.0,0.0,0.0
2109,SAFE,69,6.9,1.0,10,-0.0003878353047184646,-0.008687976747751236,0.003560890443623066,0.008687976747751236,0.003560890443623066,0.0031730551389046015,0.010539797425735742,0.027998341247439384,0.010539797425735742,0.13238262560312186,2,0.14404293417464942,1.3666573909319746,0.06370013882406056,0.016004770463849936,0.03206775104627013,0.007077793202673395,0.013436063658446074,9,0.03206775104627013,0.016004770463849936,0.7777777777777778,0.007034024360279241,9.566037339195848e-05,0.02206775104627013,0.3333333333333333,0.0018094135510424772,1.721145839440157e-05,0.012067751046270132,0.1111111111111111,0.00022975011625223703,4.7506604326124785e-07,0.002067751046270133,0.0,0.0,0.0,0.0,0.0,0.0,0.0,0.0,0.0,0.0,0.0,0.0,0.0,0.0,0.0,0.0,0.0,0.0,0.0,0.0
2109,SAFE,69,6.9,0.5,5,0.004047317872755229,-0.008340328000485897,0.0016680656000971795,0.008340328000485897,0.0008340328000485897,0.0028576917364262046,0.014684418216347694,0.027998341247439384,0.007342209108173847,0.5579421275883456,1,0.06991693284362555,0.9522600390553966,0.03147304884623736,0.017479233210906386,0.02254499914124608,0.00786826221155934,0.013436063658446074,4,0.02254499914124608,0.017479233210906386,1.0,0.007479233210906386,7.746418981738616e-05,0.01254499914124608,0.5,0.0010542427282780407,2.318127558715073e-06,0.00254499914124608,0.0,0.0,0.0,0.0,0.0,0.0,0.0,0.0,0.0,0.0,0.0,0.0,0.0,0.0,0.0,0.0,0.0,0.0,0.0,0.0,0.0,0.0,0.0,0.0
2173,SAFE,32,3.2,3.0,30,-0.05410710011298458,-0.11821656674146652,0.05410710011298458,0.11821656674146652,0.16232130033895376,0.0,0.029177613971599688,0.0751960426568985,0.08753284191479907,0.4730185882456775,2,0.4349064379930496,0.4968494378919807,0.1788557767868042,0.014996773723898262,0.053392957895994186,0.006167440578855318,0.01666872203350067,29,0.053392957895994186,0.014996773723898262,0.5862068965517241,0.007052045308920587,0.0001511043390574448,0.043392957895994184,0.2413793103448276,0.002840094850880318,5.7569191927243904e-05,0.03339295789599418,0.10344827586206896,0.0011657072854196204,2.0751456055187672e-05,0.023392957895994188,0.034482758620689655,0.0004618261343446271,6.185217972547344e-06,0.013392957895994186,0.034482758620689655,0.00011699854813773047,3.9697114772376823e-07,0.0033929578959941836,0.0,0.0,0.0,0.0,0.0,0.0,0.0,0.0,0.0,0.0,0.0,0.0
2173,SAFE,32,3.2,2.0,20,-0.03655568244867027,-0.07729161530733109,0.03655568244867027,0.07729161530733109,0.07311136489734053,0.0,0.02392974672256969,0.060901571065187454,0.04785949344513938,0.4602735271597083,1,0.22172274813055992,0.4632785003291612,0.09861516579985619,0.011669618322661049,0.03478728234767914,0.005190271884202957,0.010674316436052322,19,0.03478728234767914,0.011669618322661049,0.47368421052631576,0.004360703835508933,6.637788298835919e-05,0.024787282347679136,0.15789473684210525,0.0013158434394158814,1.4387130024819456e-05,0.014787282347679138,0.05263157894736842,0.00025196222882521783,1.2062143303368575e-06,0.004787282347679139,0.0,0.0,0.0,0.0,0.0,0.0,0.0,0.0,0.0,0.0,0.0,0.0,0.0,0.0,0.0,0.0,0.0,0.0,0.0,0.0
2173,SAFE,32,3.2,1.0,10,-0.05310841053724289,-0.07729161530733109,0.05310841053724289,0.07729161530733109,0.05310841053724289,0.0,0.014572497073095292,0.022449560463428497,0.014572497073095292,0.772588062748526,1,0.05266817845404148,0.36142175617288946,0.04345843568444252,0.005852019828226831,0.0172240900574252,0.004828715076049169,0.010097227990627289,9,0.0172240900574252,0.005852019828226831,0.1111111111111111,0.0008026766730472446,5.798608573087738e-06,0.007224090057425201,0.0,0.0,0.0,0.0,0.0,0.0,0.0,0.0,0.0,0.0,0.0,0.0,0.0,0.0,0.0,0.0,0.0,0.0,0.0,0.0,0.0,0.0,0.0,0.0,0.0,0.0,0.0,0.0
2173,SAFE,32,3.2,0.5,5,-0.06246220916509628,-0.07729161530733109,0.06246220916509628,0.07729161530733109,0.031231104582548144,0.0,0.019034842029213905,0.022449560463428497,0.009517421014606953,0.9999998949295305,0,0.013648822903633118,0.14340882313178357,0.02431778982281685,0.0034122057259082794,0.005771750584244728,0.006079447455704212,0.010097227990627289,4,0.005771750584244728,0.0034122057259082794,0.0,0.0,0.0,0.0,0.0,0.0,0.0,0.0,0.0,0.0,0.0,0.0,0.0,0.0,0.0,0.0,0.0,0.0,0.0,0.0,0.0,0.0,0.0,0.0,0.0,0.0,0.0,0.0,0.0,0.0,0.0,0.0
2246,SAFE,21,2.1,2.0,20,0.11448103829752654,-0.07669299095869064,0.011912253778427839,0.07669299095869064,0.02382450755685568,0.25278658415190874,0.03368202368728816,0.17298023402690887,0.06736404737457634,0.10978006320953586,2,0.3429332934319973,0.5090746499158187,0.41376005858182907,0.018049120706947225,0.10408030450344086,0.02177684518851732,0.03332024812698364,19,0.10408030450344086,0.018049120706947225,0.5263157894736842,0.01078874205337151,0.0005949336404830705,0.09408030450344086,0.2631578947368421,0.0069434780823557,0.00042291402506554695,0.08408030450344085,0.15789473684210525,0.005052305284495417,0.00030486331980263224,0.07408030450344086,0.10526315789473684,0.003721686182053465,0.0002184350161709348,0.06408030450344085,0.05263157894736842,0.002846331815970571,0.00015393049132552027,0.054080304503440854,0.05263157894736842,0.0015305423422863611,4.450863736909699e-05,0.02908030450344086,0.05263157894736842,0.00021475286860215008,8.762570968841943e-07,0.004080304503440851,0.0,0.0,0.0,0.0
2246,SAFE,21,2.1,1.0,10,0.0024193094577640295,-0.07669299095869064,0.023824507556855678,0.07669299095869064,0.02382450755685568,0.02624381701461971,0.019050126289948822,0.0397389717400074,0.019050126289948822,0.6252441386006978,1,0.08574957214295864,0.45012597993611103,0.1763293370604515,0.009527730238106515,0.01671540178358555,0.01959214856227239,0.025239769835025072,9,0.01671540178358555,0.009527730238106515,0.5555555555555556,0.002562223938811156,1.4427891293086495e-05,0.006715401783585548,0.0,0.0,0.0,0.0,0.0,0.0,0.0,0.0,0.0,0.0,0.0,0.0,0.0,0.0,0.0,0.0,0.0,0.0,0.0,0.0,0.0,0.0,0.0,0.0,0.0,0.0,0.0,0.0
2246,SAFE,21,2.1,0.5,5,-0.047649015113711356,-0.07669299095869064,0.047649015113711356,0.07669299095869064,0.02382450755685568,0.0,0.00995118347927928,0.022245176136493683,0.00497559173963964,0.4348334431463499,1,0.03630536422133446,0.7296691293098858,0.06239932216703892,0.009076341055333614,0.01599818584509194,0.01559983054175973,0.01870162971317768,4,0.01599818584509194,0.009076341055333614,0.5,0.0022754780412651597,1.1402837625381936e-05,0.005998185845091939,0.0,0.0,0.0,0.0,0.0,0.0,0.0,0.0,0.0,0.0,0.0,0.0,0.0,0.0,0.0,0.0,0.0,0.0,0.0,0.0,0.0,0.0,0.0,0.0,0.0,0.0,0.0,0.0
2299,SAFE,66,6.6000000000000005,3.0,30,-0.07010576656709115,-0.1039627343416214,0.07010576656709115,0.1039627343416214,0.21031729970127344,0.0,0.011234535366141548,0.050879690796136856,0.03370360609842465,0.41887346032959144,2,0.2920989985577762,0.8666698425030873,0.21329466439783573,0.010072379260612973,0.07029107958078384,0.007354988427511577,0.03775376081466675,29,0.07029107958078384,0.010072379260612973,0.3448275862068966,0.0048035942612151645,0.00017235100919075463,0.06029107958078384,0.13793103448275862,0.0027773093361535975,9.99931465367535e-05,0.05029107958078384,0.10344827586206896,0.0016166702150527774,5.685336724345875e-05,0.040291079580783845,0.034482758620689655,0.0010445199855442704,3.1639638005840684e-05,0.030291079580783843,0.034482758620689655,0.0006996923993373738,1.4197514157024239e-05,0.02029107958078384,0.0,0.0,0.0,0.0,0.0,0.0,0.0,0.0,0.0,0.0,0.0,0.0
2299,SAFE,66,6.6000000000000005,2.0,20,-0.07163696317002177,-0.1039627343416214,0.07163696317002177,0.1039627343416214,0.14327392634004354,0.0,0.00681562865502201,0.027056023478507996,0.01363125731004402,0.8684035258324239,0,0.10207896446809173,0.7488594386981584,0.12775238789618015,0.005372577077267985,0.03464654367417097,0.00672380988927264,0.01958746463060379,19,0.03464654367417097,0.005372577077267985,0.15789473684210525,0.002061565481616478,4.182922775403156e-05,0.02464654367417097,0.10526315789473684,0.0009634251676891979,1.1995058756543953e-05,0.01464654367417097,0.05263157894736842,0.00024455493021952485,1.1363351639988566e-06,0.004646543674170972,0.0,0.0,0.0,0.0,0.0,0.0,0.0,0.0,0.0,0.0,0.0,0.0,0.0,0.0,0.0,0.0,0.0,0.0,0.0,0.0
2299,SAFE,66,6.6000000000000005,1.0,10,-0.06013656537979841,-0.1039627343416214,0.06013656537979841,0.1039627343416214,0.06013656537979842,0.0,0.0055542677058838304,0.009903105907142162,0.005554267705883831,0.9503586326954997,0,0.019590570591390133,0.35271197035601026,0.0865779910236597,0.0021767300657100147,0.004470389452762902,0.009619776780406633,0.01958746463060379,9,0.004470389452762902,0.0021767300657100147,0.0,0.0,0.0,0.0,0.0,0.0,0.0,0.0,0.0,0.0,0.0,0.0,0.0,0.0,0.0,0.0,0.0,0.0,0.0,0.0,0.0,0.0,0.0,0.0,0.0,0.0,0.0,0.0,0.0,0.0,0.0,0.0
2299,SAFE,66,6.6000000000000005,0.5,5,-0.030140262469649313,-0.0525103360414505,0.030140262469649313,0.0525103360414505,0.015070131234824658,0.0,0.003719195234589279,0.0057105617597699165,0.0018595976172946394,0.8517306421007169,0,0.011702262330800295,0.6292896876759808,0.03512559272348881,0.0029255655827000737,0.004470389452762902,0.008781398180872202,0.01958746463060379,4,0.004470389452762902,0.0029255655827000737,0.0,0.0,0.0,0.0,0.0,0.0,0.0,0.0,0.0,0.0,0.0,0.0,0.0,0.0,0.0,0.0,0.0,0.0,0.0,0.0,0.0,0.0,0.0,0.0,0.0,0.0,0.0,0.0,0.0,0.0,0.0,0.0
2301,NEW_COLLISION,30,3.0,3.0,30,0.1056458583722512,0.04016145318746567,0.0,0.0,0.0,0.3169375751167536,0.0685246941478302,0.1957259476184845,0.20557408244349062,0.10680482834126341,4,1.317787405103445,0.6410279851573245,0.26355747878551483,0.045440945003567074,0.18671049922704697,0.009088188923638442,0.02569124475121498,29,0.18671049922704697,0.045440945003567074,0.8275862068965517,0.03608699021668269,0.0032600805780009746,0.17671049922704696,0.7241379310344828,0.028388646717729237,0.002616999125134953,0.16671049922704698,0.5517241379310345,0.02216775172550616,0.0021146304464791034,0.15671049922704697,0.3793103448275862,0.017590074380538584,0.0017203954068575192,0.14671049922704696,0.27586206896551724,0.014333256693749592,0.0014022975212623868,0.13671049922704698,0.1724137931034483,0.009369703330870333,0.0008205087889114631,0.11171049922704697,0.10344827586206896,0.00628422562932146,0.0004379928502355987,0.08671049922704696,0.06896551724137931,0.0017959263818017371,5.461860832572766e-05,0.03671049922704697
2301,NEW_COLLISION,30,3.0,2.0,20,0.10898508876562119,0.05212312191724777,0.0,0.0,0.0,0.21797017753124237,0.058384995465166865,0.13792477548122406,0.11676999093033374,0.0950205482637599,3,0.8266046158969402,0.7078913017225364,0.14827919751405716,0.04350550609983896,0.13016067817807198,0.007804168290213535,0.016536220908164978,19,0.13016067817807198,0.04350550609983896,0.8947368421052632,0.033947604557401256,0.001979890568984085,0.12016067817807198,0.8421052631578947,0.025112359751211965,0.0013901732996513955,0.11016067817807197,0.631578947368421,0.01777593545713707,0.0009656878694122679,0.10016067817807198,0.47368421052631576,0.01252791010333519,0.0006657640442908882,0.09016067817807197,0.3157894736842105,0.008609609423499358,0.00045612186635331806,0.08016067817807197,0.15789473684210525,0.0036652385012099623,0.00016571239348151453,0.05516067817807198,0.05263157894736842,0.001587404114635367,4.7877184640064566e-05,0.03016067817807197,0.0,0.0,0.0,0.0
2301,NEW_COLLISION,30,3.0,1.0,10,0.0767681583762169,0.05212312191724777,0.0,0.0,0.0,0.0767681583762169,0.04529520650394261,0.07880858331918716,0.045295206503942614,0.4815359332091748,1,0.2812589816749096,0.6209464470395198,0.08603318780660629,0.03125099796387884,0.04935852997004986,0.009559243089622922,0.016536220908164978,9,0.04935852997004986,0.03125099796387884,0.8888888888888888,0.021301850891775553,0.0005878096693847054,0.039358529970049856,0.8888888888888888,0.012412962002886666,0.00025066154043808323,0.029358529970049858,0.5555555555555556,0.005433594694154131,7.897844329380757e-05,0.01935852997004986,0.3333333333333333,0.0016053014352089825,1.2394422209342136e-05,0.009358529970049857,0.0,0.0,0.0,0.0,0.0,0.0,0.0,0.0,0.0,0.0,0.0,0.0,0.0,0.0,0.0,0.0
2301,NEW_COLLISION,30,3.0,0.5,5,0.06575777679681778,0.05212312191724777,0.0,0.0,0.0,0.03287888839840889,0.05116139091551304,0.07328499108552933,0.02558069545775652,0.9999999609080229,0,0.1291654072701931,0.504933114246887,0.04644152522087097,0.032291351817548275,0.04935852997004986,0.011610381305217743,0.016536220908164978,4,0.04935852997004986,0.032291351817548275,1.0,0.022291351817548273,0.0006101333007513798,0.039358529970049856,1.0,0.012291351817548275,0.00026430626440041434,0.029358529970049858,0.5,0.005505438558757306,9.546136152172338e-05,0.01935852997004986,0.25,0.0023396324925124643,2.1895520800080344e-05,0.009358529970049857,0.0,0.0,0.0,0.0,0.0,0.0,0.0,0.0,0.0,0.0,0.0,0.0,0.0,0.0,0.0,0.0
2321,NEW_COLLISION,36,3.6,3.0,30,-0.17197262992461523,-0.39646923542022705,0.17197262992461523,0.39646923542022705,0.5159178897738457,0.0,0.027740428503602744,0.20282518863677979,0.08322128551080823,0.10076221064142839,1,0.49568655621260405,0.5956247217449919,0.3128770440816879,0.01709263986940014,0.1448577381670475,0.010788863589023721,0.18055394291877747,29,0.1448577381670475,0.01709263986940014,0.20689655172413793,0.012507634897684227,0.0012219077061524951,0.1348577381670475,0.1724137931034483,0.01061463117085654,0.0009915467493723422,0.1248577381670475,0.13793103448275862,0.008934262662098326,0.0007964399481580908,0.1148577381670475,0.10344827586206896,0.007598410813972867,0.0006314930277772673,0.10485773816704749,0.10344827586206896,0.006563928055352177,0.0004898696390840169,0.0948577381670475,0.10344827586206896,0.003977721158800455,0.00022632840873020117,0.0698577381670475,0.06896551724137931,0.002090080776091279,7.794566315036966e-05,0.044857738167047495,0.0,0.0,0.0,0.0
2321,NEW_COLLISION,36,3.6,2.0,20,-0.1815907284617424,-0.39646923542022705,0.1815907284617424,0.39646923542022705,0.3631814569234848,0.0,0.02848484374117106,0.20282518863677979,0.05696968748234213,0.6079927721643534,1,0.39988968428224325,0.7019341248569226,0.2970466911792755,0.021046825488539117,0.1448577381670475,0.015634036377856608,0.18055394291877747,19,0.1448577381670475,0.021046825488539117,0.21052631578947367,0.01659215903595874,0.0018030796994411152,0.1348577381670475,0.15789473684210525,0.014755469137116483,0.0014909186499868041,0.1248577381670475,0.15789473684210525,0.013176521768695432,0.0012115987409286853,0.1148577381670475,0.15789473684210525,0.011597574400274376,0.000963857779238987,0.10485773816704749,0.15789473684210525,0.010018627031853322,0.00074769576491771,0.0948577381670475,0.15789473684210525,0.006071258610800693,0.00034544862385135967,0.0698577381670475,0.10526315789473684,0.0031901232898235315,0.00011896969638740632,0.044857738167047495,0.0,0.0,0.0,0.0
2321,NEW_COLLISION,36,3.6,1.0,10,-0.20999589264392854,-0.39646923542022705,0.20999589264392854,0.39646923542022705,0.20999589264392854,0.0,0.05191478664055467,0.20282518863677979,0.05191478664055467,0.7329587241823851,1,0.37099513318389654,0.7146232317323079,0.28100618720054626,0.0412216814648774,0.1448577381670475,0.031222909688949585,0.18055394291877747,9,0.1448577381670475,0.0412216814648774,0.4444444444444444,0.03502789129813512,0.003806501587709021,0.1348577381670475,0.3333333333333333,0.031150434845023684,0.00314749492774992,0.1248577381670475,0.3333333333333333,0.027817101511690354,0.00255781956418278,0.1148577381670475,0.3333333333333333,0.024483768178357016,0.0020348108672823056,0.10485773816704749,0.3333333333333333,0.021150434845023682,0.0015784688370484988,0.0948577381670475,0.3333333333333333,0.012817101511690352,0.0007292804281306482,0.0698577381670475,0.2222222222222222,0.006734704722960789,0.0002511582479289689,0.044857738167047495,0.0,0.0,0.0,0.0
2321,NEW_COLLISION,36,3.6,0.5,5,-0.255267345905304,-0.39646923542022705,0.255267345905304,0.39646923542022705,0.127633672952652,0.0,0.09432100728154183,0.20282518863677979,0.047160503640770915,0.9076594884016159,1,0.3552510216832161,0.7532807894852267,0.27379949390888214,0.08881275542080402,0.1448577381670475,0.06844987347722054,0.18055394291877747,4,0.1448577381670475,0.08881275542080402,1.0,0.07881275542080401,0.008564628572345297,0.1348577381670475,0.75,0.07008847840130329,0.00708186358743732,0.1248577381670475,0.75,0.0625884784013033,0.005755094019411255,0.1148577381670475,0.75,0.055088478401303285,0.004578324451385188,0.10485773816704749,0.75,0.047588478401303286,0.003551554883359123,0.0948577381670475,0.75,0.028838478401303293,0.0016408809632939584,0.0698577381670475,0.5,0.015153085626661775,0.00056510605784018,0.044857738167047495,0.0,0.0,0.0,0.0
2358,SAFE,79,7.9,3.0,30,-0.09834285682688157,-0.16841375827789307,0.09834285682688157,0.16841375827789307,0.29502857048064474,0.0,0.036518875136971475,0.07607585191726685,0.10955662541091443,0.9059822062468988,1,0.1831420911476016,0.16716660337886816,0.26946595311164856,0.00631524452233109,0.01923442631959915,0.009291929417643053,0.057497069239616394,29,0.01923442631959915,0.00631524452233109,0.20689655172413793,0.0009277381246973728,6.246567785318012e-06,0.009234426319599151,0.0,0.0,0.0,0.0,0.0,0.0,0.0,0.0,0.0,0.0,0.0,0.0,0.0,0.0,0.0,0.0,0.0,0.0,0.0,0.0,0.0,0.0,0.0,0.0,0.0,0.0,0.0,0.0
2358,SAFE,79,7.9,2.0,20,-0.07227073917165398,-0.14786626398563385,0.07227073917165398,0.14786626398563385,0.14454147834330797,0.0,0.023561573680490257,0.06446739286184311,0.047123147360980513,0.7814179938215701,1,0.11024547833949327,0.2339518520599954,0.15295447409152985,0.005802393596815436,0.01606199238449335,0.008050235478501571,0.026903845369815826,19,0.01606199238449335,0.005802393596815436,0.10526315789473684,0.00046455647012120794,2.3363503828938218e-06,0.006061992384493351,0.0,0.0,0.0,0.0,0.0,0.0,0.0,0.0,0.0,0.0,0.0,0.0,0.0,0.0,0.0,0.0,0.0,0.0,0.0,0.0,0.0,0.0,0.0,0.0,0.0,0.0,0.0,0.0
2358,SAFE,79,7.9,1.0,10,-0.04083359781652689,-0.061258599162101746,0.04083359781652689,0.061258599162101746,0.040833597816526894,0.0,0.011085644504055381,0.019075268879532814,0.011085644504055381,0.07084595999224033,1,0.036232439801096916,0.32684104671976266,0.0536331869661808,0.004025826644566324,0.0127645805478096,0.005959242996242311,0.020019032061100006,9,0.0127645805478096,0.004025826644566324,0.1111111111111111,0.00030717561642328896,8.492117339252479e-07,0.0027645805478096006,0.0,0.0,0.0,0.0,0.0,0.0,0.0,0.0,0.0,0.0,0.0,0.0,0.0,0.0,0.0,0.0,0.0,0.0,0.0,0.0,0.0,0.0,0.0,0.0,0.0,0.0,0.0,0.0
2358,SAFE,79,7.9,0.5,5,-0.03653616420924664,-0.047548480331897736,0.03653616420924664,0.047548480331897736,0.01826808210462332,0.0,0.010300271306186914,0.014830736443400383,0.005150135653093458,0.9999998058303949,0,0.009675852488726377,0.1878756456474708,0.017029915004968643,0.0024189631221815944,0.004661823157221079,0.004257478751242161,0.007324669510126114,4,0.004661823157221079,0.0024189631221815944,0.0,0.0,0.0,0.0,0.0,0.0,0.0,0.0,0.0,0.0,0.0,0.0,0.0,0.0,0.0,0.0,0.0,0.0,0.0,0.0,0.0,0.0,0.0,0.0,0.0,0.0,0.0,0.0,0.0,0.0,0.0,0.0
2406,SAFE,30,3.0,3.0,30,0.08430643863976002,0.004398779012262821,0.0,0.0,0.0,0.2529193159192801,0.03675347094346459,0.14175844192504883,0.11026041283039377,0.32854581986890635,6,0.8324366975575686,0.7549733114896978,0.3262630654498935,0.028704713708881675,0.20108721777796745,0.011250450532754948,0.03785111382603645,29,0.20108721777796745,0.028704713708881675,0.8275862068965517,0.019316837592692725,0.0016577746624291381,0.19108721777796744,0.4482758620689655,0.013027948287540468,0.0013413157094000897,0.18108721777796746,0.2413793103448276,0.0098004474508544,0.0011169691690102173,0.17108721777796745,0.13793103448275862,0.007633071281497591,0.0009440125412443304,0.16108721777796745,0.10344827586206896,0.006299166888769332,0.0008050844297485594,0.15108721777796746,0.034482758620689655,0.004347835095791981,0.0005482064305858134,0.12608721777796744,0.034482758620689655,0.0034857661302747397,0.00035236639993414543,0.10108721777796745,0.034482758620689655,0.0017616281992402572,8.999668345839567e-05,0.05108721777796746
2406,SAFE,30,3.0,2.0,20,0.10782371908426285,0.05365742743015289,0.0,0.0,0.0,0.21564743816852572,0.029943220171844587,0.0729122906923294,0.05988644034368917,0.8857087150483905,3,0.3998006550827995,0.6675979505750519,0.21047282963991165,0.021042139741199974,0.06904858257621527,0.011077517349469034,0.031046435236930847,19,0.06904858257621527,0.021042139741199974,0.7894736842105263,0.011930595067525772,0.00035284797280566766,0.059048582576215265,0.42105263157894735,0.00609207838504134,0.00017957483050210692,0.04904858257621526,0.21052631578947367,0.003258025867766456,9.017645595545349e-05,0.03904858257621527,0.05263157894736842,0.0015288727671692245,4.441158682564195e-05,0.029048582576215266,0.05263157894736842,0.0010025569776955401,1.9097289376994305e-05,0.019048582576215264,0.0,0.0,0.0,0.0,0.0,0.0,0.0,0.0,0.0,0.0,0.0,0.0
2406,SAFE,30,3.0,1.0,10,0.11171889975667,0.05365742743015289,0.0,0.0,0.0,0.11171889975667,0.03565964139997959,0.059100497514009476,0.03565964139997959,0.999999971957094,0,0.14272298850119114,0.40023673513134506,0.11571602523326874,0.01585810983346568,0.03464451804757118,0.01285733613702986,0.031046435236930847,9,0.03464451804757118,0.01585810983346568,0.7777777777777778,0.007011360625425975,0.00011082680777837505,0.02464451804757118,0.3333333333333333,0.0022504785574144785,2.6044546453504754e-05,0.014644518047571182,0.1111111111111111,0.0005160575608412426,2.396838654912715e-06,0.004644518047571183,0.0,0.0,0.0,0.0,0.0,0.0,0.0,0.0,0.0,0.0,0.0,0.0,0.0,0.0,0.0,0.0,0.0,0.0,0.0,0.0
2406,SAFE,30,3.0,0.5,5,0.07496805042028427,0.05365742743015289,0.0,0.0,0.0,0.03748402521014214,0.031120691820979117,0.04658005014061928,0.01556034591048956,0.9999999357340806,0,0.04875651374459267,0.3133382181326875,0.04270137846469879,0.012189128436148167,0.02135504223406315,0.010675344616174698,0.016376443207263947,4,0.02135504223406315,0.012189128436148167,0.75,0.004291252996772528,3.967125408041016e-05,0.011355042234063148,0.25,0.000338760558515787,4.5903486402371186e-07,0.001355042234063148,0.0,0.0,0.0,0.0,0.0,0.0,0.0,0.0,0.0,0.0,0.0,0.0,0.0,0.0,0.0,0.0,0.0,0.0,0.0,0.0,0.0,0.0,0.0,0.0
2408,FIXED_COLLISION,67,6.7,3.0,30,-0.03018949187050263,-0.1687111109495163,0.043011010996997355,0.1687111109495163,0.12903303299099209,0.03846455737948418,0.06742693186582377,0.331942617893219,0.2022807955974713,0.3358828939284861,3,1.693906451575458,0.8374034906270651,0.613804979249835,0.05841056729570545,0.39842982590198517,0.02116568893964948,0.06991799734532833,29,0.39842982590198517,0.05841056729570545,0.8620689655172413,0.04900863223933967,0.01008890676322274,0.38842982590198516,0.6206896551724138,0.04201151923115911,0.009181751476965906,0.37842982590198515,0.3793103448275862,0.03703661398930024,0.008395147871765908,0.36842982590198514,0.3793103448275862,0.033243510541024396,0.007692346626462664,0.3584298259019852,0.3448275862068966,0.029709499337357177,0.00706346071517966,0.3484298259019852,0.2413793103448276,0.022992494930352634,0.005757188893554393,0.32342982590198516,0.10344827586206896,0.01893697662343239,0.004721792712305155,0.2984298259019852,0.06896551724137931,0.01429150031301482,0.003078663509407968,0.24842982590198517
2408,FIXED_COLLISION,67,6.7,2.0,20,-0.029983280738815666,-0.1687111109495163,0.04811964542604983,0.1687111109495163,0.09623929085209966,0.03627272937446833,0.07934794626198709,0.331942617893219,0.1586958925239742,0.5950070580856119,2,1.477228996809572,0.9308552124484601,0.4972771927714348,0.07774889456892484,0.39842982590198517,0.026172483830075515,0.06991799734532833,19,0.39842982590198517,0.07774889456892484,0.8947368421052632,0.06817868702015593,0.01521338266023035,0.38842982590198516,0.6842105263157895,0.06065927581959649,0.013928541049224235,0.37842982590198515,0.47368421052631576,0.054676157815479916,0.012778252424440638,0.36842982590198514,0.47368421052631576,0.04993931571021676,0.011732097689183676,0.3584298259019852,0.47368421052631576,0.0452024736049536,0.01078067979603197,0.3484298259019852,0.3684210526315789,0.035093808051590854,0.0087872883112146,0.32342982590198516,0.15789473684210525,0.028903806425238914,0.007206946771413131,0.2984298259019852,0.10526315789473684,0.02181334258302262,0.004699012724885846,0.24842982590198517
2408,FIXED_COLLISION,67,6.7,1.0,10,-0.0013233416713774205,-0.06250247359275818,0.020357487816363574,0.06250247359275818,0.020357487816363574,0.019034146144986153,0.07669483385980129,0.2243718057870865,0.0766948338598013,0.9999999869613122,0,0.37460119649767876,0.48843080134725164,0.12940852344036102,0.04162235516640875,0.13471881300210953,0.01437872482670678,0.02074969094246626,9,0.13471881300210953,0.04162235516640875,0.7777777777777778,0.03252969478567441,0.0028137978113000625,0.12471881300210953,0.5555555555555556,0.02622243530220456,0.0022292683044662256,0.11471881300210952,0.3333333333333333,0.021651352014806537,0.0017522488416014694,0.10471881300210953,0.3333333333333333,0.0183180186814732,0.0013525551346386714,0.09471881300210952,0.3333333333333333,0.014984685348139867,0.0010195280943425407,0.08471881300210952,0.2222222222222222,0.008782525691721174,0.00043775004909831606,0.05971881300210953,0.1111111111111111,0.00385764588912328,0.00013393288625282768,0.03471881300210952,0.0,0.0,0.0,0.0
2408,FIXED_COLLISION,67,6.7,0.5,5,-0.04071497563272715,-0.06250247359275818,0.04071497563272715,0.06250247359275818,0.020357487816363574,0.0,0.11730007380247116,0.2243718057870865,0.05865003690123558,0.9999999829497126,0,0.30631592869758606,0.5222774607808615,0.05186650063842535,0.07657898217439651,0.13471881300210953,0.012966625159606338,0.02074969094246626,4,0.13471881300210953,0.07657898217439651,1.0,0.06657898217439652,0.006223978732702128,0.12471881300210953,1.0,0.05657898217439651,0.004992399089214197,0.11471881300210952,0.75,0.048715542033314706,0.003942559893603306,0.10471881300210953,0.75,0.0412155420333147,0.0030432490529370107,0.09471881300210952,0.75,0.0337155420333147,0.0022939382122707168,0.08471881300210952,0.5,0.019760682806372644,0.000984937610471211,0.05971881300210953,0.25,0.00867970325052738,0.0003013489940688623,0.03471881300210952,0.0,0.0,0.0,0.0
2451,SAFE,36,3.6,3.0,30,-0.06987818494283905,-0.17713874578475952,0.07894084062427283,0.17713874578475952,0.2368225218728185,0.027187967044301334,0.012255401040116945,0.03962485119700432,0.03676620312035084,0.4530595646606755,5,0.4313164264895022,1.1731328724543522,0.34179339930415154,0.014872980223775938,0.06937845051288605,0.011785979286350053,0.04821549355983734,29,0.06937845051288605,0.014872980223775938,0.4827586206896552,0.007531574630692344,0.0002492704985201966,0.059378450512886045,0.2413793103448276,0.004025221236756649,0.00013716066921163738,0.049378450512886043,0.10344827586206896,0.002466613228978782,7.428205113936742e-05,0.03937845051288605,0.06896551724137931,0.0014494945288732134,3.528587034068329e-05,0.029378450512886047,0.06896551724137931,0.0007598393564594201,1.3192531487356953e-05,0.019378450512886045,0.0,0.0,0.0,0.0,0.0,0.0,0.0,0.0,0.0,0.0,0.0,0.0
2451,SAFE,36,3.6,2.0,20,-0.032121348229702563,-0.12936949729919434,0.04571533175185323,0.12936949729919434,0.09143066350370646,0.027187967044301334,0.01165570137090981,0.03962485119700432,0.02331140274181962,0.2552184435455694,3,0.31835088273510337,1.365644412755788,0.1893060989677906,0.01675530961763702,0.06937845051288605,0.00996347889304161,0.030501145171001554,19,0.06937845051288605,0.01675530961763702,0.5263157894736842,0.008949621983705774,0.00031819785213557243,0.059378450512886045,0.2631578947368421,0.004713994860158939,0.0001862491311202932,0.049378450512886043,0.10526315789473684,0.003265017965122273,0.00010863142455927788,0.03937845051288605,0.10526315789473684,0.0022123863861749048,5.385738104630608e-05,0.029378450512886047,0.10526315789473684,0.001159754807227536,2.0135969112281664e-05,0.019378450512886045,0.0,0.0,0.0,0.0,0.0,0.0,0.0,0.0,0.0,0.0,0.0,0.0
2451,SAFE,36,3.6,1.0,10,0.024328962643630804,-0.028590044006705284,0.0028590044006705285,0.028590044006705284,0.0028590044006705285,0.027187967044301334,0.01642718424554914,0.03962485119700432,0.016427184245549144,0.07284212415222464,3,0.23260965617373586,1.4160043409552479,0.08852664567530155,0.025845517352637317,0.06937845051288605,0.009836293963922394,0.030501145171001554,9,0.06937845051288605,0.025845517352637317,0.7777777777777778,0.016994976833876636,0.0006583342310122393,0.059378450512886045,0.5555555555555556,0.009951766927002205,0.0003931926101428412,0.049378450512886043,0.2222222222222222,0.006892815704147021,0.00022933300740291996,0.03937845051288605,0.2222222222222222,0.0046705934819247985,0.00011369891554220172,0.029378450512886047,0.2222222222222222,0.002448371259702576,4.250926812592796e-05,0.019378450512886045,0.0,0.0,0.0,0.0,0.0,0.0,0.0,0.0,0.0,0.0,0.0,0.0
2451,SAFE,36,3.6,0.5,5,0.045418044179677965,0.03215496987104416,0.0,0.0,0.0,0.022709022089838982,0.02014734148979187,0.03962485119700432,0.010073670744895936,0.0408873732658674,2,0.16207767091691494,1.6089234890846573,0.02698862925171852,0.040519417729228735,0.06937845051288605,0.00674715731292963,0.01895841211080551,4,0.06937845051288605,0.040519417729228735,1.0,0.030519417729228733,0.0013880009753838615,0.059378450512886045,0.75,0.020937863402068612,0.000876912233674813,0.049378450512886043,0.5,0.015508835334330798,0.0005159992666565699,0.03937845051288605,0.5,0.010508835334330797,0.0002558225599699539,0.029378450512886047,0.5,0.005508835334330796,9.56458532833379e-05,0.019378450512886045,0.0,0.0,0.0,0.0,0.0,0.0,0.0,0.0,0.0,0.0,0.0,0.0
2460,NEW_COLLISION,41,4.1000000000000005,3.0,30,-0.3151485487818718,-0.4173767566680908,0.3151485487818718,0.4173767566680908,0.9454456463456155,0.0,0.32120073984066644,0.4222767651081085,0.9636022195219994,0.9999999989622272,0,0.30876292288303375,0.03204257071094873,0.5952718555927277,0.010646997340794268,0.07711493968963623,0.020526615710094058,0.11675003170967102,29,0.07711493968963623,0.010646997340794268,0.3103448275862069,0.005205447427157697,0.00023387143014819888,0.06711493968963624,0.10344827586206896,0.0035751411421545616,0.00014987076688240464,0.05711493968963623,0.10344827586206896,0.0025406583835338725,8.871277162552032e-05,0.04711493968963623,0.10344827586206896,0.0015061756249131826,4.824443154104976e-05,0.03711493968963623,0.034482758620689655,0.0009349979203322837,2.5352412219745172e-05,0.027114939689636228,0.034482758620689655,7.292895481504253e-05,1.5424034106202092e-07,0.0021149396896362332,0.0,0.0,0.0,0.0,0.0,0.0,0.0,0.0
2460,NEW_COLLISION,41,4.1000000000000005,2.0,20,-0.3664103925228119,-0.4173767566680908,0.3664103925228119,0.4173767566680908,0.7328207850456239,0.0,0.3439273670315742,0.4222767651081085,0.6878547340631486,0.9999999985462047,0,0.14773347973823547,0.02147742425945106,0.2786591053009033,0.0077754463020123935,0.04316869378089905,0.014666268700047544,0.11675003170967102,19,0.04316869378089905,0.0077754463020123935,0.2631578947368421,0.0023046644110428656,5.982570037756237e-05,0.033168693780899046,0.05263157894736842,0.001219404935836792,2.825201955331948e-05,0.023168693780899047,0.05263157894736842,0.0006930891463631079,9.127078731320489e-06,0.013168693780899049,0.05263157894736842,0.00016677335688942353,5.284536987951735e-07,0.003168693780899047,0.0,0.0,0.0,0.0,0.0,0.0,0.0,0.0,0.0,0.0,0.0,0.0,0.0,0.0,0.0,0.0
2460,NEW_COLLISION,41,4.1000000000000005,1.0,10,-0.3343843579292297,-0.4046476483345032,0.3343843579292297,0.4046476483345032,0.33438435792922977,0.0,0.3908843189477921,0.4222767651081085,0.3908843189477921,0.9999999974416983,0,0.09881827235221863,0.02528069490365261,0.19232481718063354,0.010979808039135404,0.04316869378089905,0.021369424131181505,0.11675003170967102,9,0.04316869378089905,0.010979808039135404,0.4444444444444444,0.004834270212385389,0.00012628997774153183,0.033168693780899046,0.1111111111111111,0.002574299308988783,5.964315239034113e-05,0.023168693780899047,0.1111111111111111,0.0014631881978776722,1.9268277321676588e-05,0.013168693780899049,0.1111111111111111,0.0003520770867665608,1.1156244752342553e-06,0.003168693780899047,0.0,0.0,0.0,0.0,0.0,0.0,0.0,0.0,0.0,0.0,0.0,0.0,0.0,0.0,0.0,0.0
2460,NEW_COLLISION,41,4.1000000000000005,0.5,5,-0.3491259515285492,-0.3583315908908844,0.3491259515285492,0.3583315908908844,0.1745629757642746,0.0,0.41259366273880005,0.4222767651081085,0.20629683136940002,0.9999999951526158,0,0.02957594394683838,0.01433659625654309,0.031119495630264282,0.007393985986709595,0.014094650745391846,0.0077798739075660706,0.01922917366027832,4,0.014094650745391846,0.007393985986709595,0.5,0.0017291259765625,6.182254997045788e-06,0.0040946507453918455,0.0,0.0,0.0,0.0,0.0,0.0,0.0,0.0,0.0,0.0,0.0,0.0,0.0,0.0,0.0,0.0,0.0,0.0,0.0,0.0,0.0,0.0,0.0,0.0,0.0,0.0,0.0,0.0
2473,NEW_COLLISION,27,2.7,2.0,20,0.008869107224745676,-0.04876095429062843,0.009940831037238241,0.04876095429062843,0.019881662074476482,0.03761987652396784,0.2302145829424262,0.5390765070915222,0.46042916588485244,0.1380815163502406,2,1.26948694139719,0.27571818483746774,0.30471540335565805,0.06681510217879948,0.24864766001701355,0.01603765280819253,0.07035234197974205,19,0.24864766001701355,0.06681510217879948,0.8421052631578947,0.05732111496360679,0.007155922799620059,0.23864766001701354,0.7894736842105263,0.04941580428888923,0.006088657221108439,0.22864766001701356,0.6842105263157895,0.041980816768972494,0.005177208675349501,0.21864766001701355,0.631578947368421,0.03519752290688063,0.004405947675764619,0.20864766001701354,0.5263157894736842,0.02978835725470593,0.003757171983153859,0.19864766001701356,0.2631578947368421,0.021338981429212967,0.002496999309539486,0.17364766001701354,0.2631578947368421,0.014760034060791918,0.0015945239222893634,0.14864766001701354,0.10526315789473684,0.00707379908938157,0.0005794603536313334,0.09864766001701356
2473,NEW_COLLISION,27,2.7,1.0,10,0.0006977003999054432,-0.04012300819158554,0.011742905247956514,0.04012300819158554,0.011742905247956514,0.012440605647861959,0.3096678465604782,0.5390765070915222,0.30966784656047824,0.5894611587944708,1,0.7884680479764938,0.2546173437726711,0.1780108055099845,0.0876075608862771,0.24864766001701355,0.019778978389998276,0.07035234197974205,9,0.24864766001701355,0.0876075608862771,0.7777777777777778,0.07848727458053165,0.012390210465746168,0.23864766001701354,0.7777777777777778,0.07070949680275387,0.010898242751913315,0.22864766001701356,0.6666666666666666,0.06332523206869761,0.009560436920995804,0.21864766001701355,0.6666666666666666,0.056658565402030944,0.008360598946288517,0.20864766001701354,0.5555555555555556,0.05109192762109968,0.007283203732969496,0.19864766001701356,0.4444444444444444,0.039740896556112494,0.005017863073127681,0.17364766001701354,0.4444444444444444,0.028629785445001388,0.0033085960230998333,0.14864766001701354,0.2222222222222222,0.014933575855361092,0.0012233051909994817,0.09864766001701356
2473,NEW_COLLISION,27,2.7,0.5,5,-0.01974931452423334,-0.04012300819158554,0.01974931452423334,0.04012300819158554,0.00987465726211667,0.0,0.4420932292938232,0.5390765070915222,0.22104661464691164,0.9999999954760674,0,0.2039600908756256,0.09227017128433257,0.03910672012716532,0.0509900227189064,0.10630619525909424,0.00977668003179133,0.02156878635287285,4,0.10630619525909424,0.0509900227189064,0.75,0.04214130371809006,0.00298957061254385,0.09630619525909424,0.75,0.03464130371809006,0.0022217445381820483,0.08630619525909423,0.75,0.027141303718090058,0.0016039184638202476,0.07630619525909424,0.75,0.019641303718090055,0.0011360923894584462,0.06630619525909423,0.5,0.014616368710994719,0.0007937625282202365,0.056306195259094236,0.25,0.00782654881477356,0.0002450194654001337,0.03130619525909424,0.25,0.0015765488147735582,9.942024661455645e-06,0.006306195259094233,0.0,0.0,0.0,0.0
2504,SAFE,41,4.1000000000000005,3.0,30,-0.03354983256043245,-0.08717361837625504,0.0364692651744311,0.08717361837625504,0.10940779552329333,0.008758297841995956,0.01882609543390572,0.05810770392417908,0.05647828630171717,0.9912361219900556,0,0.1048432239331305,0.18563456673719433,0.10413066204637289,0.003615283583901052,0.015642903745174408,0.0035907124843576857,0.006811692146584392,29,0.015642903745174408,0.003615283583901052,0.10344827586206896,0.00036211726994350035,1.5100557392542448e-06,0.005642903745174408,0.0,0.0,0.0,0.0,0.0,0.0,0.0,0.0,0.0,0.0,0.0,0.0,0.0,0.0,0.0,0.0,0.0,0.0,0.0,0.0,0.0,0.0,0.0,0.0,0.0,0.0,0.0,0.0
2504,SAFE,41,4.1000000000000005,2.0,20,-0.054006687458604576,-0.08717361837625504,0.054006687458604576,0.08717361837625504,0.10801337491720915,0.0,0.016747627686709166,0.026249723508954048,0.03349525537341833,0.9999999701450263,0,0.03442855644971132,0.10278636492847881,0.07073130458593369,0.0018120292868269118,0.005640925839543343,0.003722700241364931,0.005895428359508514,19,0.005640925839543343,0.0018120292868269118,0.0,0.0,0.0,0.0,0.0,0.0,0.0,0.0,0.0,0.0,0.0,0.0,0.0,0.0,0.0,0.0,0.0,0.0,0.0,0.0,0.0,0.0,0.0,0.0,0.0,0.0,0.0,0.0,0.0,0.0,0.0,0.0
2504,SAFE,41,4.1000000000000005,1.0,10,-0.07007671855390071,-0.08717361837625504,0.07007671855390071,0.08717361837625504,0.07007671855390073,0.0,0.02422376498579979,0.026249723508954048,0.02422376498579979,0.9999999587182273,0,0.013070691376924515,0.053958130971817855,0.02963431552052498,0.0014522990418805017,0.004882181063294411,0.0032927017245027754,0.005447320640087128,9,0.004882181063294411,0.0014522990418805017,0.0,0.0,0.0,0.0,0.0,0.0,0.0,0.0,0.0,0.0,0.0,0.0,0.0,0.0,0.0,0.0,0.0,0.0,0.0,0.0,0.0,0.0,0.0,0.0,0.0,0.0,0.0,0.0,0.0,0.0,0.0,0.0
2504,SAFE,41,4.1000000000000005,0.5,5,-0.07937513440847396,-0.08717361837625504,0.07937513440847396,0.08717361837625504,0.03968756720423699,0.0,0.023660677671432494,0.02535003051161766,0.011830338835716249,0.9999999154715745,0,0.003982488065958023,0.03366334459754689,0.015521876513957977,0.0009956220164895058,0.0015064030885696411,0.0038804691284894943,0.0039440542459487915,4,0.0015064030885696411,0.0009956220164895058,0.0,0.0,0.0,0.0,0.0,0.0,0.0,0.0,0.0,0.0,0.0,0.0,0.0,0.0,0.0,0.0,0.0,0.0,0.0,0.0,0.0,0.0,0.0,0.0,0.0,0.0,0.0,0.0,0.0,0.0,0.0,0.0
2513,FIXED_COLLISION,72,7.2,3.0,30,-0.07208744523425897,-0.10595658421516418,0.07208744523425897,0.10595658421516418,0.21626233570277692,0.0,0.04897519114116828,0.051148489117622375,0.14692557342350485,0.999999993193833,0,0.01886434480547905,0.01283938815927554,0.06074494495987892,0.0006504946484647948,0.0024790428578853607,0.0020946532744785837,0.005891777575016022,29,0.0024790428578853607,0.0006504946484647948,0.0,0.0,0.0,0.0,0.0,0.0,0.0,0.0,0.0,0.0,0.0,0.0,0.0,0.0,0.0,0.0,0.0,0.0,0.0,0.0,0.0,0.0,0.0,0.0,0.0,0.0,0.0,0.0,0.0,0.0,0.0,0.0
2513,FIXED_COLLISION,72,7.2,2.0,20,-0.06393772829324007,-0.08007167279720306,0.06393772829324007,0.08007167279720306,0.12787545658648014,0.0,0.04968237578868866,0.051148489117622375,0.09936475157737733,0.9999999899360691,0,0.01162581518292427,0.011700140020849964,0.03485334292054176,0.0006118850096275932,0.0014888271689414978,0.001834386469502198,0.00451013445854187,19,0.0014888271689414978,0.0006118850096275932,0.0,0.0,0.0,0.0,0.0,0.0,0.0,0.0,0.0,0.0,0.0,0.0,0.0,0.0,0.0,0.0,0.0,0.0,0.0,0.0,0.0,0.0,0.0,0.0,0.0,0.0,0.0,0.0,0.0,0.0,0.0,0.0
2513,FIXED_COLLISION,72,7.2,1.0,10,-0.055237333104014394,-0.06556617468595505,0.055237333104014394,0.06556617468595505,0.0552373331040144,0.0,0.049845658242702484,0.051148489117622375,0.049845658242702484,0.9999999799380725,0,0.004665061831474304,0.009359013206666095,0.020347844809293747,0.0005183402034971449,0.0008360967040061951,0.002260871645477083,0.00451013445854187,9,0.0008360967040061951,0.0005183402034971449,0.0,0.0,0.0,0.0,0.0,0.0,0.0,0.0,0.0,0.0,0.0,0.0,0.0,0.0,0.0,0.0,0.0,0.0,0.0,0.0,0.0,0.0,0.0,0.0,0.0,0.0,0.0,0.0,0.0,0.0,0.0,0.0
2513,FIXED_COLLISION,72,7.2,0.5,5,-0.05101694539189339,-0.05355513468384743,0.05101694539189339,0.05355513468384743,0.025508472695946693,0.0,0.05067328661680222,0.051148489117622375,0.02533664330840111,0.9999999605314742,0,0.0018444880843162537,0.00727992255748193,0.006594017148017883,0.0004611220210790634,0.0006650984287261963,0.0016485042870044708,0.0029744021594524384,4,0.0006650984287261963,0.0004611220210790634,0.0,0.0,0.0,0.0,0.0,0.0,0.0,0.0,0.0,0.0,0.0,0.0,0.0,0.0,0.0,0.0,0.0,0.0,0.0,0.0,0.0,0.0,0.0,0.0,0.0,0.0,0.0,0.0,0.0,0.0,0.0,0.0
2573,SAFE,27,2.7,2.0,20,-0.01781252062646672,-0.06329736113548279,0.02960380947915837,0.06329736113548279,0.05920761895831675,0.0235825777053833,0.05564234312623739,0.06442718952894211,0.11128468625247478,0.9999999910140378,0,0.05033034831285477,0.04522666105775079,0.13441603630781174,0.0026489657006765668,0.008296143263578415,0.007074528226726933,0.014378104358911514,19,0.008296143263578415,0.0026489657006765668,0.0,0.0,0.0,0.0,0.0,0.0,0.0,0.0,0.0,0.0,0.0,0.0,0.0,0.0,0.0,0.0,0.0,0.0,0.0,0.0,0.0,0.0,0.0,0.0,0.0,0.0,0.0,0.0,0.0,0.0,0.0,0.0
2573,SAFE,27,2.7,1.0,10,-0.05240352563560009,-0.06329736113548279,0.05240352563560009,0.06329736113548279,0.05240352563560009,0.0,0.05799371786415577,0.06442718952894211,0.057993717864155775,0.9999999827567533,0,0.027460407465696335,0.047350657973873805,0.028199870139360428,0.0030511563850773703,0.008296143263578415,0.003133318904373381,0.006450667977333069,9,0.008296143263578415,0.0030511563850773703,0.0,0.0,0.0,0.0,0.0,0.0,0.0,0.0,0.0,0.0,0.0,0.0,0.0,0.0,0.0,0.0,0.0,0.0,0.0,0.0,0.0,0.0,0.0,0.0,0.0,0.0,0.0,0.0,0.0,0.0,0.0,0.0
2573,SAFE,27,2.7,0.5,5,-0.061042091250419615,-0.06329736113548279,0.061042091250419615,0.06329736113548279,0.03052104562520981,0.0,0.057995226979255673,0.06442718952894211,0.02899761348962784,0.9999999655144046,0,0.017271146178245544,0.05956057586882971,0.006950099021196365,0.004317786544561386,0.008088264614343643,0.0017375247552990913,0.0049434565007686615,4,0.008088264614343643,0.004317786544561386,0.0,0.0,0.0,0.0,0.0,0.0,0.0,0.0,0.0,0.0,0.0,0.0,0.0,0.0,0.0,0.0,0.0,0.0,0.0,0.0,0.0,0.0,0.0,0.0,0.0,0.0,0.0,0.0,0.0,0.0,0.0,0.0
2611,NEW_COLLISION,78,7.800000000000001,3.0,30,0.0076072321428606905,-0.32020309567451477,0.05207568692664306,0.32020309567451477,0.15622706077992918,0.17904875720851124,0.06012753959900389,0.19241167604923248,0.18038261879701167,0.12666433221471007,1,0.42635080218315125,0.23635913629757274,0.4449031203985214,0.01470175179941901,0.09910950809717178,0.015341486910293842,0.054867617785930634,29,0.09910950809717178,0.01470175179941901,0.3103448275862069,0.008517536682815387,0.0005374578508641099,0.08910950809717179,0.1724137931034483,0.0064310272063674585,0.0003901815417255641,0.07910950809717178,0.10344827586206896,0.004935365678935216,0.0002773952150051898,0.06910950809717178,0.10344827586206896,0.003900882920314526,0.00018903272901269236,0.05910950809717178,0.10344827586206896,0.0028664001616938357,0.00012135989819260874,0.04910950809717178,0.06896551724137931,0.0011166639369109583,2.2404250164556745e-05,0.024109508097171786,0.0,0.0,0.0,0.0,0.0,0.0,0.0,0.0
2611,NEW_COLLISION,78,7.800000000000001,2.0,20,-0.04779051265213639,-0.32020309567451477,0.07811353038996457,0.32020309567451477,0.15622706077992918,0.06064603547565639,0.051725168770644814,0.19241167604923248,0.10345033754128963,0.5228038683934054,1,0.4031825065612793,0.3897353186527844,0.4236277639865875,0.02122013192427786,0.09910950809717178,0.022296198104557238,0.054867617785930634,19,0.09910950809717178,0.02122013192427786,0.47368421052631576,0.013000450726402435,0.0008203304039504836,0.08910950809717179,0.2631578947368421,0.009815778367613489,0.0005955402478969137,0.07910950809717178,0.15789473684210525,0.007532926562585329,0.0004233926965868686,0.06910950809717178,0.15789473684210525,0.0059539791941642765,0.0002885236390193726,0.05910950809717178,0.15789473684210525,0.004375031825743223,0.00018523352882029756,0.04910950809717178,0.10526315789473684,0.0017043817984430415,3.419596077748135e-05,0.024109508097171786,0.0,0.0,0.0,0.0,0.0,0.0,0.0,0.0
2611,NEW_COLLISION,78,7.800000000000001,1.0,10,-0.15622706077992915,-0.32020309567451477,0.15622706077992915,0.32020309567451477,0.15622706077992918,0.0,0.07894556298851967,0.19241167604923248,0.07894556298851968,0.9707965773225204,0,0.3271941172424704,0.41445535469231837,0.31532073952257633,0.036354901915830046,0.09910950809717178,0.0350356377247307,0.054867617785930634,9,0.09910950809717178,0.036354901915830046,0.7777777777777778,0.027236809573239748,0.001731604816397924,0.08910950809717179,0.5555555555555556,0.020722198776072922,0.00125725163444904,0.07910950809717178,0.3333333333333333,0.015902844965457918,0.0008938290261278338,0.06910950809717178,0.3333333333333333,0.012569511632124584,0.0006091054601520087,0.05910950809717178,0.3333333333333333,0.009236178298791248,0.0003910485608428504,0.04910950809717178,0.2222222222222222,0.0035981393522686433,7.219147275246062e-05,0.024109508097171786,0.0,0.0,0.0,0.0,0.0,0.0,0.0,0.0
2611,NEW_COLLISION,78,7.800000000000001,0.5,5,-0.2634672909975052,-0.32020309567451477,0.2634672909975052,0.32020309567451477,0.1317336454987526,0.0,0.14687531292438508,0.19241167604923248,0.07343765646219254,0.9999999863830078,0,0.18876683712005615,0.25704365259368167,0.1405484974384308,0.04719170928001404,0.09910950809717178,0.0351371243596077,0.05354095995426178,4,0.09910950809717178,0.04719170928001404,1.0,0.037191709280014036,0.002453481658268578,0.08910950809717179,0.75,0.028367091566324235,0.00180412137859241,0.07910950809717178,0.5,0.02246296465396881,0.0013015923036184525,0.06910950809717178,0.5,0.01746296465396881,0.0009023330105390763,0.05910950809717178,0.5,0.01246296465396881,0.0006030737174597,0.04910950809717178,0.25,0.0060273770242929466,0.00014531709517189798,0.024109508097171786,0.0,0.0,0.0,0.0,0.0,0.0,0.0,0.0
2626,SAFE,78,7.800000000000001,3.0,30,0.09553264255324999,0.07202687114477158,0.0,0.0,0.0,0.28659792765975,0.09685336748758952,0.11902020871639252,0.2905601024627686,0.9999999965583712,0,0.040170587599277496,0.013825224840073348,0.048299096524715424,0.001385192675837155,0.003773711621761322,0.0016654860870591525,0.002746589481830597,29,0.003773711621761322,0.001385192675837155,0.0,0.0,0.0,0.0,0.0,0.0,0.0,0.0,0.0,0.0,0.0,0.0,0.0,0.0,0.0,0.0,0.0,0.0,0.0,0.0,0.0,0.0,0.0,0.0,0.0,0.0,0.0,0.0,0.0,0.0,0.0,0.0
2626,SAFE,78,7.800000000000001,2.0,20,0.08756859861314296,0.07202687114477158,0.0,0.0,0.0,0.17513719722628596,0.1044715080410242,0.11902020871639252,0.20894301608204843,0.9999999952140062,0,0.03323424607515335,0.015905889815931405,0.028344906866550446,0.0017491708460607026,0.003773711621761322,0.001491837203502655,0.002746589481830597,19,0.003773711621761322,0.0017491708460607026,0.0,0.0,0.0,0.0,0.0,0.0,0.0,0.0,0.0,0.0,0.0,0.0,0.0,0.0,0.0,0.0,0.0,0.0,0.0,0.0,0.0,0.0,0.0,0.0,0.0,0.0,0.0,0.0,0.0,0.0,0.0,0.0
2626,SAFE,78,7.800000000000001,1.0,10,0.08145905286073685,0.07202687114477158,0.0,0.0,0.0,0.08145905286073685,0.11311193257570266,0.11902020871639252,0.11311193257570268,0.9999999911591999,0,0.011726371943950653,0.010367051091123396,0.016148380935192108,0.001302930215994517,0.002198643982410431,0.0017942645483546788,0.002746589481830597,9,0.002198643982410431,0.001302930215994517,0.0,0.0,0.0,0.0,0.0,0.0,0.0,0.0,0.0,0.0,0.0,0.0,0.0,0.0,0.0,0.0,0.0,0.0,0.0,0.0,0.0,0.0,0.0,0.0,0.0,0.0,0.0,0.0,0.0,0.0,0.0,0.0
2626,SAFE,78,7.800000000000001,0.5,5,0.0768404558300972,0.07202687114477158,0.0,0.0,0.0,0.0384202279150486,0.11638793200254441,0.11902020871639252,0.058193966001272204,0.999999982816088,0,0.00537380576133728,0.009234300458017927,0.009458139538764954,0.00134345144033432,0.001598060131072998,0.0023645348846912384,0.002746589481830597,4,0.001598060131072998,0.00134345144033432,0.0,0.0,0.0,0.0,0.0,0.0,0.0,0.0,0.0,0.0,0.0,0.0,0.0,0.0,0.0,0.0,0.0,0.0,0.0,0.0,0.0,0.0,0.0,0.0,0.0,0.0,0.0,0.0,0.0,0.0,0.0,0.0
2644,FIXED_COLLISION,40,4.0,3.0,30,-0.008065081853419542,-0.03309815376996994,0.013152255692208807,0.03309815376996994,0.039456767076626424,0.015261521516367794,0.13468280558784804,0.15087544918060303,0.4040484167635441,0.9999999975250491,0,0.10062511265277863,0.024904221432112163,0.1279346290975809,0.0034698314707854697,0.017737455666065216,0.004411538934399341,0.020056347828358412,29,0.017737455666065216,0.0034698314707854697,0.034482758620689655,0.00026680881607121435,2.0644213856663693e-06,0.007737455666065216,0.0,0.0,0.0,0.0,0.0,0.0,0.0,0.0,0.0,0.0,0.0,0.0,0.0,0.0,0.0,0.0,0.0,0.0,0.0,0.0,0.0,0.0,0.0,0.0,0.0,0.0,0.0,0.0
2644,FIXED_COLLISION,40,4.0,2.0,20,-0.017533662193454803,-0.03309815376996994,0.018669353052973747,0.03309815376996994,0.03733870610594749,0.0022713817190378907,0.14102318324148655,0.15087544918060303,0.2820463664829731,0.9999999964544837,0,0.060948923230171204,0.021609540223506207,0.06878677010536194,0.003207838064745853,0.017737455666065216,0.003620356321334839,0.012039028108119965,19,0.017737455666065216,0.003207838064745853,0.05263157894736842,0.00040723450874027454,3.150958957069722e-06,0.007737455666065216,0.0,0.0,0.0,0.0,0.0,0.0,0.0,0.0,0.0,0.0,0.0,0.0,0.0,0.0,0.0,0.0,0.0,0.0,0.0,0.0,0.0,0.0,0.0,0.0,0.0,0.0,0.0,0.0
2644,FIXED_COLLISION,40,4.0,1.0,10,-0.024045649357140063,-0.027280112728476524,0.024045649357140063,0.027280112728476524,0.024045649357140066,0.0,0.1349337838590145,0.1424388587474823,0.13493378385901453,0.9999999925889577,0,0.03911285102367401,0.02898669970944716,0.01959339529275894,0.004345872335963779,0.017737455666065216,0.00217704392141766,0.0055915676057338715,9,0.017737455666065216,0.004345872335963779,0.1111111111111111,0.0008597172962294684,6.652024464924968e-06,0.007737455666065216,0.0,0.0,0.0,0.0,0.0,0.0,0.0,0.0,0.0,0.0,0.0,0.0,0.0,0.0,0.0,0.0,0.0,0.0,0.0,0.0,0.0,0.0,0.0,0.0,0.0,0.0,0.0,0.0
2644,FIXED_COLLISION,40,4.0,0.5,5,-0.024395562708377838,-0.02614305168390274,0.024395562708377838,0.02614305168390274,0.012197781354188919,0.0,0.1383575975894928,0.14025703072547913,0.06917879879474641,0.9999999855447044,0,0.007914096117019653,0.011440059874558083,0.00520806759595871,0.0019785240292549133,0.004392534494400024,0.0013020168989896774,0.002635739743709564,4,0.004392534494400024,0.0019785240292549133,0.0,0.0,0.0,0.0,0.0,0.0,0.0,0.0,0.0,0.0,0.0,0.0,0.0,0.0,0.0,0.0,0.0,0.0,0.0,0.0,0.0,0.0,0.0,0.0,0.0,0.0,0.0,0.0,0.0,0.0,0.0,0.0
2667,FIXED_COLLISION,47,4.7,3.0,30,-0.07870938933144013,-0.29373353719711304,0.10135103013987343,0.29373353719711304,0.3040530904196203,0.06792492242529989,0.1773182351142168,0.31053856015205383,0.5319547053426504,0.3333451250947849,2,0.9614676665514708,0.18074239311873974,1.3410563236102462,0.033154057467292095,0.12266946025192738,0.046243321503801595,0.32311131060123444,29,0.12266946025192738,0.033154057467292095,0.7586206896551724,0.024789412111557763,0.00132204649562036,0.11266946025192738,0.6551724137931034,0.017825480707246683,0.0008973020939036632,0.10266946025192737,0.4482758620689655,0.012664928731733355,0.0005954544454770667,0.09266946025192738,0.3448275862068966,0.008395655543125909,0.00038595910940714926,0.08266946025192737,0.3103448275862069,0.005062769751610427,0.00025214262598223297,0.07266946025192737,0.06896551724137931,0.002253286746041528,8.913149324967602e-05,0.04766946025192738,0.034482758620689655,0.00078170552592853,1.7720842348748794e-05,0.02266946025192737,0.0,0.0,0.0,0.0
2667,FIXED_COLLISION,47,4.7,2.0,20,-0.015078204963356257,-0.18297381699085236,0.04088636259548366,0.18297381699085236,0.08177272519096733,0.05161631526425481,0.1763429339043796,0.3062049448490143,0.3526858678087592,0.005067452847855913,1,0.5812840610742569,0.164816374139859,0.8153251921758056,0.030593897951276677,0.12266946025192738,0.042911852219779244,0.15039104409515858,19,0.12266946025192738,0.030593897951276677,0.6842105263157895,0.022589632696227026,0.001407994654401408,0.11266946025192738,0.5789473684210527,0.016595038473606112,0.0010174676694322876,0.10266946025192737,0.3684210526315789,0.012323016838023537,0.0007315291216780411,0.09266946025192738,0.2631578947368421,0.00867977401143626,0.0005218893714854154,0.08266946025192737,0.21052631578947367,0.006224316750702104,0.0003740203226088194,0.07266946025192737,0.10526315789473684,0.0034392271386949644,0.0001360428054863476,0.04766946025192738,0.05263157894736842,0.0011931294869435458,2.704760147966921e-05,0.02266946025192737,0.0,0.0,0.0,0.0
2667,FIXED_COLLISION,47,4.7,1.0,10,0.022057121619582176,-0.02608957700431347,0.004984365124255419,0.02608957700431347,0.0049843651242554195,0.027041486743837596,0.15910603404045104,0.1973155289888382,0.15910603404045107,0.9999999937148834,0,0.10648884624242783,0.06692948272851759,0.22427584137767553,0.011832094026936425,0.03938068449497223,0.024919537930852838,0.06832191534340382,9,0.03938068449497223,0.011832094026936425,0.4444444444444444,0.004948976039886473,0.0001115526218547212,0.029380684494972227,0.2222222222222222,0.0022937215699089897,4.1911735518434135e-05,0.01938068449497223,0.1111111111111111,0.0010422982772191366,9.777471288245822e-06,0.00938068449497223,0.0,0.0,0.0,0.0,0.0,0.0,0.0,0.0,0.0,0.0,0.0,0.0,0.0,0.0,0.0,0.0,0.0,0.0,0.0,0.0
2667,FIXED_COLLISION,47,4.7,0.5,5,-0.0021802175790071486,-0.02608957700431347,0.008901218324899674,0.02608957700431347,0.004450609162449837,0.0033605003729462626,0.18837446570396424,0.1973155289888382,0.09418723285198212,0.9999999893828498,0,0.03441818058490753,0.0365422989690903,0.0738050090149045,0.008604545146226883,0.013723984360694885,0.018451252253726125,0.04084116220474243,4,0.013723984360694885,0.008604545146226883,0.5,0.0009743225574493407,3.474523610741364e-06,0.003723984360694885,0.0,0.0,0.0,0.0,0.0,0.0,0.0,0.0,0.0,0.0,0.0,0.0,0.0,0.0,0.0,0.0,0.0,0.0,0.0,0.0,0.0,0.0,0.0,0.0,0.0,0.0,0.0,0.0
2689,NEW_COLLISION,66,6.6000000000000005,3.0,30,-0.08695211994151274,-0.11973980069160461,0.08695211994151274,0.11973980069160461,0.26085635982453825,0.0,0.04150034838045637,0.1900917887687683,0.12450104514136912,0.1416676686495283,2,0.6704261275008321,0.5384903567312784,0.22351565584540367,0.023118142327614898,0.1393660344183445,0.007707436408462195,0.03746332973241806,29,0.1393660344183445,0.023118142327614898,0.5862068965517241,0.015131018322667684,0.0012015740105569218,0.1293660344183445,0.27586206896551724,0.011344072149167286,0.0009413975098000251,0.1193660344183445,0.1724137931034483,0.008988527682256595,0.0007402466266426867,0.1093660344183445,0.13793103448275862,0.007269968621047405,0.0005777165497180321,0.09936603441834449,0.10344827586206896,0.0062258359783425405,0.00044285230207735215,0.0893660344183445,0.10344827586206896,0.0036396290817908173,0.00019621567557401824,0.0643660344183445,0.06896551724137931,0.001850198800193852,6.047865764824626e-05,0.03936603441834449,0.0,0.0,0.0,0.0
2689,NEW_COLLISION,66,6.6000000000000005,2.0,20,-0.08958806209266186,-0.11973980069160461,0.08958806209266186,0.11973980069160461,0.17917612418532372,0.0,0.04839676123810932,0.1900917887687683,0.09679352247621864,0.07342885848418032,1,0.4008610649034381,0.4141403789293054,0.1725679561495781,0.02109795078439148,0.11428973078727722,0.00908252400787253,0.03746332973241806,19,0.11428973078727722,0.02109795078439148,0.6842105263157895,0.012796853565071759,0.0008560396869221321,0.10428973078727723,0.2631578947368421,0.008920736762842066,0.00064460267082378,0.09428973078727722,0.10526315789473684,0.006904379418609958,0.0004896714216171605,0.08428973078727722,0.10526315789473684,0.005851747839662589,0.00036211014903443487,0.07428973078727721,0.10526315789473684,0.004799116260715221,0.00025560150803065676,0.06428973078727722,0.10526315789473684,0.0021675373133468005,8.143516867910631e-05,0.039289730787277224,0.05263157894736842,0.0007520910940672219,1.0747179261729386e-05,0.014289730787277216,0.0,0.0,0.0,0.0
2689,NEW_COLLISION,66,6.6000000000000005,1.0,10,-0.09799196645617485,-0.11973980069160461,0.09799196645617485,0.11973980069160461,0.09799196645617486,0.0,0.04599163644015789,0.07230489701032639,0.04599163644015789,0.9999999782569168,0,0.10387657955288887,0.22585971131827626,0.09794041514396667,0.011541842172543207,0.02627633884549141,0.01088226834932963,0.019563667476177216,9,0.02627633884549141,0.011541842172543207,0.5555555555555556,0.003291783316267861,3.902576698143842e-05,0.016276338845491407,0.1111111111111111,0.0006973709828323787,4.376936589269381e-06,0.006276338845491409,0.0,0.0,0.0,0.0,0.0,0.0,0.0,0.0,0.0,0.0,0.0,0.0,0.0,0.0,0.0,0.0,0.0,0.0,0.0,0.0,0.0,0.0,0.0,0.0
2689,NEW_COLLISION,66,6.6000000000000005,0.5,5,-0.09932356178760529,-0.11781224608421326,0.09932356178760529,0.11781224608421326,0.049661780893802646,0.0,0.035806887596845624,0.055910754948854446,0.017903443798422815,0.9999999441448274,0,0.04228649288415909,0.23619193602274952,0.04899413138628006,0.010571623221039772,0.02627633884549141,0.012248532846570015,0.019563667476177216,4,0.02627633884549141,0.010571623221039772,0.25,0.004069084711372852,6.622980155331314e-05,0.016276338845491407,0.25,0.0015690847113728522,9.848107325856108e-06,0.006276338845491409,0.0,0.0,0.0,0.0,0.0,0.0,0.0,0.0,0.0,0.0,0.0,0.0,0.0,0.0,0.0,0.0,0.0,0.0,0.0,0.0,0.0,0.0,0.0,0.0
2721,SAFE,66,6.6000000000000005,3.0,30,-0.1223232701420784,-0.13669413328170776,0.1223232701420784,0.13669413328170776,0.3669698104262352,0.0,0.0045325381186557935,0.021811168640851974,0.013597614355967381,0.3335267286991951,0,0.1420671577216126,1.0447946496682283,0.04393218457698822,0.0048988675076418135,0.0267559215426445,0.0015149029164478697,0.007183969020843506,29,0.0267559215426445,0.0048988675076418135,0.13793103448275862,0.0008333270212009164,1.1093742444687686e-05,0.0167559215426445,0.034482758620689655,0.0002329628118153276,1.5738784789782086e-06,0.0067559215426445,0.0,0.0,0.0,0.0,0.0,0.0,0.0,0.0,0.0,0.0,0.0,0.0,0.0,0.0,0.0,0.0,0.0,0.0,0.0,0.0,0.0,0.0,0.0,0.0
2721,SAFE,66,6.6000000000000005,2.0,20,-0.115980014950037,-0.13047082722187042,0.115980014950037,0.13047082722187042,0.23196002990007403,0.0,0.005257534995325841,0.021811168640851974,0.010515069990651682,0.5856080825169035,0,0.08545618352945894,0.8127019171381049,0.03568631410598755,0.004497693869971523,0.0267559215426445,0.001878227058209871,0.007183969020843506,19,0.0267559215426445,0.004497693869971523,0.10526315789473684,0.0012152320224987831,1.6888103308610623e-05,0.0167559215426445,0.05263157894736842,0.0003555748180339211,2.4022355731772656e-06,0.0067559215426445,0.0,0.0,0.0,0.0,0.0,0.0,0.0,0.0,0.0,0.0,0.0,0.0,0.0,0.0,0.0,0.0,0.0,0.0,0.0,0.0,0.0,0.0,0.0,0.0
2721,SAFE,66,6.6000000000000005,1.0,10,-0.10607025846838951,-0.11819256097078323,0.10607025846838951,0.11819256097078323,0.10607025846838952,0.0,0.008585663116537034,0.021811168640851974,0.008585663116537036,0.6343728624849078,0,0.06727773416787386,0.7836054759967694,0.02240797132253647,0.0074753037964304285,0.0267559215426445,0.002489774591392941,0.007183969020843506,9,0.0267559215426445,0.0074753037964304285,0.2222222222222222,0.0025654898252752086,3.5652662540400205e-05,0.0167559215426445,0.1111111111111111,0.0007506579491827223,5.071386210040894e-06,0.0067559215426445,0.0,0.0,0.0,0.0,0.0,0.0,0.0,0.0,0.0,0.0,0.0,0.0,0.0,0.0,0.0,0.0,0.0,0.0,0.0,0.0,0.0,0.0,0.0,0.0
2721,SAFE,66,6.6000000000000005,0.5,5,-0.09846022427082061,-0.10227533429861069,0.09846022427082061,0.10227533429861069,0.049230112135410314,0.0,0.013331557624042034,0.021811168640851974,0.006665778812021017,0.9592519258780515,0,0.02438639383763075,0.3658445752086277,0.006490744650363922,0.006096598459407687,0.016333486884832382,0.0016226861625909805,0.002697102725505829,4,0.016333486884832382,0.006096598459407687,0.25,0.0015833717212080955,1.0028264030085948e-05,0.006333486884832382,0.0,0.0,0.0,0.0,0.0,0.0,0.0,0.0,0.0,0.0,0.0,0.0,0.0,0.0,0.0,0.0,0.0,0.0,0.0,0.0,0.0,0.0,0.0,0.0,0.0,0.0,0.0,0.0
2773,SAFE,75,7.5,3.0,30,-0.01719757548222939,-0.01865486055612564,0.01719757548222939,0.01865486055612564,0.05159272644668818,0.0,0.0637954019010067,0.06701990216970444,0.19138620570302012,0.999999994774963,0,0.009030833840370178,0.004718644042296947,0.007760178297758102,0.0003114080634610406,0.0012919828295707703,0.000267592355095107,0.0007055550813674927,29,0.0012919828295707703,0.0003114080634610406,0.0,0.0,0.0,0.0,0.0,0.0,0.0,0.0,0.0,0.0,0.0,0.0,0.0,0.0,0.0,0.0,0.0,0.0,0.0,0.0,0.0,0.0,0.0,0.0,0.0,0.0,0.0,0.0,0.0,0.0,0.0,0.0
2773,SAFE,75,7.5,2.0,20,-0.017062786594033243,-0.01865486055612564,0.017062786594033243,0.01865486055612564,0.034125573188066485,0.0,0.06411308012902736,0.06701990216970444,0.12822616025805475,0.9999999922012794,0,0.005548261106014252,0.004326933795396397,0.005200663581490517,0.00029201374242180273,0.0007751286029815674,0.0002737191358679219,0.0006418842822313309,19,0.0007751286029815674,0.00029201374242180273,0.0,0.0,0.0,0.0,0.0,0.0,0.0,0.0,0.0,0.0,0.0,0.0,0.0,0.0,0.0,0.0,0.0,0.0,0.0,0.0,0.0,0.0,0.0,0.0,0.0,0.0,0.0,0.0,0.0,0.0,0.0,0.0
2773,SAFE,75,7.5,1.0,10,-0.017147804237902166,-0.01865486055612564,0.017147804237902166,0.01865486055612564,0.017147804237902166,0.0,0.06452431455254555,0.06701990216970444,0.06452431455254555,0.9999999845019665,0,0.004176408052444458,0.0064726111647684026,0.0030743610113859177,0.0004640453391604953,0.0007751286029815674,0.00034159566793176864,0.0006418842822313309,9,0.0007751286029815674,0.0004640453391604953,0.0,0.0,0.0,0.0,0.0,0.0,0.0,0.0,0.0,0.0,0.0,0.0,0.0,0.0,0.0,0.0,0.0,0.0,0.0,0.0,0.0,0.0,0.0,0.0,0.0,0.0,0.0,0.0,0.0,0.0,0.0,0.0
2773,SAFE,75,7.5,0.5,5,-0.017982983961701393,-0.01865486055612564,0.017982983961701393,0.01865486055612564,0.008991491980850697,0.0,0.06585972160100936,0.06701990216970444,0.03292986080050469,0.9999999696324264,0,0.0025012269616127014,0.0075956193705446024,0.0015381481498479843,0.0006253067404031754,0.0007751286029815674,0.0003845370374619961,0.0005051977932453156,4,0.0007751286029815674,0.0006253067404031754,0.0,0.0,0.0,0.0,0.0,0.0,0.0,0.0,0.0,0.0,0.0,0.0,0.0,0.0,0.0,0.0,0.0,0.0,0.0,0.0,0.0,0.0,0.0,0.0,0.0,0.0,0.0,0.0,0.0,0.0,0.0,0.0
2826,SAFE,78,7.800000000000001,3.0,30,0.0954491764307022,0.07116076350212097,0.0,0.0,0.0,0.28634752929210666,0.009244672818264613,0.02729102596640587,0.02773401845479384,0.13390349525806208,5,0.4595825334545225,1.6571075613602897,0.1036515086889267,0.015847673567397327,0.04293760471045971,0.0035741899547905758,0.011128969490528107,29,0.04293760471045971,0.015847673567397327,0.5862068965517241,0.0075232758731099535,0.00014164113514650924,0.03293760471045971,0.3448275862068966,0.002872831535782536,4.096352472957162e-05,0.02293760471045971,0.10344827586206896,0.0007541799577402659,7.5184499328927805e-06,0.01293760471045971,0.034482758620689655,0.00010129671415378304,2.975697046522437e-07,0.0029376047104597083,0.0,0.0,0.0,0.0,0.0,0.0,0.0,0.0,0.0,0.0,0.0,0.0,0.0,0.0,0.0,0.0
2826,SAFE,78,7.800000000000001,2.0,20,0.09020603820681572,0.07116076350212097,0.0,0.0,0.0,0.18041207641363144,0.00997674284153618,0.02729102596640587,0.01995348568307236,0.06306808980348626,4,0.32954777241684496,1.6515798850153767,0.0660410076379776,0.01734461960088658,0.04293760471045971,0.0034758425072619788,0.011128969490528107,19,0.04293760471045971,0.01734461960088658,0.5789473684210527,0.008849178648455754,0.0001886097592681199,0.03293760471045971,0.42105263157894735,0.0040676492945242075,6.07839070776835e-05,0.02293760471045971,0.15789473684210525,0.0011511167776035638,1.1475528844941613e-05,0.01293760471045971,0.05263157894736842,0.00015461077423472149,4.541853386797404e-07,0.0029376047104597083,0.0,0.0,0.0,0.0,0.0,0.0,0.0,0.0,0.0,0.0,0.0,0.0,0.0,0.0,0.0,0.0
2826,SAFE,78,7.800000000000001,1.0,10,0.08310067057609558,0.07116076350212097,0.0,0.0,0.0,0.08310067057609559,0.010769299906678497,0.02729102596640587,0.0107692999066785,0.4401478195288748,2,0.20283736567944288,1.8834775575233011,0.031251706182956696,0.022537485075493652,0.04293760471045971,0.0034724117981062997,0.011128969490528107,9,0.04293760471045971,0.022537485075493652,0.7777777777777778,0.013178457564984758,0.00029127159524016934,0.03293760471045971,0.6666666666666666,0.0064172261104815526,9.617992387198452e-05,0.02293760471045971,0.2222222222222222,0.0016762385620839068,1.9110872207392023e-05,0.01293760471045971,0.1111111111111111,0.00032640052338441206,9.58835714990563e-07,0.0029376047104597083,0.0,0.0,0.0,0.0,0.0,0.0,0.0,0.0,0.0,0.0,0.0,0.0,0.0,0.0,0.0,0.0
2826,SAFE,78,7.800000000000001,0.5,5,0.07392816096544266,0.07116076350212097,0.0,0.0,0.0,0.03696408048272133,0.013667870871722698,0.02729102596640587,0.00683393543586135,0.21419646782945728,2,0.12547463551163673,1.8360521302657087,0.014664337038993835,0.031368658877909184,0.04293760471045971,0.003666084259748459,0.011128969490528107,4,0.04293760471045971,0.031368658877909184,1.0,0.02136865887790918,0.0005201047628254293,0.03293760471045971,1.0,0.011368658877909183,0.00019273158526724574,0.02293760471045971,0.5,0.0037715367646887904,4.299946246663205e-05,0.01293760471045971,0.25,0.0007344011776149271,2.157380358728767e-06,0.0029376047104597083,0.0,0.0,0.0,0.0,0.0,0.0,0.0,0.0,0.0,0.0,0.0,0.0,0.0,0.0,0.0,0.0
2849,FIXED_COLLISION,39,3.9000000000000004,3.0,30,-0.0049050302632773915,-0.07278737425804138,0.0282653121665741,0.07278737425804138,0.08479593649972231,0.07008084570989014,0.03195962274912745,0.0901309922337532,0.09587886824738234,0.22137174705768448,3,0.621361224912107,0.6480689955874414,0.2251027151942253,0.02142624913490024,0.05738933477550745,0.007762162592904321,0.017684881342574954,29,0.05738933477550745,0.02142624913490024,0.5862068965517241,0.013696770478232666,0.00046581566986560137,0.04738933477550745,0.3793103448275862,0.008487923671973163,0.00024771198291918665,0.037389334775507446,0.3103448275862069,0.005231230215265834,0.00011169370914747742,0.02738933477550745,0.20689655172413793,0.00252654580848998,3.600053241955644e-05,0.01738933477550745,0.13793103448275862,0.000723098507472153,4.422261841087753e-06,0.007389334775507447,0.0,0.0,0.0,0.0,0.0,0.0,0.0,0.0,0.0,0.0,0.0,0.0
2849,FIXED_COLLISION,39,3.9000000000000004,2.0,20,-0.03788118354277685,-0.07278737425804138,0.042397968249861154,0.07278737425804138,0.08479593649972231,0.009033569414168597,0.03590590276289731,0.0901309922337532,0.07181180552579462,0.0497887340406121,2,0.5029622889123857,0.7003894112198985,0.1511138267815113,0.02647169941644135,0.05738933477550745,0.007953359304290069,0.017684881342574954,19,0.05738933477550745,0.02647169941644135,0.7368421052631579,0.01797209612142883,0.0006223531104503562,0.04738933477550745,0.5263157894736842,0.01140949890801781,0.00033268901564207596,0.037389334775507446,0.42105263157894735,0.006965072053043466,0.00015073407907987063,0.02738933477550745,0.2631578947368421,0.0033631853269119006,5.0327974847657914e-05,0.01738933477550745,0.21052631578947367,0.001103676669299602,6.749768073239203e-06,0.007389334775507447,0.0,0.0,0.0,0.0,0.0,0.0,0.0,0.0,0.0,0.0,0.0,0.0
2849,FIXED_COLLISION,39,3.9000000000000004,1.0,10,-0.06047639921307564,-0.07278737425804138,0.06047639921307564,0.07278737425804138,0.06047639921307564,0.0,0.029426472494378686,0.04641984403133392,0.029426472494378686,0.7490181062360837,1,0.19823959423229098,0.6736777149669685,0.05041871964931488,0.022026621581365664,0.056375548243522644,0.005602079961034987,0.010302223265171051,9,0.056375548243522644,0.022026621581365664,0.5555555555555556,0.01474940531576673,0.0005608658965777186,0.04637554824352264,0.3333333333333333,0.010114727599753272,0.00031728402872993014,0.03637554824352264,0.3333333333333333,0.006781394266419941,0.00014832281006819812,0.026375548243522645,0.3333333333333333,0.003448060933086607,4.6028258073132594e-05,0.016375548243522643,0.2222222222222222,0.0009002093225717538,4.84753891279679e-06,0.006375548243522641,0.0,0.0,0.0,0.0,0.0,0.0,0.0,0.0,0.0,0.0,0.0,0.0
2849,FIXED_COLLISION,39,3.9000000000000004,0.5,5,-0.056541841477155685,-0.06267111748456955,0.056541841477155685,0.06267111748456955,0.028270920738577843,0.0,0.02131528565660119,0.03762417286634445,0.010657642828300597,0.307022061968222,1,0.12198631791397929,1.1445899288738992,0.030264243483543396,0.030496579478494823,0.056375548243522644,0.007566060870885849,0.010302223265171051,4,0.056375548243522644,0.030496579478494823,0.75,0.02159671131055802,0.0008213138739007992,0.04637554824352264,0.5,0.014826553184539078,0.0004622489710455741,0.03637554824352264,0.5,0.00982655318453908,0.00021571790735479263,0.026375548243522645,0.5,0.004826553184539079,6.918684366401099e-05,0.016375548243522643,0.25,0.0015938870608806603,1.0161903851371159e-05,0.006375548243522641,0.0,0.0,0.0,0.0,0.0,0.0,0.0,0.0,0.0,0.0,0.0,0.0
2877,SAFE,56,5.6000000000000005,3.0,30,0.007538799724231163,-0.0594635084271431,0.011030910288294156,0.0594635084271431,0.03309273086488247,0.055709130037575966,0.010645845854499687,0.036334872245788574,0.03193753756349906,0.18563471416316912,3,0.28396767587400973,0.8891345064348577,0.17333062342368066,0.009791988823241714,0.028053412679582834,0.005976918049092437,0.016027907840907574,29,0.028053412679582834,0.009791988823241714,0.4482758620689655,0.0030615229707147027,3.5591161596611965e-05,0.018053412679582832,0.10344827586206896,0.0007061455458209946,4.996407860588188e-06,0.008053412679582834,0.0,0.0,0.0,0.0,0.0,0.0,0.0,0.0,0.0,0.0,0.0,0.0,0.0,0.0,0.0,0.0,0.0,0.0,0.0,0.0,0.0,0.0,0.0,0.0
2877,SAFE,56,5.6000000000000005,2.0,20,0.02785456501878798,0.003166388953104615,0.0,0.0,0.0,0.055709130037575966,0.011777811241336167,0.036334872245788574,0.023555622482672334,0.3836078320646121,1,0.15934818051755428,0.6764761740854442,0.10258554643951356,0.008386746343029173,0.027406230568885803,0.005399239286290188,0.015878761187195778,19,0.027406230568885803,0.008386746343029173,0.42105263157894735,0.0020327892585804584,2.007081413821737e-05,0.0174062305688858,0.05263157894736842,0.00038980160888872644,2.886960591552554e-06,0.007406230568885803,0.0,0.0,0.0,0.0,0.0,0.0,0.0,0.0,0.0,0.0,0.0,0.0,0.0,0.0,0.0,0.0,0.0,0.0,0.0,0.0,0.0,0.0,0.0,0.0
2877,SAFE,56,5.6000000000000005,1.0,10,0.019625402987003326,0.003166388953104615,0.0,0.0,0.0,0.019625402987003326,0.011019685585051776,0.029117245227098465,0.011019685585051776,0.17468204694591138,1,0.0938518550246954,0.8516744491808471,0.04452280676923692,0.010427983891632821,0.027406230568885803,0.004946978529915214,0.012698209844529629,9,0.027406230568885803,0.010427983891632821,0.5555555555555556,0.0031229023511211065,3.737495056710434e-05,0.0174062305688858,0.1111111111111111,0.0008229145076539781,6.0946945821665024e-06,0.007406230568885803,0.0,0.0,0.0,0.0,0.0,0.0,0.0,0.0,0.0,0.0,0.0,0.0,0.0,0.0,0.0,0.0,0.0,0.0,0.0,0.0,0.0,0.0,0.0,0.0
2877,SAFE,56,5.6000000000000005,0.5,5,0.007323880307376384,0.003166388953104615,0.0,0.0,0.0,0.0036619401536881926,0.007158130779862404,0.014498304575681686,0.003579065389931202,0.9999997205975271,0,0.02404964156448841,0.6719529325341936,0.008999822428449988,0.006012410391122103,0.011141853407025337,0.002249955607112497,0.0038962652906775475,4,0.011141853407025337,0.006012410391122103,0.25,0.00028546335175633425,3.259573007838425e-07,0.001141853407025337,0.0,0.0,0.0,0.0,0.0,0.0,0.0,0.0,0.0,0.0,0.0,0.0,0.0,0.0,0.0,0.0,0.0,0.0,0.0,0.0,0.0,0.0,0.0,0.0,0.0,0.0,0.0,0.0
2925,SAFE,79,7.9,3.0,30,-0.2507611677050591,-0.3328625559806824,0.2507611677050591,0.3328625559806824,0.7522835031151772,0.0,0.032321026812617976,0.06504781544208527,0.09696308043785394,0.15534314901511911,1,0.3335928628221154,0.34404111118923486,0.37699468433856964,0.011503202166279843,0.04613663628697395,0.012999816701329988,0.029734790325164795,29,0.04613663628697395,0.011503202166279843,0.41379310344827586,0.004695684123013552,0.00010404261495544708,0.03613663628697395,0.13793103448275862,0.0021035896382969,4.082304753247421e-05,0.026136636286973953,0.10344827586206896,0.0009397684127606195,1.1197726959356745e-05,0.016136636286973954,0.034482758620689655,0.00021160814782668802,1.298562238572602e-06,0.006136636286973952,0.0,0.0,0.0,0.0,0.0,0.0,0.0,0.0,0.0,0.0,0.0,0.0,0.0,0.0,0.0,0.0
2925,SAFE,79,7.9,2.0,20,-0.27654866725206373,-0.3328625559806824,0.27654866725206373,0.3328625559806824,0.5530973345041276,0.0,0.03975677704438567,0.06504781544208527,0.07951355408877135,0.40888722333633293,1,0.21623307839035988,0.27194492580409807,0.29895995557308197,0.01138068833633473,0.04613663628697395,0.01573473450384642,0.029734790325164795,19,0.04613663628697395,0.01138068833633473,0.3684210526315789,0.0050155560789923925,0.00011786045891642087,0.03613663628697395,0.15789473684210525,0.0023324171257646464,4.765122226032668e-05,0.026136636286973953,0.10526315789473684,0.0010823742025776915,1.4736968881444047e-05,0.016136636286973954,0.05263157894736842,0.0003229808572091554,1.982016048347656e-06,0.006136636286973952,0.0,0.0,0.0,0.0,0.0,0.0,0.0,0.0,0.0,0.0,0.0,0.0,0.0,0.0,0.0,0.0
2925,SAFE,79,7.9,1.0,10,-0.26236689984798434,-0.2943194806575775,0.26236689984798434,0.2943194806575775,0.26236689984798434,0.0,0.03772371467202902,0.06504781544208527,0.03772371467202902,0.9999999734914766,0,0.07031689584255219,0.18639970795530625,0.13410237431526184,0.007812988426950242,0.01666601561009884,0.01490026381280687,0.026897311210632324,9,0.01666601561009884,0.007812988426950242,0.3333333333333333,0.0012836000240511363,6.531570737761473e-06,0.006666015610098839,0.0,0.0,0.0,0.0,0.0,0.0,0.0,0.0,0.0,0.0,0.0,0.0,0.0,0.0,0.0,0.0,0.0,0.0,0.0,0.0,0.0,0.0,0.0,0.0,0.0,0.0,0.0,0.0
2925,SAFE,79,7.9,0.5,5,-0.24743752479553222,-0.2888844609260559,0.24743752479553222,0.2888844609260559,0.12371876239776612,0.0,0.0428487878292799,0.06504781544208527,0.02142439391463995,0.9999999533242361,0,0.042885562404990196,0.20017163880640182,0.08908379077911377,0.010721390601247549,0.01354091614484787,0.022270947694778442,0.026897311210632324,4,0.01354091614484787,0.010721390601247549,0.5,0.0012215961515903472,3.587093131442964e-06,0.0035409161448478697,0.0,0.0,0.0,0.0,0.0,0.0,0.0,0.0,0.0,0.0,0.0,0.0,0.0,0.0,0.0,0.0,0.0,0.0,0.0,0.0,0.0,0.0,0.0,0.0,0.0,0.0,0.0,0.0
2938,NEW_COLLISION,75,7.5,3.0,30,0.03333654408925213,-0.0717800110578537,0.0186447630636394,0.0717800110578537,0.05593428919091821,0.1559439214586746,0.012204346914465229,0.049108780920505524,0.036613040743395685,0.24997148443922387,7,0.3591383257880807,0.9809027294293641,0.33205024898052216,0.01238408019958899,0.07141456007957458,0.011450008585535246,0.09791350364685059,29,0.07141456007957458,0.01238408019958899,0.3103448275862069,0.0056158783071642284,0.00021915315748790556,0.06141456007957458,0.13793103448275862,0.0036082632046449802,0.00012952093206212848,0.05141456007957458,0.13793103448275862,0.002228952859817394,7.114877141750476e-05,0.041414560079574586,0.06896551724137931,0.0013667793392107405,3.636125997282065e-05,0.031414560079574584,0.034482758620689655,0.0007384331061922269,1.5813220117300322e-05,0.021414560079574582,0.0,0.0,0.0,0.0,0.0,0.0,0.0,0.0,0.0,0.0,0.0,0.0
2938,NEW_COLLISION,75,7.5,2.0,20,0.07755711971258279,-0.00829682033509016,0.00041484101675450804,0.00829682033509016,0.0008296820335090161,0.1559439214586746,0.0153575123695191,0.049108780920505524,0.0307150247390382,0.25779955235461893,5,0.309204377932474,1.0066876731914352,0.2685670582577586,0.01627391462802495,0.07141456007957458,0.014135108329355717,0.09791350364685059,19,0.07141456007957458,0.01627391462802495,0.47368421052631576,0.008571603731987506,0.0003344969245868032,0.06141456007957458,0.21052631578947367,0.005507349101826549,0.00019768984367377504,0.05141456007957458,0.21052631578947367,0.003402085943931812,0.00010859549321619148,0.041414560079574586,0.10526315789473684,0.0020861368861637614,5.549876522167362e-05,0.031414560079574584,0.05263157894736842,0.001127082109451294,2.4135967547458387e-05,0.021414560079574582,0.0,0.0,0.0,0.0,0.0,0.0,0.0,0.0,0.0,0.0,0.0,0.0
2938,NEW_COLLISION,75,7.5,1.0,10,0.13041588589549064,0.06904421746730804,0.0,0.0,0.0,0.13041588589549066,0.020400672033429147,0.049108780920505524,0.020400672033429147,0.17732685195550127,2,0.1347468737512827,0.660502099761525,0.1912260204553604,0.014971874861253632,0.07141456007957458,0.021247335606151156,0.09791350364685059,9,0.07141456007957458,0.014971874861253632,0.3333333333333333,0.007930707215434976,0.00042839075199547626,0.06141456007957458,0.1111111111111111,0.005712728897730509,0.0002937174431306871,0.05141456007957458,0.1111111111111111,0.004601617786619399,0.00019057397628718812,0.041414560079574586,0.1111111111111111,0.0034905066755082873,0.00010965273166591122,0.031414560079574584,0.1111111111111111,0.002379395564397176,5.0953709266856596e-05,0.021414560079574582,0.0,0.0,0.0,0.0,0.0,0.0,0.0,0.0,0.0,0.0,0.0,0.0
2938,NEW_COLLISION,75,7.5,0.5,5,0.16439941227436067,0.13076916337013245,0.0,0.0,0.0,0.08219970613718033,0.028648750856518745,0.049108780920505524,0.014324375428259373,0.3143326529227077,1,0.08773846924304962,0.6125116139084259,0.12642832100391388,0.021934617310762405,0.07141456007957458,0.03160708025097847,0.09791350364685059,4,0.07141456007957458,0.021934617310762405,0.25,0.015353640019893646,0.000942937047441919,0.06141456007957458,0.25,0.012853640019893645,0.0006608642470440461,0.05141456007957458,0.25,0.010353640019893647,0.00042879144664617326,0.041414560079574586,0.25,0.007853640019893646,0.00024671864624830025,0.031414560079574584,0.25,0.0053536400198936455,0.00011464584585042734,0.021414560079574582,0.0,0.0,0.0,0.0,0.0,0.0,0.0,0.0,0.0,0.0,0.0,0.0
2967,SAFE,18,1.8,1.0,10,0.019007106451317667,0.00601563835516572,0.0,0.0,0.0,0.01900710645131767,0.010936362179927528,0.024998899549245834,0.01093636217992753,0.8167060135281915,0,0.08711738139390945,0.7965845680198668,0.03900015586987138,0.009679709043767717,0.025902800261974335,0.004333350652207931,0.012171953916549683,9,0.025902800261974335,0.009679709043767717,0.2222222222222222,0.0026576628722250455,3.523977410081169e-05,0.015902800261974333,0.1111111111111111,0.000655866695774926,3.871450103640475e-06,0.005902800261974334,0.0,0.0,0.0,0.0,0.0,0.0,0.0,0.0,0.0,0.0,0.0,0.0,0.0,0.0,0.0,0.0,0.0,0.0,0.0,0.0,0.0,0.0,0.0,0.0
2967,SAFE,18,1.8,0.5,5,0.021166724152863026,0.012464629486203194,0.0,0.0,0.0,0.010583362076431513,0.015234158094972371,0.024998899549245834,0.0076170790474861865,0.756797700843679,0,0.060289123095571995,0.7914991403493103,0.01741602923721075,0.015072280773892999,0.025902800261974335,0.004354007309302688,0.012171953916549683,4,0.025902800261974335,0.015072280773892999,0.5,0.005979741462506353,7.92894917268263e-05,0.015902800261974333,0.25,0.0014757000654935836,8.710762733191068e-06,0.005902800261974334,0.0,0.0,0.0,0.0,0.0,0.0,0.0,0.0,0.0,0.0,0.0,0.0,0.0,0.0,0.0,0.0,0.0,0.0,0.0,0.0,0.0,0.0,0.0,0.0
3026,FIXED_COLLISION,56,5.6000000000000005,3.0,30,-0.14661946768561998,-0.3290388286113739,0.14661946768561998,0.3290388286113739,0.43985840305685997,0.0,0.06069472268767034,0.3179638683795929,0.18208416806301103,0.13473062097503757,4,1.9126709098927677,1.0504322916897182,0.4022654592990875,0.06595416930664716,0.3258994519710541,0.013871222734451294,0.08899752795696259,29,0.3258994519710541,0.06595416930664716,0.896551724137931,0.05651024113248648,0.01006634592401072,0.31589945197105407,0.6206896551724138,0.04920295150581233,0.009012848978634372,0.30589945197105406,0.5172413793103449,0.04351450579385434,0.008087340979738684,0.29589945197105405,0.3793103448275862,0.03883917433627207,0.0072660192305774385,0.2858994519710541,0.3103448275862069,0.03535170332721339,0.006525693019534377,0.2758994519710541,0.20689655172413793,0.02909214332828234,0.004929630582876231,0.25089945197105407,0.20689655172413793,0.02391972953517889,0.0036043337612896996,0.22589945197105407,0.1724137931034483,0.014984785001082667,0.0016719568506839177,0.17589945197105408
3026,FIXED_COLLISION,56,5.6000000000000005,2.0,20,-0.17156872227787973,-0.3290388286113739,0.17156872227787973,0.3290388286113739,0.34313744455575945,0.0,0.07205446297884918,0.3179638683795929,0.1441089259576984,0.2503580380064171,3,1.5691088028252125,1.0888352553522291,0.348952554166317,0.08258467383290592,0.3258994519710541,0.01836592390349037,0.08899752795696259,19,0.3258994519710541,0.08258467383290592,0.9473684210526315,0.07286269936710595,0.014578346844587805,0.31589945197105407,0.631578947368421,0.06512454580344064,0.013202100173362472,0.30589945197105406,0.5263157894736842,0.0594777954019312,0.011957681771867047,0.29589945197105405,0.42105263157894735,0.05436819754148784,0.010820511649431909,0.2858994519710541,0.3684210526315789,0.05046013907382362,0.009773514712576207,0.2758994519710541,0.2631578947368421,0.04260835605428407,0.007462924390765431,0.25089945197105407,0.2631578947368421,0.03602940868586302,0.005496980272261755,0.22589945197105407,0.2631578947368421,0.022871513949020914,0.0025519341405175586,0.17589945197105408
3026,FIXED_COLLISION,56,5.6000000000000005,1.0,10,-0.2273972749710083,-0.3290388286113739,0.2273972749710083,0.3290388286113739,0.2273972749710083,0.0,0.11378491884097457,0.3179638683795929,0.11378491884097458,0.5813822153146238,2,1.293758688494563,1.1370212241681201,0.31345219910144806,0.1437509653882848,0.3258994519710541,0.03482802212238312,0.08899752795696259,9,0.3258994519710541,0.1437509653882848,1.0,0.1337509653882848,0.029975381941439116,0.31589945197105407,0.7777777777777778,0.12391879892183673,0.02740021531940255,0.30589945197105406,0.6666666666666666,0.11653465287966859,0.024998222605254083,0.29589945197105405,0.6666666666666666,0.10986798621300194,0.02273419621432738,0.2858994519710541,0.5555555555555556,0.10383986278126638,0.02059983351956812,0.2758994519710541,0.5555555555555556,0.08995097389237748,0.01575506260272702,0.25089945197105407,0.5555555555555556,0.0760620850034886,0.01160473613033037,0.22589945197105407,0.5555555555555556,0.04828430722571082,0.005387416518870401,0.17589945197105408
3026,FIXED_COLLISION,56,5.6000000000000005,0.5,5,-0.2840707629919052,-0.3290388286113739,0.2840707629919052,0.3290388286113739,0.1420353814959526,0.0,0.17524945698678493,0.3179638683795929,0.08762472849339248,0.4781496665171512,2,0.9920801371335983,1.132191954108581,0.17376957833766937,0.24802003428339958,0.3258994519710541,0.04344239458441734,0.08899752795696259,4,0.3258994519710541,0.24802003428339958,1.0,0.23802003428339957,0.05871618830979036,0.31589945197105407,1.0,0.22802003428339956,0.05405578762412238,0.30589945197105406,1.0,0.21802003428339956,0.04959538693845439,0.29589945197105405,1.0,0.20802003428339957,0.0453349862527864,0.2858994519710541,1.0,0.1980200342833996,0.0412745855671184,0.2758994519710541,1.0,0.17302003428339957,0.03199858385294842,0.25089945197105407,1.0,0.14802003428339958,0.02397258213877844,0.22589945197105407,1.0,0.09802003428339959,0.011670578710438487,0.17589945197105408
3027,SAFE,74,7.4,3.0,30,-0.008935603313148022,-0.014147686772048473,0.008935603313148022,0.014147686772048473,0.026806809939444065,0.0,0.12490366548299789,0.12661083042621613,0.3747109964489937,0.9999999973312766,0,0.010670557618141174,0.002847676660355737,0.01841989764943719,0.0003679502626945233,0.0019055679440498352,0.0006351688844633514,0.0028237272053956985,29,0.0019055679440498352,0.0003679502626945233,0.0,0.0,0.0,0.0,0.0,0.0,0.0,0.0,0.0,0.0,0.0,0.0,0.0,0.0,0.0,0.0,0.0,0.0,0.0,0.0,0.0,0.0,0.0,0.0,0.0,0.0,0.0,0.0,0.0,0.0,0.0,0.0
3027,SAFE,74,7.4,2.0,20,-0.008286219066940248,-0.011221049353480339,0.008286219066940248,0.011221049353480339,0.016572438133880495,0.0,0.12450331412255763,0.12542633712291718,0.2490066282451153,0.9999999959840427,0,0.008189983665943146,0.0032890625003726913,0.011311731301248074,0.00043105177189174454,0.0019055679440498352,0.0005953542790130565,0.0028237272053956985,19,0.0019055679440498352,0.00043105177189174454,0.0,0.0,0.0,0.0,0.0,0.0,0.0,0.0,0.0,0.0,0.0,0.0,0.0,0.0,0.0,0.0,0.0,0.0,0.0,0.0,0.0,0.0,0.0,0.0,0.0,0.0,0.0,0.0,0.0,0.0,0.0,0.0
3027,SAFE,74,7.4,1.0,10,-0.007831014133989811,-0.010037694126367569,0.007831014133989811,0.010037694126367569,0.007831014133989811,0.0,0.12441614344716072,0.12453394383192062,0.12441614344716073,0.9999999919624579,0,0.0015715286135673523,0.001263122740662308,0.003220615442842245,0.00017461429039637247,0.0005460008978843689,0.000357846160315805,0.0013464330695569515,9,0.0005460008978843689,0.00017461429039637247,0.0,0.0,0.0,0.0,0.0,0.0,0.0,0.0,0.0,0.0,0.0,0.0,0.0,0.0,0.0,0.0,0.0,0.0,0.0,0.0,0.0,0.0,0.0,0.0,0.0,0.0,0.0,0.0,0.0,0.0,0.0,0.0
3027,SAFE,74,7.4,0.5,5,-0.007207153458148241,-0.007287574000656605,0.007207153458148241,0.007287574000656605,0.0036035767290741208,0.0,0.12450413256883622,0.12453394383192062,0.06225206628441811,0.9999999839362763,0,0.00010592490434646606,0.0001701548381719034,0.00024139415472745895,2.6481226086616516e-05,4.678964614868164e-05,6.034853868186474e-05,0.00013907207176089287,4,4.678964614868164e-05,2.6481226086616516e-05,0.0,0.0,0.0,0.0,0.0,0.0,0.0,0.0,0.0,0.0,0.0,0.0,0.0,0.0,0.0,0.0,0.0,0.0,0.0,0.0,0.0,0.0,0.0,0.0,0.0,0.0,0.0,0.0,0.0,0.0,0.0,0.0
3037,FIXED_COLLISION,30,3.0,3.0,30,-0.05004359766220053,-0.12817855179309845,0.06059462307021022,0.12817855179309845,0.18178386921063067,0.03165307622402907,0.13029633259090284,0.444414347410202,0.3908889977727086,0.8264137287691433,3,1.3385321199893951,0.34243279401365695,0.25745525024831295,0.046156279999634314,0.16876493394374847,0.008877767249941826,0.02500426210463047,29,0.16876493394374847,0.046156279999634314,0.896551724137931,0.03666491054255387,0.0026635961914494594,0.15876493394374847,0.7586206896551724,0.02826564553290092,0.0020170118895900006,0.14876493394374848,0.5862068965517241,0.021271913481298192,0.0015245982909289427,0.13876493394374848,0.41379310344827586,0.01640643013962384,0.0011506749586457136,0.12876493394374847,0.3103448275862069,0.012880818314593413,0.0008591577146719137,0.11876493394374847,0.20689655172413793,0.006560173309568703,0.00038564689808420993,0.09376493394374848,0.10344827586206896,0.0026474748192162343,0.00016471539306516254,0.06876493394374847,0.034482758620689655,0.0006470666877154648,1.2142163652180823e-05,0.01876493394374848
3037,FIXED_COLLISION,30,3.0,2.0,20,-0.018196470430120827,-0.1056065708398819,0.03402300854213536,0.1056065708398819,0.06804601708427072,0.03165307622402907,0.17135943816974758,0.444414347410202,0.3427188763394952,0.9999999970821567,0,0.9620377086102962,0.280707533847722,0.18418931774795055,0.05063356361106822,0.16876493394374847,0.009694174618313187,0.02500426210463047,19,0.16876493394374847,0.05063356361106822,0.9473684210526315,0.04086681002849027,0.003260613357008873,0.15876493394374847,0.7894736842105263,0.032154162110466705,0.002533727226651444,0.14876493394374848,0.5789473684210527,0.025031047534001503,0.0019654037330731405,0.13876493394374848,0.47368421052631576,0.019951421343966536,0.001517401843111874,0.12876493394374847,0.3684210526315789,0.01607955676552496,0.0011585565161733927,0.11876493394374847,0.2631578947368421,0.008635298496014195,0.0005525612214823305,0.09376493394374848,0.10526315789473684,0.003979074484423586,0.00025133512054068626,0.06876493394374847,0.05263157894736842,0.0009876281023025516,1.8532776100697046e-05,0.01876493394374848
3037,FIXED_COLLISION,30,3.0,1.0,10,0.03165307622402906,0.006563158705830574,0.0,0.0,0.0,0.03165307622402907,0.18424411658197642,0.444414347410202,0.18424411658197642,0.9999999945724183,0,0.6713584698736668,0.36438529418718446,0.07201958820223808,0.07459538554151852,0.16876493394374847,0.008002176466915343,0.02500426210463047,9,0.16876493394374847,0.07459538554151852,1.0,0.06459538554151852,0.006138916822042007,0.15876493394374847,1.0,0.05459538554151853,0.004947009111211636,0.14876493394374848,0.7777777777777778,0.0452358934779962,0.0039532335845745056,0.13876493394374848,0.6666666666666666,0.037967969791756734,0.003123953932040435,0.12876493394374847,0.5555555555555556,0.03211896349158552,0.0024252440865975295,0.11876493394374847,0.5555555555555556,0.01823007460269663,0.0011665181342404756,0.09376493394374848,0.2222222222222222,0.008400268356005349,0.0005305963655858932,0.06876493394374847,0.1111111111111111,0.002084992660416498,3.912474954591599e-05,0.01876493394374848
3037,FIXED_COLLISION,30,3.0,0.5,5,0.034236190095543864,0.029473645612597466,0.0,0.0,0.0,0.017118095047771932,0.08923708088696003,0.13361531496047974,0.044618540443480015,0.9999999775877927,0,0.16765574179589748,0.37575352392070754,0.012338297441601753,0.04191393544897437,0.07800900004804134,0.0030845743604004383,0.005713790655136108,4,0.07800900004804134,0.04191393544897437,1.0,0.03191393544897437,0.0014642966024999999,0.06800900004804135,1.0,0.021913935448974367,0.0009260178935205123,0.05800900004804134,0.5,0.013355078306049109,0.0005835365989758159,0.048009000048041345,0.25,0.009502250012010336,0.0003611710211630017,0.03800900004804134,0.25,0.007002250012010335,0.00019612602092279496,0.02800900004804134,0.25,0.0007522500120103366,2.2635203222782065e-06,0.0030090000480413465,0.0,0.0,0.0,0.0,0.0,0.0,0.0,0.0
3058,FIXED_COLLISION,60,6.0,3.0,30,-0.11961411312222481,-0.16063228249549866,0.11961411312222481,0.16063228249549866,0.3588423393666744,0.0,0.04616162516176701,0.055717043578624725,0.13848487548530103,0.999999992778995,0,0.0573103167116642,0.04138380895169243,0.1336618736386299,0.001976217817643593,0.0076699331402778625,0.004609030125469997,0.01428743451833725,29,0.0076699331402778625,0.001976217817643593,0.0,0.0,0.0,0.0,0.0,0.0,0.0,0.0,0.0,0.0,0.0,0.0,0.0,0.0,0.0,0.0,0.0,0.0,0.0,0.0,0.0,0.0,0.0,0.0,0.0,0.0,0.0,0.0,0.0,0.0,0.0,0.0
3058,FIXED_COLLISION,60,6.0,2.0,20,-0.10295535437762737,-0.12439490109682083,0.10295535437762737,0.12439490109682083,0.20591070875525475,0.0,0.04573292098939419,0.055717043578624725,0.09146584197878838,0.9999999890669569,0,0.04612194001674652,0.05042531563115047,0.09702426195144653,0.0024274705271971854,0.0076699331402778625,0.005106540102707713,0.01428743451833725,19,0.0076699331402778625,0.0024274705271971854,0.0,0.0,0.0,0.0,0.0,0.0,0.0,0.0,0.0,0.0,0.0,0.0,0.0,0.0,0.0,0.0,0.0,0.0,0.0,0.0,0.0,0.0,0.0,0.0,0.0,0.0,0.0,0.0,0.0,0.0,0.0,0.0
3058,FIXED_COLLISION,60,6.0,1.0,10,-0.09953052401542664,-0.10460011661052704,0.09953052401542664,0.10460011661052704,0.09953052401542664,0.0,0.044401665776968004,0.04879939183592796,0.044401665776968004,0.9999999774783229,0,0.019389856606721878,0.043669208870284505,0.0501079261302948,0.0021544285118579865,0.004943873733282089,0.005567547347810533,0.010646268725395203,9,0.004943873733282089,0.0021544285118579865,0.0,0.0,0.0,0.0,0.0,0.0,0.0,0.0,0.0,0.0,0.0,0.0,0.0,0.0,0.0,0.0,0.0,0.0,0.0,0.0,0.0,0.0,0.0,0.0,0.0,0.0,0.0,0.0,0.0,0.0,0.0,0.0
3058,FIXED_COLLISION,60,6.0,0.5,5,-0.09762860536575317,-0.10429290682077408,0.09762860536575317,0.10429290682077408,0.04881430268287659,0.0,0.04646864086389542,0.04879939183592796,0.02323432043194771,0.9999999569602236,0,0.007382743060588837,0.03177516107889168,0.029844366014003754,0.0018456857651472092,0.002887628972530365,0.007461091503500938,0.010646268725395203,4,0.002887628972530365,0.0018456857651472092,0.0,0.0,0.0,0.0,0.0,0.0,0.0,0.0,0.0,0.0,0.0,0.0,0.0,0.0,0.0,0.0,0.0,0.0,0.0,0.0,0.0,0.0,0.0,0.0,0.0,0.0,0.0,0.0,0.0,0.0,0.0,0.0
3070,SAFE,69,6.9,3.0,30,0.02938236903088788,-0.04735777527093887,0.01004217283334583,0.04735777527093887,0.030126518500037492,0.11827362559270115,0.07660132736588518,0.11209270358085632,0.22980398209765554,0.8729623089138833,1,0.16300048306584358,0.07093022534625794,0.24465946108102798,0.005620706312615296,0.022392273880541325,0.008436533140725103,0.03439955413341522,29,0.022392273880541325,0.005620706312615296,0.20689655172413793,0.001362901520112465,1.19254809712039e-05,0.012392273880541324,0.034482758620689655,8.249220277728704e-05,1.9734394205242226e-07,0.002392273880541324,0.0,0.0,0.0,0.0,0.0,0.0,0.0,0.0,0.0,0.0,0.0,0.0,0.0,0.0,0.0,0.0,0.0,0.0,0.0,0.0,0.0,0.0,0.0,0.0
3070,SAFE,69,6.9,2.0,20,0.05828306751791388,-0.009578307159245014,0.0008537452784366905,0.009578307159245014,0.0017074905568733813,0.11827362559270115,0.062093720817938444,0.09883453696966171,0.1241874416358769,0.7649217441354631,1,0.14974231645464897,0.12057766330988884,0.20687999296933413,0.007881174550244683,0.022392273880541325,0.010888420682596532,0.03439955413341522,19,0.022392273880541325,0.007881174550244683,0.3157894736842105,0.0020802181096453414,1.8202049903416478e-05,0.012392273880541324,0.05263157894736842,0.00012590915160743811,3.012091747115919e-07,0.002392273880541324,0.0,0.0,0.0,0.0,0.0,0.0,0.0,0.0,0.0,0.0,0.0,0.0,0.0,0.0,0.0,0.0,0.0,0.0,0.0,0.0,0.0,0.0,0.0,0.0
3070,SAFE,69,6.9,1.0,10,0.10835093818604946,0.04573154076933861,0.0,0.0,0.0,0.10835093818604946,0.036748163122683766,0.056574128568172455,0.036748163122683766,0.20557208469909505,1,0.10748190805315971,0.2924823882203511,0.1515701450407505,0.011942434228128858,0.022392273880541325,0.016841127226750057,0.03439955413341522,9,0.022392273880541325,0.011942434228128858,0.5555555555555556,0.004280153330829408,3.8314823590337625e-05,0.012392273880541324,0.1111111111111111,0.000265808208949036,6.358860355022495e-07,0.002392273880541324,0.0,0.0,0.0,0.0,0.0,0.0,0.0,0.0,0.0,0.0,0.0,0.0,0.0,0.0,0.0,0.0,0.0,0.0,0.0,0.0,0.0,0.0,0.0,0.0
3070,SAFE,69,6.9,0.5,5,0.1566197782754898,0.09849964082241058,0.0,0.0,0.0,0.0783098891377449,0.03113112021237612,0.05090777948498726,0.01556556010618806,0.8755358201326418,0,0.06059454847127199,0.3892859888435551,0.09880204498767853,0.015148637117817998,0.022392273880541325,0.024700511246919632,0.03439955413341522,4,0.022392273880541325,0.015148637117817998,0.75,0.007429313445463777,7.636946868698412e-05,0.012392273880541324,0.25,0.000598068470135331,1.4307435798800614e-06,0.002392273880541324,0.0,0.0,0.0,0.0,0.0,0.0,0.0,0.0,0.0,0.0,0.0,0.0,0.0,0.0,0.0,0.0,0.0,0.0,0.0,0.0,0.0,0.0,0.0,0.0
