scenario_index,group,reference_step,reference_seconds,lead_s,frame,time_from_start_s,risk_object_index,risk_distance,risk_static_clearance,risk_predicted_clearance,risk_dcpa,risk_tcpa_raw,risk_tcpa_clipped,risk_future_tcpa,risk_approaching,risk_closing_speed,second_object_index,second_distance,second_static_clearance,second_predicted_clearance,second_dcpa,second_future_tcpa,second_approaching,top2_mean_predicted_clearance,second_minus_first_pred_gap,num_pred_conflict_0,num_pred_conflict_1,num_pred_conflict_2,min_future_tcpa_conflict_0,min_future_tcpa_conflict_1,min_future_tcpa_conflict_2
0,SAFE,78,7.800000000000001,3.0,48,4.800000000000001,1,5.925210009899094,-3.3391034120555902,-3.3391034120555902,5.925210009899094,-0.07860796842994185,0.0,5.0,0,-2.7671054282631404,9,66.51126305723182,53.879426455595045,37.5201430592596,50.15197966089637,5.0,0,17.090519823602005,40.859246471315195,1,1,1,5.0,5.0,5.0
0,SAFE,78,7.800000000000001,2.0,58,5.800000000000001,1,18.18249601017151,8.918182588216824,8.918182588216824,18.18249601017151,-1.0013745846692657,0.0,5.0,0,-15.768750657356927,9,62.87794765847511,50.24611105683834,32.9278622041953,45.55969880583207,5.0,0,20.92302239620606,24.009679615978477,0,0,0,5.0,5.0,5.0
0,SAFE,78,7.800000000000001,1.0,68,6.800000000000001,1,32.90788991289899,23.643576490944305,23.643576490944305,32.90788991289899,-2.1207555285547883,0.0,5.0,0,-15.160646782785191,9,59.37513099869281,46.74329439705604,28.693517905313826,41.325354506950596,5.0,0,26.168547198129065,5.0499414143695205,0,0,0,5.0,5.0,5.0
0,SAFE,78,7.800000000000001,0.5,73,7.300000000000001,9,57.642472867096004,45.01063626545923,27.45123619263228,40.08307279426905,16.278207250288965,5.0,5.0,0,3.5171349690861535,1,40.81613987696016,31.551826455005475,31.551826455005475,40.81613987696016,5.0,0,29.501531323818877,4.100590262373196,0,0,0,5.0,5.0,5.0
24,FIXED_COLLISION,24,2.4000000000000004,2.0,4,0.4,15,52.21021764948399,39.85071317342749,-7.2733232946298365,5.086181181426657,2.6784665812053357,2.6784665812053357,2.6784665812053357,1,19.30759028575866,4,4.497932066551668,-5.497894361610003,-5.497894361610003,4.497932066551668,5.0,0,-6.38560882811992,1.7754289330198336,3,4,4,1.7366846699322689,1.7366846699322689,1.7366846699322689
24,FIXED_COLLISION,24,2.4000000000000004,1.0,14,1.4000000000000001,15,32.66185307146986,20.302348595413363,-6.283513146860463,6.075991329196031,1.6566759484901479,1.6566759484901479,1.6566759484901479,1,19.03302439474468,14,32.059602256172646,18.800788447571534,4.01257395372963,17.27138776233074,0.6908801866737178,1,-1.1354695965654162,10.296087100590093,1,1,1,1.6566759484901479,1.6566759484901479,1.6566759484901479
24,FIXED_COLLISION,24,2.4000000000000004,0.5,19,1.9000000000000001,15,22.570964904237965,10.211460428181471,-10.09152928990328,2.267975186153214,1.1462860594326234,1.1462860594326234,1.1462860594326234,1,19.491708975177623,5,38.61305118061963,25.823874254342194,-8.065780130445468,4.723396795831967,5.0,0,-9.078654710174373,2.0257491594578116,2,2,3,1.1462860594326234,1.1462860594326234,0.28294572253555017
59,SAFE,56,5.6000000000000005,3.0,26,2.6,2,4.688596540384686,-0.5555988717746638,-0.5555988717746638,4.688596540384686,-0.19900087873846486,0.0,5.0,0,-0.054541393716231915,9,17.52363584410859,12.422940340561038,9.259314792583815,14.36001029613137,5.0,0,4.351857960404576,9.814913664358478,1,1,1,5.0,5.0,5.0
59,SAFE,56,5.6000000000000005,2.0,36,3.6,2,5.020801600890836,-0.22339381126851343,-0.22339381126851343,5.020801600890836,-1.0502967614683008,0.0,5.0,0,-0.7159533552934911,9,16.595847024817875,11.495151521270323,8.385632347408777,13.486327850956329,5.0,0,4.081119268070132,8.60902615867729,1,1,1,5.0,5.0,5.0
59,SAFE,56,5.6000000000000005,1.0,46,4.6000000000000005,2,6.289334519720134,1.045139107560784,1.045139107560784,6.289334519720134,-1.6722566128673788,0.0,5.0,0,-1.8967910345172667,9,15.438615526622005,10.337920023074453,8.874585085287716,13.97528058883527,2.4563345532210747,1,4.95986209642425,7.829445977726932,0,0,1,5.0,5.0,5.0
59,SAFE,56,5.6000000000000005,0.5,51,5.1000000000000005,2,7.384789139491501,2.140593727332151,2.140593727332151,7.384789139491501,-1.9703991391381361,0.0,5.0,0,-2.506860232173849,4,13.803314015713868,8.576757252364429,8.576757252364429,13.803314015713868,5.0,0,5.35867548984829,6.436163525032278,0,0,0,5.0,5.0,5.0
106,SAFE,79,7.9,3.0,49,4.9,10,10.214280785381447,4.353291457214608,0.7566190758448208,6.61760840401166,10.762367118965932,5.0,5.0,0,0.7720212696233943,1,8.06804188721744,2.0911171791470355,2.0911171791470355,8.06804188721744,5.0,0,1.4238681274959282,1.3344981033022147,0,1,1,5.0,5.0,5.0
106,SAFE,79,7.9,2.0,59,5.9,10,8.62023466920657,2.7592453410397297,0.08495080951384626,5.945940137680686,2.319153296440877,2.319153296440877,2.319153296440877,1,1.9485260150605959,18,9.586445150906275,3.625879582524444,3.625879582524444,9.586445150906275,5.0,0,1.8554151960191452,3.540928773010598,0,1,1,5.0,2.319153296440877,2.319153296440877
106,SAFE,79,7.9,1.0,69,6.9,10,6.759061712402445,0.8980723842356051,0.4180877980826905,6.27907712624953,0.6236295964028319,0.6236295964028319,0.6236295964028319,1,1.4846694179914781,20,18.128648117746952,12.18456669832853,3.9311551401425024,9.875236559560925,3.9213010578128147,1,2.1746214691125965,3.513067342059812,0,1,1,5.0,0.6236295964028319,0.6236295964028319
106,SAFE,79,7.9,0.5,74,7.4,10,6.290797873491366,0.4298085453245264,0.41896694355898045,6.27995627172582,0.08026091459938285,0.08026091459938285,0.08026091459938285,1,0.2699261421650466,20,16.518578484506026,10.574497065087604,3.6404751780309965,9.584556597449419,3.473466930555649,1,2.0297210607949885,3.221508234472016,0,1,1,5.0,0.08026091459938285,0.08026091459938285
158,FIXED_COLLISION,10,1.0,1.0,0,0.0,4,14.764293137258452,6.264022883268428,-1.949223769562602,6.551046484427422,1.1358449626143121,1.1358449626143121,1.1358449626143121,1,10.439396827141755,13,88.75381796385977,82.48305870276612,10.989628589225287,17.260387850318946,3.1150079753186657,1,4.5202024098313425,12.938852358787889,1,1,1,1.1358449626143121,1.1358449626143121,1.1358449626143121
158,FIXED_COLLISION,10,1.0,0.5,5,0.5,4,9.935713920902964,1.4354436669129402,-1.4887345872019386,7.0115356667880855,0.6250087085596057,0.6250087085596057,0.6250087085596057,1,7.980276180486967,11,95.54855294357183,90.31105054457085,9.393820087589944,14.63132248659093,3.4178865816351327,1,3.9525427501940027,10.882554674791884,1,1,1,0.6250087085596057,0.6250087085596057,0.6250087085596057
163,SAFE,18,1.8,1.0,8,0.8,1,6.909066658090183,0.9651300192867298,0.9651300192867298,6.909066658090183,-84.9539895554756,0.0,5.0,0,-0.08129246477028373,4,30.01784445370955,24.145486365505356,2.85767246800863,8.730030556212824,5.0,0,1.91140124364768,1.8925424487219003,0,1,1,5.0,5.0,5.0
163,SAFE,18,1.8,0.5,13,1.3,1,6.95939945962162,1.0154628208181666,1.0154628208181666,6.95939945962162,-44.82936894908791,0.0,5.0,0,-0.15516627583010653,4,27.95040181406468,22.078043725860486,3.781488797835342,9.653846886039537,5.0,0,2.3984758093267544,2.7660259770171756,0,0,1,5.0,5.0,5.0
207,SAFE,74,7.4,3.0,44,4.4,9,38.179802508120105,32.23901264671337,0.555852109378983,6.496641970785718,3.388138374780944,3.388138374780944,3.388138374780944,1,10.94239238860321,15,56.579799636602075,50.77070884212317,1.573006146366403,7.382096940845312,4.705358266380226,1,1.064429127872693,1.01715403698742,0,1,3,5.0,3.388138374780944,2.632793268034465
207,SAFE,74,7.4,2.0,54,5.4,8,54.81567608092647,48.8756919790486,0.36039610349251294,6.300380205370385,5.092738154086837,5.0,5.0,0,10.62482829186313,9,27.525491825156227,21.58470196374949,0.6018630759172261,6.542652937323961,2.4732454716662318,1,0.4811295897048695,0.24146697242471316,0,2,4,5.0,2.4732454716662318,1.5861900710844838
207,SAFE,74,7.4,1.0,64,6.4,8,44.537480870003115,38.59749676812524,0.016096577824870728,5.956080679702743,4.295046698063977,4.295046698063977,4.295046698063977,1,10.1840483066549,9,17.260776256604544,11.319986395197809,0.7370635133868841,6.677853374793619,1.4971835143669756,1,0.37658004560587743,0.7209669355620134,0,2,5,5.0,1.4971835143669756,0.5566902435595965
207,SAFE,74,7.4,0.5,69,6.9,8,39.50444988380997,33.5644657819321,0.5414612739702571,6.481445375848129,3.8571601880743787,3.8571601880743787,3.8571601880743787,1,9.966152667650478,10,44.065016050910636,38.317489873342495,0.7669676917620976,6.514493869330238,3.4362000388594036,1,0.6542144828661773,0.22550641779184044,0,3,5,5.0,1.009939099435868,0.07175887196061864
231,FIXED_COLLISION,61,6.1000000000000005,3.0,31,3.1,3,7.8187038328240375,-4.659137766748846,-4.659137766748846,7.8187038328240375,-4.416784488054201,0.0,5.0,0,-0.42907418775145845,1,45.54089270314938,36.35044759391487,-4.096235033493908,5.094210075740602,3.808077978123867,1,-4.377686400121377,0.5629027332549379,2,2,2,3.808077978123867,3.808077978123867,3.808077978123867
231,FIXED_COLLISION,61,6.1000000000000005,2.0,41,4.1000000000000005,3,8.066205506909592,-4.411636092663292,-5.746940069538227,6.730901530034656,9.291376073460395,5.0,5.0,0,0.335127397323223,1,34.165635803747136,24.975190694512627,-4.596102504437854,4.594342604796656,3.3517721752178384,1,-5.171521286988041,1.1508375651003728,3,3,3,3.3517721752178384,3.3517721752178384,3.3517721752178384
231,FIXED_COLLISION,61,6.1000000000000005,1.0,51,5.1000000000000005,3,7.187896212834318,-5.289945386738566,-7.549458720314175,4.9283828792587085,2.2604072797431876,2.2604072797431876,2.2604072797431876,1,1.6849836149306539,1,23.370652590491083,14.180207481256573,-5.413244366711625,3.777200742522885,2.131115803325064,1,-6.4813515435129005,2.1362143536025497,2,2,3,2.131115803325064,2.131115803325064,2.131115803325064
231,FIXED_COLLISION,61,6.1000000000000005,0.5,56,5.6000000000000005,3,6.173295194462428,-6.304546405110456,-8.618769239254444,3.8590723603184403,1.7090804157662236,1.7090804157662236,1.7090804157662236,1,2.200538986016298,1,18.725052531004792,9.534607421770282,-3.100181479192333,6.090263630042177,1.8700595349493947,1,-5.859475359223389,5.518587760062111,2,2,2,1.7090804157662236,1.7090804157662236,1.7090804157662236
245,FIXED_COLLISION,33,3.3000000000000003,3.0,3,0.30000000000000004,4,3.0007861927650223,-2.1560556053327113,-2.1560556053327113,3.0007861927650223,-436.6864530613325,0.0,5.0,0,-0.0023138140099591927,1,2.8674380755849636,-1.9564025819810724,-1.9564025819810724,2.8674380755849636,5.0,0,-2.056229093656892,0.19965302335163893,5,6,8,5.0,5.0,5.0
245,FIXED_COLLISION,33,3.3000000000000003,2.0,13,1.3,4,3.059455343424745,-2.097386454672989,-2.097386454672989,3.059455343424745,-36.371836999967954,0.0,5.0,0,-0.03045586893248608,1,2.889218664390825,-1.9346219931752109,-1.9346219931752109,2.889218664390825,5.0,0,-2.0160042239241,0.1627644614977779,4,6,9,5.0,5.0,5.0
245,FIXED_COLLISION,33,3.3000000000000003,1.0,23,2.3000000000000003,4,3.1511325760671647,-2.005709222030569,-2.005709222030569,3.1511325760671647,-41.30189372339082,0.0,5.0,0,-0.030472239514161385,1,2.93309235208702,-1.8907483054790162,-1.8907483054790162,2.93309235208702,5.0,0,-1.9482287637547926,0.11496091655155283,4,6,9,5.0,5.0,5.0
245,FIXED_COLLISION,33,3.3000000000000003,0.5,28,2.8000000000000003,1,2.9945242829444543,-1.8293163746215817,-1.8293163746215817,2.9945242829444543,-57.00398846754907,0.0,5.0,0,-0.017654169733432982,10,4.213806480774922,-0.6937063250894928,-0.814270151038543,4.093242654825872,5.0,0,-1.3217932628300624,1.0150462235830386,3,5,8,5.0,5.0,5.0
250,SAFE,69,6.9,3.0,39,3.9000000000000004,6,22.77334872346263,13.496081153334101,-1.2329539830821936,8.044313587046334,2.5889353263869577,2.5889353263869577,2.5889353263869577,1,7.698850602971587,9,13.915150827005444,4.653796286749969,2.573595389446819,11.834949929702294,0.9266127429849115,1,0.6703207031823126,3.8065493725290125,1,1,1,2.5889353263869577,2.5889353263869577,2.5889353263869577
250,SAFE,69,6.9,2.0,49,4.9,6,15.577023733396906,6.299756163268379,-0.5940734943924557,8.683194075736072,1.6937994662130063,1.6937994662130063,1.6937994662130063,1,6.338825121917137,9,11.894392571008849,2.633038030753374,2.633038030753374,11.894392571008849,5.0,0,1.0194822681804592,3.2271115251458298,1,1,1,1.6937994662130063,1.6937994662130063,1.6937994662130063
250,SAFE,69,6.9,1.0,59,5.9,1,27.455547171224733,18.102529935278017,-2.5800743824373296,6.772942853509386,5.485114390235308,5.0,5.0,0,4.737918348767108,6,10.060301209680926,0.7830336395523982,-0.7595000381703354,8.517767531958192,0.7239424008687576,1,-1.6697872103038325,1.8205743442669942,2,2,2,0.7239424008687576,0.7239424008687576,0.7239424008687576
250,SAFE,69,6.9,0.5,64,6.4,1,25.30798471505201,15.954967479105296,-1.5019307919823808,7.851086443964335,5.293217272987667,5.0,5.0,0,4.334378928298079,6,8.426916224172942,-0.8503513459555858,-0.9900673056244553,8.287200264504072,0.21532422371639984,1,-1.245999048803418,0.5118634863579254,2,2,2,0.21532422371639984,0.21532422371639984,0.21532422371639984
278,NEW_COLLISION,78,7.800000000000001,3.0,48,4.800000000000001,3,6.29992509678655,-3.7477581912073035,-7.257653152039284,2.79003013595457,3.1851203238325,3.1851203238325,3.1851203238325,1,1.5899908859449858,1,4.216289831339535,-5.035228975882423,-5.035228975882423,4.216289831339535,5.0,0,-6.146441063960854,2.222424176156861,4,5,6,3.1851203238325,3.1851203238325,1.9655765422234412
278,NEW_COLLISION,78,7.800000000000001,2.0,58,5.800000000000001,3,5.003253684739621,-5.044429603254232,-8.105996945810016,1.9416863421838366,6.909681294054071,5.0,5.0,0,0.6659024402040148,1,4.766537147919854,-4.484981659302104,-4.484981659302104,4.766537147919854,5.0,0,-6.29548930255606,3.6210152865079124,3,3,5,4.44560988570553,4.44560988570553,1.0148622910542129
278,NEW_COLLISION,78,7.800000000000001,1.0,68,6.800000000000001,3,4.730832768679542,-5.316850519314312,-5.316850519314312,4.730832768679542,-6.5450608229251666,0.0,5.0,0,-0.27856311594666244,5,7.801769576503714,-1.4563867549374567,-4.603352588283548,4.654803743157623,2.4025451875038493,1,-4.96010155379893,0.7134979310307639,4,4,5,2.4025451875038493,2.4025451875038493,0.05213913312179462
278,NEW_COLLISION,78,7.800000000000001,0.5,73,7.300000000000001,3,5.157334339754346,-4.890348948239508,-4.890348948239508,5.157334339754346,-3.3591431113176746,0.0,5.0,0,-1.0050207120619024,5,6.599349971616842,-2.658806359824329,-4.624773265747056,4.633383065694115,1.4745512690035245,1,-4.757561106993282,0.265575682492452,4,5,6,1.4745512690035245,1.4745512690035245,1.1002430102895748
297,SAFE,32,3.2,3.0,2,0.2,4,23.122326964784087,13.876039907579546,2.43714440805827,11.68343146526281,1.6868822485012605,1.6868822485012605,1.6868822485012605,1,10.207488233492608,5,14.73042659366557,5.527407055243396,3.1252206172157226,12.328240155637896,0.3500036549912109,1,2.7811825126369962,0.6880762091574528,0,0,0,5.0,5.0,5.0
297,SAFE,32,3.2,2.0,12,1.2000000000000002,4,14.08412698198213,4.83783992477759,3.4180832340729737,12.664370291277514,0.47114562260717363,0.47114562260717363,0.47114562260717363,1,5.723058958295704,3,20.820566934458743,11.422161964420482,8.95761780491122,18.35602277494948,3.554612652499979,1,6.1878505194920965,5.539534570838246,0,0,0,5.0,5.0,5.0
297,SAFE,32,3.2,1.0,22,2.2,3,18.771313176432674,9.372908206394413,1.834261497225972,11.232666467264233,5.3650940728049905,5.0,5.0,0,2.256399801885276,4,13.121725251746259,3.8754381945417187,3.8754381945417187,13.121725251746259,5.0,0,2.8548498458838454,2.0411766973157466,0,0,1,5.0,5.0,5.0
297,SAFE,32,3.2,0.5,27,2.7,3,18.02646989336932,8.62806492333106,4.571282151716003,13.969687121754264,5.623251448518986,5.0,5.0,0,1.2964310938189894,4,16.247196051882653,7.000908994678113,7.000908994678113,16.247196051882653,5.0,0,5.786095573197058,2.4296268429621097,0,0,0,5.0,5.0,5.0
341,SAFE,21,2.1,2.0,1,0.1,3,12.072962463860902,7.424238860913257,7.377002823504225,12.02572642645187,1.157411929800244,1.157411929800244,1.157411929800244,1,0.08146387570145311,4,15.804719098031725,10.610316945192643,7.4923747256872755,12.686776878526357,0.25625234520059603,1,7.434688774595751,0.1153719021830506,0,0,0,5.0,5.0,5.0
341,SAFE,21,2.1,1.0,11,1.1,3,12.602414055684275,7.9536904527366294,7.9536904527366294,12.602414055684275,-8.266273885056982,0.0,5.0,0,-0.1309813351208305,18,16.95000272996284,11.69155819500246,11.69155819500246,16.95000272996284,5.0,0,9.822624323869544,3.7378677422658297,0,0,0,5.0,5.0,5.0
341,SAFE,21,2.1,0.5,16,1.6,3,12.944065143252192,8.295341540304548,8.295341540304548,12.944065143252192,-29.113196504262387,0.0,5.0,0,-0.44224595253371657,18,26.307347350696325,21.048902815735943,21.048902815735943,26.307347350696325,5.0,0,14.672122178020246,12.753561275431395,0,0,0,5.0,5.0,5.0
359,FIXED_COLLISION,72,7.2,3.0,42,4.2,13,17.532459636948644,8.337356781023823,-6.172511175374201,3.022591680550621,3.636757564020888,3.636757564020888,3.636757564020888,1,4.67761880839387,2,3.8727001061207003,-5.175342142730971,-5.220373230212283,3.8276690186393876,5.0,0,-5.696442202793242,0.9521379451619172,3,3,5,3.636757564020888,3.636757564020888,3.636757564020888
359,FIXED_COLLISION,72,7.2,2.0,52,5.2,13,11.512080233721491,2.31697737779667,-6.474455592943391,2.7206472629814304,1.8811918974978319,1.8811918974978319,1.8811918974978319,1,5.777778603467908,2,3.8961924301407453,-5.151849818710925,-5.151849818710925,3.8961924301407453,5.0,0,-5.813152705827158,1.322605774232466,3,3,5,1.8811918974978319,1.8811918974978319,1.8811918974978319
359,FIXED_COLLISION,72,7.2,1.0,62,6.2,15,19.916002439720252,10.637213314328582,-6.976414057104947,2.302375068286723,3.8973276810188477,3.8973276810188477,3.8973276810188477,1,5.041874751674447,2,3.967021832691779,-5.081020416159891,-5.3027120422750045,3.745330206576666,5.0,0,-6.139563049689976,1.6737020148299422,3,3,5,3.8973276810188477,3.8973276810188477,3.8973276810188477
359,FIXED_COLLISION,72,7.2,0.5,67,6.7,15,17.03951346453096,7.760724339139289,-6.482641782580011,2.7961473428116594,3.0860267064582145,3.0860267064582145,3.0860267064582145,1,5.37282185290898,3,3.0034045804786342,-6.036014128765036,-6.085838390135625,2.9535803191080445,0.07216178165762577,1,-6.284240086357817,0.39680339244438567,4,4,6,0.07216178165762577,0.07216178165762577,0.07216178165762577
369,FIXED_COLLISION,27,2.7,2.0,7,0.7000000000000001,15,9.176533446939036,3.246238192180922,-4.786509295779382,1.1437859589787327,5.239534394410966,5.0,5.0,0,1.727804258115407,2,8.899028056254261,2.9857965714940686,-1.8440486543807788,4.069182830379414,3.7986094898097473,1,-3.3152789750800804,2.942460641398603,2,4,5,3.7986094898097473,3.7986094898097473,3.6395909555490493
369,FIXED_COLLISION,27,2.7,1.0,17,1.7000000000000002,15,7.705258380874891,1.774963126116777,-4.125323119645032,1.8049721351130816,5.016227128269552,5.0,5.0,0,1.4517915723838717,2,7.516349389285709,1.6031179045255168,-0.9739131649120969,4.939318319848096,4.562195956921563,1,-2.5496181422785646,3.1514099547329355,2,2,6,4.562195956921563,4.562195956921563,2.5831745424405304
369,FIXED_COLLISION,27,2.7,0.5,22,2.2,15,7.29859586115954,1.3683006064014256,-3.572896377950678,2.3573988768074363,5.987816796132867,5.0,5.0,0,1.1222890123063827,2,7.0295582232762985,1.116326738516106,-0.9921410900754744,4.921090394684718,4.42128465830229,1,-2.282518734013076,2.5807552878752036,2,2,4,4.42128465830229,4.42128465830229,2.5676909407442814
395,SAFE,66,6.6000000000000005,3.0,36,3.6,1,39.43157148253584,34.23454292669948,3.4895346087588095,8.686563164595164,3.0005259015631185,3.0005259015631185,3.0005259015631185,1,12.50379752014872,4,26.486303451962044,21.270048350190514,4.738549887863472,9.954804989635003,2.4501706982104268,1,4.114042248311141,1.249015279104663,0,0,0,5.0,5.0,5.0
395,SAFE,66,6.6000000000000005,2.0,46,4.6000000000000005,1,28.440834895830033,23.24380633999368,2.636700171248407,7.833728727084761,2.6078491172459097,2.6078491172459097,2.6078491172459097,1,10.078465263968347,4,17.670969075981173,12.454713974209643,4.437668342029543,9.653923443801073,1.4900614743999119,1,3.537184256638975,1.800968170781136,0,0,0,5.0,5.0,5.0
395,SAFE,66,6.6000000000000005,1.0,56,5.6000000000000005,1,19.976609744026167,14.779581188189812,0.10681832551887371,5.303846881355228,2.5343427410531785,2.5343427410531785,2.5343427410531785,1,7.326721427251165,4,10.639110162046691,5.422855060275161,4.5663609112786325,9.782616013050163,0.38873779983976825,1,2.336589618398753,4.459542585759759,0,1,1,5.0,2.5343427410531785,2.5343427410531785
395,SAFE,66,6.6000000000000005,0.5,61,6.1000000000000005,1,16.421928417584425,11.22489986174807,-3.650448846590425,1.5465797092459295,2.506775913331672,2.506775913331672,2.506775913331672,1,6.4929118660067395,4,9.78392322027866,4.567668118507131,4.567668118507131,9.78392322027866,5.0,0,0.4586096359583529,8.218116965097556,1,1,1,2.506775913331672,2.506775913331672,2.506775913331672
445,SAFE,79,7.9,3.0,49,4.9,7,29.42845854517278,26.272427659082688,-2.765178170633788,0.39085271545630695,4.002540258340082,4.002540258340082,4.002540258340082,1,7.351148409198973,3,12.811648743251686,8.093628048515885,-0.38249601550804524,4.335524679227755,1.7271530406469515,1,-1.5738370930709167,2.382682155125743,2,3,5,1.7271530406469515,1.7271530406469515,1.5621162826924926
445,SAFE,79,7.9,2.0,59,5.9,2,30.874268328147785,25.862398946608685,-4.543766518448684,0.4681028630904146,4.126210712407328,4.126210712407328,4.126210712407328,1,7.480754934227707,3,5.994931465599107,1.2769107708633065,-1.0450042064522393,3.673016488283561,0.5944372015188766,1,-2.7943853624504618,3.4987623119964444,2,2,2,0.5944372015188766,0.5944372015188766,0.5944372015188766
445,SAFE,79,7.9,1.0,69,6.9,2,22.595428981580348,17.583559600041248,-2.575954235272986,2.435915146266112,2.6356904743021903,2.6356904743021903,2.6356904743021903,1,8.473234531137575,3,5.272467327590973,0.5544466328551723,0.5544466328551723,5.272467327590973,5.0,0,-1.0107538012089068,3.130400868128158,1,2,2,2.6356904743021903,2.6356904743021903,2.6356904743021903
445,SAFE,79,7.9,0.5,74,7.4,2,18.303515106608383,13.291645725069285,-2.234243242227445,2.777626139311653,2.16615619559167,2.16615619559167,2.16615619559167,1,8.255175734470555,7,14.252724609781488,11.096693723691393,2.192307873786808,5.348338759876903,2.276588074342337,1,-0.020967684220318583,4.426551116014252,1,1,1,2.16615619559167,2.16615619559167,2.16615619559167
498,SAFE,30,3.0,3.0,0,0.0,2,3.6152928397605013,-2.299255980325193,-2.299255980325193,3.6152928397605013,-0.2578360414991786,0.0,5.0,0,-1.6340694903520951,11,28.622079252808923,22.61346617371551,4.173158498991704,10.181771578085119,5.0,0,0.9369512593332554,6.472414479316897,1,1,1,5.0,5.0,5.0
498,SAFE,30,3.0,2.0,10,1.0,11,24.455546355184534,18.44693327609112,-0.7465081094226935,5.262104969670721,5.434677801426019,5.0,5.0,0,4.3192002405152525,2,6.3350080591563,0.42045923907060523,0.42045923907060523,6.3350080591563,5.0,0,-0.16302443517604415,1.1669673484932988,1,2,2,5.0,5.0,5.0
498,SAFE,30,3.0,1.0,20,2.0,3,24.146118903377644,18.271700903179205,-1.896111247875928,3.978306752322511,5.824205405066755,5.0,5.0,0,4.1157022345353065,11,20.25061689131841,14.242003812224993,0.8495413249074852,6.8581544040009,4.407821038953413,1,-0.5232849614842214,2.7456525727834133,1,2,3,5.0,4.407821038953413,4.407821038953413
498,SAFE,30,3.0,0.5,25,2.5,3,22.077210585238028,16.20279258503959,-2.9198001245153544,2.9546178756830845,5.555467314852259,5.0,5.0,0,3.9421950056244506,21,22.803504012146206,16.872193105421594,0.19499419780017924,6.126305104524791,5.0,0,-1.3624029633575876,3.1147943223155337,1,3,4,5.0,2.722922493073982,2.722922493073982
528,FIXED_COLLISION,29,2.9000000000000004,2.0,9,0.9,5,13.977462484134909,8.035985515331623,-5.52928541234243,0.4121915564608558,3.8904881292656617,3.8904881292656617,3.8904881292656617,1,3.5896027962412753,2,3.141028099618806,-2.775698319310779,-2.778725928871419,3.138000490058166,3.27147228838438,1,-4.154005670606924,2.750559483471011,3,3,3,3.27147228838438,3.27147228838438,3.27147228838438
528,FIXED_COLLISION,29,2.9000000000000004,1.0,19,1.9000000000000001,5,10.572213485551503,4.630736516748216,-5.581888936394913,0.35958803240837345,3.3671712111432157,3.3671712111432157,3.3671712111432157,1,3.1361586074158216,2,3.1337774917850165,-2.7829489271445684,-2.785012552549838,3.131713866379747,0.9701124210919604,1,-4.183450744472376,2.796876383845075,3,3,3,0.9701124210919604,0.9701124210919604,0.9701124210919604
528,FIXED_COLLISION,29,2.9000000000000004,0.5,24,2.4000000000000004,5,9.258699158367921,3.317222189564635,-5.582465632810347,0.35901133599293894,3.54873930566862,3.54873930566862,3.54873930566862,1,2.605088030688166,2,3.1342776581252534,-2.7824487608043316,-2.78244907516663,3.134277343762955,0.005490947680601743,1,-4.182457353988489,2.8000165576437173,3,3,3,0.005490947680601743,0.005490947680601743,0.005490947680601743
551,SAFE,36,3.6,3.0,6,0.6000000000000001,1,4.9642323977441976,-0.24348188455110087,-0.24348188455110087,4.9642323977441976,-2.693839025662075,0.0,5.0,0,-0.5936524846034125,9,74.80935579740624,69.0421190111639,0.5422762237351675,6.309513009977505,1.6302051807229554,1,0.1493971695920333,0.7857581082862684,1,2,2,5.0,1.6302051807229554,1.6302051807229554
551,SAFE,36,3.6,2.0,16,1.6,9,29.371463559018476,23.604226772776137,1.3294571108108695,7.096693897053207,0.6103574524248263,0.6103574524248263,0.6103574524248263,1,45.31241442831828,16,13.207574564373363,7.255066553170247,7.255066553170247,13.207574564373363,5.0,0,4.292261831990558,5.925609442359377,0,0,1,5.0,5.0,0.6103574524248263
551,SAFE,36,3.6,1.0,26,2.6,7,44.58471351737033,38.64250205388281,1.7494386858967585,7.691650149384279,0.8897835582566419,0.8897835582566419,0.8897835582566419,1,48.61605688499667,2,8.483967177853424,3.1834969507872284,3.1834969507872284,8.483967177853424,5.0,0,2.4664678183419935,1.4340582648904698,0,0,1,5.0,5.0,0.8897835582566419
551,SAFE,36,3.6,0.5,31,3.1,7,20.339774461514278,14.397562998026757,1.3698820087713983,7.312093472258919,0.37951210570300653,0.37951210570300653,0.37951210570300653,1,46.66806809324496,2,10.488976026322351,5.188505799256156,5.188505799256156,10.488976026322351,5.0,0,3.279193904013777,3.8186237904847573,0,0,1,5.0,5.0,0.37951210570300653
578,FIXED_COLLISION,43,4.3,3.0,13,1.3,6,25.125227461656042,15.852467391355752,6.974827025236284,16.247587095536574,0.3714843836122448,0.3714843836122448,0.3714843836122448,1,39.35156877537579,2,48.398218104811576,35.54160985474869,7.14093871846107,19.997546968523952,0.8294576689975852,1,7.057882871848677,0.1661116932247868,0,0,0,5.0,5.0,5.0
578,FIXED_COLLISION,43,4.3,2.0,23,2.3000000000000003,2,24.11991208168546,11.263303831622578,11.263303831622578,24.11991208168546,-0.16479006950455583,0.0,5.0,0,-16.54101474480195,2,24.11991208168546,11.263303831622578,11.263303831622578,24.11991208168546,5.0,0,11.263303831622578,0.0,0,0,0,5.0,5.0,5.0
578,FIXED_COLLISION,43,4.3,1.0,33,3.3000000000000003,5,53.267053939195016,43.97916879642385,-1.799788091330055,7.488097051441113,1.0621484070945002,1.0621484070945002,1.0621484070945002,1,49.15923515829923,2,62.630334637093064,49.77372638703018,49.77372638703018,62.630334637093064,5.0,0,23.98696914785006,51.57351447836024,1,1,1,1.0621484070945002,1.0621484070945002,1.0621484070945002
578,FIXED_COLLISION,43,4.3,0.5,38,3.8000000000000003,5,28.83560844154895,19.547723298777782,-1.7345881281914748,7.553297014579694,0.5524914851785182,0.5524914851785182,0.5524914851785182,1,48.610834627944,2,85.96211864145361,73.10551039139074,73.10551039139074,85.96211864145361,5.0,0,35.68546113159963,74.84009851958221,1,1,1,0.5524914851785182,0.5524914851785182,0.5524914851785182
610,SAFE,41,4.1000000000000005,3.0,11,1.1,6,7.798237175385356,1.8867183067031394,-2.473292136945942,3.438226731736275,2.713053346876823,2.713053346876823,2.713053346876823,1,2.315594010751375,4,3.762249760072575,-1.5709760558189436,-1.864291622807258,3.4689341930842605,5.0,0,-2.1687918798765997,0.6090005141386841,2,3,4,2.713053346876823,2.713053346876823,2.713053346876823
610,SAFE,41,4.1000000000000005,2.0,21,2.1,6,5.253739933657299,-0.6577789350249175,-2.5879859349231378,3.323532933759079,1.587418023572233,1.587418023572233,1.587418023572233,1,1.9851495737031808,4,3.6532690081069648,-1.6799568077845537,-2.0868843070753575,3.246341508816161,5.0,0,-2.3374351209992477,0.5011016278477802,2,3,3,1.587418023572233,1.587418023572233,1.587418023572233
610,SAFE,41,4.1000000000000005,1.0,31,3.1,2,3.971243908763851,-1.8768784607749787,-2.372844106009462,3.475278263529368,1.0356348659236274,1.0356348659236274,1.0356348659236274,1,0.8979907370051784,4,3.572622773038443,-1.7606030428530755,-1.9710174046670237,3.3622084112244948,5.0,0,-2.1719307553382428,0.40182670134243814,2,3,3,1.0356348659236274,1.0356348659236274,1.0356348659236274
610,SAFE,41,4.1000000000000005,0.5,36,3.6,2,3.6190588149794842,-2.2290635545593456,-2.3819927890655648,3.466129580473265,0.6326426780733403,0.6326426780733403,0.6326426780733403,1,0.47324691344759046,4,3.5638398549544372,-1.7693859609370812,-1.9126702285743162,3.420555587317202,5.0,0,-2.1473315088199403,0.46932256049124854,2,3,3,0.6326426780733403,0.6326426780733403,0.6326426780733403
654,FIXED_COLLISION,29,2.9000000000000004,2.0,9,0.9,13,13.622596962365256,7.688134031869945,-3.7703603932000567,2.1641025372952543,5.066810286243393,5.0,5.0,0,2.62119822241389,3,3.931526132144828,-3.1567345699160847,-3.5921402852090583,3.4961204168518543,1.4050978370462224,1,-3.6812503392045572,0.1782201079909984,3,4,6,1.4050978370462224,1.4050978370462224,1.4050978370462224
654,FIXED_COLLISION,29,2.9000000000000004,1.0,19,1.9000000000000001,13,11.231308228007984,5.296845297512673,-3.508005731876836,2.426457198618475,5.33898344353376,5.0,5.0,0,2.0135713818996432,3,3.7430220954460003,-3.3452386066149122,-3.384388434873847,3.7038722671870654,5.0,0,-3.4461970833753415,0.12361729700298874,3,4,6,3.1434717736166116,3.1434717736166116,3.1434717736166116
654,FIXED_COLLISION,29,2.9000000000000004,0.5,24,2.4000000000000004,3,3.8429197209715276,-3.245340981089385,-3.2504225839717003,3.8378381180892123,503.31648732928585,5.0,5.0,0,0.0010207185855354267,5,11.003794830880219,4.823406799898422,-2.560623736842991,3.619764294138806,2.9356066840038655,1,-2.9055231604073457,0.6897988471287091,3,4,6,2.9356066840038655,2.9356066840038655,2.9356066840038655
665,SAFE,27,2.7,2.0,7,0.7000000000000001,10,9.134343471115425,2.2104122959515227,0.6135988369716561,7.537530012135559,20.11999173411489,5.0,5.0,0,0.33280002484092364,9,9.124276015713338,2.178273299093144,0.7097145310697144,7.655717247689909,5.0,0,0.6616566840206852,0.09611569409805831,0,2,2,5.0,5.0,5.0
665,SAFE,27,2.7,1.0,17,1.7000000000000002,10,8.422025302331352,1.49809412716745,-1.589902760938041,5.334028414225862,11.071047722515216,5.0,5.0,0,0.6514918465054605,27,21.931266223399902,15.257128249224909,6.920022066472909,13.594160040647902,5.0,0,2.665059652767434,8.50992482741095,1,1,1,5.0,5.0,5.0
665,SAFE,27,2.7,0.5,22,2.2,24,18.384754776736155,11.710616797292808,-0.47105765965178215,6.2030803197915665,5.2865398704632245,5.0,5.0,0,3.0908340649990516,29,21.816169533687574,15.142031559512581,12.067118400803498,18.74125637497849,5.0,0,5.798030370575858,12.53817606045528,1,1,1,5.0,5.0,5.0
704,FIXED_COLLISION,21,2.1,2.0,1,0.1,5,50.282140823905735,44.131047496503356,-0.024458104125084645,6.126635223277292,3.203385664338247,3.203385664338247,3.203385664338247,1,15.463526780208214,18,51.09398749972369,43.21681392005832,1.692755955241556,9.569929534906926,3.510130850279661,1,0.8341489255582357,1.7172140593666407,1,1,2,3.203385664338247,3.203385664338247,3.203385664338247
704,FIXED_COLLISION,21,2.1,1.0,11,1.1,15,10.046253916348194,2.9873913219793637,0.49070936767457685,7.549571962043407,20.118120969279165,5.0,5.0,0,0.49934022765866815,5,37.03035848808247,30.87926516068009,0.7998158644113058,6.9509091918136825,2.941450041425989,1,0.6452626160429413,0.30910649673672896,0,2,3,5.0,2.941450041425989,2.898843203200882
704,FIXED_COLLISION,21,2.1,0.5,16,1.6,15,10.093197049403464,3.0343344550346343,0.10432659655518517,7.163189190924015,17.213568079121718,5.0,5.0,0,0.5860609494315919,5,30.98517222397516,24.834078896572784,0.7872563337399416,6.938349661142318,2.6590843063857097,1,0.4457914651475634,0.6829297371847565,0,2,3,5.0,2.6590843063857097,2.301220303851181
709,SAFE,78,7.800000000000001,3.0,48,4.800000000000001,2,3.1772663126950405,-2.6115857206701736,-2.6115857206701736,3.1772663126950405,-216.26199752480943,0.0,5.0,0,-7.685219411867302e-05,1,3.418143433058011,-2.5230960842732046,-2.5253265648588847,3.415912952472331,5.0,0,-2.5684561427645294,0.08625915581128885,2,4,5,5.0,5.0,5.0
709,SAFE,78,7.800000000000001,2.0,58,5.800000000000001,2,3.1765960830436883,-2.6122559503215257,-2.612916042673945,3.175935990691269,142.74380299162465,5.0,5.0,0,0.0001343578837438942,1,3.432188321992834,-2.5090511953383814,-2.5090511953383814,3.432188321992834,5.0,0,-2.560983619006163,0.10386484733556367,2,4,5,5.0,5.0,5.0
709,SAFE,78,7.800000000000001,1.0,68,6.800000000000001,2,3.177387814770806,-2.611464218594408,-2.61221947220966,3.176632561155554,139.72307544111203,5.0,5.0,0,0.0001537843630229568,1,3.4172130381428314,-2.524026479188384,-2.524026479188384,3.4172130381428314,5.0,0,-2.568122975699022,0.0881929930212757,2,4,5,5.0,5.0,5.0
709,SAFE,78,7.800000000000001,0.5,73,7.300000000000001,2,3.159227564830681,-2.629624468534533,-2.629624468534533,3.159227564830681,-22.939897512751518,0.0,5.0,0,-0.0008012019644315031,1,3.430241377125246,-2.51099814020597,-2.5323622653734765,3.408877251957739,5.0,0,-2.580993366954005,0.0972622031610566,2,4,5,5.0,5.0,5.0
818,SAFE,66,6.6000000000000005,3.0,36,3.6,5,16.693956106818252,11.591778600472246,1.8821329494732044,6.984310455819211,6.5946969986695185,5.0,5.0,0,2.2180283607661653,14,58.61638754790461,53.44426821750799,8.992706381059593,14.164825711456212,2.226365823897054,1,5.437419665266399,7.110573431586388,0,0,1,5.0,5.0,5.0
818,SAFE,66,6.6000000000000005,2.0,46,4.6000000000000005,5,14.33892632752633,9.236748821180324,2.5171601309019795,7.619337637247986,4.6080511870850795,4.6080511870850795,4.6080511870850795,1,2.2330927621707564,17,15.584637204404194,10.364443859904656,9.586430637750725,14.806623982250263,0.19125952544932592,1,6.051795384326352,7.069270506848746,0,0,0,5.0,5.0,5.0
818,SAFE,66,6.6000000000000005,1.0,56,5.6000000000000005,5,11.795017832027611,6.692840325681605,1.676726547136429,6.778904053482435,3.0168167992291957,3.0168167992291957,3.0168167992291957,1,2.618324406732393,54,48.68272611810131,45.52675145751848,2.9136215822355864,6.069596242818416,3.7862316129442886,1,2.295174064686008,1.2368950350991574,0,0,1,5.0,5.0,3.0168167992291957
818,SAFE,66,6.6000000000000005,0.5,61,6.1000000000000005,5,10.600933752938646,5.49875624659264,1.7593263302000395,6.861503836546046,2.2963947067634307,2.2963947067634307,2.2963947067634307,1,2.6823757083955337,12,19.69883577956767,14.65312417839411,10.2007308949966,15.24644249617016,0.5242758230859176,1,5.9800286125983195,8.44140456479656,0,0,1,5.0,5.0,2.2963947067634307
867,SAFE,75,7.5,3.0,45,4.5,1,5.232943273381554,-3.9070471850175004,-3.9244417830371248,5.21554867536193,0.07573965990467131,0.07573965990467131,0.07573965990467131,1,0.4585626006236341,8,28.693209258143142,19.541381218955443,1.2312196632986883,10.383047702486387,0.5689103010432421,1,-1.3466110598692183,5.155661446335813,1,1,3,0.07573965990467131,0.07573965990467131,0.07573965990467131
867,SAFE,75,7.5,2.0,55,5.5,1,7.137941503947918,-2.002048954451137,-2.002048954451137,7.137941503947918,-1.1343333278249503,0.0,5.0,0,-3.000787691481947,7,29.92246658032036,20.720349562415997,0.9493455052968169,10.151462523201182,0.6054641720129779,1,-0.5263517245771601,2.951394459747954,1,2,2,5.0,0.6054641720129779,0.6054641720129779
867,SAFE,75,7.5,1.0,65,6.5,15,35.82727407097826,26.656510532288863,0.5330451928733755,9.703808731562775,0.7204506153172421,0.7204506153172421,0.7204506153172421,1,46.08088196336445,1,10.445299489338906,1.305309030939851,1.305309030939851,10.445299489338906,5.0,0,0.9191771119066132,0.7722638380664755,0,1,2,5.0,0.7204506153172421,0.7204506153172421
867,SAFE,75,7.5,0.5,70,7.0,15,14.721148666846357,5.550385128156957,0.4156235330976177,9.586387071787017,0.23700656467470743,0.23700656467470743,0.23700656467470743,1,35.77331141971713,1,12.277801240795938,3.1378107823968833,3.1378107823968833,12.277801240795938,5.0,0,1.7767171577472505,2.7221872492992656,0,1,1,5.0,0.23700656467470743,0.23700656467470743
916,FIXED_COLLISION,69,6.9,3.0,39,3.9000000000000004,8,13.175546492834362,7.308027352365458,-2.4797735484285925,3.387745592040312,2.830286980993907,2.830286980993907,2.830286980993907,1,4.3474307763732725,2,5.376056258058731,-0.35817435414199394,-0.35817435414199394,5.376056258058731,5.0,0,-1.4189739512852932,2.1215991942865986,2,3,5,2.830286980993907,2.830286980993907,2.830286980993907
916,FIXED_COLLISION,69,6.9,2.0,49,4.9,8,9.288165465056666,3.4206463245877616,-2.629058033207461,3.2384611072614438,2.2324246088695703,2.2324246088695703,2.2324246088695703,1,3.654782509185677,12,18.505286541590703,11.83679027792311,-1.8942128978463675,4.774283365821226,5.0,0,-2.261635465526914,0.7348451353610934,2,4,5,2.2324246088695703,2.2324246088695703,2.2324246088695703
916,FIXED_COLLISION,69,6.9,1.0,59,5.9,8,6.124896094970685,0.25737695450178055,-2.598561504830256,3.2689576356386487,1.6427832003174718,1.6427832003174718,1.6427832003174718,1,2.666328531714223,12,16.474168488328978,9.805672224661384,-1.2622956397068572,5.4062006239607365,5.0,0,-1.9304285722685566,1.3362658651233987,2,4,5,1.6427832003174718,1.6427832003174718,1.6427832003174718
916,FIXED_COLLISION,69,6.9,0.5,64,6.4,8,5.0373053840214945,-0.8302137564474101,-2.6901499327372558,3.177369207731649,1.396800643899196,1.396800643899196,1.396800643899196,1,2.17147932608665,15,6.138740278651278,0.18327504272047168,0.1761254935927603,6.131590729523567,5.0,0,-1.2570122195722477,2.866275426330016,1,4,5,1.396800643899196,1.396800643899196,1.396800643899196
926,SAFE,78,7.800000000000001,3.0,48,4.800000000000001,9,15.46214397772294,5.63467951136767,-2.7281601097085266,7.099304356646743,1.299278865454754,1.299278865454754,1.299278865454754,1,9.391796134532994,16,16.509536399421716,7.309856645593857,2.7160886700510556,11.915768423878914,5.0,0,-0.00603571982873552,5.444248779759582,1,1,1,1.299278865454754,1.299278865454754,1.299278865454754
926,SAFE,78,7.800000000000001,2.0,58,5.800000000000001,9,7.832389543941456,-1.9950749224138136,-2.454417630958634,7.373046835396636,0.22772475258627134,0.22772475258627134,0.22772475258627134,1,3.915896436110384,16,16.504864833055983,7.305185079228124,6.785629876934792,15.98530963076265,5.0,0,2.1656061229880788,9.240047507893426,1,1,1,0.22772475258627134,0.22772475258627134,0.22772475258627134
926,SAFE,78,7.800000000000001,1.0,68,6.800000000000001,9,11.238462043834708,1.4109975774794385,1.4109975774794385,11.238462043834708,-0.6801555838929257,0.0,5.0,0,-8.893766681356666,16,16.821674980436175,7.621995226608316,7.621995226608316,16.821674980436175,5.0,0,4.516496402043877,6.210997649128878,0,0,1,5.0,5.0,5.0
926,SAFE,78,7.800000000000001,0.5,73,7.300000000000001,9,16.324486928570423,6.497022462215153,6.497022462215153,16.324486928570423,-1.153999285151136,0.0,5.0,0,-10.644629818851824,8,38.58848877723991,29.396610344482433,11.933876805281148,21.125755238038625,5.0,0,9.21544963374815,5.4368543430659955,0,0,0,5.0,5.0,5.0
967,SAFE,56,5.6000000000000005,3.0,26,2.6,3,13.666446941804347,4.491028217018783,-4.228115104674789,4.947303620110775,1.9565925589245667,1.9565925589245667,1.9565925589245667,1,6.069482856579815,10,26.984756398492788,20.027775712896847,-3.1914464803781373,3.7655342052178034,2.277538077992203,1,-3.709780792526463,1.0366686242966514,2,2,2,1.9565925589245667,1.9565925589245667,1.9565925589245667
967,SAFE,56,5.6000000000000005,2.0,36,3.6,3,7.556598107913054,-1.6188206168725099,-4.917613162411726,4.257805562373838,0.8545693986058079,0.8545693986058079,0.8545693986058079,1,6.0352205824502665,6,17.7119174619005,8.484356055813127,8.484356055813127,17.7119174619005,5.0,0,1.7833714467007002,13.401969218224853,1,1,1,0.8545693986058079,0.8545693986058079,0.8545693986058079
967,SAFE,56,5.6000000000000005,1.0,46,4.6000000000000005,3,5.383494543511721,-3.791924181273843,-3.791924181273843,5.383494543511721,-0.274255302091132,0.0,5.0,0,-3.715914808555621,2,41.64127176962508,32.49458259713382,3.929950137470046,13.076639309961301,5.0,0,0.06901297809810147,7.721874318743889,1,1,1,5.0,5.0,5.0
967,SAFE,56,5.6000000000000005,0.5,51,5.1000000000000005,2,38.08887520323656,28.942186030745304,-5.365788571213878,3.780900601277377,4.972336093015269,4.972336093015269,4.972336093015269,1,7.584677014045799,3,7.437919512800981,-1.7374992119845825,-1.7374992119845825,7.437919512800981,5.0,0,-3.5516438915992303,3.6282893592292957,2,2,2,4.972336093015269,4.972336093015269,4.972336093015269
1014,SAFE,79,7.9,3.0,49,4.9,10,13.778529213380146,4.523294889214384,4.523294889214384,13.778529213380146,-503.0619936721958,0.0,5.0,0,-0.02694119054296819,5,13.817237043464466,4.847463183092886,4.711981194790422,13.681755055162002,5.0,0,4.617638042002403,0.18868630557603794,0,0,0,5.0,5.0,5.0
1014,SAFE,79,7.9,2.0,59,5.9,11,29.42119401927693,16.287670425597913,4.470446232273925,17.60396982595294,3.6339098852136895,3.6339098852136895,3.6339098852136895,1,5.197701623261079,5,13.74683146653043,4.77705760615885,4.688759600379564,13.658533460751144,5.0,0,4.579602916326745,0.21831336810563862,0,0,0,5.0,5.0,5.0
1014,SAFE,79,7.9,1.0,69,6.9,11,25.060199782119085,11.92667618844007,4.593696097005878,17.727219690684894,2.97452710347396,2.97452710347396,2.97452710347396,1,4.209147465256626,5,13.73648725724195,4.7667133968703705,4.733649374110035,13.703423234481615,5.0,0,4.663672735557957,0.13995327710415673,0,0,0,5.0,5.0,5.0
1014,SAFE,79,7.9,0.5,74,7.4,11,23.121287339436552,9.987763745757537,4.439661843489915,17.57318543716893,2.5632151516496715,2.5632151516496715,2.5632151516496715,1,3.8096298674150426,5,13.772243032115838,4.802469171744258,4.802469171744258,13.772243032115838,5.0,0,4.621065507617087,0.3628073282543429,0,0,0,5.0,5.0,5.0
1032,NEW_COLLISION,56,5.6000000000000005,3.0,26,2.6,2,68.78691850282979,63.58358839832534,-2.329114169958035,2.8742159345464193,2.9963807121237394,2.9963807121237394,2.9963807121237394,1,22.916587672414625,7,26.168908972814947,20.15573550794937,2.394297355763321,8.407470820628898,2.813172018695919,1,0.03259159290264302,4.723411525721356,1,1,1,2.9963807121237394,2.9963807121237394,2.9963807121237394
1032,NEW_COLLISION,56,5.6000000000000005,2.0,36,3.6,2,46.150519533868064,40.94718942936361,-1.850462219772182,3.352867884732272,2.0447785532139537,2.0447785532139537,2.0447785532139537,1,22.450808298299084,7,18.318743798624997,12.30557033375942,2.77179946967755,8.784972934543127,1.9400429059611222,1,0.4606686249526839,4.622261689449732,1,1,1,2.0447785532139537,2.0447785532139537,2.0447785532139537
1032,NEW_COLLISION,56,5.6000000000000005,1.0,46,4.6000000000000005,2,23.27425449066783,18.070924386163377,-2.5865968986812256,2.6167332058232287,1.0227705843395019,1.0227705843395019,1.0227705843395019,1,22.46843480033854,1,9.67878206473442,6.856090348586541,0.3295909164548263,3.1522826326027062,1.183344387654808,1,-1.1285029911131996,2.916187815136052,1,2,3,1.0227705843395019,1.0227705843395019,1.0227705843395019
1032,NEW_COLLISION,56,5.6000000000000005,0.5,51,5.1000000000000005,2,11.995423356954596,6.792093252450142,-2.907509299766902,2.295820804737552,0.519931450594989,0.519931450594989,0.519931450594989,1,22.226051142377024,1,6.331705940451457,3.5090142243035767,0.8472300703306939,3.669921786478574,0.6856615154145019,1,-1.0301396147181041,3.754739370097596,1,2,3,0.519931450594989,0.519931450594989,0.519931450594989
1070,SAFE,18,1.8,1.0,8,0.8,2,11.49288611947476,2.212712877672965,2.212712877672965,11.49288611947476,-1.1866014265147504,0.0,5.0,0,-2.5150178256882634,4,24.130401462837135,14.828121482494026,14.828121482494026,24.130401462837135,5.0,0,8.520417180083495,12.615408604821061,0,0,0,5.0,5.0,5.0
1070,SAFE,18,1.8,0.5,13,1.3,2,12.660522673382095,3.380349431580301,3.380349431580301,12.660522673382095,-1.3592532203038,0.0,5.0,0,-2.8620295336547206,8,26.180064984971025,16.79787153257304,16.79787153257304,26.180064984971025,5.0,0,10.08911048207667,13.41752210099274,0,0,0,5.0,5.0,5.0
1125,SAFE,74,7.4,3.0,44,4.4,18,18.502257616921554,12.651527143041555,0.9448233635677354,6.795553837447734,1.5791176844150474,1.5791176844150474,1.5791176844150474,1,10.136274426332806,17,8.761466198264845,2.759859764832031,2.759859764832031,8.761466198264845,5.0,0,1.8523415641998833,1.8150364012642957,0,1,1,5.0,1.5791176844150474,1.5791176844150474
1125,SAFE,74,7.4,2.0,54,5.4,18,8.220107579246607,2.369377105366608,-0.5368058751891924,5.313924598690806,0.5142969566614461,0.5142969566614461,0.5142969566614461,1,9.303764397443613,8,8.765581042686103,2.7021824858724166,2.7021824858724166,8.765581042686103,5.0,0,1.082688305341612,3.238988361061609,1,1,1,0.5142969566614461,0.5142969566614461,0.5142969566614461
1125,SAFE,74,7.4,1.0,64,6.4,18,7.995193349918838,2.1444628760388396,2.1444628760388396,7.995193349918838,-0.4414516078844549,0.0,5.0,0,-10.054980176786497,8,10.925396032603793,4.8619974757901065,4.8619974757901065,10.925396032603793,5.0,0,3.503230175914473,2.717534599751267,0,0,0,5.0,5.0,5.0
1125,SAFE,74,7.4,0.5,69,6.9,22,9.463833701869921,3.753448459812075,-1.5723303851544195,4.138054856903427,0.7361607904944312,0.7361607904944312,0.7361607904944312,1,10.397826297877613,1,11.968328611242915,6.101991698682019,3.208834477422421,9.075171389983318,3.782221782476706,1,0.8182520461340008,4.781164862576841,1,1,1,0.7361607904944312,0.7361607904944312,0.7361607904944312
1177,SAFE,69,6.9,3.0,39,3.9000000000000004,3,23.291804030807853,14.007517081317364,2.556094014242678,11.840380963733168,6.37950746428768,5.0,5.0,0,2.840351258342683,19,15.297448175044908,3.6018520446622055,3.3739780469235487,15.06957417730625,0.07001495722091072,1,2.9650360305831134,0.8178840326808707,0,0,0,5.0,5.0,5.0
1177,SAFE,69,6.9,2.0,49,4.9,3,20.45983695573064,11.175550006240151,1.0830581891975282,10.367345138688018,5.302541597263998,5.0,5.0,0,2.8771472015221367,9,35.60793796841618,26.352396938803395,3.059912252979231,12.315453282592017,0.6944446253620892,1,2.0714852210883796,1.976854063781703,0,0,1,5.0,5.0,5.0
1177,SAFE,69,6.9,1.0,59,5.9,3,17.434043246216604,8.149756296726114,-1.1104176916407287,8.173869257849761,4.205629145504265,4.205629145504265,4.205629145504265,1,3.2341803285599413,9,17.96145006942714,8.705909039814355,8.705909039814355,17.96145006942714,5.0,0,3.797745674086813,9.816326731455083,1,1,1,4.205629145504265,4.205629145504265,4.205629145504265
1177,SAFE,69,6.9,0.5,64,6.4,3,15.9750692340367,6.690782284546211,-1.3329249677198494,7.95136198177064,3.8435314660872555,3.8435314660872555,3.8435314660872555,1,3.1266539016170696,44,106.56221662290798,95.15991696524019,6.796696521678861,18.19899617934666,1.9766788893654563,1,2.7318857769795057,8.12962148939871,1,1,1,3.8435314660872555,3.8435314660872555,3.8435314660872555
1235,SAFE,32,3.2,3.0,2,0.2,3,9.240096327053946,0.2167787885407595,-5.949765918596431,3.0735516199167554,2.698538668387867,2.698538668387867,2.698538668387867,1,3.0452536532685244,2,11.966774046914871,4.875241206539588,4.875241206539588,11.966774046914871,5.0,0,-0.5372623560284215,10.825007125136018,1,1,1,2.698538668387867,2.698538668387867,2.698538668387867
1235,SAFE,32,3.2,2.0,12,1.2000000000000002,3,8.417380676343086,-0.6059368621701005,-6.984863223373801,2.0384543151393855,6.357239212049781,5.0,5.0,0,1.3059342778579426,2,17.949643774676836,10.858110934301553,10.858110934301553,17.949643774676836,5.0,0,1.9366238554638762,17.842974157675354,1,1,1,5.0,5.0,5.0
1235,SAFE,32,3.2,1.0,22,2.2,3,7.869532230971946,-1.1537853075412405,-4.131838561384945,4.891478977128242,13.209780603285072,5.0,5.0,0,0.5956397350296505,5,23.131020068528905,16.048712001489022,16.048712001489022,23.131020068528905,5.0,0,5.958436720052038,20.180550562873968,1,1,1,5.0,5.0,5.0
1235,SAFE,32,3.2,0.5,27,2.7,3,7.780812303317615,-1.2425052351955719,-1.2429589019864355,7.780358636526751,0.17445681354225748,0.17445681354225748,0.17445681354225748,1,0.005200754913976979,5,25.99792236434799,18.91561429730811,18.91561429730811,25.99792236434799,5.0,0,8.836327697660838,20.158573199294544,1,1,1,0.17445681354225748,0.17445681354225748,0.17445681354225748
1283,SAFE,21,2.1,2.0,1,0.1,2,19.59321537507158,10.237139122848891,-1.1147295600711207,8.241346692151568,8.124943342638682,5.0,5.0,0,2.3294222949890635,21,57.189252116125694,44.386776460719695,0.5268183075428219,13.329293962948823,1.293770339563168,1,-0.2939556262641494,1.6415478676139426,1,2,2,5.0,1.293770339563168,1.293770339563168
1283,SAFE,21,2.1,1.0,11,1.1,21,19.35173372642233,6.549258071016331,0.6524492821448575,13.454924937550858,0.3436897877912993,0.3436897877912993,0.3436897877912993,1,29.086571831288378,12,12.854526436121153,3.657163431788172,3.657163431788172,12.854526436121153,5.0,0,2.154806356966515,3.0047141496433145,0,1,1,5.0,0.3436897877912993,0.3436897877912993
1283,SAFE,21,2.1,0.5,16,1.6,21,15.296911669780703,2.4944360143747026,2.4944360143747026,15.296911669780703,-0.18823965635193704,0.0,5.0,0,-19.44322216764665,12,12.52688917364784,3.3295261693148586,3.3293811774576696,12.52674418179065,0.02948010134992961,1,2.911908595916186,0.834945163082967,0,0,0,5.0,5.0,5.0
1294,NEW_COLLISION,79,7.9,3.0,49,4.9,17,14.780117315243476,5.483692262975772,-6.370777918868091,2.925647133399613,4.472997373463951,4.472997373463951,4.472997373463951,1,3.174828764450022,1,3.2569537649044458,-6.16188039400171,-6.340848505980178,3.077985652925978,0.3703132691611169,1,-6.355813212424135,0.029929412887913287,2,3,4,0.3703132691611169,0.3703132691611169,0.3703132691611169
1294,NEW_COLLISION,79,7.9,2.0,59,5.9,1,3.4561914027266916,-5.962642756179465,-5.962642756179465,3.4561914027266916,-0.4513003485690419,0.0,5.0,0,-0.8354887150584323,10,11.891745321710083,2.690755905389299,-3.870765858551728,5.330223557769056,3.298986945856199,1,-4.916704307365596,2.0918768976277367,2,2,3,3.298986945856199,3.298986945856199,3.298986945856199
1294,NEW_COLLISION,79,7.9,1.0,69,6.9,1,4.470187595457308,-4.948646563448849,-4.948646563448849,4.470187595457308,-1.5508532762774163,0.0,5.0,0,-1.2235491228370727,10,9.305743228240539,0.10475381191975508,-3.479903694652017,5.721085721668767,2.300958189198017,1,-4.214275129050433,1.4687428687968316,2,3,3,2.300958189198017,2.300958189198017,2.300958189198017
1294,NEW_COLLISION,79,7.9,0.5,74,7.4,1,5.1465449874319855,-4.272289171474171,-4.272289171474171,5.1465449874319855,-1.9615815541274544,0.0,5.0,0,-1.2826307284778664,10,8.05156355699282,-1.1494258593279643,-3.3680775372416463,5.832911879079138,1.672936711437239,1,-3.8201833543579085,0.9042116342325244,3,3,4,1.672936711437239,1.672936711437239,1.672936711437239
1310,NEW_COLLISION,18,1.8,1.0,8,0.8,3,7.440177850633228,-1.7295832281112098,-4.98494052758003,4.184820551164408,3.6448295725801603,3.6448295725801603,3.6448295725801603,1,1.3955037929319558,2,6.287387416317009,-2.842879257194695,-2.842879257194695,6.287387416317009,5.0,0,-3.9139098923873625,2.1420612703853354,2,2,3,3.6448295725801603,3.6448295725801603,3.6448295725801603
1310,NEW_COLLISION,18,1.8,0.5,13,1.3,3,6.827063419585878,-2.34269765915856,-5.023840316144492,4.145920762599946,3.412019649886714,3.412019649886714,3.412019649886714,1,1.262987972176189,2,7.573962135207528,-1.5563045383041763,-1.5563045383041763,7.573962135207528,5.0,0,-3.290072427224334,3.4675357778403155,2,2,2,3.412019649886714,3.412019649886714,3.412019649886714
1326,FIXED_COLLISION,21,2.1,2.0,1,0.1,5,20.010571003740587,12.207026362108586,-4.588665276626987,3.214879365005015,2.314063807802625,2.314063807802625,2.314063807802625,1,8.424171998769008,4,14.38978370470894,9.066302657107606,0.6004048180206087,5.9238858656219415,5.0,0,-1.994130229303189,5.189070094647596,1,2,2,2.314063807802625,2.314063807802625,2.314063807802625
1326,FIXED_COLLISION,21,2.1,1.0,11,1.1,5,13.785535522868745,5.981990881236743,-3.7308915514259757,4.0726530902060265,2.0737611885850877,2.0737611885850877,2.0737611885850877,1,6.0674073540529125,4,12.013191308574651,6.689710260973318,-0.4374570091119683,4.8860240384893645,3.9211421580670516,1,-2.084174280268972,3.2934345423140075,2,2,3,2.0737611885850877,2.0737611885850877,0.9051008783663388
1326,FIXED_COLLISION,21,2.1,0.5,16,1.6,8,8.316326037551356,3.1255131010773454,0.1536873860561716,5.344500322530182,0.5189327431457685,0.5189327431457685,0.5189327431457685,1,9.407142566662984,5,12.247201663189617,4.443657021557615,2.4079664535435255,10.211511095175528,1.435272691925818,1,1.2808269197998485,2.254279067487354,0,1,1,5.0,0.5189327431457685,0.5189327431457685
1330,SAFE,66,6.6000000000000005,3.0,36,3.6,8,23.189935353560873,18.203471379897298,3.3589344702220183,8.345398443885593,4.962233250560607,4.962233250560607,4.962233250560607,1,4.068060224900395,22,44.86789640935676,39.6646929789143,3.5418442155121284,8.745047645954585,5.0,0,3.4503893428670733,0.18290974529011006,0,0,0,5.0,5.0,5.0
1330,SAFE,66,6.6000000000000005,2.0,46,4.6000000000000005,22,38.065010021316255,32.8618065908738,1.5586495398685134,6.76185297031097,6.07727018896131,5.0,5.0,0,6.262638464933843,8,19.951173396024117,14.964709422360542,1.7705058867924386,6.756969860456013,4.172977952228453,1,1.664577713330476,0.2118563469239252,0,0,2,5.0,5.0,4.172977952228453
1330,SAFE,66,6.6000000000000005,1.0,56,5.6000000000000005,22,32.232878442926406,27.02967501248395,0.3801151704399972,5.583318600882454,6.031381969638302,5.0,5.0,0,5.339996105858113,8,17.902907051564938,12.916443077901363,1.6831014319374367,6.669565405601011,4.5710460476911265,1,1.031608301188717,1.3029862614974395,0,1,2,5.0,5.0,4.5710460476911265
1330,SAFE,66,6.6000000000000005,0.5,61,6.1000000000000005,22,29.743355043239426,24.54015161279697,-0.029247064991406724,5.17395636545105,6.042577294966252,5.0,5.0,0,4.919809061461996,8,17.099957873563714,12.113493899900138,1.9821554023064385,6.968619375970013,5.0,0,0.9764541686575159,2.011402467297845,1,1,2,5.0,5.0,5.0
1376,SAFE,79,7.9,3.0,49,4.9,24,12.687307871487802,5.422853621590283,-3.454334672995044,3.8101195769024745,0.9444984538886892,0.9444984538886892,0.9444984538886892,1,12.221399167599483,5,11.762525874746892,2.6194701191445873,2.6194701191445873,11.762525874746892,5.0,0,-0.41743227692522833,6.073804792139631,1,1,1,0.9444984538886892,0.9444984538886892,0.9444984538886892
1376,SAFE,79,7.9,2.0,59,5.9,5,12.3478876832575,3.2048319276551958,3.0429254810430226,12.185981236645327,1.0085523929068347,1.0085523929068347,1.0085523929068347,1,0.3189620745437478,43,28.25549530071083,19.12585688981361,7.937141210049788,17.06677962094701,5.0,0,5.490033345546405,4.894215729006765,0,0,0,5.0,5.0,5.0
1376,SAFE,79,7.9,1.0,69,6.9,5,12.554683484122506,3.4116277285202017,3.4116277285202017,12.554683484122506,-2.0976204791542323,0.0,5.0,0,-1.0621672709183287,23,35.31745684323383,26.12124196047802,10.440068376173972,19.63628325892978,0.6946594585545216,1,6.925848052347087,7.02844064765377,0,0,0,5.0,5.0,5.0
1376,SAFE,79,7.9,0.5,74,7.4,5,13.49547656990166,4.3524208142993555,4.3524208142993555,13.49547656990166,-3.3324327159797478,0.0,5.0,0,-2.786340019320793,23,21.404007247833135,12.207792365077328,10.8632404070176,20.059455289773407,0.17409644759187673,1,7.607830610658477,6.510819592718244,0,0,0,5.0,5.0,5.0
1400,NEW_COLLISION,74,7.4,3.0,44,4.4,11,12.103300904725407,2.9716126857831835,-5.670374284733759,3.4613139342084644,2.505649861813711,2.505649861813711,2.505649861813711,1,4.435348729347682,40,15.071706879397892,3.6862459891898123,-4.631059447035365,6.754401443172715,5.0,0,-5.1507168658845615,1.0393148376983943,3,3,3,2.505649861813711,2.505649861813711,2.505649861813711
1400,NEW_COLLISION,74,7.4,2.0,54,5.4,40,12.351448730533521,0.9659878403254414,-5.663795721220957,5.721665168987123,3.4948644955677066,3.4948644955677066,3.4948644955677066,1,2.7757739412690365,38,30.247833513342524,21.06123844894082,-2.230013698551124,6.95658136585058,5.0,0,-3.9469047098860406,3.433782022669833,3,3,3,3.4948644955677066,3.4948644955677066,3.4948644955677066
1400,NEW_COLLISION,74,7.4,1.0,64,6.4,16,5.783306319386331,-3.3409322090451044,-7.058763655839715,2.0654748725917207,2.073881400444834,2.073881400444834,2.073881400444834,1,2.4329422820197975,40,9.38337899819771,-2.00208189201037,-6.639378626407295,4.746082263800785,2.3584240895389983,1,-6.849071141123504,0.4193850294324202,3,3,4,2.073881400444834,2.073881400444834,2.073881400444834
1400,NEW_COLLISION,74,7.4,0.5,69,6.9,40,8.0029023110071,-3.38255857920098,-6.989876350774089,4.395584539433991,2.004667869001475,2.004667869001475,2.004667869001475,1,2.7878098098697843,16,4.515455165333112,-4.608783363098324,-6.673126032957756,2.451112495473679,1.4251835148928527,1,-6.8315011918659225,0.3167503178163322,3,3,3,1.4251835148928527,1.4251835148928527,1.4251835148928527
1431,SAFE,30,3.0,3.0,0,0.0,7,19.525283671955748,14.260643767108592,14.260643767108592,19.525283671955748,-356.0687592696103,0.0,5.0,0,-0.05266075168002636,1,22.20177342601723,17.00329347318098,17.00329347318098,22.20177342601723,5.0,0,15.631968620144786,2.74264970607239,0,0,0,5.0,5.0,5.0
1431,SAFE,30,3.0,2.0,10,1.0,41,55.31784013737294,50.08555352909626,11.279798533908675,16.512085142185356,3.779609483239691,3.779609483239691,3.779609483239691,1,13.331818948701489,7,19.425961251501683,14.161321346654526,14.161321346654526,19.425961251501683,5.0,0,12.7205599402816,2.8815228127458514,0,0,0,5.0,5.0,5.0
1431,SAFE,30,3.0,1.0,20,2.0,7,20.08647707445225,14.821837169605095,14.821837169605095,20.08647707445225,-25.574343920362956,0.0,5.0,0,-0.7623990538644876,34,49.54864111121738,44.457698119962075,40.808545062011646,45.89948805326695,5.0,0,27.81519111580837,25.98670789240655,0,0,0,5.0,5.0,5.0
1431,SAFE,30,3.0,0.5,25,2.5,2,31.321478872759116,26.074963122800852,8.142579302038538,13.389095051996803,1.951055600400862,1.951055600400862,1.951055600400862,1,13.120076433960298,7,20.722823355633093,15.458183450785937,15.458183450785937,20.722823355633093,5.0,0,11.800381376412236,7.315604148747399,0,0,0,5.0,5.0,5.0
1487,SAFE,36,3.6,3.0,6,0.6000000000000001,3,5.314395641452727,0.21053469606629704,0.20464534433717407,5.308506289723604,3491.872039075892,5.0,5.0,0,0.001178061125594349,9,7.884404835396953,2.610049398718977,2.610049398718977,7.884404835396953,5.0,0,1.4073473715280755,2.405404054381803,0,1,1,5.0,5.0,5.0
1487,SAFE,36,3.6,2.0,16,1.6,3,5.26409483645192,0.16023389106549057,0.16023389106549057,5.26409483645192,0.0,0.0,5.0,0,0.0004091011970950399,9,7.933639987398077,2.659284550720101,2.659284550720101,7.933639987398077,5.0,0,1.4097592208927958,2.4990506596546105,0,1,1,5.0,5.0,5.0
1487,SAFE,36,3.6,1.0,26,2.6,3,5.21673000989799,0.11286906451156042,0.11286906451156042,5.21673000989799,-1766.6503370444009,0.0,5.0,0,-0.0022638305162620636,9,7.973898996429141,2.699543559751165,2.686650300490152,7.961005737168128,5.0,0,1.3997596825008563,2.5737812359785917,0,1,1,5.0,5.0,5.0
1487,SAFE,36,3.6,0.5,31,3.1,3,5.195334299031035,0.09147335364460574,-0.04949775176680404,5.054363193619626,140.31197959788997,5.0,5.0,0,0.028316230308960143,9,7.99107197651553,2.7167165398375532,2.7167165398375532,7.99107197651553,5.0,0,1.3336093940353746,2.7662142916043573,1,1,1,5.0,5.0,5.0
1544,SAFE,41,4.1000000000000005,3.0,11,1.1,1,8.72924175003501,1.6760898695697977,0.34974118036660773,7.40289306083182,2.0781514207712997,2.0781514207712997,2.0781514207712997,1,1.1794942974762859,11,23.82110957824929,11.252174349019743,9.162897832266886,21.73183306149643,1.154953643486758,1,4.756319506316746,8.813156651900279,0,1,1,5.0,2.0781514207712997,2.0781514207712997
1544,SAFE,41,4.1000000000000005,2.0,21,2.1,1,7.584755755508107,0.5316038750428946,0.2068884516096139,7.260040332074826,0.7333618162677665,0.7333618162677665,0.7333618162677665,1,0.8665971563941525,18,43.45252136030146,30.70409117262864,30.70409117262864,43.45252136030146,5.0,0,15.455489812119128,30.497202721019026,0,1,1,5.0,0.7333618162677665,0.7333618162677665
1544,SAFE,41,4.1000000000000005,1.0,31,3.1,1,7.203584406638481,0.15043252617326885,0.15043252617326885,7.203584406638481,-0.24815599589404805,0.0,5.0,0,-0.4300591802453432,10,27.391366623251706,14.886910420492793,14.886910420492793,27.391366623251706,5.0,0,7.518671473333031,14.736477894319524,0,1,1,5.0,5.0,5.0
1544,SAFE,41,4.1000000000000005,0.5,36,3.6,1,7.596135824556398,0.5429839440911852,0.5429839440911852,7.596135824556398,-0.7541651568932541,0.0,5.0,0,-1.486782469241759,12,28.5198449584189,15.726449460775495,15.726449460775495,28.5198449584189,5.0,0,8.13471670243334,15.18346551668431,0,1,1,5.0,5.0,5.0
1587,SAFE,27,2.7,2.0,7,0.7000000000000001,53,34.999998485190496,29.845607872851986,-1.6868476221867197,3.4675429901517885,4.22207218696297,4.22207218696297,4.22207218696297,1,8.208400576503516,15,32.67284770618597,27.8283521823946,-0.0679848492891626,4.776510674502207,5.0,0,-0.8774162357379411,1.618862772897557,2,4,4,4.22207218696297,3.814651238471768,3.814651238471768
1587,SAFE,27,2.7,1.0,17,1.7000000000000002,15,25.78687563958333,20.94238011579196,-3.0378546735370904,1.806640850254279,3.8120918067912726,3.8120918067912726,3.8120918067912726,1,6.73129158934416,1,14.689618028958556,9.621521924651317,-0.8259568322655717,4.242139272041667,2.5504682812513155,1,-1.931905752901331,2.2118978412715187,4,4,5,2.5504682812513155,2.5504682812513155,2.5504682812513155
1587,SAFE,27,2.7,0.5,22,2.2,15,22.27131988643959,17.42682436264822,-3.0813121439982227,1.7631833797931469,3.8009136476517913,3.8009136476517913,3.8009136476517913,1,5.822739909494969,1,12.55970418775801,7.491608083450771,-0.8397215862008913,4.228374518106348,2.0337475541822947,1,-1.960516865099557,2.2415905577973314,4,5,5,2.0337475541822947,2.0337475541822947,2.0337475541822947
1610,NEW_COLLISION,69,6.9,3.0,39,3.9000000000000004,1,4.0277926839013025,-1.449974288083479,-3.1460887171544676,2.331678254830314,11.83068617277855,5.0,5.0,0,0.3395512852021558,24,73.70215706491899,67.8194150943295,4.544406525626256,10.42714849621575,1.5877930561348395,1,0.6991589042358941,7.690495242780724,1,1,1,5.0,5.0,5.0
1610,NEW_COLLISION,69,6.9,2.0,49,4.9,1,4.132764028301732,-1.345002943683049,-1.345002943683049,4.132764028301732,-11.067428433026077,0.0,5.0,0,-0.34501722827360914,24,28.397663018152645,22.51492104756315,3.9744209086544036,9.857162879243898,0.5715993857033964,1,1.3147089824856772,5.319423852337453,1,1,1,5.0,5.0,5.0
1610,NEW_COLLISION,69,6.9,1.0,59,5.9,14,49.829906815091334,44.13477505316124,7.5827354857666,13.27786724769669,1.10297011592886,1.10297011592886,1.10297011592886,1,41.97016305119971,7,17.74735170170558,11.920048310458466,11.920048310458466,17.74735170170558,5.0,0,9.751391898112534,4.337312824691866,0,0,0,5.0,5.0,5.0
1610,NEW_COLLISION,69,6.9,0.5,64,6.4,14,28.766541463003275,23.071409701073186,5.320583532300928,11.015715294231018,0.6079379283435373,0.6079379283435373,0.6079379283435373,1,40.379514885020264,7,17.800381722867954,11.97307833162084,11.97307833162084,17.800381722867954,5.0,0,8.646830931960885,6.652494799319912,0,0,0,5.0,5.0,5.0
1658,SAFE,78,7.800000000000001,3.0,48,4.800000000000001,1,29.784773322989572,16.880326538020746,16.880326538020746,29.784773322989572,-1.273601168838335,0.0,5.0,0,-22.900946491207062,2,136.43810396002692,123.64360979518256,123.64360979518256,136.43810396002692,5.0,0,70.26196816660165,106.76328325716182,0,0,0,5.0,5.0,5.0
1658,SAFE,78,7.800000000000001,2.0,58,5.800000000000001,4,32.125064267440834,22.910155512201083,8.963998919771836,18.178907675011587,0.9923012205981206,0.9923012205981206,0.9923012205981206,1,22.00742773078548,1,53.93421561553567,41.029768830566844,41.029768830566844,53.93421561553567,5.0,0,24.99688387516934,32.06576991079501,0,0,0,5.0,5.0,5.0
1658,SAFE,78,7.800000000000001,1.0,68,6.800000000000001,4,18.051936057786623,8.837027302546872,8.837027302546872,18.051936057786623,-0.010558049918864179,0.0,5.0,0,-0.45100820016150234,1,77.17019374071481,64.26574695574598,64.26574695574598,77.17019374071481,5.0,0,36.55138712914643,55.42871965319911,0,0,0,5.0,5.0,5.0
1658,SAFE,78,7.800000000000001,0.5,73,7.300000000000001,4,22.348360044832987,13.133451289593236,13.133451289593236,22.348360044832987,-0.5058778339066399,0.0,5.0,0,-15.289372758443621,1,89.3689270912359,76.46448030626708,76.46448030626708,89.3689270912359,5.0,0,44.79896579793016,63.33102901667384,0,0,0,5.0,5.0,5.0
1666,NEW_COLLISION,32,3.2,3.0,2,0.2,7,10.656902317038732,3.336321008999281,3.336321008999281,10.656902317038732,-1.5504061489234937,0.0,5.0,0,-2.7221581725711097,8,14.197553500789885,9.015504264601073,4.25490336172452,9.436952597913333,1.5252489815135823,1,3.7956121853619007,0.918582352725239,0,0,0,5.0,5.0,5.0
1666,NEW_COLLISION,32,3.2,2.0,12,1.2000000000000002,15,18.614773201965857,11.300131385632177,0.8726040723404589,8.187245888674138,1.946146271342776,1.946146271342776,1.946146271342776,1,7.714639214933709,8,9.675800292666642,4.493751056477829,1.1641931071863736,6.346242343375186,1.1659340652267767,1,1.0183985897634162,0.2915890348459147,0,1,2,5.0,1.946146271342776,1.1659340652267767
1666,NEW_COLLISION,32,3.2,1.0,22,2.2,8,6.212805702135143,1.0307564659463306,0.09759117868174716,5.27964041487056,0.6206984941816773,0.6206984941816773,0.6206984941816773,1,2.7810102385740154,15,10.855111424075425,3.5404696077417457,0.4705918037413763,7.785233620075055,0.819253730922786,1,0.28409149121156174,0.37300062505962917,0,2,2,5.0,0.6206984941816773,0.6206984941816773
1666,NEW_COLLISION,32,3.2,0.5,27,2.7,8,4.95782438656079,-0.22422484962802258,-0.6390130055795895,4.543036230609223,0.42033523797126876,0.42033523797126876,0.42033523797126876,1,1.8910471377500735,15,8.252644514204114,0.9380026978704352,0.5209258288487133,7.835567645182392,0.2663746132683368,1,-0.059043588365438104,1.1599388344283028,1,2,2,0.42033523797126876,0.2663746132683368,0.2663746132683368
1685,NEW_COLLISION,21,2.1,2.0,1,0.1,8,7.418878147089979,-1.7924775060970948,-2.9746419128545076,6.236713740332566,3.5436678374298944,3.5436678374298944,3.5436678374298944,1,0.6140407072949827,2,6.376786015264842,-2.7671479234717564,-2.7671479234717564,6.376786015264842,5.0,0,-2.870894918163132,0.2074939893827512,3,3,3,3.5436678374298944,3.5436678374298944,3.5436678374298944
1685,NEW_COLLISION,21,2.1,1.0,11,1.1,10,32.03269107394345,18.188657098923787,-5.0286322302322795,8.81540174478738,5.261821200982229,5.0,5.0,0,5.640666196305637,8,6.646464040536935,-2.564891612650139,-3.996757568609162,5.214598084577911,3.1413011142463367,1,-4.512694899420721,1.0318746616231174,3,3,3,3.1413011142463367,3.1413011142463367,3.1413011142463367
1685,NEW_COLLISION,21,2.1,0.5,16,1.6,10,29.319382695044293,15.475348720024634,-4.739064858974139,9.10496911604552,4.862401797737595,4.862401797737595,4.862401797737595,1,5.448312774989134,8,6.306019867599516,-2.9053357855875577,-4.066046748347397,5.145308904839676,2.601957229419935,1,-4.402555803660768,0.6730181106267414,2,3,3,2.601957229419935,2.601957229419935,2.601957229419935
1755,SAFE,66,6.6000000000000005,3.0,36,3.6,13,21.117789621286,15.24825354687716,-2.0876424401832727,3.7818936342255673,3.2767443893536954,3.2767443893536954,3.2767443893536954,1,6.238053449908335,5,11.91089016391281,6.015744580766445,-0.4344891676226723,5.460656415523693,2.25582220796856,1,-1.2610658039029725,1.6531532725606004,2,2,3,2.25582220796856,2.25582220796856,2.25582220796856
1755,SAFE,66,6.6000000000000005,2.0,46,4.6000000000000005,5,8.68333515755179,2.7881895744054246,-1.7452007494649067,4.149944833681459,1.9538615964236465,1.9538615964236465,1.9538615964236465,1,3.429102145323249,13,16.14951103411089,10.27997495970205,-1.657781622549078,4.211754451859762,3.1920245462465484,1,-1.7014911860069923,0.08741912691582865,2,2,3,1.9538615964236465,1.9538615964236465,1.9538615964236465
1755,SAFE,66,6.6000000000000005,1.0,56,5.6000000000000005,5,6.867269197613802,0.9721236144674368,-2.326746555353319,3.5683990277930464,2.7043665453190258,2.7043665453190258,2.7043665453190258,1,1.8536846783619563,13,12.525498776226945,6.655962701818105,-1.7306140275151174,4.138922046893723,3.724997503605807,1,-2.028680291434218,0.5961325278382015,3,3,4,2.7043665453190258,2.7043665453190258,2.7043665453190258
1755,SAFE,66,6.6000000000000005,0.5,61,6.1000000000000005,5,6.351916077228209,0.45677049408184356,-2.624127788366979,3.2710177947793864,4.002423531566389,4.002423531566389,4.002423531566389,1,1.1661571160141657,13,11.297262106821332,5.427726032412492,-1.9498630439820994,3.9196730304267406,4.155896418625176,1,-2.2869954161745394,0.6742647443848795,2,2,4,4.002423531566389,4.002423531566389,4.002423531566389
1781,FIXED_COLLISION,80,8.0,3.0,50,5.0,20,104.7106967463035,91.71602206330311,14.78683127634758,27.78150595934796,2.321384709029638,2.321384709029638,2.321384709029638,1,41.93178165595739,37,23.992111184583553,14.79084140892633,14.79084140892633,23.992111184583553,5.0,0,14.788836342636955,0.004010132578748937,0,0,0,5.0,5.0,5.0
1781,FIXED_COLLISION,80,8.0,2.0,60,6.0,20,64.07362519682158,51.0789505138212,14.978762266739235,27.973436949739614,1.383214712373241,1.383214712373241,1.383214712373241,1,37.49302679610625,34,92.97744368648526,83.66125139965007,17.981802311173162,27.297994598008355,1.798839185274341,1,16.480282288956197,3.003040044433927,0,0,0,5.0,5.0,5.0
1781,FIXED_COLLISION,80,8.0,1.0,70,7.0,20,30.125670002811944,17.130995319811564,11.15251179928282,24.1471864822832,0.4306833765437552,0.4306833765437552,0.4306833765437552,1,25.007996082321863,34,46.87296764498895,37.55677535815376,12.349509790688895,21.665702077524088,0.861332780070996,1,11.751010794985858,1.196997991406075,0,0,0,5.0,5.0,5.0
1781,FIXED_COLLISION,80,8.0,0.5,75,7.5,34,26.69468080694888,17.378488520113688,11.220725107138485,20.536917393973678,0.3581174739906843,0.3581174739906843,0.3581174739906843,1,30.42323522996046,50,41.20794992303614,30.476655444599295,30.236337835098226,40.96763231353507,0.9754401912035964,1,20.728531471118355,19.01561272795974,0,0,0,5.0,5.0,5.0
1808,SAFE,75,7.5,3.0,45,4.5,12,27.70692433803567,18.453384719773148,16.09668114459081,25.350220762853333,0.25171807459133816,0.25171807459133816,0.25171807459133816,1,17.92858929226971,26,70.44678249131063,58.24888770929506,58.24888770929506,70.44678249131063,5.0,0,37.17278442694294,42.15220656470425,0,0,0,5.0,5.0,5.0
1808,SAFE,75,7.5,2.0,55,5.5,1,79.15457727367784,69.95015943338711,-5.173015551400056,4.0314022888906695,5.056712758477167,5.0,5.0,0,15.614726499215859,12,41.06753128155228,31.813991663289755,31.813991663289755,41.06753128155228,5.0,0,13.32048805594485,36.98700721468981,1,1,1,5.0,5.0,5.0
1808,SAFE,75,7.5,1.0,65,6.5,1,64.43712657659893,55.232708736308204,-4.1883424855485165,5.016075354742209,4.513258364902816,4.513258364902816,4.513258364902816,1,14.190779158386373,26,72.23610863986829,60.038213857852725,60.038213857852725,72.23610863986829,5.0,0,27.924935686152104,64.22655634340124,1,1,1,4.513258364902816,4.513258364902816,4.513258364902816
1808,SAFE,75,7.5,0.5,70,7.0,1,56.274357673831915,47.06993983354119,-3.7396837995762473,5.464734040714478,3.602533801617583,3.602533801617583,3.602533801617583,1,15.473465928451832,6,85.89788982031142,73.07594673700645,2.2086376522694753,15.030580735574452,2.057204172710287,1,-0.765523073653386,5.948321451845723,1,1,1,3.602533801617583,3.602533801617583,3.602533801617583
1861,SAFE,78,7.800000000000001,3.0,48,4.800000000000001,3,5.095847573358561,-0.7769572293879152,-0.7769572293879152,5.095847573358561,-116.52574742981463,0.0,5.0,0,-0.026629559007648584,9,11.276246748700881,5.351544850609865,5.351544850609865,11.276246748700881,5.0,0,2.287293810610975,6.12850207999778,1,1,1,5.0,5.0,5.0
1861,SAFE,78,7.800000000000001,2.0,58,5.800000000000001,3,5.131095111558889,-0.7417096911875865,-0.7417096911875865,5.131095111558889,-118.58754535492126,0.0,5.0,0,-0.026626509651638208,9,11.207009877071163,5.282307978980147,5.282307978980147,11.207009877071163,5.0,0,2.2702991438962803,6.0240176701677335,1,1,1,5.0,5.0,5.0
1861,SAFE,78,7.800000000000001,1.0,68,6.800000000000001,3,5.1615506586789035,-0.7112541440675724,-0.7112541440675724,5.1615506586789035,-132.15775048708917,0.0,5.0,0,-0.024234348644180732,4,54.20316010545774,48.2169568576619,0.29564605359126794,6.28184930138711,4.324339874617889,1,-0.2078040452381522,1.0069001976588403,1,2,2,5.0,4.324339874617889,4.324339874617889
1861,SAFE,78,7.800000000000001,0.5,73,7.300000000000001,4,48.029877852237625,42.04367460444178,-1.121462578568873,4.864740669226969,3.8728913003050907,3.8728913003050907,3.8728913003050907,1,12.274330832979544,3,5.165281265935649,-0.707523536810827,-0.707523536810827,5.165281265935649,5.0,0,-0.91449305768985,0.41393904175804597,2,2,2,3.8728913003050907,3.8728913003050907,3.8728913003050907
1912,FIXED_COLLISION,28,2.8000000000000003,2.0,8,0.8,40,31.101493888728193,18.204199442619263,-6.796931095284052,6.100363350824878,5.051288928602878,5.0,5.0,0,5.920870817324424,30,19.607575799880518,10.32874956650451,-5.85136687388159,3.4274593594944194,3.197444011349846,1,-6.324148984582821,0.9455642214024618,4,5,5,0.08261688252296952,0.08261688252296952,0.08261688252296952
1912,FIXED_COLLISION,28,2.8000000000000003,1.0,18,1.8,40,24.029768864175416,11.132474418066487,-6.2281049595311755,6.669189486577754,2.9343009771261275,2.9343009771261275,2.9343009771261275,1,7.558464937552894,30,12.598297840001463,3.319471606625454,-5.368212202350151,3.9106140310258586,1.5222008450175788,1,-5.7981585809406635,0.8598927571810249,6,6,8,1.1228990258132288,1.1228990258132288,1.1228990258132288
1912,FIXED_COLLISION,28,2.8000000000000003,0.5,23,2.3000000000000003,40,20.278404433085836,7.381109986976906,-5.950181065785671,6.947113380323259,2.4620330565349993,2.4620330565349993,2.4620330565349993,1,7.269770463623734,30,8.942706926973058,-0.33611930640295107,-5.285875649768839,3.9929505836071706,1.0340841108084278,1,-5.618028357777255,0.6643054160168322,6,7,7,0.6255139086668599,0.6255139086668599,0.6255139086668599
1957,SAFE,79,7.9,3.0,49,4.9,3,79.7801985443509,66.76263807594056,66.76263807594056,79.7801985443509,-13.88582342178758,0.0,5.0,0,-5.669487928978802,3,79.7801985443509,66.76263807594056,66.76263807594056,79.7801985443509,5.0,0,66.76263807594056,0.0,0,0,0,5.0,5.0,5.0
1957,SAFE,79,7.9,2.0,59,5.9,20,44.635868587528165,35.364464161412066,35.364464161412066,44.635868587528165,-0.2688350034628407,0.0,5.0,0,-4.88038858766831,3,85.20051864832884,72.1829581799185,72.1829581799185,85.20051864832884,5.0,0,53.77371117066528,36.818494018506435,0,0,0,5.0,5.0,5.0
1957,SAFE,79,7.9,1.0,69,6.9,15,41.60770656096319,34.54482107436009,16.34379062775998,23.406676114363083,7.133966558469231,5.0,5.0,0,4.378343343099281,20,57.15669803667991,47.885293610563814,47.885293610563814,57.15669803667991,5.0,0,32.1145421191619,31.541502982803834,0,0,0,5.0,5.0,5.0
1957,SAFE,79,7.9,0.5,74,7.4,5,68.99865529164143,59.705942612819015,-3.414374626991453,5.8783380518309585,3.5995770654294392,3.5995770654294392,3.5995770654294392,1,19.029416300716647,15,39.48433661694882,32.42145113034572,15.519010130401417,22.58189561700452,5.0,0,6.052317751704982,18.933384757392872,1,1,1,3.5995770654294392,3.5995770654294392,3.5995770654294392
1968,NEW_COLLISION,66,6.6000000000000005,3.0,36,3.6,16,13.69482600141904,7.722420074924225,7.722420074924225,13.69482600141904,-7.146308153445762,0.0,5.0,0,-1.7165343771563966,12,17.41437585839902,11.518499344477018,9.662827853634896,15.558704367556897,4.643086035488022,1,8.69262396427956,1.9404077787106715,0,0,0,5.0,5.0,5.0
1968,NEW_COLLISION,66,6.6000000000000005,2.0,46,4.6000000000000005,36,18.30636903135948,12.259675816919966,8.863859540085139,14.910552754524653,1.1844602863914806,1.1844602863914806,1.1844602863914806,1,5.202125829549469,16,15.707928627894832,9.735522701400017,9.735522701400017,15.707928627894832,5.0,0,9.299691120742578,0.8716631613148778,0,0,0,5.0,5.0,5.0
1968,NEW_COLLISION,66,6.6000000000000005,1.0,56,5.6000000000000005,36,14.264170216983265,8.21747700254375,6.1663805453670335,12.213073759806548,0.8854409243369483,0.8854409243369483,0.8854409243369483,1,4.299844581408691,12,17.10801144494343,11.212134931021428,11.212134931021428,17.10801144494343,5.0,0,8.68925773819423,5.045754385654394,0,0,0,5.0,5.0,5.0
1968,NEW_COLLISION,66,6.6000000000000005,0.5,61,6.1000000000000005,36,12.92650548533481,6.879812270895295,6.865568745960026,12.91226196039954,0.0750125356086073,0.0750125356086073,0.0750125356086073,1,0.37955462924133376,12,17.683168347415577,11.787291833493576,11.787291833493576,17.683168347415577,5.0,0,9.326430289726801,4.92172308753355,0,0,0,5.0,5.0,5.0
1994,NEW_COLLISION,79,7.9,3.0,49,4.9,17,38.156169777250525,28.865809441784094,-2.9399683421606166,6.350391993305813,5.933449975440013,5.0,5.0,0,6.411237335716894,2,22.818856194013996,9.96469613454644,-1.0482518709056752,11.805908188561881,3.041203887981076,1,-1.994110106533146,1.8917164712549415,3,4,4,0.34425073541650997,0.34425073541650997,0.34425073541650997
1994,NEW_COLLISION,79,7.9,2.0,59,5.9,2,17.648391107235007,4.79423104776745,-3.9743992372304735,8.879760822237083,2.7315075498974215,2.7315075498974215,2.7315075498974215,1,4.825376784050371,17,32.12101409936563,22.8306537638992,-3.730714639471403,5.559645695995027,5.0,0,-3.852556938350938,0.2436845977590707,4,5,5,0.439352906007409,0.439352906007409,0.439352906007409
1994,NEW_COLLISION,79,7.9,1.0,69,6.9,2,13.960340018127331,1.1061799586597747,-5.671110479739943,7.183049579727613,3.3215992859830585,3.3215992859830585,3.3215992859830585,1,3.0902063127783865,17,27.11295021788249,17.82258988241606,-1.6185182041671293,7.6718421312993,5.0,0,-3.6448143419535364,4.052592275572814,4,4,5,3.3215992859830585,3.3215992859830585,3.3215992859830585
1994,NEW_COLLISION,79,7.9,0.5,74,7.4,2,12.011171602797852,-0.8429884566697048,-6.011813924096386,6.84234613537117,2.3389940135040153,2.3389940135040153,2.3389940135040153,1,3.4687242758258474,1,30.61420275913723,17.671206196109836,-2.4608276264110867,10.482168936616306,5.0,0,-4.236320775253736,3.5509862976852995,3,4,4,2.3389940135040153,2.3389940135040153,2.3389940135040153
2006,SAFE,18,1.8,1.0,8,0.8,10,42.05063680754957,38.200467818990724,2.1592202176950037,6.009389206253852,5.782938422882146,5.0,5.0,0,7.255996617732638,5,15.31763669066131,9.374401620225694,3.8292258850781806,9.772460955513797,1.3602989673090344,1,2.994223051386592,1.670005667383177,0,0,0,5.0,5.0,5.0
2006,SAFE,18,1.8,0.5,13,1.3,2,16.604108833483334,10.698260493811938,0.9734984880324644,6.87934682770386,4.607509214213435,4.607509214213435,4.607509214213435,1,2.9851021888426104,10,38.40444043950729,34.55427145094844,2.1627557141375515,6.0129247026964,5.0,0,1.568127101085008,1.189257226105087,0,1,1,5.0,4.607509214213435,4.607509214213435
2055,SAFE,74,7.4,3.0,44,4.4,8,15.218151354697833,9.28547511066202,8.827163219633018,14.759839463668829,1.1766927841734378,1.1766927841734378,1.1766927841734378,1,0.7672531111844598,9,14.985399979999155,9.29345145908444,9.140850493787706,14.832799014702418,1.1350096836623946,1,8.984006856710362,0.3136872741546881,0,0,0,5.0,5.0,5.0
2055,SAFE,74,7.4,2.0,54,5.4,6,16.057050867407256,10.332667060107305,5.826459093781654,11.550842901081605,3.928995205286173,3.928995205286173,3.928995205286173,1,1.9719560173495654,8,14.67135322062417,8.738676976588359,8.738676976588359,14.67135322062417,5.0,0,7.282568035185006,2.9122178828067042,0,0,0,5.0,5.0,5.0
2055,SAFE,74,7.4,1.0,64,6.4,6,13.954202338186086,8.229818530886135,7.264171731723048,12.988555539022999,2.0271856659579397,2.0271856659579397,2.0271856659579397,1,0.9197330881418527,8,14.980614431813686,9.047938187777874,9.047938187777874,14.980614431813686,5.0,0,8.15605495975046,1.7837664560548259,0,0,0,5.0,5.0,5.0
2055,SAFE,74,7.4,0.5,69,6.9,6,13.493347918303245,7.768964111003294,7.280258571704209,13.00464237900416,1.6140574164629455,1.6140574164629455,1.6140574164629455,1,0.5945953385008085,10,15.400559727748321,9.460340221512187,9.460340221512187,15.400559727748321,5.0,0,8.370299396608198,2.1800816498079776,0,0,0,5.0,5.0,5.0
2109,SAFE,69,6.9,3.0,39,3.9000000000000004,4,24.9146495214185,16.023569392020285,-1.0017143220192075,7.88936580737901,5.103931979790009,5.0,5.0,0,4.393815578142119,8,46.69999836634291,37.53311766636692,1.9427646213569076,11.109645321332902,0.8790770719213697,1,0.47052514966885006,2.944478943376115,1,1,2,5.0,5.0,0.8790770719213697
2109,SAFE,69,6.9,2.0,49,4.9,4,20.409122948294108,11.518042818895891,0.07939500175455372,8.97047513115277,5.147566040485441,5.0,5.0,0,3.201483900808495,5,32.653295945751324,23.401791887009527,1.6992701117832212,10.950774170525019,0.5782933990854303,1,0.8893325567688875,1.6198751100286675,0,1,2,5.0,5.0,0.5782933990854303
2109,SAFE,69,6.9,1.0,59,5.9,4,17.095022867250407,8.20394273785219,-1.5545953054374975,7.33648482396072,4.719547616504811,4.719547616504811,4.719547616504811,1,2.9550509269672003,11,31.95732071467929,22.597516856331072,4.863325277014445,14.223129135362663,0.5535998742154656,1,1.6543649857884737,6.417920582451942,1,1,1,4.719547616504811,4.719547616504811,4.719547616504811
2109,SAFE,69,6.9,0.5,64,6.4,4,14.323194503867363,5.432114374469146,-0.2819088350321284,8.609171294366089,3.363235905952677,3.363235905952677,3.363235905952677,1,2.720154928553278,7,40.44617307213532,31.268657148096064,3.5642692927228783,12.741785216762137,0.7215460720929276,1,1.641180228845375,3.8461781277550067,1,1,1,3.363235905952677,3.363235905952677,3.363235905952677
2173,SAFE,32,3.2,3.0,2,0.2,20,10.90601873367179,5.624409144221511,3.8537735270367843,9.135383116487063,0.2537878494772873,0.2537878494772873,0.2537878494772873,1,12.820950609558771,8,20.201490182133625,17.060968851308807,4.015633859807181,7.156155190631998,1.3992293301058916,1,3.934703693421983,0.1618603327703969,0,0,0,5.0,5.0,5.0
2173,SAFE,32,3.2,2.0,12,1.2000000000000002,7,9.884187448595288,6.733651413977921,3.398722769524956,6.5492588041423225,0.5717132192029231,0.5717132192029231,0.5717132192029231,1,9.69830834087335,8,9.34356655244571,6.203045221620892,3.8573980975556696,6.997919428380487,0.4791914662297258,1,3.6280604335403126,0.45867532803071365,0,0,0,5.0,5.0,5.0
2173,SAFE,32,3.2,1.0,22,2.2,18,77.59895965779275,71.10770503777057,3.1147991736180085,9.606053793640184,2.8475711958277645,2.8475711958277645,2.8475711958277645,1,26.83332962611508,3,19.569140371015227,14.41255406954272,3.5553790042280866,8.711965305700593,5.0,0,3.3350890889230476,0.4405798306100781,0,0,0,5.0,5.0,5.0
2173,SAFE,32,3.2,0.5,27,2.7,3,18.537883373014477,13.38129707154197,2.5569961681588342,7.713582469631341,6.325913206195171,5.0,5.0,0,2.5344363296746923,18,63.75765230881385,57.26639768879168,2.6275367389569144,9.11879135897909,2.3024175755724827,1,2.5922664535578743,0.07054057079808018,0,0,0,5.0,5.0,5.0
2246,SAFE,21,2.1,2.0,1,0.1,6,9.080370561473705,3.11308475119339,-0.8195220052138232,5.147763805066492,3.3869825440252903,3.3869825440252903,3.3869825440252903,1,1.8193319588372716,20,21.853391713639937,18.049277621214664,1.3261352208593475,5.130249313284622,2.8889205828276894,1,0.25330660782276215,2.1456572260731708,1,1,4,3.3869825440252903,3.3869825440252903,2.693832947125712
2246,SAFE,21,2.1,1.0,11,1.1,20,13.918495771283574,10.1143816788583,0.9474120453494788,4.7515261377747535,1.5015464881073153,1.5015464881073153,1.5015464881073153,1,8.18916338372354,17,12.764890562248672,8.947056082238635,0.9621950510738038,4.78002953108384,1.3585100348464325,1,0.9548035482116413,0.014783005724325005,0,2,3,5.0,1.3585100348464325,1.3585100348464325
2246,SAFE,21,2.1,0.5,16,1.6,20,9.874277835264808,6.070163742839533,1.1322567056280626,4.936370798053337,0.964123122358361,0.964123122358361,0.964123122358361,1,7.682085684407774,17,8.911036925126565,5.093202445116528,1.3969481912716168,5.214782671281653,0.8146325345197368,1,1.2646024484498397,0.26469148564355427,0,0,3,5.0,5.0,0.8146325345197368
2299,SAFE,66,6.6000000000000005,3.0,36,3.6,1,5.754615541210721,-7.893767077502154,-7.89466666710237,5.753715951610505,0.02258587485994035,0.02258587485994035,0.02258587485994035,1,0.07965326042715848,5,7.966992106971555,-1.461703230114047,-1.461703230114047,7.966992106971555,5.0,0,-4.678184948608209,6.432963436988323,3,3,3,0.02258587485994035,0.02258587485994035,0.02258587485994035
2299,SAFE,66,6.6000000000000005,2.0,46,4.6000000000000005,1,5.66687999662276,-7.981502622090114,-8.369075034029873,5.279307584683002,1.2385950155204424,1.2385950155204424,1.2385950155204424,1,0.6044249704772416,2,10.89880860031844,1.6876177810568507,-1.9619976498311278,7.249193169430461,1.9094656495708777,1,-5.1655363419305,6.407077384198745,2,2,2,1.2385950155204424,1.2385950155204424,1.2385950155204424
2299,SAFE,66,6.6000000000000005,1.0,56,5.6000000000000005,1,3.499054794958867,-10.149327823754007,-10.849550619049776,2.7988319996630993,0.860675444591334,0.860675444591334,0.860675444591334,1,1.4643366715279793,2,7.226363721897378,-1.9848270973642101,-4.36634181495418,4.844849004307409,1.0109627318038532,1,-7.607946217001977,6.483208804095596,2,2,2,0.860675444591334,0.860675444591334,0.860675444591334
2299,SAFE,66,6.6000000000000005,0.5,61,6.1000000000000005,1,3.7950029506847787,-9.853379668028095,-9.853379668028095,3.7950029506847787,-3.2617781350108332,0.0,5.0,0,-0.05822008041074472,2,5.436452434810022,-3.7747383844515667,-4.620087346294977,4.591103472966611,0.4999469177802649,1,-7.236733507161537,5.233292321733118,2,2,2,0.4999469177802649,0.4999469177802649,0.4999469177802649
2301,NEW_COLLISION,30,3.0,3.0,0,0.0,14,8.84508959360123,3.6619613910380524,-1.2042859262187586,3.978842276344419,1.388798590853017,1.388798590853017,1.388798590853017,1,5.080118886210486,13,22.561349274093903,17.509688588470567,-1.1851478716056048,3.8665128140177303,3.9077199183985387,1,-1.1947168989121817,0.019138054613153876,6,6,6,1.1587892562381261,1.1587892562381261,1.1587892562381261
2301,NEW_COLLISION,30,3.0,2.0,10,1.0,13,16.498661273233914,11.447000587610578,-1.8323005383257698,3.2193601472975653,2.575903649826528,2.575903649826528,2.575903649826528,1,6.1611280138731725,14,4.117954428830083,-1.065173773733095,-1.6115950253135751,3.5715331772496026,0.3263043243433025,1,-1.7219477818196725,0.22070551301219465,7,7,7,0.0235711685024066,0.0235711685024066,0.0235711685024066
2301,NEW_COLLISION,30,3.0,1.0,20,2.0,12,27.197063949631666,21.96573943749879,-1.731569004332611,3.4997555078002645,3.7832184262184696,3.7832184262184696,3.7832184262184696,1,7.069829863192235,13,9.996664232951948,4.945003547328613,-1.6112311204726035,3.4404295651507315,1.3165735776606562,1,-1.6714000624026073,0.12033788386000754,6,8,8,0.1750465767418405,0.1750465767418405,0.1750465767418405
2301,NEW_COLLISION,30,3.0,0.5,25,2.5,13,6.761311132572875,1.7096504469495404,-1.4922124980567797,3.5594481875665553,0.777632511957124,0.777632511957124,0.777632511957124,1,6.285054641128266,12,23.611446796213365,18.38012228408049,-1.4639907492329791,3.7673337628998964,3.15311718795352,1,-1.4781016236448794,0.028221748823800574,7,8,8,0.7673283619775063,0.7673283619775063,0.7673283619775063
2321,NEW_COLLISION,36,3.6,1.0,26,2.6,56,80.27439542584008,74.37337570408536,-3.6620060803781276,2.239013641376601,4.766221092381751,4.766221092381751,4.766221092381751,1,16.829253888341405,56,80.27439542584008,74.37337570408536,-3.6620060803781276,2.239013641376601,4.766221092381751,1,-3.6620060803781276,0.0,1,1,1,4.766221092381751,4.766221092381751,4.766221092381751
2321,NEW_COLLISION,36,3.6,0.5,31,3.1,56,72.07193431802392,66.1709145962692,-1.8665344597160543,4.034485262038674,4.403420098112461,4.403420098112461,4.403420098112461,1,16.31597438374255,49,63.00747857120616,57.14021481574821,-1.5160671180756538,4.351196637382298,3.8464447403129687,1,-1.691300788895854,0.3504673416404005,2,2,2,3.8464447403129687,3.8464447403129687,3.8464447403129687
2358,SAFE,79,7.9,3.0,49,4.9,7,97.67475420252386,91.911262747543,-5.335624190686675,0.42786726429418215,4.695394822520289,4.695394822520289,4.695394822520289,1,20.801845980736715,10,35.57638393635971,31.769196999681263,17.72684489380511,21.53403183048356,5.0,0,6.1956103515592185,23.062469084491788,1,1,1,4.695394822520289,4.695394822520289,4.695394822520289
2358,SAFE,79,7.9,2.0,59,5.9,7,77.07141247369547,71.30792101871462,0.5262101980117695,6.289701652992626,3.8250247691839587,3.8250247691839587,3.8250247691839587,1,20.015064581817054,10,32.46826496178751,28.661078025109063,15.156790293840794,18.96397723051924,5.0,0,7.841500245926282,14.630580095829025,0,1,1,5.0,3.8250247691839587,3.8250247691839587
2358,SAFE,79,7.9,1.0,69,6.9,7,56.863586155180805,51.100094700199946,1.909984122393146,7.673475577374003,2.8191610049365936,2.8191610049365936,2.8191610049365936,1,19.803085506387664,11,91.63410612810502,86.02850074680245,6.359983138691554,11.965588519994116,4.841443598092327,1,4.13498363054235,4.449999016298408,0,0,1,5.0,5.0,2.8191610049365936
2358,SAFE,79,7.9,0.5,74,7.4,7,46.9117308201972,41.14823936521634,2.05600895764763,7.819500412628487,2.3291781441476367,2.3291781441476367,2.3291781441476367,1,19.58129927274569,11,82.62540888498035,77.01980350367778,3.6650121918647525,9.270617573167314,4.512725761774953,1,2.860510574756191,1.6090032342171225,0,0,0,5.0,5.0,5.0
2406,SAFE,30,3.0,3.0,0,0.0,4,29.638292864178243,23.70394706333405,-0.2369405853608848,5.697405215483309,2.803251380691023,2.803251380691023,2.803251380691023,1,10.182131328511039,9,8.079608629965271,2.220114907588295,2.220114907588295,8.079608629965271,5.0,0,0.991587161113705,2.4570554929491797,1,1,1,2.803251380691023,2.803251380691023,2.803251380691023
2406,SAFE,30,3.0,2.0,10,1.0,4,19.56901794328282,13.634672142438625,0.8064380428588764,6.7407838437030705,1.7333001685274414,1.7333001685274414,1.7333001685274414,1,9.950425264880254,9,8.716859576296578,2.8573658539196014,2.8573658539196014,8.716859576296578,5.0,0,1.831901948389239,2.050927811060725,0,1,1,5.0,1.7333001685274414,1.7333001685274414
2406,SAFE,30,3.0,1.0,20,2.0,4,10.091279712609278,4.156933911765084,0.23929894963409204,6.173644750478286,0.7112807519775083,0.7112807519775083,0.7112807519775083,1,8.877459851760369,3,11.512604398317485,5.5013125086683825,2.5335676810230634,8.544859570672166,5.0,0,1.3864333153285777,2.2942687313889714,0,1,1,5.0,0.7112807519775083,0.7112807519775083
2406,SAFE,30,3.0,0.5,25,2.5,4,6.386546621132101,0.4522008202879073,-0.06361823721600768,5.870727563628186,0.21549569580874017,0.21549569580874017,0.21549569580874017,1,4.593953527321449,6,7.430729353998014,3.7068355719529418,3.541303987098974,7.265197769144047,0.13366936635441032,1,1.7388428749414833,3.604922224314982,1,1,1,0.21549569580874017,0.21549569580874017,0.21549569580874017
2408,FIXED_COLLISION,67,6.7,3.0,37,3.7,8,15.129065149238832,9.189614136828176,-4.020693999694406,1.9187570127162499,2.089108471337203,2.089108471337203,2.089108471337203,1,7.125392149502573,15,11.685175013248156,5.750855942715484,5.750855942715484,11.685175013248156,5.0,0,0.865080971510539,9.77154994240989,1,1,1,2.089108471337203,2.089108471337203,2.089108471337203
2408,FIXED_COLLISION,67,6.7,2.0,47,4.7,8,9.363139115093443,3.423688102682787,1.0053465620519981,6.944797574462654,0.8509792761275874,0.8509792761275874,0.8509792761275874,1,4.949669405077769,25,11.20712551228214,5.301773985829737,5.247194923119427,11.15254644957183,0.030510080550415177,1,3.1262707425857124,4.2418483610674285,0,0,1,5.0,5.0,0.8509792761275874
2408,FIXED_COLLISION,67,6.7,1.0,57,5.7,4,6.1741392129803225,0.28790443894402973,0.03703338704351733,5.92326816107981,0.24511764960561452,0.24511764960561452,0.24511764960561452,1,2.0053577241260268,6,13.268898263824813,7.535628654066826,3.1420131650900656,8.875282774848053,4.810198548402676,1,1.5895232760667914,3.1049797780465482,0,1,1,5.0,0.24511764960561452,0.24511764960561452
2408,FIXED_COLLISION,67,6.7,0.5,62,6.2,4,6.311364964439451,0.42513019040315836,0.42513019040315836,6.311364964439451,-0.16626357056440064,0.0,5.0,0,-1.4432781837560205,6,11.998593892671806,6.265324282913819,4.102357316872761,9.835626926630749,1.991827343977257,1,2.26374375363796,3.677227126469603,0,1,1,5.0,5.0,5.0
2451,SAFE,36,3.6,3.0,6,0.6000000000000001,6,10.769213111076489,-2.352162320199694,-4.159867298923855,8.961508132352328,1.2954144873034985,1.2954144873034985,1.2954144873034985,1,2.556688359262327,3,14.081836282469018,4.82634367554032,4.82634367554032,14.081836282469018,5.0,0,0.3332381883082327,8.986210974464175,1,1,1,1.2954144873034985,1.2954144873034985,1.2954144873034985
2451,SAFE,36,3.6,2.0,16,1.6,6,8.310543886110192,-4.810831545165991,-6.042801921970491,7.078573509305692,0.8553322210139744,0.8553322210139744,0.8553322210139744,1,2.6671638612743522,22,53.613424280823544,44.335065033551366,7.2100539666328025,16.48841321390498,1.054578795462842,1,0.5836260223311558,13.252855888603293,1,1,1,0.8553322210139744,0.8553322210139744,0.8553322210139744
2451,SAFE,36,3.6,1.0,26,2.6,6,6.768088306735307,-6.353287124540876,-6.353287124540876,6.768088306735307,-0.062481722168692126,0.0,5.0,0,-0.343102401146302,9,31.891123034898445,22.643626105356475,3.324947555912898,12.572444485454868,5.0,0,-1.5141697843139892,9.678234680453773,1,1,1,5.0,5.0,5.0
2451,SAFE,36,3.6,0.5,31,3.1,4,7.669374909859183,-5.820192038820949,-5.820192038820949,7.669374909859183,-0.5076505165736395,0.0,5.0,0,-3.2947563089487053,9,29.953599141930866,20.706102212388895,0.7765720800961233,10.024069009638094,5.0,0,-2.5218099793624127,6.596764118917072,1,2,2,5.0,5.0,5.0
2460,NEW_COLLISION,41,4.1000000000000005,3.0,11,1.1,2,2.7263973836444744,-2.568200783558138,-2.568200783558138,2.7263973836444744,-3.5938727128861165,0.0,5.0,0,-0.005536366475606467,3,4.052224028752845,-1.703135634359132,-1.703135634359132,4.052224028752845,5.0,0,-2.135668208958635,0.865065149199006,3,3,3,4.955013318265155,4.955013318265155,4.955013318265155
2460,NEW_COLLISION,41,4.1000000000000005,2.0,21,2.1,2,2.7464832937506767,-2.5481148734519357,-2.5481148734519357,2.7464832937506767,-3.29996246035929,0.0,5.0,0,-0.012690441197583327,3,4.168043694094977,-1.5873159690170002,-1.5873159690170002,4.168043694094977,5.0,0,-2.067715421234468,0.9607989044349354,3,3,3,3.7499188011210762,3.7499188011210762,3.7499188011210762
2460,NEW_COLLISION,41,4.1000000000000005,1.0,31,3.1,2,2.815154074371466,-2.4794440928311463,-2.4794440928311463,2.815154074371466,-5.4122048506107285,0.0,5.0,0,-0.02722924884776901,3,4.135670388149084,-1.6196892749628935,-1.6196892749628935,4.135670388149084,5.0,0,-2.04956668389702,0.8597548178682528,3,3,3,3.0572027884800397,3.0572027884800397,3.0572027884800397
2460,NEW_COLLISION,41,4.1000000000000005,0.5,36,3.6,2,2.8295170245538963,-2.465081142648716,-2.465081142648716,2.8295170245538963,-5.8177254703176855,0.0,5.0,0,-0.03430455659491697,1,3.3269245901235602,0.2141437472355081,-1.7944677433239116,1.3183130995641406,3.069575304460874,1,-2.1297744429863137,0.6706133993248045,3,3,3,3.069575304460874,3.069575304460874,3.069575304460874
2473,NEW_COLLISION,27,2.7,2.0,7,0.7000000000000001,8,19.72453722710186,13.85650407198209,-3.8913791282249175,1.976654026894851,2.650137136515628,2.650137136515628,2.650137136515628,1,7.368090741605913,23,26.493373259340263,20.58280376975787,-1.7981000061137653,4.112469483468628,2.0338169658060417,1,-2.8447395671693414,2.093279122111152,3,3,3,0.5365715867410877,0.5365715867410877,0.5365715867410877
2473,NEW_COLLISION,27,2.7,1.0,17,1.7000000000000002,8,12.25069415427202,6.382660999152252,-4.137197949072068,1.7308352060477008,1.615426882283346,1.615426882283346,1.615426882283346,1,7.432186387142686,23,14.399149311667767,8.488579822085374,0.9619101305847133,6.872479620167106,1.001965257632922,1,-1.5876439092436772,5.099108079656781,1,2,2,1.615426882283346,1.001965257632922,1.001965257632922
2473,NEW_COLLISION,27,2.7,0.5,22,2.2,1,8.616230779264178,2.832295926906614,-3.018920304882058,2.7650145474755066,1.077867687935532,1.077867687935532,1.077867687935532,1,7.170561367196457,3,9.519060066092342,3.671746089391263,1.6484178901537092,7.495731866854788,0.47892836853873905,1,-0.6852512073641743,4.667338195035767,1,1,2,1.077867687935532,1.077867687935532,0.47892836853873905
2504,SAFE,41,4.1000000000000005,3.0,11,1.1,11,41.79116735397625,36.481354549675494,7.303224000058687,12.613036804359442,2.2180277650426983,2.2180277650426983,2.2180277650426983,1,17.125310087810227,8,14.313589743940806,9.13944836254674,7.327384469563695,12.50152585095776,0.7383394821175941,1,7.315304234811191,0.024160469505007498,0,0,0,5.0,5.0,5.0
2504,SAFE,41,4.1000000000000005,2.0,21,2.1,8,12.321260265094239,7.147118883700173,7.147118883700173,12.321260265094239,-0.1818333116833224,0.0,5.0,0,-1.3277205196930926,11,25.930728414525607,20.620915610224852,7.418239050318489,12.728051854619244,1.277565270375682,1,7.282678967009331,0.2711201666183154,0,0,0,5.0,5.0,5.0
2504,SAFE,41,4.1000000000000005,1.0,31,3.1,11,13.690149960127236,8.380337155826481,7.03385321938941,12.343666023690165,0.34755575698476554,0.34755575698476554,0.34755575698476554,1,7.367265402523078,6,19.976996407942018,14.782700044457213,7.408731172575584,12.603027536060388,1.6742822048764208,1,7.221292195982497,0.37487795318617323,0,0,0,5.0,5.0,5.0
2504,SAFE,41,4.1000000000000005,0.5,36,3.6,6,16.756604839359685,11.56230847587488,7.0165191872563,12.210815550741104,1.2644804391968139,1.2644804391968139,1.2644804391968139,1,6.214711599393336,11,12.397232597303969,7.087419793003214,7.087419793003214,12.397232597303969,5.0,0,7.051969490129757,0.07090060574691393,0,0,0,5.0,5.0,5.0
2513,FIXED_COLLISION,72,7.2,3.0,42,4.2,2,3.2926877016114835,-1.8488099572096228,-1.8488099572096228,3.2926877016114835,-244.1079648236683,0.0,5.0,0,-0.005991980727822152,1,3.107450641094925,-1.7695731347826604,-1.7695731347826604,3.107450641094925,5.0,0,-1.8091915459961416,0.0792368224269624,4,7,9,5.0,5.0,5.0
2513,FIXED_COLLISION,72,7.2,2.0,52,5.2,2,3.3629478801375625,-1.7785497786835438,-1.7785497786835438,3.3629478801375625,0.0,0.0,5.0,0,9.29375064875596e-06,1,3.214409097742472,-1.6626146781351134,-1.6626146781351134,3.214409097742472,5.0,0,-1.7205822284093286,0.11593510054843037,4,7,9,5.0,5.0,5.0
2513,FIXED_COLLISION,72,7.2,1.0,62,6.2,2,3.413201360565411,-1.7282962982556955,-1.7282962982556955,3.413201360565411,0.0,0.0,5.0,0,-0.0005394333937397666,1,3.1973545218525667,-1.6796692540250189,-1.6796692540250189,3.1973545218525667,5.0,0,-1.7039827761403572,0.04862704423067665,4,7,8,5.0,5.0,5.0
2513,FIXED_COLLISION,72,7.2,0.5,67,6.7,2,3.429474009476487,-1.7120236493446193,-1.7120236493446193,3.429474009476487,-79.18475453195859,0.0,5.0,0,-0.020707028243696784,1,3.1848785547463327,-1.6921452211312529,-1.6921452211312529,3.1848785547463327,5.0,0,-1.702084435237936,0.019878428213366384,4,7,9,5.0,5.0,5.0
2611,NEW_COLLISION,78,7.800000000000001,3.0,48,4.800000000000001,2,5.598651420928968,0.3748565905412544,-1.3291325019790716,3.8946623284086423,0.24536410059326302,0.24536410059326302,0.24536410059326302,1,11.775793874213823,1,4.6226502676934045,-0.569855323927924,-0.569855323927924,4.6226502676934045,5.0,0,-0.9494939129534978,0.7592771780511476,2,2,2,0.24536410059326302,0.24536410059326302,0.24536410059326302
2611,NEW_COLLISION,78,7.800000000000001,2.0,58,5.800000000000001,1,6.851243574578246,1.658737982956917,1.658737982956917,6.851243574578246,-2.2812419613198043,0.0,5.0,0,-2.6625479072308815,8,21.128447846896318,15.900151655157464,5.751098321625429,10.979394513364284,1.3271995871423126,1,3.704918152291173,4.092360338668512,0,0,1,5.0,5.0,5.0
2611,NEW_COLLISION,78,7.800000000000001,1.0,68,6.800000000000001,3,17.58031290920887,12.356985882400537,0.0994923317120513,5.322819358520386,1.2245725250330612,1.2245725250330612,1.2245725250330612,1,13.040235741236703,8,9.479420006672742,4.251123814933887,1.2643314265413004,6.492627618280155,0.47845121069298624,1,0.6819118791266758,1.164839094829249,0,1,2,5.0,1.2245725250330612,0.47845121069298624
2611,NEW_COLLISION,78,7.800000000000001,0.5,73,7.300000000000001,3,11.159874487755875,5.936547460947541,-2.1656765696628164,3.057650457145518,0.7726659194718187,0.7726659194718187,0.7726659194718187,1,13.359099336465983,8,5.4027133686430115,0.17441717690415715,0.13497304585965963,5.363269237598514,0.04466716218956131,1,-1.0153517619015784,2.300649615522476,1,2,3,0.7726659194718187,0.04466716218956131,0.04466716218956131
2626,SAFE,78,7.800000000000001,3.0,48,4.800000000000001,3,15.578222676222513,10.485817546744283,10.485817546744283,15.578222676222513,-5.581526673922175,0.0,5.0,0,-2.2636851355590877,5,19.23495399554998,13.99541802478076,13.99541802478076,19.23495399554998,5.0,0,12.24061778576252,3.509600478036477,0,0,0,5.0,5.0,5.0
2626,SAFE,78,7.800000000000001,2.0,58,5.800000000000001,3,18.222371719608546,13.129966590130316,13.129966590130316,18.222371719608546,-5.4424314536940965,0.0,5.0,0,-3.0245766990364538,5,20.957079231939645,15.717543261170425,15.717543261170425,20.957079231939645,5.0,0,14.423754925650371,2.587576671040109,0,0,0,5.0,5.0,5.0
2626,SAFE,78,7.800000000000001,1.0,68,6.800000000000001,3,21.5543067074484,16.46190157797017,16.46190157797017,21.5543067074484,-5.6702422397474255,0.0,5.0,0,-3.688244470653348,5,23.19175301026411,17.95221703949489,17.95221703949489,23.19175301026411,5.0,0,17.207059308732532,1.4903154615247196,0,0,0,5.0,5.0,5.0
2626,SAFE,78,7.800000000000001,0.5,73,7.300000000000001,3,23.51070274367544,18.41829761419721,18.41829761419721,23.51070274367544,-5.846515270856727,0.0,5.0,0,-3.983868884708287,5,24.432995759917457,19.193459789148235,19.193459789148235,24.432995759917457,5.0,0,18.805878701672725,0.7751621749510242,0,0,0,5.0,5.0,5.0
2644,FIXED_COLLISION,40,4.0,3.0,10,1.0,4,3.5433201810081916,-2.305355845982335,-2.5733011781846016,3.275374848805925,0.5430037228783543,0.5430037228783543,0.5430037228783543,1,0.9495859005831814,16,6.007535995053306,0.0858092992035644,0.061663188470792996,5.983389884320535,5.0,0,-1.2558189948569043,2.6349643666553946,1,2,3,0.5430037228783543,0.5430037228783543,0.5430037228783543
2644,FIXED_COLLISION,40,4.0,2.0,20,2.0,12,15.102936413801306,9.169831983576708,-2.7902652486319215,3.142839181592676,1.2258606428620975,1.2258606428620975,1.2258606428620975,1,11.786762797469763,4,3.261781694181789,-2.5868943328087375,-2.5868943328087375,3.261781694181789,5.0,0,-2.6885797907203295,0.203370915823184,2,4,4,1.2258606428620975,1.2258606428620975,1.2258606428620975
2644,FIXED_COLLISION,40,4.0,1.0,30,3.0,12,4.326245454115134,-1.6068589761094634,-2.67130070329401,3.2618037269305873,0.23864305611887138,0.23864305611887138,0.23864305611887138,1,7.823337569164244,4,3.2606407942635247,-2.5880352327270018,-2.5880352327270018,3.2606407942635247,5.0,0,-2.629667968010506,0.08326547056700839,2,3,4,0.23864305611887138,0.23864305611887138,0.23864305611887138
2644,FIXED_COLLISION,40,4.0,0.5,35,3.5,4,3.276809887603846,-2.5718661393866804,-2.5718661393866804,3.276809887603846,0.0,0.0,5.0,0,8.224768118231113e-05,5,4.020122438260651,-1.7913011662220706,-1.7913011662220706,4.020122438260651,5.0,0,-2.1815836528043757,0.7805649731646098,2,3,5,5.0,5.0,2.938933070340528
2667,FIXED_COLLISION,47,4.7,3.0,17,1.7000000000000002,10,11.990762849999713,5.955962739794931,-5.518013308965836,0.5167868012389465,3.9524262982075196,3.9524262982075196,3.9524262982075196,1,3.028137423870402,30,25.064313349846476,15.801722228444804,-1.833123364685794,7.429467756715877,5.0,0,-3.675568336825815,3.684889944280042,2,2,2,3.9524262982075196,3.9524262982075196,3.9524262982075196
2667,FIXED_COLLISION,47,4.7,2.0,27,2.7,7,9.840295567774076,3.828760080147016,-5.608674472685247,0.4028610149418131,4.7518469324525086,4.7518469324525086,4.7518469324525086,1,2.067365090992243,15,15.285794169039752,9.285617271196402,-1.8486213109535674,4.151555586889782,5.0,0,-3.7286478918194073,3.7600531617316797,2,2,3,4.7518469324525086,4.7518469324525086,4.7518469324525086
2667,FIXED_COLLISION,47,4.7,1.0,37,3.7,15,13.250826041524775,7.250649143681425,-2.0296833469969506,3.970493550846399,6.917484875417848,5.0,5.0,0,1.8886877220037044,7,8.560802489462985,2.5492670018359247,-0.7239694507515724,5.2875660368754875,5.0,0,-1.3768263988742615,1.3057138962453783,2,2,2,5.0,5.0,5.0
2667,FIXED_COLLISION,47,4.7,0.5,42,4.2,7,8.226127071522734,2.2145915838956745,0.5708728638202167,6.582408351447277,4.644796217839123,4.644796217839123,4.644796217839123,1,0.6370558836686087,15,13.031097168122335,7.030920270278985,3.3902203457887357,9.390397243632085,5.0,0,1.9805466048044762,2.819347481968519,0,1,1,5.0,4.644796217839123,4.644796217839123
2689,NEW_COLLISION,66,6.6000000000000005,3.0,36,3.6,40,19.505673494424467,10.298704811801116,10.00753723273301,19.214505915356362,0.776564901882789,0.776564901882789,0.776564901882789,1,0.7442891159313247,39,34.337999354657335,25.057353082237743,12.925533251987513,22.206179524407105,5.0,0,11.466535242360262,2.9179960192545025,0,0,0,5.0,5.0,5.0
2689,NEW_COLLISION,66,6.6000000000000005,2.0,46,4.6000000000000005,23,89.77791725076118,80.4719450845542,-0.2854505967807892,9.020521569426183,1.959522174830346,1.959522174830346,1.959522174830346,1,45.3536953618743,40,21.031528327161755,11.824559644538404,11.824559644538404,21.031528327161755,5.0,0,5.769554523878807,12.110010241319193,1,1,1,1.959522174830346,1.959522174830346,1.959522174830346
2689,NEW_COLLISION,66,6.6000000000000005,1.0,56,5.6000000000000005,23,44.97288385647748,35.66691169027051,-8.42575613418933,0.8802160320176432,1.0092202169269453,1.0092202169269453,1.0092202169269453,1,44.54494210697834,39,27.344199526808506,18.063553254388914,-1.7980127768219187,7.482633495597673,4.774176911625877,1,-5.111884455505624,6.627743357367411,2,2,2,1.0092202169269453,1.0092202169269453,1.0092202169269453
2689,NEW_COLLISION,66,6.6000000000000005,0.5,61,6.1000000000000005,23,22.470930463643054,13.164958297436081,-7.265414605591268,2.040557560615705,0.4987449281140056,0.4987449281140056,0.4987449281140056,1,44.683421694767524,39,25.079899244087933,15.799252971668341,2.503720375517931,11.784366647937523,5.0,0,-2.3808471150366683,9.769134981109199,1,1,1,0.4987449281140056,0.4987449281140056,0.4987449281140056
2721,SAFE,66,6.6000000000000005,3.0,36,3.6,15,101.04246773372452,88.56601504786786,75.16566314906026,87.64211583491692,37.19776295677631,5.0,5.0,0,2.6826500530250637,15,101.04246773372452,88.56601504786786,75.16566314906026,87.64211583491692,5.0,0,75.16566314906026,0.0,0,0,0,5.0,5.0,5.0
2721,SAFE,66,6.6000000000000005,2.0,46,4.6000000000000005,15,98.75600254200297,86.27954985614632,76.85620871767168,89.33266140352833,51.58079979901529,5.0,5.0,0,1.8861684388567501,15,98.75600254200297,86.27954985614632,76.85620871767168,89.33266140352833,5.0,0,76.85620871767168,0.0,0,0,0,5.0,5.0,5.0
2721,SAFE,66,6.6000000000000005,1.0,56,5.6000000000000005,15,97.21757097417098,84.74111828831433,79.04128921874512,91.51774190460178,85.10444625628304,5.0,5.0,0,1.1400372912222796,15,97.21757097417098,84.74111828831433,79.04128921874512,91.51774190460178,5.0,0,79.04128921874512,0.0,0,0,0,5.0,5.0,5.0
2721,SAFE,66,6.6000000000000005,0.5,61,6.1000000000000005,3,87.36726133250825,78.24229545045164,4.792686696672769,13.917652578729387,2.069182747242494,2.069182747242494,2.069182747242494,1,41.1515956084142,15,96.81951542226375,84.34306273640709,80.98744338410724,93.4638960699639,5.0,0,42.890065040390006,76.19475668743446,0,0,0,5.0,5.0,5.0
2773,SAFE,75,7.5,3.0,45,4.5,2,16.408010362978644,13.202859631408247,9.832815885383905,13.037966616954302,22.280327296865018,5.0,5.0,0,0.6812298631103136,1,28.977043286184657,25.910881064301723,25.910881064301723,28.977043286184657,5.0,0,17.871848474842814,16.078065178917818,0,0,0,5.0,5.0,5.0
2773,SAFE,75,7.5,2.0,55,5.5,1,29.526285779891285,26.460123558008352,26.460123558008352,29.526285779891285,-18.040039778770286,0.0,5.0,0,-0.6454342201952716,18,52.12503491694723,46.92876704178036,37.27412421427555,42.47039208944242,2.014382390726138,1,31.867123886141954,10.8140006562672,0,0,0,5.0,5.0,5.0
2773,SAFE,75,7.5,1.0,65,6.5,1,30.011001547037036,26.944839325154103,26.944839325154103,30.011001547037036,-13.87071632226495,0.0,5.0,0,-0.5631237404120117,14,63.39391194222894,58.17353908122281,33.92832575943217,39.148698620438296,3.2953524305957904,1,30.436582542293138,6.983486434278067,0,0,0,5.0,5.0,5.0
2773,SAFE,75,7.5,0.5,70,7.0,1,30.126078318264216,27.059916096381283,27.059916096381283,30.126078318264216,-11.794868826097748,0.0,5.0,0,-0.45532645308836805,14,57.17910014828628,51.958727287280155,34.22843533761947,39.4488081986256,2.6462936600712936,1,30.64417571700038,7.16851924123819,0,0,0,5.0,5.0,5.0
2826,SAFE,78,7.800000000000001,3.0,48,4.800000000000001,4,13.151005140991916,8.072400973448644,1.3840889747190044,6.462693142262277,5.765303030749555,5.0,5.0,0,1.7612285406587853,30,14.446625378637476,9.211508509297852,9.016218063455222,14.251334932794846,0.05709435446323348,1,5.200153519087113,7.632129088736217,0,0,1,5.0,5.0,5.0
2826,SAFE,78,7.800000000000001,2.0,58,5.800000000000001,4,11.652068628216458,6.573464460673185,0.769754178542283,5.848358346085556,8.008751882725145,5.0,5.0,0,1.2672519336370252,46,48.607065120671855,43.33777102612608,11.713086800548119,16.982380895093897,0.9921016141249485,1,6.241420489545201,10.943332622005837,0,1,1,5.0,5.0,5.0
2826,SAFE,78,7.800000000000001,1.0,68,6.800000000000001,4,9.845324996750515,4.766720829207242,1.4262475449926475,6.50485171253592,4.471973791018299,4.471973791018299,4.471973791018299,1,1.240512506541982,6,12.230236193994774,9.407544498920318,2.549317246744537,5.372008941818993,0.46194825181745947,1,1.9877823958685923,1.1230697017518896,0,0,1,5.0,5.0,4.471973791018299
2826,SAFE,78,7.800000000000001,0.5,73,7.300000000000001,4,9.316460862089633,4.23785669454636,0.48474845852997994,5.563352626073253,5.393887551687639,5.0,5.0,0,1.117269259037724,6,5.667438960800476,2.8447472657260207,2.8447472657260207,5.667438960800476,5.0,0,1.6647478621280003,2.3599988071960407,0,1,1,5.0,5.0,5.0
2849,FIXED_COLLISION,39,3.9000000000000004,3.0,9,0.9,2,9.600694513546072,3.503208839107855,3.503208839107855,9.600694513546072,-5.023096957153986,0.0,5.0,0,-1.2230704717592518,12,34.10205833802675,28.026714185645133,4.096253415890665,10.171597568272283,1.0892836338582268,1,3.79973112749926,0.5930445767828099,0,0,0,5.0,5.0,5.0
2849,FIXED_COLLISION,39,3.9000000000000004,2.0,19,1.9000000000000001,3,20.326696191082394,14.351532961647603,3.7651513509783134,9.740314580413104,9.46026066791707,5.0,5.0,0,2.1283772131433163,12,10.874852011664695,4.799507859283077,4.576515746529308,10.651859898910926,0.07328833302786578,1,4.17083354875381,0.8113643955509948,0,0,0,5.0,5.0,5.0
2849,FIXED_COLLISION,39,3.9000000000000004,1.0,29,2.9000000000000004,10,39.75160582625038,33.75964123929681,-0.7144380623708848,5.277526524582689,2.6733804047016205,2.6733804047016205,2.6733804047016205,1,14.607329214029376,8,37.513743425046215,31.60122159710201,4.315236049908325,10.22775787785253,1.1056278182607395,1,1.8003989937687201,5.02967411227921,1,1,1,2.6733804047016205,2.6733804047016205,2.6733804047016205
2849,FIXED_COLLISION,39,3.9000000000000004,0.5,34,3.4000000000000004,10,32.4949189462963,26.502954359342727,2.513269076868613,8.505233663822187,2.1555022207945376,2.1555022207945376,2.1555022207945376,1,14.042553629030591,8,22.74085299956398,16.828331171619773,3.693520378731508,9.606042206675713,0.6505759902192666,1,3.1033947278000604,1.1802513018628948,0,0,0,5.0,5.0,5.0
2877,SAFE,56,5.6000000000000005,3.0,26,2.6,2,9.313675093437272,0.1249959674198653,0.1249959674198653,9.313675093437272,-1.7897184420707342,0.0,5.0,0,-1.517194238133384,23,82.27440331835616,73.08907519049477,1.595710771267715,10.781038899129115,1.8702118045564362,1,0.8603533693437901,1.4707148038478497,0,1,3,5.0,5.0,1.38219184827521
2877,SAFE,56,5.6000000000000005,2.0,36,3.6,60,42.22970800379037,26.730211962300075,-0.6184199325119941,14.881076108978302,0.9488724101331518,0.9488724101331518,0.9488724101331518,1,38.97874312658756,23,40.246873172381505,31.061545044520106,1.8657126620287219,11.051040789890122,0.8977711136663572,1,0.6236463647583639,2.484132594540716,1,1,3,0.9488724101331518,0.9488724101331518,0.8977711136663572
2877,SAFE,56,5.6000000000000005,1.0,46,4.6000000000000005,52,29.406294761613132,20.189610535979625,-0.2832543484750403,8.933429877158467,6.86923211091768,5.0,5.0,0,4.196530443856835,47,70.02842453565019,56.921961181275464,1.4054926213612582,14.51195597573598,1.6665750888785669,1,0.561119136443109,1.6887469698362985,1,1,2,5.0,5.0,1.6665750888785669
2877,SAFE,56,5.6000000000000005,0.5,51,5.1000000000000005,52,27.396854847261743,18.180170621628235,0.584889772253609,9.801573997887116,6.444127228633279,5.0,5.0,0,3.903312135491233,47,50.60160866565823,37.49514531128351,2.525243761002015,15.631707115376736,1.1931267377809598,1,1.555066766627812,1.9403539887484058,0,1,1,5.0,5.0,5.0
2925,SAFE,79,7.9,3.0,49,4.9,63,31.579513413949083,25.595800450290852,-5.275697549035162,0.7080154146230673,5.107832045671117,5.0,5.0,0,6.182214469525796,47,29.90289970276052,23.96897773737203,0.15463965048496053,6.088561615873452,4.735464128496628,1,-2.560528949275101,5.430337199520123,1,3,4,5.0,0.5871356064884441,0.5871356064884441
2925,SAFE,79,7.9,2.0,59,5.9,63,26.110289610798404,20.126576647140176,-4.433290956242585,1.5504220074156447,5.2295133306494455,5.0,5.0,0,4.9848688411471125,15,11.395841027310587,5.469831998936801,-2.521592709584283,3.4044163187895027,5.0,0,-3.477441832913434,1.9116982466583021,3,5,7,2.7675382172489007,2.7675382172489007,2.7675382172489007
2925,SAFE,79,7.9,1.0,69,6.9,2,24.28789759725062,18.361374441373535,-1.8403048079517408,4.086218347925343,4.723898184446535,4.723898184446535,4.723898184446535,1,4.995964672154546,15,10.147877297602914,4.2218682692291285,-1.305629232464173,4.620379795909613,5.0,0,-1.5729670202079569,0.5346755754875678,4,6,9,3.948095396546582,3.948095396546582,3.948095396546582
2925,SAFE,79,7.9,0.5,74,7.4,7,12.468576964760294,6.523183146205147,-2.628447418684608,3.3169463998705386,6.715080253856426,5.0,5.0,0,1.8458054952905243,2,22.002369024491603,16.07584586861452,-2.265408461927579,3.661114693949505,3.9606864009870293,1,-2.4469279403060935,0.3630389567570287,3,5,6,3.9606864009870293,3.9606864009870293,3.9606864009870293
2938,NEW_COLLISION,75,7.5,3.0,45,4.5,7,3.350837844811838,-5.720898800296846,-6.183389933490105,2.888346711618579,0.5052250272214145,0.5052250272214145,0.5052250272214145,1,1.7044841831692525,6,4.177737474997691,-4.873120756539677,-4.873455079552692,4.177403151984676,0.05187112785146166,1,-5.528422506521398,1.3099348539374125,3,3,3,0.05187112785146166,0.05187112785146166,0.05187112785146166
2938,NEW_COLLISION,75,7.5,2.0,55,5.5,7,2.9295004339894946,-6.14223621111919,-6.14223621111919,2.9295004339894946,-0.39077875050420213,0.0,5.0,0,-0.7138807910429156,6,4.420294390280942,-4.630563841256427,-4.630563841256427,4.420294390280942,5.0,0,-5.386400026187808,1.5116723698627634,2,2,2,5.0,5.0,5.0
2938,NEW_COLLISION,75,7.5,1.0,65,6.5,7,4.067930205330862,-5.003806439777822,-5.003806439777822,4.067930205330862,-1.1892308472151554,0.0,5.0,0,-1.5746550095282381,6,4.87461966779374,-4.176238563743628,-4.176238563743628,4.87461966779374,5.0,0,-4.590022501760725,0.8275678760341938,3,3,3,5.0,5.0,5.0
2938,NEW_COLLISION,75,7.5,0.5,70,7.0,7,4.857332999946772,-4.214403645161912,-4.214403645161912,4.857332999946772,-1.635738540926992,0.0,5.0,0,-1.8508013072076688,6,5.224479271525523,-3.826378960011846,-3.826378960011846,5.224479271525523,5.0,0,-4.020391302586879,0.38802468515006616,2,3,3,5.0,5.0,5.0
2967,SAFE,18,1.8,1.0,8,0.8,4,46.77331795262462,37.482672116057444,0.878314417224157,10.168960253791335,6.28948577499096,5.0,5.0,0,7.396126134745896,27,119.63724846048899,106.93075675165618,106.93075675165618,119.63724846048899,5.0,0,53.90453558444017,106.05244233443202,0,1,1,5.0,5.0,5.0
2967,SAFE,18,1.8,0.5,13,1.3,4,43.31824105638286,34.02759521981568,-3.9438084316608286,5.346837404906349,5.698407458920312,5.0,5.0,0,7.600164213369924,27,117.89721880155761,105.1907270927248,105.1907270927248,117.89721880155761,5.0,0,50.623459330531986,109.13453552438563,1,1,1,5.0,5.0,5.0
3026,FIXED_COLLISION,56,5.6000000000000005,3.0,26,2.6,18,50.14877497065971,44.93742163284323,5.916563854639216,11.12791719245569,1.5003182416937935,1.5003182416937935,1.5003182416937935,1,31.779598565814393,9,75.9576349501128,70.76191536670237,8.076617122888722,13.272336706299155,2.322517316029779,1,6.996590488763969,2.1600532682495057,0,0,0,5.0,5.0,5.0
3026,FIXED_COLLISION,56,5.6000000000000005,2.0,36,3.6,18,18.51879814600765,13.307444808191176,4.559815617274843,9.771168955091317,0.4755719282474703,0.4755719282474703,0.4755719282474703,1,28.09918982383744,9,44.52455816491796,39.328838581507526,6.113698951390186,11.309418534800619,1.3552895566523542,1,5.336757284332514,1.5538833341153424,0,0,0,5.0,5.0,5.0
3026,FIXED_COLLISION,56,5.6000000000000005,1.0,46,4.6000000000000005,9,14.707557292001544,9.511837708591111,3.21730301400148,8.413022597411913,0.3837418985510656,0.3837418985510656,0.3837418985510656,1,25.785917297116704,12,50.29604932541059,45.10362602397395,3.431273380122205,8.623696681558847,1.5123740344944796,1,3.3242881970618425,0.21397036612072462,0,0,0,5.0,5.0,5.0
3026,FIXED_COLLISION,56,5.6000000000000005,0.5,51,5.1000000000000005,9,8.684344590429667,3.488625007019234,3.488625007019234,8.684344590429667,-0.10073846115818579,0.0,5.0,0,-10.644651520200735,12,34.39678396943206,29.204360667995417,4.12141229377972,9.313835595216363,1.0289108677613026,1,3.805018650399477,0.632787286760486,0,0,0,5.0,5.0,5.0
3027,SAFE,74,7.4,3.0,44,4.4,1,3.858660081644494,-1.2967890897234287,-1.2967890897234287,3.858660081644494,-34.419739771073715,0.0,5.0,0,-0.023087511111728076,3,10.702517697421147,2.2627737592726653,2.2627737592726653,10.702517697421147,5.0,0,0.48299233477461834,3.559562848996094,1,1,1,5.0,5.0,5.0
3027,SAFE,74,7.4,2.0,54,5.4,1,3.832310360700776,-1.3231388106671464,-1.325674011739057,3.8297751596288654,1506.6317959987064,5.0,5.0,0,0.0005077149692820311,3,10.715563507006975,2.275819568858493,2.2701425089628327,10.709886447111314,5.0,0,0.4722342486118878,3.5958165207018897,1,1,1,5.0,5.0,5.0
3027,SAFE,74,7.4,1.0,64,6.4,1,3.751379235545909,-1.4040699358220134,-1.4040699358220134,3.751379235545909,0.0,0.0,5.0,0,4.104632884228677e-05,3,10.698092016137199,2.2583480779887175,2.2583480779887175,10.698092016137199,5.0,0,0.42713907108335203,3.662418013810731,1,1,1,5.0,5.0,5.0
3027,SAFE,74,7.4,0.5,69,6.9,1,3.699601013198361,-1.4558481581695615,-1.463996306226612,3.6914528651413105,351.7671728868971,5.0,5.0,0,0.0016394868204522807,3,10.696306273214415,2.256562335065933,2.2358185489404683,10.67556248708895,5.0,0,0.3859111213569282,3.69981485516708,1,1,1,5.0,5.0,5.0
3037,FIXED_COLLISION,30,3.0,3.0,0,0.0,4,37.91008959837552,24.81784250896059,-8.711829789622602,4.380417299792328,3.5509674894234236,3.5509674894234236,3.5509674894234236,1,10.533451320138894,5,79.21811074795116,66.4403007866323,-8.501669593271956,4.2761403680468995,4.115495773676576,1,-8.606749691447279,0.2101601963506461,6,6,6,0.33644612346570707,0.33644612346570707,0.33644612346570707
3037,FIXED_COLLISION,30,3.0,2.0,10,1.0,5,59.621638828864576,46.843828867545724,-10.554056707256459,2.2237532540623963,3.046114939221326,3.046114939221326,3.046114939221326,1,19.545781762561113,4,27.899759900671746,14.807512811256817,-6.273887683900686,6.818359405514244,2.7266238184830223,1,-8.413972195578573,4.280169023355773,8,8,8,0.6934898050504392,0.6934898050504392,0.6934898050504392
3037,FIXED_COLLISION,30,3.0,1.0,20,2.0,4,18.737030465084754,5.6447833756698245,-10.066368295544706,3.025878793870223,1.9436003129601354,1.9436003129601354,1.9436003129601354,1,9.388954819879116,7,4.997395009697917,-4.196505216896333,-4.196505216896333,4.997395009697917,5.0,0,-7.13143675622052,5.869863078648373,5,5,6,0.3344610833749611,0.3344610833749611,0.3344610833749611
3037,FIXED_COLLISION,30,3.0,0.5,25,2.5,7,6.242298482433026,-2.9516017441612243,-2.9516017441612243,6.242298482433026,-0.299285342773347,0.0,5.0,0,-4.419429014054874,4,14.749748005770595,1.6575009163556658,-2.8741605903478344,10.218086499067095,1.1878144406915798,1,-2.9128811672545294,0.0774411538133899,3,3,3,1.1878144406915798,1.1878144406915798,1.1878144406915798
3058,FIXED_COLLISION,60,6.0,3.0,30,3.0,5,3.2203278915772255,-1.9413877603334777,-1.9413877603334777,3.2203278915772255,-146.48561451027234,0.0,5.0,0,-0.009289179640732318,1,3.002377759408068,-1.8521576770596209,-1.8521576770596209,3.002377759408068,5.0,0,-1.8967727186965493,0.08923008327385684,4,6,9,5.0,5.0,5.0
3058,FIXED_COLLISION,60,6.0,2.0,40,4.0,5,3.2783653772078867,-1.8833502747028166,-1.8833502747028166,3.2783653772078867,-413.26323328502167,0.0,5.0,0,-0.0035153928056983336,1,3.0392955363393512,-1.8152399001283377,-1.8152399001283377,3.0392955363393512,5.0,0,-1.8492950874155771,0.06811037457447888,4,6,9,5.0,5.0,5.0
3058,FIXED_COLLISION,60,6.0,1.0,50,5.0,5,3.324789695255522,-1.8369259566551812,-1.8369259566551812,3.324789695255522,-622.7977569483509,0.0,5.0,0,-0.002457077523510939,1,3.099578755262938,-1.7549566812047508,-1.7549566812047508,3.099578755262938,5.0,0,-1.795941318929966,0.08196927545043042,4,7,9,5.0,5.0,5.0
3058,FIXED_COLLISION,60,6.0,0.5,55,5.5,5,3.3505212984101314,-1.811194353500572,-1.811194353500572,3.3505212984101314,-37.581005935152255,0.0,5.0,0,-0.04172900055427332,1,3.0986186795734407,-1.7559167568942482,-1.7559167568942482,3.0986186795734407,5.0,0,-1.78355555519741,0.0552775966063237,4,7,9,5.0,5.0,5.0
3070,SAFE,69,6.9,3.0,39,3.9000000000000004,13,10.819755162961728,4.913958501719771,-2.3874434032480565,3.518353257993901,7.341502949291711,5.0,5.0,0,1.4671869597499343,2,5.5474301262733094,-0.3624555849233362,-0.5126505151775085,5.397235196019137,5.0,0,-1.4500469592127825,1.874792888070548,2,2,2,5.0,5.0,5.0
3070,SAFE,69,6.9,2.0,49,4.9,8,53.45409516263532,44.378695879614966,-5.3281898577831885,3.747209425237166,5.12997957057966,5.0,5.0,0,10.375398026885033,2,5.893607723173056,-0.016277988023589707,-0.020065386459666712,5.889820324736979,5.0,0,-2.6741276221214276,5.308124471323522,2,3,3,5.0,5.0,5.0
3070,SAFE,69,6.9,1.0,59,5.9,8,42.99059799810958,33.915198715089225,-5.745237598378553,3.330161684641802,4.061722402265014,4.061722402265014,4.061722402265014,1,10.520816275409988,9,53.61383268215182,47.69097053360757,-2.1202196557540076,3.8026424927902505,2.71272763991637,1,-3.9327286270662807,3.6250179426245457,2,3,3,2.71272763991637,2.71272763991637,2.71272763991637
3070,SAFE,69,6.9,0.5,64,6.4,8,37.64149527112579,28.566095988105438,-5.698612005272006,3.3767872777483485,3.6312472911818685,3.6312472911818685,3.6312472911818685,1,10.28257331294732,9,43.954525536717256,38.031663388173,-1.8616307064416855,4.061231442102573,2.264708053763936,1,-3.7801213558568456,3.8369812988303202,3,3,3,2.264708053763936,2.264708053763936,2.264708053763936
