scenario_index,v27_rf,v28_rf,delta_rf,v27_progress,v28_progress,delta_progress,v27_comfort,v28_comfort,delta_comfort,v27_collision,v28_collision,delta_collision,v27_overlap,v28_overlap,delta_overlap,v27_offroad,v28_offroad,delta_offroad,v27_accuracy,v28_accuracy,delta_accuracy,v27_zero,v28_zero,fixed_zero,new_zero,persistent_zero,v27_failure_type,v28_failure_type,transition
0,1.0,0.9475194,-0.0524805999999999,1.0,0.9250277,-0.0749722999999999,1.0,1.0,0.0,0.0,0.0,0.0,0.0,0.0,0.0,0.0,0.0,0.0,1,1,0,False,False,False,False,False,OTHER,OTHER,REGRESSED
1,0.93644583,0.8351375,-0.10130833,0.9092083,0.7644821,-0.1447261999999999,1.0,1.0,0.0,0.0,0.0,0.0,0.0,0.0,0.0,0.0,0.0,0.0,1,1,0,False,False,False,False,False,OTHER,OTHER,REGRESSED
2,0.9261152,0.8718225,-0.0542927,0.95873606,0.8543892,-0.10434686,0.85,0.9125,0.0625,0.0,0.0,0.0,0.0,0.0,0.0,0.0,0.0,0.0,1,1,0,False,False,False,False,False,OTHER,OTHER,REGRESSED
3,0.9325,1.0,0.0675,1.0,1.0,0.0,0.77500004,1.0,0.22499996,0.0,0.0,0.0,0.0,0.0,0.0,0.0,0.0,0.0,1,1,0,False,False,False,False,False,OTHER,OTHER,IMPROVED
4,0.92176265,0.92176265,0.0,0.8882324,0.8882324,0.0,1.0,1.0,0.0,0.0,0.0,0.0,0.0,0.0,0.0,0.0,0.0,0.0,1,1,0,False,False,False,False,False,OTHER,OTHER,UNCHANGED
5,0.96672076,0.96672076,0.0,0.9524582,0.9524582,0.0,1.0,1.0,0.0,0.0,0.0,0.0,0.0,0.0,0.0,0.0,0.0,0.0,1,1,0,False,False,False,False,False,OTHER,OTHER,UNCHANGED
6,0.9364374,1.0,0.0635626,0.90919626,1.0,0.09080374,1.0,1.0,0.0,0.0,0.0,0.0,0.0,0.0,0.0,0.0,0.0,0.0,1,1,0,False,False,False,False,False,OTHER,OTHER,IMPROVED
7,0.91637915,0.9485176,0.0321384499999999,0.91268456,0.92645377,0.0137692099999999,0.925,1.0,0.0749999999999999,0.0,0.0,0.0,0.0,0.0,0.0,0.0,0.0,0.0,1,1,0,False,False,False,False,False,OTHER,OTHER,IMPROVED
8,1.0,0.98812115,-0.0118788499999999,1.0,0.9830302,-0.0169698,1.0,1.0,0.0,0.0,0.0,0.0,0.0,0.0,0.0,0.0,0.0,0.0,1,1,0,False,False,False,False,False,OTHER,OTHER,REGRESSED
9,1.0,1.0,0.0,0.99999994,0.99999994,0.0,1.0,1.0,0.0,0.0,0.0,0.0,0.0,0.0,0.0,0.0,0.0,0.0,1,1,0,False,False,False,False,False,OTHER,OTHER,UNCHANGED
10,0.94847775,0.92281336,-0.0256643899999999,0.9263967,0.8897333,-0.0366634,1.0,1.0,0.0,0.0,0.0,0.0,0.0,0.0,0.0,0.0,0.0,0.0,1,1,0,False,False,False,False,False,OTHER,OTHER,REGRESSED
11,0.8944588,0.9119234,0.0174646,0.88672686,0.87417626,-0.0125505999999999,0.9125,1.0,0.0875,0.0,0.0,0.0,0.0,0.0,0.0,0.0,0.0,0.0,1,1,0,False,False,False,False,False,OTHER,OTHER,IMPROVED
12,1.0,1.0,0.0,1.0,1.0,0.0,1.0,1.0,0.0,0.0,0.0,0.0,0.0,0.0,0.0,0.0,0.0,0.0,1,1,0,False,False,False,False,False,OTHER,OTHER,UNCHANGED
13,0.0,0.0,0.0,1.0,1.0,0.0,1.0,1.0,0.0,1.0,1.0,0.0,1.0,1.0,0.0,0.0,0.0,0.0,0,0,0,True,True,False,False,True,OVERLAP+COLLISION,OVERLAP+COLLISION,PERSISTENT_ZERO
14,0.91321546,0.9219567,0.0087412399999999,0.87602216,0.88850963,0.01248747,1.0,1.0,0.0,0.0,0.0,0.0,0.0,0.0,0.0,0.0,0.0,0.0,1,1,0,False,False,False,False,False,OTHER,OTHER,IMPROVED
15,0.89528143,0.8602582,-0.03502323,0.850402,0.8753689,0.0249669,1.0,0.825,-0.175,0.0,0.0,0.0,0.0,0.0,0.0,0.0,0.0,0.0,1,1,0,False,False,False,False,False,OTHER,OTHER,REGRESSED
16,0.9570495,0.948465,-0.0085844999999999,0.9386421,0.9263784,-0.0122636999999999,1.0,1.0,0.0,0.0,0.0,0.0,0.0,0.0,0.0,0.0,0.0,0.0,1,1,0,False,False,False,False,False,OTHER,OTHER,REGRESSED
17,0.92346925,0.9609175,0.0374482499999999,0.9388847,0.97631073,0.03742603,0.8875,0.925,0.0375,0.0,0.0,0.0,0.0,0.0,0.0,0.0,0.0,0.0,1,1,0,False,False,False,False,False,OTHER,OTHER,IMPROVED
18,0.92616236,0.81159896,-0.1145633999999999,0.8945177,0.7308557,-0.1636619999999999,1.0,1.0,0.0,0.0,0.0,0.0,0.0,0.0,0.0,0.0,0.0,0.0,1,1,0,False,False,False,False,False,OTHER,OTHER,REGRESSED
19,0.96250004,0.96625006,0.00375002,1.0,1.0,0.0,0.875,0.8875,0.0124999999999999,0.0,0.0,0.0,0.0,0.0,0.0,0.0,0.0,0.0,1,1,0,False,False,False,False,False,OTHER,OTHER,IMPROVED
20,0.86122,0.8862443,0.0250243,0.8499571,0.83749187,-0.0124652299999999,0.8875,1.0,0.1125,0.0,0.0,0.0,0.0,0.0,0.0,0.0,0.0,0.0,1,1,0,False,False,False,False,False,OTHER,OTHER,IMPROVED
21,1.0,1.0,0.0,1.0,1.0,0.0,1.0,1.0,0.0,0.0,0.0,0.0,0.0,0.0,0.0,0.0,0.0,0.0,1,1,0,False,False,False,False,False,OTHER,OTHER,UNCHANGED
22,1.0,1.0,0.0,1.0,1.0,0.0,1.0,1.0,0.0,0.0,0.0,0.0,0.0,0.0,0.0,0.0,0.0,0.0,1,1,0,False,False,False,False,False,OTHER,OTHER,UNCHANGED
23,0.92997307,0.947483,0.01750993,0.8999615,0.92497563,0.02501413,1.0,1.0,0.0,0.0,0.0,0.0,0.0,0.0,0.0,0.0,0.0,0.0,1,1,0,False,False,False,False,False,OTHER,OTHER,IMPROVED
24,0.925,0.0,-0.925,1.0,0.30786505,-0.69213495,0.75,0.75,0.0,0.0,1.0,1.0,0.0,1.0,1.0,0.0,0.0,0.0,1,0,-1,False,True,False,True,False,OTHER,OVERLAP+COLLISION,NEW_ZERO
25,0.83071405,0.92169714,0.09098309,0.8385201,0.8881388,0.0496187,0.8125,1.0,0.1875,0.0,0.0,0.0,0.0,0.0,0.0,0.0,0.0,0.0,1,1,0,False,False,False,False,False,OTHER,OTHER,IMPROVED
26,1.0,1.0,0.0,1.0,1.0,0.0,1.0,1.0,0.0,0.0,0.0,0.0,0.0,0.0,0.0,0.0,0.0,0.0,1,1,0,False,False,False,False,False,OTHER,OTHER,UNCHANGED
27,0.9134647,0.93439335,0.0209286499999999,0.9299496,0.9062762,-0.0236734,0.875,1.0,0.125,0.0,0.0,0.0,0.0,0.0,0.0,0.0,0.0,0.0,1,1,0,False,False,False,False,False,OTHER,OTHER,IMPROVED
28,0.86841804,0.92112046,0.05270242,0.8120257,0.887315,0.0752893,1.0,1.0,0.0,0.0,0.0,0.0,0.0,0.0,0.0,0.0,0.0,0.0,1,1,0,False,False,False,False,False,OTHER,OTHER,IMPROVED
29,0.96985954,0.9585236,-0.0113359399999999,0.9890849,0.940748,-0.0483369,0.925,1.0,0.0749999999999999,0.0,0.0,0.0,0.0,0.0,0.0,0.0,0.0,0.0,1,1,0,False,False,False,False,False,OTHER,OTHER,REGRESSED
30,0.9385783,0.9649927,0.0264144,0.91225475,0.9499896,0.0377348499999999,1.0,1.0,0.0,0.0,0.0,0.0,0.0,0.0,0.0,0.0,0.0,0.0,1,1,0,False,False,False,False,False,OTHER,OTHER,IMPROVED
31,0.0,0.0,0.0,1.0,1.0,0.0,1.0,1.0,0.0,1.0,1.0,0.0,1.0,1.0,0.0,0.0,0.0,0.0,0,0,0,True,True,False,False,True,OVERLAP+COLLISION,OVERLAP+COLLISION,PERSISTENT_ZERO
32,1.0,1.0,0.0,1.0,1.0,0.0,1.0,1.0,0.0,0.0,0.0,0.0,0.0,0.0,0.0,0.0,0.0,0.0,1,1,0,False,False,False,False,False,OTHER,OTHER,UNCHANGED
33,1.0,1.0,0.0,1.0,1.0,0.0,1.0,1.0,0.0,0.0,0.0,0.0,0.0,0.0,0.0,0.0,0.0,0.0,1,1,0,False,False,False,False,False,OTHER,OTHER,UNCHANGED
34,0.97468853,0.7985932,-0.17609533,0.96384066,0.71227604,-0.25156462,1.0,1.0,0.0,0.0,0.0,0.0,0.0,0.0,0.0,0.0,0.0,0.0,1,1,0,False,False,False,False,False,OTHER,OTHER,REGRESSED
35,0.9469034,0.9545019,0.0075985,0.9241477,0.9350028,0.0108551,1.0,1.0,0.0,0.0,0.0,0.0,0.0,0.0,0.0,0.0,0.0,0.0,1,1,0,False,False,False,False,False,OTHER,OTHER,IMPROVED
36,1.0,1.0,0.0,1.0,1.0,0.0,1.0,1.0,0.0,0.0,0.0,0.0,0.0,0.0,0.0,0.0,0.0,0.0,1,1,0,False,False,False,False,False,OTHER,OTHER,UNCHANGED
37,0.91194767,0.90777314,-0.00417453,0.87421083,0.90039015,0.02617932,1.0,0.925,-0.0749999999999999,0.0,0.0,0.0,0.0,0.0,0.0,0.0,0.0,0.0,1,1,0,False,False,False,False,False,OTHER,OTHER,REGRESSED
38,0.9817409,0.88269645,-0.09904445,0.9739155,0.83242345,-0.1414920500000001,1.0,1.0,0.0,0.0,0.0,0.0,0.0,0.0,0.0,0.0,0.0,0.0,1,1,0,False,False,False,False,False,OTHER,OTHER,REGRESSED
39,0.91239434,0.9386777,0.0262833599999999,0.87484896,0.9123967,0.0375477399999999,1.0,1.0,0.0,0.0,0.0,0.0,0.0,0.0,0.0,0.0,0.0,0.0,1,1,0,False,False,False,False,False,OTHER,OTHER,IMPROVED
40,0.8936718,0.8952206,0.0015488,0.8963168,0.9092436,0.0129268,0.8875,0.8625,-0.0249999999999999,0.0,0.0,0.0,0.0,0.0,0.0,0.0,0.0,0.0,1,1,0,False,False,False,False,False,OTHER,OTHER,IMPROVED
41,0.96250004,1.0,0.03749996,1.0,1.0,0.0,0.875,1.0,0.125,0.0,0.0,0.0,0.0,0.0,0.0,0.0,0.0,0.0,1,1,0,False,False,False,False,False,OTHER,OTHER,IMPROVED
42,0.93513197,0.97594434,0.0408123699999999,0.90733135,0.96563476,0.05830341,1.0,1.0,0.0,0.0,0.0,0.0,0.0,0.0,0.0,0.0,0.0,0.0,1,1,0,False,False,False,False,False,OTHER,OTHER,IMPROVED
43,0.84357417,0.872385,0.0288108299999999,0.82474875,0.84983575,0.0250869999999999,0.8875,0.925,0.0375,0.0,0.0,0.0,0.0,0.0,0.0,0.0,0.0,0.0,1,1,0,False,False,False,False,False,OTHER,OTHER,IMPROVED
44,0.90305215,0.9045413,0.0014891499999999,0.9097173,0.92255896,0.01284166,0.8875,0.8625,-0.0249999999999999,0.0,0.0,0.0,0.0,0.0,0.0,0.0,0.0,0.0,1,1,0,False,False,False,False,False,OTHER,OTHER,IMPROVED
45,0.9311264,0.929882,-0.0012444,0.9498234,0.89983135,-0.0499920499999999,0.8875,1.0,0.1125,0.0,0.0,0.0,0.0,0.0,0.0,0.0,0.0,0.0,1,1,0,False,False,False,False,False,OTHER,OTHER,REGRESSED
46,0.9226467,0.9484434,0.0257967,0.8894953,0.92634773,0.03685243,1.0,1.0,0.0,0.0,0.0,0.0,0.0,0.0,0.0,0.0,0.0,0.0,1,1,0,False,False,False,False,False,OTHER,OTHER,IMPROVED
47,0.96250004,0.9201727,-0.04232734,1.0,0.88596106,-0.11403894,0.875,1.0,0.125,0.0,0.0,0.0,0.0,0.0,0.0,0.0,0.0,0.0,1,1,0,False,False,False,False,False,OTHER,OTHER,REGRESSED
48,1.0,1.0,0.0,1.0,1.0,0.0,1.0,1.0,0.0,0.0,0.0,0.0,0.0,0.0,0.0,0.0,0.0,0.0,1,1,0,False,False,False,False,False,OTHER,OTHER,UNCHANGED
49,1.0,1.0,0.0,1.0,1.0,0.0,1.0,1.0,0.0,0.0,0.0,0.0,0.0,0.0,0.0,0.0,0.0,0.0,1,1,0,False,False,False,False,False,OTHER,OTHER,UNCHANGED
50,0.9569629,0.9569629,0.0,0.9385184,0.9385184,0.0,1.0,1.0,0.0,0.0,0.0,0.0,0.0,0.0,0.0,0.0,0.0,0.0,1,1,0,False,False,False,False,False,OTHER,OTHER,UNCHANGED
51,1.0,0.982597,-0.0174029999999999,1.0,0.9751386,-0.0248614,1.0,1.0,0.0,0.0,0.0,0.0,0.0,0.0,0.0,0.0,0.0,0.0,1,1,0,False,False,False,False,False,OTHER,OTHER,REGRESSED
52,0.7469589,0.744286,-0.0026728999999999,0.7938699,0.73112285,-0.06274705,0.6375,0.77500004,0.13750004,0.0,0.0,0.0,0.0,0.0,0.0,0.0,0.0,0.0,1,1,0,False,False,False,False,False,OTHER,OTHER,REGRESSED
53,0.96625006,0.8815565,-0.08469356,1.0,0.83079493,-0.1692050699999999,0.8875,1.0,0.1125,0.0,0.0,0.0,0.0,0.0,0.0,0.0,0.0,0.0,1,1,0,False,False,False,False,False,OTHER,OTHER,REGRESSED
54,1.0,1.0,0.0,1.0,1.0,0.0,1.0,1.0,0.0,0.0,0.0,0.0,0.0,0.0,0.0,0.0,0.0,0.0,1,1,0,False,False,False,False,False,OTHER,OTHER,UNCHANGED
55,1.0,0.9912993,-0.0087007,0.99999994,0.9875704,-0.01242954,1.0,1.0,0.0,0.0,0.0,0.0,0.0,0.0,0.0,0.0,0.0,0.0,1,1,0,False,False,False,False,False,OTHER,OTHER,REGRESSED
56,1.0,1.0,0.0,1.0,1.0,0.0,1.0,1.0,0.0,0.0,0.0,0.0,0.0,0.0,0.0,0.0,0.0,0.0,1,1,0,False,False,False,False,False,OTHER,OTHER,UNCHANGED
57,0.9048548,0.9336519,0.0287971,0.9122926,0.9373598,0.0250671999999999,0.8875,0.925,0.0375,0.0,0.0,0.0,0.0,0.0,0.0,0.0,0.0,0.0,1,1,0,False,False,False,False,False,OTHER,OTHER,IMPROVED
58,0.89710635,0.9151964,0.0180900499999999,0.8530091,0.878852,0.0258429,1.0,1.0,0.0,0.0,0.0,0.0,0.0,0.0,0.0,0.0,0.0,0.0,1,1,0,False,False,False,False,False,OTHER,OTHER,IMPROVED
59,1.0,1.0,0.0,1.0,1.0,0.0,1.0,1.0,0.0,0.0,0.0,0.0,0.0,0.0,0.0,0.0,0.0,0.0,1,1,0,False,False,False,False,False,OTHER,OTHER,UNCHANGED
60,1.0,1.0,0.0,1.0,1.0,0.0,1.0,1.0,0.0,0.0,0.0,0.0,0.0,0.0,0.0,0.0,0.0,0.0,1,1,0,False,False,False,False,False,OTHER,OTHER,UNCHANGED
61,1.0,0.9420145,-0.0579855,1.0,0.91716355,-0.0828364499999999,1.0,1.0,0.0,0.0,0.0,0.0,0.0,0.0,0.0,0.0,0.0,0.0,1,1,0,False,False,False,False,False,OTHER,OTHER,REGRESSED
62,0.8812254,0.87494975,-0.00627565,0.8624649,0.87492824,0.01246334,0.925,0.875,-0.05,0.0,0.0,0.0,0.0,0.0,0.0,0.0,0.0,0.0,1,1,0,False,False,False,False,False,OTHER,OTHER,REGRESSED
63,0.99089974,0.9743501,-0.01654964,0.98699963,0.9633572,-0.0236424299999999,1.0,1.0,0.0,0.0,0.0,0.0,0.0,0.0,0.0,0.0,0.0,0.0,1,1,0,False,False,False,False,False,OTHER,OTHER,REGRESSED
64,0.8437161,0.8950782,0.0513621,0.8249515,0.85011166,0.02516016,0.8875,1.0,0.1125,0.0,0.0,0.0,0.0,0.0,0.0,0.0,0.0,0.0,1,1,0,False,False,False,False,False,OTHER,OTHER,IMPROVED
65,1.0,0.9651505,-0.0348494999999999,1.0,0.95021486,-0.04978514,1.0,1.0,0.0,0.0,0.0,0.0,0.0,0.0,0.0,0.0,0.0,0.0,1,1,0,False,False,False,False,False,OTHER,OTHER,REGRESSED
66,0.8830496,0.90001434,0.01696474,0.89185643,0.91609186,0.0242354299999999,0.8625,0.8625,0.0,0.0,0.0,0.0,0.0,0.0,0.0,0.0,0.0,0.0,1,1,0,False,False,False,False,False,OTHER,OTHER,IMPROVED
67,1.0,0.9217731,-0.0782268999999999,1.0,0.88824725,-0.1117527499999999,1.0,1.0,0.0,0.0,0.0,0.0,0.0,0.0,0.0,0.0,0.0,0.0,1,1,0,False,False,False,False,False,OTHER,OTHER,REGRESSED
68,0.96625006,1.0,0.0337499399999999,1.0,1.0,0.0,0.8875,1.0,0.1125,0.0,0.0,0.0,0.0,0.0,0.0,0.0,0.0,0.0,1,1,0,False,False,False,False,False,OTHER,OTHER,IMPROVED
69,0.831905,0.86565495,0.03374995,0.8080786,0.8080786,0.0,0.8875,1.0,0.1125,0.0,0.0,0.0,0.0,0.0,0.0,0.0,0.0,0.0,1,1,0,False,False,False,False,False,OTHER,OTHER,IMPROVED
70,1.0,1.0,0.0,1.0,1.0,0.0,1.0,1.0,0.0,0.0,0.0,0.0,0.0,0.0,0.0,0.0,0.0,0.0,1,1,0,False,False,False,False,False,OTHER,OTHER,UNCHANGED
71,0.99113715,1.0,0.0088628499999999,0.98733866,0.99999994,0.0126612799999999,1.0,1.0,0.0,0.0,0.0,0.0,0.0,0.0,0.0,0.0,0.0,0.0,1,1,0,False,False,False,False,False,OTHER,OTHER,IMPROVED
72,0.83766997,0.93052596,0.09285599,0.9395285,0.96503705,0.0255085499999999,0.6,0.85,0.25,0.0,0.0,0.0,0.0,0.0,0.0,0.0,0.0,0.0,1,1,0,False,False,False,False,False,OTHER,OTHER,IMPROVED
73,0.8943836,0.8991972,0.0048136,0.93483377,0.9738532,0.0390194299999999,0.8,0.725,-0.075,0.0,0.0,0.0,0.0,0.0,0.0,0.0,0.0,0.0,1,1,0,False,False,False,False,False,OTHER,OTHER,IMPROVED
74,0.0,0.0,0.0,1.0,1.0,0.0,1.0,1.0,0.0,1.0,1.0,0.0,1.0,1.0,0.0,0.0,0.0,0.0,0,0,0,True,True,False,False,True,OVERLAP+COLLISION,OVERLAP+COLLISION,PERSISTENT_ZERO
75,1.0,1.0,0.0,1.0,1.0,0.0,1.0,1.0,0.0,0.0,0.0,0.0,0.0,0.0,0.0,0.0,0.0,0.0,1,1,0,False,False,False,False,False,OTHER,OTHER,UNCHANGED
76,0.97749996,0.97749996,0.0,1.0,1.0,0.0,0.925,0.925,0.0,0.0,0.0,0.0,0.0,0.0,0.0,0.0,0.0,0.0,1,1,0,False,False,False,False,False,OTHER,OTHER,UNCHANGED
77,1.0,0.9325,-0.0675,1.0,1.0,0.0,1.0,0.77500004,-0.22499996,0.0,0.0,0.0,0.0,0.0,0.0,0.0,0.0,0.0,1,1,0,False,False,False,False,False,OTHER,OTHER,REGRESSED
78,1.0,0.94701654,-0.0529834599999999,1.0,0.95645225,-0.0435477499999999,1.0,0.925,-0.0749999999999999,0.0,0.0,0.0,0.0,0.0,0.0,0.0,0.0,0.0,1,1,0,False,False,False,False,False,OTHER,OTHER,REGRESSED
79,0.97394353,0.9479085,-0.0260350299999999,0.96277636,0.92558354,-0.03719282,1.0,1.0,0.0,0.0,0.0,0.0,0.0,0.0,0.0,0.0,0.0,0.0,1,1,0,False,False,False,False,False,OTHER,OTHER,REGRESSED
80,1.0,1.0,0.0,1.0,1.0,0.0,1.0,1.0,0.0,0.0,0.0,0.0,0.0,0.0,0.0,0.0,0.0,0.0,1,1,0,False,False,False,False,False,OTHER,OTHER,UNCHANGED
81,0.86221784,0.86596775,0.00374991,0.85673976,0.85673976,0.0,0.875,0.8875,0.0124999999999999,0.0,0.0,0.0,0.0,0.0,0.0,0.0,0.0,0.0,1,1,0,False,False,False,False,False,OTHER,OTHER,IMPROVED
82,1.0,0.9521392,-0.0478608,1.0,0.9316274,-0.0683726,1.0,1.0,0.0,0.0,0.0,0.0,0.0,0.0,0.0,0.0,0.0,0.0,1,1,0,False,False,False,False,False,OTHER,OTHER,REGRESSED
83,1.0,0.9401644,-0.0598355999999999,0.99999994,0.91452056,-0.08547938,1.0,1.0,0.0,0.0,0.0,0.0,0.0,0.0,0.0,0.0,0.0,0.0,1,1,0,False,False,False,False,False,OTHER,OTHER,REGRESSED
84,0.92966634,0.9442108,0.0145444599999999,0.8995234,0.9203011,0.0207777,1.0,1.0,0.0,0.0,0.0,0.0,0.0,0.0,0.0,0.0,0.0,0.0,1,1,0,False,False,False,False,False,OTHER,OTHER,IMPROVED
85,0.8851306,0.8951079,0.0099772999999999,0.90018654,0.8501542,-0.05003234,0.85,1.0,0.15,0.0,0.0,0.0,0.0,0.0,0.0,0.0,0.0,0.0,1,1,0,False,False,False,False,False,OTHER,OTHER,IMPROVED
86,0.92935276,0.9062201,-0.02313266,0.8990754,0.8660287,-0.0330466999999999,1.0,1.0,0.0,0.0,0.0,0.0,0.0,0.0,0.0,0.0,0.0,0.0,1,1,0,False,False,False,False,False,OTHER,OTHER,REGRESSED
87,0.9405815,0.803054,-0.1375274999999999,0.9151164,0.7186485,-0.1964679,1.0,1.0,0.0,0.0,0.0,0.0,0.0,0.0,0.0,0.0,0.0,0.0,1,1,0,False,False,False,False,False,OTHER,OTHER,REGRESSED
88,0.8894257,0.93491745,0.04549175,0.8902509,0.9391677,0.0489168,0.8875,0.925,0.0375,0.0,0.0,0.0,0.0,0.0,0.0,0.0,0.0,0.0,1,1,0,False,False,False,False,False,OTHER,OTHER,IMPROVED
89,1.0,0.89428014,-0.10571986,1.0,0.8489716,-0.1510283999999999,1.0,1.0,0.0,0.0,0.0,0.0,0.0,0.0,0.0,0.0,0.0,0.0,1,1,0,False,False,False,False,False,OTHER,OTHER,REGRESSED
90,1.0,1.0,0.0,1.0,1.0,0.0,1.0,1.0,0.0,0.0,0.0,0.0,0.0,0.0,0.0,0.0,0.0,0.0,1,1,0,False,False,False,False,False,OTHER,OTHER,UNCHANGED
91,0.92026275,0.9754531,0.0551903499999999,0.9182325,0.964933,0.0467005,0.925,1.0,0.0749999999999999,0.0,0.0,0.0,0.0,0.0,0.0,0.0,0.0,0.0,1,1,0,False,False,False,False,False,OTHER,OTHER,IMPROVED
92,0.8991915,0.91730654,0.0181150399999999,0.8559878,0.8818664,0.0258786,1.0,1.0,0.0,0.0,0.0,0.0,0.0,0.0,0.0,0.0,0.0,0.0,1,1,0,False,False,False,False,False,OTHER,OTHER,IMPROVED
93,0.96999997,0.9104439,-0.05955607,1.0,0.87206274,-0.12793726,0.90000004,1.0,0.09999996,0.0,0.0,0.0,0.0,0.0,0.0,0.0,0.0,0.0,1,1,0,False,False,False,False,False,OTHER,OTHER,REGRESSED
94,1.0,1.0,0.0,1.0,1.0,0.0,1.0,1.0,0.0,0.0,0.0,0.0,0.0,0.0,0.0,0.0,0.0,0.0,1,1,0,False,False,False,False,False,OTHER,OTHER,UNCHANGED
95,1.0,1.0,0.0,1.0,1.0,0.0,1.0,1.0,0.0,0.0,0.0,0.0,0.0,0.0,0.0,0.0,0.0,0.0,1,1,0,False,False,False,False,False,OTHER,OTHER,UNCHANGED
96,1.0,0.90347093,-0.09652907,1.0,0.8621013,-0.1378987,1.0,1.0,0.0,0.0,0.0,0.0,0.0,0.0,0.0,0.0,0.0,0.0,1,1,0,False,False,False,False,False,OTHER,OTHER,REGRESSED
97,1.0,1.0,0.0,1.0,1.0,0.0,1.0,1.0,0.0,0.0,0.0,0.0,0.0,0.0,0.0,0.0,0.0,0.0,1,1,0,False,False,False,False,False,OTHER,OTHER,UNCHANGED
98,0.94033396,0.9659355,0.0256015399999999,0.9147628,0.9513365,0.0365737,1.0,1.0,0.0,0.0,0.0,0.0,0.0,0.0,0.0,0.0,0.0,0.0,1,1,0,False,False,False,False,False,OTHER,OTHER,IMPROVED
99,0.90126085,0.94024944,0.0389885899999999,0.89108694,0.91464204,0.0235551,0.925,1.0,0.0749999999999999,0.0,0.0,0.0,0.0,0.0,0.0,0.0,0.0,0.0,1,1,0,False,False,False,False,False,OTHER,OTHER,IMPROVED
100,0.9408787,0.97375005,0.03287135,0.9744695,1.0,0.0255305,0.8625,0.9125,0.0499999999999999,0.0,0.0,0.0,0.0,0.0,0.0,0.0,0.0,0.0,1,1,0,False,False,False,False,False,OTHER,OTHER,IMPROVED
101,0.9553303,0.9319231,-0.0234071999999999,0.93618613,0.96167576,0.02548963,1.0,0.8625,-0.1374999999999999,0.0,0.0,0.0,0.0,0.0,0.0,0.0,0.0,0.0,1,1,0,False,False,False,False,False,OTHER,OTHER,REGRESSED
102,0.93051165,0.85178864,-0.07872301,0.90073097,0.78826946,-0.11246151,1.0,1.0,0.0,0.0,0.0,0.0,0.0,0.0,0.0,0.0,0.0,0.0,1,1,0,False,False,False,False,False,OTHER,OTHER,REGRESSED
103,0.9211445,0.9386385,0.017494,0.8873493,0.91234064,0.02499134,1.0,1.0,0.0,0.0,0.0,0.0,0.0,0.0,0.0,0.0,0.0,0.0,1,1,0,False,False,False,False,False,OTHER,OTHER,IMPROVED
104,0.8915073,0.92900735,0.03750005,0.898582,0.898582,0.0,0.875,1.0,0.125,0.0,0.0,0.0,0.0,0.0,0.0,0.0,0.0,0.0,1,1,0,False,False,False,False,False,OTHER,OTHER,IMPROVED
105,1.0,1.0,0.0,1.0,1.0,0.0,1.0,1.0,0.0,0.0,0.0,0.0,0.0,0.0,0.0,0.0,0.0,0.0,1,1,0,False,False,False,False,False,OTHER,OTHER,UNCHANGED
106,0.9601207,0.8820138,-0.0781069,0.9430295,0.83144826,-0.1115812399999999,1.0,1.0,0.0,0.0,0.0,0.0,0.0,0.0,0.0,0.0,0.0,0.0,1,1,0,False,False,False,False,False,OTHER,OTHER,REGRESSED
107,1.0,1.0,0.0,1.0,1.0,0.0,1.0,1.0,0.0,0.0,0.0,0.0,0.0,0.0,0.0,0.0,0.0,0.0,1,1,0,False,False,False,False,False,OTHER,OTHER,UNCHANGED
108,1.0,1.0,0.0,1.0,1.0,0.0,1.0,1.0,0.0,0.0,0.0,0.0,0.0,0.0,0.0,0.0,0.0,0.0,1,1,0,False,False,False,False,False,OTHER,OTHER,UNCHANGED
109,0.9492381,0.95772994,0.00849184,0.927483,0.9396142,0.0121312,1.0,1.0,0.0,0.0,0.0,0.0,0.0,0.0,0.0,0.0,0.0,0.0,1,1,0,False,False,False,False,False,OTHER,OTHER,IMPROVED
110,0.9534797,0.9811718,0.0276920999999999,0.98711383,0.9731026,-0.0140112299999999,0.875,1.0,0.125,0.0,0.0,0.0,0.0,0.0,0.0,0.0,0.0,0.0,1,1,0,False,False,False,False,False,OTHER,OTHER,IMPROVED
111,1.0,1.0,0.0,1.0,1.0,0.0,1.0,1.0,0.0,0.0,0.0,0.0,0.0,0.0,0.0,0.0,0.0,0.0,1,1,0,False,False,False,False,False,OTHER,OTHER,UNCHANGED
112,0.0,0.0,0.0,1.0,1.0,0.0,1.0,1.0,0.0,1.0,1.0,0.0,1.0,1.0,0.0,0.0,0.0,0.0,0,0,0,True,True,False,False,True,OVERLAP+COLLISION,OVERLAP+COLLISION,PERSISTENT_ZERO
113,0.8023488,0.85866684,0.05631804,0.824784,0.8623811,0.0375971,0.75,0.85,0.0999999999999999,0.0,0.0,0.0,0.0,0.0,0.0,0.0,0.0,0.0,1,1,0,False,False,False,False,False,OTHER,OTHER,IMPROVED
114,0.9285364,0.958635,0.0300985999999999,0.94612354,0.97304994,0.0269264,0.8875,0.925,0.0375,0.0,0.0,0.0,0.0,0.0,0.0,0.0,0.0,0.0,1,1,0,False,False,False,False,False,OTHER,OTHER,IMPROVED
115,0.88686144,0.8625782,-0.02428324,0.83837354,0.8036831,-0.0346904399999999,1.0,1.0,0.0,0.0,0.0,0.0,0.0,0.0,0.0,0.0,0.0,0.0,1,1,0,False,False,False,False,False,OTHER,OTHER,REGRESSED
116,0.8847856,0.91140664,0.02662104,0.8354079,0.873438,0.0380301,1.0,1.0,0.0,0.0,0.0,0.0,0.0,0.0,0.0,0.0,0.0,0.0,1,1,0,False,False,False,False,False,OTHER,OTHER,IMPROVED
117,0.9388525,0.94761544,0.0087629399999999,0.91264635,0.92516494,0.0125185899999999,1.0,1.0,0.0,0.0,0.0,0.0,0.0,0.0,0.0,0.0,0.0,0.0,1,1,0,False,False,False,False,False,OTHER,OTHER,IMPROVED
118,0.8982746,0.8982746,0.0,0.8546781,0.8546781,0.0,1.0,1.0,0.0,0.0,0.0,0.0,0.0,0.0,0.0,0.0,0.0,0.0,1,1,0,False,False,False,False,False,OTHER,OTHER,UNCHANGED
119,0.8812315,0.9062831,0.0250516,0.93747365,0.96254724,0.0250735899999999,0.75,0.77500004,0.02500004,0.0,0.0,0.0,0.0,0.0,0.0,0.0,0.0,0.0,1,1,0,False,False,False,False,False,OTHER,OTHER,IMPROVED
120,1.0,1.0,0.0,1.0,1.0,0.0,1.0,1.0,0.0,0.0,0.0,0.0,0.0,0.0,0.0,0.0,0.0,0.0,1,1,0,False,False,False,False,False,OTHER,OTHER,UNCHANGED
121,1.0,1.0,0.0,1.0,1.0,0.0,1.0,1.0,0.0,0.0,0.0,0.0,0.0,0.0,0.0,0.0,0.0,0.0,1,1,0,False,False,False,False,False,OTHER,OTHER,UNCHANGED
122,1.0,1.0,0.0,1.0,1.0,0.0,1.0,1.0,0.0,0.0,0.0,0.0,0.0,0.0,0.0,0.0,0.0,0.0,1,1,0,False,False,False,False,False,OTHER,OTHER,UNCHANGED
123,1.0,1.0,0.0,1.0,1.0,0.0,1.0,1.0,0.0,0.0,0.0,0.0,0.0,0.0,0.0,0.0,0.0,0.0,1,1,0,False,False,False,False,False,OTHER,OTHER,UNCHANGED
124,0.95928496,0.8434221,-0.11586286,0.94183576,0.8031031,-0.13873266,1.0,0.9375,-0.0625,0.0,0.0,0.0,0.0,0.0,0.0,0.0,0.0,0.0,1,1,0,False,False,False,False,False,OTHER,OTHER,REGRESSED
125,0.97765046,0.9450226,-0.0326278599999999,0.96807206,0.9214609,-0.0466111599999999,1.0,1.0,0.0,0.0,0.0,0.0,0.0,0.0,0.0,0.0,0.0,0.0,1,1,0,False,False,False,False,False,OTHER,OTHER,REGRESSED
126,1.0,1.0,0.0,1.0,1.0,0.0,1.0,1.0,0.0,0.0,0.0,0.0,0.0,0.0,0.0,0.0,0.0,0.0,1,1,0,False,False,False,False,False,OTHER,OTHER,UNCHANGED
127,0.97600985,1.0,0.02399015,0.96572834,0.99999994,0.0342716,1.0,1.0,0.0,0.0,0.0,0.0,0.0,0.0,0.0,0.0,0.0,0.0,1,1,0,False,False,False,False,False,OTHER,OTHER,IMPROVED
128,0.91375,0.94,0.0262499999999999,0.99999994,0.99999994,0.0,0.71250004,0.8,0.08749996,0.0,0.0,0.0,0.0,0.0,0.0,0.0,0.0,0.0,1,1,0,False,False,False,False,False,OTHER,OTHER,IMPROVED
129,0.9607617,0.9607617,0.0,0.94394535,0.94394535,0.0,1.0,1.0,0.0,0.0,0.0,0.0,0.0,0.0,0.0,0.0,0.0,0.0,1,1,0,False,False,False,False,False,OTHER,OTHER,UNCHANGED
130,0.97345465,0.94698554,-0.0264691099999999,0.9620781,0.924265,-0.0378131,1.0,1.0,0.0,0.0,0.0,0.0,0.0,0.0,0.0,0.0,0.0,0.0,1,1,0,False,False,False,False,False,OTHER,OTHER,REGRESSED
131,0.71551335,0.6015102,-0.11400315,0.5935905,0.43072885,-0.16286165,1.0,1.0,0.0,0.0,0.0,0.0,0.0,0.0,0.0,0.0,0.0,0.0,1,1,0,False,False,False,False,False,OTHER,OTHER,REGRESSED
132,0.99808484,0.99808484,0.0,0.99726397,0.99726397,0.0,1.0,1.0,0.0,0.0,0.0,0.0,0.0,0.0,0.0,0.0,0.0,0.0,1,1,0,False,False,False,False,False,OTHER,OTHER,UNCHANGED
133,0.0,0.0,0.0,0.11746589,0.11746589,0.0,0.5,1.0,0.5,1.0,1.0,0.0,1.0,1.0,0.0,0.0,0.0,0.0,0,0,0,True,True,False,False,True,OVERLAP+COLLISION,OVERLAP+COLLISION,PERSISTENT_ZERO
134,1.0,1.0,0.0,1.0,1.0,0.0,1.0,1.0,0.0,0.0,0.0,0.0,0.0,0.0,0.0,0.0,0.0,0.0,1,1,0,False,False,False,False,False,OTHER,OTHER,UNCHANGED
135,0.85809577,0.8730957,0.0149999299999999,0.8562081,0.8562081,0.0,0.8625,0.9125,0.0499999999999999,0.0,0.0,0.0,0.0,0.0,0.0,0.0,0.0,0.0,1,1,0,False,False,False,False,False,OTHER,OTHER,IMPROVED
136,0.93001616,0.93883556,0.0088194,0.900023,0.9126222,0.0125992,1.0,1.0,0.0,0.0,0.0,0.0,0.0,0.0,0.0,0.0,0.0,0.0,1,1,0,False,False,False,False,False,OTHER,OTHER,IMPROVED
137,0.97749996,1.0,0.02250004,0.99999994,0.99999994,0.0,0.925,1.0,0.0749999999999999,0.0,0.0,0.0,0.0,0.0,0.0,0.0,0.0,0.0,1,1,0,False,False,False,False,False,OTHER,OTHER,IMPROVED
138,1.0,1.0,0.0,1.0,1.0,0.0,1.0,1.0,0.0,0.0,0.0,0.0,0.0,0.0,0.0,0.0,0.0,0.0,1,1,0,False,False,False,False,False,OTHER,OTHER,UNCHANGED
139,0.91314393,0.8915748,-0.02156913,0.92413414,0.84510684,-0.0790273,0.8875,1.0,0.1125,0.0,0.0,0.0,0.0,0.0,0.0,0.0,0.0,0.0,1,1,0,False,False,False,False,False,OTHER,OTHER,REGRESSED
140,0.0,0.0,0.0,1.0,1.0,0.0,1.0,1.0,0.0,1.0,1.0,0.0,1.0,1.0,0.0,0.0,0.0,0.0,0,0,0,True,True,False,False,True,OVERLAP+COLLISION,OVERLAP+COLLISION,PERSISTENT_ZERO
141,0.96250004,0.96625006,0.00375002,1.0,1.0,0.0,0.875,0.8875,0.0124999999999999,0.0,0.0,0.0,0.0,0.0,0.0,0.0,0.0,0.0,1,1,0,False,False,False,False,False,OTHER,OTHER,IMPROVED
142,0.89124995,1.0,0.10875005,0.99999994,0.99999994,0.0,0.6375,1.0,0.3625,0.0,0.0,0.0,0.0,0.0,0.0,0.0,0.0,0.0,1,1,0,False,False,False,False,False,OTHER,OTHER,IMPROVED
143,1.0,1.0,0.0,1.0,1.0,0.0,1.0,1.0,0.0,0.0,0.0,0.0,0.0,0.0,0.0,0.0,0.0,0.0,1,1,0,False,False,False,False,False,OTHER,OTHER,UNCHANGED
144,0.9300108,0.95188093,0.0218701299999999,0.9482298,0.9741156,0.0258857999999999,0.8875,0.90000004,0.01250004,0.0,0.0,0.0,0.0,0.0,0.0,0.0,0.0,0.0,1,1,0,False,False,False,False,False,OTHER,OTHER,IMPROVED
145,0.8773608,0.82842314,-0.0489376600000001,0.93730116,0.862033,-0.0752681599999999,0.7375,0.75,0.0124999999999999,0.0,0.0,0.0,0.0,0.0,0.0,0.0,0.0,0.0,1,1,0,False,False,False,False,False,OTHER,OTHER,REGRESSED
146,0.89400667,0.8151507,-0.07885597,0.8485809,0.81092954,-0.03765136,1.0,0.825,-0.175,0.0,0.0,0.0,0.0,0.0,0.0,0.0,0.0,0.0,1,1,0,False,False,False,False,False,OTHER,OTHER,REGRESSED
147,0.95740664,0.9403123,-0.0170943399999999,0.93915236,0.91473186,-0.0244205,1.0,1.0,0.0,0.0,0.0,0.0,0.0,0.0,0.0,0.0,0.0,0.0,1,1,0,False,False,False,False,False,OTHER,OTHER,REGRESSED
148,1.0,1.0,0.0,1.0,1.0,0.0,1.0,1.0,0.0,0.0,0.0,0.0,0.0,0.0,0.0,0.0,0.0,0.0,1,1,0,False,False,False,False,False,OTHER,OTHER,UNCHANGED
149,0.88860554,0.9163764,0.0277708599999999,0.84086496,0.8805377,0.0396727399999999,1.0,1.0,0.0,0.0,0.0,0.0,0.0,0.0,0.0,0.0,0.0,0.0,1,1,0,False,False,False,False,False,OTHER,OTHER,IMPROVED
150,0.90937895,0.8349102,-0.0744687499999999,0.8705413,0.79630035,-0.0742409499999999,1.0,0.925,-0.0749999999999999,0.0,0.0,0.0,0.0,0.0,0.0,0.0,0.0,0.0,1,1,0,False,False,False,False,False,OTHER,OTHER,REGRESSED
151,0.9297352,0.9472813,0.0175461,0.8996217,0.92468745,0.0250657499999999,1.0,1.0,0.0,0.0,0.0,0.0,0.0,0.0,0.0,0.0,0.0,0.0,1,1,0,False,False,False,False,False,OTHER,OTHER,IMPROVED
152,0.87249726,0.8875,0.0150027399999999,0.9624961,1.0,0.0375039,0.6625,0.625,-0.0374999999999999,0.0,0.0,0.0,0.0,0.0,0.0,0.0,0.0,0.0,1,1,0,False,False,False,False,False,OTHER,OTHER,IMPROVED
153,0.809853,0.96624994,0.1563969399999999,0.7765757,0.99999994,0.22342424,0.8875,0.8875,0.0,0.0,0.0,0.0,0.0,0.0,0.0,0.0,0.0,0.0,1,1,0,False,False,False,False,False,OTHER,OTHER,IMPROVED
154,1.0,1.0,0.0,1.0,1.0,0.0,1.0,1.0,0.0,0.0,0.0,0.0,0.0,0.0,0.0,0.0,0.0,0.0,1,1,0,False,False,False,False,False,OTHER,OTHER,UNCHANGED
155,0.9554283,0.93757915,-0.0178491499999999,0.93632615,0.9108273,-0.0254988499999999,1.0,1.0,0.0,0.0,0.0,0.0,0.0,0.0,0.0,0.0,0.0,0.0,1,1,0,False,False,False,False,False,OTHER,OTHER,REGRESSED
156,0.9886946,0.979733,-0.0089616,0.98384947,0.9710471,-0.0128023699999999,1.0,1.0,0.0,0.0,0.0,0.0,0.0,0.0,0.0,0.0,0.0,0.0,1,1,0,False,False,False,False,False,OTHER,OTHER,REGRESSED
157,0.88753074,0.9150171,0.02748636,0.8875439,0.9375245,0.0499805999999999,0.8875,0.8625,-0.0249999999999999,0.0,0.0,0.0,0.0,0.0,0.0,0.0,0.0,0.0,1,1,0,False,False,False,False,False,OTHER,OTHER,IMPROVED
158,0.8898001,0.83492595,-0.0548741499999999,0.84257156,0.76417994,-0.07839162,1.0,1.0,0.0,0.0,0.0,0.0,0.0,0.0,0.0,0.0,0.0,0.0,1,1,0,False,False,False,False,False,OTHER,OTHER,REGRESSED
159,0.8573702,0.9086815,0.0513113,0.9248145,0.9499022,0.0250877,0.7,0.8125,0.1125,0.0,0.0,0.0,0.0,0.0,0.0,0.0,0.0,0.0,1,1,0,False,False,False,False,False,OTHER,OTHER,IMPROVED
160,0.94482386,0.7573564,-0.1874674599999999,0.92117685,0.65336627,-0.26781058,1.0,1.0,0.0,0.0,0.0,0.0,0.0,0.0,0.0,0.0,0.0,0.0,1,1,0,False,False,False,False,False,OTHER,OTHER,REGRESSED
161,0.9386496,0.9386496,0.0,0.91235644,0.91235644,0.0,1.0,1.0,0.0,0.0,0.0,0.0,0.0,0.0,0.0,0.0,0.0,0.0,1,1,0,False,False,False,False,False,OTHER,OTHER,UNCHANGED
162,0.77390414,0.8034895,0.02958536,0.8216487,0.75677073,-0.06487797,0.6625,0.9125,0.25,0.0,0.0,0.0,0.0,0.0,0.0,0.0,0.0,0.0,1,1,0,False,False,False,False,False,OTHER,OTHER,IMPROVED
163,1.0,1.0,0.0,1.0,1.0,0.0,1.0,1.0,0.0,0.0,0.0,0.0,0.0,0.0,0.0,0.0,0.0,0.0,1,1,0,False,False,False,False,False,OTHER,OTHER,UNCHANGED
164,0.74442214,0.8287434,0.08432126,0.7956031,0.85713345,0.0615303499999999,0.625,0.7625,0.1374999999999999,0.0,0.0,0.0,0.0,0.0,0.0,0.0,0.0,0.0,1,1,0,False,False,False,False,False,OTHER,OTHER,IMPROVED
165,1.0,1.0,0.0,1.0,1.0,0.0,1.0,1.0,0.0,0.0,0.0,0.0,0.0,0.0,0.0,0.0,0.0,0.0,1,1,0,False,False,False,False,False,OTHER,OTHER,UNCHANGED
166,0.95582926,0.98321676,0.0273875,0.936899,0.9760239,0.0391249,1.0,1.0,0.0,0.0,0.0,0.0,0.0,0.0,0.0,0.0,0.0,0.0,1,1,0,False,False,False,False,False,OTHER,OTHER,IMPROVED
167,0.9643974,0.97749996,0.0131025599999999,0.94913906,1.0,0.0508609399999999,1.0,0.925,-0.0749999999999999,0.0,0.0,0.0,0.0,0.0,0.0,0.0,0.0,0.0,1,1,0,False,False,False,False,False,OTHER,OTHER,IMPROVED
168,0.90622824,0.91177887,0.00555063,0.93032604,0.87396973,-0.0563563099999999,0.85,1.0,0.15,0.0,0.0,0.0,0.0,0.0,0.0,0.0,0.0,0.0,1,1,0,False,False,False,False,False,OTHER,OTHER,IMPROVED
169,0.88304776,0.86125195,-0.0217958099999999,0.8811397,0.80178845,-0.0793512499999999,0.8875,1.0,0.1125,0.0,0.0,0.0,0.0,0.0,0.0,0.0,0.0,0.0,1,1,0,False,False,False,False,False,OTHER,OTHER,REGRESSED
170,0.92159766,0.9477652,0.0261675399999999,0.8879966,0.92537886,0.03738226,1.0,1.0,0.0,0.0,0.0,0.0,0.0,0.0,0.0,0.0,0.0,0.0,1,1,0,False,False,False,False,False,OTHER,OTHER,IMPROVED
171,0.97749996,1.0,0.02250004,1.0,1.0,0.0,0.925,1.0,0.0749999999999999,0.0,0.0,0.0,0.0,0.0,0.0,0.0,0.0,0.0,1,1,0,False,False,False,False,False,OTHER,OTHER,IMPROVED
172,0.87376386,0.90239394,0.02863008,0.8732341,0.86056274,-0.01267136,0.875,1.0,0.125,0.0,0.0,0.0,0.0,0.0,0.0,0.0,0.0,0.0,1,1,0,False,False,False,False,False,OTHER,OTHER,IMPROVED
173,0.9480843,0.99117947,0.0430951699999999,0.92583466,0.9873992,0.06156454,1.0,1.0,0.0,0.0,0.0,0.0,0.0,0.0,0.0,0.0,0.0,0.0,1,1,0,False,False,False,False,False,OTHER,OTHER,IMPROVED
174,1.0,1.0,0.0,1.0,1.0,0.0,1.0,1.0,0.0,0.0,0.0,0.0,0.0,0.0,0.0,0.0,0.0,0.0,1,1,0,False,False,False,False,False,OTHER,OTHER,UNCHANGED
175,1.0,1.0,0.0,0.99999994,0.99999994,0.0,1.0,1.0,0.0,0.0,0.0,0.0,0.0,0.0,0.0,0.0,0.0,0.0,1,1,0,False,False,False,False,False,OTHER,OTHER,UNCHANGED
176,1.0,1.0,0.0,1.0,1.0,0.0,1.0,1.0,0.0,0.0,0.0,0.0,0.0,0.0,0.0,0.0,0.0,0.0,1,1,0,False,False,False,False,False,OTHER,OTHER,UNCHANGED
177,0.8618709,0.83591026,-0.0259606399999999,0.8026727,0.765586,-0.0370867,1.0,1.0,0.0,0.0,0.0,0.0,0.0,0.0,0.0,0.0,0.0,0.0,1,1,0,False,False,False,False,False,OTHER,OTHER,REGRESSED
178,0.9090349,0.94591296,0.03687806,0.87004983,0.92273283,0.0526829999999999,1.0,1.0,0.0,0.0,0.0,0.0,0.0,0.0,0.0,0.0,0.0,0.0,1,1,0,False,False,False,False,False,OTHER,OTHER,IMPROVED
179,0.806019,0.73692644,-0.06909256,0.72288424,0.6241806,-0.0987036399999999,1.0,1.0,0.0,0.0,0.0,0.0,0.0,0.0,0.0,0.0,0.0,0.0,1,1,0,False,False,False,False,False,OTHER,OTHER,REGRESSED
180,0.97368395,0.9467543,-0.0269296499999999,0.9624056,0.9239347,-0.0384708999999999,1.0,1.0,0.0,0.0,0.0,0.0,0.0,0.0,0.0,0.0,0.0,0.0,1,1,0,False,False,False,False,False,OTHER,OTHER,REGRESSED
181,1.0,1.0,0.0,1.0,1.0,0.0,1.0,1.0,0.0,0.0,0.0,0.0,0.0,0.0,0.0,0.0,0.0,0.0,1,1,0,False,False,False,False,False,OTHER,OTHER,UNCHANGED
182,1.0,1.0,0.0,1.0,1.0,0.0,1.0,1.0,0.0,0.0,0.0,0.0,0.0,0.0,0.0,0.0,0.0,0.0,1,1,0,False,False,False,False,False,OTHER,OTHER,UNCHANGED
183,0.7806671,0.8278131,0.047146,0.78309584,0.8343758,0.05127996,0.77500004,0.8125,0.03749996,0.0,0.0,0.0,0.0,0.0,0.0,0.0,0.0,0.0,1,1,0,False,False,False,False,False,OTHER,OTHER,IMPROVED
184,0.93732256,0.96416074,0.0268381799999999,0.9104607,0.948801,0.0383402999999999,1.0,1.0,0.0,0.0,0.0,0.0,0.0,0.0,0.0,0.0,0.0,0.0,1,1,0,False,False,False,False,False,OTHER,OTHER,IMPROVED
185,1.0,1.0,0.0,1.0,1.0,0.0,1.0,1.0,0.0,0.0,0.0,0.0,0.0,0.0,0.0,0.0,0.0,0.0,1,1,0,False,False,False,False,False,OTHER,OTHER,UNCHANGED
186,0.9380323,0.93992424,0.0018919399999999,0.959689,0.97310597,0.0134169699999999,0.8875,0.8625,-0.0249999999999999,0.0,0.0,0.0,0.0,0.0,0.0,0.0,0.0,0.0,1,1,0,False,False,False,False,False,OTHER,OTHER,IMPROVED
187,1.0,0.9152174,-0.0847826,1.0,0.87888193,-0.1211180699999999,1.0,1.0,0.0,0.0,0.0,0.0,0.0,0.0,0.0,0.0,0.0,0.0,1,1,0,False,False,False,False,False,OTHER,OTHER,REGRESSED
188,1.0,1.0,0.0,0.99999994,0.99999994,0.0,1.0,1.0,0.0,0.0,0.0,0.0,0.0,0.0,0.0,0.0,0.0,0.0,1,1,0,False,False,False,False,False,OTHER,OTHER,UNCHANGED
189,1.0,1.0,0.0,1.0,1.0,0.0,1.0,1.0,0.0,0.0,0.0,0.0,0.0,0.0,0.0,0.0,0.0,0.0,1,1,0,False,False,False,False,False,OTHER,OTHER,UNCHANGED
190,1.0,1.0,0.0,1.0,1.0,0.0,1.0,1.0,0.0,0.0,0.0,0.0,0.0,0.0,0.0,0.0,0.0,0.0,1,1,0,False,False,False,False,False,OTHER,OTHER,UNCHANGED
191,1.0,0.8908049,-0.1091950999999999,1.0000001,0.89222115,-0.10777895,1.0,0.8875,-0.1125,0.0,0.0,0.0,0.0,0.0,0.0,0.0,0.0,0.0,1,1,0,False,False,False,False,False,OTHER,OTHER,REGRESSED
192,1.0,1.0,0.0,1.0,1.0,0.0,1.0,1.0,0.0,0.0,0.0,0.0,0.0,0.0,0.0,0.0,0.0,0.0,1,1,0,False,False,False,False,False,OTHER,OTHER,UNCHANGED
193,1.0,1.0,0.0,1.0,1.0,0.0,1.0,1.0,0.0,0.0,0.0,0.0,0.0,0.0,0.0,0.0,0.0,0.0,1,1,0,False,False,False,False,False,OTHER,OTHER,UNCHANGED
194,0.93822587,0.9471695,0.0089436299999999,0.9117512,0.92452794,0.01277674,1.0,1.0,0.0,0.0,0.0,0.0,0.0,0.0,0.0,0.0,0.0,0.0,1,1,0,False,False,False,False,False,OTHER,OTHER,IMPROVED
195,0.96625006,0.99625,0.0299999399999999,1.0,1.0,0.0,0.8875,0.9875,0.1,0.0,0.0,0.0,0.0,0.0,0.0,0.0,0.0,0.0,1,1,0,False,False,False,False,False,OTHER,OTHER,IMPROVED
196,1.0,1.0,0.0,1.0,1.0,0.0,1.0,1.0,0.0,0.0,0.0,0.0,0.0,0.0,0.0,0.0,0.0,0.0,1,1,0,False,False,False,False,False,OTHER,OTHER,UNCHANGED
197,1.0,0.9890219,-0.0109780999999999,1.0,0.98431695,-0.01568305,1.0,1.0,0.0,0.0,0.0,0.0,0.0,0.0,0.0,0.0,0.0,0.0,1,1,0,False,False,False,False,False,OTHER,OTHER,REGRESSED
198,0.9251005,0.95004064,0.02494014,0.8930008,0.9286294,0.0356286,1.0,1.0,0.0,0.0,0.0,0.0,0.0,0.0,0.0,0.0,0.0,0.0,1,1,0,False,False,False,False,False,OTHER,OTHER,IMPROVED
199,1.0,1.0,0.0,1.0,1.0,0.0,1.0,1.0,0.0,0.0,0.0,0.0,0.0,0.0,0.0,0.0,0.0,0.0,1,1,0,False,False,False,False,False,OTHER,OTHER,UNCHANGED
200,1.0,1.0,0.0,1.0,1.0,0.0,1.0,1.0,0.0,0.0,0.0,0.0,0.0,0.0,0.0,0.0,0.0,0.0,1,1,0,False,False,False,False,False,OTHER,OTHER,UNCHANGED
201,0.9594561,1.0,0.0405438999999999,0.99029434,1.0,0.0097056599999999,0.8875,1.0,0.1125,0.0,0.0,0.0,0.0,0.0,0.0,0.0,0.0,0.0,1,1,0,False,False,False,False,False,OTHER,OTHER,IMPROVED
202,0.9113946,0.9379627,0.0265680999999999,0.87342083,0.9113753,0.0379544699999999,1.0,1.0,0.0,0.0,0.0,0.0,0.0,0.0,0.0,0.0,0.0,0.0,1,1,0,False,False,False,False,False,OTHER,OTHER,IMPROVED
203,0.92115784,0.9474434,0.02628556,0.8873683,0.92491907,0.0375507699999999,1.0,1.0,0.0,0.0,0.0,0.0,0.0,0.0,0.0,0.0,0.0,0.0,1,1,0,False,False,False,False,False,OTHER,OTHER,IMPROVED
204,1.0,1.0,0.0,1.0,1.0,0.0,1.0,1.0,0.0,0.0,0.0,0.0,0.0,0.0,0.0,0.0,0.0,0.0,1,1,0,False,False,False,False,False,OTHER,OTHER,UNCHANGED
205,0.90380776,0.89506453,-0.0087432299999999,0.86258245,0.8500922,-0.01249025,1.0,1.0,0.0,0.0,0.0,0.0,0.0,0.0,0.0,0.0,0.0,0.0,1,1,0,False,False,False,False,False,OTHER,OTHER,REGRESSED
206,0.7884857,0.8882723,0.0997866,0.81569386,0.84038895,0.02469509,0.725,1.0,0.275,0.0,0.0,0.0,0.0,0.0,0.0,0.0,0.0,0.0,1,1,0,False,False,False,False,False,OTHER,OTHER,IMPROVED
207,1.0,1.0,0.0,1.0,1.0,0.0,1.0,1.0,0.0,0.0,0.0,0.0,0.0,0.0,0.0,0.0,0.0,0.0,1,1,0,False,False,False,False,False,OTHER,OTHER,UNCHANGED
208,0.9165527,0.9302742,0.0137215,0.9129325,0.9003917,-0.0125408,0.925,1.0,0.0749999999999999,0.0,0.0,0.0,0.0,0.0,0.0,0.0,0.0,0.0,1,1,0,False,False,False,False,False,OTHER,OTHER,IMPROVED
209,0.97202986,0.97202986,0.0,0.9600426,0.9600426,0.0,1.0,1.0,0.0,0.0,0.0,0.0,0.0,0.0,0.0,0.0,0.0,0.0,1,1,0,False,False,False,False,False,OTHER,OTHER,UNCHANGED
210,0.96625006,1.0,0.0337499399999999,1.0,1.0,0.0,0.8875,1.0,0.1125,0.0,0.0,0.0,0.0,0.0,0.0,0.0,0.0,0.0,1,1,0,False,False,False,False,False,OTHER,OTHER,IMPROVED
211,0.8221528,0.80159754,-0.0205552599999999,0.8048611,0.76478213,-0.04007897,0.8625,0.8875,0.0249999999999999,0.0,0.0,0.0,0.0,0.0,0.0,0.0,0.0,0.0,1,1,0,False,False,False,False,False,OTHER,OTHER,REGRESSED
212,1.0,1.0,0.0,1.0,1.0,0.0,1.0,1.0,0.0,0.0,0.0,0.0,0.0,0.0,0.0,0.0,0.0,0.0,1,1,0,False,False,False,False,False,OTHER,OTHER,UNCHANGED
213,0.9912934,0.96519357,-0.02609983,0.987562,0.95027643,-0.0372855700000001,1.0,1.0,0.0,0.0,0.0,0.0,0.0,0.0,0.0,0.0,0.0,0.0,1,1,0,False,False,False,False,False,OTHER,OTHER,REGRESSED
214,0.90380687,0.8863309,-0.01747597,0.8625812,0.83761555,-0.02496565,1.0,1.0,0.0,0.0,0.0,0.0,0.0,0.0,0.0,0.0,0.0,0.0,1,1,0,False,False,False,False,False,OTHER,OTHER,REGRESSED
215,0.9153,0.9153,0.0,0.87900007,0.87900007,0.0,1.0,1.0,0.0,0.0,0.0,0.0,0.0,0.0,0.0,0.0,0.0,0.0,1,1,0,False,False,False,False,False,OTHER,OTHER,UNCHANGED
216,1.0,1.0,0.0,1.0,1.0,0.0,1.0,1.0,0.0,0.0,0.0,0.0,0.0,0.0,0.0,0.0,0.0,0.0,1,1,0,False,False,False,False,False,OTHER,OTHER,UNCHANGED
217,1.0,1.0,0.0,1.0,1.0,0.0,1.0,1.0,0.0,0.0,0.0,0.0,0.0,0.0,0.0,0.0,0.0,0.0,1,1,0,False,False,False,False,False,OTHER,OTHER,UNCHANGED
218,0.9173752,0.92367077,0.00629557,0.9248217,0.94988686,0.02506516,0.90000004,0.8625,-0.0375000399999999,0.0,0.0,0.0,0.0,0.0,0.0,0.0,0.0,0.0,1,1,0,False,False,False,False,False,OTHER,OTHER,IMPROVED
219,1.0,1.0,0.0,1.0,1.0,0.0,1.0,1.0,0.0,0.0,0.0,0.0,0.0,0.0,0.0,0.0,0.0,0.0,1,1,0,False,False,False,False,False,OTHER,OTHER,UNCHANGED
220,0.96499884,0.9087488,-0.05625004,0.9874982,0.9874982,0.0,0.9125,0.725,-0.1875,0.0,0.0,0.0,0.0,0.0,0.0,0.0,0.0,0.0,1,1,0,False,False,False,False,False,OTHER,OTHER,REGRESSED
221,0.9654428,0.9654428,0.0,0.9506325,0.9506325,0.0,1.0,1.0,0.0,0.0,0.0,0.0,0.0,0.0,0.0,0.0,0.0,0.0,1,1,0,False,False,False,False,False,OTHER,OTHER,UNCHANGED
222,1.0,1.0,0.0,1.0,1.0,0.0,1.0,1.0,0.0,0.0,0.0,0.0,0.0,0.0,0.0,0.0,0.0,0.0,1,1,0,False,False,False,False,False,OTHER,OTHER,UNCHANGED
223,0.9324867,0.93719196,0.00470526,0.9517667,0.9638457,0.012079,0.8875,0.875,-0.0124999999999999,0.0,0.0,0.0,0.0,0.0,0.0,0.0,0.0,0.0,1,1,0,False,False,False,False,False,OTHER,OTHER,IMPROVED
224,1.0,1.0,0.0,1.0,1.0,0.0,1.0,1.0,0.0,0.0,0.0,0.0,0.0,0.0,0.0,0.0,0.0,0.0,1,1,0,False,False,False,False,False,OTHER,OTHER,UNCHANGED
225,1.0,1.0,0.0,1.0,1.0,0.0,1.0,1.0,0.0,0.0,0.0,0.0,0.0,0.0,0.0,0.0,0.0,0.0,1,1,0,False,False,False,False,False,OTHER,OTHER,UNCHANGED
226,1.0,1.0,0.0,1.0,1.0,0.0,1.0,1.0,0.0,0.0,0.0,0.0,0.0,0.0,0.0,0.0,0.0,0.0,1,1,0,False,False,False,False,False,OTHER,OTHER,UNCHANGED
227,1.0,1.0,0.0,1.0,1.0,0.0,1.0,1.0,0.0,0.0,0.0,0.0,0.0,0.0,0.0,0.0,0.0,0.0,1,1,0,False,False,False,False,False,OTHER,OTHER,UNCHANGED
228,0.9097452,0.91650575,0.0067605499999999,0.97820747,0.94500816,-0.0331993099999999,0.75,0.85,0.0999999999999999,0.0,0.0,0.0,0.0,0.0,0.0,0.0,0.0,0.0,1,1,0,False,False,False,False,False,OTHER,OTHER,IMPROVED
229,0.98196757,0.9451775,-0.03679007,0.9742393,0.9216821,-0.0525572,1.0,1.0,0.0,0.0,0.0,0.0,0.0,0.0,0.0,0.0,0.0,0.0,1,1,0,False,False,False,False,False,OTHER,OTHER,REGRESSED
230,1.0,1.0,0.0,1.0,1.0,0.0,1.0,1.0,0.0,0.0,0.0,0.0,0.0,0.0,0.0,0.0,0.0,0.0,1,1,0,False,False,False,False,False,OTHER,OTHER,UNCHANGED
231,0.95874995,0.95874995,0.0,1.0,1.0,0.0,0.8625,0.8625,0.0,0.0,0.0,0.0,0.0,0.0,0.0,0.0,0.0,0.0,1,1,0,False,False,False,False,False,OTHER,OTHER,UNCHANGED
232,0.8840197,0.91139716,0.02737746,0.88788515,0.9377102,0.04982505,0.875,0.85,-0.025,0.0,0.0,0.0,0.0,0.0,0.0,0.0,0.0,0.0,1,1,0,False,False,False,False,False,OTHER,OTHER,IMPROVED
233,1.0,1.0,0.0,1.0,1.0,0.0,1.0,1.0,0.0,0.0,0.0,0.0,0.0,0.0,0.0,0.0,0.0,0.0,1,1,0,False,False,False,False,False,OTHER,OTHER,UNCHANGED
234,0.9414051,0.9414051,0.0,0.91629297,0.91629297,0.0,1.0,1.0,0.0,0.0,0.0,0.0,0.0,0.0,0.0,0.0,0.0,0.0,1,1,0,False,False,False,False,False,OTHER,OTHER,UNCHANGED
235,0.9191834,0.9102567,-0.0089266999999999,0.88454765,0.87179524,-0.01275241,1.0,1.0,0.0,0.0,0.0,0.0,0.0,0.0,0.0,0.0,0.0,0.0,1,1,0,False,False,False,False,False,OTHER,OTHER,REGRESSED
236,0.8731481,0.895648,0.0224999,0.8509258,0.8509258,0.0,0.925,1.0,0.0749999999999999,0.0,0.0,0.0,0.0,0.0,0.0,0.0,0.0,0.0,1,1,0,False,False,False,False,False,OTHER,OTHER,IMPROVED
237,0.96426135,0.96426135,0.0,0.9757305,0.9757305,0.0,0.9375,0.9375,0.0,0.0,0.0,0.0,0.0,0.0,0.0,0.0,0.0,0.0,1,1,0,False,False,False,False,False,OTHER,OTHER,UNCHANGED
238,1.0,1.0,0.0,1.0,1.0,0.0,1.0,1.0,0.0,0.0,0.0,0.0,0.0,0.0,0.0,0.0,0.0,0.0,1,1,0,False,False,False,False,False,OTHER,OTHER,UNCHANGED
239,0.8206709,0.83404726,0.0133763599999999,0.7759585,0.7629246,-0.0130339,0.925,1.0,0.0749999999999999,0.0,0.0,0.0,0.0,0.0,0.0,0.0,0.0,0.0,1,1,0,False,False,False,False,False,OTHER,OTHER,IMPROVED
240,0.91862786,0.94494003,0.02631217,0.9373255,0.9749143,0.0375887999999999,0.875,0.875,0.0,0.0,0.0,0.0,0.0,0.0,0.0,0.0,0.0,0.0,1,1,0,False,False,False,False,False,OTHER,OTHER,IMPROVED
241,0.84011364,0.88634914,0.0462354999999999,0.8251624,0.8376416,0.0124792,0.875,1.0,0.125,0.0,0.0,0.0,0.0,0.0,0.0,0.0,0.0,0.0,1,1,0,False,False,False,False,False,OTHER,OTHER,IMPROVED
242,0.975996,0.83508635,-0.14090965,0.9657086,0.76440907,-0.20129953,1.0,1.0,0.0,0.0,0.0,0.0,0.0,0.0,0.0,0.0,0.0,0.0,1,1,0,False,False,False,False,False,OTHER,OTHER,REGRESSED
243,0.97749996,0.9156298,-0.0618701599999998,1.0,0.879471,-0.120529,0.925,1.0,0.0749999999999999,0.0,0.0,0.0,0.0,0.0,0.0,0.0,0.0,0.0,1,1,0,False,False,False,False,False,OTHER,OTHER,REGRESSED
244,0.9548343,0.94683284,-0.00800146,0.9354775,0.9240469,-0.0114305999999999,1.0,1.0,0.0,0.0,0.0,0.0,0.0,0.0,0.0,0.0,0.0,0.0,1,1,0,False,False,False,False,False,OTHER,OTHER,REGRESSED
245,1.0,1.0,0.0,1.0,1.0,0.0,1.0,1.0,0.0,0.0,0.0,0.0,0.0,0.0,0.0,0.0,0.0,0.0,1,1,0,False,False,False,False,False,OTHER,OTHER,UNCHANGED
246,1.0,1.0,0.0,1.0,1.0,0.0,1.0,1.0,0.0,0.0,0.0,0.0,0.0,0.0,0.0,0.0,0.0,0.0,1,1,0,False,False,False,False,False,OTHER,OTHER,UNCHANGED
247,0.8542175,0.8604658,0.0062482999999999,0.8399536,0.86495113,0.02499753,0.8875,0.85,-0.0374999999999999,0.0,0.0,0.0,0.0,0.0,0.0,0.0,0.0,0.0,1,1,0,False,False,False,False,False,OTHER,OTHER,IMPROVED
248,0.8938262,0.81466836,-0.07915784,0.880466,0.7352405,-0.1452255,0.925,1.0,0.0749999999999999,0.0,0.0,0.0,0.0,0.0,0.0,0.0,0.0,0.0,1,1,0,False,False,False,False,False,OTHER,OTHER,REGRESSED
249,0.93994826,0.93994826,0.0,0.91421175,0.91421175,0.0,1.0,1.0,0.0,0.0,0.0,0.0,0.0,0.0,0.0,0.0,0.0,0.0,1,1,0,False,False,False,False,False,OTHER,OTHER,UNCHANGED
250,0.96625006,0.97421265,0.0079625899999999,1.0,0.963161,-0.0368389999999999,0.8875,1.0,0.1125,0.0,0.0,0.0,0.0,0.0,0.0,0.0,0.0,0.0,1,1,0,False,False,False,False,False,OTHER,OTHER,IMPROVED
251,1.0,1.0,0.0,1.0,1.0,0.0,1.0,1.0,0.0,0.0,0.0,0.0,0.0,0.0,0.0,0.0,0.0,0.0,1,1,0,False,False,False,False,False,OTHER,OTHER,UNCHANGED
252,0.8820155,0.8767902,-0.0052252999999999,0.917165,0.85612893,-0.06103607,0.8,0.925,0.125,0.0,0.0,0.0,0.0,0.0,0.0,0.0,0.0,0.0,1,1,0,False,False,False,False,False,OTHER,OTHER,REGRESSED
253,0.9715473,1.0,0.0284526999999999,0.99149615,0.99999994,0.00850379,0.925,1.0,0.0749999999999999,0.0,0.0,0.0,0.0,0.0,0.0,0.0,0.0,0.0,1,1,0,False,False,False,False,False,OTHER,OTHER,IMPROVED
254,0.94375,0.85510695,-0.0886430499999999,1.0,0.79300994,-0.2069900599999999,0.8125,1.0,0.1875,0.0,0.0,0.0,0.0,0.0,0.0,0.0,0.0,0.0,1,1,0,False,False,False,False,False,OTHER,OTHER,REGRESSED
255,0.8299877,0.8681051,0.0381173999999999,0.8535539,0.9026501,0.0490962,0.77500004,0.7875,0.0124999599999999,0.0,0.0,0.0,0.0,0.0,0.0,0.0,0.0,0.0,1,1,0,False,False,False,False,False,OTHER,OTHER,IMPROVED
256,0.8761801,0.8896329,0.0134527999999999,0.8552572,0.8423327,-0.0129245,0.925,1.0,0.0749999999999999,0.0,0.0,0.0,0.0,0.0,0.0,0.0,0.0,0.0,1,1,0,False,False,False,False,False,OTHER,OTHER,IMPROVED
257,1.0,1.0,0.0,1.0,1.0,0.0,1.0,1.0,0.0,0.0,0.0,0.0,0.0,0.0,0.0,0.0,0.0,0.0,1,1,0,False,False,False,False,False,OTHER,OTHER,UNCHANGED
258,0.88623554,0.91247225,0.0262367099999999,0.8374793,0.87496036,0.0374810599999999,1.0,1.0,0.0,0.0,0.0,0.0,0.0,0.0,0.0,0.0,0.0,0.0,1,1,0,False,False,False,False,False,OTHER,OTHER,IMPROVED
259,1.0,1.0,0.0,1.0,1.0,0.0,1.0,1.0,0.0,0.0,0.0,0.0,0.0,0.0,0.0,0.0,0.0,0.0,1,1,0,False,False,False,False,False,OTHER,OTHER,UNCHANGED
260,1.0,1.0,0.0,1.0,1.0,0.0,1.0,1.0,0.0,0.0,0.0,0.0,0.0,0.0,0.0,0.0,0.0,0.0,1,1,0,False,False,False,False,False,OTHER,OTHER,UNCHANGED
261,1.0,1.0,0.0,1.0,1.0,0.0,1.0,1.0,0.0,0.0,0.0,0.0,0.0,0.0,0.0,0.0,0.0,0.0,1,1,0,False,False,False,False,False,OTHER,OTHER,UNCHANGED
262,0.9388655,0.91261333,-0.02625217,0.9126649,0.8751619,-0.0375029999999999,1.0,1.0,0.0,0.0,0.0,0.0,0.0,0.0,0.0,0.0,0.0,0.0,1,1,0,False,False,False,False,False,OTHER,OTHER,REGRESSED
263,0.9564356,0.97057927,0.0141436699999999,0.98597944,0.9579704,-0.02800904,0.8875,1.0,0.1125,0.0,0.0,0.0,0.0,0.0,0.0,0.0,0.0,0.0,1,1,0,False,False,False,False,False,OTHER,OTHER,IMPROVED
264,1.0,1.0,0.0,1.0,1.0,0.0,1.0,1.0,0.0,0.0,0.0,0.0,0.0,0.0,0.0,0.0,0.0,0.0,1,1,0,False,False,False,False,False,OTHER,OTHER,UNCHANGED
265,0.9393918,0.96540433,0.02601253,0.91341686,0.9505776,0.03716074,1.0,1.0,0.0,0.0,0.0,0.0,0.0,0.0,0.0,0.0,0.0,0.0,1,1,0,False,False,False,False,False,OTHER,OTHER,IMPROVED
266,1.0,0.903187,-0.096813,1.0,0.8616957,-0.1383043,1.0,1.0,0.0,0.0,0.0,0.0,0.0,0.0,0.0,0.0,0.0,0.0,1,1,0,False,False,False,False,False,OTHER,OTHER,REGRESSED
267,0.9537062,0.95874995,0.00504375,0.98743737,1.0,0.01256263,0.875,0.8625,-0.0124999999999999,0.0,0.0,0.0,0.0,0.0,0.0,0.0,0.0,0.0,1,1,0,False,False,False,False,False,OTHER,OTHER,IMPROVED
268,1.0,1.0,0.0,1.0,1.0,0.0,1.0,1.0,0.0,0.0,0.0,0.0,0.0,0.0,0.0,0.0,0.0,0.0,1,1,0,False,False,False,False,False,OTHER,OTHER,UNCHANGED
269,0.95629853,0.8168999,-0.1393986299999999,0.9697122,0.7705713,-0.1991409,0.925,0.925,0.0,0.0,0.0,0.0,0.0,0.0,0.0,0.0,0.0,0.0,1,1,0,False,False,False,False,False,OTHER,OTHER,REGRESSED
270,1.0,1.0,0.0,0.99999994,0.99999994,0.0,1.0,1.0,0.0,0.0,0.0,0.0,0.0,0.0,0.0,0.0,0.0,0.0,1,1,0,False,False,False,False,False,OTHER,OTHER,UNCHANGED
271,0.92722666,0.87112886,-0.0560977999999999,0.89603806,0.8158984,-0.0801396599999999,1.0,1.0,0.0,0.0,0.0,0.0,0.0,0.0,0.0,0.0,0.0,0.0,1,1,0,False,False,False,False,False,OTHER,OTHER,REGRESSED
272,1.0,1.0,0.0,1.0,1.0,0.0,1.0,1.0,0.0,0.0,0.0,0.0,0.0,0.0,0.0,0.0,0.0,0.0,1,1,0,False,False,False,False,False,OTHER,OTHER,UNCHANGED
273,1.0,1.0,0.0,1.0,1.0,0.0,1.0,1.0,0.0,0.0,0.0,0.0,0.0,0.0,0.0,0.0,0.0,0.0,1,1,0,False,False,False,False,False,OTHER,OTHER,UNCHANGED
274,0.91057056,0.98497504,0.07440448,0.9258151,0.9785357,0.0527206,0.875,1.0,0.125,0.0,0.0,0.0,0.0,0.0,0.0,0.0,0.0,0.0,1,1,0,False,False,False,False,False,OTHER,OTHER,IMPROVED
275,0.97749996,1.0,0.02250004,1.0,1.0,0.0,0.925,1.0,0.0749999999999999,0.0,0.0,0.0,0.0,0.0,0.0,0.0,0.0,0.0,1,1,0,False,False,False,False,False,OTHER,OTHER,IMPROVED
276,1.0,1.0,0.0,1.0,1.0,0.0,1.0,1.0,0.0,0.0,0.0,0.0,0.0,0.0,0.0,0.0,0.0,0.0,1,1,0,False,False,False,False,False,OTHER,OTHER,UNCHANGED
277,0.93882656,0.89498454,-0.0438420199999999,0.9126093,0.8499779,-0.0626314,1.0,1.0,0.0,0.0,0.0,0.0,0.0,0.0,0.0,0.0,0.0,0.0,1,1,0,False,False,False,False,False,OTHER,OTHER,REGRESSED
278,0.0,1.0,1.0,1.0,1.0,0.0,0.8846154,1.0,0.1153845999999999,1.0,0.0,-1.0,1.0,0.0,-1.0,0.0,0.0,0.0,0,1,1,True,False,True,False,False,OVERLAP+COLLISION,OTHER,FIXED_ZERO
279,0.91717815,0.70052236,-0.21665579,0.88168305,0.57217485,-0.3095082,1.0,1.0,0.0,0.0,0.0,0.0,0.0,0.0,0.0,0.0,0.0,0.0,1,1,0,False,False,False,False,False,OTHER,OTHER,REGRESSED
280,0.88293976,0.9488478,0.06590804,0.86491394,0.92692536,0.06201142,0.925,1.0,0.0749999999999999,0.0,0.0,0.0,0.0,0.0,0.0,0.0,0.0,0.0,1,1,0,False,False,False,False,False,OTHER,OTHER,IMPROVED
281,0.9038494,0.9386999,0.0348505,0.8626421,0.9124284,0.0497863,1.0,1.0,0.0,0.0,0.0,0.0,0.0,0.0,0.0,0.0,0.0,0.0,1,1,0,False,False,False,False,False,OTHER,OTHER,IMPROVED
282,0.9550171,0.9095332,-0.0454838999999999,0.9357387,0.87076175,-0.06497695,1.0,1.0,0.0,0.0,0.0,0.0,0.0,0.0,0.0,0.0,0.0,0.0,1,1,0,False,False,False,False,False,OTHER,OTHER,REGRESSED
283,0.96625006,0.9651682,-0.0010818599999999,1.0,0.9502403,-0.0497596999999999,0.8875,1.0,0.1125,0.0,0.0,0.0,0.0,0.0,0.0,0.0,0.0,0.0,1,1,0,False,False,False,False,False,OTHER,OTHER,REGRESSED
284,0.90010303,0.9091445,0.0090414699999999,0.85729,0.8702064,0.0129164,1.0,1.0,0.0,0.0,0.0,0.0,0.0,0.0,0.0,0.0,0.0,0.0,1,1,0,False,False,False,False,False,OTHER,OTHER,IMPROVED
285,1.0,1.0,0.0,1.0,1.0,0.0,1.0,1.0,0.0,0.0,0.0,0.0,0.0,0.0,0.0,0.0,0.0,0.0,1,1,0,False,False,False,False,False,OTHER,OTHER,UNCHANGED
286,0.97287506,0.9909296,0.0180545399999999,0.96125007,0.98704237,0.0257922999999999,1.0,1.0,0.0,0.0,0.0,0.0,0.0,0.0,0.0,0.0,0.0,0.0,1,1,0,False,False,False,False,False,OTHER,OTHER,IMPROVED
287,1.0,1.0,0.0,1.0,1.0,0.0,1.0,1.0,0.0,0.0,0.0,0.0,0.0,0.0,0.0,0.0,0.0,0.0,1,1,0,False,False,False,False,False,OTHER,OTHER,UNCHANGED
288,0.8127894,0.87277395,0.05998455,0.7807705,0.81824857,0.0374780699999999,0.8875,1.0,0.1125,0.0,0.0,0.0,0.0,0.0,0.0,0.0,0.0,0.0,1,1,0,False,False,False,False,False,OTHER,OTHER,IMPROVED
289,0.9941889,0.9941889,0.0,0.9916984,0.9916984,0.0,1.0,1.0,0.0,0.0,0.0,0.0,0.0,0.0,0.0,0.0,0.0,0.0,1,1,0,False,False,False,False,False,OTHER,OTHER,UNCHANGED
290,0.9730606,0.94625723,-0.0268033700000001,0.96151507,0.9232246,-0.03829047,1.0,1.0,0.0,0.0,0.0,0.0,0.0,0.0,0.0,0.0,0.0,0.0,1,1,0,False,False,False,False,False,OTHER,OTHER,REGRESSED
291,0.92171115,0.92171115,0.0,0.8881588,0.8881588,0.0,1.0,1.0,0.0,0.0,0.0,0.0,0.0,0.0,0.0,0.0,0.0,0.0,1,1,0,False,False,False,False,False,OTHER,OTHER,UNCHANGED
292,0.9114377,0.82805175,-0.08338595,0.91098243,0.8079311,-0.10305133,0.9125,0.875,-0.0374999999999999,0.0,0.0,0.0,0.0,0.0,0.0,0.0,0.0,0.0,1,1,0,False,False,False,False,False,OTHER,OTHER,REGRESSED
293,1.0,1.0,0.0,1.0,1.0,0.0,1.0,1.0,0.0,0.0,0.0,0.0,0.0,0.0,0.0,0.0,0.0,0.0,1,1,0,False,False,False,False,False,OTHER,OTHER,UNCHANGED
294,0.93041,0.93041,0.0,0.9005858,0.9005858,0.0,1.0,1.0,0.0,0.0,0.0,0.0,0.0,0.0,0.0,0.0,0.0,0.0,1,1,0,False,False,False,False,False,OTHER,OTHER,UNCHANGED
295,0.70056504,1.0,0.29943496,0.5722357,1.0,0.4277643,1.0,1.0,0.0,0.0,0.0,0.0,0.0,0.0,0.0,0.0,0.0,0.0,1,1,0,False,False,False,False,False,OTHER,OTHER,IMPROVED
296,0.97749996,1.0,0.02250004,1.0,1.0,0.0,0.925,1.0,0.0749999999999999,0.0,0.0,0.0,0.0,0.0,0.0,0.0,0.0,0.0,1,1,0,False,False,False,False,False,OTHER,OTHER,IMPROVED
297,0.96250004,1.0,0.03749996,0.99999994,0.99999994,0.0,0.875,1.0,0.125,0.0,0.0,0.0,0.0,0.0,0.0,0.0,0.0,0.0,1,1,0,False,False,False,False,False,OTHER,OTHER,IMPROVED
298,0.91376704,0.91376704,0.0,0.8768101,0.8768101,0.0,1.0,1.0,0.0,0.0,0.0,0.0,0.0,0.0,0.0,0.0,0.0,0.0,1,1,0,False,False,False,False,False,OTHER,OTHER,UNCHANGED
299,0.8659212,0.85842127,-0.0074999299999999,0.86203027,0.86203027,0.0,0.875,0.85,-0.025,0.0,0.0,0.0,0.0,0.0,0.0,0.0,0.0,0.0,1,1,0,False,False,False,False,False,OTHER,OTHER,REGRESSED
300,1.0,1.0,0.0,1.0,1.0,0.0,1.0,1.0,0.0,0.0,0.0,0.0,0.0,0.0,0.0,0.0,0.0,0.0,1,1,0,False,False,False,False,False,OTHER,OTHER,UNCHANGED
301,0.94479465,0.8599146,-0.0848800499999999,0.9747066,0.83202076,-0.1426858399999999,0.875,0.925,0.05,0.0,0.0,0.0,0.0,0.0,0.0,0.0,0.0,0.0,1,1,0,False,False,False,False,False,OTHER,OTHER,REGRESSED
302,1.0,1.0,0.0,1.0,1.0,0.0,1.0,1.0,0.0,0.0,0.0,0.0,0.0,0.0,0.0,0.0,0.0,0.0,1,1,0,False,False,False,False,False,OTHER,OTHER,UNCHANGED
303,1.0,1.0,0.0,1.0,1.0,0.0,1.0,1.0,0.0,0.0,0.0,0.0,0.0,0.0,0.0,0.0,0.0,0.0,1,1,0,False,False,False,False,False,OTHER,OTHER,UNCHANGED
304,0.0,0.0,0.0,0.9373239,0.8611437,-0.0761802,0.99999994,0.99999994,0.0,1.0,1.0,0.0,1.0,1.0,0.0,0.0,0.0,0.0,0,0,0,True,True,False,False,True,OVERLAP+COLLISION,OVERLAP+COLLISION,PERSISTENT_ZERO
305,0.92249006,0.9737467,0.0512566399999999,0.9749857,0.96249527,-0.0124904299999999,0.8,1.0,0.1999999999999999,0.0,0.0,0.0,0.0,0.0,0.0,0.0,0.0,0.0,1,1,0,False,False,False,False,False,OTHER,OTHER,IMPROVED
306,0.82651377,0.832955,0.0064412299999999,0.805734,0.8202928,0.0145588,0.875,0.8625,-0.0124999999999999,0.0,0.0,0.0,0.0,0.0,0.0,0.0,0.0,0.0,1,1,0,False,False,False,False,False,OTHER,OTHER,IMPROVED
307,0.97749996,1.0,0.02250004,1.0,1.0,0.0,0.925,1.0,0.0749999999999999,0.0,0.0,0.0,0.0,0.0,0.0,0.0,0.0,0.0,1,1,0,False,False,False,False,False,OTHER,OTHER,IMPROVED
308,0.9473756,0.9912304,0.0438547999999999,0.9248223,0.987472,0.0626497,1.0,1.0,0.0,0.0,0.0,0.0,0.0,0.0,0.0,0.0,0.0,0.0,1,1,0,False,False,False,False,False,OTHER,OTHER,IMPROVED
309,1.0,1.0,0.0,1.0,1.0,0.0,1.0,1.0,0.0,0.0,0.0,0.0,0.0,0.0,0.0,0.0,0.0,0.0,1,1,0,False,False,False,False,False,OTHER,OTHER,UNCHANGED
310,0.99023956,0.94177055,-0.04846901,0.9860564,0.9168151,-0.0692413,1.0,1.0,0.0,0.0,0.0,0.0,0.0,0.0,0.0,0.0,0.0,0.0,1,1,0,False,False,False,False,False,OTHER,OTHER,REGRESSED
311,0.8976456,0.915109,0.0174633999999999,0.912708,0.9376556,0.0249476,0.8625,0.8625,0.0,0.0,0.0,0.0,0.0,0.0,0.0,0.0,0.0,0.0,1,1,0,False,False,False,False,False,OTHER,OTHER,IMPROVED
312,1.0,1.0,0.0,1.0,1.0,0.0,1.0,1.0,0.0,0.0,0.0,0.0,0.0,0.0,0.0,0.0,0.0,0.0,1,1,0,False,False,False,False,False,OTHER,OTHER,UNCHANGED
313,0.0,0.0,0.0,1.0,1.0,0.0,1.0,1.0,0.0,1.0,1.0,0.0,1.0,1.0,0.0,0.0,0.0,0.0,0,0,0,True,True,False,False,True,OVERLAP+COLLISION,OVERLAP+COLLISION,PERSISTENT_ZERO
314,0.98125,1.0,0.01875,1.0,1.0,0.0,0.9375,1.0,0.0625,0.0,0.0,0.0,0.0,0.0,0.0,0.0,0.0,0.0,1,1,0,False,False,False,False,False,OTHER,OTHER,IMPROVED
315,0.8661289,0.88364905,0.01752015,0.8623271,0.88735586,0.0250287599999999,0.875,0.875,0.0,0.0,0.0,0.0,0.0,0.0,0.0,0.0,0.0,0.0,1,1,0,False,False,False,False,False,OTHER,OTHER,IMPROVED
316,0.92090094,0.9391678,0.0182668599999999,0.8870012,0.9130969,0.0260956999999999,1.0,1.0,0.0,0.0,0.0,0.0,0.0,0.0,0.0,0.0,0.0,0.0,1,1,0,False,False,False,False,False,OTHER,OTHER,IMPROVED
317,1.0,1.0,0.0,1.0,1.0,0.0,1.0,1.0,0.0,0.0,0.0,0.0,0.0,0.0,0.0,0.0,0.0,0.0,1,1,0,False,False,False,False,False,OTHER,OTHER,UNCHANGED
318,1.0,1.0,0.0,1.0,1.0,0.0,1.0,1.0,0.0,0.0,0.0,0.0,0.0,0.0,0.0,0.0,0.0,0.0,1,1,0,False,False,False,False,False,OTHER,OTHER,UNCHANGED
319,0.0,0.0,0.0,1.0,1.0,0.0,1.0,1.0,0.0,1.0,1.0,0.0,1.0,1.0,0.0,0.0,0.0,0.0,0,0,0,True,True,False,False,True,OVERLAP+COLLISION,OVERLAP+COLLISION,PERSISTENT_ZERO
320,0.8995623,0.88803244,-0.01152986,0.8886604,0.84004635,-0.0486140499999999,0.925,1.0,0.0749999999999999,0.0,0.0,0.0,0.0,0.0,0.0,0.0,0.0,0.0,1,1,0,False,False,False,False,False,OTHER,OTHER,REGRESSED
321,1.0,1.0,0.0,1.0,1.0,0.0,1.0,1.0,0.0,0.0,0.0,0.0,0.0,0.0,0.0,0.0,0.0,0.0,1,1,0,False,False,False,False,False,OTHER,OTHER,UNCHANGED
322,0.96625006,0.95500004,-0.0112500199999999,1.0,1.0,0.0,0.8875,0.85,-0.0374999999999999,0.0,0.0,0.0,0.0,0.0,0.0,0.0,0.0,0.0,1,1,0,False,False,False,False,False,OTHER,OTHER,REGRESSED
323,0.9619976,0.93824923,-0.0237483699999999,0.94571096,0.9117846,-0.03392636,1.0,1.0,0.0,0.0,0.0,0.0,0.0,0.0,0.0,0.0,0.0,0.0,1,1,0,False,False,False,False,False,OTHER,OTHER,REGRESSED
324,0.97816944,1.0,0.02183056,0.9688134,1.0,0.0311865999999999,1.0,1.0,0.0,0.0,0.0,0.0,0.0,0.0,0.0,0.0,0.0,0.0,1,1,0,False,False,False,False,False,OTHER,OTHER,IMPROVED
325,1.0,1.0,0.0,1.0,1.0,0.0,1.0,1.0,0.0,0.0,0.0,0.0,0.0,0.0,0.0,0.0,0.0,0.0,1,1,0,False,False,False,False,False,OTHER,OTHER,UNCHANGED
326,1.0,1.0,0.0,1.0,1.0,0.0,1.0,1.0,0.0,0.0,0.0,0.0,0.0,0.0,0.0,0.0,0.0,0.0,1,1,0,False,False,False,False,False,OTHER,OTHER,UNCHANGED
327,0.9634184,0.9782767,0.0148582999999999,0.94774055,0.9689668,0.02122625,1.0,1.0,0.0,0.0,0.0,0.0,0.0,0.0,0.0,0.0,0.0,0.0,1,1,0,False,False,False,False,False,OTHER,OTHER,IMPROVED
328,0.91213673,0.92968386,0.01754713,0.8744811,0.8995484,0.0250673,1.0,1.0,0.0,0.0,0.0,0.0,0.0,0.0,0.0,0.0,0.0,0.0,1,1,0,False,False,False,False,False,OTHER,OTHER,IMPROVED
329,0.9125456,0.9225041,0.0099585,0.8750652,0.9375059,0.0624407,1.0,0.8875,-0.1125,0.0,0.0,0.0,0.0,0.0,0.0,0.0,0.0,0.0,1,1,0,False,False,False,False,False,OTHER,OTHER,IMPROVED
330,1.0,1.0,0.0,1.0,1.0,0.0,1.0,1.0,0.0,0.0,0.0,0.0,0.0,0.0,0.0,0.0,0.0,0.0,1,1,0,False,False,False,False,False,OTHER,OTHER,UNCHANGED
331,1.0,1.0,0.0,1.0,1.0,0.0,1.0,1.0,0.0,0.0,0.0,0.0,0.0,0.0,0.0,0.0,0.0,0.0,1,1,0,False,False,False,False,False,OTHER,OTHER,UNCHANGED
332,0.8905205,0.92427045,0.0337499499999999,0.891815,0.891815,0.0,0.8875,1.0,0.1125,0.0,0.0,0.0,0.0,0.0,0.0,0.0,0.0,0.0,1,1,0,False,False,False,False,False,OTHER,OTHER,IMPROVED
333,0.9122467,0.9297995,0.0175528,0.8746381,0.89971346,0.0250753599999999,1.0,1.0,0.0,0.0,0.0,0.0,0.0,0.0,0.0,0.0,0.0,0.0,1,1,0,False,False,False,False,False,OTHER,OTHER,IMPROVED
334,0.96471196,0.86083186,-0.1038801,0.9817313,0.8011883,-0.180543,0.925,1.0,0.0749999999999999,0.0,0.0,0.0,0.0,0.0,0.0,0.0,0.0,0.0,1,1,0,False,False,False,False,False,OTHER,OTHER,REGRESSED
335,0.96625006,1.0,0.0337499399999999,1.0,1.0,0.0,0.8875,1.0,0.1125,0.0,0.0,0.0,0.0,0.0,0.0,0.0,0.0,0.0,1,1,0,False,False,False,False,False,OTHER,OTHER,IMPROVED
336,0.7854462,0.9072935,0.1218472999999999,0.84885174,0.89970505,0.05085331,0.6375,0.925,0.2875000000000001,0.0,0.0,0.0,0.0,0.0,0.0,0.0,0.0,0.0,1,1,0,False,False,False,False,False,OTHER,OTHER,IMPROVED
337,1.0,0.9339892,-0.0660108,1.0,0.9056989,-0.0943011,1.0,1.0,0.0,0.0,0.0,0.0,0.0,0.0,0.0,0.0,0.0,0.0,1,1,0,False,False,False,False,False,OTHER,OTHER,REGRESSED
338,1.0,1.0,0.0,1.0,1.0,0.0,1.0,1.0,0.0,0.0,0.0,0.0,0.0,0.0,0.0,0.0,0.0,0.0,1,1,0,False,False,False,False,False,OTHER,OTHER,UNCHANGED
339,1.0,1.0,0.0,1.0,1.0,0.0,1.0,1.0,0.0,0.0,0.0,0.0,0.0,0.0,0.0,0.0,0.0,0.0,1,1,0,False,False,False,False,False,OTHER,OTHER,UNCHANGED
340,1.0,1.0,0.0,1.0,1.0,0.0,1.0,1.0,0.0,0.0,0.0,0.0,0.0,0.0,0.0,0.0,0.0,0.0,1,1,0,False,False,False,False,False,OTHER,OTHER,UNCHANGED
341,0.98273224,0.94818276,-0.03454948,0.9753317,0.9259754,-0.0493563,1.0,1.0,0.0,0.0,0.0,0.0,0.0,0.0,0.0,0.0,0.0,0.0,1,1,0,False,False,False,False,False,OTHER,OTHER,REGRESSED
342,1.0,1.0,0.0,1.0,1.0,0.0,1.0,1.0,0.0,0.0,0.0,0.0,0.0,0.0,0.0,0.0,0.0,0.0,1,1,0,False,False,False,False,False,OTHER,OTHER,UNCHANGED
343,1.0,1.0,0.0,1.0,1.0,0.0,1.0,1.0,0.0,0.0,0.0,0.0,0.0,0.0,0.0,0.0,0.0,0.0,1,1,0,False,False,False,False,False,OTHER,OTHER,UNCHANGED
344,0.7782554,1.0,0.2217445999999999,0.683222,1.0,0.316778,1.0,1.0,0.0,0.0,0.0,0.0,0.0,0.0,0.0,0.0,0.0,0.0,1,1,0,False,False,False,False,False,OTHER,OTHER,IMPROVED
345,0.88471836,0.8771834,-0.00753496,0.8995976,0.8620477,-0.0375499,0.85,0.9125,0.0625,0.0,0.0,0.0,0.0,0.0,0.0,0.0,0.0,0.0,1,1,0,False,False,False,False,False,OTHER,OTHER,REGRESSED
346,0.87768,0.7740044,-0.1036755999999999,0.8252571,0.7253634,-0.0998936999999999,1.0,0.8875,-0.1125,0.0,0.0,0.0,0.0,0.0,0.0,0.0,0.0,0.0,1,1,0,False,False,False,False,False,OTHER,OTHER,REGRESSED
347,0.89694655,0.9372841,0.0403375499999999,0.8849236,0.91040576,0.0254821599999999,0.925,1.0,0.0749999999999999,0.0,0.0,0.0,0.0,0.0,0.0,0.0,0.0,0.0,1,1,0,False,False,False,False,False,OTHER,OTHER,IMPROVED
348,0.8706438,0.9006438,0.03,0.93841976,0.93841976,0.0,0.71250004,0.8125,0.09999996,0.0,0.0,0.0,0.0,0.0,0.0,0.0,0.0,0.0,1,1,0,False,False,False,False,False,OTHER,OTHER,IMPROVED
349,1.0,1.0,0.0,0.99999994,0.99999994,0.0,1.0,1.0,0.0,0.0,0.0,0.0,0.0,0.0,0.0,0.0,0.0,0.0,1,1,0,False,False,False,False,False,OTHER,OTHER,UNCHANGED
350,0.91220516,0.9465332,0.03432804,0.8745787,0.92361885,0.0490401499999999,1.0,1.0,0.0,0.0,0.0,0.0,0.0,0.0,0.0,0.0,0.0,0.0,1,1,0,False,False,False,False,False,OTHER,OTHER,IMPROVED
351,0.92123127,0.92123127,0.0,0.8874732,0.8874732,0.0,1.0,1.0,0.0,0.0,0.0,0.0,0.0,0.0,0.0,0.0,0.0,0.0,1,1,0,False,False,False,False,False,OTHER,OTHER,UNCHANGED
352,1.0,1.0,0.0,1.0,1.0,0.0,1.0,1.0,0.0,0.0,0.0,0.0,0.0,0.0,0.0,0.0,0.0,0.0,1,1,0,False,False,False,False,False,OTHER,OTHER,UNCHANGED
353,0.91974586,0.9358198,0.0160739399999999,0.9335654,0.9725998,0.0390344,0.8875,0.85,-0.0374999999999999,0.0,0.0,0.0,0.0,0.0,0.0,0.0,0.0,0.0,1,1,0,False,False,False,False,False,OTHER,OTHER,IMPROVED
354,0.9016525,0.8791526,-0.0224999,0.9130751,0.9130751,0.0,0.875,0.8,-0.0749999999999999,0.0,0.0,0.0,0.0,0.0,0.0,0.0,0.0,0.0,1,1,0,False,False,False,False,False,OTHER,OTHER,REGRESSED
355,0.8510416,0.93785745,0.08681585,0.8354167,0.9112249,0.0758081999999999,0.8875,1.0,0.1125,0.0,0.0,0.0,0.0,0.0,0.0,0.0,0.0,0.0,1,1,0,False,False,False,False,False,OTHER,OTHER,IMPROVED
356,0.8614339,0.9176839,0.05625,0.8824056,0.8824056,0.0,0.8125,1.0,0.1875,0.0,0.0,0.0,0.0,0.0,0.0,0.0,0.0,0.0,1,1,0,False,False,False,False,False,OTHER,OTHER,IMPROVED
357,1.0,0.96625006,-0.0337499399999999,1.0,1.0,0.0,1.0,0.8875,-0.1125,0.0,0.0,0.0,0.0,0.0,0.0,0.0,0.0,0.0,1,1,0,False,False,False,False,False,OTHER,OTHER,REGRESSED
358,0.86988014,0.92984885,0.0599687099999999,0.86232865,0.8997841,0.0374554499999999,0.8875,1.0,0.1125,0.0,0.0,0.0,0.0,0.0,0.0,0.0,0.0,0.0,1,1,0,False,False,False,False,False,OTHER,OTHER,IMPROVED
359,1.0,1.0,0.0,1.0,1.0,0.0,1.0,1.0,0.0,0.0,0.0,0.0,0.0,0.0,0.0,0.0,0.0,0.0,1,1,0,False,False,False,False,False,OTHER,OTHER,UNCHANGED
360,1.0,1.0,0.0,1.0,1.0,0.0,1.0,1.0,0.0,0.0,0.0,0.0,0.0,0.0,0.0,0.0,0.0,0.0,1,1,0,False,False,False,False,False,OTHER,OTHER,UNCHANGED
361,0.86989117,0.91521496,0.0453237899999999,0.8730588,0.9110213,0.0379625,0.8625,0.925,0.0625,0.0,0.0,0.0,0.0,0.0,0.0,0.0,0.0,0.0,1,1,0,False,False,False,False,False,OTHER,OTHER,IMPROVED
362,0.96250004,1.0,0.03749996,1.0,1.0,0.0,0.875,1.0,0.125,0.0,0.0,0.0,0.0,0.0,0.0,0.0,0.0,0.0,1,1,0,False,False,False,False,False,OTHER,OTHER,IMPROVED
363,0.95602113,0.8409025,-0.11511863,0.937173,0.77271795,-0.16445505,1.0,1.0,0.0,0.0,0.0,0.0,0.0,0.0,0.0,0.0,0.0,0.0,1,1,0,False,False,False,False,False,OTHER,OTHER,REGRESSED
364,0.9436478,0.9302992,-0.0133486,0.9516397,0.90042734,-0.0512123599999999,0.925,1.0,0.0749999999999999,0.0,0.0,0.0,0.0,0.0,0.0,0.0,0.0,0.0,1,1,0,False,False,False,False,False,OTHER,OTHER,REGRESSED
365,0.97749996,1.0,0.02250004,1.0000001,1.0000001,0.0,0.925,1.0,0.0749999999999999,0.0,0.0,0.0,0.0,0.0,0.0,0.0,0.0,0.0,1,1,0,False,False,False,False,False,OTHER,OTHER,IMPROVED
366,0.9115263,0.95489675,0.0433704499999999,0.873609,0.9355668,0.0619578,1.0,1.0,0.0,0.0,0.0,0.0,0.0,0.0,0.0,0.0,0.0,0.0,1,1,0,False,False,False,False,False,OTHER,OTHER,IMPROVED
367,0.0,1.0,1.0,1.0,1.0,0.0,0.6515152,1.0,0.3484848,0.0,0.0,0.0,1.0,0.0,-1.0,0.0,0.0,0.0,0,1,1,True,False,True,False,False,OVERLAP_ONLY,OTHER,FIXED_ZERO
368,0.9375872,0.9375872,0.0,0.9108388,0.9108388,0.0,1.0,1.0,0.0,0.0,0.0,0.0,0.0,0.0,0.0,0.0,0.0,0.0,1,1,0,False,False,False,False,False,OTHER,OTHER,UNCHANGED
369,0.971614,0.8343445,-0.1372694999999999,0.9594485,0.76334924,-0.19609926,1.0,1.0,0.0,0.0,0.0,0.0,0.0,0.0,0.0,0.0,0.0,0.0,1,1,0,False,False,False,False,False,OTHER,OTHER,REGRESSED
370,0.9488327,0.9320836,-0.0167490999999999,0.9269039,0.9029766,-0.0239272999999999,1.0,1.0,0.0,0.0,0.0,0.0,0.0,0.0,0.0,0.0,0.0,0.0,1,1,0,False,False,False,False,False,OTHER,OTHER,REGRESSED
371,1.0,1.0,0.0,1.0,1.0,0.0,1.0,1.0,0.0,0.0,0.0,0.0,0.0,0.0,0.0,0.0,0.0,0.0,1,1,0,False,False,False,False,False,OTHER,OTHER,UNCHANGED
372,0.925,0.920056,-0.004944,1.0,0.98758006,-0.01241994,0.75,0.7625,0.0124999999999999,0.0,0.0,0.0,0.0,0.0,0.0,0.0,0.0,0.0,1,1,0,False,False,False,False,False,OTHER,OTHER,REGRESSED
373,1.0,1.0,0.0,1.0,1.0,0.0,1.0,1.0,0.0,0.0,0.0,0.0,0.0,0.0,0.0,0.0,0.0,0.0,1,1,0,False,False,False,False,False,OTHER,OTHER,UNCHANGED
374,1.0,0.89453024,-0.1054697599999999,1.0,0.8493289,-0.1506710999999999,1.0,1.0,0.0,0.0,0.0,0.0,0.0,0.0,0.0,0.0,0.0,0.0,1,1,0,False,False,False,False,False,OTHER,OTHER,REGRESSED
375,0.0,0.0,0.0,1.0,1.0,0.0,1.0,1.0,0.0,1.0,1.0,0.0,1.0,1.0,0.0,0.0,0.0,0.0,0,0,0,True,True,False,False,True,OVERLAP+COLLISION,OVERLAP+COLLISION,PERSISTENT_ZERO
376,0.99232715,0.9143243,-0.07800285,0.98903865,0.8776061,-0.11143255,1.0,1.0,0.0,0.0,0.0,0.0,0.0,0.0,0.0,0.0,0.0,0.0,1,1,0,False,False,False,False,False,OTHER,OTHER,REGRESSED
377,1.0,1.0,0.0,1.0,1.0,0.0,1.0,1.0,0.0,0.0,0.0,0.0,0.0,0.0,0.0,0.0,0.0,0.0,1,1,0,False,False,False,False,False,OTHER,OTHER,UNCHANGED
378,0.96625006,1.0,0.0337499399999999,1.0,1.0,0.0,0.8875,1.0,0.1125,0.0,0.0,0.0,0.0,0.0,0.0,0.0,0.0,0.0,1,1,0,False,False,False,False,False,OTHER,OTHER,IMPROVED
379,0.9113952,0.9213549,0.0099597,0.9323502,0.88764983,-0.04470037,0.8625,1.0,0.1374999999999999,0.0,0.0,0.0,0.0,0.0,0.0,0.0,0.0,0.0,1,1,0,False,False,False,False,False,OTHER,OTHER,IMPROVED
380,0.95500004,0.95874995,0.0037499099999999,1.0,1.0,0.0,0.85,0.8625,0.0125,0.0,0.0,0.0,0.0,0.0,0.0,0.0,0.0,0.0,1,1,0,False,False,False,False,False,OTHER,OTHER,IMPROVED
381,1.0,1.0,0.0,1.0,1.0,0.0,1.0,1.0,0.0,0.0,0.0,0.0,0.0,0.0,0.0,0.0,0.0,0.0,1,1,0,False,False,False,False,False,OTHER,OTHER,UNCHANGED
382,0.9592504,0.83142895,-0.1278214499999999,0.9417862,0.75918406,-0.1826021399999999,1.0,1.0,0.0,0.0,0.0,0.0,0.0,0.0,0.0,0.0,0.0,0.0,1,1,0,False,False,False,False,False,OTHER,OTHER,REGRESSED
383,0.99099696,0.9557592,-0.03523776,0.9871384,0.9367989,-0.0503394999999999,1.0,1.0,0.0,0.0,0.0,0.0,0.0,0.0,0.0,0.0,0.0,0.0,1,1,0,False,False,False,False,False,OTHER,OTHER,REGRESSED
384,1.0,1.0,0.0,1.0,1.0,0.0,1.0,1.0,0.0,0.0,0.0,0.0,0.0,0.0,0.0,0.0,0.0,0.0,1,1,0,False,False,False,False,False,OTHER,OTHER,UNCHANGED
385,0.80861205,0.87740326,0.0687912099999999,0.8123029,0.8248618,0.0125588999999999,0.8,1.0,0.1999999999999999,0.0,0.0,0.0,0.0,0.0,0.0,0.0,0.0,0.0,1,1,0,False,False,False,False,False,OTHER,OTHER,IMPROVED
386,0.91634864,0.9540985,0.0377498599999999,0.8804981,0.9344264,0.0539283,1.0,1.0,0.0,0.0,0.0,0.0,0.0,0.0,0.0,0.0,0.0,0.0,1,1,0,False,False,False,False,False,OTHER,OTHER,IMPROVED
387,0.99429476,0.99741334,0.0031185799999999,0.99184954,0.9963048,0.0044552599999999,1.0,1.0,0.0,0.0,0.0,0.0,0.0,0.0,0.0,0.0,0.0,0.0,1,1,0,False,False,False,False,False,OTHER,OTHER,IMPROVED
388,0.95500004,1.0,0.0449999599999999,1.0,1.0,0.0,0.85,1.0,0.15,0.0,0.0,0.0,0.0,0.0,0.0,0.0,0.0,0.0,1,1,0,False,False,False,False,False,OTHER,OTHER,IMPROVED
389,1.0,0.99121493,-0.0087850699999999,1.0,0.98744994,-0.01255006,1.0,1.0,0.0,0.0,0.0,0.0,0.0,0.0,0.0,0.0,0.0,0.0,1,1,0,False,False,False,False,False,OTHER,OTHER,REGRESSED
390,0.9305431,0.9693198,0.0387767,0.90077597,0.95617115,0.0553951799999999,1.0,1.0,0.0,0.0,0.0,0.0,0.0,0.0,0.0,0.0,0.0,0.0,1,1,0,False,False,False,False,False,OTHER,OTHER,IMPROVED
391,0.8564045,0.8939045,0.0374999999999999,0.84843504,0.84843504,0.0,0.875,1.0,0.125,0.0,0.0,0.0,0.0,0.0,0.0,0.0,0.0,0.0,1,1,0,False,False,False,False,False,OTHER,OTHER,IMPROVED
392,0.87793237,0.85142964,-0.02650273,0.86311764,0.7877566,-0.0753610399999999,0.9125,1.0,0.0875,0.0,0.0,0.0,0.0,0.0,0.0,0.0,0.0,0.0,1,1,0,False,False,False,False,False,OTHER,OTHER,REGRESSED
393,0.9182996,0.8682041,-0.0500954999999999,0.9314994,0.8117202,-0.1197791999999999,0.8875,1.0,0.1125,0.0,0.0,0.0,0.0,0.0,0.0,0.0,0.0,0.0,1,1,0,False,False,False,False,False,OTHER,OTHER,REGRESSED
394,0.7963268,0.81957084,0.02324404,0.8054669,0.779744,-0.0257228999999999,0.77500004,0.9125,0.1374999599999999,0.0,0.0,0.0,0.0,0.0,0.0,0.0,0.0,0.0,1,1,0,False,False,False,False,False,OTHER,OTHER,IMPROVED
395,1.0,1.0,0.0,1.0,1.0,0.0,1.0,1.0,0.0,0.0,0.0,0.0,0.0,0.0,0.0,0.0,0.0,0.0,1,1,0,False,False,False,False,False,OTHER,OTHER,UNCHANGED
396,0.976356,1.0,0.023644,0.9662229,1.0,0.0337771,1.0,1.0,0.0,0.0,0.0,0.0,0.0,0.0,0.0,0.0,0.0,0.0,1,1,0,False,False,False,False,False,OTHER,OTHER,IMPROVED
397,1.0,1.0,0.0,1.0,1.0,0.0,1.0,1.0,0.0,0.0,0.0,0.0,0.0,0.0,0.0,0.0,0.0,0.0,1,1,0,False,False,False,False,False,OTHER,OTHER,UNCHANGED
398,0.97375005,0.97375005,0.0,1.0,1.0,0.0,0.9125,0.9125,0.0,0.0,0.0,0.0,0.0,0.0,0.0,0.0,0.0,0.0,1,1,0,False,False,False,False,False,OTHER,OTHER,UNCHANGED
399,0.8655925,0.86934245,0.00374995,0.8454892,0.8454892,0.0,0.9125,0.925,0.0125,0.0,0.0,0.0,0.0,0.0,0.0,0.0,0.0,0.0,1,1,0,False,False,False,False,False,OTHER,OTHER,IMPROVED
400,0.97375005,1.0,0.0262499499999999,1.0,1.0,0.0,0.9125,1.0,0.0875,0.0,0.0,0.0,0.0,0.0,0.0,0.0,0.0,0.0,1,1,0,False,False,False,False,False,OTHER,OTHER,IMPROVED
401,1.0,1.0,0.0,1.0,1.0,0.0,1.0,1.0,0.0,0.0,0.0,0.0,0.0,0.0,0.0,0.0,0.0,0.0,1,1,0,False,False,False,False,False,OTHER,OTHER,UNCHANGED
402,1.0,1.0,0.0,1.0,1.0,0.0,1.0,1.0,0.0,0.0,0.0,0.0,0.0,0.0,0.0,0.0,0.0,0.0,1,1,0,False,False,False,False,False,OTHER,OTHER,UNCHANGED
403,0.9458567,0.92817765,-0.01767905,0.9226524,0.8973967,-0.0252556999999999,1.0,1.0,0.0,0.0,0.0,0.0,0.0,0.0,0.0,0.0,0.0,0.0,1,1,0,False,False,False,False,False,OTHER,OTHER,REGRESSED
404,0.8199038,0.8281126,0.0082088,0.81236255,0.7865893,-0.0257732499999999,0.83750004,0.925,0.08749996,0.0,0.0,0.0,0.0,0.0,0.0,0.0,0.0,0.0,1,1,0,False,False,False,False,False,OTHER,OTHER,IMPROVED
405,0.9605713,0.9605713,0.0,0.9436732,0.9436732,0.0,1.0,1.0,0.0,0.0,0.0,0.0,0.0,0.0,0.0,0.0,0.0,0.0,1,1,0,False,False,False,False,False,OTHER,OTHER,UNCHANGED
406,1.0,0.94040966,-0.0595903399999999,1.0,0.914871,-0.085129,1.0,1.0,0.0,0.0,0.0,0.0,0.0,0.0,0.0,0.0,0.0,0.0,1,1,0,False,False,False,False,False,OTHER,OTHER,REGRESSED
407,1.0,1.0,0.0,1.0,1.0,0.0,1.0,1.0,0.0,0.0,0.0,0.0,0.0,0.0,0.0,0.0,0.0,0.0,1,1,0,False,False,False,False,False,OTHER,OTHER,UNCHANGED
408,1.0,1.0,0.0,0.99999994,0.99999994,0.0,1.0,1.0,0.0,0.0,0.0,0.0,0.0,0.0,0.0,0.0,0.0,0.0,1,1,0,False,False,False,False,False,OTHER,OTHER,UNCHANGED
409,0.7521148,0.5993436,-0.1527712,0.6780211,0.4276337,-0.2503874,0.925,1.0,0.0749999999999999,0.0,0.0,0.0,0.0,0.0,0.0,0.0,0.0,0.0,1,1,0,False,False,False,False,False,OTHER,OTHER,REGRESSED
410,1.0,1.0,0.0,1.0,1.0,0.0,1.0,1.0,0.0,0.0,0.0,0.0,0.0,0.0,0.0,0.0,0.0,0.0,1,1,0,False,False,False,False,False,OTHER,OTHER,UNCHANGED
411,0.9567833,0.9481616,-0.0086216999999999,0.9382619,0.92594516,-0.0123167399999999,1.0,1.0,0.0,0.0,0.0,0.0,0.0,0.0,0.0,0.0,0.0,0.0,1,1,0,False,False,False,False,False,OTHER,OTHER,REGRESSED
412,1.0,1.0,0.0,1.0,1.0,0.0,1.0,1.0,0.0,0.0,0.0,0.0,0.0,0.0,0.0,0.0,0.0,0.0,1,1,0,False,False,False,False,False,OTHER,OTHER,UNCHANGED
413,0.8800686,0.8838186,0.00375,0.88759804,0.88759804,0.0,0.8625,0.875,0.0124999999999999,0.0,0.0,0.0,0.0,0.0,0.0,0.0,0.0,0.0,1,1,0,False,False,False,False,False,OTHER,OTHER,IMPROVED
414,1.0,1.0,0.0,1.0,1.0,0.0,1.0,1.0,0.0,0.0,0.0,0.0,0.0,0.0,0.0,0.0,0.0,0.0,1,1,0,False,False,False,False,False,OTHER,OTHER,UNCHANGED
415,0.8979168,0.92041683,0.02250003,0.8863097,0.8863097,0.0,0.925,1.0,0.0749999999999999,0.0,0.0,0.0,0.0,0.0,0.0,0.0,0.0,0.0,1,1,0,False,False,False,False,False,OTHER,OTHER,IMPROVED
416,0.9314231,0.8719513,-0.0594717999999999,0.902033,0.8170733,-0.0849596999999999,1.0,1.0,0.0,0.0,0.0,0.0,0.0,0.0,0.0,0.0,0.0,0.0,1,1,0,False,False,False,False,False,OTHER,OTHER,REGRESSED
417,0.92737734,0.93644774,0.0090703999999999,0.89625335,0.909211,0.01295765,1.0,1.0,0.0,0.0,0.0,0.0,0.0,0.0,0.0,0.0,0.0,0.0,1,1,0,False,False,False,False,False,OTHER,OTHER,IMPROVED
418,0.8688618,0.9423901,0.0735282999999999,0.84480256,0.9177002,0.0728976399999999,0.925,1.0,0.0749999999999999,0.0,0.0,0.0,0.0,0.0,0.0,0.0,0.0,0.0,1,1,0,False,False,False,False,False,OTHER,OTHER,IMPROVED
419,0.92125,0.9063282,-0.0149217999999999,1.0,0.94654036,-0.05345964,0.7375,0.8125,0.0749999999999999,0.0,0.0,0.0,0.0,0.0,0.0,0.0,0.0,0.0,1,1,0,False,False,False,False,False,OTHER,OTHER,REGRESSED
420,0.9322966,0.97749996,0.0452033599999999,0.95149505,1.0,0.0485049499999999,0.8875,0.925,0.0375,0.0,0.0,0.0,0.0,0.0,0.0,0.0,0.0,0.0,1,1,0,False,False,False,False,False,OTHER,OTHER,IMPROVED
421,0.8763222,0.9003404,0.0240181999999999,0.8554603,0.91655767,0.06109737,0.925,0.8625,-0.0625,0.0,0.0,0.0,0.0,0.0,0.0,0.0,0.0,0.0,1,1,0,False,False,False,False,False,OTHER,OTHER,IMPROVED
422,1.0,1.0,0.0,1.0,1.0,0.0,1.0,1.0,0.0,0.0,0.0,0.0,0.0,0.0,0.0,0.0,0.0,0.0,1,1,0,False,False,False,False,False,OTHER,OTHER,UNCHANGED
423,0.97346514,0.9468943,-0.0265708399999999,0.96209306,0.92413473,-0.03795833,1.0,1.0,0.0,0.0,0.0,0.0,0.0,0.0,0.0,0.0,0.0,0.0,1,1,0,False,False,False,False,False,OTHER,OTHER,REGRESSED
424,0.8927992,0.82739794,-0.06540126,0.9057846,0.7855685,-0.1202161,0.8625,0.925,0.0625,0.0,0.0,0.0,0.0,0.0,0.0,0.0,0.0,0.0,1,1,0,False,False,False,False,False,OTHER,OTHER,REGRESSED
425,0.951261,0.94001085,-0.01125015,0.9625156,0.9625156,0.0,0.925,0.8875,-0.0375,0.0,0.0,0.0,0.0,0.0,0.0,0.0,0.0,0.0,1,1,0,False,False,False,False,False,OTHER,OTHER,REGRESSED
426,0.8942944,0.9162281,0.0219336999999999,0.88649184,0.91246873,0.0259768899999999,0.9125,0.925,0.0125,0.0,0.0,0.0,0.0,0.0,0.0,0.0,0.0,0.0,1,1,0,False,False,False,False,False,OTHER,OTHER,IMPROVED
427,0.9471871,0.92086524,-0.0263218599999999,0.92455304,0.8869503,-0.03760274,1.0,1.0,0.0,0.0,0.0,0.0,0.0,0.0,0.0,0.0,0.0,0.0,1,1,0,False,False,False,False,False,OTHER,OTHER,REGRESSED
428,0.9141184,0.9739894,0.059871,0.9255263,0.962842,0.0373156999999999,0.8875,1.0,0.1125,0.0,0.0,0.0,0.0,0.0,0.0,0.0,0.0,0.0,1,1,0,False,False,False,False,False,OTHER,OTHER,IMPROVED
429,1.0,1.0,0.0,0.99999994,0.99999994,0.0,1.0,1.0,0.0,0.0,0.0,0.0,0.0,0.0,0.0,0.0,0.0,0.0,1,1,0,False,False,False,False,False,OTHER,OTHER,UNCHANGED
430,0.9049187,0.9298825,0.0249637999999999,0.9498837,0.8998322,-0.0500515,0.8,1.0,0.1999999999999999,0.0,0.0,0.0,0.0,0.0,0.0,0.0,0.0,0.0,1,1,0,False,False,False,False,False,OTHER,OTHER,IMPROVED
431,1.0,1.0,0.0,1.0,1.0,0.0,1.0,1.0,0.0,0.0,0.0,0.0,0.0,0.0,0.0,0.0,0.0,0.0,1,1,0,False,False,False,False,False,OTHER,OTHER,UNCHANGED
432,1.0,0.92866766,-0.07133234,1.0,0.8980967,-0.1019033,1.0,1.0,0.0,0.0,0.0,0.0,0.0,0.0,0.0,0.0,0.0,0.0,1,1,0,False,False,False,False,False,OTHER,OTHER,REGRESSED
433,0.96845144,0.96361655,-0.00483489,0.9870734,0.94802374,-0.0390496599999999,0.925,1.0,0.0749999999999999,0.0,0.0,0.0,0.0,0.0,0.0,0.0,0.0,0.0,1,1,0,False,False,False,False,False,OTHER,OTHER,REGRESSED
434,1.0,1.0,0.0,1.0,1.0,0.0,1.0,1.0,0.0,0.0,0.0,0.0,0.0,0.0,0.0,0.0,0.0,0.0,1,1,0,False,False,False,False,False,OTHER,OTHER,UNCHANGED
435,0.93005437,0.93879884,0.00874447,0.9000777,0.91256976,0.01249206,1.0,1.0,0.0,0.0,0.0,0.0,0.0,0.0,0.0,0.0,0.0,0.0,1,1,0,False,False,False,False,False,OTHER,OTHER,IMPROVED
436,0.9228291,0.9213173,-0.0015117999999999,0.9218987,0.8875961,-0.0343025999999999,0.925,1.0,0.0749999999999999,0.0,0.0,0.0,0.0,0.0,0.0,0.0,0.0,0.0,1,1,0,False,False,False,False,False,OTHER,OTHER,REGRESSED
437,0.92855453,0.937431,0.00887647,0.8979351,0.9106156,0.0126804999999999,1.0,1.0,0.0,0.0,0.0,0.0,0.0,0.0,0.0,0.0,0.0,0.0,1,1,0,False,False,False,False,False,OTHER,OTHER,IMPROVED
438,1.0,1.0,0.0,1.0,1.0,0.0,1.0,1.0,0.0,0.0,0.0,0.0,0.0,0.0,0.0,0.0,0.0,0.0,1,1,0,False,False,False,False,False,OTHER,OTHER,UNCHANGED
439,0.97749996,0.89092094,-0.0865790199999999,1.0,0.8441728,-0.1558272,0.925,1.0,0.0749999999999999,0.0,0.0,0.0,0.0,0.0,0.0,0.0,0.0,0.0,1,1,0,False,False,False,False,False,OTHER,OTHER,REGRESSED
440,0.9028177,0.8583545,-0.0444631999999999,0.8611682,0.79764926,-0.06351894,1.0,1.0,0.0,0.0,0.0,0.0,0.0,0.0,0.0,0.0,0.0,0.0,1,1,0,False,False,False,False,False,OTHER,OTHER,REGRESSED
441,0.8901144,0.92170763,0.03159323,0.9501634,0.8881538,-0.0620096,0.75,1.0,0.25,0.0,0.0,0.0,0.0,0.0,0.0,0.0,0.0,0.0,1,1,0,False,False,False,False,False,OTHER,OTHER,IMPROVED
442,0.844044,0.9386963,0.0946523,0.82542,0.91242325,0.0870032499999999,0.8875,1.0,0.1125,0.0,0.0,0.0,0.0,0.0,0.0,0.0,0.0,0.0,1,1,0,False,False,False,False,False,OTHER,OTHER,IMPROVED
443,0.8485597,0.878647,0.0300872999999999,0.83722806,0.87485284,0.0376247799999999,0.875,0.8875,0.0124999999999999,0.0,0.0,0.0,0.0,0.0,0.0,0.0,0.0,0.0,1,1,0,False,False,False,False,False,OTHER,OTHER,IMPROVED
444,1.0,1.0,0.0,1.0,1.0,0.0,1.0,1.0,0.0,0.0,0.0,0.0,0.0,0.0,0.0,0.0,0.0,0.0,1,1,0,False,False,False,False,False,OTHER,OTHER,UNCHANGED
445,0.95415497,0.9816742,0.02751923,0.93450713,0.97382027,0.03931314,1.0,1.0,0.0,0.0,0.0,0.0,0.0,0.0,0.0,0.0,0.0,0.0,1,1,0,False,False,False,False,False,OTHER,OTHER,IMPROVED
446,0.90999794,0.92448425,0.01448631,0.9035684,0.8921204,-0.011448,0.925,1.0,0.0749999999999999,0.0,0.0,0.0,0.0,0.0,0.0,0.0,0.0,0.0,1,1,0,False,False,False,False,False,OTHER,OTHER,IMPROVED
447,0.7057616,0.66496885,-0.04079275,0.74037373,0.6499555,-0.0904182299999999,0.625,0.7,0.0749999999999999,0.0,0.0,0.0,0.0,0.0,0.0,0.0,0.0,0.0,1,1,0,False,False,False,False,False,OTHER,OTHER,REGRESSED
448,0.87248653,0.9248217,0.0523351699999999,0.86605215,0.8926023,0.0265501499999999,0.8875,1.0,0.1125,0.0,0.0,0.0,0.0,0.0,0.0,0.0,0.0,0.0,1,1,0,False,False,False,False,False,OTHER,OTHER,IMPROVED
449,0.96250004,0.9063986,-0.0561014399999999,1.0,0.92521214,-0.07478786,0.875,0.8625,-0.0124999999999999,0.0,0.0,0.0,0.0,0.0,0.0,0.0,0.0,0.0,1,1,0,False,False,False,False,False,OTHER,OTHER,REGRESSED
450,1.0,0.63873386,-0.36126614,1.0,0.48390555,-0.51609445,1.0,1.0,0.0,0.0,0.0,0.0,0.0,0.0,0.0,0.0,0.0,0.0,1,1,0,False,False,False,False,False,OTHER,OTHER,REGRESSED
451,0.0,0.0,0.0,1.0,1.0,0.0,1.0,1.0,0.0,1.0,1.0,0.0,1.0,1.0,0.0,0.0,0.0,0.0,0,0,0,True,True,False,False,True,OVERLAP+COLLISION,OVERLAP+COLLISION,PERSISTENT_ZERO
452,0.93860286,0.895689,-0.04291386,0.9122898,0.8509842,-0.0613056,1.0,1.0,0.0,0.0,0.0,0.0,0.0,0.0,0.0,0.0,0.0,0.0,1,1,0,False,False,False,False,False,OTHER,OTHER,REGRESSED
453,0.9119139,0.9383373,0.0264233999999999,0.8741626,0.91191053,0.0377479299999999,1.0,1.0,0.0,0.0,0.0,0.0,0.0,0.0,0.0,0.0,0.0,0.0,1,1,0,False,False,False,False,False,OTHER,OTHER,IMPROVED
454,0.9502676,0.95855635,0.0082887499999999,0.9289537,0.9407949,0.0118411999999999,1.0,1.0,0.0,0.0,0.0,0.0,0.0,0.0,0.0,0.0,0.0,0.0,1,1,0,False,False,False,False,False,OTHER,OTHER,IMPROVED
455,1.0,1.0,0.0,1.0,1.0,0.0,1.0,1.0,0.0,0.0,0.0,0.0,0.0,0.0,0.0,0.0,0.0,0.0,1,1,0,False,False,False,False,False,OTHER,OTHER,UNCHANGED
456,0.9982397,0.9989206,0.0006809,0.99748534,0.99845797,0.00097263,1.0,1.0,0.0,0.0,0.0,0.0,0.0,0.0,0.0,0.0,0.0,0.0,1,1,0,False,False,False,False,False,OTHER,OTHER,IMPROVED
457,0.9473955,0.94623566,-0.0011598399999999,0.92485064,0.98747957,0.06262893,1.0,0.85,-0.15,0.0,0.0,0.0,0.0,0.0,0.0,0.0,0.0,0.0,1,1,0,False,False,False,False,False,OTHER,OTHER,REGRESSED
458,0.96625006,1.0,0.0337499399999999,1.0,1.0,0.0,0.8875,1.0,0.1125,0.0,0.0,0.0,0.0,0.0,0.0,0.0,0.0,0.0,1,1,0,False,False,False,False,False,OTHER,OTHER,IMPROVED
459,0.81538916,0.84988004,0.03449088,0.87555593,0.78554285,-0.0900130799999999,0.675,1.0,0.3249999999999999,0.0,0.0,0.0,0.0,0.0,0.0,0.0,0.0,0.0,1,1,0,False,False,False,False,False,OTHER,OTHER,IMPROVED
460,0.99882835,1.0,0.0011716499999999,0.99832624,1.0000001,0.00167386,1.0,1.0,0.0,0.0,0.0,0.0,0.0,0.0,0.0,0.0,0.0,0.0,1,1,0,False,False,False,False,False,OTHER,OTHER,IMPROVED
461,1.0,1.0,0.0,1.0,1.0,0.0,1.0,1.0,0.0,0.0,0.0,0.0,0.0,0.0,0.0,0.0,0.0,0.0,1,1,0,False,False,False,False,False,OTHER,OTHER,UNCHANGED
462,0.92963296,0.92963296,0.0,0.89947563,0.89947563,0.0,1.0,1.0,0.0,0.0,0.0,0.0,0.0,0.0,0.0,0.0,0.0,0.0,1,1,0,False,False,False,False,False,OTHER,OTHER,UNCHANGED
463,0.90625,0.8337849,-0.0724650999999999,1.0,0.7625499,-0.2374501,0.6875,1.0,0.3125,0.0,0.0,0.0,0.0,0.0,0.0,0.0,0.0,0.0,1,1,0,False,False,False,False,False,OTHER,OTHER,REGRESSED
464,0.914736,0.8726886,-0.0420473999999999,0.8781942,0.81812656,-0.06006764,1.0,1.0,0.0,0.0,0.0,0.0,0.0,0.0,0.0,0.0,0.0,0.0,1,1,0,False,False,False,False,False,OTHER,OTHER,REGRESSED
465,0.90788966,0.87878287,-0.02910679,0.8684138,0.8268327,-0.0415811,1.0,1.0,0.0,0.0,0.0,0.0,0.0,0.0,0.0,0.0,0.0,0.0,1,1,0,False,False,False,False,False,OTHER,OTHER,REGRESSED
466,0.9221615,0.9382033,0.0160417999999999,0.93701637,0.91171885,-0.02529752,0.8875,1.0,0.1125,0.0,0.0,0.0,0.0,0.0,0.0,0.0,0.0,0.0,1,1,0,False,False,False,False,False,OTHER,OTHER,IMPROVED
467,1.0,1.0,0.0,0.99999994,0.99999994,0.0,1.0,1.0,0.0,0.0,0.0,0.0,0.0,0.0,0.0,0.0,0.0,0.0,1,1,0,False,False,False,False,False,OTHER,OTHER,UNCHANGED
468,1.0,1.0,0.0,1.0,1.0,0.0,1.0,1.0,0.0,0.0,0.0,0.0,0.0,0.0,0.0,0.0,0.0,0.0,1,1,0,False,False,False,False,False,OTHER,OTHER,UNCHANGED
469,0.95614165,0.95614165,0.0,0.9373453,0.9373453,0.0,1.0,1.0,0.0,0.0,0.0,0.0,0.0,0.0,0.0,0.0,0.0,0.0,1,1,0,False,False,False,False,False,OTHER,OTHER,UNCHANGED
470,0.79701775,0.83612853,0.03911078,0.7528825,0.76589787,0.0130153699999999,0.90000004,1.0,0.09999996,0.0,0.0,0.0,0.0,0.0,0.0,0.0,0.0,0.0,1,1,0,False,False,False,False,False,OTHER,OTHER,IMPROVED
471,0.86954874,0.92085534,0.0513065999999999,0.8618553,0.8869361,0.0250808,0.8875,1.0,0.1125,0.0,0.0,0.0,0.0,0.0,0.0,0.0,0.0,0.0,1,1,0,False,False,False,False,False,OTHER,OTHER,IMPROVED
472,0.9683806,0.9280413,-0.0403393,0.95482934,0.89720184,-0.0576274999999999,1.0,1.0,0.0,0.0,0.0,0.0,0.0,0.0,0.0,0.0,0.0,0.0,1,1,0,False,False,False,False,False,OTHER,OTHER,REGRESSED
473,1.0,1.0,0.0,1.0,1.0,0.0,1.0,1.0,0.0,0.0,0.0,0.0,0.0,0.0,0.0,0.0,0.0,0.0,1,1,0,False,False,False,False,False,OTHER,OTHER,UNCHANGED
474,0.8953854,0.9217472,0.0263617999999999,0.8505506,0.88821024,0.0376596399999999,1.0,1.0,0.0,0.0,0.0,0.0,0.0,0.0,0.0,0.0,0.0,0.0,1,1,0,False,False,False,False,False,OTHER,OTHER,IMPROVED
475,0.92936534,0.9024788,-0.02688654,0.89909345,0.8606839,-0.03840955,1.0,1.0,0.0,0.0,0.0,0.0,0.0,0.0,0.0,0.0,0.0,0.0,1,1,0,False,False,False,False,False,OTHER,OTHER,REGRESSED
476,0.32628307,0.34813246,0.0218493899999999,0.037547234,0.06876068,0.031213446,1.0,1.0,0.0,0.0,0.0,0.0,0.0,0.0,0.0,0.0,0.0,0.0,1,1,0,False,False,False,False,False,OTHER,OTHER,IMPROVED
477,1.0,1.0,0.0,1.0,1.0,0.0,1.0,1.0,0.0,0.0,0.0,0.0,0.0,0.0,0.0,0.0,0.0,0.0,1,1,0,False,False,False,False,False,OTHER,OTHER,UNCHANGED
478,1.0,1.0,0.0,1.0,1.0,0.0,1.0,1.0,0.0,0.0,0.0,0.0,0.0,0.0,0.0,0.0,0.0,0.0,1,1,0,False,False,False,False,False,OTHER,OTHER,UNCHANGED
479,0.95125,0.95874995,0.0074999499999999,1.0,1.0,0.0,0.83750004,0.8625,0.02499996,0.0,0.0,0.0,0.0,0.0,0.0,0.0,0.0,0.0,1,1,0,False,False,False,False,False,OTHER,OTHER,IMPROVED
480,1.0,1.0,0.0,1.0,1.0,0.0,1.0,1.0,0.0,0.0,0.0,0.0,0.0,0.0,0.0,0.0,0.0,0.0,1,1,0,False,False,False,False,False,OTHER,OTHER,UNCHANGED
481,0.91,0.9925,0.0825,1.0,1.0,0.0,0.7,0.975,0.275,0.0,0.0,0.0,0.0,0.0,0.0,0.0,0.0,0.0,1,1,0,False,False,False,False,False,OTHER,OTHER,IMPROVED
482,1.0,1.0,0.0,1.0,1.0,0.0,1.0,1.0,0.0,0.0,0.0,0.0,0.0,0.0,0.0,0.0,0.0,0.0,1,1,0,False,False,False,False,False,OTHER,OTHER,UNCHANGED
483,1.0,1.0,0.0,1.0,1.0,0.0,1.0,1.0,0.0,0.0,0.0,0.0,0.0,0.0,0.0,0.0,0.0,0.0,1,1,0,False,False,False,False,False,OTHER,OTHER,UNCHANGED
484,1.0,1.0,0.0,1.0,1.0,0.0,1.0,1.0,0.0,0.0,0.0,0.0,0.0,0.0,0.0,0.0,0.0,0.0,1,1,0,False,False,False,False,False,OTHER,OTHER,UNCHANGED
485,1.0,0.97749996,-0.02250004,1.0,1.0,0.0,1.0,0.925,-0.0749999999999999,0.0,0.0,0.0,0.0,0.0,0.0,0.0,0.0,0.0,1,1,0,False,False,False,False,False,OTHER,OTHER,REGRESSED
486,0.9316193,0.9220638,-0.0095555,0.9023133,0.8886625,-0.0136507999999999,1.0,1.0,0.0,0.0,0.0,0.0,0.0,0.0,0.0,0.0,0.0,0.0,1,1,0,False,False,False,False,False,OTHER,OTHER,REGRESSED
487,0.88378507,0.91378117,0.0299961,0.8875501,0.92504454,0.03749444,0.875,0.8875,0.0124999999999999,0.0,0.0,0.0,0.0,0.0,0.0,0.0,0.0,0.0,1,1,0,False,False,False,False,False,OTHER,OTHER,IMPROVED
488,0.8900404,0.9466538,0.0566134,0.87505764,0.923791,0.04873336,0.925,1.0,0.0749999999999999,0.0,0.0,0.0,0.0,0.0,0.0,0.0,0.0,0.0,1,1,0,False,False,False,False,False,OTHER,OTHER,IMPROVED
489,0.9089562,0.9271151,0.0181588999999999,0.8699375,0.8958786,0.0259410999999999,1.0,1.0,0.0,0.0,0.0,0.0,0.0,0.0,0.0,0.0,0.0,0.0,1,1,0,False,False,False,False,False,OTHER,OTHER,IMPROVED
490,0.9845112,0.93665344,-0.04785776,0.9778732,0.9095049,-0.0683683,1.0,1.0,0.0,0.0,0.0,0.0,0.0,0.0,0.0,0.0,0.0,0.0,1,1,0,False,False,False,False,False,OTHER,OTHER,REGRESSED
491,0.9242687,0.96176875,0.0375000499999998,0.94538397,0.94538397,0.0,0.875,1.0,0.125,0.0,0.0,0.0,0.0,0.0,0.0,0.0,0.0,0.0,1,1,0,False,False,False,False,False,OTHER,OTHER,IMPROVED
492,0.98319143,0.9491475,-0.0340439299999999,0.97598773,0.9273536,-0.04863413,1.0,1.0,0.0,0.0,0.0,0.0,0.0,0.0,0.0,0.0,0.0,0.0,1,1,0,False,False,False,False,False,OTHER,OTHER,REGRESSED
493,0.99979115,1.0,0.00020885,0.9997016,1.0,0.0002984,1.0,1.0,0.0,0.0,0.0,0.0,0.0,0.0,0.0,0.0,0.0,0.0,1,1,0,False,False,False,False,False,OTHER,OTHER,IMPROVED
494,0.9212555,0.9562063,0.0349507999999999,0.8875078,0.9374376,0.0499298,1.0,1.0,0.0,0.0,0.0,0.0,0.0,0.0,0.0,0.0,0.0,0.0,1,1,0,False,False,False,False,False,OTHER,OTHER,IMPROVED
495,1.0,1.0,0.0,1.0,1.0,0.0,1.0,1.0,0.0,0.0,0.0,0.0,0.0,0.0,0.0,0.0,0.0,0.0,1,1,0,False,False,False,False,False,OTHER,OTHER,UNCHANGED
496,0.9475013,0.92109483,-0.0264064699999999,0.9250018,0.88727826,-0.03772354,1.0,1.0,0.0,0.0,0.0,0.0,0.0,0.0,0.0,0.0,0.0,0.0,1,1,0,False,False,False,False,False,OTHER,OTHER,REGRESSED
497,0.88000005,0.9532629,0.0732628499999999,1.0,0.9332328,-0.0667672,0.6,1.0,0.4,0.0,0.0,0.0,0.0,0.0,0.0,0.0,0.0,0.0,1,1,0,False,False,False,False,False,OTHER,OTHER,IMPROVED
498,1.0,1.0,0.0,1.0,1.0,0.0,1.0,1.0,0.0,0.0,0.0,0.0,0.0,0.0,0.0,0.0,0.0,0.0,1,1,0,False,False,False,False,False,OTHER,OTHER,UNCHANGED
499,1.0,0.86489564,-0.13510436,1.0,0.80699366,-0.19300634,1.0,1.0,0.0,0.0,0.0,0.0,0.0,0.0,0.0,0.0,0.0,0.0,1,1,0,False,False,False,False,False,OTHER,OTHER,REGRESSED
500,0.9299359,0.9387164,0.0087804999999999,0.89990836,0.949952,0.05004364,1.0,0.9125,-0.0875,0.0,0.0,0.0,0.0,0.0,0.0,0.0,0.0,0.0,1,1,0,False,False,False,False,False,OTHER,OTHER,IMPROVED
501,0.90083474,0.9188024,0.01796766,0.8583354,0.88400334,0.02566794,1.0,1.0,0.0,0.0,0.0,0.0,0.0,0.0,0.0,0.0,0.0,0.0,1,1,0,False,False,False,False,False,OTHER,OTHER,IMPROVED
502,1.0,1.0,0.0,1.0,1.0,0.0,1.0,1.0,0.0,0.0,0.0,0.0,0.0,0.0,0.0,0.0,0.0,0.0,1,1,0,False,False,False,False,False,OTHER,OTHER,UNCHANGED
503,0.89259046,0.9338045,0.04121404,0.9001292,0.9375778,0.0374486,0.875,0.925,0.05,0.0,0.0,0.0,0.0,0.0,0.0,0.0,0.0,0.0,1,1,0,False,False,False,False,False,OTHER,OTHER,IMPROVED
504,0.96250004,0.94717616,-0.0153238799999999,1.0,0.92453736,-0.07546264,0.875,1.0,0.125,0.0,0.0,0.0,0.0,0.0,0.0,0.0,0.0,0.0,1,1,0,False,False,False,False,False,OTHER,OTHER,REGRESSED
505,0.586065,0.82938635,0.2433213500000001,0.5479499,0.75626624,0.20831634,0.675,1.0,0.3249999999999999,0.0,0.0,0.0,0.0,0.0,0.0,0.0,0.0,0.0,1,1,0,False,False,False,False,False,OTHER,OTHER,IMPROVED
506,0.93848103,0.93848103,0.0,0.9121158,0.9121158,0.0,1.0,1.0,0.0,0.0,0.0,0.0,0.0,0.0,0.0,0.0,0.0,0.0,1,1,0,False,False,False,False,False,OTHER,OTHER,UNCHANGED
507,0.8761344,0.88254035,0.0064059499999999,0.87662053,0.8643433,-0.0122772299999999,0.875,0.925,0.05,0.0,0.0,0.0,0.0,0.0,0.0,0.0,0.0,0.0,1,1,0,False,False,False,False,False,OTHER,OTHER,IMPROVED
508,1.0,0.9033127,-0.0966873,1.0,0.8618753,-0.1381247,1.0,1.0,0.0,0.0,0.0,0.0,0.0,0.0,0.0,0.0,0.0,0.0,1,1,0,False,False,False,False,False,OTHER,OTHER,REGRESSED
509,1.0,1.0,0.0,1.0,1.0,0.0,1.0,1.0,0.0,0.0,0.0,0.0,0.0,0.0,0.0,0.0,0.0,0.0,1,1,0,False,False,False,False,False,OTHER,OTHER,UNCHANGED
510,1.0,0.0,-1.0,1.0,0.92340404,-0.07659596,1.0,0.7916667,-0.2083333,0.0,0.0,0.0,0.0,0.0,0.0,0.0,1.0,1.0,1,0,-1,False,True,False,True,False,OTHER,OFFROAD_ONLY,NEW_ZERO
511,1.0,0.96185845,-0.0381415499999999,1.0,0.9455121,-0.0544879,1.0,1.0,0.0,0.0,0.0,0.0,0.0,0.0,0.0,0.0,0.0,0.0,1,1,0,False,False,False,False,False,OTHER,OTHER,REGRESSED
512,0.96414894,0.9165541,-0.0475948399999999,0.9487841,0.8807915,-0.0679926,1.0,1.0,0.0,0.0,0.0,0.0,0.0,0.0,0.0,0.0,0.0,0.0,1,1,0,False,False,False,False,False,OTHER,OTHER,REGRESSED
513,0.8715569,0.88197136,0.01041446,0.87008125,0.8313876,-0.03869365,0.875,1.0,0.125,0.0,0.0,0.0,0.0,0.0,0.0,0.0,0.0,0.0,1,1,0,False,False,False,False,False,OTHER,OTHER,IMPROVED
514,1.0,1.0,0.0,1.0,1.0,0.0,1.0,1.0,0.0,0.0,0.0,0.0,0.0,0.0,0.0,0.0,0.0,0.0,1,1,0,False,False,False,False,False,OTHER,OTHER,UNCHANGED
515,0.9387227,0.8948849,-0.0438378,0.912461,0.8498356,-0.0626253999999999,1.0,1.0,0.0,0.0,0.0,0.0,0.0,0.0,0.0,0.0,0.0,0.0,1,1,0,False,False,False,False,False,OTHER,OTHER,REGRESSED
516,1.0,1.0,0.0,1.0,1.0,0.0,1.0,1.0,0.0,0.0,0.0,0.0,0.0,0.0,0.0,0.0,0.0,0.0,1,1,0,False,False,False,False,False,OTHER,OTHER,UNCHANGED
517,0.91571444,0.87273043,-0.04298401,0.8795921,0.8181864,-0.0614057,1.0,1.0,0.0,0.0,0.0,0.0,0.0,0.0,0.0,0.0,0.0,0.0,1,1,0,False,False,False,False,False,OTHER,OTHER,REGRESSED
518,0.9058528,0.95160675,0.0457539499999999,0.9137183,0.96300966,0.04929136,0.8875,0.925,0.0375,0.0,0.0,0.0,0.0,0.0,0.0,0.0,0.0,0.0,1,1,0,False,False,False,False,False,OTHER,OTHER,IMPROVED
519,1.0,1.0,0.0,1.0,1.0,0.0,1.0,1.0,0.0,0.0,0.0,0.0,0.0,0.0,0.0,0.0,0.0,0.0,1,1,0,False,False,False,False,False,OTHER,OTHER,UNCHANGED
520,0.8029162,0.7742701,-0.0286461,0.8630946,0.838243,-0.0248516,0.6625,0.625,-0.0374999999999999,0.0,0.0,0.0,0.0,0.0,0.0,0.0,0.0,0.0,1,1,0,False,False,False,False,False,OTHER,OTHER,REGRESSED
521,0.9393695,0.9566666,0.0172971,0.913385,0.9380951,0.0247100999999999,1.0,1.0,0.0,0.0,0.0,0.0,0.0,0.0,0.0,0.0,0.0,0.0,1,1,0,False,False,False,False,False,OTHER,OTHER,IMPROVED
522,0.7373819,0.7549445,0.0175625999999999,0.88733125,0.9499207,0.0625894499999999,0.38750002,0.3,-0.08750002,0.0,0.0,0.0,0.0,0.0,0.0,0.0,0.0,0.0,1,1,0,False,False,False,False,False,OTHER,OTHER,IMPROVED
523,1.0,1.0,0.0,1.0,1.0,0.0,1.0,1.0,0.0,0.0,0.0,0.0,0.0,0.0,0.0,0.0,0.0,0.0,1,1,0,False,False,False,False,False,OTHER,OTHER,UNCHANGED
524,0.983513,1.0,0.016487,0.9764471,1.0,0.0235528999999999,1.0,1.0,0.0,0.0,0.0,0.0,0.0,0.0,0.0,0.0,0.0,0.0,1,1,0,False,False,False,False,False,OTHER,OTHER,IMPROVED
525,0.9301812,0.93889564,0.0087144399999999,0.9002589,0.91270804,0.01244914,1.0,1.0,0.0,0.0,0.0,0.0,0.0,0.0,0.0,0.0,0.0,0.0,1,1,0,False,False,False,False,False,OTHER,OTHER,IMPROVED
526,0.0,1.0,1.0,1.0,1.0,0.0,0.6363636,1.0,0.3636363999999999,0.0,0.0,0.0,1.0,0.0,-1.0,0.0,0.0,0.0,0,1,1,True,False,True,False,False,OVERLAP_ONLY,OTHER,FIXED_ZERO
527,1.0,1.0,0.0,1.0,1.0,0.0,1.0,1.0,0.0,0.0,0.0,0.0,0.0,0.0,0.0,0.0,0.0,0.0,1,1,0,False,False,False,False,False,OTHER,OTHER,UNCHANGED
528,1.0,1.0,0.0,1.0,1.0,0.0,1.0,1.0,0.0,0.0,0.0,0.0,0.0,0.0,0.0,0.0,0.0,0.0,1,1,0,False,False,False,False,False,OTHER,OTHER,UNCHANGED
529,0.95874995,1.0,0.04125005,1.0000001,1.0000001,0.0,0.8625,1.0,0.1374999999999999,0.0,0.0,0.0,0.0,0.0,0.0,0.0,0.0,0.0,1,1,0,False,False,False,False,False,OTHER,OTHER,IMPROVED
530,0.9209623,0.9297785,0.0088161999999999,0.8870889,0.8996835,0.0125946,1.0,1.0,0.0,0.0,0.0,0.0,0.0,0.0,0.0,0.0,0.0,0.0,1,1,0,False,False,False,False,False,OTHER,OTHER,IMPROVED
531,0.9030188,0.9045267,0.0015079,0.86145544,0.9118238,0.05036836,1.0,0.8875,-0.1125,0.0,0.0,0.0,0.0,0.0,0.0,0.0,0.0,0.0,1,1,0,False,False,False,False,False,OTHER,OTHER,IMPROVED
532,0.9211523,0.9561445,0.0349921999999999,0.8873605,0.9373494,0.0499889,1.0,1.0,0.0,0.0,0.0,0.0,0.0,0.0,0.0,0.0,0.0,0.0,1,1,0,False,False,False,False,False,OTHER,OTHER,IMPROVED
533,1.0,1.0,0.0,1.0,1.0,0.0,1.0,1.0,0.0,0.0,0.0,0.0,0.0,0.0,0.0,0.0,0.0,0.0,1,1,0,False,False,False,False,False,OTHER,OTHER,UNCHANGED
534,1.0,1.0,0.0,1.0,1.0,0.0,1.0,1.0,0.0,0.0,0.0,0.0,0.0,0.0,0.0,0.0,0.0,0.0,1,1,0,False,False,False,False,False,OTHER,OTHER,UNCHANGED
535,0.91024154,0.8430149,-0.06722664,0.87177354,0.77573556,-0.0960379799999999,1.0,1.0,0.0,0.0,0.0,0.0,0.0,0.0,0.0,0.0,0.0,0.0,1,1,0,False,False,False,False,False,OTHER,OTHER,REGRESSED
536,0.9780254,0.88299954,-0.09502586,0.96860766,0.8328564,-0.1357512599999999,1.0,1.0,0.0,0.0,0.0,0.0,0.0,0.0,0.0,0.0,0.0,0.0,1,1,0,False,False,False,False,False,OTHER,OTHER,REGRESSED
537,0.8442055,0.8050917,-0.0391138,0.83636487,0.78584516,-0.0505197099999999,0.8625,0.85,-0.0125,0.0,0.0,0.0,0.0,0.0,0.0,0.0,0.0,0.0,1,1,0,False,False,False,False,False,OTHER,OTHER,REGRESSED
538,0.9143054,0.90625185,-0.00805355,0.87757915,0.866074,-0.0115051499999999,1.0,1.0,0.0,0.0,0.0,0.0,0.0,0.0,0.0,0.0,0.0,0.0,1,1,0,False,False,False,False,False,OTHER,OTHER,REGRESSED
539,0.8778796,0.8770817,-0.0007979,0.9112566,0.8886881,-0.0225684999999999,0.8,0.85,0.0499999999999999,0.0,0.0,0.0,0.0,0.0,0.0,0.0,0.0,0.0,1,1,0,False,False,False,False,False,OTHER,OTHER,REGRESSED
540,0.90954363,0.9234317,0.0138880699999999,0.92434794,0.94954526,0.0251973199999999,0.875,0.8625,-0.0124999999999999,0.0,0.0,0.0,0.0,0.0,0.0,0.0,0.0,0.0,1,1,0,False,False,False,False,False,OTHER,OTHER,IMPROVED
541,0.95658654,0.84281677,-0.1137697699999999,0.9754808,0.8075954,-0.1678854,0.9125,0.925,0.0125,0.0,0.0,0.0,0.0,0.0,0.0,0.0,0.0,0.0,1,1,0,False,False,False,False,False,OTHER,OTHER,REGRESSED
542,0.98584026,0.98584026,0.0,0.9797717,0.9797717,0.0,1.0,1.0,0.0,0.0,0.0,0.0,0.0,0.0,0.0,0.0,0.0,0.0,1,1,0,False,False,False,False,False,OTHER,OTHER,UNCHANGED
543,0.0,1.0,1.0,1.0,1.0,0.0,1.0,1.0,0.0,0.0,0.0,0.0,1.0,0.0,-1.0,0.0,0.0,0.0,0,1,1,True,False,True,False,False,OVERLAP_ONLY,OTHER,FIXED_ZERO
544,1.0,1.0,0.0,1.0,1.0,0.0,1.0,1.0,0.0,0.0,0.0,0.0,0.0,0.0,0.0,0.0,0.0,0.0,1,1,0,False,False,False,False,False,OTHER,OTHER,UNCHANGED
545,0.9909517,0.96387416,-0.0270775399999999,0.9870739,0.9483917,-0.0386822,1.0,1.0,0.0,0.0,0.0,0.0,0.0,0.0,0.0,0.0,0.0,0.0,1,1,0,False,False,False,False,False,OTHER,OTHER,REGRESSED
546,0.97719663,0.9832201,0.00602347,0.9674237,0.9760286,0.0086049,1.0,1.0,0.0,0.0,0.0,0.0,0.0,0.0,0.0,0.0,0.0,0.0,1,1,0,False,False,False,False,False,OTHER,OTHER,IMPROVED
547,1.0,1.0,0.0,1.0,1.0,0.0,1.0,1.0,0.0,0.0,0.0,0.0,0.0,0.0,0.0,0.0,0.0,0.0,1,1,0,False,False,False,False,False,OTHER,OTHER,UNCHANGED
548,0.9034613,0.92979187,0.0263305699999999,0.8620876,0.89970255,0.03761495,1.0,1.0,0.0,0.0,0.0,0.0,0.0,0.0,0.0,0.0,0.0,0.0,1,1,0,False,False,False,False,False,OTHER,OTHER,IMPROVED
549,0.921847,0.93053913,0.00869213,0.8883528,0.90077025,0.0124174499999999,1.0,1.0,0.0,0.0,0.0,0.0,0.0,0.0,0.0,0.0,0.0,0.0,1,1,0,False,False,False,False,False,OTHER,OTHER,IMPROVED
550,1.0,1.0,0.0,1.0,1.0,0.0,1.0,1.0,0.0,0.0,0.0,0.0,0.0,0.0,0.0,0.0,0.0,0.0,1,1,0,False,False,False,False,False,OTHER,OTHER,UNCHANGED
551,0.97749996,1.0,0.02250004,1.0,1.0,0.0,0.925,1.0,0.0749999999999999,0.0,0.0,0.0,0.0,0.0,0.0,0.0,0.0,0.0,1,1,0,False,False,False,False,False,OTHER,OTHER,IMPROVED
552,0.97749996,1.0,0.02250004,1.0,1.0,0.0,0.925,1.0,0.0749999999999999,0.0,0.0,0.0,0.0,0.0,0.0,0.0,0.0,0.0,1,1,0,False,False,False,False,False,OTHER,OTHER,IMPROVED
553,0.9031252,0.9299597,0.0268344999999999,0.8616075,0.89994234,0.0383348399999999,1.0,1.0,0.0,0.0,0.0,0.0,0.0,0.0,0.0,0.0,0.0,0.0,1,1,0,False,False,False,False,False,OTHER,OTHER,IMPROVED
554,0.0,0.0,0.0,0.0002336661,2.8612862e-06,-0.0002308048138,1.0,1.0,0.0,1.0,1.0,0.0,1.0,1.0,0.0,0.0,0.0,0.0,0,0,0,True,True,False,False,True,OVERLAP+COLLISION,OVERLAP+COLLISION,PERSISTENT_ZERO
555,0.95500004,0.9198441,-0.03515594,1.0,0.88549143,-0.11450857,0.85,1.0,0.15,0.0,0.0,0.0,0.0,0.0,0.0,0.0,0.0,0.0,1,1,0,False,False,False,False,False,OTHER,OTHER,REGRESSED
556,0.91252804,0.8866448,-0.0258832399999999,0.87504,0.8862783,0.0112382999999999,1.0,0.8875,-0.1125,0.0,0.0,0.0,0.0,0.0,0.0,0.0,0.0,0.0,1,1,0,False,False,False,False,False,OTHER,OTHER,REGRESSED
557,1.0,1.0,0.0,1.0,1.0,0.0,1.0,1.0,0.0,0.0,0.0,0.0,0.0,0.0,0.0,0.0,0.0,0.0,1,1,0,False,False,False,False,False,OTHER,OTHER,UNCHANGED
558,0.90058804,0.7996398,-0.10094824,0.8579829,0.7137711,-0.1442118,1.0,1.0,0.0,0.0,0.0,0.0,0.0,0.0,0.0,0.0,0.0,0.0,1,1,0,False,False,False,False,False,OTHER,OTHER,REGRESSED
559,1.0,1.0,0.0,1.0,1.0,0.0,1.0,1.0,0.0,0.0,0.0,0.0,0.0,0.0,0.0,0.0,0.0,0.0,1,1,0,False,False,False,False,False,OTHER,OTHER,UNCHANGED
560,0.8887764,0.9337744,0.0449979999999999,0.9000377,0.93753487,0.0374971699999999,0.8625,0.925,0.0625,0.0,0.0,0.0,0.0,0.0,0.0,0.0,0.0,0.0,1,1,0,False,False,False,False,False,OTHER,OTHER,IMPROVED
561,0.84007275,0.8538208,0.01374805,0.8251039,0.8501012,0.0249973,0.875,0.8625,-0.0124999999999999,0.0,0.0,0.0,0.0,0.0,0.0,0.0,0.0,0.0,1,1,0,False,False,False,False,False,OTHER,OTHER,IMPROVED
562,1.0,1.0,0.0,0.99999994,0.99999994,0.0,1.0,1.0,0.0,0.0,0.0,0.0,0.0,0.0,0.0,0.0,0.0,0.0,1,1,0,False,False,False,False,False,OTHER,OTHER,UNCHANGED
563,0.0,0.8687462,0.8687462,0.6862267,0.90356594,0.21733924,0.9508196,0.7875,-0.1633196,0.0,0.0,0.0,1.0,0.0,-1.0,0.0,0.0,0.0,0,1,1,True,False,True,False,False,OVERLAP_ONLY,OTHER,FIXED_ZERO
564,1.0,1.0,0.0,1.0,1.0,0.0,1.0,1.0,0.0,0.0,0.0,0.0,0.0,0.0,0.0,0.0,0.0,0.0,1,1,0,False,False,False,False,False,OTHER,OTHER,UNCHANGED
565,0.8801985,0.8801985,0.0,0.82885504,0.82885504,0.0,1.0,1.0,0.0,0.0,0.0,0.0,0.0,0.0,0.0,0.0,0.0,0.0,1,1,0,False,False,False,False,False,OTHER,OTHER,UNCHANGED
566,0.8247494,0.8459816,0.0212322,0.89964193,0.88711655,-0.01252538,0.65000004,0.75,0.09999996,0.0,0.0,0.0,0.0,0.0,0.0,0.0,0.0,0.0,1,1,0,False,False,False,False,False,OTHER,OTHER,IMPROVED
567,0.9216078,0.8992769,-0.0223308999999999,0.97372544,0.8561099,-0.11761554,0.8,1.0,0.1999999999999999,0.0,0.0,0.0,0.0,0.0,0.0,0.0,0.0,0.0,1,1,0,False,False,False,False,False,OTHER,OTHER,REGRESSED
568,0.9138994,0.93384403,0.01994463,0.8877134,0.9376342,0.0499207999999999,0.975,0.925,-0.0499999999999999,0.0,0.0,0.0,0.0,0.0,0.0,0.0,0.0,0.0,1,1,0,False,False,False,False,False,OTHER,OTHER,IMPROVED
569,0.98875,1.0,0.0112499999999999,1.0,1.0,0.0,0.96250004,1.0,0.03749996,0.0,0.0,0.0,0.0,0.0,0.0,0.0,0.0,0.0,1,1,0,False,False,False,False,False,OTHER,OTHER,IMPROVED
570,0.8994358,0.96390265,0.0644668499999999,0.9099083,0.94843245,0.0385241499999999,0.875,1.0,0.125,0.0,0.0,0.0,0.0,0.0,0.0,0.0,0.0,0.0,1,1,0,False,False,False,False,False,OTHER,OTHER,IMPROVED
571,0.95874995,0.97997636,0.02122641,0.99999994,0.9713948,-0.02860514,0.8625,1.0,0.1374999999999999,0.0,0.0,0.0,0.0,0.0,0.0,0.0,0.0,0.0,1,1,0,False,False,False,False,False,OTHER,OTHER,IMPROVED
572,0.88692915,0.9405169,0.0535877499999999,0.90275586,0.91502416,0.0122683,0.85,1.0,0.15,0.0,0.0,0.0,0.0,0.0,0.0,0.0,0.0,0.0,1,1,0,False,False,False,False,False,OTHER,OTHER,IMPROVED
573,0.86375564,0.8315858,-0.03216984,0.8535794,0.75940824,-0.09417116,0.8875,1.0,0.1125,0.0,0.0,0.0,0.0,0.0,0.0,0.0,0.0,0.0,1,1,0,False,False,False,False,False,OTHER,OTHER,REGRESSED
574,0.9829508,1.0,0.0170491999999999,0.975644,1.0,0.024356,1.0,1.0,0.0,0.0,0.0,0.0,0.0,0.0,0.0,0.0,0.0,0.0,1,1,0,False,False,False,False,False,OTHER,OTHER,IMPROVED
575,0.8971394,0.86884403,-0.02829537,0.8530562,0.8126344,-0.0404218,1.0,1.0,0.0,0.0,0.0,0.0,0.0,0.0,0.0,0.0,0.0,0.0,1,1,0,False,False,False,False,False,OTHER,OTHER,REGRESSED
576,0.9029274,0.957486,0.0545585999999999,0.91489637,0.9392656,0.02436923,0.875,1.0,0.125,0.0,0.0,0.0,0.0,0.0,0.0,0.0,0.0,0.0,1,1,0,False,False,False,False,False,OTHER,OTHER,IMPROVED
577,1.0,1.0,0.0,1.0,1.0,0.0,1.0,1.0,0.0,0.0,0.0,0.0,0.0,0.0,0.0,0.0,0.0,0.0,1,1,0,False,False,False,False,False,OTHER,OTHER,UNCHANGED
578,0.8272193,0.91718274,0.08996344,0.8763847,0.91383255,0.0374478499999999,0.71250004,0.925,0.21249996,0.0,0.0,0.0,0.0,0.0,0.0,0.0,0.0,0.0,1,1,0,False,False,False,False,False,OTHER,OTHER,IMPROVED
579,1.0,1.0,0.0,1.0,1.0,0.0,1.0,1.0,0.0,0.0,0.0,0.0,0.0,0.0,0.0,0.0,0.0,0.0,1,1,0,False,False,False,False,False,OTHER,OTHER,UNCHANGED
580,1.0,1.0,0.0,1.0,1.0,0.0,1.0,1.0,0.0,0.0,0.0,0.0,0.0,0.0,0.0,0.0,0.0,0.0,1,1,0,False,False,False,False,False,OTHER,OTHER,UNCHANGED
581,1.0,1.0,0.0,1.0,1.0,0.0,1.0,1.0,0.0,0.0,0.0,0.0,0.0,0.0,0.0,0.0,0.0,0.0,1,1,0,False,False,False,False,False,OTHER,OTHER,UNCHANGED
582,0.864649,0.9287745,0.0641254999999999,0.8602129,0.89824927,0.03803637,0.875,1.0,0.125,0.0,0.0,0.0,0.0,0.0,0.0,0.0,0.0,0.0,1,1,0,False,False,False,False,False,OTHER,OTHER,IMPROVED
583,0.92049503,0.9466519,0.02615687,0.88642144,0.9237883,0.03736686,1.0,1.0,0.0,0.0,0.0,0.0,0.0,0.0,0.0,0.0,0.0,0.0,1,1,0,False,False,False,False,False,OTHER,OTHER,IMPROVED
584,0.9999343,0.9999343,0.0,0.9999061,0.9999061,0.0,1.0,1.0,0.0,0.0,0.0,0.0,0.0,0.0,0.0,0.0,0.0,0.0,1,1,0,False,False,False,False,False,OTHER,OTHER,UNCHANGED
585,0.0,0.0,0.0,1.0,1.0,0.0,1.0,1.0,0.0,1.0,1.0,0.0,1.0,1.0,0.0,0.0,0.0,0.0,0,0,0,True,True,False,False,True,OVERLAP+COLLISION,OVERLAP+COLLISION,PERSISTENT_ZERO
586,0.8668157,0.89033955,0.02352385,0.8793795,0.84334224,-0.0360372599999999,0.83750004,1.0,0.16249996,0.0,0.0,0.0,0.0,0.0,0.0,0.0,0.0,0.0,1,1,0,False,False,False,False,False,OTHER,OTHER,IMPROVED
587,0.89131624,0.95874995,0.0674337099999999,0.8983088,1.0,0.1016911999999999,0.875,0.8625,-0.0124999999999999,0.0,0.0,0.0,0.0,0.0,0.0,0.0,0.0,0.0,1,1,0,False,False,False,False,False,OTHER,OTHER,IMPROVED
588,1.0,1.0,0.0,1.0,1.0,0.0,1.0,1.0,0.0,0.0,0.0,0.0,0.0,0.0,0.0,0.0,0.0,0.0,1,1,0,False,False,False,False,False,OTHER,OTHER,UNCHANGED
589,1.0,1.0,0.0,1.0,1.0,0.0,1.0,1.0,0.0,0.0,0.0,0.0,0.0,0.0,0.0,0.0,0.0,0.0,1,1,0,False,False,False,False,False,OTHER,OTHER,UNCHANGED
590,0.88043463,0.93141365,0.0509790199999999,0.87740666,0.90201956,0.0246129,0.8875,1.0,0.1125,0.0,0.0,0.0,0.0,0.0,0.0,0.0,0.0,0.0,1,1,0,False,False,False,False,False,OTHER,OTHER,IMPROVED
591,0.87800044,0.85831434,-0.0196861,0.82571495,0.7975919,-0.0281230499999999,1.0,1.0,0.0,0.0,0.0,0.0,0.0,0.0,0.0,0.0,0.0,0.0,1,1,0,False,False,False,False,False,OTHER,OTHER,REGRESSED
592,0.9568817,0.9473732,-0.0095084999999999,0.93840253,0.9248188,-0.0135837299999999,1.0,1.0,0.0,0.0,0.0,0.0,0.0,0.0,0.0,0.0,0.0,0.0,1,1,0,False,False,False,False,False,OTHER,OTHER,REGRESSED
593,0.90177363,0.94138336,0.03960973,0.8596766,0.9162619,0.0565852999999999,1.0,1.0,0.0,0.0,0.0,0.0,0.0,0.0,0.0,0.0,0.0,0.0,1,1,0,False,False,False,False,False,OTHER,OTHER,IMPROVED
594,0.96250004,0.99625,0.0337499599999999,1.0,1.0,0.0,0.875,0.9875,0.1125,0.0,0.0,0.0,0.0,0.0,0.0,0.0,0.0,0.0,1,1,0,False,False,False,False,False,OTHER,OTHER,IMPROVED
595,1.0,1.0,0.0,1.0,1.0,0.0,1.0,1.0,0.0,0.0,0.0,0.0,0.0,0.0,0.0,0.0,0.0,0.0,1,1,0,False,False,False,False,False,OTHER,OTHER,UNCHANGED
596,0.9012154,0.93371814,0.0325027399999999,0.91245055,0.9374544,0.02500385,0.875,0.925,0.05,0.0,0.0,0.0,0.0,0.0,0.0,0.0,0.0,0.0,1,1,0,False,False,False,False,False,OTHER,OTHER,IMPROVED
597,0.9743519,0.9962425,0.0218905999999999,0.99550265,0.9946322,-0.00087045,0.925,1.0,0.0749999999999999,0.0,0.0,0.0,0.0,0.0,0.0,0.0,0.0,0.0,1,1,0,False,False,False,False,False,OTHER,OTHER,IMPROVED
598,0.87774163,0.9462865,0.0685448699999999,0.87355953,0.9232664,0.04970687,0.8875,1.0,0.1125,0.0,0.0,0.0,0.0,0.0,0.0,0.0,0.0,0.0,1,1,0,False,False,False,False,False,OTHER,OTHER,IMPROVED
599,1.0,1.0,0.0,1.0,1.0,0.0,1.0,1.0,0.0,0.0,0.0,0.0,0.0,0.0,0.0,0.0,0.0,0.0,1,1,0,False,False,False,False,False,OTHER,OTHER,UNCHANGED
600,1.0,0.8082361,-0.1917639,0.99999994,0.7635516,-0.23644834,1.0,0.9125,-0.0875,0.0,0.0,0.0,0.0,0.0,0.0,0.0,0.0,0.0,1,1,0,False,False,False,False,False,OTHER,OTHER,REGRESSED
601,0.9687129,0.9648902,-0.0038226999999999,0.98744696,0.94984317,-0.03760379,0.925,1.0,0.0749999999999999,0.0,0.0,0.0,0.0,0.0,0.0,0.0,0.0,0.0,1,1,0,False,False,False,False,False,OTHER,OTHER,REGRESSED
602,0.95971423,0.93846244,-0.0212517899999999,0.9960203,0.94958913,-0.0464311699999999,0.875,0.9125,0.0374999999999999,0.0,0.0,0.0,0.0,0.0,0.0,0.0,0.0,0.0,1,1,0,False,False,False,False,False,OTHER,OTHER,REGRESSED
603,0.92836493,0.8977194,-0.03064553,0.9030213,0.85388476,-0.04913654,0.9875,1.0,0.0124999999999999,0.0,0.0,0.0,0.0,0.0,0.0,0.0,0.0,0.0,1,1,0,False,False,False,False,False,OTHER,OTHER,REGRESSED
604,0.9406714,0.99146193,0.05079053,0.96345913,0.9878028,0.0243436699999999,0.8875,1.0,0.1125,0.0,0.0,0.0,0.0,0.0,0.0,0.0,0.0,0.0,1,1,0,False,False,False,False,False,OTHER,OTHER,IMPROVED
605,1.0,1.0,0.0,1.0,1.0,0.0,1.0,1.0,0.0,0.0,0.0,0.0,0.0,0.0,0.0,0.0,0.0,0.0,1,1,0,False,False,False,False,False,OTHER,OTHER,UNCHANGED
606,0.948023,0.96536636,0.01734336,0.9257471,0.95052344,0.0247763399999999,1.0,1.0,0.0,0.0,0.0,0.0,0.0,0.0,0.0,0.0,0.0,0.0,1,1,0,False,False,False,False,False,OTHER,OTHER,IMPROVED
607,0.9485323,0.93130666,-0.01722564,0.92647463,0.90186673,-0.0246079,1.0,1.0,0.0,0.0,0.0,0.0,0.0,0.0,0.0,0.0,0.0,0.0,1,1,0,False,False,False,False,False,OTHER,OTHER,REGRESSED
608,0.84768695,0.7369936,-0.11069335,0.78240985,0.6242766,-0.15813325,1.0,1.0,0.0,0.0,0.0,0.0,0.0,0.0,0.0,0.0,0.0,0.0,1,1,0,False,False,False,False,False,OTHER,OTHER,REGRESSED
609,0.90300906,0.9292002,0.02619114,0.8614415,0.8988574,0.0374159,1.0,1.0,0.0,0.0,0.0,0.0,0.0,0.0,0.0,0.0,0.0,0.0,1,1,0,False,False,False,False,False,OTHER,OTHER,IMPROVED
610,1.0,1.0,0.0,1.0,1.0,0.0,1.0,1.0,0.0,0.0,0.0,0.0,0.0,0.0,0.0,0.0,0.0,0.0,1,1,0,False,False,False,False,False,OTHER,OTHER,UNCHANGED
611,1.0,1.0,0.0,1.0,1.0,0.0,1.0,1.0,0.0,0.0,0.0,0.0,0.0,0.0,0.0,0.0,0.0,0.0,1,1,0,False,False,False,False,False,OTHER,OTHER,UNCHANGED
612,0.96999997,1.0,0.0300000299999999,1.0,1.0,0.0,0.90000004,1.0,0.09999996,0.0,0.0,0.0,0.0,0.0,0.0,0.0,0.0,0.0,1,1,0,False,False,False,False,False,OTHER,OTHER,IMPROVED
613,0.9214808,0.95637065,0.03488985,0.8878296,0.9376724,0.0498427999999999,1.0,1.0,0.0,0.0,0.0,0.0,0.0,0.0,0.0,0.0,0.0,0.0,1,1,0,False,False,False,False,False,OTHER,OTHER,IMPROVED
614,0.0,0.0,0.0,1.0,1.0,0.0,1.0,1.0,0.0,1.0,1.0,0.0,1.0,1.0,0.0,0.0,0.0,0.0,0,0,0,True,True,False,False,True,OVERLAP+COLLISION,OVERLAP+COLLISION,PERSISTENT_ZERO
615,1.0,1.0,0.0,1.0,1.0,0.0,1.0,1.0,0.0,0.0,0.0,0.0,0.0,0.0,0.0,0.0,0.0,0.0,1,1,0,False,False,False,False,False,OTHER,OTHER,UNCHANGED
616,0.9710991,0.9893617,0.0182626,0.95871305,0.98480237,0.02608932,1.0,1.0,0.0,0.0,0.0,0.0,0.0,0.0,0.0,0.0,0.0,0.0,1,1,0,False,False,False,False,False,OTHER,OTHER,IMPROVED
617,0.7620818,0.9195711,0.1574892999999999,0.77261686,0.88510156,0.1124846999999999,0.7375,1.0,0.2624999999999999,0.0,0.0,0.0,0.0,0.0,0.0,0.0,0.0,0.0,1,1,0,False,False,False,False,False,OTHER,OTHER,IMPROVED
618,1.0,1.0,0.0,1.0,1.0,0.0,1.0,1.0,0.0,0.0,0.0,0.0,0.0,0.0,0.0,0.0,0.0,0.0,1,1,0,False,False,False,False,False,OTHER,OTHER,UNCHANGED
619,1.0,0.99369395,-0.0063060499999999,1.0,0.9909913,-0.0090086999999999,1.0,1.0,0.0,0.0,0.0,0.0,0.0,0.0,0.0,0.0,0.0,0.0,1,1,0,False,False,False,False,False,OTHER,OTHER,REGRESSED
620,1.0,1.0,0.0,1.0,1.0,0.0,1.0,1.0,0.0,0.0,0.0,0.0,0.0,0.0,0.0,0.0,0.0,0.0,1,1,0,False,False,False,False,False,OTHER,OTHER,UNCHANGED
621,0.92638826,0.8756569,-0.05073136,0.89484036,0.8223671,-0.0724732599999999,1.0,1.0,0.0,0.0,0.0,0.0,0.0,0.0,0.0,0.0,0.0,0.0,1,1,0,False,False,False,False,False,OTHER,OTHER,REGRESSED
622,0.9125603,0.9300788,0.0175184999999999,0.875086,0.90011257,0.0250265699999999,1.0,1.0,0.0,0.0,0.0,0.0,0.0,0.0,0.0,0.0,0.0,0.0,1,1,0,False,False,False,False,False,OTHER,OTHER,IMPROVED
623,1.0,1.0,0.0,1.0,1.0,0.0,1.0,1.0,0.0,0.0,0.0,0.0,0.0,0.0,0.0,0.0,0.0,0.0,1,1,0,False,False,False,False,False,OTHER,OTHER,UNCHANGED
624,0.96250004,0.96625006,0.00375002,1.0,1.0,0.0,0.875,0.8875,0.0124999999999999,0.0,0.0,0.0,0.0,0.0,0.0,0.0,0.0,0.0,1,1,0,False,False,False,False,False,OTHER,OTHER,IMPROVED
625,0.8589882,0.89116424,0.03217604,0.857483,0.8445204,-0.0129626,0.8625,1.0,0.1374999999999999,0.0,0.0,0.0,0.0,0.0,0.0,0.0,0.0,0.0,1,1,0,False,False,False,False,False,OTHER,OTHER,IMPROVED
626,0.9302065,0.9563797,0.0261732,0.9002951,0.9376852,0.0373900999999999,1.0,1.0,0.0,0.0,0.0,0.0,0.0,0.0,0.0,0.0,0.0,0.0,1,1,0,False,False,False,False,False,OTHER,OTHER,IMPROVED
627,0.9637098,0.98182505,0.01811525,0.9481568,0.97403574,0.02587894,1.0,1.0,0.0,0.0,0.0,0.0,0.0,0.0,0.0,0.0,0.0,0.0,1,1,0,False,False,False,False,False,OTHER,OTHER,IMPROVED
628,0.82023233,0.84460014,0.0243678100000001,0.8235462,0.81014305,-0.01340315,0.8125,0.925,0.1125,0.0,0.0,0.0,0.0,0.0,0.0,0.0,0.0,0.0,1,1,0,False,False,False,False,False,OTHER,OTHER,IMPROVED
629,0.98875,1.0,0.0112499999999999,0.99999994,0.99999994,0.0,0.96250004,1.0,0.03749996,0.0,0.0,0.0,0.0,0.0,0.0,0.0,0.0,0.0,1,1,0,False,False,False,False,False,OTHER,OTHER,IMPROVED
630,0.9299669,0.9562265,0.0262595999999999,0.8999527,0.93746656,0.0375138599999999,1.0,1.0,0.0,0.0,0.0,0.0,0.0,0.0,0.0,0.0,0.0,0.0,1,1,0,False,False,False,False,False,OTHER,OTHER,IMPROVED
631,1.0,1.0,0.0,1.0,1.0,0.0,1.0,1.0,0.0,0.0,0.0,0.0,0.0,0.0,0.0,0.0,0.0,0.0,1,1,0,False,False,False,False,False,OTHER,OTHER,UNCHANGED
632,0.89188117,0.9646422,0.07276103,0.89911604,0.9494889,0.0503728599999999,0.875,1.0,0.125,0.0,0.0,0.0,0.0,0.0,0.0,0.0,0.0,0.0,1,1,0,False,False,False,False,False,OTHER,OTHER,IMPROVED
633,0.95072883,0.96625006,0.01552123,0.9778269,1.0,0.0221730999999999,0.8875,0.8875,0.0,0.0,0.0,0.0,0.0,0.0,0.0,0.0,0.0,0.0,1,1,0,False,False,False,False,False,OTHER,OTHER,IMPROVED
634,0.93087214,0.93087214,0.0,0.901246,0.901246,0.0,1.0,1.0,0.0,0.0,0.0,0.0,0.0,0.0,0.0,0.0,0.0,0.0,1,1,0,False,False,False,False,False,OTHER,OTHER,UNCHANGED
635,1.0,1.0,0.0,1.0,1.0,0.0,1.0,1.0,0.0,0.0,0.0,0.0,0.0,0.0,0.0,0.0,0.0,0.0,1,1,0,False,False,False,False,False,OTHER,OTHER,UNCHANGED
636,0.895,0.93625003,0.0412500299999999,1.0,1.0,0.0,0.65000004,0.7875,0.1374999599999999,0.0,0.0,0.0,0.0,0.0,0.0,0.0,0.0,0.0,1,1,0,False,False,False,False,False,OTHER,OTHER,IMPROVED
637,1.0,1.0,0.0,0.99999994,0.99999994,0.0,1.0,1.0,0.0,0.0,0.0,0.0,0.0,0.0,0.0,0.0,0.0,0.0,1,1,0,False,False,False,False,False,OTHER,OTHER,UNCHANGED
638,0.96625006,1.0,0.0337499399999999,1.0,1.0,0.0,0.8875,1.0,0.1125,0.0,0.0,0.0,0.0,0.0,0.0,0.0,0.0,0.0,1,1,0,False,False,False,False,False,OTHER,OTHER,IMPROVED
639,0.9125735,0.9475054,0.0349319,0.875105,0.9250077,0.0499026999999999,1.0,1.0,0.0,0.0,0.0,0.0,0.0,0.0,0.0,0.0,0.0,0.0,1,1,0,False,False,False,False,False,OTHER,OTHER,IMPROVED
640,0.97516453,0.93685323,-0.0383113,0.96452075,0.9097904,-0.05473035,1.0,1.0,0.0,0.0,0.0,0.0,0.0,0.0,0.0,0.0,0.0,0.0,1,1,0,False,False,False,False,False,OTHER,OTHER,REGRESSED
641,0.96737015,0.9496235,-0.01774665,0.9533859,0.92803353,-0.02535237,1.0,1.0,0.0,0.0,0.0,0.0,0.0,0.0,0.0,0.0,0.0,0.0,1,1,0,False,False,False,False,False,OTHER,OTHER,REGRESSED
642,0.852366,0.9299078,0.0775418,0.8373085,0.89986837,0.0625598699999999,0.8875,1.0,0.1125,0.0,0.0,0.0,0.0,0.0,0.0,0.0,0.0,0.0,1,1,0,False,False,False,False,False,OTHER,OTHER,IMPROVED
643,0.0,1.0,1.0,1.0,1.0,0.0,1.0,1.0,0.0,1.0,0.0,-1.0,1.0,0.0,-1.0,0.0,0.0,0.0,0,1,1,True,False,True,False,False,OVERLAP+COLLISION,OTHER,FIXED_ZERO
644,0.0,0.0,0.0,1.0,1.0,0.0,1.0,1.0,0.0,1.0,1.0,0.0,1.0,1.0,0.0,0.0,0.0,0.0,0,0,0,True,True,False,False,True,OVERLAP+COLLISION,OVERLAP+COLLISION,PERSISTENT_ZERO
645,1.0,1.0,0.0,1.0,1.0,0.0,1.0,1.0,0.0,0.0,0.0,0.0,0.0,0.0,0.0,0.0,0.0,0.0,1,1,0,False,False,False,False,False,OTHER,OTHER,UNCHANGED
646,0.87213725,0.87213725,0.0,0.81733894,0.81733894,0.0,1.0,1.0,0.0,0.0,0.0,0.0,0.0,0.0,0.0,0.0,0.0,0.0,1,1,0,False,False,False,False,False,OTHER,OTHER,UNCHANGED
647,0.88739794,0.95580405,0.0684061099999999,0.8980684,0.9368629,0.0387945,0.8625,1.0,0.1374999999999999,0.0,0.0,0.0,0.0,0.0,0.0,0.0,0.0,0.0,1,1,0,False,False,False,False,False,OTHER,OTHER,IMPROVED
648,0.96679336,0.93440723,-0.03238613,0.9525619,0.9812961,0.0287342,1.0,0.825,-0.175,0.0,0.0,0.0,0.0,0.0,0.0,0.0,0.0,0.0,1,1,0,False,False,False,False,False,OTHER,OTHER,REGRESSED
649,1.0,1.0,0.0,0.99999994,0.99999994,0.0,1.0,1.0,0.0,0.0,0.0,0.0,0.0,0.0,0.0,0.0,0.0,0.0,1,1,0,False,False,False,False,False,OTHER,OTHER,UNCHANGED
650,0.91005176,0.90114194,-0.0089098199999999,0.87150246,0.85877424,-0.0127282199999999,1.0,1.0,0.0,0.0,0.0,0.0,0.0,0.0,0.0,0.0,0.0,0.0,1,1,0,False,False,False,False,False,OTHER,OTHER,REGRESSED
651,1.0,1.0,0.0,1.0,1.0,0.0,1.0,1.0,0.0,0.0,0.0,0.0,0.0,0.0,0.0,0.0,0.0,0.0,1,1,0,False,False,False,False,False,OTHER,OTHER,UNCHANGED
652,0.9347925,0.8974085,-0.0373839999999999,0.90684646,0.85344076,-0.0534057,1.0,1.0,0.0,0.0,0.0,0.0,0.0,0.0,0.0,0.0,0.0,0.0,1,1,0,False,False,False,False,False,OTHER,OTHER,REGRESSED
653,0.9115963,0.93014735,0.01855105,0.87370896,0.90021056,0.0265016,1.0,1.0,0.0,0.0,0.0,0.0,0.0,0.0,0.0,0.0,0.0,0.0,1,1,0,False,False,False,False,False,OTHER,OTHER,IMPROVED
654,0.0,0.0,0.0,1.0,1.0,0.0,1.0,1.0,0.0,0.0,1.0,1.0,1.0,1.0,0.0,0.0,0.0,0.0,0,0,0,True,True,False,False,True,OVERLAP_ONLY,OVERLAP+COLLISION,PERSISTENT_ZERO
655,0.81985325,0.8975321,0.07767885,0.8605046,0.88576,0.0252554,0.725,0.925,0.2,0.0,0.0,0.0,0.0,0.0,0.0,0.0,0.0,0.0,1,1,0,False,False,False,False,False,OTHER,OTHER,IMPROVED
656,1.0,1.0,0.0,1.0,1.0,0.0,1.0,1.0,0.0,0.0,0.0,0.0,0.0,0.0,0.0,0.0,0.0,0.0,1,1,0,False,False,False,False,False,OTHER,OTHER,UNCHANGED
657,0.90625,1.0,0.09375,1.0,1.0,0.0,0.6875,1.0,0.3125,0.0,0.0,0.0,0.0,0.0,0.0,0.0,0.0,0.0,1,1,0,False,False,False,False,False,OTHER,OTHER,IMPROVED
658,1.0,1.0,0.0,1.0,1.0,0.0,1.0,1.0,0.0,0.0,0.0,0.0,0.0,0.0,0.0,0.0,0.0,0.0,1,1,0,False,False,False,False,False,OTHER,OTHER,UNCHANGED
659,0.97590554,0.9700923,-0.0058132399999999,0.9709364,0.9572747,-0.0136616999999999,0.9875,1.0,0.0124999999999999,0.0,0.0,0.0,0.0,0.0,0.0,0.0,0.0,0.0,1,1,0,False,False,False,False,False,OTHER,OTHER,REGRESSED
660,0.8931144,0.9289234,0.0358089999999999,0.90087765,0.96274763,0.0618699799999999,0.875,0.85,-0.025,0.0,0.0,0.0,0.0,0.0,0.0,0.0,0.0,0.0,1,1,0,False,False,False,False,False,OTHER,OTHER,IMPROVED
661,0.9138624,0.97434473,0.06048233,0.8769464,0.9633496,0.0864032,1.0,1.0,0.0,0.0,0.0,0.0,0.0,0.0,0.0,0.0,0.0,0.0,1,1,0,False,False,False,False,False,OTHER,OTHER,IMPROVED
662,0.93535197,0.9683369,0.0329849299999999,0.93978846,0.95476687,0.0149784099999999,0.925,1.0,0.0749999999999999,0.0,0.0,0.0,0.0,0.0,0.0,0.0,0.0,0.0,1,1,0,False,False,False,False,False,OTHER,OTHER,IMPROVED
663,0.9090647,0.9053146,-0.0037500999999999,0.9022352,0.9022352,0.0,0.925,0.9125,-0.0125,0.0,0.0,0.0,0.0,0.0,0.0,0.0,0.0,0.0,1,1,0,False,False,False,False,False,OTHER,OTHER,REGRESSED
664,0.79373217,0.841605,0.04787283,0.7856888,0.77372146,-0.0119673399999999,0.8125,1.0,0.1875,0.0,0.0,0.0,0.0,0.0,0.0,0.0,0.0,0.0,1,1,0,False,False,False,False,False,OTHER,OTHER,IMPROVED
665,1.0,1.0,0.0,1.0,1.0,0.0,1.0,1.0,0.0,0.0,0.0,0.0,0.0,0.0,0.0,0.0,0.0,0.0,1,1,0,False,False,False,False,False,OTHER,OTHER,UNCHANGED
666,0.0,0.0,0.0,0.8944606,0.90631735,0.0118567499999999,0.7012987,0.8219178,0.1206190999999999,0.0,0.0,0.0,0.0,0.0,0.0,1.0,1.0,0.0,0,0,0,True,True,False,False,True,OFFROAD_ONLY,OFFROAD_ONLY,PERSISTENT_ZERO
667,1.0,0.9076643,-0.0923357,1.0,0.86809194,-0.13190806,1.0,1.0,0.0,0.0,0.0,0.0,0.0,0.0,0.0,0.0,0.0,0.0,1,1,0,False,False,False,False,False,OTHER,OTHER,REGRESSED
668,0.92260927,0.9476784,0.0250691299999999,0.93765604,0.92525476,-0.01240128,0.8875,1.0,0.1125,0.0,0.0,0.0,0.0,0.0,0.0,0.0,0.0,0.0,1,1,0,False,False,False,False,False,OTHER,OTHER,IMPROVED
669,1.0,1.0,0.0,1.0,1.0,0.0,1.0,1.0,0.0,0.0,0.0,0.0,0.0,0.0,0.0,0.0,0.0,0.0,1,1,0,False,False,False,False,False,OTHER,OTHER,UNCHANGED
670,0.93876743,0.93876743,0.0,0.912525,0.912525,0.0,1.0,1.0,0.0,0.0,0.0,0.0,0.0,0.0,0.0,0.0,0.0,0.0,1,1,0,False,False,False,False,False,OTHER,OTHER,UNCHANGED
671,1.0,1.0,0.0,1.0,1.0,0.0,1.0,1.0,0.0,0.0,0.0,0.0,0.0,0.0,0.0,0.0,0.0,0.0,1,1,0,False,False,False,False,False,OTHER,OTHER,UNCHANGED
672,1.0,1.0,0.0,1.0,1.0,0.0,1.0,1.0,0.0,0.0,0.0,0.0,0.0,0.0,0.0,0.0,0.0,0.0,1,1,0,False,False,False,False,False,OTHER,OTHER,UNCHANGED
673,0.93063337,0.9718834,0.0412500299999999,0.9598334,0.9598334,0.0,0.8625,1.0,0.1374999999999999,0.0,0.0,0.0,0.0,0.0,0.0,0.0,0.0,0.0,1,1,0,False,False,False,False,False,OTHER,OTHER,IMPROVED
674,1.0,0.9606789,-0.0393211,1.0,0.943827,-0.056173,1.0,1.0,0.0,0.0,0.0,0.0,0.0,0.0,0.0,0.0,0.0,0.0,1,1,0,False,False,False,False,False,OTHER,OTHER,REGRESSED
675,1.0,1.0,0.0,1.0,1.0,0.0,1.0,1.0,0.0,0.0,0.0,0.0,0.0,0.0,0.0,0.0,0.0,0.0,1,1,0,False,False,False,False,False,OTHER,OTHER,UNCHANGED
676,1.0,1.0,0.0,1.0,1.0,0.0,1.0,1.0,0.0,0.0,0.0,0.0,0.0,0.0,0.0,0.0,0.0,0.0,1,1,0,False,False,False,False,False,OTHER,OTHER,UNCHANGED
677,1.0,1.0,0.0,1.0,1.0,0.0,1.0,1.0,0.0,0.0,0.0,0.0,0.0,0.0,0.0,0.0,0.0,0.0,1,1,0,False,False,False,False,False,OTHER,OTHER,UNCHANGED
678,0.95500004,0.96625006,0.0112500199999999,1.0,1.0,0.0,0.85,0.8875,0.0374999999999999,0.0,0.0,0.0,0.0,0.0,0.0,0.0,0.0,0.0,1,1,0,False,False,False,False,False,OTHER,OTHER,IMPROVED
679,0.9925,0.9925,0.0,1.0,1.0,0.0,0.975,0.975,0.0,0.0,0.0,0.0,0.0,0.0,0.0,0.0,0.0,0.0,1,1,0,False,False,False,False,False,OTHER,OTHER,UNCHANGED
680,1.0,1.0,0.0,0.99999994,0.99999994,0.0,1.0,1.0,0.0,0.0,0.0,0.0,0.0,0.0,0.0,0.0,0.0,0.0,1,1,0,False,False,False,False,False,OTHER,OTHER,UNCHANGED
681,1.0,1.0,0.0,1.0,1.0,0.0,1.0,1.0,0.0,0.0,0.0,0.0,0.0,0.0,0.0,0.0,0.0,0.0,1,1,0,False,False,False,False,False,OTHER,OTHER,UNCHANGED
682,0.9124431,0.92996067,0.01751757,0.8749187,0.8999438,0.0250250999999999,1.0,1.0,0.0,0.0,0.0,0.0,0.0,0.0,0.0,0.0,0.0,0.0,1,1,0,False,False,False,False,False,OTHER,OTHER,IMPROVED
683,0.9461261,0.7817514,-0.1643746999999999,0.92303723,0.72035915,-0.2026780800000001,1.0,0.925,-0.0749999999999999,0.0,0.0,0.0,0.0,0.0,0.0,0.0,0.0,0.0,1,1,0,False,False,False,False,False,OTHER,OTHER,REGRESSED
684,1.0,1.0,0.0,1.0,1.0,0.0,1.0,1.0,0.0,0.0,0.0,0.0,0.0,0.0,0.0,0.0,0.0,0.0,1,1,0,False,False,False,False,False,OTHER,OTHER,UNCHANGED
685,0.9562702,0.94755334,-0.0087168599999999,0.9375288,0.9250762,-0.0124526,1.0,1.0,0.0,0.0,0.0,0.0,0.0,0.0,0.0,0.0,0.0,0.0,1,1,0,False,False,False,False,False,OTHER,OTHER,REGRESSED
686,0.9127793,0.9572345,0.0444552,0.8753988,0.93890643,0.0635076299999999,1.0,1.0,0.0,0.0,0.0,0.0,0.0,0.0,0.0,0.0,0.0,0.0,1,1,0,False,False,False,False,False,OTHER,OTHER,IMPROVED
687,0.93815976,0.9075012,-0.03065856,0.9116568,0.86785895,-0.04379785,1.0,1.0,0.0,0.0,0.0,0.0,0.0,0.0,0.0,0.0,0.0,0.0,1,1,0,False,False,False,False,False,OTHER,OTHER,REGRESSED
688,1.0,1.0,0.0,1.0,1.0,0.0,1.0,1.0,0.0,0.0,0.0,0.0,0.0,0.0,0.0,0.0,0.0,0.0,1,1,0,False,False,False,False,False,OTHER,OTHER,UNCHANGED
689,1.0,1.0,0.0,1.0,1.0,0.0,1.0,1.0,0.0,0.0,0.0,0.0,0.0,0.0,0.0,0.0,0.0,0.0,1,1,0,False,False,False,False,False,OTHER,OTHER,UNCHANGED
690,0.819092,0.74385107,-0.0752409300000001,0.87548846,0.76264435,-0.11284411,0.6875,0.7,0.0124999999999999,0.0,0.0,0.0,0.0,0.0,0.0,0.0,0.0,0.0,1,1,0,False,False,False,False,False,OTHER,OTHER,REGRESSED
691,0.96625006,0.9325,-0.03375006,1.0,1.0,0.0,0.8875,0.77500004,-0.1124999599999999,0.0,0.0,0.0,0.0,0.0,0.0,0.0,0.0,0.0,1,1,0,False,False,False,False,False,OTHER,OTHER,REGRESSED
692,0.7217741,0.62072486,-0.1010492399999999,0.7257488,0.6885356,-0.0372131999999999,0.71250004,0.4625,-0.25000004,0.0,0.0,0.0,0.0,0.0,0.0,0.0,0.0,0.0,1,1,0,False,False,False,False,False,OTHER,OTHER,REGRESSED
693,0.84869593,0.8662117,0.01751577,0.8374227,0.86244535,0.02502265,0.875,0.875,0.0,0.0,0.0,0.0,0.0,0.0,0.0,0.0,0.0,0.0,1,1,0,False,False,False,False,False,OTHER,OTHER,IMPROVED
694,1.0,0.99829334,-0.0017066599999999,1.0,0.99756193,-0.0024380699999999,1.0,1.0,0.0,0.0,0.0,0.0,0.0,0.0,0.0,0.0,0.0,0.0,1,1,0,False,False,False,False,False,OTHER,OTHER,REGRESSED
695,0.9601965,0.9601965,0.0,0.9431378,0.9431378,0.0,1.0,1.0,0.0,0.0,0.0,0.0,0.0,0.0,0.0,0.0,0.0,0.0,1,1,0,False,False,False,False,False,OTHER,OTHER,UNCHANGED
696,0.96625006,0.9919901,0.0257400399999999,1.0,0.9885572,-0.0114427999999999,0.8875,1.0,0.1125,0.0,0.0,0.0,0.0,0.0,0.0,0.0,0.0,0.0,1,1,0,False,False,False,False,False,OTHER,OTHER,IMPROVED
697,0.8269207,0.9073941,0.0804734,0.8491725,0.9319916,0.0828191,0.77500004,0.85,0.0749999599999999,0.0,0.0,0.0,0.0,0.0,0.0,0.0,0.0,0.0,1,1,0,False,False,False,False,False,OTHER,OTHER,IMPROVED
698,0.7999297,0.8364317,0.036502,0.8266852,0.766331,-0.0603542,0.7375,1.0,0.2624999999999999,0.0,0.0,0.0,0.0,0.0,0.0,0.0,0.0,0.0,1,1,0,False,False,False,False,False,OTHER,OTHER,IMPROVED
699,1.0,1.0,0.0,1.0,1.0,0.0,1.0,1.0,0.0,0.0,0.0,0.0,0.0,0.0,0.0,0.0,0.0,0.0,1,1,0,False,False,False,False,False,OTHER,OTHER,UNCHANGED
700,0.9273438,0.9235937,-0.0037501,0.9497767,0.9497767,0.0,0.875,0.8625,-0.0124999999999999,0.0,0.0,0.0,0.0,0.0,0.0,0.0,0.0,0.0,1,1,0,False,False,False,False,False,OTHER,OTHER,REGRESSED
701,1.0,1.0,0.0,1.0,1.0,0.0,1.0,1.0,0.0,0.0,0.0,0.0,0.0,0.0,0.0,0.0,0.0,0.0,1,1,0,False,False,False,False,False,OTHER,OTHER,UNCHANGED
702,0.9713257,0.9786032,0.0072775,0.9590367,0.96943307,0.01039637,1.0,1.0,0.0,0.0,0.0,0.0,0.0,0.0,0.0,0.0,0.0,0.0,1,1,0,False,False,False,False,False,OTHER,OTHER,IMPROVED
703,0.8972997,0.90586185,0.0085621499999999,0.93899953,0.9512313,0.0122317699999999,0.8,0.8,0.0,0.0,0.0,0.0,0.0,0.0,0.0,0.0,0.0,0.0,1,1,0,False,False,False,False,False,OTHER,OTHER,IMPROVED
704,0.97749996,1.0,0.02250004,1.0,1.0,0.0,0.925,1.0,0.0749999999999999,0.0,0.0,0.0,0.0,0.0,0.0,0.0,0.0,0.0,1,1,0,False,False,False,False,False,OTHER,OTHER,IMPROVED
705,0.5154961,0.64221185,0.12671575,0.3399944,0.48887408,0.14887968,0.925,1.0,0.0749999999999999,0.0,0.0,0.0,0.0,0.0,0.0,0.0,0.0,0.0,1,1,0,False,False,False,False,False,OTHER,OTHER,IMPROVED
706,0.8987681,0.94188356,0.0431154599999999,0.90359735,0.9169765,0.01337915,0.8875,1.0,0.1125,0.0,0.0,0.0,0.0,0.0,0.0,0.0,0.0,0.0,1,1,0,False,False,False,False,False,OTHER,OTHER,IMPROVED
707,0.8988792,0.7505854,-0.1482938,0.88768446,0.6436934,-0.24399106,0.925,1.0,0.0749999999999999,0.0,0.0,0.0,0.0,0.0,0.0,0.0,0.0,0.0,1,1,0,False,False,False,False,False,OTHER,OTHER,REGRESSED
708,1.0,1.0,0.0,1.0,1.0,0.0,1.0,1.0,0.0,0.0,0.0,0.0,0.0,0.0,0.0,0.0,0.0,0.0,1,1,0,False,False,False,False,False,OTHER,OTHER,UNCHANGED
709,1.0,1.0,0.0,1.0,1.0,0.0,1.0,1.0,0.0,0.0,0.0,0.0,0.0,0.0,0.0,0.0,0.0,0.0,1,1,0,False,False,False,False,False,OTHER,OTHER,UNCHANGED
710,1.0,0.87624997,-0.1237500299999999,1.0,1.0,0.0,1.0,0.58750004,-0.41249996,0.0,0.0,0.0,0.0,0.0,0.0,0.0,0.0,0.0,1,1,0,False,False,False,False,False,OTHER,OTHER,REGRESSED
711,0.97749996,1.0,0.02250004,1.0,1.0,0.0,0.925,1.0,0.0749999999999999,0.0,0.0,0.0,0.0,0.0,0.0,0.0,0.0,0.0,1,1,0,False,False,False,False,False,OTHER,OTHER,IMPROVED
712,1.0,1.0,0.0,1.0,1.0,0.0,1.0,1.0,0.0,0.0,0.0,0.0,0.0,0.0,0.0,0.0,0.0,0.0,1,1,0,False,False,False,False,False,OTHER,OTHER,UNCHANGED
713,1.0,1.0,0.0,1.0,1.0,0.0,1.0,1.0,0.0,0.0,0.0,0.0,0.0,0.0,0.0,0.0,0.0,0.0,1,1,0,False,False,False,False,False,OTHER,OTHER,UNCHANGED
714,0.9199711,0.8712212,-0.0487499,0.88567305,0.88567305,0.0,1.0,0.83750004,-0.16249996,0.0,0.0,0.0,0.0,0.0,0.0,0.0,0.0,0.0,1,1,0,False,False,False,False,False,OTHER,OTHER,REGRESSED
715,0.9210896,0.9298574,0.0087677999999999,0.88727075,0.8997962,0.01252545,1.0,1.0,0.0,0.0,0.0,0.0,0.0,0.0,0.0,0.0,0.0,0.0,1,1,0,False,False,False,False,False,OTHER,OTHER,IMPROVED
716,0.992406,0.9722624,-0.0201436,0.9891514,0.9603749,-0.0287764999999999,1.0,1.0,0.0,0.0,0.0,0.0,0.0,0.0,0.0,0.0,0.0,0.0,1,1,0,False,False,False,False,False,OTHER,OTHER,REGRESSED
717,0.833823,0.8675731,0.0337501,0.8108187,0.8108187,0.0,0.8875,1.0,0.1125,0.0,0.0,0.0,0.0,0.0,0.0,0.0,0.0,0.0,1,1,0,False,False,False,False,False,OTHER,OTHER,IMPROVED
718,0.8700658,0.8475658,-0.0224999999999999,0.862594,0.862594,0.0,0.8875,0.8125,-0.0749999999999999,0.0,0.0,0.0,0.0,0.0,0.0,0.0,0.0,0.0,1,1,0,False,False,False,False,False,OTHER,OTHER,REGRESSED
719,0.8525883,0.9099823,0.057394,0.875126,0.9249746,0.0498486,0.8,0.875,0.0749999999999999,0.0,0.0,0.0,0.0,0.0,0.0,0.0,0.0,0.0,1,1,0,False,False,False,False,False,OTHER,OTHER,IMPROVED
720,0.912504,0.93878406,0.02628006,0.8750057,0.91254854,0.0375428399999999,1.0,1.0,0.0,0.0,0.0,0.0,0.0,0.0,0.0,0.0,0.0,0.0,1,1,0,False,False,False,False,False,OTHER,OTHER,IMPROVED
721,1.0,1.0,0.0,0.99999994,0.99999994,0.0,1.0,1.0,0.0,0.0,0.0,0.0,0.0,0.0,0.0,0.0,0.0,0.0,1,1,0,False,False,False,False,False,OTHER,OTHER,UNCHANGED
722,0.9417855,0.9514637,0.0096781999999999,0.9168365,0.9306625,0.0138259999999998,1.0,1.0,0.0,0.0,0.0,0.0,0.0,0.0,0.0,0.0,0.0,0.0,1,1,0,False,False,False,False,False,OTHER,OTHER,IMPROVED
723,0.96999997,1.0,0.0300000299999999,0.99999994,0.99999994,0.0,0.90000004,1.0,0.09999996,0.0,0.0,0.0,0.0,0.0,0.0,0.0,0.0,0.0,1,1,0,False,False,False,False,False,OTHER,OTHER,IMPROVED
724,0.8941,0.84866494,-0.0454350599999999,0.8487143,0.8373785,-0.0113358,1.0,0.875,-0.125,0.0,0.0,0.0,0.0,0.0,0.0,0.0,0.0,0.0,1,1,0,False,False,False,False,False,OTHER,OTHER,REGRESSED
725,1.0,1.0,0.0,1.0,1.0,0.0,1.0,1.0,0.0,0.0,0.0,0.0,0.0,0.0,0.0,0.0,0.0,0.0,1,1,0,False,False,False,False,False,OTHER,OTHER,UNCHANGED
726,0.8993295,0.9359701,0.0366406,0.8990421,0.9621001,0.063058,0.90000004,0.875,-0.02500004,0.0,0.0,0.0,0.0,0.0,0.0,0.0,0.0,0.0,1,1,0,False,False,False,False,False,OTHER,OTHER,IMPROVED
727,1.0,0.0,-1.0,1.0,0.55494887,-0.4450511299999999,1.0,0.9433962,-0.0566037999999999,0.0,0.0,0.0,0.0,0.0,0.0,0.0,1.0,1.0,1,0,-1,False,True,False,True,False,OTHER,OFFROAD_ONLY,NEW_ZERO
728,0.97375005,0.96250004,-0.01125001,1.0,1.0,0.0,0.9125,0.875,-0.0374999999999999,0.0,0.0,0.0,0.0,0.0,0.0,0.0,0.0,0.0,1,1,0,False,False,False,False,False,OTHER,OTHER,REGRESSED
729,1.0,1.0,0.0,1.0,1.0,0.0,1.0,1.0,0.0,0.0,0.0,0.0,0.0,0.0,0.0,0.0,0.0,0.0,1,1,0,False,False,False,False,False,OTHER,OTHER,UNCHANGED
730,1.0,1.0,0.0,1.0,1.0,0.0,1.0,1.0,0.0,0.0,0.0,0.0,0.0,0.0,0.0,0.0,0.0,0.0,1,1,0,False,False,False,False,False,OTHER,OTHER,UNCHANGED
731,1.0,1.0,0.0,1.0,1.0,0.0,1.0,1.0,0.0,0.0,0.0,0.0,0.0,0.0,0.0,0.0,0.0,0.0,1,1,0,False,False,False,False,False,OTHER,OTHER,UNCHANGED
732,1.0,1.0,0.0,1.0,1.0,0.0,1.0,1.0,0.0,0.0,0.0,0.0,0.0,0.0,0.0,0.0,0.0,0.0,1,1,0,False,False,False,False,False,OTHER,OTHER,UNCHANGED
733,0.96250004,0.94,-0.02250004,0.99999994,0.99999994,0.0,0.875,0.8,-0.0749999999999999,0.0,0.0,0.0,0.0,0.0,0.0,0.0,0.0,0.0,1,1,0,False,False,False,False,False,OTHER,OTHER,REGRESSED
734,0.8459509,0.8663274,0.0203765,0.8388585,0.8626106,0.0237521,0.8625,0.875,0.0124999999999999,0.0,0.0,0.0,0.0,0.0,0.0,0.0,0.0,0.0,1,1,0,False,False,False,False,False,OTHER,OTHER,IMPROVED
735,0.91239613,0.9049347,-0.0074614299999999,0.87485164,0.9124066,0.0375549599999999,1.0,0.8875,-0.1125,0.0,0.0,0.0,0.0,0.0,0.0,0.0,0.0,0.0,1,1,0,False,False,False,False,False,OTHER,OTHER,REGRESSED
736,0.9083142,0.8820039,-0.0263103,0.90116316,0.86357695,-0.0375862099999999,0.925,0.925,0.0,0.0,0.0,0.0,0.0,0.0,0.0,0.0,0.0,0.0,1,1,0,False,False,False,False,False,OTHER,OTHER,REGRESSED
737,1.0,1.0,0.0,1.0,1.0,0.0,1.0,1.0,0.0,0.0,0.0,0.0,0.0,0.0,0.0,0.0,0.0,0.0,1,1,0,False,False,False,False,False,OTHER,OTHER,UNCHANGED
738,0.93832874,0.86102265,-0.07730609,0.9708268,0.801461,-0.1693658,0.8625,1.0,0.1374999999999999,0.0,0.0,0.0,0.0,0.0,0.0,0.0,0.0,0.0,1,1,0,False,False,False,False,False,OTHER,OTHER,REGRESSED
739,1.0,1.0,0.0,1.0,1.0,0.0,1.0,1.0,0.0,0.0,0.0,0.0,0.0,0.0,0.0,0.0,0.0,0.0,1,1,0,False,False,False,False,False,OTHER,OTHER,UNCHANGED
740,0.90126085,0.93374443,0.0324835799999999,0.9125155,0.937492,0.0249764999999999,0.875,0.925,0.05,0.0,0.0,0.0,0.0,0.0,0.0,0.0,0.0,0.0,1,1,0,False,False,False,False,False,OTHER,OTHER,IMPROVED
741,1.0,1.0,0.0,1.0,1.0,0.0,1.0,1.0,0.0,0.0,0.0,0.0,0.0,0.0,0.0,0.0,0.0,0.0,1,1,0,False,False,False,False,False,OTHER,OTHER,UNCHANGED
742,0.93994695,0.95622313,0.01627618,0.9624243,0.9374615,-0.0249628,0.8875,1.0,0.1125,0.0,0.0,0.0,0.0,0.0,0.0,0.0,0.0,0.0,1,1,0,False,False,False,False,False,OTHER,OTHER,IMPROVED
743,0.8703483,0.87172264,0.00137434,0.91121185,0.9238895,0.0126776499999999,0.77500004,0.75,-0.02500004,0.0,0.0,0.0,0.0,0.0,0.0,0.0,0.0,0.0,1,1,0,False,False,False,False,False,OTHER,OTHER,IMPROVED
744,0.91243726,0.93869704,0.0262597799999999,0.87491035,0.9124244,0.03751405,1.0,1.0,0.0,0.0,0.0,0.0,0.0,0.0,0.0,0.0,0.0,0.0,1,1,0,False,False,False,False,False,OTHER,OTHER,IMPROVED
745,0.92996925,0.9004059,-0.0295633499999999,0.9481704,0.8577227,-0.0904477,0.8875,1.0,0.1125,0.0,0.0,0.0,0.0,0.0,0.0,0.0,0.0,0.0,1,1,0,False,False,False,False,False,OTHER,OTHER,REGRESSED
746,1.0,1.0,0.0,1.0,1.0,0.0,1.0,1.0,0.0,0.0,0.0,0.0,0.0,0.0,0.0,0.0,0.0,0.0,1,1,0,False,False,False,False,False,OTHER,OTHER,UNCHANGED
747,0.0,0.0,0.0,1.0,1.0,0.0,1.0,1.0,0.0,1.0,1.0,0.0,1.0,1.0,0.0,0.0,0.0,0.0,0,0,0,True,True,False,False,True,OVERLAP+COLLISION,OVERLAP+COLLISION,PERSISTENT_ZERO
748,1.0,1.0,0.0,1.0,1.0,0.0,1.0,1.0,0.0,0.0,0.0,0.0,0.0,0.0,0.0,0.0,0.0,0.0,1,1,0,False,False,False,False,False,OTHER,OTHER,UNCHANGED
749,0.862861,0.9027653,0.0399043,0.9005156,0.925379,0.0248633999999999,0.77500004,0.85,0.0749999599999999,0.0,0.0,0.0,0.0,0.0,0.0,0.0,0.0,0.0,1,1,0,False,False,False,False,False,OTHER,OTHER,IMPROVED
750,0.93060154,0.9479262,0.0173246600000001,0.9008593,0.9256089,0.0247495999999999,1.0,1.0,0.0,0.0,0.0,0.0,0.0,0.0,0.0,0.0,0.0,0.0,1,1,0,False,False,False,False,False,OTHER,OTHER,IMPROVED
751,0.8612234,0.92123854,0.06001514,0.84996194,0.8874836,0.03752166,0.8875,1.0,0.1125,0.0,0.0,0.0,0.0,0.0,0.0,0.0,0.0,0.0,1,1,0,False,False,False,False,False,OTHER,OTHER,IMPROVED
752,0.9669758,0.96020424,-0.00677156,0.9528225,0.9431489,-0.0096736,1.0,1.0,0.0,0.0,0.0,0.0,0.0,0.0,0.0,0.0,0.0,0.0,1,1,0,False,False,False,False,False,OTHER,OTHER,REGRESSED
753,0.93011135,0.9388593,0.0087479499999999,0.900159,0.9126561,0.0124970999999999,1.0,1.0,0.0,0.0,0.0,0.0,0.0,0.0,0.0,0.0,0.0,0.0,1,1,0,False,False,False,False,False,OTHER,OTHER,IMPROVED
754,1.0,1.0,0.0,1.0,1.0,0.0,1.0,1.0,0.0,0.0,0.0,0.0,0.0,0.0,0.0,0.0,0.0,0.0,1,1,0,False,False,False,False,False,OTHER,OTHER,UNCHANGED
755,0.8409559,0.844706,0.0037500999999999,0.83172274,0.83172274,0.0,0.8625,0.875,0.0124999999999999,0.0,0.0,0.0,0.0,0.0,0.0,0.0,0.0,0.0,1,1,0,False,False,False,False,False,OTHER,OTHER,IMPROVED
756,0.8739338,0.92875004,0.05481624,0.9752626,1.0,0.0247374,0.6375,0.7625,0.125,0.0,0.0,0.0,0.0,0.0,0.0,0.0,0.0,0.0,1,1,0,False,False,False,False,False,OTHER,OTHER,IMPROVED
757,0.8751225,0.938898,0.0637754999999999,0.87517494,0.91271144,0.0375365,0.875,1.0,0.125,0.0,0.0,0.0,0.0,0.0,0.0,0.0,0.0,0.0,1,1,0,False,False,False,False,False,OTHER,OTHER,IMPROVED
758,1.0,0.86237776,-0.13762224,1.0,0.8676824,-0.1323176,1.0,0.85,-0.15,0.0,0.0,0.0,0.0,0.0,0.0,0.0,0.0,0.0,1,1,0,False,False,False,False,False,OTHER,OTHER,REGRESSED
759,1.0,1.0,0.0,1.0,1.0,0.0,1.0,1.0,0.0,0.0,0.0,0.0,0.0,0.0,0.0,0.0,0.0,0.0,1,1,0,False,False,False,False,False,OTHER,OTHER,UNCHANGED
760,0.93110627,0.9483101,0.01720383,0.9015804,0.92615736,0.02457696,1.0,1.0,0.0,0.0,0.0,0.0,0.0,0.0,0.0,0.0,0.0,0.0,1,1,0,False,False,False,False,False,OTHER,OTHER,IMPROVED
761,1.0,1.0,0.0,1.0,1.0,0.0,1.0,1.0,0.0,0.0,0.0,0.0,0.0,0.0,0.0,0.0,0.0,0.0,1,1,0,False,False,False,False,False,OTHER,OTHER,UNCHANGED
762,0.85999966,0.84313434,-0.01686532,0.8589281,0.8080489,-0.0508792,0.8625,0.925,0.0625,0.0,0.0,0.0,0.0,0.0,0.0,0.0,0.0,0.0,1,1,0,False,False,False,False,False,OTHER,OTHER,REGRESSED
763,0.92697763,0.94593614,0.01895851,0.89568233,0.92276585,0.02708352,1.0,1.0,0.0,0.0,0.0,0.0,0.0,0.0,0.0,0.0,0.0,0.0,1,1,0,False,False,False,False,False,OTHER,OTHER,IMPROVED
764,1.0,1.0,0.0,1.0,1.0,0.0,1.0,1.0,0.0,0.0,0.0,0.0,0.0,0.0,0.0,0.0,0.0,0.0,1,1,0,False,False,False,False,False,OTHER,OTHER,UNCHANGED
765,0.8645229,0.92429143,0.05976853,0.8546755,0.8918449,0.0371694,0.8875,1.0,0.1125,0.0,0.0,0.0,0.0,0.0,0.0,0.0,0.0,0.0,1,1,0,False,False,False,False,False,OTHER,OTHER,IMPROVED
766,1.0,1.0,0.0,1.0,1.0,0.0,1.0,1.0,0.0,0.0,0.0,0.0,0.0,0.0,0.0,0.0,0.0,0.0,1,1,0,False,False,False,False,False,OTHER,OTHER,UNCHANGED
767,0.9541742,0.9872881,0.0331139,0.93453455,0.9818402,0.04730565,1.0,1.0,0.0,0.0,0.0,0.0,0.0,0.0,0.0,0.0,0.0,0.0,1,1,0,False,False,False,False,False,OTHER,OTHER,IMPROVED
768,0.0,0.0,0.0,1.0,1.0,0.0,1.0,1.0,0.0,1.0,1.0,0.0,1.0,1.0,0.0,0.0,0.0,0.0,0,0,0,True,True,False,False,True,OVERLAP+COLLISION,OVERLAP+COLLISION,PERSISTENT_ZERO
769,0.95874995,0.89875,-0.0599999499999999,1.0,1.0,0.0,0.8625,0.6625,-0.2,0.0,0.0,0.0,0.0,0.0,0.0,0.0,0.0,0.0,1,1,0,False,False,False,False,False,OTHER,OTHER,REGRESSED
770,1.0,0.89321595,-0.10678405,1.0,0.8474513,-0.1525486999999999,1.0,1.0,0.0,0.0,0.0,0.0,0.0,0.0,0.0,0.0,0.0,0.0,1,1,0,False,False,False,False,False,OTHER,OTHER,REGRESSED
771,0.90550727,0.9080168,0.0025095299999999,0.91322464,0.9007383,-0.01248634,0.8875,0.925,0.0375,0.0,0.0,0.0,0.0,0.0,0.0,0.0,0.0,0.0,1,1,0,False,False,False,False,False,OTHER,OTHER,IMPROVED
772,0.97457296,0.964909,-0.00966396,0.96367556,0.94987,-0.0138055599999999,1.0,1.0,0.0,0.0,0.0,0.0,0.0,0.0,0.0,0.0,0.0,0.0,1,1,0,False,False,False,False,False,OTHER,OTHER,REGRESSED
773,0.91196674,0.9295463,0.01757956,0.87423813,0.89935184,0.02511371,1.0,1.0,0.0,0.0,0.0,0.0,0.0,0.0,0.0,0.0,0.0,0.0,1,1,0,False,False,False,False,False,OTHER,OTHER,IMPROVED
774,0.7843785,0.80066586,0.0162873599999999,0.83661216,0.8491655,0.0125533399999999,0.6625,0.6875,0.025,0.0,0.0,0.0,0.0,0.0,0.0,0.0,0.0,0.0,1,1,0,False,False,False,False,False,OTHER,OTHER,IMPROVED
775,1.0,1.0,0.0,1.0,1.0,0.0,1.0,1.0,0.0,0.0,0.0,0.0,0.0,0.0,0.0,0.0,0.0,0.0,1,1,0,False,False,False,False,False,OTHER,OTHER,UNCHANGED
776,0.86023945,0.90353537,0.0432959199999999,0.8485564,0.86219335,0.0136369499999999,0.8875,1.0,0.1125,0.0,0.0,0.0,0.0,0.0,0.0,0.0,0.0,0.0,1,1,0,False,False,False,False,False,OTHER,OTHER,IMPROVED
777,1.0,1.0,0.0,1.0,1.0,0.0,1.0,1.0,0.0,0.0,0.0,0.0,0.0,0.0,0.0,0.0,0.0,0.0,1,1,0,False,False,False,False,False,OTHER,OTHER,UNCHANGED
778,1.0,1.0,0.0,1.0,1.0,0.0,1.0,1.0,0.0,0.0,0.0,0.0,0.0,0.0,0.0,0.0,0.0,0.0,1,1,0,False,False,False,False,False,OTHER,OTHER,UNCHANGED
779,1.0,1.0,0.0,1.0,1.0,0.0,1.0,1.0,0.0,0.0,0.0,0.0,0.0,0.0,0.0,0.0,0.0,0.0,1,1,0,False,False,False,False,False,OTHER,OTHER,UNCHANGED
780,0.9464054,0.9464054,0.0,0.9234363,0.9234363,0.0,1.0,1.0,0.0,0.0,0.0,0.0,0.0,0.0,0.0,0.0,0.0,0.0,1,1,0,False,False,False,False,False,OTHER,OTHER,UNCHANGED
781,0.0,0.0,0.0,1.0,1.0,0.0,1.0,1.0,0.0,1.0,1.0,0.0,1.0,1.0,0.0,0.0,0.0,0.0,0,0,0,True,True,False,False,True,OVERLAP+COLLISION,OVERLAP+COLLISION,PERSISTENT_ZERO
782,0.8875,0.90999997,0.02249997,0.99999994,0.99999994,0.0,0.625,0.7,0.0749999999999999,0.0,0.0,0.0,0.0,0.0,0.0,0.0,0.0,0.0,1,1,0,False,False,False,False,False,OTHER,OTHER,IMPROVED
783,0.9815933,0.9737202,-0.0078730999999999,0.9737048,0.9624573,-0.0112475,1.0,1.0,0.0,0.0,0.0,0.0,0.0,0.0,0.0,0.0,0.0,0.0,1,1,0,False,False,False,False,False,OTHER,OTHER,REGRESSED
784,1.0,1.0,0.0,1.0,1.0,0.0,1.0,1.0,0.0,0.0,0.0,0.0,0.0,0.0,0.0,0.0,0.0,0.0,1,1,0,False,False,False,False,False,OTHER,OTHER,UNCHANGED
785,0.95874995,0.94692487,-0.0118250799999999,1.0,0.92417836,-0.07582164,0.8625,1.0,0.1374999999999999,0.0,0.0,0.0,0.0,0.0,0.0,0.0,0.0,0.0,1,1,0,False,False,False,False,False,OTHER,OTHER,REGRESSED
786,0.94840795,0.94840795,0.0,0.9262971,0.9262971,0.0,1.0,1.0,0.0,0.0,0.0,0.0,0.0,0.0,0.0,0.0,0.0,0.0,1,1,0,False,False,False,False,False,OTHER,OTHER,UNCHANGED
787,0.91375,1.0,0.08625,1.0,1.0,0.0,0.71250004,1.0,0.28749996,0.0,0.0,0.0,0.0,0.0,0.0,0.0,0.0,0.0,1,1,0,False,False,False,False,False,OTHER,OTHER,IMPROVED
788,1.0,1.0,0.0,1.0,1.0,0.0,1.0,1.0,0.0,0.0,0.0,0.0,0.0,0.0,0.0,0.0,0.0,0.0,1,1,0,False,False,False,False,False,OTHER,OTHER,UNCHANGED
789,0.89238304,0.8869125,-0.00547054,0.8784044,0.8384465,-0.0399578999999999,0.925,1.0,0.0749999999999999,0.0,0.0,0.0,0.0,0.0,0.0,0.0,0.0,0.0,1,1,0,False,False,False,False,False,OTHER,OTHER,REGRESSED
790,0.9543919,0.939818,-0.0145738999999999,0.9723454,0.9140258,-0.0583196,0.9125,1.0,0.0875,0.0,0.0,0.0,0.0,0.0,0.0,0.0,0.0,0.0,1,1,0,False,False,False,False,False,OTHER,OTHER,REGRESSED
791,0.9252022,0.91459364,-0.0106085599999999,0.8985031,0.9369194,0.0384162999999999,0.9875,0.8625,-0.125,0.0,0.0,0.0,0.0,0.0,0.0,0.0,0.0,0.0,1,1,0,False,False,False,False,False,OTHER,OTHER,REGRESSED
792,1.0,0.9905276,-0.0094724,1.0,0.98646784,-0.01353216,1.0,1.0,0.0,0.0,0.0,0.0,0.0,0.0,0.0,0.0,0.0,0.0,1,1,0,False,False,False,False,False,OTHER,OTHER,REGRESSED
793,0.8953682,0.94518244,0.04981424,0.92552596,0.9752607,0.04973474,0.825,0.875,0.05,0.0,0.0,0.0,0.0,0.0,0.0,0.0,0.0,0.0,1,1,0,False,False,False,False,False,OTHER,OTHER,IMPROVED
794,0.9300858,0.94753134,0.01744554,0.90012246,0.9250448,0.02492234,1.0,1.0,0.0,0.0,0.0,0.0,0.0,0.0,0.0,0.0,0.0,0.0,1,1,0,False,False,False,False,False,OTHER,OTHER,IMPROVED
795,0.9298704,0.96398926,0.0341188599999999,0.9480293,0.98605615,0.03802685,0.8875,0.9125,0.025,0.0,0.0,0.0,0.0,0.0,0.0,0.0,0.0,0.0,1,1,0,False,False,False,False,False,OTHER,OTHER,IMPROVED
796,0.9133758,0.92999977,0.01662397,0.8762511,0.89999956,0.02374846,1.0,1.0,0.0,0.0,0.0,0.0,0.0,0.0,0.0,0.0,0.0,0.0,1,1,0,False,False,False,False,False,OTHER,OTHER,IMPROVED
797,1.0,1.0,0.0,1.0,1.0,0.0,1.0,1.0,0.0,0.0,0.0,0.0,0.0,0.0,0.0,0.0,0.0,0.0,1,1,0,False,False,False,False,False,OTHER,OTHER,UNCHANGED
798,0.97374994,1.0,0.0262500599999999,0.99999994,0.99999994,0.0,0.9125,1.0,0.0875,0.0,0.0,0.0,0.0,0.0,0.0,0.0,0.0,0.0,1,1,0,False,False,False,False,False,OTHER,OTHER,IMPROVED
799,0.925625,0.9588858,0.0332607999999999,0.8937501,0.9412653,0.0475151999999999,1.0,1.0,0.0,0.0,0.0,0.0,0.0,0.0,0.0,0.0,0.0,0.0,1,1,0,False,False,False,False,False,OTHER,OTHER,IMPROVED
800,1.0,1.0,0.0,1.0,1.0,0.0,1.0,1.0,0.0,0.0,0.0,0.0,0.0,0.0,0.0,0.0,0.0,0.0,1,1,0,False,False,False,False,False,OTHER,OTHER,UNCHANGED
801,1.0,1.0,0.0,1.0,1.0,0.0,1.0,1.0,0.0,0.0,0.0,0.0,0.0,0.0,0.0,0.0,0.0,0.0,1,1,0,False,False,False,False,False,OTHER,OTHER,UNCHANGED
802,0.9209489,0.9384268,0.0174779,0.8870698,0.9120383,0.0249684999999999,1.0,1.0,0.0,0.0,0.0,0.0,0.0,0.0,0.0,0.0,0.0,0.0,1,1,0,False,False,False,False,False,OTHER,OTHER,IMPROVED
803,0.91390276,0.8856968,-0.02820596,0.8770039,0.8367096,-0.0402942999999998,1.0,1.0,0.0,0.0,0.0,0.0,0.0,0.0,0.0,0.0,0.0,0.0,1,1,0,False,False,False,False,False,OTHER,OTHER,REGRESSED
804,0.92974055,0.92092544,-0.00881511,0.8996293,0.8870363,-0.0125929999999999,1.0,1.0,0.0,0.0,0.0,0.0,0.0,0.0,0.0,0.0,0.0,0.0,1,1,0,False,False,False,False,False,OTHER,OTHER,REGRESSED
805,1.0,0.99219286,-0.00780714,1.0,0.98884684,-0.0111531599999999,1.0,1.0,0.0,0.0,0.0,0.0,0.0,0.0,0.0,0.0,0.0,0.0,1,1,0,False,False,False,False,False,OTHER,OTHER,REGRESSED
806,0.93869513,0.8918404,-0.04685473,0.94456446,0.8454862,-0.09907826,0.925,1.0,0.0749999999999999,0.0,0.0,0.0,0.0,0.0,0.0,0.0,0.0,0.0,1,1,0,False,False,False,False,False,OTHER,OTHER,REGRESSED
807,0.899786,0.92498094,0.02519494,0.8568372,0.89282995,0.03599275,1.0,1.0,0.0,0.0,0.0,0.0,0.0,0.0,0.0,0.0,0.0,0.0,1,1,0,False,False,False,False,False,OTHER,OTHER,IMPROVED
808,0.7797852,0.7932953,0.0135101,0.7175503,0.7047076,-0.0128426999999999,0.925,1.0,0.0749999999999999,0.0,0.0,0.0,0.0,0.0,0.0,0.0,0.0,0.0,1,1,0,False,False,False,False,False,OTHER,OTHER,IMPROVED
809,0.93027747,0.93027747,0.0,0.90039635,0.90039635,0.0,1.0,1.0,0.0,0.0,0.0,0.0,0.0,0.0,0.0,0.0,0.0,0.0,1,1,0,False,False,False,False,False,OTHER,OTHER,UNCHANGED
810,0.9588909,1.0,0.0411091,0.9412728,1.0,0.0587271999999999,1.0,1.0,0.0,0.0,0.0,0.0,0.0,0.0,0.0,0.0,0.0,0.0,1,1,0,False,False,False,False,False,OTHER,OTHER,IMPROVED
811,0.9434368,0.95985174,0.0164149399999999,0.91919535,0.9426454,0.02345005,1.0,1.0,0.0,0.0,0.0,0.0,0.0,0.0,0.0,0.0,0.0,0.0,1,1,0,False,False,False,False,False,OTHER,OTHER,IMPROVED
812,0.87577933,0.91474694,0.03896761,0.8868275,0.9371385,0.0503109999999999,0.85,0.8625,0.0125,0.0,0.0,0.0,0.0,0.0,0.0,0.0,0.0,0.0,1,1,0,False,False,False,False,False,OTHER,OTHER,IMPROVED
813,0.96003515,0.9560947,-0.0039404499999999,0.9750501,0.93727803,-0.03777207,0.925,1.0,0.0749999999999999,0.0,0.0,0.0,0.0,0.0,0.0,0.0,0.0,0.0,1,1,0,False,False,False,False,False,OTHER,OTHER,REGRESSED
814,0.87313503,0.8388157,-0.0343193299999999,0.8187642,0.76973665,-0.04902755,1.0,1.0,0.0,0.0,0.0,0.0,0.0,0.0,0.0,0.0,0.0,0.0,1,1,0,False,False,False,False,False,OTHER,OTHER,REGRESSED
815,0.97375005,0.96477765,-0.0089723999999999,1.0000001,0.94968235,-0.05031775,0.9125,1.0,0.0875,0.0,0.0,0.0,0.0,0.0,0.0,0.0,0.0,0.0,1,1,0,False,False,False,False,False,OTHER,OTHER,REGRESSED
816,1.0,1.0,0.0,1.0,1.0,0.0,1.0,1.0,0.0,0.0,0.0,0.0,0.0,0.0,0.0,0.0,0.0,0.0,1,1,0,False,False,False,False,False,OTHER,OTHER,UNCHANGED
817,0.98156416,0.94819224,-0.03337192,0.97366303,0.9259888,-0.04767423,1.0,1.0,0.0,0.0,0.0,0.0,0.0,0.0,0.0,0.0,0.0,0.0,1,1,0,False,False,False,False,False,OTHER,OTHER,REGRESSED
818,0.9726416,0.9454366,-0.027205,0.96091646,0.92205226,-0.0388642,1.0,1.0,0.0,0.0,0.0,0.0,0.0,0.0,0.0,0.0,0.0,0.0,1,1,0,False,False,False,False,False,OTHER,OTHER,REGRESSED
819,0.96625006,0.97749996,0.0112498999999999,1.0,1.0,0.0,0.8875,0.925,0.0375,0.0,0.0,0.0,0.0,0.0,0.0,0.0,0.0,0.0,1,1,0,False,False,False,False,False,OTHER,OTHER,IMPROVED
820,1.0,1.0,0.0,1.0,1.0,0.0,1.0,1.0,0.0,0.0,0.0,0.0,0.0,0.0,0.0,0.0,0.0,0.0,1,1,0,False,False,False,False,False,OTHER,OTHER,UNCHANGED
821,0.9100151,0.8824841,-0.0275309999999999,0.9250216,0.91247714,-0.0125444599999999,0.875,0.8125,-0.0625,0.0,0.0,0.0,0.0,0.0,0.0,0.0,0.0,0.0,1,1,0,False,False,False,False,False,OTHER,OTHER,REGRESSED
822,0.9218565,0.8389646,-0.0828919,0.9205093,0.7699494,-0.1505598999999999,0.925,1.0,0.0749999999999999,0.0,0.0,0.0,0.0,0.0,0.0,0.0,0.0,0.0,1,1,0,False,False,False,False,False,OTHER,OTHER,REGRESSED
823,0.9669466,0.9023296,-0.064617,0.9527808,0.86047083,-0.0923099699999999,1.0,1.0,0.0,0.0,0.0,0.0,0.0,0.0,0.0,0.0,0.0,0.0,1,1,0,False,False,False,False,False,OTHER,OTHER,REGRESSED
824,1.0,1.0,0.0,1.0,1.0,0.0,1.0,1.0,0.0,0.0,0.0,0.0,0.0,0.0,0.0,0.0,0.0,0.0,1,1,0,False,False,False,False,False,OTHER,OTHER,UNCHANGED
825,0.97749996,0.97749996,0.0,1.0,1.0,0.0,0.925,0.925,0.0,0.0,0.0,0.0,0.0,0.0,0.0,0.0,0.0,0.0,1,1,0,False,False,False,False,False,OTHER,OTHER,UNCHANGED
826,0.7907715,0.8863948,0.0956233,0.8511021,0.83770686,-0.0133952399999999,0.65000004,1.0,0.34999996,0.0,0.0,0.0,0.0,0.0,0.0,0.0,0.0,0.0,1,1,0,False,False,False,False,False,OTHER,OTHER,IMPROVED
827,0.9061333,0.95171165,0.0455783499999999,0.91411906,0.96315944,0.0490403799999999,0.8875,0.925,0.0375,0.0,0.0,0.0,0.0,0.0,0.0,0.0,0.0,0.0,1,1,0,False,False,False,False,False,OTHER,OTHER,IMPROVED
828,1.0,1.0,0.0,1.0,1.0,0.0,1.0,1.0,0.0,0.0,0.0,0.0,0.0,0.0,0.0,0.0,0.0,0.0,1,1,0,False,False,False,False,False,OTHER,OTHER,UNCHANGED
829,1.0,1.0,0.0,1.0,1.0,0.0,1.0,1.0,0.0,0.0,0.0,0.0,0.0,0.0,0.0,0.0,0.0,0.0,1,1,0,False,False,False,False,False,OTHER,OTHER,UNCHANGED
830,0.87780756,0.91273993,0.0349323699999999,0.82543933,0.8753428,0.0499034699999999,1.0,1.0,0.0,0.0,0.0,0.0,0.0,0.0,0.0,0.0,0.0,0.0,1,1,0,False,False,False,False,False,OTHER,OTHER,IMPROVED
831,0.97749996,0.9175,-0.0599999599999999,1.0,1.0,0.0,0.925,0.725,-0.2,0.0,0.0,0.0,0.0,0.0,0.0,0.0,0.0,0.0,1,1,0,False,False,False,False,False,OTHER,OTHER,REGRESSED
832,0.8296297,0.85930794,0.0296782399999999,0.87447107,0.79901135,-0.07545972,0.725,1.0,0.275,0.0,0.0,0.0,0.0,0.0,0.0,0.0,0.0,0.0,1,1,0,False,False,False,False,False,OTHER,OTHER,IMPROVED
833,0.9914486,0.97644866,-0.01499994,0.9877838,0.9877838,0.0,1.0,0.95,-0.05,0.0,0.0,0.0,0.0,0.0,0.0,0.0,0.0,0.0,1,1,0,False,False,False,False,False,OTHER,OTHER,REGRESSED
834,1.0,0.91151583,-0.0884841699999999,0.99999994,0.8735939,-0.12640604,1.0,1.0,0.0,0.0,0.0,0.0,0.0,0.0,0.0,0.0,0.0,0.0,1,1,0,False,False,False,False,False,OTHER,OTHER,REGRESSED
835,1.0,1.0,0.0,1.0,1.0,0.0,1.0,1.0,0.0,0.0,0.0,0.0,0.0,0.0,0.0,0.0,0.0,0.0,1,1,0,False,False,False,False,False,OTHER,OTHER,UNCHANGED
836,1.0,1.0,0.0,1.0,1.0,0.0,1.0,1.0,0.0,0.0,0.0,0.0,0.0,0.0,0.0,0.0,0.0,0.0,1,1,0,False,False,False,False,False,OTHER,OTHER,UNCHANGED
837,0.90400565,0.9377557,0.0337500499999999,0.9110795,0.9110795,0.0,0.8875,1.0,0.1125,0.0,0.0,0.0,0.0,0.0,0.0,0.0,0.0,0.0,1,1,0,False,False,False,False,False,OTHER,OTHER,IMPROVED
838,0.87886906,0.8926021,0.0137330399999999,0.87517005,0.9001458,0.0249757499999999,0.8875,0.875,-0.0124999999999999,0.0,0.0,0.0,0.0,0.0,0.0,0.0,0.0,0.0,1,1,0,False,False,False,False,False,OTHER,OTHER,IMPROVED
839,1.0,1.0,0.0,1.0,1.0,0.0,1.0,1.0,0.0,0.0,0.0,0.0,0.0,0.0,0.0,0.0,0.0,0.0,1,1,0,False,False,False,False,False,OTHER,OTHER,UNCHANGED
840,1.0,0.8865652,-0.1134347999999999,0.99999994,0.83795035,-0.16204959,1.0,1.0,0.0,0.0,0.0,0.0,0.0,0.0,0.0,0.0,0.0,0.0,1,1,0,False,False,False,False,False,OTHER,OTHER,REGRESSED
841,0.9175274,0.9512774,0.03375,0.93039626,0.93039626,0.0,0.8875,1.0,0.1125,0.0,0.0,0.0,0.0,0.0,0.0,0.0,0.0,0.0,1,1,0,False,False,False,False,False,OTHER,OTHER,IMPROVED
842,1.0,1.0,0.0,1.0,1.0,0.0,1.0,1.0,0.0,0.0,0.0,0.0,0.0,0.0,0.0,0.0,0.0,0.0,1,1,0,False,False,False,False,False,OTHER,OTHER,UNCHANGED
843,0.9299516,0.95616215,0.02621055,0.89993083,0.93737453,0.0374437,1.0,1.0,0.0,0.0,0.0,0.0,0.0,0.0,0.0,0.0,0.0,0.0,1,1,0,False,False,False,False,False,OTHER,OTHER,IMPROVED
844,1.0,1.0,0.0,1.0,1.0,0.0,1.0,1.0,0.0,0.0,0.0,0.0,0.0,0.0,0.0,0.0,0.0,0.0,1,1,0,False,False,False,False,False,OTHER,OTHER,UNCHANGED
845,0.96250004,1.0,0.03749996,1.0,1.0,0.0,0.875,1.0,0.125,0.0,0.0,0.0,0.0,0.0,0.0,0.0,0.0,0.0,1,1,0,False,False,False,False,False,OTHER,OTHER,IMPROVED
846,0.9647624,0.895,-0.0697624,0.98716056,1.0,0.01283944,0.9125,0.65000004,-0.26249996,0.0,0.0,0.0,0.0,0.0,0.0,0.0,0.0,0.0,1,1,0,False,False,False,False,False,OTHER,OTHER,REGRESSED
847,0.9514624,0.8557319,-0.0957305,0.9306606,0.7939027,-0.1367579,1.0,1.0,0.0,0.0,0.0,0.0,0.0,0.0,0.0,0.0,0.0,0.0,1,1,0,False,False,False,False,False,OTHER,OTHER,REGRESSED
848,0.90089077,0.90089077,0.0,0.85841537,0.85841537,0.0,1.0,1.0,0.0,0.0,0.0,0.0,0.0,0.0,0.0,0.0,0.0,0.0,1,1,0,False,False,False,False,False,OTHER,OTHER,UNCHANGED
849,0.8157571,0.85833436,0.0425772599999999,0.78501016,0.7976206,0.01261044,0.8875,1.0,0.1125,0.0,0.0,0.0,0.0,0.0,0.0,0.0,0.0,0.0,1,1,0,False,False,False,False,False,OTHER,OTHER,IMPROVED
850,1.0,1.0,0.0,1.0,1.0,0.0,1.0,1.0,0.0,0.0,0.0,0.0,0.0,0.0,0.0,0.0,0.0,0.0,1,1,0,False,False,False,False,False,OTHER,OTHER,UNCHANGED
851,1.0,1.0,0.0,1.0,1.0,0.0,1.0,1.0,0.0,0.0,0.0,0.0,0.0,0.0,0.0,0.0,0.0,0.0,1,1,0,False,False,False,False,False,OTHER,OTHER,UNCHANGED
852,0.9657114,0.92151564,-0.04419576,0.9510163,0.8878795,-0.0631367999999999,1.0,1.0,0.0,0.0,0.0,0.0,0.0,0.0,0.0,0.0,0.0,0.0,1,1,0,False,False,False,False,False,OTHER,OTHER,REGRESSED
853,0.9335295,0.9472893,0.0137597999999999,0.937185,0.924699,-0.0124859999999999,0.925,1.0,0.0749999999999999,0.0,0.0,0.0,0.0,0.0,0.0,0.0,0.0,0.0,1,1,0,False,False,False,False,False,OTHER,OTHER,IMPROVED
854,0.94375,0.97749996,0.0337499599999999,1.0,1.0,0.0,0.8125,0.925,0.1125,0.0,0.0,0.0,0.0,0.0,0.0,0.0,0.0,0.0,1,1,0,False,False,False,False,False,OTHER,OTHER,IMPROVED
855,0.8851355,0.7444024,-0.1407330999999999,0.83590776,0.6348606,-0.20104716,1.0,1.0,0.0,0.0,0.0,0.0,0.0,0.0,0.0,0.0,0.0,0.0,1,1,0,False,False,False,False,False,OTHER,OTHER,REGRESSED
856,0.8961741,0.91487354,0.01869944,0.8516773,0.8783908,0.0267135,1.0,1.0,0.0,0.0,0.0,0.0,0.0,0.0,0.0,0.0,0.0,0.0,1,1,0,False,False,False,False,False,OTHER,OTHER,IMPROVED
857,0.94750005,0.94991684,0.0024167899999999,1.0,0.976667,-0.023333,0.825,0.8875,0.0625,0.0,0.0,0.0,0.0,0.0,0.0,0.0,0.0,0.0,1,1,0,False,False,False,False,False,OTHER,OTHER,IMPROVED
858,1.0,0.9196946,-0.0803053999999999,1.0,0.88527805,-0.1147219499999999,1.0,1.0,0.0,0.0,0.0,0.0,0.0,0.0,0.0,0.0,0.0,0.0,1,1,0,False,False,False,False,False,OTHER,OTHER,REGRESSED
859,0.94871503,1.0,0.0512849699999999,0.97494996,1.0,0.0250500399999999,0.8875,1.0,0.1125,0.0,0.0,0.0,0.0,0.0,0.0,0.0,0.0,0.0,1,1,0,False,False,False,False,False,OTHER,OTHER,IMPROVED
860,0.8921604,0.9473505,0.0551901,0.899515,0.9622864,0.0627714,0.875,0.9125,0.0374999999999999,0.0,0.0,0.0,0.0,0.0,0.0,0.0,0.0,0.0,1,1,0,False,False,False,False,False,OTHER,OTHER,IMPROVED
861,1.0,0.95589274,-0.0441072599999999,1.0,0.93698967,-0.06301033,1.0,1.0,0.0,0.0,0.0,0.0,0.0,0.0,0.0,0.0,0.0,0.0,1,1,0,False,False,False,False,False,OTHER,OTHER,REGRESSED
862,0.8674303,0.90121764,0.03378734,0.87490046,0.9124538,0.0375533399999999,0.85,0.875,0.025,0.0,0.0,0.0,0.0,0.0,0.0,0.0,0.0,0.0,1,1,0,False,False,False,False,False,OTHER,OTHER,IMPROVED
863,1.0,1.0,0.0,0.99999994,0.99999994,0.0,1.0,1.0,0.0,0.0,0.0,0.0,0.0,0.0,0.0,0.0,0.0,0.0,1,1,0,False,False,False,False,False,OTHER,OTHER,UNCHANGED
864,1.0,0.9836855,-0.0163145,1.0,0.9766935,-0.0233065,1.0,1.0,0.0,0.0,0.0,0.0,0.0,0.0,0.0,0.0,0.0,0.0,1,1,0,False,False,False,False,False,OTHER,OTHER,REGRESSED
865,0.7411654,0.8386812,0.0975158,0.8123792,0.8499017,0.0375225,0.575,0.8125,0.2375,0.0,0.0,0.0,0.0,0.0,0.0,0.0,0.0,0.0,1,1,0,False,False,False,False,False,OTHER,OTHER,IMPROVED
866,0.93894446,0.94767267,0.00872821,0.9127778,0.9252466,0.0124688,1.0,1.0,0.0,0.0,0.0,0.0,0.0,0.0,0.0,0.0,0.0,0.0,1,1,0,False,False,False,False,False,OTHER,OTHER,IMPROVED
867,0.9823713,0.9210686,-0.0613026999999999,0.9748161,0.96224076,-0.0125753399999999,1.0,0.825,-0.175,0.0,0.0,0.0,0.0,0.0,0.0,0.0,0.0,0.0,1,1,0,False,False,False,False,False,OTHER,OTHER,REGRESSED
868,1.0,1.0,0.0,1.0,1.0,0.0,1.0,1.0,0.0,0.0,0.0,0.0,0.0,0.0,0.0,0.0,0.0,0.0,1,1,0,False,False,False,False,False,OTHER,OTHER,UNCHANGED
869,1.0,1.0,0.0,1.0,1.0,0.0,1.0,1.0,0.0,0.0,0.0,0.0,0.0,0.0,0.0,0.0,0.0,0.0,1,1,0,False,False,False,False,False,OTHER,OTHER,UNCHANGED
870,0.9376499,0.92873955,-0.00891035,0.9109284,0.89819944,-0.01272896,1.0,1.0,0.0,0.0,0.0,0.0,0.0,0.0,0.0,0.0,0.0,0.0,1,1,0,False,False,False,False,False,OTHER,OTHER,REGRESSED
871,0.8428835,0.90285534,0.05997184,0.8237621,0.8612219,0.0374597999999999,0.8875,1.0,0.1125,0.0,0.0,0.0,0.0,0.0,0.0,0.0,0.0,0.0,1,1,0,False,False,False,False,False,OTHER,OTHER,IMPROVED
872,0.98201,0.96431506,-0.01769494,0.97429997,0.94902146,-0.02527851,1.0,1.0,0.0,0.0,0.0,0.0,0.0,0.0,0.0,0.0,0.0,0.0,1,1,0,False,False,False,False,False,OTHER,OTHER,REGRESSED
873,1.0,1.0,0.0,1.0,1.0,0.0,1.0,1.0,0.0,0.0,0.0,0.0,0.0,0.0,0.0,0.0,0.0,0.0,1,1,0,False,False,False,False,False,OTHER,OTHER,UNCHANGED
874,0.848865,0.8951109,0.0462459,0.8376641,0.85015833,0.0124942299999999,0.875,1.0,0.125,0.0,0.0,0.0,0.0,0.0,0.0,0.0,0.0,0.0,1,1,0,False,False,False,False,False,OTHER,OTHER,IMPROVED
875,0.8777582,0.8815082,0.0037499999999999,0.8628688,0.8628688,0.0,0.9125,0.925,0.0125,0.0,0.0,0.0,0.0,0.0,0.0,0.0,0.0,0.0,1,1,0,False,False,False,False,False,OTHER,OTHER,IMPROVED
876,1.0,0.88139725,-0.1186027499999999,1.0,0.8305674,-0.1694326,1.0,1.0,0.0,0.0,0.0,0.0,0.0,0.0,0.0,0.0,0.0,0.0,1,1,0,False,False,False,False,False,OTHER,OTHER,REGRESSED
877,0.894478,0.92980003,0.03532203,0.8492544,0.89971435,0.05045995,1.0,1.0,0.0,0.0,0.0,0.0,0.0,0.0,0.0,0.0,0.0,0.0,1,1,0,False,False,False,False,False,OTHER,OTHER,IMPROVED
878,1.0,1.0,0.0,1.0,1.0,0.0,1.0,1.0,0.0,0.0,0.0,0.0,0.0,0.0,0.0,0.0,0.0,0.0,1,1,0,False,False,False,False,False,OTHER,OTHER,UNCHANGED
879,1.0,1.0,0.0,1.0,1.0,0.0,1.0,1.0,0.0,0.0,0.0,0.0,0.0,0.0,0.0,0.0,0.0,0.0,1,1,0,False,False,False,False,False,OTHER,OTHER,UNCHANGED
880,0.82270664,0.9052063,0.0824996599999999,0.8752952,0.91279477,0.0374995699999999,0.7,0.8875,0.1875,0.0,0.0,0.0,0.0,0.0,0.0,0.0,0.0,0.0,1,1,0,False,False,False,False,False,OTHER,OTHER,IMPROVED
881,0.96250004,0.95874995,-0.00375009,1.0,1.0,0.0,0.875,0.8625,-0.0124999999999999,0.0,0.0,0.0,0.0,0.0,0.0,0.0,0.0,0.0,1,1,0,False,False,False,False,False,OTHER,OTHER,REGRESSED
882,1.0,1.0,0.0,1.0,1.0,0.0,1.0,1.0,0.0,0.0,0.0,0.0,0.0,0.0,0.0,0.0,0.0,0.0,1,1,0,False,False,False,False,False,OTHER,OTHER,UNCHANGED
883,1.0,1.0,0.0,1.0,1.0,0.0,1.0,1.0,0.0,0.0,0.0,0.0,0.0,0.0,0.0,0.0,0.0,0.0,1,1,0,False,False,False,False,False,OTHER,OTHER,UNCHANGED
884,1.0,1.0,0.0,1.0,1.0,0.0,1.0,1.0,0.0,0.0,0.0,0.0,0.0,0.0,0.0,0.0,0.0,0.0,1,1,0,False,False,False,False,False,OTHER,OTHER,UNCHANGED
885,0.95791113,0.941353,-0.01655813,0.98808724,0.96443284,-0.0236544,0.8875,0.8875,0.0,0.0,0.0,0.0,0.0,0.0,0.0,0.0,0.0,0.0,1,1,0,False,False,False,False,False,OTHER,OTHER,REGRESSED
886,0.8990553,0.9188904,0.0198350999999999,0.8879362,0.9377006,0.0497644,0.925,0.875,-0.05,0.0,0.0,0.0,0.0,0.0,0.0,0.0,0.0,0.0,1,1,0,False,False,False,False,False,OTHER,OTHER,IMPROVED
887,0.0,0.0,0.0,1.0,1.0,0.0,1.0,1.0,0.0,1.0,1.0,0.0,1.0,1.0,0.0,0.0,0.0,0.0,0,0,0,True,True,False,False,True,OVERLAP+COLLISION,OVERLAP+COLLISION,PERSISTENT_ZERO
888,0.85225433,0.9463773,0.09412297,0.88536334,0.9233961,0.03803276,0.77500004,1.0,0.22499996,0.0,0.0,0.0,0.0,0.0,0.0,0.0,0.0,0.0,1,1,0,False,False,False,False,False,OTHER,OTHER,IMPROVED
889,0.9345951,0.98227483,0.04767973,0.9494215,0.97467834,0.0252568399999999,0.90000004,1.0,0.09999996,0.0,0.0,0.0,0.0,0.0,0.0,0.0,0.0,0.0,1,1,0,False,False,False,False,False,OTHER,OTHER,IMPROVED
890,1.0,1.0,0.0,1.0,1.0,0.0,1.0,1.0,0.0,0.0,0.0,0.0,0.0,0.0,0.0,0.0,0.0,0.0,1,1,0,False,False,False,False,False,OTHER,OTHER,UNCHANGED
891,0.89082736,0.85926074,-0.0315666199999999,0.8440391,0.8310867,-0.0129524,1.0,0.925,-0.0749999999999999,0.0,0.0,0.0,0.0,0.0,0.0,0.0,0.0,0.0,1,1,0,False,False,False,False,False,OTHER,OTHER,REGRESSED
892,0.9708285,0.9931192,0.0222906999999999,0.9904691,0.9901702,-0.0002988999999999,0.925,1.0,0.0749999999999999,0.0,0.0,0.0,0.0,0.0,0.0,0.0,0.0,0.0,1,1,0,False,False,False,False,False,OTHER,OTHER,IMPROVED
893,0.8698557,0.86782265,-0.0020330499999999,0.8783653,0.8111753,-0.0671899999999999,0.85,1.0,0.15,0.0,0.0,0.0,0.0,0.0,0.0,0.0,0.0,0.0,1,1,0,False,False,False,False,False,OTHER,OTHER,REGRESSED
894,0.8786551,0.848721,-0.0299341,0.87486434,0.9124586,0.0375942599999999,0.8875,0.7,-0.1875,0.0,0.0,0.0,0.0,0.0,0.0,0.0,0.0,0.0,1,1,0,False,False,False,False,False,OTHER,OTHER,REGRESSED
895,0.92370427,0.9331915,0.0094872299999999,0.89100605,0.9045593,0.0135532499999999,1.0,1.0,0.0,0.0,0.0,0.0,0.0,0.0,0.0,0.0,0.0,0.0,1,1,0,False,False,False,False,False,OTHER,OTHER,IMPROVED
896,0.86278135,0.78352755,-0.0792538,0.8843306,0.7336108,-0.1507197999999999,0.8125,0.90000004,0.08750004,0.0,0.0,0.0,0.0,0.0,0.0,0.0,0.0,0.0,1,1,0,False,False,False,False,False,OTHER,OTHER,REGRESSED
897,1.0,1.0,0.0,1.0,1.0,0.0,1.0,1.0,0.0,0.0,0.0,0.0,0.0,0.0,0.0,0.0,0.0,0.0,1,1,0,False,False,False,False,False,OTHER,OTHER,UNCHANGED
898,0.8703869,0.93907374,0.06868684,0.86305267,0.9129625,0.04990983,0.8875,1.0,0.1125,0.0,0.0,0.0,0.0,0.0,0.0,0.0,0.0,0.0,1,1,0,False,False,False,False,False,OTHER,OTHER,IMPROVED
899,0.95707506,0.92989886,-0.0271761999999999,0.9386786,0.89985543,-0.03882317,1.0,1.0,0.0,0.0,0.0,0.0,0.0,0.0,0.0,0.0,0.0,0.0,1,1,0,False,False,False,False,False,OTHER,OTHER,REGRESSED
900,0.93797076,0.94680923,0.0088384699999999,0.91138685,0.9240131,0.01262625,1.0,1.0,0.0,0.0,0.0,0.0,0.0,0.0,0.0,0.0,0.0,0.0,1,1,0,False,False,False,False,False,OTHER,OTHER,IMPROVED
901,0.96625006,1.0,0.0337499399999999,1.0,1.0,0.0,0.8875,1.0,0.1125,0.0,0.0,0.0,0.0,0.0,0.0,0.0,0.0,0.0,1,1,0,False,False,False,False,False,OTHER,OTHER,IMPROVED
902,0.95874995,0.84754986,-0.1112000899999999,0.99999994,0.782214,-0.21778594,0.8625,1.0,0.1374999999999999,0.0,0.0,0.0,0.0,0.0,0.0,0.0,0.0,0.0,1,1,0,False,False,False,False,False,OTHER,OTHER,REGRESSED
903,0.92133105,0.9300764,0.0087453499999999,0.88761574,0.90010923,0.0124934899999999,1.0,1.0,0.0,0.0,0.0,0.0,0.0,0.0,0.0,0.0,0.0,0.0,1,1,0,False,False,False,False,False,OTHER,OTHER,IMPROVED
904,0.94648474,0.9286677,-0.01781704,0.9235497,0.8980968,-0.0254529,1.0,1.0,0.0,0.0,0.0,0.0,0.0,0.0,0.0,0.0,0.0,0.0,1,1,0,False,False,False,False,False,OTHER,OTHER,REGRESSED
905,1.0,0.9912588,-0.0087412,0.99999994,0.98751265,-0.01248729,1.0,1.0,0.0,0.0,0.0,0.0,0.0,0.0,0.0,0.0,0.0,0.0,1,1,0,False,False,False,False,False,OTHER,OTHER,REGRESSED
906,0.833212,0.84821206,0.01500006,0.81530285,0.81530285,0.0,0.875,0.925,0.05,0.0,0.0,0.0,0.0,0.0,0.0,0.0,0.0,0.0,1,1,0,False,False,False,False,False,OTHER,OTHER,IMPROVED
907,0.91240925,0.9299124,0.01750315,0.8748703,0.8998748,0.0250044999999999,1.0,1.0,0.0,0.0,0.0,0.0,0.0,0.0,0.0,0.0,0.0,0.0,1,1,0,False,False,False,False,False,OTHER,OTHER,IMPROVED
908,1.0,1.0,0.0,1.0,1.0,0.0,1.0,1.0,0.0,0.0,0.0,0.0,0.0,0.0,0.0,0.0,0.0,0.0,1,1,0,False,False,False,False,False,OTHER,OTHER,UNCHANGED
909,0.8930195,0.9234695,0.03045,0.90074205,0.9388849,0.03814285,0.875,0.8875,0.0124999999999999,0.0,0.0,0.0,0.0,0.0,0.0,0.0,0.0,0.0,1,1,0,False,False,False,False,False,OTHER,OTHER,IMPROVED
910,0.54274887,0.6027489,0.0600000299999999,0.54499835,0.54499835,0.0,0.5375,0.7375,0.2,0.0,0.0,0.0,0.0,0.0,0.0,0.0,0.0,0.0,1,1,0,False,False,False,False,False,OTHER,OTHER,IMPROVED
911,0.0,0.0,0.0,1.0,1.0,0.0,1.0,1.0,0.0,1.0,1.0,0.0,1.0,1.0,0.0,0.0,0.0,0.0,0,0,0,True,True,False,False,True,OVERLAP+COLLISION,OVERLAP+COLLISION,PERSISTENT_ZERO
912,0.915193,0.8597334,-0.0554596,0.8788472,0.7996192,-0.079228,1.0,1.0,0.0,0.0,0.0,0.0,0.0,0.0,0.0,0.0,0.0,0.0,1,1,0,False,False,False,False,False,OTHER,OTHER,REGRESSED
913,0.93544215,0.9549999,0.01955775,0.96134603,0.99999994,0.03865391,0.875,0.85,-0.025,0.0,0.0,0.0,0.0,0.0,0.0,0.0,0.0,0.0,1,1,0,False,False,False,False,False,OTHER,OTHER,IMPROVED
914,1.0,1.0,0.0,1.0,1.0,0.0,1.0,1.0,0.0,0.0,0.0,0.0,0.0,0.0,0.0,0.0,0.0,0.0,1,1,0,False,False,False,False,False,OTHER,OTHER,UNCHANGED
915,0.9137953,0.95628613,0.0424908299999999,0.9250647,0.9375516,0.0124869,0.8875,1.0,0.1125,0.0,0.0,0.0,0.0,0.0,0.0,0.0,0.0,0.0,1,1,0,False,False,False,False,False,OTHER,OTHER,IMPROVED
916,1.0,1.0,0.0,1.0,1.0,0.0,1.0,1.0,0.0,0.0,0.0,0.0,0.0,0.0,0.0,0.0,0.0,0.0,1,1,0,False,False,False,False,False,OTHER,OTHER,UNCHANGED
917,0.9295972,0.9471372,0.01754,0.89942455,0.92448163,0.02505708,1.0,1.0,0.0,0.0,0.0,0.0,0.0,0.0,0.0,0.0,0.0,0.0,1,1,0,False,False,False,False,False,OTHER,OTHER,IMPROVED
918,1.0,0.9312143,-0.0687856999999999,1.0,0.9017346,-0.0982653999999999,1.0,1.0,0.0,0.0,0.0,0.0,0.0,0.0,0.0,0.0,0.0,0.0,1,1,0,False,False,False,False,False,OTHER,OTHER,REGRESSED
919,0.89125425,0.8433289,-0.0479253499999999,0.84464884,0.7761841,-0.0684647399999999,1.0,1.0,0.0,0.0,0.0,0.0,0.0,0.0,0.0,0.0,0.0,0.0,1,1,0,False,False,False,False,False,OTHER,OTHER,REGRESSED
920,0.7905187,0.83617973,0.0456610299999999,0.7596695,0.7981138,0.0384442999999999,0.8625,0.925,0.0625,0.0,0.0,0.0,0.0,0.0,0.0,0.0,0.0,0.0,1,1,0,False,False,False,False,False,OTHER,OTHER,IMPROVED
921,0.9431697,0.8058862,-0.1372835,0.9509567,0.7548374,-0.1961193,0.925,0.925,0.0,0.0,0.0,0.0,0.0,0.0,0.0,0.0,0.0,0.0,1,1,0,False,False,False,False,False,OTHER,OTHER,REGRESSED
922,0.9643074,1.0,0.0356925999999999,0.9490106,1.0,0.0509893999999999,1.0,1.0,0.0,0.0,0.0,0.0,0.0,0.0,0.0,0.0,0.0,0.0,1,1,0,False,False,False,False,False,OTHER,OTHER,IMPROVED
923,1.0,0.9435773,-0.0564227,1.0,0.91939616,-0.0806038399999999,1.0,1.0,0.0,0.0,0.0,0.0,0.0,0.0,0.0,0.0,0.0,0.0,1,1,0,False,False,False,False,False,OTHER,OTHER,REGRESSED
924,0.9224659,0.956216,0.0337501,0.93745136,0.93745136,0.0,0.8875,1.0,0.1125,0.0,0.0,0.0,0.0,0.0,0.0,0.0,0.0,0.0,1,1,0,False,False,False,False,False,OTHER,OTHER,IMPROVED
925,0.91,0.95874995,0.0487499499999999,1.0,1.0,0.0,0.7,0.8625,0.1625000000000001,0.0,0.0,0.0,0.0,0.0,0.0,0.0,0.0,0.0,1,1,0,False,False,False,False,False,OTHER,OTHER,IMPROVED
926,0.96060735,0.9518612,-0.00874615,0.9437248,0.93123025,-0.0124945499999999,1.0,1.0,0.0,0.0,0.0,0.0,0.0,0.0,0.0,0.0,0.0,0.0,1,1,0,False,False,False,False,False,OTHER,OTHER,REGRESSED
927,0.9561591,0.88604546,-0.07011364,0.9373702,0.83720773,-0.10016247,1.0,1.0,0.0,0.0,0.0,0.0,0.0,0.0,0.0,0.0,0.0,0.0,1,1,0,False,False,False,False,False,OTHER,OTHER,REGRESSED
928,1.0,0.9189853,-0.0810147,1.0,0.8842647,-0.1157352999999999,1.0,1.0,0.0,0.0,0.0,0.0,0.0,0.0,0.0,0.0,0.0,0.0,1,1,0,False,False,False,False,False,OTHER,OTHER,REGRESSED
929,1.0,0.0,-1.0,1.0,1.0,0.0,1.0,1.0,0.0,0.0,0.0,0.0,0.0,1.0,1.0,0.0,0.0,0.0,1,0,-1,False,True,False,True,False,OTHER,OVERLAP_ONLY,NEW_ZERO
930,0.96625006,0.9649469,-0.0013031599999999,1.0,0.9499243,-0.0500756999999999,0.8875,1.0,0.1125,0.0,0.0,0.0,0.0,0.0,0.0,0.0,0.0,0.0,1,1,0,False,False,False,False,False,OTHER,OTHER,REGRESSED
931,0.8921264,0.93352336,0.04139696,0.8994662,0.9371763,0.0377100999999999,0.875,0.925,0.05,0.0,0.0,0.0,0.0,0.0,0.0,0.0,0.0,0.0,1,1,0,False,False,False,False,False,OTHER,OTHER,IMPROVED
932,1.0,1.0,0.0,0.99999994,0.99999994,0.0,1.0,1.0,0.0,0.0,0.0,0.0,0.0,0.0,0.0,0.0,0.0,0.0,1,1,0,False,False,False,False,False,OTHER,OTHER,UNCHANGED
933,1.0,0.9913958,-0.0086041999999999,1.0,0.98770815,-0.0122918499999999,1.0,1.0,0.0,0.0,0.0,0.0,0.0,0.0,0.0,0.0,0.0,0.0,1,1,0,False,False,False,False,False,OTHER,OTHER,REGRESSED
934,0.921395,0.93875927,0.01736427,0.8877072,0.91251326,0.0248060599999999,1.0,1.0,0.0,0.0,0.0,0.0,0.0,0.0,0.0,0.0,0.0,0.0,1,1,0,False,False,False,False,False,OTHER,OTHER,IMPROVED
935,0.9170682,0.88740027,-0.02966793,0.98866886,0.9623575,-0.02631136,0.75,0.71250004,-0.03749996,0.0,0.0,0.0,0.0,0.0,0.0,0.0,0.0,0.0,1,1,0,False,False,False,False,False,OTHER,OTHER,REGRESSED
936,1.0,1.0,0.0,1.0,1.0,0.0,1.0,1.0,0.0,0.0,0.0,0.0,0.0,0.0,0.0,0.0,0.0,0.0,1,1,0,False,False,False,False,False,OTHER,OTHER,UNCHANGED
937,0.9325,0.97749996,0.0449999599999999,1.0,1.0,0.0,0.77500004,0.925,0.14999996,0.0,0.0,0.0,0.0,0.0,0.0,0.0,0.0,0.0,1,1,0,False,False,False,False,False,OTHER,OTHER,IMPROVED
938,0.90367985,0.9299372,0.02625735,0.8623999,0.89991033,0.0375104299999999,1.0,1.0,0.0,0.0,0.0,0.0,0.0,0.0,0.0,0.0,0.0,0.0,1,1,0,False,False,False,False,False,OTHER,OTHER,IMPROVED
939,0.87353307,0.92152303,0.04798996,0.81933296,0.88789,0.0685570399999999,1.0,1.0,0.0,0.0,0.0,0.0,0.0,0.0,0.0,0.0,0.0,0.0,1,1,0,False,False,False,False,False,OTHER,OTHER,IMPROVED
940,1.0,1.0,0.0,1.0,1.0,0.0,1.0,1.0,0.0,0.0,0.0,0.0,0.0,0.0,0.0,0.0,0.0,0.0,1,1,0,False,False,False,False,False,OTHER,OTHER,UNCHANGED
941,0.96250004,0.98875,0.02624996,1.0,1.0,0.0,0.875,0.96250004,0.08750004,0.0,0.0,0.0,0.0,0.0,0.0,0.0,0.0,0.0,1,1,0,False,False,False,False,False,OTHER,OTHER,IMPROVED
942,1.0,1.0,0.0,1.0,1.0,0.0,1.0,1.0,0.0,0.0,0.0,0.0,0.0,0.0,0.0,0.0,0.0,0.0,1,1,0,False,False,False,False,False,OTHER,OTHER,UNCHANGED
943,0.8836078,0.75127405,-0.13233375,0.8337254,0.64467716,-0.1890482399999999,1.0,1.0,0.0,0.0,0.0,0.0,0.0,0.0,0.0,0.0,0.0,0.0,1,1,0,False,False,False,False,False,OTHER,OTHER,REGRESSED
944,1.0,1.0,0.0,1.0,1.0,0.0,1.0,1.0,0.0,0.0,0.0,0.0,0.0,0.0,0.0,0.0,0.0,0.0,1,1,0,False,False,False,False,False,OTHER,OTHER,UNCHANGED
945,0.9124796,0.92997533,0.01749573,0.8749709,0.89996475,0.0249938499999999,1.0,1.0,0.0,0.0,0.0,0.0,0.0,0.0,0.0,0.0,0.0,0.0,1,1,0,False,False,False,False,False,OTHER,OTHER,IMPROVED
946,0.9506323,0.8663885,-0.0842437999999999,0.92947465,0.8091265,-0.1203481499999999,1.0,1.0,0.0,0.0,0.0,0.0,0.0,0.0,0.0,0.0,0.0,0.0,1,1,0,False,False,False,False,False,OTHER,OTHER,REGRESSED
947,0.9222537,0.94100374,0.01875004,0.93714815,0.93714815,0.0,0.8875,0.95,0.0625,0.0,0.0,0.0,0.0,0.0,0.0,0.0,0.0,0.0,1,1,0,False,False,False,False,False,OTHER,OTHER,IMPROVED
948,1.0,1.0,0.0,1.0,1.0,0.0,1.0,1.0,0.0,0.0,0.0,0.0,0.0,0.0,0.0,0.0,0.0,0.0,1,1,0,False,False,False,False,False,OTHER,OTHER,UNCHANGED
949,0.89577335,0.93953145,0.0437581,0.8511048,0.9136163,0.0625115,1.0,1.0,0.0,0.0,0.0,0.0,0.0,0.0,0.0,0.0,0.0,0.0,1,1,0,False,False,False,False,False,OTHER,OTHER,IMPROVED
950,1.0,1.0,0.0,0.99999994,0.99999994,0.0,1.0,1.0,0.0,0.0,0.0,0.0,0.0,0.0,0.0,0.0,0.0,0.0,1,1,0,False,False,False,False,False,OTHER,OTHER,UNCHANGED
951,0.9415402,0.9551174,0.0135771999999999,0.9486287,0.93588203,-0.0127466699999999,0.925,1.0,0.0749999999999999,0.0,0.0,0.0,0.0,0.0,0.0,0.0,0.0,0.0,1,1,0,False,False,False,False,False,OTHER,OTHER,IMPROVED
952,1.0,1.0,0.0,1.0,1.0,0.0,1.0,1.0,0.0,0.0,0.0,0.0,0.0,0.0,0.0,0.0,0.0,0.0,1,1,0,False,False,False,False,False,OTHER,OTHER,UNCHANGED
953,0.8268076,0.87420636,0.0473987599999999,0.8704394,0.90600914,0.03556974,0.725,0.8,0.075,0.0,0.0,0.0,0.0,0.0,0.0,0.0,0.0,0.0,1,1,0,False,False,False,False,False,OTHER,OTHER,IMPROVED
954,0.9759394,0.9406358,-0.0353035999999999,0.96562773,0.915194,-0.05043373,1.0,1.0,0.0,0.0,0.0,0.0,0.0,0.0,0.0,0.0,0.0,0.0,1,1,0,False,False,False,False,False,OTHER,OTHER,REGRESSED
955,0.8661653,0.91319937,0.0470340699999999,0.86237895,0.9081419,0.0457629499999999,0.875,0.925,0.05,0.0,0.0,0.0,0.0,0.0,0.0,0.0,0.0,0.0,1,1,0,False,False,False,False,False,OTHER,OTHER,IMPROVED
956,1.0,1.0,0.0,1.0,1.0,0.0,1.0,1.0,0.0,0.0,0.0,0.0,0.0,0.0,0.0,0.0,0.0,0.0,1,1,0,False,False,False,False,False,OTHER,OTHER,UNCHANGED
957,1.0,0.9524584,-0.0475415999999999,1.0,0.9320834,-0.0679166,1.0,1.0,0.0,0.0,0.0,0.0,0.0,0.0,0.0,0.0,0.0,0.0,1,1,0,False,False,False,False,False,OTHER,OTHER,REGRESSED
958,1.0,1.0,0.0,1.0,1.0,0.0,1.0,1.0,0.0,0.0,0.0,0.0,0.0,0.0,0.0,0.0,0.0,0.0,1,1,0,False,False,False,False,False,OTHER,OTHER,UNCHANGED
959,0.87253803,0.87266207,0.0001240399999999,0.87684005,0.8502315,-0.0266085499999999,0.8625,0.925,0.0625,0.0,0.0,0.0,0.0,0.0,0.0,0.0,0.0,0.0,1,1,0,False,False,False,False,False,OTHER,OTHER,IMPROVED
960,1.0,1.0,0.0,1.0,1.0,0.0,1.0,1.0,0.0,0.0,0.0,0.0,0.0,0.0,0.0,0.0,0.0,0.0,1,1,0,False,False,False,False,False,OTHER,OTHER,UNCHANGED
961,0.96624994,0.9910864,0.02483646,0.99999994,0.9872662,-0.01273374,0.8875,1.0,0.1125,0.0,0.0,0.0,0.0,0.0,0.0,0.0,0.0,0.0,1,1,0,False,False,False,False,False,OTHER,OTHER,IMPROVED
962,1.0,1.0,0.0,1.0,1.0,0.0,1.0,1.0,0.0,0.0,0.0,0.0,0.0,0.0,0.0,0.0,0.0,0.0,1,1,0,False,False,False,False,False,OTHER,OTHER,UNCHANGED
963,1.0,1.0,0.0,1.0,1.0,0.0,1.0,1.0,0.0,0.0,0.0,0.0,0.0,0.0,0.0,0.0,0.0,0.0,1,1,0,False,False,False,False,False,OTHER,OTHER,UNCHANGED
964,0.9213568,0.93903583,0.01767903,0.8876525,0.9129083,0.0252558,1.0,1.0,0.0,0.0,0.0,0.0,0.0,0.0,0.0,0.0,0.0,0.0,1,1,0,False,False,False,False,False,OTHER,OTHER,IMPROVED
965,1.0,1.0,0.0,1.0,1.0,0.0,1.0,1.0,0.0,0.0,0.0,0.0,0.0,0.0,0.0,0.0,0.0,0.0,1,1,0,False,False,False,False,False,OTHER,OTHER,UNCHANGED
966,0.96625006,0.93625003,-0.03000003,1.0,1.0,0.0,0.8875,0.7875,-0.0999999999999999,0.0,0.0,0.0,0.0,0.0,0.0,0.0,0.0,0.0,1,1,0,False,False,False,False,False,OTHER,OTHER,REGRESSED
967,1.0,0.93836194,-0.06163806,1.0,0.97087413,-0.0291258699999999,1.0,0.8625,-0.1374999999999999,0.0,0.0,0.0,0.0,0.0,0.0,0.0,0.0,0.0,1,1,0,False,False,False,False,False,OTHER,OTHER,REGRESSED
968,1.0,1.0,0.0,1.0,1.0,0.0,1.0,1.0,0.0,0.0,0.0,0.0,0.0,0.0,0.0,0.0,0.0,0.0,1,1,0,False,False,False,False,False,OTHER,OTHER,UNCHANGED
969,0.9204933,0.98961985,0.06912655,0.886419,0.98517114,0.0987521399999999,1.0,1.0,0.0,0.0,0.0,0.0,0.0,0.0,0.0,0.0,0.0,0.0,1,1,0,False,False,False,False,False,OTHER,OTHER,IMPROVED
970,1.0,1.0,0.0,1.0,1.0,0.0,1.0,1.0,0.0,0.0,0.0,0.0,0.0,0.0,0.0,0.0,0.0,0.0,1,1,0,False,False,False,False,False,OTHER,OTHER,UNCHANGED
971,0.96942216,0.96625006,-0.0031721,0.9884601,1.0,0.0115399,0.925,0.8875,-0.0375,0.0,0.0,0.0,0.0,0.0,0.0,0.0,0.0,0.0,1,1,0,False,False,False,False,False,OTHER,OTHER,REGRESSED
972,1.0,1.0,0.0,1.0,1.0,0.0,1.0,1.0,0.0,0.0,0.0,0.0,0.0,0.0,0.0,0.0,0.0,0.0,1,1,0,False,False,False,False,False,OTHER,OTHER,UNCHANGED
973,0.9024498,0.9357271,0.0332773,0.89814264,0.961753,0.0636103599999999,0.9125,0.875,-0.0374999999999999,0.0,0.0,0.0,0.0,0.0,0.0,0.0,0.0,0.0,1,1,0,False,False,False,False,False,OTHER,OTHER,IMPROVED
974,0.9733313,0.8982298,-0.0751015,0.9619018,0.85461396,-0.10728784,1.0,1.0,0.0,0.0,0.0,0.0,0.0,0.0,0.0,0.0,0.0,0.0,1,1,0,False,False,False,False,False,OTHER,OTHER,REGRESSED
975,0.93799126,0.8758627,-0.06212856,0.97570175,0.95123243,-0.02446932,0.85,0.7,-0.15,0.0,0.0,0.0,0.0,0.0,0.0,0.0,0.0,0.0,1,1,0,False,False,False,False,False,OTHER,OTHER,REGRESSED
976,0.0,0.0,0.0,0.16020693,0.14780958,-0.01239735,1.0,0.4615385,-0.5384614999999999,0.0,1.0,1.0,0.0,1.0,1.0,1.0,0.0,-1.0,0,0,0,True,True,False,False,True,OFFROAD_ONLY,OVERLAP+COLLISION,PERSISTENT_ZERO
977,0.86186737,0.9131814,0.05131403,0.85088193,0.87597346,0.0250915299999999,0.8875,1.0,0.1125,0.0,0.0,0.0,0.0,0.0,0.0,0.0,0.0,0.0,1,1,0,False,False,False,False,False,OTHER,OTHER,IMPROVED
978,0.95874995,0.97749996,0.0187500099999999,1.0,1.0,0.0,0.8625,0.925,0.0625,0.0,0.0,0.0,0.0,0.0,0.0,0.0,0.0,0.0,1,1,0,False,False,False,False,False,OTHER,OTHER,IMPROVED
979,1.0,1.0,0.0,1.0,1.0,0.0,1.0,1.0,0.0,0.0,0.0,0.0,0.0,0.0,0.0,0.0,0.0,0.0,1,1,0,False,False,False,False,False,OTHER,OTHER,UNCHANGED
980,0.8962206,0.9149534,0.0187327999999999,0.8999579,0.93743354,0.03747564,0.8875,0.8625,-0.0249999999999999,0.0,0.0,0.0,0.0,0.0,0.0,0.0,0.0,0.0,1,1,0,False,False,False,False,False,OTHER,OTHER,IMPROVED
981,0.91053814,0.9015884,-0.00894974,0.87219733,0.85941195,-0.0127853799999999,1.0,1.0,0.0,0.0,0.0,0.0,0.0,0.0,0.0,0.0,0.0,0.0,1,1,0,False,False,False,False,False,OTHER,OTHER,REGRESSED
982,0.9213362,0.9562893,0.0349530999999999,0.887623,0.93755615,0.0499331499999999,1.0,1.0,0.0,0.0,0.0,0.0,0.0,0.0,0.0,0.0,0.0,0.0,1,1,0,False,False,False,False,False,OTHER,OTHER,IMPROVED
983,0.96010935,0.91273415,-0.0473751999999999,0.9751561,0.8753345,-0.0998215999999999,0.925,1.0,0.0749999999999999,0.0,0.0,0.0,0.0,0.0,0.0,0.0,0.0,0.0,1,1,0,False,False,False,False,False,OTHER,OTHER,REGRESSED
984,0.8673186,0.9100203,0.0427016999999999,0.8586693,0.8714576,0.0127883,0.8875,1.0,0.1125,0.0,0.0,0.0,0.0,0.0,0.0,0.0,0.0,0.0,1,1,0,False,False,False,False,False,OTHER,OTHER,IMPROVED
985,0.83906597,0.77068776,-0.06837821,0.82366556,0.70455396,-0.1191115999999999,0.875,0.925,0.05,0.0,0.0,0.0,0.0,0.0,0.0,0.0,0.0,0.0,1,1,0,False,False,False,False,False,OTHER,OTHER,REGRESSED
986,0.96625006,1.0,0.0337499399999999,1.0,1.0,0.0,0.8875,1.0,0.1125,0.0,0.0,0.0,0.0,0.0,0.0,0.0,0.0,0.0,1,1,0,False,False,False,False,False,OTHER,OTHER,IMPROVED
987,1.0,1.0,0.0,0.99999994,0.99999994,0.0,1.0,1.0,0.0,0.0,0.0,0.0,0.0,0.0,0.0,0.0,0.0,0.0,1,1,0,False,False,False,False,False,OTHER,OTHER,UNCHANGED
988,0.93007815,0.9650647,0.0349865499999999,0.9001117,0.95009243,0.04998073,1.0,1.0,0.0,0.0,0.0,0.0,0.0,0.0,0.0,0.0,0.0,0.0,1,1,0,False,False,False,False,False,OTHER,OTHER,IMPROVED
989,0.88195765,0.89784336,0.0158857099999999,0.8795823,0.854062,-0.0255203,0.8875,1.0,0.1125,0.0,0.0,0.0,0.0,0.0,0.0,0.0,0.0,0.0,1,1,0,False,False,False,False,False,OTHER,OTHER,IMPROVED
990,0.9213835,0.9452677,0.0238842,0.8876907,0.921811,0.0341202999999999,1.0,1.0,0.0,0.0,0.0,0.0,0.0,0.0,0.0,0.0,0.0,0.0,1,1,0,False,False,False,False,False,OTHER,OTHER,IMPROVED
991,1.0,1.0,0.0,1.0,1.0,0.0,1.0,1.0,0.0,0.0,0.0,0.0,0.0,0.0,0.0,0.0,0.0,0.0,1,1,0,False,False,False,False,False,OTHER,OTHER,UNCHANGED
992,0.9387531,0.9562594,0.0175062999999999,0.91250443,0.9375135,0.0250090699999999,1.0,1.0,0.0,0.0,0.0,0.0,0.0,0.0,0.0,0.0,0.0,0.0,1,1,0,False,False,False,False,False,OTHER,OTHER,IMPROVED
993,0.9005081,0.9275419,0.0270337999999999,0.8578688,0.8964884,0.0386195999999999,1.0,1.0,0.0,0.0,0.0,0.0,0.0,0.0,0.0,0.0,0.0,0.0,1,1,0,False,False,False,False,False,OTHER,OTHER,IMPROVED
994,0.9775425,0.91048795,-0.0670545499999999,0.96791786,0.8721256,-0.09579226,1.0,1.0,0.0,0.0,0.0,0.0,0.0,0.0,0.0,0.0,0.0,0.0,1,1,0,False,False,False,False,False,OTHER,OTHER,REGRESSED
995,1.0,1.0,0.0,1.0,1.0,0.0,1.0,1.0,0.0,0.0,0.0,0.0,0.0,0.0,0.0,0.0,0.0,0.0,1,1,0,False,False,False,False,False,OTHER,OTHER,UNCHANGED
996,0.94750005,0.90666276,-0.04083729,1.0,0.86666113,-0.13333887,0.825,1.0,0.175,0.0,0.0,0.0,0.0,0.0,0.0,0.0,0.0,0.0,1,1,0,False,False,False,False,False,OTHER,OTHER,REGRESSED
997,1.0,0.9378067,-0.0621933,1.0,0.9111524,-0.0888476,1.0,1.0,0.0,0.0,0.0,0.0,0.0,0.0,0.0,0.0,0.0,0.0,1,1,0,False,False,False,False,False,OTHER,OTHER,REGRESSED
998,1.0,1.0,0.0,1.0,1.0,0.0,1.0,1.0,0.0,0.0,0.0,0.0,0.0,0.0,0.0,0.0,0.0,0.0,1,1,0,False,False,False,False,False,OTHER,OTHER,UNCHANGED
999,1.0,1.0,0.0,1.0,1.0,0.0,1.0,1.0,0.0,0.0,0.0,0.0,0.0,0.0,0.0,0.0,0.0,0.0,1,1,0,False,False,False,False,False,OTHER,OTHER,UNCHANGED
1000,0.94422865,1.0,0.05577135,0.97389805,1.0,0.02610195,0.875,1.0,0.125,0.0,0.0,0.0,0.0,0.0,0.0,0.0,0.0,0.0,1,1,0,False,False,False,False,False,OTHER,OTHER,IMPROVED
1001,0.97637206,0.998872,0.0224999399999999,0.99838865,0.99838865,0.0,0.925,1.0,0.0749999999999999,0.0,0.0,0.0,0.0,0.0,0.0,0.0,0.0,0.0,1,1,0,False,False,False,False,False,OTHER,OTHER,IMPROVED
1002,0.9537644,0.99126434,0.03749994,0.9875204,0.9875204,0.0,0.875,1.0,0.125,0.0,0.0,0.0,0.0,0.0,0.0,0.0,0.0,0.0,1,1,0,False,False,False,False,False,OTHER,OTHER,IMPROVED
1003,0.94487303,0.98237306,0.03750003,0.9748187,0.9748187,0.0,0.875,1.0,0.125,0.0,0.0,0.0,0.0,0.0,0.0,0.0,0.0,0.0,1,1,0,False,False,False,False,False,OTHER,OTHER,IMPROVED
1004,0.76116157,0.8336862,0.07252463,0.8248736,0.83740884,0.01253524,0.6125,0.825,0.2124999999999999,0.0,0.0,0.0,0.0,0.0,0.0,0.0,0.0,0.0,1,1,0,False,False,False,False,False,OTHER,OTHER,IMPROVED
1005,1.0,1.0,0.0,1.0,1.0,0.0,1.0,1.0,0.0,0.0,0.0,0.0,0.0,0.0,0.0,0.0,0.0,0.0,1,1,0,False,False,False,False,False,OTHER,OTHER,UNCHANGED
1006,0.9919376,1.0,0.0080624,0.9884822,1.0,0.0115178,1.0,1.0,0.0,0.0,0.0,0.0,0.0,0.0,0.0,0.0,0.0,0.0,1,1,0,False,False,False,False,False,OTHER,OTHER,IMPROVED
1007,1.0,1.0,0.0,1.0,1.0,0.0,1.0,1.0,0.0,0.0,0.0,0.0,0.0,0.0,0.0,0.0,0.0,0.0,1,1,0,False,False,False,False,False,OTHER,OTHER,UNCHANGED
1008,0.96560425,1.0,0.0343957499999999,0.9508631,1.0,0.0491369,1.0,1.0,0.0,0.0,0.0,0.0,0.0,0.0,0.0,0.0,0.0,0.0,1,1,0,False,False,False,False,False,OTHER,OTHER,IMPROVED
1009,0.8933382,0.9285051,0.0351669,0.88512594,0.8978644,0.01273846,0.9125,1.0,0.0875,0.0,0.0,0.0,0.0,0.0,0.0,0.0,0.0,0.0,1,1,0,False,False,False,False,False,OTHER,OTHER,IMPROVED
1010,0.828914,0.81253433,-0.01637967,0.9002343,0.7750491,-0.1251852,0.6625,0.90000004,0.23750004,0.0,0.0,0.0,0.0,0.0,0.0,0.0,0.0,0.0,1,1,0,False,False,False,False,False,OTHER,OTHER,REGRESSED
1011,1.0,1.0,0.0,1.0,1.0,0.0,1.0,1.0,0.0,0.0,0.0,0.0,0.0,0.0,0.0,0.0,0.0,0.0,1,1,0,False,False,False,False,False,OTHER,OTHER,UNCHANGED
1012,1.0,1.0,0.0,1.0,1.0,0.0,1.0,1.0,0.0,0.0,0.0,0.0,0.0,0.0,0.0,0.0,0.0,0.0,1,1,0,False,False,False,False,False,OTHER,OTHER,UNCHANGED
1013,0.97749996,0.8813278,-0.0961721599999999,1.0,0.83046824,-0.16953176,0.925,1.0,0.0749999999999999,0.0,0.0,0.0,0.0,0.0,0.0,0.0,0.0,0.0,1,1,0,False,False,False,False,False,OTHER,OTHER,REGRESSED
1014,0.95682925,0.96057934,0.00375009,0.9972561,0.9972561,0.0,0.8625,0.875,0.0124999999999999,0.0,0.0,0.0,0.0,0.0,0.0,0.0,0.0,0.0,1,1,0,False,False,False,False,False,OTHER,OTHER,IMPROVED
1015,0.8750066,0.88249874,0.0074921399999999,0.8750094,0.9124982,0.0374887999999999,0.875,0.8125,-0.0625,0.0,0.0,0.0,0.0,0.0,0.0,0.0,0.0,0.0,1,1,0,False,False,False,False,False,OTHER,OTHER,IMPROVED
1016,0.85133976,0.90382665,0.0524868899999999,0.82512814,0.86260945,0.0374813099999999,0.9125,1.0,0.0875,0.0,0.0,0.0,0.0,0.0,0.0,0.0,0.0,0.0,1,1,0,False,False,False,False,False,OTHER,OTHER,IMPROVED
1017,1.0,0.96993506,-0.03006494,1.0,0.9570501,-0.0429498999999999,1.0,1.0,0.0,0.0,0.0,0.0,0.0,0.0,0.0,0.0,0.0,0.0,1,1,0,False,False,False,False,False,OTHER,OTHER,REGRESSED
1018,1.0,0.9378983,-0.0621017,0.99999994,0.9112832,-0.08871674,1.0,1.0,0.0,0.0,0.0,0.0,0.0,0.0,0.0,0.0,0.0,0.0,1,1,0,False,False,False,False,False,OTHER,OTHER,REGRESSED
1019,0.9229124,0.9817824,0.05887,0.9220177,0.97397476,0.05195706,0.925,1.0,0.0749999999999999,0.0,0.0,0.0,0.0,0.0,0.0,0.0,0.0,0.0,1,1,0,False,False,False,False,False,OTHER,OTHER,IMPROVED
1020,1.0,1.0,0.0,1.0,1.0,0.0,1.0,1.0,0.0,0.0,0.0,0.0,0.0,0.0,0.0,0.0,0.0,0.0,1,1,0,False,False,False,False,False,OTHER,OTHER,UNCHANGED
1021,0.9465851,0.87614316,-0.0704419399999999,0.923693,0.8230617,-0.1006312999999999,1.0,1.0,0.0,0.0,0.0,0.0,0.0,0.0,0.0,0.0,0.0,0.0,1,1,0,False,False,False,False,False,OTHER,OTHER,REGRESSED
1022,0.97749996,1.0,0.02250004,1.0,1.0,0.0,0.925,1.0,0.0749999999999999,0.0,0.0,0.0,0.0,0.0,0.0,0.0,0.0,0.0,1,1,0,False,False,False,False,False,OTHER,OTHER,IMPROVED
1023,1.0,1.0,0.0,1.0,1.0,0.0,1.0,1.0,0.0,0.0,0.0,0.0,0.0,0.0,0.0,0.0,0.0,0.0,1,1,0,False,False,False,False,False,OTHER,OTHER,UNCHANGED
1024,1.0,1.0,0.0,1.0,1.0,0.0,1.0,1.0,0.0,0.0,0.0,0.0,0.0,0.0,0.0,0.0,0.0,0.0,1,1,0,False,False,False,False,False,OTHER,OTHER,UNCHANGED
1025,1.0,1.0,0.0,1.0,1.0,0.0,1.0,1.0,0.0,0.0,0.0,0.0,0.0,0.0,0.0,0.0,0.0,0.0,1,1,0,False,False,False,False,False,OTHER,OTHER,UNCHANGED
1026,1.0,1.0,0.0,1.0,1.0,0.0,1.0,1.0,0.0,0.0,0.0,0.0,0.0,0.0,0.0,0.0,0.0,0.0,1,1,0,False,False,False,False,False,OTHER,OTHER,UNCHANGED
1027,0.9399743,0.947505,0.0075307,0.9624633,0.92500705,-0.0374562499999999,0.8875,1.0,0.1125,0.0,0.0,0.0,0.0,0.0,0.0,0.0,0.0,0.0,1,1,0,False,False,False,False,False,OTHER,OTHER,IMPROVED
1028,0.9765188,0.88053894,-0.09597986,0.96645546,0.82934135,-0.13711411,1.0,1.0,0.0,0.0,0.0,0.0,0.0,0.0,0.0,0.0,0.0,0.0,1,1,0,False,False,False,False,False,OTHER,OTHER,REGRESSED
1029,1.0,1.0,0.0,1.0,1.0,0.0,1.0,1.0,0.0,0.0,0.0,0.0,0.0,0.0,0.0,0.0,0.0,0.0,1,1,0,False,False,False,False,False,OTHER,OTHER,UNCHANGED
1030,0.9505661,1.0,0.0494339,0.98830867,1.0,0.01169133,0.8625,1.0,0.1374999999999999,0.0,0.0,0.0,0.0,0.0,0.0,0.0,0.0,0.0,1,1,0,False,False,False,False,False,OTHER,OTHER,IMPROVED
1031,0.88498384,0.8863911,0.00140726,0.91069114,0.9234157,0.0127245599999999,0.825,0.8,-0.0249999999999999,0.0,0.0,0.0,0.0,0.0,0.0,0.0,0.0,0.0,1,1,0,False,False,False,False,False,OTHER,OTHER,IMPROVED
1032,0.0,0.860588,0.860588,0.63944745,0.80083996,0.16139251,0.8928572,1.0,0.1071427999999999,1.0,0.0,-1.0,1.0,0.0,-1.0,0.0,0.0,0.0,0,1,1,True,False,True,False,False,OVERLAP+COLLISION,OTHER,FIXED_ZERO
1033,1.0,1.0,0.0,1.0,1.0,0.0,1.0,1.0,0.0,0.0,0.0,0.0,0.0,0.0,0.0,0.0,0.0,0.0,1,1,0,False,False,False,False,False,OTHER,OTHER,UNCHANGED
1034,0.90738434,0.9250633,0.01767896,0.89983463,0.92509043,0.0252558,0.925,0.925,0.0,0.0,0.0,0.0,0.0,0.0,0.0,0.0,0.0,0.0,1,1,0,False,False,False,False,False,OTHER,OTHER,IMPROVED
1035,1.0,1.0,0.0,1.0,1.0,0.0,1.0,1.0,0.0,0.0,0.0,0.0,0.0,0.0,0.0,0.0,0.0,0.0,1,1,0,False,False,False,False,False,OTHER,OTHER,UNCHANGED
1036,1.0,0.99121493,-0.0087850699999999,1.0,0.9874498,-0.0125501999999999,1.0,1.0,0.0,0.0,0.0,0.0,0.0,0.0,0.0,0.0,0.0,0.0,1,1,0,False,False,False,False,False,OTHER,OTHER,REGRESSED
1037,1.0,1.0,0.0,1.0,1.0,0.0,1.0,1.0,0.0,0.0,0.0,0.0,0.0,0.0,0.0,0.0,0.0,0.0,1,1,0,False,False,False,False,False,OTHER,OTHER,UNCHANGED
1038,1.0,1.0,0.0,1.0,1.0,0.0,1.0,1.0,0.0,0.0,0.0,0.0,0.0,0.0,0.0,0.0,0.0,0.0,1,1,0,False,False,False,False,False,OTHER,OTHER,UNCHANGED
1039,0.9895555,0.90880406,-0.08075144,0.9850792,0.86972004,-0.11535916,1.0,1.0,0.0,0.0,0.0,0.0,0.0,0.0,0.0,0.0,0.0,0.0,1,1,0,False,False,False,False,False,OTHER,OTHER,REGRESSED
1040,0.97749996,0.95999146,-0.0175084999999999,1.0,0.9749877,-0.0250122999999999,0.925,0.925,0.0,0.0,0.0,0.0,0.0,0.0,0.0,0.0,0.0,0.0,1,1,0,False,False,False,False,False,OTHER,OTHER,REGRESSED
1041,0.8875,0.8593268,-0.0281732,1.0,0.7990382,-0.2009617999999999,0.625,1.0,0.375,0.0,0.0,0.0,0.0,0.0,0.0,0.0,0.0,0.0,1,1,0,False,False,False,False,False,OTHER,OTHER,REGRESSED
1042,0.91031593,0.9012626,-0.0090533299999999,0.8718799,0.8589465,-0.0129334,1.0,1.0,0.0,0.0,0.0,0.0,0.0,0.0,0.0,0.0,0.0,0.0,1,1,0,False,False,False,False,False,OTHER,OTHER,REGRESSED
1043,0.87130684,0.8821966,0.0108897599999999,0.8750811,0.8638522,-0.0112288999999999,0.8625,0.925,0.0625,0.0,0.0,0.0,0.0,0.0,0.0,0.0,0.0,0.0,1,1,0,False,False,False,False,False,OTHER,OTHER,IMPROVED
1044,0.0,0.0,0.0,1.0,1.0,0.0,1.0,1.0,0.0,1.0,1.0,0.0,1.0,1.0,0.0,0.0,0.0,0.0,0,0,0,True,True,False,False,True,OVERLAP+COLLISION,OVERLAP+COLLISION,PERSISTENT_ZERO
1045,0.89217585,0.8899723,-0.0022035499999999,0.9102512,0.94996035,0.0397091499999999,0.85,0.75,-0.0999999999999999,0.0,0.0,0.0,0.0,0.0,0.0,0.0,0.0,0.0,1,1,0,False,False,False,False,False,OTHER,OTHER,REGRESSED
1046,0.0,0.0,0.0,0.6056435,0.5916988,-0.0139447,0.6363636,0.7777778,0.1414141999999999,0.0,0.0,0.0,0.0,0.0,0.0,1.0,1.0,0.0,0,0,0,True,True,False,False,True,OFFROAD_ONLY,OFFROAD_ONLY,PERSISTENT_ZERO
1047,0.90649986,0.88442516,-0.0220747,0.8664284,0.83489305,-0.0315353499999999,1.0,1.0,0.0,0.0,0.0,0.0,0.0,0.0,0.0,0.0,0.0,0.0,1,1,0,False,False,False,False,False,OTHER,OTHER,REGRESSED
1048,0.9433382,0.8664943,-0.0768438999999999,0.9190545,0.80927753,-0.1097769699999999,1.0,1.0,0.0,0.0,0.0,0.0,0.0,0.0,0.0,0.0,0.0,0.0,1,1,0,False,False,False,False,False,OTHER,OTHER,REGRESSED
1049,0.89783114,0.9344465,0.0366153599999999,0.91297305,0.9492093,0.03623625,0.8625,0.90000004,0.0375000399999999,0.0,0.0,0.0,0.0,0.0,0.0,0.0,0.0,0.0,1,1,0,False,False,False,False,False,OTHER,OTHER,IMPROVED
1050,1.0,1.0,0.0,1.0,1.0,0.0,1.0,1.0,0.0,0.0,0.0,0.0,0.0,0.0,0.0,0.0,0.0,0.0,1,1,0,False,False,False,False,False,OTHER,OTHER,UNCHANGED
1051,0.8934683,0.9479395,0.0544712,0.9013832,0.9631279,0.0617446999999999,0.875,0.9125,0.0374999999999999,0.0,0.0,0.0,0.0,0.0,0.0,0.0,0.0,0.0,1,1,0,False,False,False,False,False,OTHER,OTHER,IMPROVED
1052,0.85714954,0.8817943,0.02464476,0.8441422,0.8311347,-0.0130074999999999,0.8875,1.0,0.1125,0.0,0.0,0.0,0.0,0.0,0.0,0.0,0.0,0.0,1,1,0,False,False,False,False,False,OTHER,OTHER,IMPROVED
1053,0.8491007,0.8927235,0.0436227999999999,0.838001,0.9003192,0.0623181999999999,0.875,0.875,0.0,0.0,0.0,0.0,0.0,0.0,0.0,0.0,0.0,0.0,1,1,0,False,False,False,False,False,OTHER,OTHER,IMPROVED
1054,0.96999997,0.96625006,-0.00374991,1.0,1.0,0.0,0.90000004,0.8875,-0.01250004,0.0,0.0,0.0,0.0,0.0,0.0,0.0,0.0,0.0,1,1,0,False,False,False,False,False,OTHER,OTHER,REGRESSED
1055,0.9325,1.0,0.0675,1.0,1.0,0.0,0.77500004,1.0,0.22499996,0.0,0.0,0.0,0.0,0.0,0.0,0.0,0.0,0.0,1,1,0,False,False,False,False,False,OTHER,OTHER,IMPROVED
1056,1.0,1.0,0.0,1.0,1.0,0.0,1.0,1.0,0.0,0.0,0.0,0.0,0.0,0.0,0.0,0.0,0.0,0.0,1,1,0,False,False,False,False,False,OTHER,OTHER,UNCHANGED
1057,1.0,1.0,0.0,1.0,1.0,0.0,1.0,1.0,0.0,0.0,0.0,0.0,0.0,0.0,0.0,0.0,0.0,0.0,1,1,0,False,False,False,False,False,OTHER,OTHER,UNCHANGED
1058,0.84823,0.89457685,0.0463468499999999,0.8367571,0.8493954,0.0126382999999999,0.875,1.0,0.125,0.0,0.0,0.0,0.0,0.0,0.0,0.0,0.0,0.0,1,1,0,False,False,False,False,False,OTHER,OTHER,IMPROVED
1059,0.9351225,0.8796773,-0.0554451999999999,0.9073178,0.8281104,-0.0792073999999999,1.0,1.0,0.0,0.0,0.0,0.0,0.0,0.0,0.0,0.0,0.0,0.0,1,1,0,False,False,False,False,False,OTHER,OTHER,REGRESSED
1060,1.0,1.0,0.0,1.0,1.0,0.0,1.0,1.0,0.0,0.0,0.0,0.0,0.0,0.0,0.0,0.0,0.0,0.0,1,1,0,False,False,False,False,False,OTHER,OTHER,UNCHANGED
1061,0.0,0.91382694,0.91382694,0.5614369,0.8768956,0.3154587,1.0,1.0,0.0,0.0,0.0,0.0,0.0,0.0,0.0,1.0,0.0,-1.0,0,1,1,True,False,True,False,False,OFFROAD_ONLY,OTHER,FIXED_ZERO
1062,1.0,1.0,0.0,1.0,1.0,0.0,1.0,1.0,0.0,0.0,0.0,0.0,0.0,0.0,0.0,0.0,0.0,0.0,1,1,0,False,False,False,False,False,OTHER,OTHER,UNCHANGED
1063,0.0,0.0,0.0,0.073440656,0.02351984,-0.049920816,0.42105263,0.5263158,0.10526317,1.0,1.0,0.0,1.0,1.0,0.0,0.0,0.0,0.0,0,0,0,True,True,False,False,True,OVERLAP+COLLISION,OVERLAP+COLLISION,PERSISTENT_ZERO
1064,1.0,1.0,0.0,1.0,1.0,0.0,1.0,1.0,0.0,0.0,0.0,0.0,0.0,0.0,0.0,0.0,0.0,0.0,1,1,0,False,False,False,False,False,OTHER,OTHER,UNCHANGED
1065,0.88000005,0.92875004,0.04874999,1.0,1.0,0.0,0.6,0.7625,0.1624999999999999,0.0,0.0,0.0,0.0,0.0,0.0,0.0,0.0,0.0,1,1,0,False,False,False,False,False,OTHER,OTHER,IMPROVED
1066,0.9305547,0.9305547,0.0,0.9007924,0.9007924,0.0,1.0,1.0,0.0,0.0,0.0,0.0,0.0,0.0,0.0,0.0,0.0,0.0,1,1,0,False,False,False,False,False,OTHER,OTHER,UNCHANGED
1067,0.81177753,0.87953395,0.06775642,0.7953964,0.89754856,0.10215216,0.85,0.83750004,-0.0124999599999999,0.0,0.0,0.0,0.0,0.0,0.0,0.0,0.0,0.0,1,1,0,False,False,False,False,False,OTHER,OTHER,IMPROVED
1068,0.8749725,0.9387247,0.0637521999999999,0.87496084,0.9124639,0.03750306,0.875,1.0,0.125,0.0,0.0,0.0,0.0,0.0,0.0,0.0,0.0,0.0,1,1,0,False,False,False,False,False,OTHER,OTHER,IMPROVED
1069,0.88862914,0.9044549,0.0158257599999999,0.889113,0.938507,0.0493939999999999,0.8875,0.825,-0.0625,0.0,0.0,0.0,0.0,0.0,0.0,0.0,0.0,0.0,1,1,0,False,False,False,False,False,OTHER,OTHER,IMPROVED
1070,1.0,0.97375005,-0.0262499499999999,1.0,1.0,0.0,1.0,0.9125,-0.0875,0.0,0.0,0.0,0.0,0.0,0.0,0.0,0.0,0.0,1,1,0,False,False,False,False,False,OTHER,OTHER,REGRESSED
1071,1.0,1.0,0.0,1.0,1.0,0.0,1.0,1.0,0.0,0.0,0.0,0.0,0.0,0.0,0.0,0.0,0.0,0.0,1,1,0,False,False,False,False,False,OTHER,OTHER,UNCHANGED
1072,0.896035,0.9230696,0.0270346,0.9050499,0.8900994,-0.0149504999999999,0.875,1.0,0.125,0.0,0.0,0.0,0.0,0.0,0.0,0.0,0.0,0.0,1,1,0,False,False,False,False,False,OTHER,OTHER,IMPROVED
1073,0.96625006,1.0,0.0337499399999999,1.0,1.0,0.0,0.8875,1.0,0.1125,0.0,0.0,0.0,0.0,0.0,0.0,0.0,0.0,0.0,1,1,0,False,False,False,False,False,OTHER,OTHER,IMPROVED
1074,0.9574931,0.95874995,0.0012568499999999,0.9874902,1.0,0.0125098,0.8875,0.8625,-0.0249999999999999,0.0,0.0,0.0,0.0,0.0,0.0,0.0,0.0,0.0,1,1,0,False,False,False,False,False,OTHER,OTHER,IMPROVED
1075,1.0,1.0,0.0,1.0,1.0,0.0,1.0,1.0,0.0,0.0,0.0,0.0,0.0,0.0,0.0,0.0,0.0,0.0,1,1,0,False,False,False,False,False,OTHER,OTHER,UNCHANGED
1076,0.8953678,0.94680464,0.0514368399999999,0.8987397,0.9240066,0.0252668999999999,0.8875,1.0,0.1125,0.0,0.0,0.0,0.0,0.0,0.0,0.0,0.0,0.0,1,1,0,False,False,False,False,False,OTHER,OTHER,IMPROVED
1077,0.8808085,0.90757716,0.02676866,0.8297263,0.8679674,0.0382410999999999,1.0,1.0,0.0,0.0,0.0,0.0,0.0,0.0,0.0,0.0,0.0,0.0,1,1,0,False,False,False,False,False,OTHER,OTHER,IMPROVED
1078,0.88034624,0.85656196,-0.0237842799999999,0.86120886,0.84865993,-0.01254893,0.925,0.875,-0.05,0.0,0.0,0.0,0.0,0.0,0.0,0.0,0.0,0.0,1,1,0,False,False,False,False,False,OTHER,OTHER,REGRESSED
1079,0.907461,0.93550843,0.0280474299999999,0.8678014,0.94001204,0.0722106400000001,1.0,0.925,-0.0749999999999999,0.0,0.0,0.0,0.0,0.0,0.0,0.0,0.0,0.0,1,1,0,False,False,False,False,False,OTHER,OTHER,IMPROVED
1080,0.9291221,0.8926756,-0.0364464999999999,0.9630315,0.9377509,-0.0252805999999999,0.85,0.7875,-0.0625,0.0,0.0,0.0,0.0,0.0,0.0,0.0,0.0,0.0,1,1,0,False,False,False,False,False,OTHER,OTHER,REGRESSED
1081,0.9037313,0.92999613,0.02626483,0.8624732,0.8999944,0.0375211999999999,1.0,1.0,0.0,0.0,0.0,0.0,0.0,0.0,0.0,0.0,0.0,0.0,1,1,0,False,False,False,False,False,OTHER,OTHER,IMPROVED
1082,1.0,1.0,0.0,1.0,1.0,0.0,1.0,1.0,0.0,0.0,0.0,0.0,0.0,0.0,0.0,0.0,0.0,0.0,1,1,0,False,False,False,False,False,OTHER,OTHER,UNCHANGED
1083,0.9115925,0.88046116,-0.03113134,0.8737036,0.8988731,0.0251694999999999,1.0,0.83750004,-0.16249996,0.0,0.0,0.0,0.0,0.0,0.0,0.0,0.0,0.0,1,1,0,False,False,False,False,False,OTHER,OTHER,REGRESSED
1084,0.9300486,0.95627415,0.02622555,0.9000693,0.93753445,0.03746515,1.0,1.0,0.0,0.0,0.0,0.0,0.0,0.0,0.0,0.0,0.0,0.0,1,1,0,False,False,False,False,False,OTHER,OTHER,IMPROVED
1085,1.0,1.0,0.0,1.0,1.0,0.0,1.0,1.0,0.0,0.0,0.0,0.0,0.0,0.0,0.0,0.0,0.0,0.0,1,1,0,False,False,False,False,False,OTHER,OTHER,UNCHANGED
1086,0.8463898,0.89089245,0.0445026499999999,0.83412826,0.89770335,0.06357509,0.875,0.875,0.0,0.0,0.0,0.0,0.0,0.0,0.0,0.0,0.0,0.0,1,1,0,False,False,False,False,False,OTHER,OTHER,IMPROVED
1087,0.96534806,0.96534806,0.0,0.95049727,0.95049727,0.0,1.0,1.0,0.0,0.0,0.0,0.0,0.0,0.0,0.0,0.0,0.0,0.0,1,1,0,False,False,False,False,False,OTHER,OTHER,UNCHANGED
1088,0.97749996,0.9708557,-0.0066442599999999,0.99999994,0.9583653,-0.04163464,0.925,1.0,0.0749999999999999,0.0,0.0,0.0,0.0,0.0,0.0,0.0,0.0,0.0,1,1,0,False,False,False,False,False,OTHER,OTHER,REGRESSED
1089,1.0,1.0,0.0,1.0,1.0,0.0,1.0,1.0,0.0,0.0,0.0,0.0,0.0,0.0,0.0,0.0,0.0,0.0,1,1,0,False,False,False,False,False,OTHER,OTHER,UNCHANGED
1090,0.97374994,0.90999997,-0.06374997,0.99999994,0.99999994,0.0,0.9125,0.7,-0.2125,0.0,0.0,0.0,0.0,0.0,0.0,0.0,0.0,0.0,1,1,0,False,False,False,False,False,OTHER,OTHER,REGRESSED
1091,0.95125,1.0,0.0487499999999999,1.0,1.0,0.0,0.83750004,1.0,0.16249996,0.0,0.0,0.0,0.0,0.0,0.0,0.0,0.0,0.0,1,1,0,False,False,False,False,False,OTHER,OTHER,IMPROVED
1092,0.97749996,1.0,0.02250004,1.0,1.0,0.0,0.925,1.0,0.0749999999999999,0.0,0.0,0.0,0.0,0.0,0.0,0.0,0.0,0.0,1,1,0,False,False,False,False,False,OTHER,OTHER,IMPROVED
1093,0.95874995,0.8436543,-0.11509565,1.0,0.80879176,-0.19120824,0.8625,0.925,0.0625,0.0,0.0,0.0,0.0,0.0,0.0,0.0,0.0,0.0,1,1,0,False,False,False,False,False,OTHER,OTHER,REGRESSED
1094,0.95357555,0.85290164,-0.10067391,0.9336794,0.78985953,-0.14381987,1.0,1.0,0.0,0.0,0.0,0.0,0.0,0.0,0.0,0.0,0.0,0.0,1,1,0,False,False,False,False,False,OTHER,OTHER,REGRESSED
1095,1.0,0.9372988,-0.0627012,1.0,0.9479267,-0.0520732999999999,1.0,0.9125,-0.0875,0.0,0.0,0.0,0.0,0.0,0.0,0.0,0.0,0.0,1,1,0,False,False,False,False,False,OTHER,OTHER,REGRESSED
1096,0.9137395,0.9477164,0.0339768999999999,0.87677073,0.9253092,0.04853847,1.0,1.0,0.0,0.0,0.0,0.0,0.0,0.0,0.0,0.0,0.0,0.0,1,1,0,False,False,False,False,False,OTHER,OTHER,IMPROVED
1097,0.8490473,0.80690205,-0.0421452499999999,0.8807818,0.81521714,-0.0655646599999999,0.77500004,0.7875,0.0124999599999999,0.0,0.0,0.0,0.0,0.0,0.0,0.0,0.0,0.0,1,1,0,False,False,False,False,False,OTHER,OTHER,REGRESSED
1098,0.82495844,0.8719575,0.04699906,0.84101206,0.8545821,0.01357004,0.7875,0.9125,0.125,0.0,0.0,0.0,0.0,0.0,0.0,0.0,0.0,0.0,1,1,0,False,False,False,False,False,OTHER,OTHER,IMPROVED
1099,0.9652254,0.9738888,0.0086633999999999,0.9503221,0.96269834,0.01237624,1.0,1.0,0.0,0.0,0.0,0.0,0.0,0.0,0.0,0.0,0.0,0.0,1,1,0,False,False,False,False,False,OTHER,OTHER,IMPROVED
1100,1.0,1.0,0.0,1.0,1.0,0.0,1.0,1.0,0.0,0.0,0.0,0.0,0.0,0.0,0.0,0.0,0.0,0.0,1,1,0,False,False,False,False,False,OTHER,OTHER,UNCHANGED
1101,0.9022933,0.91998464,0.01769134,0.860419,0.8856924,0.0252734,1.0,1.0,0.0,0.0,0.0,0.0,0.0,0.0,0.0,0.0,0.0,0.0,1,1,0,False,False,False,False,False,OTHER,OTHER,IMPROVED
1102,0.96149844,0.9289436,-0.0325548399999999,0.9449978,0.8984908,-0.0465069999999999,1.0,1.0,0.0,0.0,0.0,0.0,0.0,0.0,0.0,0.0,0.0,0.0,1,1,0,False,False,False,False,False,OTHER,OTHER,REGRESSED
1103,0.8882126,0.9334032,0.0451905999999999,0.89923227,0.93700457,0.0377723,0.8625,0.925,0.0625,0.0,0.0,0.0,0.0,0.0,0.0,0.0,0.0,0.0,1,1,0,False,False,False,False,False,OTHER,OTHER,IMPROVED
1104,1.0,0.91915363,-0.0808463699999999,0.99999994,0.8845052,-0.11549474,1.0,1.0,0.0,0.0,0.0,0.0,0.0,0.0,0.0,0.0,0.0,0.0,1,1,0,False,False,False,False,False,OTHER,OTHER,REGRESSED
1105,0.97749996,0.9895132,0.01201324,1.0,0.9850189,-0.0149810999999999,0.925,1.0,0.0749999999999999,0.0,0.0,0.0,0.0,0.0,0.0,0.0,0.0,0.0,1,1,0,False,False,False,False,False,OTHER,OTHER,IMPROVED
1106,0.7032937,0.76898706,0.0656933599999999,0.73149097,0.7181958,-0.0132951699999999,0.6375,0.8875,0.25,0.0,0.0,0.0,0.0,0.0,0.0,0.0,0.0,0.0,1,1,0,False,False,False,False,False,OTHER,OTHER,IMPROVED
1107,0.96625006,0.95874995,-0.00750011,1.0,1.0,0.0,0.8875,0.8625,-0.0249999999999999,0.0,0.0,0.0,0.0,0.0,0.0,0.0,0.0,0.0,1,1,0,False,False,False,False,False,OTHER,OTHER,REGRESSED
1108,1.0,1.0,0.0,1.0,1.0,0.0,1.0,1.0,0.0,0.0,0.0,0.0,0.0,0.0,0.0,0.0,0.0,0.0,1,1,0,False,False,False,False,False,OTHER,OTHER,UNCHANGED
1109,0.9922972,0.97682,-0.0154771999999999,0.9889959,0.9668856,-0.0221103,1.0,1.0,0.0,0.0,0.0,0.0,0.0,0.0,0.0,0.0,0.0,0.0,1,1,0,False,False,False,False,False,OTHER,OTHER,REGRESSED
1110,0.9211319,0.92985916,0.00872726,0.88733125,0.89979875,0.0124674999999999,1.0,1.0,0.0,0.0,0.0,0.0,0.0,0.0,0.0,0.0,0.0,0.0,1,1,0,False,False,False,False,False,OTHER,OTHER,IMPROVED
1111,0.89096117,0.93097943,0.04001826,0.8763731,0.9013992,0.0250260999999999,0.925,1.0,0.0749999999999999,0.0,0.0,0.0,0.0,0.0,0.0,0.0,0.0,0.0,1,1,0,False,False,False,False,False,OTHER,OTHER,IMPROVED
1112,0.92035717,0.8151495,-0.1052076699999999,0.8862245,0.7359278,-0.1502966999999999,1.0,1.0,0.0,0.0,0.0,0.0,0.0,0.0,0.0,0.0,0.0,0.0,1,1,0,False,False,False,False,False,OTHER,OTHER,REGRESSED
1113,0.91268176,0.89640325,-0.01627851,0.87525976,0.9002189,0.0249591399999999,1.0,0.8875,-0.1125,0.0,0.0,0.0,0.0,0.0,0.0,0.0,0.0,0.0,1,1,0,False,False,False,False,False,OTHER,OTHER,REGRESSED
1114,0.7823681,0.8510811,0.068713,0.7373116,0.78725874,0.04994714,0.8875,1.0,0.1125,0.0,0.0,0.0,0.0,0.0,0.0,0.0,0.0,0.0,1,1,0,False,False,False,False,False,OTHER,OTHER,IMPROVED
1115,1.0,1.0,0.0,1.0,1.0,0.0,1.0,1.0,0.0,0.0,0.0,0.0,0.0,0.0,0.0,0.0,0.0,0.0,1,1,0,False,False,False,False,False,OTHER,OTHER,UNCHANGED
1116,0.9451069,1.0,0.0548931,0.9215813,1.0,0.0784186999999999,1.0,1.0,0.0,0.0,0.0,0.0,0.0,0.0,0.0,0.0,0.0,0.0,1,1,0,False,False,False,False,False,OTHER,OTHER,IMPROVED
1117,0.93085,0.9646001,0.0337501,0.9494287,0.9494287,0.0,0.8875,1.0,0.1125,0.0,0.0,0.0,0.0,0.0,0.0,0.0,0.0,0.0,1,1,0,False,False,False,False,False,OTHER,OTHER,IMPROVED
1118,0.0,0.0,0.0,0.036647163,0.7662671,0.7296199369999999,1.0,1.0,0.0,1.0,1.0,0.0,1.0,1.0,0.0,0.0,0.0,0.0,0,0,0,True,True,False,False,True,OVERLAP+COLLISION,OVERLAP+COLLISION,PERSISTENT_ZERO
1119,0.86088574,0.82544947,-0.0354362699999999,0.8709082,0.75064206,-0.12026614,0.83750004,1.0,0.16249996,0.0,0.0,0.0,0.0,0.0,0.0,0.0,0.0,0.0,1,1,0,False,False,False,False,False,OTHER,OTHER,REGRESSED
1120,0.9570379,0.9742222,0.0171843,0.9386255,0.96317464,0.0245491399999999,1.0,1.0,0.0,0.0,0.0,0.0,0.0,0.0,0.0,0.0,0.0,0.0,1,1,0,False,False,False,False,False,OTHER,OTHER,IMPROVED
1121,0.8994053,0.89031476,-0.0090905399999999,0.85629326,0.8433068,-0.0129864599999999,1.0,1.0,0.0,0.0,0.0,0.0,0.0,0.0,0.0,0.0,0.0,0.0,1,1,0,False,False,False,False,False,OTHER,OTHER,REGRESSED
1122,0.89560175,0.95574,0.06013825,0.89907396,0.93677133,0.03769737,0.8875,1.0,0.1125,0.0,0.0,0.0,0.0,0.0,0.0,0.0,0.0,0.0,1,1,0,False,False,False,False,False,OTHER,OTHER,IMPROVED
1123,0.8674162,0.9450223,0.0776061,0.9123802,0.97503185,0.06265165,0.7625,0.875,0.1125,0.0,0.0,0.0,0.0,0.0,0.0,0.0,0.0,0.0,1,1,0,False,False,False,False,False,OTHER,OTHER,IMPROVED
1124,1.0,0.0,-1.0,1.0,1.0,0.0,1.0,1.0,0.0,0.0,1.0,1.0,0.0,1.0,1.0,0.0,0.0,0.0,1,0,-1,False,True,False,True,False,OTHER,OVERLAP+COLLISION,NEW_ZERO
1125,0.97375005,0.99991,0.0261599499999999,1.0,0.9998714,-0.0001286,0.9125,1.0,0.0875,0.0,0.0,0.0,0.0,0.0,0.0,0.0,0.0,0.0,1,1,0,False,False,False,False,False,OTHER,OTHER,IMPROVED
1126,0.86889124,0.87015736,0.00126612,0.81270176,0.8627248,0.0500230399999999,1.0,0.8875,-0.1125,0.0,0.0,0.0,0.0,0.0,0.0,0.0,0.0,0.0,1,1,0,False,False,False,False,False,OTHER,OTHER,IMPROVED
1127,1.0,1.0,0.0,1.0,1.0,0.0,1.0,1.0,0.0,0.0,0.0,0.0,0.0,0.0,0.0,0.0,0.0,0.0,1,1,0,False,False,False,False,False,OTHER,OTHER,UNCHANGED
1128,1.0,1.0,0.0,1.0,1.0,0.0,1.0,1.0,0.0,0.0,0.0,0.0,0.0,0.0,0.0,0.0,0.0,0.0,1,1,0,False,False,False,False,False,OTHER,OTHER,UNCHANGED
1129,0.97749996,0.9407134,-0.0367865599999999,0.99999994,0.9528048,-0.04719514,0.925,0.9125,-0.0125,0.0,0.0,0.0,0.0,0.0,0.0,0.0,0.0,0.0,1,1,0,False,False,False,False,False,OTHER,OTHER,REGRESSED
1130,0.9163338,0.95853776,0.04220396,0.88047683,0.94076824,0.06029141,1.0,1.0,0.0,0.0,0.0,0.0,0.0,0.0,0.0,0.0,0.0,0.0,1,1,0,False,False,False,False,False,OTHER,OTHER,IMPROVED
1131,1.0,0.98881054,-0.0111894599999999,1.0,0.98401505,-0.0159849499999999,1.0,1.0,0.0,0.0,0.0,0.0,0.0,0.0,0.0,0.0,0.0,0.0,1,1,0,False,False,False,False,False,OTHER,OTHER,REGRESSED
1132,1.0,0.9441881,-0.0558119,0.99999994,0.9577686,-0.04223134,1.0,0.9125,-0.0875,0.0,0.0,0.0,0.0,0.0,0.0,0.0,0.0,0.0,1,1,0,False,False,False,False,False,OTHER,OTHER,REGRESSED
1133,0.96999997,0.8961464,-0.07385357,1.0,0.85163766,-0.14836234,0.90000004,1.0,0.09999996,0.0,0.0,0.0,0.0,0.0,0.0,0.0,0.0,0.0,1,1,0,False,False,False,False,False,OTHER,OTHER,REGRESSED
1134,1.0,1.0,0.0,1.0,1.0,0.0,1.0,1.0,0.0,0.0,0.0,0.0,0.0,0.0,0.0,0.0,0.0,0.0,1,1,0,False,False,False,False,False,OTHER,OTHER,UNCHANGED
1135,0.96625006,0.9777385,0.0114884399999999,1.0,0.9681978,-0.0318022,0.8875,1.0,0.1125,0.0,0.0,0.0,0.0,0.0,0.0,0.0,0.0,0.0,1,1,0,False,False,False,False,False,OTHER,OTHER,IMPROVED
1136,0.947545,0.95627975,0.00873475,0.9250642,0.9375425,0.0124782999999999,1.0,1.0,0.0,0.0,0.0,0.0,0.0,0.0,0.0,0.0,0.0,0.0,1,1,0,False,False,False,False,False,OTHER,OTHER,IMPROVED
1137,1.0,1.0,0.0,1.0,1.0,0.0,1.0,1.0,0.0,0.0,0.0,0.0,0.0,0.0,0.0,0.0,0.0,0.0,1,1,0,False,False,False,False,False,OTHER,OTHER,UNCHANGED
1138,0.8878131,0.8618682,-0.0259449,0.8933044,0.8669545,-0.0263499,0.875,0.85,-0.025,0.0,0.0,0.0,0.0,0.0,0.0,0.0,0.0,0.0,1,1,0,False,False,False,False,False,OTHER,OTHER,REGRESSED
1139,0.9111435,0.9288805,0.017737,0.87306213,0.89840066,0.0253385299999999,1.0,1.0,0.0,0.0,0.0,0.0,0.0,0.0,0.0,0.0,0.0,0.0,1,1,0,False,False,False,False,False,OTHER,OTHER,IMPROVED
1140,0.98254484,0.9362259,-0.0463189399999999,0.97506404,0.96246547,-0.0125985699999999,1.0,0.875,-0.125,0.0,0.0,0.0,0.0,0.0,0.0,0.0,0.0,0.0,1,1,0,False,False,False,False,False,OTHER,OTHER,REGRESSED
1141,1.0,1.0,0.0,1.0,1.0,0.0,1.0,1.0,0.0,0.0,0.0,0.0,0.0,0.0,0.0,0.0,0.0,0.0,1,1,0,False,False,False,False,False,OTHER,OTHER,UNCHANGED
1142,1.0,1.0,0.0,1.0,1.0,0.0,1.0,1.0,0.0,0.0,0.0,0.0,0.0,0.0,0.0,0.0,0.0,0.0,1,1,0,False,False,False,False,False,OTHER,OTHER,UNCHANGED
1143,0.0,0.0,0.0,0.013795355,0.013795355,0.0,1.0,1.0,0.0,1.0,1.0,0.0,1.0,1.0,0.0,0.0,0.0,0.0,0,0,0,True,True,False,False,True,OVERLAP+COLLISION,OVERLAP+COLLISION,PERSISTENT_ZERO
1144,1.0,1.0,0.0,1.0,1.0,0.0,1.0,1.0,0.0,0.0,0.0,0.0,0.0,0.0,0.0,0.0,0.0,0.0,1,1,0,False,False,False,False,False,OTHER,OTHER,UNCHANGED
1145,0.91238004,0.8923769,-0.0200031399999999,0.8748286,0.8998242,0.0249956,1.0,0.875,-0.125,0.0,0.0,0.0,0.0,0.0,0.0,0.0,0.0,0.0,1,1,0,False,False,False,False,False,OTHER,OTHER,REGRESSED
1146,1.0,1.0,0.0,1.0,1.0,0.0,1.0,1.0,0.0,0.0,0.0,0.0,0.0,0.0,0.0,0.0,0.0,0.0,1,1,0,False,False,False,False,False,OTHER,OTHER,UNCHANGED
1147,0.893339,0.89708894,0.0037499399999999,0.885127,0.885127,0.0,0.9125,0.925,0.0125,0.0,0.0,0.0,0.0,0.0,0.0,0.0,0.0,0.0,1,1,0,False,False,False,False,False,OTHER,OTHER,IMPROVED
1148,0.97749996,1.0,0.02250004,1.0,1.0,0.0,0.925,1.0,0.0749999999999999,0.0,0.0,0.0,0.0,0.0,0.0,0.0,0.0,0.0,1,1,0,False,False,False,False,False,OTHER,OTHER,IMPROVED
1149,1.0,1.0,0.0,1.0,1.0,0.0,1.0,1.0,0.0,0.0,0.0,0.0,0.0,0.0,0.0,0.0,0.0,0.0,1,1,0,False,False,False,False,False,OTHER,OTHER,UNCHANGED
1150,0.0,0.0,0.0,1.0,1.0,0.0,0.0,0.0,0.0,1.0,1.0,0.0,1.0,1.0,0.0,0.0,0.0,0.0,0,0,0,True,True,False,False,True,OVERLAP+COLLISION,OVERLAP+COLLISION,PERSISTENT_ZERO
1151,0.82605135,0.878766,0.05271465,0.83721626,0.8750228,0.0378065399999999,0.8,0.8875,0.0874999999999999,0.0,0.0,0.0,0.0,0.0,0.0,0.0,0.0,0.0,1,1,0,False,False,False,False,False,OTHER,OTHER,IMPROVED
1152,0.91763383,0.9104948,-0.0071390299999999,0.93054825,0.87213534,-0.0584129099999999,0.8875,1.0,0.1125,0.0,0.0,0.0,0.0,0.0,0.0,0.0,0.0,0.0,1,1,0,False,False,False,False,False,OTHER,OTHER,REGRESSED
1153,0.9389618,0.9476801,0.0087183,0.91280264,0.9252572,0.01245456,1.0,1.0,0.0,0.0,0.0,0.0,0.0,0.0,0.0,0.0,0.0,0.0,1,1,0,False,False,False,False,False,OTHER,OTHER,IMPROVED
1154,0.91707385,0.0,-0.91707385,0.97260547,0.47058702,-0.50201845,0.7875,0.7804878,-0.0070122,0.0,0.0,0.0,0.0,0.0,0.0,0.0,1.0,1.0,1,0,-1,False,True,False,True,False,OTHER,OFFROAD_ONLY,NEW_ZERO
1155,0.96624994,1.0,0.03375006,0.99999994,0.99999994,0.0,0.8875,1.0,0.1125,0.0,0.0,0.0,0.0,0.0,0.0,0.0,0.0,0.0,1,1,0,False,False,False,False,False,OTHER,OTHER,IMPROVED
1156,0.9288597,0.9377331,0.0088734,0.898371,0.9110472,0.0126761999999999,1.0,1.0,0.0,0.0,0.0,0.0,0.0,0.0,0.0,0.0,0.0,0.0,1,1,0,False,False,False,False,False,OTHER,OTHER,IMPROVED
1157,1.0,1.0,0.0,1.0,1.0,0.0,1.0,1.0,0.0,0.0,0.0,0.0,0.0,0.0,0.0,0.0,0.0,0.0,1,1,0,False,False,False,False,False,OTHER,OTHER,UNCHANGED
1158,0.95057565,0.95057565,0.0,0.9293937,0.9293937,0.0,1.0,1.0,0.0,0.0,0.0,0.0,0.0,0.0,0.0,0.0,0.0,0.0,1,1,0,False,False,False,False,False,OTHER,OTHER,UNCHANGED
1159,0.9457022,0.9410429,-0.0046593,0.9760031,0.9639899,-0.0120132,0.875,0.8875,0.0124999999999999,0.0,0.0,0.0,0.0,0.0,0.0,0.0,0.0,0.0,1,1,0,False,False,False,False,False,OTHER,OTHER,REGRESSED
1160,0.9399399,0.9699399,0.0299999999999999,0.957057,0.957057,0.0,0.90000004,1.0,0.09999996,0.0,0.0,0.0,0.0,0.0,0.0,0.0,0.0,0.0,1,1,0,False,False,False,False,False,OTHER,OTHER,IMPROVED
1161,0.9124002,0.932321,0.0199207999999999,0.94450027,0.9033156,-0.04118467,0.83750004,1.0,0.16249996,0.0,0.0,0.0,0.0,0.0,0.0,0.0,0.0,0.0,1,1,0,False,False,False,False,False,OTHER,OTHER,IMPROVED
1162,0.89390707,0.8743826,-0.01952447,0.9662958,0.9437608,-0.022535,0.725,0.71250004,-0.0124999599999999,0.0,0.0,0.0,0.0,0.0,0.0,0.0,0.0,0.0,1,1,0,False,False,False,False,False,OTHER,OTHER,REGRESSED
1163,0.95439625,1.0,0.04560375,0.9348518,1.0,0.0651481999999999,1.0,1.0,0.0,0.0,0.0,0.0,0.0,0.0,0.0,0.0,0.0,0.0,1,1,0,False,False,False,False,False,OTHER,OTHER,IMPROVED
1164,0.96625006,0.9408968,-0.02535326,1.0,0.94770974,-0.05229026,0.8875,0.925,0.0375,0.0,0.0,0.0,0.0,0.0,0.0,0.0,0.0,0.0,1,1,0,False,False,False,False,False,OTHER,OTHER,REGRESSED
1165,0.95125,0.97749996,0.0262499599999999,1.0,1.0,0.0,0.83750004,0.925,0.08749996,0.0,0.0,0.0,0.0,0.0,0.0,0.0,0.0,0.0,1,1,0,False,False,False,False,False,OTHER,OTHER,IMPROVED
1166,0.89102286,0.9389147,0.04789184,0.8764612,0.91273516,0.0362739599999999,0.925,1.0,0.0749999999999999,0.0,0.0,0.0,0.0,0.0,0.0,0.0,0.0,0.0,1,1,0,False,False,False,False,False,OTHER,OTHER,IMPROVED
1167,0.9477768,0.9390912,-0.0086855999999999,0.92539537,0.9129874,-0.01240797,1.0,1.0,0.0,0.0,0.0,0.0,0.0,0.0,0.0,0.0,0.0,0.0,1,1,0,False,False,False,False,False,OTHER,OTHER,REGRESSED
1168,0.9125711,0.9474276,0.0348565,0.8751015,0.9248964,0.0497948999999999,1.0,1.0,0.0,0.0,0.0,0.0,0.0,0.0,0.0,0.0,0.0,0.0,1,1,0,False,False,False,False,False,OTHER,OTHER,IMPROVED
1169,0.9850001,0.96625006,-0.01875004,1.0,1.0,0.0,0.95,0.8875,-0.0625,0.0,0.0,0.0,0.0,0.0,0.0,0.0,0.0,0.0,1,1,0,False,False,False,False,False,OTHER,OTHER,REGRESSED
1170,0.856684,0.88220197,0.02551797,0.84883434,0.8852885,0.03645416,0.875,0.875,0.0,0.0,0.0,0.0,0.0,0.0,0.0,0.0,0.0,0.0,1,1,0,False,False,False,False,False,OTHER,OTHER,IMPROVED
1171,0.9520966,0.9745965,0.0224999,0.9637093,0.9637093,0.0,0.925,1.0,0.0749999999999999,0.0,0.0,0.0,0.0,0.0,0.0,0.0,0.0,0.0,1,1,0,False,False,False,False,False,OTHER,OTHER,IMPROVED
1172,0.86481076,0.8997925,0.0349817399999999,0.9247296,0.8997035,-0.0250261,0.725,0.90000004,0.17500004,0.0,0.0,0.0,0.0,0.0,0.0,0.0,0.0,0.0,1,1,0,False,False,False,False,False,OTHER,OTHER,IMPROVED
1173,0.99249995,0.9462309,-0.04626905,0.99999994,0.9231871,-0.07681284,0.975,1.0,0.025,0.0,0.0,0.0,0.0,0.0,0.0,0.0,0.0,0.0,1,1,0,False,False,False,False,False,OTHER,OTHER,REGRESSED
1174,0.9323565,0.97457695,0.0422204499999999,0.9515806,0.96368134,0.01210074,0.8875,1.0,0.1125,0.0,0.0,0.0,0.0,0.0,0.0,0.0,0.0,0.0,1,1,0,False,False,False,False,False,OTHER,OTHER,IMPROVED
1175,0.9297649,0.9194216,-0.0103433,0.9639499,0.97595936,0.01200946,0.85,0.7875,-0.0625,0.0,0.0,0.0,0.0,0.0,0.0,0.0,0.0,0.0,1,1,0,False,False,False,False,False,OTHER,OTHER,REGRESSED
1176,0.9223763,0.99124855,0.0688722499999999,0.93732315,0.9874978,0.0501746499999999,0.8875,1.0,0.1125,0.0,0.0,0.0,0.0,0.0,0.0,0.0,0.0,0.0,1,1,0,False,False,False,False,False,OTHER,OTHER,IMPROVED
1177,0.9822192,1.0,0.0177808,0.9745989,0.99999994,0.0254010399999999,1.0,1.0,0.0,0.0,0.0,0.0,0.0,0.0,0.0,0.0,0.0,0.0,1,1,0,False,False,False,False,False,OTHER,OTHER,IMPROVED
1178,0.8772494,0.88971466,0.01246526,0.862142,0.87459224,0.01245024,0.9125,0.925,0.0125,0.0,0.0,0.0,0.0,0.0,0.0,0.0,0.0,0.0,1,1,0,False,False,False,False,False,OTHER,OTHER,IMPROVED
1179,0.9385131,0.9385131,0.0,0.9121616,0.9121616,0.0,1.0,1.0,0.0,0.0,0.0,0.0,0.0,0.0,0.0,0.0,0.0,0.0,1,1,0,False,False,False,False,False,OTHER,OTHER,UNCHANGED
1180,0.9025,0.97749996,0.0749999599999999,1.0,1.0,0.0,0.675,0.925,0.25,0.0,0.0,0.0,0.0,0.0,0.0,0.0,0.0,0.0,1,1,0,False,False,False,False,False,OTHER,OTHER,IMPROVED
1181,0.9120302,0.9390507,0.0270205,0.874329,0.9129296,0.0386005999999999,1.0,1.0,0.0,0.0,0.0,0.0,0.0,0.0,0.0,0.0,0.0,0.0,1,1,0,False,False,False,False,False,OTHER,OTHER,IMPROVED
1182,0.9395613,0.94587344,0.0063121399999999,0.91365904,0.97624785,0.06258881,1.0,0.875,-0.125,0.0,0.0,0.0,0.0,0.0,0.0,0.0,0.0,0.0,1,1,0,False,False,False,False,False,OTHER,OTHER,IMPROVED
1183,0.87457794,0.87353194,-0.0010459999999999,0.8743971,0.9371884,0.0627913,0.875,0.725,-0.15,0.0,0.0,0.0,0.0,0.0,0.0,0.0,0.0,0.0,1,1,0,False,False,False,False,False,OTHER,OTHER,REGRESSED
1184,0.84193784,0.8977167,0.0557788599999999,0.8224112,0.891381,0.0689697999999999,0.8875,0.9125,0.025,0.0,0.0,0.0,0.0,0.0,0.0,0.0,0.0,0.0,1,1,0,False,False,False,False,False,OTHER,OTHER,IMPROVED
1185,1.0,1.0,0.0,1.0,1.0,0.0,1.0,1.0,0.0,0.0,0.0,0.0,0.0,0.0,0.0,0.0,0.0,0.0,1,1,0,False,False,False,False,False,OTHER,OTHER,UNCHANGED
1186,0.8846594,0.9111975,0.0265381,0.8352278,0.8731392,0.0379114,1.0,1.0,0.0,0.0,0.0,0.0,0.0,0.0,0.0,0.0,0.0,0.0,1,1,0,False,False,False,False,False,OTHER,OTHER,IMPROVED
1187,0.89144135,0.90042174,0.0089803899999999,0.8449163,0.8577453,0.012829,1.0,1.0,0.0,0.0,0.0,0.0,0.0,0.0,0.0,0.0,0.0,0.0,1,1,0,False,False,False,False,False,OTHER,OTHER,IMPROVED
1188,0.88435715,0.91146564,0.0271084899999999,0.83479595,0.87352234,0.03872639,1.0,1.0,0.0,0.0,0.0,0.0,0.0,0.0,0.0,0.0,0.0,0.0,1,1,0,False,False,False,False,False,OTHER,OTHER,IMPROVED
1189,0.9448764,0.8104599,-0.1344164999999999,0.9587519,0.7292285,-0.2295234,0.9125,1.0,0.0875,0.0,0.0,0.0,0.0,0.0,0.0,0.0,0.0,0.0,1,1,0,False,False,False,False,False,OTHER,OTHER,REGRESSED
1190,0.9389725,0.89533466,-0.04363784,0.9128178,0.85047805,-0.06233975,1.0,1.0,0.0,0.0,0.0,0.0,0.0,0.0,0.0,0.0,0.0,0.0,1,1,0,False,False,False,False,False,OTHER,OTHER,REGRESSED
1191,1.0,1.0,0.0,1.0,1.0,0.0,1.0,1.0,0.0,0.0,0.0,0.0,0.0,0.0,0.0,0.0,0.0,0.0,1,1,0,False,False,False,False,False,OTHER,OTHER,UNCHANGED
1192,0.94767755,0.9564028,0.00872525,0.9252536,0.93771833,0.01246473,1.0,1.0,0.0,0.0,0.0,0.0,0.0,0.0,0.0,0.0,0.0,0.0,1,1,0,False,False,False,False,False,OTHER,OTHER,IMPROVED
1193,0.7971304,0.7088401,-0.0882903,0.81732917,0.6751286,-0.14220057,0.75,0.7875,0.0374999999999999,0.0,0.0,0.0,0.0,0.0,0.0,0.0,0.0,0.0,1,1,0,False,False,False,False,False,OTHER,OTHER,REGRESSED
1194,1.0,1.0,0.0,1.0,1.0,0.0,1.0,1.0,0.0,0.0,0.0,0.0,0.0,0.0,0.0,0.0,0.0,0.0,1,1,0,False,False,False,False,False,OTHER,OTHER,UNCHANGED
1195,0.9646444,0.9646444,0.0,0.9494919,0.9494919,0.0,1.0,1.0,0.0,0.0,0.0,0.0,0.0,0.0,0.0,0.0,0.0,0.0,1,1,0,False,False,False,False,False,OTHER,OTHER,UNCHANGED
1196,0.860472,0.81412214,-0.0463498599999999,0.8542457,0.7344601,-0.1197856,0.875,1.0,0.125,0.0,0.0,0.0,0.0,0.0,0.0,0.0,0.0,0.0,1,1,0,False,False,False,False,False,OTHER,OTHER,REGRESSED
1197,0.97749996,0.88867533,-0.0888246299999999,1.0,0.84096473,-0.1590352699999999,0.925,1.0,0.0749999999999999,0.0,0.0,0.0,0.0,0.0,0.0,0.0,0.0,0.0,1,1,0,False,False,False,False,False,OTHER,OTHER,REGRESSED
1198,0.92136604,0.93009835,0.0087323099999999,0.88766575,0.9001406,0.0124748499999999,1.0,1.0,0.0,0.0,0.0,0.0,0.0,0.0,0.0,0.0,0.0,0.0,1,1,0,False,False,False,False,False,OTHER,OTHER,IMPROVED
1199,0.8683758,0.89293635,0.02456055,0.91375107,0.8470518,-0.0666992699999999,0.7625,1.0,0.2375,0.0,0.0,0.0,0.0,0.0,0.0,0.0,0.0,0.0,1,1,0,False,False,False,False,False,OTHER,OTHER,IMPROVED
1200,1.0,0.97749996,-0.02250004,0.99999994,0.99999994,0.0,1.0,0.925,-0.0749999999999999,0.0,0.0,0.0,0.0,0.0,0.0,0.0,0.0,0.0,1,1,0,False,False,False,False,False,OTHER,OTHER,REGRESSED
1201,0.9116095,0.9635517,0.0519422,0.92194206,0.94793093,0.0259888699999999,0.8875,1.0,0.1125,0.0,0.0,0.0,0.0,0.0,0.0,0.0,0.0,0.0,1,1,0,False,False,False,False,False,OTHER,OTHER,IMPROVED
1202,0.90955925,0.94219047,0.0326312199999999,0.92437035,0.9495578,0.02518745,0.875,0.925,0.05,0.0,0.0,0.0,0.0,0.0,0.0,0.0,0.0,0.0,1,1,0,False,False,False,False,False,OTHER,OTHER,IMPROVED
1203,0.8912501,0.9471203,0.0558701999999999,1.0,0.92445755,-0.07554245,0.6375,1.0,0.3625,0.0,0.0,0.0,0.0,0.0,0.0,0.0,0.0,0.0,1,1,0,False,False,False,False,False,OTHER,OTHER,IMPROVED
1204,0.9049393,0.9561653,0.0512259999999999,0.91241336,0.93737894,0.02496558,0.8875,1.0,0.1125,0.0,0.0,0.0,0.0,0.0,0.0,0.0,0.0,0.0,1,1,0,False,False,False,False,False,OTHER,OTHER,IMPROVED
1205,0.96625006,0.8875,-0.07875006,1.0,1.0,0.0,0.8875,0.625,-0.2624999999999999,0.0,0.0,0.0,0.0,0.0,0.0,0.0,0.0,0.0,1,1,0,False,False,False,False,False,OTHER,OTHER,REGRESSED
1206,0.8636408,0.8323909,-0.0312498999999999,0.83734393,0.8248441,-0.0124998299999999,0.925,0.85,-0.075,0.0,0.0,0.0,0.0,0.0,0.0,0.0,0.0,0.0,1,1,0,False,False,False,False,False,OTHER,OTHER,REGRESSED
1207,0.93340033,0.91866875,-0.0147315799999999,0.97985756,0.8838125,-0.09604506,0.825,1.0,0.175,0.0,0.0,0.0,0.0,0.0,0.0,0.0,0.0,0.0,1,1,0,False,False,False,False,False,OTHER,OTHER,REGRESSED
1208,0.95125,1.0,0.0487499999999999,1.0,1.0,0.0,0.83750004,1.0,0.16249996,0.0,0.0,0.0,0.0,0.0,0.0,0.0,0.0,0.0,1,1,0,False,False,False,False,False,OTHER,OTHER,IMPROVED
1209,1.0,1.0,0.0,1.0,1.0,0.0,1.0,1.0,0.0,0.0,0.0,0.0,0.0,0.0,0.0,0.0,0.0,0.0,1,1,0,False,False,False,False,False,OTHER,OTHER,UNCHANGED
1210,0.9999092,0.99932194,-0.00058726,0.99987024,0.99903125,-0.0008389899999999,1.0,1.0,0.0,0.0,0.0,0.0,0.0,0.0,0.0,0.0,0.0,0.0,1,1,0,False,False,False,False,False,OTHER,OTHER,REGRESSED
1211,0.9912018,0.9912018,0.0,0.98743105,0.98743105,0.0,1.0,1.0,0.0,0.0,0.0,0.0,0.0,0.0,0.0,0.0,0.0,0.0,1,1,0,False,False,False,False,False,OTHER,OTHER,UNCHANGED
1212,1.0,1.0,0.0,1.0,1.0,0.0,1.0,1.0,0.0,0.0,0.0,0.0,0.0,0.0,0.0,0.0,0.0,0.0,1,1,0,False,False,False,False,False,OTHER,OTHER,UNCHANGED
1213,1.0,1.0,0.0,1.0,1.0,0.0,1.0,1.0,0.0,0.0,0.0,0.0,0.0,0.0,0.0,0.0,0.0,0.0,1,1,0,False,False,False,False,False,OTHER,OTHER,UNCHANGED
1214,0.96624994,0.9143713,-0.0518786399999999,0.99999994,0.90981615,-0.0901837899999999,0.8875,0.925,0.0375,0.0,0.0,0.0,0.0,0.0,0.0,0.0,0.0,0.0,1,1,0,False,False,False,False,False,OTHER,OTHER,REGRESSED
1215,0.96501285,0.89005834,-0.07495451,0.95001835,0.8750833,-0.07493505,1.0,0.925,-0.0749999999999999,0.0,0.0,0.0,0.0,0.0,0.0,0.0,0.0,0.0,1,1,0,False,False,False,False,False,OTHER,OTHER,REGRESSED
1216,0.87585634,0.9075411,0.0316847599999999,0.8547947,0.86791587,0.01312117,0.925,1.0,0.0749999999999999,0.0,0.0,0.0,0.0,0.0,0.0,0.0,0.0,0.0,1,1,0,False,False,False,False,False,OTHER,OTHER,IMPROVED
1217,0.94070715,0.94070715,0.0,0.9152959,0.9152959,0.0,1.0,1.0,0.0,0.0,0.0,0.0,0.0,0.0,0.0,0.0,0.0,0.0,1,1,0,False,False,False,False,False,OTHER,OTHER,UNCHANGED
1218,1.0,1.0,0.0,1.0,1.0,0.0,1.0,1.0,0.0,0.0,0.0,0.0,0.0,0.0,0.0,0.0,0.0,0.0,1,1,0,False,False,False,False,False,OTHER,OTHER,UNCHANGED
1219,1.0,1.0,0.0,1.0,1.0,0.0,1.0,1.0,0.0,0.0,0.0,0.0,0.0,0.0,0.0,0.0,0.0,0.0,1,1,0,False,False,False,False,False,OTHER,OTHER,UNCHANGED
1220,0.89435863,0.9295668,0.0352081699999999,0.84908384,0.89938104,0.0502971999999999,1.0,1.0,0.0,0.0,0.0,0.0,0.0,0.0,0.0,0.0,0.0,0.0,1,1,0,False,False,False,False,False,OTHER,OTHER,IMPROVED
1221,1.0,1.0,0.0,1.0,1.0,0.0,1.0,1.0,0.0,0.0,0.0,0.0,0.0,0.0,0.0,0.0,0.0,0.0,1,1,0,False,False,False,False,False,OTHER,OTHER,UNCHANGED
1222,0.83989185,0.859869,0.01997715,0.82484543,0.8373129,0.01246747,0.875,0.9125,0.0374999999999999,0.0,0.0,0.0,0.0,0.0,0.0,0.0,0.0,0.0,1,1,0,False,False,False,False,False,OTHER,OTHER,IMPROVED
1223,1.0,1.0,0.0,1.0,1.0,0.0,1.0,1.0,0.0,0.0,0.0,0.0,0.0,0.0,0.0,0.0,0.0,0.0,1,1,0,False,False,False,False,False,OTHER,OTHER,UNCHANGED
1224,0.8075952,0.90636176,0.09876656,0.8858502,0.9251597,0.0393095,0.625,0.8625,0.2375,0.0,0.0,0.0,0.0,0.0,0.0,0.0,0.0,0.0,1,1,0,False,False,False,False,False,OTHER,OTHER,IMPROVED
1225,0.88892174,0.9425835,0.05366176,0.90024525,0.95011926,0.04987401,0.8625,0.925,0.0625,0.0,0.0,0.0,0.0,0.0,0.0,0.0,0.0,0.0,1,1,0,False,False,False,False,False,OTHER,OTHER,IMPROVED
1226,1.0,1.0,0.0,1.0,1.0,0.0,1.0,1.0,0.0,0.0,0.0,0.0,0.0,0.0,0.0,0.0,0.0,0.0,1,1,0,False,False,False,False,False,OTHER,OTHER,UNCHANGED
1227,1.0,0.9084984,-0.0915015999999999,0.99999994,0.86928344,-0.1307165,1.0,1.0,0.0,0.0,0.0,0.0,0.0,0.0,0.0,0.0,0.0,0.0,1,1,0,False,False,False,False,False,OTHER,OTHER,REGRESSED
1228,0.9114795,0.9473993,0.0359198,0.8735421,0.9248562,0.0513141,1.0,1.0,0.0,0.0,0.0,0.0,0.0,0.0,0.0,0.0,0.0,0.0,1,1,0,False,False,False,False,False,OTHER,OTHER,IMPROVED
1229,0.91127986,0.92014277,0.0088629099999999,0.87325704,0.88591826,0.0126612199999999,1.0,1.0,0.0,0.0,0.0,0.0,0.0,0.0,0.0,0.0,0.0,0.0,1,1,0,False,False,False,False,False,OTHER,OTHER,IMPROVED
1230,0.96999997,1.0,0.0300000299999999,1.0,1.0,0.0,0.90000004,1.0,0.09999996,0.0,0.0,0.0,0.0,0.0,0.0,0.0,0.0,0.0,1,1,0,False,False,False,False,False,OTHER,OTHER,IMPROVED
1231,0.8942661,0.9296899,0.0354238,0.8489516,0.899557,0.0506054,1.0,1.0,0.0,0.0,0.0,0.0,0.0,0.0,0.0,0.0,0.0,0.0,1,1,0,False,False,False,False,False,OTHER,OTHER,IMPROVED
1232,0.9998726,0.9983673,-0.0015053,0.999818,0.9976675,-0.0021504999999999,1.0,1.0,0.0,0.0,0.0,0.0,0.0,0.0,0.0,0.0,0.0,0.0,1,1,0,False,False,False,False,False,OTHER,OTHER,REGRESSED
1233,0.9912371,0.97749996,-0.01373714,0.98748153,1.0,0.0125184699999999,1.0,0.925,-0.0749999999999999,0.0,0.0,0.0,0.0,0.0,0.0,0.0,0.0,0.0,1,1,0,False,False,False,False,False,OTHER,OTHER,REGRESSED
1234,1.0,1.0,0.0,1.0,1.0,0.0,1.0,1.0,0.0,0.0,0.0,0.0,0.0,0.0,0.0,0.0,0.0,0.0,1,1,0,False,False,False,False,False,OTHER,OTHER,UNCHANGED
1235,0.96625006,0.9029547,-0.06329536,1.0000001,0.86136377,-0.13863633,0.8875,1.0,0.1125,0.0,0.0,0.0,0.0,0.0,0.0,0.0,0.0,0.0,1,1,0,False,False,False,False,False,OTHER,OTHER,REGRESSED
1236,0.94957227,0.9745474,0.0249751299999999,0.9761747,0.9636392,-0.0125354999999999,0.8875,1.0,0.1125,0.0,0.0,0.0,0.0,0.0,0.0,0.0,0.0,0.0,1,1,0,False,False,False,False,False,OTHER,OTHER,IMPROVED
1237,0.9829931,0.0,-0.9829931,0.9757044,0.9757044,0.0,1.0,1.0,0.0,0.0,1.0,1.0,0.0,1.0,1.0,0.0,0.0,0.0,1,0,-1,False,True,False,True,False,OTHER,OVERLAP+COLLISION,NEW_ZERO
1238,1.0,1.0,0.0,1.0,1.0,0.0,1.0,1.0,0.0,0.0,0.0,0.0,0.0,0.0,0.0,0.0,0.0,0.0,1,1,0,False,False,False,False,False,OTHER,OTHER,UNCHANGED
1239,0.97749996,0.9499027,-0.0275972599999999,0.99999994,0.92843246,-0.07156748,0.925,1.0,0.0749999999999999,0.0,0.0,0.0,0.0,0.0,0.0,0.0,0.0,0.0,1,1,0,False,False,False,False,False,OTHER,OTHER,REGRESSED
1240,0.90603846,0.9172886,0.01125014,0.9139836,0.9139836,0.0,0.8875,0.925,0.0375,0.0,0.0,0.0,0.0,0.0,0.0,0.0,0.0,0.0,1,1,0,False,False,False,False,False,OTHER,OTHER,IMPROVED
1241,1.0,1.0,0.0,1.0,1.0,0.0,1.0,1.0,0.0,0.0,0.0,0.0,0.0,0.0,0.0,0.0,0.0,0.0,1,1,0,False,False,False,False,False,OTHER,OTHER,UNCHANGED
1242,0.97749996,1.0,0.02250004,0.99999994,0.99999994,0.0,0.925,1.0,0.0749999999999999,0.0,0.0,0.0,0.0,0.0,0.0,0.0,0.0,0.0,1,1,0,False,False,False,False,False,OTHER,OTHER,IMPROVED
1243,0.9761093,0.99207956,0.01597026,0.9658704,0.988685,0.0228146,1.0,1.0,0.0,0.0,0.0,0.0,0.0,0.0,0.0,0.0,0.0,0.0,1,1,0,False,False,False,False,False,OTHER,OTHER,IMPROVED
1244,1.0,1.0,0.0,1.0,1.0,0.0,1.0,1.0,0.0,0.0,0.0,0.0,0.0,0.0,0.0,0.0,0.0,0.0,1,1,0,False,False,False,False,False,OTHER,OTHER,UNCHANGED
1245,1.0,1.0,0.0,1.0,1.0,0.0,1.0,1.0,0.0,0.0,0.0,0.0,0.0,0.0,0.0,0.0,0.0,0.0,1,1,0,False,False,False,False,False,OTHER,OTHER,UNCHANGED
1246,0.96250004,0.857253,-0.1052470399999999,1.0,0.7960757,-0.2039242999999999,0.875,1.0,0.125,0.0,0.0,0.0,0.0,0.0,0.0,0.0,0.0,0.0,1,1,0,False,False,False,False,False,OTHER,OTHER,REGRESSED
1247,0.93070954,0.94739306,0.01668352,0.9010136,0.92484725,0.02383365,1.0,1.0,0.0,0.0,0.0,0.0,0.0,0.0,0.0,0.0,0.0,0.0,1,1,0,False,False,False,False,False,OTHER,OTHER,IMPROVED
1248,1.0,1.0,0.0,1.0,1.0,0.0,1.0,1.0,0.0,0.0,0.0,0.0,0.0,0.0,0.0,0.0,0.0,0.0,1,1,0,False,False,False,False,False,OTHER,OTHER,UNCHANGED
1249,1.0,1.0,0.0,1.0,1.0,0.0,1.0,1.0,0.0,0.0,0.0,0.0,0.0,0.0,0.0,0.0,0.0,0.0,1,1,0,False,False,False,False,False,OTHER,OTHER,UNCHANGED
1250,0.9386522,0.9386522,0.0,0.9123603,0.9123603,0.0,1.0,1.0,0.0,0.0,0.0,0.0,0.0,0.0,0.0,0.0,0.0,0.0,1,1,0,False,False,False,False,False,OTHER,OTHER,UNCHANGED
1251,1.0,1.0,0.0,1.0,1.0,0.0,1.0,1.0,0.0,0.0,0.0,0.0,0.0,0.0,0.0,0.0,0.0,0.0,1,1,0,False,False,False,False,False,OTHER,OTHER,UNCHANGED
1252,0.8871843,0.9648722,0.0776878999999999,0.88704896,0.9498173,0.0627683399999999,0.8875,1.0,0.1125,0.0,0.0,0.0,0.0,0.0,0.0,0.0,0.0,0.0,1,1,0,False,False,False,False,False,OTHER,OTHER,IMPROVED
1253,1.0,0.97375005,-0.0262499499999999,1.0,1.0,0.0,1.0,0.9125,-0.0875,0.0,0.0,0.0,0.0,0.0,0.0,0.0,0.0,0.0,1,1,0,False,False,False,False,False,OTHER,OTHER,REGRESSED
1254,0.91255015,0.8476629,-0.0648872499999999,0.9125717,0.82523274,-0.0873389599999999,0.9125,0.90000004,-0.0124999599999999,0.0,0.0,0.0,0.0,0.0,0.0,0.0,0.0,0.0,1,1,0,False,False,False,False,False,OTHER,OTHER,REGRESSED
1255,0.9552507,0.96419317,0.00894247,0.93607235,0.9488474,0.01277505,1.0,1.0,0.0,0.0,0.0,0.0,0.0,0.0,0.0,0.0,0.0,0.0,1,1,0,False,False,False,False,False,OTHER,OTHER,IMPROVED
1256,0.86105484,0.8896471,0.02859226,0.8550783,0.89056724,0.03548894,0.875,0.8875,0.0124999999999999,0.0,0.0,0.0,0.0,0.0,0.0,0.0,0.0,0.0,1,1,0,False,False,False,False,False,OTHER,OTHER,IMPROVED
1257,0.9170637,1.0,0.0829362999999999,0.94580525,1.0,0.0541947499999999,0.85,1.0,0.15,0.0,0.0,0.0,0.0,0.0,0.0,0.0,0.0,0.0,1,1,0,False,False,False,False,False,OTHER,OTHER,IMPROVED
1258,0.94785213,0.94785213,0.0,0.92550313,0.92550313,0.0,1.0,1.0,0.0,0.0,0.0,0.0,0.0,0.0,0.0,0.0,0.0,0.0,1,1,0,False,False,False,False,False,OTHER,OTHER,UNCHANGED
1259,0.9460966,0.9550455,0.0089489,0.9229951,0.9357794,0.0127843,1.0,1.0,0.0,0.0,0.0,0.0,0.0,0.0,0.0,0.0,0.0,0.0,1,1,0,False,False,False,False,False,OTHER,OTHER,IMPROVED
1260,1.0,1.0,0.0,1.0,1.0,0.0,1.0,1.0,0.0,0.0,0.0,0.0,0.0,0.0,0.0,0.0,0.0,0.0,1,1,0,False,False,False,False,False,OTHER,OTHER,UNCHANGED
1261,1.0,1.0,0.0,1.0,1.0,0.0,1.0,1.0,0.0,0.0,0.0,0.0,0.0,0.0,0.0,0.0,0.0,0.0,1,1,0,False,False,False,False,False,OTHER,OTHER,UNCHANGED
1262,0.8774315,0.8811814,0.0037498999999999,0.89990205,0.89990205,0.0,0.825,0.83750004,0.01250004,0.0,0.0,0.0,0.0,0.0,0.0,0.0,0.0,0.0,1,1,0,False,False,False,False,False,OTHER,OTHER,IMPROVED
1263,0.93937415,0.8595198,-0.07985435,0.91339165,0.7993139,-0.1140777499999999,1.0,1.0,0.0,0.0,0.0,0.0,0.0,0.0,0.0,0.0,0.0,0.0,1,1,0,False,False,False,False,False,OTHER,OTHER,REGRESSED
1264,0.9159603,0.89172345,-0.0242368499999999,0.9603005,0.8453192,-0.1149812999999999,0.8125,1.0,0.1875,0.0,0.0,0.0,0.0,0.0,0.0,0.0,0.0,0.0,1,1,0,False,False,False,False,False,OTHER,OTHER,REGRESSED
1265,0.9307793,0.9483057,0.0175264,0.9011132,0.926151,0.0250378,1.0,1.0,0.0,0.0,0.0,0.0,0.0,0.0,0.0,0.0,0.0,0.0,1,1,0,False,False,False,False,False,OTHER,OTHER,IMPROVED
1266,0.9690097,0.93814576,-0.0308639399999999,0.9557281,0.91163677,-0.0440913299999999,1.0,1.0,0.0,0.0,0.0,0.0,0.0,0.0,0.0,0.0,0.0,0.0,1,1,0,False,False,False,False,False,OTHER,OTHER,REGRESSED
1267,1.0,1.0,0.0,1.0,1.0,0.0,1.0,1.0,0.0,0.0,0.0,0.0,0.0,0.0,0.0,0.0,0.0,0.0,1,1,0,False,False,False,False,False,OTHER,OTHER,UNCHANGED
1268,1.0,1.0,0.0,1.0,1.0,0.0,1.0,1.0,0.0,0.0,0.0,0.0,0.0,0.0,0.0,0.0,0.0,0.0,1,1,0,False,False,False,False,False,OTHER,OTHER,UNCHANGED
1269,0.940625,1.0,0.0593749999999999,0.97410715,1.0,0.0258928499999999,0.8625,1.0,0.1374999999999999,0.0,0.0,0.0,0.0,0.0,0.0,0.0,0.0,0.0,1,1,0,False,False,False,False,False,OTHER,OTHER,IMPROVED
1270,1.0,1.0,0.0,1.0,1.0,0.0,1.0,1.0,0.0,0.0,0.0,0.0,0.0,0.0,0.0,0.0,0.0,0.0,1,1,0,False,False,False,False,False,OTHER,OTHER,UNCHANGED
1271,0.9560663,0.89355177,-0.06251453,0.9372376,0.9122167,-0.0250209,1.0,0.85,-0.15,0.0,0.0,0.0,0.0,0.0,0.0,0.0,0.0,0.0,1,1,0,False,False,False,False,False,OTHER,OTHER,REGRESSED
1272,0.0,0.0,0.0,1.0,1.0,0.0,1.0,1.0,0.0,1.0,1.0,0.0,1.0,1.0,0.0,0.0,0.0,0.0,0,0,0,True,True,False,False,True,OVERLAP+COLLISION,OVERLAP+COLLISION,PERSISTENT_ZERO
1273,0.96625006,0.9821831,0.0159330399999999,1.0,0.9745473,-0.0254526999999999,0.8875,1.0,0.1125,0.0,0.0,0.0,0.0,0.0,0.0,0.0,0.0,0.0,1,1,0,False,False,False,False,False,OTHER,OTHER,IMPROVED
1274,0.9336702,1.0,0.0663298,0.937386,0.99999994,0.0626139399999999,0.925,1.0,0.0749999999999999,0.0,0.0,0.0,0.0,0.0,0.0,0.0,0.0,0.0,1,1,0,False,False,False,False,False,OTHER,OTHER,IMPROVED
1275,0.93221724,0.8579342,-0.0742830399999999,0.9031675,0.79704887,-0.1061186299999999,1.0,1.0,0.0,0.0,0.0,0.0,0.0,0.0,0.0,0.0,0.0,0.0,1,1,0,False,False,False,False,False,OTHER,OTHER,REGRESSED
1276,0.9100689,0.9425654,0.0324965,0.9250984,0.9500934,0.0249949999999999,0.875,0.925,0.05,0.0,0.0,0.0,0.0,0.0,0.0,0.0,0.0,0.0,1,1,0,False,False,False,False,False,OTHER,OTHER,IMPROVED
1277,1.0,1.0,0.0,1.0,1.0,0.0,1.0,1.0,0.0,0.0,0.0,0.0,0.0,0.0,0.0,0.0,0.0,0.0,1,1,0,False,False,False,False,False,OTHER,OTHER,UNCHANGED
1278,0.92135155,0.92135155,0.0,0.887645,0.887645,0.0,1.0,1.0,0.0,0.0,0.0,0.0,0.0,0.0,0.0,0.0,0.0,0.0,1,1,0,False,False,False,False,False,OTHER,OTHER,UNCHANGED
1279,0.9804927,0.96133786,-0.01915484,0.97213244,0.9447683,-0.0273641399999999,1.0,1.0,0.0,0.0,0.0,0.0,0.0,0.0,0.0,0.0,0.0,0.0,1,1,0,False,False,False,False,False,OTHER,OTHER,REGRESSED
1280,0.8807551,0.89044744,0.0096923399999999,0.8296502,0.8434964,0.0138462,1.0,1.0,0.0,0.0,0.0,0.0,0.0,0.0,0.0,0.0,0.0,0.0,1,1,0,False,False,False,False,False,OTHER,OTHER,IMPROVED
1281,1.0,1.0,0.0,1.0,1.0,0.0,1.0,1.0,0.0,0.0,0.0,0.0,0.0,0.0,0.0,0.0,0.0,0.0,1,1,0,False,False,False,False,False,OTHER,OTHER,UNCHANGED
1282,0.93986225,0.9312539,-0.00860835,0.91408896,0.90179133,-0.0122976299999999,1.0,1.0,0.0,0.0,0.0,0.0,0.0,0.0,0.0,0.0,0.0,0.0,1,1,0,False,False,False,False,False,OTHER,OTHER,REGRESSED
1283,1.0,1.0,0.0,0.99999994,0.99999994,0.0,1.0,1.0,0.0,0.0,0.0,0.0,0.0,0.0,0.0,0.0,0.0,0.0,1,1,0,False,False,False,False,False,OTHER,OTHER,UNCHANGED
1284,0.97749996,1.0,0.02250004,1.0,1.0,0.0,0.925,1.0,0.0749999999999999,0.0,0.0,0.0,0.0,0.0,0.0,0.0,0.0,0.0,1,1,0,False,False,False,False,False,OTHER,OTHER,IMPROVED
1285,0.94161874,0.9301158,-0.0115029399999999,0.91659826,0.90016544,-0.01643282,1.0,1.0,0.0,0.0,0.0,0.0,0.0,0.0,0.0,0.0,0.0,0.0,1,1,0,False,False,False,False,False,OTHER,OTHER,REGRESSED
1286,1.0,1.0,0.0,1.0,1.0,0.0,1.0,1.0,0.0,0.0,0.0,0.0,0.0,0.0,0.0,0.0,0.0,0.0,1,1,0,False,False,False,False,False,OTHER,OTHER,UNCHANGED
1287,1.0,1.0,0.0,1.0,1.0,0.0,1.0,1.0,0.0,0.0,0.0,0.0,0.0,0.0,0.0,0.0,0.0,0.0,1,1,0,False,False,False,False,False,OTHER,OTHER,UNCHANGED
1288,1.0,1.0,0.0,0.99999994,0.99999994,0.0,1.0,1.0,0.0,0.0,0.0,0.0,0.0,0.0,0.0,0.0,0.0,0.0,1,1,0,False,False,False,False,False,OTHER,OTHER,UNCHANGED
1289,0.89918995,0.93911046,0.0399205099999999,0.88812846,0.91301495,0.0248864899999999,0.925,1.0,0.0749999999999999,0.0,0.0,0.0,0.0,0.0,0.0,0.0,0.0,0.0,1,1,0,False,False,False,False,False,OTHER,OTHER,IMPROVED
1290,0.9123438,0.92985266,0.0175088599999999,0.8747768,0.89978963,0.0250128299999999,1.0,1.0,0.0,0.0,0.0,0.0,0.0,0.0,0.0,0.0,0.0,0.0,1,1,0,False,False,False,False,False,OTHER,OTHER,IMPROVED
1291,1.0,1.0,0.0,1.0,1.0,0.0,1.0,1.0,0.0,0.0,0.0,0.0,0.0,0.0,0.0,0.0,0.0,0.0,1,1,0,False,False,False,False,False,OTHER,OTHER,UNCHANGED
1292,0.903158,0.9416289,0.0384708999999999,0.9152258,0.9648268,0.049601,0.875,0.8875,0.0124999999999999,0.0,0.0,0.0,0.0,0.0,0.0,0.0,0.0,0.0,1,1,0,False,False,False,False,False,OTHER,OTHER,IMPROVED
1293,1.0,1.0,0.0,1.0,1.0,0.0,1.0,1.0,0.0,0.0,0.0,0.0,0.0,0.0,0.0,0.0,0.0,0.0,1,1,0,False,False,False,False,False,OTHER,OTHER,UNCHANGED
1294,0.0,0.9473009,0.9473009,1.0,0.9247155,-0.0752844999999999,0.91139245,1.0,0.0886075499999999,1.0,0.0,-1.0,1.0,0.0,-1.0,0.0,0.0,0.0,0,1,1,True,False,True,False,False,OVERLAP+COLLISION,OTHER,FIXED_ZERO
1295,0.98136055,0.9626822,-0.0186783499999999,0.9733722,0.94668883,-0.0266833699999999,1.0,1.0,0.0,0.0,0.0,0.0,0.0,0.0,0.0,0.0,0.0,0.0,1,1,0,False,False,False,False,False,OTHER,OTHER,REGRESSED
1296,0.8872572,0.9297659,0.0425087,0.8871532,0.89966565,0.01251245,0.8875,1.0,0.1125,0.0,0.0,0.0,0.0,0.0,0.0,0.0,0.0,0.0,1,1,0,False,False,False,False,False,OTHER,OTHER,IMPROVED
1297,0.98252124,0.98252124,0.0,0.9750303,0.9750303,0.0,1.0,1.0,0.0,0.0,0.0,0.0,0.0,0.0,0.0,0.0,0.0,0.0,1,1,0,False,False,False,False,False,OTHER,OTHER,UNCHANGED
1298,0.8102604,0.8754284,0.065168,0.80930054,0.8220406,0.01274006,0.8125,1.0,0.1875,0.0,0.0,0.0,0.0,0.0,0.0,0.0,0.0,0.0,1,1,0,False,False,False,False,False,OTHER,OTHER,IMPROVED
1299,1.0,1.0,0.0,1.0,1.0,0.0,1.0,1.0,0.0,0.0,0.0,0.0,0.0,0.0,0.0,0.0,0.0,0.0,1,1,0,False,False,False,False,False,OTHER,OTHER,UNCHANGED
1300,0.87883836,0.8603031,-0.01853526,0.826912,0.80043304,-0.0264789599999999,1.0,1.0,0.0,0.0,0.0,0.0,0.0,0.0,0.0,0.0,0.0,0.0,1,1,0,False,False,False,False,False,OTHER,OTHER,REGRESSED
1301,0.97749996,1.0,0.02250004,1.0,1.0,0.0,0.925,1.0,0.0749999999999999,0.0,0.0,0.0,0.0,0.0,0.0,0.0,0.0,0.0,1,1,0,False,False,False,False,False,OTHER,OTHER,IMPROVED
1302,1.0,1.0,0.0,1.0,1.0,0.0,1.0,1.0,0.0,0.0,0.0,0.0,0.0,0.0,0.0,0.0,0.0,0.0,1,1,0,False,False,False,False,False,OTHER,OTHER,UNCHANGED
1303,0.93119764,0.93119764,0.0,0.9017109,0.9017109,0.0,1.0,1.0,0.0,0.0,0.0,0.0,0.0,0.0,0.0,0.0,0.0,0.0,1,1,0,False,False,False,False,False,OTHER,OTHER,UNCHANGED
1304,1.0,1.0,0.0,1.0,1.0,0.0,1.0,1.0,0.0,0.0,0.0,0.0,0.0,0.0,0.0,0.0,0.0,0.0,1,1,0,False,False,False,False,False,OTHER,OTHER,UNCHANGED
1305,1.0,1.0,0.0,1.0,1.0,0.0,1.0,1.0,0.0,0.0,0.0,0.0,0.0,0.0,0.0,0.0,0.0,0.0,1,1,0,False,False,False,False,False,OTHER,OTHER,UNCHANGED
1306,1.0,1.0,0.0,1.0,1.0,0.0,1.0,1.0,0.0,0.0,0.0,0.0,0.0,0.0,0.0,0.0,0.0,0.0,1,1,0,False,False,False,False,False,OTHER,OTHER,UNCHANGED
1307,0.92893755,0.99980605,0.0708685,0.94669646,0.99972296,0.0530265,0.8875,1.0,0.1125,0.0,0.0,0.0,0.0,0.0,0.0,0.0,0.0,0.0,1,1,0,False,False,False,False,False,OTHER,OTHER,IMPROVED
1308,0.98398554,0.98398554,0.0,0.9771222,0.9771222,0.0,1.0,1.0,0.0,0.0,0.0,0.0,0.0,0.0,0.0,0.0,0.0,0.0,1,1,0,False,False,False,False,False,OTHER,OTHER,UNCHANGED
1309,1.0,1.0,0.0,1.0,1.0,0.0,1.0,1.0,0.0,0.0,0.0,0.0,0.0,0.0,0.0,0.0,0.0,0.0,1,1,0,False,False,False,False,False,OTHER,OTHER,UNCHANGED
1310,0.0,1.0,1.0,0.24377638,0.99999994,0.75622356,0.8888889,1.0,0.1111111,1.0,0.0,-1.0,1.0,0.0,-1.0,0.0,0.0,0.0,0,1,1,True,False,True,False,False,OVERLAP+COLLISION,OTHER,FIXED_ZERO
1311,0.97749996,1.0,0.02250004,0.99999994,0.99999994,0.0,0.925,1.0,0.0749999999999999,0.0,0.0,0.0,0.0,0.0,0.0,0.0,0.0,0.0,1,1,0,False,False,False,False,False,OTHER,OTHER,IMPROVED
1312,1.0,1.0,0.0,1.0,1.0,0.0,1.0,1.0,0.0,0.0,0.0,0.0,0.0,0.0,0.0,0.0,0.0,0.0,1,1,0,False,False,False,False,False,OTHER,OTHER,UNCHANGED
1313,0.9214266,0.93017656,0.00874996,0.8877522,0.9002522,0.0124999999999999,1.0,1.0,0.0,0.0,0.0,0.0,0.0,0.0,0.0,0.0,0.0,0.0,1,1,0,False,False,False,False,False,OTHER,OTHER,IMPROVED
1314,0.95201856,0.9139984,-0.0380201599999999,0.931455,0.8771406,-0.0543143999999999,1.0,1.0,0.0,0.0,0.0,0.0,0.0,0.0,0.0,0.0,0.0,0.0,1,1,0,False,False,False,False,False,OTHER,OTHER,REGRESSED
1315,0.9587223,0.9388322,-0.0198901,0.96246046,0.9501174,-0.0123430599999999,0.95,0.9125,-0.0374999999999999,0.0,0.0,0.0,0.0,0.0,0.0,0.0,0.0,0.0,1,1,0,False,False,False,False,False,OTHER,OTHER,REGRESSED
1316,1.0,1.0,0.0,1.0,1.0,0.0,1.0,1.0,0.0,0.0,0.0,0.0,0.0,0.0,0.0,0.0,0.0,0.0,1,1,0,False,False,False,False,False,OTHER,OTHER,UNCHANGED
1317,1.0,1.0,0.0,1.0,1.0,0.0,1.0,1.0,0.0,0.0,0.0,0.0,0.0,0.0,0.0,0.0,0.0,0.0,1,1,0,False,False,False,False,False,OTHER,OTHER,UNCHANGED
1318,0.6510362,1.0,0.3489638,0.54969454,1.0000001,0.4503055600000001,0.8875,1.0,0.1125,0.0,0.0,0.0,0.0,0.0,0.0,0.0,0.0,0.0,1,1,0,False,False,False,False,False,OTHER,OTHER,IMPROVED
1319,0.8939013,0.9206895,0.0267882,0.8484304,0.88669926,0.0382688599999999,1.0,1.0,0.0,0.0,0.0,0.0,0.0,0.0,0.0,0.0,0.0,0.0,1,1,0,False,False,False,False,False,OTHER,OTHER,IMPROVED
1320,0.8724007,0.8067741,-0.0656265999999999,0.9730724,0.9596772,-0.0133951999999999,0.6375,0.45000002,-0.1874999799999999,0.0,0.0,0.0,0.0,0.0,0.0,0.0,0.0,0.0,1,1,0,False,False,False,False,False,OTHER,OTHER,REGRESSED
1321,0.93825704,0.9647156,0.02645856,0.91179574,0.9495936,0.03779786,1.0,1.0,0.0,0.0,0.0,0.0,0.0,0.0,0.0,0.0,0.0,0.0,1,1,0,False,False,False,False,False,OTHER,OTHER,IMPROVED
1322,0.866885,0.8560036,-0.0108814,0.8580501,0.7942909,-0.0637592,0.8875,1.0,0.1125,0.0,0.0,0.0,0.0,0.0,0.0,0.0,0.0,0.0,1,1,0,False,False,False,False,False,OTHER,OTHER,REGRESSED
1323,1.0,1.0,0.0,1.0,1.0,0.0,1.0,1.0,0.0,0.0,0.0,0.0,0.0,0.0,0.0,0.0,0.0,0.0,1,1,0,False,False,False,False,False,OTHER,OTHER,UNCHANGED
1324,0.91815245,0.9576792,0.0395267499999999,0.9152178,0.93954176,0.02432396,0.925,1.0,0.0749999999999999,0.0,0.0,0.0,0.0,0.0,0.0,0.0,0.0,0.0,1,1,0,False,False,False,False,False,OTHER,OTHER,IMPROVED
1325,0.95721895,0.92952627,-0.02769268,0.93888426,0.8993232,-0.03956106,1.0,1.0,0.0,0.0,0.0,0.0,0.0,0.0,0.0,0.0,0.0,0.0,1,1,0,False,False,False,False,False,OTHER,OTHER,REGRESSED
1326,0.8119421,0.89875,0.0868079,0.8759888,1.0,0.1240111999999999,0.6625,0.6625,0.0,0.0,0.0,0.0,0.0,0.0,0.0,0.0,0.0,0.0,1,1,0,False,False,False,False,False,OTHER,OTHER,IMPROVED
1327,0.0,0.9044382,0.9044382,0.99999994,0.92776877,-0.07223117,0.8831169,0.85,-0.0331169,0.0,0.0,0.0,1.0,0.0,-1.0,0.0,0.0,0.0,0,1,1,True,False,True,False,False,OVERLAP_ONLY,OTHER,FIXED_ZERO
1328,0.87404025,0.9692098,0.09516955,0.82005745,0.956014,0.13595655,1.0,1.0,0.0,0.0,0.0,0.0,0.0,0.0,0.0,0.0,0.0,0.0,1,1,0,False,False,False,False,False,OTHER,OTHER,IMPROVED
1329,1.0,1.0,0.0,1.0,1.0,0.0,1.0,1.0,0.0,0.0,0.0,0.0,0.0,0.0,0.0,0.0,0.0,0.0,1,1,0,False,False,False,False,False,OTHER,OTHER,UNCHANGED
1330,0.96625006,1.0,0.0337499399999999,1.0,1.0,0.0,0.8875,1.0,0.1125,0.0,0.0,0.0,0.0,0.0,0.0,0.0,0.0,0.0,1,1,0,False,False,False,False,False,OTHER,OTHER,IMPROVED
1331,0.9585251,0.9669083,0.0083832,0.9407502,0.9527261,0.0119759,1.0,1.0,0.0,0.0,0.0,0.0,0.0,0.0,0.0,0.0,0.0,0.0,1,1,0,False,False,False,False,False,OTHER,OTHER,IMPROVED
1332,0.9351792,0.99329674,0.05811754,0.9609702,0.99042386,0.02945366,0.875,1.0,0.125,0.0,0.0,0.0,0.0,0.0,0.0,0.0,0.0,0.0,1,1,0,False,False,False,False,False,OTHER,OTHER,IMPROVED
1333,0.8304802,0.79194874,-0.0385314599999999,0.84890026,0.7509982,-0.09790206,0.7875,0.8875,0.0999999999999999,0.0,0.0,0.0,0.0,0.0,0.0,0.0,0.0,0.0,1,1,0,False,False,False,False,False,OTHER,OTHER,REGRESSED
1334,0.9169728,0.98282164,0.06584884,0.9510326,0.97545946,0.0244268599999999,0.83750004,1.0,0.16249996,0.0,0.0,0.0,0.0,0.0,0.0,0.0,0.0,0.0,1,1,0,False,False,False,False,False,OTHER,OTHER,IMPROVED
1335,0.89414257,0.8786389,-0.0155036699999999,0.90234655,0.826627,-0.0757195499999999,0.875,1.0,0.125,0.0,0.0,0.0,0.0,0.0,0.0,0.0,0.0,0.0,1,1,0,False,False,False,False,False,OTHER,OTHER,REGRESSED
1336,0.9825392,1.0,0.0174608,0.97505593,1.0,0.0249440699999999,1.0,1.0,0.0,0.0,0.0,0.0,0.0,0.0,0.0,0.0,0.0,0.0,1,1,0,False,False,False,False,False,OTHER,OTHER,IMPROVED
1337,1.0,1.0,0.0,1.0,1.0,0.0,1.0,1.0,0.0,0.0,0.0,0.0,0.0,0.0,0.0,0.0,0.0,0.0,1,1,0,False,False,False,False,False,OTHER,OTHER,UNCHANGED
1338,0.9127771,0.947732,0.0349549,0.8753959,0.9253313,0.0499353999999999,1.0,1.0,0.0,0.0,0.0,0.0,0.0,0.0,0.0,0.0,0.0,0.0,1,1,0,False,False,False,False,False,OTHER,OTHER,IMPROVED
1339,0.92735857,0.9399096,0.01255103,0.9497979,0.9623709,0.012573,0.875,0.8875,0.0124999999999999,0.0,0.0,0.0,0.0,0.0,0.0,0.0,0.0,0.0,1,1,0,False,False,False,False,False,OTHER,OTHER,IMPROVED
1340,1.0,1.0,0.0,1.0,1.0,0.0,1.0,1.0,0.0,0.0,0.0,0.0,0.0,0.0,0.0,0.0,0.0,0.0,1,1,0,False,False,False,False,False,OTHER,OTHER,UNCHANGED
1341,0.91413623,0.91413623,0.0,0.93090886,0.93090886,0.0,0.875,0.875,0.0,0.0,0.0,0.0,0.0,0.0,0.0,0.0,0.0,0.0,1,1,0,False,False,False,False,False,OTHER,OTHER,UNCHANGED
1342,0.9050295,0.9694544,0.0644249,0.9178992,0.9563634,0.0384641999999999,0.875,1.0,0.125,0.0,0.0,0.0,0.0,0.0,0.0,0.0,0.0,0.0,1,1,0,False,False,False,False,False,OTHER,OTHER,IMPROVED
1343,0.9428393,0.88736516,-0.05547414,0.91834193,0.83909315,-0.07924878,1.0,1.0,0.0,0.0,0.0,0.0,0.0,0.0,0.0,0.0,0.0,0.0,1,1,0,False,False,False,False,False,OTHER,OTHER,REGRESSED
1344,0.9735033,0.9244547,-0.0490486,0.96214753,0.9242209,-0.0379266299999999,1.0,0.925,-0.0749999999999999,0.0,0.0,0.0,0.0,0.0,0.0,0.0,0.0,0.0,1,1,0,False,False,False,False,False,OTHER,OTHER,REGRESSED
1345,0.8843048,0.78547925,-0.09882555,0.8347212,0.6935417,-0.1411795,1.0,1.0,0.0,0.0,0.0,0.0,0.0,0.0,0.0,0.0,0.0,0.0,1,1,0,False,False,False,False,False,OTHER,OTHER,REGRESSED
1346,1.0,1.0,0.0,1.0,1.0,0.0,1.0,1.0,0.0,0.0,0.0,0.0,0.0,0.0,0.0,0.0,0.0,0.0,1,1,0,False,False,False,False,False,OTHER,OTHER,UNCHANGED
1347,1.0,0.9563199,-0.0436801,1.0,0.93759984,-0.06240016,1.0,1.0,0.0,0.0,0.0,0.0,0.0,0.0,0.0,0.0,0.0,0.0,1,1,0,False,False,False,False,False,OTHER,OTHER,REGRESSED
1348,1.0,1.0,0.0,1.0,1.0,0.0,1.0,1.0,0.0,0.0,0.0,0.0,0.0,0.0,0.0,0.0,0.0,0.0,1,1,0,False,False,False,False,False,OTHER,OTHER,UNCHANGED
1349,0.8488318,0.87256664,0.0237348399999999,0.8376168,0.85009515,0.0124783499999999,0.875,0.925,0.05,0.0,0.0,0.0,0.0,0.0,0.0,0.0,0.0,0.0,1,1,0,False,False,False,False,False,OTHER,OTHER,IMPROVED
1350,0.91038114,0.94615126,0.03577012,0.8719731,0.92307323,0.05110013,1.0,1.0,0.0,0.0,0.0,0.0,0.0,0.0,0.0,0.0,0.0,0.0,1,1,0,False,False,False,False,False,OTHER,OTHER,IMPROVED
1351,0.9999194,0.9999194,0.0,0.9998849,0.9998849,0.0,1.0,1.0,0.0,0.0,0.0,0.0,0.0,0.0,0.0,0.0,0.0,0.0,1,1,0,False,False,False,False,False,OTHER,OTHER,UNCHANGED
1352,0.88488626,0.89115256,0.0062662999999999,0.88912326,0.87664646,-0.0124767999999999,0.875,0.925,0.05,0.0,0.0,0.0,0.0,0.0,0.0,0.0,0.0,0.0,1,1,0,False,False,False,False,False,OTHER,OTHER,IMPROVED
1353,0.95621854,0.9737255,0.01750696,0.937455,0.9624651,0.0250100999999999,1.0,1.0,0.0,0.0,0.0,0.0,0.0,0.0,0.0,0.0,0.0,0.0,1,1,0,False,False,False,False,False,OTHER,OTHER,IMPROVED
1354,0.92133284,0.93877715,0.0174443099999999,0.8876183,0.9125387,0.0249204,1.0,1.0,0.0,0.0,0.0,0.0,0.0,0.0,0.0,0.0,0.0,0.0,1,1,0,False,False,False,False,False,OTHER,OTHER,IMPROVED
1355,1.0,1.0,0.0,1.0,1.0,0.0,1.0,1.0,0.0,0.0,0.0,0.0,0.0,0.0,0.0,0.0,0.0,0.0,1,1,0,False,False,False,False,False,OTHER,OTHER,UNCHANGED
1356,1.0,0.9653414,-0.0346585999999999,1.0,0.9504876,-0.0495124,1.0,1.0,0.0,0.0,0.0,0.0,0.0,0.0,0.0,0.0,0.0,0.0,1,1,0,False,False,False,False,False,OTHER,OTHER,REGRESSED
1357,1.0,1.0,0.0,1.0,1.0,0.0,1.0,1.0,0.0,0.0,0.0,0.0,0.0,0.0,0.0,0.0,0.0,0.0,1,1,0,False,False,False,False,False,OTHER,OTHER,UNCHANGED
1358,0.8483864,0.90336144,0.0549750399999999,0.8744804,0.86194485,-0.01253555,0.7875,1.0,0.2125,0.0,0.0,0.0,0.0,0.0,0.0,0.0,0.0,0.0,1,1,0,False,False,False,False,False,OTHER,OTHER,IMPROVED
1359,0.93198127,0.9410634,0.00908213,0.9349733,0.9479477,0.0129743999999999,0.925,0.925,0.0,0.0,0.0,0.0,0.0,0.0,0.0,0.0,0.0,0.0,1,1,0,False,False,False,False,False,OTHER,OTHER,IMPROVED
1360,1.0,1.0,0.0,1.0,1.0,0.0,1.0,1.0,0.0,0.0,0.0,0.0,0.0,0.0,0.0,0.0,0.0,0.0,1,1,0,False,False,False,False,False,OTHER,OTHER,UNCHANGED
1361,0.97749996,1.0,0.02250004,1.0,1.0,0.0,0.925,1.0,0.0749999999999999,0.0,0.0,0.0,0.0,0.0,0.0,0.0,0.0,0.0,1,1,0,False,False,False,False,False,OTHER,OTHER,IMPROVED
1362,0.9791085,0.9097477,-0.0693608,0.970155,0.87106806,-0.0990869399999999,1.0,1.0,0.0,0.0,0.0,0.0,0.0,0.0,0.0,0.0,0.0,0.0,1,1,0,False,False,False,False,False,OTHER,OTHER,REGRESSED
1363,1.0,1.0,0.0,1.0,1.0,0.0,1.0,1.0,0.0,0.0,0.0,0.0,0.0,0.0,0.0,0.0,0.0,0.0,1,1,0,False,False,False,False,False,OTHER,OTHER,UNCHANGED
1364,1.0,0.89512646,-0.10487354,1.0,0.8501806,-0.1498194,1.0,1.0,0.0,0.0,0.0,0.0,0.0,0.0,0.0,0.0,0.0,0.0,1,1,0,False,False,False,False,False,OTHER,OTHER,REGRESSED
1365,0.0,0.0,0.0,1.0,1.0,0.0,1.0,1.0,0.0,1.0,1.0,0.0,1.0,1.0,0.0,0.0,0.0,0.0,0,0,0,True,True,False,False,True,OVERLAP+COLLISION,OVERLAP+COLLISION,PERSISTENT_ZERO
1366,0.96999997,0.97749996,0.0074999899999999,1.0,1.0,0.0,0.90000004,0.925,0.02499996,0.0,0.0,0.0,0.0,0.0,0.0,0.0,0.0,0.0,1,1,0,False,False,False,False,False,OTHER,OTHER,IMPROVED
1367,0.9130235,0.87052137,-0.04250213,0.8757478,0.86324483,-0.01250297,1.0,0.8875,-0.1125,0.0,0.0,0.0,0.0,0.0,0.0,0.0,0.0,0.0,1,1,0,False,False,False,False,False,OTHER,OTHER,REGRESSED
1368,1.0,1.0,0.0,1.0,1.0,0.0,1.0,1.0,0.0,0.0,0.0,0.0,0.0,0.0,0.0,0.0,0.0,0.0,1,1,0,False,False,False,False,False,OTHER,OTHER,UNCHANGED
1369,1.0,1.0,0.0,1.0,1.0,0.0,1.0,1.0,0.0,0.0,0.0,0.0,0.0,0.0,0.0,0.0,0.0,0.0,1,1,0,False,False,False,False,False,OTHER,OTHER,UNCHANGED
1370,0.9429407,0.9320428,-0.0108979,0.95062965,0.9029183,-0.04771135,0.925,1.0,0.0749999999999999,0.0,0.0,0.0,0.0,0.0,0.0,0.0,0.0,0.0,1,1,0,False,False,False,False,False,OTHER,OTHER,REGRESSED
1371,1.0,1.0,0.0,1.0,1.0,0.0,1.0,1.0,0.0,0.0,0.0,0.0,0.0,0.0,0.0,0.0,0.0,0.0,1,1,0,False,False,False,False,False,OTHER,OTHER,UNCHANGED
1372,1.0,1.0,0.0,1.0,1.0,0.0,1.0,1.0,0.0,0.0,0.0,0.0,0.0,0.0,0.0,0.0,0.0,0.0,1,1,0,False,False,False,False,False,OTHER,OTHER,UNCHANGED
1373,1.0,1.0,0.0,1.0,1.0,0.0,1.0,1.0,0.0,0.0,0.0,0.0,0.0,0.0,0.0,0.0,0.0,0.0,1,1,0,False,False,False,False,False,OTHER,OTHER,UNCHANGED
1374,1.0,1.0,0.0,1.0,1.0,0.0,1.0,1.0,0.0,0.0,0.0,0.0,0.0,0.0,0.0,0.0,0.0,0.0,1,1,0,False,False,False,False,False,OTHER,OTHER,UNCHANGED
1375,1.0,1.0,0.0,1.0,1.0,0.0,1.0,1.0,0.0,0.0,0.0,0.0,0.0,0.0,0.0,0.0,0.0,0.0,1,1,0,False,False,False,False,False,OTHER,OTHER,UNCHANGED
1376,0.96625006,0.94859314,-0.01765692,1.0,0.9587044,-0.0412955999999999,0.8875,0.925,0.0375,0.0,0.0,0.0,0.0,0.0,0.0,0.0,0.0,0.0,1,1,0,False,False,False,False,False,OTHER,OTHER,REGRESSED
1377,1.0,1.0,0.0,1.0,1.0,0.0,1.0,1.0,0.0,0.0,0.0,0.0,0.0,0.0,0.0,0.0,0.0,0.0,1,1,0,False,False,False,False,False,OTHER,OTHER,UNCHANGED
1378,0.0,0.0,0.0,0.0043420875,0.00929057,0.0049484824999999,1.0,1.0,0.0,1.0,1.0,0.0,1.0,1.0,0.0,0.0,0.0,0.0,0,0,0,True,True,False,False,True,OVERLAP+COLLISION,OVERLAP+COLLISION,PERSISTENT_ZERO
1379,0.91326904,0.92990124,0.0166321999999999,0.87609863,0.8998589,0.02376027,1.0,1.0,0.0,0.0,0.0,0.0,0.0,0.0,0.0,0.0,0.0,0.0,1,1,0,False,False,False,False,False,OTHER,OTHER,IMPROVED
1380,0.9124632,0.8493921,-0.0630711,0.8749475,0.83841735,-0.03653015,1.0,0.875,-0.125,0.0,0.0,0.0,0.0,0.0,0.0,0.0,0.0,0.0,1,1,0,False,False,False,False,False,OTHER,OTHER,REGRESSED
1381,0.99591124,0.99962455,0.0037133099999999,0.99415886,0.9994636,0.00530474,1.0,1.0,0.0,0.0,0.0,0.0,0.0,0.0,0.0,0.0,0.0,0.0,1,1,0,False,False,False,False,False,OTHER,OTHER,IMPROVED
1382,1.0,1.0,0.0,1.0,1.0,0.0,1.0,1.0,0.0,0.0,0.0,0.0,0.0,0.0,0.0,0.0,0.0,0.0,1,1,0,False,False,False,False,False,OTHER,OTHER,UNCHANGED
1383,0.9320883,0.9362974,0.0042090999999999,0.9351262,0.9089962,-0.0261299999999999,0.925,1.0,0.0749999999999999,0.0,0.0,0.0,0.0,0.0,0.0,0.0,0.0,0.0,1,1,0,False,False,False,False,False,OTHER,OTHER,IMPROVED
1384,0.9838886,0.89093155,-0.0929570499999999,0.97698367,0.84418786,-0.1327958099999999,1.0,1.0,0.0,0.0,0.0,0.0,0.0,0.0,0.0,0.0,0.0,0.0,1,1,0,False,False,False,False,False,OTHER,OTHER,REGRESSED
1385,0.8903837,0.8921885,0.0018048,0.89697665,0.84598356,-0.05099309,0.875,1.0,0.125,0.0,0.0,0.0,0.0,0.0,0.0,0.0,0.0,0.0,1,1,0,False,False,False,False,False,OTHER,OTHER,IMPROVED
1386,0.8848395,0.94750005,0.06266055,0.8997707,1.0,0.1002292999999999,0.85,0.825,-0.025,0.0,0.0,0.0,0.0,0.0,0.0,0.0,0.0,0.0,1,1,0,False,False,False,False,False,OTHER,OTHER,IMPROVED
1387,1.0,1.0,0.0,0.99999994,0.99999994,0.0,1.0,1.0,0.0,0.0,0.0,0.0,0.0,0.0,0.0,0.0,0.0,0.0,1,1,0,False,False,False,False,False,OTHER,OTHER,UNCHANGED
1388,0.92252314,0.95874995,0.0362268099999999,0.9375331,0.99999994,0.06246684,0.8875,0.8625,-0.0249999999999999,0.0,0.0,0.0,0.0,0.0,0.0,0.0,0.0,0.0,1,1,0,False,False,False,False,False,OTHER,OTHER,IMPROVED
1389,1.0,1.0,0.0,1.0,1.0,0.0,1.0,1.0,0.0,0.0,0.0,0.0,0.0,0.0,0.0,0.0,0.0,0.0,1,1,0,False,False,False,False,False,OTHER,OTHER,UNCHANGED
1390,0.9572755,0.99102557,0.03375007,0.9871793,0.9871793,0.0,0.8875,1.0,0.1125,0.0,0.0,0.0,0.0,0.0,0.0,0.0,0.0,0.0,1,1,0,False,False,False,False,False,OTHER,OTHER,IMPROVED
1391,0.91264784,0.9464922,0.03384436,0.9234254,0.96106017,0.03763477,0.8875,0.9125,0.025,0.0,0.0,0.0,0.0,0.0,0.0,0.0,0.0,0.0,1,1,0,False,False,False,False,False,OTHER,OTHER,IMPROVED
1392,0.92955226,0.8744957,-0.05505656,0.8993605,0.8207082,-0.0786523,1.0,1.0,0.0,0.0,0.0,0.0,0.0,0.0,0.0,0.0,0.0,0.0,1,1,0,False,False,False,False,False,OTHER,OTHER,REGRESSED
1393,0.97749996,0.9780637,0.00056374,1.0,0.9686624,-0.0313375999999999,0.925,1.0,0.0749999999999999,0.0,0.0,0.0,0.0,0.0,0.0,0.0,0.0,0.0,1,1,0,False,False,False,False,False,OTHER,OTHER,IMPROVED
1394,0.9127288,0.9476313,0.0349024999999999,0.8753268,0.92518747,0.04986067,1.0,1.0,0.0,0.0,0.0,0.0,0.0,0.0,0.0,0.0,0.0,0.0,1,1,0,False,False,False,False,False,OTHER,OTHER,IMPROVED
1395,0.9417934,0.9417934,0.0,0.91684765,0.91684765,0.0,1.0,1.0,0.0,0.0,0.0,0.0,0.0,0.0,0.0,0.0,0.0,0.0,1,1,0,False,False,False,False,False,OTHER,OTHER,UNCHANGED
1396,0.9212658,0.95628756,0.03502176,0.8875225,0.9375536,0.0500310999999999,1.0,1.0,0.0,0.0,0.0,0.0,0.0,0.0,0.0,0.0,0.0,0.0,1,1,0,False,False,False,False,False,OTHER,OTHER,IMPROVED
1397,0.9100248,0.88504964,-0.0249751599999999,0.90360683,0.83578527,-0.0678215599999999,0.925,1.0,0.0749999999999999,0.0,0.0,0.0,0.0,0.0,0.0,0.0,0.0,0.0,1,1,0,False,False,False,False,False,OTHER,OTHER,REGRESSED
1398,0.98275644,0.8424479,-0.1403085399999999,0.97536635,0.7749256,-0.20044075,1.0,1.0,0.0,0.0,0.0,0.0,0.0,0.0,0.0,0.0,0.0,0.0,1,1,0,False,False,False,False,False,OTHER,OTHER,REGRESSED
1399,0.8863899,0.90227747,0.01588757,0.88591427,0.8603964,-0.02551787,0.8875,1.0,0.1125,0.0,0.0,0.0,0.0,0.0,0.0,0.0,0.0,0.0,1,1,0,False,False,False,False,False,OTHER,OTHER,IMPROVED
1400,0.0,0.95036566,0.95036566,0.99999994,0.9290937,-0.07090624,0.82432437,1.0,0.1756756299999999,1.0,0.0,-1.0,1.0,0.0,-1.0,0.0,0.0,0.0,0,1,1,True,False,True,False,False,OVERLAP+COLLISION,OTHER,FIXED_ZERO
1401,0.95413417,0.9755234,0.02138923,0.98269176,0.9650334,-0.0176583599999999,0.8875,1.0,0.1125,0.0,0.0,0.0,0.0,0.0,0.0,0.0,0.0,0.0,1,1,0,False,False,False,False,False,OTHER,OTHER,IMPROVED
1402,0.0,0.0,0.0,1.0,1.0,0.0,1.0,1.0,0.0,1.0,1.0,0.0,1.0,1.0,0.0,0.0,0.0,0.0,0,0,0,True,True,False,False,True,OVERLAP+COLLISION,OVERLAP+COLLISION,PERSISTENT_ZERO
1403,0.9216753,0.9564549,0.0347796,0.88810766,0.93779266,0.0496849999999999,1.0,1.0,0.0,0.0,0.0,0.0,0.0,0.0,0.0,0.0,0.0,0.0,1,1,0,False,False,False,False,False,OTHER,OTHER,IMPROVED
1404,0.9737358,0.92103875,-0.05269705,0.96247965,0.88719815,-0.0752815,1.0,1.0,0.0,0.0,0.0,0.0,0.0,0.0,0.0,0.0,0.0,0.0,1,1,0,False,False,False,False,False,OTHER,OTHER,REGRESSED
1405,0.90498286,0.94749254,0.0425096800000001,0.9124755,0.9249893,0.0125138,0.8875,1.0,0.1125,0.0,0.0,0.0,0.0,0.0,0.0,0.0,0.0,0.0,1,1,0,False,False,False,False,False,OTHER,OTHER,IMPROVED
1406,0.95874995,0.95874995,0.0,1.0,1.0,0.0,0.8625,0.8625,0.0,0.0,0.0,0.0,0.0,0.0,0.0,0.0,0.0,0.0,1,1,0,False,False,False,False,False,OTHER,OTHER,UNCHANGED
1407,0.8450037,0.8212469,-0.0237568,0.85893387,0.84642416,-0.01250971,0.8125,0.7625,-0.05,0.0,0.0,0.0,0.0,0.0,0.0,0.0,0.0,0.0,1,1,0,False,False,False,False,False,OTHER,OTHER,REGRESSED
1408,1.0,0.8762088,-0.1237911999999999,1.0,0.8231554,-0.1768446,1.0,1.0,0.0,0.0,0.0,0.0,0.0,0.0,0.0,0.0,0.0,0.0,1,1,0,False,False,False,False,False,OTHER,OTHER,REGRESSED
1409,0.94905055,0.9828005,0.0337499499999999,0.97542924,0.97542924,0.0,0.8875,1.0,0.1125,0.0,0.0,0.0,0.0,0.0,0.0,0.0,0.0,0.0,1,1,0,False,False,False,False,False,OTHER,OTHER,IMPROVED
1410,1.0,1.0,0.0,1.0,1.0,0.0,1.0,1.0,0.0,0.0,0.0,0.0,0.0,0.0,0.0,0.0,0.0,0.0,1,1,0,False,False,False,False,False,OTHER,OTHER,UNCHANGED
1411,0.96250004,0.94,-0.02250004,1.0,1.0,0.0,0.875,0.8,-0.0749999999999999,0.0,0.0,0.0,0.0,0.0,0.0,0.0,0.0,0.0,1,1,0,False,False,False,False,False,OTHER,OTHER,REGRESSED
1412,0.8621626,0.8809126,0.01875,0.862018,0.862018,0.0,0.8625,0.925,0.0625,0.0,0.0,0.0,0.0,0.0,0.0,0.0,0.0,0.0,1,1,0,False,False,False,False,False,OTHER,OTHER,IMPROVED
1413,0.87566626,0.90230525,0.0266389899999999,0.82238024,0.8604361,0.03805586,1.0,1.0,0.0,0.0,0.0,0.0,0.0,0.0,0.0,0.0,0.0,0.0,1,1,0,False,False,False,False,False,OTHER,OTHER,IMPROVED
1414,0.89402217,0.9652721,0.07124993,0.9503888,0.9503888,0.0,0.7625,1.0,0.2375,0.0,0.0,0.0,0.0,0.0,0.0,0.0,0.0,0.0,1,1,0,False,False,False,False,False,OTHER,OTHER,IMPROVED
1415,1.0,0.965444,-0.034556,0.99999994,0.95063424,-0.0493657,1.0,1.0,0.0,0.0,0.0,0.0,0.0,0.0,0.0,0.0,0.0,0.0,1,1,0,False,False,False,False,False,OTHER,OTHER,REGRESSED
1416,1.0,1.0,0.0,1.0,1.0,0.0,1.0,1.0,0.0,0.0,0.0,0.0,0.0,0.0,0.0,0.0,0.0,0.0,1,1,0,False,False,False,False,False,OTHER,OTHER,UNCHANGED
1417,0.96250004,0.9784153,0.0159152599999999,0.99999994,0.9691648,-0.0308351399999999,0.875,1.0,0.125,0.0,0.0,0.0,0.0,0.0,0.0,0.0,0.0,0.0,1,1,0,False,False,False,False,False,OTHER,OTHER,IMPROVED
1418,0.8802868,0.8840367,0.0037498999999999,0.88790965,0.88790965,0.0,0.8625,0.875,0.0124999999999999,0.0,0.0,0.0,0.0,0.0,0.0,0.0,0.0,0.0,1,1,0,False,False,False,False,False,OTHER,OTHER,IMPROVED
1419,0.9487013,0.95724356,0.00854226,0.926716,0.93891937,0.01220337,1.0,1.0,0.0,0.0,0.0,0.0,0.0,0.0,0.0,0.0,0.0,0.0,1,1,0,False,False,False,False,False,OTHER,OTHER,IMPROVED
1420,0.9649782,0.87739104,-0.08758716,0.9499688,0.82484436,-0.1251244399999999,1.0,1.0,0.0,0.0,0.0,0.0,0.0,0.0,0.0,0.0,0.0,0.0,1,1,0,False,False,False,False,False,OTHER,OTHER,REGRESSED
1421,0.0,0.0,0.0,1.0,1.0,0.0,1.0,1.0,0.0,1.0,1.0,0.0,1.0,1.0,0.0,0.0,0.0,0.0,0,0,0,True,True,False,False,True,OVERLAP+COLLISION,OVERLAP+COLLISION,PERSISTENT_ZERO
1422,1.0,1.0,0.0,1.0,1.0,0.0,1.0,1.0,0.0,0.0,0.0,0.0,0.0,0.0,0.0,0.0,0.0,0.0,1,1,0,False,False,False,False,False,OTHER,OTHER,UNCHANGED
1423,1.0,1.0,0.0,1.0,1.0,0.0,1.0,1.0,0.0,0.0,0.0,0.0,0.0,0.0,0.0,0.0,0.0,0.0,1,1,0,False,False,False,False,False,OTHER,OTHER,UNCHANGED
1424,1.0,0.0,-1.0,1.0,1.0,0.0,1.0,1.0,0.0,0.0,0.0,0.0,0.0,0.0,0.0,0.0,1.0,1.0,1,0,-1,False,True,False,True,False,OTHER,OFFROAD_ONLY,NEW_ZERO
1425,0.96625006,0.9030472,-0.0632028599999999,1.0,0.9097102,-0.0902897999999999,0.8875,0.8875,0.0,0.0,0.0,0.0,0.0,0.0,0.0,0.0,0.0,0.0,1,1,0,False,False,False,False,False,OTHER,OTHER,REGRESSED
1426,0.95300144,0.97168094,0.0186795,0.93285924,0.9595442,0.0266849599999999,1.0,1.0,0.0,0.0,0.0,0.0,0.0,0.0,0.0,0.0,0.0,0.0,1,1,0,False,False,False,False,False,OTHER,OTHER,IMPROVED
1427,0.9285385,0.9375038,0.0089652999999999,0.8979122,0.9107197,0.0128074999999999,1.0,1.0,0.0,0.0,0.0,0.0,0.0,0.0,0.0,0.0,0.0,0.0,1,1,0,False,False,False,False,False,OTHER,OTHER,IMPROVED
1428,0.5490077,0.51897633,-0.03003137,0.35572526,0.31282333,-0.0429019299999999,1.0,1.0,0.0,0.0,0.0,0.0,0.0,0.0,0.0,0.0,0.0,0.0,1,1,0,False,False,False,False,False,OTHER,OTHER,REGRESSED
1429,0.0,0.0,0.0,0.008587202,0.008587202,0.0,1.0,1.0,0.0,0.0,0.0,0.0,1.0,1.0,0.0,0.0,0.0,0.0,0,0,0,True,True,False,False,True,OVERLAP_ONLY,OVERLAP_ONLY,PERSISTENT_ZERO
1430,1.0,0.9954857,-0.0045142999999999,0.99999994,0.9935509,-0.00644904,1.0,1.0,0.0,0.0,0.0,0.0,0.0,0.0,0.0,0.0,0.0,0.0,1,1,0,False,False,False,False,False,OTHER,OTHER,REGRESSED
1431,0.98125,1.0,0.01875,1.0,1.0,0.0,0.9375,1.0,0.0625,0.0,0.0,0.0,0.0,0.0,0.0,0.0,0.0,0.0,1,1,0,False,False,False,False,False,OTHER,OTHER,IMPROVED
1432,0.92136526,0.9563053,0.03494004,0.8876647,0.93757904,0.04991434,1.0,1.0,0.0,0.0,0.0,0.0,0.0,0.0,0.0,0.0,0.0,0.0,1,1,0,False,False,False,False,False,OTHER,OTHER,IMPROVED
1433,1.0,1.0,0.0,1.0,1.0,0.0,1.0,1.0,0.0,0.0,0.0,0.0,0.0,0.0,0.0,0.0,0.0,0.0,1,1,0,False,False,False,False,False,OTHER,OTHER,UNCHANGED
1434,0.90110743,0.8957934,-0.00531403,0.85872483,0.88327616,0.0245513299999999,1.0,0.925,-0.0749999999999999,0.0,0.0,0.0,0.0,0.0,0.0,0.0,0.0,0.0,1,1,0,False,False,False,False,False,OTHER,OTHER,REGRESSED
1435,1.0,1.0,0.0,1.0,1.0,0.0,1.0,1.0,0.0,0.0,0.0,0.0,0.0,0.0,0.0,0.0,0.0,0.0,1,1,0,False,False,False,False,False,OTHER,OTHER,UNCHANGED
1436,0.8357998,1.0,0.1642002,0.87792826,1.0000001,0.12207184,0.7375,1.0,0.2624999999999999,0.0,0.0,0.0,0.0,0.0,0.0,0.0,0.0,0.0,1,1,0,False,False,False,False,False,OTHER,OTHER,IMPROVED
1437,0.9396864,0.97470456,0.03501816,0.9138376,0.96386373,0.05002613,1.0,1.0,0.0,0.0,0.0,0.0,0.0,0.0,0.0,0.0,0.0,0.0,1,1,0,False,False,False,False,False,OTHER,OTHER,IMPROVED
1438,1.0,1.0,0.0,1.0,1.0,0.0,1.0,1.0,0.0,0.0,0.0,0.0,0.0,0.0,0.0,0.0,0.0,0.0,1,1,0,False,False,False,False,False,OTHER,OTHER,UNCHANGED
1439,0.97375125,0.9824967,0.00874545,0.9625018,0.97499514,0.01249334,1.0,1.0,0.0,0.0,0.0,0.0,0.0,0.0,0.0,0.0,0.0,0.0,1,1,0,False,False,False,False,False,OTHER,OTHER,IMPROVED
1440,0.8519549,0.8642252,0.0122703,0.9010068,0.806036,-0.0949708,0.7375,1.0,0.2624999999999999,0.0,0.0,0.0,0.0,0.0,0.0,0.0,0.0,0.0,1,1,0,False,False,False,False,False,OTHER,OTHER,IMPROVED
1441,0.9299041,0.8874144,-0.0424896999999999,0.899863,0.8873776,-0.0124853999999999,1.0,0.8875,-0.1125,0.0,0.0,0.0,0.0,0.0,0.0,0.0,0.0,0.0,1,1,0,False,False,False,False,False,OTHER,OTHER,REGRESSED
1442,0.9361588,0.91740876,-0.0187500399999999,0.9623696,0.9623696,0.0,0.875,0.8125,-0.0625,0.0,0.0,0.0,0.0,0.0,0.0,0.0,0.0,0.0,1,1,0,False,False,False,False,False,OTHER,OTHER,REGRESSED
1443,0.91245174,0.9571123,0.04466056,0.87493104,0.93873185,0.06380081,1.0,1.0,0.0,0.0,0.0,0.0,0.0,0.0,0.0,0.0,0.0,0.0,1,1,0,False,False,False,False,False,OTHER,OTHER,IMPROVED
1444,1.0,0.96625006,-0.0337499399999999,1.0,1.0,0.0,1.0,0.8875,-0.1125,0.0,0.0,0.0,0.0,0.0,0.0,0.0,0.0,0.0,1,1,0,False,False,False,False,False,OTHER,OTHER,REGRESSED
1445,0.9467339,0.9822777,0.0355438,0.9239055,0.97468233,0.0507768299999999,1.0,1.0,0.0,0.0,0.0,0.0,0.0,0.0,0.0,0.0,0.0,0.0,1,1,0,False,False,False,False,False,OTHER,OTHER,IMPROVED
1446,0.88398916,0.89372426,0.0097350999999999,0.8342701,0.84817755,0.0139074499999999,1.0,1.0,0.0,0.0,0.0,0.0,0.0,0.0,0.0,0.0,0.0,0.0,1,1,0,False,False,False,False,False,OTHER,OTHER,IMPROVED
1447,0.98232996,0.8742148,-0.1081151599999999,0.9747571,0.8203069,-0.1544502000000001,1.0,1.0,0.0,0.0,0.0,0.0,0.0,0.0,0.0,0.0,0.0,0.0,1,1,0,False,False,False,False,False,OTHER,OTHER,REGRESSED
1448,0.96250004,0.94750005,-0.0149999899999999,1.0,1.0,0.0,0.875,0.825,-0.05,0.0,0.0,0.0,0.0,0.0,0.0,0.0,0.0,0.0,1,1,0,False,False,False,False,False,OTHER,OTHER,REGRESSED
1449,0.912295,0.88731307,-0.0249819299999999,0.87470716,0.8872329,0.0125257399999999,1.0,0.8875,-0.1125,0.0,0.0,0.0,0.0,0.0,0.0,0.0,0.0,0.0,1,1,0,False,False,False,False,False,OTHER,OTHER,REGRESSED
1450,0.78570694,0.8192337,0.0335267599999999,0.82243854,0.8489054,0.0264668599999999,0.7,0.75,0.05,0.0,0.0,0.0,0.0,0.0,0.0,0.0,0.0,0.0,1,1,0,False,False,False,False,False,OTHER,OTHER,IMPROVED
1451,0.0,0.0,0.0,1.0,1.0,0.0,1.0,1.0,0.0,1.0,1.0,0.0,1.0,1.0,0.0,0.0,0.0,0.0,0,0,0,True,True,False,False,True,OVERLAP+COLLISION,OVERLAP+COLLISION,PERSISTENT_ZERO
1452,0.98969,0.87891024,-0.11077976,0.9852715,0.82701457,-0.1582569299999999,1.0,1.0,0.0,0.0,0.0,0.0,0.0,0.0,0.0,0.0,0.0,0.0,1,1,0,False,False,False,False,False,OTHER,OTHER,REGRESSED
1453,0.98125,0.98125,0.0,1.0,1.0,0.0,0.9375,0.9375,0.0,0.0,0.0,0.0,0.0,0.0,0.0,0.0,0.0,0.0,1,1,0,False,False,False,False,False,OTHER,OTHER,UNCHANGED
1454,0.8272707,0.89147455,0.0642038499999999,0.8068153,0.84496355,0.0381482499999999,0.875,1.0,0.125,0.0,0.0,0.0,0.0,0.0,0.0,0.0,0.0,0.0,1,1,0,False,False,False,False,False,OTHER,OTHER,IMPROVED
1455,0.9292221,0.939568,0.0103458999999999,0.8988887,0.9511684,0.0522797,1.0,0.9125,-0.0875,0.0,0.0,0.0,0.0,0.0,0.0,0.0,0.0,0.0,1,1,0,False,False,False,False,False,OTHER,OTHER,IMPROVED
1456,1.0,1.0,0.0,1.0,1.0,0.0,1.0,1.0,0.0,0.0,0.0,0.0,0.0,0.0,0.0,0.0,0.0,0.0,1,1,0,False,False,False,False,False,OTHER,OTHER,UNCHANGED
1457,1.0,0.96521485,-0.03478515,1.0,0.9503069,-0.0496931,1.0,1.0,0.0,0.0,0.0,0.0,0.0,0.0,0.0,0.0,0.0,0.0,1,1,0,False,False,False,False,False,OTHER,OTHER,REGRESSED
1458,0.86416686,0.8534903,-0.0106765599999999,0.854167,0.7907004,-0.0634666,0.8875,1.0,0.1125,0.0,0.0,0.0,0.0,0.0,0.0,0.0,0.0,0.0,1,1,0,False,False,False,False,False,OTHER,OTHER,REGRESSED
1459,1.0,1.0,0.0,1.0,1.0,0.0,1.0,1.0,0.0,0.0,0.0,0.0,0.0,0.0,0.0,0.0,0.0,0.0,1,1,0,False,False,False,False,False,OTHER,OTHER,UNCHANGED
1460,0.8845316,0.89970094,0.01516934,0.9529023,0.9638584,0.0109561,0.725,0.75,0.025,0.0,0.0,0.0,0.0,0.0,0.0,0.0,0.0,0.0,1,1,0,False,False,False,False,False,OTHER,OTHER,IMPROVED
1461,0.91249907,0.89623624,-0.0162628299999999,0.87499857,0.8999803,0.0249817299999999,1.0,0.8875,-0.1125,0.0,0.0,0.0,0.0,0.0,0.0,0.0,0.0,0.0,1,1,0,False,False,False,False,False,OTHER,OTHER,REGRESSED
1462,0.8540444,0.8844393,0.0303949,0.85042053,0.98491323,0.1344927,0.8625,0.65000004,-0.21249996,0.0,0.0,0.0,0.0,0.0,0.0,0.0,0.0,0.0,1,1,0,False,False,False,False,False,OTHER,OTHER,IMPROVED
1463,1.0,1.0,0.0,1.0,1.0,0.0,1.0,1.0,0.0,0.0,0.0,0.0,0.0,0.0,0.0,0.0,0.0,0.0,1,1,0,False,False,False,False,False,OTHER,OTHER,UNCHANGED
1464,1.0,1.0,0.0,1.0,1.0,0.0,1.0,1.0,0.0,0.0,0.0,0.0,0.0,0.0,0.0,0.0,0.0,0.0,1,1,0,False,False,False,False,False,OTHER,OTHER,UNCHANGED
1465,0.92970055,0.9730878,0.0433872499999999,0.89957225,0.961554,0.06198175,1.0,1.0,0.0,0.0,0.0,0.0,0.0,0.0,0.0,0.0,0.0,0.0,1,1,0,False,False,False,False,False,OTHER,OTHER,IMPROVED
1466,0.9059189,0.8912501,-0.0146687999999999,0.91916984,1.0,0.0808301599999999,0.875,0.6375,-0.2375,0.0,0.0,0.0,0.0,0.0,0.0,0.0,0.0,0.0,1,1,0,False,False,False,False,False,OTHER,OTHER,REGRESSED
1467,1.0,0.96124566,-0.03875434,0.99999994,0.94463664,-0.0553633,1.0,1.0,0.0,0.0,0.0,0.0,0.0,0.0,0.0,0.0,0.0,0.0,1,1,0,False,False,False,False,False,OTHER,OTHER,REGRESSED
1468,0.7727112,0.7935629,0.0208516999999999,0.7449445,0.7050898,-0.0398547,0.83750004,1.0,0.16249996,0.0,0.0,0.0,0.0,0.0,0.0,0.0,0.0,0.0,1,1,0,False,False,False,False,False,OTHER,OTHER,IMPROVED
1469,1.0,0.8784359,-0.1215640999999999,1.0,0.82633704,-0.17366296,1.0,1.0,0.0,0.0,0.0,0.0,0.0,0.0,0.0,0.0,0.0,0.0,1,1,0,False,False,False,False,False,OTHER,OTHER,REGRESSED
1470,1.0,1.0,0.0,1.0,1.0,0.0,1.0,1.0,0.0,0.0,0.0,0.0,0.0,0.0,0.0,0.0,0.0,0.0,1,1,0,False,False,False,False,False,OTHER,OTHER,UNCHANGED
1471,1.0,1.0,0.0,1.0,1.0,0.0,1.0,1.0,0.0,0.0,0.0,0.0,0.0,0.0,0.0,0.0,0.0,0.0,1,1,0,False,False,False,False,False,OTHER,OTHER,UNCHANGED
1472,1.0,1.0,0.0,1.0,1.0,0.0,1.0,1.0,0.0,0.0,0.0,0.0,0.0,0.0,0.0,0.0,0.0,0.0,1,1,0,False,False,False,False,False,OTHER,OTHER,UNCHANGED
1473,1.0,1.0,0.0,1.0,1.0,0.0,1.0,1.0,0.0,0.0,0.0,0.0,0.0,0.0,0.0,0.0,0.0,0.0,1,1,0,False,False,False,False,False,OTHER,OTHER,UNCHANGED
1474,1.0,1.0,0.0,1.0,1.0,0.0,1.0,1.0,0.0,0.0,0.0,0.0,0.0,0.0,0.0,0.0,0.0,0.0,1,1,0,False,False,False,False,False,OTHER,OTHER,UNCHANGED
1475,0.97749996,1.0,0.02250004,1.0,1.0,0.0,0.925,1.0,0.0749999999999999,0.0,0.0,0.0,0.0,0.0,0.0,0.0,0.0,0.0,1,1,0,False,False,False,False,False,OTHER,OTHER,IMPROVED
1476,0.93625003,0.9824395,0.04618947,1.0,0.9749136,-0.0250863999999999,0.7875,1.0,0.2125,0.0,0.0,0.0,0.0,0.0,0.0,0.0,0.0,0.0,1,1,0,False,False,False,False,False,OTHER,OTHER,IMPROVED
1477,0.8912501,0.94750005,0.0562499499999999,1.0,1.0,0.0,0.6375,0.825,0.1875,0.0,0.0,0.0,0.0,0.0,0.0,0.0,0.0,0.0,1,1,0,False,False,False,False,False,OTHER,OTHER,IMPROVED
1478,0.89944583,0.93222266,0.0327768299999999,0.89920825,0.9621038,0.0628955499999999,0.90000004,0.8625,-0.0375000399999999,0.0,0.0,0.0,0.0,0.0,0.0,0.0,0.0,0.0,1,1,0,False,False,False,False,False,OTHER,OTHER,IMPROVED
1479,1.0,0.94716924,-0.0528307599999999,1.0,0.9245274,-0.0754726,1.0,1.0,0.0,0.0,0.0,0.0,0.0,0.0,0.0,0.0,0.0,0.0,1,1,0,False,False,False,False,False,OTHER,OTHER,REGRESSED
1480,0.8853712,0.91053104,0.0251598399999999,0.8362445,0.87218726,0.03594276,1.0,1.0,0.0,0.0,0.0,0.0,0.0,0.0,0.0,0.0,0.0,0.0,1,1,0,False,False,False,False,False,OTHER,OTHER,IMPROVED
1481,1.0,1.0,0.0,1.0,1.0,0.0,1.0,1.0,0.0,0.0,0.0,0.0,0.0,0.0,0.0,0.0,0.0,0.0,1,1,0,False,False,False,False,False,OTHER,OTHER,UNCHANGED
1482,0.0,0.0,0.0,1.0,1.0,0.0,1.0,1.0,0.0,1.0,1.0,0.0,1.0,1.0,0.0,0.0,0.0,0.0,0,0,0,True,True,False,False,True,OVERLAP+COLLISION,OVERLAP+COLLISION,PERSISTENT_ZERO
1483,0.9212387,0.94738084,0.02614214,0.8874839,0.92482984,0.03734594,1.0,1.0,0.0,0.0,0.0,0.0,0.0,0.0,0.0,0.0,0.0,0.0,1,1,0,False,False,False,False,False,OTHER,OTHER,IMPROVED
1484,1.0,1.0,0.0,1.0,1.0,0.0,1.0,1.0,0.0,0.0,0.0,0.0,0.0,0.0,0.0,0.0,0.0,0.0,1,1,0,False,False,False,False,False,OTHER,OTHER,UNCHANGED
1485,0.9132925,0.8660719,-0.0472205999999999,0.8761321,0.80867404,-0.0674580599999999,1.0,1.0,0.0,0.0,0.0,0.0,0.0,0.0,0.0,0.0,0.0,0.0,1,1,0,False,False,False,False,False,OTHER,OTHER,REGRESSED
1486,0.90230507,0.80438215,-0.09792292,0.89257866,0.7205459,-0.17203276,0.925,1.0,0.0749999999999999,0.0,0.0,0.0,0.0,0.0,0.0,0.0,0.0,0.0,1,1,0,False,False,False,False,False,OTHER,OTHER,REGRESSED
1487,1.0,1.0,0.0,1.0,1.0,0.0,1.0,1.0,0.0,0.0,0.0,0.0,0.0,0.0,0.0,0.0,0.0,0.0,1,1,0,False,False,False,False,False,OTHER,OTHER,UNCHANGED
1488,0.9888732,0.9768921,-0.0119810999999999,0.9841046,0.9669887,-0.0171158999999999,1.0,1.0,0.0,0.0,0.0,0.0,0.0,0.0,0.0,0.0,0.0,0.0,1,1,0,False,False,False,False,False,OTHER,OTHER,REGRESSED
1489,0.0,0.0,0.0,0.0141720055,0.008380575,-0.0057914305,1.0,1.0,0.0,1.0,1.0,0.0,1.0,1.0,0.0,0.0,0.0,0.0,0,0,0,True,True,False,False,True,OVERLAP+COLLISION,OVERLAP+COLLISION,PERSISTENT_ZERO
1490,0.83989686,0.8861251,0.04622824,0.82485265,0.8373216,0.01246895,0.875,1.0,0.125,0.0,0.0,0.0,0.0,0.0,0.0,0.0,0.0,0.0,1,1,0,False,False,False,False,False,OTHER,OTHER,IMPROVED
1491,0.9247555,0.95014423,0.02538873,0.89250785,0.92877734,0.03626949,1.0,1.0,0.0,0.0,0.0,0.0,0.0,0.0,0.0,0.0,0.0,0.0,1,1,0,False,False,False,False,False,OTHER,OTHER,IMPROVED
1492,1.0,0.96250004,-0.03749996,0.99999994,0.99999994,0.0,1.0,0.875,-0.125,0.0,0.0,0.0,0.0,0.0,0.0,0.0,0.0,0.0,1,1,0,False,False,False,False,False,OTHER,OTHER,REGRESSED
1493,0.95983136,1.0,0.0401686399999999,0.9426162,1.0,0.0573837999999999,1.0,1.0,0.0,0.0,0.0,0.0,0.0,0.0,0.0,0.0,0.0,0.0,1,1,0,False,False,False,False,False,OTHER,OTHER,IMPROVED
1494,0.0,0.0,0.0,1.0,1.0,0.0,1.0,1.0,0.0,1.0,1.0,0.0,1.0,1.0,0.0,0.0,0.0,0.0,0,0,0,True,True,False,False,True,OVERLAP+COLLISION,OVERLAP+COLLISION,PERSISTENT_ZERO
1495,0.88179773,0.90576726,0.02396953,0.88471097,0.8975247,0.0128137299999999,0.875,0.925,0.05,0.0,0.0,0.0,0.0,0.0,0.0,0.0,0.0,0.0,1,1,0,False,False,False,False,False,OTHER,OTHER,IMPROVED
1496,1.0,1.0,0.0,1.0,1.0,0.0,1.0,1.0,0.0,0.0,0.0,0.0,0.0,0.0,0.0,0.0,0.0,0.0,1,1,0,False,False,False,False,False,OTHER,OTHER,UNCHANGED
1497,0.9640364,0.91026765,-0.05376875,0.9486234,0.87181085,-0.0768125499999999,1.0,1.0,0.0,0.0,0.0,0.0,0.0,0.0,0.0,0.0,0.0,0.0,1,1,0,False,False,False,False,False,OTHER,OTHER,REGRESSED
1498,1.0,1.0,0.0,1.0,1.0,0.0,1.0,1.0,0.0,0.0,0.0,0.0,0.0,0.0,0.0,0.0,0.0,0.0,1,1,0,False,False,False,False,False,OTHER,OTHER,UNCHANGED
1499,1.0,1.0,0.0,1.0,1.0,0.0,1.0,1.0,0.0,0.0,0.0,0.0,0.0,0.0,0.0,0.0,0.0,0.0,1,1,0,False,False,False,False,False,OTHER,OTHER,UNCHANGED
1500,0.8501467,0.91256756,0.06242086,0.8502096,0.9125965,0.0623869,0.85,0.9125,0.0625,0.0,0.0,0.0,0.0,0.0,0.0,0.0,0.0,0.0,1,1,0,False,False,False,False,False,OTHER,OTHER,IMPROVED
1501,0.9558242,0.93797934,-0.0178448599999999,0.9368917,0.911399,-0.0254927,1.0,1.0,0.0,0.0,0.0,0.0,0.0,0.0,0.0,0.0,0.0,0.0,1,1,0,False,False,False,False,False,OTHER,OTHER,REGRESSED
1502,0.83883375,0.8805113,0.0416775499999999,0.8983339,0.9364447,0.0381108,0.7,0.75,0.05,0.0,0.0,0.0,0.0,0.0,0.0,0.0,0.0,0.0,1,1,0,False,False,False,False,False,OTHER,OTHER,IMPROVED
1503,0.80910033,0.76537365,-0.04372668,0.77550054,0.6648195,-0.11068104,0.8875,1.0,0.1125,0.0,0.0,0.0,0.0,0.0,0.0,0.0,0.0,0.0,1,1,0,False,False,False,False,False,OTHER,OTHER,REGRESSED
1504,0.86739177,0.0,-0.86739177,0.81055975,0.19726072,-0.6132990300000001,1.0,1.0,0.0,0.0,1.0,1.0,0.0,1.0,1.0,0.0,0.0,0.0,1,0,-1,False,True,False,True,False,OTHER,OVERLAP+COLLISION,NEW_ZERO
1505,0.92116976,0.92992765,0.00875789,0.88738537,0.89989656,0.01251119,1.0,1.0,0.0,0.0,0.0,0.0,0.0,0.0,0.0,0.0,0.0,0.0,1,1,0,False,False,False,False,False,OTHER,OTHER,IMPROVED
1506,0.93722695,0.895977,-0.0412499499999999,0.9103242,0.9103242,0.0,1.0,0.8625,-0.1374999999999999,0.0,0.0,0.0,0.0,0.0,0.0,0.0,0.0,0.0,1,1,0,False,False,False,False,False,OTHER,OTHER,REGRESSED
1507,0.93052715,0.9391985,0.00867135,0.900753,0.9131407,0.0123877,1.0,1.0,0.0,0.0,0.0,0.0,0.0,0.0,0.0,0.0,0.0,0.0,1,1,0,False,False,False,False,False,OTHER,OTHER,IMPROVED
1508,1.0,1.0,0.0,1.0,1.0,0.0,1.0,1.0,0.0,0.0,0.0,0.0,0.0,0.0,0.0,0.0,0.0,0.0,1,1,0,False,False,False,False,False,OTHER,OTHER,UNCHANGED
1509,0.92797107,0.8480197,-0.0799513699999999,0.89710146,0.7828853,-0.11421616,1.0,1.0,0.0,0.0,0.0,0.0,0.0,0.0,0.0,0.0,0.0,0.0,1,1,0,False,False,False,False,False,OTHER,OTHER,REGRESSED
1510,0.89506525,0.92130643,0.0262411799999999,0.8500931,0.8875806,0.0374875,1.0,1.0,0.0,0.0,0.0,0.0,0.0,0.0,0.0,0.0,0.0,0.0,1,1,0,False,False,False,False,False,OTHER,OTHER,IMPROVED
1511,0.9097621,0.9187674,0.0090052999999999,0.87108874,0.8839534,0.0128646599999999,1.0,1.0,0.0,0.0,0.0,0.0,0.0,0.0,0.0,0.0,0.0,0.0,1,1,0,False,False,False,False,False,OTHER,OTHER,IMPROVED
1512,1.0,1.0,0.0,1.0,1.0,0.0,1.0,1.0,0.0,0.0,0.0,0.0,0.0,0.0,0.0,0.0,0.0,0.0,1,1,0,False,False,False,False,False,OTHER,OTHER,UNCHANGED
1513,0.2798998,0.30267534,0.02277554,0.008785421,0.0038219274,-0.0049634936,0.9125,1.0,0.0875,0.0,0.0,0.0,0.0,0.0,0.0,0.0,0.0,0.0,1,1,0,False,False,False,False,False,OTHER,OTHER,IMPROVED
1514,0.9305379,0.94790024,0.0173623399999999,0.9007684,0.9255716,0.0248032,1.0,1.0,0.0,0.0,0.0,0.0,0.0,0.0,0.0,0.0,0.0,0.0,1,1,0,False,False,False,False,False,OTHER,OTHER,IMPROVED
1515,1.0,1.0,0.0,1.0,1.0,0.0,1.0,1.0,0.0,0.0,0.0,0.0,0.0,0.0,0.0,0.0,0.0,0.0,1,1,0,False,False,False,False,False,OTHER,OTHER,UNCHANGED
1516,0.92861885,0.9556381,0.02701925,0.89802694,0.9366259,0.0385989599999999,1.0,1.0,0.0,0.0,0.0,0.0,0.0,0.0,0.0,0.0,0.0,0.0,1,1,0,False,False,False,False,False,OTHER,OTHER,IMPROVED
1517,0.88931507,0.9206322,0.03131713,0.8740215,0.88661736,0.01259586,0.925,1.0,0.0749999999999999,0.0,0.0,0.0,0.0,0.0,0.0,0.0,0.0,0.0,1,1,0,False,False,False,False,False,OTHER,OTHER,IMPROVED
1518,0.8416506,0.87281495,0.0311643499999999,0.8702152,0.81830704,-0.0519081599999999,0.77500004,1.0,0.22499996,0.0,0.0,0.0,0.0,0.0,0.0,0.0,0.0,0.0,1,1,0,False,False,False,False,False,OTHER,OTHER,IMPROVED
1519,1.0,1.0,0.0,1.0,1.0,0.0,1.0,1.0,0.0,0.0,0.0,0.0,0.0,0.0,0.0,0.0,0.0,0.0,1,1,0,False,False,False,False,False,OTHER,OTHER,UNCHANGED
1520,0.94850266,1.0,0.0514973399999999,0.9585752,1.0,0.0414248,0.925,1.0,0.0749999999999999,0.0,0.0,0.0,0.0,0.0,0.0,0.0,0.0,0.0,1,1,0,False,False,False,False,False,OTHER,OTHER,IMPROVED
1521,0.90008396,0.85144246,-0.0486415,0.85726273,0.7877749,-0.06948783,1.0,1.0,0.0,0.0,0.0,0.0,0.0,0.0,0.0,0.0,0.0,0.0,1,1,0,False,False,False,False,False,OTHER,OTHER,REGRESSED
1522,1.0,0.9175631,-0.0824369,1.0,0.88223296,-0.11776704,1.0,1.0,0.0,0.0,0.0,0.0,0.0,0.0,0.0,0.0,0.0,0.0,1,1,0,False,False,False,False,False,OTHER,OTHER,REGRESSED
1523,1.0,1.0,0.0,1.0,1.0,0.0,1.0,1.0,0.0,0.0,0.0,0.0,0.0,0.0,0.0,0.0,0.0,0.0,1,1,0,False,False,False,False,False,OTHER,OTHER,UNCHANGED
1524,0.91375,0.8940975,-0.0196524999999999,1.0,0.8862108,-0.1137892,0.71250004,0.9125,0.1999999599999999,0.0,0.0,0.0,0.0,0.0,0.0,0.0,0.0,0.0,1,1,0,False,False,False,False,False,OTHER,OTHER,REGRESSED
1525,0.9224459,0.89994586,-0.02250004,0.8892083,0.8892083,0.0,1.0,0.925,-0.0749999999999999,0.0,0.0,0.0,0.0,0.0,0.0,0.0,0.0,0.0,1,1,0,False,False,False,False,False,OTHER,OTHER,REGRESSED
1526,1.0,1.0,0.0,1.0,1.0,0.0,1.0,1.0,0.0,0.0,0.0,0.0,0.0,0.0,0.0,0.0,0.0,0.0,1,1,0,False,False,False,False,False,OTHER,OTHER,UNCHANGED
1527,0.9192652,0.939449,0.0201837999999999,0.93823594,0.91349864,-0.0247372999999999,0.875,1.0,0.125,0.0,0.0,0.0,0.0,0.0,0.0,0.0,0.0,0.0,1,1,0,False,False,False,False,False,OTHER,OTHER,IMPROVED
1528,0.8725616,0.92125,0.0486883999999999,0.91437364,1.0,0.08562636,0.77500004,0.7375,-0.0375000399999999,0.0,0.0,0.0,0.0,0.0,0.0,0.0,0.0,0.0,1,1,0,False,False,False,False,False,OTHER,OTHER,IMPROVED
1529,0.96962184,0.88054556,-0.08907628,0.9566027,0.82935077,-0.12725193,1.0,1.0,0.0,0.0,0.0,0.0,0.0,0.0,0.0,0.0,0.0,0.0,1,1,0,False,False,False,False,False,OTHER,OTHER,REGRESSED
1530,0.97749996,1.0,0.02250004,1.0,1.0,0.0,0.925,1.0,0.0749999999999999,0.0,0.0,0.0,0.0,0.0,0.0,0.0,0.0,0.0,1,1,0,False,False,False,False,False,OTHER,OTHER,IMPROVED
1531,1.0,1.0,0.0,1.0,1.0,0.0,1.0,1.0,0.0,0.0,0.0,0.0,0.0,0.0,0.0,0.0,0.0,0.0,1,1,0,False,False,False,False,False,OTHER,OTHER,UNCHANGED
1532,0.96625006,1.0,0.0337499399999999,1.0,1.0,0.0,0.8875,1.0,0.1125,0.0,0.0,0.0,0.0,0.0,0.0,0.0,0.0,0.0,1,1,0,False,False,False,False,False,OTHER,OTHER,IMPROVED
1533,1.0,1.0,0.0,1.0,1.0,0.0,1.0,1.0,0.0,0.0,0.0,0.0,0.0,0.0,0.0,0.0,0.0,0.0,1,1,0,False,False,False,False,False,OTHER,OTHER,UNCHANGED
1534,0.8801474,0.9153637,0.0352162999999999,0.8769962,0.9005195,0.0235233,0.8875,0.95,0.0625,0.0,0.0,0.0,0.0,0.0,0.0,0.0,0.0,0.0,1,1,0,False,False,False,False,False,OTHER,OTHER,IMPROVED
1535,1.0,1.0,0.0,1.0,1.0,0.0,1.0,1.0,0.0,0.0,0.0,0.0,0.0,0.0,0.0,0.0,0.0,0.0,1,1,0,False,False,False,False,False,OTHER,OTHER,UNCHANGED
1536,1.0,1.0,0.0,1.0,1.0,0.0,1.0,1.0,0.0,0.0,0.0,0.0,0.0,0.0,0.0,0.0,0.0,0.0,1,1,0,False,False,False,False,False,OTHER,OTHER,UNCHANGED
1537,0.89919454,0.9477963,0.04860176,0.888135,0.92542315,0.0372881499999999,0.925,1.0,0.0749999999999999,0.0,0.0,0.0,0.0,0.0,0.0,0.0,0.0,0.0,1,1,0,False,False,False,False,False,OTHER,OTHER,IMPROVED
1538,0.927345,0.9363575,0.0090124999999999,0.89620715,0.90908223,0.01287508,1.0,1.0,0.0,0.0,0.0,0.0,0.0,0.0,0.0,0.0,0.0,0.0,1,1,0,False,False,False,False,False,OTHER,OTHER,IMPROVED
1539,0.96625006,1.0,0.0337499399999999,1.0,1.0,0.0,0.8875,1.0,0.1125,0.0,0.0,0.0,0.0,0.0,0.0,0.0,0.0,0.0,1,1,0,False,False,False,False,False,OTHER,OTHER,IMPROVED
1540,1.0,0.90807515,-0.0919248499999999,1.0,0.8686788,-0.1313212,1.0,1.0,0.0,0.0,0.0,0.0,0.0,0.0,0.0,0.0,0.0,0.0,1,1,0,False,False,False,False,False,OTHER,OTHER,REGRESSED
1541,0.921724,0.9478678,0.0261438,0.8881772,0.9255253,0.0373480999999999,1.0,1.0,0.0,0.0,0.0,0.0,0.0,0.0,0.0,0.0,0.0,0.0,1,1,0,False,False,False,False,False,OTHER,OTHER,IMPROVED
1542,0.96884185,0.96884185,0.0,0.9554883,0.9554883,0.0,1.0,1.0,0.0,0.0,0.0,0.0,0.0,0.0,0.0,0.0,0.0,0.0,1,1,0,False,False,False,False,False,OTHER,OTHER,UNCHANGED
1543,0.9104999,0.92519015,0.01469025,0.9203569,0.8931288,-0.0272281,0.8875,1.0,0.1125,0.0,0.0,0.0,0.0,0.0,0.0,0.0,0.0,0.0,1,1,0,False,False,False,False,False,OTHER,OTHER,IMPROVED
1544,0.96624994,1.0,0.03375006,0.99999994,0.99999994,0.0,0.8875,1.0,0.1125,0.0,0.0,0.0,0.0,0.0,0.0,0.0,0.0,0.0,1,1,0,False,False,False,False,False,OTHER,OTHER,IMPROVED
1545,1.0,1.0,0.0,1.0,1.0,0.0,1.0,1.0,0.0,0.0,0.0,0.0,0.0,0.0,0.0,0.0,0.0,0.0,1,1,0,False,False,False,False,False,OTHER,OTHER,UNCHANGED
1546,0.94514513,0.913591,-0.0315541299999999,0.9216359,0.8765585,-0.0450773999999999,1.0,1.0,0.0,0.0,0.0,0.0,0.0,0.0,0.0,0.0,0.0,0.0,1,1,0,False,False,False,False,False,OTHER,OTHER,REGRESSED
1547,0.9558635,0.93859786,-0.0172656399999999,0.9369478,0.91228276,-0.02466504,1.0,1.0,0.0,0.0,0.0,0.0,0.0,0.0,0.0,0.0,0.0,0.0,1,1,0,False,False,False,False,False,OTHER,OTHER,REGRESSED
1548,0.791633,0.77298063,-0.01865237,0.7398328,0.67568654,-0.06414626,0.9125,1.0,0.0875,0.0,0.0,0.0,0.0,0.0,0.0,0.0,0.0,0.0,1,1,0,False,False,False,False,False,OTHER,OTHER,REGRESSED
1549,0.9212441,0.93877214,0.0175280399999999,0.8874916,0.91253155,0.0250399499999999,1.0,1.0,0.0,0.0,0.0,0.0,0.0,0.0,0.0,0.0,0.0,0.0,1,1,0,False,False,False,False,False,OTHER,OTHER,IMPROVED
1550,0.97749996,0.9998533,0.02235334,1.0,0.99979043,-0.0002095699999999,0.925,1.0,0.0749999999999999,0.0,0.0,0.0,0.0,0.0,0.0,0.0,0.0,0.0,1,1,0,False,False,False,False,False,OTHER,OTHER,IMPROVED
1551,1.0,1.0,0.0,1.0,1.0,0.0,1.0,1.0,0.0,0.0,0.0,0.0,0.0,0.0,0.0,0.0,0.0,0.0,1,1,0,False,False,False,False,False,OTHER,OTHER,UNCHANGED
1552,1.0,1.0,0.0,1.0,1.0,0.0,1.0,1.0,0.0,0.0,0.0,0.0,0.0,0.0,0.0,0.0,0.0,0.0,1,1,0,False,False,False,False,False,OTHER,OTHER,UNCHANGED
1553,0.95500004,1.0,0.0449999599999999,1.0,1.0,0.0,0.85,1.0,0.15,0.0,0.0,0.0,0.0,0.0,0.0,0.0,0.0,0.0,1,1,0,False,False,False,False,False,OTHER,OTHER,IMPROVED
1554,1.0,0.9922725,-0.0077274999999999,1.0,0.9889607,-0.0110392999999999,1.0,1.0,0.0,0.0,0.0,0.0,0.0,0.0,0.0,0.0,0.0,0.0,1,1,0,False,False,False,False,False,OTHER,OTHER,REGRESSED
1555,0.87681484,0.86781424,-0.0090006,0.82402116,0.81116325,-0.01285791,1.0,1.0,0.0,0.0,0.0,0.0,0.0,0.0,0.0,0.0,0.0,0.0,1,1,0,False,False,False,False,False,OTHER,OTHER,REGRESSED
1556,0.910765,0.89417773,-0.01658727,0.8725214,0.84882534,-0.02369606,1.0,1.0,0.0,0.0,0.0,0.0,0.0,0.0,0.0,0.0,0.0,0.0,1,1,0,False,False,False,False,False,OTHER,OTHER,REGRESSED
1557,0.9326529,0.86745137,-0.0652015299999999,0.9037897,0.8106448,-0.0931448999999999,1.0,1.0,0.0,0.0,0.0,0.0,0.0,0.0,0.0,0.0,0.0,0.0,1,1,0,False,False,False,False,False,OTHER,OTHER,REGRESSED
1558,0.97749996,0.97749996,0.0,1.0,1.0,0.0,0.925,0.925,0.0,0.0,0.0,0.0,0.0,0.0,0.0,0.0,0.0,0.0,1,1,0,False,False,False,False,False,OTHER,OTHER,UNCHANGED
1559,0.92086613,0.933413,0.01254687,0.88695157,0.9370186,0.05006703,1.0,0.925,-0.0749999999999999,0.0,0.0,0.0,0.0,0.0,0.0,0.0,0.0,0.0,1,1,0,False,False,False,False,False,OTHER,OTHER,IMPROVED
1560,0.9308481,0.9407205,0.0098724,0.9333545,0.915315,-0.0180394999999999,0.925,1.0,0.0749999999999999,0.0,0.0,0.0,0.0,0.0,0.0,0.0,0.0,0.0,1,1,0,False,False,False,False,False,OTHER,OTHER,IMPROVED
1561,0.9561249,0.97375005,0.0176251499999999,0.99089265,1.0,0.0091073499999999,0.875,0.9125,0.0374999999999999,0.0,0.0,0.0,0.0,0.0,0.0,0.0,0.0,0.0,1,1,0,False,False,False,False,False,OTHER,OTHER,IMPROVED
1562,0.93633956,0.9500126,0.01367304,0.962628,0.98751795,0.0248899499999999,0.875,0.8625,-0.0124999999999999,0.0,0.0,0.0,0.0,0.0,0.0,0.0,0.0,0.0,1,1,0,False,False,False,False,False,OTHER,OTHER,IMPROVED
1563,1.0,1.0,0.0,0.99999994,0.99999994,0.0,1.0,1.0,0.0,0.0,0.0,0.0,0.0,0.0,0.0,0.0,0.0,0.0,1,1,0,False,False,False,False,False,OTHER,OTHER,UNCHANGED
1564,0.9625614,0.95316315,-0.00939825,0.94651634,0.9330902,-0.0134261399999999,1.0,1.0,0.0,0.0,0.0,0.0,0.0,0.0,0.0,0.0,0.0,0.0,1,1,0,False,False,False,False,False,OTHER,OTHER,REGRESSED
1565,1.0,0.963751,-0.0362489999999999,1.0,0.94821584,-0.0517841599999999,1.0,1.0,0.0,0.0,0.0,0.0,0.0,0.0,0.0,0.0,0.0,0.0,1,1,0,False,False,False,False,False,OTHER,OTHER,REGRESSED
1566,0.97749996,0.98754257,0.01004261,1.0,0.98220366,-0.0177963399999999,0.925,1.0,0.0749999999999999,0.0,0.0,0.0,0.0,0.0,0.0,0.0,0.0,0.0,1,1,0,False,False,False,False,False,OTHER,OTHER,IMPROVED
1567,0.96507543,0.95874995,-0.0063254799999999,0.98760766,1.0,0.01239234,0.9125,0.8625,-0.0499999999999999,0.0,0.0,0.0,0.0,0.0,0.0,0.0,0.0,0.0,1,1,0,False,False,False,False,False,OTHER,OTHER,REGRESSED
1568,1.0,1.0,0.0,0.99999994,0.99999994,0.0,1.0,1.0,0.0,0.0,0.0,0.0,0.0,0.0,0.0,0.0,0.0,0.0,1,1,0,False,False,False,False,False,OTHER,OTHER,UNCHANGED
1569,0.9218168,0.95650816,0.03469136,0.88830984,0.93786883,0.0495589899999999,1.0,1.0,0.0,0.0,0.0,0.0,0.0,0.0,0.0,0.0,0.0,0.0,1,1,0,False,False,False,False,False,OTHER,OTHER,IMPROVED
1570,0.96625006,1.0,0.0337499399999999,1.0000001,1.0000001,0.0,0.8875,1.0,0.1125,0.0,0.0,0.0,0.0,0.0,0.0,0.0,0.0,0.0,1,1,0,False,False,False,False,False,OTHER,OTHER,IMPROVED
1571,1.0,1.0,0.0,1.0,1.0,0.0,1.0,1.0,0.0,0.0,0.0,0.0,0.0,0.0,0.0,0.0,0.0,0.0,1,1,0,False,False,False,False,False,OTHER,OTHER,UNCHANGED
1572,0.88115466,0.8661547,-0.0149999599999999,0.8623638,0.8623638,0.0,0.925,0.875,-0.05,0.0,0.0,0.0,0.0,0.0,0.0,0.0,0.0,0.0,1,1,0,False,False,False,False,False,OTHER,OTHER,REGRESSED
1573,0.8364138,0.8838849,0.0474710999999999,0.825234,0.8876927,0.0624586999999999,0.8625,0.875,0.0124999999999999,0.0,0.0,0.0,0.0,0.0,0.0,0.0,0.0,0.0,1,1,0,False,False,False,False,False,OTHER,OTHER,IMPROVED
1574,0.94761294,0.940479,-0.00713394,0.95730424,0.91497,-0.04233424,0.925,1.0,0.0749999999999999,0.0,0.0,0.0,0.0,0.0,0.0,0.0,0.0,0.0,1,1,0,False,False,False,False,False,OTHER,OTHER,REGRESSED
1575,0.9833526,0.9842731,0.0009204999999999,0.976218,0.9775329,0.0013149,1.0,1.0,0.0,0.0,0.0,0.0,0.0,0.0,0.0,0.0,0.0,0.0,1,1,0,False,False,False,False,False,OTHER,OTHER,IMPROVED
1576,0.9378101,0.9290352,-0.0087749,0.91115737,0.8986217,-0.0125356699999999,1.0,1.0,0.0,0.0,0.0,0.0,0.0,0.0,0.0,0.0,0.0,0.0,1,1,0,False,False,False,False,False,OTHER,OTHER,REGRESSED
1577,1.0,0.81659144,-0.18340856,1.0,0.7379877,-0.2620123,1.0,1.0,0.0,0.0,0.0,0.0,0.0,0.0,0.0,0.0,0.0,0.0,1,1,0,False,False,False,False,False,OTHER,OTHER,REGRESSED
1578,1.0,1.0,0.0,1.0,1.0,0.0,1.0,1.0,0.0,0.0,0.0,0.0,0.0,0.0,0.0,0.0,0.0,0.0,1,1,0,False,False,False,False,False,OTHER,OTHER,UNCHANGED
1579,1.0,0.96250004,-0.03749996,1.0,1.0,0.0,1.0,0.875,-0.125,0.0,0.0,0.0,0.0,0.0,0.0,0.0,0.0,0.0,1,1,0,False,False,False,False,False,OTHER,OTHER,REGRESSED
1580,0.9850001,0.9850001,0.0,1.0,1.0,0.0,0.95,0.95,0.0,0.0,0.0,0.0,0.0,0.0,0.0,0.0,0.0,0.0,1,1,0,False,False,False,False,False,OTHER,OTHER,UNCHANGED
1581,0.9211487,0.9474493,0.0263006,0.8873553,0.92492765,0.03757235,1.0,1.0,0.0,0.0,0.0,0.0,0.0,0.0,0.0,0.0,0.0,0.0,1,1,0,False,False,False,False,False,OTHER,OTHER,IMPROVED
1582,0.9951212,0.9951212,0.0,0.99303037,0.99303037,0.0,1.0,1.0,0.0,0.0,0.0,0.0,0.0,0.0,0.0,0.0,0.0,0.0,1,1,0,False,False,False,False,False,OTHER,OTHER,UNCHANGED
1583,0.9992773,0.9992773,0.0,0.9989675,0.9989675,0.0,1.0,1.0,0.0,0.0,0.0,0.0,0.0,0.0,0.0,0.0,0.0,0.0,1,1,0,False,False,False,False,False,OTHER,OTHER,UNCHANGED
1584,0.0,1.0,1.0,0.62354285,1.0,0.37645715,0.7857143,1.0,0.2142857,1.0,0.0,-1.0,1.0,0.0,-1.0,0.0,0.0,0.0,0,1,1,True,False,True,False,False,OVERLAP+COLLISION,OTHER,FIXED_ZERO
1585,1.0,1.0,0.0,1.0,1.0,0.0,1.0,1.0,0.0,0.0,0.0,0.0,0.0,0.0,0.0,0.0,0.0,0.0,1,1,0,False,False,False,False,False,OTHER,OTHER,UNCHANGED
1586,0.9085724,0.9085724,0.0,0.86938906,0.86938906,0.0,1.0,1.0,0.0,0.0,0.0,0.0,0.0,0.0,0.0,0.0,0.0,0.0,1,1,0,False,False,False,False,False,OTHER,OTHER,UNCHANGED
1587,1.0,1.0,0.0,1.0,1.0,0.0,1.0,1.0,0.0,0.0,0.0,0.0,0.0,0.0,0.0,0.0,0.0,0.0,1,1,0,False,False,False,False,False,OTHER,OTHER,UNCHANGED
1588,0.84862405,0.74076027,-0.1078637799999999,0.86410576,0.7207289,-0.1433768599999999,0.8125,0.7875,-0.025,0.0,0.0,0.0,0.0,0.0,0.0,0.0,0.0,0.0,1,1,0,False,False,False,False,False,OTHER,OTHER,REGRESSED
1589,0.947776,0.9723169,0.0245409,0.97360855,0.96045274,-0.0131558099999999,0.8875,1.0,0.1125,0.0,0.0,0.0,0.0,0.0,0.0,0.0,0.0,0.0,1,1,0,False,False,False,False,False,OTHER,OTHER,IMPROVED
1590,0.0,0.89521325,0.89521325,0.5641394,0.8985189,0.3343795,0.64705884,0.8875,0.2404411599999999,0.0,0.0,0.0,0.0,0.0,0.0,1.0,0.0,-1.0,0,1,1,True,False,True,False,False,OFFROAD_ONLY,OTHER,FIXED_ZERO
1591,1.0,1.0,0.0,1.0,1.0,0.0,1.0,1.0,0.0,0.0,0.0,0.0,0.0,0.0,0.0,0.0,0.0,0.0,1,1,0,False,False,False,False,False,OTHER,OTHER,UNCHANGED
1592,1.0,1.0,0.0,1.0,1.0,0.0,1.0,1.0,0.0,0.0,0.0,0.0,0.0,0.0,0.0,0.0,0.0,0.0,1,1,0,False,False,False,False,False,OTHER,OTHER,UNCHANGED
1593,0.90689737,0.93809384,0.0311964699999999,0.899139,0.9115627,0.0124236999999999,0.925,1.0,0.0749999999999999,0.0,0.0,0.0,0.0,0.0,0.0,0.0,0.0,0.0,1,1,0,False,False,False,False,False,OTHER,OTHER,IMPROVED
1594,0.9265844,0.9660702,0.0394858,0.9272635,0.9515288,0.0242652999999999,0.925,1.0,0.0749999999999999,0.0,0.0,0.0,0.0,0.0,0.0,0.0,0.0,0.0,1,1,0,False,False,False,False,False,OTHER,OTHER,IMPROVED
1595,0.95125,1.0,0.0487499999999999,1.0,1.0,0.0,0.83750004,1.0,0.16249996,0.0,0.0,0.0,0.0,0.0,0.0,0.0,0.0,0.0,1,1,0,False,False,False,False,False,OTHER,OTHER,IMPROVED
1596,0.94747967,0.90364075,-0.04383892,0.9249708,0.8623439,-0.0626268999999999,1.0,1.0,0.0,0.0,0.0,0.0,0.0,0.0,0.0,0.0,0.0,0.0,1,1,0,False,False,False,False,False,OTHER,OTHER,REGRESSED
1597,0.0,0.7957987,0.7957987,0.13698915,0.7993552,0.66236605,0.0,0.7875,0.7875,0.0,0.0,0.0,0.0,0.0,0.0,1.0,0.0,-1.0,0,1,1,True,False,True,False,False,OFFROAD_ONLY,OTHER,FIXED_ZERO
1598,0.9302022,0.94765586,0.01745366,0.9002889,0.92522264,0.02493374,1.0,1.0,0.0,0.0,0.0,0.0,0.0,0.0,0.0,0.0,0.0,0.0,1,1,0,False,False,False,False,False,OTHER,OTHER,IMPROVED
1599,0.93894213,0.9475632,0.00862107,0.91277456,0.9250903,0.01231574,1.0,1.0,0.0,0.0,0.0,0.0,0.0,0.0,0.0,0.0,0.0,0.0,1,1,0,False,False,False,False,False,OTHER,OTHER,IMPROVED
1600,0.92130005,0.93004876,0.0087487099999999,0.88757145,0.90006965,0.0124982,1.0,1.0,0.0,0.0,0.0,0.0,0.0,0.0,0.0,0.0,0.0,0.0,1,1,0,False,False,False,False,False,OTHER,OTHER,IMPROVED
1601,1.0,1.0,0.0,1.0,1.0,0.0,1.0,1.0,0.0,0.0,0.0,0.0,0.0,0.0,0.0,0.0,0.0,0.0,1,1,0,False,False,False,False,False,OTHER,OTHER,UNCHANGED
1602,0.9139744,0.9825846,0.0686102,0.9253206,0.97512084,0.0498002399999999,0.8875,1.0,0.1125,0.0,0.0,0.0,0.0,0.0,0.0,0.0,0.0,0.0,1,1,0,False,False,False,False,False,OTHER,OTHER,IMPROVED
1603,1.0,1.0,0.0,1.0,1.0,0.0,1.0,1.0,0.0,0.0,0.0,0.0,0.0,0.0,0.0,0.0,0.0,0.0,1,1,0,False,False,False,False,False,OTHER,OTHER,UNCHANGED
1604,1.0,1.0,0.0,1.0,1.0,0.0,1.0,1.0,0.0,0.0,0.0,0.0,0.0,0.0,0.0,0.0,0.0,0.0,1,1,0,False,False,False,False,False,OTHER,OTHER,UNCHANGED
1605,0.9312796,0.9485264,0.0172468,0.901828,0.92646617,0.02463817,1.0,1.0,0.0,0.0,0.0,0.0,0.0,0.0,0.0,0.0,0.0,0.0,1,1,0,False,False,False,False,False,OTHER,OTHER,IMPROVED
1606,0.86747724,0.8689639,0.0014866599999999,0.81068176,0.8235198,0.0128380399999999,1.0,0.975,-0.025,0.0,0.0,0.0,0.0,0.0,0.0,0.0,0.0,0.0,1,1,0,False,False,False,False,False,OTHER,OTHER,IMPROVED
1607,0.94855183,1.0,0.05144817,0.97471696,1.0,0.02528304,0.8875,1.0,0.1125,0.0,0.0,0.0,0.0,0.0,0.0,0.0,0.0,0.0,1,1,0,False,False,False,False,False,OTHER,OTHER,IMPROVED
1608,0.8988928,0.9301368,0.0312439999999999,0.8877039,0.9001954,0.0124914999999999,0.925,1.0,0.0749999999999999,0.0,0.0,0.0,0.0,0.0,0.0,0.0,0.0,0.0,1,1,0,False,False,False,False,False,OTHER,OTHER,IMPROVED
1609,1.0,0.8860658,-0.1139341999999999,1.0,0.8372368,-0.1627632,1.0,1.0,0.0,0.0,0.0,0.0,0.0,0.0,0.0,0.0,0.0,0.0,1,1,0,False,False,False,False,False,OTHER,OTHER,REGRESSED
1610,0.0,0.97749996,0.97749996,0.93678313,1.0,0.0632168699999999,0.9130435,0.925,0.0119565,1.0,0.0,-1.0,1.0,0.0,-1.0,0.0,0.0,0.0,0,1,1,True,False,True,False,False,OVERLAP+COLLISION,OTHER,FIXED_ZERO
1611,1.0,1.0,0.0,1.0,1.0,0.0,1.0,1.0,0.0,0.0,0.0,0.0,0.0,0.0,0.0,0.0,0.0,0.0,1,1,0,False,False,False,False,False,OTHER,OTHER,UNCHANGED
1612,0.9134432,0.81191653,-0.10152667,0.9513475,0.902738,-0.0486094999999999,0.825,0.6,-0.2249999999999999,0.0,0.0,0.0,0.0,0.0,0.0,0.0,0.0,0.0,1,1,0,False,False,False,False,False,OTHER,OTHER,REGRESSED
1613,0.9205298,0.929323,0.0087932,0.88647103,0.89903283,0.0125617999999999,1.0,1.0,0.0,0.0,0.0,0.0,0.0,0.0,0.0,0.0,0.0,0.0,1,1,0,False,False,False,False,False,OTHER,OTHER,IMPROVED
1614,1.0,1.0,0.0,1.0,1.0,0.0,1.0,1.0,0.0,0.0,0.0,0.0,0.0,0.0,0.0,0.0,0.0,0.0,1,1,0,False,False,False,False,False,OTHER,OTHER,UNCHANGED
1615,1.0,1.0,0.0,1.0,1.0,0.0,1.0,1.0,0.0,0.0,0.0,0.0,0.0,0.0,0.0,0.0,0.0,0.0,1,1,0,False,False,False,False,False,OTHER,OTHER,UNCHANGED
1616,1.0,1.0,0.0,1.0,1.0,0.0,1.0,1.0,0.0,0.0,0.0,0.0,0.0,0.0,0.0,0.0,0.0,0.0,1,1,0,False,False,False,False,False,OTHER,OTHER,UNCHANGED
1617,0.96632785,0.8897581,-0.0765697499999999,0.9518969,0.84251153,-0.10938537,1.0,1.0,0.0,0.0,0.0,0.0,0.0,0.0,0.0,0.0,0.0,0.0,1,1,0,False,False,False,False,False,OTHER,OTHER,REGRESSED
1618,0.9362499,1.0,0.0637501,0.99999994,0.99999994,0.0,0.7875,1.0,0.2125,0.0,0.0,0.0,0.0,0.0,0.0,0.0,0.0,0.0,1,1,0,False,False,False,False,False,OTHER,OTHER,IMPROVED
1619,0.90144914,0.99894905,0.09749991,0.99849874,0.99849874,0.0,0.675,1.0,0.3249999999999999,0.0,0.0,0.0,0.0,0.0,0.0,0.0,0.0,0.0,1,1,0,False,False,False,False,False,OTHER,OTHER,IMPROVED
1620,0.84032726,0.9091074,0.0687801399999999,0.8736818,0.92372495,0.05004315,0.7625,0.875,0.1125,0.0,0.0,0.0,0.0,0.0,0.0,0.0,0.0,0.0,1,1,0,False,False,False,False,False,OTHER,OTHER,IMPROVED
1621,0.88413125,0.93025917,0.0461279199999999,0.8880446,0.90037024,0.01232564,0.875,1.0,0.125,0.0,0.0,0.0,0.0,0.0,0.0,0.0,0.0,0.0,1,1,0,False,False,False,False,False,OTHER,OTHER,IMPROVED
1622,1.0,1.0,0.0,1.0,1.0,0.0,1.0,1.0,0.0,0.0,0.0,0.0,0.0,0.0,0.0,0.0,0.0,0.0,1,1,0,False,False,False,False,False,OTHER,OTHER,UNCHANGED
1623,0.0,0.0,0.0,1.0,1.0,0.0,1.0,1.0,0.0,1.0,1.0,0.0,1.0,1.0,0.0,0.0,0.0,0.0,0,0,0,True,True,False,False,True,OVERLAP+COLLISION,OVERLAP+COLLISION,PERSISTENT_ZERO
1624,0.93002886,0.92128223,-0.0087466299999999,0.90004116,0.88754594,-0.01249522,1.0,1.0,0.0,0.0,0.0,0.0,0.0,0.0,0.0,0.0,0.0,0.0,1,1,0,False,False,False,False,False,OTHER,OTHER,REGRESSED
1625,0.8887783,0.9389006,0.0501222999999999,0.9375404,0.91271514,-0.02482526,0.77500004,1.0,0.22499996,0.0,0.0,0.0,0.0,0.0,0.0,0.0,0.0,0.0,1,1,0,False,False,False,False,False,OTHER,OTHER,IMPROVED
1626,0.885927,0.66619223,-0.2197347699999999,0.8370385,0.5231318,-0.3139067,1.0,1.0,0.0,0.0,0.0,0.0,0.0,0.0,0.0,0.0,0.0,0.0,1,1,0,False,False,False,False,False,OTHER,OTHER,REGRESSED
1627,0.97749996,1.0,0.02250004,1.0,1.0,0.0,0.925,1.0,0.0749999999999999,0.0,0.0,0.0,0.0,0.0,0.0,0.0,0.0,0.0,1,1,0,False,False,False,False,False,OTHER,OTHER,IMPROVED
1628,0.890037,0.78329015,-0.1067468499999999,0.84291,0.6904145,-0.1524955,1.0,1.0,0.0,0.0,0.0,0.0,0.0,0.0,0.0,0.0,0.0,0.0,1,1,0,False,False,False,False,False,OTHER,OTHER,REGRESSED
1629,0.96625006,1.0,0.0337499399999999,1.0,1.0,0.0,0.8875,1.0,0.1125,0.0,0.0,0.0,0.0,0.0,0.0,0.0,0.0,0.0,1,1,0,False,False,False,False,False,OTHER,OTHER,IMPROVED
1630,0.0,0.0,0.0,1.0,1.0,0.0,1.0,1.0,0.0,1.0,1.0,0.0,1.0,1.0,0.0,0.0,0.0,0.0,0,0,0,True,True,False,False,True,OVERLAP+COLLISION,OVERLAP+COLLISION,PERSISTENT_ZERO
1631,1.0,1.0,0.0,1.0,1.0,0.0,1.0,1.0,0.0,0.0,0.0,0.0,0.0,0.0,0.0,0.0,0.0,0.0,1,1,0,False,False,False,False,False,OTHER,OTHER,UNCHANGED
1632,1.0,1.0,0.0,1.0,1.0,0.0,1.0,1.0,0.0,0.0,0.0,0.0,0.0,0.0,0.0,0.0,0.0,0.0,1,1,0,False,False,False,False,False,OTHER,OTHER,UNCHANGED
1633,0.95767653,1.0,0.04232347,0.9877521,1.0,0.0122478999999999,0.8875,1.0,0.1125,0.0,0.0,0.0,0.0,0.0,0.0,0.0,0.0,0.0,1,1,0,False,False,False,False,False,OTHER,OTHER,IMPROVED
1634,0.8920967,0.91020024,0.01810354,0.8458525,0.8717146,0.0258621,1.0,1.0,0.0,0.0,0.0,0.0,0.0,0.0,0.0,0.0,0.0,0.0,1,1,0,False,False,False,False,False,OTHER,OTHER,IMPROVED
1635,0.7287244,1.0,0.2712755999999999,0.6124634,1.0,0.3875366,1.0,1.0,0.0,0.0,0.0,0.0,0.0,0.0,0.0,0.0,0.0,0.0,1,1,0,False,False,False,False,False,OTHER,OTHER,IMPROVED
1636,1.0,1.0,0.0,1.0,1.0,0.0,1.0,1.0,0.0,0.0,0.0,0.0,0.0,0.0,0.0,0.0,0.0,0.0,1,1,0,False,False,False,False,False,OTHER,OTHER,UNCHANGED
1637,0.94504786,0.9825479,0.03750004,0.97506833,0.97506833,0.0,0.875,1.0,0.125,0.0,0.0,0.0,0.0,0.0,0.0,0.0,0.0,0.0,1,1,0,False,False,False,False,False,OTHER,OTHER,IMPROVED
1638,0.85240763,0.9337101,0.08130247,0.87486815,0.9374429,0.06257475,0.8,0.925,0.125,0.0,0.0,0.0,0.0,0.0,0.0,0.0,0.0,0.0,1,1,0,False,False,False,False,False,OTHER,OTHER,IMPROVED
1639,0.85332966,0.8874899,0.03416024,0.86011374,0.87141407,0.01130033,0.83750004,0.925,0.08749996,0.0,0.0,0.0,0.0,0.0,0.0,0.0,0.0,0.0,1,1,0,False,False,False,False,False,OTHER,OTHER,IMPROVED
1640,1.0,1.0,0.0,1.0,1.0,0.0,1.0,1.0,0.0,0.0,0.0,0.0,0.0,0.0,0.0,0.0,0.0,0.0,1,1,0,False,False,False,False,False,OTHER,OTHER,UNCHANGED
1641,1.0,1.0,0.0,1.0,1.0,0.0,1.0,1.0,0.0,0.0,0.0,0.0,0.0,0.0,0.0,0.0,0.0,0.0,1,1,0,False,False,False,False,False,OTHER,OTHER,UNCHANGED
1642,0.8487199,0.89497757,0.04625767,0.83745694,0.84996796,0.0125110199999999,0.875,1.0,0.125,0.0,0.0,0.0,0.0,0.0,0.0,0.0,0.0,0.0,1,1,0,False,False,False,False,False,OTHER,OTHER,IMPROVED
1643,0.8646944,0.9166841,0.0519897,0.84420633,0.8809772,0.03677087,0.9125,1.0,0.0875,0.0,0.0,0.0,0.0,0.0,0.0,0.0,0.0,0.0,1,1,0,False,False,False,False,False,OTHER,OTHER,IMPROVED
1644,0.7513362,0.79107594,0.03973974,0.7679803,0.7551085,-0.0128717999999999,0.71250004,0.875,0.16249996,0.0,0.0,0.0,0.0,0.0,0.0,0.0,0.0,0.0,1,1,0,False,False,False,False,False,OTHER,OTHER,IMPROVED
1645,0.91984767,0.91984767,0.0,0.88549674,0.88549674,0.0,1.0,1.0,0.0,0.0,0.0,0.0,0.0,0.0,0.0,0.0,0.0,0.0,1,1,0,False,False,False,False,False,OTHER,OTHER,UNCHANGED
1646,0.95693475,0.88493055,-0.0720041999999999,0.9384783,0.83561504,-0.10286326,1.0,1.0,0.0,0.0,0.0,0.0,0.0,0.0,0.0,0.0,0.0,0.0,1,1,0,False,False,False,False,False,OTHER,OTHER,REGRESSED
1647,0.8448637,0.86736375,0.0225000499999999,0.8105196,0.8105196,0.0,0.925,1.0,0.0749999999999999,0.0,0.0,0.0,0.0,0.0,0.0,0.0,0.0,0.0,1,1,0,False,False,False,False,False,OTHER,OTHER,IMPROVED
1648,0.93224317,0.93224317,0.0,0.90320444,0.90320444,0.0,1.0,1.0,0.0,0.0,0.0,0.0,0.0,0.0,0.0,0.0,0.0,0.0,1,1,0,False,False,False,False,False,OTHER,OTHER,UNCHANGED
1649,0.9210124,0.90331423,-0.0176981699999999,0.9621606,0.9368775,-0.0252831,0.825,0.825,0.0,0.0,0.0,0.0,0.0,0.0,0.0,0.0,0.0,0.0,1,1,0,False,False,False,False,False,OTHER,OTHER,REGRESSED
1650,0.83131886,0.9075839,0.07626504,0.8554555,0.867977,0.0125214999999999,0.77500004,1.0,0.22499996,0.0,0.0,0.0,0.0,0.0,0.0,0.0,0.0,0.0,1,1,0,False,False,False,False,False,OTHER,OTHER,IMPROVED
1651,1.0,1.0,0.0,1.0,1.0,0.0,1.0,1.0,0.0,0.0,0.0,0.0,0.0,0.0,0.0,0.0,0.0,0.0,1,1,0,False,False,False,False,False,OTHER,OTHER,UNCHANGED
1652,0.9394085,0.9506585,0.0112499999999999,0.961655,0.961655,0.0,0.8875,0.925,0.0375,0.0,0.0,0.0,0.0,0.0,0.0,0.0,0.0,0.0,1,1,0,False,False,False,False,False,OTHER,OTHER,IMPROVED
1653,0.90587324,0.9552023,0.0493290599999999,0.897676,0.9360032,0.0383272,0.925,1.0,0.0749999999999999,0.0,0.0,0.0,0.0,0.0,0.0,0.0,0.0,0.0,1,1,0,False,False,False,False,False,OTHER,OTHER,IMPROVED
1654,1.0,1.0,0.0,1.0,1.0,0.0,1.0,1.0,0.0,0.0,0.0,0.0,0.0,0.0,0.0,0.0,0.0,0.0,1,1,0,False,False,False,False,False,OTHER,OTHER,UNCHANGED
1655,0.86242837,0.84204453,-0.02038384,0.8034691,0.77434933,-0.0291197700000001,1.0,1.0,0.0,0.0,0.0,0.0,0.0,0.0,0.0,0.0,0.0,0.0,1,1,0,False,False,False,False,False,OTHER,OTHER,REGRESSED
1656,0.9373997,0.9735206,0.0361209,0.9427138,0.96217227,0.01945847,0.925,1.0,0.0749999999999999,0.0,0.0,0.0,0.0,0.0,0.0,0.0,0.0,0.0,1,1,0,False,False,False,False,False,OTHER,OTHER,IMPROVED
1657,1.0,0.9912263,-0.0087736999999999,0.99999994,0.98746616,-0.01253378,1.0,1.0,0.0,0.0,0.0,0.0,0.0,0.0,0.0,0.0,0.0,0.0,1,1,0,False,False,False,False,False,OTHER,OTHER,REGRESSED
1658,1.0,1.0,0.0,1.0,1.0,0.0,1.0,1.0,0.0,0.0,0.0,0.0,0.0,0.0,0.0,0.0,0.0,0.0,1,1,0,False,False,False,False,False,OTHER,OTHER,UNCHANGED
1659,0.8121948,0.81915617,0.0069613699999999,0.7799212,0.74165165,-0.0382695499999999,0.8875,1.0,0.1125,0.0,0.0,0.0,0.0,0.0,0.0,0.0,0.0,0.0,1,1,0,False,False,False,False,False,OTHER,OTHER,IMPROVED
1660,1.0,1.0,0.0,1.0,1.0,0.0,1.0,1.0,0.0,0.0,0.0,0.0,0.0,0.0,0.0,0.0,0.0,0.0,1,1,0,False,False,False,False,False,OTHER,OTHER,UNCHANGED
1661,1.0,0.9585703,-0.0414297,1.0,0.9408148,-0.0591852,1.0,1.0,0.0,0.0,0.0,0.0,0.0,0.0,0.0,0.0,0.0,0.0,1,1,0,False,False,False,False,False,OTHER,OTHER,REGRESSED
1662,0.93686694,0.9539847,0.0171177599999999,0.9473099,0.9342638,-0.0130461,0.9125,1.0,0.0875,0.0,0.0,0.0,0.0,0.0,0.0,0.0,0.0,0.0,1,1,0,False,False,False,False,False,OTHER,OTHER,IMPROVED
1663,0.28303072,0.28303072,0.0,0.023972467,0.023972467,0.0,0.8875,0.8875,0.0,0.0,0.0,0.0,0.0,0.0,0.0,0.0,0.0,0.0,1,1,0,False,False,False,False,False,OTHER,OTHER,UNCHANGED
1664,0.91250545,0.93002445,0.0175189999999999,0.87500775,0.9000349,0.0250271499999999,1.0,1.0,0.0,0.0,0.0,0.0,0.0,0.0,0.0,0.0,0.0,0.0,1,1,0,False,False,False,False,False,OTHER,OTHER,IMPROVED
1665,0.9030876,0.96507186,0.06198426,0.9151252,0.9501027,0.0349774999999999,0.875,1.0,0.125,0.0,0.0,0.0,0.0,0.0,0.0,0.0,0.0,0.0,1,1,0,False,False,False,False,False,OTHER,OTHER,IMPROVED
1666,0.0,0.97749996,0.97749996,0.61285865,1.0,0.38714135,1.0,0.925,-0.0749999999999999,1.0,0.0,-1.0,1.0,0.0,-1.0,0.0,0.0,0.0,0,1,1,True,False,True,False,False,OVERLAP+COLLISION,OTHER,FIXED_ZERO
1667,1.0,1.0,0.0,1.0,1.0,0.0,1.0,1.0,0.0,0.0,0.0,0.0,0.0,0.0,0.0,0.0,0.0,0.0,1,1,0,False,False,False,False,False,OTHER,OTHER,UNCHANGED
1668,0.9299056,0.9561934,0.0262877999999999,0.89986515,0.93741906,0.0375539099999999,1.0,1.0,0.0,0.0,0.0,0.0,0.0,0.0,0.0,0.0,0.0,0.0,1,1,0,False,False,False,False,False,OTHER,OTHER,IMPROVED
1669,0.96625006,1.0,0.0337499399999999,1.0,1.0,0.0,0.8875,1.0,0.1125,0.0,0.0,0.0,0.0,0.0,0.0,0.0,0.0,0.0,1,1,0,False,False,False,False,False,OTHER,OTHER,IMPROVED
1670,1.0,1.0,0.0,1.0,1.0,0.0,1.0,1.0,0.0,0.0,0.0,0.0,0.0,0.0,0.0,0.0,0.0,0.0,1,1,0,False,False,False,False,False,OTHER,OTHER,UNCHANGED
1671,1.0,1.0,0.0,1.0,1.0,0.0,1.0,1.0,0.0,0.0,0.0,0.0,0.0,0.0,0.0,0.0,0.0,0.0,1,1,0,False,False,False,False,False,OTHER,OTHER,UNCHANGED
1672,0.88663197,0.9266672,0.0400352299999999,0.9344742,0.8952389,-0.0392353,0.77500004,1.0,0.22499996,0.0,0.0,0.0,0.0,0.0,0.0,0.0,0.0,0.0,1,1,0,False,False,False,False,False,OTHER,OTHER,IMPROVED
1673,0.8478901,0.8975779,0.0496878,0.8737715,0.8858255,0.012054,0.7875,0.925,0.1375,0.0,0.0,0.0,0.0,0.0,0.0,0.0,0.0,0.0,1,1,0,False,False,False,False,False,OTHER,OTHER,IMPROVED
1674,0.9246897,0.9483385,0.0236488,0.9513424,0.99048346,0.0391410599999999,0.8625,0.85,-0.0125,0.0,0.0,0.0,0.0,0.0,0.0,0.0,0.0,0.0,1,1,0,False,False,False,False,False,OTHER,OTHER,IMPROVED
1675,1.0,1.0,0.0,1.0,1.0,0.0,1.0,1.0,0.0,0.0,0.0,0.0,0.0,0.0,0.0,0.0,0.0,0.0,1,1,0,False,False,False,False,False,OTHER,OTHER,UNCHANGED
1676,1.0,0.9371439,-0.0628560999999999,1.0,0.91020554,-0.08979446,1.0,1.0,0.0,0.0,0.0,0.0,0.0,0.0,0.0,0.0,0.0,0.0,1,1,0,False,False,False,False,False,OTHER,OTHER,REGRESSED
1677,0.93495905,0.9473466,0.01238755,0.9874415,0.9622808,-0.0251606999999999,0.8125,0.9125,0.0999999999999999,0.0,0.0,0.0,0.0,0.0,0.0,0.0,0.0,0.0,1,1,0,False,False,False,False,False,OTHER,OTHER,IMPROVED
1678,0.9123297,0.8923689,-0.0199608,0.87475675,0.89981276,0.02505601,1.0,0.875,-0.125,0.0,0.0,0.0,0.0,0.0,0.0,0.0,0.0,0.0,1,1,0,False,False,False,False,False,OTHER,OTHER,REGRESSED
1679,0.72028977,0.8535399,0.1332501299999999,0.79327106,0.90327126,0.1100001999999999,0.55,0.7375,0.1875,0.0,0.0,0.0,0.0,0.0,0.0,0.0,0.0,0.0,1,1,0,False,False,False,False,False,OTHER,OTHER,IMPROVED
1680,1.0,1.0,0.0,1.0,1.0,0.0,1.0,1.0,0.0,0.0,0.0,0.0,0.0,0.0,0.0,0.0,0.0,0.0,1,1,0,False,False,False,False,False,OTHER,OTHER,UNCHANGED
1681,1.0,1.0,0.0,1.0,1.0,0.0,1.0,1.0,0.0,0.0,0.0,0.0,0.0,0.0,0.0,0.0,0.0,0.0,1,1,0,False,False,False,False,False,OTHER,OTHER,UNCHANGED
1682,0.0,0.0,0.0,1.0,1.0,0.0,1.0,1.0,0.0,1.0,1.0,0.0,1.0,1.0,0.0,0.0,0.0,0.0,0,0,0,True,True,False,False,True,OVERLAP+COLLISION,OVERLAP+COLLISION,PERSISTENT_ZERO
1683,0.97375005,0.93840665,-0.0353434,1.0,0.9495095,-0.0504904999999999,0.9125,0.9125,0.0,0.0,0.0,0.0,0.0,0.0,0.0,0.0,0.0,0.0,1,1,0,False,False,False,False,False,OTHER,OTHER,REGRESSED
1684,0.9361647,0.90806645,-0.0280982499999999,0.9730924,0.8686664,-0.104426,0.85,1.0,0.15,0.0,0.0,0.0,0.0,0.0,0.0,0.0,0.0,0.0,1,1,0,False,False,False,False,False,OTHER,OTHER,REGRESSED
1685,0.0,0.925,0.925,0.26507458,1.0,0.7349254199999999,0.7619048,0.75,-0.0119048,1.0,0.0,-1.0,1.0,0.0,-1.0,0.0,0.0,0.0,0,1,1,True,False,True,False,False,OVERLAP+COLLISION,OTHER,FIXED_ZERO
1686,0.9304876,0.93917274,0.0086851399999999,0.90069646,0.913104,0.0124075399999999,1.0,1.0,0.0,0.0,0.0,0.0,0.0,0.0,0.0,0.0,0.0,0.0,1,1,0,False,False,False,False,False,OTHER,OTHER,IMPROVED
1687,0.97749996,0.9320906,-0.0454093599999999,1.0,0.9029865,-0.0970134999999999,0.925,1.0,0.0749999999999999,0.0,0.0,0.0,0.0,0.0,0.0,0.0,0.0,0.0,1,1,0,False,False,False,False,False,OTHER,OTHER,REGRESSED
1688,1.0,1.0,0.0,1.0,1.0,0.0,1.0,1.0,0.0,0.0,0.0,0.0,0.0,0.0,0.0,0.0,0.0,0.0,1,1,0,False,False,False,False,False,OTHER,OTHER,UNCHANGED
1689,0.9553521,0.9642798,0.0089276999999999,0.9362173,0.94897115,0.0127538499999999,1.0,1.0,0.0,0.0,0.0,0.0,0.0,0.0,0.0,0.0,0.0,0.0,1,1,0,False,False,False,False,False,OTHER,OTHER,IMPROVED
1690,1.0,0.991161,-0.008839,1.0,0.98737276,-0.01262724,1.0,1.0,0.0,0.0,0.0,0.0,0.0,0.0,0.0,0.0,0.0,0.0,1,1,0,False,False,False,False,False,OTHER,OTHER,REGRESSED
1691,0.99131316,0.97749996,-0.0138132,0.9875903,1.0,0.0124096999999999,1.0,0.925,-0.0749999999999999,0.0,0.0,0.0,0.0,0.0,0.0,0.0,0.0,0.0,1,1,0,False,False,False,False,False,OTHER,OTHER,REGRESSED
1692,0.9329279,0.9186298,-0.0142980999999999,0.9363256,0.883757,-0.0525685999999999,0.925,1.0,0.0749999999999999,0.0,0.0,0.0,0.0,0.0,0.0,0.0,0.0,0.0,1,1,0,False,False,False,False,False,OTHER,OTHER,REGRESSED
1693,0.0,0.0,0.0,1.0,1.0,0.0,1.0,1.0,0.0,0.0,0.0,0.0,1.0,1.0,0.0,0.0,0.0,0.0,0,0,0,True,True,False,False,True,OVERLAP_ONLY,OVERLAP_ONLY,PERSISTENT_ZERO
1694,1.0,1.0,0.0,1.0,1.0,0.0,1.0,1.0,0.0,0.0,0.0,0.0,0.0,0.0,0.0,0.0,0.0,0.0,1,1,0,False,False,False,False,False,OTHER,OTHER,UNCHANGED
1695,0.9362074,0.95619565,0.0199882499999999,0.9624391,0.93742234,-0.0250167599999999,0.875,1.0,0.125,0.0,0.0,0.0,0.0,0.0,0.0,0.0,0.0,0.0,1,1,0,False,False,False,False,False,OTHER,OTHER,IMPROVED
1696,0.9126771,0.8963976,-0.0162795,0.87525296,0.9002109,0.02495794,1.0,0.8875,-0.1125,0.0,0.0,0.0,0.0,0.0,0.0,0.0,0.0,0.0,1,1,0,False,False,False,False,False,OTHER,OTHER,REGRESSED
1697,1.0,0.96999997,-0.0300000299999999,1.0,1.0,0.0,1.0,0.90000004,-0.09999996,0.0,0.0,0.0,0.0,0.0,0.0,0.0,0.0,0.0,1,1,0,False,False,False,False,False,OTHER,OTHER,REGRESSED
1698,1.0,1.0,0.0,1.0,1.0,0.0,1.0,1.0,0.0,0.0,0.0,0.0,0.0,0.0,0.0,0.0,0.0,0.0,1,1,0,False,False,False,False,False,OTHER,OTHER,UNCHANGED
1699,0.9389064,0.86863846,-0.07026794,0.9127234,0.81234056,-0.1003828399999999,1.0,1.0,0.0,0.0,0.0,0.0,0.0,0.0,0.0,0.0,0.0,0.0,1,1,0,False,False,False,False,False,OTHER,OTHER,REGRESSED
1700,1.0,1.0,0.0,1.0,1.0,0.0,1.0,1.0,0.0,0.0,0.0,0.0,0.0,0.0,0.0,0.0,0.0,0.0,1,1,0,False,False,False,False,False,OTHER,OTHER,UNCHANGED
1701,0.92200756,0.9395388,0.01753124,0.88858217,0.91362673,0.0250445600000001,1.0,1.0,0.0,0.0,0.0,0.0,0.0,0.0,0.0,0.0,0.0,0.0,1,1,0,False,False,False,False,False,OTHER,OTHER,IMPROVED
1702,0.895,0.96250004,0.0675000399999999,0.99999994,0.99999994,0.0,0.65000004,0.875,0.22499996,0.0,0.0,0.0,0.0,0.0,0.0,0.0,0.0,0.0,1,1,0,False,False,False,False,False,OTHER,OTHER,IMPROVED
1703,0.9915577,0.9987071,0.0071493999999999,0.9879395,0.998153,0.0102134999999999,1.0,1.0,0.0,0.0,0.0,0.0,0.0,0.0,0.0,0.0,0.0,0.0,1,1,0,False,False,False,False,False,OTHER,OTHER,IMPROVED
1704,0.96625006,0.96250004,-0.00375002,1.0,1.0,0.0,0.8875,0.875,-0.0124999999999999,0.0,0.0,0.0,0.0,0.0,0.0,0.0,0.0,0.0,1,1,0,False,False,False,False,False,OTHER,OTHER,REGRESSED
1705,0.8553425,0.9165494,0.0612068999999999,0.9004892,0.9129277,0.0124385,0.75,0.925,0.175,0.0,0.0,0.0,0.0,0.0,0.0,0.0,0.0,0.0,1,1,0,False,False,False,False,False,OTHER,OTHER,IMPROVED
1706,0.95874995,0.95874995,0.0,0.99999994,0.99999994,0.0,0.8625,0.8625,0.0,0.0,0.0,0.0,0.0,0.0,0.0,0.0,0.0,0.0,1,1,0,False,False,False,False,False,OTHER,OTHER,UNCHANGED
1707,1.0,1.0,0.0,1.0,1.0,0.0,1.0,1.0,0.0,0.0,0.0,0.0,0.0,0.0,0.0,0.0,0.0,0.0,1,1,0,False,False,False,False,False,OTHER,OTHER,UNCHANGED
1708,1.0,1.0,0.0,1.0,1.0,0.0,1.0,1.0,0.0,0.0,0.0,0.0,0.0,0.0,0.0,0.0,0.0,0.0,1,1,0,False,False,False,False,False,OTHER,OTHER,UNCHANGED
1709,0.97375005,0.9325,-0.04125005,1.0,1.0,0.0,0.9125,0.77500004,-0.1374999599999999,0.0,0.0,0.0,0.0,0.0,0.0,0.0,0.0,0.0,1,1,0,False,False,False,False,False,OTHER,OTHER,REGRESSED
1710,1.0,0.92466414,-0.07533586,0.99999994,0.89237726,-0.10762268,1.0,1.0,0.0,0.0,0.0,0.0,0.0,0.0,0.0,0.0,0.0,0.0,1,1,0,False,False,False,False,False,OTHER,OTHER,REGRESSED
1711,0.94786274,0.93042785,-0.01743489,0.92551816,0.90061116,-0.024907,1.0,1.0,0.0,0.0,0.0,0.0,0.0,0.0,0.0,0.0,0.0,0.0,1,1,0,False,False,False,False,False,OTHER,OTHER,REGRESSED
1712,0.8937001,0.91402435,0.02032425,0.90171444,0.8771776,-0.02453684,0.875,1.0,0.125,0.0,0.0,0.0,0.0,0.0,0.0,0.0,0.0,0.0,1,1,0,False,False,False,False,False,OTHER,OTHER,IMPROVED
1713,0.8978855,0.9913522,0.0934667,0.95055073,0.987646,0.03709527,0.77500004,1.0,0.22499996,0.0,0.0,0.0,0.0,0.0,0.0,0.0,0.0,0.0,1,1,0,False,False,False,False,False,OTHER,OTHER,IMPROVED
1714,1.0,1.0,0.0,1.0,1.0,0.0,1.0,1.0,0.0,0.0,0.0,0.0,0.0,0.0,0.0,0.0,0.0,0.0,1,1,0,False,False,False,False,False,OTHER,OTHER,UNCHANGED
1715,0.9332984,0.97549695,0.04219855,0.90471196,0.9649956,0.0602836399999999,1.0,1.0,0.0,0.0,0.0,0.0,0.0,0.0,0.0,0.0,0.0,0.0,1,1,0,False,False,False,False,False,OTHER,OTHER,IMPROVED
1716,0.96250004,0.96158564,-0.0009143999999999,1.0,0.9772652,-0.0227348,0.875,0.925,0.05,0.0,0.0,0.0,0.0,0.0,0.0,0.0,0.0,0.0,1,1,0,False,False,False,False,False,OTHER,OTHER,REGRESSED
1717,1.0,0.97749996,-0.02250004,1.0,1.0,0.0,1.0,0.925,-0.0749999999999999,0.0,0.0,0.0,0.0,0.0,0.0,0.0,0.0,0.0,1,1,0,False,False,False,False,False,OTHER,OTHER,REGRESSED
1718,0.9302667,0.8828641,-0.0474025999999999,0.9485952,0.832663,-0.1159321999999999,0.8875,1.0,0.1125,0.0,0.0,0.0,0.0,0.0,0.0,0.0,0.0,0.0,1,1,0,False,False,False,False,False,OTHER,OTHER,REGRESSED
1719,0.85037005,0.8946697,0.04429965,0.78624284,0.8495282,0.0632853599999999,1.0,1.0,0.0,0.0,0.0,0.0,0.0,0.0,0.0,0.0,0.0,0.0,1,1,0,False,False,False,False,False,OTHER,OTHER,IMPROVED
1720,0.9559404,0.9647398,0.0087994,0.93705785,0.94962835,0.0125705,1.0,1.0,0.0,0.0,0.0,0.0,0.0,0.0,0.0,0.0,0.0,0.0,1,1,0,False,False,False,False,False,OTHER,OTHER,IMPROVED
1721,0.93973255,0.91385144,-0.02588111,0.9139036,0.87693065,-0.03697295,1.0,1.0,0.0,0.0,0.0,0.0,0.0,0.0,0.0,0.0,0.0,0.0,1,1,0,False,False,False,False,False,OTHER,OTHER,REGRESSED
1722,0.9032839,0.8764101,-0.0268738,0.974334,0.93594295,-0.0383910499999999,0.7375,0.7375,0.0,0.0,0.0,0.0,0.0,0.0,0.0,0.0,0.0,0.0,1,1,0,False,False,False,False,False,OTHER,OTHER,REGRESSED
1723,1.0,1.0,0.0,1.0,1.0,0.0,1.0,1.0,0.0,0.0,0.0,0.0,0.0,0.0,0.0,0.0,0.0,0.0,1,1,0,False,False,False,False,False,OTHER,OTHER,UNCHANGED
1724,0.0,0.0,0.0,0.008631383,0.008631383,0.0,1.0,1.0,0.0,0.0,0.0,0.0,1.0,1.0,0.0,0.0,0.0,0.0,0,0,0,True,True,False,False,True,OVERLAP_ONLY,OVERLAP_ONLY,PERSISTENT_ZERO
1725,0.9554613,0.928768,-0.0266932999999999,0.9363733,0.89824,-0.0381332999999999,1.0,1.0,0.0,0.0,0.0,0.0,0.0,0.0,0.0,0.0,0.0,0.0,1,1,0,False,False,False,False,False,OTHER,OTHER,REGRESSED
1726,1.0,1.0,0.0,1.0,1.0,0.0,1.0,1.0,0.0,0.0,0.0,0.0,0.0,0.0,0.0,0.0,0.0,0.0,1,1,0,False,False,False,False,False,OTHER,OTHER,UNCHANGED
1727,0.9365393,0.9488749,0.0123356,0.94148475,0.9269641,-0.01452065,0.925,1.0,0.0749999999999999,0.0,0.0,0.0,0.0,0.0,0.0,0.0,0.0,0.0,1,1,0,False,False,False,False,False,OTHER,OTHER,IMPROVED
1728,1.0,1.0,0.0,1.0,1.0,0.0,1.0,1.0,0.0,0.0,0.0,0.0,0.0,0.0,0.0,0.0,0.0,0.0,1,1,0,False,False,False,False,False,OTHER,OTHER,UNCHANGED
1729,0.8289384,0.7460425,-0.0828958999999999,0.78776914,0.6693464,-0.1184227399999999,0.925,0.925,0.0,0.0,0.0,0.0,0.0,0.0,0.0,0.0,0.0,0.0,1,1,0,False,False,False,False,False,OTHER,OTHER,REGRESSED
1730,1.0,0.938894,-0.0611059999999999,1.0,0.91270566,-0.08729434,1.0,1.0,0.0,0.0,0.0,0.0,0.0,0.0,0.0,0.0,0.0,0.0,1,1,0,False,False,False,False,False,OTHER,OTHER,REGRESSED
1731,0.97749996,0.9549999,-0.0225000599999999,0.99999994,0.99999994,0.0,0.925,0.85,-0.075,0.0,0.0,0.0,0.0,0.0,0.0,0.0,0.0,0.0,1,1,0,False,False,False,False,False,OTHER,OTHER,REGRESSED
1732,1.0,1.0,0.0,1.0,1.0,0.0,1.0,1.0,0.0,0.0,0.0,0.0,0.0,0.0,0.0,0.0,0.0,0.0,1,1,0,False,False,False,False,False,OTHER,OTHER,UNCHANGED
1733,1.0,0.9428936,-0.0571064,1.0,0.9184195,-0.0815804999999999,1.0,1.0,0.0,0.0,0.0,0.0,0.0,0.0,0.0,0.0,0.0,0.0,1,1,0,False,False,False,False,False,OTHER,OTHER,REGRESSED
1734,0.88417,0.8485405,-0.0356294999999999,0.8666714,0.8157722,-0.0508992,0.925,0.925,0.0,0.0,0.0,0.0,0.0,0.0,0.0,0.0,0.0,0.0,1,1,0,False,False,False,False,False,OTHER,OTHER,REGRESSED
1735,0.95500004,0.9060532,-0.04894684,1.0,0.86579025,-0.13420975,0.85,1.0,0.15,0.0,0.0,0.0,0.0,0.0,0.0,0.0,0.0,0.0,1,1,0,False,False,False,False,False,OTHER,OTHER,REGRESSED
1736,0.92762184,0.92762184,0.0,0.89660263,0.89660263,0.0,1.0,1.0,0.0,0.0,0.0,0.0,0.0,0.0,0.0,0.0,0.0,0.0,1,1,0,False,False,False,False,False,OTHER,OTHER,UNCHANGED
1737,1.0,1.0,0.0,1.0,1.0,0.0,1.0,1.0,0.0,0.0,0.0,0.0,0.0,0.0,0.0,0.0,0.0,0.0,1,1,0,False,False,False,False,False,OTHER,OTHER,UNCHANGED
1738,1.0,1.0,0.0,1.0,1.0,0.0,1.0,1.0,0.0,0.0,0.0,0.0,0.0,0.0,0.0,0.0,0.0,0.0,1,1,0,False,False,False,False,False,OTHER,OTHER,UNCHANGED
1739,1.0,1.0,0.0,1.0,1.0,0.0,1.0,1.0,0.0,0.0,0.0,0.0,0.0,0.0,0.0,0.0,0.0,0.0,1,1,0,False,False,False,False,False,OTHER,OTHER,UNCHANGED
1740,0.8962185,0.94083977,0.0446212699999999,0.8517408,0.91548544,0.06374464,1.0,1.0,0.0,0.0,0.0,0.0,0.0,0.0,0.0,0.0,0.0,0.0,1,1,0,False,False,False,False,False,OTHER,OTHER,IMPROVED
1741,0.97749996,1.0,0.02250004,1.0,1.0,0.0,0.925,1.0,0.0749999999999999,0.0,0.0,0.0,0.0,0.0,0.0,0.0,0.0,0.0,1,1,0,False,False,False,False,False,OTHER,OTHER,IMPROVED
1742,1.0,1.0,0.0,1.0,1.0,0.0,1.0,1.0,0.0,0.0,0.0,0.0,0.0,0.0,0.0,0.0,0.0,0.0,1,1,0,False,False,False,False,False,OTHER,OTHER,UNCHANGED
1743,1.0,1.0,0.0,1.0,1.0,0.0,1.0,1.0,0.0,0.0,0.0,0.0,0.0,0.0,0.0,0.0,0.0,0.0,1,1,0,False,False,False,False,False,OTHER,OTHER,UNCHANGED
1744,1.0,1.0,0.0,1.0,1.0,0.0,1.0,1.0,0.0,0.0,0.0,0.0,0.0,0.0,0.0,0.0,0.0,0.0,1,1,0,False,False,False,False,False,OTHER,OTHER,UNCHANGED
1745,0.96625006,1.0,0.0337499399999999,1.0,1.0,0.0,0.8875,1.0,0.1125,0.0,0.0,0.0,0.0,0.0,0.0,0.0,0.0,0.0,1,1,0,False,False,False,False,False,OTHER,OTHER,IMPROVED
1746,1.0,0.9320103,-0.0679897,1.0,0.90287185,-0.0971281499999999,1.0,1.0,0.0,0.0,0.0,0.0,0.0,0.0,0.0,0.0,0.0,0.0,1,1,0,False,False,False,False,False,OTHER,OTHER,REGRESSED
1747,0.9707551,0.48679343,-0.4839616699999999,0.99036443,0.30434772,-0.68601671,0.925,0.9125,-0.0125,0.0,0.0,0.0,0.0,0.0,0.0,0.0,0.0,0.0,1,1,0,False,False,False,False,False,OTHER,OTHER,REGRESSED
1748,0.96203154,1.0,0.0379684599999999,0.98861647,1.0,0.01138353,0.90000004,1.0,0.09999996,0.0,0.0,0.0,0.0,0.0,0.0,0.0,0.0,0.0,1,1,0,False,False,False,False,False,OTHER,OTHER,IMPROVED
1749,0.89574033,0.84007114,-0.0556691899999999,0.8510575,0.7715301,-0.0795274,1.0,1.0,0.0,0.0,0.0,0.0,0.0,0.0,0.0,0.0,0.0,0.0,1,1,0,False,False,False,False,False,OTHER,OTHER,REGRESSED
1750,0.91999286,0.8408166,-0.07917626,0.8857041,0.77259517,-0.11310893,1.0,1.0,0.0,0.0,0.0,0.0,0.0,0.0,0.0,0.0,0.0,0.0,1,1,0,False,False,False,False,False,OTHER,OTHER,REGRESSED
1751,0.9133358,0.93002474,0.0166889399999999,0.876194,0.9000353,0.0238412999999999,1.0,1.0,0.0,0.0,0.0,0.0,0.0,0.0,0.0,0.0,0.0,0.0,1,1,0,False,False,False,False,False,OTHER,OTHER,IMPROVED
1752,0.93044376,0.83351815,-0.09692561,0.9006339,0.76216877,-0.1384651299999999,1.0,1.0,0.0,0.0,0.0,0.0,0.0,0.0,0.0,0.0,0.0,0.0,1,1,0,False,False,False,False,False,OTHER,OTHER,REGRESSED
1753,0.9223693,0.8963606,-0.0260086999999999,0.889099,0.8519437,-0.0371553,1.0,1.0,0.0,0.0,0.0,0.0,0.0,0.0,0.0,0.0,0.0,0.0,1,1,0,False,False,False,False,False,OTHER,OTHER,REGRESSED
1754,1.0,1.0,0.0,1.0,1.0,0.0,1.0,1.0,0.0,0.0,0.0,0.0,0.0,0.0,0.0,0.0,0.0,0.0,1,1,0,False,False,False,False,False,OTHER,OTHER,UNCHANGED
1755,1.0,1.0,0.0,1.0,1.0,0.0,1.0,1.0,0.0,0.0,0.0,0.0,0.0,0.0,0.0,0.0,0.0,0.0,1,1,0,False,False,False,False,False,OTHER,OTHER,UNCHANGED
1756,0.95874995,0.95125,-0.0074999499999999,1.0,1.0,0.0,0.8625,0.83750004,-0.02499996,0.0,0.0,0.0,0.0,0.0,0.0,0.0,0.0,0.0,1,1,0,False,False,False,False,False,OTHER,OTHER,REGRESSED
1757,1.0,1.0,0.0,1.0,1.0,0.0,1.0,1.0,0.0,0.0,0.0,0.0,0.0,0.0,0.0,0.0,0.0,0.0,1,1,0,False,False,False,False,False,OTHER,OTHER,UNCHANGED
1758,0.9380116,0.91146547,-0.0265461299999999,0.91144514,0.87352204,-0.0379230999999999,1.0,1.0,0.0,0.0,0.0,0.0,0.0,0.0,0.0,0.0,0.0,0.0,1,1,0,False,False,False,False,False,OTHER,OTHER,REGRESSED
1759,1.0,1.0,0.0,1.0,1.0,0.0,1.0,1.0,0.0,0.0,0.0,0.0,0.0,0.0,0.0,0.0,0.0,0.0,1,1,0,False,False,False,False,False,OTHER,OTHER,UNCHANGED
1760,1.0,1.0,0.0,1.0,1.0,0.0,1.0,1.0,0.0,0.0,0.0,0.0,0.0,0.0,0.0,0.0,0.0,0.0,1,1,0,False,False,False,False,False,OTHER,OTHER,UNCHANGED
1761,1.0,1.0,0.0,1.0,1.0,0.0,1.0,1.0,0.0,0.0,0.0,0.0,0.0,0.0,0.0,0.0,0.0,0.0,1,1,0,False,False,False,False,False,OTHER,OTHER,UNCHANGED
1762,0.92110234,0.9386328,0.01753046,0.88728905,0.91233253,0.02504348,1.0,1.0,0.0,0.0,0.0,0.0,0.0,0.0,0.0,0.0,0.0,0.0,1,1,0,False,False,False,False,False,OTHER,OTHER,IMPROVED
1763,0.8680607,0.8572864,-0.0107743,0.85972965,0.7961234,-0.0636062499999999,0.8875,1.0,0.1125,0.0,0.0,0.0,0.0,0.0,0.0,0.0,0.0,0.0,1,1,0,False,False,False,False,False,OTHER,OTHER,REGRESSED
1764,1.0,1.0,0.0,1.0,1.0,0.0,1.0,1.0,0.0,0.0,0.0,0.0,0.0,0.0,0.0,0.0,0.0,0.0,1,1,0,False,False,False,False,False,OTHER,OTHER,UNCHANGED
1765,1.0,1.0,0.0,1.0,1.0,0.0,1.0,1.0,0.0,0.0,0.0,0.0,0.0,0.0,0.0,0.0,0.0,0.0,1,1,0,False,False,False,False,False,OTHER,OTHER,UNCHANGED
1766,0.97375005,1.0,0.0262499499999999,1.0,1.0,0.0,0.9125,1.0,0.0875,0.0,0.0,0.0,0.0,0.0,0.0,0.0,0.0,0.0,1,1,0,False,False,False,False,False,OTHER,OTHER,IMPROVED
1767,0.91242754,0.93870956,0.02628202,0.87489647,0.9124422,0.0375457299999999,1.0,1.0,0.0,0.0,0.0,0.0,0.0,0.0,0.0,0.0,0.0,0.0,1,1,0,False,False,False,False,False,OTHER,OTHER,IMPROVED
1768,0.8577038,0.90757334,0.0498695399999999,0.8288626,0.8679618,0.0390992,0.925,1.0,0.0749999999999999,0.0,0.0,0.0,0.0,0.0,0.0,0.0,0.0,0.0,1,1,0,False,False,False,False,False,OTHER,OTHER,IMPROVED
1769,0.9588896,0.95287573,-0.0060138699999999,0.9412709,0.96482235,0.02355145,1.0,0.925,-0.0749999999999999,0.0,0.0,0.0,0.0,0.0,0.0,0.0,0.0,0.0,1,1,0,False,False,False,False,False,OTHER,OTHER,REGRESSED
1770,0.8173132,0.8860844,0.0687712,0.8247331,0.8372633,0.0125302,0.8,1.0,0.1999999999999999,0.0,0.0,0.0,0.0,0.0,0.0,0.0,0.0,0.0,1,1,0,False,False,False,False,False,OTHER,OTHER,IMPROVED
1771,1.0,1.0,0.0,1.0,1.0,0.0,1.0,1.0,0.0,0.0,0.0,0.0,0.0,0.0,0.0,0.0,0.0,0.0,1,1,0,False,False,False,False,False,OTHER,OTHER,UNCHANGED
1772,0.8957631,1.0,0.1042368999999999,0.883233,1.0,0.1167669999999999,0.925,1.0,0.0749999999999999,0.0,0.0,0.0,0.0,0.0,0.0,0.0,0.0,0.0,1,1,0,False,False,False,False,False,OTHER,OTHER,IMPROVED
1773,0.9078602,0.95125,0.0433898,0.9273003,1.0,0.0726997,0.8625,0.83750004,-0.02499996,0.0,0.0,0.0,0.0,0.0,0.0,0.0,0.0,0.0,1,1,0,False,False,False,False,False,OTHER,OTHER,IMPROVED
1774,0.0,0.0,0.0,1.0,1.0,0.0,1.0,1.0,0.0,1.0,1.0,0.0,1.0,1.0,0.0,0.0,0.0,0.0,0,0,0,True,True,False,False,True,OVERLAP+COLLISION,OVERLAP+COLLISION,PERSISTENT_ZERO
1775,0.95500004,1.0,0.0449999599999999,1.0,1.0,0.0,0.85,1.0,0.15,0.0,0.0,0.0,0.0,0.0,0.0,0.0,0.0,0.0,1,1,0,False,False,False,False,False,OTHER,OTHER,IMPROVED
1776,0.88276446,0.92205906,0.0392946,0.88073486,0.9422273,0.0614924399999999,0.8875,0.875,-0.0124999999999999,0.0,0.0,0.0,0.0,0.0,0.0,0.0,0.0,0.0,1,1,0,False,False,False,False,False,OTHER,OTHER,IMPROVED
1777,0.97749996,1.0,0.02250004,0.99999994,0.99999994,0.0,0.925,1.0,0.0749999999999999,0.0,0.0,0.0,0.0,0.0,0.0,0.0,0.0,0.0,1,1,0,False,False,False,False,False,OTHER,OTHER,IMPROVED
1778,0.36044392,0.29307637,-0.06736755,0.13456275,0.03832337,-0.09623938,0.8875,0.8875,0.0,0.0,0.0,0.0,0.0,0.0,0.0,0.0,0.0,0.0,1,1,0,False,False,False,False,False,OTHER,OTHER,REGRESSED
1779,1.0,1.0,0.0,1.0,1.0,0.0,1.0,1.0,0.0,0.0,0.0,0.0,0.0,0.0,0.0,0.0,0.0,0.0,1,1,0,False,False,False,False,False,OTHER,OTHER,UNCHANGED
1780,1.0,1.0,0.0,1.0,1.0,0.0,1.0,1.0,0.0,0.0,0.0,0.0,0.0,0.0,0.0,0.0,0.0,0.0,1,1,0,False,False,False,False,False,OTHER,OTHER,UNCHANGED
1781,0.8785515,0.9736481,0.0950965999999999,0.8747165,0.96235436,0.0876378599999999,0.8875,1.0,0.1125,0.0,0.0,0.0,0.0,0.0,0.0,0.0,0.0,0.0,1,1,0,False,False,False,False,False,OTHER,OTHER,IMPROVED
1782,0.77736306,0.7235801,-0.05378296,0.7462329,0.664043,-0.0821898999999999,0.85,0.8625,0.0125,0.0,0.0,0.0,0.0,0.0,0.0,0.0,0.0,0.0,1,1,0,False,False,False,False,False,OTHER,OTHER,REGRESSED
1783,0.8748978,0.93867,0.0637722,0.8748539,0.9123857,0.0375318,0.875,1.0,0.125,0.0,0.0,0.0,0.0,0.0,0.0,0.0,0.0,0.0,1,1,0,False,False,False,False,False,OTHER,OTHER,IMPROVED
1784,0.9181718,0.95973265,0.0415608499999999,0.936674,0.974618,0.0379439999999999,0.875,0.925,0.05,0.0,0.0,0.0,0.0,0.0,0.0,0.0,0.0,0.0,1,1,0,False,False,False,False,False,OTHER,OTHER,IMPROVED
1785,0.0,0.0,0.0,0.0,0.0,0.0,1.0,1.0,0.0,1.0,1.0,0.0,1.0,1.0,0.0,0.0,0.0,0.0,0,0,0,True,True,False,False,True,OVERLAP+COLLISION,OVERLAP+COLLISION,PERSISTENT_ZERO
1786,0.88607925,0.89925593,0.01317668,0.8801131,0.85608,-0.0240331,0.90000004,1.0,0.09999996,0.0,0.0,0.0,0.0,0.0,0.0,0.0,0.0,0.0,1,1,0,False,False,False,False,False,OTHER,OTHER,IMPROVED
1787,1.0,1.0,0.0,1.0,1.0,0.0,1.0,1.0,0.0,0.0,0.0,0.0,0.0,0.0,0.0,0.0,0.0,0.0,1,1,0,False,False,False,False,False,OTHER,OTHER,UNCHANGED
1788,0.8937276,0.9000654,0.0063378,0.9017537,0.8893792,-0.0123744999999999,0.875,0.925,0.05,0.0,0.0,0.0,0.0,0.0,0.0,0.0,0.0,0.0,1,1,0,False,False,False,False,False,OTHER,OTHER,IMPROVED
1789,1.0,1.0,0.0,1.0,1.0,0.0,1.0,1.0,0.0,0.0,0.0,0.0,0.0,0.0,0.0,0.0,0.0,0.0,1,1,0,False,False,False,False,False,OTHER,OTHER,UNCHANGED
1790,0.9931955,1.0,0.0068044999999999,0.9902792,1.0,0.0097207999999999,1.0,1.0,0.0,0.0,0.0,0.0,0.0,0.0,0.0,0.0,0.0,0.0,1,1,0,False,False,False,False,False,OTHER,OTHER,IMPROVED
1791,0.9245451,0.88677216,-0.0377729399999999,0.8922073,0.838246,-0.0539612999999999,1.0,1.0,0.0,0.0,0.0,0.0,0.0,0.0,0.0,0.0,0.0,0.0,1,1,0,False,False,False,False,False,OTHER,OTHER,REGRESSED
1792,0.96250004,0.9656277,0.0031276599999999,1.0,0.95089674,-0.0491032599999999,0.875,1.0,0.125,0.0,0.0,0.0,0.0,0.0,0.0,0.0,0.0,0.0,1,1,0,False,False,False,False,False,OTHER,OTHER,IMPROVED
1793,0.98178196,0.98178196,0.0,0.9739742,0.9739742,0.0,1.0,1.0,0.0,0.0,0.0,0.0,0.0,0.0,0.0,0.0,0.0,0.0,1,1,0,False,False,False,False,False,OTHER,OTHER,UNCHANGED
1794,0.93411845,0.8319637,-0.10215475,0.9058835,0.75994825,-0.1459352499999999,1.0,1.0,0.0,0.0,0.0,0.0,0.0,0.0,0.0,0.0,0.0,0.0,1,1,0,False,False,False,False,False,OTHER,OTHER,REGRESSED
1795,0.9503689,0.9835496,0.0331807,0.9290985,0.97649944,0.0474009399999999,1.0,1.0,0.0,0.0,0.0,0.0,0.0,0.0,0.0,0.0,0.0,0.0,1,1,0,False,False,False,False,False,OTHER,OTHER,IMPROVED
1796,1.0,1.0,0.0,1.0,1.0,0.0,1.0,1.0,0.0,0.0,0.0,0.0,0.0,0.0,0.0,0.0,0.0,0.0,1,1,0,False,False,False,False,False,OTHER,OTHER,UNCHANGED
1797,0.9208378,0.9296284,0.0087905999999999,0.88691115,0.8994692,0.0125580499999999,1.0,1.0,0.0,0.0,0.0,0.0,0.0,0.0,0.0,0.0,0.0,0.0,1,1,0,False,False,False,False,False,OTHER,OTHER,IMPROVED
1798,1.0,1.0,0.0,1.0,1.0,0.0,1.0,1.0,0.0,0.0,0.0,0.0,0.0,0.0,0.0,0.0,0.0,0.0,1,1,0,False,False,False,False,False,OTHER,OTHER,UNCHANGED
1799,0.97629577,0.0,-0.97629577,0.9661368,0.66853803,-0.29759877,1.0,1.0,0.0,0.0,1.0,1.0,0.0,1.0,1.0,0.0,0.0,0.0,1,0,-1,False,True,False,True,False,OTHER,OVERLAP+COLLISION,NEW_ZERO
1800,0.9031841,0.85386556,-0.04931854,0.8938344,0.8448079,-0.0490265,0.925,0.875,-0.05,0.0,0.0,0.0,0.0,0.0,0.0,0.0,0.0,0.0,1,1,0,False,False,False,False,False,OTHER,OTHER,REGRESSED
1801,0.8861324,0.88577235,-0.00036005,0.8748321,0.9011034,0.0262712999999999,0.9125,0.85,-0.0625,0.0,0.0,0.0,0.0,0.0,0.0,0.0,0.0,0.0,1,1,0,False,False,False,False,False,OTHER,OTHER,REGRESSED
1802,1.0,1.0,0.0,1.0,1.0,0.0,1.0,1.0,0.0,0.0,0.0,0.0,0.0,0.0,0.0,0.0,0.0,0.0,1,1,0,False,False,False,False,False,OTHER,OTHER,UNCHANGED
1803,0.9307966,0.9453313,0.0145347,0.9493523,0.9379733,-0.011379,0.8875,0.96250004,0.07500004,0.0,0.0,0.0,0.0,0.0,0.0,0.0,0.0,0.0,1,1,0,False,False,False,False,False,OTHER,OTHER,IMPROVED
1804,0.96250004,0.94785386,-0.0146461799999999,1.0,0.92550546,-0.07449454,0.875,1.0,0.125,0.0,0.0,0.0,0.0,0.0,0.0,0.0,0.0,0.0,1,1,0,False,False,False,False,False,OTHER,OTHER,REGRESSED
1805,0.84348595,0.8616435,0.0181575499999999,0.77640843,0.80234784,0.0259394099999999,1.0,1.0,0.0,0.0,0.0,0.0,0.0,0.0,0.0,0.0,0.0,0.0,1,1,0,False,False,False,False,False,OTHER,OTHER,IMPROVED
1806,0.8122147,0.8034382,-0.0087764999999999,0.78530675,0.7727689,-0.01253785,0.875,0.875,0.0,0.0,0.0,0.0,0.0,0.0,0.0,0.0,0.0,0.0,1,1,0,False,False,False,False,False,OTHER,OTHER,REGRESSED
1807,0.91964,0.91964,0.0,0.8852,0.8852,0.0,1.0,1.0,0.0,0.0,0.0,0.0,0.0,0.0,0.0,0.0,0.0,0.0,1,1,0,False,False,False,False,False,OTHER,OTHER,UNCHANGED
1808,0.98346007,0.95645964,-0.0270004299999999,0.9763716,0.93779945,-0.03857215,1.0,1.0,0.0,0.0,0.0,0.0,0.0,0.0,0.0,0.0,0.0,0.0,1,1,0,False,False,False,False,False,OTHER,OTHER,REGRESSED
1809,1.0,1.0,0.0,1.0,1.0,0.0,1.0,1.0,0.0,0.0,0.0,0.0,0.0,0.0,0.0,0.0,0.0,0.0,1,1,0,False,False,False,False,False,OTHER,OTHER,UNCHANGED
1810,1.0,1.0,0.0,1.0,1.0,0.0,1.0,1.0,0.0,0.0,0.0,0.0,0.0,0.0,0.0,0.0,0.0,0.0,1,1,0,False,False,False,False,False,OTHER,OTHER,UNCHANGED
1811,0.9159139,0.88933796,-0.0265759399999999,0.879877,0.8419113,-0.0379656999999999,1.0,1.0,0.0,0.0,0.0,0.0,0.0,0.0,0.0,0.0,0.0,0.0,1,1,0,False,False,False,False,False,OTHER,OTHER,REGRESSED
1812,0.9087656,0.90585804,-0.0029075599999999,0.9232365,0.8976543,-0.0255822,0.875,0.925,0.05,0.0,0.0,0.0,0.0,0.0,0.0,0.0,0.0,0.0,1,1,0,False,False,False,False,False,OTHER,OTHER,REGRESSED
1813,1.0,1.0,0.0,1.0,1.0,0.0,1.0,1.0,0.0,0.0,0.0,0.0,0.0,0.0,0.0,0.0,0.0,0.0,1,1,0,False,False,False,False,False,OTHER,OTHER,UNCHANGED
1814,0.9402966,0.95154667,0.01125007,0.96292377,0.96292377,0.0,0.8875,0.925,0.0375,0.0,0.0,0.0,0.0,0.0,0.0,0.0,0.0,0.0,1,1,0,False,False,False,False,False,OTHER,OTHER,IMPROVED
1815,0.97749996,1.0,0.02250004,1.0,1.0,0.0,0.925,1.0,0.0749999999999999,0.0,0.0,0.0,0.0,0.0,0.0,0.0,0.0,0.0,1,1,0,False,False,False,False,False,OTHER,OTHER,IMPROVED
1816,0.941449,0.93173754,-0.00971146,0.9163557,0.9024821,-0.0138736,1.0,1.0,0.0,0.0,0.0,0.0,0.0,0.0,0.0,0.0,0.0,0.0,1,1,0,False,False,False,False,False,OTHER,OTHER,REGRESSED
1817,1.0,1.0,0.0,1.0,1.0,0.0,1.0,1.0,0.0,0.0,0.0,0.0,0.0,0.0,0.0,0.0,0.0,0.0,1,1,0,False,False,False,False,False,OTHER,OTHER,UNCHANGED
1818,0.95488864,0.9639166,0.00902796,0.9355552,0.9484522,0.0128969999999999,1.0,1.0,0.0,0.0,0.0,0.0,0.0,0.0,0.0,0.0,0.0,0.0,1,1,0,False,False,False,False,False,OTHER,OTHER,IMPROVED
1819,0.86974204,0.92983735,0.06009531,0.86213136,0.89976764,0.0376362799999999,0.8875,1.0,0.1125,0.0,0.0,0.0,0.0,0.0,0.0,0.0,0.0,0.0,1,1,0,False,False,False,False,False,OTHER,OTHER,IMPROVED
1820,1.0,1.0,0.0,1.0,1.0,0.0,1.0,1.0,0.0,0.0,0.0,0.0,0.0,0.0,0.0,0.0,0.0,0.0,1,1,0,False,False,False,False,False,OTHER,OTHER,UNCHANGED
1821,0.69337523,0.7258505,0.0324752699999999,0.71196455,0.73692936,0.0249648099999999,0.65000004,0.7,0.0499999599999999,0.0,0.0,0.0,0.0,0.0,0.0,0.0,0.0,0.0,1,1,0,False,False,False,False,False,OTHER,OTHER,IMPROVED
1822,1.0,1.0,0.0,1.0,1.0,0.0,1.0,1.0,0.0,0.0,0.0,0.0,0.0,0.0,0.0,0.0,0.0,0.0,1,1,0,False,False,False,False,False,OTHER,OTHER,UNCHANGED
1823,0.8514922,0.86422694,0.0127347399999999,0.8467746,0.85960996,0.0128353599999999,0.8625,0.875,0.0124999999999999,0.0,0.0,0.0,0.0,0.0,0.0,0.0,0.0,0.0,1,1,0,False,False,False,False,False,OTHER,OTHER,IMPROVED
1824,0.9825514,0.97381973,-0.0087316699999999,0.97507334,0.9625997,-0.01247364,1.0,1.0,0.0,0.0,0.0,0.0,0.0,0.0,0.0,0.0,0.0,0.0,1,1,0,False,False,False,False,False,OTHER,OTHER,REGRESSED
1825,1.0,1.0,0.0,1.0,1.0,0.0,1.0,1.0,0.0,0.0,0.0,0.0,0.0,0.0,0.0,0.0,0.0,0.0,1,1,0,False,False,False,False,False,OTHER,OTHER,UNCHANGED
1826,0.95125,1.0,0.0487499999999999,1.0,1.0,0.0,0.83750004,1.0,0.16249996,0.0,0.0,0.0,0.0,0.0,0.0,0.0,0.0,0.0,1,1,0,False,False,False,False,False,OTHER,OTHER,IMPROVED
1827,0.84812653,0.8993147,0.0511881699999999,0.83125216,0.9418782,0.1106260399999999,0.8875,0.8,-0.0874999999999999,0.0,0.0,0.0,0.0,0.0,0.0,0.0,0.0,0.0,1,1,0,False,False,False,False,False,OTHER,OTHER,IMPROVED
1828,0.9212061,0.9474681,0.026262,0.8874372,0.9249544,0.0375171999999999,1.0,1.0,0.0,0.0,0.0,0.0,0.0,0.0,0.0,0.0,0.0,0.0,1,1,0,False,False,False,False,False,OTHER,OTHER,IMPROVED
1829,0.8733746,0.8822748,0.0089002,0.8726779,0.88539267,0.0127147699999999,0.875,0.875,0.0,0.0,0.0,0.0,0.0,0.0,0.0,0.0,0.0,0.0,1,1,0,False,False,False,False,False,OTHER,OTHER,IMPROVED
1830,0.94779074,0.93906796,-0.0087227799999999,0.9254152,0.9129542,-0.0124609999999999,1.0,1.0,0.0,0.0,0.0,0.0,0.0,0.0,0.0,0.0,0.0,0.0,1,1,0,False,False,False,False,False,OTHER,OTHER,REGRESSED
1831,1.0,1.0,0.0,1.0,1.0,0.0,1.0,1.0,0.0,0.0,0.0,0.0,0.0,0.0,0.0,0.0,0.0,0.0,1,1,0,False,False,False,False,False,OTHER,OTHER,UNCHANGED
1832,1.0,1.0,0.0,1.0,1.0,0.0,1.0,1.0,0.0,0.0,0.0,0.0,0.0,0.0,0.0,0.0,0.0,0.0,1,1,0,False,False,False,False,False,OTHER,OTHER,UNCHANGED
1833,0.84709007,0.8770901,0.0300000299999999,0.86191434,0.86191434,0.0,0.8125,0.9125,0.0999999999999999,0.0,0.0,0.0,0.0,0.0,0.0,0.0,0.0,0.0,1,1,0,False,False,False,False,False,OTHER,OTHER,IMPROVED
1834,0.88747483,0.9212248,0.0337499699999999,0.887464,0.887464,0.0,0.8875,1.0,0.1125,0.0,0.0,0.0,0.0,0.0,0.0,0.0,0.0,0.0,1,1,0,False,False,False,False,False,OTHER,OTHER,IMPROVED
1835,0.7288732,0.6426631,-0.0862100999999999,0.6608903,0.537733,-0.1231573,0.8875,0.8875,0.0,0.0,0.0,0.0,0.0,0.0,0.0,0.0,0.0,0.0,1,1,0,False,False,False,False,False,OTHER,OTHER,REGRESSED
1836,0.8723259,0.9023259,0.03,0.8604656,0.8604656,0.0,0.90000004,1.0,0.09999996,0.0,0.0,0.0,0.0,0.0,0.0,0.0,0.0,0.0,1,1,0,False,False,False,False,False,OTHER,OTHER,IMPROVED
1837,0.8949596,0.9299437,0.0349841,0.8499424,0.89991945,0.0499770499999999,1.0,1.0,0.0,0.0,0.0,0.0,0.0,0.0,0.0,0.0,0.0,0.0,1,1,0,False,False,False,False,False,OTHER,OTHER,IMPROVED
1838,1.0,1.0,0.0,1.0,1.0,0.0,1.0,1.0,0.0,0.0,0.0,0.0,0.0,0.0,0.0,0.0,0.0,0.0,1,1,0,False,False,False,False,False,OTHER,OTHER,UNCHANGED
1839,1.0,1.0,0.0,1.0,1.0,0.0,1.0,1.0,0.0,0.0,0.0,0.0,0.0,0.0,0.0,0.0,0.0,0.0,1,1,0,False,False,False,False,False,OTHER,OTHER,UNCHANGED
1840,1.0,1.0,0.0,1.0,1.0,0.0,1.0,1.0,0.0,0.0,0.0,0.0,0.0,0.0,0.0,0.0,0.0,0.0,1,1,0,False,False,False,False,False,OTHER,OTHER,UNCHANGED
1841,0.9405762,0.9540168,0.0134406,0.9472516,0.9343097,-0.0129418999999999,0.925,1.0,0.0749999999999999,0.0,0.0,0.0,0.0,0.0,0.0,0.0,0.0,0.0,1,1,0,False,False,False,False,False,OTHER,OTHER,IMPROVED
1842,1.0,1.0,0.0,1.0,1.0,0.0,1.0,1.0,0.0,0.0,0.0,0.0,0.0,0.0,0.0,0.0,0.0,0.0,1,1,0,False,False,False,False,False,OTHER,OTHER,UNCHANGED
1843,0.9222032,0.957679,0.0354757999999999,0.88886166,0.93954146,0.0506798,1.0,1.0,0.0,0.0,0.0,0.0,0.0,0.0,0.0,0.0,0.0,0.0,1,1,0,False,False,False,False,False,OTHER,OTHER,IMPROVED
1844,1.0,1.0,0.0,1.0,1.0,0.0,1.0,1.0,0.0,0.0,0.0,0.0,0.0,0.0,0.0,0.0,0.0,0.0,1,1,0,False,False,False,False,False,OTHER,OTHER,UNCHANGED
1845,0.91942877,0.92835885,0.0089300799999999,0.8848982,0.8976554,0.0127572,1.0,1.0,0.0,0.0,0.0,0.0,0.0,0.0,0.0,0.0,0.0,0.0,1,1,0,False,False,False,False,False,OTHER,OTHER,IMPROVED
1846,0.83821183,0.84754276,0.0093309299999999,0.768874,0.78220403,0.0133300300000001,1.0,1.0,0.0,0.0,0.0,0.0,0.0,0.0,0.0,0.0,0.0,0.0,1,1,0,False,False,False,False,False,OTHER,OTHER,IMPROVED
1847,0.95638555,0.9476375,-0.00874805,0.9376936,0.9251964,-0.0124971999999999,1.0,1.0,0.0,0.0,0.0,0.0,0.0,0.0,0.0,0.0,0.0,0.0,1,1,0,False,False,False,False,False,OTHER,OTHER,REGRESSED
1848,1.0,1.0,0.0,1.0,1.0,0.0,1.0,1.0,0.0,0.0,0.0,0.0,0.0,0.0,0.0,0.0,0.0,0.0,1,1,0,False,False,False,False,False,OTHER,OTHER,UNCHANGED
1849,0.88674223,0.9501551,0.06341287,0.8971316,0.9287929,0.0316613,0.8625,1.0,0.1374999999999999,0.0,0.0,0.0,0.0,0.0,0.0,0.0,0.0,0.0,1,1,0,False,False,False,False,False,OTHER,OTHER,IMPROVED
1850,0.9212279,0.8249041,-0.0963237999999999,0.88746834,0.749863,-0.13760534,1.0,1.0,0.0,0.0,0.0,0.0,0.0,0.0,0.0,0.0,0.0,0.0,1,1,0,False,False,False,False,False,OTHER,OTHER,REGRESSED
1851,1.0,1.0,0.0,1.0,1.0,0.0,1.0,1.0,0.0,0.0,0.0,0.0,0.0,0.0,0.0,0.0,0.0,0.0,1,1,0,False,False,False,False,False,OTHER,OTHER,UNCHANGED
1852,0.92834663,0.92834663,0.0,0.897638,0.897638,0.0,1.0,1.0,0.0,0.0,0.0,0.0,0.0,0.0,0.0,0.0,0.0,0.0,1,1,0,False,False,False,False,False,OTHER,OTHER,UNCHANGED
1853,0.9216709,0.8867971,-0.0348737999999999,0.8881014,0.8382815,-0.0498199,1.0,1.0,0.0,0.0,0.0,0.0,0.0,0.0,0.0,0.0,0.0,0.0,1,1,0,False,False,False,False,False,OTHER,OTHER,REGRESSED
1854,0.91250956,0.94752234,0.0350127799999999,0.8750137,0.925032,0.0500182999999999,1.0,1.0,0.0,0.0,0.0,0.0,0.0,0.0,0.0,0.0,0.0,0.0,1,1,0,False,False,False,False,False,OTHER,OTHER,IMPROVED
1855,0.9387154,0.9035737,-0.0351416999999999,0.9124505,0.8622482,-0.0502023,1.0,1.0,0.0,0.0,0.0,0.0,0.0,0.0,0.0,0.0,0.0,0.0,1,1,0,False,False,False,False,False,OTHER,OTHER,REGRESSED
1856,1.0,0.9980861,-0.0019139,1.0,0.9972658,-0.0027342,1.0,1.0,0.0,0.0,0.0,0.0,0.0,0.0,0.0,0.0,0.0,0.0,1,1,0,False,False,False,False,False,OTHER,OTHER,REGRESSED
1857,1.0,1.0,0.0,0.99999994,0.99999994,0.0,1.0,1.0,0.0,0.0,0.0,0.0,0.0,0.0,0.0,0.0,0.0,0.0,1,1,0,False,False,False,False,False,OTHER,OTHER,UNCHANGED
1858,1.0,1.0,0.0,1.0,1.0,0.0,1.0,1.0,0.0,0.0,0.0,0.0,0.0,0.0,0.0,0.0,0.0,0.0,1,1,0,False,False,False,False,False,OTHER,OTHER,UNCHANGED
1859,0.90874404,0.79243356,-0.11631048,0.86963445,0.7034765,-0.16615795,1.0,1.0,0.0,0.0,0.0,0.0,0.0,0.0,0.0,0.0,0.0,0.0,1,1,0,False,False,False,False,False,OTHER,OTHER,REGRESSED
1860,1.0,1.0,0.0,1.0,1.0,0.0,1.0,1.0,0.0,0.0,0.0,0.0,0.0,0.0,0.0,0.0,0.0,0.0,1,1,0,False,False,False,False,False,OTHER,OTHER,UNCHANGED
1861,1.0,1.0,0.0,1.0,1.0,0.0,1.0,1.0,0.0,0.0,0.0,0.0,0.0,0.0,0.0,0.0,0.0,0.0,1,1,0,False,False,False,False,False,OTHER,OTHER,UNCHANGED
1862,1.0,1.0,0.0,1.0,1.0,0.0,1.0,1.0,0.0,0.0,0.0,0.0,0.0,0.0,0.0,0.0,0.0,0.0,1,1,0,False,False,False,False,False,OTHER,OTHER,UNCHANGED
1863,0.9659029,0.8978985,-0.0680043999999999,0.9512898,0.85414064,-0.0971491599999999,1.0,1.0,0.0,0.0,0.0,0.0,0.0,0.0,0.0,0.0,0.0,0.0,1,1,0,False,False,False,False,False,OTHER,OTHER,REGRESSED
1864,0.9301017,0.9475052,0.0174035,0.90014523,0.9250074,0.02486217,1.0,1.0,0.0,0.0,0.0,0.0,0.0,0.0,0.0,0.0,0.0,0.0,1,1,0,False,False,False,False,False,OTHER,OTHER,IMPROVED
1865,0.99143696,0.97431564,-0.0171213199999999,0.98776716,0.96330816,-0.024459,1.0,1.0,0.0,0.0,0.0,0.0,0.0,0.0,0.0,0.0,0.0,0.0,1,1,0,False,False,False,False,False,OTHER,OTHER,REGRESSED
1866,0.0,0.0,0.0,1.0,1.0,0.0,1.0,1.0,0.0,1.0,1.0,0.0,1.0,1.0,0.0,0.0,0.0,0.0,0,0,0,True,True,False,False,True,OVERLAP+COLLISION,OVERLAP+COLLISION,PERSISTENT_ZERO
1867,1.0,1.0,0.0,1.0,1.0,0.0,1.0,1.0,0.0,0.0,0.0,0.0,0.0,0.0,0.0,0.0,0.0,0.0,1,1,0,False,False,False,False,False,OTHER,OTHER,UNCHANGED
1868,0.93437684,0.0,-0.93437684,0.9437525,0.66698396,-0.2767685399999999,0.9125,0.890625,-0.0218749999999999,0.0,1.0,1.0,0.0,1.0,1.0,0.0,0.0,0.0,1,0,-1,False,True,False,True,False,OTHER,OVERLAP+COLLISION,NEW_ZERO
1869,0.96625006,1.0,0.0337499399999999,1.0,1.0,0.0,0.8875,1.0,0.1125,0.0,0.0,0.0,0.0,0.0,0.0,0.0,0.0,0.0,1,1,0,False,False,False,False,False,OTHER,OTHER,IMPROVED
1870,1.0,1.0,0.0,1.0,1.0,0.0,1.0,1.0,0.0,0.0,0.0,0.0,0.0,0.0,0.0,0.0,0.0,0.0,1,1,0,False,False,False,False,False,OTHER,OTHER,UNCHANGED
1871,0.9325,0.905044,-0.027456,1.0,0.9768485,-0.0231514999999999,0.77500004,0.7375,-0.0375000399999999,0.0,0.0,0.0,0.0,0.0,0.0,0.0,0.0,0.0,1,1,0,False,False,False,False,False,OTHER,OTHER,REGRESSED
1872,0.92373127,0.93498117,0.0112499,0.9392588,0.9392588,0.0,0.8875,0.925,0.0375,0.0,0.0,0.0,0.0,0.0,0.0,0.0,0.0,0.0,1,1,0,False,False,False,False,False,OTHER,OTHER,IMPROVED
1873,0.9469679,0.9028735,-0.0440943999999999,0.92423975,0.8612479,-0.06299185,1.0,1.0,0.0,0.0,0.0,0.0,0.0,0.0,0.0,0.0,0.0,0.0,1,1,0,False,False,False,False,False,OTHER,OTHER,REGRESSED
1874,1.0,1.0,0.0,1.0,1.0,0.0,1.0,1.0,0.0,0.0,0.0,0.0,0.0,0.0,0.0,0.0,0.0,0.0,1,1,0,False,False,False,False,False,OTHER,OTHER,UNCHANGED
1875,1.0,1.0,0.0,1.0,1.0,0.0,1.0,1.0,0.0,0.0,0.0,0.0,0.0,0.0,0.0,0.0,0.0,0.0,1,1,0,False,False,False,False,False,OTHER,OTHER,UNCHANGED
1876,0.96250004,1.0,0.03749996,0.99999994,0.99999994,0.0,0.875,1.0,0.125,0.0,0.0,0.0,0.0,0.0,0.0,0.0,0.0,0.0,1,1,0,False,False,False,False,False,OTHER,OTHER,IMPROVED
1877,0.9619703,0.92430586,-0.0376644399999999,0.945672,0.8918655,-0.0538064999999999,1.0,1.0,0.0,0.0,0.0,0.0,0.0,0.0,0.0,0.0,0.0,0.0,1,1,0,False,False,False,False,False,OTHER,OTHER,REGRESSED
1878,0.923487,0.9491097,0.0256226999999999,0.8906957,0.92729956,0.03660386,1.0,1.0,0.0,0.0,0.0,0.0,0.0,0.0,0.0,0.0,0.0,0.0,1,1,0,False,False,False,False,False,OTHER,OTHER,IMPROVED
1879,0.92136556,0.93886006,0.0174944999999999,0.887665,0.9126572,0.0249921999999999,1.0,1.0,0.0,0.0,0.0,0.0,0.0,0.0,0.0,0.0,0.0,0.0,1,1,0,False,False,False,False,False,OTHER,OTHER,IMPROVED
1880,1.0,1.0,0.0,1.0,1.0,0.0,1.0,1.0,0.0,0.0,0.0,0.0,0.0,0.0,0.0,0.0,0.0,0.0,1,1,0,False,False,False,False,False,OTHER,OTHER,UNCHANGED
1881,0.94554824,0.8636614,-0.08188684,0.9222118,0.80523056,-0.1169812399999999,1.0,1.0,0.0,0.0,0.0,0.0,0.0,0.0,0.0,0.0,0.0,0.0,1,1,0,False,False,False,False,False,OTHER,OTHER,REGRESSED
1882,1.0,1.0,0.0,1.0,1.0,0.0,1.0,1.0,0.0,0.0,0.0,0.0,0.0,0.0,0.0,0.0,0.0,0.0,1,1,0,False,False,False,False,False,OTHER,OTHER,UNCHANGED
1883,1.0,1.0,0.0,1.0,1.0,0.0,1.0,1.0,0.0,0.0,0.0,0.0,0.0,0.0,0.0,0.0,0.0,0.0,1,1,0,False,False,False,False,False,OTHER,OTHER,UNCHANGED
1884,0.8813702,0.93008536,0.0487151599999999,0.8626716,0.90012187,0.03745027,0.925,1.0,0.0749999999999999,0.0,0.0,0.0,0.0,0.0,0.0,0.0,0.0,0.0,1,1,0,False,False,False,False,False,OTHER,OTHER,IMPROVED
1885,0.9738043,0.9651007,-0.0087035999999999,0.9625776,0.9501438,-0.0124338,1.0,1.0,0.0,0.0,0.0,0.0,0.0,0.0,0.0,0.0,0.0,0.0,1,1,0,False,False,False,False,False,OTHER,OTHER,REGRESSED
1886,0.9341292,0.95978576,0.02565656,0.9058987,0.9425511,0.0366524,1.0,1.0,0.0,0.0,0.0,0.0,0.0,0.0,0.0,0.0,0.0,0.0,1,1,0,False,False,False,False,False,OTHER,OTHER,IMPROVED
1887,0.94522744,0.9279751,-0.0172523399999999,0.97532487,0.9506787,-0.02464617,0.875,0.875,0.0,0.0,0.0,0.0,0.0,0.0,0.0,0.0,0.0,0.0,1,1,0,False,False,False,False,False,OTHER,OTHER,REGRESSED
1888,0.95125,0.9181299,-0.0331200999999999,1.0,0.8830428,-0.1169571999999999,0.83750004,1.0,0.16249996,0.0,0.0,0.0,0.0,0.0,0.0,0.0,0.0,0.0,1,1,0,False,False,False,False,False,OTHER,OTHER,REGRESSED
1889,1.0,1.0,0.0,1.0,1.0,0.0,1.0,1.0,0.0,0.0,0.0,0.0,0.0,0.0,0.0,0.0,0.0,0.0,1,1,0,False,False,False,False,False,OTHER,OTHER,UNCHANGED
1890,1.0,1.0,0.0,1.0,1.0,0.0,1.0,1.0,0.0,0.0,0.0,0.0,0.0,0.0,0.0,0.0,0.0,0.0,1,1,0,False,False,False,False,False,OTHER,OTHER,UNCHANGED
1891,1.0,1.0,0.0,1.0,1.0,0.0,1.0,1.0,0.0,0.0,0.0,0.0,0.0,0.0,0.0,0.0,0.0,0.0,1,1,0,False,False,False,False,False,OTHER,OTHER,UNCHANGED
1892,0.88257736,0.9388443,0.0562669399999999,0.91261053,0.9501347,0.0375241699999999,0.8125,0.9125,0.0999999999999999,0.0,0.0,0.0,0.0,0.0,0.0,0.0,0.0,0.0,1,1,0,False,False,False,False,False,OTHER,OTHER,IMPROVED
1893,0.92992735,0.95619214,0.0262647899999999,0.8998962,0.93741727,0.0375210699999999,1.0,1.0,0.0,0.0,0.0,0.0,0.0,0.0,0.0,0.0,0.0,0.0,1,1,0,False,False,False,False,False,OTHER,OTHER,IMPROVED
1894,0.8698363,0.8751831,0.0053467999999999,0.8783374,0.85383296,-0.02450444,0.85,0.925,0.075,0.0,0.0,0.0,0.0,0.0,0.0,0.0,0.0,0.0,1,1,0,False,False,False,False,False,OTHER,OTHER,IMPROVED
1895,1.0,1.0,0.0,1.0,1.0,0.0,1.0,1.0,0.0,0.0,0.0,0.0,0.0,0.0,0.0,0.0,0.0,0.0,1,1,0,False,False,False,False,False,OTHER,OTHER,UNCHANGED
1896,1.0,0.93503857,-0.0649614299999999,1.0,0.907198,-0.092802,1.0,1.0,0.0,0.0,0.0,0.0,0.0,0.0,0.0,0.0,0.0,0.0,1,1,0,False,False,False,False,False,OTHER,OTHER,REGRESSED
1897,0.93593675,0.9573625,0.02142575,0.9513382,0.93908924,-0.0122489599999999,0.90000004,1.0,0.09999996,0.0,0.0,0.0,0.0,0.0,0.0,0.0,0.0,0.0,1,1,0,False,False,False,False,False,OTHER,OTHER,IMPROVED
1898,1.0,1.0,0.0,1.0,1.0,0.0,1.0,1.0,0.0,0.0,0.0,0.0,0.0,0.0,0.0,0.0,0.0,0.0,1,1,0,False,False,False,False,False,OTHER,OTHER,UNCHANGED
1899,0.9211465,0.9298917,0.0087452,0.8873521,0.89984524,0.01249314,1.0,1.0,0.0,0.0,0.0,0.0,0.0,0.0,0.0,0.0,0.0,0.0,1,1,0,False,False,False,False,False,OTHER,OTHER,IMPROVED
1900,1.0,1.0,0.0,1.0,1.0,0.0,1.0,1.0,0.0,0.0,0.0,0.0,0.0,0.0,0.0,0.0,0.0,0.0,1,1,0,False,False,False,False,False,OTHER,OTHER,UNCHANGED
1901,0.84963286,0.8571315,0.00749864,0.8387612,0.95125926,0.11249806,0.875,0.6375,-0.2375,0.0,0.0,0.0,0.0,0.0,0.0,0.0,0.0,0.0,1,1,0,False,False,False,False,False,OTHER,OTHER,IMPROVED
1902,1.0,1.0,0.0,1.0,1.0,0.0,1.0,1.0,0.0,0.0,0.0,0.0,0.0,0.0,0.0,0.0,0.0,0.0,1,1,0,False,False,False,False,False,OTHER,OTHER,UNCHANGED
1903,0.73337716,0.9357481,0.20237094,0.75839585,0.97249717,0.21410132,0.675,0.85,0.1749999999999999,0.0,0.0,0.0,0.0,0.0,0.0,0.0,0.0,0.0,1,1,0,False,False,False,False,False,OTHER,OTHER,IMPROVED
1904,0.9319784,0.7955386,-0.1364398,0.9028263,0.809698,-0.0931282999999999,1.0,0.7625,-0.2375,0.0,0.0,0.0,0.0,0.0,0.0,0.0,0.0,0.0,1,1,0,False,False,False,False,False,OTHER,OTHER,REGRESSED
1905,0.93267536,0.89918244,-0.0334929199999999,0.90382195,0.85597485,-0.0478471,1.0,1.0,0.0,0.0,0.0,0.0,0.0,0.0,0.0,0.0,0.0,0.0,1,1,0,False,False,False,False,False,OTHER,OTHER,REGRESSED
1906,0.8154589,0.90725756,0.09179866,0.89172703,0.9157251,0.0239980699999999,0.6375,0.8875,0.25,0.0,0.0,0.0,0.0,0.0,0.0,0.0,0.0,0.0,1,1,0,False,False,False,False,False,OTHER,OTHER,IMPROVED
1907,0.7602977,0.8331003,0.0728026,0.77542526,0.7615719,-0.01385336,0.725,1.0,0.275,0.0,0.0,0.0,0.0,0.0,0.0,0.0,0.0,0.0,1,1,0,False,False,False,False,False,OTHER,OTHER,IMPROVED
1908,0.8949909,0.8783415,-0.0166494,0.84998703,0.8262021,-0.0237849299999999,1.0,1.0,0.0,0.0,0.0,0.0,0.0,0.0,0.0,0.0,0.0,0.0,1,1,0,False,False,False,False,False,OTHER,OTHER,REGRESSED
1909,1.0,1.0,0.0,1.0,1.0,0.0,1.0,1.0,0.0,0.0,0.0,0.0,0.0,0.0,0.0,0.0,0.0,0.0,1,1,0,False,False,False,False,False,OTHER,OTHER,UNCHANGED
1910,0.7175558,0.7854016,0.0678458,0.6929369,0.7309308,0.0379939,0.77500004,0.9125,0.1374999599999999,0.0,0.0,0.0,0.0,0.0,0.0,0.0,0.0,0.0,1,1,0,False,False,False,False,False,OTHER,OTHER,IMPROVED
1911,1.0,1.0,0.0,1.0,1.0,0.0,1.0,1.0,0.0,0.0,0.0,0.0,0.0,0.0,0.0,0.0,0.0,0.0,1,1,0,False,False,False,False,False,OTHER,OTHER,UNCHANGED
1912,0.8875,1.0,0.1125,1.0,1.0,0.0,0.625,1.0,0.375,0.0,0.0,0.0,0.0,0.0,0.0,0.0,0.0,0.0,1,1,0,False,False,False,False,False,OTHER,OTHER,IMPROVED
1913,0.9650791,0.93870133,-0.0263777699999999,0.9501131,0.9124305,-0.0376826,1.0,1.0,0.0,0.0,0.0,0.0,0.0,0.0,0.0,0.0,0.0,0.0,1,1,0,False,False,False,False,False,OTHER,OTHER,REGRESSED
1914,1.0,1.0,0.0,1.0,1.0,0.0,1.0,1.0,0.0,0.0,0.0,0.0,0.0,0.0,0.0,0.0,0.0,0.0,1,1,0,False,False,False,False,False,OTHER,OTHER,UNCHANGED
1915,1.0,1.0,0.0,1.0,1.0,0.0,1.0,1.0,0.0,0.0,0.0,0.0,0.0,0.0,0.0,0.0,0.0,0.0,1,1,0,False,False,False,False,False,OTHER,OTHER,UNCHANGED
1916,1.0,0.99121994,-0.0087800599999999,1.0,0.987457,-0.0125429999999999,1.0,1.0,0.0,0.0,0.0,0.0,0.0,0.0,0.0,0.0,0.0,0.0,1,1,0,False,False,False,False,False,OTHER,OTHER,REGRESSED
1917,0.96885437,0.88770926,-0.08114511,0.9555062,0.8395845,-0.1159217,1.0,1.0,0.0,0.0,0.0,0.0,0.0,0.0,0.0,0.0,0.0,0.0,1,1,0,False,False,False,False,False,OTHER,OTHER,REGRESSED
1918,1.0,1.0,0.0,1.0,1.0,0.0,1.0,1.0,0.0,0.0,0.0,0.0,0.0,0.0,0.0,0.0,0.0,0.0,1,1,0,False,False,False,False,False,OTHER,OTHER,UNCHANGED
1919,1.0,1.0,0.0,1.0,1.0,0.0,1.0,1.0,0.0,0.0,0.0,0.0,0.0,0.0,0.0,0.0,0.0,0.0,1,1,0,False,False,False,False,False,OTHER,OTHER,UNCHANGED
1920,1.0,0.84148616,-0.15851384,0.99999994,0.7735517,-0.22644824,1.0,1.0,0.0,0.0,0.0,0.0,0.0,0.0,0.0,0.0,0.0,0.0,1,1,0,False,False,False,False,False,OTHER,OTHER,REGRESSED
1921,0.87294084,0.87494296,0.0020021199999999,0.86670125,0.85349,-0.01321125,0.8875,0.925,0.0375,0.0,0.0,0.0,0.0,0.0,0.0,0.0,0.0,0.0,1,1,0,False,False,False,False,False,OTHER,OTHER,IMPROVED
1922,0.9362263,0.9287264,-0.0074999,0.9624662,0.9624662,0.0,0.875,0.85,-0.025,0.0,0.0,0.0,0.0,0.0,0.0,0.0,0.0,0.0,1,1,0,False,False,False,False,False,OTHER,OTHER,REGRESSED
1923,1.0,1.0,0.0,1.0,1.0,0.0,1.0,1.0,0.0,0.0,0.0,0.0,0.0,0.0,0.0,0.0,0.0,0.0,1,1,0,False,False,False,False,False,OTHER,OTHER,UNCHANGED
1924,0.95500004,0.9819954,0.0269953599999999,1.0,0.9742792,-0.0257207999999999,0.85,1.0,0.15,0.0,0.0,0.0,0.0,0.0,0.0,0.0,0.0,0.0,1,1,0,False,False,False,False,False,OTHER,OTHER,IMPROVED
1925,0.96624994,0.9426886,-0.0235613399999999,0.99999994,0.9502693,-0.04973064,0.8875,0.925,0.0375,0.0,0.0,0.0,0.0,0.0,0.0,0.0,0.0,0.0,1,1,0,False,False,False,False,False,OTHER,OTHER,REGRESSED
1926,0.783038,0.8064756,0.0234375999999999,0.87219715,0.90032226,0.02812511,0.575,0.58750004,0.01250004,0.0,0.0,0.0,0.0,0.0,0.0,0.0,0.0,0.0,1,1,0,False,False,False,False,False,OTHER,OTHER,IMPROVED
1927,0.9916672,0.89008963,-0.10157757,0.98809606,0.8429851,-0.14511096,1.0,1.0,0.0,0.0,0.0,0.0,0.0,0.0,0.0,0.0,0.0,0.0,1,1,0,False,False,False,False,False,OTHER,OTHER,REGRESSED
1928,0.96625006,1.0,0.0337499399999999,1.0,1.0,0.0,0.8875,1.0,0.1125,0.0,0.0,0.0,0.0,0.0,0.0,0.0,0.0,0.0,1,1,0,False,False,False,False,False,OTHER,OTHER,IMPROVED
1929,1.0,1.0,0.0,1.0,1.0,0.0,1.0,1.0,0.0,0.0,0.0,0.0,0.0,0.0,0.0,0.0,0.0,0.0,1,1,0,False,False,False,False,False,OTHER,OTHER,UNCHANGED
1930,1.0,1.0,0.0,1.0,1.0,0.0,1.0,1.0,0.0,0.0,0.0,0.0,0.0,0.0,0.0,0.0,0.0,0.0,1,1,0,False,False,False,False,False,OTHER,OTHER,UNCHANGED
1931,0.91205025,0.9071331,-0.0049171499999999,0.8743574,0.8994758,0.0251184,1.0,0.925,-0.0749999999999999,0.0,0.0,0.0,0.0,0.0,0.0,0.0,0.0,0.0,1,1,0,False,False,False,False,False,OTHER,OTHER,REGRESSED
1932,0.9300623,0.96502143,0.0349591299999999,0.9000889,0.95003057,0.04994167,1.0,1.0,0.0,0.0,0.0,0.0,0.0,0.0,0.0,0.0,0.0,0.0,1,1,0,False,False,False,False,False,OTHER,OTHER,IMPROVED
1933,0.8492573,0.90159094,0.0523336399999999,0.83822465,0.912987,0.0747623499999999,0.875,0.875,0.0,0.0,0.0,0.0,0.0,0.0,0.0,0.0,0.0,0.0,1,1,0,False,False,False,False,False,OTHER,OTHER,IMPROVED
1934,0.99119514,1.0,0.00880486,0.9874215,1.0,0.0125785,1.0,1.0,0.0,0.0,0.0,0.0,0.0,0.0,0.0,0.0,0.0,0.0,1,1,0,False,False,False,False,False,OTHER,OTHER,IMPROVED
1935,0.8790026,0.8927013,0.0136987,0.9128609,0.93778765,0.0249267499999999,0.8,0.7875,-0.0125,0.0,0.0,0.0,0.0,0.0,0.0,0.0,0.0,0.0,1,1,0,False,False,False,False,False,OTHER,OTHER,IMPROVED
1936,1.0,1.0,0.0,1.0,1.0,0.0,1.0,1.0,0.0,0.0,0.0,0.0,0.0,0.0,0.0,0.0,0.0,0.0,1,1,0,False,False,False,False,False,OTHER,OTHER,UNCHANGED
1937,1.0,1.0,0.0,1.0,1.0,0.0,1.0,1.0,0.0,0.0,0.0,0.0,0.0,0.0,0.0,0.0,0.0,0.0,1,1,0,False,False,False,False,False,OTHER,OTHER,UNCHANGED
1938,0.95874995,0.87174934,-0.0870006099999999,1.0,0.8167847,-0.1832152999999999,0.8625,1.0,0.1374999999999999,0.0,0.0,0.0,0.0,0.0,0.0,0.0,0.0,0.0,1,1,0,False,False,False,False,False,OTHER,OTHER,REGRESSED
1939,1.0,1.0,0.0,1.0,1.0,0.0,1.0,1.0,0.0,0.0,0.0,0.0,0.0,0.0,0.0,0.0,0.0,0.0,1,1,0,False,False,False,False,False,OTHER,OTHER,UNCHANGED
1940,0.85442466,0.87947196,0.0250473000000001,0.8509638,0.87603134,0.02506754,0.8625,0.8875,0.0249999999999999,0.0,0.0,0.0,0.0,0.0,0.0,0.0,0.0,0.0,1,1,0,False,False,False,False,False,OTHER,OTHER,IMPROVED
1941,0.96625006,0.95500004,-0.0112500199999999,1.0,1.0,0.0,0.8875,0.85,-0.0374999999999999,0.0,0.0,0.0,0.0,0.0,0.0,0.0,0.0,0.0,1,1,0,False,False,False,False,False,OTHER,OTHER,REGRESSED
1942,0.9580696,1.0,0.0419304,0.9400994,0.99999994,0.05990054,1.0,1.0,0.0,0.0,0.0,0.0,0.0,0.0,0.0,0.0,0.0,0.0,1,1,0,False,False,False,False,False,OTHER,OTHER,IMPROVED
1943,0.0,0.0,0.0,0.26202264,0.23671795,-0.0253046899999999,0.52380955,1.0,0.47619045,1.0,1.0,0.0,1.0,1.0,0.0,0.0,0.0,0.0,0,0,0,True,True,False,False,True,OVERLAP+COLLISION,OVERLAP+COLLISION,PERSISTENT_ZERO
1944,1.0,1.0,0.0,1.0,1.0,0.0,1.0,1.0,0.0,0.0,0.0,0.0,0.0,0.0,0.0,0.0,0.0,0.0,1,1,0,False,False,False,False,False,OTHER,OTHER,UNCHANGED
1945,0.0,0.0,0.0,0.0010698442,0.0011198084,4.996420000000007e-05,1.0,1.0,0.0,1.0,1.0,0.0,1.0,1.0,0.0,0.0,0.0,0.0,0,0,0,True,True,False,False,True,OVERLAP+COLLISION,OVERLAP+COLLISION,PERSISTENT_ZERO
1946,0.92463666,0.95589525,0.0312585899999999,0.92448086,0.9369932,0.01251234,0.925,1.0,0.0749999999999999,0.0,0.0,0.0,0.0,0.0,0.0,0.0,0.0,0.0,1,1,0,False,False,False,False,False,OTHER,OTHER,IMPROVED
1947,0.99130553,0.9826307,-0.00867483,0.9875793,0.9751867,-0.0123926,1.0,1.0,0.0,0.0,0.0,0.0,0.0,0.0,0.0,0.0,0.0,0.0,1,1,0,False,False,False,False,False,OTHER,OTHER,REGRESSED
1948,0.9639746,0.9639746,0.0,0.948535,0.948535,0.0,1.0,1.0,0.0,0.0,0.0,0.0,0.0,0.0,0.0,0.0,0.0,0.0,1,1,0,False,False,False,False,False,OTHER,OTHER,UNCHANGED
1949,0.8864275,0.9289522,0.0425246999999999,0.8859678,0.8985032,0.0125353999999999,0.8875,1.0,0.1125,0.0,0.0,0.0,0.0,0.0,0.0,0.0,0.0,0.0,1,1,0,False,False,False,False,False,OTHER,OTHER,IMPROVED
1950,0.8966114,0.9395868,0.0429754000000001,0.9112306,0.9779811,0.0667505,0.8625,0.85,-0.0125,0.0,0.0,0.0,0.0,0.0,0.0,0.0,0.0,0.0,1,1,0,False,False,False,False,False,OTHER,OTHER,IMPROVED
1951,0.9850001,0.9135298,-0.0714703000000001,1.0,0.8978997,-0.1021003,0.95,0.95,0.0,0.0,0.0,0.0,0.0,0.0,0.0,0.0,0.0,0.0,1,1,0,False,False,False,False,False,OTHER,OTHER,REGRESSED
1952,0.97749996,0.97749996,0.0,0.99999994,0.99999994,0.0,0.925,0.925,0.0,0.0,0.0,0.0,0.0,0.0,0.0,0.0,0.0,0.0,1,1,0,False,False,False,False,False,OTHER,OTHER,UNCHANGED
1953,0.9105774,0.8719088,-0.0386685999999999,0.8722534,0.8170125,-0.0552408999999999,1.0,1.0,0.0,0.0,0.0,0.0,0.0,0.0,0.0,0.0,0.0,0.0,1,1,0,False,False,False,False,False,OTHER,OTHER,REGRESSED
1954,0.9483914,1.0,0.0516086,0.9262734,1.0,0.0737265999999999,1.0,1.0,0.0,0.0,0.0,0.0,0.0,0.0,0.0,0.0,0.0,0.0,1,1,0,False,False,False,False,False,OTHER,OTHER,IMPROVED
1955,0.9123535,0.92110187,0.0087483699999999,0.8747907,0.8872884,0.0124976999999999,1.0,1.0,0.0,0.0,0.0,0.0,0.0,0.0,0.0,0.0,0.0,0.0,1,1,0,False,False,False,False,False,OTHER,OTHER,IMPROVED
1956,0.6472073,0.6462261,-0.0009812,0.6352961,0.5535373,-0.0817588,0.675,0.8625,0.1875,0.0,0.0,0.0,0.0,0.0,0.0,0.0,0.0,0.0,1,1,0,False,False,False,False,False,OTHER,OTHER,REGRESSED
1957,1.0,1.0,0.0,1.0,1.0,0.0,1.0,1.0,0.0,0.0,0.0,0.0,0.0,0.0,0.0,0.0,0.0,0.0,1,1,0,False,False,False,False,False,OTHER,OTHER,UNCHANGED
1958,1.0,1.0,0.0,1.0,1.0,0.0,1.0,1.0,0.0,0.0,0.0,0.0,0.0,0.0,0.0,0.0,0.0,0.0,1,1,0,False,False,False,False,False,OTHER,OTHER,UNCHANGED
1959,1.0,1.0,0.0,1.0,1.0,0.0,1.0,1.0,0.0,0.0,0.0,0.0,0.0,0.0,0.0,0.0,0.0,0.0,1,1,0,False,False,False,False,False,OTHER,OTHER,UNCHANGED
1960,0.97375005,0.9805943,0.0068442499999999,1.0,0.97227746,-0.0277225399999999,0.9125,1.0,0.0875,0.0,0.0,0.0,0.0,0.0,0.0,0.0,0.0,0.0,1,1,0,False,False,False,False,False,OTHER,OTHER,IMPROVED
1961,1.0,0.9825762,-0.0174237999999999,1.0,0.97510886,-0.02489114,1.0,1.0,0.0,0.0,0.0,0.0,0.0,0.0,0.0,0.0,0.0,0.0,1,1,0,False,False,False,False,False,OTHER,OTHER,REGRESSED
1962,0.9135629,0.9083519,-0.0052109999999999,0.87651837,0.901217,0.02469863,1.0,0.925,-0.0749999999999999,0.0,0.0,0.0,0.0,0.0,0.0,0.0,0.0,0.0,1,1,0,False,False,False,False,False,OTHER,OTHER,REGRESSED
1963,0.9123179,0.9482542,0.0359363,0.8747398,0.92607737,0.05133757,1.0,1.0,0.0,0.0,0.0,0.0,0.0,0.0,0.0,0.0,0.0,0.0,1,1,0,False,False,False,False,False,OTHER,OTHER,IMPROVED
1964,1.0,0.94054145,-0.05945855,0.99999994,0.9150592,-0.08494074,1.0,1.0,0.0,0.0,0.0,0.0,0.0,0.0,0.0,0.0,0.0,0.0,1,1,0,False,False,False,False,False,OTHER,OTHER,REGRESSED
1965,1.0,1.0,0.0,1.0,1.0,0.0,1.0,1.0,0.0,0.0,0.0,0.0,0.0,0.0,0.0,0.0,0.0,0.0,1,1,0,False,False,False,False,False,OTHER,OTHER,UNCHANGED
1966,1.0,1.0,0.0,1.0,1.0,0.0,1.0,1.0,0.0,0.0,0.0,0.0,0.0,0.0,0.0,0.0,0.0,0.0,1,1,0,False,False,False,False,False,OTHER,OTHER,UNCHANGED
1967,1.0,1.0,0.0,1.0,1.0,0.0,1.0,1.0,0.0,0.0,0.0,0.0,0.0,0.0,0.0,0.0,0.0,0.0,1,1,0,False,False,False,False,False,OTHER,OTHER,UNCHANGED
1968,0.0,0.0,0.0,0.80261797,0.8678428,0.06522483,0.7727273,0.8,0.0272727,1.0,1.0,0.0,1.0,1.0,0.0,0.0,0.0,0.0,0,0,0,True,True,False,False,True,OVERLAP+COLLISION,OVERLAP+COLLISION,PERSISTENT_ZERO
1969,0.9141287,0.88535255,-0.02877615,0.87732667,0.83621794,-0.0411087299999999,1.0,1.0,0.0,0.0,0.0,0.0,0.0,0.0,0.0,0.0,0.0,0.0,1,1,0,False,False,False,False,False,OTHER,OTHER,REGRESSED
1970,0.97749996,1.0,0.02250004,1.0,1.0,0.0,0.925,1.0,0.0749999999999999,0.0,0.0,0.0,0.0,0.0,0.0,0.0,0.0,0.0,1,1,0,False,False,False,False,False,OTHER,OTHER,IMPROVED
1971,0.8943009,0.84799767,-0.0463032299999999,0.8490011,0.8364253,-0.0125757999999999,1.0,0.875,-0.125,0.0,0.0,0.0,0.0,0.0,0.0,0.0,0.0,0.0,1,1,0,False,False,False,False,False,OTHER,OTHER,REGRESSED
1972,1.0,1.0,0.0,1.0,1.0,0.0,1.0,1.0,0.0,0.0,0.0,0.0,0.0,0.0,0.0,0.0,0.0,0.0,1,1,0,False,False,False,False,False,OTHER,OTHER,UNCHANGED
1973,1.0,0.94929916,-0.0507008399999999,1.0,0.9757845,-0.0242154999999999,1.0,0.8875,-0.1125,0.0,0.0,0.0,0.0,0.0,0.0,0.0,0.0,0.0,1,1,0,False,False,False,False,False,OTHER,OTHER,REGRESSED
1974,1.0,1.0,0.0,1.0,1.0,0.0,1.0,1.0,0.0,0.0,0.0,0.0,0.0,0.0,0.0,0.0,0.0,0.0,1,1,0,False,False,False,False,False,OTHER,OTHER,UNCHANGED
1975,0.90262073,0.97749996,0.0748792299999999,0.9251723,1.0,0.0748277,0.85,0.925,0.075,0.0,0.0,0.0,0.0,0.0,0.0,0.0,0.0,0.0,1,1,0,False,False,False,False,False,OTHER,OTHER,IMPROVED
1976,0.94085085,0.95054716,0.0096963099999999,0.95300114,0.92935306,-0.02364808,0.9125,1.0,0.0875,0.0,0.0,0.0,0.0,0.0,0.0,0.0,0.0,0.0,1,1,0,False,False,False,False,False,OTHER,OTHER,IMPROVED
1977,0.95046663,1.0,0.04953337,0.98816663,1.0000001,0.01183347,0.8625,1.0,0.1374999999999999,0.0,0.0,0.0,0.0,0.0,0.0,0.0,0.0,0.0,1,1,0,False,False,False,False,False,OTHER,OTHER,IMPROVED
1978,0.8817728,0.90427274,0.0224999399999999,0.8632468,0.8632468,0.0,0.925,1.0,0.0749999999999999,0.0,0.0,0.0,0.0,0.0,0.0,0.0,0.0,0.0,1,1,0,False,False,False,False,False,OTHER,OTHER,IMPROVED
1979,0.0,0.0,0.0,0.7902383,0.7902383,0.0,1.0,1.0,0.0,0.0,0.0,0.0,1.0,1.0,0.0,0.0,0.0,0.0,0,0,0,True,True,False,False,True,OVERLAP_ONLY,OVERLAP_ONLY,PERSISTENT_ZERO
1980,1.0,1.0,0.0,1.0,1.0,0.0,1.0,1.0,0.0,0.0,0.0,0.0,0.0,0.0,0.0,0.0,0.0,0.0,1,1,0,False,False,False,False,False,OTHER,OTHER,UNCHANGED
1981,1.0,0.9419045,-0.0580954999999999,1.0,0.9170063,-0.0829936999999999,1.0,1.0,0.0,0.0,0.0,0.0,0.0,0.0,0.0,0.0,0.0,0.0,1,1,0,False,False,False,False,False,OTHER,OTHER,REGRESSED
1982,0.87994975,0.9395794,0.0596296499999999,0.8767139,0.91368484,0.03697094,0.8875,1.0,0.1125,0.0,0.0,0.0,0.0,0.0,0.0,0.0,0.0,0.0,1,1,0,False,False,False,False,False,OTHER,OTHER,IMPROVED
1983,0.970115,0.99816513,0.02805013,0.9948071,0.9973787,0.0025715999999998,0.9125,1.0,0.0875,0.0,0.0,0.0,0.0,0.0,0.0,0.0,0.0,0.0,1,1,0,False,False,False,False,False,OTHER,OTHER,IMPROVED
1984,1.0,1.0,0.0,1.0,1.0,0.0,1.0,1.0,0.0,0.0,0.0,0.0,0.0,0.0,0.0,0.0,0.0,0.0,1,1,0,False,False,False,False,False,OTHER,OTHER,UNCHANGED
1985,0.9505543,0.911359,-0.0391952999999999,0.9293632,0.8733701,-0.0559930999999999,1.0,1.0,0.0,0.0,0.0,0.0,0.0,0.0,0.0,0.0,0.0,0.0,1,1,0,False,False,False,False,False,OTHER,OTHER,REGRESSED
1986,1.0,1.0,0.0,1.0,1.0,0.0,1.0,1.0,0.0,0.0,0.0,0.0,0.0,0.0,0.0,0.0,0.0,0.0,1,1,0,False,False,False,False,False,OTHER,OTHER,UNCHANGED
1987,1.0,1.0,0.0,1.0,1.0,0.0,1.0,1.0,0.0,0.0,0.0,0.0,0.0,0.0,0.0,0.0,0.0,0.0,1,1,0,False,False,False,False,False,OTHER,OTHER,UNCHANGED
1988,0.92927265,0.87626094,-0.05301171,0.89896095,0.8232299,-0.07573105,1.0,1.0,0.0,0.0,0.0,0.0,0.0,0.0,0.0,0.0,0.0,0.0,1,1,0,False,False,False,False,False,OTHER,OTHER,REGRESSED
1989,0.9124571,0.9553656,0.0429085,0.87493867,0.9362365,0.06129783,1.0,1.0,0.0,0.0,0.0,0.0,0.0,0.0,0.0,0.0,0.0,0.0,1,1,0,False,False,False,False,False,OTHER,OTHER,IMPROVED
1990,0.8516001,0.89813346,0.04653336,0.8362145,0.8866192,0.0504047,0.8875,0.925,0.0375,0.0,0.0,0.0,0.0,0.0,0.0,0.0,0.0,0.0,1,1,0,False,False,False,False,False,OTHER,OTHER,IMPROVED
1991,0.91260433,0.8963432,-0.0162611299999999,0.87514913,0.9001331,0.0249839699999999,1.0,0.8875,-0.1125,0.0,0.0,0.0,0.0,0.0,0.0,0.0,0.0,0.0,1,1,0,False,False,False,False,False,OTHER,OTHER,REGRESSED
1992,1.0,1.0,0.0,1.0,1.0,0.0,1.0,1.0,0.0,0.0,0.0,0.0,0.0,0.0,0.0,0.0,0.0,0.0,1,1,0,False,False,False,False,False,OTHER,OTHER,UNCHANGED
1993,0.93625003,1.0,0.06374997,1.0,1.0,0.0,0.7875,1.0,0.2125,0.0,0.0,0.0,0.0,0.0,0.0,0.0,0.0,0.0,1,1,0,False,False,False,False,False,OTHER,OTHER,IMPROVED
1994,0.0,0.0,0.0,0.9721163,0.9583574,-0.0137589,1.0,1.0,0.0,1.0,1.0,0.0,1.0,1.0,0.0,0.0,0.0,0.0,0,0,0,True,True,False,False,True,OVERLAP+COLLISION,OVERLAP+COLLISION,PERSISTENT_ZERO
1995,0.9475236,0.8290433,-0.1184802999999999,0.9250337,0.825419,-0.0996146999999999,1.0,0.83750004,-0.16249996,0.0,0.0,0.0,0.0,0.0,0.0,0.0,0.0,0.0,1,1,0,False,False,False,False,False,OTHER,OTHER,REGRESSED
1996,0.9260103,0.9792542,0.0532439,0.8943005,0.97036314,0.0760626399999999,1.0,1.0,0.0,0.0,0.0,0.0,0.0,0.0,0.0,0.0,0.0,0.0,1,1,0,False,False,False,False,False,OTHER,OTHER,IMPROVED
1997,0.9385993,0.9385993,0.0,0.91228473,0.91228473,0.0,1.0,1.0,0.0,0.0,0.0,0.0,0.0,0.0,0.0,0.0,0.0,0.0,1,1,0,False,False,False,False,False,OTHER,OTHER,UNCHANGED
1998,0.95500004,0.97749996,0.0224999199999998,1.0,1.0,0.0,0.85,0.925,0.075,0.0,0.0,0.0,0.0,0.0,0.0,0.0,0.0,0.0,1,1,0,False,False,False,False,False,OTHER,OTHER,IMPROVED
1999,0.68858683,0.6749032,-0.0136836299999999,0.742624,0.53557605,-0.2070479499999999,0.5625,1.0,0.4375,0.0,0.0,0.0,0.0,0.0,0.0,0.0,0.0,0.0,1,1,0,False,False,False,False,False,OTHER,OTHER,REGRESSED
2000,0.99115354,0.98228514,-0.0088683999999999,0.98736227,0.9746931,-0.01266917,1.0,1.0,0.0,0.0,0.0,0.0,0.0,0.0,0.0,0.0,0.0,0.0,1,1,0,False,False,False,False,False,OTHER,OTHER,REGRESSED
2001,0.8677929,0.87575483,0.00796193,0.8111328,0.8225069,0.0113741,1.0,1.0,0.0,0.0,0.0,0.0,0.0,0.0,0.0,0.0,0.0,0.0,1,1,0,False,False,False,False,False,OTHER,OTHER,IMPROVED
2002,0.85559124,0.89474374,0.0391525,0.8472731,0.89784825,0.05057515,0.875,0.8875,0.0124999999999999,0.0,0.0,0.0,0.0,0.0,0.0,0.0,0.0,0.0,1,1,0,False,False,False,False,False,OTHER,OTHER,IMPROVED
2003,1.0,1.0,0.0,1.0,1.0,0.0,1.0,1.0,0.0,0.0,0.0,0.0,0.0,0.0,0.0,0.0,0.0,0.0,1,1,0,False,False,False,False,False,OTHER,OTHER,UNCHANGED
2004,0.9562195,0.9737051,0.0174855999999999,0.9374565,0.96243584,0.02497934,1.0,1.0,0.0,0.0,0.0,0.0,0.0,0.0,0.0,0.0,0.0,0.0,1,1,0,False,False,False,False,False,OTHER,OTHER,IMPROVED
2005,0.94021416,0.8070307,-0.13318346,0.9145916,0.7243295,-0.1902621,1.0,1.0,0.0,0.0,0.0,0.0,0.0,0.0,0.0,0.0,0.0,0.0,1,1,0,False,False,False,False,False,OTHER,OTHER,REGRESSED
2006,1.0,0.991487,-0.0085129999999999,1.0,0.9878386,-0.0121613999999999,1.0,1.0,0.0,0.0,0.0,0.0,0.0,0.0,0.0,0.0,0.0,0.0,1,1,0,False,False,False,False,False,OTHER,OTHER,REGRESSED
2007,0.85247576,0.7815296,-0.0709461599999999,0.8428225,0.6878994,-0.1549230999999999,0.875,1.0,0.125,0.0,0.0,0.0,0.0,0.0,0.0,0.0,0.0,0.0,1,1,0,False,False,False,False,False,OTHER,OTHER,REGRESSED
2008,0.8708027,0.9286109,0.0578081999999999,0.8475752,0.89801556,0.05044036,0.925,1.0,0.0749999999999999,0.0,0.0,0.0,0.0,0.0,0.0,0.0,0.0,0.0,1,1,0,False,False,False,False,False,OTHER,OTHER,IMPROVED
2009,0.9226185,0.92136806,-0.0012504399999999,0.93766934,0.8876686,-0.0500007399999999,0.8875,1.0,0.1125,0.0,0.0,0.0,0.0,0.0,0.0,0.0,0.0,0.0,1,1,0,False,False,False,False,False,OTHER,OTHER,REGRESSED
2010,0.9874693,1.0,0.0125307,0.98209906,0.99999994,0.01790088,1.0,1.0,0.0,0.0,0.0,0.0,0.0,0.0,0.0,0.0,0.0,0.0,1,1,0,False,False,False,False,False,OTHER,OTHER,IMPROVED
2011,1.0,1.0,0.0,1.0,1.0,0.0,1.0,1.0,0.0,0.0,0.0,0.0,0.0,0.0,0.0,0.0,0.0,0.0,1,1,0,False,False,False,False,False,OTHER,OTHER,UNCHANGED
2012,0.9823875,0.9823875,0.0,0.9748392,0.9748392,0.0,1.0,1.0,0.0,0.0,0.0,0.0,0.0,0.0,0.0,0.0,0.0,0.0,1,1,0,False,False,False,False,False,OTHER,OTHER,UNCHANGED
2013,0.96250004,0.9560246,-0.0064754399999999,1.0,0.937178,-0.062822,0.875,1.0,0.125,0.0,0.0,0.0,0.0,0.0,0.0,0.0,0.0,0.0,1,1,0,False,False,False,False,False,OTHER,OTHER,REGRESSED
2014,0.9426945,0.9356182,-0.0070763,0.91813487,0.90802604,-0.01010883,1.0,1.0,0.0,0.0,0.0,0.0,0.0,0.0,0.0,0.0,0.0,0.0,1,1,0,False,False,False,False,False,OTHER,OTHER,REGRESSED
2015,1.0,1.0,0.0,1.0,1.0,0.0,1.0,1.0,0.0,0.0,0.0,0.0,0.0,0.0,0.0,0.0,0.0,0.0,1,1,0,False,False,False,False,False,OTHER,OTHER,UNCHANGED
2016,0.95125,0.9400164,-0.0112336,1.0,0.91430914,-0.08569086,0.83750004,1.0,0.16249996,0.0,0.0,0.0,0.0,0.0,0.0,0.0,0.0,0.0,1,1,0,False,False,False,False,False,OTHER,OTHER,REGRESSED
2017,1.0,1.0,0.0,1.0,1.0,0.0,1.0,1.0,0.0,0.0,0.0,0.0,0.0,0.0,0.0,0.0,0.0,0.0,1,1,0,False,False,False,False,False,OTHER,OTHER,UNCHANGED
2018,1.0,1.0,0.0,1.0,1.0,0.0,1.0,1.0,0.0,0.0,0.0,0.0,0.0,0.0,0.0,0.0,0.0,0.0,1,1,0,False,False,False,False,False,OTHER,OTHER,UNCHANGED
2019,0.86866134,0.8594534,-0.0092079399999999,0.81237334,0.7992192,-0.01315414,1.0,1.0,0.0,0.0,0.0,0.0,0.0,0.0,0.0,0.0,0.0,0.0,1,1,0,False,False,False,False,False,OTHER,OTHER,REGRESSED
2020,0.8129307,0.8654426,0.0525118999999999,0.7809724,0.8077751,0.0268026999999999,0.8875,1.0,0.1125,0.0,0.0,0.0,0.0,0.0,0.0,0.0,0.0,0.0,1,1,0,False,False,False,False,False,OTHER,OTHER,IMPROVED
2021,1.0,0.95500004,-0.0449999599999999,1.0,1.0,0.0,1.0,0.85,-0.15,0.0,0.0,0.0,0.0,0.0,0.0,0.0,0.0,0.0,1,1,0,False,False,False,False,False,OTHER,OTHER,REGRESSED
2022,0.8581444,0.91026324,0.05211884,0.8455634,0.8718047,0.0262413,0.8875,1.0,0.1125,0.0,0.0,0.0,0.0,0.0,0.0,0.0,0.0,0.0,1,1,0,False,False,False,False,False,OTHER,OTHER,IMPROVED
2023,0.92497486,1.0,0.07502514,0.9892497,1.0,0.0107502999999999,0.77500004,1.0,0.22499996,0.0,0.0,0.0,0.0,0.0,0.0,0.0,0.0,0.0,1,1,0,False,False,False,False,False,OTHER,OTHER,IMPROVED
2024,1.0,1.0,0.0,1.0,1.0,0.0,1.0,1.0,0.0,0.0,0.0,0.0,0.0,0.0,0.0,0.0,0.0,0.0,1,1,0,False,False,False,False,False,OTHER,OTHER,UNCHANGED
2025,0.96625006,0.94723856,-0.0190115,1.0,0.9246265,-0.0753734999999999,0.8875,1.0,0.1125,0.0,0.0,0.0,0.0,0.0,0.0,0.0,0.0,0.0,1,1,0,False,False,False,False,False,OTHER,OTHER,REGRESSED
2026,0.86615413,0.8027527,-0.0634014299999999,0.8087916,0.71821815,-0.09057345,1.0,1.0,0.0,0.0,0.0,0.0,0.0,0.0,0.0,0.0,0.0,0.0,1,1,0,False,False,False,False,False,OTHER,OTHER,REGRESSED
2027,0.9208865,0.92969686,0.0088103599999999,0.8869808,0.8995668,0.0125859999999999,1.0,1.0,0.0,0.0,0.0,0.0,0.0,0.0,0.0,0.0,0.0,0.0,1,1,0,False,False,False,False,False,OTHER,OTHER,IMPROVED
2028,1.0,1.0,0.0,1.0,1.0,0.0,1.0,1.0,0.0,0.0,0.0,0.0,0.0,0.0,0.0,0.0,0.0,0.0,1,1,0,False,False,False,False,False,OTHER,OTHER,UNCHANGED
2029,0.8227641,0.88276404,0.0599999399999999,0.8325201,0.8325201,0.0,0.8,1.0,0.1999999999999999,0.0,0.0,0.0,0.0,0.0,0.0,0.0,0.0,0.0,1,1,0,False,False,False,False,False,OTHER,OTHER,IMPROVED
2030,0.91316223,0.90445036,-0.0087118699999999,0.875946,0.90100044,0.02505444,1.0,0.9125,-0.0875,0.0,0.0,0.0,0.0,0.0,0.0,0.0,0.0,0.0,1,1,0,False,False,False,False,False,OTHER,OTHER,REGRESSED
2031,0.9382128,0.9382128,0.0,0.9117326,0.9117326,0.0,1.0,1.0,0.0,0.0,0.0,0.0,0.0,0.0,0.0,0.0,0.0,0.0,1,1,0,False,False,False,False,False,OTHER,OTHER,UNCHANGED
2032,1.0,0.9752251,-0.0247749,1.0,0.9646073,-0.0353927,1.0,1.0,0.0,0.0,0.0,0.0,0.0,0.0,0.0,0.0,0.0,0.0,1,1,0,False,False,False,False,False,OTHER,OTHER,REGRESSED
2033,1.0,1.0,0.0,1.0,1.0,0.0,1.0,1.0,0.0,0.0,0.0,0.0,0.0,0.0,0.0,0.0,0.0,0.0,1,1,0,False,False,False,False,False,OTHER,OTHER,UNCHANGED
2034,0.89349025,0.869095,-0.02439525,0.8799861,0.8451358,-0.0348503,0.925,0.925,0.0,0.0,0.0,0.0,0.0,0.0,0.0,0.0,0.0,0.0,1,1,0,False,False,False,False,False,OTHER,OTHER,REGRESSED
2035,0.99952984,1.0,0.0004701599999999,0.9993284,1.0000001,0.0006717,1.0,1.0,0.0,0.0,0.0,0.0,0.0,0.0,0.0,0.0,0.0,0.0,1,1,0,False,False,False,False,False,OTHER,OTHER,IMPROVED
2036,0.93045455,0.92174476,-0.0087097899999999,0.9006493,0.8882067,-0.0124425999999999,1.0,1.0,0.0,0.0,0.0,0.0,0.0,0.0,0.0,0.0,0.0,0.0,1,1,0,False,False,False,False,False,OTHER,OTHER,REGRESSED
2037,0.0,0.0,0.0,1.0,1.0,0.0,1.0,1.0,0.0,1.0,1.0,0.0,1.0,1.0,0.0,0.0,0.0,0.0,0,0,0,True,True,False,False,True,OVERLAP+COLLISION,OVERLAP+COLLISION,PERSISTENT_ZERO
2038,1.0,1.0,0.0,1.0,1.0,0.0,1.0,1.0,0.0,0.0,0.0,0.0,0.0,0.0,0.0,0.0,0.0,0.0,1,1,0,False,False,False,False,False,OTHER,OTHER,UNCHANGED
2039,0.0,0.99166864,0.99166864,0.7643517,0.988098,0.2237463,1.0,1.0,0.0,0.0,0.0,0.0,0.0,0.0,0.0,1.0,0.0,-1.0,0,1,1,True,False,True,False,False,OFFROAD_ONLY,OTHER,FIXED_ZERO
2040,0.90482014,0.931131,0.02631086,0.87474304,0.91233003,0.0375869899999999,0.975,0.975,0.0,0.0,0.0,0.0,0.0,0.0,0.0,0.0,0.0,0.0,1,1,0,False,False,False,False,False,OTHER,OTHER,IMPROVED
2041,0.99114716,0.96625006,-0.0248971,0.987353,1.0,0.0126469999999999,1.0,0.8875,-0.1125,0.0,0.0,0.0,0.0,0.0,0.0,0.0,0.0,0.0,1,1,0,False,False,False,False,False,OTHER,OTHER,REGRESSED
2042,1.0,1.0,0.0,1.0,1.0,0.0,1.0,1.0,0.0,0.0,0.0,0.0,0.0,0.0,0.0,0.0,0.0,0.0,1,1,0,False,False,False,False,False,OTHER,OTHER,UNCHANGED
2043,0.9043832,0.88560724,-0.01877596,0.8634046,0.83658177,-0.0268228299999999,1.0,1.0,0.0,0.0,0.0,0.0,0.0,0.0,0.0,0.0,0.0,0.0,1,1,0,False,False,False,False,False,OTHER,OTHER,REGRESSED
2044,0.92085475,0.88079625,-0.0400585000000001,0.8869354,0.8618517,-0.0250837,1.0,0.925,-0.0749999999999999,0.0,0.0,0.0,0.0,0.0,0.0,0.0,0.0,0.0,1,1,0,False,False,False,False,False,OTHER,OTHER,REGRESSED
2045,0.88137525,0.8289198,-0.05245545,0.90017885,0.7877425,-0.1124363499999999,0.83750004,0.925,0.08749996,0.0,0.0,0.0,0.0,0.0,0.0,0.0,0.0,0.0,1,1,0,False,False,False,False,False,OTHER,OTHER,REGRESSED
2046,1.0,0.9477946,-0.0522053999999999,1.0,0.9254209,-0.0745791,1.0,1.0,0.0,0.0,0.0,0.0,0.0,0.0,0.0,0.0,0.0,0.0,1,1,0,False,False,False,False,False,OTHER,OTHER,REGRESSED
2047,0.96625006,1.0,0.0337499399999999,1.0,1.0,0.0,0.8875,1.0,0.1125,0.0,0.0,0.0,0.0,0.0,0.0,0.0,0.0,0.0,1,1,0,False,False,False,False,False,OTHER,OTHER,IMPROVED
2048,0.94937956,0.9325129,-0.01686666,0.927685,0.9035897,-0.0240952999999999,1.0,1.0,0.0,0.0,0.0,0.0,0.0,0.0,0.0,0.0,0.0,0.0,1,1,0,False,False,False,False,False,OTHER,OTHER,REGRESSED
2049,0.96250004,0.95500004,-0.0074999999999999,1.0,1.0,0.0,0.875,0.85,-0.025,0.0,0.0,0.0,0.0,0.0,0.0,0.0,0.0,0.0,1,1,0,False,False,False,False,False,OTHER,OTHER,REGRESSED
2050,1.0,1.0,0.0,1.0,1.0,0.0,1.0,1.0,0.0,0.0,0.0,0.0,0.0,0.0,0.0,0.0,0.0,0.0,1,1,0,False,False,False,False,False,OTHER,OTHER,UNCHANGED
2051,0.97225827,0.9907303,0.0184720299999999,0.960369,0.9867576,0.0263885999999999,1.0,1.0,0.0,0.0,0.0,0.0,0.0,0.0,0.0,0.0,0.0,0.0,1,1,0,False,False,False,False,False,OTHER,OTHER,IMPROVED
2052,1.0,1.0,0.0,1.0,1.0,0.0,1.0,1.0,0.0,0.0,0.0,0.0,0.0,0.0,0.0,0.0,0.0,0.0,1,1,0,False,False,False,False,False,OTHER,OTHER,UNCHANGED
2053,0.9501139,0.8481826,-0.1019312999999999,0.9287341,0.783118,-0.1456161,1.0,1.0,0.0,0.0,0.0,0.0,0.0,0.0,0.0,0.0,0.0,0.0,1,1,0,False,False,False,False,False,OTHER,OTHER,REGRESSED
2054,0.9454075,0.9572852,0.0118776999999999,0.9755821,0.9389789,-0.0366032,0.875,1.0,0.125,0.0,0.0,0.0,0.0,0.0,0.0,0.0,0.0,0.0,1,1,0,False,False,False,False,False,OTHER,OTHER,IMPROVED
2055,1.0,1.0,0.0,1.0,1.0,0.0,1.0,1.0,0.0,0.0,0.0,0.0,0.0,0.0,0.0,0.0,0.0,0.0,1,1,0,False,False,False,False,False,OTHER,OTHER,UNCHANGED
2056,1.0,1.0,0.0,1.0,1.0,0.0,1.0,1.0,0.0,0.0,0.0,0.0,0.0,0.0,0.0,0.0,0.0,0.0,1,1,0,False,False,False,False,False,OTHER,OTHER,UNCHANGED
2057,0.93874973,0.8862966,-0.0524531299999999,0.9124996,0.8375665,-0.0749330999999999,1.0,1.0,0.0,0.0,0.0,0.0,0.0,0.0,0.0,0.0,0.0,0.0,1,1,0,False,False,False,False,False,OTHER,OTHER,REGRESSED
2058,1.0,1.0,0.0,0.99999994,0.99999994,0.0,1.0,1.0,0.0,0.0,0.0,0.0,0.0,0.0,0.0,0.0,0.0,0.0,1,1,0,False,False,False,False,False,OTHER,OTHER,UNCHANGED
2059,0.90788615,0.9287607,0.02087455,0.9273372,0.9518011,0.0244638999999999,0.8625,0.875,0.0124999999999999,0.0,0.0,0.0,0.0,0.0,0.0,0.0,0.0,0.0,1,1,0,False,False,False,False,False,OTHER,OTHER,IMPROVED
2060,0.9993169,0.9993169,0.0,0.99902415,0.99902415,0.0,1.0,1.0,0.0,0.0,0.0,0.0,0.0,0.0,0.0,0.0,0.0,0.0,1,1,0,False,False,False,False,False,OTHER,OTHER,UNCHANGED
2061,0.956752,0.9309044,-0.0258476,0.9382172,0.90129197,-0.0369252299999999,1.0,1.0,0.0,0.0,0.0,0.0,0.0,0.0,0.0,0.0,0.0,0.0,1,1,0,False,False,False,False,False,OTHER,OTHER,REGRESSED
2062,0.96250004,0.97749996,0.0149999199999999,1.0,1.0,0.0,0.875,0.925,0.05,0.0,0.0,0.0,0.0,0.0,0.0,0.0,0.0,0.0,1,1,0,False,False,False,False,False,OTHER,OTHER,IMPROVED
2063,0.9292795,0.9469528,0.0176733,0.89897066,0.92421824,0.0252475799999999,1.0,1.0,0.0,0.0,0.0,0.0,0.0,0.0,0.0,0.0,0.0,0.0,1,1,0,False,False,False,False,False,OTHER,OTHER,IMPROVED
2064,0.96999997,0.97749996,0.0074999899999999,1.0,1.0,0.0,0.90000004,0.925,0.02499996,0.0,0.0,0.0,0.0,0.0,0.0,0.0,0.0,0.0,1,1,0,False,False,False,False,False,OTHER,OTHER,IMPROVED
2065,1.0,1.0,0.0,1.0,1.0,0.0,1.0,1.0,0.0,0.0,0.0,0.0,0.0,0.0,0.0,0.0,0.0,0.0,1,1,0,False,False,False,False,False,OTHER,OTHER,UNCHANGED
2066,1.0,1.0,0.0,1.0,1.0,0.0,1.0,1.0,0.0,0.0,0.0,0.0,0.0,0.0,0.0,0.0,0.0,0.0,1,1,0,False,False,False,False,False,OTHER,OTHER,UNCHANGED
2067,0.0,0.9967171,0.9967171,1.0,0.9953102,-0.0046897999999999,1.0,1.0,0.0,0.0,0.0,0.0,0.0,0.0,0.0,1.0,0.0,-1.0,0,1,1,True,False,True,False,False,OFFROAD_ONLY,OTHER,FIXED_ZERO
2068,0.0,0.0,0.0,0.028353421,0.010479899,-0.017873522,1.0,1.0,0.0,1.0,1.0,0.0,1.0,1.0,0.0,0.0,0.0,0.0,0,0,0,True,True,False,False,True,OVERLAP+COLLISION,OVERLAP+COLLISION,PERSISTENT_ZERO
2069,0.0,0.0,0.0,1.0,1.0,0.0,1.0,1.0,0.0,1.0,1.0,0.0,1.0,1.0,0.0,0.0,0.0,0.0,0,0,0,True,True,False,False,True,OVERLAP+COLLISION,OVERLAP+COLLISION,PERSISTENT_ZERO
2070,1.0,1.0,0.0,1.0,1.0,0.0,1.0,1.0,0.0,0.0,0.0,0.0,0.0,0.0,0.0,0.0,0.0,0.0,1,1,0,False,False,False,False,False,OTHER,OTHER,UNCHANGED
2071,0.95967895,0.9914433,0.03176435,0.9745413,0.987776,0.0132346999999999,0.925,1.0,0.0749999999999999,0.0,0.0,0.0,0.0,0.0,0.0,0.0,0.0,0.0,1,1,0,False,False,False,False,False,OTHER,OTHER,IMPROVED
2072,0.96625006,1.0,0.0337499399999999,1.0,1.0,0.0,0.8875,1.0,0.1125,0.0,0.0,0.0,0.0,0.0,0.0,0.0,0.0,0.0,1,1,0,False,False,False,False,False,OTHER,OTHER,IMPROVED
2073,0.94835377,0.9655822,0.0172284299999999,0.92621976,0.9508317,0.02461194,1.0,1.0,0.0,0.0,0.0,0.0,0.0,0.0,0.0,0.0,0.0,0.0,1,1,0,False,False,False,False,False,OTHER,OTHER,IMPROVED
2074,0.92924196,0.8046303,-0.12461166,0.89891714,0.7209005,-0.1780166399999999,1.0,1.0,0.0,0.0,0.0,0.0,0.0,0.0,0.0,0.0,0.0,0.0,1,1,0,False,False,False,False,False,OTHER,OTHER,REGRESSED
2075,1.0,1.0,0.0,1.0,1.0,0.0,1.0,1.0,0.0,0.0,0.0,0.0,0.0,0.0,0.0,0.0,0.0,0.0,1,1,0,False,False,False,False,False,OTHER,OTHER,UNCHANGED
2076,0.9151832,0.8688156,-0.0463675999999999,0.8788331,0.8125938,-0.0662393,1.0,1.0,0.0,0.0,0.0,0.0,0.0,0.0,0.0,0.0,0.0,0.0,1,1,0,False,False,False,False,False,OTHER,OTHER,REGRESSED
2077,0.9027311,0.9204275,0.0176963999999999,0.8610444,0.886325,0.0252805999999999,1.0,1.0,0.0,0.0,0.0,0.0,0.0,0.0,0.0,0.0,0.0,0.0,1,1,0,False,False,False,False,False,OTHER,OTHER,IMPROVED
2078,0.87879527,0.8675737,-0.01122157,0.91256464,0.8751052,-0.03745944,0.8,0.85,0.0499999999999999,0.0,0.0,0.0,0.0,0.0,0.0,0.0,0.0,0.0,1,1,0,False,False,False,False,False,OTHER,OTHER,REGRESSED
2079,0.94750005,0.95874995,0.0112498999999999,1.0,1.0,0.0,0.825,0.8625,0.0375,0.0,0.0,0.0,0.0,0.0,0.0,0.0,0.0,0.0,1,1,0,False,False,False,False,False,OTHER,OTHER,IMPROVED
2080,1.0,1.0,0.0,1.0,1.0,0.0,1.0,1.0,0.0,0.0,0.0,0.0,0.0,0.0,0.0,0.0,0.0,0.0,1,1,0,False,False,False,False,False,OTHER,OTHER,UNCHANGED
2081,0.0,0.0,0.0,0.96773446,0.59253037,-0.37520409,1.0,1.0,0.0,2.0,2.0,0.0,1.0,1.0,0.0,0.0,0.0,0.0,0,0,0,True,True,False,False,True,OVERLAP+COLLISION,OVERLAP+COLLISION,PERSISTENT_ZERO
2082,1.0,1.0,0.0,1.0,1.0,0.0,1.0,1.0,0.0,0.0,0.0,0.0,0.0,0.0,0.0,0.0,0.0,0.0,1,1,0,False,False,False,False,False,OTHER,OTHER,UNCHANGED
2083,0.82632506,0.78474444,-0.0415806199999999,0.7893928,0.692492,-0.0969008,0.9125,1.0,0.0875,0.0,0.0,0.0,0.0,0.0,0.0,0.0,0.0,0.0,1,1,0,False,False,False,False,False,OTHER,OTHER,REGRESSED
2084,0.9568168,0.9914471,0.0346303,0.93830967,0.98778147,0.0494718,1.0,1.0,0.0,0.0,0.0,0.0,0.0,0.0,0.0,0.0,0.0,0.0,1,1,0,False,False,False,False,False,OTHER,OTHER,IMPROVED
2085,0.9220285,0.95577854,0.0337500399999999,0.93682635,0.93682635,0.0,0.8875,1.0,0.1125,0.0,0.0,0.0,0.0,0.0,0.0,0.0,0.0,0.0,1,1,0,False,False,False,False,False,OTHER,OTHER,IMPROVED
2086,0.83145076,0.8375784,0.0061276399999999,0.84492964,0.7679691,-0.07696054,0.8,1.0,0.1999999999999999,0.0,0.0,0.0,0.0,0.0,0.0,0.0,0.0,0.0,1,1,0,False,False,False,False,False,OTHER,OTHER,IMPROVED
2087,0.9317135,0.9181158,-0.0135976999999999,0.9024478,0.88302255,-0.01942525,1.0,1.0,0.0,0.0,0.0,0.0,0.0,0.0,0.0,0.0,0.0,0.0,1,1,0,False,False,False,False,False,OTHER,OTHER,REGRESSED
2088,1.0,1.0,0.0,1.0,1.0,0.0,1.0,1.0,0.0,0.0,0.0,0.0,0.0,0.0,0.0,0.0,0.0,0.0,1,1,0,False,False,False,False,False,OTHER,OTHER,UNCHANGED
2089,0.84012014,0.8538583,0.0137381599999999,0.82517165,0.8501547,0.02498305,0.875,0.8625,-0.0124999999999999,0.0,0.0,0.0,0.0,0.0,0.0,0.0,0.0,0.0,1,1,0,False,False,False,False,False,OTHER,OTHER,IMPROVED
2090,0.91221637,0.9297951,0.0175787299999999,0.87459487,0.89970726,0.0251123899999999,1.0,1.0,0.0,0.0,0.0,0.0,0.0,0.0,0.0,0.0,0.0,0.0,1,1,0,False,False,False,False,False,OTHER,OTHER,IMPROVED
2091,1.0,1.0,0.0,1.0,1.0,0.0,1.0,1.0,0.0,0.0,0.0,0.0,0.0,0.0,0.0,0.0,0.0,0.0,1,1,0,False,False,False,False,False,OTHER,OTHER,UNCHANGED
2092,0.9574656,1.0,0.0425343999999999,0.9874507,1.0,0.0125492999999999,0.8875,1.0,0.1125,0.0,0.0,0.0,0.0,0.0,0.0,0.0,0.0,0.0,1,1,0,False,False,False,False,False,OTHER,OTHER,IMPROVED
2093,1.0,1.0,0.0,1.0,1.0,0.0,1.0,1.0,0.0,0.0,0.0,0.0,0.0,0.0,0.0,0.0,0.0,0.0,1,1,0,False,False,False,False,False,OTHER,OTHER,UNCHANGED
2094,0.93600655,0.96721154,0.0312049899999999,0.90858084,0.9531593,0.0445784600000001,1.0,1.0,0.0,0.0,0.0,0.0,0.0,0.0,0.0,0.0,0.0,0.0,1,1,0,False,False,False,False,False,OTHER,OTHER,IMPROVED
2095,0.9395013,0.9395013,0.0,0.91357327,0.91357327,0.0,1.0,1.0,0.0,0.0,0.0,0.0,0.0,0.0,0.0,0.0,0.0,0.0,1,1,0,False,False,False,False,False,OTHER,OTHER,UNCHANGED
2096,0.97749996,1.0,0.02250004,1.0,1.0,0.0,0.925,1.0,0.0749999999999999,0.0,0.0,0.0,0.0,0.0,0.0,0.0,0.0,0.0,1,1,0,False,False,False,False,False,OTHER,OTHER,IMPROVED
2097,1.0,1.0,0.0,1.0,1.0,0.0,1.0,1.0,0.0,0.0,0.0,0.0,0.0,0.0,0.0,0.0,0.0,0.0,1,1,0,False,False,False,False,False,OTHER,OTHER,UNCHANGED
2098,1.0,1.0,0.0,1.0,1.0,0.0,1.0,1.0,0.0,0.0,0.0,0.0,0.0,0.0,0.0,0.0,0.0,0.0,1,1,0,False,False,False,False,False,OTHER,OTHER,UNCHANGED
2099,0.9907543,1.0,0.0092457,0.9867919,1.0,0.0132080999999999,1.0,1.0,0.0,0.0,0.0,0.0,0.0,0.0,0.0,0.0,0.0,0.0,1,1,0,False,False,False,False,False,OTHER,OTHER,IMPROVED
2100,0.9389284,0.93017656,-0.0087518399999999,0.9127549,0.90025216,-0.01250274,1.0,1.0,0.0,0.0,0.0,0.0,0.0,0.0,0.0,0.0,0.0,0.0,1,1,0,False,False,False,False,False,OTHER,OTHER,REGRESSED
2101,0.97749996,0.0,-0.97749996,1.0,0.2584786,-0.7415214,0.925,0.25,-0.675,0.0,1.0,1.0,0.0,1.0,1.0,0.0,0.0,0.0,1,0,-1,False,True,False,True,False,OTHER,OVERLAP+COLLISION,NEW_ZERO
2102,1.0,1.0,0.0,1.0,1.0,0.0,1.0,1.0,0.0,0.0,0.0,0.0,0.0,0.0,0.0,0.0,0.0,0.0,1,1,0,False,False,False,False,False,OTHER,OTHER,UNCHANGED
2103,0.92300093,0.9403038,0.0173028699999999,0.89000136,0.9147197,0.02471834,1.0,1.0,0.0,0.0,0.0,0.0,0.0,0.0,0.0,0.0,0.0,0.0,1,1,0,False,False,False,False,False,OTHER,OTHER,IMPROVED
2104,0.9400372,0.96250004,0.0224628399999999,0.9625531,0.99999994,0.0374468399999999,0.8875,0.875,-0.0124999999999999,0.0,0.0,0.0,0.0,0.0,0.0,0.0,0.0,0.0,1,1,0,False,False,False,False,False,OTHER,OTHER,IMPROVED
2105,0.8373434,0.83213085,-0.0052125499999999,0.7997764,0.760187,-0.0395894000000001,0.925,1.0,0.0749999999999999,0.0,0.0,0.0,0.0,0.0,0.0,0.0,0.0,0.0,1,1,0,False,False,False,False,False,OTHER,OTHER,REGRESSED
2106,0.93166333,1.0,0.0683366699999999,0.9880905,1.0,0.0119095,0.8,1.0,0.1999999999999999,0.0,0.0,0.0,0.0,0.0,0.0,0.0,0.0,0.0,1,1,0,False,False,False,False,False,OTHER,OTHER,IMPROVED
2107,0.8277109,0.9062254,0.0785144999999999,0.80208695,0.9142507,0.11216375,0.8875,0.8875,0.0,0.0,0.0,0.0,0.0,0.0,0.0,0.0,0.0,0.0,1,1,0,False,False,False,False,False,OTHER,OTHER,IMPROVED
2108,0.92739576,0.95995903,0.03256327,0.94985104,0.9749415,0.02509046,0.875,0.925,0.05,0.0,0.0,0.0,0.0,0.0,0.0,0.0,0.0,0.0,1,1,0,False,False,False,False,False,OTHER,OTHER,IMPROVED
2109,1.0,0.96250004,-0.03749996,1.0,1.0,0.0,1.0,0.875,-0.125,0.0,0.0,0.0,0.0,0.0,0.0,0.0,0.0,0.0,1,1,0,False,False,False,False,False,OTHER,OTHER,REGRESSED
2110,1.0,1.0,0.0,1.0,1.0,0.0,1.0,1.0,0.0,0.0,0.0,0.0,0.0,0.0,0.0,0.0,0.0,0.0,1,1,0,False,False,False,False,False,OTHER,OTHER,UNCHANGED
2111,0.8316145,0.8550774,0.0234628999999999,0.81302065,0.8518963,0.03887565,0.875,0.8625,-0.0124999999999999,0.0,0.0,0.0,0.0,0.0,0.0,0.0,0.0,0.0,1,1,0,False,False,False,False,False,OTHER,OTHER,IMPROVED
2112,0.9126031,0.9169445,0.0043414,0.9072901,0.8813494,-0.0259407,0.925,1.0,0.0749999999999999,0.0,0.0,0.0,0.0,0.0,0.0,0.0,0.0,0.0,1,1,0,False,False,False,False,False,OTHER,OTHER,IMPROVED
2113,1.0,1.0,0.0,1.0,1.0,0.0,1.0,1.0,0.0,0.0,0.0,0.0,0.0,0.0,0.0,0.0,0.0,0.0,1,1,0,False,False,False,False,False,OTHER,OTHER,UNCHANGED
2114,1.0,0.9937019,-0.0062980999999999,1.0,0.9910026,-0.0089974,1.0,1.0,0.0,0.0,0.0,0.0,0.0,0.0,0.0,0.0,0.0,0.0,1,1,0,False,False,False,False,False,OTHER,OTHER,REGRESSED
2115,0.94,0.96625006,0.02625006,1.0,1.0,0.0,0.8,0.8875,0.0874999999999999,0.0,0.0,0.0,0.0,0.0,0.0,0.0,0.0,0.0,1,1,0,False,False,False,False,False,OTHER,OTHER,IMPROVED
2116,1.0,1.0,0.0,1.0,1.0,0.0,1.0,1.0,0.0,0.0,0.0,0.0,0.0,0.0,0.0,0.0,0.0,0.0,1,1,0,False,False,False,False,False,OTHER,OTHER,UNCHANGED
2117,0.8873486,0.8898539,0.0025052999999999,0.88728356,0.8747912,-0.0124923599999999,0.8875,0.925,0.0375,0.0,0.0,0.0,0.0,0.0,0.0,0.0,0.0,0.0,1,1,0,False,False,False,False,False,OTHER,OTHER,IMPROVED
2118,0.9662766,0.93359435,-0.03268225,0.9839665,0.90513474,-0.0788317599999999,0.925,1.0,0.0749999999999999,0.0,0.0,0.0,0.0,0.0,0.0,0.0,0.0,0.0,1,1,0,False,False,False,False,False,OTHER,OTHER,REGRESSED
2119,0.98978895,0.96958154,-0.02020741,0.9854127,0.956545,-0.0288677,1.0,1.0,0.0,0.0,0.0,0.0,0.0,0.0,0.0,0.0,0.0,0.0,1,1,0,False,False,False,False,False,OTHER,OTHER,REGRESSED
2120,1.0,1.0,0.0,1.0,1.0,0.0,1.0,1.0,0.0,0.0,0.0,0.0,0.0,0.0,0.0,0.0,0.0,0.0,1,1,0,False,False,False,False,False,OTHER,OTHER,UNCHANGED
2121,0.9269428,0.9044429,-0.0224998999999999,0.8956327,0.8956327,0.0,1.0,0.925,-0.0749999999999999,0.0,0.0,0.0,0.0,0.0,0.0,0.0,0.0,0.0,1,1,0,False,False,False,False,False,OTHER,OTHER,REGRESSED
2122,0.94749993,0.9453829,-0.0021170299999999,0.99999994,0.9862612,-0.01373874,0.825,0.85,0.025,0.0,0.0,0.0,0.0,0.0,0.0,0.0,0.0,0.0,1,1,0,False,False,False,False,False,OTHER,OTHER,REGRESSED
2123,0.9015768,0.88410133,-0.0174754699999999,0.91296685,0.8880019,-0.0249649499999999,0.875,0.875,0.0,0.0,0.0,0.0,0.0,0.0,0.0,0.0,0.0,0.0,1,1,0,False,False,False,False,False,OTHER,OTHER,REGRESSED
2124,1.0,1.0,0.0,1.0,1.0,0.0,1.0,1.0,0.0,0.0,0.0,0.0,0.0,0.0,0.0,0.0,0.0,0.0,1,1,0,False,False,False,False,False,OTHER,OTHER,UNCHANGED
2125,0.9573245,0.9685745,0.0112499999999999,0.9872493,0.9872493,0.0,0.8875,0.925,0.0375,0.0,0.0,0.0,0.0,0.0,0.0,0.0,0.0,0.0,1,1,0,False,False,False,False,False,OTHER,OTHER,IMPROVED
2126,0.8792929,0.9187191,0.0394261999999999,0.8864898,0.9481702,0.0616803999999999,0.8625,0.85,-0.0125,0.0,0.0,0.0,0.0,0.0,0.0,0.0,0.0,0.0,1,1,0,False,False,False,False,False,OTHER,OTHER,IMPROVED
2127,0.95874995,0.94375,-0.0149999499999999,1.0,1.0,0.0,0.8625,0.8125,-0.05,0.0,0.0,0.0,0.0,0.0,0.0,0.0,0.0,0.0,1,1,0,False,False,False,False,False,OTHER,OTHER,REGRESSED
2128,0.97749996,1.0,0.02250004,1.0,1.0,0.0,0.925,1.0,0.0749999999999999,0.0,0.0,0.0,0.0,0.0,0.0,0.0,0.0,0.0,1,1,0,False,False,False,False,False,OTHER,OTHER,IMPROVED
2129,0.7939585,0.7350301,-0.0589283999999999,0.7377978,0.6214715,-0.1163263,0.925,1.0,0.0749999999999999,0.0,0.0,0.0,0.0,0.0,0.0,0.0,0.0,0.0,1,1,0,False,False,False,False,False,OTHER,OTHER,REGRESSED
2130,0.8584978,0.93358594,0.0750881399999999,0.8996397,0.9372657,0.0376259999999999,0.7625,0.925,0.1625000000000001,0.0,0.0,0.0,0.0,0.0,0.0,0.0,0.0,0.0,1,1,0,False,False,False,False,False,OTHER,OTHER,IMPROVED
2131,1.0,0.88904935,-0.11095065,1.0,0.841499,-0.158501,1.0,1.0,0.0,0.0,0.0,0.0,0.0,0.0,0.0,0.0,0.0,0.0,1,1,0,False,False,False,False,False,OTHER,OTHER,REGRESSED
2132,1.0,1.0,0.0,1.0,1.0,0.0,1.0,1.0,0.0,0.0,0.0,0.0,0.0,0.0,0.0,0.0,0.0,0.0,1,1,0,False,False,False,False,False,OTHER,OTHER,UNCHANGED
2133,0.8895054,0.78629047,-0.10321493,0.9117934,0.74827206,-0.1635213399999999,0.83750004,0.875,0.03749996,0.0,0.0,0.0,0.0,0.0,0.0,0.0,0.0,0.0,1,1,0,False,False,False,False,False,OTHER,OTHER,REGRESSED
2134,0.83164036,0.90410346,0.0724631,0.8505576,0.863005,0.0124473999999999,0.7875,1.0,0.2125,0.0,0.0,0.0,0.0,0.0,0.0,0.0,0.0,0.0,1,1,0,False,False,False,False,False,OTHER,OTHER,IMPROVED
2135,0.94877404,0.96250004,0.013726,0.97503436,1.0,0.02496564,0.8875,0.875,-0.0124999999999999,0.0,0.0,0.0,0.0,0.0,0.0,0.0,0.0,0.0,1,1,0,False,False,False,False,False,OTHER,OTHER,IMPROVED
2136,0.97749996,0.99115545,0.0136554900000001,1.0,0.9873648,-0.0126351999999999,0.925,1.0,0.0749999999999999,0.0,0.0,0.0,0.0,0.0,0.0,0.0,0.0,0.0,1,1,0,False,False,False,False,False,OTHER,OTHER,IMPROVED
2137,0.91994494,0.94658774,0.0266427999999999,0.8856357,0.92369676,0.0380610599999999,1.0,1.0,0.0,0.0,0.0,0.0,0.0,0.0,0.0,0.0,0.0,0.0,1,1,0,False,False,False,False,False,OTHER,OTHER,IMPROVED
2138,0.91908056,0.95852596,0.0394453999999999,0.91654366,0.9407514,0.02420774,0.925,1.0,0.0749999999999999,0.0,0.0,0.0,0.0,0.0,0.0,0.0,0.0,0.0,1,1,0,False,False,False,False,False,OTHER,OTHER,IMPROVED
2139,1.0,0.0,-1.0,1.0,0.16545564,-0.83454436,1.0,1.0,0.0,0.0,1.0,1.0,0.0,1.0,1.0,0.0,0.0,0.0,1,0,-1,False,True,False,True,False,OTHER,OVERLAP+COLLISION,NEW_ZERO
2140,0.95874995,1.0,0.04125005,1.0,1.0,0.0,0.8625,1.0,0.1374999999999999,0.0,0.0,0.0,0.0,0.0,0.0,0.0,0.0,0.0,1,1,0,False,False,False,False,False,OTHER,OTHER,IMPROVED
2141,0.9764786,0.9081692,-0.0683093999999999,0.96639794,0.86881316,-0.09758478,1.0,1.0,0.0,0.0,0.0,0.0,0.0,0.0,0.0,0.0,0.0,0.0,1,1,0,False,False,False,False,False,OTHER,OTHER,REGRESSED
2142,0.9478974,0.93160456,-0.0162928399999999,0.97378194,0.934435,-0.0393469399999999,0.8875,0.925,0.0375,0.0,0.0,0.0,0.0,0.0,0.0,0.0,0.0,0.0,1,1,0,False,False,False,False,False,OTHER,OTHER,REGRESSED
2143,0.9691828,0.9991827,0.0299998999999999,0.9988325,0.9988325,0.0,0.90000004,1.0,0.09999996,0.0,0.0,0.0,0.0,0.0,0.0,0.0,0.0,0.0,1,1,0,False,False,False,False,False,OTHER,OTHER,IMPROVED
2144,0.92235166,0.9485313,0.0261796399999999,0.8890737,0.92647344,0.03739974,1.0,1.0,0.0,0.0,0.0,0.0,0.0,0.0,0.0,0.0,0.0,0.0,1,1,0,False,False,False,False,False,OTHER,OTHER,IMPROVED
2145,1.0,1.0,0.0,1.0,1.0,0.0,1.0,1.0,0.0,0.0,0.0,0.0,0.0,0.0,0.0,0.0,0.0,0.0,1,1,0,False,False,False,False,False,OTHER,OTHER,UNCHANGED
2146,0.96625006,0.9703353,0.0040852399999999,1.0,0.9576219,-0.0423780999999999,0.8875,1.0,0.1125,0.0,0.0,0.0,0.0,0.0,0.0,0.0,0.0,0.0,1,1,0,False,False,False,False,False,OTHER,OTHER,IMPROVED
2147,1.0,1.0,0.0,1.0,1.0,0.0,1.0,1.0,0.0,0.0,0.0,0.0,0.0,0.0,0.0,0.0,0.0,0.0,1,1,0,False,False,False,False,False,OTHER,OTHER,UNCHANGED
2148,1.0,1.0,0.0,1.0,1.0,0.0,1.0,1.0,0.0,0.0,0.0,0.0,0.0,0.0,0.0,0.0,0.0,0.0,1,1,0,False,False,False,False,False,OTHER,OTHER,UNCHANGED
2149,0.90150225,0.9283711,0.02686885,0.859289,0.897673,0.038384,1.0,1.0,0.0,0.0,0.0,0.0,0.0,0.0,0.0,0.0,0.0,0.0,1,1,0,False,False,False,False,False,OTHER,OTHER,IMPROVED
2150,0.8901642,0.9309271,0.0407629,0.8752345,0.9388244,0.0635898999999999,0.925,0.9125,-0.0125,0.0,0.0,0.0,0.0,0.0,0.0,0.0,0.0,0.0,1,1,0,False,False,False,False,False,OTHER,OTHER,IMPROVED
2151,1.0,1.0,0.0,1.0,1.0,0.0,1.0,1.0,0.0,0.0,0.0,0.0,0.0,0.0,0.0,0.0,0.0,0.0,1,1,0,False,False,False,False,False,OTHER,OTHER,UNCHANGED
2152,0.90160227,0.89531386,-0.00628841,0.9130032,0.85044837,-0.06255483,0.875,1.0,0.125,0.0,0.0,0.0,0.0,0.0,0.0,0.0,0.0,0.0,1,1,0,False,False,False,False,False,OTHER,OTHER,REGRESSED
2153,0.9104418,0.86246127,-0.04798053,0.8720597,0.8035162,-0.0685434999999999,1.0,1.0,0.0,0.0,0.0,0.0,0.0,0.0,0.0,0.0,0.0,0.0,1,1,0,False,False,False,False,False,OTHER,OTHER,REGRESSED
2154,0.86626196,0.8375763,-0.0286856599999999,0.86251706,0.8001089,-0.0624081599999999,0.875,0.925,0.05,0.0,0.0,0.0,0.0,0.0,0.0,0.0,0.0,0.0,1,1,0,False,False,False,False,False,OTHER,OTHER,REGRESSED
2155,0.92362994,0.9500729,0.02644296,0.89089984,0.92867553,0.03777569,1.0,1.0,0.0,0.0,0.0,0.0,0.0,0.0,0.0,0.0,0.0,0.0,1,1,0,False,False,False,False,False,OTHER,OTHER,IMPROVED
2156,0.87718356,0.8973881,0.02020454,0.87276226,0.8855543,0.01279204,0.8875,0.925,0.0375,0.0,0.0,0.0,0.0,0.0,0.0,0.0,0.0,0.0,1,1,0,False,False,False,False,False,OTHER,OTHER,IMPROVED
2157,0.8489208,0.86644614,0.0175253399999999,0.83774406,0.8627802,0.0250361399999999,0.875,0.875,0.0,0.0,0.0,0.0,0.0,0.0,0.0,0.0,0.0,0.0,1,1,0,False,False,False,False,False,OTHER,OTHER,IMPROVED
2158,0.92456836,0.8913695,-0.0331988599999999,0.8975977,0.85017073,-0.04742697,0.9875,0.9875,0.0,0.0,0.0,0.0,0.0,0.0,0.0,0.0,0.0,0.0,1,1,0,False,False,False,False,False,OTHER,OTHER,REGRESSED
2159,0.8627597,0.8779133,0.0151535999999999,0.90037096,0.86309046,-0.0372805,0.77500004,0.9125,0.1374999599999999,0.0,0.0,0.0,0.0,0.0,0.0,0.0,0.0,0.0,1,1,0,False,False,False,False,False,OTHER,OTHER,IMPROVED
2160,0.92095655,0.9160137,-0.0049428499999999,0.8870807,0.9121625,0.0250817999999999,1.0,0.925,-0.0749999999999999,0.0,0.0,0.0,0.0,0.0,0.0,0.0,0.0,0.0,1,1,0,False,False,False,False,False,OTHER,OTHER,REGRESSED
2161,0.8541113,0.91098976,0.0568784599999999,0.87194467,0.9103424,0.03839773,0.8125,0.9125,0.0999999999999999,0.0,0.0,0.0,0.0,0.0,0.0,0.0,0.0,0.0,1,1,0,False,False,False,False,False,OTHER,OTHER,IMPROVED
2162,0.92228335,0.9309285,0.0086451500000001,0.8889762,0.9013265,0.0123503,1.0,1.0,0.0,0.0,0.0,0.0,0.0,0.0,0.0,0.0,0.0,0.0,1,1,0,False,False,False,False,False,OTHER,OTHER,IMPROVED
2163,0.9130686,0.956123,0.0430543999999999,0.87581235,0.9373186,0.0615062499999999,1.0,1.0,0.0,0.0,0.0,0.0,0.0,0.0,0.0,0.0,0.0,0.0,1,1,0,False,False,False,False,False,OTHER,OTHER,IMPROVED
2164,0.8302931,0.87404597,0.0437528699999999,0.8754187,0.8629227,-0.0124959999999999,0.725,0.90000004,0.17500004,0.0,0.0,0.0,0.0,0.0,0.0,0.0,0.0,0.0,1,1,0,False,False,False,False,False,OTHER,OTHER,IMPROVED
2165,0.9025344,0.9113827,0.0088483,0.86076343,0.8734037,0.01264027,1.0,1.0,0.0,0.0,0.0,0.0,0.0,0.0,0.0,0.0,0.0,0.0,1,1,0,False,False,False,False,False,OTHER,OTHER,IMPROVED
2166,0.9232675,0.8034469,-0.1198206,0.8903821,0.7192098,-0.1711722999999999,1.0,1.0,0.0,0.0,0.0,0.0,0.0,0.0,0.0,0.0,0.0,0.0,1,1,0,False,False,False,False,False,OTHER,OTHER,REGRESSED
2167,1.0,0.8881378,-0.1118622,1.0,0.84019685,-0.15980315,1.0,1.0,0.0,0.0,0.0,0.0,0.0,0.0,0.0,0.0,0.0,0.0,1,1,0,False,False,False,False,False,OTHER,OTHER,REGRESSED
2168,1.0,1.0,0.0,1.0,1.0,0.0,1.0,1.0,0.0,0.0,0.0,0.0,0.0,0.0,0.0,0.0,0.0,0.0,1,1,0,False,False,False,False,False,OTHER,OTHER,UNCHANGED
2169,0.91876316,0.84071106,-0.0780521,0.88394743,0.77244437,-0.1115030599999999,1.0,1.0,0.0,0.0,0.0,0.0,0.0,0.0,0.0,0.0,0.0,0.0,1,1,0,False,False,False,False,False,OTHER,OTHER,REGRESSED
2170,0.9124436,0.9387312,0.0262875999999999,0.8749194,0.91247314,0.03755374,1.0,1.0,0.0,0.0,0.0,0.0,0.0,0.0,0.0,0.0,0.0,0.0,1,1,0,False,False,False,False,False,OTHER,OTHER,IMPROVED
2171,0.86383957,0.8737305,0.0098909299999999,0.80548495,0.81961495,0.0141299999999999,1.0,1.0,0.0,0.0,0.0,0.0,0.0,0.0,0.0,0.0,0.0,0.0,1,1,0,False,False,False,False,False,OTHER,OTHER,IMPROVED
2172,0.9051792,0.28696278,-0.61821642,0.86454177,0.029589694,-0.834952076,1.0,0.8875,-0.1125,0.0,0.0,0.0,0.0,0.0,0.0,0.0,0.0,0.0,1,1,0,False,False,False,False,False,OTHER,OTHER,REGRESSED
2173,0.97749996,1.0,0.02250004,1.0,1.0,0.0,0.925,1.0,0.0749999999999999,0.0,0.0,0.0,0.0,0.0,0.0,0.0,0.0,0.0,1,1,0,False,False,False,False,False,OTHER,OTHER,IMPROVED
2174,0.9005891,0.0,-0.9005891,0.89012724,0.15585098,-0.73427626,0.925,0.9444445,0.0194444999999999,0.0,1.0,1.0,0.0,1.0,1.0,0.0,0.0,0.0,1,0,-1,False,True,False,True,False,OTHER,OVERLAP+COLLISION,NEW_ZERO
2175,1.0,1.0,0.0,1.0,1.0,0.0,1.0,1.0,0.0,0.0,0.0,0.0,0.0,0.0,0.0,0.0,0.0,0.0,1,1,0,False,False,False,False,False,OTHER,OTHER,UNCHANGED
2176,0.8611652,0.84780073,-0.0133644699999999,0.92487895,0.94864386,0.02376491,0.71250004,0.6125,-0.1000000399999999,0.0,0.0,0.0,0.0,0.0,0.0,0.0,0.0,0.0,1,1,0,False,False,False,False,False,OTHER,OTHER,REGRESSED
2177,0.8366724,0.794705,-0.0419673999999999,0.79881763,0.70672137,-0.0920962599999999,0.925,1.0,0.0749999999999999,0.0,0.0,0.0,0.0,0.0,0.0,0.0,0.0,0.0,1,1,0,False,False,False,False,False,OTHER,OTHER,REGRESSED
2178,0.8950934,0.9119509,0.0168574999999999,0.89834756,0.8742155,-0.02413206,0.8875,1.0,0.1125,0.0,0.0,0.0,0.0,0.0,0.0,0.0,0.0,0.0,1,1,0,False,False,False,False,False,OTHER,OTHER,IMPROVED
2179,1.0,1.0,0.0,1.0,1.0,0.0,1.0,1.0,0.0,0.0,0.0,0.0,0.0,0.0,0.0,0.0,0.0,0.0,1,1,0,False,False,False,False,False,OTHER,OTHER,UNCHANGED
2180,0.94740313,0.938639,-0.0087641299999999,0.92486155,0.9123414,-0.01252015,1.0,1.0,0.0,0.0,0.0,0.0,0.0,0.0,0.0,0.0,0.0,0.0,1,1,0,False,False,False,False,False,OTHER,OTHER,REGRESSED
2181,0.91782993,0.8765799,-0.04125003,0.88261414,0.88261414,0.0,1.0,0.8625,-0.1374999999999999,0.0,0.0,0.0,0.0,0.0,0.0,0.0,0.0,0.0,1,1,0,False,False,False,False,False,OTHER,OTHER,REGRESSED
2182,1.0,1.0,0.0,1.0,1.0,0.0,1.0,1.0,0.0,0.0,0.0,0.0,0.0,0.0,0.0,0.0,0.0,0.0,1,1,0,False,False,False,False,False,OTHER,OTHER,UNCHANGED
2183,0.8687175,0.92477936,0.05606186,0.866025,0.8925419,0.0265168999999999,0.875,1.0,0.125,0.0,0.0,0.0,0.0,0.0,0.0,0.0,0.0,0.0,1,1,0,False,False,False,False,False,OTHER,OTHER,IMPROVED
2184,0.92996806,0.9024426,-0.02752546,0.8999544,0.86063224,-0.0393221599999999,1.0,1.0,0.0,0.0,0.0,0.0,0.0,0.0,0.0,0.0,0.0,0.0,1,1,0,False,False,False,False,False,OTHER,OTHER,REGRESSED
2185,0.9213091,0.91156405,-0.00974505,0.88758445,0.8736629,-0.0139215499999999,1.0,1.0,0.0,0.0,0.0,0.0,0.0,0.0,0.0,0.0,0.0,0.0,1,1,0,False,False,False,False,False,OTHER,OTHER,REGRESSED
2186,0.9697033,0.8451517,-0.1245516000000001,0.956719,0.7787881,-0.1779309,1.0,1.0,0.0,0.0,0.0,0.0,0.0,0.0,0.0,0.0,0.0,0.0,1,1,0,False,False,False,False,False,OTHER,OTHER,REGRESSED
2187,1.0,1.0,0.0,1.0,1.0,0.0,1.0,1.0,0.0,0.0,0.0,0.0,0.0,0.0,0.0,0.0,0.0,0.0,1,1,0,False,False,False,False,False,OTHER,OTHER,UNCHANGED
2188,0.92124766,0.92124766,0.0,0.88749665,0.88749665,0.0,1.0,1.0,0.0,0.0,0.0,0.0,0.0,0.0,0.0,0.0,0.0,0.0,1,1,0,False,False,False,False,False,OTHER,OTHER,UNCHANGED
2189,1.0,1.0,0.0,1.0,1.0,0.0,1.0,1.0,0.0,0.0,0.0,0.0,0.0,0.0,0.0,0.0,0.0,0.0,1,1,0,False,False,False,False,False,OTHER,OTHER,UNCHANGED
2190,0.92985886,0.93861264,0.00875378,0.8997984,0.9123038,0.0125054,1.0,1.0,0.0,0.0,0.0,0.0,0.0,0.0,0.0,0.0,0.0,0.0,1,1,0,False,False,False,False,False,OTHER,OTHER,IMPROVED
2191,1.0,1.0,0.0,1.0,1.0,0.0,1.0,1.0,0.0,0.0,0.0,0.0,0.0,0.0,0.0,0.0,0.0,0.0,1,1,0,False,False,False,False,False,OTHER,OTHER,UNCHANGED
2192,0.9119218,0.8869654,-0.0249563999999999,0.874174,0.88673633,0.0125623299999999,1.0,0.8875,-0.1125,0.0,0.0,0.0,0.0,0.0,0.0,0.0,0.0,0.0,1,1,0,False,False,False,False,False,OTHER,OTHER,REGRESSED
2193,0.9486696,0.94229823,-0.0063713699999999,0.9748851,0.94971174,-0.0251733599999999,0.8875,0.925,0.0375,0.0,0.0,0.0,0.0,0.0,0.0,0.0,0.0,0.0,1,1,0,False,False,False,False,False,OTHER,OTHER,REGRESSED
2194,0.9121439,0.9209092,0.0087652999999999,0.8744913,0.88701314,0.01252184,1.0,1.0,0.0,0.0,0.0,0.0,0.0,0.0,0.0,0.0,0.0,0.0,1,1,0,False,False,False,False,False,OTHER,OTHER,IMPROVED
2195,0.757205,0.7759826,0.0187775999999999,0.79779285,0.67997515,-0.1178177,0.6625,1.0,0.3375,0.0,0.0,0.0,0.0,0.0,0.0,0.0,0.0,0.0,1,1,0,False,False,False,False,False,OTHER,OTHER,IMPROVED
2196,0.9215128,0.917355,-0.0041577999999999,0.8878754,0.9140784,0.0262029999999999,1.0,0.925,-0.0749999999999999,0.0,0.0,0.0,0.0,0.0,0.0,0.0,0.0,0.0,1,1,0,False,False,False,False,False,OTHER,OTHER,REGRESSED
2197,0.9296549,0.92089427,-0.0087606299999999,0.8995069,0.88699174,-0.0125151599999999,1.0,1.0,0.0,0.0,0.0,0.0,0.0,0.0,0.0,0.0,0.0,0.0,1,1,0,False,False,False,False,False,OTHER,OTHER,REGRESSED
2198,0.9175,1.0,0.0825,1.0,1.0,0.0,0.725,1.0,0.275,0.0,0.0,0.0,0.0,0.0,0.0,0.0,0.0,0.0,1,1,0,False,False,False,False,False,OTHER,OTHER,IMPROVED
2199,0.8728442,0.95205563,0.07921143,0.9201346,0.9904366,0.0703019999999999,0.7625,0.8625,0.1,0.0,0.0,0.0,0.0,0.0,0.0,0.0,0.0,0.0,1,1,0,False,False,False,False,False,OTHER,OTHER,IMPROVED
2200,0.91496086,0.92494774,0.00998688,0.93744403,0.9249253,-0.01251873,0.8625,0.925,0.0625,0.0,0.0,0.0,0.0,0.0,0.0,0.0,0.0,0.0,1,1,0,False,False,False,False,False,OTHER,OTHER,IMPROVED
2201,0.92875004,0.88859636,-0.04015368,1.0000001,0.96406615,-0.0359339500000001,0.7625,0.71250004,-0.0499999599999999,0.0,0.0,0.0,0.0,0.0,0.0,0.0,0.0,0.0,1,1,0,False,False,False,False,False,OTHER,OTHER,REGRESSED
2202,0.8275024,0.8375856,0.0100832,0.8125034,0.8001224,-0.0123809999999999,0.8625,0.925,0.0625,0.0,0.0,0.0,0.0,0.0,0.0,0.0,0.0,0.0,1,1,0,False,False,False,False,False,OTHER,OTHER,IMPROVED
2203,0.9382631,0.91193265,-0.02633045,0.91180444,0.8741895,-0.0376149400000001,1.0,1.0,0.0,0.0,0.0,0.0,0.0,0.0,0.0,0.0,0.0,0.0,1,1,0,False,False,False,False,False,OTHER,OTHER,REGRESSED
2204,0.8434989,0.8485136,0.0050146999999999,0.8246413,0.8371624,0.0125210999999999,0.8875,0.875,-0.0124999999999999,0.0,0.0,0.0,0.0,0.0,0.0,0.0,0.0,0.0,1,1,0,False,False,False,False,False,OTHER,OTHER,IMPROVED
2205,1.0,1.0,0.0,1.0,1.0,0.0,1.0,1.0,0.0,0.0,0.0,0.0,0.0,0.0,0.0,0.0,0.0,0.0,1,1,0,False,False,False,False,False,OTHER,OTHER,UNCHANGED
2206,0.913184,0.94821894,0.0350349399999999,0.8759771,0.92602694,0.05004984,1.0,1.0,0.0,0.0,0.0,0.0,0.0,0.0,0.0,0.0,0.0,0.0,1,1,0,False,False,False,False,False,OTHER,OTHER,IMPROVED
2207,0.7516853,0.7947055,0.0430201999999999,0.730979,0.7442221,0.0132430999999999,0.8,0.9125,0.1124999999999999,0.0,0.0,0.0,0.0,0.0,0.0,0.0,0.0,0.0,1,1,0,False,False,False,False,False,OTHER,OTHER,IMPROVED
2208,0.903186,0.9640055,0.0608194999999999,0.9099086,0.9485792,0.0386706,0.8875,1.0,0.1125,0.0,0.0,0.0,0.0,0.0,0.0,0.0,0.0,0.0,1,1,0,False,False,False,False,False,OTHER,OTHER,IMPROVED
2209,1.0,1.0,0.0,1.0,1.0,0.0,1.0,1.0,0.0,0.0,0.0,0.0,0.0,0.0,0.0,0.0,0.0,0.0,1,1,0,False,False,False,False,False,OTHER,OTHER,UNCHANGED
2210,0.9175,0.94375,0.0262499999999999,1.0,1.0,0.0,0.725,0.8125,0.0875,0.0,0.0,0.0,0.0,0.0,0.0,0.0,0.0,0.0,1,1,0,False,False,False,False,False,OTHER,OTHER,IMPROVED
2211,0.92975825,0.95610774,0.0263494899999999,0.89965457,0.9372967,0.0376421299999999,1.0,1.0,0.0,0.0,0.0,0.0,0.0,0.0,0.0,0.0,0.0,0.0,1,1,0,False,False,False,False,False,OTHER,OTHER,IMPROVED
2212,0.9025,1.0,0.0975,1.0,1.0,0.0,0.675,1.0,0.3249999999999999,0.0,0.0,0.0,0.0,0.0,0.0,0.0,0.0,0.0,1,1,0,False,False,False,False,False,OTHER,OTHER,IMPROVED
2213,0.94772035,0.9911753,0.0434549499999999,0.97352904,0.9873933,0.01386426,0.8875,1.0,0.1125,0.0,0.0,0.0,0.0,0.0,0.0,0.0,0.0,0.0,1,1,0,False,False,False,False,False,OTHER,OTHER,IMPROVED
2214,1.0,1.0,0.0,1.0,1.0,0.0,1.0,1.0,0.0,0.0,0.0,0.0,0.0,0.0,0.0,0.0,0.0,0.0,1,1,0,False,False,False,False,False,OTHER,OTHER,UNCHANGED
2215,1.0,1.0,0.0,1.0,1.0,0.0,1.0,1.0,0.0,0.0,0.0,0.0,0.0,0.0,0.0,0.0,0.0,0.0,1,1,0,False,False,False,False,False,OTHER,OTHER,UNCHANGED
2216,1.0,1.0,0.0,1.0,1.0,0.0,1.0,1.0,0.0,0.0,0.0,0.0,0.0,0.0,0.0,0.0,0.0,0.0,1,1,0,False,False,False,False,False,OTHER,OTHER,UNCHANGED
2217,1.0,1.0,0.0,1.0,1.0,0.0,1.0,1.0,0.0,0.0,0.0,0.0,0.0,0.0,0.0,0.0,0.0,0.0,1,1,0,False,False,False,False,False,OTHER,OTHER,UNCHANGED
2218,0.96625006,1.0,0.0337499399999999,1.0,1.0,0.0,0.8875,1.0,0.1125,0.0,0.0,0.0,0.0,0.0,0.0,0.0,0.0,0.0,1,1,0,False,False,False,False,False,OTHER,OTHER,IMPROVED
2219,1.0,0.96625006,-0.0337499399999999,1.0,1.0,0.0,1.0,0.8875,-0.1125,0.0,0.0,0.0,0.0,0.0,0.0,0.0,0.0,0.0,1,1,0,False,False,False,False,False,OTHER,OTHER,REGRESSED
2220,0.9407126,1.0,0.0592873999999999,0.963518,1.0,0.036482,0.8875,1.0,0.1125,0.0,0.0,0.0,0.0,0.0,0.0,0.0,0.0,0.0,1,1,0,False,False,False,False,False,OTHER,OTHER,IMPROVED
2221,0.83425504,0.8607208,0.02646576,0.8114357,0.8492441,0.0378083999999999,0.8875,0.8875,0.0,0.0,0.0,0.0,0.0,0.0,0.0,0.0,0.0,0.0,1,1,0,False,False,False,False,False,OTHER,OTHER,IMPROVED
2222,0.9394962,1.0,0.0605037999999999,0.9617804,1.0,0.0382196,0.8875,1.0,0.1125,0.0,0.0,0.0,0.0,0.0,0.0,0.0,0.0,0.0,1,1,0,False,False,False,False,False,OTHER,OTHER,IMPROVED
2223,1.0,1.0,0.0,1.0,1.0,0.0,1.0,1.0,0.0,0.0,0.0,0.0,0.0,0.0,0.0,0.0,0.0,0.0,1,1,0,False,False,False,False,False,OTHER,OTHER,UNCHANGED
2224,0.9382914,0.92944956,-0.0088418399999999,0.91184485,0.8992137,-0.01263115,1.0,1.0,0.0,0.0,0.0,0.0,0.0,0.0,0.0,0.0,0.0,0.0,1,1,0,False,False,False,False,False,OTHER,OTHER,REGRESSED
2225,0.97749996,0.97506565,-0.0024343099999999,1.0,0.96437943,-0.0356205699999999,0.925,1.0,0.0749999999999999,0.0,0.0,0.0,0.0,0.0,0.0,0.0,0.0,0.0,1,1,0,False,False,False,False,False,OTHER,OTHER,REGRESSED
2226,0.89990014,0.9211589,0.02125876,0.93735737,0.92486984,-0.0124875299999999,0.8125,0.9125,0.0999999999999999,0.0,0.0,0.0,0.0,0.0,0.0,0.0,0.0,0.0,1,1,0,False,False,False,False,False,OTHER,OTHER,IMPROVED
2227,1.0,1.0,0.0,1.0,1.0,0.0,1.0,1.0,0.0,0.0,0.0,0.0,0.0,0.0,0.0,0.0,0.0,0.0,1,1,0,False,False,False,False,False,OTHER,OTHER,UNCHANGED
2228,0.97749996,1.0,0.02250004,1.0,1.0,0.0,0.925,1.0,0.0749999999999999,0.0,0.0,0.0,0.0,0.0,0.0,0.0,0.0,0.0,1,1,0,False,False,False,False,False,OTHER,OTHER,IMPROVED
2229,0.93889105,0.94762594,0.00873489,0.9127015,0.9251799,0.0124784,1.0,1.0,0.0,0.0,0.0,0.0,0.0,0.0,0.0,0.0,0.0,0.0,1,1,0,False,False,False,False,False,OTHER,OTHER,IMPROVED
2230,0.97170764,0.9460657,-0.0256419399999999,0.99172515,0.92295104,-0.0687741100000001,0.925,1.0,0.0749999999999999,0.0,0.0,0.0,0.0,0.0,0.0,0.0,0.0,0.0,1,1,0,False,False,False,False,False,OTHER,OTHER,REGRESSED
2231,0.8730316,0.9361538,0.0631222,0.85075945,0.9087911,0.0580316499999999,0.925,1.0,0.0749999999999999,0.0,0.0,0.0,0.0,0.0,0.0,0.0,0.0,0.0,1,1,0,False,False,False,False,False,OTHER,OTHER,IMPROVED
2232,1.0,1.0,0.0,1.0,1.0,0.0,1.0,1.0,0.0,0.0,0.0,0.0,0.0,0.0,0.0,0.0,0.0,0.0,1,1,0,False,False,False,False,False,OTHER,OTHER,UNCHANGED
2233,1.0,1.0,0.0,1.0,1.0,0.0,1.0,1.0,0.0,0.0,0.0,0.0,0.0,0.0,0.0,0.0,0.0,0.0,1,1,0,False,False,False,False,False,OTHER,OTHER,UNCHANGED
2234,0.9532095,0.9264973,-0.0267122,0.9331565,0.9057104,-0.0274461,1.0,0.975,-0.025,0.0,0.0,0.0,0.0,0.0,0.0,0.0,0.0,0.0,1,1,0,False,False,False,False,False,OTHER,OTHER,REGRESSED
2235,0.8676716,0.8658142,-0.0018574,0.89667374,0.84580594,-0.0508678,0.8,0.9125,0.1124999999999999,0.0,0.0,0.0,0.0,0.0,0.0,0.0,0.0,0.0,1,1,0,False,False,False,False,False,OTHER,OTHER,REGRESSED
2236,0.8726206,0.86554766,-0.0070729399999999,0.8501722,0.8614966,0.0113243999999999,0.925,0.875,-0.05,0.0,0.0,0.0,0.0,0.0,0.0,0.0,0.0,0.0,1,1,0,False,False,False,False,False,OTHER,OTHER,REGRESSED
2237,0.8882761,0.87875336,-0.0095227399999999,0.8403944,0.8267906,-0.0136037999999999,1.0,1.0,0.0,0.0,0.0,0.0,0.0,0.0,0.0,0.0,0.0,0.0,1,1,0,False,False,False,False,False,OTHER,OTHER,REGRESSED
2238,1.0,1.0,0.0,1.0,1.0,0.0,1.0,1.0,0.0,0.0,0.0,0.0,0.0,0.0,0.0,0.0,0.0,0.0,1,1,0,False,False,False,False,False,OTHER,OTHER,UNCHANGED
2239,1.0,0.9712412,-0.0287587999999999,0.99999994,0.958916,-0.04108394,1.0,1.0,0.0,0.0,0.0,0.0,0.0,0.0,0.0,0.0,0.0,0.0,1,1,0,False,False,False,False,False,OTHER,OTHER,REGRESSED
2240,0.8642666,1.0,0.1357334,0.9614522,0.99999994,0.03854774,0.6375,1.0,0.3625,0.0,0.0,0.0,0.0,0.0,0.0,0.0,0.0,0.0,1,1,0,False,False,False,False,False,OTHER,OTHER,IMPROVED
2241,0.8423414,0.8760915,0.0337501,0.8229878,0.8229878,0.0,0.8875,1.0,0.1125,0.0,0.0,0.0,0.0,0.0,0.0,0.0,0.0,0.0,1,1,0,False,False,False,False,False,OTHER,OTHER,IMPROVED
2242,0.9150402,0.8663582,-0.048682,0.87862885,0.84122586,-0.03740299,1.0,0.925,-0.0749999999999999,0.0,0.0,0.0,0.0,0.0,0.0,0.0,0.0,0.0,1,1,0,False,False,False,False,False,OTHER,OTHER,REGRESSED
2243,0.85534877,0.9316773,0.07632853,0.8415697,0.902396,0.0608263,0.8875,1.0,0.1125,0.0,0.0,0.0,0.0,0.0,0.0,0.0,0.0,0.0,1,1,0,False,False,False,False,False,OTHER,OTHER,IMPROVED
2244,0.869209,1.0,0.130791,0.8131557,1.0,0.1868442999999999,1.0,1.0,0.0,0.0,0.0,0.0,0.0,0.0,0.0,0.0,0.0,0.0,1,1,0,False,False,False,False,False,OTHER,OTHER,IMPROVED
2245,1.0,1.0,0.0,1.0,1.0,0.0,1.0,1.0,0.0,0.0,0.0,0.0,0.0,0.0,0.0,0.0,0.0,0.0,1,1,0,False,False,False,False,False,OTHER,OTHER,UNCHANGED
2246,1.0,0.89688504,-0.1031149599999999,1.0,0.85269284,-0.14730716,1.0,1.0,0.0,0.0,0.0,0.0,0.0,0.0,0.0,0.0,0.0,0.0,1,1,0,False,False,False,False,False,OTHER,OTHER,REGRESSED
2247,1.0,1.0,0.0,1.0,1.0,0.0,1.0,1.0,0.0,0.0,0.0,0.0,0.0,0.0,0.0,0.0,0.0,0.0,1,1,0,False,False,False,False,False,OTHER,OTHER,UNCHANGED
2248,0.94093114,0.8042305,-0.13670064,0.9156159,0.7203293,-0.1952866000000001,1.0,1.0,0.0,0.0,0.0,0.0,0.0,0.0,0.0,0.0,0.0,0.0,1,1,0,False,False,False,False,False,OTHER,OTHER,REGRESSED
2249,0.9224852,0.9483599,0.0258747,0.8892646,0.92622846,0.03696386,1.0,1.0,0.0,0.0,0.0,0.0,0.0,0.0,0.0,0.0,0.0,0.0,1,1,0,False,False,False,False,False,OTHER,OTHER,IMPROVED
2250,1.0,0.95033044,-0.04966956,1.0,0.9290435,-0.0709564999999999,1.0,1.0,0.0,0.0,0.0,0.0,0.0,0.0,0.0,0.0,0.0,0.0,1,1,0,False,False,False,False,False,OTHER,OTHER,REGRESSED
2251,1.0,1.0,0.0,1.0,1.0,0.0,1.0,1.0,0.0,0.0,0.0,0.0,0.0,0.0,0.0,0.0,0.0,0.0,1,1,0,False,False,False,False,False,OTHER,OTHER,UNCHANGED
2252,1.0,1.0,0.0,1.0,1.0,0.0,1.0,1.0,0.0,0.0,0.0,0.0,0.0,0.0,0.0,0.0,0.0,0.0,1,1,0,False,False,False,False,False,OTHER,OTHER,UNCHANGED
2253,1.0,0.96250004,-0.03749996,1.0,1.0,0.0,1.0,0.875,-0.125,0.0,0.0,0.0,0.0,0.0,0.0,0.0,0.0,0.0,1,1,0,False,False,False,False,False,OTHER,OTHER,REGRESSED
2254,1.0,1.0,0.0,0.99999994,0.99999994,0.0,1.0,1.0,0.0,0.0,0.0,0.0,0.0,0.0,0.0,0.0,0.0,0.0,1,1,0,False,False,False,False,False,OTHER,OTHER,UNCHANGED
2255,0.91684455,0.9348592,0.01801465,0.9187065,0.9069417,-0.0117648,0.9125,1.0,0.0875,0.0,0.0,0.0,0.0,0.0,0.0,0.0,0.0,0.0,1,1,0,False,False,False,False,False,OTHER,OTHER,IMPROVED
2256,1.0,1.0,0.0,1.0,1.0,0.0,1.0,1.0,0.0,0.0,0.0,0.0,0.0,0.0,0.0,0.0,0.0,0.0,1,1,0,False,False,False,False,False,OTHER,OTHER,UNCHANGED
2257,0.92727184,0.8457848,-0.0814870399999999,0.8961026,0.7796926,-0.11641,1.0,1.0,0.0,0.0,0.0,0.0,0.0,0.0,0.0,0.0,0.0,0.0,1,1,0,False,False,False,False,False,OTHER,OTHER,REGRESSED
2258,1.0,1.0,0.0,1.0,1.0,0.0,1.0,1.0,0.0,0.0,0.0,0.0,0.0,0.0,0.0,0.0,0.0,0.0,1,1,0,False,False,False,False,False,OTHER,OTHER,UNCHANGED
2259,1.0,0.94749993,-0.05250007,0.99999994,0.99999994,0.0,1.0,0.825,-0.175,0.0,0.0,0.0,0.0,0.0,0.0,0.0,0.0,0.0,1,1,0,False,False,False,False,False,OTHER,OTHER,REGRESSED
2260,0.9453797,0.93978846,-0.0055912399999999,0.9594708,0.97291195,0.01344115,0.9125,0.8625,-0.0499999999999999,0.0,0.0,0.0,0.0,0.0,0.0,0.0,0.0,0.0,1,1,0,False,False,False,False,False,OTHER,OTHER,REGRESSED
2261,1.0,1.0,0.0,1.0,1.0,0.0,1.0,1.0,0.0,0.0,0.0,0.0,0.0,0.0,0.0,0.0,0.0,0.0,1,1,0,False,False,False,False,False,OTHER,OTHER,UNCHANGED
2262,0.9213719,0.9338319,0.01246,0.887674,0.93761694,0.0499429399999999,1.0,0.925,-0.0749999999999999,0.0,0.0,0.0,0.0,0.0,0.0,0.0,0.0,0.0,1,1,0,False,False,False,False,False,OTHER,OTHER,IMPROVED
2263,0.921109,0.9386349,0.0175259,0.8872985,0.9123355,0.0250369999999999,1.0,1.0,0.0,0.0,0.0,0.0,0.0,0.0,0.0,0.0,0.0,0.0,1,1,0,False,False,False,False,False,OTHER,OTHER,IMPROVED
2264,1.0,1.0,0.0,1.0,1.0,0.0,1.0,1.0,0.0,0.0,0.0,0.0,0.0,0.0,0.0,0.0,0.0,0.0,1,1,0,False,False,False,False,False,OTHER,OTHER,UNCHANGED
2265,0.8611237,0.9124231,0.0512993999999999,0.84981954,0.87489,0.0250704599999999,0.8875,1.0,0.1125,0.0,0.0,0.0,0.0,0.0,0.0,0.0,0.0,0.0,1,1,0,False,False,False,False,False,OTHER,OTHER,IMPROVED
2266,1.0,1.0,0.0,1.0,1.0,0.0,1.0,1.0,0.0,0.0,0.0,0.0,0.0,0.0,0.0,0.0,0.0,0.0,1,1,0,False,False,False,False,False,OTHER,OTHER,UNCHANGED
2267,0.91750187,0.9072987,-0.01020317,0.9732169,0.86756945,-0.10564745,0.7875,1.0,0.2125,0.0,0.0,0.0,0.0,0.0,0.0,0.0,0.0,0.0,1,1,0,False,False,False,False,False,OTHER,OTHER,REGRESSED
2268,0.9100899,0.9289821,0.0188922,0.8715569,0.8985458,0.0269888999999999,1.0,1.0,0.0,0.0,0.0,0.0,0.0,0.0,0.0,0.0,0.0,0.0,1,1,0,False,False,False,False,False,OTHER,OTHER,IMPROVED
2269,0.83097804,0.8709769,0.03999886,0.83889717,0.8638956,0.02499843,0.8125,0.8875,0.0749999999999999,0.0,0.0,0.0,0.0,0.0,0.0,0.0,0.0,0.0,1,1,0,False,False,False,False,False,OTHER,OTHER,IMPROVED
2270,1.0,1.0,0.0,1.0,1.0,0.0,1.0,1.0,0.0,0.0,0.0,0.0,0.0,0.0,0.0,0.0,0.0,0.0,1,1,0,False,False,False,False,False,OTHER,OTHER,UNCHANGED
2271,0.97749996,1.0,0.02250004,1.0,1.0,0.0,0.925,1.0,0.0749999999999999,0.0,0.0,0.0,0.0,0.0,0.0,0.0,0.0,0.0,1,1,0,False,False,False,False,False,OTHER,OTHER,IMPROVED
2272,0.91206723,0.9296536,0.0175863699999999,0.8743818,0.89950514,0.02512334,1.0,1.0,0.0,0.0,0.0,0.0,0.0,0.0,0.0,0.0,0.0,0.0,1,1,0,False,False,False,False,False,OTHER,OTHER,IMPROVED
2273,1.0,1.0,0.0,1.0,1.0,0.0,1.0,1.0,0.0,0.0,0.0,0.0,0.0,0.0,0.0,0.0,0.0,0.0,1,1,0,False,False,False,False,False,OTHER,OTHER,UNCHANGED
2274,0.9562214,0.9387409,-0.0174805,0.9374592,0.9124871,-0.0249721,1.0,1.0,0.0,0.0,0.0,0.0,0.0,0.0,0.0,0.0,0.0,0.0,1,1,0,False,False,False,False,False,OTHER,OTHER,REGRESSED
2275,1.0,1.0,0.0,1.0,1.0,0.0,1.0,1.0,0.0,0.0,0.0,0.0,0.0,0.0,0.0,0.0,0.0,0.0,1,1,0,False,False,False,False,False,OTHER,OTHER,UNCHANGED
2276,0.92007256,0.93786395,0.0177913899999999,0.8858179,0.91123426,0.0254163599999999,1.0,1.0,0.0,0.0,0.0,0.0,0.0,0.0,0.0,0.0,0.0,0.0,1,1,0,False,False,False,False,False,OTHER,OTHER,IMPROVED
2277,0.92251223,0.93461174,0.0120995099999999,0.95358884,0.9655166,0.0119277599999999,0.85,0.8625,0.0125,0.0,0.0,0.0,0.0,0.0,0.0,0.0,0.0,0.0,1,1,0,False,False,False,False,False,OTHER,OTHER,IMPROVED
2278,0.28310207,0.28310207,0.0,0.024074385,0.024074385,0.0,0.8875,0.8875,0.0,0.0,0.0,0.0,0.0,0.0,0.0,0.0,0.0,0.0,1,1,0,False,False,False,False,False,OTHER,OTHER,UNCHANGED
2279,1.0,0.0,-1.0,1.0,0.86095554,-0.13904446,1.0,0.62903225,-0.37096775,0.0,0.0,0.0,0.0,1.0,1.0,0.0,0.0,0.0,1,0,-1,False,True,False,True,False,OTHER,OVERLAP_ONLY,NEW_ZERO
2280,0.8923902,0.9222602,0.0298699999999999,0.8998431,0.93715745,0.0373143499999999,0.875,0.8875,0.0124999999999999,0.0,0.0,0.0,0.0,0.0,0.0,0.0,0.0,0.0,1,1,0,False,False,False,False,False,OTHER,OTHER,IMPROVED
2281,0.93889874,0.93889874,0.0,0.9127125,0.9127125,0.0,1.0,1.0,0.0,0.0,0.0,0.0,0.0,0.0,0.0,0.0,0.0,0.0,1,1,0,False,False,False,False,False,OTHER,OTHER,UNCHANGED
2282,1.0,1.0,0.0,1.0,1.0,0.0,1.0,1.0,0.0,0.0,0.0,0.0,0.0,0.0,0.0,0.0,0.0,0.0,1,1,0,False,False,False,False,False,OTHER,OTHER,UNCHANGED
2283,1.0,0.93886036,-0.06113964,1.0,0.9126577,-0.0873422999999999,1.0,1.0,0.0,0.0,0.0,0.0,0.0,0.0,0.0,0.0,0.0,0.0,1,1,0,False,False,False,False,False,OTHER,OTHER,REGRESSED
2284,1.0,1.0,0.0,1.0,1.0,0.0,1.0,1.0,0.0,0.0,0.0,0.0,0.0,0.0,0.0,0.0,0.0,0.0,1,1,0,False,False,False,False,False,OTHER,OTHER,UNCHANGED
2285,0.7679594,0.8366976,0.0687382,0.8238706,0.8363537,0.0124830999999999,0.6375,0.83750004,0.20000004,0.0,0.0,0.0,0.0,0.0,0.0,0.0,0.0,0.0,1,1,0,False,False,False,False,False,OTHER,OTHER,IMPROVED
2286,0.82235354,0.8318251,0.0094715599999999,0.83193374,0.8186787,-0.0132550399999999,0.8,0.8625,0.0625,0.0,0.0,0.0,0.0,0.0,0.0,0.0,0.0,0.0,1,1,0,False,False,False,False,False,OTHER,OTHER,IMPROVED
2287,0.9319229,0.92244035,-0.0094825499999999,0.90274704,0.88920045,-0.0135465899999999,1.0,1.0,0.0,0.0,0.0,0.0,0.0,0.0,0.0,0.0,0.0,0.0,1,1,0,False,False,False,False,False,OTHER,OTHER,REGRESSED
2288,0.90891427,0.8818144,-0.02709987,0.8698776,0.8311634,-0.0387142,1.0,1.0,0.0,0.0,0.0,0.0,0.0,0.0,0.0,0.0,0.0,0.0,1,1,0,False,False,False,False,False,OTHER,OTHER,REGRESSED
2289,0.9465443,0.9268438,-0.0197005,0.92363465,0.94906265,0.025428,1.0,0.875,-0.125,0.0,0.0,0.0,0.0,0.0,0.0,0.0,0.0,0.0,1,1,0,False,False,False,False,False,OTHER,OTHER,REGRESSED
2290,1.0,1.0,0.0,1.0000001,1.0000001,0.0,1.0,1.0,0.0,0.0,0.0,0.0,0.0,0.0,0.0,0.0,0.0,0.0,1,1,0,False,False,False,False,False,OTHER,OTHER,UNCHANGED
2291,1.0,1.0,0.0,1.0,1.0,0.0,1.0,1.0,0.0,0.0,0.0,0.0,0.0,0.0,0.0,0.0,0.0,0.0,1,1,0,False,False,False,False,False,OTHER,OTHER,UNCHANGED
2292,0.98723954,0.8206736,-0.16656594,0.9817708,0.77596223,-0.20580857,1.0,0.925,-0.0749999999999999,0.0,0.0,0.0,0.0,0.0,0.0,0.0,0.0,0.0,1,1,0,False,False,False,False,False,OTHER,OTHER,REGRESSED
2293,1.0,0.9210534,-0.0789465999999999,1.0,0.9247191,-0.0752808999999999,1.0,0.9125,-0.0875,0.0,0.0,0.0,0.0,0.0,0.0,0.0,0.0,0.0,1,1,0,False,False,False,False,False,OTHER,OTHER,REGRESSED
2294,0.9455046,0.8549887,-0.0905158999999999,0.9221494,0.7928409,-0.1293085,1.0,1.0,0.0,0.0,0.0,0.0,0.0,0.0,0.0,0.0,0.0,0.0,1,1,0,False,False,False,False,False,OTHER,OTHER,REGRESSED
2295,0.0,0.0,0.0,1.0,1.0,0.0,1.0,1.0,0.0,1.0,1.0,0.0,1.0,1.0,0.0,0.0,0.0,0.0,0,0,0,True,True,False,False,True,OVERLAP+COLLISION,OVERLAP+COLLISION,PERSISTENT_ZERO
2296,0.0,0.99625,0.99625,0.90972936,1.0,0.0902706399999999,0.8769231,0.9875,0.1105769,0.0,0.0,0.0,0.0,0.0,0.0,1.0,0.0,-1.0,0,1,1,True,False,True,False,False,OFFROAD_ONLY,OTHER,FIXED_ZERO
2297,0.8129652,0.76561695,-0.04734825,0.7649502,0.6973099,-0.0676402999999999,0.925,0.925,0.0,0.0,0.0,0.0,0.0,0.0,0.0,0.0,0.0,0.0,1,1,0,False,False,False,False,False,OTHER,OTHER,REGRESSED
2298,0.9270037,0.8288475,-0.0981562,0.89571947,0.7554964,-0.14022307,1.0,1.0,0.0,0.0,0.0,0.0,0.0,0.0,0.0,0.0,0.0,0.0,1,1,0,False,False,False,False,False,OTHER,OTHER,REGRESSED
2299,0.96625006,0.83125,-0.1350000599999999,1.0,1.0,0.0,0.8875,0.4375,-0.4499999999999999,0.0,0.0,0.0,0.0,0.0,0.0,0.0,0.0,0.0,1,1,0,False,False,False,False,False,OTHER,OTHER,REGRESSED
2300,0.90210104,0.9027695,0.0006684599999999,0.9619301,0.89324206,-0.06868804,0.7625,0.925,0.1625000000000001,0.0,0.0,0.0,0.0,0.0,0.0,0.0,0.0,0.0,1,1,0,False,False,False,False,False,OTHER,OTHER,IMPROVED
2301,0.0,0.5435111,0.5435111,0.31115267,0.34787297,0.0367202999999999,1.0,1.0,0.0,1.0,0.0,-1.0,1.0,0.0,-1.0,0.0,0.0,0.0,0,1,1,True,False,True,False,False,OVERLAP+COLLISION,OTHER,FIXED_ZERO
2302,0.9197981,0.89277107,-0.0270270299999999,0.88542587,0.8468158,-0.0386100699999999,1.0,1.0,0.0,0.0,0.0,0.0,0.0,0.0,0.0,0.0,0.0,0.0,1,1,0,False,False,False,False,False,OTHER,OTHER,REGRESSED
2303,0.8451784,0.9096244,0.064446,0.83239764,0.870892,0.0384943599999999,0.875,1.0,0.125,0.0,0.0,0.0,0.0,0.0,0.0,0.0,0.0,0.0,1,1,0,False,False,False,False,False,OTHER,OTHER,IMPROVED
2304,0.98125,0.97749996,-0.00375004,1.0,1.0,0.0,0.9375,0.925,-0.0124999999999999,0.0,0.0,0.0,0.0,0.0,0.0,0.0,0.0,0.0,1,1,0,False,False,False,False,False,OTHER,OTHER,REGRESSED
2305,0.89646477,0.9739849,0.07752013,0.90030676,0.96283555,0.06252879,0.8875,1.0,0.1125,0.0,0.0,0.0,0.0,0.0,0.0,0.0,0.0,0.0,1,1,0,False,False,False,False,False,OTHER,OTHER,IMPROVED
2306,0.900488,0.8519749,-0.0485130999999999,0.85784,0.7885356,-0.0693044,1.0,1.0,0.0,0.0,0.0,0.0,0.0,0.0,0.0,0.0,0.0,0.0,1,1,0,False,False,False,False,False,OTHER,OTHER,REGRESSED
2307,0.0,1.0,1.0,0.43039915,1.0,0.56960085,1.0,1.0,0.0,0.0,0.0,0.0,0.0,0.0,0.0,1.0,0.0,-1.0,0,1,1,True,False,True,False,False,OFFROAD_ONLY,OTHER,FIXED_ZERO
2308,0.997124,0.997124,0.0,0.99589145,0.99589145,0.0,1.0,1.0,0.0,0.0,0.0,0.0,0.0,0.0,0.0,0.0,0.0,0.0,1,1,0,False,False,False,False,False,OTHER,OTHER,UNCHANGED
2309,0.93944687,0.9279049,-0.01154197,0.9134955,0.9505785,0.0370829999999999,1.0,0.875,-0.125,0.0,0.0,0.0,0.0,0.0,0.0,0.0,0.0,0.0,1,1,0,False,False,False,False,False,OTHER,OTHER,REGRESSED
2310,1.0,1.0,0.0,1.0,1.0,0.0,1.0,1.0,0.0,0.0,0.0,0.0,0.0,0.0,0.0,0.0,0.0,0.0,1,1,0,False,False,False,False,False,OTHER,OTHER,UNCHANGED
2311,1.0,1.0,0.0,1.0,1.0,0.0,1.0,1.0,0.0,0.0,0.0,0.0,0.0,0.0,0.0,0.0,0.0,0.0,1,1,0,False,False,False,False,False,OTHER,OTHER,UNCHANGED
2312,0.95202047,0.9803182,0.02829773,0.9314579,0.9718831,0.0404252,1.0,1.0,0.0,0.0,0.0,0.0,0.0,0.0,0.0,0.0,0.0,0.0,1,1,0,False,False,False,False,False,OTHER,OTHER,IMPROVED
2313,0.9753875,0.89968777,-0.0756997299999999,0.9648393,0.8566969,-0.1081423999999999,1.0,1.0,0.0,0.0,0.0,0.0,0.0,0.0,0.0,0.0,0.0,0.0,1,1,0,False,False,False,False,False,OTHER,OTHER,REGRESSED
2314,1.0,0.98989123,-0.0101087699999999,1.0,0.985559,-0.014441,1.0,1.0,0.0,0.0,0.0,0.0,0.0,0.0,0.0,0.0,0.0,0.0,1,1,0,False,False,False,False,False,OTHER,OTHER,REGRESSED
2315,0.90237236,0.8388767,-0.0634956599999999,0.86053187,0.7698239,-0.0907079699999999,1.0,1.0,0.0,0.0,0.0,0.0,0.0,0.0,0.0,0.0,0.0,0.0,1,1,0,False,False,False,False,False,OTHER,OTHER,REGRESSED
2316,0.8034582,0.8309847,0.0275265,0.7995831,0.8121209,0.0125378,0.8125,0.875,0.0625,0.0,0.0,0.0,0.0,0.0,0.0,0.0,0.0,0.0,1,1,0,False,False,False,False,False,OTHER,OTHER,IMPROVED
2317,1.0,1.0,0.0,1.0,1.0,0.0,1.0,1.0,0.0,0.0,0.0,0.0,0.0,0.0,0.0,0.0,0.0,0.0,1,1,0,False,False,False,False,False,OTHER,OTHER,UNCHANGED
2318,0.95874995,1.0,0.04125005,1.0,1.0,0.0,0.8625,1.0,0.1374999999999999,0.0,0.0,0.0,0.0,0.0,0.0,0.0,0.0,0.0,1,1,0,False,False,False,False,False,OTHER,OTHER,IMPROVED
2319,1.0,1.0,0.0,1.0,1.0,0.0,1.0,1.0,0.0,0.0,0.0,0.0,0.0,0.0,0.0,0.0,0.0,0.0,1,1,0,False,False,False,False,False,OTHER,OTHER,UNCHANGED
2320,1.0,1.0,0.0,1.0,1.0,0.0,1.0,1.0,0.0,0.0,0.0,0.0,0.0,0.0,0.0,0.0,0.0,0.0,1,1,0,False,False,False,False,False,OTHER,OTHER,UNCHANGED
2321,0.0,0.83875,0.83875,0.5054546,1.0,0.4945454,0.6666667,0.4625,-0.2041666999999999,1.0,0.0,-1.0,1.0,0.0,-1.0,0.0,0.0,0.0,0,1,1,True,False,True,False,False,OVERLAP+COLLISION,OTHER,FIXED_ZERO
2322,0.9157454,0.90441465,-0.01133075,0.9867791,0.9277352,-0.0590439,0.75,0.85,0.0999999999999999,0.0,0.0,0.0,0.0,0.0,0.0,0.0,0.0,0.0,1,1,0,False,False,False,False,False,OTHER,OTHER,REGRESSED
2323,0.94905657,0.9660512,0.01699463,0.9272236,0.9515017,0.0242780999999999,1.0,1.0,0.0,0.0,0.0,0.0,0.0,0.0,0.0,0.0,0.0,0.0,1,1,0,False,False,False,False,False,OTHER,OTHER,IMPROVED
2324,0.9174248,0.9174248,0.0,0.88203543,0.88203543,0.0,1.0,1.0,0.0,0.0,0.0,0.0,0.0,0.0,0.0,0.0,0.0,0.0,1,1,0,False,False,False,False,False,OTHER,OTHER,UNCHANGED
2325,0.97749996,1.0,0.02250004,0.99999994,0.99999994,0.0,0.925,1.0,0.0749999999999999,0.0,0.0,0.0,0.0,0.0,0.0,0.0,0.0,0.0,1,1,0,False,False,False,False,False,OTHER,OTHER,IMPROVED
2326,0.93393624,0.98309463,0.0491583899999999,0.937766,0.9758495,0.0380835,0.925,1.0,0.0749999999999999,0.0,0.0,0.0,0.0,0.0,0.0,0.0,0.0,0.0,1,1,0,False,False,False,False,False,OTHER,OTHER,IMPROVED
2327,0.0,0.0,0.0,0.105260886,0.21773346,0.1124725739999999,0.0,0.5714286,0.5714286,1.0,1.0,0.0,1.0,1.0,0.0,0.0,0.0,0.0,0,0,0,True,True,False,False,True,OVERLAP+COLLISION,OVERLAP+COLLISION,PERSISTENT_ZERO
2328,0.0,0.0,0.0,1.0,1.0,0.0,1.0,1.0,0.0,1.0,1.0,0.0,1.0,1.0,0.0,0.0,0.0,0.0,0,0,0,True,True,False,False,True,OVERLAP+COLLISION,OVERLAP+COLLISION,PERSISTENT_ZERO
2329,0.9308694,0.9498154,0.018946,0.90124196,0.9283076,0.02706564,1.0,1.0,0.0,0.0,0.0,0.0,0.0,0.0,0.0,0.0,0.0,0.0,1,1,0,False,False,False,False,False,OTHER,OTHER,IMPROVED
2330,0.83754283,0.8557331,0.01819027,0.84291834,0.8689044,0.02598606,0.825,0.825,0.0,0.0,0.0,0.0,0.0,0.0,0.0,0.0,0.0,0.0,1,1,0,False,False,False,False,False,OTHER,OTHER,IMPROVED
2331,1.0,1.0,0.0,1.0,1.0,0.0,1.0,1.0,0.0,0.0,0.0,0.0,0.0,0.0,0.0,0.0,0.0,0.0,1,1,0,False,False,False,False,False,OTHER,OTHER,UNCHANGED
2332,0.0,0.0,0.0,1.0,0.84890836,-0.1510916399999999,1.0,1.0,0.0,2.0,2.0,0.0,1.0,1.0,0.0,0.0,0.0,0.0,0,0,0,True,True,False,False,True,OVERLAP+COLLISION,OVERLAP+COLLISION,PERSISTENT_ZERO
2333,0.9756099,0.9756099,0.0,0.965157,0.965157,0.0,1.0,1.0,0.0,0.0,0.0,0.0,0.0,0.0,0.0,0.0,0.0,0.0,1,1,0,False,False,False,False,False,OTHER,OTHER,UNCHANGED
2334,1.0,1.0,0.0,1.0,1.0,0.0,1.0,1.0,0.0,0.0,0.0,0.0,0.0,0.0,0.0,0.0,0.0,0.0,1,1,0,False,False,False,False,False,OTHER,OTHER,UNCHANGED
2335,0.79544944,0.8621602,0.06671076,0.80957055,0.8727288,0.0631582499999999,0.7625,0.83750004,0.07500004,0.0,0.0,0.0,0.0,0.0,0.0,0.0,0.0,0.0,1,1,0,False,False,False,False,False,OTHER,OTHER,IMPROVED
2336,0.92012066,0.9677256,0.0476049399999999,0.9769579,0.9538936,-0.0230643,0.7875,1.0,0.2125,0.0,0.0,0.0,0.0,0.0,0.0,0.0,0.0,0.0,1,1,0,False,False,False,False,False,OTHER,OTHER,IMPROVED
2337,1.0,1.0,0.0,1.0,1.0,0.0,1.0,1.0,0.0,0.0,0.0,0.0,0.0,0.0,0.0,0.0,0.0,0.0,1,1,0,False,False,False,False,False,OTHER,OTHER,UNCHANGED
2338,0.9116313,0.9116313,0.0,0.87375903,0.87375903,0.0,1.0,1.0,0.0,0.0,0.0,0.0,0.0,0.0,0.0,0.0,0.0,0.0,1,1,0,False,False,False,False,False,OTHER,OTHER,UNCHANGED
2339,0.8668442,0.8851866,0.0183424,0.8419203,0.8681236,0.0262033,0.925,0.925,0.0,0.0,0.0,0.0,0.0,0.0,0.0,0.0,0.0,0.0,1,1,0,False,False,False,False,False,OTHER,OTHER,IMPROVED
2340,1.0,1.0,0.0,1.0,1.0,0.0,1.0,1.0,0.0,0.0,0.0,0.0,0.0,0.0,0.0,0.0,0.0,0.0,1,1,0,False,False,False,False,False,OTHER,OTHER,UNCHANGED
2341,0.89602375,0.9560995,0.0600757499999999,0.89967674,0.937285,0.03760826,0.8875,1.0,0.1125,0.0,0.0,0.0,0.0,0.0,0.0,0.0,0.0,0.0,1,1,0,False,False,False,False,False,OTHER,OTHER,IMPROVED
2342,0.95285416,0.9737027,0.02084854,0.9862202,0.96243244,-0.02378776,0.875,1.0,0.125,0.0,0.0,0.0,0.0,0.0,0.0,0.0,0.0,0.0,1,1,0,False,False,False,False,False,OTHER,OTHER,IMPROVED
2343,0.77817434,0.8265867,0.04841236,0.72596335,0.7522668,0.02630345,0.90000004,1.0,0.09999996,0.0,0.0,0.0,0.0,0.0,0.0,0.0,0.0,0.0,1,1,0,False,False,False,False,False,OTHER,OTHER,IMPROVED
2344,0.99189585,0.954019,-0.03787685,0.9884227,0.9343129,-0.0541097999999999,1.0,1.0,0.0,0.0,0.0,0.0,0.0,0.0,0.0,0.0,0.0,0.0,1,1,0,False,False,False,False,False,OTHER,OTHER,REGRESSED
2345,0.8322858,0.8636064,0.0313206,0.8354083,0.8480091,0.0126007999999999,0.825,0.90000004,0.07500004,0.0,0.0,0.0,0.0,0.0,0.0,0.0,0.0,0.0,1,1,0,False,False,False,False,False,OTHER,OTHER,IMPROVED
2346,0.95181465,0.9743147,0.0225000499999999,0.9633067,0.9633067,0.0,0.925,1.0,0.0749999999999999,0.0,0.0,0.0,0.0,0.0,0.0,0.0,0.0,0.0,1,1,0,False,False,False,False,False,OTHER,OTHER,IMPROVED
2347,0.89611596,0.9304911,0.0343751399999999,0.85159427,0.9007015,0.04910723,1.0,1.0,0.0,0.0,0.0,0.0,0.0,0.0,0.0,0.0,0.0,0.0,1,1,0,False,False,False,False,False,OTHER,OTHER,IMPROVED
2348,1.0,1.0,0.0,1.0,1.0,0.0,1.0,1.0,0.0,0.0,0.0,0.0,0.0,0.0,0.0,0.0,0.0,0.0,1,1,0,False,False,False,False,False,OTHER,OTHER,UNCHANGED
2349,1.0,0.9810541,-0.0189458999999999,1.0,0.97293437,-0.0270656299999999,1.0,1.0,0.0,0.0,0.0,0.0,0.0,0.0,0.0,0.0,0.0,0.0,1,1,0,False,False,False,False,False,OTHER,OTHER,REGRESSED
2350,0.8634249,0.84502167,-0.0184032300000001,0.80489266,0.7786024,-0.02629026,1.0,1.0,0.0,0.0,0.0,0.0,0.0,0.0,0.0,0.0,0.0,0.0,1,1,0,False,False,False,False,False,OTHER,OTHER,REGRESSED
2351,0.9379387,0.9647921,0.0268534,0.9488409,0.9872029,0.038362,0.9125,0.9125,0.0,0.0,0.0,0.0,0.0,0.0,0.0,0.0,0.0,0.0,1,1,0,False,False,False,False,False,OTHER,OTHER,IMPROVED
2352,0.6997389,0.9619328,0.2621939,0.5710556,0.9456182,0.3745625999999999,1.0,1.0,0.0,0.0,0.0,0.0,0.0,0.0,0.0,0.0,0.0,0.0,1,1,0,False,False,False,False,False,OTHER,OTHER,IMPROVED
2353,0.92875,0.96948683,0.04073683,0.99999994,0.9885525,-0.01144744,0.7625,0.925,0.1625000000000001,0.0,0.0,0.0,0.0,0.0,0.0,0.0,0.0,0.0,1,1,0,False,False,False,False,False,OTHER,OTHER,IMPROVED
2354,1.0,1.0,0.0,1.0,1.0,0.0,1.0,1.0,0.0,0.0,0.0,0.0,0.0,0.0,0.0,0.0,0.0,0.0,1,1,0,False,False,False,False,False,OTHER,OTHER,UNCHANGED
2355,0.85737723,0.7675248,-0.0898524299999999,0.8551817,0.8071782,-0.0480035,0.8625,0.675,-0.1875,0.0,0.0,0.0,0.0,0.0,0.0,0.0,0.0,0.0,1,1,0,False,False,False,False,False,OTHER,OTHER,REGRESSED
2356,1.0,1.0,0.0,1.0,1.0,0.0,1.0,1.0,0.0,0.0,0.0,0.0,0.0,0.0,0.0,0.0,0.0,0.0,1,1,0,False,False,False,False,False,OTHER,OTHER,UNCHANGED
2357,1.0,1.0,0.0,1.0,1.0,0.0,1.0,1.0,0.0,0.0,0.0,0.0,0.0,0.0,0.0,0.0,0.0,0.0,1,1,0,False,False,False,False,False,OTHER,OTHER,UNCHANGED
2358,0.9834148,0.9305646,-0.0528502,0.9763069,0.90080655,-0.07550035,1.0,1.0,0.0,0.0,0.0,0.0,0.0,0.0,0.0,0.0,0.0,0.0,1,1,0,False,False,False,False,False,OTHER,OTHER,REGRESSED
2359,0.9213845,0.9562899,0.0349053999999999,0.88769215,0.9375569,0.04986475,1.0,1.0,0.0,0.0,0.0,0.0,0.0,0.0,0.0,0.0,0.0,0.0,1,1,0,False,False,False,False,False,OTHER,OTHER,IMPROVED
2360,1.0,1.0,0.0,1.0,1.0,0.0,1.0,1.0,0.0,0.0,0.0,0.0,0.0,0.0,0.0,0.0,0.0,0.0,1,1,0,False,False,False,False,False,OTHER,OTHER,UNCHANGED
2361,1.0,0.97749996,-0.02250004,1.0,1.0,0.0,1.0,0.925,-0.0749999999999999,0.0,0.0,0.0,0.0,0.0,0.0,0.0,0.0,0.0,1,1,0,False,False,False,False,False,OTHER,OTHER,REGRESSED
2362,0.93864423,0.95620507,0.01756084,0.91234887,0.93743587,0.0250869999999999,1.0,1.0,0.0,0.0,0.0,0.0,0.0,0.0,0.0,0.0,0.0,0.0,1,1,0,False,False,False,False,False,OTHER,OTHER,IMPROVED
2363,1.0,1.0,0.0,1.0,1.0,0.0,1.0,1.0,0.0,0.0,0.0,0.0,0.0,0.0,0.0,0.0,0.0,0.0,1,1,0,False,False,False,False,False,OTHER,OTHER,UNCHANGED
2364,0.9899015,1.0,0.0100985,0.98557353,1.0,0.0144264699999999,1.0,1.0,0.0,0.0,0.0,0.0,0.0,0.0,0.0,0.0,0.0,0.0,1,1,0,False,False,False,False,False,OTHER,OTHER,IMPROVED
2365,1.0,1.0,0.0,1.0,1.0,0.0,1.0,1.0,0.0,0.0,0.0,0.0,0.0,0.0,0.0,0.0,0.0,0.0,1,1,0,False,False,False,False,False,OTHER,OTHER,UNCHANGED
2366,1.0,1.0,0.0,1.0,1.0,0.0,1.0,1.0,0.0,0.0,0.0,0.0,0.0,0.0,0.0,0.0,0.0,0.0,1,1,0,False,False,False,False,False,OTHER,OTHER,UNCHANGED
2367,1.0,0.97749996,-0.02250004,1.0,1.0,0.0,1.0,0.925,-0.0749999999999999,0.0,0.0,0.0,0.0,0.0,0.0,0.0,0.0,0.0,1,1,0,False,False,False,False,False,OTHER,OTHER,REGRESSED
2368,0.97749996,1.0,0.02250004,1.0,1.0,0.0,0.925,1.0,0.0749999999999999,0.0,0.0,0.0,0.0,0.0,0.0,0.0,0.0,0.0,1,1,0,False,False,False,False,False,OTHER,OTHER,IMPROVED
2369,1.0,1.0,0.0,1.0,1.0,0.0,1.0,1.0,0.0,0.0,0.0,0.0,0.0,0.0,0.0,0.0,0.0,0.0,1,1,0,False,False,False,False,False,OTHER,OTHER,UNCHANGED
2370,0.9449808,0.96250004,0.01751924,0.97497255,1.0,0.0250274499999999,0.875,0.875,0.0,0.0,0.0,0.0,0.0,0.0,0.0,0.0,0.0,0.0,1,1,0,False,False,False,False,False,OTHER,OTHER,IMPROVED
2371,0.9726391,0.9114297,-0.0612093999999999,0.96091294,0.873471,-0.08744194,1.0,1.0,0.0,0.0,0.0,0.0,0.0,0.0,0.0,0.0,0.0,0.0,1,1,0,False,False,False,False,False,OTHER,OTHER,REGRESSED
2372,0.90979975,0.8739377,-0.0358620499999999,0.8711425,0.819911,-0.0512315,1.0,1.0,0.0,0.0,0.0,0.0,0.0,0.0,0.0,0.0,0.0,0.0,1,1,0,False,False,False,False,False,OTHER,OTHER,REGRESSED
2373,0.8963785,0.8675499,-0.0288285999999999,0.9108978,0.84828556,-0.0626122399999999,0.8625,0.9125,0.0499999999999999,0.0,0.0,0.0,0.0,0.0,0.0,0.0,0.0,0.0,1,1,0,False,False,False,False,False,OTHER,OTHER,REGRESSED
2374,0.8760191,0.90497,0.0289509,0.87645584,0.86424285,-0.0122129899999999,0.875,1.0,0.125,0.0,0.0,0.0,0.0,0.0,0.0,0.0,0.0,0.0,1,1,0,False,False,False,False,False,OTHER,OTHER,IMPROVED
2375,0.95125,1.0,0.0487499999999999,1.0,1.0,0.0,0.83750004,1.0,0.16249996,0.0,0.0,0.0,0.0,0.0,0.0,0.0,0.0,0.0,1,1,0,False,False,False,False,False,OTHER,OTHER,IMPROVED
2376,0.88217324,0.94129676,0.0591235199999999,0.8798904,0.91613823,0.03624783,0.8875,1.0,0.1125,0.0,0.0,0.0,0.0,0.0,0.0,0.0,0.0,0.0,1,1,0,False,False,False,False,False,OTHER,OTHER,IMPROVED
2377,1.0,1.0,0.0,1.0,1.0,0.0,1.0,1.0,0.0,0.0,0.0,0.0,0.0,0.0,0.0,0.0,0.0,0.0,1,1,0,False,False,False,False,False,OTHER,OTHER,UNCHANGED
2378,1.0,1.0,0.0,1.0,1.0,0.0,1.0,1.0,0.0,0.0,0.0,0.0,0.0,0.0,0.0,0.0,0.0,0.0,1,1,0,False,False,False,False,False,OTHER,OTHER,UNCHANGED
2379,1.0,1.0,0.0,1.0,1.0,0.0,1.0,1.0,0.0,0.0,0.0,0.0,0.0,0.0,0.0,0.0,0.0,0.0,1,1,0,False,False,False,False,False,OTHER,OTHER,UNCHANGED
2380,0.9780594,0.8808991,-0.0971602999999999,0.96865636,0.82985574,-0.13880062,1.0,1.0,0.0,0.0,0.0,0.0,0.0,0.0,0.0,0.0,0.0,0.0,1,1,0,False,False,False,False,False,OTHER,OTHER,REGRESSED
2381,0.8486404,0.8723926,0.0237522,0.83734334,0.8498465,0.0125031599999999,0.875,0.925,0.05,0.0,0.0,0.0,0.0,0.0,0.0,0.0,0.0,0.0,1,1,0,False,False,False,False,False,OTHER,OTHER,IMPROVED
2382,0.9231712,0.8352791,-0.0878920999999999,0.9384589,0.7646845,-0.1737744,0.8875,1.0,0.1125,0.0,0.0,0.0,0.0,0.0,0.0,0.0,0.0,0.0,1,1,0,False,False,False,False,False,OTHER,OTHER,REGRESSED
2383,1.0,1.0,0.0,1.0,1.0,0.0,1.0,1.0,0.0,0.0,0.0,0.0,0.0,0.0,0.0,0.0,0.0,0.0,1,1,0,False,False,False,False,False,OTHER,OTHER,UNCHANGED
2384,0.8208845,0.8596144,0.0387298999999999,0.8244778,0.799449,-0.0250288,0.8125,1.0,0.1875,0.0,0.0,0.0,0.0,0.0,0.0,0.0,0.0,0.0,1,1,0,False,False,False,False,False,OTHER,OTHER,IMPROVED
2385,0.9215023,0.9215023,0.0,0.88786036,0.88786036,0.0,1.0,1.0,0.0,0.0,0.0,0.0,0.0,0.0,0.0,0.0,0.0,0.0,1,1,0,False,False,False,False,False,OTHER,OTHER,UNCHANGED
2386,1.0,1.0,0.0,1.0,1.0,0.0,1.0,1.0,0.0,0.0,0.0,0.0,0.0,0.0,0.0,0.0,0.0,0.0,1,1,0,False,False,False,False,False,OTHER,OTHER,UNCHANGED
2387,0.92067665,0.9382515,0.01757485,0.8866809,0.9117878,0.0251069,1.0,1.0,0.0,0.0,0.0,0.0,0.0,0.0,0.0,0.0,0.0,0.0,1,1,0,False,False,False,False,False,OTHER,OTHER,IMPROVED
2388,0.7674206,0.78062993,0.01320933,0.72667223,0.68661416,-0.04005807,0.8625,1.0,0.1374999999999999,0.0,0.0,0.0,0.0,0.0,0.0,0.0,0.0,0.0,1,1,0,False,False,False,False,False,OTHER,OTHER,IMPROVED
2389,1.0,1.0,0.0,1.0,1.0,0.0,1.0,1.0,0.0,0.0,0.0,0.0,0.0,0.0,0.0,0.0,0.0,0.0,1,1,0,False,False,False,False,False,OTHER,OTHER,UNCHANGED
2390,0.88836116,0.991591,0.10322984,0.9637303,0.9879871,0.0242567999999999,0.71250004,1.0,0.28749996,0.0,0.0,0.0,0.0,0.0,0.0,0.0,0.0,0.0,1,1,0,False,False,False,False,False,OTHER,OTHER,IMPROVED
2391,0.94375,0.9431917,-0.0005583,1.0,0.9188453,-0.0811547,0.8125,1.0,0.1875,0.0,0.0,0.0,0.0,0.0,0.0,0.0,0.0,0.0,1,1,0,False,False,False,False,False,OTHER,OTHER,REGRESSED
2392,1.0,1.0,0.0,1.0,1.0,0.0,1.0,1.0,0.0,0.0,0.0,0.0,0.0,0.0,0.0,0.0,0.0,0.0,1,1,0,False,False,False,False,False,OTHER,OTHER,UNCHANGED
2393,0.9202728,0.9553232,0.0350504,0.886104,0.9361761,0.0500720999999999,1.0,1.0,0.0,0.0,0.0,0.0,0.0,0.0,0.0,0.0,0.0,0.0,1,1,0,False,False,False,False,False,OTHER,OTHER,IMPROVED
2394,0.89058065,0.9584285,0.06784785,0.89190096,0.9406121,0.0487111399999999,0.8875,1.0,0.1125,0.0,0.0,0.0,0.0,0.0,0.0,0.0,0.0,0.0,1,1,0,False,False,False,False,False,OTHER,OTHER,IMPROVED
2395,1.0,1.0,0.0,1.0,1.0,0.0,1.0,1.0,0.0,0.0,0.0,0.0,0.0,0.0,0.0,0.0,0.0,0.0,1,1,0,False,False,False,False,False,OTHER,OTHER,UNCHANGED
2396,1.0,1.0,0.0,1.0,1.0,0.0,1.0,1.0,0.0,0.0,0.0,0.0,0.0,0.0,0.0,0.0,0.0,0.0,1,1,0,False,False,False,False,False,OTHER,OTHER,UNCHANGED
2397,0.9435601,0.96794,0.0243799,0.9193716,0.9541999,0.0348283,1.0,1.0,0.0,0.0,0.0,0.0,0.0,0.0,0.0,0.0,0.0,0.0,1,1,0,False,False,False,False,False,OTHER,OTHER,IMPROVED
2398,0.8872744,0.8810379,-0.0062364999999999,0.8871777,0.8621969,-0.0249807999999999,0.8875,0.925,0.0375,0.0,0.0,0.0,0.0,0.0,0.0,0.0,0.0,0.0,1,1,0,False,False,False,False,False,OTHER,OTHER,REGRESSED
2399,0.9058804,0.9535182,0.0476377999999999,0.8655434,0.93359745,0.06805405,1.0,1.0,0.0,0.0,0.0,0.0,0.0,0.0,0.0,0.0,0.0,0.0,1,1,0,False,False,False,False,False,OTHER,OTHER,IMPROVED
2400,1.0,1.0,0.0,1.0,1.0,0.0,1.0,1.0,0.0,0.0,0.0,0.0,0.0,0.0,0.0,0.0,0.0,0.0,1,1,0,False,False,False,False,False,OTHER,OTHER,UNCHANGED
2401,1.0,1.0,0.0,1.0,1.0,0.0,1.0,1.0,0.0,0.0,0.0,0.0,0.0,0.0,0.0,0.0,0.0,0.0,1,1,0,False,False,False,False,False,OTHER,OTHER,UNCHANGED
2402,0.92875004,0.94375,0.0149999599999999,1.0,1.0,0.0,0.7625,0.8125,0.05,0.0,0.0,0.0,0.0,0.0,0.0,0.0,0.0,0.0,1,1,0,False,False,False,False,False,OTHER,OTHER,IMPROVED
2403,0.9657731,0.0,-0.9657731,0.9511044,0.66969526,-0.2814091399999999,1.0,0.99999994,-5.999999996841865e-08,0.0,0.0,0.0,0.0,0.0,0.0,0.0,1.0,1.0,1,0,-1,False,True,False,True,False,OTHER,OFFROAD_ONLY,NEW_ZERO
2404,0.9310495,0.7981291,-0.1329203999999999,0.90149933,0.71161294,-0.18988639,1.0,1.0,0.0,0.0,0.0,0.0,0.0,0.0,0.0,0.0,0.0,0.0,1,1,0,False,False,False,False,False,OTHER,OTHER,REGRESSED
2405,1.0,1.0,0.0,1.0,1.0,0.0,1.0,1.0,0.0,0.0,0.0,0.0,0.0,0.0,0.0,0.0,0.0,0.0,1,1,0,False,False,False,False,False,OTHER,OTHER,UNCHANGED
2406,0.97236884,1.0,0.0276311599999999,0.9605268,1.0,0.0394731999999999,1.0,1.0,0.0,0.0,0.0,0.0,0.0,0.0,0.0,0.0,0.0,0.0,1,1,0,False,False,False,False,False,OTHER,OTHER,IMPROVED
2407,1.0,1.0,0.0,1.0,1.0,0.0,1.0,1.0,0.0,0.0,0.0,0.0,0.0,0.0,0.0,0.0,0.0,0.0,1,1,0,False,False,False,False,False,OTHER,OTHER,UNCHANGED
2408,0.8575,0.87624997,0.01874997,1.0,1.0,0.0,0.52500004,0.58750004,0.0625,0.0,0.0,0.0,0.0,0.0,0.0,0.0,0.0,0.0,1,1,0,False,False,False,False,False,OTHER,OTHER,IMPROVED
2409,1.0,1.0,0.0,1.0,1.0,0.0,1.0,1.0,0.0,0.0,0.0,0.0,0.0,0.0,0.0,0.0,0.0,0.0,1,1,0,False,False,False,False,False,OTHER,OTHER,UNCHANGED
2410,0.0,0.0,0.0,0.2495871,0.2495871,0.0,0.3181818,1.0,0.6818181999999999,1.0,1.0,0.0,1.0,1.0,0.0,0.0,0.0,0.0,0,0,0,True,True,False,False,True,OVERLAP+COLLISION,OVERLAP+COLLISION,PERSISTENT_ZERO
2411,1.0,1.0,0.0,1.0,1.0,0.0,1.0,1.0,0.0,0.0,0.0,0.0,0.0,0.0,0.0,0.0,0.0,0.0,1,1,0,False,False,False,False,False,OTHER,OTHER,UNCHANGED
2412,0.9741575,0.94817525,-0.0259822499999999,0.9630822,0.9259647,-0.0371175,1.0,1.0,0.0,0.0,0.0,0.0,0.0,0.0,0.0,0.0,0.0,0.0,1,1,0,False,False,False,False,False,OTHER,OTHER,REGRESSED
2413,1.0,1.0,0.0,1.0,1.0,0.0,1.0,1.0,0.0,0.0,0.0,0.0,0.0,0.0,0.0,0.0,0.0,0.0,1,1,0,False,False,False,False,False,OTHER,OTHER,UNCHANGED
2414,0.999973,0.999973,0.0,0.99996144,0.99996144,0.0,1.0,1.0,0.0,0.0,0.0,0.0,0.0,0.0,0.0,0.0,0.0,0.0,1,1,0,False,False,False,False,False,OTHER,OTHER,UNCHANGED
2415,0.98292905,0.0,-0.98292905,0.9756129,0.81267124,-0.16294166,1.0,0.88,-0.12,0.0,1.0,1.0,0.0,1.0,1.0,0.0,0.0,0.0,1,0,-1,False,True,False,True,False,OTHER,OVERLAP+COLLISION,NEW_ZERO
2416,1.0,1.0,0.0,1.0,1.0,0.0,1.0,1.0,0.0,0.0,0.0,0.0,0.0,0.0,0.0,0.0,0.0,0.0,1,1,0,False,False,False,False,False,OTHER,OTHER,UNCHANGED
2417,0.9148402,0.9656766,0.0508364,0.9265575,0.95096654,0.0244090399999999,0.8875,1.0,0.1125,0.0,0.0,0.0,0.0,0.0,0.0,0.0,0.0,0.0,1,1,0,False,False,False,False,False,OTHER,OTHER,IMPROVED
2418,0.92111284,0.9048838,-0.01622904,0.8873041,0.9123339,0.0250297999999999,1.0,0.8875,-0.1125,0.0,0.0,0.0,0.0,0.0,0.0,0.0,0.0,0.0,1,1,0,False,False,False,False,False,OTHER,OTHER,REGRESSED
2419,1.0,1.0,0.0,1.0,1.0,0.0,1.0,1.0,0.0,0.0,0.0,0.0,0.0,0.0,0.0,0.0,0.0,0.0,1,1,0,False,False,False,False,False,OTHER,OTHER,UNCHANGED
2420,0.89216805,0.9411616,0.04899355,0.8995257,0.9748736,0.0753479,0.875,0.8625,-0.0124999999999999,0.0,0.0,0.0,0.0,0.0,0.0,0.0,0.0,0.0,1,1,0,False,False,False,False,False,OTHER,OTHER,IMPROVED
2421,0.92200375,0.93076134,0.0087575899999999,0.8885767,0.9010877,0.012511,1.0,1.0,0.0,0.0,0.0,0.0,0.0,0.0,0.0,0.0,0.0,0.0,1,1,0,False,False,False,False,False,OTHER,OTHER,IMPROVED
2422,0.9061719,0.97177935,0.06560745,0.9195313,0.9596848,0.0401534999999999,0.875,1.0,0.125,0.0,0.0,0.0,0.0,0.0,0.0,0.0,0.0,0.0,1,1,0,False,False,False,False,False,OTHER,OTHER,IMPROVED
2423,0.9124382,0.9124382,0.0,0.8749118,0.8749118,0.0,1.0,1.0,0.0,0.0,0.0,0.0,0.0,0.0,0.0,0.0,0.0,0.0,1,1,0,False,False,False,False,False,OTHER,OTHER,UNCHANGED
2424,0.93460673,0.9640571,0.0294503699999999,0.9065811,0.948653,0.0420718999999999,1.0,1.0,0.0,0.0,0.0,0.0,0.0,0.0,0.0,0.0,0.0,0.0,1,1,0,False,False,False,False,False,OTHER,OTHER,IMPROVED
2425,0.96625006,0.99001515,0.0237650899999999,1.0,0.9857359,-0.0142641,0.8875,1.0,0.1125,0.0,0.0,0.0,0.0,0.0,0.0,0.0,0.0,0.0,1,1,0,False,False,False,False,False,OTHER,OTHER,IMPROVED
2426,0.938768,0.91332436,-0.0254436400000001,0.9660972,0.98867774,0.0225805399999999,0.875,0.7375,-0.1374999999999999,0.0,0.0,0.0,0.0,0.0,0.0,0.0,0.0,0.0,1,1,0,False,False,False,False,False,OTHER,OTHER,REGRESSED
2427,1.0,1.0,0.0,1.0,1.0,0.0,1.0,1.0,0.0,0.0,0.0,0.0,0.0,0.0,0.0,0.0,0.0,0.0,1,1,0,False,False,False,False,False,OTHER,OTHER,UNCHANGED
2428,1.0,0.9655836,-0.0344164,1.0,0.95083374,-0.04916626,1.0,1.0,0.0,0.0,0.0,0.0,0.0,0.0,0.0,0.0,0.0,0.0,1,1,0,False,False,False,False,False,OTHER,OTHER,REGRESSED
2429,1.0,1.0,0.0,1.0,1.0,0.0,1.0,1.0,0.0,0.0,0.0,0.0,0.0,0.0,0.0,0.0,0.0,0.0,1,1,0,False,False,False,False,False,OTHER,OTHER,UNCHANGED
2430,1.0,0.9921779,-0.0078221,1.0,0.98882556,-0.01117444,1.0,1.0,0.0,0.0,0.0,0.0,0.0,0.0,0.0,0.0,0.0,0.0,1,1,0,False,False,False,False,False,OTHER,OTHER,REGRESSED
2431,1.0,1.0,0.0,1.0,1.0,0.0,1.0,1.0,0.0,0.0,0.0,0.0,0.0,0.0,0.0,0.0,0.0,0.0,1,1,0,False,False,False,False,False,OTHER,OTHER,UNCHANGED
2432,0.97749996,0.9500292,-0.0274707599999999,1.0,0.98754174,-0.01245826,0.925,0.8625,-0.0625,0.0,0.0,0.0,0.0,0.0,0.0,0.0,0.0,0.0,1,1,0,False,False,False,False,False,OTHER,OTHER,REGRESSED
2433,0.9288702,0.7627868,-0.1660834,0.89838594,0.66112405,-0.2372618900000001,1.0,1.0,0.0,0.0,0.0,0.0,0.0,0.0,0.0,0.0,0.0,0.0,1,1,0,False,False,False,False,False,OTHER,OTHER,REGRESSED
2434,0.93989736,0.94673234,0.0068349799999999,0.96771055,0.9239033,-0.0438072499999999,0.875,1.0,0.125,0.0,0.0,0.0,0.0,0.0,0.0,0.0,0.0,0.0,1,1,0,False,False,False,False,False,OTHER,OTHER,IMPROVED
2435,0.97730124,0.9434876,-0.0338136399999999,0.9675731,0.91926783,-0.0483052699999999,1.0,1.0,0.0,0.0,0.0,0.0,0.0,0.0,0.0,0.0,0.0,0.0,1,1,0,False,False,False,False,False,OTHER,OTHER,REGRESSED
2436,1.0,0.97749996,-0.02250004,1.0,1.0,0.0,1.0,0.925,-0.0749999999999999,0.0,0.0,0.0,0.0,0.0,0.0,0.0,0.0,0.0,1,1,0,False,False,False,False,False,OTHER,OTHER,REGRESSED
2437,0.0,0.9012484,0.9012484,0.835722,0.9124977,0.0767757,0.7714286,0.875,0.1035713999999999,0.0,0.0,0.0,0.0,0.0,0.0,1.0,0.0,-1.0,0,1,1,True,False,True,False,False,OFFROAD_ONLY,OTHER,FIXED_ZERO
2438,1.0,1.0,0.0,1.0,1.0,0.0,1.0,1.0,0.0,0.0,0.0,0.0,0.0,0.0,0.0,0.0,0.0,0.0,1,1,0,False,False,False,False,False,OTHER,OTHER,UNCHANGED
2439,0.98266566,1.0,0.01733434,0.9752367,1.0,0.0247633,1.0,1.0,0.0,0.0,0.0,0.0,0.0,0.0,0.0,0.0,0.0,0.0,1,1,0,False,False,False,False,False,OTHER,OTHER,IMPROVED
2440,0.95628244,0.8863516,-0.0699308399999999,0.9375464,0.83764505,-0.09990135,1.0,1.0,0.0,0.0,0.0,0.0,0.0,0.0,0.0,0.0,0.0,0.0,1,1,0,False,False,False,False,False,OTHER,OTHER,REGRESSED
2441,0.96250004,0.9920878,0.0295877599999999,1.0,0.9886968,-0.0113031999999999,0.875,1.0,0.125,0.0,0.0,0.0,0.0,0.0,0.0,0.0,0.0,0.0,1,1,0,False,False,False,False,False,OTHER,OTHER,IMPROVED
2442,0.9432998,1.0,0.0567001999999999,0.9511425,1.0,0.0488575,0.925,1.0,0.0749999999999999,0.0,0.0,0.0,0.0,0.0,0.0,0.0,0.0,0.0,1,1,0,False,False,False,False,False,OTHER,OTHER,IMPROVED
2443,0.873336,0.9560561,0.0827200999999999,0.8994087,0.937223,0.0378143,0.8125,1.0,0.1875,0.0,0.0,0.0,0.0,0.0,0.0,0.0,0.0,0.0,1,1,0,False,False,False,False,False,OTHER,OTHER,IMPROVED
2444,1.0,1.0,0.0,1.0,1.0,0.0,1.0,1.0,0.0,0.0,0.0,0.0,0.0,0.0,0.0,0.0,0.0,0.0,1,1,0,False,False,False,False,False,OTHER,OTHER,UNCHANGED
2445,0.8989882,0.85501903,-0.04396917,0.8556973,0.79288435,-0.0628129499999999,1.0,1.0,0.0,0.0,0.0,0.0,0.0,0.0,0.0,0.0,0.0,0.0,1,1,0,False,False,False,False,False,OTHER,OTHER,REGRESSED
2446,0.90455097,0.9558945,0.05134353,0.91185844,0.93699217,0.0251337299999999,0.8875,1.0,0.1125,0.0,0.0,0.0,0.0,0.0,0.0,0.0,0.0,0.0,1,1,0,False,False,False,False,False,OTHER,OTHER,IMPROVED
2447,0.77333987,0.6698918,-0.10344807,0.7083426,0.65163106,-0.05671154,0.925,0.71250004,-0.21249996,0.0,0.0,0.0,0.0,0.0,0.0,0.0,0.0,0.0,1,1,0,False,False,False,False,False,OTHER,OTHER,REGRESSED
2448,0.9212288,0.92993325,0.00870445,0.88746965,0.89990467,0.0124350199999999,1.0,1.0,0.0,0.0,0.0,0.0,0.0,0.0,0.0,0.0,0.0,0.0,1,1,0,False,False,False,False,False,OTHER,OTHER,IMPROVED
2449,1.0,1.0,0.0,1.0,1.0,0.0,1.0,1.0,0.0,0.0,0.0,0.0,0.0,0.0,0.0,0.0,0.0,0.0,1,1,0,False,False,False,False,False,OTHER,OTHER,UNCHANGED
2450,0.9633965,0.9816923,0.0182957999999999,0.9477092,0.9738462,0.0261369999999999,1.0,1.0,0.0,0.0,0.0,0.0,0.0,0.0,0.0,0.0,0.0,0.0,1,1,0,False,False,False,False,False,OTHER,OTHER,IMPROVED
2451,0.9513189,0.98254836,0.03122946,0.9625984,0.975069,0.0124705999999999,0.925,1.0,0.0749999999999999,0.0,0.0,0.0,0.0,0.0,0.0,0.0,0.0,0.0,1,1,0,False,False,False,False,False,OTHER,OTHER,IMPROVED
2452,1.0,1.0,0.0,1.0,1.0,0.0,1.0,1.0,0.0,0.0,0.0,0.0,0.0,0.0,0.0,0.0,0.0,0.0,1,1,0,False,False,False,False,False,OTHER,OTHER,UNCHANGED
2453,0.9483897,0.90484715,-0.0435425499999999,0.926271,0.8640674,-0.0622035999999999,1.0,1.0,0.0,0.0,0.0,0.0,0.0,0.0,0.0,0.0,0.0,0.0,1,1,0,False,False,False,False,False,OTHER,OTHER,REGRESSED
2454,0.92103285,0.9385819,0.0175490499999999,0.88718975,0.9122599,0.02507015,1.0,1.0,0.0,0.0,0.0,0.0,0.0,0.0,0.0,0.0,0.0,0.0,1,1,0,False,False,False,False,False,OTHER,OTHER,IMPROVED
2455,0.96625006,0.9904141,0.0241640399999999,1.0,0.9863058,-0.0136941999999999,0.8875,1.0,0.1125,0.0,0.0,0.0,0.0,0.0,0.0,0.0,0.0,0.0,1,1,0,False,False,False,False,False,OTHER,OTHER,IMPROVED
2456,0.96625006,0.9850001,0.01875004,1.0,1.0,0.0,0.8875,0.95,0.0625,0.0,0.0,0.0,0.0,0.0,0.0,0.0,0.0,0.0,1,1,0,False,False,False,False,False,OTHER,OTHER,IMPROVED
2457,1.0,0.9413803,-0.0586197,1.0,0.91625756,-0.0837424399999999,1.0,1.0,0.0,0.0,0.0,0.0,0.0,0.0,0.0,0.0,0.0,0.0,1,1,0,False,False,False,False,False,OTHER,OTHER,REGRESSED
2458,0.91982347,0.92878914,0.00896567,0.8854621,0.89827013,0.0128080299999999,1.0,1.0,0.0,0.0,0.0,0.0,0.0,0.0,0.0,0.0,0.0,0.0,1,1,0,False,False,False,False,False,OTHER,OTHER,IMPROVED
2459,1.0,1.0,0.0,1.0,1.0,0.0,1.0,1.0,0.0,0.0,0.0,0.0,0.0,0.0,0.0,0.0,0.0,0.0,1,1,0,False,False,False,False,False,OTHER,OTHER,UNCHANGED
2460,0.0,0.0,0.0,1.0,1.0,0.0,0.99999994,1.0,5.999999996841865e-08,1.0,1.0,0.0,1.0,1.0,0.0,0.0,0.0,0.0,0,0,0,True,True,False,False,True,OVERLAP+COLLISION,OVERLAP+COLLISION,PERSISTENT_ZERO
2461,0.9185026,0.8946419,-0.0238606999999999,0.8889322,0.85484546,-0.03408674,0.9875,0.9875,0.0,0.0,0.0,0.0,0.0,0.0,0.0,0.0,0.0,0.0,1,1,0,False,False,False,False,False,OTHER,OTHER,REGRESSED
2462,0.8507515,0.7777416,-0.0730098999999999,0.78678787,0.682488,-0.1042998699999999,1.0,1.0,0.0,0.0,0.0,0.0,0.0,0.0,0.0,0.0,0.0,0.0,1,1,0,False,False,False,False,False,OTHER,OTHER,REGRESSED
2463,0.9926447,0.9673296,-0.0253151,0.98949236,0.953328,-0.03616436,1.0,1.0,0.0,0.0,0.0,0.0,0.0,0.0,0.0,0.0,0.0,0.0,1,1,0,False,False,False,False,False,OTHER,OTHER,REGRESSED
2464,0.8874693,0.914978,0.0275086999999999,0.88745624,0.93746865,0.05001241,0.8875,0.8625,-0.0249999999999999,0.0,0.0,0.0,0.0,0.0,0.0,0.0,0.0,0.0,1,1,0,False,False,False,False,False,OTHER,OTHER,IMPROVED
2465,0.9538768,0.97375005,0.01987325,0.9876811,1.0,0.0123189,0.875,0.9125,0.0374999999999999,0.0,0.0,0.0,0.0,0.0,0.0,0.0,0.0,0.0,1,1,0,False,False,False,False,False,OTHER,OTHER,IMPROVED
2466,1.0,1.0,0.0,1.0,1.0,0.0,1.0,1.0,0.0,0.0,0.0,0.0,0.0,0.0,0.0,0.0,0.0,0.0,1,1,0,False,False,False,False,False,OTHER,OTHER,UNCHANGED
2467,0.92972946,0.9472658,0.01753634,0.89961356,0.92466545,0.0250518899999999,1.0,1.0,0.0,0.0,0.0,0.0,0.0,0.0,0.0,0.0,0.0,0.0,1,1,0,False,False,False,False,False,OTHER,OTHER,IMPROVED
2468,1.0,0.0,-1.0,0.99999994,0.37568933,-0.62431061,1.0,1.0,0.0,0.0,0.0,0.0,0.0,0.0,0.0,0.0,1.0,1.0,1,0,-1,False,True,False,True,False,OTHER,OFFROAD_ONLY,NEW_ZERO
2469,0.94771475,0.9568195,0.0091047499999999,0.92530674,0.9383135,0.01300676,1.0,1.0,0.0,0.0,0.0,0.0,0.0,0.0,0.0,0.0,0.0,0.0,1,1,0,False,False,False,False,False,OTHER,OTHER,IMPROVED
2470,0.9312237,0.92600816,-0.00521554,0.90174806,0.9264402,0.02469214,1.0,0.925,-0.0749999999999999,0.0,0.0,0.0,0.0,0.0,0.0,0.0,0.0,0.0,1,1,0,False,False,False,False,False,OTHER,OTHER,REGRESSED
2471,1.0,0.9801683,-0.0198317,1.0,0.9716689,-0.0283311,1.0,1.0,0.0,0.0,0.0,0.0,0.0,0.0,0.0,0.0,0.0,0.0,1,1,0,False,False,False,False,False,OTHER,OTHER,REGRESSED
2472,0.92115146,0.91185266,-0.0092988,0.96771634,0.8740751,-0.0936412399999999,0.8125,1.0,0.1875,0.0,0.0,0.0,0.0,0.0,0.0,0.0,0.0,0.0,1,1,0,False,False,False,False,False,OTHER,OTHER,REGRESSED
2473,0.0,0.8208147,0.8208147,0.27492577,0.74402094,0.4690951699999999,0.5555556,1.0,0.4444443999999999,1.0,0.0,-1.0,1.0,0.0,-1.0,0.0,0.0,0.0,0,1,1,True,False,True,False,False,OVERLAP+COLLISION,OTHER,FIXED_ZERO
2474,1.0,1.0,0.0,1.0,1.0,0.0,1.0,1.0,0.0,0.0,0.0,0.0,0.0,0.0,0.0,0.0,0.0,0.0,1,1,0,False,False,False,False,False,OTHER,OTHER,UNCHANGED
2475,1.0,1.0,0.0,1.0,1.0,0.0,1.0,1.0,0.0,0.0,0.0,0.0,0.0,0.0,0.0,0.0,0.0,0.0,1,1,0,False,False,False,False,False,OTHER,OTHER,UNCHANGED
2476,1.0,1.0,0.0,1.0000001,1.0000001,0.0,1.0,1.0,0.0,0.0,0.0,0.0,0.0,0.0,0.0,0.0,0.0,0.0,1,1,0,False,False,False,False,False,OTHER,OTHER,UNCHANGED
2477,0.86739445,0.7872658,-0.08012865,0.85877776,0.696094,-0.1626837599999999,0.8875,1.0,0.1125,0.0,0.0,0.0,0.0,0.0,0.0,0.0,0.0,0.0,1,1,0,False,False,False,False,False,OTHER,OTHER,REGRESSED
2478,1.0,1.0,0.0,1.0,1.0,0.0,1.0,1.0,0.0,0.0,0.0,0.0,0.0,0.0,0.0,0.0,0.0,0.0,1,1,0,False,False,False,False,False,OTHER,OTHER,UNCHANGED
2479,0.9563467,0.9213945,-0.0349521999999999,0.93763816,0.88770646,-0.0499317,1.0,1.0,0.0,0.0,0.0,0.0,0.0,0.0,0.0,0.0,0.0,0.0,1,1,0,False,False,False,False,False,OTHER,OTHER,REGRESSED
2480,0.9201693,0.89351743,-0.02665187,0.88595617,0.847882,-0.03807417,1.0,1.0,0.0,0.0,0.0,0.0,0.0,0.0,0.0,0.0,0.0,0.0,1,1,0,False,False,False,False,False,OTHER,OTHER,REGRESSED
2481,0.8751206,0.8557623,-0.0193583,0.86981505,0.8582317,-0.0115833499999999,0.8875,0.85,-0.0374999999999999,0.0,0.0,0.0,0.0,0.0,0.0,0.0,0.0,0.0,1,1,0,False,False,False,False,False,OTHER,OTHER,REGRESSED
2482,0.74302566,0.79876775,0.0557420899999999,0.6864652,0.7125253,0.0260601,0.875,1.0,0.125,0.0,0.0,0.0,0.0,0.0,0.0,0.0,0.0,0.0,1,1,0,False,False,False,False,False,OTHER,OTHER,IMPROVED
2483,1.0,0.9542741,-0.0457258999999999,1.0,0.93467724,-0.06532276,1.0,1.0,0.0,0.0,0.0,0.0,0.0,0.0,0.0,0.0,0.0,0.0,1,1,0,False,False,False,False,False,OTHER,OTHER,REGRESSED
2484,0.94753593,0.95625716,0.00872123,0.9250512,0.9375102,0.0124589999999999,1.0,1.0,0.0,0.0,0.0,0.0,0.0,0.0,0.0,0.0,0.0,0.0,1,1,0,False,False,False,False,False,OTHER,OTHER,IMPROVED
2485,0.9748753,0.9832633,0.0083879999999999,0.96410745,0.97609043,0.0119829799999999,1.0,1.0,0.0,0.0,0.0,0.0,0.0,0.0,0.0,0.0,0.0,0.0,1,1,0,False,False,False,False,False,OTHER,OTHER,IMPROVED
2486,1.0,0.9181885,-0.0818115,0.99999994,0.8831263,-0.11687364,1.0,1.0,0.0,0.0,0.0,0.0,0.0,0.0,0.0,0.0,0.0,0.0,1,1,0,False,False,False,False,False,OTHER,OTHER,REGRESSED
2487,0.96625006,1.0,0.0337499399999999,1.0,1.0,0.0,0.8875,1.0,0.1125,0.0,0.0,0.0,0.0,0.0,0.0,0.0,0.0,0.0,1,1,0,False,False,False,False,False,OTHER,OTHER,IMPROVED
2488,1.0,1.0,0.0,1.0,1.0,0.0,1.0,1.0,0.0,0.0,0.0,0.0,0.0,0.0,0.0,0.0,0.0,0.0,1,1,0,False,False,False,False,False,OTHER,OTHER,UNCHANGED
2489,0.940077,0.973827,0.0337499999999999,0.96261007,0.96261007,0.0,0.8875,1.0,0.1125,0.0,0.0,0.0,0.0,0.0,0.0,0.0,0.0,0.0,1,1,0,False,False,False,False,False,OTHER,OTHER,IMPROVED
2490,1.0,1.0,0.0,1.0,1.0,0.0,1.0,1.0,0.0,0.0,0.0,0.0,0.0,0.0,0.0,0.0,0.0,0.0,1,1,0,False,False,False,False,False,OTHER,OTHER,UNCHANGED
2491,0.9387375,0.922485,-0.0162525,0.9124821,0.93747854,0.02499644,1.0,0.8875,-0.1125,0.0,0.0,0.0,0.0,0.0,0.0,0.0,0.0,0.0,1,1,0,False,False,False,False,False,OTHER,OTHER,REGRESSED
2492,0.96999997,1.0,0.0300000299999999,1.0,1.0,0.0,0.90000004,1.0,0.09999996,0.0,0.0,0.0,0.0,0.0,0.0,0.0,0.0,0.0,1,1,0,False,False,False,False,False,OTHER,OTHER,IMPROVED
2493,0.9212168,0.9299704,0.0087536,0.8874525,0.8999576,0.0125051,1.0,1.0,0.0,0.0,0.0,0.0,0.0,0.0,0.0,0.0,0.0,0.0,1,1,0,False,False,False,False,False,OTHER,OTHER,IMPROVED
2494,0.9377436,0.92883027,-0.00891333,0.9110622,0.8983289,-0.0127333,1.0,1.0,0.0,0.0,0.0,0.0,0.0,0.0,0.0,0.0,0.0,0.0,1,1,0,False,False,False,False,False,OTHER,OTHER,REGRESSED
2495,0.8631452,0.85432,-0.0088251999999999,0.8741359,0.8615285,-0.0126073999999999,0.83750004,0.83750004,0.0,0.0,0.0,0.0,0.0,0.0,0.0,0.0,0.0,0.0,1,1,0,False,False,False,False,False,OTHER,OTHER,REGRESSED
2496,0.92104256,0.88227636,-0.0387661999999999,0.903275,0.8478948,-0.0553802000000001,0.96250004,0.96250004,0.0,0.0,0.0,0.0,0.0,0.0,0.0,0.0,0.0,0.0,1,1,0,False,False,False,False,False,OTHER,OTHER,REGRESSED
2497,0.90385765,0.88758194,-0.0162757099999999,0.8626538,0.88761705,0.0249632499999999,1.0,0.8875,-0.1125,0.0,0.0,0.0,0.0,0.0,0.0,0.0,0.0,0.0,1,1,0,False,False,False,False,False,OTHER,OTHER,REGRESSED
2498,1.0,1.0,0.0,1.0,1.0,0.0,1.0,1.0,0.0,0.0,0.0,0.0,0.0,0.0,0.0,0.0,0.0,0.0,1,1,0,False,False,False,False,False,OTHER,OTHER,UNCHANGED
2499,0.9125883,0.8997143,-0.012874,0.87512606,0.88887763,0.0137515699999999,1.0,0.925,-0.0749999999999999,0.0,0.0,0.0,0.0,0.0,0.0,0.0,0.0,0.0,1,1,0,False,False,False,False,False,OTHER,OTHER,REGRESSED
2500,1.0,1.0,0.0,1.0,1.0,0.0,1.0,1.0,0.0,0.0,0.0,0.0,0.0,0.0,0.0,0.0,0.0,0.0,1,1,0,False,False,False,False,False,OTHER,OTHER,UNCHANGED
2501,0.94514054,0.895,-0.05014054,0.9752008,1.0,0.0247992,0.875,0.65000004,-0.22499996,0.0,0.0,0.0,0.0,0.0,0.0,0.0,0.0,0.0,1,1,0,False,False,False,False,False,OTHER,OTHER,REGRESSED
2502,0.8666197,0.8794031,0.0127834,0.80945677,0.8598615,0.0504047299999999,1.0,0.925,-0.0749999999999999,0.0,0.0,0.0,0.0,0.0,0.0,0.0,0.0,0.0,1,1,0,False,False,False,False,False,OTHER,OTHER,IMPROVED
2503,1.0,0.950081,-0.049919,1.0,0.9286871,-0.0713129,1.0,1.0,0.0,0.0,0.0,0.0,0.0,0.0,0.0,0.0,0.0,0.0,1,1,0,False,False,False,False,False,OTHER,OTHER,REGRESSED
2504,0.96133137,0.9769069,0.01557553,0.944759,0.96700984,0.0222508399999999,1.0,1.0,0.0,0.0,0.0,0.0,0.0,0.0,0.0,0.0,0.0,0.0,1,1,0,False,False,False,False,False,OTHER,OTHER,IMPROVED
2505,0.8878302,0.9477126,0.0598824,0.8879717,0.9253037,0.0373319999999999,0.8875,1.0,0.1125,0.0,0.0,0.0,0.0,0.0,0.0,0.0,0.0,0.0,1,1,0,False,False,False,False,False,OTHER,OTHER,IMPROVED
2506,0.86555034,0.8605053,-0.0050450399999999,0.8615005,0.8489362,-0.0125642999999999,0.875,0.8875,0.0124999999999999,0.0,0.0,0.0,0.0,0.0,0.0,0.0,0.0,0.0,1,1,0,False,False,False,False,False,OTHER,OTHER,REGRESSED
2507,0.8789501,0.9076185,0.0286684,0.87528586,0.9001694,0.02488354,0.8875,0.925,0.0375,0.0,0.0,0.0,0.0,0.0,0.0,0.0,0.0,0.0,1,1,0,False,False,False,False,False,OTHER,OTHER,IMPROVED
2508,0.9388709,0.9388709,0.0,0.9126727,0.9126727,0.0,1.0,1.0,0.0,0.0,0.0,0.0,0.0,0.0,0.0,0.0,0.0,0.0,1,1,0,False,False,False,False,False,OTHER,OTHER,UNCHANGED
2509,0.91366625,0.8724163,-0.0412499499999999,0.87666607,0.87666607,0.0,1.0,0.8625,-0.1374999999999999,0.0,0.0,0.0,0.0,0.0,0.0,0.0,0.0,0.0,1,1,0,False,False,False,False,False,OTHER,OTHER,REGRESSED
2510,0.97749996,1.0,0.02250004,1.0000001,1.0000001,0.0,0.925,1.0,0.0749999999999999,0.0,0.0,0.0,0.0,0.0,0.0,0.0,0.0,0.0,1,1,0,False,False,False,False,False,OTHER,OTHER,IMPROVED
2511,0.9095332,0.91856575,0.0090325499999999,0.87076175,0.88366544,0.01290369,1.0,1.0,0.0,0.0,0.0,0.0,0.0,0.0,0.0,0.0,0.0,0.0,1,1,0,False,False,False,False,False,OTHER,OTHER,IMPROVED
2512,1.0,1.0,0.0,1.0,1.0,0.0,1.0,1.0,0.0,0.0,0.0,0.0,0.0,0.0,0.0,0.0,0.0,0.0,1,1,0,False,False,False,False,False,OTHER,OTHER,UNCHANGED
2513,1.0,1.0,0.0,1.0,1.0,0.0,1.0,1.0,0.0,0.0,0.0,0.0,0.0,0.0,0.0,0.0,0.0,0.0,1,1,0,False,False,False,False,False,OTHER,OTHER,UNCHANGED
2514,0.8299381,0.825597,-0.0043410999999999,0.8052688,0.78299564,-0.02227316,0.8875,0.925,0.0375,0.0,0.0,0.0,0.0,0.0,0.0,0.0,0.0,0.0,1,1,0,False,False,False,False,False,OTHER,OTHER,REGRESSED
2515,1.0,1.0,0.0,0.99999994,0.99999994,0.0,1.0,1.0,0.0,0.0,0.0,0.0,0.0,0.0,0.0,0.0,0.0,0.0,1,1,0,False,False,False,False,False,OTHER,OTHER,UNCHANGED
2516,0.9381138,0.9156138,-0.0224999999999999,0.9115911,0.9115911,0.0,1.0,0.925,-0.0749999999999999,0.0,0.0,0.0,0.0,0.0,0.0,0.0,0.0,0.0,1,1,0,False,False,False,False,False,OTHER,OTHER,REGRESSED
2517,0.94544727,0.9636345,0.01818723,0.9220675,0.94804925,0.0259817499999999,1.0,1.0,0.0,0.0,0.0,0.0,0.0,0.0,0.0,0.0,0.0,0.0,1,1,0,False,False,False,False,False,OTHER,OTHER,IMPROVED
2518,1.0,0.97749996,-0.02250004,1.0,1.0,0.0,1.0,0.925,-0.0749999999999999,0.0,0.0,0.0,0.0,0.0,0.0,0.0,0.0,0.0,1,1,0,False,False,False,False,False,OTHER,OTHER,REGRESSED
2519,0.806461,0.8864512,0.0799902,0.82530135,0.8377873,0.0124859499999999,0.7625,1.0,0.2375,0.0,0.0,0.0,0.0,0.0,0.0,0.0,0.0,0.0,1,1,0,False,False,False,False,False,OTHER,OTHER,IMPROVED
2520,0.87329334,0.92624515,0.0529518099999999,0.9207762,0.89463586,-0.02614034,0.7625,1.0,0.2375,0.0,0.0,0.0,0.0,0.0,0.0,0.0,0.0,0.0,1,1,0,False,False,False,False,False,OTHER,OTHER,IMPROVED
2521,0.93831694,0.92462486,-0.0136920799999999,0.9118814,0.9244641,0.0125827,1.0,0.925,-0.0749999999999999,0.0,0.0,0.0,0.0,0.0,0.0,0.0,0.0,0.0,1,1,0,False,False,False,False,False,OTHER,OTHER,REGRESSED
2522,0.92701703,0.91793805,-0.00907898,0.89573854,0.88276863,-0.0129699099999999,1.0,1.0,0.0,0.0,0.0,0.0,0.0,0.0,0.0,0.0,0.0,0.0,1,1,0,False,False,False,False,False,OTHER,OTHER,REGRESSED
2523,1.0,1.0,0.0,1.0,1.0,0.0,1.0,1.0,0.0,0.0,0.0,0.0,0.0,0.0,0.0,0.0,0.0,0.0,1,1,0,False,False,False,False,False,OTHER,OTHER,UNCHANGED
2524,0.9679907,0.90459347,-0.0633972299999999,0.95427233,0.8637049,-0.09056743,1.0,1.0,0.0,0.0,0.0,0.0,0.0,0.0,0.0,0.0,0.0,0.0,1,1,0,False,False,False,False,False,OTHER,OTHER,REGRESSED
2525,0.9325,0.8449384,-0.0875616,1.0,0.9124119,-0.0875880999999999,0.77500004,0.6875,-0.08750004,0.0,0.0,0.0,0.0,0.0,0.0,0.0,0.0,0.0,1,1,0,False,False,False,False,False,OTHER,OTHER,REGRESSED
2526,0.94709396,0.97375005,0.02665609,0.97799146,1.0,0.0220085399999999,0.875,0.9125,0.0374999999999999,0.0,0.0,0.0,0.0,0.0,0.0,0.0,0.0,0.0,1,1,0,False,False,False,False,False,OTHER,OTHER,IMPROVED
2527,0.9474943,0.96500677,0.01751247,0.9249919,0.95000964,0.02501774,1.0,1.0,0.0,0.0,0.0,0.0,0.0,0.0,0.0,0.0,0.0,0.0,1,1,0,False,False,False,False,False,OTHER,OTHER,IMPROVED
2528,0.88014334,0.8913935,0.0112501599999998,0.8769906,0.8769906,0.0,0.8875,0.925,0.0375,0.0,0.0,0.0,0.0,0.0,0.0,0.0,0.0,0.0,1,1,0,False,False,False,False,False,OTHER,OTHER,IMPROVED
2529,0.8774166,0.8574478,-0.0199688,0.87845224,0.8284969,-0.04995534,0.875,0.925,0.05,0.0,0.0,0.0,0.0,0.0,0.0,0.0,0.0,0.0,1,1,0,False,False,False,False,False,OTHER,OTHER,REGRESSED
2530,0.92428225,0.97749996,0.0532177099999999,0.972189,1.0,0.027811,0.8125,0.925,0.1125,0.0,0.0,0.0,0.0,0.0,0.0,0.0,0.0,0.0,1,1,0,False,False,False,False,False,OTHER,OTHER,IMPROVED
2531,0.9506468,0.92610914,-0.02453766,0.92949545,0.89444155,-0.0350538999999999,1.0,1.0,0.0,0.0,0.0,0.0,0.0,0.0,0.0,0.0,0.0,0.0,1,1,0,False,False,False,False,False,OTHER,OTHER,REGRESSED
2532,0.9072651,0.90479374,-0.00247136,0.8996644,0.9122053,0.0125408999999999,0.925,0.8875,-0.0375,0.0,0.0,0.0,0.0,0.0,0.0,0.0,0.0,0.0,1,1,0,False,False,False,False,False,OTHER,OTHER,REGRESSED
2533,0.9297606,0.93855137,0.0087907699999999,0.89965796,0.9122162,0.01255824,1.0,1.0,0.0,0.0,0.0,0.0,0.0,0.0,0.0,0.0,0.0,0.0,1,1,0,False,False,False,False,False,OTHER,OTHER,IMPROVED
2534,1.0,0.0,-1.0,1.0,0.74087197,-0.2591280299999999,1.0,0.99999994,-5.999999996841865e-08,0.0,1.0,1.0,0.0,1.0,1.0,0.0,0.0,0.0,1,0,-1,False,True,False,True,False,OTHER,OVERLAP+COLLISION,NEW_ZERO
2535,1.0,1.0,0.0,1.0,1.0,0.0,1.0,1.0,0.0,0.0,0.0,0.0,0.0,0.0,0.0,0.0,0.0,0.0,1,1,0,False,False,False,False,False,OTHER,OTHER,UNCHANGED
2536,1.0,1.0,0.0,1.0,1.0,0.0,1.0,1.0,0.0,0.0,0.0,0.0,0.0,0.0,0.0,0.0,0.0,0.0,1,1,0,False,False,False,False,False,OTHER,OTHER,UNCHANGED
2537,0.9133398,0.9480972,0.0347573999999999,0.87619966,0.92585325,0.0496535899999999,1.0,1.0,0.0,0.0,0.0,0.0,0.0,0.0,0.0,0.0,0.0,0.0,1,1,0,False,False,False,False,False,OTHER,OTHER,IMPROVED
2538,0.0,0.0,0.0,0.00039333504,0.00010328214,-0.0002900529,1.0,1.0,0.0,1.0,1.0,0.0,1.0,1.0,0.0,0.0,0.0,0.0,0,0,0,True,True,False,False,True,OVERLAP+COLLISION,OVERLAP+COLLISION,PERSISTENT_ZERO
2539,0.9789569,0.9859864,0.0070295,0.9699384,0.9799806,0.0100422,1.0,1.0,0.0,0.0,0.0,0.0,0.0,0.0,0.0,0.0,0.0,0.0,1,1,0,False,False,False,False,False,OTHER,OTHER,IMPROVED
2540,0.94916403,0.9261015,-0.02306253,0.97559136,0.92657363,-0.0490177299999999,0.8875,0.925,0.0375,0.0,0.0,0.0,0.0,0.0,0.0,0.0,0.0,0.0,1,1,0,False,False,False,False,False,OTHER,OTHER,REGRESSED
2541,1.0,1.0,0.0,1.0,1.0,0.0,1.0,1.0,0.0,0.0,0.0,0.0,0.0,0.0,0.0,0.0,0.0,0.0,1,1,0,False,False,False,False,False,OTHER,OTHER,UNCHANGED
2542,1.0,1.0,0.0,1.0,1.0,0.0,1.0,1.0,0.0,0.0,0.0,0.0,0.0,0.0,0.0,0.0,0.0,0.0,1,1,0,False,False,False,False,False,OTHER,OTHER,UNCHANGED
2543,0.0,0.0,0.0,0.18094648,0.19342047,0.01247399,0.2857143,1.0,0.7142857,0.0,0.0,0.0,0.0,0.0,0.0,1.0,1.0,0.0,0,0,0,True,True,False,False,True,OFFROAD_ONLY,OFFROAD_ONLY,PERSISTENT_ZERO
2544,0.9102852,0.92815876,0.0178735599999999,0.8718359,0.89736974,0.02553384,1.0,1.0,0.0,0.0,0.0,0.0,0.0,0.0,0.0,0.0,0.0,0.0,1,1,0,False,False,False,False,False,OTHER,OTHER,IMPROVED
2545,0.9005231,0.9032883,0.0027652,0.8578901,0.8939833,0.0360932,1.0,0.925,-0.0749999999999999,0.0,0.0,0.0,0.0,0.0,0.0,0.0,0.0,0.0,1,1,0,False,False,False,False,False,OTHER,OTHER,IMPROVED
2546,0.95301145,0.8480652,-0.10494625,0.9328734,0.78295034,-0.14992306,1.0,1.0,0.0,0.0,0.0,0.0,0.0,0.0,0.0,0.0,0.0,0.0,1,1,0,False,False,False,False,False,OTHER,OTHER,REGRESSED
2547,0.9302727,0.95645696,0.02618426,0.9003895,0.9377956,0.0374061,1.0,1.0,0.0,0.0,0.0,0.0,0.0,0.0,0.0,0.0,0.0,0.0,1,1,0,False,False,False,False,False,OTHER,OTHER,IMPROVED
2548,0.7497578,0.8567114,0.1069535999999999,0.7817969,0.795302,0.0135050999999999,0.675,1.0,0.3249999999999999,0.0,0.0,0.0,0.0,0.0,0.0,0.0,0.0,0.0,1,1,0,False,False,False,False,False,OTHER,OTHER,IMPROVED
2549,0.90264684,0.9292051,0.02655826,0.860924,0.8988644,0.0379403999999999,1.0,1.0,0.0,0.0,0.0,0.0,0.0,0.0,0.0,0.0,0.0,0.0,1,1,0,False,False,False,False,False,OTHER,OTHER,IMPROVED
2550,1.0,1.0,0.0,1.0,1.0,0.0,1.0,1.0,0.0,0.0,0.0,0.0,0.0,0.0,0.0,0.0,0.0,0.0,1,1,0,False,False,False,False,False,OTHER,OTHER,UNCHANGED
2551,0.7488614,0.7266744,-0.0221869999999999,0.7055162,0.6631062,-0.04241,0.85,0.875,0.025,0.0,0.0,0.0,0.0,0.0,0.0,0.0,0.0,0.0,1,1,0,False,False,False,False,False,OTHER,OTHER,REGRESSED
2552,0.90399885,0.9040169,1.8049999999991684e-05,0.90035546,0.8628812,-0.0374742599999999,0.9125,1.0,0.0875,0.0,0.0,0.0,0.0,0.0,0.0,0.0,0.0,0.0,1,1,0,False,False,False,False,False,OTHER,OTHER,IMPROVED
2553,0.8549992,0.8163883,-0.0386109,0.88928455,0.8769834,-0.0123011499999999,0.77500004,0.675,-0.1000000399999999,0.0,0.0,0.0,0.0,0.0,0.0,0.0,0.0,0.0,1,1,0,False,False,False,False,False,OTHER,OTHER,REGRESSED
2554,0.9307699,0.9307699,0.0,0.9010998,0.9010998,0.0,1.0,1.0,0.0,0.0,0.0,0.0,0.0,0.0,0.0,0.0,0.0,0.0,1,1,0,False,False,False,False,False,OTHER,OTHER,UNCHANGED
2555,1.0,1.0,0.0,1.0,1.0,0.0,1.0,1.0,0.0,0.0,0.0,0.0,0.0,0.0,0.0,0.0,0.0,0.0,1,1,0,False,False,False,False,False,OTHER,OTHER,UNCHANGED
2556,1.0,0.96250004,-0.03749996,0.99999994,0.99999994,0.0,1.0,0.875,-0.125,0.0,0.0,0.0,0.0,0.0,0.0,0.0,0.0,0.0,1,1,0,False,False,False,False,False,OTHER,OTHER,REGRESSED
2557,0.99088174,0.99088174,0.0,0.9869738,0.9869738,0.0,1.0,1.0,0.0,0.0,0.0,0.0,0.0,0.0,0.0,0.0,0.0,0.0,1,1,0,False,False,False,False,False,OTHER,OTHER,UNCHANGED
2558,0.9321537,0.90590364,-0.0262500599999999,0.9352195,0.9352195,0.0,0.925,0.83750004,-0.08749996,0.0,0.0,0.0,0.0,0.0,0.0,0.0,0.0,0.0,1,1,0,False,False,False,False,False,OTHER,OTHER,REGRESSED
2559,0.98125,1.0,0.01875,1.0,1.0,0.0,0.9375,1.0,0.0625,0.0,0.0,0.0,0.0,0.0,0.0,0.0,0.0,0.0,1,1,0,False,False,False,False,False,OTHER,OTHER,IMPROVED
2560,1.0,1.0,0.0,1.0,1.0,0.0,1.0,1.0,0.0,0.0,0.0,0.0,0.0,0.0,0.0,0.0,0.0,0.0,1,1,0,False,False,False,False,False,OTHER,OTHER,UNCHANGED
2561,0.9454439,0.8541237,-0.0913201999999999,0.92206275,0.79160535,-0.1304574,1.0,1.0,0.0,0.0,0.0,0.0,0.0,0.0,0.0,0.0,0.0,0.0,1,1,0,False,False,False,False,False,OTHER,OTHER,REGRESSED
2562,0.91902584,0.92530936,0.0062835199999999,0.9378939,0.92544204,-0.0124518599999999,0.875,0.925,0.05,0.0,0.0,0.0,0.0,0.0,0.0,0.0,0.0,0.0,1,1,0,False,False,False,False,False,OTHER,OTHER,IMPROVED
2563,1.0,1.0,0.0,1.0,1.0,0.0,1.0,1.0,0.0,0.0,0.0,0.0,0.0,0.0,0.0,0.0,0.0,0.0,1,1,0,False,False,False,False,False,OTHER,OTHER,UNCHANGED
2564,0.9483167,0.9483167,0.0,0.92616665,0.92616665,0.0,1.0,1.0,0.0,0.0,0.0,0.0,0.0,0.0,0.0,0.0,0.0,0.0,1,1,0,False,False,False,False,False,OTHER,OTHER,UNCHANGED
2565,1.0,1.0,0.0,1.0,1.0,0.0,1.0,1.0,0.0,0.0,0.0,0.0,0.0,0.0,0.0,0.0,0.0,0.0,1,1,0,False,False,False,False,False,OTHER,OTHER,UNCHANGED
2566,0.82982826,0.83606714,0.00623888,0.81046903,0.797953,-0.01251603,0.875,0.925,0.05,0.0,0.0,0.0,0.0,0.0,0.0,0.0,0.0,0.0,1,1,0,False,False,False,False,False,OTHER,OTHER,IMPROVED
2567,1.0,0.97749996,-0.02250004,1.0,1.0,0.0,1.0,0.925,-0.0749999999999999,0.0,0.0,0.0,0.0,0.0,0.0,0.0,0.0,0.0,1,1,0,False,False,False,False,False,OTHER,OTHER,REGRESSED
2568,1.0,0.96625006,-0.0337499399999999,1.0,1.0,0.0,1.0,0.8875,-0.1125,0.0,0.0,0.0,0.0,0.0,0.0,0.0,0.0,0.0,1,1,0,False,False,False,False,False,OTHER,OTHER,REGRESSED
2569,0.9224973,0.94784564,0.02534834,0.8892818,0.9254938,0.036212,1.0,1.0,0.0,0.0,0.0,0.0,0.0,0.0,0.0,0.0,0.0,0.0,1,1,0,False,False,False,False,False,OTHER,OTHER,IMPROVED
2570,0.97749996,1.0,0.02250004,1.0,1.0,0.0,0.925,1.0,0.0749999999999999,0.0,0.0,0.0,0.0,0.0,0.0,0.0,0.0,0.0,1,1,0,False,False,False,False,False,OTHER,OTHER,IMPROVED
2571,0.86961144,0.8896438,0.0200323599999999,0.861945,0.8744911,0.0125461,0.8875,0.925,0.0375,0.0,0.0,0.0,0.0,0.0,0.0,0.0,0.0,0.0,1,1,0,False,False,False,False,False,OTHER,OTHER,IMPROVED
2572,0.895,0.0,-0.895,1.0,0.9464852,-0.0535147999999999,0.65000004,0.5081967,-0.14180334,0.0,1.0,1.0,0.0,1.0,1.0,0.0,0.0,0.0,1,0,-1,False,True,False,True,False,OTHER,OVERLAP+COLLISION,NEW_ZERO
2573,0.9751831,0.95861167,-0.0165714299999999,0.96454734,0.94087374,-0.0236735999999999,1.0,1.0,0.0,0.0,0.0,0.0,0.0,0.0,0.0,0.0,0.0,0.0,1,1,0,False,False,False,False,False,OTHER,OTHER,REGRESSED
2574,1.0,1.0,0.0,1.0,1.0,0.0,1.0,1.0,0.0,0.0,0.0,0.0,0.0,0.0,0.0,0.0,0.0,0.0,1,1,0,False,False,False,False,False,OTHER,OTHER,UNCHANGED
2575,0.90077037,0.8760578,-0.02471257,0.8903863,0.8229397,-0.0674465999999999,0.925,1.0,0.0749999999999999,0.0,0.0,0.0,0.0,0.0,0.0,0.0,0.0,0.0,1,1,0,False,False,False,False,False,OTHER,OTHER,REGRESSED
2576,0.9351692,0.90757877,-0.02759043,0.90738463,0.86796963,-0.0394149999999999,1.0,1.0,0.0,0.0,0.0,0.0,0.0,0.0,0.0,0.0,0.0,0.0,1,1,0,False,False,False,False,False,OTHER,OTHER,REGRESSED
2577,1.0,1.0,0.0,1.0,1.0,0.0,1.0,1.0,0.0,0.0,0.0,0.0,0.0,0.0,0.0,0.0,0.0,0.0,1,1,0,False,False,False,False,False,OTHER,OTHER,UNCHANGED
2578,0.8955574,0.9372673,0.0417099,0.89901066,0.9103818,0.01137114,0.8875,1.0,0.1125,0.0,0.0,0.0,0.0,0.0,0.0,0.0,0.0,0.0,1,1,0,False,False,False,False,False,OTHER,OTHER,IMPROVED
2579,1.0,1.0,0.0,1.0,1.0,0.0,1.0,1.0,0.0,0.0,0.0,0.0,0.0,0.0,0.0,0.0,0.0,0.0,1,1,0,False,False,False,False,False,OTHER,OTHER,UNCHANGED
2580,0.9763342,0.92920697,-0.04712723,0.96619165,0.8988671,-0.0673245499999999,1.0,1.0,0.0,0.0,0.0,0.0,0.0,0.0,0.0,0.0,0.0,0.0,1,1,0,False,False,False,False,False,OTHER,OTHER,REGRESSED
2581,0.98330545,0.98330545,0.0,0.97615063,0.97615063,0.0,1.0,1.0,0.0,0.0,0.0,0.0,0.0,0.0,0.0,0.0,0.0,0.0,1,1,0,False,False,False,False,False,OTHER,OTHER,UNCHANGED
2582,0.9387984,0.9039003,-0.0348981,0.91256917,0.8627147,-0.04985447,1.0,1.0,0.0,0.0,0.0,0.0,0.0,0.0,0.0,0.0,0.0,0.0,1,1,0,False,False,False,False,False,OTHER,OTHER,REGRESSED
2583,1.0,1.0,0.0,1.0,1.0,0.0,1.0,1.0,0.0,0.0,0.0,0.0,0.0,0.0,0.0,0.0,0.0,0.0,1,1,0,False,False,False,False,False,OTHER,OTHER,UNCHANGED
2584,0.96625006,0.99118805,0.0249379899999999,1.0,0.98741144,-0.0125885599999999,0.8875,1.0,0.1125,0.0,0.0,0.0,0.0,0.0,0.0,0.0,0.0,0.0,1,1,0,False,False,False,False,False,OTHER,OTHER,IMPROVED
2585,0.9474409,0.913691,-0.0337499,0.9249156,0.9249156,0.0,1.0,0.8875,-0.1125,0.0,0.0,0.0,0.0,0.0,0.0,0.0,0.0,0.0,1,1,0,False,False,False,False,False,OTHER,OTHER,REGRESSED
2586,0.98161376,0.8277386,-0.15387516,0.97373396,0.7539122,-0.2198217599999999,1.0,1.0,0.0,0.0,0.0,0.0,0.0,0.0,0.0,0.0,0.0,0.0,1,1,0,False,False,False,False,False,OTHER,OTHER,REGRESSED
2587,1.0,1.0,0.0,1.0,1.0,0.0,1.0,1.0,0.0,0.0,0.0,0.0,0.0,0.0,0.0,0.0,0.0,0.0,1,1,0,False,False,False,False,False,OTHER,OTHER,UNCHANGED
2588,0.8269085,0.8140608,-0.0128477,0.8437978,0.83080107,-0.01299673,0.7875,0.77500004,-0.0124999599999999,0.0,0.0,0.0,0.0,0.0,0.0,0.0,0.0,0.0,1,1,0,False,False,False,False,False,OTHER,OTHER,REGRESSED
2589,0.8231269,0.9033043,0.0801773999999999,0.8491098,0.8618633,0.0127534999999999,0.7625,1.0,0.2375,0.0,0.0,0.0,0.0,0.0,0.0,0.0,0.0,0.0,1,1,0,False,False,False,False,False,OTHER,OTHER,IMPROVED
2590,1.0,1.0,0.0,1.0,1.0,0.0,1.0,1.0,0.0,0.0,0.0,0.0,0.0,0.0,0.0,0.0,0.0,0.0,1,1,0,False,False,False,False,False,OTHER,OTHER,UNCHANGED
2591,0.9046742,0.945337,0.0406628,0.8959631,0.92191005,0.02594695,0.925,1.0,0.0749999999999999,0.0,0.0,0.0,0.0,0.0,0.0,0.0,0.0,0.0,1,1,0,False,False,False,False,False,OTHER,OTHER,IMPROVED
2592,0.98749334,0.8899965,-0.09749684,0.98213327,0.8428522,-0.1392810699999999,1.0,1.0,0.0,0.0,0.0,0.0,0.0,0.0,0.0,0.0,0.0,0.0,1,1,0,False,False,False,False,False,OTHER,OTHER,REGRESSED
2593,0.95874995,0.95636386,-0.00238609,1.0,0.9751627,-0.0248372999999999,0.8625,0.9125,0.0499999999999999,0.0,0.0,0.0,0.0,0.0,0.0,0.0,0.0,0.0,1,1,0,False,False,False,False,False,OTHER,OTHER,REGRESSED
2594,0.8796425,0.93057203,0.05092953,0.87627506,0.9008172,0.0245421399999999,0.8875,1.0,0.1125,0.0,0.0,0.0,0.0,0.0,0.0,0.0,0.0,0.0,1,1,0,False,False,False,False,False,OTHER,OTHER,IMPROVED
2595,0.8123726,0.8624382,0.0500656,0.849818,0.86241174,0.01259374,0.725,0.8625,0.1375,0.0,0.0,0.0,0.0,0.0,0.0,0.0,0.0,0.0,1,1,0,False,False,False,False,False,OTHER,OTHER,IMPROVED
2596,0.97749996,1.0,0.02250004,1.0,1.0,0.0,0.925,1.0,0.0749999999999999,0.0,0.0,0.0,0.0,0.0,0.0,0.0,0.0,0.0,1,1,0,False,False,False,False,False,OTHER,OTHER,IMPROVED
2597,1.0,1.0,0.0,1.0,1.0,0.0,1.0,1.0,0.0,0.0,0.0,0.0,0.0,0.0,0.0,0.0,0.0,0.0,1,1,0,False,False,False,False,False,OTHER,OTHER,UNCHANGED
2598,0.8070946,0.5577414,-0.2493531999999999,0.7565637,0.368202,-0.3883617,0.925,1.0,0.0749999999999999,0.0,0.0,0.0,0.0,0.0,0.0,0.0,0.0,0.0,1,1,0,False,False,False,False,False,OTHER,OTHER,REGRESSED
2599,0.9850001,1.0,0.0149998999999999,1.0,1.0,0.0,0.95,1.0,0.05,0.0,0.0,0.0,0.0,0.0,0.0,0.0,0.0,0.0,1,1,0,False,False,False,False,False,OTHER,OTHER,IMPROVED
2600,0.8926471,0.93386763,0.0412205299999999,0.90021014,0.937668,0.0374578599999999,0.875,0.925,0.05,0.0,0.0,0.0,0.0,0.0,0.0,0.0,0.0,0.0,1,1,0,False,False,False,False,False,OTHER,OTHER,IMPROVED
2601,0.93172663,0.9451217,0.0133950699999999,0.9346095,0.92160237,-0.0130071299999999,0.925,1.0,0.0749999999999999,0.0,0.0,0.0,0.0,0.0,0.0,0.0,0.0,0.0,1,1,0,False,False,False,False,False,OTHER,OTHER,IMPROVED
2602,1.0,1.0,0.0,1.0,1.0,0.0,1.0,1.0,0.0,0.0,0.0,0.0,0.0,0.0,0.0,0.0,0.0,0.0,1,1,0,False,False,False,False,False,OTHER,OTHER,UNCHANGED
2603,1.0,1.0,0.0,1.0,1.0,0.0,1.0,1.0,0.0,0.0,0.0,0.0,0.0,0.0,0.0,0.0,0.0,0.0,1,1,0,False,False,False,False,False,OTHER,OTHER,UNCHANGED
2604,0.86523706,0.8947998,0.02956274,0.861053,0.8497139,-0.0113390999999999,0.875,1.0,0.125,0.0,0.0,0.0,0.0,0.0,0.0,0.0,0.0,0.0,1,1,0,False,False,False,False,False,OTHER,OTHER,IMPROVED
2605,0.8843301,0.9297952,0.0454651,0.8883287,0.8997074,0.0113787,0.875,1.0,0.125,0.0,0.0,0.0,0.0,0.0,0.0,0.0,0.0,0.0,1,1,0,False,False,False,False,False,OTHER,OTHER,IMPROVED
2606,0.94488925,0.92636055,-0.0185287,0.9212704,0.89480066,-0.02646974,1.0,1.0,0.0,0.0,0.0,0.0,0.0,0.0,0.0,0.0,0.0,0.0,1,1,0,False,False,False,False,False,OTHER,OTHER,REGRESSED
2607,0.9311981,0.86318266,-0.06801544,0.93385434,0.80454654,-0.1293077999999999,0.925,1.0,0.0749999999999999,0.0,0.0,0.0,0.0,0.0,0.0,0.0,0.0,0.0,1,1,0,False,False,False,False,False,OTHER,OTHER,REGRESSED
2608,0.8583609,0.8696108,0.0112499,0.84587264,0.84587264,0.0,0.8875,0.925,0.0375,0.0,0.0,0.0,0.0,0.0,0.0,0.0,0.0,0.0,1,1,0,False,False,False,False,False,OTHER,OTHER,IMPROVED
2609,1.0,0.9492111,-0.0507889,1.0,0.9274445,-0.0725555,1.0,1.0,0.0,0.0,0.0,0.0,0.0,0.0,0.0,0.0,0.0,0.0,1,1,0,False,False,False,False,False,OTHER,OTHER,REGRESSED
2610,1.0,1.0,0.0,1.0,1.0,0.0,1.0,1.0,0.0,0.0,0.0,0.0,0.0,0.0,0.0,0.0,0.0,0.0,1,1,0,False,False,False,False,False,OTHER,OTHER,UNCHANGED
2611,0.0,1.0,1.0,1.0,1.0,0.0,1.0,1.0,0.0,1.0,0.0,-1.0,1.0,0.0,-1.0,0.0,0.0,0.0,0,1,1,True,False,True,False,False,OVERLAP+COLLISION,OTHER,FIXED_ZERO
2612,0.8711238,0.924668,0.0535442,0.84803396,0.92452574,0.07649178,0.925,0.925,0.0,0.0,0.0,0.0,0.0,0.0,0.0,0.0,0.0,0.0,1,1,0,False,False,False,False,False,OTHER,OTHER,IMPROVED
2613,0.93011343,0.94751847,0.0174050399999999,0.9001621,0.92502636,0.02486426,1.0,1.0,0.0,0.0,0.0,0.0,0.0,0.0,0.0,0.0,0.0,0.0,1,1,0,False,False,False,False,False,OTHER,OTHER,IMPROVED
2614,0.94749874,0.94749874,0.0,0.92499816,0.92499816,0.0,1.0,1.0,0.0,0.0,0.0,0.0,0.0,0.0,0.0,0.0,0.0,0.0,1,1,0,False,False,False,False,False,OTHER,OTHER,UNCHANGED
2615,0.0,0.0,0.0,0.032057866,0.018282177,-0.0137756889999999,0.8181819,1.0,0.1818180999999999,1.0,1.0,0.0,1.0,1.0,0.0,0.0,0.0,0.0,0,0,0,True,True,False,False,True,OVERLAP+COLLISION,OVERLAP+COLLISION,PERSISTENT_ZERO
2616,0.97375005,1.0,0.0262499499999999,1.0,1.0,0.0,0.9125,1.0,0.0875,0.0,0.0,0.0,0.0,0.0,0.0,0.0,0.0,0.0,1,1,0,False,False,False,False,False,OTHER,OTHER,IMPROVED
2617,0.93425363,0.9717536,0.03749997,0.959648,0.959648,0.0,0.875,1.0,0.125,0.0,0.0,0.0,0.0,0.0,0.0,0.0,0.0,0.0,1,1,0,False,False,False,False,False,OTHER,OTHER,IMPROVED
2618,1.0,0.96250004,-0.03749996,1.0,1.0,0.0,1.0,0.875,-0.125,0.0,0.0,0.0,0.0,0.0,0.0,0.0,0.0,0.0,1,1,0,False,False,False,False,False,OTHER,OTHER,REGRESSED
2619,0.99156994,0.97749996,-0.01406998,0.98795706,1.0,0.0120429399999999,1.0,0.925,-0.0749999999999999,0.0,0.0,0.0,0.0,0.0,0.0,0.0,0.0,0.0,1,1,0,False,False,False,False,False,OTHER,OTHER,REGRESSED
2620,1.0,1.0,0.0,1.0,1.0,0.0,1.0,1.0,0.0,0.0,0.0,0.0,0.0,0.0,0.0,0.0,0.0,0.0,1,1,0,False,False,False,False,False,OTHER,OTHER,UNCHANGED
2621,0.94,0.95125,0.01125,1.0,1.0,0.0,0.8,0.83750004,0.0375000399999999,0.0,0.0,0.0,0.0,0.0,0.0,0.0,0.0,0.0,1,1,0,False,False,False,False,False,OTHER,OTHER,IMPROVED
2622,1.0,1.0,0.0,1.0,1.0,0.0,1.0,1.0,0.0,0.0,0.0,0.0,0.0,0.0,0.0,0.0,0.0,0.0,1,1,0,False,False,False,False,False,OTHER,OTHER,UNCHANGED
2623,0.0,0.8642133,0.8642133,0.036324386,0.9024476,0.866123214,0.6666667,0.77500004,0.10833334,1.0,0.0,-1.0,1.0,0.0,-1.0,0.0,0.0,0.0,0,1,1,True,False,True,False,False,OVERLAP+COLLISION,OTHER,FIXED_ZERO
2624,0.85438555,0.8595644,0.0051788499999999,0.8241222,0.79937774,-0.02474446,0.925,1.0,0.0749999999999999,0.0,0.0,0.0,0.0,0.0,0.0,0.0,0.0,0.0,1,1,0,False,False,False,False,False,OTHER,OTHER,IMPROVED
2625,0.96876377,0.88686675,-0.0818970199999999,0.98751956,0.8383812,-0.1491383599999999,0.925,1.0,0.0749999999999999,0.0,0.0,0.0,0.0,0.0,0.0,0.0,0.0,0.0,1,1,0,False,False,False,False,False,OTHER,OTHER,REGRESSED
2626,1.0,1.0,0.0,1.0,1.0,0.0,1.0,1.0,0.0,0.0,0.0,0.0,0.0,0.0,0.0,0.0,0.0,0.0,1,1,0,False,False,False,False,False,OTHER,OTHER,UNCHANGED
2627,1.0,0.96250004,-0.03749996,1.0,1.0,0.0,1.0,0.875,-0.125,0.0,0.0,0.0,0.0,0.0,0.0,0.0,0.0,0.0,1,1,0,False,False,False,False,False,OTHER,OTHER,REGRESSED
2628,0.96250004,0.9954395,0.03293946,1.0,0.99348503,-0.00651497,0.875,1.0,0.125,0.0,0.0,0.0,0.0,0.0,0.0,0.0,0.0,0.0,1,1,0,False,False,False,False,False,OTHER,OTHER,IMPROVED
2629,0.9921471,1.0,0.0078529,0.9887816,1.0,0.0112183999999999,1.0,1.0,0.0,0.0,0.0,0.0,0.0,0.0,0.0,0.0,0.0,0.0,1,1,0,False,False,False,False,False,OTHER,OTHER,IMPROVED
2630,0.94750005,1.0,0.0524999499999999,1.0,1.0,0.0,0.825,1.0,0.175,0.0,0.0,0.0,0.0,0.0,0.0,0.0,0.0,0.0,1,1,0,False,False,False,False,False,OTHER,OTHER,IMPROVED
2631,1.0,1.0,0.0,1.0,1.0,0.0,1.0,1.0,0.0,0.0,0.0,0.0,0.0,0.0,0.0,0.0,0.0,0.0,1,1,0,False,False,False,False,False,OTHER,OTHER,UNCHANGED
2632,0.95621854,0.9474425,-0.0087760399999999,0.9374551,0.9249177,-0.0125374,1.0,1.0,0.0,0.0,0.0,0.0,0.0,0.0,0.0,0.0,0.0,0.0,1,1,0,False,False,False,False,False,OTHER,OTHER,REGRESSED
2633,0.89928883,0.8816519,-0.0176369299999999,0.8561269,0.8309313,-0.0251955999999999,1.0,1.0,0.0,0.0,0.0,0.0,0.0,0.0,0.0,0.0,0.0,0.0,1,1,0,False,False,False,False,False,OTHER,OTHER,REGRESSED
2634,0.92549956,0.9592495,0.0337499399999999,0.97392786,0.97392786,0.0,0.8125,0.925,0.1125,0.0,0.0,0.0,0.0,0.0,0.0,0.0,0.0,0.0,1,1,0,False,False,False,False,False,OTHER,OTHER,IMPROVED
2635,0.96625006,0.97375005,0.00749999,1.0,1.0,0.0,0.8875,0.9125,0.025,0.0,0.0,0.0,0.0,0.0,0.0,0.0,0.0,0.0,1,1,0,False,False,False,False,False,OTHER,OTHER,IMPROVED
2636,0.857881,0.904976,0.047095,0.8505442,0.86425143,0.01370723,0.875,1.0,0.125,0.0,0.0,0.0,0.0,0.0,0.0,0.0,0.0,0.0,1,1,0,False,False,False,False,False,OTHER,OTHER,IMPROVED
2637,1.0,1.0,0.0,1.0,1.0,0.0,1.0,1.0,0.0,0.0,0.0,0.0,0.0,0.0,0.0,0.0,0.0,0.0,1,1,0,False,False,False,False,False,OTHER,OTHER,UNCHANGED
2638,0.8656847,0.90410835,0.03842365,0.8563354,0.9165833,0.0602479,0.8875,0.875,-0.0124999999999999,0.0,0.0,0.0,0.0,0.0,0.0,0.0,0.0,0.0,1,1,0,False,False,False,False,False,OTHER,OTHER,IMPROVED
2639,1.0,1.0,0.0,1.0,1.0,0.0,1.0,1.0,0.0,0.0,0.0,0.0,0.0,0.0,0.0,0.0,0.0,0.0,1,1,0,False,False,False,False,False,OTHER,OTHER,UNCHANGED
2640,1.0,1.0,0.0,1.0,1.0,0.0,1.0,1.0,0.0,0.0,0.0,0.0,0.0,0.0,0.0,0.0,0.0,0.0,1,1,0,False,False,False,False,False,OTHER,OTHER,UNCHANGED
2641,0.9030865,0.8743946,-0.0286918999999999,0.8615521,0.8741352,0.0125830999999999,1.0,0.875,-0.125,0.0,0.0,0.0,0.0,0.0,0.0,0.0,0.0,0.0,1,1,0,False,False,False,False,False,OTHER,OTHER,REGRESSED
2642,1.0,1.0,0.0,1.0,1.0,0.0,1.0,1.0,0.0,0.0,0.0,0.0,0.0,0.0,0.0,0.0,0.0,0.0,1,1,0,False,False,False,False,False,OTHER,OTHER,UNCHANGED
2643,0.89015675,0.90392554,0.0137687899999999,0.87522393,0.8627507,-0.01247323,0.925,1.0,0.0749999999999999,0.0,0.0,0.0,0.0,0.0,0.0,0.0,0.0,0.0,1,1,0,False,False,False,False,False,OTHER,OTHER,IMPROVED
2644,0.0,0.0,0.0,1.0,1.0,0.0,1.0,1.0,0.0,0.0,0.0,0.0,1.0,1.0,0.0,0.0,0.0,0.0,0,0,0,True,True,False,False,True,OVERLAP_ONLY,OVERLAP_ONLY,PERSISTENT_ZERO
2645,1.0,0.8964762,-0.1035238,1.0,0.85210884,-0.14789116,1.0,1.0,0.0,0.0,0.0,0.0,0.0,0.0,0.0,0.0,0.0,0.0,1,1,0,False,False,False,False,False,OTHER,OTHER,REGRESSED
2646,0.803215,0.83834964,0.0351346399999999,0.8206643,0.83335656,0.01269226,0.7625,0.85,0.0875,0.0,0.0,0.0,0.0,0.0,0.0,0.0,0.0,0.0,1,1,0,False,False,False,False,False,OTHER,OTHER,IMPROVED
2647,0.99044555,0.98262376,-0.00782179,0.98635083,0.9751768,-0.01117403,1.0,1.0,0.0,0.0,0.0,0.0,0.0,0.0,0.0,0.0,0.0,0.0,1,1,0,False,False,False,False,False,OTHER,OTHER,REGRESSED
2648,1.0,1.0,0.0,1.0,1.0,0.0,1.0,1.0,0.0,0.0,0.0,0.0,0.0,0.0,0.0,0.0,0.0,0.0,1,1,0,False,False,False,False,False,OTHER,OTHER,UNCHANGED
2649,0.9813041,1.0,0.0186958999999999,0.9732915,1.0,0.0267085,1.0,1.0,0.0,0.0,0.0,0.0,0.0,0.0,0.0,0.0,0.0,0.0,1,1,0,False,False,False,False,False,OTHER,OTHER,IMPROVED
2650,0.86504793,0.0,-0.86504793,0.8447113,0.63831186,-0.2063994400000001,0.9125,1.0,0.0875,0.0,0.0,0.0,0.0,0.0,0.0,0.0,1.0,1.0,1,0,-1,False,True,False,True,False,OTHER,OFFROAD_ONLY,NEW_ZERO
2651,0.0,0.0,0.0,1.0,1.0,0.0,1.0,1.0,0.0,1.0,1.0,0.0,1.0,1.0,0.0,0.0,0.0,0.0,0,0,0,True,True,False,False,True,OVERLAP+COLLISION,OVERLAP+COLLISION,PERSISTENT_ZERO
2652,1.0,1.0,0.0,1.0,1.0,0.0,1.0,1.0,0.0,0.0,0.0,0.0,0.0,0.0,0.0,0.0,0.0,0.0,1,1,0,False,False,False,False,False,OTHER,OTHER,UNCHANGED
2653,0.88089705,0.91839707,0.03750002,0.88342434,0.88342434,0.0,0.875,1.0,0.125,0.0,0.0,0.0,0.0,0.0,0.0,0.0,0.0,0.0,1,1,0,False,False,False,False,False,OTHER,OTHER,IMPROVED
2654,0.88271314,0.92485636,0.04214322,0.83244723,0.892652,0.06020477,1.0,1.0,0.0,0.0,0.0,0.0,0.0,0.0,0.0,0.0,0.0,0.0,1,1,0,False,False,False,False,False,OTHER,OTHER,IMPROVED
2655,0.8246889,0.95471317,0.13002427,0.78169847,0.9353045,0.1536060299999999,0.925,1.0,0.0749999999999999,0.0,0.0,0.0,0.0,0.0,0.0,0.0,0.0,0.0,1,1,0,False,False,False,False,False,OTHER,OTHER,IMPROVED
2656,1.0,1.0,0.0,1.0,1.0,0.0,1.0,1.0,0.0,0.0,0.0,0.0,0.0,0.0,0.0,0.0,0.0,0.0,1,1,0,False,False,False,False,False,OTHER,OTHER,UNCHANGED
2657,1.0,1.0,0.0,1.0,1.0,0.0,1.0,1.0,0.0,0.0,0.0,0.0,0.0,0.0,0.0,0.0,0.0,0.0,1,1,0,False,False,False,False,False,OTHER,OTHER,UNCHANGED
2658,0.96250004,1.0,0.03749996,1.0,1.0,0.0,0.875,1.0,0.125,0.0,0.0,0.0,0.0,0.0,0.0,0.0,0.0,0.0,1,1,0,False,False,False,False,False,OTHER,OTHER,IMPROVED
2659,0.9702379,0.8823954,-0.0878424999999999,0.9574828,0.8319934,-0.1254893999999999,1.0,1.0,0.0,0.0,0.0,0.0,0.0,0.0,0.0,0.0,0.0,0.0,1,1,0,False,False,False,False,False,OTHER,OTHER,REGRESSED
2660,0.9125757,0.94753456,0.03495886,0.87510824,0.92504936,0.04994112,1.0,1.0,0.0,0.0,0.0,0.0,0.0,0.0,0.0,0.0,0.0,0.0,1,1,0,False,False,False,False,False,OTHER,OTHER,IMPROVED
2661,0.9160938,0.8905074,-0.0255864,0.9390626,0.9025106,-0.0365519999999999,0.8625,0.8625,0.0,0.0,0.0,0.0,0.0,0.0,0.0,0.0,0.0,0.0,1,1,0,False,False,False,False,False,OTHER,OTHER,REGRESSED
2662,1.0,1.0,0.0,1.0,1.0,0.0,1.0,1.0,0.0,0.0,0.0,0.0,0.0,0.0,0.0,0.0,0.0,0.0,1,1,0,False,False,False,False,False,OTHER,OTHER,UNCHANGED
2663,0.82589597,0.8930138,0.0671178299999999,0.8798514,0.9275196,0.0476682,0.7,0.8125,0.1125,0.0,0.0,0.0,0.0,0.0,0.0,0.0,0.0,0.0,1,1,0,False,False,False,False,False,OTHER,OTHER,IMPROVED
2664,0.9038804,0.0,-0.9038804,0.8626863,0.3373459,-0.5253404,1.0,0.79310346,-0.20689654,0.0,1.0,1.0,0.0,1.0,1.0,0.0,0.0,0.0,1,0,-1,False,True,False,True,False,OTHER,OVERLAP+COLLISION,NEW_ZERO
2665,1.0,1.0,0.0,1.0,1.0,0.0,1.0,1.0,0.0,0.0,0.0,0.0,0.0,0.0,0.0,0.0,0.0,0.0,1,1,0,False,False,False,False,False,OTHER,OTHER,UNCHANGED
2666,1.0,1.0,0.0,1.0,1.0,0.0,1.0,1.0,0.0,0.0,0.0,0.0,0.0,0.0,0.0,0.0,0.0,0.0,1,1,0,False,False,False,False,False,OTHER,OTHER,UNCHANGED
2667,0.0,0.86594105,0.86594105,0.8711418,0.8084871,-0.0626546999999999,1.0,1.0,0.0,0.0,0.0,0.0,0.0,0.0,0.0,1.0,0.0,-1.0,0,1,1,True,False,True,False,False,OFFROAD_ONLY,OTHER,FIXED_ZERO
2668,0.8932273,0.9817112,0.0884839,0.92782474,0.9738731,0.04604836,0.8125,1.0,0.1875,0.0,0.0,0.0,0.0,0.0,0.0,0.0,0.0,0.0,1,1,0,False,False,False,False,False,OTHER,OTHER,IMPROVED
2669,1.0,1.0,0.0,1.0,1.0,0.0,1.0,1.0,0.0,0.0,0.0,0.0,0.0,0.0,0.0,0.0,0.0,0.0,1,1,0,False,False,False,False,False,OTHER,OTHER,UNCHANGED
2670,1.0,0.9008446,-0.0991554,1.0,0.8583493,-0.1416507,1.0,1.0,0.0,0.0,0.0,0.0,0.0,0.0,0.0,0.0,0.0,0.0,1,1,0,False,False,False,False,False,OTHER,OTHER,REGRESSED
2671,0.895,0.97375005,0.07875005,1.0,1.0,0.0,0.65000004,0.9125,0.26249996,0.0,0.0,0.0,0.0,0.0,0.0,0.0,0.0,0.0,1,1,0,False,False,False,False,False,OTHER,OTHER,IMPROVED
2672,0.96999997,1.0,0.0300000299999999,1.0,1.0,0.0,0.90000004,1.0,0.09999996,0.0,0.0,0.0,0.0,0.0,0.0,0.0,0.0,0.0,1,1,0,False,False,False,False,False,OTHER,OTHER,IMPROVED
2673,0.96625006,0.89166945,-0.07458061,1.0,0.8505993,-0.1494007,0.8875,0.9875,0.1,0.0,0.0,0.0,0.0,0.0,0.0,0.0,0.0,0.0,1,1,0,False,False,False,False,False,OTHER,OTHER,REGRESSED
2674,0.9032435,0.9369934,0.0337499,0.90999055,0.90999055,0.0,0.8875,1.0,0.1125,0.0,0.0,0.0,0.0,0.0,0.0,0.0,0.0,0.0,1,1,0,False,False,False,False,False,OTHER,OTHER,IMPROVED
2675,0.9558205,0.9558205,0.0,0.9368864,0.9368864,0.0,1.0,1.0,0.0,0.0,0.0,0.0,0.0,0.0,0.0,0.0,0.0,0.0,1,1,0,False,False,False,False,False,OTHER,OTHER,UNCHANGED
2676,0.9127156,0.9476585,0.0349429,0.87530804,0.92522633,0.04991829,1.0,1.0,0.0,0.0,0.0,0.0,0.0,0.0,0.0,0.0,0.0,0.0,1,1,0,False,False,False,False,False,OTHER,OTHER,IMPROVED
2677,1.0,1.0,0.0,1.0,1.0,0.0,1.0,1.0,0.0,0.0,0.0,0.0,0.0,0.0,0.0,0.0,0.0,0.0,1,1,0,False,False,False,False,False,OTHER,OTHER,UNCHANGED
2678,0.95387536,0.8726861,-0.0811892599999999,0.982322,0.85026586,-0.13205614,0.8875,0.925,0.0375,0.0,0.0,0.0,0.0,0.0,0.0,0.0,0.0,0.0,1,1,0,False,False,False,False,False,OTHER,OTHER,REGRESSED
2679,1.0,1.0,0.0,1.0,1.0,0.0,1.0,1.0,0.0,0.0,0.0,0.0,0.0,0.0,0.0,0.0,0.0,0.0,1,1,0,False,False,False,False,False,OTHER,OTHER,UNCHANGED
2680,1.0,1.0,0.0,1.0000001,1.0000001,0.0,1.0,1.0,0.0,0.0,0.0,0.0,0.0,0.0,0.0,0.0,0.0,0.0,1,1,0,False,False,False,False,False,OTHER,OTHER,UNCHANGED
2681,0.36400852,0.32264304,-0.04136548,0.13965502,0.08056152,-0.0590934999999999,0.8875,0.8875,0.0,0.0,0.0,0.0,0.0,0.0,0.0,0.0,0.0,0.0,1,1,0,False,False,False,False,False,OTHER,OTHER,REGRESSED
2682,0.95437205,0.92875004,-0.0256220099999999,0.98838854,1.0,0.01161146,0.875,0.7625,-0.1125,0.0,0.0,0.0,0.0,0.0,0.0,0.0,0.0,0.0,1,1,0,False,False,False,False,False,OTHER,OTHER,REGRESSED
2683,1.0,1.0,0.0,1.0,1.0,0.0,1.0,1.0,0.0,0.0,0.0,0.0,0.0,0.0,0.0,0.0,0.0,0.0,1,1,0,False,False,False,False,False,OTHER,OTHER,UNCHANGED
2684,1.0,1.0,0.0,1.0,1.0,0.0,1.0,1.0,0.0,0.0,0.0,0.0,0.0,0.0,0.0,0.0,0.0,0.0,1,1,0,False,False,False,False,False,OTHER,OTHER,UNCHANGED
2685,1.0,0.9187377,-0.0812623,1.0,0.883911,-0.116089,1.0,1.0,0.0,0.0,0.0,0.0,0.0,0.0,0.0,0.0,0.0,0.0,1,1,0,False,False,False,False,False,OTHER,OTHER,REGRESSED
2686,0.0,0.0,0.0,1.0,1.0,0.0,1.0,1.0,0.0,1.0,1.0,0.0,1.0,1.0,0.0,0.0,0.0,0.0,0,0,0,True,True,False,False,True,OVERLAP+COLLISION,OVERLAP+COLLISION,PERSISTENT_ZERO
2687,0.0,0.0,0.0,1.0,1.0,0.0,1.0,1.0,0.0,2.0,1.0,-1.0,1.0,1.0,0.0,0.0,0.0,0.0,0,0,0,True,True,False,False,True,OVERLAP+COLLISION,OVERLAP+COLLISION,PERSISTENT_ZERO
2688,1.0,1.0,0.0,1.0,1.0,0.0,1.0,1.0,0.0,0.0,0.0,0.0,0.0,0.0,0.0,0.0,0.0,0.0,1,1,0,False,False,False,False,False,OTHER,OTHER,UNCHANGED
2689,0.0,0.8613557,0.8613557,0.7632365,0.962651,0.1994145,0.53030306,0.625,0.0946969399999999,1.0,0.0,-1.0,1.0,0.0,-1.0,0.0,0.0,0.0,0,1,1,True,False,True,False,False,OVERLAP+COLLISION,OTHER,FIXED_ZERO
2690,0.9421366,1.0,0.0578634,0.9709093,1.0,0.0290907,0.875,1.0,0.125,0.0,0.0,0.0,0.0,0.0,0.0,0.0,0.0,0.0,1,1,0,False,False,False,False,False,OTHER,OTHER,IMPROVED
2691,1.0,1.0,0.0,1.0,1.0,0.0,1.0,1.0,0.0,0.0,0.0,0.0,0.0,0.0,0.0,0.0,0.0,0.0,1,1,0,False,False,False,False,False,OTHER,OTHER,UNCHANGED
2692,0.904412,0.9469385,0.0425265,0.91166,0.9241979,0.0125378999999999,0.8875,1.0,0.1125,0.0,0.0,0.0,0.0,0.0,0.0,0.0,0.0,0.0,1,1,0,False,False,False,False,False,OTHER,OTHER,IMPROVED
2693,1.0,1.0,0.0,1.0,1.0,0.0,1.0,1.0,0.0,0.0,0.0,0.0,0.0,0.0,0.0,0.0,0.0,0.0,1,1,0,False,False,False,False,False,OTHER,OTHER,UNCHANGED
2694,0.81482756,0.86109036,0.0462628,0.83725363,0.849772,0.01251837,0.7625,0.8875,0.125,0.0,0.0,0.0,0.0,0.0,0.0,0.0,0.0,0.0,1,1,0,False,False,False,False,False,OTHER,OTHER,IMPROVED
2695,0.9132328,0.85259265,-0.06064015,0.87604684,0.8376324,-0.0384144399999999,1.0,0.8875,-0.1125,0.0,0.0,0.0,0.0,0.0,0.0,0.0,0.0,0.0,1,1,0,False,False,False,False,False,OTHER,OTHER,REGRESSED
2696,1.0,1.0,0.0,1.0,1.0,0.0,1.0,1.0,0.0,0.0,0.0,0.0,0.0,0.0,0.0,0.0,0.0,0.0,1,1,0,False,False,False,False,False,OTHER,OTHER,UNCHANGED
2697,0.97296315,1.0,0.02703685,0.96137583,0.99999994,0.0386241099999999,1.0,1.0,0.0,0.0,0.0,0.0,0.0,0.0,0.0,0.0,0.0,0.0,1,1,0,False,False,False,False,False,OTHER,OTHER,IMPROVED
2698,1.0,0.9231224,-0.0768775999999999,1.0,0.89017487,-0.10982513,1.0,1.0,0.0,0.0,0.0,0.0,0.0,0.0,0.0,0.0,0.0,0.0,1,1,0,False,False,False,False,False,OTHER,OTHER,REGRESSED
2699,0.8352855,0.8908102,0.0555246999999999,0.8718364,0.8975859,0.0257495,0.75,0.875,0.125,0.0,0.0,0.0,0.0,0.0,0.0,0.0,0.0,0.0,1,1,0,False,False,False,False,False,OTHER,OTHER,IMPROVED
2700,1.0,0.8740757,-0.1259243,1.0,0.82010823,-0.17989177,1.0,1.0,0.0,0.0,0.0,0.0,0.0,0.0,0.0,0.0,0.0,0.0,1,1,0,False,False,False,False,False,OTHER,OTHER,REGRESSED
2701,0.9439564,0.93199885,-0.0119575499999999,0.9520804,0.9028555,-0.0492249,0.925,1.0,0.0749999999999999,0.0,0.0,0.0,0.0,0.0,0.0,0.0,0.0,0.0,1,1,0,False,False,False,False,False,OTHER,OTHER,REGRESSED
2702,0.93929714,0.8954701,-0.0438270399999999,0.91328156,0.8506715,-0.06261006,1.0,1.0,0.0,0.0,0.0,0.0,0.0,0.0,0.0,0.0,0.0,0.0,1,1,0,False,False,False,False,False,OTHER,OTHER,REGRESSED
2703,0.95545644,0.8936432,-0.0618132399999999,0.9363664,0.8480617,-0.0883047,1.0,1.0,0.0,0.0,0.0,0.0,0.0,0.0,0.0,0.0,0.0,0.0,1,1,0,False,False,False,False,False,OTHER,OTHER,REGRESSED
2704,0.94,1.0,0.06,1.0,1.0,0.0,0.8,1.0,0.1999999999999999,0.0,0.0,0.0,0.0,0.0,0.0,0.0,0.0,0.0,1,1,0,False,False,False,False,False,OTHER,OTHER,IMPROVED
2705,0.9274439,0.9224326,-0.0050112999999999,0.9499199,0.93740374,-0.0125161599999999,0.875,0.8875,0.0124999999999999,0.0,0.0,0.0,0.0,0.0,0.0,0.0,0.0,0.0,1,1,0,False,False,False,False,False,OTHER,OTHER,REGRESSED
2706,1.0,1.0,0.0,1.0,1.0,0.0,1.0,1.0,0.0,0.0,0.0,0.0,0.0,0.0,0.0,0.0,0.0,0.0,1,1,0,False,False,False,False,False,OTHER,OTHER,UNCHANGED
2707,0.0,0.0,0.0,0.174739,0.174739,0.0,0.2857143,1.0,0.7142857,0.0,0.0,0.0,0.0,0.0,0.0,1.0,1.0,0.0,0,0,0,True,True,False,False,True,OFFROAD_ONLY,OFFROAD_ONLY,PERSISTENT_ZERO
2708,0.91143745,0.9643424,0.05290495,0.9216964,0.94906056,0.02736416,0.8875,1.0,0.1125,0.0,0.0,0.0,0.0,0.0,0.0,0.0,0.0,0.0,1,1,0,False,False,False,False,False,OTHER,OTHER,IMPROVED
2709,0.9186789,0.891533,-0.0271458999999999,0.8838269,0.8450471,-0.0387797999999999,1.0,1.0,0.0,0.0,0.0,0.0,0.0,0.0,0.0,0.0,0.0,0.0,1,1,0,False,False,False,False,False,OTHER,OTHER,REGRESSED
2710,0.97375005,1.0,0.0262499499999999,1.0,1.0,0.0,0.9125,1.0,0.0875,0.0,0.0,0.0,0.0,0.0,0.0,0.0,0.0,0.0,1,1,0,False,False,False,False,False,OTHER,OTHER,IMPROVED
2711,0.97749996,0.97749996,0.0,0.99999994,0.99999994,0.0,0.925,0.925,0.0,0.0,0.0,0.0,0.0,0.0,0.0,0.0,0.0,0.0,1,1,0,False,False,False,False,False,OTHER,OTHER,UNCHANGED
2712,1.0,0.9215414,-0.0784586,1.0,0.8879164,-0.1120835999999999,1.0,1.0,0.0,0.0,0.0,0.0,0.0,0.0,0.0,0.0,0.0,0.0,1,1,0,False,False,False,False,False,OTHER,OTHER,REGRESSED
2713,0.97375005,0.94375,-0.03000005,1.0,1.0,0.0,0.9125,0.8125,-0.0999999999999999,0.0,0.0,0.0,0.0,0.0,0.0,0.0,0.0,0.0,1,1,0,False,False,False,False,False,OTHER,OTHER,REGRESSED
2714,0.8763319,0.8302954,-0.0460365,0.87690264,0.7575649,-0.1193377399999999,0.875,1.0,0.125,0.0,0.0,0.0,0.0,0.0,0.0,0.0,0.0,0.0,1,1,0,False,False,False,False,False,OTHER,OTHER,REGRESSED
2715,0.96625006,0.98125,0.0149999399999999,1.0,1.0,0.0,0.8875,0.9375,0.05,0.0,0.0,0.0,0.0,0.0,0.0,0.0,0.0,0.0,1,1,0,False,False,False,False,False,OTHER,OTHER,IMPROVED
2716,0.93616354,0.9081196,-0.0280439399999999,0.9409478,0.8687423,-0.0722055,0.925,1.0,0.0749999999999999,0.0,0.0,0.0,0.0,0.0,0.0,0.0,0.0,0.0,1,1,0,False,False,False,False,False,OTHER,OTHER,REGRESSED
2717,0.95461655,0.9819433,0.0273267499999999,0.9351665,0.9742048,0.0390382999999999,1.0,1.0,0.0,0.0,0.0,0.0,0.0,0.0,0.0,0.0,0.0,0.0,1,1,0,False,False,False,False,False,OTHER,OTHER,IMPROVED
2718,0.8788808,0.8901308,0.0112499999999999,0.87518686,0.87518686,0.0,0.8875,0.925,0.0375,0.0,0.0,0.0,0.0,0.0,0.0,0.0,0.0,0.0,1,1,0,False,False,False,False,False,OTHER,OTHER,IMPROVED
2719,0.9649893,0.87755215,-0.08743715,0.9499846,0.82507443,-0.1249101699999999,1.0,1.0,0.0,0.0,0.0,0.0,0.0,0.0,0.0,0.0,0.0,0.0,1,1,0,False,False,False,False,False,OTHER,OTHER,REGRESSED
2720,0.0,0.96999997,0.96999997,0.99999994,0.99999994,0.0,0.8857143,0.90000004,0.01428574,0.0,0.0,0.0,0.0,0.0,0.0,1.0,0.0,-1.0,0,1,1,True,False,True,False,False,OFFROAD_ONLY,OTHER,FIXED_ZERO
2721,0.968105,0.9582923,-0.0098127,0.95443577,0.98863184,0.03419607,1.0,0.8875,-0.1125,0.0,0.0,0.0,0.0,0.0,0.0,0.0,0.0,0.0,1,1,0,False,False,False,False,False,OTHER,OTHER,REGRESSED
2722,1.0,0.8524918,-0.1475081999999999,1.0,0.8749882,-0.1250118,1.0,0.8,-0.1999999999999999,0.0,0.0,0.0,0.0,0.0,0.0,0.0,0.0,0.0,1,1,0,False,False,False,False,False,OTHER,OTHER,REGRESSED
2723,0.9316145,0.96116656,0.0295520599999999,0.9719492,0.94452375,-0.0274254499999999,0.83750004,1.0,0.16249996,0.0,0.0,0.0,0.0,0.0,0.0,0.0,0.0,0.0,1,1,0,False,False,False,False,False,OTHER,OTHER,IMPROVED
2724,0.9828922,0.9491423,-0.0337499,0.9755603,0.9755603,0.0,1.0,0.8875,-0.1125,0.0,0.0,0.0,0.0,0.0,0.0,0.0,0.0,0.0,1,1,0,False,False,False,False,False,OTHER,OTHER,REGRESSED
2725,1.0,1.0,0.0,1.0,1.0,0.0,1.0,1.0,0.0,0.0,0.0,0.0,0.0,0.0,0.0,0.0,0.0,0.0,1,1,0,False,False,False,False,False,OTHER,OTHER,UNCHANGED
2726,0.9315405,0.9254428,-0.0060976999999999,0.9504149,0.92563254,-0.02478236,0.8875,0.925,0.0375,0.0,0.0,0.0,0.0,0.0,0.0,0.0,0.0,0.0,1,1,0,False,False,False,False,False,OTHER,OTHER,REGRESSED
2727,1.0,1.0,0.0,1.0,1.0,0.0,1.0,1.0,0.0,0.0,0.0,0.0,0.0,0.0,0.0,0.0,0.0,0.0,1,1,0,False,False,False,False,False,OTHER,OTHER,UNCHANGED
2728,0.97749996,1.0,0.02250004,1.0,1.0,0.0,0.925,1.0,0.0749999999999999,0.0,0.0,0.0,0.0,0.0,0.0,0.0,0.0,0.0,1,1,0,False,False,False,False,False,OTHER,OTHER,IMPROVED
2729,0.91127414,0.97749996,0.0662258199999999,0.9268203,1.0,0.0731796999999999,0.875,0.925,0.05,0.0,0.0,0.0,0.0,0.0,0.0,0.0,0.0,0.0,1,1,0,False,False,False,False,False,OTHER,OTHER,IMPROVED
2730,1.0,0.9659304,-0.0340696,1.0,0.9513292,-0.0486708,1.0,1.0,0.0,0.0,0.0,0.0,0.0,0.0,0.0,0.0,0.0,0.0,1,1,0,False,False,False,False,False,OTHER,OTHER,REGRESSED
2731,0.95704174,0.95704174,0.0,0.9386311,0.9386311,0.0,1.0,1.0,0.0,0.0,0.0,0.0,0.0,0.0,0.0,0.0,0.0,0.0,1,1,0,False,False,False,False,False,OTHER,OTHER,UNCHANGED
2732,0.952401,0.93609524,-0.01630576,0.93200135,0.90870756,-0.0232937899999999,1.0,1.0,0.0,0.0,0.0,0.0,0.0,0.0,0.0,0.0,0.0,0.0,1,1,0,False,False,False,False,False,OTHER,OTHER,REGRESSED
2733,0.9159465,0.9558633,0.0399167999999999,0.94956636,0.9369476,-0.01261876,0.83750004,1.0,0.16249996,0.0,0.0,0.0,0.0,0.0,0.0,0.0,0.0,0.0,1,1,0,False,False,False,False,False,OTHER,OTHER,IMPROVED
2734,0.92138785,0.83782846,-0.08355939,0.9519826,0.7683263,-0.1836563,0.85,1.0,0.15,0.0,0.0,0.0,0.0,0.0,0.0,0.0,0.0,0.0,1,1,0,False,False,False,False,False,OTHER,OTHER,REGRESSED
2735,1.0,1.0,0.0,1.0,1.0,0.0,1.0,1.0,0.0,0.0,0.0,0.0,0.0,0.0,0.0,0.0,0.0,0.0,1,1,0,False,False,False,False,False,OTHER,OTHER,UNCHANGED
2736,0.8999762,0.8697945,-0.0301816999999999,0.91068023,0.87292075,-0.0377594799999999,0.875,0.8625,-0.0124999999999999,0.0,0.0,0.0,0.0,0.0,0.0,0.0,0.0,0.0,1,1,0,False,False,False,False,False,OTHER,OTHER,REGRESSED
2737,0.9595709,1.0,0.0404290999999999,0.9743869,1.0000001,0.0256132000000001,0.925,1.0,0.0749999999999999,0.0,0.0,0.0,0.0,0.0,0.0,0.0,0.0,0.0,1,1,0,False,False,False,False,False,OTHER,OTHER,IMPROVED
2738,1.0,1.0,0.0,1.0,1.0,0.0,1.0,1.0,0.0,0.0,0.0,0.0,0.0,0.0,0.0,0.0,0.0,0.0,1,1,0,False,False,False,False,False,OTHER,OTHER,UNCHANGED
2739,0.94942075,0.94942075,0.0,0.92774385,0.92774385,0.0,1.0,1.0,0.0,0.0,0.0,0.0,0.0,0.0,0.0,0.0,0.0,0.0,1,1,0,False,False,False,False,False,OTHER,OTHER,UNCHANGED
2740,0.99063665,0.84841007,-0.14222658,0.9866237,0.783443,-0.2031807,1.0,1.0,0.0,0.0,0.0,0.0,0.0,0.0,0.0,0.0,0.0,0.0,1,1,0,False,False,False,False,False,OTHER,OTHER,REGRESSED
2741,0.93859035,0.86359036,-0.07499999,0.9122719,0.9122719,0.0,1.0,0.75,-0.25,0.0,0.0,0.0,0.0,0.0,0.0,0.0,0.0,0.0,1,1,0,False,False,False,False,False,OTHER,OTHER,REGRESSED
2742,1.0,1.0,0.0,1.0,1.0,0.0,1.0,1.0,0.0,0.0,0.0,0.0,0.0,0.0,0.0,0.0,0.0,0.0,1,1,0,False,False,False,False,False,OTHER,OTHER,UNCHANGED
2743,1.0,1.0,0.0,1.0,1.0,0.0,1.0,1.0,0.0,0.0,0.0,0.0,0.0,0.0,0.0,0.0,0.0,0.0,1,1,0,False,False,False,False,False,OTHER,OTHER,UNCHANGED
2744,0.9460288,1.0,0.0539712,0.9764697,1.0,0.0235303,0.875,1.0,0.125,0.0,0.0,0.0,0.0,0.0,0.0,0.0,0.0,0.0,1,1,0,False,False,False,False,False,OTHER,OTHER,IMPROVED
2745,0.9216963,0.87960625,-0.0420900499999999,0.8881376,0.82800895,-0.06012865,1.0,1.0,0.0,0.0,0.0,0.0,0.0,0.0,0.0,0.0,0.0,0.0,1,1,0,False,False,False,False,False,OTHER,OTHER,REGRESSED
2746,0.93863964,0.8861932,-0.0524464399999999,0.9123423,0.83741885,-0.07492345,1.0,1.0,0.0,0.0,0.0,0.0,0.0,0.0,0.0,0.0,0.0,0.0,1,1,0,False,False,False,False,False,OTHER,OTHER,REGRESSED
2747,1.0,0.0,-1.0,1.0,1.0,0.0,1.0,1.0,0.0,0.0,0.0,0.0,0.0,0.0,0.0,0.0,1.0,1.0,1,0,-1,False,True,False,True,False,OTHER,OFFROAD_ONLY,NEW_ZERO
2748,1.0,1.0,0.0,1.0,1.0,0.0,1.0,1.0,0.0,0.0,0.0,0.0,0.0,0.0,0.0,0.0,0.0,0.0,1,1,0,False,False,False,False,False,OTHER,OTHER,UNCHANGED
2749,1.0,1.0,0.0,1.0,1.0,0.0,1.0,1.0,0.0,0.0,0.0,0.0,0.0,0.0,0.0,0.0,0.0,0.0,1,1,0,False,False,False,False,False,OTHER,OTHER,UNCHANGED
2750,0.91369075,0.9655308,0.05184005,0.9249153,0.95075834,0.02584304,0.8875,1.0,0.1125,0.0,0.0,0.0,0.0,0.0,0.0,0.0,0.0,0.0,1,1,0,False,False,False,False,False,OTHER,OTHER,IMPROVED
2751,0.9127313,0.94765043,0.03491913,0.8753304,0.9252149,0.0498845,1.0,1.0,0.0,0.0,0.0,0.0,0.0,0.0,0.0,0.0,0.0,0.0,1,1,0,False,False,False,False,False,OTHER,OTHER,IMPROVED
2752,0.92060083,0.89421475,-0.02638608,0.8865726,0.84887815,-0.03769445,1.0,1.0,0.0,0.0,0.0,0.0,0.0,0.0,0.0,0.0,0.0,0.0,1,1,0,False,False,False,False,False,OTHER,OTHER,REGRESSED
2753,0.99992126,0.99992126,0.0,0.9998874,0.9998874,0.0,1.0,1.0,0.0,0.0,0.0,0.0,0.0,0.0,0.0,0.0,0.0,0.0,1,1,0,False,False,False,False,False,OTHER,OTHER,UNCHANGED
2754,1.0,0.96593326,-0.0340667399999999,1.0,0.95133317,-0.04866683,1.0,1.0,0.0,0.0,0.0,0.0,0.0,0.0,0.0,0.0,0.0,0.0,1,1,0,False,False,False,False,False,OTHER,OTHER,REGRESSED
2755,0.9124302,0.907451,-0.0049791999999999,0.87490034,0.89992994,0.0250295999999999,1.0,0.925,-0.0749999999999999,0.0,0.0,0.0,0.0,0.0,0.0,0.0,0.0,0.0,1,1,0,False,False,False,False,False,OTHER,OTHER,REGRESSED
2756,0.0,0.0,0.0,1.0,1.0,0.0,1.0,1.0,0.0,1.0,1.0,0.0,1.0,1.0,0.0,0.0,0.0,0.0,0,0,0,True,True,False,False,True,OVERLAP+COLLISION,OVERLAP+COLLISION,PERSISTENT_ZERO
2757,0.9039876,0.92147,0.0174824,0.8628394,0.8878143,0.0249748999999999,1.0,1.0,0.0,0.0,0.0,0.0,0.0,0.0,0.0,0.0,0.0,0.0,1,1,0,False,False,False,False,False,OTHER,OTHER,IMPROVED
2758,0.9912893,1.0,0.0087106999999999,0.9875561,1.0,0.0124438999999999,1.0,1.0,0.0,0.0,0.0,0.0,0.0,0.0,0.0,0.0,0.0,0.0,1,1,0,False,False,False,False,False,OTHER,OTHER,IMPROVED
2759,1.0,1.0,0.0,1.0,1.0,0.0,1.0,1.0,0.0,0.0,0.0,0.0,0.0,0.0,0.0,0.0,0.0,0.0,1,1,0,False,False,False,False,False,OTHER,OTHER,UNCHANGED
2760,0.0,0.0,0.0,1.0,1.0,0.0,1.0,1.0,0.0,1.0,1.0,0.0,1.0,1.0,0.0,0.0,0.0,0.0,0,0,0,True,True,False,False,True,OVERLAP+COLLISION,OVERLAP+COLLISION,PERSISTENT_ZERO
2761,0.7501164,0.679806,-0.0703104,0.67516625,0.5961514,-0.0790148499999999,0.925,0.875,-0.05,0.0,0.0,0.0,0.0,0.0,0.0,0.0,0.0,0.0,1,1,0,False,False,False,False,False,OTHER,OTHER,REGRESSED
2762,0.9216861,0.956494,0.0348079,0.888123,0.93784845,0.0497254499999999,1.0,1.0,0.0,0.0,0.0,0.0,0.0,0.0,0.0,0.0,0.0,0.0,1,1,0,False,False,False,False,False,OTHER,OTHER,IMPROVED
2763,1.0,1.0,0.0,1.0,1.0,0.0,1.0,1.0,0.0,0.0,0.0,0.0,0.0,0.0,0.0,0.0,0.0,0.0,1,1,0,False,False,False,False,False,OTHER,OTHER,UNCHANGED
2764,0.87491935,0.911224,0.03630465,0.8748847,0.9374628,0.0625781,0.875,0.85,-0.025,0.0,0.0,0.0,0.0,0.0,0.0,0.0,0.0,0.0,1,1,0,False,False,False,False,False,OTHER,OTHER,IMPROVED
2765,0.9325,1.0,0.0675,1.0,1.0,0.0,0.77500004,1.0,0.22499996,0.0,0.0,0.0,0.0,0.0,0.0,0.0,0.0,0.0,1,1,0,False,False,False,False,False,OTHER,OTHER,IMPROVED
2766,0.93861496,0.8861626,-0.0524523599999999,0.912307,0.8373751,-0.0749318999999999,1.0,1.0,0.0,0.0,0.0,0.0,0.0,0.0,0.0,0.0,0.0,0.0,1,1,0,False,False,False,False,False,OTHER,OTHER,REGRESSED
2767,0.8487803,0.87498343,0.0262031299999999,0.83754313,0.87497634,0.0374332099999999,0.875,0.875,0.0,0.0,0.0,0.0,0.0,0.0,0.0,0.0,0.0,0.0,1,1,0,False,False,False,False,False,OTHER,OTHER,IMPROVED
2768,0.85715485,0.90215474,0.0449998899999999,0.8602211,0.8602211,0.0,0.85,1.0,0.15,0.0,0.0,0.0,0.0,0.0,0.0,0.0,0.0,0.0,1,1,0,False,False,False,False,False,OTHER,OTHER,IMPROVED
2769,1.0,1.0,0.0,1.0,1.0,0.0,1.0,1.0,0.0,0.0,0.0,0.0,0.0,0.0,0.0,0.0,0.0,0.0,1,1,0,False,False,False,False,False,OTHER,OTHER,UNCHANGED
2770,1.0,1.0,0.0,1.0,1.0,0.0,1.0,1.0,0.0,0.0,0.0,0.0,0.0,0.0,0.0,0.0,0.0,0.0,1,1,0,False,False,False,False,False,OTHER,OTHER,UNCHANGED
2771,0.89975375,0.9088112,0.00905745,0.8567911,0.86973035,0.0129392499999999,1.0,1.0,0.0,0.0,0.0,0.0,0.0,0.0,0.0,0.0,0.0,0.0,1,1,0,False,False,False,False,False,OTHER,OTHER,IMPROVED
2772,1.0,1.0,0.0,1.0,1.0,0.0,1.0,1.0,0.0,0.0,0.0,0.0,0.0,0.0,0.0,0.0,0.0,0.0,1,1,0,False,False,False,False,False,OTHER,OTHER,UNCHANGED
2773,1.0,1.0,0.0,1.0,1.0,0.0,1.0,1.0,0.0,0.0,0.0,0.0,0.0,0.0,0.0,0.0,0.0,0.0,1,1,0,False,False,False,False,False,OTHER,OTHER,UNCHANGED
2774,1.0,1.0,0.0,1.0,1.0,0.0,1.0,1.0,0.0,0.0,0.0,0.0,0.0,0.0,0.0,0.0,0.0,0.0,1,1,0,False,False,False,False,False,OTHER,OTHER,UNCHANGED
2775,0.96625006,1.0,0.0337499399999999,1.0,1.0,0.0,0.8875,1.0,0.1125,0.0,0.0,0.0,0.0,0.0,0.0,0.0,0.0,0.0,1,1,0,False,False,False,False,False,OTHER,OTHER,IMPROVED
2776,0.8406003,0.8913048,0.0507045,0.8687147,0.844721,-0.0239936999999998,0.77500004,1.0,0.22499996,0.0,0.0,0.0,0.0,0.0,0.0,0.0,0.0,0.0,1,1,0,False,False,False,False,False,OTHER,OTHER,IMPROVED
2777,0.8158941,0.90341854,0.08752444,0.84949166,0.8620265,0.01253484,0.7375,1.0,0.2624999999999999,0.0,0.0,0.0,0.0,0.0,0.0,0.0,0.0,0.0,1,1,0,False,False,False,False,False,OTHER,OTHER,IMPROVED
2778,0.7817438,0.8130264,0.0312826,0.8167769,0.80253774,-0.01423916,0.7,0.83750004,0.13750004,0.0,0.0,0.0,0.0,0.0,0.0,0.0,0.0,0.0,1,1,0,False,False,False,False,False,OTHER,OTHER,IMPROVED
2779,0.0,0.0,0.0,0.08388639,0.08388639,0.0,0.375,1.0,0.625,1.0,1.0,0.0,1.0,1.0,0.0,0.0,0.0,0.0,0,0,0,True,True,False,False,True,OVERLAP+COLLISION,OVERLAP+COLLISION,PERSISTENT_ZERO
2780,0.8522466,0.9122639,0.0600173,0.837138,0.87466276,0.0375247599999999,0.8875,1.0,0.1125,0.0,0.0,0.0,0.0,0.0,0.0,0.0,0.0,0.0,1,1,0,False,False,False,False,False,OTHER,OTHER,IMPROVED
2781,0.97749996,0.85405684,-0.1234431199999999,1.0,0.79150975,-0.20849025,0.925,1.0,0.0749999999999999,0.0,0.0,0.0,0.0,0.0,0.0,0.0,0.0,0.0,1,1,0,False,False,False,False,False,OTHER,OTHER,REGRESSED
2782,0.9212276,0.9387371,0.0175094999999999,0.8874679,0.91248167,0.02501377,1.0,1.0,0.0,0.0,0.0,0.0,0.0,0.0,0.0,0.0,0.0,0.0,1,1,0,False,False,False,False,False,OTHER,OTHER,IMPROVED
2783,0.99134845,0.98356324,-0.00778521,0.98764074,0.97651887,-0.0111218699999999,1.0,1.0,0.0,0.0,0.0,0.0,0.0,0.0,0.0,0.0,0.0,0.0,1,1,0,False,False,False,False,False,OTHER,OTHER,REGRESSED
2784,0.8178116,0.8330946,0.015283,0.7879451,0.76156366,-0.0263814399999999,0.8875,1.0,0.1125,0.0,0.0,0.0,0.0,0.0,0.0,0.0,0.0,0.0,1,1,0,False,False,False,False,False,OTHER,OTHER,IMPROVED
2785,0.9300173,0.93964404,0.0096267399999999,0.90002465,0.91377723,0.01375258,1.0,1.0,0.0,0.0,0.0,0.0,0.0,0.0,0.0,0.0,0.0,0.0,1,1,0,False,False,False,False,False,OTHER,OTHER,IMPROVED
2786,1.0,1.0,0.0,1.0,1.0,0.0,1.0,1.0,0.0,0.0,0.0,0.0,0.0,0.0,0.0,0.0,0.0,0.0,1,1,0,False,False,False,False,False,OTHER,OTHER,UNCHANGED
2787,0.0,0.0,0.0,0.0068926523,0.028573655,0.0216810027,1.0,0.0,-1.0,1.0,1.0,0.0,1.0,1.0,0.0,0.0,0.0,0.0,0,0,0,True,True,False,False,True,OVERLAP+COLLISION,OVERLAP+COLLISION,PERSISTENT_ZERO
2788,0.86428875,0.7922191,-0.0720696500000001,0.8436266,0.7031702,-0.1404564,0.9125,1.0,0.0875,0.0,0.0,0.0,0.0,0.0,0.0,0.0,0.0,0.0,1,1,0,False,False,False,False,False,OTHER,OTHER,REGRESSED
2789,0.92124766,0.92999953,0.0087518699999999,0.8874967,0.89999944,0.0125027399999999,1.0,1.0,0.0,0.0,0.0,0.0,0.0,0.0,0.0,0.0,0.0,0.0,1,1,0,False,False,False,False,False,OTHER,OTHER,IMPROVED
2790,1.0,1.0,0.0,1.0,1.0,0.0,1.0,1.0,0.0,0.0,0.0,0.0,0.0,0.0,0.0,0.0,0.0,0.0,1,1,0,False,False,False,False,False,OTHER,OTHER,UNCHANGED
2791,0.8677869,0.93948287,0.0716959699999999,0.84326696,0.9778326,0.13456564,0.925,0.85,-0.075,0.0,0.0,0.0,0.0,0.0,0.0,0.0,0.0,0.0,1,1,0,False,False,False,False,False,OTHER,OTHER,IMPROVED
2792,0.9196148,0.9196148,0.0,0.885164,0.885164,0.0,1.0,1.0,0.0,0.0,0.0,0.0,0.0,0.0,0.0,0.0,0.0,0.0,1,1,0,False,False,False,False,False,OTHER,OTHER,UNCHANGED
2793,0.8242325,0.8417492,0.0175166999999999,0.8506892,0.83821315,-0.01247605,0.7625,0.85,0.0875,0.0,0.0,0.0,0.0,0.0,0.0,0.0,0.0,0.0,1,1,0,False,False,False,False,False,OTHER,OTHER,IMPROVED
2794,0.88989365,0.9386639,0.04877025,0.874848,0.9123769,0.0375289,0.925,1.0,0.0749999999999999,0.0,0.0,0.0,0.0,0.0,0.0,0.0,0.0,0.0,1,1,0,False,False,False,False,False,OTHER,OTHER,IMPROVED
2795,0.99124545,0.96624994,-0.02499551,0.9874936,0.99999994,0.01250634,1.0,0.8875,-0.1125,0.0,0.0,0.0,0.0,0.0,0.0,0.0,0.0,0.0,1,1,0,False,False,False,False,False,OTHER,OTHER,REGRESSED
2796,0.97749996,0.96625006,-0.0112498999999999,1.0,1.0,0.0,0.925,0.8875,-0.0375,0.0,0.0,0.0,0.0,0.0,0.0,0.0,0.0,0.0,1,1,0,False,False,False,False,False,OTHER,OTHER,REGRESSED
2797,0.9462782,0.992321,0.0460428,0.95539737,0.98902994,0.0336325699999999,0.925,1.0,0.0749999999999999,0.0,0.0,0.0,0.0,0.0,0.0,0.0,0.0,0.0,1,1,0,False,False,False,False,False,OTHER,OTHER,IMPROVED
2798,1.0,0.989606,-0.010394,1.0,0.9851514,-0.0148485999999999,1.0,1.0,0.0,0.0,0.0,0.0,0.0,0.0,0.0,0.0,0.0,0.0,1,1,0,False,False,False,False,False,OTHER,OTHER,REGRESSED
2799,1.0,1.0,0.0,1.0,1.0,0.0,1.0,1.0,0.0,0.0,0.0,0.0,0.0,0.0,0.0,0.0,0.0,0.0,1,1,0,False,False,False,False,False,OTHER,OTHER,UNCHANGED
2800,1.0,1.0,0.0,1.0,1.0,0.0,1.0,1.0,0.0,0.0,0.0,0.0,0.0,0.0,0.0,0.0,0.0,0.0,1,1,0,False,False,False,False,False,OTHER,OTHER,UNCHANGED
2801,0.9378652,0.86494774,-0.0729174599999999,0.9112359,0.8070681,-0.1041678,1.0,1.0,0.0,0.0,0.0,0.0,0.0,0.0,0.0,0.0,0.0,0.0,1,1,0,False,False,False,False,False,OTHER,OTHER,REGRESSED
2802,0.9126029,0.89885217,-0.01375073,0.875147,0.8876459,0.0124988999999999,1.0,0.925,-0.0749999999999999,0.0,0.0,0.0,0.0,0.0,0.0,0.0,0.0,0.0,1,1,0,False,False,False,False,False,OTHER,OTHER,REGRESSED
2803,0.96625006,0.9168028,-0.0494472599999999,1.0,0.8811469,-0.1188531,0.8875,1.0,0.1125,0.0,0.0,0.0,0.0,0.0,0.0,0.0,0.0,0.0,1,1,0,False,False,False,False,False,OTHER,OTHER,REGRESSED
2804,0.96250004,0.92875004,-0.0337499999999999,1.0,1.0,0.0,0.875,0.7625,-0.1125,0.0,0.0,0.0,0.0,0.0,0.0,0.0,0.0,0.0,1,1,0,False,False,False,False,False,OTHER,OTHER,REGRESSED
2805,0.9650588,0.98257655,0.01751775,0.950084,0.9751094,0.0250253999999999,1.0,1.0,0.0,0.0,0.0,0.0,0.0,0.0,0.0,0.0,0.0,0.0,1,1,0,False,False,False,False,False,OTHER,OTHER,IMPROVED
2806,0.96625006,0.95500004,-0.0112500199999999,1.0,1.0,0.0,0.8875,0.85,-0.0374999999999999,0.0,0.0,0.0,0.0,0.0,0.0,0.0,0.0,0.0,1,1,0,False,False,False,False,False,OTHER,OTHER,REGRESSED
2807,1.0,1.0,0.0,1.0,1.0,0.0,1.0,1.0,0.0,0.0,0.0,0.0,0.0,0.0,0.0,0.0,0.0,0.0,1,1,0,False,False,False,False,False,OTHER,OTHER,UNCHANGED
2808,0.939382,0.9256796,-0.0137024,0.91340274,0.92597073,0.0125679899999999,1.0,0.925,-0.0749999999999999,0.0,0.0,0.0,0.0,0.0,0.0,0.0,0.0,0.0,1,1,0,False,False,False,False,False,OTHER,OTHER,REGRESSED
2809,0.91251004,0.9562737,0.0437636599999999,0.8750143,0.93753386,0.06251956,1.0,1.0,0.0,0.0,0.0,0.0,0.0,0.0,0.0,0.0,0.0,0.0,1,1,0,False,False,False,False,False,OTHER,OTHER,IMPROVED
2810,1.0,1.0,0.0,1.0,1.0,0.0,1.0,1.0,0.0,0.0,0.0,0.0,0.0,0.0,0.0,0.0,0.0,0.0,1,1,0,False,False,False,False,False,OTHER,OTHER,UNCHANGED
2811,0.87324995,0.87324995,0.0,0.8189285,0.8189285,0.0,1.0,1.0,0.0,0.0,0.0,0.0,0.0,0.0,0.0,0.0,0.0,0.0,1,1,0,False,False,False,False,False,OTHER,OTHER,UNCHANGED
2812,0.9301923,0.9251642,-0.0050280999999999,0.9002747,0.9252345,0.0249597999999999,1.0,0.925,-0.0749999999999999,0.0,0.0,0.0,0.0,0.0,0.0,0.0,0.0,0.0,1,1,0,False,False,False,False,False,OTHER,OTHER,REGRESSED
2813,0.95500004,0.95500004,0.0,1.0,1.0,0.0,0.85,0.85,0.0,0.0,0.0,0.0,0.0,0.0,0.0,0.0,0.0,0.0,1,1,0,False,False,False,False,False,OTHER,OTHER,UNCHANGED
2814,0.9103409,0.90138495,-0.00895595,0.87191564,0.8591213,-0.01279434,1.0,1.0,0.0,0.0,0.0,0.0,0.0,0.0,0.0,0.0,0.0,0.0,1,1,0,False,False,False,False,False,OTHER,OTHER,REGRESSED
2815,0.86184436,0.8744156,0.0125712399999999,0.8615633,0.87416506,0.01260176,0.8625,0.875,0.0124999999999999,0.0,0.0,0.0,0.0,0.0,0.0,0.0,0.0,0.0,1,1,0,False,False,False,False,False,OTHER,OTHER,IMPROVED
2816,1.0,1.0,0.0,1.0,1.0,0.0,1.0,1.0,0.0,0.0,0.0,0.0,0.0,0.0,0.0,0.0,0.0,0.0,1,1,0,False,False,False,False,False,OTHER,OTHER,UNCHANGED
2817,0.9125902,0.94751567,0.03492547,0.87512887,0.9250224,0.04989353,1.0,1.0,0.0,0.0,0.0,0.0,0.0,0.0,0.0,0.0,0.0,0.0,1,1,0,False,False,False,False,False,OTHER,OTHER,IMPROVED
2818,0.94375,0.9358522,-0.0078977999999999,1.0,0.9083604,-0.0916396,0.8125,1.0,0.1875,0.0,0.0,0.0,0.0,0.0,0.0,0.0,0.0,0.0,1,1,0,False,False,False,False,False,OTHER,OTHER,REGRESSED
2819,1.0,1.0,0.0,1.0,1.0,0.0,1.0,1.0,0.0,0.0,0.0,0.0,0.0,0.0,0.0,0.0,0.0,0.0,1,1,0,False,False,False,False,False,OTHER,OTHER,UNCHANGED
2820,0.95385116,0.9913511,0.03749994,0.98764455,0.98764455,0.0,0.875,1.0,0.125,0.0,0.0,0.0,0.0,0.0,0.0,0.0,0.0,0.0,1,1,0,False,False,False,False,False,OTHER,OTHER,IMPROVED
2821,1.0,1.0,0.0,1.0,1.0,0.0,1.0,1.0,0.0,0.0,0.0,0.0,0.0,0.0,0.0,0.0,0.0,0.0,1,1,0,False,False,False,False,False,OTHER,OTHER,UNCHANGED
2822,1.0,1.0,0.0,1.0,1.0,0.0,1.0,1.0,0.0,0.0,0.0,0.0,0.0,0.0,0.0,0.0,0.0,0.0,1,1,0,False,False,False,False,False,OTHER,OTHER,UNCHANGED
2823,1.0,1.0,0.0,1.0,1.0,0.0,1.0,1.0,0.0,0.0,0.0,0.0,0.0,0.0,0.0,0.0,0.0,0.0,1,1,0,False,False,False,False,False,OTHER,OTHER,UNCHANGED
2824,1.0,1.0,0.0,1.0,1.0,0.0,1.0,1.0,0.0,0.0,0.0,0.0,0.0,0.0,0.0,0.0,0.0,0.0,1,1,0,False,False,False,False,False,OTHER,OTHER,UNCHANGED
2825,1.0,0.9071126,-0.0928873999999999,0.99999994,0.8673037,-0.13269624,1.0,1.0,0.0,0.0,0.0,0.0,0.0,0.0,0.0,0.0,0.0,0.0,1,1,0,False,False,False,False,False,OTHER,OTHER,REGRESSED
2826,1.0,0.9649896,-0.0350104,1.0,0.9499851,-0.0500148999999999,1.0,1.0,0.0,0.0,0.0,0.0,0.0,0.0,0.0,0.0,0.0,0.0,1,1,0,False,False,False,False,False,OTHER,OTHER,REGRESSED
2827,1.0,1.0,0.0,1.0,1.0,0.0,1.0,1.0,0.0,0.0,0.0,0.0,0.0,0.0,0.0,0.0,0.0,0.0,1,1,0,False,False,False,False,False,OTHER,OTHER,UNCHANGED
2828,0.7701853,0.8534239,0.0832386,0.9074076,0.87096274,-0.03644486,0.45000002,0.8125,0.36249998,0.0,0.0,0.0,0.0,0.0,0.0,0.0,0.0,0.0,1,1,0,False,False,False,False,False,OTHER,OTHER,IMPROVED
2829,0.97749996,1.0,0.02250004,1.0,1.0,0.0,0.925,1.0,0.0749999999999999,0.0,0.0,0.0,0.0,0.0,0.0,0.0,0.0,0.0,1,1,0,False,False,False,False,False,OTHER,OTHER,IMPROVED
2830,0.8699419,0.88119185,0.0112499499999999,0.8624169,0.8624169,0.0,0.8875,0.925,0.0375,0.0,0.0,0.0,0.0,0.0,0.0,0.0,0.0,0.0,1,1,0,False,False,False,False,False,OTHER,OTHER,IMPROVED
2831,0.94750005,0.9325,-0.01500005,1.0,1.0,0.0,0.825,0.77500004,-0.0499999599999999,0.0,0.0,0.0,0.0,0.0,0.0,0.0,0.0,0.0,1,1,0,False,False,False,False,False,OTHER,OTHER,REGRESSED
2832,1.0,1.0,0.0,1.0,1.0,0.0,1.0,1.0,0.0,0.0,0.0,0.0,0.0,0.0,0.0,0.0,0.0,0.0,1,1,0,False,False,False,False,False,OTHER,OTHER,UNCHANGED
2833,0.97749996,1.0,0.02250004,1.0,1.0,0.0,0.925,1.0,0.0749999999999999,0.0,0.0,0.0,0.0,0.0,0.0,0.0,0.0,0.0,1,1,0,False,False,False,False,False,OTHER,OTHER,IMPROVED
2834,0.85635054,0.90751183,0.05116129,0.8751435,0.9375168,0.0623733,0.8125,0.83750004,0.02500004,0.0,0.0,0.0,0.0,0.0,0.0,0.0,0.0,0.0,1,1,0,False,False,False,False,False,OTHER,OTHER,IMPROVED
2835,1.0,1.0,0.0,1.0,1.0,0.0,1.0,1.0,0.0,0.0,0.0,0.0,0.0,0.0,0.0,0.0,0.0,0.0,1,1,0,False,False,False,False,False,OTHER,OTHER,UNCHANGED
2836,0.91221774,0.92099136,0.00877362,0.87459666,0.88713056,0.0125338999999999,1.0,1.0,0.0,0.0,0.0,0.0,0.0,0.0,0.0,0.0,0.0,0.0,1,1,0,False,False,False,False,False,OTHER,OTHER,IMPROVED
2837,1.0,0.9469188,-0.0530812,1.0,0.92416966,-0.07583034,1.0,1.0,0.0,0.0,0.0,0.0,0.0,0.0,0.0,0.0,0.0,0.0,1,1,0,False,False,False,False,False,OTHER,OTHER,REGRESSED
2838,1.0,1.0,0.0,1.0,1.0,0.0,1.0,1.0,0.0,0.0,0.0,0.0,0.0,0.0,0.0,0.0,0.0,0.0,1,1,0,False,False,False,False,False,OTHER,OTHER,UNCHANGED
2839,0.862558,0.8657522,0.0031941999999999,0.835797,0.8082174,-0.0275796,0.925,1.0,0.0749999999999999,0.0,0.0,0.0,0.0,0.0,0.0,0.0,0.0,0.0,1,1,0,False,False,False,False,False,OTHER,OTHER,IMPROVED
2840,0.99234927,1.0,0.00765073,0.9890703,0.99999994,0.01092964,1.0,1.0,0.0,0.0,0.0,0.0,0.0,0.0,0.0,0.0,0.0,0.0,1,1,0,False,False,False,False,False,OTHER,OTHER,IMPROVED
2841,1.0,1.0,0.0,1.0,1.0,0.0,1.0,1.0,0.0,0.0,0.0,0.0,0.0,0.0,0.0,0.0,0.0,0.0,1,1,0,False,False,False,False,False,OTHER,OTHER,UNCHANGED
2842,0.91382277,0.9650356,0.0512128299999999,0.92510384,0.95005083,0.02494699,0.8875,1.0,0.1125,0.0,0.0,0.0,0.0,0.0,0.0,0.0,0.0,0.0,1,1,0,False,False,False,False,False,OTHER,OTHER,IMPROVED
2843,0.9124802,0.93873733,0.02625713,0.87497175,0.9124819,0.0375101499999999,1.0,1.0,0.0,0.0,0.0,0.0,0.0,0.0,0.0,0.0,0.0,0.0,1,1,0,False,False,False,False,False,OTHER,OTHER,IMPROVED
2844,1.0,1.0,0.0,1.0,1.0,0.0,1.0,1.0,0.0,0.0,0.0,0.0,0.0,0.0,0.0,0.0,0.0,0.0,1,1,0,False,False,False,False,False,OTHER,OTHER,UNCHANGED
2845,1.0,1.0,0.0,1.0,1.0,0.0,1.0,1.0,0.0,0.0,0.0,0.0,0.0,0.0,0.0,0.0,0.0,0.0,1,1,0,False,False,False,False,False,OTHER,OTHER,UNCHANGED
2846,0.9380911,0.96464866,0.02655756,0.91155875,0.949498,0.0379392499999999,1.0,1.0,0.0,0.0,0.0,0.0,0.0,0.0,0.0,0.0,0.0,0.0,1,1,0,False,False,False,False,False,OTHER,OTHER,IMPROVED
2847,0.8802967,0.9152054,0.0349086999999999,0.8879239,0.9377933,0.0498694,0.8625,0.8625,0.0,0.0,0.0,0.0,0.0,0.0,0.0,0.0,0.0,0.0,1,1,0,False,False,False,False,False,OTHER,OTHER,IMPROVED
2848,0.79125875,0.762413,-0.02884575,0.70179826,0.66059005,-0.0412082099999999,1.0,1.0,0.0,0.0,0.0,0.0,0.0,0.0,0.0,0.0,0.0,0.0,1,1,0,False,False,False,False,False,OTHER,OTHER,REGRESSED
2849,0.8662716,0.89875,0.0324784,0.93753093,1.0,0.06246907,0.7,0.6625,-0.0374999999999999,0.0,0.0,0.0,0.0,0.0,0.0,0.0,0.0,0.0,1,1,0,False,False,False,False,False,OTHER,OTHER,IMPROVED
2850,0.9387353,0.96500397,0.0262686699999999,0.912479,0.95000565,0.0375266499999999,1.0,1.0,0.0,0.0,0.0,0.0,0.0,0.0,0.0,0.0,0.0,0.0,1,1,0,False,False,False,False,False,OTHER,OTHER,IMPROVED
2851,1.0,1.0,0.0,1.0,1.0,0.0,1.0,1.0,0.0,0.0,0.0,0.0,0.0,0.0,0.0,0.0,0.0,0.0,1,1,0,False,False,False,False,False,OTHER,OTHER,UNCHANGED
2852,0.97782993,1.0,0.02217007,0.9683285,1.0,0.0316714999999999,1.0,1.0,0.0,0.0,0.0,0.0,0.0,0.0,0.0,0.0,0.0,0.0,1,1,0,False,False,False,False,False,OTHER,OTHER,IMPROVED
2853,0.98641634,0.9794666,-0.00694974,0.98059475,0.9706666,-0.0099281499999999,1.0,1.0,0.0,0.0,0.0,0.0,0.0,0.0,0.0,0.0,0.0,0.0,1,1,0,False,False,False,False,False,OTHER,OTHER,REGRESSED
2854,1.0,1.0,0.0,1.0,1.0,0.0,1.0,1.0,0.0,0.0,0.0,0.0,0.0,0.0,0.0,0.0,0.0,0.0,1,1,0,False,False,False,False,False,OTHER,OTHER,UNCHANGED
2855,0.93625003,0.95874995,0.02249992,1.0,1.0,0.0,0.7875,0.8625,0.075,0.0,0.0,0.0,0.0,0.0,0.0,0.0,0.0,0.0,1,1,0,False,False,False,False,False,OTHER,OTHER,IMPROVED
2856,0.88217753,0.8903722,0.0081946699999999,0.83168226,0.84338886,0.0117066,1.0,1.0,0.0,0.0,0.0,0.0,0.0,0.0,0.0,0.0,0.0,0.0,1,1,0,False,False,False,False,False,OTHER,OTHER,IMPROVED
2857,0.85253733,0.8637875,0.01125017,0.83755344,0.83755344,0.0,0.8875,0.925,0.0375,0.0,0.0,0.0,0.0,0.0,0.0,0.0,0.0,0.0,1,1,0,False,False,False,False,False,OTHER,OTHER,IMPROVED
2858,0.98252296,0.97378665,-0.0087363099999999,0.97503287,0.9625523,-0.01248057,1.0,1.0,0.0,0.0,0.0,0.0,0.0,0.0,0.0,0.0,0.0,0.0,1,1,0,False,False,False,False,False,OTHER,OTHER,REGRESSED
2859,0.95892316,0.9850001,0.02607694,0.96274734,1.0,0.03725266,0.95,0.95,0.0,0.0,0.0,0.0,0.0,0.0,0.0,0.0,0.0,0.0,1,1,0,False,False,False,False,False,OTHER,OTHER,IMPROVED
2860,1.0,1.0,0.0,1.0,1.0,0.0,1.0,1.0,0.0,0.0,0.0,0.0,0.0,0.0,0.0,0.0,0.0,0.0,1,1,0,False,False,False,False,False,OTHER,OTHER,UNCHANGED
2861,1.0,0.98875,-0.0112499999999999,1.0,1.0,0.0,1.0,0.96250004,-0.03749996,0.0,0.0,0.0,0.0,0.0,0.0,0.0,0.0,0.0,1,1,0,False,False,False,False,False,OTHER,OTHER,REGRESSED
2862,0.948156,0.9361356,-0.0120204,0.92593706,0.96233654,0.03639948,1.0,0.875,-0.125,0.0,0.0,0.0,0.0,0.0,0.0,0.0,0.0,0.0,1,1,0,False,False,False,False,False,OTHER,OTHER,REGRESSED
2863,1.0,1.0,0.0,0.99999994,0.99999994,0.0,1.0,1.0,0.0,0.0,0.0,0.0,0.0,0.0,0.0,0.0,0.0,0.0,1,1,0,False,False,False,False,False,OTHER,OTHER,UNCHANGED
2864,0.86134577,0.91678256,0.05543679,0.8929939,0.881118,-0.0118759,0.7875,1.0,0.2125,0.0,0.0,0.0,0.0,0.0,0.0,0.0,0.0,0.0,1,1,0,False,False,False,False,False,OTHER,OTHER,IMPROVED
2865,0.0,0.0,0.0,1.0,1.0,0.0,1.0,1.0,0.0,1.0,1.0,0.0,1.0,1.0,0.0,0.0,0.0,0.0,0,0,0,True,True,False,False,True,OVERLAP+COLLISION,OVERLAP+COLLISION,PERSISTENT_ZERO
2866,0.8892838,0.72445506,-0.1648287399999999,0.8900482,0.63850725,-0.25154095,0.8875,0.925,0.0375,0.0,0.0,0.0,0.0,0.0,0.0,0.0,0.0,0.0,1,1,0,False,False,False,False,False,OTHER,OTHER,REGRESSED
2867,0.965157,0.9401199,-0.0250371,0.9502243,0.9626714,0.0124470999999999,1.0,0.8875,-0.1125,0.0,0.0,0.0,0.0,0.0,0.0,0.0,0.0,0.0,1,1,0,False,False,False,False,False,OTHER,OTHER,REGRESSED
2868,1.0,1.0,0.0,1.0,1.0,0.0,1.0,1.0,0.0,0.0,0.0,0.0,0.0,0.0,0.0,0.0,0.0,0.0,1,1,0,False,False,False,False,False,OTHER,OTHER,UNCHANGED
2869,0.8764849,0.87676775,0.0002828499999999,0.8235498,0.86145383,0.0379040299999999,1.0,0.9125,-0.0875,0.0,0.0,0.0,0.0,0.0,0.0,0.0,0.0,0.0,1,1,0,False,False,False,False,False,OTHER,OTHER,IMPROVED
2870,0.96768826,0.9143513,-0.0533369599999999,0.9538404,0.87764466,-0.07619574,1.0,1.0,0.0,0.0,0.0,0.0,0.0,0.0,0.0,0.0,0.0,0.0,1,1,0,False,False,False,False,False,OTHER,OTHER,REGRESSED
2871,0.9656977,1.0,0.0343023,0.95099664,1.0,0.04900336,1.0,1.0,0.0,0.0,0.0,0.0,0.0,0.0,0.0,0.0,0.0,0.0,1,1,0,False,False,False,False,False,OTHER,OTHER,IMPROVED
2872,0.9156088,0.94092673,0.02531793,0.92765546,0.9156097,-0.01204576,0.8875,1.0,0.1125,0.0,0.0,0.0,0.0,0.0,0.0,0.0,0.0,0.0,1,1,0,False,False,False,False,False,OTHER,OTHER,IMPROVED
2873,0.93034333,0.947761,0.0174176699999999,0.9004905,0.92537284,0.02488234,1.0,1.0,0.0,0.0,0.0,0.0,0.0,0.0,0.0,0.0,0.0,0.0,1,1,0,False,False,False,False,False,OTHER,OTHER,IMPROVED
2874,1.0,1.0,0.0,1.0,1.0,0.0,1.0,1.0,0.0,0.0,0.0,0.0,0.0,0.0,0.0,0.0,0.0,0.0,1,1,0,False,False,False,False,False,OTHER,OTHER,UNCHANGED
2875,0.92794704,0.90918636,-0.0187606799999999,0.89706725,0.87026614,-0.0268011099999999,1.0,1.0,0.0,0.0,0.0,0.0,0.0,0.0,0.0,0.0,0.0,0.0,1,1,0,False,False,False,False,False,OTHER,OTHER,REGRESSED
2876,0.0,1.0,1.0,0.7293345,1.0,0.2706655,0.804878,1.0,0.195122,0.0,0.0,0.0,0.0,0.0,0.0,1.0,0.0,-1.0,0,1,1,True,False,True,False,False,OFFROAD_ONLY,OTHER,FIXED_ZERO
2877,0.96625006,0.97749996,0.0112498999999999,1.0,1.0,0.0,0.8875,0.925,0.0375,0.0,0.0,0.0,0.0,0.0,0.0,0.0,0.0,0.0,1,1,0,False,False,False,False,False,OTHER,OTHER,IMPROVED
2878,1.0,1.0,0.0,1.0,1.0,0.0,1.0,1.0,0.0,0.0,0.0,0.0,0.0,0.0,0.0,0.0,0.0,0.0,1,1,0,False,False,False,False,False,OTHER,OTHER,UNCHANGED
2879,1.0,1.0,0.0,1.0,1.0,0.0,1.0,1.0,0.0,0.0,0.0,0.0,0.0,0.0,0.0,0.0,0.0,0.0,1,1,0,False,False,False,False,False,OTHER,OTHER,UNCHANGED
2880,1.0,0.9938924,-0.0061075999999999,1.0,0.99127483,-0.0087251699999999,1.0,1.0,0.0,0.0,0.0,0.0,0.0,0.0,0.0,0.0,0.0,0.0,1,1,0,False,False,False,False,False,OTHER,OTHER,REGRESSED
2881,0.9980446,0.9980446,0.0,0.9972065,0.9972065,0.0,1.0,1.0,0.0,0.0,0.0,0.0,0.0,0.0,0.0,0.0,0.0,0.0,1,1,0,False,False,False,False,False,OTHER,OTHER,UNCHANGED
2882,0.97749996,1.0,0.02250004,1.0,1.0,0.0,0.925,1.0,0.0749999999999999,0.0,0.0,0.0,0.0,0.0,0.0,0.0,0.0,0.0,1,1,0,False,False,False,False,False,OTHER,OTHER,IMPROVED
2883,0.9097996,0.95769805,0.0478984499999999,0.9032851,0.9395687,0.0362836,0.925,1.0,0.0749999999999999,0.0,0.0,0.0,0.0,0.0,0.0,0.0,0.0,0.0,1,1,0,False,False,False,False,False,OTHER,OTHER,IMPROVED
2884,1.0,1.0,0.0,1.0,1.0,0.0,1.0,1.0,0.0,0.0,0.0,0.0,0.0,0.0,0.0,0.0,0.0,0.0,1,1,0,False,False,False,False,False,OTHER,OTHER,UNCHANGED
2885,0.95384616,1.0,0.04615384,0.93406594,0.99999994,0.065934,1.0,1.0,0.0,0.0,0.0,0.0,0.0,0.0,0.0,0.0,0.0,0.0,1,1,0,False,False,False,False,False,OTHER,OTHER,IMPROVED
2886,0.8753153,0.7246651,-0.1506502,0.85402185,0.60666436,-0.2473574899999999,0.925,1.0,0.0749999999999999,0.0,0.0,0.0,0.0,0.0,0.0,0.0,0.0,0.0,1,1,0,False,False,False,False,False,OTHER,OTHER,REGRESSED
2887,0.9997674,0.99981326,4.586000000006418e-05,0.9996677,0.99973327,6.556999999995927e-05,1.0,1.0,0.0,0.0,0.0,0.0,0.0,0.0,0.0,0.0,0.0,0.0,1,1,0,False,False,False,False,False,OTHER,OTHER,IMPROVED
2888,0.90936375,0.90936375,0.0,0.87051964,0.87051964,0.0,1.0,1.0,0.0,0.0,0.0,0.0,0.0,0.0,0.0,0.0,0.0,0.0,1,1,0,False,False,False,False,False,OTHER,OTHER,UNCHANGED
2889,0.84782356,0.90609264,0.0582690799999999,0.8468907,0.8979895,0.0510988,0.85,0.925,0.075,0.0,0.0,0.0,0.0,0.0,0.0,0.0,0.0,0.0,1,1,0,False,False,False,False,False,OTHER,OTHER,IMPROVED
2890,1.0,1.0,0.0,1.0,1.0,0.0,1.0,1.0,0.0,0.0,0.0,0.0,0.0,0.0,0.0,0.0,0.0,0.0,1,1,0,False,False,False,False,False,OTHER,OTHER,UNCHANGED
2891,0.8858358,0.0,-0.8858358,0.9386941,0.6893954,-0.2492986999999999,0.7625,0.6666667,-0.0958333,0.0,1.0,1.0,0.0,1.0,1.0,0.0,0.0,0.0,1,0,-1,False,True,False,True,False,OTHER,OVERLAP+COLLISION,NEW_ZERO
2892,0.9214655,0.9214655,0.0,0.8878079,0.8878079,0.0,1.0,1.0,0.0,0.0,0.0,0.0,0.0,0.0,0.0,0.0,0.0,0.0,1,1,0,False,False,False,False,False,OTHER,OTHER,UNCHANGED
2893,1.0,1.0,0.0,1.0,1.0,0.0,1.0,1.0,0.0,0.0,0.0,0.0,0.0,0.0,0.0,0.0,0.0,0.0,1,1,0,False,False,False,False,False,OTHER,OTHER,UNCHANGED
2894,0.96625006,1.0,0.0337499399999999,1.0,1.0,0.0,0.8875,1.0,0.1125,0.0,0.0,0.0,0.0,0.0,0.0,0.0,0.0,0.0,1,1,0,False,False,False,False,False,OTHER,OTHER,IMPROVED
2895,0.9185406,0.8719799,-0.0465607,0.9211293,0.81711423,-0.1040150699999999,0.9125,1.0,0.0875,0.0,0.0,0.0,0.0,0.0,0.0,0.0,0.0,0.0,1,1,0,False,False,False,False,False,OTHER,OTHER,REGRESSED
2896,1.0,1.0,0.0,0.99999994,0.99999994,0.0,1.0,1.0,0.0,0.0,0.0,0.0,0.0,0.0,0.0,0.0,0.0,0.0,1,1,0,False,False,False,False,False,OTHER,OTHER,UNCHANGED
2897,0.931585,1.0,0.068415,0.9504786,1.0,0.0495214,0.8875,1.0,0.1125,0.0,0.0,0.0,0.0,0.0,0.0,0.0,0.0,0.0,1,1,0,False,False,False,False,False,OTHER,OTHER,IMPROVED
2898,0.9252101,0.8942334,-0.0309767,0.9253001,0.8756906,-0.0496094999999999,0.925,0.9375,0.0124999999999999,0.0,0.0,0.0,0.0,0.0,0.0,0.0,0.0,0.0,1,1,0,False,False,False,False,False,OTHER,OTHER,REGRESSED
2899,0.85238534,0.90365314,0.0512677999999999,0.8373361,0.86236155,0.02502545,0.8875,1.0,0.1125,0.0,0.0,0.0,0.0,0.0,0.0,0.0,0.0,0.0,1,1,0,False,False,False,False,False,OTHER,OTHER,IMPROVED
2900,0.9153828,0.92384356,0.0084607599999999,0.8791182,0.8912051,0.0120869,1.0,1.0,0.0,0.0,0.0,0.0,0.0,0.0,0.0,0.0,0.0,0.0,1,1,0,False,False,False,False,False,OTHER,OTHER,IMPROVED
2901,1.0,0.99298,-0.00702,0.99999994,0.9899715,-0.01002844,1.0,1.0,0.0,0.0,0.0,0.0,0.0,0.0,0.0,0.0,0.0,0.0,1,1,0,False,False,False,False,False,OTHER,OTHER,REGRESSED
2902,0.85602075,0.92252314,0.06650239,0.9068154,0.95360434,0.04678894,0.7375,0.85,0.1124999999999999,0.0,0.0,0.0,0.0,0.0,0.0,0.0,0.0,0.0,1,1,0,False,False,False,False,False,OTHER,OTHER,IMPROVED
2903,0.8948288,0.8523022,-0.0425265999999999,0.84975535,0.83721745,-0.0125378999999999,1.0,0.8875,-0.1125,0.0,0.0,0.0,0.0,0.0,0.0,0.0,0.0,0.0,1,1,0,False,False,False,False,False,OTHER,OTHER,REGRESSED
2904,1.0,1.0,0.0,1.0,1.0,0.0,1.0,1.0,0.0,0.0,0.0,0.0,0.0,0.0,0.0,0.0,0.0,0.0,1,1,0,False,False,False,False,False,OTHER,OTHER,UNCHANGED
2905,0.0,0.0,0.0,1.0,1.0,0.0,1.0,1.0,0.0,1.0,1.0,0.0,1.0,1.0,0.0,0.0,0.0,0.0,0,0,0,True,True,False,False,True,OVERLAP+COLLISION,OVERLAP+COLLISION,PERSISTENT_ZERO
2906,0.8986208,0.93953055,0.0409097499999999,0.88731545,0.9136151,0.02629965,0.925,1.0,0.0749999999999999,0.0,0.0,0.0,0.0,0.0,0.0,0.0,0.0,0.0,1,1,0,False,False,False,False,False,OTHER,OTHER,IMPROVED
2907,1.0,1.0,0.0,1.0,1.0,0.0,1.0,1.0,0.0,0.0,0.0,0.0,0.0,0.0,0.0,0.0,0.0,0.0,1,1,0,False,False,False,False,False,OTHER,OTHER,UNCHANGED
2908,0.81458247,0.9157093,0.10112683,0.84761786,0.91172767,0.06410981,0.7375,0.925,0.1875,0.0,0.0,0.0,0.0,0.0,0.0,0.0,0.0,0.0,1,1,0,False,False,False,False,False,OTHER,OTHER,IMPROVED
2909,0.0,1.0,1.0,1.0,1.0,0.0,1.0,1.0,0.0,1.0,0.0,-1.0,1.0,0.0,-1.0,0.0,0.0,0.0,0,1,1,True,False,True,False,False,OVERLAP+COLLISION,OTHER,FIXED_ZERO
2910,1.0,1.0,0.0,1.0,1.0,0.0,1.0,1.0,0.0,0.0,0.0,0.0,0.0,0.0,0.0,0.0,0.0,0.0,1,1,0,False,False,False,False,False,OTHER,OTHER,UNCHANGED
2911,0.9572325,0.98357725,0.0263447499999999,0.9871179,0.97653896,-0.01057894,0.8875,1.0,0.1125,0.0,0.0,0.0,0.0,0.0,0.0,0.0,0.0,0.0,1,1,0,False,False,False,False,False,OTHER,OTHER,IMPROVED
2912,0.92890215,0.92890215,0.0,0.89843166,0.89843166,0.0,1.0,1.0,0.0,0.0,0.0,0.0,0.0,0.0,0.0,0.0,0.0,0.0,1,1,0,False,False,False,False,False,OTHER,OTHER,UNCHANGED
2913,0.5520293,0.46205002,-0.0899792799999999,0.36004186,0.23150003,-0.12854183,1.0,1.0,0.0,0.0,0.0,0.0,0.0,0.0,0.0,0.0,0.0,0.0,1,1,0,False,False,False,False,False,OTHER,OTHER,REGRESSED
2914,1.0,1.0,0.0,1.0,1.0,0.0,1.0,1.0,0.0,0.0,0.0,0.0,0.0,0.0,0.0,0.0,0.0,0.0,1,1,0,False,False,False,False,False,OTHER,OTHER,UNCHANGED
2915,0.8343525,0.85685253,0.0225000299999998,0.79550356,0.79550356,0.0,0.925,1.0,0.0749999999999999,0.0,0.0,0.0,0.0,0.0,0.0,0.0,0.0,0.0,1,1,0,False,False,False,False,False,OTHER,OTHER,IMPROVED
2916,1.0,0.95416033,-0.04583967,1.0,0.9345147,-0.0654852999999999,1.0,1.0,0.0,0.0,0.0,0.0,0.0,0.0,0.0,0.0,0.0,0.0,1,1,0,False,False,False,False,False,OTHER,OTHER,REGRESSED
2917,0.8892456,0.9652733,0.0760277,0.90070796,0.95039034,0.04968238,0.8625,1.0,0.1374999999999999,0.0,0.0,0.0,0.0,0.0,0.0,0.0,0.0,0.0,1,1,0,False,False,False,False,False,OTHER,OTHER,IMPROVED
2918,0.9586363,0.91644377,-0.04219253,0.9409089,0.8806339,-0.060275,1.0,1.0,0.0,0.0,0.0,0.0,0.0,0.0,0.0,0.0,0.0,0.0,1,1,0,False,False,False,False,False,OTHER,OTHER,REGRESSED
2919,0.95794296,0.983215,0.0252720399999999,0.9399186,0.9760214,0.0361027999999999,1.0,1.0,0.0,0.0,0.0,0.0,0.0,0.0,0.0,0.0,0.0,0.0,1,1,0,False,False,False,False,False,OTHER,OTHER,IMPROVED
2920,1.0,1.0,0.0,1.0,1.0,0.0,1.0,1.0,0.0,0.0,0.0,0.0,0.0,0.0,0.0,0.0,0.0,0.0,1,1,0,False,False,False,False,False,OTHER,OTHER,UNCHANGED
2921,0.91173774,0.9042677,-0.0074700399999999,0.873911,0.91145384,0.0375428399999999,1.0,0.8875,-0.1125,0.0,0.0,0.0,0.0,0.0,0.0,0.0,0.0,0.0,1,1,0,False,False,False,False,False,OTHER,OTHER,REGRESSED
2922,0.99140614,0.0,-0.99140614,0.98772305,0.27252427,-0.71519878,1.0,1.0,0.0,0.0,1.0,1.0,0.0,1.0,1.0,0.0,0.0,0.0,1,0,-1,False,True,False,True,False,OTHER,OVERLAP+COLLISION,NEW_ZERO
2923,1.0,1.0,0.0,1.0,1.0,0.0,1.0,1.0,0.0,0.0,0.0,0.0,0.0,0.0,0.0,0.0,0.0,0.0,1,1,0,False,False,False,False,False,OTHER,OTHER,UNCHANGED
2924,0.9977709,0.99302596,-0.00474494,0.9968155,0.9900371,-0.0067783999999999,1.0,1.0,0.0,0.0,0.0,0.0,0.0,0.0,0.0,0.0,0.0,0.0,1,1,0,False,False,False,False,False,OTHER,OTHER,REGRESSED
2925,1.0,0.9937773,-0.0062227,0.99999994,0.99111044,-0.0088894999999999,1.0,1.0,0.0,0.0,0.0,0.0,0.0,0.0,0.0,0.0,0.0,0.0,1,1,0,False,False,False,False,False,OTHER,OTHER,REGRESSED
2926,1.0,1.0,0.0,1.0,1.0,0.0,1.0,1.0,0.0,0.0,0.0,0.0,0.0,0.0,0.0,0.0,0.0,0.0,1,1,0,False,False,False,False,False,OTHER,OTHER,UNCHANGED
2927,1.0,1.0,0.0,1.0,1.0,0.0,1.0,1.0,0.0,0.0,0.0,0.0,0.0,0.0,0.0,0.0,0.0,0.0,1,1,0,False,False,False,False,False,OTHER,OTHER,UNCHANGED
2928,0.96804106,0.9715009,0.0034598399999999,0.98648727,0.959287,-0.02720027,0.925,1.0,0.0749999999999999,0.0,0.0,0.0,0.0,0.0,0.0,0.0,0.0,0.0,1,1,0,False,False,False,False,False,OTHER,OTHER,IMPROVED
2929,0.920008,0.9600315,0.0400234999999999,0.98751146,0.975045,-0.0124664599999999,0.7625,0.925,0.1625000000000001,0.0,0.0,0.0,0.0,0.0,0.0,0.0,0.0,0.0,1,1,0,False,False,False,False,False,OTHER,OTHER,IMPROVED
2930,0.9216942,0.9391119,0.0174176999999999,0.88813454,0.913017,0.0248824599999999,1.0,1.0,0.0,0.0,0.0,0.0,0.0,0.0,0.0,0.0,0.0,0.0,1,1,0,False,False,False,False,False,OTHER,OTHER,IMPROVED
2931,0.92113227,0.9298601,0.0087278299999999,0.8873319,0.89980024,0.01246834,1.0,1.0,0.0,0.0,0.0,0.0,0.0,0.0,0.0,0.0,0.0,0.0,1,1,0,False,False,False,False,False,OTHER,OTHER,IMPROVED
2932,1.0,1.0,0.0,1.0,1.0,0.0,1.0,1.0,0.0,0.0,0.0,0.0,0.0,0.0,0.0,0.0,0.0,0.0,1,1,0,False,False,False,False,False,OTHER,OTHER,UNCHANGED
2933,0.8726042,0.76023716,-0.11236704,0.81800604,0.6574817,-0.16052434,1.0,1.0,0.0,0.0,0.0,0.0,0.0,0.0,0.0,0.0,0.0,0.0,1,1,0,False,False,False,False,False,OTHER,OTHER,REGRESSED
2934,0.96535665,0.9566396,-0.00871705,0.9505094,0.9380565,-0.0124528999999999,1.0,1.0,0.0,0.0,0.0,0.0,0.0,0.0,0.0,0.0,0.0,0.0,1,1,0,False,False,False,False,False,OTHER,OTHER,REGRESSED
2935,1.0,1.0,0.0,1.0,1.0,0.0,1.0,1.0,0.0,0.0,0.0,0.0,0.0,0.0,0.0,0.0,0.0,0.0,1,1,0,False,False,False,False,False,OTHER,OTHER,UNCHANGED
2936,1.0,1.0,0.0,1.0,1.0,0.0,1.0,1.0,0.0,0.0,0.0,0.0,0.0,0.0,0.0,0.0,0.0,0.0,1,1,0,False,False,False,False,False,OTHER,OTHER,UNCHANGED
2937,0.9228159,0.934066,0.0112500999999999,0.9379513,0.9379513,0.0,0.8875,0.925,0.0375,0.0,0.0,0.0,0.0,0.0,0.0,0.0,0.0,0.0,1,1,0,False,False,False,False,False,OTHER,OTHER,IMPROVED
2938,0.0,0.97749996,0.97749996,1.0,1.0,0.0,0.81333333,0.925,0.11166667,1.0,0.0,-1.0,1.0,0.0,-1.0,0.0,0.0,0.0,0,1,1,True,False,True,False,False,OVERLAP+COLLISION,OTHER,FIXED_ZERO
2939,0.9281958,0.8714657,-0.0567301,0.89742255,0.8163796,-0.08104295,1.0,1.0,0.0,0.0,0.0,0.0,0.0,0.0,0.0,0.0,0.0,0.0,1,1,0,False,False,False,False,False,OTHER,OTHER,REGRESSED
2940,1.0,0.96250004,-0.03749996,1.0,1.0,0.0,1.0,0.875,-0.125,0.0,0.0,0.0,0.0,0.0,0.0,0.0,0.0,0.0,1,1,0,False,False,False,False,False,OTHER,OTHER,REGRESSED
2941,0.9959505,0.9959505,0.0,0.994215,0.994215,0.0,1.0,1.0,0.0,0.0,0.0,0.0,0.0,0.0,0.0,0.0,0.0,0.0,1,1,0,False,False,False,False,False,OTHER,OTHER,UNCHANGED
2942,1.0,0.97376204,-0.02623796,1.0,0.9625172,-0.0374828,1.0,1.0,0.0,0.0,0.0,0.0,0.0,0.0,0.0,0.0,0.0,0.0,1,1,0,False,False,False,False,False,OTHER,OTHER,REGRESSED
2943,1.0,1.0,0.0,1.0,1.0,0.0,1.0,1.0,0.0,0.0,0.0,0.0,0.0,0.0,0.0,0.0,0.0,0.0,1,1,0,False,False,False,False,False,OTHER,OTHER,UNCHANGED
2944,0.9056404,0.8968487,-0.0087916999999999,0.89734346,0.85264105,-0.0447024099999999,0.925,1.0,0.0749999999999999,0.0,0.0,0.0,0.0,0.0,0.0,0.0,0.0,0.0,1,1,0,False,False,False,False,False,OTHER,OTHER,REGRESSED
2945,0.99409276,0.99409276,0.0,0.9915611,0.9915611,0.0,1.0,1.0,0.0,0.0,0.0,0.0,0.0,0.0,0.0,0.0,0.0,0.0,1,1,0,False,False,False,False,False,OTHER,OTHER,UNCHANGED
2946,0.9911522,0.98229617,-0.00885603,0.9873603,0.9747089,-0.0126513999999999,1.0,1.0,0.0,0.0,0.0,0.0,0.0,0.0,0.0,0.0,0.0,0.0,1,1,0,False,False,False,False,False,OTHER,OTHER,REGRESSED
2947,0.79628414,0.79809225,0.0018081099999999,0.8161202,0.7115603,-0.1045598999999999,0.75,1.0,0.25,0.0,0.0,0.0,0.0,0.0,0.0,0.0,0.0,0.0,1,1,0,False,False,False,False,False,OTHER,OTHER,IMPROVED
2948,0.97749996,1.0,0.02250004,1.0,1.0,0.0,0.925,1.0,0.0749999999999999,0.0,0.0,0.0,0.0,0.0,0.0,0.0,0.0,0.0,1,1,0,False,False,False,False,False,OTHER,OTHER,IMPROVED
2949,1.0,1.0,0.0,1.0,1.0,0.0,1.0,1.0,0.0,0.0,0.0,0.0,0.0,0.0,0.0,0.0,0.0,0.0,1,1,0,False,False,False,False,False,OTHER,OTHER,UNCHANGED
2950,1.0,0.9684828,-0.0315172,1.0,0.9549754,-0.0450245999999999,1.0,1.0,0.0,0.0,0.0,0.0,0.0,0.0,0.0,0.0,0.0,0.0,1,1,0,False,False,False,False,False,OTHER,OTHER,REGRESSED
2951,0.92919797,0.9380312,0.0088332299999999,0.89885426,0.91147316,0.0126188999999999,1.0,1.0,0.0,0.0,0.0,0.0,0.0,0.0,0.0,0.0,0.0,0.0,1,1,0,False,False,False,False,False,OTHER,OTHER,IMPROVED
2952,0.8236176,0.80185205,-0.0217655499999999,0.82838213,0.77586,-0.05252213,0.8125,0.8625,0.05,0.0,0.0,0.0,0.0,0.0,0.0,0.0,0.0,0.0,1,1,0,False,False,False,False,False,OTHER,OTHER,REGRESSED
2953,0.9049328,0.9337198,0.028787,0.91240394,0.9374569,0.02505296,0.8875,0.925,0.0375,0.0,0.0,0.0,0.0,0.0,0.0,0.0,0.0,0.0,1,1,0,False,False,False,False,False,OTHER,OTHER,IMPROVED
2954,0.97749996,1.0,0.02250004,1.0,1.0,0.0,0.925,1.0,0.0749999999999999,0.0,0.0,0.0,0.0,0.0,0.0,0.0,0.0,0.0,1,1,0,False,False,False,False,False,OTHER,OTHER,IMPROVED
2955,0.0,0.0,0.0,1.0,1.0,0.0,0.99999994,0.99999994,0.0,0.0,0.0,0.0,1.0,1.0,0.0,0.0,0.0,0.0,0,0,0,True,True,False,False,True,OVERLAP_ONLY,OVERLAP_ONLY,PERSISTENT_ZERO
2956,0.84054357,0.87056047,0.0300169,0.8257766,0.86330056,0.03752396,0.875,0.8875,0.0124999999999999,0.0,0.0,0.0,0.0,0.0,0.0,0.0,0.0,0.0,1,1,0,False,False,False,False,False,OTHER,OTHER,IMPROVED
2957,0.9220238,0.9568958,0.034872,0.8886054,0.9384227,0.0498173,1.0,1.0,0.0,0.0,0.0,0.0,0.0,0.0,0.0,0.0,0.0,0.0,1,1,0,False,False,False,False,False,OTHER,OTHER,IMPROVED
2958,1.0,1.0,0.0,1.0,1.0,0.0,1.0,1.0,0.0,0.0,0.0,0.0,0.0,0.0,0.0,0.0,0.0,0.0,1,1,0,False,False,False,False,False,OTHER,OTHER,UNCHANGED
2959,0.98891276,0.98891276,0.0,0.98416114,0.98416114,0.0,1.0,1.0,0.0,0.0,0.0,0.0,0.0,0.0,0.0,0.0,0.0,0.0,1,1,0,False,False,False,False,False,OTHER,OTHER,UNCHANGED
2960,1.0,0.83867306,-0.16132694,1.0,0.7695329,-0.2304671,1.0,1.0,0.0,0.0,0.0,0.0,0.0,0.0,0.0,0.0,0.0,0.0,1,1,0,False,False,False,False,False,OTHER,OTHER,REGRESSED
2961,0.96999997,1.0,0.0300000299999999,1.0,1.0,0.0,0.90000004,1.0,0.09999996,0.0,0.0,0.0,0.0,0.0,0.0,0.0,0.0,0.0,1,1,0,False,False,False,False,False,OTHER,OTHER,IMPROVED
2962,0.96250004,0.9174568,-0.04504324,1.0,0.8820812,-0.1179187999999999,0.875,1.0,0.125,0.0,0.0,0.0,0.0,0.0,0.0,0.0,0.0,0.0,1,1,0,False,False,False,False,False,OTHER,OTHER,REGRESSED
2963,0.9125332,0.90749896,-0.00503424,0.8750473,0.8999985,0.0249512,1.0,0.925,-0.0749999999999999,0.0,0.0,0.0,0.0,0.0,0.0,0.0,0.0,0.0,1,1,0,False,False,False,False,False,OTHER,OTHER,REGRESSED
2964,0.9564416,0.93036824,-0.02607336,0.9377737,0.900526,-0.0372476999999999,1.0,1.0,0.0,0.0,0.0,0.0,0.0,0.0,0.0,0.0,0.0,0.0,1,1,0,False,False,False,False,False,OTHER,OTHER,REGRESSED
2965,1.0,1.0,0.0,1.0,1.0,0.0,1.0,1.0,0.0,0.0,0.0,0.0,0.0,0.0,0.0,0.0,0.0,0.0,1,1,0,False,False,False,False,False,OTHER,OTHER,UNCHANGED
2966,1.0,1.0,0.0,1.0,1.0,0.0,1.0,1.0,0.0,0.0,0.0,0.0,0.0,0.0,0.0,0.0,0.0,0.0,1,1,0,False,False,False,False,False,OTHER,OTHER,UNCHANGED
2967,1.0,1.0,0.0,1.0,1.0,0.0,1.0,1.0,0.0,0.0,0.0,0.0,0.0,0.0,0.0,0.0,0.0,0.0,1,1,0,False,False,False,False,False,OTHER,OTHER,UNCHANGED
2968,0.92111343,0.9465108,0.0253973699999999,0.88730484,0.92358685,0.0362820099999999,1.0,1.0,0.0,0.0,0.0,0.0,0.0,0.0,0.0,0.0,0.0,0.0,1,1,0,False,False,False,False,False,OTHER,OTHER,IMPROVED
2969,1.0,1.0,0.0,1.0,1.0,0.0,1.0,1.0,0.0,0.0,0.0,0.0,0.0,0.0,0.0,0.0,0.0,0.0,1,1,0,False,False,False,False,False,OTHER,OTHER,UNCHANGED
2970,0.93138355,0.9485613,0.0171777500000001,0.90197647,0.92651606,0.0245395899999999,1.0,1.0,0.0,0.0,0.0,0.0,0.0,0.0,0.0,0.0,0.0,0.0,1,1,0,False,False,False,False,False,OTHER,OTHER,IMPROVED
2971,1.0,1.0,0.0,0.99999994,0.99999994,0.0,1.0,1.0,0.0,0.0,0.0,0.0,0.0,0.0,0.0,0.0,0.0,0.0,1,1,0,False,False,False,False,False,OTHER,OTHER,UNCHANGED
2972,1.0,0.9818899,-0.0181101,1.0,0.97412837,-0.02587163,1.0,1.0,0.0,0.0,0.0,0.0,0.0,0.0,0.0,0.0,0.0,0.0,1,1,0,False,False,False,False,False,OTHER,OTHER,REGRESSED
2973,0.89254093,0.8837747,-0.0087662299999999,0.90005857,0.8875352,-0.01252337,0.875,0.875,0.0,0.0,0.0,0.0,0.0,0.0,0.0,0.0,0.0,0.0,1,1,0,False,False,False,False,False,OTHER,OTHER,REGRESSED
2974,0.92111415,0.8961262,-0.0249879499999999,0.887306,0.8998232,0.0125172,1.0,0.8875,-0.1125,0.0,0.0,0.0,0.0,0.0,0.0,0.0,0.0,0.0,1,1,0,False,False,False,False,False,OTHER,OTHER,REGRESSED
2975,0.94750005,0.94375,-0.00375005,1.0,1.0,0.0,0.825,0.8125,-0.0124999999999999,0.0,0.0,0.0,0.0,0.0,0.0,0.0,0.0,0.0,1,1,0,False,False,False,False,False,OTHER,OTHER,REGRESSED
2976,0.85789174,0.879425,0.02153326,0.85055965,0.8866785,0.03611885,0.875,0.8625,-0.0124999999999999,0.0,0.0,0.0,0.0,0.0,0.0,0.0,0.0,0.0,1,1,0,False,False,False,False,False,OTHER,OTHER,IMPROVED
2977,0.93762296,0.88788813,-0.04973483,0.91088986,0.9362688,0.0253789399999999,1.0,0.77500004,-0.22499996,0.0,0.0,0.0,0.0,0.0,0.0,0.0,0.0,0.0,1,1,0,False,False,False,False,False,OTHER,OTHER,REGRESSED
2978,1.0,1.0,0.0,1.0,1.0,0.0,1.0,1.0,0.0,0.0,0.0,0.0,0.0,0.0,0.0,0.0,0.0,0.0,1,1,0,False,False,False,False,False,OTHER,OTHER,UNCHANGED
2979,0.9325,1.0,0.0675,1.0,1.0,0.0,0.77500004,1.0,0.22499996,0.0,0.0,0.0,0.0,0.0,0.0,0.0,0.0,0.0,1,1,0,False,False,False,False,False,OTHER,OTHER,IMPROVED
2980,0.89342576,0.94644403,0.05301827,0.91203684,0.9234915,0.01145466,0.85,1.0,0.15,0.0,0.0,0.0,0.0,0.0,0.0,0.0,0.0,0.0,1,1,0,False,False,False,False,False,OTHER,OTHER,IMPROVED
2981,0.93818074,0.9205292,-0.0176515399999999,0.9116867,0.8864703,-0.0252163999999999,1.0,1.0,0.0,0.0,0.0,0.0,0.0,0.0,0.0,0.0,0.0,0.0,1,1,0,False,False,False,False,False,OTHER,OTHER,REGRESSED
2982,0.8658864,0.89734143,0.03145503,0.86198056,0.91227347,0.05029291,0.875,0.8625,-0.0124999999999999,0.0,0.0,0.0,0.0,0.0,0.0,0.0,0.0,0.0,1,1,0,False,False,False,False,False,OTHER,OTHER,IMPROVED
2983,1.0,1.0,0.0,1.0,1.0,0.0,1.0,1.0,0.0,0.0,0.0,0.0,0.0,0.0,0.0,0.0,0.0,0.0,1,1,0,False,False,False,False,False,OTHER,OTHER,UNCHANGED
2984,0.9308592,0.8828575,-0.0480017,0.93337023,0.83265364,-0.10071659,0.925,1.0,0.0749999999999999,0.0,0.0,0.0,0.0,0.0,0.0,0.0,0.0,0.0,1,1,0,False,False,False,False,False,OTHER,OTHER,REGRESSED
2985,0.7765096,0.76525956,-0.01125004,0.7771565,0.7771565,0.0,0.77500004,0.7375,-0.0375000399999999,0.0,0.0,0.0,0.0,0.0,0.0,0.0,0.0,0.0,1,1,0,False,False,False,False,False,OTHER,OTHER,REGRESSED
2986,0.93436784,0.94767207,0.01330423,0.97588265,0.9252459,-0.05063675,0.83750004,1.0,0.16249996,0.0,0.0,0.0,0.0,0.0,0.0,0.0,0.0,0.0,1,1,0,False,False,False,False,False,OTHER,OTHER,IMPROVED
2987,0.9265105,0.9356861,0.0091755999999999,0.895015,0.90812296,0.01310796,1.0,1.0,0.0,0.0,0.0,0.0,0.0,0.0,0.0,0.0,0.0,0.0,1,1,0,False,False,False,False,False,OTHER,OTHER,IMPROVED
2988,0.96999997,1.0,0.0300000299999999,1.0,1.0,0.0,0.90000004,1.0,0.09999996,0.0,0.0,0.0,0.0,0.0,0.0,0.0,0.0,0.0,1,1,0,False,False,False,False,False,OTHER,OTHER,IMPROVED
2989,1.0,1.0,0.0,1.0,1.0,0.0,1.0,1.0,0.0,0.0,0.0,0.0,0.0,0.0,0.0,0.0,0.0,0.0,1,1,0,False,False,False,False,False,OTHER,OTHER,UNCHANGED
2990,1.0,1.0,0.0,1.0,1.0,0.0,1.0,1.0,0.0,0.0,0.0,0.0,0.0,0.0,0.0,0.0,0.0,0.0,1,1,0,False,False,False,False,False,OTHER,OTHER,UNCHANGED
2991,0.9913179,0.98263943,-0.0086784699999999,0.9875971,0.97519916,-0.01239794,1.0,1.0,0.0,0.0,0.0,0.0,0.0,0.0,0.0,0.0,0.0,0.0,1,1,0,False,False,False,False,False,OTHER,OTHER,REGRESSED
2992,0.8943229,0.8189993,-0.0753236,0.89724696,0.7789276,-0.1183193599999999,0.8875,0.9125,0.025,0.0,0.0,0.0,0.0,0.0,0.0,0.0,0.0,0.0,1,1,0,False,False,False,False,False,OTHER,OTHER,REGRESSED
2993,0.8923794,0.9186962,0.0263167999999999,0.8462563,0.88385177,0.03759547,1.0,1.0,0.0,0.0,0.0,0.0,0.0,0.0,0.0,0.0,0.0,0.0,1,1,0,False,False,False,False,False,OTHER,OTHER,IMPROVED
2994,0.8803385,0.96936744,0.0890289399999999,0.8290549,0.9562391,0.1271841999999999,1.0,1.0,0.0,0.0,0.0,0.0,0.0,0.0,0.0,0.0,0.0,0.0,1,1,0,False,False,False,False,False,OTHER,OTHER,IMPROVED
2995,0.9645136,0.946807,-0.0177066,0.9493052,0.92401,-0.0252951999999999,1.0,1.0,0.0,0.0,0.0,0.0,0.0,0.0,0.0,0.0,0.0,0.0,1,1,0,False,False,False,False,False,OTHER,OTHER,REGRESSED
2996,1.0,1.0,0.0,1.0,1.0,0.0,1.0,1.0,0.0,0.0,0.0,0.0,0.0,0.0,0.0,0.0,0.0,0.0,1,1,0,False,False,False,False,False,OTHER,OTHER,UNCHANGED
2997,0.97749996,1.0,0.02250004,1.0,1.0,0.0,0.925,1.0,0.0749999999999999,0.0,0.0,0.0,0.0,0.0,0.0,0.0,0.0,0.0,1,1,0,False,False,False,False,False,OTHER,OTHER,IMPROVED
2998,0.94375,0.94144076,-0.0023092399999999,1.0,0.9163439,-0.0836561,0.8125,1.0,0.1875,0.0,0.0,0.0,0.0,0.0,0.0,0.0,0.0,0.0,1,1,0,False,False,False,False,False,OTHER,OTHER,REGRESSED
2999,0.91143364,0.9291388,0.0177051599999999,0.8734765,0.8987696,0.0252930999999999,1.0,1.0,0.0,0.0,0.0,0.0,0.0,0.0,0.0,0.0,0.0,0.0,1,1,0,False,False,False,False,False,OTHER,OTHER,IMPROVED
3000,1.0,0.99234813,-0.00765187,1.0,0.9890688,-0.0109312,1.0,1.0,0.0,0.0,0.0,0.0,0.0,0.0,0.0,0.0,0.0,0.0,1,1,0,False,False,False,False,False,OTHER,OTHER,REGRESSED
3001,0.0,0.9223469,0.9223469,0.352336,0.8890669,0.5367309,0.7647059,1.0,0.2352940999999999,0.0,0.0,0.0,0.0,0.0,0.0,1.0,0.0,-1.0,0,1,1,True,False,True,False,False,OFFROAD_ONLY,OTHER,FIXED_ZERO
3002,1.0,0.9408371,-0.0591629,1.0,0.9154816,-0.0845184,1.0,1.0,0.0,0.0,0.0,0.0,0.0,0.0,0.0,0.0,0.0,0.0,1,1,0,False,False,False,False,False,OTHER,OTHER,REGRESSED
3003,1.0,1.0,0.0,1.0,1.0,0.0,1.0,1.0,0.0,0.0,0.0,0.0,0.0,0.0,0.0,0.0,0.0,0.0,1,1,0,False,False,False,False,False,OTHER,OTHER,UNCHANGED
3004,0.9672794,0.8859668,-0.0813125999999999,0.9532562,0.8370954,-0.1161607999999999,1.0,1.0,0.0,0.0,0.0,0.0,0.0,0.0,0.0,0.0,0.0,0.0,1,1,0,False,False,False,False,False,OTHER,OTHER,REGRESSED
3005,1.0,1.0,0.0,1.0,1.0,0.0,1.0,1.0,0.0,0.0,0.0,0.0,0.0,0.0,0.0,0.0,0.0,0.0,1,1,0,False,False,False,False,False,OTHER,OTHER,UNCHANGED
3006,0.8454427,0.9105914,0.0651487,0.83277524,0.87227345,0.0394982099999999,0.875,1.0,0.125,0.0,0.0,0.0,0.0,0.0,0.0,0.0,0.0,0.0,1,1,0,False,False,False,False,False,OTHER,OTHER,IMPROVED
3007,0.93821603,0.86741316,-0.0708028699999999,0.9599515,0.81059027,-0.14936123,0.8875,1.0,0.1125,0.0,0.0,0.0,0.0,0.0,0.0,0.0,0.0,0.0,1,1,0,False,False,False,False,False,OTHER,OTHER,REGRESSED
3008,1.0,1.0,0.0,1.0,1.0,0.0,1.0,1.0,0.0,0.0,0.0,0.0,0.0,0.0,0.0,0.0,0.0,0.0,1,1,0,False,False,False,False,False,OTHER,OTHER,UNCHANGED
3009,0.9215421,0.82700485,-0.09453725,0.8879172,0.75286406,-0.13505314,1.0,1.0,0.0,0.0,0.0,0.0,0.0,0.0,0.0,0.0,0.0,0.0,1,1,0,False,False,False,False,False,OTHER,OTHER,REGRESSED
3010,1.0,1.0,0.0,1.0,1.0,0.0,1.0,1.0,0.0,0.0,0.0,0.0,0.0,0.0,0.0,0.0,0.0,0.0,1,1,0,False,False,False,False,False,OTHER,OTHER,UNCHANGED
3011,1.0,1.0,0.0,1.0,1.0,0.0,1.0,1.0,0.0,0.0,0.0,0.0,0.0,0.0,0.0,0.0,0.0,0.0,1,1,0,False,False,False,False,False,OTHER,OTHER,UNCHANGED
3012,0.96250004,0.97749996,0.0149999199999999,1.0,1.0,0.0,0.875,0.925,0.05,0.0,0.0,0.0,0.0,0.0,0.0,0.0,0.0,0.0,1,1,0,False,False,False,False,False,OTHER,OTHER,IMPROVED
3013,1.0,0.9064512,-0.0935487999999999,1.0,0.86635894,-0.1336410599999999,1.0,1.0,0.0,0.0,0.0,0.0,0.0,0.0,0.0,0.0,0.0,0.0,1,1,0,False,False,False,False,False,OTHER,OTHER,REGRESSED
3014,0.0,0.0,0.0,1.0,1.0,0.0,1.0,1.0,0.0,1.0,1.0,0.0,1.0,1.0,0.0,0.0,0.0,0.0,0,0,0,True,True,False,False,True,OVERLAP+COLLISION,OVERLAP+COLLISION,PERSISTENT_ZERO
3015,0.8736383,0.9736611,0.1000227999999999,0.85162604,0.9623731,0.11074706,0.925,1.0,0.0749999999999999,0.0,0.0,0.0,0.0,0.0,0.0,0.0,0.0,0.0,1,1,0,False,False,False,False,False,OTHER,OTHER,IMPROVED
3016,0.91084844,0.91972715,0.00887871,0.8726406,0.88532454,0.01268394,1.0,1.0,0.0,0.0,0.0,0.0,0.0,0.0,0.0,0.0,0.0,0.0,1,1,0,False,False,False,False,False,OTHER,OTHER,IMPROVED
3017,1.0,0.88445586,-0.11554414,0.99999994,0.834937,-0.16506294,1.0,1.0,0.0,0.0,0.0,0.0,0.0,0.0,0.0,0.0,0.0,0.0,1,1,0,False,False,False,False,False,OTHER,OTHER,REGRESSED
3018,0.82064265,0.8295623,0.0089196499999999,0.8509181,0.8261604,-0.0247576999999999,0.75,0.83750004,0.08750004,0.0,0.0,0.0,0.0,0.0,0.0,0.0,0.0,0.0,1,1,0,False,False,False,False,False,OTHER,OTHER,IMPROVED
3019,0.94922966,0.9481913,-0.00103836,0.97568524,0.96348757,-0.01219767,0.8875,0.9125,0.025,0.0,0.0,0.0,0.0,0.0,0.0,0.0,0.0,0.0,1,1,0,False,False,False,False,False,OTHER,OTHER,REGRESSED
3020,0.9036585,0.95874995,0.0550914499999999,0.92129785,1.0,0.07870215,0.8625,0.8625,0.0,0.0,0.0,0.0,0.0,0.0,0.0,0.0,0.0,0.0,1,1,0,False,False,False,False,False,OTHER,OTHER,IMPROVED
3021,0.92382,0.9809065,0.0570865,0.9447429,0.9727236,0.0279806999999999,0.875,1.0,0.125,0.0,0.0,0.0,0.0,0.0,0.0,0.0,0.0,0.0,1,1,0,False,False,False,False,False,OTHER,OTHER,IMPROVED
3022,1.0,1.0,0.0,1.0,1.0,0.0,1.0,1.0,0.0,0.0,0.0,0.0,0.0,0.0,0.0,0.0,0.0,0.0,1,1,0,False,False,False,False,False,OTHER,OTHER,UNCHANGED
3023,0.94521123,0.99136317,0.04615194,0.9753017,0.9876616,0.0123598999999999,0.875,1.0,0.125,0.0,0.0,0.0,0.0,0.0,0.0,0.0,0.0,0.0,1,1,0,False,False,False,False,False,OTHER,OTHER,IMPROVED
3024,0.94926435,0.95773965,0.0084753,0.9275204,0.93962806,0.0121076599999999,1.0,1.0,0.0,0.0,0.0,0.0,0.0,0.0,0.0,0.0,0.0,0.0,1,1,0,False,False,False,False,False,OTHER,OTHER,IMPROVED
3025,0.99825877,0.99825877,0.0,0.9975126,0.9975126,0.0,1.0,1.0,0.0,0.0,0.0,0.0,0.0,0.0,0.0,0.0,0.0,0.0,1,1,0,False,False,False,False,False,OTHER,OTHER,UNCHANGED
3026,0.0,0.0,0.0,0.63348293,0.63348293,0.0,0.5357143,0.5454545,0.0097401999999999,0.0,0.0,0.0,0.0,0.0,0.0,1.0,1.0,0.0,0,0,0,True,True,False,False,True,OFFROAD_ONLY,OFFROAD_ONLY,PERSISTENT_ZERO
3027,1.0,1.0,0.0,1.0,1.0,0.0,1.0,1.0,0.0,0.0,0.0,0.0,0.0,0.0,0.0,0.0,0.0,0.0,1,1,0,False,False,False,False,False,OTHER,OTHER,UNCHANGED
3028,0.9649774,0.9649774,0.0,0.9499677,0.9499677,0.0,1.0,1.0,0.0,0.0,0.0,0.0,0.0,0.0,0.0,0.0,0.0,0.0,1,1,0,False,False,False,False,False,OTHER,OTHER,UNCHANGED
3029,0.97375005,1.0,0.0262499499999999,1.0,1.0,0.0,0.9125,1.0,0.0875,0.0,0.0,0.0,0.0,0.0,0.0,0.0,0.0,0.0,1,1,0,False,False,False,False,False,OTHER,OTHER,IMPROVED
3030,0.95783037,0.9162384,-0.04159197,0.9397576,0.8803406,-0.0594169999999999,1.0,1.0,0.0,0.0,0.0,0.0,0.0,0.0,0.0,0.0,0.0,0.0,1,1,0,False,False,False,False,False,OTHER,OTHER,REGRESSED
3031,0.9040955,0.895426,-0.0086694999999999,0.8629936,0.85060847,-0.01238513,1.0,1.0,0.0,0.0,0.0,0.0,0.0,0.0,0.0,0.0,0.0,0.0,1,1,0,False,False,False,False,False,OTHER,OTHER,REGRESSED
3032,0.97749996,1.0,0.02250004,1.0,1.0,0.0,0.925,1.0,0.0749999999999999,0.0,0.0,0.0,0.0,0.0,0.0,0.0,0.0,0.0,1,1,0,False,False,False,False,False,OTHER,OTHER,IMPROVED
3033,1.0,1.0,0.0,1.0,1.0,0.0,1.0,1.0,0.0,0.0,0.0,0.0,0.0,0.0,0.0,0.0,0.0,0.0,1,1,0,False,False,False,False,False,OTHER,OTHER,UNCHANGED
3034,0.0,0.0,0.0,1.0,1.0,0.0,1.0,1.0,0.0,1.0,1.0,0.0,1.0,1.0,0.0,0.0,0.0,0.0,0,0,0,True,True,False,False,True,OVERLAP+COLLISION,OVERLAP+COLLISION,PERSISTENT_ZERO
3035,1.0,1.0,0.0,1.0,1.0,0.0,1.0,1.0,0.0,0.0,0.0,0.0,0.0,0.0,0.0,0.0,0.0,0.0,1,1,0,False,False,False,False,False,OTHER,OTHER,UNCHANGED
3036,0.0,0.0,0.0,1.0,1.0,0.0,1.0,1.0,0.0,1.0,1.0,0.0,1.0,1.0,0.0,0.0,0.0,0.0,0,0,0,True,True,False,False,True,OVERLAP+COLLISION,OVERLAP+COLLISION,PERSISTENT_ZERO
3037,0.96250004,0.0,-0.96250004,1.0,0.43220326,-0.56779674,0.875,1.0,0.125,0.0,1.0,1.0,0.0,1.0,1.0,0.0,0.0,0.0,1,0,-1,False,True,False,True,False,OTHER,OVERLAP+COLLISION,NEW_ZERO
3038,0.85246485,0.9037123,0.0512474499999999,0.8374497,0.862446,0.0249963,0.8875,1.0,0.1125,0.0,0.0,0.0,0.0,0.0,0.0,0.0,0.0,0.0,1,1,0,False,False,False,False,False,OTHER,OTHER,IMPROVED
3039,1.0,1.0,0.0,1.0,1.0,0.0,1.0,1.0,0.0,0.0,0.0,0.0,0.0,0.0,0.0,0.0,0.0,0.0,1,1,0,False,False,False,False,False,OTHER,OTHER,UNCHANGED
3040,0.9457489,0.9691011,0.0233522,0.92249835,0.95585865,0.0333603,1.0,1.0,0.0,0.0,0.0,0.0,0.0,0.0,0.0,0.0,0.0,0.0,1,1,0,False,False,False,False,False,OTHER,OTHER,IMPROVED
3041,0.9521021,0.8284586,-0.1236434999999999,0.96371734,0.7549408,-0.20877654,0.925,1.0,0.0749999999999999,0.0,0.0,0.0,0.0,0.0,0.0,0.0,0.0,0.0,1,1,0,False,False,False,False,False,OTHER,OTHER,REGRESSED
3042,0.8303482,0.806159,-0.0241892,0.8540689,0.7712985,-0.0827704,0.77500004,0.8875,0.1124999599999999,0.0,0.0,0.0,0.0,0.0,0.0,0.0,0.0,0.0,1,1,0,False,False,False,False,False,OTHER,OTHER,REGRESSED
3043,0.9557419,0.91268206,-0.04305984,0.968917,0.8752601,-0.0936569,0.925,1.0,0.0749999999999999,0.0,0.0,0.0,0.0,0.0,0.0,0.0,0.0,0.0,1,1,0,False,False,False,False,False,OTHER,OTHER,REGRESSED
3044,1.0,1.0,0.0,1.0,1.0,0.0,1.0,1.0,0.0,0.0,0.0,0.0,0.0,0.0,0.0,0.0,0.0,0.0,1,1,0,False,False,False,False,False,OTHER,OTHER,UNCHANGED
3045,0.8939068,0.9387476,0.0448408,0.8484383,0.9124966,0.0640583,1.0,1.0,0.0,0.0,0.0,0.0,0.0,0.0,0.0,0.0,0.0,0.0,1,1,0,False,False,False,False,False,OTHER,OTHER,IMPROVED
3046,1.0,1.0,0.0,1.0,1.0,0.0,1.0,1.0,0.0,0.0,0.0,0.0,0.0,0.0,0.0,0.0,0.0,0.0,1,1,0,False,False,False,False,False,OTHER,OTHER,UNCHANGED
3047,0.92105657,0.94734854,0.02629197,0.88722366,0.9247836,0.03755994,1.0,1.0,0.0,0.0,0.0,0.0,0.0,0.0,0.0,0.0,0.0,0.0,1,1,0,False,False,False,False,False,OTHER,OTHER,IMPROVED
3048,0.97375005,0.92589724,-0.04785281,1.0,0.89413893,-0.10586107,0.9125,1.0,0.0875,0.0,0.0,0.0,0.0,0.0,0.0,0.0,0.0,0.0,1,1,0,False,False,False,False,False,OTHER,OTHER,REGRESSED
3049,1.0,0.91615295,-0.08384705,1.0,0.88021857,-0.1197814299999999,1.0,1.0,0.0,0.0,0.0,0.0,0.0,0.0,0.0,0.0,0.0,0.0,1,1,0,False,False,False,False,False,OTHER,OTHER,REGRESSED
3050,0.90308267,0.9201695,0.0170868299999999,0.8615467,0.8859564,0.0244096999999999,1.0,1.0,0.0,0.0,0.0,0.0,0.0,0.0,0.0,0.0,0.0,0.0,1,1,0,False,False,False,False,False,OTHER,OTHER,IMPROVED
3051,0.9997681,0.9997681,0.0,0.9996686,0.9996686,0.0,1.0,1.0,0.0,0.0,0.0,0.0,0.0,0.0,0.0,0.0,0.0,0.0,1,1,0,False,False,False,False,False,OTHER,OTHER,UNCHANGED
3052,1.0,1.0,0.0,1.0,1.0,0.0,1.0,1.0,0.0,0.0,0.0,0.0,0.0,0.0,0.0,0.0,0.0,0.0,1,1,0,False,False,False,False,False,OTHER,OTHER,UNCHANGED
3053,0.95125,0.0,-0.95125,1.0,0.6529744,-0.3470256,0.83750004,1.0,0.16249996,0.0,1.0,1.0,0.0,1.0,1.0,0.0,0.0,0.0,1,0,-1,False,True,False,True,False,OTHER,OVERLAP+COLLISION,NEW_ZERO
3054,0.85147804,0.77358556,-0.07789248,0.83604,0.6765508,-0.1594892,0.8875,1.0,0.1125,0.0,0.0,0.0,0.0,0.0,0.0,0.0,0.0,0.0,1,1,0,False,False,False,False,False,OTHER,OTHER,REGRESSED
3055,0.92037296,0.9380137,0.0176407399999999,0.88624716,0.9114481,0.0252009399999999,1.0,1.0,0.0,0.0,0.0,0.0,0.0,0.0,0.0,0.0,0.0,0.0,1,1,0,False,False,False,False,False,OTHER,OTHER,IMPROVED
3056,0.8487078,0.8957632,0.0470553999999999,0.8374396,0.8510903,0.0136507,0.875,1.0,0.125,0.0,0.0,0.0,0.0,0.0,0.0,0.0,0.0,0.0,1,1,0,False,False,False,False,False,OTHER,OTHER,IMPROVED
3057,0.90581846,0.9230248,0.0172063399999999,0.8654549,0.8900354,0.0245805,1.0,1.0,0.0,0.0,0.0,0.0,0.0,0.0,0.0,0.0,0.0,0.0,1,1,0,False,False,False,False,False,OTHER,OTHER,IMPROVED
3058,1.0,1.0,0.0,1.0,1.0,0.0,1.0,1.0,0.0,0.0,0.0,0.0,0.0,0.0,0.0,0.0,0.0,0.0,1,1,0,False,False,False,False,False,OTHER,OTHER,UNCHANGED
3059,0.95889246,0.95032245,-0.0085700099999999,0.94127494,0.929032,-0.01224294,1.0,1.0,0.0,0.0,0.0,0.0,0.0,0.0,0.0,0.0,0.0,0.0,1,1,0,False,False,False,False,False,OTHER,OTHER,REGRESSED
3060,1.0,1.0,0.0,1.0,1.0,0.0,1.0,1.0,0.0,0.0,0.0,0.0,0.0,0.0,0.0,0.0,0.0,0.0,1,1,0,False,False,False,False,False,OTHER,OTHER,UNCHANGED
3061,0.8598315,0.8885437,0.0287122,0.9122593,0.8997053,-0.0125539999999999,0.7375,0.8625,0.125,0.0,0.0,0.0,0.0,0.0,0.0,0.0,0.0,0.0,1,1,0,False,False,False,False,False,OTHER,OTHER,IMPROVED
3062,1.0,1.0,0.0,1.0,1.0,0.0,1.0,1.0,0.0,0.0,0.0,0.0,0.0,0.0,0.0,0.0,0.0,0.0,1,1,0,False,False,False,False,False,OTHER,OTHER,UNCHANGED
3063,1.0,1.0,0.0,0.99999994,0.99999994,0.0,1.0,1.0,0.0,0.0,0.0,0.0,0.0,0.0,0.0,0.0,0.0,0.0,1,1,0,False,False,False,False,False,OTHER,OTHER,UNCHANGED
3064,1.0,1.0,0.0,1.0,1.0,0.0,1.0,1.0,0.0,0.0,0.0,0.0,0.0,0.0,0.0,0.0,0.0,0.0,1,1,0,False,False,False,False,False,OTHER,OTHER,UNCHANGED
3065,1.0,1.0,0.0,1.0,1.0,0.0,1.0,1.0,0.0,0.0,0.0,0.0,0.0,0.0,0.0,0.0,0.0,0.0,1,1,0,False,False,False,False,False,OTHER,OTHER,UNCHANGED
3066,0.91227657,0.94737875,0.03510218,0.8746808,0.9248268,0.0501459999999999,1.0,1.0,0.0,0.0,0.0,0.0,0.0,0.0,0.0,0.0,0.0,0.0,1,1,0,False,False,False,False,False,OTHER,OTHER,IMPROVED
3067,0.97374994,0.967202,-0.00654794,0.99999994,0.95314574,-0.0468542,0.9125,1.0,0.0875,0.0,0.0,0.0,0.0,0.0,0.0,0.0,0.0,0.0,1,1,0,False,False,False,False,False,OTHER,OTHER,REGRESSED
3068,1.0,1.0,0.0,1.0,1.0,0.0,1.0,1.0,0.0,0.0,0.0,0.0,0.0,0.0,0.0,0.0,0.0,0.0,1,1,0,False,False,False,False,False,OTHER,OTHER,UNCHANGED
3069,0.8612749,0.9113682,0.0500933,0.8607498,0.87338316,0.01263336,0.8625,1.0,0.1374999999999999,0.0,0.0,0.0,0.0,0.0,0.0,0.0,0.0,0.0,1,1,0,False,False,False,False,False,OTHER,OTHER,IMPROVED
3070,1.0,1.0,0.0,0.99999994,0.99999994,0.0,1.0,1.0,0.0,0.0,0.0,0.0,0.0,0.0,0.0,0.0,0.0,0.0,1,1,0,False,False,False,False,False,OTHER,OTHER,UNCHANGED
3071,0.8932926,0.9021044,0.0088118,0.9011322,0.91372055,0.0125883499999999,0.875,0.875,0.0,0.0,0.0,0.0,0.0,0.0,0.0,0.0,0.0,0.0,1,1,0,False,False,False,False,False,OTHER,OTHER,IMPROVED
