scenario_index,group,reference_step,reference_seconds,lead_s,frame,time_from_start_s,action_accel,action_steer,brake_strength,throttle_strength,abs_steer,delta_accel,delta_steer,abs_delta_accel,abs_delta_steer,accel_change_excess,steer_change_excess,smooth_excess,risk_object_index,risk_distance,risk_static_clearance,risk_predicted_clearance,risk_dcpa,risk_tcpa_raw,risk_tcpa_clipped,risk_future_tcpa,risk_approaching,risk_closing_speed,second_object_index,second_distance,second_static_clearance,second_predicted_clearance,second_dcpa,second_future_tcpa,second_approaching,top2_mean_predicted_clearance,second_minus_first_pred_gap,num_pred_conflict_0,num_pred_conflict_1,num_pred_conflict_2,min_future_tcpa_conflict_0,min_future_tcpa_conflict_1,min_future_tcpa_conflict_2
0,SAFE,78,7.800000000000001,3.0,48,4.800000000000001,-0.07882975786924362,0.0010801920434460044,0.07882975786924362,0.0,0.0010801920434460044,0.004346482455730438,0.031146615161560476,0.004346482455730438,0.031146615161560476,0.0,0.0,0.0,1,5.985977746314897,-3.278335675639787,-3.278335675639787,5.985977746314897,-0.08578164904144905,0.0,5.0,0,-2.9993664030144096,9,66.56192941241996,53.93009281078319,37.70016877441733,50.3320053760541,5.0,0,17.21091654938877,40.978504450057116,1,1,1,5.0,5.0,5.0
0,SAFE,78,7.800000000000001,2.0,58,5.800000000000001,-0.078951396048069,-0.002761110896244645,0.078951396048069,0.0,0.002761110896244645,-0.0072190165519714355,-0.014684059889987111,0.0072190165519714355,0.014684059889987111,0.0,0.0,0.0,1,18.25121981697341,8.986906395018726,8.986906395018726,18.25121981697341,-1.0044556043824135,0.0,5.0,0,-15.74885198961386,9,62.93463879387017,50.3028021922334,32.95535732795694,45.58719392959371,5.0,0,20.971131861487834,23.96845093293821,0,0,0,5.0,5.0,5.0
0,SAFE,78,7.800000000000001,1.0,68,6.800000000000001,-0.04351627081632614,-0.0006691961316391826,0.04351627081632614,0.0,0.0006691961316391826,0.0042643435299396515,-0.006258362322114408,0.0042643435299396515,0.006258362322114408,0.0,0.0,0.0,1,32.96630780950948,23.701994387554798,23.701994387554798,32.96630780950948,-2.12071510657582,0.0,5.0,0,-15.140060768984403,9,59.42904627694172,46.79720967530495,28.767570420674687,41.39940702231146,5.0,0,26.234782404114743,5.065576033119889,0,0,0,5.0,5.0,5.0
0,SAFE,78,7.800000000000001,0.5,73,7.300000000000001,-0.018594518303871155,0.01520333718508482,0.018594518303871155,0.0,0.01520333718508482,0.007024988532066345,-0.00023980066180229187,0.007024988532066345,0.00023980066180229187,0.0,0.0,0.0,9,57.69518376164449,45.06334716000772,27.49492258226934,40.12675918390611,16.25880371609769,5.0,5.0,0,3.5199577866966716,1,40.86917954783711,31.60486612588243,31.60486612588243,40.86917954783711,5.0,0,29.549894354075885,4.109943543613092,0,0,0,5.0,5.0,5.0
24,FIXED_COLLISION,24,2.4000000000000004,2.0,4,0.4,-0.018644534051418304,-0.1461416631937027,0.018644534051418304,0.0,0.1461416631937027,-0.0050914473831653595,-0.03147980570793152,0.0050914473831653595,0.03147980570793152,0.0,0.0,0.0,15,52.21015102949158,39.850646553435084,-7.271292707502961,5.088211768553532,2.6784544867731497,2.6784544867731497,2.6784544867731497,1,19.307504622100815,4,4.498125651618436,-5.497700776543235,-5.497700776543235,4.498125651618436,5.0,0,-6.384496742023098,1.773591930959726,3,4,4,1.7366887366448667,1.7366887366448667,1.7366887366448667
24,FIXED_COLLISION,24,2.4000000000000004,1.0,14,1.4000000000000001,-0.051905807107686996,0.10795848816633224,0.051905807107686996,0.0,0.10795848816633224,-0.01765459030866623,-0.010826073586940765,0.01765459030866623,0.010826073586940765,0.0,0.0,0.0,15,32.643086454502786,20.283581978446293,-6.262249489781326,6.097254986275167,1.6550459998104585,1.6550459998104585,1.6550459998104585,1,19.03524595778751,14,32.019671892395,18.76085808379389,3.990715350336446,17.249529158937555,0.6900001546416303,1,-1.1357670697224402,10.252964840117773,1,1,1,1.6550459998104585,1.6550459998104585,1.6550459998104585
24,FIXED_COLLISION,24,2.4000000000000004,0.5,19,1.9000000000000001,0.04297240078449249,0.18800975382328033,0.0,0.04297240078449249,0.18800975382328033,0.022060031071305275,0.04855284094810486,0.022060031071305275,0.04855284094810486,0.0,0.0,0.0,15,22.55456614354317,10.195061667486677,-10.276476485589134,2.0830279904673588,1.146287060646481,1.146287060646481,1.146287060646481,1,19.508366416829965,5,38.62873092088499,25.839553994607556,-8.681622049236454,4.107554877040981,5.0,0,-9.479049267412794,1.59485443635268,2,2,3,1.146287060646481,1.146287060646481,0.2808077620488837
59,SAFE,56,5.6000000000000005,3.0,26,2.6,0.10271912813186646,0.09831182658672333,0.0,0.10271912813186646,0.09831182658672333,0.0036639124155044556,-0.0009648874402046204,0.0036639124155044556,0.0009648874402046204,0.0,0.0,0.0,2,4.688608293246028,-0.5555871189133219,-0.5555871189133219,4.688608293246028,-0.19917151324192,0.0,5.0,0,-0.05461252697047436,9,17.523567545850867,12.422872042303315,9.258814792217802,14.359510295765354,5.0,0,4.351613836652239,9.814401911131124,1,1,1,5.0,5.0,5.0
59,SAFE,56,5.6000000000000005,2.0,36,3.6,0.1352890580892563,0.09946301579475403,0.0,0.1352890580892563,0.09946301579475403,0.002699628472328186,-0.0002009570598602295,0.002699628472328186,0.0002009570598602295,0.0,0.0,0.0,2,5.0209669609229985,-0.22322845123635116,-0.22322845123635116,5.0209669609229985,-1.050477153055691,0.0,5.0,0,-0.7161216747762496,9,16.595766800736612,11.49507129718906,8.386021816463014,13.486717320010568,5.0,0,4.081396682613331,8.609250267699366,1,1,1,5.0,5.0,5.0
59,SAFE,56,5.6000000000000005,1.0,46,4.6000000000000005,0.135158509016037,0.07856953144073486,0.0,0.135158509016037,0.07856953144073486,-0.0013930648565292358,-0.0018340423703193665,0.0013930648565292358,0.0018340423703193665,0.0,0.0,0.0,2,6.2898330065434465,1.0456375943840968,1.0456375943840968,6.2898330065434465,-1.6724182470568987,0.0,5.0,0,-1.8970536348077431,9,15.438558002898732,10.337862499351179,8.87495151871789,13.975647022265443,2.4558429684241045,1,4.960294556550993,7.829313924333793,0,0,1,5.0,5.0,5.0
59,SAFE,56,5.6000000000000005,0.5,51,5.1000000000000005,0.12448875606060028,0.0775906965136528,0.0,0.12448875606060028,0.0775906965136528,-0.002847626805305481,0.0002758800983428955,0.002847626805305481,0.0002758800983428955,0.0,0.0,0.0,2,7.3853382425458225,2.141142830386473,2.141142830386473,7.3853382425458225,-1.9705392691888304,0.0,5.0,0,-2.507052958138477,4,13.803750156128276,8.577193392778836,8.577193392778836,13.803750156128276,5.0,0,5.359168111582655,6.436050562392364,0,0,0,5.0,5.0,5.0
106,SAFE,79,7.9,3.0,49,4.9,0.021243860945105553,-0.00199322123080492,0.0,0.021243860945105553,0.00199322123080492,-0.0026750899851322174,-0.015835576690733433,0.0026750899851322174,0.015835576690733433,0.0,0.0,0.0,10,10.21428595708324,4.3532966289164,0.757357637679072,6.6183469658459115,10.76751670628563,5.0,5.0,0,0.7717858795209247,1,8.067879238807354,2.0909545307369495,2.0909545307369495,8.067879238807354,5.0,0,1.4241560842080108,1.3335968930578774,0,1,1,5.0,5.0,5.0
106,SAFE,79,7.9,2.0,59,5.9,0.017048152163624763,-0.05018237233161926,0.0,0.017048152163624763,0.05018237233161926,0.009585491381585598,-0.00805431604385376,0.009585491381585598,0.00805431604385376,0.0,0.0,0.0,10,8.620369712023422,2.7593803838565822,0.08473022457748502,5.9457195527443245,2.3194919883124063,2.3194919883124063,2.3194919883124063,1,1.9484586017647905,18,9.586170931829793,3.6256053634479617,3.6256053634479617,9.586170931829793,5.0,0,1.8551677940127234,3.5408751388704767,0,1,1,5.0,2.3194919883124063,2.3194919883124063
106,SAFE,79,7.9,1.0,69,6.9,0.0071669030003249645,-0.04954863339662552,0.0,0.0071669030003249645,0.04954863339662552,-0.013175491709262133,0.007416579872369766,0.013175491709262133,0.007416579872369766,0.0,0.0,0.0,10,6.7591618706848955,0.898172542518056,0.4180781476818156,6.279067475848655,0.62372533787483,0.62372533787483,0.62372533787483,1,1.48476943102668,20,18.128358181434802,12.18427676201638,3.9309987210174544,9.875080140435877,3.921090276353502,1,2.174538434349635,3.512920573335639,0,1,1,5.0,0.62372533787483,0.62372533787483
106,SAFE,79,7.9,0.5,74,7.4,-0.00696483813226223,-0.022851882502436638,0.00696483813226223,0.0,0.022851882502436638,-0.008868227945640683,0.01303030364215374,0.008868227945640683,0.01303030364215374,0.0,0.0,0.0,10,6.290771595705474,0.42978226753863424,0.4189287009885341,6.279918029155374,0.08030391332090073,0.08030391332090073,0.08030391332090073,1,0.2700790830147584,20,16.51837521709115,10.574293797672729,3.6404675692247626,9.584548988643185,3.4734579880310616,1,2.0296981351066483,3.2215388682362285,0,1,1,5.0,0.08030391332090073,0.08030391332090073
158,FIXED_COLLISION,10,1.0,1.0,0,0.0,-0.0806330218911171,0.0458647683262825,0.0806330218911171,0.0,0.0458647683262825,,,,,,,,4,14.764293137258452,6.264022883268428,-1.949223769562602,6.551046484427422,1.1358449626143121,1.1358449626143121,1.1358449626143121,1,10.439396827141755,13,88.75381796385977,82.48305870276612,10.989628589225287,17.260387850318946,3.1150079753186657,1,4.5202024098313425,12.938852358787889,1,1,1,1.1358449626143121,1.1358449626143121,1.1358449626143121
158,FIXED_COLLISION,10,1.0,0.5,5,0.5,-0.1393091082572937,-0.08858553320169449,0.1393091082572937,0.0,0.08858553320169449,0.0137900710105896,-0.028917618095874786,0.0137900710105896,0.028917618095874786,0.0,0.0,0.0,4,9.935692126403476,1.4354218724134515,-1.488673540346027,7.011596713643997,0.6249990444509311,0.6249990444509311,0.6249990444509311,1,7.980209481514155,11,95.5485598283391,90.3110574293381,9.39342758231842,14.630929981319404,3.4178860044532153,1,3.9523770209861966,10.882101122664448,1,1,1,0.6249990444509311,0.6249990444509311,0.6249990444509311
163,SAFE,18,1.8,1.0,8,0.8,0.022280342876911163,0.07471895962953568,0.0,0.022280342876911163,0.07471895962953568,0.004032514989376068,-0.0008683204650878906,0.004032514989376068,0.0008683204650878906,0.0,0.0,0.0,1,6.909005498073038,0.9650688592695849,0.9650688592695849,6.909005498073038,-85.114596988267,0.0,5.0,0,-0.08113835390746724,4,30.017885340334356,24.14552725213016,2.858007500753132,8.730365588957326,5.0,0,1.9115381800113584,1.8929386414835472,0,1,1,5.0,5.0,5.0
163,SAFE,18,1.8,0.5,13,1.3,0.025974135845899582,0.08114108443260193,0.0,0.025974135845899582,0.08114108443260193,-0.001803254708647728,0.003058701753616333,0.001803254708647728,0.003058701753616333,0.0,0.0,0.0,1,6.959337933983625,1.0154012951801716,1.0154012951801716,6.959337933983625,-44.8562109402284,0.0,5.0,0,-0.15507207446480042,4,27.950433971959708,22.078075883755513,3.781463054495646,9.65382114269984,5.0,0,2.3984321748379087,2.766061759315474,0,0,1,5.0,5.0,5.0
207,SAFE,74,7.4,3.0,44,4.4,-0.0014299665344879031,0.06750324368476868,0.0014299665344879031,0.0,0.06750324368476868,-0.006667199428193271,0.0008281171321868896,0.006667199428193271,0.0008281171321868896,0.0,0.0,0.0,9,38.17959690897063,32.238807047563895,0.5558301305332973,6.496619991940032,3.3880160224750506,3.3880160224750506,3.3880160224750506,1,10.942727320503598,15,56.58000753144629,50.77091673696738,1.5730336703270513,7.38212446480596,4.705510054090623,1,1.0644319004301743,1.017203539793754,0,1,3,5.0,3.3880160224750506,2.632876332867885
207,SAFE,74,7.4,2.0,54,5.4,0.028532028198242188,0.05895411968231201,0.0,0.028532028198242188,0.05895411968231201,0.00439959391951561,-0.0012036412954330444,0.00439959391951561,0.0012036412954330444,0.0,0.0,0.0,8,54.81500892823392,48.875024826356054,0.3598379270023928,6.299822028880265,5.0924541199533095,5.0,5.0,0,10.625292152269441,9,27.524884772733706,21.58409491132697,0.601837069219151,6.542626930625886,2.4730814885471077,1,0.4808374981107719,0.24199914221675822,0,2,4,5.0,2.4730814885471077,1.5862922012263365
207,SAFE,74,7.4,1.0,64,6.4,0.04323345050215721,0.04476577043533325,0.0,0.04323345050215721,0.04476577043533325,0.0023151561617851257,-0.00086260586977005,0.0023151561617851257,0.00086260586977005,0.0,0.0,0.0,8,44.53623023687541,38.59624613499754,0.016002786776325273,5.955986888654198,4.294636925841688,4.294636925841688,4.294636925841688,1,10.184729441294035,9,17.259623002299353,11.318833140892618,0.7370766767758337,6.677866538182569,1.4969684697929122,1,0.37653973177607947,0.7210738899995084,0,2,5,5.0,1.4969684697929122,0.5568068019629379
207,SAFE,74,7.4,0.5,69,6.9,0.028268609195947647,0.033855076879262924,0.0,0.028268609195947647,0.033855076879262924,-0.00010769441723823547,-0.002990972250699997,0.00010769441723823547,0.002990972250699997,0.0,0.0,0.0,8,39.50282314833653,33.56283904645866,0.5412516833670349,6.481235785244907,3.856749610851945,3.856749610851945,3.856749610851945,1,9.966798321412064,10,44.066631925615546,38.319105748047406,0.7670509413701119,6.514577118938252,3.4365060336073467,1,0.6541513123685734,0.22579925800307699,0,3,5,5.0,1.00972438673992,0.07187915787910247
231,FIXED_COLLISION,61,6.1000000000000005,3.0,31,3.1,0.18621057271957397,-0.00451618293300271,0.0,0.18621057271957397,0.00451618293300271,0.01000155508518219,-0.001412802841514349,0.01000155508518219,0.001412802841514349,0.0,0.0,0.0,3,7.820018363826881,-4.657823235746003,-4.657823235746003,7.820018363826881,-4.396126888871983,0.0,5.0,0,-0.4323960522465897,1,45.53808749223391,36.3476423829994,-4.09812019466829,5.09232491456622,3.80610093619493,1,-4.3779717152071465,0.5597030410777126,2,2,2,3.80610093619493,3.80610093619493,3.80610093619493
231,FIXED_COLLISION,61,6.1000000000000005,2.0,41,4.1000000000000005,0.2796211540699005,0.0033043872099369764,0.0,0.2796211540699005,0.0033043872099369764,-0.002608954906463623,0.016342917224392295,0.002608954906463623,0.016342917224392295,0.0,0.0,0.0,3,8.070066039800995,-4.407775559771888,-5.738512339906617,6.739329259666267,9.361292276792163,5.0,5.0,0,0.33318257676886753,1,34.15834610235549,24.967900993120978,-4.598044509449942,4.592400599784568,3.349940451542472,1,-5.168278424678279,1.140467830456675,3,3,3,3.349940451542472,3.349940451542472,3.349940451542472
231,FIXED_COLLISION,61,6.1000000000000005,1.0,51,5.1000000000000005,0.3005116283893585,-0.014143782667815685,0.0,0.3005116283893585,0.014143782667815685,-0.000553131103515625,0.004667500965297222,0.000553131103515625,0.004667500965297222,0.0,0.0,0.0,3,7.194858906393374,-5.28298269317951,-7.584819226652376,4.893022372920507,2.2747075286666445,2.2747075286666445,2.2747075286666445,1,1.7001092014959747,1,23.362043095538404,14.171597986303894,-5.383277844928733,3.8071672643057775,2.1292848945703815,1,-6.484048535790555,2.2015413817236436,2,2,3,2.1292848945703815,2.1292848945703815,2.1292848945703815
231,FIXED_COLLISION,61,6.1000000000000005,0.5,56,5.6000000000000005,0.2190551608800888,0.00407390994951129,0.0,0.2190551608800888,0.00407390994951129,-0.027064040303230286,0.0011796399485319853,0.027064040303230286,0.0011796399485319853,0.0,0.0,0.0,3,6.177119819451673,-6.3007217801212105,-8.622941596750744,3.8549000028221396,1.711409143316935,1.711409143316935,1.711409143316935,1,2.2036967690854117,1,18.71661563243866,9.52617052320415,-3.1009047245686086,6.089540384665901,1.8692390851290928,1,-5.861923160659677,5.522036872182135,2,2,2,1.711409143316935,1.711409143316935,1.711409143316935
245,FIXED_COLLISION,33,3.3000000000000003,3.0,3,0.30000000000000004,-0.05648192763328552,0.06345578283071518,0.05648192763328552,0.0,0.06345578283071518,0.0023839883506298065,0.0002952888607978821,0.0023839883506298065,0.0002952888607978821,0.0,0.0,0.0,4,3.0007861927650223,-2.1560556053327113,-2.1560556053327113,3.0007861927650223,-435.28388482864926,0.0,5.0,0,-0.00232126973509343,1,2.8674380755849636,-1.9564025819810724,-1.9564025819810724,2.8674380755849636,5.0,0,-2.056229093656892,0.19965302335163893,5,6,8,5.0,5.0,5.0
245,FIXED_COLLISION,33,3.3000000000000003,2.0,13,1.3,-0.24816586077213287,0.03296409547328949,0.24816586077213287,0.0,0.03296409547328949,0.0028833597898483276,-0.0001569613814353943,0.0028833597898483276,0.0001569613814353943,0.0,0.0,0.0,4,3.0594797180344138,-2.09736208006332,-2.09736208006332,3.0594797180344138,-36.23617654570899,0.0,5.0,0,-0.030569646591876963,1,2.8891929958553733,-1.9346476617106627,-1.9346476617106627,2.8891929958553733,5.0,0,-2.0160048708869915,0.1627144183526572,4,6,9,5.0,5.0,5.0
245,FIXED_COLLISION,33,3.3000000000000003,1.0,23,2.3000000000000003,-0.22641494870185852,0.021958038210868835,0.22641494870185852,0.0,0.021958038210868835,0.007526993751525879,-0.0010041743516921997,0.007526993751525879,0.0010041743516921997,0.0,0.0,0.0,4,3.151179877578752,-2.005661920518982,-2.005661920518982,3.151179877578752,-41.10486994041841,0.0,5.0,0,-0.030617838713361486,1,2.9330668592126554,-1.8907737983533806,-1.8907737983533806,2.9330668592126554,5.0,0,-1.9482178594361812,0.11488812216560129,4,6,9,5.0,5.0,5.0
245,FIXED_COLLISION,33,3.3000000000000003,0.5,28,2.8000000000000003,-0.10434681922197342,0.07402317970991135,0.10434681922197342,0.0,0.07402317970991135,5.3688883781433105e-05,0.0013757571578025818,5.3688883781433105e-05,0.0013757571578025818,0.0,0.0,0.0,1,2.994418138208423,-1.829422519357613,-1.829422519357613,2.994418138208423,-57.586227662859855,0.0,5.0,0,-0.01747260535967178,10,4.2139039587226605,-0.6936088471417543,-0.8129534237308338,4.094559382133581,5.0,0,-1.3211879715442234,1.0164690956267792,3,5,8,5.0,5.0,5.0
250,SAFE,69,6.9,3.0,39,3.9000000000000004,0.08326271921396255,-0.007501677144318819,0.0,0.08326271921396255,0.007501677144318819,-0.0059057846665382385,-0.0063667829381302,0.0059057846665382385,0.0063667829381302,0.0,0.0,0.0,6,22.79048930487296,13.513221734744432,-1.232728633389124,8.044538936739404,2.5927285749453834,2.5927285749453834,2.5927285749453834,1,7.694960852818851,9,13.924966358134759,4.663611817879284,2.573855820920059,11.835210361175534,0.9295092829411231,1,0.6705635937654675,3.806584454309183,1,1,1,2.5927285749453834,2.5927285749453834,2.5927285749453834
250,SAFE,69,6.9,2.0,49,4.9,0.0504983626306057,0.008655636571347713,0.0,0.0504983626306057,0.008655636571347713,-0.0019553154706954956,0.010241431533358991,0.0019553154706954956,0.010241431533358991,0.0,0.0,0.0,6,15.593560355859402,6.316292785730875,-0.5903574333873802,8.686910136741147,1.6962128699606733,1.6962128699606733,1.6962128699606733,1,6.340141059501925,9,11.892749983262647,2.6313954430071718,2.6313954430071718,11.892749983262647,5.0,0,1.0205190048098958,3.221752876394552,1,1,1,1.6962128699606733,1.6962128699606733,1.6962128699606733
250,SAFE,69,6.9,1.0,59,5.9,-0.024093840271234512,0.02526485174894333,0.024093840271234512,0.0,0.02526485174894333,0.07099070772528648,0.028280345490202308,0.07099070772528648,0.028280345490202308,0.02099070772528648,0.0,0.02099070772528648,1,27.477443386534553,18.124426150587837,-1.9591342258525195,7.393883010094196,5.407861335020764,5.0,5.0,0,4.74006945959234,6,10.091523834737167,0.8142562646086393,-0.634769984666292,8.642497585462236,0.7018703131124205,1,-1.2969521052594057,1.3243642411862275,2,2,2,0.7018703131124205,0.7018703131124205,0.7018703131124205
250,SAFE,69,6.9,0.5,64,6.4,0.0754249095916748,0.0030120667070150375,0.0,0.0754249095916748,0.0030120667070150375,-0.011199072003364563,0.008253203704953194,0.011199072003364563,0.008253203704953194,0.0,0.0,0.0,1,25.319638861523114,15.966621625576398,-1.6158813059715298,7.737135929975186,5.2866557231610845,5.0,5.0,0,4.354932045285305,6,8.445744900613123,-0.8315226695154045,-0.9774198773668665,8.299847692761661,0.21971943298687563,1,-1.2966505916691982,0.6384614286046633,2,2,2,0.21971943298687563,0.21971943298687563,0.21971943298687563
278,NEW_COLLISION,78,7.800000000000001,3.0,48,4.800000000000001,-0.022113168612122536,0.011511895805597305,0.022113168612122536,0.0,0.011511895805597305,-0.022550994472112507,0.0011157803237438202,0.022550994472112507,0.0011157803237438202,0.0,0.0,0.0,3,6.296872039955735,-3.7508112480381186,-7.256948535132376,2.7907347528614777,3.1800221816754672,3.1800221816754672,3.1800221816754672,1,1.591195081124313,1,4.216255077647537,-5.035263729574421,-5.035263729574421,4.216255077647537,5.0,0,-6.146106132353399,2.2216848055579552,4,5,6,3.1800221816754672,3.1800221816754672,1.9653695849639492
278,NEW_COLLISION,78,7.800000000000001,2.0,58,5.800000000000001,-0.17694148421287537,-0.058788105845451355,0.17694148421287537,0.0,0.058788105845451355,0.0007737576961517334,0.0019963793456554413,0.0007737576961517334,0.0019963793456554413,0.0,0.0,0.0,3,4.999937455058066,-5.047745832935788,-8.10735426965864,1.9403290183352149,6.902806604446273,5.0,5.0,0,0.665845578813672,1,4.765330579234362,-4.486188227987595,-4.486188227987595,4.765330579234362,5.0,0,-6.296771248823117,3.621166041671044,3,3,5,4.448203525917113,4.448203525917113,1.0147368565005201
278,NEW_COLLISION,78,7.800000000000001,1.0,68,6.800000000000001,-0.15054860711097717,-0.036348577588796616,0.15054860711097717,0.0,0.036348577588796616,0.005020827054977417,0.004932548850774765,0.005020827054977417,0.004932548850774765,0.0,0.0,0.0,3,4.72738359940729,-5.320299688586564,-5.320299688586564,4.72738359940729,-6.543372056190282,0.0,5.0,0,-0.2780498776487693,5,7.805316444587573,-1.4528398868535977,-4.602501566488074,4.655654764953097,2.404482797430789,1,-4.961400627537319,0.7177981220984897,4,4,5,2.404482797430789,2.404482797430789,0.052000323990206626
278,NEW_COLLISION,78,7.800000000000001,0.5,73,7.300000000000001,-0.1388065069913864,0.0019257080275565386,0.1388065069913864,0.0,0.0019257080275565386,0.002802148461341858,0.006679358193650842,0.002802148461341858,0.006679358193650842,0.0,0.0,0.0,3,5.153606907789262,-4.8940763802045915,-4.8940763802045915,5.153606907789262,-3.3584246920821634,0.0,5.0,0,-1.0039385664674527,5,6.602773194491474,-2.6553831369496974,-4.623897798232702,4.634258533208469,1.4762455041417566,1,-4.758987089218646,0.2701785819718898,4,5,6,1.4762455041417566,1.4762455041417566,1.1000725330546985
297,SAFE,32,3.2,3.0,2,0.2,0.0522393174469471,-0.11844991892576218,0.0,0.0522393174469471,0.11844991892576218,-0.001553945243358612,0.089105986058712,0.001553945243358612,0.089105986058712,0.0,0.0,0.0,4,23.122281745765306,13.875994688560766,2.4372268290773444,11.683513886281885,1.6868682397351455,1.6868682397351455,1.6868682397351455,1,10.207489974590292,5,14.730386197130185,5.5273666587080115,3.1252724434290737,12.328291981851248,0.34999663588545477,1,2.781249636253209,0.6880456143517293,0,0,0,5.0,5.0,5.0
297,SAFE,32,3.2,2.0,12,1.2000000000000002,0.03951096162199974,0.05341646820306778,0.0,0.03951096162199974,0.05341646820306778,0.003408420830965042,-0.00017486512660980225,0.003408420830965042,0.00017486512660980225,0.0,0.0,0.0,4,14.084202077286292,4.837915020081752,3.418176269121224,12.664463326325764,0.47114333282227966,0.47114333282227966,0.47114333282227966,1,5.7230199149460965,3,20.820561738964745,11.422156768926484,8.957515159938364,18.355920129976624,3.5546760189915525,1,6.187845714529794,5.53933889081714,0,0,0,5.0,5.0,5.0
297,SAFE,32,3.2,1.0,22,2.2,0.21590161323547363,-0.0504722036421299,0.0,0.21590161323547363,0.0504722036421299,0.003184303641319275,0.003049321472644806,0.003184303641319275,0.003049321472644806,0.0,0.0,0.0,3,18.77108417491611,9.372679204877848,1.8324054255568996,11.23081039559516,5.365882209355225,5.0,5.0,0,2.256468300005678,4,13.121663349078355,3.875376291873815,3.875376291873815,13.121663349078355,5.0,0,2.8538908587153573,2.0429708663169155,0,0,1,5.0,5.0,5.0
297,SAFE,32,3.2,0.5,27,2.7,0.15780264139175415,0.031849682331085205,0.0,0.15780264139175415,0.031849682331085205,-0.018523037433624268,-0.00684647262096405,0.018523037433624268,0.00684647262096405,0.0,0.0,0.0,3,18.026233881947206,8.627828911908946,4.570923951245939,13.9693289212842,5.62331973612373,5.0,5.0,0,1.2964504366942293,4,16.247337307128827,7.001050249924287,7.001050249924287,16.247337307128827,5.0,0,5.785987100585113,2.4301262986783474,0,0,0,5.0,5.0,5.0
341,SAFE,21,2.1,2.0,1,0.1,0.01190856285393238,-0.026646485552191734,0.0,0.01190856285393238,0.026646485552191734,0.002198907546699047,0.02549551986157894,0.002198907546699047,0.02549551986157894,0.0,0.0,0.0,3,12.072962463860902,7.424238860913257,7.376991744499999,12.025715347447644,1.1575523381221984,1.1575523381221984,1.1575523381221984,1,0.081473061547821,4,15.804719098031725,10.610316945192643,7.492376279368994,12.686778432208076,0.2562523290442922,1,7.434684011934497,0.11538453486899503,0,0,0,5.0,5.0,5.0
341,SAFE,21,2.1,1.0,11,1.1,-0.012300287373363972,0.013637066818773746,0.012300287373363972,0.0,0.013637066818773746,-0.00010047107934951782,0.0163162590470165,0.00010047107934951782,0.0163162590470165,0.0,0.0,0.0,3,12.602691541279189,7.953967938331544,7.953967938331544,12.602691541279189,-8.285879704596294,0.0,5.0,0,-0.13067432841855206,18,16.949874413796568,11.691429878836187,11.691429878836187,16.949874413796568,5.0,0,9.822698908583865,3.7374619405046436,0,0,0,5.0,5.0,5.0
341,SAFE,21,2.1,0.5,16,1.6,-0.015866370871663094,0.0026981725823134184,0.015866370871663094,0.0,0.0026981725823134184,-0.00019404105842113495,0.008550022030249238,0.00019404105842113495,0.008550022030249238,0.0,0.0,0.0,3,12.944301223276645,8.295577620328999,8.295577620328999,12.944301223276645,-29.051550085842585,0.0,5.0,0,-0.44291440490926504,18,26.307406245039825,21.048961710079446,21.048961710079446,26.307406245039825,5.0,0,14.672269665204222,12.753384089750448,0,0,0,5.0,5.0,5.0
359,FIXED_COLLISION,72,7.2,3.0,42,4.2,-0.14666149020195007,-0.02896474488079548,0.14666149020195007,0.0,0.02896474488079548,0.00019212067127227783,0.0012452565133571625,0.00019212067127227783,0.0012452565133571625,0.0,0.0,0.0,13,17.533086261113088,8.337983405188266,-6.1725776942297355,3.0225251616950857,3.636744041442933,3.636744041442933,3.636744041442933,1,4.677819932220834,2,3.873177941089249,-5.174864307762421,-5.220547711459879,3.8274945373917912,5.0,0,-5.696562702844807,0.9520299827698562,3,3,5,3.636744041442933,3.636744041442933,3.636744041442933
359,FIXED_COLLISION,72,7.2,2.0,52,5.2,0.10603410750627518,0.052142295986413956,0.0,0.10603410750627518,0.052142295986413956,0.01203715056180954,0.002934422343969345,0.01203715056180954,0.002934422343969345,0.0,0.0,0.0,13,11.512709535333103,2.317606679408282,-6.474742107217753,2.7203607487070682,1.8814937770229694,1.8814937770229694,1.8814937770229694,1,5.777276695564634,2,3.896758966328607,-5.151283282523064,-5.151283282523064,3.896758966328607,5.0,0,-5.813012694870409,1.323458824694689,3,3,5,1.8814937770229694,1.8814937770229694,1.8814937770229694
359,FIXED_COLLISION,72,7.2,1.0,62,6.2,-0.1425572633743286,-0.030218441039323807,0.1425572633743286,0.0,0.030218441039323807,0.01918645203113556,-0.020544768311083317,0.01918645203113556,0.020544768311083317,0.0,0.0,0.0,15,19.917438283037608,10.638649157645938,-6.976339676245103,2.3024494491465672,3.8969388076548186,3.8969388076548186,3.8969388076548186,1,5.04274684268728,2,3.9681583387338133,-5.079883910117857,-5.304468664464034,3.743573584387636,5.0,0,-6.140404170354568,1.671871011781069,3,3,5,3.8969388076548186,3.8969388076548186,3.8969388076548186
359,FIXED_COLLISION,72,7.2,0.5,67,6.7,-0.13809643685817719,-0.022329073399305344,0.13809643685817719,0.0,0.022329073399305344,0.003018900752067566,0.0019625630229711533,0.003018900752067566,0.0019625630229711533,0.0,0.0,0.0,15,17.04085375158766,7.762064626195992,-6.4831567473069525,2.7956323780847177,3.08688154956522,3.08688154956522,3.08688154956522,1,5.371834589960671,3,3.0034211154007124,-6.035997593842957,-6.086085909209782,2.953332800033887,0.07236132695602777,1,-6.284621328258368,0.3970708380971706,4,4,6,0.07236132695602777,0.07236132695602777,0.07236132695602777
369,FIXED_COLLISION,27,2.7,2.0,7,0.7000000000000001,0.03222087770700455,-0.1571337878704071,0.0,0.03222087770700455,0.1571337878704071,-0.015121117234230042,-0.009973287582397461,0.015121117234230042,0.009973287582397461,0.0,0.0,0.0,15,9.176647607600943,3.2463523528428286,-4.786566703928974,1.14372855082914,5.239529874099381,5.0,5.0,0,1.727830528556625,2,8.898938116632817,2.985706631872624,-1.844093537503828,4.0691379472563645,3.7986192155109295,1,-3.315330120716401,2.9424731664251462,2,4,5,3.7986192155109295,3.7986192155109295,3.6395390142091797
369,FIXED_COLLISION,27,2.7,1.0,17,1.7000000000000002,-0.1344623863697052,-0.19885271787643433,0.1344623863697052,0.0,0.19885271787643433,-0.015263795852661133,-0.010873809456825256,0.015263795852661133,0.010873809456825256,0.0,0.0,0.0,15,7.705227637441899,1.7749323826837848,-4.125201804180782,1.805093450577332,5.016198296198281,5.0,5.0,0,1.4517820668090022,2,7.516380824232499,1.6031493394723064,-0.9738073115368371,4.9394241732233555,4.5621220184298625,1,-2.5495045578588096,3.151394492643945,2,2,6,4.5621220184298625,4.5621220184298625,2.5830990957853865
369,FIXED_COLLISION,27,2.7,0.5,22,2.2,-0.0725880116224289,-0.10596390813589096,0.0725880116224289,0.0,0.10596390813589096,0.012791141867637634,0.01200801134109497,0.012791141867637634,0.01200801134109497,0.0,0.0,0.0,15,7.298764547030797,1.3684692922726827,-3.572247880029057,2.358047374729057,5.988817194462769,5.0,5.0,0,1.122114709781742,2,7.029525918453826,1.1162944336936338,-0.9922950845704008,4.920936400189792,4.420739294174631,1,-2.2822714822997288,2.5799527954586563,2,2,4,4.420739294174631,4.420739294174631,2.5681272441934113
395,SAFE,66,6.6000000000000005,3.0,36,3.6,-0.030155323445796967,0.0879969373345375,0.030155323445796967,0.0,0.0879969373345375,-0.0035229455679655075,-0.002152875065803528,0.0035229455679655075,0.002152875065803528,0.0,0.0,0.0,1,39.431632034466716,34.23460347863036,3.489647527419004,8.686676083255358,3.000518786573019,3.000518786573019,3.000518786573019,1,12.503831748861575,4,26.486234495901712,21.269979394130182,4.738540829292273,9.954795931063803,2.450154319252376,1,4.114094178355638,1.2488933018732684,0,0,0,5.0,5.0,5.0
395,SAFE,66,6.6000000000000005,2.0,46,4.6000000000000005,-0.039282627403736115,0.07712484151124954,0.039282627403736115,0.0,0.07712484151124954,0.00400041788816452,0.0014856979250907898,0.00400041788816452,0.0014856979250907898,0.0,0.0,0.0,1,28.44082954671071,23.243800990874355,2.637055953540025,7.834084509376379,2.6078256995536893,2.6078256995536893,2.6078256995536893,1,10.07847840211325,4,17.67100233525482,12.454747233483289,4.437928898822001,9.654184000593531,1.4900408485974987,1,3.537492426181013,1.8008729452819763,0,0,0,5.0,5.0,5.0
395,SAFE,66,6.6000000000000005,1.0,56,5.6000000000000005,-0.06276693940162659,0.06116180121898651,0.06276693940162659,0.0,0.06116180121898651,-0.012579832226037979,-0.004173360764980316,0.012579832226037979,0.004173360764980316,0.0,0.0,0.0,1,19.976670658757154,14.7796421029208,0.10683370657608471,5.303862262412439,2.5343470064224287,2.5343470064224287,2.5343470064224287,1,7.326731603488422,4,10.63905799211263,5.422802890341099,4.56625528263039,9.78251038440192,0.3887478744918492,1,2.3365444946032374,4.4594215760543054,0,1,1,5.0,2.5343470064224287,2.5343470064224287
395,SAFE,66,6.6000000000000005,0.5,61,6.1000000000000005,-0.15131574869155884,0.02115457132458687,0.15131574869155884,0.0,0.02115457132458687,-0.029058828949928284,-0.013385944068431854,0.029058828949928284,0.013385944068431854,0.0,0.0,0.0,1,16.421879230738277,11.224850674901923,-3.6506415840980067,1.5463869717383478,2.506771285066427,2.506771285066427,2.506771285066427,1,6.4929185394572455,4,9.783910855781492,4.567655754009962,4.567655754009962,9.783910855781492,5.0,0,0.4585070849559778,8.21829733810797,1,1,1,2.506771285066427,2.506771285066427,2.506771285066427
445,SAFE,79,7.9,3.0,49,4.9,0.0604105181992054,-0.06004180386662483,0.0,0.0604105181992054,0.06004180386662483,-0.027464527636766434,0.01513485237956047,0.027464527636766434,0.01513485237956047,0.0,0.0,0.0,7,29.42831494318266,26.272284057092563,-2.7312011898349753,0.4248296962551195,4.001716649450604,4.001716649450604,4.001716649450604,1,7.352390147122033,3,12.811559834527811,8.09353913979201,-0.3973124696763133,4.320708225059487,1.7285859627654427,1,-1.5642568297556443,2.333888720158662,2,3,5,1.7285859627654427,1.7285859627654427,1.5610081395177604
445,SAFE,79,7.9,2.0,59,5.9,-0.21355564892292023,0.009498517028987408,0.21355564892292023,0.0,0.009498517028987408,-0.0066490620374679565,-0.036221631802618504,0.0066490620374679565,0.036221631802618504,0.0,0.0,0.0,2,30.877777030946536,25.86590764940744,-4.541821738407245,0.4700476431318531,4.128714698278611,4.128714698278611,4.128714698278611,1,7.477053713824111,3,5.997090411529131,1.2790697167933303,-1.045521625791665,3.6724990689441355,0.5951033375108331,1,-2.793671682099455,3.49630011261558,2,2,2,0.5951033375108331,0.5951033375108331,0.5951033375108331
445,SAFE,79,7.9,1.0,69,6.9,0.018922168761491776,0.00605127215385437,0.0,0.018922168761491776,0.00605127215385437,0.06689852103590965,-0.0032351361587643623,0.06689852103590965,0.0032351361587643623,0.01689852103590965,0.0,0.01689852103590965,2,22.600396264674846,17.58852688313575,-2.5862479130501566,2.4256214684889414,2.635450408638398,2.635450408638398,2.635450408638398,1,8.476753242917601,3,5.269006390515773,0.5509856957799721,0.5509856957799721,5.269006390515773,5.0,0,-1.0176311086350922,3.1372336088301287,1,2,2,2.635450408638398,2.635450408638398,2.635450408638398
445,SAFE,79,7.9,0.5,74,7.4,0.10831569135189056,-0.03358563780784607,0.0,0.10831569135189056,0.03358563780784607,-0.010982327163219452,0.01085539162158966,0.010982327163219452,0.01085539162158966,0.0,0.0,0.0,2,18.307102360036044,13.295232978496946,-2.2317628678355956,2.7801065137035024,2.165949670870942,2.165949670870942,2.165949670870942,1,8.257309554180866,7,14.249304053943634,11.093273167853539,2.1898549180321476,5.345885804122243,2.277062920687964,1,-0.020953974901724015,4.421617785867744,1,1,1,2.165949670870942,2.165949670870942,2.165949670870942
498,SAFE,30,3.0,3.0,0,0.0,0.12994299829006195,0.12506991624832153,0.0,0.12994299829006195,0.12506991624832153,,,,,,,,2,3.6152928397605013,-2.299255980325193,-2.299255980325193,3.6152928397605013,-0.2578360414991786,0.0,5.0,0,-1.6340694903520951,11,28.622079252808923,22.61346617371551,4.173158498991704,10.181771578085119,5.0,0,0.9369512593332554,6.472414479316897,1,1,1,5.0,5.0,5.0
498,SAFE,30,3.0,2.0,10,1.0,0.021256521344184875,-0.10339542478322983,0.0,0.021256521344184875,0.10339542478322983,-0.01161487028002739,-0.021041221916675568,0.01161487028002739,0.021041221916675568,0.0,0.0,0.0,11,24.455462096125984,18.44684901703257,-0.7465406994438633,5.262072379649552,5.434733907839872,5.0,5.0,0,4.319148526545096,2,6.334960390905078,0.4204115708193834,0.4204115708193834,6.334960390905078,5.0,0,-0.16306456431223992,1.1669522702632467,1,2,2,5.0,5.0,5.0
498,SAFE,30,3.0,1.0,20,2.0,-0.0289471298456192,-0.03794858232140541,0.0289471298456192,0.0,0.03794858232140541,-0.005892466753721237,0.0026382356882095337,0.005892466753721237,0.0026382356882095337,0.0,0.0,0.0,3,24.146118903377644,18.271700903179205,-1.8965628834852888,3.97785511671315,5.824084595805048,5.0,5.0,0,4.115792514052318,11,20.25061689131841,14.242003812224993,0.8495411916732563,6.858154270766671,4.407910030112339,1,-0.5235108459060163,2.746104075158545,1,2,3,5.0,4.407910030112339,4.407910030112339
498,SAFE,30,3.0,0.5,25,2.5,-0.07104934751987457,-0.011440223082900047,0.07104934751987457,0.0,0.011440223082900047,-0.014463257044553757,-0.016346569638699293,0.014463257044553757,0.016346569638699293,0.0,0.0,0.0,3,22.07718750744397,16.20276950724553,-2.9199013826577556,2.9545166175406834,5.555352430204613,5.0,5.0,0,3.942262367235035,21,22.803480890458236,16.872169983733624,0.19523511818685524,6.126546024911467,5.0,0,-1.3623331322354502,3.115136500844611,1,3,4,5.0,2.723042715478931,2.723042715478931
528,FIXED_COLLISION,29,2.9000000000000004,2.0,9,0.9,-0.07203411310911179,0.0920240506529808,0.07203411310911179,0.0,0.0920240506529808,0.018690884113311768,-0.0001659095287322998,0.018690884113311768,0.0001659095287322998,0.0,0.0,0.0,5,13.977401452508838,8.035924483705552,-5.529325704255571,0.412151264547715,3.8903976014991786,3.8903976014991786,3.8903976014991786,1,3.589671234056167,2,3.141029439364909,-2.775696979564676,-2.778725930720704,3.138000488208881,3.277506744718873,1,-4.1540258174881375,2.750599773534867,3,3,3,3.277506744718873,3.277506744718873,3.277506744718873
528,FIXED_COLLISION,29,2.9000000000000004,1.0,19,1.9000000000000001,0.0503448061645031,0.11874980479478836,0.0,0.0503448061645031,0.11874980479478836,-0.006670206785202026,0.0069601088762283325,0.006670206785202026,0.0069601088762283325,0.0,0.0,0.0,5,10.572030405079069,4.6305534362757825,-5.581843160889835,0.3596338079134517,3.3668657779789193,3.3668657779789193,3.3668657779789193,1,3.13638774646927,2,3.1337841410730505,-2.7829422778565345,-2.7850125510681263,3.1317138678614587,0.973582565439073,1,-4.18342785597898,2.7968306098217086,3,3,3,0.973582565439073,0.973582565439073,0.973582565439073
528,FIXED_COLLISION,29,2.9000000000000004,0.5,24,2.4000000000000004,0.05642494186758995,0.1196548119187355,0.0,0.05642494186758995,0.1196548119187355,0.0042439475655555725,0.0007588788866996765,0.0042439475655555725,0.0007588788866996765,0.0,0.0,0.0,5,9.258516098197687,3.3170391293944004,-5.582385376182364,0.3590915926209221,3.5487996220543834,3.5487996220543834,3.5487996220543834,1,2.604990338578691,2,3.134216725936505,-2.78250969299308,-2.7825101103466006,3.1342163085829844,0.006324340365218821,1,-4.182447743264483,2.7998752658357633,3,3,3,0.006324340365218821,0.006324340365218821,0.006324340365218821
551,SAFE,36,3.6,3.0,6,0.6000000000000001,0.13093708455562592,0.012796246446669102,0.0,0.13093708455562592,0.012796246446669102,-0.10445395112037659,-0.0011551277711987495,0.10445395112037659,0.0011551277711987495,0.054453951120376584,0.0,0.054453951120376584,1,4.964453996296109,-0.24326028599918903,-0.24326028599918903,4.964453996296109,-2.6832937160922072,0.0,5.0,0,-0.5922815183663871,9,74.80912920075647,69.04189241451414,0.5459584149971306,6.313195201239468,1.6301926809383536,1,0.1513490644989708,0.7892187009963196,1,2,2,5.0,1.6301926809383536,1.6301926809383536
551,SAFE,36,3.6,2.0,16,1.6,0.21251888573169708,-0.007623696234077215,0.0,0.21251888573169708,0.007623696234077215,-0.04028697311878204,0.0033587762154638767,0.04028697311878204,0.0033587762154638767,0.0,0.0,0.0,9,29.371151720568918,23.603914934326582,1.3301594493370708,7.097396235579408,0.610347427908049,0.610347427908049,0.610347427908049,1,45.31206180099735,16,13.207909401264335,7.255401390061218,7.255401390061218,13.207909401264335,5.0,0,4.292780419699144,5.925241940724147,0,0,1,5.0,5.0,0.610347427908049
551,SAFE,36,3.6,1.0,26,2.6,0.2282547652721405,0.007814445532858372,0.0,0.2282547652721405,0.007814445532858372,0.01230253279209137,0.00446703564375639,0.01230253279209137,0.00446703564375639,0.0,0.0,0.0,7,44.58465772631587,38.642446262828344,1.7490136771460376,7.691225140633558,0.8897904842430903,0.8897904842430903,0.8897904842430903,1,48.61577869981963,2,8.484064989810415,3.183594762744219,3.183594762744219,8.484064989810415,5.0,0,2.4663042199451284,1.4345810855981815,0,0,1,5.0,5.0,0.8897904842430903
551,SAFE,36,3.6,0.5,31,3.1,0.196792870759964,0.0010678315302357078,0.0,0.196792870759964,0.0010678315302357078,-0.01066763699054718,-0.0186858611414209,0.01066763699054718,0.0186858611414209,0.0,0.0,0.0,7,20.339873791085086,14.397662327597565,1.3702113205200774,7.312422784007598,0.37951490630082313,0.37951490630082313,0.37951490630082313,1,46.66739536782449,2,10.488791652777051,5.188321425710855,5.188321425710855,10.488791652777051,5.0,0,3.2792663731154663,3.8181101051907778,0,0,1,5.0,5.0,0.37951490630082313
578,FIXED_COLLISION,43,4.3,3.0,13,1.3,-0.08834773302078247,-0.09321341663599014,0.08834773302078247,0.0,0.09321341663599014,0.01420438289642334,-0.02129153162240982,0.01420438289642334,0.02129153162240982,0.0,0.0,0.0,6,25.125239505092587,15.852479434792297,6.974721285607391,16.24748135590768,0.3714870720439243,0.3714870720439243,0.3714870720439243,1,39.35169809686528,2,48.398121054971845,35.54151280490896,7.141261342094067,19.99786959215695,0.8294543797023264,1,7.057991313850729,0.16654005648667614,0,0,0,5.0,5.0,5.0
578,FIXED_COLLISION,43,4.3,2.0,23,2.3000000000000003,-0.050383828580379486,0.012676780112087727,0.050383828580379486,0.0,0.012676780112087727,0.0019593723118305206,0.00453957449644804,0.0019593723118305206,0.00453957449644804,0.0,0.0,0.0,2,24.11965425535834,11.26304600529546,11.26304600529546,24.11965425535834,-0.1647892035179069,0.0,5.0,0,-16.54115135904399,2,24.11965425535834,11.26304600529546,11.26304600529546,24.11965425535834,5.0,0,11.26304600529546,0.0,0,0,0,5.0,5.0,5.0
578,FIXED_COLLISION,43,4.3,1.0,33,3.3000000000000003,-0.11974068731069565,0.014626811258494854,0.11974068731069565,0.0,0.014626811258494854,0.002857789397239685,-0.028188259340822697,0.002857789397239685,0.028188259340822697,0.0,0.0,0.0,5,53.266837381814256,43.97895223904309,-1.801199717109963,7.486685425661205,1.0621427198344762,1.0621427198344762,1.0621427198344762,1,49.1596640945184,2,62.630388709223766,49.77378045916088,49.77378045916088,62.630388709223766,5.0,0,23.98629037102546,51.57498017627084,1,1,1,1.0621427198344762,1.0621427198344762,1.0621427198344762
578,FIXED_COLLISION,43,4.3,0.5,38,3.8000000000000003,-0.09336208552122116,0.035156819969415665,0.09336208552122116,0.0,0.035156819969415665,0.012452863156795502,0.0002579502761363983,0.012452863156795502,0.0002579502761363983,0.0,0.0,0.0,5,28.835357874401915,19.547472731630748,-1.7347294798218345,7.553155662949334,0.5524876794896587,0.5524876794896587,0.5524876794896587,1,48.610818863098395,2,85.9622395349531,73.10563128489022,73.10563128489022,85.9622395349531,5.0,0,35.68545090253419,74.84036076471206,1,1,1,0.5524876794896587,0.5524876794896587,0.5524876794896587
610,SAFE,41,4.1000000000000005,3.0,11,1.1,0.024752313271164894,0.07571276277303696,0.0,0.024752313271164894,0.07571276277303696,0.0017561446875333786,-0.0014367848634719849,0.0017561446875333786,0.0014367848634719849,0.0,0.0,0.0,6,7.798344598804161,1.8868257301219442,-2.4731617684554372,3.4383571002267797,2.713088117367738,2.713088117367738,2.713088117367738,1,2.3155692537012675,4,3.762249760072575,-1.5709760558189436,-1.8643159600091717,3.468909855882347,5.0,0,-2.1687388642323047,0.6088458084462656,2,3,4,2.713088117367738,2.713088117367738,2.713088117367738
610,SAFE,41,4.1000000000000005,2.0,21,2.1,-0.010115240700542927,0.08053994923830032,0.010115240700542927,0.0,0.08053994923830032,-0.005106942728161812,-0.0007512867450714111,0.005106942728161812,0.0007512867450714111,0.0,0.0,0.0,6,5.253639670437145,-0.6578791982450722,-2.588108129336038,3.323410739346179,1.5874110423798835,1.5874110423798835,1.5874110423798835,1,1.985167257827358,4,3.6533902265338623,-1.6798355893576562,-2.08676625379478,3.2464595620967382,5.0,0,-2.3374371915654093,0.5013418755412578,2,3,3,1.5874110423798835,1.5874110423798835,1.5874110423798835
610,SAFE,41,4.1000000000000005,1.0,31,3.1,-0.018207473680377007,0.0764118954539299,0.018207473680377007,0.0,0.0764118954539299,0.0030205249786376953,-0.0010769665241241455,0.0030205249786376953,0.0010769665241241455,0.0,0.0,0.0,2,3.971243908763851,-1.8768784607749787,-2.3728370895947277,3.475285279944102,1.0356490430868508,1.0356490430868508,1.0356490430868508,1,0.8979665866872346,4,3.572608619609554,-1.7606171962819643,-1.9710915393187216,3.362134276572797,5.0,0,-2.1719643144567247,0.4017455502760061,2,3,3,1.0356490430868508,1.0356490430868508,1.0356490430868508
610,SAFE,41,4.1000000000000005,0.5,36,3.6,-0.0031212239991873503,0.07172735035419464,0.0031212239991873503,0.0,0.07172735035419464,-0.003831591980997473,0.001126900315284729,0.003831591980997473,0.001126900315284729,0.0,0.0,0.0,2,3.6190685054275735,-2.2290538641112563,-2.3819879459316047,3.466134423607225,0.6326598885277277,0.6326598885277277,0.6326598885277277,1,0.4732487429764918,4,3.5638398549544372,-1.7693859609370812,-1.9127021856256219,3.4205236302658966,5.0,0,-2.1473450657786133,0.4692857603059828,2,3,3,0.6326598885277277,0.6326598885277277,0.6326598885277277
654,FIXED_COLLISION,29,2.9000000000000004,2.0,9,0.9,-0.05155209079384804,0.10004939883947372,0.05155209079384804,0.0,0.10004939883947372,0.0018976107239723206,-0.0003334358334541321,0.0018976107239723206,0.0003334358334541321,0.0,0.0,0.0,13,13.622596962365256,7.688134031869945,-3.7703612126322907,2.16410171786302,5.066801722289502,5.0,5.0,0,2.6212025888705806,3,3.931526132144828,-3.1567345699160847,-3.592139913713292,3.4961207883476204,1.4050923859150686,1,-3.6812505631727914,0.17822129891899863,3,4,6,1.4050923859150686,1.4050923859150686,1.4050923859150686
654,FIXED_COLLISION,29,2.9000000000000004,1.0,19,1.9000000000000001,-0.04773968830704689,0.09994048625230789,0.04773968830704689,0.0,0.09994048625230789,0.00037908926606178284,0.00031557679176330566,0.00037908926606178284,0.00031557679176330566,0.0,0.0,0.0,13,11.231306373045214,5.296843442549903,-3.508014095622386,2.4264488348729247,5.338971105720941,5.0,5.0,0,2.0135757939606536,3,3.743014839110762,-3.3452458629501507,-3.3844019812692587,3.703858720791654,5.0,0,-3.4462080384458225,0.12361211435312747,3,4,6,3.143468583446681,3.143468583446681,3.143468583446681
654,FIXED_COLLISION,29,2.9000000000000004,0.5,24,2.4000000000000004,-0.051515255123376846,0.09945190697908401,0.051515255123376846,0.0,0.09945190697908401,-0.002089075744152069,-0.0002168118953704834,0.002089075744152069,0.0002168118953704834,0.0,0.0,0.0,3,3.842904506227013,-3.2453561958338994,-3.2504088828756292,3.8378518191852833,506.1672600028982,5.0,5.0,0,0.0010148856766583369,5,11.003737190063159,4.823349159081362,-2.5606262319966473,3.61976179898515,2.9356030231825945,1,-2.9055175574361383,0.6897826508789819,3,4,6,2.9356030231825945,2.9356030231825945,2.9356030231825945
665,SAFE,27,2.7,2.0,7,0.7000000000000001,0.06126726418733597,-0.05564736947417259,0.0,0.06126726418733597,0.05564736947417259,-0.006374470889568329,-0.02747369557619095,0.006374470889568329,0.02747369557619095,0.0,0.0,0.0,10,9.134343471115425,2.2104122959515227,0.6133103650897072,7.53724154025361,20.119154205985296,5.0,5.0,0,0.3328563532745318,9,9.124276015713338,2.178273299093144,0.7094294459727335,7.655432162592928,5.0,0,0.6613699055312203,0.09611908088302634,0,2,2,5.0,5.0,5.0
665,SAFE,27,2.7,1.0,17,1.7000000000000002,0.12363066524267197,-0.6212002038955688,0.0,0.12363066524267197,0.6212002038955688,0.028816401958465576,0.07802534103393555,0.028816401958465576,0.07802534103393555,0.0,0.0,0.0,10,8.42218713588897,1.4982559607250678,-1.5896973536013377,5.334233821562565,11.073122362080955,5.0,5.0,0,0.6514519263514049,27,21.93147101282766,15.257333038652668,6.920705180116477,13.59484315429147,5.0,0,2.6655039132575697,8.510402533717816,1,1,1,5.0,5.0,5.0
665,SAFE,27,2.7,0.5,22,2.2,0.1787407249212265,-0.082576684653759,0.0,0.1787407249212265,0.082576684653759,-0.0056184083223342896,0.0259205624461174,0.0056184083223342896,0.0259205624461174,0.0,0.0,0.0,24,18.384842454131118,11.71070447468777,-0.47134248516073196,6.202795494282617,5.286828090464617,5.0,5.0,0,3.0907378854419356,29,21.816177787113865,15.142039812938872,12.067827266237089,18.741965240412082,5.0,0,5.798242390538178,12.539169751397822,1,1,1,5.0,5.0,5.0
704,FIXED_COLLISION,21,2.1,2.0,1,0.1,0.08586627244949341,0.0879516452550888,0.0,0.08586627244949341,0.0879516452550888,-0.00017742812633514404,0.0008188039064407349,0.00017742812633514404,0.0008188039064407349,0.0,0.0,0.0,5,50.282140823905735,44.131047496503356,-0.0244580829527159,6.126635244449661,3.203385749183552,3.203385749183552,3.203385749183552,1,15.46352636902853,18,51.09398749972369,43.21681392005832,1.6927559745221687,9.569929554187539,3.510130951525083,1,0.8341489457847264,1.7172140574748846,1,1,2,3.203385749183552,3.203385749183552,3.203385749183552
704,FIXED_COLLISION,21,2.1,1.0,11,1.1,0.045490775257349014,0.07169631868600845,0.0,0.045490775257349014,0.07169631868600845,-0.0066130273044109344,-0.002323046326637268,0.0066130273044109344,0.002323046326637268,0.0,0.0,0.0,15,10.046253916348194,2.9873913219793637,0.4909796639053665,7.549842258274197,20.120299254952016,5.0,5.0,0,0.4992861674587243,5,37.03043433792021,30.879341010517834,0.7998276961906221,6.950921023592999,2.9414431214258276,1,0.6454036800479943,0.3088480322852556,0,2,3,5.0,2.9414431214258276,2.8988326099687343
704,FIXED_COLLISION,21,2.1,0.5,16,1.6,0.01280333660542965,0.06650592386722565,0.0,0.01280333660542965,0.06650592386722565,-0.0024285847321152687,-0.0002619996666908264,0.0024285847321152687,0.0002619996666908264,0.0,0.0,0.0,15,10.093441469106471,3.034578874737641,0.10453505153235554,7.163397645901186,17.213772775760003,5.0,5.0,0,0.5860681472480219,5,30.984887528436683,24.83379420103431,0.7872613259211656,6.938354653323542,2.6590600492981404,1,0.44589818872676057,0.6827262743888101,0,2,3,5.0,2.6590600492981404,2.3011993697436446
709,SAFE,78,7.800000000000001,3.0,48,4.800000000000001,-0.02823169156908989,0.13796116411685944,0.02823169156908989,0.0,0.13796116411685944,-0.002318345010280609,-0.00026237964630126953,0.002318345010280609,0.00026237964630126953,0.0,0.0,0.0,2,3.177388063327658,-2.611463970037556,-2.611463970037556,3.177388063327658,0.0,0.0,5.0,0,-1.3486784584399224e-05,1,3.4180326777338137,-2.523206839597402,-2.523206839597402,3.4180326777338137,5.0,0,-2.567335404817479,0.08825713044015426,2,4,5,5.0,5.0,5.0
709,SAFE,78,7.800000000000001,2.0,58,5.800000000000001,-0.023483671247959137,0.1375419646501541,0.023483671247959137,0.0,0.1375419646501541,-0.002602173015475273,7.121264934539795e-05,0.002602173015475273,7.121264934539795e-05,0.0,0.0,0.0,2,3.1768205263014324,-2.6120315070637816,-2.6120315070637816,3.1768205263014324,0.0,0.0,5.0,0,3.729267149729145e-05,1,3.432068001346077,-2.5091715159851384,-2.5091715159851384,3.432068001346077,5.0,0,-2.5606015115244602,0.10285999107864319,2,4,5,5.0,5.0,5.0
709,SAFE,78,7.800000000000001,1.0,68,6.800000000000001,-0.01950657181441784,0.1361527442932129,0.01950657181441784,0.0,0.1361527442932129,-0.0015317555516958237,-0.0007125437259674072,0.0015317555516958237,0.0007125437259674072,0.0,0.0,0.0,2,3.177621093236078,-2.611230940129136,-2.611981098485961,3.176870934879253,140.54525357079663,5.0,5.0,0,0.00015273071531603244,1,3.4170163059173846,-2.524223211413831,-2.524223211413831,3.4170163059173846,5.0,0,-2.568102154949896,0.08775788707212984,2,4,5,5.0,5.0,5.0
709,SAFE,78,7.800000000000001,0.5,73,7.300000000000001,-0.01692088693380356,0.13657556474208832,0.01692088693380356,0.0,0.13657556474208832,0.0017708651721477509,-5.176663398742676e-05,0.0017708651721477509,5.176663398742676e-05,0.0,0.0,0.0,2,3.159583401716254,-2.62926863164896,-2.62926863164896,3.159583401716254,-22.441438062408537,0.0,5.0,0,-0.0008180762343290472,1,3.430044269144889,-2.5111952481863264,-2.5330175793808576,3.408221937950358,5.0,0,-2.5811431055149088,0.09625105226810238,2,4,5,5.0,5.0,5.0
818,SAFE,66,6.6000000000000005,3.0,36,3.6,-0.008340566419064999,-0.038572993129491806,0.008340566419064999,0.0,0.038572993129491806,-0.005192572483792901,-0.02780015394091606,0.005192572483792901,0.02780015394091606,0.0,0.0,0.0,5,16.685658069839775,11.583480563493769,1.8978011976056646,6.999978703951671,6.580247673200024,5.0,5.0,0,2.2173156789317625,14,58.627143101368986,53.45502377097237,9.00886780432475,14.180987134721368,2.226762394181794,1,5.453334500965207,7.111066606719085,0,0,1,5.0,5.0,5.0
818,SAFE,66,6.6000000000000005,2.0,46,4.6000000000000005,-0.0577608086168766,-0.011427687481045723,0.0577608086168766,0.0,0.011427687481045723,-0.00496167317032814,-0.018806605134159327,0.00496167317032814,0.018806605134159327,0.0,0.0,0.0,5,14.33276407279281,9.230586566446803,2.107159183871132,7.209336690217138,4.720095730523204,4.720095730523204,4.720095730523204,1,2.268278077149924,17,15.607561430547642,10.387368086048104,9.588180254334283,14.808373598833821,0.19395850391879532,1,5.847669719102708,7.481021070463151,0,0,0,5.0,5.0,5.0
818,SAFE,66,6.6000000000000005,1.0,56,5.6000000000000005,-0.14636315405368805,-0.020660683512687683,0.14636315405368805,0.0,0.020660683512687683,-0.006767973303794861,-0.011205554939806461,0.006767973303794861,0.011205554939806461,0.0,0.0,0.0,5,11.77866512812602,6.676487621780014,1.5597604523244861,6.661937958670492,3.0311953485519942,3.0311953485519942,3.0311953485519942,1,2.642757901904604,54,48.701315025301255,45.54534036471843,3.052617431612012,6.208592092194841,3.7894280932078983,1,2.306188941968249,1.492856979287526,0,0,1,5.0,5.0,3.0311953485519942
818,SAFE,66,6.6000000000000005,0.5,61,6.1000000000000005,-0.17126671969890594,-0.01059352420270443,0.17126671969890594,0.0,0.01059352420270443,-0.0013366788625717163,-0.012205012491904199,0.0013366788625717163,0.012205012491904199,0.0,0.0,0.0,5,10.576775510016354,5.474598003670348,1.4245471702934713,6.5267246766394775,2.370104061140112,2.370104061140112,2.370104061140112,1,2.763279211901243,12,19.70996965972219,14.664258058548631,10.121466657280543,15.167178258454102,0.529313698196763,1,5.7730069137870075,8.69691948698707,0,0,1,5.0,5.0,2.370104061140112
867,SAFE,75,7.5,3.0,45,4.5,0.04645606130361557,-0.05246441811323166,0.0,0.04645606130361557,0.05246441811323166,0.009669866412878036,-0.11276920884847641,0.009669866412878036,0.11276920884847641,0.0,0.0,0.0,1,5.23010046774608,-3.9098899906529745,-3.9157292700768283,5.2242611883222265,0.04424500222077398,0.04424500222077398,0.04424500222077398,1,0.26380469768355863,8,28.699483534914943,19.547655495727245,1.334190542772447,10.486018581960145,0.5681247903469636,1,-1.2907693636521906,5.249919812849275,1,1,3,0.04424500222077398,0.04424500222077398,0.04424500222077398
867,SAFE,75,7.5,2.0,55,5.5,0.08259452134370804,0.008944540284574032,0.0,0.08259452134370804,0.008944540284574032,0.008035518229007721,0.026841619051992893,0.008035518229007721,0.026841619051992893,0.0,0.0,0.0,1,7.167789563530117,-1.972200894868938,-1.972200894868938,7.167789563530117,-1.1197551344736338,0.0,5.0,0,-2.9445378995865026,7,29.942255865645947,20.740138847741584,0.9483120499173285,10.150429067821694,0.6058070746254375,1,-0.5119444224758047,2.9205129447862666,1,2,2,5.0,0.6058070746254375,0.6058070746254375
867,SAFE,75,7.5,1.0,65,6.5,0.14109396934509277,-0.011778346262872219,0.0,0.14109396934509277,0.011778346262872219,0.002049088478088379,-0.01925939368084073,0.002049088478088379,0.01925939368084073,0.0,0.0,0.0,15,35.82977157718252,26.65900803849312,0.47017638515692717,9.640939923846327,0.7208938445965789,0.7208938445965789,0.7208938445965789,1,46.10335355218828,1,10.447533283602633,1.3075428252035781,1.3075428252035781,10.447533283602633,5.0,0,0.8888596051802526,0.837366440046651,0,1,2,5.0,0.7208938445965789,0.7208938445965789
867,SAFE,75,7.5,0.5,70,7.0,0.13067884743213654,-0.015511213801801205,0.0,0.13067884743213654,0.015511213801801205,0.004249200224876404,-0.002112758345901966,0.004249200224876404,0.002112758345901966,0.0,0.0,0.0,15,14.750843573169323,5.5800800344799235,0.4609385009553435,9.631702039644743,0.2369868975709667,0.2369868975709667,0.2369868975709667,1,35.70548932875912,1,12.290583481514465,3.1505930231154107,3.1505930231154107,12.290583481514465,5.0,0,1.805765762035377,2.689654522160067,0,1,1,5.0,0.2369868975709667,0.2369868975709667
916,FIXED_COLLISION,69,6.9,3.0,39,3.9000000000000004,-0.04080883413553238,0.09997838735580444,0.04080883413553238,0.0,0.09997838735580444,0.00814434140920639,-9.562075138092041e-05,0.00814434140920639,9.562075138092041e-05,0.0,0.0,0.0,8,13.175671847132694,7.3081527066637895,-2.4797805615571016,3.387738578911803,2.8302131171521023,2.8302131171521023,2.8302131171521023,1,4.347592730998194,2,5.375950389452249,-0.35828022274847626,-0.35828022274847626,5.375950389452249,5.0,0,-1.419030392152789,2.1215003388086253,2,3,5,2.8302131171521023,2.8302131171521023,2.8302131171521023
916,FIXED_COLLISION,69,6.9,2.0,49,4.9,-0.012224243022501469,0.11412756890058517,0.012224243022501469,0.0,0.11412756890058517,0.004076904617249966,0.0018933415412902832,0.004076904617249966,0.0018933415412902832,0.0,0.0,0.0,8,9.288231145139514,3.4207120046706097,-2.629054171849121,3.2384649686197835,2.232325869444525,2.232325869444525,2.232325869444525,1,3.654975959028007,12,18.505337435371267,11.836841171703673,-1.8946417538373064,4.773854509830287,5.0,0,-2.2618479628432135,0.7344124180118148,2,4,5,2.232325869444525,2.232325869444525,2.232325869444525
916,FIXED_COLLISION,69,6.9,1.0,59,5.9,-0.030128460377454758,0.1239444687962532,0.030128460377454758,0.0,0.1239444687962532,-0.0035799071192741394,-0.0002385750412940979,0.0035799071192741394,0.0002385750412940979,0.0,0.0,0.0,8,6.12490373845679,0.25738459798788504,-2.5985601668539937,3.268958973614911,1.6428560203094527,1.6428560203094527,1.6428560203094527,1,2.666215454570942,12,16.47421952027253,9.805723256604937,-1.2617849048278575,5.406711358839736,5.0,0,-1.9301725358409256,1.3367752620261362,2,4,5,1.6428560203094527,1.6428560203094527,1.6428560203094527
916,FIXED_COLLISION,69,6.9,0.5,64,6.4,-0.03869571536779404,0.12236888706684113,0.03869571536779404,0.0,0.12236888706684113,-0.0014979243278503418,-0.0011600852012634277,0.0014979243278503418,0.0011600852012634277,0.0,0.0,0.0,8,5.037400916474942,-0.8301182239939626,-2.6901523504159144,3.1773667900529903,1.3967772189929712,1.3967772189929712,1.3967772189929712,1,2.17161353335007,15,6.138744944068135,0.18327970813732808,0.17606777263733786,6.1315330085681445,5.0,0,-1.2570422888892883,2.8662201230532522,1,4,5,1.3967772189929712,1.3967772189929712,1.3967772189929712
926,SAFE,78,7.800000000000001,3.0,48,4.800000000000001,0.22128568589687347,0.016958123072981834,0.0,0.22128568589687347,0.016958123072981834,0.013591155409812927,-0.0020736176520586014,0.013591155409812927,0.0020736176520586014,0.0,0.0,0.0,9,15.462170110282978,5.634705643927708,-2.7282826730094865,7.0991817933457835,1.299297133373404,1.299297133373404,1.299297133373404,1,9.391775061226436,16,16.509565813325835,7.309886059497977,2.715603936481685,11.915283690309543,5.0,0,-0.006339368263900802,5.443886609491171,1,1,1,1.299297133373404,1.299297133373404,1.299297133373404
926,SAFE,78,7.800000000000001,2.0,58,5.800000000000001,0.12215985357761383,-0.045132916420698166,0.0,0.12215985357761383,0.045132916420698166,-0.0018367692828178406,-0.0013036765158176422,0.0018367692828178406,0.0013036765158176422,0.0,0.0,0.0,9,7.832343263812074,-1.9951212025431957,-2.454509098336853,7.372955368018417,0.22773675584242553,0.22773675584242553,0.22773675584242553,1,3.916062906236645,16,16.504785501582266,7.305105747754407,6.7850256561477575,15.984705409975616,5.0,0,2.165258278905452,9.23953475448461,1,1,1,0.22773675584242553,0.22773675584242553,0.22773675584242553
926,SAFE,78,7.800000000000001,1.0,68,6.800000000000001,0.05285901203751564,-0.021654512733221054,0.0,0.05285901203751564,0.021654512733221054,-0.0002889968454837799,0.010629966855049133,0.0002889968454837799,0.010629966855049133,0.0,0.0,0.0,9,11.238102812176244,1.4106383458209741,1.4106383458209741,11.238102812176244,-0.6801109477657887,0.0,5.0,0,-8.893334358587339,16,16.821476199350712,7.621796445522854,7.621796445522854,16.821476199350712,5.0,0,4.516217395671914,6.21115809970188,0,0,1,5.0,5.0,5.0
926,SAFE,78,7.800000000000001,0.5,73,7.300000000000001,0.014776166528463364,0.028691893443465233,0.0,0.014776166528463364,0.028691893443465233,-0.03069305792450905,0.04528486169874668,0.03069305792450905,0.04528486169874668,0.0,0.0,0.0,9,16.324071153392186,6.496606687036916,6.496606687036916,16.324071153392186,-1.1539834326782652,0.0,5.0,0,-10.644668672286478,8,38.58845826080382,29.39657982804634,11.934280340386078,21.126158773143555,5.0,0,9.215443513711497,5.437673653349162,0,0,0,5.0,5.0,5.0
967,SAFE,56,5.6000000000000005,3.0,26,2.6,0.024999352172017097,-0.007401926908642054,0.0,0.024999352172017097,0.007401926908642054,0.0003690943121910095,0.008783917408436537,0.0003690943121910095,0.008783917408436537,0.0,0.0,0.0,3,13.66621417754519,4.490795452759626,-4.2283344182946845,4.947084306490879,1.9565223498998543,1.9565223498998543,1.9565223498998543,1,6.069647254683487,10,26.98500010252102,20.02801941692508,-3.191233307374404,3.7657473782215365,2.2775864868627385,1,-3.709783862834544,1.0371011109202803,2,2,2,1.9565223498998543,1.9565223498998543,1.9565223498998543
967,SAFE,56,5.6000000000000005,2.0,36,3.6,-0.034554801881313324,0.030027389526367188,0.034554801881313324,0.0,0.030027389526367188,0.003888137638568878,0.04370919894427061,0.003888137638568878,0.04370919894427061,0.0,0.0,0.0,3,7.556266732286004,-1.6191519924995594,-4.9178885875709275,4.257530137214636,0.8545089588187825,0.8545089588187825,0.8545089588187825,1,6.03549976566879,6,17.712277425888104,8.484716019800729,8.484716019800729,17.712277425888104,5.0,0,1.7834137161149006,13.402604607371657,1,1,1,0.8545089588187825,0.8545089588187825,0.8545089588187825
967,SAFE,56,5.6000000000000005,1.0,46,4.6000000000000005,-0.03043343871831894,-0.03737613931298256,0.03043343871831894,0.0,0.03737613931298256,0.01568295806646347,-0.00793812982738018,0.01568295806646347,0.00793812982738018,0.0,0.0,0.0,3,5.383604061852566,-3.791814662932998,-3.791814662932998,5.383604061852566,-0.27431159403161487,0.0,5.0,0,-3.7167619352000165,2,41.64060316970023,32.49391399720897,3.928177619359463,13.074866791850718,5.0,0,0.06818147821323262,7.719992282292461,1,1,1,5.0,5.0,5.0
967,SAFE,56,5.6000000000000005,0.5,51,5.1000000000000005,0.060240816324949265,-0.03101210854947567,0.0,0.060240816324949265,0.03101210854947567,0.013429064303636551,0.012283695861697197,0.013429064303636551,0.012283695861697197,0.0,0.0,0.0,2,38.088130437978116,28.94144126548686,-5.366617542788151,3.7800716297031043,4.972103510902733,4.972103510902733,4.972103510902733,1,7.5849136377322495,3,7.438426169447588,-1.7369925553379755,-1.7369925553379755,7.438426169447588,5.0,0,-3.5518050490630633,3.6296249874501756,2,2,2,4.972103510902733,4.972103510902733,4.972103510902733
1014,SAFE,79,7.9,3.0,49,4.9,-0.05464331433176994,-0.10041901469230652,0.05464331433176994,0.0,0.10041901469230652,0.0006230436265468597,-0.0009920001029968262,0.0006230436265468597,0.0009920001029968262,0.0,0.0,0.0,10,13.806279415554314,4.551045091388552,4.551045091388552,13.806279415554314,-441.89310066574143,0.0,5.0,0,-0.030740526549108374,5,13.789236483678517,4.819462623306936,4.664892579881382,13.634666440252962,5.0,0,4.607968835634967,0.11384748849283,0,0,0,5.0,5.0,5.0
1014,SAFE,79,7.9,2.0,59,5.9,-0.026157859712839127,-0.08650241792201996,0.026157859712839127,0.0,0.08650241792201996,0.009823266416788101,0.018156923353672028,0.009823266416788101,0.018156923353672028,0.0,0.0,0.0,11,29.4403536759494,16.306830082270384,4.464729528651684,17.5982531223307,3.6397383446850884,3.6397383446850884,3.6397383446850884,1,5.198403754309327,5,13.719187136080002,4.749413275708422,4.64786438105757,13.61763824142915,5.0,0,4.556296954854627,0.18313485240588534,0,0,0,5.0,5.0,5.0
1014,SAFE,79,7.9,1.0,69,6.9,-0.005975651554763317,-0.08710010349750519,0.005975651554763317,0.0,0.08710010349750519,0.002183685079216957,-0.00040252506732940674,0.002183685079216957,0.00040252506732940674,0.0,0.0,0.0,11,25.075097008790372,11.941573415111357,4.590024555309139,17.723548148988154,2.9774431607980403,2.9774431607980403,2.9774431607980403,1,4.214273989210358,5,13.711099959630932,4.741326099259352,4.720659033354677,13.690432893726257,5.0,0,4.655341794331908,0.13063447804553796,0,0,0,5.0,5.0,5.0
1014,SAFE,79,7.9,0.5,74,7.4,-0.00302614807151258,-0.08761480450630188,0.00302614807151258,0.0,0.08761480450630188,0.00022139190696179867,-3.395974636077881e-05,0.00022139190696179867,3.395974636077881e-05,0.0,0.0,0.0,11,23.133115359020824,9.999591765341808,4.434893229839631,17.568416823518646,2.567215233398831,2.567215233398831,2.567215233398831,1,3.8137831464487753,5,13.748287888159524,4.778514027787944,4.778514027787944,13.748287888159524,5.0,0,4.606703628813787,0.34362079794831324,0,0,0,5.0,5.0,5.0
1032,NEW_COLLISION,56,5.6000000000000005,3.0,26,2.6,-0.0922710970044136,-0.025044066831469536,0.0922710970044136,0.0,0.025044066831469536,0.003942430019378662,0.009695781394839287,0.003942430019378662,0.009695781394839287,0.0,0.0,0.0,2,68.78687700607503,63.58354690157058,-2.328633279504166,2.8746968250002882,2.996375802209214,2.996375802209214,2.996375802209214,1,22.916597937654235,7,26.168906903155975,20.155733438290397,2.3947852088329746,8.407958673698552,2.8131456722280515,1,0.03307596466440432,4.72341848833714,1,1,1,2.996375802209214,2.996375802209214,2.996375802209214
1032,NEW_COLLISION,56,5.6000000000000005,2.0,36,3.6,-0.08441276848316193,0.019458714872598648,0.08441276848316193,0.0,0.019458714872598648,0.00015472620725631714,0.0036788396537303925,0.00015472620725631714,0.0036788396537303925,0.0,0.0,0.0,2,46.15043489546156,40.947104790957106,-1.850622032392749,3.3527080721117053,2.044765935429258,2.044765935429258,2.044765935429258,1,22.450916581996047,7,18.318725427927024,12.305551963061447,2.771677473139185,8.784850938004762,1.9400260966080343,1,0.4605277203732181,4.6222995055319345,1,1,1,2.044765935429258,2.044765935429258,2.044765935429258
1032,NEW_COLLISION,56,5.6000000000000005,1.0,46,4.6000000000000005,-0.09236154705286026,0.0781078040599823,0.09236154705286026,0.0,0.0781078040599823,0.006440669298171997,0.0072665587067604065,0.006440669298171997,0.0072665587067604065,0.0,0.0,0.0,2,23.274236161885348,18.070906057380896,-2.5865881471929524,2.616741957311502,1.022775378738884,1.022775378738884,1.022775378738884,1,22.468309405268453,1,9.678724357442489,6.856032641294609,0.329591186176879,3.152282902324759,1.183355381432365,1,-1.1284984805080367,2.9161793333698314,1,2,3,1.022775378738884,1.022775378738884,1.022775378738884
1032,NEW_COLLISION,56,5.6000000000000005,0.5,51,5.1000000000000005,-0.03669600188732147,0.04363882914185524,0.03669600188732147,0.0,0.04363882914185524,0.016456525772809982,-0.009147409349679947,0.016456525772809982,0.009147409349679947,0.0,0.0,0.0,2,11.995362148626889,6.792032044122434,-2.907575727025948,2.2957543774785063,0.5199315473521419,0.5199315473521419,0.5199315473521419,1,22.225973874518978,1,6.331641843860261,3.508950127712381,0.8472911614503538,3.6699828775982337,0.6856533261099319,1,-1.030142282787797,3.7548668884763017,1,2,3,0.5199315473521419,0.5199315473521419,0.5199315473521419
1070,SAFE,18,1.8,1.0,8,0.8,-0.07075778394937515,0.031081652268767357,0.07075778394937515,0.0,0.031081652268767357,0.004210047423839569,0.0003820788115262985,0.004210047423839569,0.0003820788115262985,0.0,0.0,0.0,2,11.492829683094419,2.2126564412926246,2.2126564412926246,11.492829683094419,-1.1865753149803302,0.0,5.0,0,-2.515067743873333,4,24.130400979198132,14.828120998855024,14.828120998855024,24.130400979198132,5.0,0,8.520388720073825,12.6154645575624,0,0,0,5.0,5.0,5.0
1070,SAFE,18,1.8,0.5,13,1.3,-0.05563351884484291,0.007960389368236065,0.05563351884484291,0.0,0.007960389368236065,0.0034066326916217804,0.01191364647820592,0.0034066326916217804,0.01191364647820592,0.0,0.0,0.0,2,12.66057922751647,3.3804059857146758,3.3804059857146758,12.66057922751647,-1.359491189666256,0.0,5.0,0,-2.8624276909728295,8,26.180226713677907,16.79803326127992,16.79803326127992,26.180226713677907,5.0,0,10.089219623497296,13.417627275565243,0,0,0,5.0,5.0,5.0
1125,SAFE,74,7.4,3.0,44,4.4,-0.041425671428442,-0.0013466989621520042,0.041425671428442,0.0,0.0013466989621520042,0.0016932450234889984,-0.04706539120525122,0.0016932450234889984,0.04706539120525122,0.0,0.0,0.0,18,18.502351877576135,12.651621403696137,0.9464991074719791,6.797229581351978,1.5790516489336963,1.5790516489336963,1.5790516489336963,1,10.135986431788018,17,8.76187009272522,2.7602636592924057,2.7602636592924057,8.76187009272522,5.0,0,1.8533813833821924,1.8137645518204266,0,1,1,5.0,1.5790516489336963,1.5790516489336963
1125,SAFE,74,7.4,2.0,54,5.4,0.03806857019662857,0.03560490533709526,0.0,0.03806857019662857,0.03560490533709526,0.014541752636432648,0.017399126663804054,0.014541752636432648,0.017399126663804054,0.0,0.0,0.0,18,8.220272481844855,2.3695420079648564,-0.5357630031430496,5.314967470736949,0.5142100273081868,0.5142100273081868,0.5142100273081868,1,9.303169584266733,8,8.764340421529466,2.70094186471578,2.70094186471578,8.764340421529466,5.0,0,1.0825894307863653,3.2367048678588297,1,1,1,0.5142100273081868,0.5142100273081868,0.5142100273081868
1125,SAFE,74,7.4,1.0,64,6.4,0.0636712908744812,0.05717739090323448,0.0,0.0636712908744812,0.05717739090323448,-0.00023837387561798096,0.00014632195234298706,0.00023837387561798096,0.00014632195234298706,0.0,0.0,0.0,18,7.996682695811644,2.145952221931645,2.145952221931645,7.996682695811644,-0.4415069344850313,0.0,5.0,0,-10.055161783110261,8,10.923854718209194,4.860456161395508,4.860456161395508,10.923854718209194,5.0,0,3.5032041916635763,2.714503939463863,0,0,0,5.0,5.0,5.0
1125,SAFE,74,7.4,0.5,69,6.9,-0.09185206145048141,-0.4894474446773529,0.09185206145048141,0.0,0.4894474446773529,0.02521565556526184,0.10577395558357239,0.02521565556526184,0.10577395558357239,0.0,0.0,0.0,22,9.462891173780994,3.7525059317231477,-1.5719614378319848,4.138423804225861,0.7360317515225924,0.7360317515225924,0.7360317515225924,1,10.397685392592885,1,11.968424066159391,6.102087153598495,3.208683826702181,9.075020739263078,3.7830909610077397,1,0.8183611944350981,4.780645264534166,1,1,1,0.7360317515225924,0.7360317515225924,0.7360317515225924
1177,SAFE,69,6.9,3.0,39,3.9000000000000004,0.020526668056845665,-0.009503018110990524,0.0,0.020526668056845665,0.009503018110990524,-0.0010791830718517303,0.0034972727298736572,0.0010791830718517303,0.0034972727298736572,0.0,0.0,0.0,3,23.291330937984277,14.007043988493788,2.558883373835142,11.843170323325632,6.378358450234559,5.0,5.0,0,2.8401166460822327,19,15.29742819440405,3.601832064021348,3.373933168095057,15.06952929847776,0.0700185406885738,1,2.9664082709650996,0.8150497942599149,0,0,0,5.0,5.0,5.0
1177,SAFE,69,6.9,2.0,49,4.9,-0.0014596867840737104,-0.0025914176367223263,0.0014596867840737104,0.0,0.0025914176367223263,-0.006865402450785041,-0.000572186429053545,0.006865402450785041,0.000572186429053545,0.0,0.0,0.0,3,20.455973421921424,11.171686472430935,0.9989673151246965,10.283254264615186,5.320057903948275,5.0,5.0,0,2.883820265528147,9,35.61559728983275,26.360056260219963,3.053873104113853,12.309414133726639,0.6946976639577145,1,2.0264202096192747,2.0549057889891564,0,1,1,5.0,5.0,5.0
1177,SAFE,69,6.9,1.0,59,5.9,-0.007787867449223995,-0.0009969542734324932,0.007787867449223995,0.0,0.0009969542734324932,0.006796525791287422,-0.004244132665917277,0.006796525791287422,0.004244132665917277,0.0,0.0,0.0,3,17.420371220167706,8.136084270677216,-1.0274696118512718,8.256817337639218,4.182630402513427,4.182630402513427,4.182630402513427,1,3.2292711517584083,9,17.94509386522421,8.689552835611423,8.689552835611423,17.94509386522421,5.0,0,3.8310416118800754,9.717022447462695,1,1,1,4.182630402513427,4.182630402513427,4.182630402513427
1177,SAFE,69,6.9,0.5,64,6.4,0.011340577155351639,-0.005358636844903231,0.0,0.011340577155351639,0.005358636844903231,0.007641857722774148,-0.014154468197375536,0.007641857722774148,0.014154468197375536,0.0,0.0,0.0,3,15.956818770793932,6.672531821303442,-1.5318378949030649,7.752449054587425,3.862859112375271,3.862859112375271,3.862859112375271,1,3.155790643462957,44,106.5704836243477,95.1681839666799,6.687261954020421,18.08956161168822,1.9775370111398238,1,2.577712029558678,8.219099848923486,1,1,1,3.862859112375271,3.862859112375271,3.862859112375271
1235,SAFE,32,3.2,3.0,2,0.2,0.08841248601675034,0.15789727866649628,0.0,0.08841248601675034,0.15789727866649628,0.005770668387413025,-0.14837567508220673,0.005770668387413025,0.14837567508220673,0.0,0.0,0.0,3,9.240063239875143,0.21674570136195648,-5.9497560981978985,3.073561440315288,2.698517816609796,2.698517816609796,2.698517816609796,1,3.045261145407707,2,11.96679460389452,4.875261763519237,4.875261763519237,11.96679460389452,5.0,0,-0.5372471673393306,10.825017861717136,1,1,1,2.698517816609796,2.698517816609796,2.698517816609796
1235,SAFE,32,3.2,2.0,12,1.2000000000000002,0.07580894976854324,-0.03230493515729904,0.0,0.07580894976854324,0.03230493515729904,-0.0006332471966743469,0.004095681011676788,0.0006332471966743469,0.004095681011676788,0.0,0.0,0.0,3,8.4173789387807,-0.605938599732486,-6.985252310301812,2.038065228211375,6.35717870270689,5.0,5.0,0,1.3059730877730058,2,17.949652846573663,10.85812000619838,10.85812000619838,17.949652846573663,5.0,0,1.936433847948284,17.843372316500194,1,1,1,5.0,5.0,5.0
1235,SAFE,32,3.2,1.0,22,2.2,0.06054912135004997,-0.010984104126691818,0.0,0.06054912135004997,0.010984104126691818,-0.0081227608025074,0.007889863103628159,0.0081227608025074,0.007889863103628159,0.0,0.0,0.0,3,7.869618547516574,-1.1536989909966122,-4.131413605750826,4.891903932762361,13.211380977503644,5.0,5.0,0,0.595572491931377,5,23.130989651976257,16.048681584936375,16.048681584936375,23.130989651976257,5.0,0,5.958633989592775,20.1800951906872,1,1,1,5.0,5.0,5.0
1235,SAFE,32,3.2,0.5,27,2.7,0.04878558591008186,0.00509905070066452,0.0,0.04878558591008186,0.00509905070066452,0.00018332898616790771,0.0012182043865323067,0.00018332898616790771,0.0012182043865323067,0.0,0.0,0.0,3,7.780924410910043,-1.242393127603144,-1.24284984058799,7.7804676979251965,0.1749612433820164,0.1749612433820164,0.1749612433820164,1,0.00522057996722225,5,25.997881133061544,18.915573066021665,18.915573066021665,25.997881133061544,5.0,0,8.836361612716837,20.158422906609655,1,1,1,0.1749612433820164,0.1749612433820164,0.1749612433820164
1283,SAFE,21,2.1,2.0,1,0.1,0.15988345444202423,-0.017266232520341873,0.0,0.15988345444202423,0.017266232520341873,0.09941811487078667,-0.11497829481959343,0.09941811487078667,0.11497829481959343,0.049418114870786664,0.0,0.049418114870786664,2,19.593284755032254,10.237208502809565,-1.1147132424174622,8.241363009805227,8.125275101531736,5.0,5.0,0,2.3293898352188744,21,57.18925502910753,44.38677937370153,0.5271307574108199,13.32960641281682,1.2937688936614433,1,-0.2937912425033211,1.641843999828282,1,2,2,5.0,1.2937688936614433,1.2937688936614433
1283,SAFE,21,2.1,1.0,11,1.1,0.07583025097846985,-0.025162946432828903,0.0,0.07583025097846985,0.025162946432828903,-0.023761898279190063,-0.013323894701898098,0.023761898279190063,0.013323894701898098,0.0,0.0,0.0,21,19.35188031272506,6.5494046573190605,0.6523479794294396,13.45482363483544,0.34369784487835453,0.34369784487835453,0.34369784487835453,1,29.086932501646654,12,12.854711022412873,3.657348018079892,3.657348018079892,12.854711022412873,5.0,0,2.154847998754666,3.0050000386504525,0,1,1,5.0,0.34369784487835453,0.34369784487835453
1283,SAFE,21,2.1,0.5,16,1.6,-0.04128328338265419,-0.05451754480600357,0.04128328338265419,0.0,0.05451754480600357,-0.04598694108426571,0.01298554241657257,0.04598694108426571,0.01298554241657257,0.0,0.0,0.0,21,15.296743147990952,2.4942674925849513,2.4942674925849513,15.296743147990952,-0.1882383265149367,0.0,5.0,0,-19.44336533579005,12,12.526779701094474,3.329416696761493,3.329267335372373,12.526630339705354,0.0299232785821938,1,2.9117674139786622,0.8349998427874219,0,0,0,5.0,5.0,5.0
1294,NEW_COLLISION,79,7.9,3.0,49,4.9,0.030235808342695236,-0.008740545250475407,0.0,0.030235808342695236,0.008740545250475407,-0.009874392300844193,-0.013013963587582111,0.009874392300844193,0.013013963587582111,0.0,0.0,0.0,17,14.780444418753406,5.484019366485702,-6.369392068813203,2.9270329834545015,4.472882405121636,4.472882405121636,4.472882405121636,1,3.1748636777895842,1,3.257019682909656,-6.161814475996501,-6.3409929600588075,3.077841198847349,0.37051474068572343,1,-6.3551925144360055,0.028399108754395108,2,3,4,0.37051474068572343,0.37051474068572343,0.37051474068572343
1294,NEW_COLLISION,79,7.9,2.0,59,5.9,-0.005983772687613964,-0.016059670597314835,0.005983772687613964,0.0,0.016059670597314835,0.0015864982269704342,0.015727873891592026,0.0015864982269704342,0.015727873891592026,0.0,0.0,0.0,1,3.4561630253870477,-5.962671133519109,-5.962671133519109,3.4561630253870477,-0.4511659205407822,0.0,5.0,0,-0.8352886994058513,10,11.891927510749033,2.6909380944282493,-3.870576138457162,5.330413277863622,3.298956121997297,1,-4.9166236359881355,2.092094995061947,2,2,3,3.298956121997297,3.298956121997297,3.298956121997297
1294,NEW_COLLISION,79,7.9,1.0,69,6.9,0.02513040415942669,-0.00013505667448043823,0.0,0.02513040415942669,0.00013505667448043823,0.0006669051945209503,0.004562261514365673,0.0006669051945209503,0.004562261514365673,0.0,0.0,0.0,1,4.47006124527375,-4.948772913632406,-4.948772913632406,4.47006124527375,-1.5507157467058375,0.0,5.0,0,-1.2235350722057947,10,9.305886371195733,0.10489695487494899,-3.479902650599408,5.721086765721376,2.3009819232106135,1,-4.214337782115907,1.468870263032998,2,3,3,2.3009819232106135,2.3009819232106135,2.3009819232106135
1294,NEW_COLLISION,79,7.9,0.5,74,7.4,0.05676646530628204,-0.0025212860200554132,0.0,0.05676646530628204,0.0025212860200554132,0.005544085055589676,0.0031598468776792288,0.005544085055589676,0.0031598468776792288,0.0,0.0,0.0,1,5.146362917170819,-4.272471241735337,-4.272471241735337,5.146362917170819,-1.961855037696338,0.0,5.0,0,-1.2827828860928936,10,8.051730801032141,-1.1492586152886428,-3.3685013368999064,5.8324880794208775,1.6731531123359786,1,-3.8204862893176217,0.9039699048354306,3,3,4,1.6731531123359786,1.6731531123359786,1.6731531123359786
1310,NEW_COLLISION,18,1.8,1.0,8,0.8,-0.03871968388557434,0.0007227880996651947,0.03871968388557434,0.0,0.0007227880996651947,0.00688210129737854,0.008186960883904248,0.00688210129737854,0.008186960883904248,0.0,0.0,0.0,3,7.440243159533432,-1.7295179192110055,-4.984635071639471,4.185126007104967,3.644663137653166,3.644663137653166,3.644663137653166,1,1.3954968255299114,2,6.287392426290651,-2.8428742472210526,-2.8428742472210526,6.287392426290651,5.0,0,-3.913754659430262,2.1417608244184185,2,2,3,3.644663137653166,3.644663137653166,3.644663137653166
1310,NEW_COLLISION,18,1.8,0.5,13,1.3,-0.022190023213624954,-0.005041585769504309,0.022190023213624954,0.0,0.005041585769504309,0.002368401736021042,0.0065301391296088696,0.002368401736021042,0.0065301391296088696,0.0,0.0,0.0,3,6.827099297790954,-2.3426617809534838,-5.023734242476224,4.146026836268214,3.4119636059778458,3.4119636059778458,3.4119636059778458,1,1.2629853517063354,2,7.573881362367102,-1.5563853111446022,-1.5563853111446022,7.573881362367102,5.0,0,-3.290059776810413,3.467348931331622,2,2,2,3.4119636059778458,3.4119636059778458,3.4119636059778458
1326,FIXED_COLLISION,21,2.1,2.0,1,0.1,-0.02713262103497982,0.35175472497940063,0.02713262103497982,0.0,0.35175472497940063,0.018997834995388985,0.1507023423910141,0.018997834995388985,0.1507023423910141,0.0,0.0007023423910141047,0.0007023423910141047,5,20.010650751095714,12.207106109463712,-4.588393393718544,3.2151512479134583,2.3140960056259785,2.3140960056259785,2.3140960056259785,1,8.42405238466682,4,14.389807996457451,9.06632694885612,0.6002993912575079,5.923780438858841,5.0,0,-1.994047001230518,5.188692784976052,1,2,2,2.3140960056259785,2.3140960056259785,2.3140960056259785
1326,FIXED_COLLISION,21,2.1,1.0,11,1.1,0.23194870352745056,0.1351609230041504,0.0,0.23194870352745056,0.1351609230041504,0.017707213759422302,0.04513218253850937,0.017707213759422302,0.04513218253850937,0.0,0.0,0.0,5,13.78548852839492,5.9819438867629176,-3.7309500513229246,4.072594590309078,2.0736897520901385,2.0736897520901385,2.0736897520901385,1,6.067608398240139,4,12.013204613561667,6.6897235659603345,-0.4376928783817826,4.88578816921955,3.921472043674132,1,-2.0843214648523536,3.293257172941142,2,2,3,2.0736897520901385,2.0736897520901385,0.9050829768190096
1326,FIXED_COLLISION,21,2.1,0.5,16,1.6,0.27407923340797424,0.0039146821945905685,0.0,0.27407923340797424,0.0039146821945905685,0.009690433740615845,-0.05029669962823391,0.009690433740615845,0.05029669962823391,0.0,0.0,0.0,8,8.316273920924505,3.125460984450495,0.1535861097335145,5.344399046207525,0.5189345533201465,0.5189345533201465,0.5189345533201465,1,9.407218685726328,5,12.247074880037156,4.443530238405153,2.408626919247408,10.21217156087941,1.4350729865362406,1,1.2811065144904612,2.2550408095138934,0,1,1,5.0,0.5189345533201465,0.5189345533201465
1330,SAFE,66,6.6000000000000005,3.0,36,3.6,-0.1725025475025177,-0.017574844881892204,0.1725025475025177,0.0,0.017574844881892204,-0.010242223739624023,-0.0015268530696630478,0.010242223739624023,0.0015268530696630478,0.0,0.0,0.0,8,23.189935353560873,18.203471379897298,3.3588124599343017,8.345276433597876,4.962167850097737,4.962167850097737,4.962167850097737,1,4.068131538176776,22,44.86777508440742,39.66457165396496,3.542081150582817,8.745284581025274,5.0,0,3.4504468052585593,0.18326869064851525,0,0,0,5.0,5.0,5.0
1330,SAFE,66,6.6000000000000005,2.0,46,4.6000000000000005,-0.14742115139961243,0.0011314073344692588,0.14742115139961243,0.0,0.0011314073344692588,-0.0012039393186569214,-0.008228770107962191,0.0012039393186569214,0.008228770107962191,0.0,0.0,0.0,22,38.065309635570905,32.86210620512845,1.5653020299285831,6.76850546037104,6.079012565632691,5.0,5.0,0,6.261035121120611,8,19.950901496462993,14.964437522799418,1.7951205177693481,6.781584491432922,4.168310422923534,1,1.6802112738489656,0.22981848784076497,0,0,2,5.0,5.0,4.168310422923534
1330,SAFE,66,6.6000000000000005,1.0,56,5.6000000000000005,-0.1500595062971115,-0.008574506267905235,0.1500595062971115,0.0,0.008574506267905235,0.00301574170589447,0.005965304560959339,0.00301574170589447,0.005965304560959339,0.0,0.0,0.0,22,32.235229686569184,27.032026256126727,0.3940373446691545,5.5972407751116116,6.0347485394250215,5.0,5.0,0,5.337477054232006,8,17.901094360586626,12.91463038692305,1.6871995105084547,6.673663484172029,4.566719714751272,1,1.0406184275888046,1.2931621658393002,0,1,2,5.0,5.0,4.566719714751272
1330,SAFE,66,6.6000000000000005,0.5,61,6.1000000000000005,-0.12907694280147552,0.034423090517520905,0.12907694280147552,0.0,0.034423090517520905,3.018975257873535e-05,-0.001532677561044693,3.018975257873535e-05,0.001532677561044693,0.0,0.0,0.0,22,29.746917679384673,24.543714248942216,-0.022122321098847486,5.1810811093436095,6.0444954094855,5.0,5.0,0,4.918910536610066,8,17.097265797724233,12.110801824060658,1.988848281223607,6.975312254887181,5.0,0,0.9833629800623798,2.0109706023224545,1,1,2,5.0,5.0,5.0
1376,SAFE,79,7.9,3.0,49,4.9,-0.026659563183784485,-0.018364645540714264,0.026659563183784485,0.0,0.018364645540714264,-0.023329933872446418,-0.020205562468618155,0.023329933872446418,0.020205562468618155,0.0,0.0,0.0,24,12.68711166025351,5.422657410355992,-3.454212676036124,3.8102415738613944,0.9444756051620208,0.9444756051620208,0.9444756051620208,1,12.221390761265859,5,11.762490193695335,2.6194344380930303,2.6194344380930303,11.762490193695335,5.0,0,-0.41738911897154685,6.073647114129154,1,1,1,0.9444756051620208,0.9444756051620208,0.9444756051620208
1376,SAFE,79,7.9,2.0,59,5.9,0.059028275310993195,-0.011847998015582561,0.0,0.059028275310993195,0.011847998015582561,-0.007736675441265106,-0.03564727213233709,0.007736675441265106,0.03564727213233709,0.0,0.0,0.0,5,12.34786857330714,3.204812817704836,3.0430489663718294,12.186104721974134,1.0081237714402564,1.0081237714402564,1.0081237714402564,1,0.31881849886751523,43,28.25532470855684,19.12568629765962,7.937442338543104,17.067080749440326,5.0,0,5.4902456524574665,4.894393372171274,0,0,0,5.0,5.0,5.0
1376,SAFE,79,7.9,1.0,69,6.9,0.014870367012917995,-0.10174334794282913,0.0,0.014870367012917995,0.10174334794282913,-0.013222935609519482,-0.016750939190387726,0.013222935609519482,0.016750939190387726,0.0,0.0,0.0,5,12.55468247258644,3.411626716984136,3.411626716984136,12.55468247258644,-2.0979217158257484,0.0,5.0,0,-1.0623203087352764,23,35.31730242144774,26.121087538691935,10.440132452613092,19.6363473353689,0.6946546423616208,1,6.925879584798614,7.028505735628956,0,0,0,5.0,5.0,5.0
1376,SAFE,79,7.9,0.5,74,7.4,0.0012486196355894208,-0.06621529161930084,0.0,0.0012486196355894208,0.06621529161930084,-0.008333003032021224,-0.04116871580481529,0.008333003032021224,0.04116871580481529,0.0,0.0,0.0,5,13.495495681098062,4.352439925495757,4.352439925495757,13.495495681098062,-3.3325053600079566,0.0,5.0,0,-2.7867433144858094,23,21.404006979714662,12.207792096958855,10.863330497376914,20.05954538013272,0.1740911661855901,1,7.607885211436336,6.510890571881157,0,0,0,5.0,5.0,5.0
1400,NEW_COLLISION,74,7.4,3.0,44,4.4,0.1654960662126541,-0.007412982638925314,0.0,0.1654960662126541,0.007412982638925314,-0.005985423922538757,-0.0016310843639075756,0.005985423922538757,0.0016310843639075756,0.0,0.0,0.0,11,12.104446106679115,2.9727578877368916,-5.670642403490666,3.4610458154515573,2.506081854640682,2.506081854640682,2.506081854640682,1,4.4351396970798,40,15.070465809357513,3.685004919149433,-4.632873921909131,6.7525869682989486,5.0,0,-5.151758162699899,1.0377684815815345,3,3,3,2.506081854640682,2.506081854640682,2.506081854640682
1400,NEW_COLLISION,74,7.4,2.0,54,5.4,0.012902981601655483,-0.37005481123924255,0.0,0.012902981601655483,0.37005481123924255,-0.03973329532891512,-0.3815945126116276,0.03973329532891512,0.3815945126116276,0.0,0.23159451261162758,0.23159451261162758,40,12.34982942378232,0.9643685335742394,-5.6649730629490795,5.720487827259,3.493922309436929,3.493922309436929,3.493922309436929,1,2.776271739180266,38,30.246117568631743,21.05952250423004,-2.2328045871681104,6.953790477233594,5.0,0,-3.948888825058595,3.432168475780969,3,3,3,3.493922309436929,3.493922309436929,3.493922309436929
1400,NEW_COLLISION,74,7.4,1.0,64,6.4,-0.09268298745155334,0.029239995405077934,0.09268298745155334,0.0,0.029239995405077934,0.0012912377715110779,-0.011132100597023964,0.0012912377715110779,0.011132100597023964,0.0,0.0,0.0,16,5.785121425730552,-3.3391171027008832,-7.060180526859979,2.0640580015714574,2.0754485595514747,2.0754485595514747,2.0754485595514747,1,2.432578571171189,40,9.3816299427898,-2.0038309474182796,-6.6383633253882675,4.747097564819812,2.357097250701009,1,-6.849271926124123,0.4218172014717112,3,3,4,2.0754485595514747,2.0754485595514747,2.0754485595514747
1400,NEW_COLLISION,74,7.4,0.5,69,6.9,-0.1322292536497116,-0.005038843955844641,0.1322292536497116,0.0,0.005038843955844641,-0.005692139267921448,0.002853906247764826,0.005692139267921448,0.002853906247764826,0.0,0.0,0.0,40,8.000773847859813,-3.3846870423482667,-6.989427381220707,4.396033508987373,2.0029166895836643,2.0029166895836643,2.0029166895836643,1,2.7886175670240516,16,4.517678176923941,-4.606560351507494,-6.673561460540343,2.450677067891093,1.4270870769721178,1,-6.831494420880524,0.31586592068036357,3,3,3,1.4270870769721178,1.4270870769721178,1.4270870769721178
1431,SAFE,30,3.0,3.0,0,0.0,0.04408103600144386,0.0646866112947464,0.0,0.04408103600144386,0.0646866112947464,,,,,,,,7,19.525283671955748,14.260643767108592,14.260643767108592,19.525283671955748,-356.0687592696103,0.0,5.0,0,-0.05266075168002636,1,22.20177342601723,17.00329347318098,17.00329347318098,22.20177342601723,5.0,0,15.631968620144786,2.74264970607239,0,0,0,5.0,5.0,5.0
1431,SAFE,30,3.0,2.0,10,1.0,0.046863213181495667,0.10520090162754059,0.0,0.046863213181495667,0.10520090162754059,-0.00950605422258377,0.015933632850646973,0.00950605422258377,0.015933632850646973,0.0,0.0,0.0,41,55.31794997734622,50.085663369069536,11.280257980046105,16.512544588322786,3.779619998534593,3.779619998534593,3.779619998534593,1,13.33174093842397,7,19.425850091486836,14.16121018663968,14.16121018663968,19.425850091486836,5.0,0,12.720734083342894,2.880952206593575,0,0,0,5.0,5.0,5.0
1431,SAFE,30,3.0,1.0,20,2.0,0.08279982954263687,0.09130699187517166,0.0,0.08279982954263687,0.09130699187517166,0.0021634921431541443,-0.0010945498943328857,0.0021634921431541443,0.0010945498943328857,0.0,0.0,0.0,7,20.086445673876312,14.821805769029156,14.821805769029156,20.086445673876312,-25.578638975297117,0.0,5.0,0,-0.7622675260984784,34,49.54868770049878,44.45774470924348,40.80920084880111,45.900143840056415,5.0,0,27.815503308915133,25.987395079771957,0,0,0,5.0,5.0,5.0
1431,SAFE,30,3.0,0.5,25,2.5,0.06263979524374008,0.10224084556102753,0.0,0.06263979524374008,0.10224084556102753,-0.010649308562278748,0.006265386939048767,0.010649308562278748,0.006265386939048767,0.0,0.0,0.0,2,31.32175075706215,26.07523500710389,8.143134090310234,13.389649840268499,1.951073871790718,1.951073871790718,1.951073871790718,1,13.119875275076666,7,20.72255286686211,15.457912962014953,15.457912962014953,20.72255286686211,5.0,0,11.800523526162593,7.3147788717047195,0,0,0,5.0,5.0,5.0
1487,SAFE,36,3.6,3.0,6,0.6000000000000001,-0.10016332566738129,0.1251608282327652,0.10016332566738129,0.0,0.1251608282327652,0.0032603293657302856,0.0006793588399887085,0.0032603293657302856,0.0006793588399887085,0.0,0.0,0.0,3,5.314453666940035,0.21059272155360542,0.20483134597161712,5.308692291358047,3569.4097032057907,5.0,5.0,0,0.0011524577049103885,9,7.884404835396953,2.610049398718977,2.610049398718977,7.884404835396953,5.0,0,1.407440372345297,2.40521805274736,0,1,1,5.0,5.0,5.0
1487,SAFE,36,3.6,2.0,16,1.6,-0.07877949625253677,0.12174533307552338,0.07877949625253677,0.0,0.12174533307552338,-0.003466561436653137,0.00024852901697158813,0.003466561436653137,0.00024852901697158813,0.0,0.0,0.0,3,5.264126340200007,0.16026539481357727,0.16026539481357727,5.264126340200007,0.0,0.0,5.0,0,4.463002308464022e-05,9,7.933639987398077,2.659284550720101,2.659284550720101,7.933639987398077,5.0,0,1.4097749727668392,2.499019155906524,0,1,1,5.0,5.0,5.0
1487,SAFE,36,3.6,1.0,26,2.6,-0.06340571492910385,0.11689282953739166,0.06340571492910385,0.0,0.11689282953739166,-0.004202879965305328,0.0006776377558708191,0.004202879965305328,0.0006776377558708191,0.0,0.0,0.0,3,5.21669776414251,0.11283681875608043,0.11283681875608043,5.21669776414251,-1234.6641829620667,0.0,5.0,0,-0.003239322088522516,9,7.973898996429141,2.699543559751165,2.6810948263998835,7.95545026307786,5.0,0,1.396965822577982,2.568258007643803,0,1,1,5.0,5.0,5.0
1487,SAFE,36,3.6,0.5,31,3.1,-0.052123986184597015,0.11724982410669327,0.052123986184597015,0.0,0.11724982410669327,0.006303492933511734,-0.0017145723104476929,0.006303492933511734,0.0017145723104476929,0.0,0.0,0.0,3,5.195360986583725,0.09150004119729527,-0.04958566195875047,5.054275283427679,140.19867475234,5.0,5.0,0,0.028339349672741505,9,7.991041535793149,2.7166860991151722,2.7166860991151722,7.991041535793149,5.0,0,1.3335502185782109,2.7662717610739227,1,1,1,5.0,5.0,5.0
1544,SAFE,41,4.1000000000000005,3.0,11,1.1,0.1887725591659546,0.009754600934684277,0.0,0.1887725591659546,0.009754600934684277,-0.016320347785949707,-0.011181128211319447,0.016320347785949707,0.011181128211319447,0.0,0.0,0.0,1,8.729277340084062,1.6761254596188495,0.3498022482726748,7.402954128737887,2.078155494560487,2.078155494560487,2.078155494560487,1,1.179471586565624,11,23.821079890187796,11.252144660958251,9.162860969773426,21.73179619900297,1.1549568368275909,1,4.75633160902305,8.813058721500752,0,1,1,5.0,2.078155494560487,2.078155494560487
1544,SAFE,41,4.1000000000000005,2.0,21,2.1,0.08526935428380966,-0.043817054480314255,0.0,0.08526935428380966,0.043817054480314255,0.001708589494228363,0.0006921626627445221,0.001708589494228363,0.0006921626627445221,0.0,0.0,0.0,1,7.584811468359616,0.5316595878944037,0.20691889343787473,7.260070773903087,0.7333848298046107,0.7333848298046107,0.7333848298046107,1,0.8666360675330465,18,43.45257976530951,30.704149577636688,30.704149577636688,43.45257976530951,5.0,0,15.455534235537282,30.49723068419881,0,1,1,5.0,0.7333848298046107,0.7333848298046107
1544,SAFE,41,4.1000000000000005,1.0,31,3.1,0.09907863289117813,-0.0031640499364584684,0.0,0.09907863289117813,0.0031640499364584684,-0.008524604141712189,0.012665634276345372,0.008524604141712189,0.012665634276345372,0.0,0.0,0.0,1,7.203693852607207,0.15054197214199494,0.15054197214199494,7.203693852607207,-0.2482008717049412,0.0,5.0,0,-0.43012443679656365,10,27.391396810674234,14.88694060791532,14.88694060791532,27.391396810674234,5.0,0,7.518741290028657,14.736398635773327,0,1,1,5.0,5.0,5.0
1544,SAFE,41,4.1000000000000005,0.5,36,3.6,0.1305723488330841,0.015531612560153008,0.0,0.1305723488330841,0.015531612560153008,0.012369818985462189,-0.0034786835312843323,0.012369818985462189,0.0034786835312843323,0.0,0.0,0.0,1,7.596274251756443,0.543122371291231,0.543122371291231,7.596274251756443,-0.7542059018343371,0.0,5.0,0,-1.4868926782789826,12,28.519870655261844,15.726475157618438,15.726475157618438,28.519870655261844,5.0,0,8.134798764454835,15.183352786327207,0,1,1,5.0,5.0,5.0
1587,SAFE,27,2.7,2.0,7,0.7000000000000001,-0.17172136902809143,-0.03987576439976692,0.17172136902809143,0.0,0.03987576439976692,-0.012032300233840942,-0.005413297563791275,0.012032300233840942,0.005413297563791275,0.0,0.0,0.0,53,34.99994793466544,29.845557322326933,-1.686128313621353,3.468262298717155,4.222044505740244,4.222044505740244,4.222044505740244,1,8.208408541660955,15,32.672849353744944,27.828353829953574,-0.06818698701399661,4.776308536777373,5.0,0,-0.8771576503176748,1.6179413266073563,2,4,4,4.222044505740244,3.8147694938905485,3.8147694938905485
1587,SAFE,27,2.7,1.0,17,1.7000000000000002,-0.29222914576530457,-0.0032466829288750887,0.29222914576530457,0.0,0.0032466829288750887,-0.009028315544128418,0.015036186901852489,0.009028315544128418,0.015036186901852489,0.0,0.0,0.0,15,25.78674332846404,20.94224780467267,-3.036267519790164,1.8082280040012058,3.8120408081661807,3.8120408081661807,3.8120408081661807,1,6.731288397803486,1,14.689773591579076,9.621677487271837,-0.8269032218629109,4.241192882444328,2.5505702235958685,1,-1.9315853708265374,2.209364297927253,4,4,5,2.5505702235958685,2.5505702235958685,2.5505702235958685
1587,SAFE,27,2.7,0.5,22,2.2,-0.3120974898338318,0.0030816395301371813,0.3120974898338318,0.0,0.0030816395301371813,-0.0027931928634643555,-0.004560026107355952,0.0027931928634643555,0.004560026107355952,0.0,0.0,0.0,15,22.271095841867638,17.426600318076268,-3.0810673725534716,1.7634281512378978,3.800853224852728,3.800853224852728,3.800853224852728,1,5.822762961701349,1,12.559857048342835,7.491760944035596,-0.839857798625272,4.228238305681967,2.03379472722535,1,-1.9604625855893718,2.2412095739281996,4,5,5,2.03379472722535,2.03379472722535,2.03379472722535
1610,NEW_COLLISION,69,6.9,3.0,39,3.9000000000000004,0.07635005563497543,-0.004610505420714617,0.0,0.07635005563497543,0.004610505420714617,0.018101047724485397,-0.03245139913633466,0.018101047724485397,0.03245139913633466,0.0,0.0,0.0,1,3.9903848470662577,-1.4873821249185237,-1.4873821249185237,3.9903848470662577,-7.578867850327925,0.0,5.0,0,-0.16614345893455224,24,73.70968919069713,67.82694722010764,3.6802107292952666,9.562952699884761,1.590057023236595,1,1.0964143021883714,5.16759285421379,1,1,1,5.0,5.0,5.0
1610,NEW_COLLISION,69,6.9,2.0,49,4.9,0.05764017999172211,-0.0007866618107073009,0.0,0.05764017999172211,0.0007866618107073009,0.017367813736200333,-0.0015119905001483858,0.017367813736200333,0.0015119905001483858,0.0,0.0,0.0,1,4.135724953797925,-1.3420420181868566,-1.3420420181868566,4.135724953797925,-9.600230751144322,0.0,5.0,0,-0.42310337941428616,24,28.39874747647038,22.516005505880884,3.9184331946832263,9.80117516527272,0.5720463211069957,1,1.2881955882481848,5.260475212870083,1,1,1,5.0,5.0,5.0
1610,NEW_COLLISION,69,6.9,1.0,59,5.9,0.007216454017907381,0.006266824435442686,0.0,0.007216454017907381,0.006266824435442686,-0.022166274022310972,0.01997007103636861,0.022166274022310972,0.01997007103636861,0.0,0.0,0.0,14,49.84888178699531,44.153750025065214,7.4643121249120945,13.159443886842185,1.1044376255450798,1.1044376255450798,1.1044376255450798,1,41.98966242943684,7,17.729520698438918,11.902217307191805,11.902217307191805,17.729520698438918,5.0,0,9.68326471605195,4.43790518227971,0,0,0,5.0,5.0,5.0
1610,NEW_COLLISION,69,6.9,0.5,64,6.4,0.0402359701693058,0.03507165238261223,0.0,0.0402359701693058,0.03507165238261223,0.010898128151893616,0.013761809095740318,0.010898128151893616,0.013761809095740318,0.0,0.0,0.0,14,28.792309492475994,23.0971777305459,5.391342384596955,11.086474146527046,0.6081254481387354,0.6081254481387354,0.6081254481387354,1,40.32632490173077,7,17.776789518109315,11.949486126862201,11.949486126862201,17.776789518109315,5.0,0,8.670414255729579,6.558143742265246,0,0,0,5.0,5.0,5.0
1658,SAFE,78,7.800000000000001,3.0,48,4.800000000000001,-0.021266499534249306,0.007076823152601719,0.021266499534249306,0.0,0.007076823152601719,0.00019305385649204254,-1.1674128472805023e-05,0.00019305385649204254,1.1674128472805023e-05,0.0,0.0,0.0,1,29.78475878498784,16.880312000019014,16.880312000019014,29.78475878498784,-1.27361587728386,0.0,5.0,0,-22.90066440751266,2,136.43808903708776,123.6435948722434,123.6435948722434,136.43808903708776,5.0,0,70.26195343613121,106.76328287222438,0,0,0,5.0,5.0,5.0
1658,SAFE,78,7.800000000000001,2.0,58,5.800000000000001,-0.02051614597439766,0.0077422200702130795,0.02051614597439766,0.0,0.0077422200702130795,0.00010241568088531494,-2.371007576584816e-05,0.00010241568088531494,2.371007576584816e-05,0.0,0.0,0.0,4,32.12502506281565,22.9101163075759,8.964014142646302,18.178922897886054,0.992292018227077,0.992292018227077,0.992292018227077,1,22.0075623012016,1,53.93419790915557,41.029751124186745,41.029751124186745,53.93419790915557,5.0,0,24.996882633416526,32.06573698154044,0,0,0,5.0,5.0,5.0
1658,SAFE,78,7.800000000000001,1.0,68,6.800000000000001,-0.019903935492038727,0.008332185447216034,0.019903935492038727,0.0,0.008332185447216034,0.00020033866167068481,-5.349051207304001e-05,0.00020033866167068481,5.349051207304001e-05,0.0,0.0,0.0,4,18.05202871198816,8.83711995674841,8.83711995674841,18.05202871198816,-0.010557863454486416,0.0,5.0,0,-0.4510033000201822,1,77.17021204378017,64.26576525881134,64.26576525881134,77.17021204378017,5.0,0,36.551442607779876,55.42864530206293,0,0,0,5.0,5.0,5.0
1658,SAFE,78,7.800000000000001,0.5,73,7.300000000000001,-0.019611196592450142,0.008845087140798569,0.019611196592450142,0.0,0.008845087140798569,-1.640617847442627e-05,0.00019055232405662537,1.640617847442627e-05,0.00019055232405662537,0.0,0.0,0.0,4,22.348506565333327,13.133597810093576,13.133597810093576,22.348506565333327,-0.5058835670726436,0.0,5.0,0,-15.289296323729547,1,89.36885426168813,76.4644074767193,76.4644074767193,89.36885426168813,5.0,0,44.79900264340644,63.330809666625726,0,0,0,5.0,5.0,5.0
1666,NEW_COLLISION,32,3.2,3.0,2,0.2,0.27487626671791077,0.03369373455643654,0.0,0.27487626671791077,0.03369373455643654,0.02533300220966339,0.005488196387887001,0.02533300220966339,0.005488196387887001,0.0,0.0,0.0,7,10.656902317038732,3.336321008999281,3.336321008999281,10.656902317038732,-1.5504047542084656,0.0,5.0,0,-2.7221563935719466,8,14.197553500789885,9.015504264601073,4.254899134852786,9.436948371041598,1.5252495319341133,1,3.7956100719260335,0.9185781258535046,0,0,0,5.0,5.0,5.0
1666,NEW_COLLISION,32,3.2,2.0,12,1.2000000000000002,0.10617130994796753,0.02669508568942547,0.0,0.10617130994796753,0.02669508568942547,-0.06732621788978577,-0.0030283555388450623,0.06732621788978577,0.0030283555388450623,0.017326217889785764,0.0,0.017326217889785764,15,18.61474764432436,11.30010582799068,0.8727621124866927,8.187403928820371,1.9461340790984536,1.9461340790984536,1.9461340790984536,1,7.714600438307839,8,9.675800292666642,4.493751056477829,1.1642091545463114,6.346258390735124,1.1659326610563303,1,1.018485633516502,0.2914470420596187,0,1,2,5.0,1.9461340790984536,1.1659326610563303
1666,NEW_COLLISION,32,3.2,1.0,22,2.2,0.07925931364297867,0.18815328180789948,0.0,0.07925931364297867,0.18815328180789948,0.012797176837921143,-0.04568873345851898,0.012797176837921143,0.04568873345851898,0.0,0.0,0.0,8,6.212805281205534,1.0307560450167212,0.09753511554419791,5.2795843517330105,0.6207162477086569,0.6207162477086569,0.6207162477086569,1,2.7810830362932255,15,10.855000429185282,3.5403586128516027,0.4705078074844389,7.785149623818118,0.8192466891300625,1,0.2840214615143184,0.37297269194024096,0,2,2,5.0,0.6207162477086569,0.6207162477086569
1666,NEW_COLLISION,32,3.2,0.5,27,2.7,0.09087111800909042,0.10158169269561768,0.0,0.09087111800909042,0.10158169269561768,-0.0057140737771987915,0.0022107958793640137,0.0057140737771987915,0.0022107958793640137,0.0,0.0,0.0,8,4.957784551883745,-0.22426468430506752,-0.6390698266988375,4.542979409489975,0.42034638616216813,0.42034638616216813,0.42034638616216813,1,1.8910703803350453,15,8.252633805952518,0.9379919896188396,0.5209076559818016,7.83554947231548,0.26637786929041946,1,-0.05908108535851797,1.159977482680639,1,2,2,0.42034638616216813,0.26637786929041946,0.26637786929041946
1685,NEW_COLLISION,21,2.1,2.0,1,0.1,-0.009192446246743202,0.0035112614277750254,0.009192446246743202,0.0,0.0035112614277750254,0.015628278255462646,0.05763823934830725,0.015628278255462646,0.05763823934830725,0.0,0.0,0.0,8,7.418861191863174,-1.7924944613238996,-2.974755813599635,6.236599839587439,3.5438225366543277,3.5438225366543277,3.5438225366543277,1,0.614059774817139,2,6.3768092356282455,-2.767124703108353,-2.767124703108353,6.3768092356282455,5.0,0,-2.870940258353994,0.20763111049128202,3,3,3,3.5438225366543277,3.5438225366543277,3.5438225366543277
1685,NEW_COLLISION,21,2.1,1.0,11,1.1,-0.0037277163937687874,0.0011979334522038698,0.0037277163937687874,0.0,0.0011979334522038698,0.008007860742509365,-0.003692670026794076,0.008007860742509365,0.003692670026794076,0.0,0.0,0.0,10,32.03266314567238,18.18862917065272,-5.029183411271671,8.814850563747989,5.2617494402687655,5.0,5.0,0,5.640787905885601,8,6.64645161264737,-2.5649040405397034,-3.9971536230735936,5.21420203011348,3.1415752226200446,1,-4.513168517172632,1.0320297881980771,3,3,3,3.1415752226200446,3.1415752226200446,3.1415752226200446
1685,NEW_COLLISION,21,2.1,0.5,16,1.6,0.1255260705947876,-0.21983951330184937,0.0,0.1255260705947876,0.21983951330184937,0.11627667024731636,-0.22185115609318018,0.11627667024731636,0.22185115609318018,0.06627667024731636,0.07185115609318019,0.13812782634049653,10,29.31933905137449,15.475305076354832,-4.73995611081523,9.104077864204429,4.862270287986263,4.862270287986263,4.862270287986263,1,5.4485641336792,8,6.305989303301443,-2.9053663498856306,-4.066729772041464,5.144625881145609,2.602446259716642,1,-4.403342941428347,0.673226338773766,2,3,3,2.602446259716642,2.602446259716642,2.602446259716642
1755,SAFE,66,6.6000000000000005,3.0,36,3.6,-0.09560555964708328,0.05776374414563179,0.09560555964708328,0.0,0.05776374414563179,-0.0044417306780815125,2.3245811462402344e-06,0.0044417306780815125,2.3245811462402344e-06,0.0,0.0,0.0,13,21.11802815943742,15.248492085028579,-2.0877008295601622,3.781835244848678,3.276875892892216,3.276875892892216,3.276875892892216,1,6.237884623034302,5,11.91077704499199,6.015631461845625,-0.4345516909811922,5.460593892165173,2.255716748820513,1,-1.2611262602706772,1.65314913857897,2,2,3,2.255716748820513,2.255716748820513,2.255716748820513
1755,SAFE,66,6.6000000000000005,2.0,46,4.6000000000000005,-0.07296823710203171,0.06567684561014175,0.07296823710203171,0.0,0.06567684561014175,0.003132335841655731,0.0011489465832710266,0.003132335841655731,0.0011489465832710266,0.0,0.0,0.0,5,8.683230114048467,2.7880845309021014,-1.745182560565138,4.149963022581227,1.9535781264721008,1.9535781264721008,1.9535781264721008,1,3.429524767217749,13,16.1496618889333,10.280125814524459,-1.6577281607821783,4.211807913626662,3.1923809168909965,1,-1.7014553606736582,0.08745439978295977,2,2,3,1.9535781264721008,1.9535781264721008,1.9535781264721008
1755,SAFE,66,6.6000000000000005,1.0,56,5.6000000000000005,-0.061197008937597275,0.06261793524026871,0.061197008937597275,0.0,0.06261793524026871,0.004049498587846756,-0.0007963776588439941,0.004049498587846756,0.0007963776588439941,0.0,0.0,0.0,5,6.867269197613802,0.9721236144674368,-2.3266441045613955,3.56850147858497,2.703900152673433,2.703900152673433,2.703900152673433,1,1.853965040622184,13,12.525540890930673,6.656004816521833,-1.7305634956394842,4.138972578769356,3.725421863272396,1,-2.0286038001004396,0.5960806089219113,3,3,4,2.703900152673433,2.703900152673433,2.703900152673433
1755,SAFE,66,6.6000000000000005,0.5,61,6.1000000000000005,-0.05454622209072113,0.05830661579966545,0.05454622209072113,0.0,0.05830661579966545,-0.001307409256696701,-0.0007422938942909241,0.001307409256696701,0.0007422938942909241,0.0,0.0,0.0,5,6.3518751051059255,0.4567295219595602,-2.6245051872443756,3.2706403959019896,4.003659937594918,4.003659937594918,4.003659937594918,1,1.1658811169611436,13,11.297285129230472,5.427749054821632,-1.9497910693127811,3.919745005096059,4.155272203918524,1,-2.287148128278578,0.6747141179315945,2,2,4,4.003659937594918,4.003659937594918,4.003659937594918
1781,FIXED_COLLISION,80,8.0,3.0,50,5.0,-0.04006050154566765,-0.019150320440530777,0.04006050154566765,0.0,0.019150320440530777,-0.0022352486848831177,-0.011122001335024834,0.0022352486848831177,0.011122001335024834,0.0,0.0,0.0,20,104.71057626080889,91.71590157780851,14.790325890363743,27.785000573364123,2.321365774478251,2.321365774478251,2.321365774478251,1,41.93126924826673,37,23.99190673528759,14.790636959630366,14.790636959630366,23.99190673528759,5.0,0,14.790481424997054,0.00031106926662261003,0,0,0,5.0,5.0,5.0
1781,FIXED_COLLISION,80,8.0,2.0,60,6.0,-0.03189222514629364,0.014657709747552872,0.03189222514629364,0.0,0.014657709747552872,-0.0018793344497680664,0.0022561177611351013,0.0018793344497680664,0.0022561177611351013,0.0,0.0,0.0,20,64.07315157498887,51.07847689198849,14.97823620675248,27.97291088975286,1.383197787669108,1.383197787669108,1.383197787669108,1,37.493409964674846,34,92.97698753510763,83.66079524827244,17.98102145109207,27.29721373792726,1.7988221806031544,1,16.479628828922273,3.002785244339588,0,0,0,5.0,5.0,5.0
1781,FIXED_COLLISION,80,8.0,1.0,70,7.0,-0.026219923049211502,0.0266864076256752,0.026219923049211502,0.0,0.0266864076256752,0.0015377253293991089,-0.006809215992689133,0.0015377253293991089,0.006809215992689133,0.0,0.0,0.0,20,30.124978953509107,17.130304270508727,11.1520658492068,24.14674053220718,0.4306675348751133,0.4306675348751133,0.4306675348751133,1,25.007940435140796,34,46.87203772341039,37.5558454365752,12.3487732037553,21.664965490590493,0.861314504522516,1,11.75041952648105,1.1967073545485007,0,0,0,5.0,5.0,5.0
1781,FIXED_COLLISION,80,8.0,0.5,75,7.5,-0.023744482547044754,0.03057163394987583,0.023744482547044754,0.0,0.03057163394987583,-0.00023174472153186798,0.0051226262003183365,0.00023174472153186798,0.0051226262003183365,0.0,0.0,0.0,34,26.69354315015397,17.377350863318778,11.219639104536046,20.53583139137124,0.35810525094013085,0.35810525094013085,0.35810525094013085,1,30.423882665471318,50,41.208874248769895,30.47757977033305,30.23714846246049,40.96844294089733,0.9759809229673758,1,20.72839378349827,19.017509357924443,0,0,0,5.0,5.0,5.0
1808,SAFE,75,7.5,3.0,45,4.5,-0.052053503692150116,0.0006452350644394755,0.052053503692150116,0.0,0.0006452350644394755,0.00015096738934516907,-0.0006868084892630577,0.00015096738934516907,0.0006868084892630577,0.0,0.0,0.0,12,27.706679788617407,18.453140170354885,16.096617834877364,25.350157453139886,0.25170695723995684,0.25170695723995684,0.25170695723995684,1,17.928056532553825,26,70.44614941167245,58.248254629656884,58.248254629656884,70.44614941167245,5.0,0,37.172436232267124,42.15163679477952,0,0,0,5.0,5.0,5.0
1808,SAFE,75,7.5,2.0,55,5.5,-0.021132975816726685,-0.008608037605881691,0.021132975816726685,0.0,0.008608037605881691,0.00634920597076416,-0.009803274064324796,0.00634920597076416,0.009803274064324796,0.0,0.0,0.0,1,79.15520095838349,69.95078311809276,-5.172889183179809,4.031528657110917,5.056790030003859,5.0,5.0,0,15.614614316500782,12,41.068059961548066,31.814520343285544,31.814520343285544,41.068059961548066,5.0,0,13.320815580052868,36.987409526465356,1,1,1,5.0,5.0,5.0
1808,SAFE,75,7.5,1.0,65,6.5,0.02792016603052616,-0.008733496069908142,0.0,0.02792016603052616,0.008733496069908142,0.002742815762758255,0.0033163856714963913,0.002742815762758255,0.0033163856714963913,0.0,0.0,0.0,1,64.43785819227895,55.23344035198823,-4.1885108225628604,5.015907017727865,4.513348533352479,4.513348533352479,4.513348533352479,1,14.190664541927553,26,72.23536983120971,60.03747504919414,60.03747504919414,72.23536983120971,5.0,0,27.92448211331564,64.225985871757,1,1,1,4.513348533352479,4.513348533352479,4.513348533352479
1808,SAFE,75,7.5,0.5,70,7.0,0.048368554562330246,-0.010314463637769222,0.0,0.048368554562330246,0.010314463637769222,0.0021178312599658966,-0.0018756529316306114,0.0021178312599658966,0.0018756529316306114,0.0,0.0,0.0,1,56.275214597622465,47.07079675733174,-3.7394661363448645,5.464951703945861,3.6026093591984965,3.6026093591984965,3.6026093591984965,1,15.4733697738925,6,85.89698968146836,73.07504659816338,2.208576321270126,15.030519404575102,2.0571772955975014,1,-0.7654449075373693,5.94804245761499,1,1,1,3.6026093591984965,3.6026093591984965,3.6026093591984965
1861,SAFE,78,7.800000000000001,3.0,48,4.800000000000001,-0.05717792734503746,0.11046922206878662,0.05717792734503746,0.0,0.11046922206878662,0.0006642304360866547,-0.0006080716848373413,0.0006642304360866547,0.0006080716848373413,0.0,0.0,0.0,3,5.095885742134842,-0.7769190606116343,-0.7769190606116343,5.095885742134842,-115.54793080470688,0.0,5.0,0,-0.02685470808570676,9,11.27618572214303,5.351483824052013,5.351483824052013,11.27618572214303,5.0,0,2.2872823817201895,6.128402884663648,1,1,1,5.0,5.0,5.0
1861,SAFE,78,7.800000000000001,2.0,58,5.800000000000001,-0.05645846202969551,0.11009794473648071,0.05645846202969551,0.0,0.11009794473648071,0.0002798326313495636,-0.00015209615230560303,0.0002798326313495636,0.00015209615230560303,0.0,0.0,0.0,3,5.131095111558889,-0.7417096911875865,-0.7417096911875865,5.131095111558889,-118.61785181080246,0.0,5.0,0,-0.026619706187313436,9,11.207008857079755,5.282306958988738,5.282306958988738,11.207008857079755,5.0,0,2.270298633900576,6.024016650176325,1,1,1,5.0,5.0,5.0
1861,SAFE,78,7.800000000000001,1.0,68,6.800000000000001,-0.054312556982040405,0.10995812714099884,0.054312556982040405,0.0,0.10995812714099884,-0.00033011287450790405,-0.0001887977123260498,0.00033011287450790405,0.0001887977123260498,0.0,0.0,0.0,3,5.161444025031067,-0.7113607777154085,-0.7113607777154085,5.161444025031067,-131.90975079233354,0.0,5.0,0,-0.024278226364116248,4,54.203286825286526,48.21708357749068,0.29572364356046954,6.281926891356312,4.324330080960088,1,-0.20781856707746948,1.007084421275878,1,2,2,5.0,4.324330080960088,4.324330080960088
1861,SAFE,78,7.800000000000001,0.5,73,7.300000000000001,-0.05455542728304863,0.10841243714094162,0.05455542728304863,0.0,0.10841243714094162,0.00011688470840454102,-0.0006149113178253174,0.00011688470840454102,0.0006149113178253174,0.0,0.0,0.0,4,48.029944551810615,42.04374130401477,-1.1213845845051535,4.864818663290689,3.8729286154783527,3.8729286154783527,3.8729286154783527,1,12.274225890578876,3,5.165270700812361,-0.7075341019341153,-0.7075341019341153,5.165270700812361,5.0,0,-0.9144593432196344,0.4138504825710383,2,2,2,3.8729286154783527,3.8729286154783527,3.8729286154783527
1912,FIXED_COLLISION,28,2.8000000000000003,2.0,8,0.8,0.5862138271331787,-0.19824428856372833,0.0,0.5862138271331787,0.19824428856372833,-0.06134903430938721,0.03084239363670349,0.06134903430938721,0.03084239363670349,0.011349034309387204,0.0,0.011349034309387204,40,31.101520738804258,18.204226292695328,-6.796561206658386,6.100733239450544,5.051300070223267,5.0,5.0,0,5.920834811193642,30,19.6076090879361,10.328782854560092,-5.851122230582099,3.427704002793909,3.1974542854157364,1,-6.323841718620242,0.9454389760762867,4,5,5,0.08260798839629485,0.08260798839629485,0.08260798839629485
1912,FIXED_COLLISION,28,2.8000000000000003,1.0,18,1.8,0.07794855535030365,-0.009931058622896671,0.0,0.07794855535030365,0.009931058622896671,-0.06034146249294281,-0.028744594193995,0.06034146249294281,0.028744594193995,0.010341462492942807,0.0,0.010341462492942807,40,24.029986987080143,11.132692540971213,-6.226975830400451,6.670318615708479,2.9344224701915205,2.9344224701915205,2.9344224701915205,1,7.55801845169925,30,12.598508251471307,3.319682018095298,-5.367662896972657,3.911163336403351,1.5222757447437716,1,-5.7973193636865545,0.8593129334277938,6,6,8,1.122937494264016,1.122937494264016,1.122937494264016
1912,FIXED_COLLISION,28,2.8000000000000003,0.5,23,2.3000000000000003,-0.12822675704956055,0.08952166140079498,0.12822675704956055,0.0,0.08952166140079498,0.1340917944908142,0.16677217930555344,0.1340917944908142,0.16677217930555344,0.0840917944908142,0.016772179305553442,0.10086397379636765,40,20.27876341286836,7.3814689667594315,-5.950242450897032,6.947051995211898,2.4621707502989776,2.4621707502989776,2.4621707502989776,1,7.26954390233397,30,8.9430431685406,-0.3357830648354092,-5.285906314332485,3.9929199190435236,1.0341705297939408,1,-5.6180743826147586,0.6643361365645468,6,7,7,0.6255873916006361,0.6255873916006361,0.6255873916006361
1957,SAFE,79,7.9,3.0,49,4.9,-0.0745140016078949,0.009545408189296722,0.0745140016078949,0.0,0.009545408189296722,0.001836538314819336,0.0010165218263864517,0.001836538314819336,0.0010165218263864517,0.0,0.0,0.0,3,79.78025444166416,66.76269397325382,66.76269397325382,79.78025444166416,-13.886701282010298,0.0,5.0,0,-5.671081659284207,3,79.78025444166416,66.76269397325382,66.76269397325382,79.78025444166416,5.0,0,66.76269397325382,0.0,0,0,0,5.0,5.0,5.0
1957,SAFE,79,7.9,2.0,59,5.9,-0.051786329597234726,0.0342603400349617,0.051786329597234726,0.0,0.0342603400349617,0.0010270588099956512,-0.002398032695055008,0.0010270588099956512,0.002398032695055008,0.0,0.0,0.0,20,44.635467664659075,35.364063238542975,35.364063238542975,44.635467664659075,-0.2688187245397004,0.0,5.0,0,-4.880133973393904,3,85.20066957741284,72.1831091090025,72.1831091090025,85.20066957741284,5.0,0,53.77358617377274,36.819045870459526,0,0,0,5.0,5.0,5.0
1957,SAFE,79,7.9,1.0,69,6.9,-0.0289074145257473,-0.0020786640234291553,0.0289074145257473,0.0,0.0020786640234291553,0.011203359812498093,-0.025027152616530657,0.011203359812498093,0.025027152616530657,0.0,0.0,0.0,15,41.60735168329344,34.54446619669034,16.34500440590928,23.40788989251238,7.133837399245843,5.0,5.0,0,4.378103937358668,20,57.156259089886845,47.884854663770746,47.884854663770746,57.156259089886845,5.0,0,32.114929534840016,31.539850257861467,0,0,0,5.0,5.0,5.0
1957,SAFE,79,7.9,0.5,74,7.4,-0.04579206556081772,-0.026304595172405243,0.04579206556081772,0.0,0.026304595172405243,-0.03331410977989435,-0.04415632784366608,0.03331410977989435,0.04415632784366608,0.0,0.0,0.0,5,68.99797320520572,59.70526052638331,-3.4137653303135753,5.878947348508836,3.599562977283798,3.599562977283798,3.599562977283798,1,19.029271068522405,15,39.48379319946978,32.42090771286668,15.518914427172765,22.581799913775868,5.0,0,6.052574548429595,18.93267975748634,1,1,1,3.599562977283798,3.599562977283798,3.599562977283798
1968,NEW_COLLISION,66,6.6000000000000005,3.0,36,3.6,-0.03195097669959068,-0.018901202827692032,0.03195097669959068,0.0,0.018901202827692032,-0.006147492676973343,-0.0003808494657278061,0.006147492676973343,0.0003808494657278061,0.0,0.0,0.0,16,13.694839642214056,7.722433715719241,7.722433715719241,13.694839642214056,-7.145455353930692,0.0,5.0,0,-1.7168539731827073,12,17.414167488278178,11.518290974356177,9.663423993478995,15.559300507400996,4.641376599276531,1,8.692928854599117,1.940990277759754,0,0,0,5.0,5.0,5.0
1968,NEW_COLLISION,66,6.6000000000000005,2.0,46,4.6000000000000005,-0.062191206961870193,-0.037061017006635666,0.062191206961870193,0.0,0.037061017006635666,-0.0012687034904956818,0.002714201807975769,0.0012687034904956818,0.002714201807975769,0.0,0.0,0.0,36,18.306432358076904,12.25973914363739,8.863676520955723,14.910369735395237,1.1845030039313718,1.1845030039313718,1.1845030039313718,1,5.202278848863945,16,15.708186962385554,9.735781035890739,9.735781035890739,15.708186962385554,5.0,0,9.29972877842323,0.8721045149350157,0,0,0,5.0,5.0,5.0
1968,NEW_COLLISION,66,6.6000000000000005,1.0,56,5.6000000000000005,-0.08089755475521088,0.21996408700942993,0.08089755475521088,0.0,0.21996408700942993,0.061919331550598145,0.5024017989635468,0.061919331550598145,0.5024017989635468,0.011919331550598142,0.35240179896354673,0.3643211305141449,36,14.264131024674047,8.217437810234532,6.165800708207852,12.212493922647367,0.885539041380967,0.885539041380967,0.885539041380967,1,4.300412696203737,12,17.107842639121692,11.211966125199691,11.211966125199691,17.107842639121692,5.0,0,8.68888341670377,5.046165416991839,0,0,0,5.0,5.0,5.0
1968,NEW_COLLISION,66,6.6000000000000005,0.5,61,6.1000000000000005,-0.08024605363607407,0.07053624838590622,0.08024605363607407,0.0,0.07053624838590622,-0.0012939199805259705,-0.02419879287481308,0.0012939199805259705,0.02419879287481308,0.0,0.0,0.0,36,12.92624077746726,6.879547563027746,6.865263569135591,12.911956783575105,0.07511743332671371,0.07511743332671371,0.07511743332671371,1,0.3801008921158579,12,17.683128916903808,11.787252402981807,11.787252402981807,17.683128916903808,5.0,0,9.3262579860587,4.921988833846216,0,0,0,5.0,5.0,5.0
1994,NEW_COLLISION,79,7.9,3.0,49,4.9,-0.12556354701519012,-0.09680100530385971,0.12556354701519012,0.0,0.09680100530385971,-0.007220827043056488,-0.03256469964981079,0.007220827043056488,0.03256469964981079,0.0,0.0,0.0,17,38.156122262504724,28.865761927038292,-2.939335057883869,6.35102527758256,5.933559871556109,5.0,5.0,0,6.411106007952642,2,22.818777847011837,9.964617787544281,-1.048251141539657,11.8059089179279,3.041250766587803,1,-1.993793099711763,1.8910839163442121,3,4,4,0.34424810982511955,0.34424810982511955,0.34424810982511955
1994,NEW_COLLISION,79,7.9,2.0,59,5.9,-0.15094414353370667,-0.1279611736536026,0.15094414353370667,0.0,0.1279611736536026,-0.0022706687450408936,-0.01713130623102188,0.0022706687450408936,0.01713130623102188,0.0,0.0,0.0,2,17.6484966005053,4.794336541037744,-3.974399175585834,8.879760883881723,2.731595655934045,2.731595655934045,2.731595655934045,1,4.8252695180865866,17,32.121119784512544,22.830759449046113,-3.730080868948691,5.560279466517739,5.0,0,-3.8522400222672624,0.24431830663714305,4,5,5,0.43938541842081824,0.43938541842081824,0.43938541842081824
1994,NEW_COLLISION,79,7.9,1.0,69,6.9,-0.11992933601140976,-0.17454330623149872,0.11992933601140976,0.0,0.17454330623149872,0.007256723940372467,0.0540795773267746,0.007256723940372467,0.0540795773267746,0.0,0.0,0.0,2,13.9606106747347,1.1064506152671427,-5.670104417145152,7.184055642322405,3.321626529307491,3.321626529307491,3.321626529307491,1,3.089972320790619,17,27.11329318445996,17.82293284899353,-1.619458375030379,7.67090196043605,5.0,0,-3.6447813960877653,4.0506460421147725,4,4,5,3.321626529307491,3.321626529307491,3.321626529307491
1994,NEW_COLLISION,79,7.9,0.5,74,7.4,-0.13766640424728394,-0.021440569311380386,0.13766640424728394,0.0,0.021440569311380386,-8.004903793334961e-05,-0.053076837211847305,8.004903793334961e-05,0.053076837211847305,0.0,0.0,0.0,2,12.011480549412099,-0.8426795100554578,-6.0114476523288225,6.842712407138734,2.3389972932239065,2.3389972932239065,2.3389972932239065,1,3.4687159481037897,1,30.61453065321977,17.671534090192377,-2.460438254231816,10.482558308795577,5.0,0,-4.235942953280319,3.5510093980970066,3,4,4,2.3389972932239065,2.3389972932239065,2.3389972932239065
2006,SAFE,18,1.8,1.0,8,0.8,0.05577387288212776,-0.05272622033953667,0.0,0.05577387288212776,0.05272622033953667,-0.006388124078512192,-0.015136130154132843,0.006388124078512192,0.015136130154132843,0.0,0.0,0.0,10,42.05069054158884,38.20052155302999,2.159284544382616,6.009453532941464,5.7829907797074585,5.0,5.0,0,7.255953012065652,5,15.317747564198324,9.374512493762708,3.8291649669683263,9.772400037403942,1.3603284244729605,1,2.994224755675471,1.6698804225857105,0,0,0,5.0,5.0,5.0
2006,SAFE,18,1.8,0.5,13,1.3,0.11849503964185715,-0.15899696946144104,0.0,0.11849503964185715,0.15899696946144104,0.004532821476459503,0.022196903824806213,0.004532821476459503,0.022196903824806213,0.0,0.0,0.0,2,16.604115747468324,10.698267407796928,0.9735819301589004,6.879430269830296,4.607398903747709,4.607398903747709,4.607398903747709,1,2.985160409466908,10,38.404411710263865,34.554242721705016,2.163017782445369,6.013186771004217,5.0,0,1.5682998563021346,1.1894358522864685,0,1,1,5.0,4.607398903747709,4.607398903747709
2055,SAFE,74,7.4,3.0,44,4.4,-0.12765322625637054,-0.10718259960412979,0.12765322625637054,0.0,0.10718259960412979,0.002168312668800354,-0.020676806569099426,0.002168312668800354,0.020676806569099426,0.0,0.0,0.0,8,15.217995479633117,9.285319235597306,8.82706735331556,14.75974359735137,1.1765560556810248,1.1765560556810248,1.1765560556810248,1,0.7672432185430192,9,14.985509538456787,9.293561017542075,9.141016176699402,14.832964697614115,1.1348984772442605,1,8.98404176500748,0.3139488233838428,0,0,0,5.0,5.0,5.0
2055,SAFE,74,7.4,2.0,54,5.4,-0.10382048040628433,-0.09289579093456268,0.10382048040628433,0.0,0.09289579093456268,0.004112839698791504,0.022048845887184143,0.004112839698791504,0.022048845887184143,0.0,0.0,0.0,6,16.057068264444915,10.332684457144964,5.825867944532206,11.550251751832157,3.9294341542108233,3.9294341542108233,3.9294341542108233,1,1.9719588906471088,8,14.671263896044827,8.738587652009016,8.738587652009016,14.671263896044827,5.0,0,7.282227798270611,2.9127197074768105,0,0,0,5.0,5.0,5.0
2055,SAFE,74,7.4,1.0,64,6.4,-0.07596702128648758,-0.010290078818798065,0.07596702128648758,0.0,0.010290078818798065,0.007194451987743378,0.021421365439891815,0.007194451987743378,0.021421365439891815,0.0,0.0,0.0,6,13.954141532644805,8.229757725344854,7.263958440811663,12.988342248111614,2.027443112347788,2.027443112347788,2.027443112347788,1,0.9197561672146412,8,14.980568343637188,9.047892099601377,9.047892099601377,14.980568343637188,5.0,0,8.15592527020652,1.7839336587897137,0,0,0,5.0,5.0,5.0
2055,SAFE,74,7.4,0.5,69,6.9,-0.06690715253353119,0.025432340800762177,0.06690715253353119,0.0,0.025432340800762177,0.005152091383934021,0.011354842223227024,0.005152091383934021,0.011354842223227024,0.0,0.0,0.0,6,13.495852709825954,7.771468902526003,7.302889186854072,13.027272994154023,1.568938614421962,1.568938614421962,1.568938614421962,1,0.5869510804010262,10,15.394980035113194,9.45476052887706,9.45476052887706,15.394980035113194,5.0,0,8.378824857865567,2.1518713420229876,0,0,0,5.0,5.0,5.0
2109,SAFE,69,6.9,3.0,39,3.9000000000000004,0.09502119570970535,0.002971442649140954,0.0,0.09502119570970535,0.002971442649140954,-0.007409580051898956,0.008132949704304338,0.007409580051898956,0.008132949704304338,0.0,0.0,0.0,4,24.914947911283683,16.023867781885464,-0.9955451315555406,7.8955349978426765,5.103360771771293,5.0,5.0,0,4.393585966348382,8,46.69955320506743,37.53267250509144,1.943640679901705,11.1105213798777,0.8790626594216697,1,0.4740477741730822,2.9391858114572456,1,1,2,5.0,5.0,0.8790626594216697
2109,SAFE,69,6.9,2.0,49,4.9,0.000633850519079715,-0.0025146848056465387,0.0,0.000633850519079715,0.0025146848056465387,-0.0059138943324796855,-0.011351480381563306,0.0059138943324796855,0.011351480381563306,0.0,0.0,0.0,4,20.409240930489002,11.518160801090785,0.08176309604461807,8.972843225442835,5.147343123148513,5.0,5.0,0,3.2012373906238785,5,32.653010829414164,23.401506770672366,1.6993822439949167,10.950886302736714,0.5782851095254165,1,0.8905726700197674,1.6176191479502986,0,1,2,5.0,5.0,0.5782851095254165
2109,SAFE,69,6.9,1.0,59,5.9,-0.006796187721192837,-0.0018612196436151862,0.006796187721192837,0.0,0.0018612196436151862,0.0026279957965016365,0.0021507471101358533,0.0026279957965016365,0.0021507471101358533,0.0,0.0,0.0,4,17.098425428446724,8.207345299048507,-1.0581616964580123,7.832918432940205,4.628684240962896,4.628684240962896,4.628684240962896,1,2.9187789346196835,11,31.954177457876064,22.594373599527845,4.922456663824622,14.282260522172841,0.5529055942995976,1,1.932147483683305,5.980618360282635,1,1,1,4.628684240962896,4.628684240962896,4.628684240962896
2109,SAFE,69,6.9,0.5,64,6.4,0.0017476807115599513,0.027998341247439384,0.0,0.0017476807115599513,0.027998341247439384,0.0050398343009874225,0.03206775104627013,0.0050398343009874225,0.03206775104627013,0.0,0.0,0.0,4,14.327843961928679,5.4367638325304615,-0.28532715237932393,8.605752977018893,3.3664293254152766,3.3664293254152766,3.3664293254152766,1,2.720674524378396,7,40.441273052266034,31.263757128226775,3.5628701212622467,12.740386045301506,0.721453177551243,1,1.6387714844414614,3.8481972736415706,1,1,1,3.3664293254152766,3.3664293254152766,3.3664293254152766
2173,SAFE,32,3.2,3.0,2,0.2,-0.11821656674146652,0.0751960426568985,0.11821656674146652,0.0,0.0751960426568985,0.006821639835834503,-0.08083334565162659,0.006821639835834503,0.08083334565162659,0.0,0.0,0.0,20,10.906000599968008,5.62439101051773,3.8537527098350015,9.13536229928528,0.2537877186687616,0.2537877186687616,0.2537877186687616,1,12.820973048574348,8,20.201531279132094,17.061009948307277,4.01552240426512,7.156043735089938,1.3992353488190823,1,3.9346375570500607,0.16176969443011835,0,0,0,5.0,5.0,5.0
2173,SAFE,32,3.2,2.0,12,1.2000000000000002,-0.03797595575451851,-0.060901571065187454,0.03797595575451851,0.0,0.060901571065187454,0.007474042475223541,0.013697553426027298,0.007474042475223541,0.013697553426027298,0.0,0.0,0.0,7,9.884186616177887,6.7336505815605205,3.398267644968218,6.548803679585585,0.5717458357079939,0.5717458357079939,0.5717458357079939,1,9.698807840800473,8,9.343638323801056,6.203116992976238,3.857072795912981,6.997594126737798,0.4792306341763833,1,3.6276702204405993,0.4588051509447628,0,0,0,5.0,5.0,5.0
2173,SAFE,32,3.2,1.0,22,2.2,-0.033833179622888565,-0.016569795086979866,0.033833179622888565,0.0,0.016569795086979866,-0.009570002555847168,0.01199534721672535,0.009570002555847168,0.01199534721672535,0.0,0.0,0.0,18,77.59918219263531,71.10792757261314,3.1152306373553085,9.606485257377484,2.8475756645696184,2.8475756645696184,2.8475756645696184,1,26.83332934834293,3,19.568922212084942,14.412335910612436,3.5557412073853136,8.71232750885782,5.0,0,3.335485922370311,0.44051057003000516,0,0,0,5.0,5.0,5.0
2173,SAFE,32,3.2,0.5,27,2.7,-0.052973825484514236,0.022449560463428497,0.052973825484514236,0.0,0.022449560463428497,-0.00042024627327919006,0.007753544487059116,0.00042024627327919006,0.007753544487059116,0.0,0.0,0.0,3,18.537773656618754,13.381187355146247,2.5583256554797718,7.714911956952278,6.325690977000295,5.0,5.0,0,2.5342902727766865,18,63.75772747863932,57.26647285861714,2.6281648627958063,9.119419482817982,2.3024064324810474,1,2.593245259137789,0.06983920731603455,0,0,0,5.0,5.0,5.0
2246,SAFE,21,2.1,2.0,1,0.1,0.3063116669654846,-0.17298023402690887,0.0,0.3063116669654846,0.17298023402690887,0.11554396152496338,-0.0021993517875671387,0.11554396152496338,0.0021993517875671387,0.06554396152496338,0.0,0.06554396152496338,6,9.08043039959211,3.113144589311795,-0.8195295802984397,5.1477562299818755,3.3870477790264313,3.3870477790264313,3.3870477790264313,1,1.8193227986118845,20,21.853332384179787,18.049218291754514,1.3261357215670406,5.130249813992315,2.888905896289984,1,0.25330307063430046,2.1456653018654803,1,1,4,3.3870477790264313,3.3870477790264313,2.6938103899617123
2246,SAFE,21,2.1,1.0,11,1.1,0.09963634610176086,0.019101383164525032,0.0,0.09963634610176086,0.019101383164525032,-0.017286472022533417,-0.007377622649073601,0.017286472022533417,0.007377622649073601,0.0,0.0,0.0,20,13.918438402854981,10.114324310429707,0.9474121724484394,4.751526264873714,1.5015651176535627,1.5015651176535627,1.5015651176535627,1,8.189019066671097,17,12.76483396801421,8.946999488004174,0.9621951660652184,4.7800296460752545,1.35852622187364,1,0.9548036692568289,0.014782993616778928,0,2,3,5.0,1.35852622187364,1.35852622187364
2246,SAFE,21,2.1,0.5,16,1.6,-0.014293668791651726,0.014060188084840775,0.014293668791651726,0.0,0.014060188084840775,-0.018751671072095633,-0.016162481158971786,0.018751671072095633,0.016162481158971786,0.0,0.0,0.0,20,9.874277835264808,6.070163742839533,1.1322565820096404,4.936370674434915,0.9641405454126563,0.9641405454126563,0.9641405454126563,1,7.681946989071882,17,8.911036925126565,5.093202445116528,1.3969480868206525,5.214782566830689,0.814647257770967,1,1.2646023344151465,0.2646915048110121,0,0,3,5.0,5.0,0.814647257770967
2299,SAFE,66,6.6000000000000005,3.0,36,3.6,-0.022305913269519806,0.023571981117129326,0.022305913269519806,0.0,0.023571981117129326,-0.04479140043258667,0.018596808426082134,0.04479140043258667,0.018596808426082134,0.0,0.0,0.0,1,5.757936606046617,-7.890446012666257,-7.891025267228191,5.757357351484684,0.018140317910286974,0.018140317910286974,0.018140317910286974,1,0.06386055944377578,5,7.955340654352794,-1.4733546827328077,-1.4733546827328077,7.955340654352794,5.0,0,-4.682189974980499,6.417670584495383,3,3,3,0.018140317910286974,0.018140317910286974,0.018140317910286974
2299,SAFE,66,6.6000000000000005,2.0,46,4.6000000000000005,-0.06278833746910095,0.00911823008209467,0.06278833746910095,0.0,0.00911823008209467,-0.0018333159387111664,0.009507224895060062,0.0018333159387111664,0.009507224895060062,0.0,0.0,0.0,1,5.676427933318314,-7.971954685394561,-8.357099066853504,5.29128355185937,1.2351260804854676,1.2351260804854676,1.2351260804854676,1,0.6024946063924044,2,10.910467376602368,1.699276557340779,-1.956317378219281,7.2548734410423075,1.9119473227026589,1,-5.156708222536393,6.400781688634223,2,2,2,1.2351260804854676,1.2351260804854676,1.2351260804854676
2299,SAFE,66,6.6000000000000005,1.0,56,5.6000000000000005,-0.1039627343416214,0.006850320380181074,0.1039627343416214,0.0,0.006850320380181074,-0.00028395652770996094,-0.0002634436823427677,0.00028395652770996094,0.0002634436823427677,0.0,0.0,0.0,1,3.5057332141033735,-10.1426494046095,-10.856039310661625,2.7923433080512496,0.868992827437416,0.868992827437416,0.868992827437416,1,1.474822783303311,2,7.236339624938887,-1.9748511943227012,-4.36107894979162,4.850111869469969,1.012873264472455,1,-7.608559130226622,6.494960360870006,2,2,2,0.868992827437416,0.868992827437416,0.868992827437416
2299,SAFE,66,6.6000000000000005,0.5,61,6.1000000000000005,-0.0525103360414505,0.005445545539259911,0.0525103360414505,0.0,0.005445545539259911,0.018003135919570923,-0.0008156802505254745,0.018003135919570923,0.0008156802505254745,0.0,0.0,0.0,1,3.8030989055357396,-9.845283713177135,-9.845283713177135,3.8030989055357396,-3.3045972473979583,0.0,5.0,0,-0.05835178563460043,2,5.444195490851651,-3.766995328409937,-4.620021682839093,4.591169136422495,0.5025493143109078,1,-7.232652698008114,5.225262030338042,2,2,2,0.5025493143109078,0.5025493143109078,0.5025493143109078
2301,NEW_COLLISION,30,3.0,3.0,0,0.0,0.04016145318746567,-0.09345424920320511,0.0,0.04016145318746567,0.09345424920320511,,,,,,,,14,8.84508959360123,3.6619613910380524,-1.2042859262187586,3.978842276344419,1.388798590853017,1.388798590853017,1.388798590853017,1,5.080118886210486,13,22.561349274093903,17.509688588470567,-1.1851478716056048,3.8665128140177303,3.9077199183985387,1,-1.1947168989121817,0.019138054613153876,6,6,6,1.1587892562381261,1.1587892562381261,1.1587892562381261
2301,NEW_COLLISION,30,3.0,2.0,10,1.0,0.1453530341386795,0.019603915512561798,0.0,0.1453530341386795,0.019603915512561798,0.006166338920593262,-0.1653713658452034,0.006166338920593262,0.1653713658452034,0.0,0.015371365845203405,0.015371365845203405,13,16.498637454261527,11.44697676863819,-1.8324218770406415,3.2192388085826935,2.575887397894626,2.575887397894626,2.575887397894626,1,6.161175670002675,14,4.117893666940044,-1.0652345356231336,-1.6115949326419354,3.5715332699212423,0.3262828108420864,1,-1.7220084048412885,0.2208269443987061,7,7,7,0.023571036044827368,0.023571036044827368,0.023571036044827368
2301,NEW_COLLISION,30,3.0,1.0,20,2.0,0.10904568433761597,0.07880858331918716,0.0,0.10904568433761597,0.07880858331918716,-0.012204468250274658,0.00205780565738678,0.012204468250274658,0.00205780565738678,0.0,0.0,0.0,12,27.1971535899185,21.965829077785624,-1.7318129192823961,3.4995115928504794,3.78321909704129,3.78321909704129,3.78321909704129,1,7.069869288413319,13,9.996820857923066,4.9451601722997305,-1.6111089716246911,3.440551713998644,1.3165849724692293,1,-1.6714609454535436,0.12070394765770498,6,8,8,0.17504581850628526,0.17504581850628526,0.17504581850628526
2301,NEW_COLLISION,30,3.0,0.5,25,2.5,0.07740467041730881,-0.07328499108552933,0.0,0.07740467041730881,0.07328499108552933,0.003975324332714081,-0.03179141506552696,0.003975324332714081,0.03179141506552696,0.0,0.0,0.0,13,6.761286397209378,1.7096257115860434,-1.4924567334732375,3.5592039521500975,0.7776369943594345,0.7776369943594345,0.7776369943594345,1,6.285308463475067,12,23.611349419009827,18.38002490687695,-1.464601485139709,3.7667230269931666,3.153068383754982,1,-1.4785291093064732,0.027855248333528593,7,8,8,0.7673164783438692,0.7673164783438692,0.7673164783438692
2321,NEW_COLLISION,36,3.6,1.0,26,2.6,-0.1627810299396515,-0.006030009128153324,0.1627810299396515,0.0,0.006030009128153324,-0.0021014362573623657,-0.00032425345852971077,0.0021014362573623657,0.00032425345852971077,0.0,0.0,0.0,56,80.27437187832089,74.37335215656617,-3.6606630962878515,2.240356625466877,4.766227186203427,4.766227186203427,4.766227186203427,1,16.829211704067788,56,80.27437187832089,74.37335215656617,-3.6606630962878515,2.240356625466877,4.766227186203427,1,-3.6606630962878515,0.0,1,1,1,4.766227186203427,4.766227186203427,4.766227186203427
2321,NEW_COLLISION,36,3.6,0.5,31,3.1,-0.1699877232313156,-0.02177412062883377,0.1699877232313156,0.0,0.02177412062883377,-0.002613648772239685,-0.004653898999094963,0.002613648772239685,0.004653898999094963,0.0,0.0,0.0,56,72.07202942663922,66.17100970488448,-1.865924071744704,4.035095650010025,4.403424346899789,4.403424346899789,4.403424346899789,1,16.315964786926607,49,63.00752072405674,57.14025696859879,-1.515456734709872,4.35180702074808,3.8464451891250433,1,-1.690690403227288,0.3504673370348321,2,2,2,3.8464451891250433,3.8464451891250433,3.8464451891250433
2358,SAFE,79,7.9,3.0,49,4.9,-0.07450893521308899,-0.025843070819973946,0.07450893521308899,0.0,0.025843070819973946,0.020308010280132294,0.00026295334100723267,0.020308010280132294,0.00026295334100723267,0.0,0.0,0.0,7,97.67472840504101,91.91123695006016,-5.334977481610938,0.42851397336991853,4.695360817124018,4.695360817124018,4.695360817124018,1,20.801989932804045,10,35.576289594826186,31.769102658147737,17.72577220733837,21.532959144016818,5.0,0,6.195397362863716,23.060749688949308,1,1,1,4.695360817124018,4.695360817124018,4.695360817124018
2358,SAFE,79,7.9,2.0,59,5.9,-0.14786626398563385,-0.06446739286184311,0.14786626398563385,0.0,0.06446739286184311,0.009184718132019043,-0.0019955895841121674,0.009184718132019043,0.0019955895841121674,0.0,0.0,0.0,7,77.07142093812256,71.3079294831417,0.5269304123584533,6.29042186733931,3.8249942488296904,3.8249942488296904,3.8249942488296904,1,20.015195779232343,10,32.46820100594617,28.661014069267722,15.155699819436945,18.96288675611539,5.0,0,7.841315115897699,14.628769407078492,0,1,1,5.0,3.8249942488296904,3.8249942488296904
2358,SAFE,79,7.9,1.0,69,6.9,-0.05539536103606224,-0.019075268879532814,0.05539536103606224,0.0,0.019075268879532814,-0.0034251920878887177,-0.007339639589190483,0.0034251920878887177,0.007339639589190483,0.0,0.0,0.0,7,56.863307749030646,51.09981629404979,1.9096362588147802,7.673127713795637,2.8190776087726253,2.8190776087726253,2.8190776087726253,1,19.803604083388652,11,91.63384808823155,86.02824270692898,6.35915226621592,11.964757647518482,4.841305992315667,1,4.13439426251535,4.44951600740114,0,0,1,5.0,5.0,2.8190776087726253
2358,SAFE,79,7.9,0.5,74,7.4,-0.030518565326929092,0.0051548839546740055,0.030518565326929092,0.0,0.0051548839546740055,0.0017456896603107452,0.00528394291177392,0.0017456896603107452,0.00528394291177392,0.0,0.0,0.0,7,46.91102376890609,41.14753231392523,2.055823521957848,7.8193149769387045,2.3290897417611807,2.3290897417611807,2.3290897417611807,1,19.58175702939313,11,82.62472909122094,77.01912370991838,3.6645135179620105,9.270118899264572,4.512577455396108,1,2.860168519959929,1.6086899960041627,0,0,0,5.0,5.0,5.0
2406,SAFE,30,3.0,3.0,0,0.0,0.004398779012262821,-0.031978096812963486,0.0,0.004398779012262821,0.031978096812963486,,,,,,,,4,29.638292864178243,23.70394706333405,-0.2369405853608848,5.697405215483309,2.803251380691023,2.803251380691023,2.803251380691023,1,10.182131328511039,9,8.079608629965271,2.220114907588295,2.220114907588295,8.079608629965271,5.0,0,0.991587161113705,2.4570554929491797,1,1,1,2.803251380691023,2.803251380691023,2.803251380691023
2406,SAFE,30,3.0,2.0,10,1.0,0.06605490297079086,-0.0015164898941293359,0.0,0.06605490297079086,0.0015164898941293359,0.002334512770175934,0.048683227389119565,0.002334512770175934,0.048683227389119565,0.0,0.0,0.0,4,19.56894643295426,13.634600632110065,0.8068957127436125,6.7412415135878065,1.733247350738291,1.733247350738291,1.733247350738291,1,9.950500414252412,9,8.71680559717315,2.8573118747961743,2.8573118747961743,8.71680559717315,5.0,0,1.8321037937698934,2.050416162052562,0,1,1,5.0,1.733247350738291,1.733247350738291
2406,SAFE,30,3.0,1.0,20,2.0,0.1573866307735443,-0.02707883156836033,0.0,0.1573866307735443,0.02707883156836033,0.011508464813232422,-0.018439846113324165,0.011508464813232422,0.018439846113324165,0.0,0.0,0.0,4,10.091220492445704,4.15687469160151,0.2393602272858253,6.173706028130019,0.7112603084872106,0.7112603084872106,0.7112603084872106,1,8.877495174454314,3,11.5128099337292,5.501518044080097,2.534784198700841,8.546076088349944,5.0,0,1.387072212993333,2.2954239714150155,0,1,1,5.0,0.7112603084872106,0.7112603084872106
2406,SAFE,30,3.0,0.5,25,2.5,0.09635880589485168,-0.026816509664058685,0.0,0.09635880589485168,0.026816509664058685,-0.031046435236930847,0.024254746735095978,0.031046435236930847,0.024254746735095978,0.0,0.0,0.0,4,6.3866749301188745,0.4523291292746805,-0.06337419175241532,5.870971609091779,0.2154754958671277,0.2154754958671277,0.2154754958671277,1,4.593400584634063,6,7.43091681711426,3.707023035069187,3.5415480686991083,7.265441850744181,0.13364890342142016,1,1.7390869384733465,3.6049222604515236,1,1,1,0.2154754958671277,0.2154754958671277,0.2154754958671277
2408,FIXED_COLLISION,67,6.7,3.0,37,3.7,0.0219182800501585,0.07015649229288101,0.0,0.0219182800501585,0.07015649229288101,-0.06378541328012943,0.21626926213502884,0.06378541328012943,0.21626926213502884,0.01378541328012943,0.06626926213502884,0.08005467541515827,8,15.14265345465877,9.203202442248115,-4.865637160469422,1.0738138519412337,2.0266129369585255,2.0266129369585255,2.0266129369585255,1,7.434328289763624,15,11.596037096871932,5.66171802633926,5.66171802633926,11.596037096871932,5.0,0,0.398040432934919,10.527355186808682,1,1,1,2.0266129369585255,2.0266129369585255,2.0266129369585255
2408,FIXED_COLLISION,67,6.7,2.0,47,4.7,-0.06544863432645798,-0.0038949050940573215,0.06544863432645798,0.0,0.0038949050940573215,-0.008193038403987885,0.01079748896881938,0.008193038403987885,0.01079748896881938,0.0,0.0,0.0,8,9.346281062864444,3.406830050453788,0.7634094090726569,6.7028604214833125,0.88442667114381,0.88442667114381,0.88442667114381,1,5.132363581776927,25,11.177052985218767,5.271701458766364,5.22063261627301,11.125984142725413,0.029469886948617647,1,2.9920210126728333,4.457223207200353,0,1,1,5.0,0.88442667114381,0.88442667114381
2408,FIXED_COLLISION,67,6.7,1.0,57,5.7,0.06690604984760284,-0.04184824600815773,0.0,0.06690604984760284,0.04184824600815773,-0.01449451595544815,0.014079447835683823,0.01449451595544815,0.014079447835683823,0.0,0.0,0.0,4,6.165395991405834,0.27916121736954125,0.06405425316834368,5.9502890272046365,0.2281488960424381,0.2281488960424381,0.2281488960424381,1,1.8527767739065215,6,13.214575126560854,7.481305516802867,2.792332264938504,8.525601874696491,5.0,0,1.4281932590534239,2.7282780117701604,0,1,1,5.0,0.2281488960424381,0.2281488960424381
2408,FIXED_COLLISION,67,6.7,0.5,62,6.2,-0.010635972954332829,-0.06819923222064972,0.010635972954332829,0.0,0.06819923222064972,-0.020587251521646976,-0.007236301898956299,0.020587251521646976,0.007236301898956299,0.0,0.0,0.0,4,6.316184082220104,0.4299493081838115,0.4299493081838115,6.316184082220104,-0.17718145322478804,0.0,5.0,0,-1.5315146711549823,6,11.951173387451936,6.217903777693949,4.048622428443809,9.781892038201796,2.0036393404446478,1,2.2392858683138104,3.6186731202599978,0,1,1,5.0,5.0,5.0
2451,SAFE,36,3.6,3.0,6,0.6000000000000001,-0.10743967443704605,0.01048918254673481,0.10743967443704605,0.0,0.01048918254673481,-0.02459780126810074,-0.0016393261030316353,0.02459780126810074,0.0016393261030316353,0.0,0.0,0.0,6,10.769241523252711,-2.3521339080234718,-4.159932777161421,8.961442654114762,1.2954320181113566,1.2954320181113566,1.2954320181113566,1,2.5567750015609447,3,14.081795246862184,4.826302639933486,4.826302639933486,14.081795246862184,5.0,0,0.33318493138603245,8.986235417094907,1,1,1,1.2954320181113566,1.2954320181113566,1.2954320181113566
2451,SAFE,36,3.6,2.0,16,1.6,-0.12936949729919434,0.019813496619462967,0.12936949729919434,0.0,0.019813496619462967,0.010881677269935608,0.005879526026546955,0.010881677269935608,0.005879526026546955,0.0,0.0,0.0,6,8.31792723410303,-4.803448197173154,-6.051841067608482,7.069534363667701,0.8599440973573308,0.8599440973573308,0.8599440973573308,1,2.685548037432491,22,53.6207928696767,44.34243362240452,7.1983531026675855,16.476712349939763,1.0550375869063604,1,0.5732560175295518,13.250194170276067,1,1,1,0.8599440973573308,0.8599440973573308,0.8599440973573308
2451,SAFE,36,3.6,1.0,26,2.6,-0.028590044006705284,-0.006138738710433245,0.028590044006705284,0.0,0.006138738710433245,0.006933653727173805,-0.004189691855572164,0.006933653727173805,0.004189691855572164,0.0,0.0,0.0,6,6.7490426464687845,-6.372332784807399,-6.372332784807399,6.7490426464687845,-0.0670981931478101,0.0,5.0,0,-0.3711698868759822,9,31.872657537653737,22.625160608111766,3.275001886277975,12.522498815819946,5.0,0,-1.5486654492647118,9.647334671085375,1,1,1,5.0,5.0,5.0
2451,SAFE,36,3.6,0.5,31,3.1,0.03215496987104416,-0.009642144665122032,0.0,0.03215496987104416,0.009642144665122032,0.013450972735881805,0.007944298908114433,0.013450972735881805,0.007944298908114433,0.0,0.0,0.0,4,7.631787231311857,-5.857779717368275,-5.857779717368275,7.631787231311857,-0.5125796410125922,0.0,5.0,0,-3.362774438634042,9,29.921069263290086,20.673572333748115,0.7066035328222142,9.954100462364185,5.0,0,-2.5755880922730303,6.564383250190489,1,2,2,5.0,5.0,5.0
2460,NEW_COLLISION,41,4.1000000000000005,3.0,11,1.1,-0.17786097526550293,0.24467934668064117,0.17786097526550293,0.0,0.24467934668064117,0.002504304051399231,-0.003496885299682617,0.002504304051399231,0.003496885299682617,0.0,0.0,0.0,2,2.7263973836444744,-2.568200783558138,-2.568200783558138,2.7263973836444744,-3.5937761605776934,0.0,5.0,0,-0.005536514335409233,3,4.052149151866216,-1.7032105112457616,-1.7032105112457616,4.052149151866216,5.0,0,-2.1357056474019496,0.8649902723123764,3,3,3,4.955101729025772,4.955101729025772,4.955101729025772
2460,NEW_COLLISION,41,4.1000000000000005,2.0,21,2.1,-0.35227328538894653,0.2788335084915161,0.35227328538894653,0.0,0.2788335084915161,-0.039143145084381104,0.0005701780319213867,0.039143145084381104,0.0005701780319213867,0.0,0.0,0.0,2,2.746611966966039,-2.5479862002365734,-2.5479862002365734,2.746611966966039,-3.2968358583796467,0.0,5.0,0,-0.012706454866000175,3,4.16799241035131,-1.587367252760667,-1.587367252760667,4.16799241035131,5.0,0,-2.06767672649862,0.9606189474759064,3,3,3,3.7500269492075096,3.7500269492075096,3.7500269492075096
2460,NEW_COLLISION,41,4.1000000000000005,1.0,31,3.1,-0.4046476483345032,0.3266385793685913,0.4046476483345032,0.0,0.3266385793685913,-0.004023224115371704,0.0025708377361297607,0.004023224115371704,0.0025708377361297607,0.0,0.0,0.0,2,2.8151610569148806,-2.4794371102877317,-2.4794371102877317,2.8151610569148806,-5.408962837061849,0.0,5.0,0,-0.027248079489197947,3,4.135690299297485,-1.6196693638144923,-1.6196693638144923,4.135690299297485,5.0,0,-2.049553237051112,0.8597677464732394,3,3,3,3.057216220699738,3.057216220699738,3.057216220699738
2460,NEW_COLLISION,41,4.1000000000000005,0.5,36,3.6,-0.3288464844226837,0.39270082116127014,0.3288464844226837,0.0,0.39270082116127014,-0.026027172803878784,-0.001590043306350708,0.026027172803878784,0.001590043306350708,0.0,0.0,0.0,2,2.829423655154432,-2.4651745120481805,-2.4651745120481805,2.829423655154432,-5.831551888673127,0.0,5.0,0,-0.034232696616420595,1,3.32700741275587,0.21422656986781785,-1.7950613533676834,1.3177194895203688,3.0693300022592487,1,-2.130117932707932,0.6701131586804971,3,3,3,3.0693300022592487,3.0693300022592487,3.0693300022592487
2473,NEW_COLLISION,27,2.7,2.0,7,0.7000000000000001,-0.04876095429062843,0.1048237755894661,0.04876095429062843,0.0,0.1048237755894661,-0.005846403539180756,-0.05548322945833206,0.005846403539180756,0.05548322945833206,0.0,0.0,0.0,8,19.724524994449737,13.85649183932997,-3.8915011895430527,1.9765319655767155,2.6501304812833286,2.6501304812833286,2.6501304812833286,1,7.36811381381484,23,26.493272476792836,20.582702987210443,-1.797998197582209,4.112571292000184,2.0338049210304048,1,-2.8447496935626306,2.0935029919608437,3,3,3,0.5365537551233032,0.5365537551233032,0.5365537551233032
2473,NEW_COLLISION,27,2.7,1.0,17,1.7000000000000002,0.028361359611153603,-0.19647477567195892,0.0,0.028361359611153603,0.19647477567195892,-0.007059989497065544,-0.02480638027191162,0.007059989497065544,0.02480638027191162,0.0,0.0,0.0,8,12.250840777529918,6.38280762241015,-4.135306174303847,1.7327269808159214,1.6153813872900347,1.6153813872900347,1.6153813872900347,1,7.432157189107432,23,14.399429941152444,8.488860451570051,0.9632149680240198,6.873784457606413,1.00193264605817,1,-1.5860456031399135,5.098521142327867,1,2,2,1.6153813872900347,1.00193264605817,1.00193264605817
2473,NEW_COLLISION,27,2.7,0.5,22,2.2,-0.04012300819158554,0.3351164162158966,0.04012300819158554,0.0,0.3351164162158966,-0.021440528333187103,0.11695969104766846,0.021440528333187103,0.11695969104766846,0.0,0.0,0.0,1,8.616434530422236,2.8324996780646714,-3.0168449615231188,2.7670898908344457,1.0777921907395307,1.0777921907395307,1.0777921907395307,1,7.17003588093726,3,9.519782958187768,3.6724689814866895,1.6498208363936033,7.497134813094682,0.478880865218582,1,-0.6835120625647577,4.666665797916722,1,1,2,1.0777921907395307,1.0777921907395307,0.478880865218582
2504,SAFE,41,4.1000000000000005,3.0,11,1.1,0.01126112136989832,-0.05810770392417908,0.0,0.01126112136989832,0.05810770392417908,0.0041783531196415424,0.00845704972743988,0.0041783531196415424,0.00845704972743988,0.0,0.0,0.0,11,41.791178463204524,36.48136565890377,7.303177635210336,12.61299043951109,2.2180447244949573,2.2180447244949573,2.2180447244949573,1,17.12519722808311,8,14.313659205948174,9.139517824554108,7.327506608457298,12.501647989851364,0.7383407853909224,1,7.315342121833817,0.024328973246962704,0,0,0,5.0,5.0,5.0
2504,SAFE,41,4.1000000000000005,2.0,21,2.1,-0.01644231379032135,-0.0073572853580117226,0.01644231379032135,0.0,0.0073572853580117226,-0.0060643646866083145,-0.0028640790842473507,0.0060643646866083145,0.0028640790842473507,0.0,0.0,0.0,8,12.321258766088391,7.147117384694326,7.147117384694326,12.321258766088391,-0.1817873117818016,0.0,5.0,0,-1.3273754543422882,11,25.93086793365744,20.621055129356684,7.418532183510688,12.728344987811443,1.2775663002157287,1,7.282824784102507,0.27141479881636243,0,0,0,5.0,5.0,5.0
2504,SAFE,41,4.1000000000000005,1.0,31,3.1,-0.05753930285573006,-0.022752482444047928,0.05753930285573006,0.0,0.022752482444047928,-0.0024127699434757233,-0.002821899950504303,0.0024127699434757233,0.002821899950504303,0.0,0.0,0.0,11,13.690253770076188,8.380440965775433,7.033899404712223,12.343712209012978,0.3475659800734704,0.3475659800734704,0.3475659800734704,1,7.367350571507708,6,19.977111754781124,14.78281539129632,7.4085479482358885,12.602844311720693,1.674330569441713,1,7.221223676474056,0.3746485435236657,0,0,0,5.0,5.0,5.0
2504,SAFE,41,4.1000000000000005,0.5,36,3.6,-0.07165174186229706,-0.021367542445659637,0.07165174186229706,0.0,0.021367542445659637,-0.005447320640087128,0.004882181063294411,0.005447320640087128,0.004882181063294411,0.0,0.0,0.0,6,16.75670117003297,11.562404806548164,7.016213831946365,12.21051019543117,1.2645119432864307,1.2645119432864307,1.2645119432864307,1,6.215025335172895,11,12.397226254737207,7.087413450436452,7.087413450436452,12.397226254737207,5.0,0,7.0518136411914085,0.0711996184900876,0,0,0,5.0,5.0,5.0
2513,FIXED_COLLISION,72,7.2,3.0,42,4.2,-0.10595658421516418,0.04565540701150894,0.10595658421516418,0.0,0.04565540701150894,0.0039856210350990295,-0.0009316839277744293,0.0039856210350990295,0.0009316839277744293,0.0,0.0,0.0,2,3.292619449245501,-1.8488782095756053,-1.8488782095756053,3.292619449245501,-239.75241886032143,0.0,5.0,0,-0.006100962048005259,1,3.1075471941795376,-1.769476581698048,-1.769476581698048,3.1075471941795376,5.0,0,-1.8091773956368267,0.07940162787755733,4,7,9,5.0,5.0,5.0
2513,FIXED_COLLISION,72,7.2,2.0,52,5.2,-0.08007167279720306,0.04759377986192703,0.08007167279720306,0.0,0.04759377986192703,0.00032057613134384155,-0.00040108710527420044,0.00032057613134384155,0.00040108710527420044,0.0,0.0,0.0,2,3.3629893931969046,-1.7785082656242017,-1.7785082656242017,3.3629893931969046,0.0,0.0,5.0,0,0.00014934572526303504,1,3.2143857383143026,-1.662638037563283,-1.662638037563283,3.2143857383143026,5.0,0,-1.7205731515937424,0.11587022806091873,4,7,9,5.0,5.0,5.0
2513,FIXED_COLLISION,72,7.2,1.0,62,6.2,-0.06556617468595505,0.04887658730149269,0.06556617468595505,0.0,0.04887658730149269,0.0012504532933235168,-0.0010690055787563324,0.0012504532933235168,0.0010690055787563324,0.0,0.0,0.0,2,3.413070659166666,-1.7284269996544404,-1.7284269996544404,3.413070659166666,0.0,0.0,5.0,0,-0.0003272911324080407,1,3.1974112794133234,-1.6796124964642623,-1.6796124964642623,3.1974112794133234,5.0,0,-1.7040197480593513,0.048814503190178105,4,7,8,5.0,5.0,5.0
2513,FIXED_COLLISION,72,7.2,0.5,67,6.7,-0.051812347024679184,0.05002496764063835,0.051812347024679184,0.0,0.05002496764063835,0.0013401396572589874,0.00039523467421531677,0.0013401396572589874,0.00039523467421531677,0.0,0.0,0.0,2,3.4293234638452583,-1.712174194975848,-1.712174194975848,3.4293234638452583,-78.74620114434202,0.0,5.0,0,-0.02082111950623905,1,3.1848759117059657,-1.6921478641716199,-1.6921478641716199,3.1848759117059657,5.0,0,-1.702161029573734,0.02002633080422811,4,7,9,5.0,5.0,5.0
2611,NEW_COLLISION,78,7.800000000000001,3.0,48,4.800000000000001,0.12393255531787872,0.07417342811822891,0.0,0.12393255531787872,0.07417342811822891,1.650303602218628e-05,0.0011938884854316711,1.650303602218628e-05,0.0011938884854316711,0.0,0.0,0.0,2,5.5993040632453885,0.37550923285767457,-1.3289307674754967,3.8948640629122173,0.24541084058892504,0.24541084058892504,0.24541084058892504,1,11.776353695088549,1,4.622038154668505,-0.5704674369528231,-0.5704674369528231,4.622038154668505,5.0,0,-0.9496991022141599,0.7584633305226736,2,2,2,0.24541084058892504,0.24541084058892504,0.24541084058892504
2611,NEW_COLLISION,78,7.800000000000001,2.0,58,5.800000000000001,0.10342466831207275,0.061813466250896454,0.0,0.10342466831207275,0.061813466250896454,-0.006566666066646576,-0.008103087544441223,0.006566666066646576,0.008103087544441223,0.0,0.0,0.0,1,6.850391970041198,1.6578863784198692,1.6578863784198692,6.850391970041198,-2.2810543130275835,0.0,5.0,0,-2.662279129378495,8,21.12942144983258,15.901125258093726,5.751603032658943,10.979899224397798,1.3272748723250276,1,3.7047447055394063,4.093716654239074,0,0,1,5.0,5.0,5.0
2611,NEW_COLLISION,78,7.800000000000001,1.0,68,6.800000000000001,-0.004882356151938438,-0.0037511999253183603,0.004882356151938438,0.0,0.0037511999253183603,-0.009780104737728834,0.0052118615712970495,0.009780104737728834,0.0052118615712970495,0.0,0.0,0.0,3,17.581280320587087,12.357953293778753,0.10007224371271217,5.323399270521047,1.2246358559487278,1.2246358559487278,1.2246358559487278,1,13.04013700011329,8,9.48034024161313,4.252044049874275,1.2647166426001277,6.493012834338982,0.4785149933828037,1,0.68239444315642,1.1646443988874156,0,1,2,5.0,1.2246358559487278,0.4785149933828037
2611,NEW_COLLISION,78,7.800000000000001,0.5,73,7.300000000000001,-0.17965459823608398,-0.11805281788110733,0.17965459823608398,0.0,0.11805281788110733,-0.054867617785930634,-0.083273746073246,0.054867617785930634,0.083273746073246,0.004867617785930631,0.0,0.004867617785930631,3,11.160828671593464,5.937501644785129,-2.165232746605867,3.0580942802024675,0.7727230269014521,0.7727230269014521,0.7727230269014521,1,13.359124835089416,8,5.403035341739156,0.1747391500003017,0.1351825898620831,5.3634787816009375,0.044731593357698766,1,-1.015025078371892,2.30041533646795,1,2,3,0.7727230269014521,0.044731593357698766,0.044731593357698766
2626,SAFE,78,7.800000000000001,3.0,48,4.800000000000001,0.120325967669487,0.080467589199543,0.0,0.120325967669487,0.080467589199543,-0.0015329644083976746,-0.0008723065257072449,0.0015329644083976746,0.0008723065257072449,0.0,0.0,0.0,3,15.577832196276065,10.485427066797833,10.485427066797833,15.577832196276065,-5.581704170097538,0.0,5.0,0,-2.2634728898904193,5,19.234563594659715,13.995027623890495,13.995027623890495,19.234563594659715,5.0,0,12.240227345344163,3.5096005570926625,0,0,0,5.0,5.0,5.0
2626,SAFE,78,7.800000000000001,2.0,58,5.800000000000001,0.10037177801132202,0.08606236428022385,0.0,0.10037177801132202,0.08606236428022385,-0.0020982027053833008,0.0013517886400222778,0.0020982027053833008,0.0013517886400222778,0.0,0.0,0.0,3,18.22175042475852,13.129345295280288,13.129345295280288,18.22175042475852,-5.442415730304174,0.0,5.0,0,-3.024411397562344,5,20.956564733284676,15.717028762515456,15.717028762515456,20.956564733284676,5.0,0,14.423187028897871,2.587683467235168,0,0,0,5.0,5.0,5.0
2626,SAFE,78,7.800000000000001,1.0,68,6.800000000000001,0.08817525207996368,0.10757023841142654,0.0,0.08817525207996368,0.10757023841142654,-0.000580228865146637,0.0016319826245307922,0.000580228865146637,0.0016319826245307922,0.0,0.0,0.0,3,21.553558240699353,16.461153111221122,16.461153111221122,21.553558240699353,-5.670226938718702,0.0,5.0,0,-3.688096275847509,5,23.191167335281968,17.95163136451275,17.95163136451275,23.191167335281968,5.0,0,17.206392237866936,1.4904782532916272,0,0,0,5.0,5.0,5.0
2626,SAFE,78,7.800000000000001,0.5,73,7.300000000000001,0.08148501068353653,0.11364640295505524,0.0,0.08148501068353653,0.11364640295505524,-0.0019965916872024536,0.002198643982410431,0.0019965916872024536,0.002198643982410431,0.0,0.0,0.0,3,23.50990617741277,18.41750104793454,18.41750104793454,23.50990617741277,-5.846464033291807,0.0,5.0,0,-3.9837582217834027,5,24.432426702253217,19.192890731484,19.192890731484,24.432426702253217,5.0,0,18.805195889709267,0.7753896835494594,0,0,0,5.0,5.0,5.0
2644,FIXED_COLLISION,40,4.0,3.0,10,1.0,-0.01603197678923607,0.1149311512708664,0.01603197678923607,0.0,0.1149311512708664,-0.0023735808208584785,-0.0015346184372901917,0.0023735808208584785,0.0015346184372901917,0.0,0.0,0.0,4,3.543272215728271,-2.3054038112622557,-2.573303066456604,3.2753729605339226,0.542984660039354,0.542984660039354,0.542984660039354,1,0.9494618485861589,16,6.007418092497896,0.08569139664815406,0.06222360435584662,5.9839503002055885,5.0,0,-1.2555397310503786,2.6355266708124505,1,2,3,0.542984660039354,0.542984660039354,0.542984660039354
2644,FIXED_COLLISION,40,4.0,2.0,20,2.0,0.008599426597356796,0.13825076818466187,0.0,0.008599426597356796,0.13825076818466187,0.0009535597637295723,0.004848942160606384,0.0009535597637295723,0.004848942160606384,0.0,0.0,0.0,12,15.103268213242297,9.1701637830177,-2.7902488986649865,3.142855531559611,1.2259139390597977,1.2259139390597977,1.2259139390597977,1,11.786527196075209,4,3.2617794396699056,-2.586896587320621,-2.586896587320621,3.2617794396699056,5.0,0,-2.688572742992804,0.2033523113443656,2,4,4,1.2259139390597977,1.2259139390597977,1.2259139390597977
2644,FIXED_COLLISION,40,4.0,1.0,30,3.0,-0.02560235932469368,0.1424388587474823,0.02560235932469368,0.0,0.1424388587474823,0.00021541863679885864,-0.0017214268445968628,0.00021541863679885864,0.0017214268445968628,0.0,0.0,0.0,12,4.326396118276743,-1.6067083119478545,-2.671411819996685,3.2616926102279122,0.2386628105642498,0.2386628105642498,0.2386628105642498,1,7.82438216641262,4,3.2606543031852437,-2.5880217238052827,-2.5880217238052827,3.2606543031852437,5.0,0,-2.629716771900984,0.08339009619140247,2,3,4,0.2386628105642498,0.2386628105642498,0.2386628105642498
2644,FIXED_COLLISION,40,4.0,0.5,35,3.5,-0.023142777383327484,0.13816270232200623,0.023142777383327484,0.0,0.13816270232200623,-0.002604389563202858,0.005222395062446594,0.002604389563202858,0.005222395062446594,0.0,0.0,0.0,4,3.2768466740733055,-2.571829352917221,-2.571829352917221,3.2768466740733055,0.0,0.0,5.0,0,-6.074079600361629e-06,5,4.019909725035548,-1.791513879447173,-1.791513879447173,4.019909725035548,5.0,0,-2.181671616182197,0.7803154734700479,2,3,5,5.0,5.0,2.939290587099203
2667,FIXED_COLLISION,47,4.7,3.0,17,1.7000000000000002,-0.26196709275245667,0.0186577420681715,0.26196709275245667,0.0,0.0186577420681715,-0.006988078355789185,-0.019375810399651527,0.006988078355789185,0.019375810399651527,0.0,0.0,0.0,10,11.990476526798439,5.955676416593656,-5.5168309351336,0.5179691750711828,3.9517861560896197,3.9517861560896197,3.9517861560896197,1,3.0285295368302365,30,25.064051881285184,15.801460759883513,-1.8348983546561684,7.427692766745503,5.0,0,-3.675864644894884,3.681932580477431,2,2,2,3.9517861560896197,3.9517861560896197,3.9517861560896197
2667,FIXED_COLLISION,47,4.7,2.0,27,2.7,0.12594099342823029,-0.2595512568950653,0.0,0.12594099342823029,0.2595512568950653,-0.03714507818222046,0.050987303256988525,0.03714507818222046,0.050987303256988525,0.0,0.0,0.0,7,9.840268521957402,3.828733034330342,-5.606710243866823,0.40482524376023626,4.764752155783852,4.764752155783852,4.764752155783852,1,2.0617261570493692,15,15.285835287984229,9.28565839014088,-1.876813865953137,4.123363031890213,5.0,0,-3.74176205490998,3.7298963779136862,2,2,3,4.764752155783852,4.764752155783852,4.764752155783852
2667,FIXED_COLLISION,47,4.7,1.0,37,3.7,0.09916072338819504,0.12193658202886581,0.0,0.09916072338819504,0.12193658202886581,0.02652154117822647,0.02029966562986374,0.02652154117822647,0.02029966562986374,0.0,0.0,0.0,15,13.253025448149378,7.2528485503060285,-1.9890073891173508,4.011169508725999,6.942916503667749,5.0,5.0,0,1.8813269861037678,7,8.558584492599294,2.5470490049722345,-0.7451734949011399,5.26636199272592,5.0,0,-1.3670904420092453,1.2438338942162108,2,2,2,5.0,5.0,5.0
2667,FIXED_COLLISION,47,4.7,0.5,42,4.2,-0.02608957700431347,0.19034157693386078,0.02608957700431347,0.0,0.19034157693386078,-0.032985380850732327,0.03938068449497223,0.032985380850732327,0.03938068449497223,0.0,0.0,0.0,7,8.216135084642495,2.2045995970154353,0.5277635913299781,6.539299078957038,4.617802541963259,4.617802541963259,4.617802541963259,1,0.6521382202714007,15,13.041341896690462,7.041164998847112,3.483160997760736,9.483337895604086,5.0,0,2.005462294545357,2.955397406430758,0,1,1,5.0,4.617802541963259,4.617802541963259
2689,NEW_COLLISION,66,6.6000000000000005,3.0,36,3.6,-0.05772179737687111,0.030240783467888832,0.05772179737687111,0.0,0.030240783467888832,-0.008686341345310211,-0.000845516100525856,0.008686341345310211,0.000845516100525856,0.0,0.0,0.0,40,19.481611955295115,10.274643272671764,10.013774368588813,19.220743051212164,0.7357469989851275,0.7357469989851275,0.7357469989851275,1,0.7043788676583187,39,34.32265356040301,25.04200728798342,13.04918738472977,22.32983365714936,5.0,0,11.531480876659291,3.035413016140957,0,0,0,5.0,5.0,5.0
2689,NEW_COLLISION,66,6.6000000000000005,2.0,46,4.6000000000000005,-0.10824397951364517,-0.1620468646287918,0.10824397951364517,0.0,0.1620468646287918,-0.009782418608665466,-0.1393660344183445,0.009782418608665466,0.1393660344183445,0.0,0.0,0.0,23,89.78829899338776,80.48232682718078,-0.22089148671229886,9.085080679494673,1.9594779459523748,1.9594779459523748,1.9594779459523748,1,45.35342706937653,40,21.067757576869962,11.86078889424661,11.86078889424661,21.067757576869962,5.0,0,5.819948703767156,12.08168038095891,1,1,1,1.9594779459523748,1.9594779459523748,1.9594779459523748
2689,NEW_COLLISION,66,6.6000000000000005,1.0,56,5.6000000000000005,-0.07275617122650146,0.053746119141578674,0.07275617122650146,0.0,0.053746119141578674,-0.0029221251606941223,0.02398952655494213,0.0029221251606941223,0.02398952655494213,0.0,0.0,0.0,23,44.981449035817384,35.675476869610414,-8.453040112868308,0.8529320533386644,1.0094252109739352,1.0094252109739352,1.0094252109739352,1,44.54542581919873,39,27.35928903582342,18.078642763403828,-1.7928899780074756,7.487756294412116,4.768365399736615,1,-5.122965045437892,6.6601501348608325,2,2,2,1.0094252109739352,1.0094252109739352,1.0094252109739352
2689,NEW_COLLISION,66,6.6000000000000005,0.5,61,6.1000000000000005,-0.11777714639902115,0.029273588210344315,0.11777714639902115,0.0,0.029273588210344315,0.0019626542925834656,-0.010593339800834656,0.0019626542925834656,0.010593339800834656,0.0,0.0,0.0,23,22.479834049819953,13.17386188361298,-7.229823812719955,2.076148353487017,0.4988534292989256,0.4988534292989256,0.4988534292989256,1,44.678632860006985,39,25.09387652675825,15.81323025433866,2.520133015215867,11.800779287635459,5.0,0,-2.354845398752044,9.749956827935822,1,1,1,0.4988534292989256,0.4988534292989256,0.4988534292989256
2721,SAFE,66,6.6000000000000005,3.0,36,3.6,-0.13669413328170776,-0.002555722137913108,0.13669413328170776,0.0,0.002555722137913108,-0.0005090981721878052,-0.005218143342062831,0.0005090981721878052,0.005218143342062831,0.0,0.0,0.0,15,101.04243485179215,88.5659821659355,75.16589625601551,87.64234894187217,37.19974675219741,5.0,5.0,0,2.6825902162890514,15,101.04243485179215,88.5659821659355,75.16589625601551,87.64234894187217,5.0,0,75.16589625601551,0.0,0,0,0,5.0,5.0,5.0
2721,SAFE,66,6.6000000000000005,2.0,46,4.6000000000000005,-0.13047082722187042,-0.00401691347360611,0.13047082722187042,0.0,0.00401691347360611,0.0013243108987808228,-0.004894651181530207,0.0013243108987808228,0.004894651181530207,0.0,0.0,0.0,15,98.75616655720107,86.27971387134441,76.85687155241627,89.33332423827292,51.57830153236417,5.0,5.0,0,1.8860784076868287,15,98.75616655720107,86.27971387134441,76.85687155241627,89.33332423827292,5.0,0,76.85687155241627,0.0,0,0,0,5.0,5.0,5.0
2721,SAFE,66,6.6000000000000005,1.0,56,5.6000000000000005,-0.11819256097078323,0.0044396077282726765,0.11819256097078323,0.0,0.0044396077282726765,-1.932680606842041e-05,0.003856480761896819,1.932680606842041e-05,0.003856480761896819,0.0,0.0,0.0,15,97.2179059538764,84.74145326801974,79.04208932621675,91.51854201207341,85.11287185301717,5.0,5.0,0,1.1399437725049613,15,97.2179059538764,84.74145326801974,79.04208932621675,91.51854201207341,5.0,0,79.04208932621675,0.0,0,0,0,5.0,5.0,5.0
2721,SAFE,66,6.6000000000000005,0.5,61,6.1000000000000005,-0.10227533429861069,-0.021811168640851974,0.10227533429861069,0.0,0.021811168640851974,0.007183969020843506,-0.0267559215426445,0.007183969020843506,0.0267559215426445,0.0,0.0,0.0,3,87.36762104915795,78.24265516710133,4.792638778730797,13.917604660787415,2.069196384899424,2.069196384899424,2.069196384899424,1,41.151510019775145,15,96.81987126714716,84.3434185812905,80.98827090728,93.46472359313665,5.0,0,42.8904548430054,76.19563212854919,0,0,0,5.0,5.0,5.0
2773,SAFE,75,7.5,3.0,45,4.5,-0.018113069236278534,0.0630420669913292,0.018113069236278534,0.0,0.0630420669913292,-0.00048421695828437805,-0.0015304461121559143,0.00048421695828437805,0.0015304461121559143,0.0,0.0,0.0,2,16.407972598269943,13.202821866699546,9.833226888031875,13.038377619602272,22.285432565360306,5.0,5.0,0,0.6811296282357131,1,28.97734943338918,25.911187211506245,25.911187211506245,28.97734943338918,5.0,0,17.87220704976906,16.07796032347437,0,0,0,5.0,5.0,5.0
2773,SAFE,75,7.5,2.0,55,5.5,-0.01802096702158451,0.06425298750400543,0.01802096702158451,0.0,0.06425298750400543,-4.921481013298035e-05,0.00021000951528549194,4.921481013298035e-05,0.00021000951528549194,0.0,0.0,0.0,1,29.526447082251245,26.46028486036831,26.46028486036831,29.526447082251245,-18.0405104117949,0.0,5.0,0,-0.6452680853637217,18,52.124935627321335,46.92866775215447,37.274283164994905,42.47055104016177,2.014356205991406,1,31.86728401268161,10.813998304626594,0,0,0,5.0,5.0,5.0
2773,SAFE,75,7.5,1.0,65,6.5,-0.01613844744861126,0.06288542598485947,0.01613844744861126,0.0,0.06288542598485947,-7.941760122776031e-05,-0.00013186782598495483,7.941760122776031e-05,0.00013186782598495483,0.0,0.0,0.0,1,30.01106064625294,26.944898424370006,26.944898424370006,30.01106064625294,-13.870918492550981,0.0,5.0,0,-0.5631584098462286,14,63.3937308034921,58.173357942485964,33.92811244332181,39.148485304327934,3.2953482277544963,1,30.43650543384591,6.983214018951802,0,0,0,5.0,5.0,5.0
2773,SAFE,75,7.5,0.5,70,7.0,-0.017116712406277657,0.06451867520809174,0.017116712406277657,0.0,0.06451867520809174,-0.0006418842822313309,0.0007636547088623047,0.0006418842822313309,0.0007636547088623047,0.0,0.0,0.0,1,30.126098265567915,27.05993604368498,27.05993604368498,30.126098265567915,-11.794756191661902,0.0,5.0,0,-0.4553195643004656,14,57.178980476551146,51.95860761554502,34.228452425190426,39.44882528619655,2.6462820708353236,1,30.644194234437705,7.1685163815054445,0,0,0,5.0,5.0,5.0
2826,SAFE,78,7.800000000000001,3.0,48,4.800000000000001,0.11390597373247147,0.007764032576233149,0.0,0.11390597373247147,0.007764032576233149,-0.005987077951431274,0.014160007238388062,0.005987077951431274,0.014160007238388062,0.0,0.0,0.0,4,13.171573667852307,8.092969500309035,1.5293293296615955,6.6079334972048684,5.751619926130869,5.0,5.0,0,1.74346393790759,30,14.421811021278534,9.18669415193891,8.996764016929255,14.231880886268879,0.05624224119826679,1,5.263046673295426,7.46743468726766,0,0,1,5.0,5.0,5.0
2826,SAFE,78,7.800000000000001,2.0,58,5.800000000000001,0.09369049221277237,-0.00467767845839262,0.0,0.09369049221277237,0.00467767845839262,0.001096099615097046,-0.009492168668657541,0.001096099615097046,0.009492168668657541,0.0,0.0,0.0,4,11.67635093621983,6.597746768676557,0.9882526725170973,6.06685684006037,7.992755317164571,5.0,5.0,0,1.2403805827998962,46,48.543077851155445,43.27378375660967,11.698919252238227,16.968213346784005,0.9903762104097313,1,6.343585962377662,10.71066657972113,0,1,1,5.0,5.0,5.0
2826,SAFE,78,7.800000000000001,1.0,68,6.800000000000001,0.09344251453876495,0.007691116072237492,0.0,0.09344251453876495,0.007691116072237492,0.00013379007577896118,-0.005260740406811237,0.00013379007577896118,0.005260740406811237,0.0,0.0,0.0,4,9.88675483323434,4.808150665691067,1.6222268831243074,6.70083105066758,4.393161028745277,4.393161028745277,4.393161028745277,1,1.2167116855443645,6,12.196838174802105,9.37414647972765,2.572236311787271,5.3949280068617265,0.4595832571516329,1,2.097231597455789,0.9500094286629635,0,0,1,5.0,5.0,4.393161028745277
2826,SAFE,78,7.800000000000001,0.5,73,7.300000000000001,0.08228973299264908,-0.006346556823700666,0.0,0.08228973299264908,0.006346556823700666,-0.0041599273681640625,-0.02924574865028262,0.0041599273681640625,0.02924574865028262,0.0,0.0,0.0,4,9.36794115420877,4.289336986665497,-0.6723136134600498,4.406290554083223,6.33023742444861,5.0,5.0,0,1.2057123575608082,6,5.713481203674,2.8907895085995445,2.8907895085995445,5.713481203674,5.0,0,1.1092379475697474,3.5631031220595943,1,1,1,5.0,5.0,5.0
2849,FIXED_COLLISION,39,3.9000000000000004,3.0,9,0.9,0.10189662128686905,0.021424274891614914,0.0,0.10189662128686905,0.021424274891614914,-0.00843045860528946,0.0036956369876861572,0.00843045860528946,0.0036956369876861572,0.0,0.0,0.0,2,9.600454573032795,3.5029688985945784,3.5029688985945784,9.600454573032795,-5.021858150276231,0.0,5.0,0,-1.223045847023981,12,34.102282090367396,28.026937937985778,4.096384629863275,10.171728782244893,1.0892930493517488,1,3.7996767642289266,0.5934157312686965,0,0,0,5.0,5.0,5.0
2849,FIXED_COLLISION,39,3.9000000000000004,2.0,19,1.9000000000000001,0.027907732874155045,-0.07117073982954025,0.0,0.027907732874155045,0.07117073982954025,-0.0010495204478502274,-0.007536865770816803,0.0010495204478502274,0.007536865770816803,0.0,0.0,0.0,3,20.327098957251703,14.351935727816912,3.76880856452252,9.74397179395731,9.517812220614093,5.0,5.0,0,2.123356394444475,12,10.876717947295843,4.801373794914225,4.581824231851623,10.657168384233241,0.07272940254791407,1,4.175316398187071,0.8130156673291031,0,0,0,5.0,5.0,5.0
2849,FIXED_COLLISION,39,3.9000000000000004,1.0,29,2.9000000000000004,-0.07278737425804138,0.023373102769255638,0.07278737425804138,0.0,0.023373102769255638,-0.00455426424741745,-0.005997516214847565,0.00455426424741745,0.005997516214847565,0.0,0.0,0.0,10,39.7563254446078,33.76436085765423,-0.4439610565359722,5.548003530417602,2.669427003045393,2.669427003045393,2.669427003045393,1,14.603171522262382,8,37.47635349747607,31.563831669531865,4.158468055266855,10.07098988321106,1.105177981626502,1,1.8572534993654415,4.602429111802827,1,1,1,2.669427003045393,2.669427003045393,2.669427003045393
2849,FIXED_COLLISION,39,3.9000000000000004,0.5,34,3.4000000000000004,-0.0595877468585968,-0.005306491628289223,0.0595877468585968,0.0,0.005306491628289223,-0.003477424383163452,-0.051726335659623146,0.003477424383163452,0.051726335659623146,0.0,0.0,0.0,10,32.49492956612115,26.502964979167576,2.390375514560721,8.382340101514295,2.157115281911777,2.157115281911777,2.157115281911777,1,14.061665949659897,8,22.69140525167605,16.77888342373184,3.6832171774637406,9.595739005407946,0.6490202559352518,1,3.0367963460122307,1.2928416629030197,0,0,0,5.0,5.0,5.0
2877,SAFE,56,5.6000000000000005,3.0,26,2.6,-0.0594635084271431,-0.013345848768949509,0.0594635084271431,0.0,0.013345848768949509,0.017106637358665466,-0.04222865775227547,0.017106637358665466,0.04222865775227547,0.0,0.0,0.0,2,9.313160522899004,0.1244813968815972,0.1244813968815972,9.313160522899004,-1.7881035191254522,0.0,5.0,0,-1.5168308467904867,23,82.27307290960175,73.08774478174035,1.5951866827792962,10.780514810640696,1.8702126989249324,1,0.8598340398304467,1.470705285897699,0,1,3,5.0,5.0,1.382184531786408
2877,SAFE,56,5.6000000000000005,2.0,36,3.6,0.008378561586141586,0.00775793194770813,0.0,0.008378561586141586,0.00775793194770813,0.016027907840907574,0.006319307838566601,0.016027907840907574,0.006319307838566601,0.0,0.0,0.0,60,42.233450604855385,26.73395456336509,-0.5449653421180862,14.95453069937221,0.9482987739290161,0.9482987739290161,0.9482987739290161,1,38.952037715400856,2,11.11805040257842,1.9293712765610138,1.9293712765610138,11.11805040257842,5.0,0,0.6922029672214638,2.4743366186791,1,1,3,0.9482987739290161,0.9482987739290161,0.8973552538815088
2877,SAFE,56,5.6000000000000005,1.0,46,4.6000000000000005,0.04768919572234154,-0.029117245227098465,0.0,0.04768919572234154,0.029117245227098465,-0.0069855861365795135,0.007217627018690109,0.0069855861365795135,0.007217627018690109,0.0,0.0,0.0,52,29.401093568268955,20.184409342635448,-0.2904794634515664,8.926204762181941,6.875352985401786,5.0,5.0,0,4.194190759026997,47,70.02330969933207,56.91684634495735,1.3721453715336622,14.478608725908384,1.6664750098717551,1,0.5408329540410479,1.6626248349852286,1,1,2,5.0,5.0,1.6664750098717551
2877,SAFE,56,5.6000000000000005,0.5,51,5.1000000000000005,0.012166211381554604,0.009647926315665245,0.0,0.012166211381554604,0.009647926315665245,-0.0018616700544953346,0.012645434588193893,0.0018616700544953346,0.012645434588193893,0.0,0.0,0.0,52,27.394237225789254,18.177553000155747,1.1867727243842658,10.403456950017773,6.3172699008124225,5.0,5.0,0,3.879680682622224,47,50.595640525234295,37.48917717085958,2.7097108385666573,15.816174192941379,1.1916160844710786,1,1.9482417814754616,1.5229381141823914,0,0,1,5.0,5.0,5.0
2925,SAFE,79,7.9,3.0,49,4.9,-0.18728949129581451,-0.008170682936906815,0.18728949129581451,0.0,0.008170682936906815,0.0012590885162353516,0.006889302283525467,0.0012590885162353516,0.006889302283525467,0.0,0.0,0.0,63,31.57930393987583,25.5955909762176,-5.273208387362269,0.7105045762959604,5.107998995191666,5.0,5.0,0,6.181957824237652,47,29.902801402780124,23.96887943739163,0.15885234701045814,6.09277431239895,4.735497513179255,1,-2.5571780201759053,5.432060734372727,1,3,4,5.0,0.5638208780036184,0.5638208780036184
2925,SAFE,79,7.9,2.0,59,5.9,-0.22612179815769196,-0.034101031720638275,0.22612179815769196,0.0,0.034101031720638275,-0.009541124105453491,0.015494212508201599,0.009541124105453491,0.015494212508201599,0.0,0.0,0.0,63,26.11269852882184,20.12898556516361,-4.425169486068138,1.5585434775900915,5.231936977779304,5.0,5.0,0,4.983032493854268,15,11.39824639765455,5.472237369280764,-2.51125949183058,3.4147495365432055,5.0,0,-3.468214488949359,1.913909994237558,3,5,7,2.7690268254329937,2.7690268254329937,2.7690268254329937
2925,SAFE,79,7.9,1.0,69,6.9,-0.27474573254585266,0.04341450706124306,0.27474573254585266,0.0,0.04341450706124306,0.007888436317443848,-0.000294562429189682,0.007888436317443848,0.000294562429189682,0.0,0.0,0.0,2,24.285501605964193,18.358978450087108,-1.8364947309221424,4.090028424954942,4.7249216834002326,4.7249216834002326,4.7249216834002326,1,4.9940895242179515,15,10.150150568600566,4.22414154022678,-1.3104935585271633,4.615515469846622,5.0,0,-1.5734941447246529,0.5260011723949791,4,6,9,3.946812432305234,3.946812432305234,3.946812432305234
2925,SAFE,79,7.9,0.5,74,7.4,-0.2888844609260559,0.02216225303709507,0.2888844609260559,0.0,0.02216225303709507,0.0054350197315216064,0.0030895397067070007,0.0054350197315216064,0.0030895397067070007,0.0,0.0,0.0,7,12.467271944568727,6.521878126013581,-2.6172389131557003,3.328154905399446,6.722481176020451,5.0,5.0,0,1.8434274309584413,2,22.000983213032285,16.0744600571552,-2.262051980015021,3.664471175862063,3.9620275236494344,1,-2.4396454465853608,0.3551869331406792,3,5,6,3.9620275236494344,3.9620275236494344,3.9620275236494344
2938,NEW_COLLISION,75,7.5,3.0,45,4.5,-0.0717800110578537,-0.014967619441449642,0.0717800110578537,0.0,0.014967619441449642,0.00586257129907608,0.0010471353307366371,0.00586257129907608,0.0010471353307366371,0.0,0.0,0.0,7,3.350722834637573,-5.721013810471112,-6.183460484572046,2.8882761605366385,0.505149797364393,0.505149797364393,0.505149797364393,1,1.7045819589522893,6,4.17757855267867,-4.873279678858698,-4.873600081247138,4.177258150290231,0.050762862777926784,1,-5.528530282909592,1.3098604033249082,3,3,3,0.050762862777926784,0.050762862777926784,0.050762862777926784
2938,NEW_COLLISION,75,7.5,2.0,55,5.5,-0.00829682033509016,0.0024709946010261774,0.00829682033509016,0.0,0.0024709946010261774,0.007014899514615536,-0.008661842672154307,0.007014899514615536,0.008661842672154307,0.0,0.0,0.0,7,2.929720967419519,-6.142015677689166,-6.142015677689166,2.929720967419519,-0.39054884630015746,0.0,5.0,0,-0.7137390459543785,6,4.420250619554279,-4.6306076119830895,-4.6306076119830895,4.420250619554279,5.0,0,-5.386311644836128,1.5114080657060764,2,2,2,5.0,5.0,5.0
2938,NEW_COLLISION,75,7.5,1.0,65,6.5,0.06904421746730804,0.025826578959822655,0.0,0.06904421746730804,0.025826578959822655,0.00595826655626297,0.03384141344577074,0.00595826655626297,0.03384141344577074,0.0,0.0,0.0,7,4.06889507669374,-5.0028415684149445,-5.0028415684149445,4.06889507669374,-1.190028442262482,0.0,5.0,0,-1.5763930313666135,6,4.874527952680559,-4.17633027885681,-4.17633027885681,4.874527952680559,5.0,0,-4.589585923635877,0.8265112895581348,3,3,3,5.0,5.0,5.0
2938,NEW_COLLISION,75,7.5,0.5,70,7.0,0.13384191691875458,-0.021181825548410416,0.0,0.13384191691875458,0.021181825548410416,0.0009895563125610352,-0.0038076601922512054,0.0009895563125610352,0.0038076601922512054,0.0,0.0,0.0,7,4.859081146349327,-4.212655498759357,-4.212655498759357,4.859081146349327,-1.6360314733865715,0.0,5.0,0,-1.8523536163374397,6,5.223878921356522,-3.826979310180847,-3.826979310180847,5.223878921356522,5.0,0,-4.019817404470102,0.38567618857851027,2,3,3,5.0,5.0,5.0
2967,SAFE,18,1.8,1.0,8,0.8,0.00601563835516572,-0.0069023012183606625,0.0,0.00601563835516572,0.0069023012183606625,0.005679162684828043,-0.003832143032923341,0.005679162684828043,0.003832143032923341,0.0,0.0,0.0,4,46.773376623627065,37.482730787059886,0.8773980824332224,10.1680439190004,6.289738552572849,5.0,5.0,0,7.396006366134023,27,119.63715255782496,106.93066084899215,106.93066084899215,119.63715255782496,5.0,0,53.90402946571268,106.05326276655893,0,1,1,5.0,5.0,5.0
2967,SAFE,18,1.8,0.5,13,1.3,0.027599764987826347,-0.018286356702446938,0.0,0.027599764987826347,0.018286356702446938,0.0011926237493753433,-0.006028978154063225,0.0011926237493753433,0.006028978154063225,0.0,0.0,0.0,4,43.31821214978838,34.0275663132212,-3.9448727301277904,5.345773106439387,5.6983619148902696,5.0,5.0,0,7.600253270785539,27,117.89731371223414,105.19082200340132,105.19082200340132,117.89731371223414,5.0,0,50.62297463663677,109.1356947335291,1,1,1,5.0,5.0,5.0
3026,FIXED_COLLISION,56,5.6000000000000005,3.0,26,2.6,-0.11318732798099518,-0.12062851339578629,0.11318732798099518,0.0,0.12062851339578629,0.006393127143383026,0.08027652651071548,0.006393127143383026,0.08027652651071548,0.0,0.0,0.0,18,50.14881051367254,44.93745717585606,5.915814397657696,11.12716773547417,1.500327011033867,1.500327011033867,1.500327011033867,1,31.77965935369683,9,75.95767388520872,70.76195430179828,8.075373761649574,13.271093345060008,2.3225303484347966,1,6.995594079653635,2.159559363991878,0,0,0,5.0,5.0,5.0
3026,FIXED_COLLISION,56,5.6000000000000005,2.0,36,3.6,-0.10456442087888718,0.0297179464250803,0.10456442087888718,0.0,0.0297179464250803,-0.004656553268432617,-0.00259285606443882,0.004656553268432617,0.00259285606443882,0.0,0.0,0.0,18,18.518888564954334,13.30753522713786,4.559886571042556,9.77123990885903,0.4755741274136159,0.4755741274136159,0.4755741274136159,1,28.099145501109636,9,44.524608318587916,39.328888735177486,6.113588544541615,11.309308127952049,1.3552932259040196,1,5.336737557792086,1.5537019734990594,0,0,0,5.0,5.0,5.0
3026,FIXED_COLLISION,56,5.6000000000000005,1.0,46,4.6000000000000005,-0.13879364728927612,-0.016322020441293716,0.13879364728927612,0.0,0.016322020441293716,-0.008676394820213318,-0.015070487628690898,0.008676394820213318,0.015070487628690898,0.0,0.0,0.0,9,14.707505621328783,9.51178603791835,3.217342147002089,8.413061730412522,0.3837384017973087,0.3837384017973087,0.3837384017973087,1,25.785856889398982,12,50.296084388436924,45.10366108700028,3.431899567591623,8.624322869028266,1.5123677369879895,1,3.324620857296856,0.21455742058953398,0,0,0,5.0,5.0,5.0
3026,FIXED_COLLISION,56,5.6000000000000005,0.5,51,5.1000000000000005,-0.2775322496891022,-0.22720475494861603,0.2775322496891022,0.0,0.22720475494861603,-0.05071820318698883,-0.04425311088562012,0.05071820318698883,0.04425311088562012,0.0007182031869888278,0.0,0.0007182031869888278,9,8.683796010308798,3.488076426898365,3.488076426898365,8.683796010308798,-0.10074231203803641,0.0,5.0,0,-10.645677541663147,12,34.396770265868525,29.204346964431885,4.121678844030132,9.314102145466775,1.028908591207049,1,3.8048776354642486,0.6336024171317671,0,0,0,5.0,5.0,5.0
3027,SAFE,74,7.4,3.0,44,4.4,-0.014147686772048473,0.12661083042621613,0.014147686772048473,0.0,0.12661083042621613,0.0014163395389914513,-0.0005825459957122803,0.0014163395389914513,0.0005825459957122803,0.0,0.0,0.0,1,3.858536700208376,-1.2969124711595463,-1.2969124711595463,3.858536700208376,-34.50009745884227,0.0,5.0,0,-0.023031260090801798,3,10.702264392146992,2.26252045399851,2.26252045399851,10.702264392146992,5.0,0,0.48280399141948194,3.5594329251580565,1,1,1,5.0,5.0,5.0
3027,SAFE,74,7.4,2.0,54,5.4,-0.007039520423859358,0.1247609332203865,0.007039520423859358,0.0,0.1247609332203865,0.0001429915428161621,-4.9427151679992676e-05,0.0001429915428161621,4.9427151679992676e-05,0.0,0.0,0.0,1,3.8320784280314846,-1.323370743336438,-1.3266272562375172,3.8288219151304053,1172.2064471387214,5.0,5.0,0,0.0006524172706400599,3,10.715123188967416,2.2753792508189346,2.2680835831442234,10.707827521292705,5.0,0,0.4707281634533531,3.5947108393817406,1,1,1,5.0,5.0,5.0
3027,SAFE,74,7.4,1.0,64,6.4,-0.010037694126367569,0.1243482157588005,0.010037694126367569,0.0,0.1243482157588005,0.000324128195643425,0.0008924901485443115,0.000324128195643425,0.0008924901485443115,0.0,0.0,0.0,1,3.7511756545445727,-1.4042735168233498,-1.4042735168233498,3.7511756545445727,0.0,0.0,5.0,0,0.00018121342326605502,3,10.697834225020568,2.2580902868720862,2.2580902868720862,10.697834225020568,5.0,0,0.42690838502436823,3.662363803695436,1,1,1,5.0,5.0,5.0
3027,SAFE,74,7.4,0.5,69,6.9,-0.007058472838252783,0.12448715418577194,0.007058472838252783,0.0,0.12448715418577194,5.531730130314827e-05,-2.759695053100586e-05,5.531730130314827e-05,2.759695053100586e-05,0.0,0.0,0.0,1,3.6994687029485083,-1.4559804684194142,-1.4631010459850882,3.6923481253828343,402.786725195442,5.0,5.0,0,0.001431630761768566,3,10.696109848285143,2.2563659101366618,2.2382511530038194,10.677995091152301,5.0,0,0.3875750535093656,3.7013521989889075,1,1,1,5.0,5.0,5.0
3037,FIXED_COLLISION,30,3.0,3.0,0,0.0,-0.1003778949379921,0.12375367432832718,0.1003778949379921,0.0,0.12375367432832718,,,,,,,,4,37.91008959837552,24.81784250896059,-8.711829789622602,4.380417299792328,3.5509674894234236,3.5509674894234236,3.5509674894234236,1,10.533451320138894,5,79.21811074795116,66.4403007866323,-8.501669593271956,4.2761403680468995,4.115495773676576,1,-8.606749691447279,0.2101601963506461,6,6,6,0.33644612346570707,0.33644612346570707,0.33644612346570707
3037,FIXED_COLLISION,30,3.0,2.0,10,1.0,-0.1056065708398819,-0.06627053767442703,0.1056065708398819,0.0,0.06627053767442703,0.007043398916721344,-0.003357239067554474,0.007043398916721344,0.003357239067554474,0.0,0.0,0.0,5,59.621636880201386,46.84382691888253,-10.554205429778598,2.223604531540258,3.046119036751522,3.046119036751522,3.046119036751522,1,19.545758471566078,4,27.899730549055093,14.807483459640164,-6.273765525093109,6.818481564321821,2.7266239545441895,1,-8.413985477435853,4.2804399046854895,8,8,8,0.6934790999731918,0.6934790999731918,0.6934790999731918
3037,FIXED_COLLISION,30,3.0,1.0,20,2.0,0.006563158705830574,-0.3569497764110565,0.0,0.006563158705830574,0.3569497764110565,0.020981463603675365,-0.0632317066192627,0.020981463603675365,0.0632317066192627,0.0,0.0,0.0,4,18.73701843301124,5.644771343596311,-10.065697303743129,3.026549785671801,1.943598983779373,1.943598983779373,1.943598983779373,1,9.388843372039458,7,4.997320360507015,-4.1965798660872355,-4.1965798660872355,4.997320360507015,5.0,0,-7.131138584915182,5.869117437655893,5,5,6,0.33442459523183005,0.33442459523183005,0.33442459523183005
3037,FIXED_COLLISION,30,3.0,0.5,25,2.5,0.03726637363433838,-0.028176190331578255,0.0,0.03726637363433838,0.028176190331578255,0.007302602753043175,0.04264105670154095,0.007302602753043175,0.04264105670154095,0.0,0.0,0.0,7,6.24213448700099,-2.9517657395932604,-2.9517657395932604,6.24213448700099,-0.2993593874021034,0.0,5.0,0,-4.420705284256298,4,14.74975535358151,1.6575082641665801,-2.875507030036328,10.216740059378601,1.1879641375358998,1,-2.913636384814794,0.07625870955693248,3,3,3,1.1879641375358998,1.1879641375358998,1.1879641375358998
3058,FIXED_COLLISION,60,6.0,3.0,30,3.0,-0.160390242934227,0.047853369265794754,0.160390242934227,0.0,0.047853369265794754,-0.001965731382369995,-0.0016952082514762878,0.001965731382369995,0.0016952082514762878,0.0,0.0,0.0,5,3.2203278915772255,-1.9413877603334777,-1.9413877603334777,3.2203278915772255,-145.69718950858453,0.0,5.0,0,-0.009339445941833597,1,3.002366700160396,-1.8521687363072927,-1.8521687363072927,3.002366700160396,5.0,0,-1.8967782483203852,0.08921902402618498,4,6,9,5.0,5.0,5.0
3058,FIXED_COLLISION,60,6.0,2.0,40,4.0,-0.12439490109682083,0.0502019003033638,0.12439490109682083,0.0,0.0502019003033638,0.01310727745294571,0.0038953833281993866,0.01310727745294571,0.0038953833281993866,0.0,0.0,0.0,5,3.278210881730342,-1.883504770180361,-1.883504770180361,3.278210881730342,-394.7856796479057,0.0,5.0,0,-0.003679895033632469,1,3.0393820457655796,-1.8151533907021093,-1.8151533907021093,3.0393820457655796,5.0,0,-1.8493290804412352,0.06835137947825176,4,6,9,5.0,5.0,5.0
3058,FIXED_COLLISION,60,6.0,1.0,50,5.0,-0.10105498880147934,0.03846900537610054,0.10105498880147934,0.0,0.03846900537610054,0.003374621272087097,0.0013569556176662445,0.003374621272087097,0.0013569556176662445,0.0,0.0,0.0,5,3.3248949317144767,-1.8368207201962266,-1.8368207201962266,3.3248949317144767,-646.2690536786612,0.0,5.0,0,-0.0023680222852780503,1,3.099692385769232,-1.7548430506984571,-1.7548430506984571,3.099692385769232,5.0,0,-1.7958318854473418,0.08197766949776941,4,7,9,5.0,5.0,5.0
3058,FIXED_COLLISION,60,6.0,0.5,55,5.5,-0.10229149460792542,0.04818794131278992,0.10229149460792542,0.0,0.04818794131278992,0.0015370175242424011,0.0030962713062763214,0.0015370175242424011,0.0030962713062763214,0.0,0.0,0.0,5,3.350649328168618,-1.8110663237420854,-1.8110663237420854,3.350649328168618,-37.57865595342934,0.0,5.0,0,-0.04173446080869101,1,3.09864564394646,-1.755889792521229,-1.755889792521229,3.09864564394646,5.0,0,-1.7834780581316572,0.05517653122085653,4,7,9,5.0,5.0,5.0
3070,SAFE,69,6.9,3.0,39,3.9000000000000004,-0.04735777527093887,0.11209270358085632,0.04735777527093887,0.0,0.11209270358085632,0.006838977336883545,-0.002219460904598236,0.006838977336883545,0.002219460904598236,0.0,0.0,0.0,13,10.819764066604966,4.9139674053630085,-2.386897736147322,3.5188989250946356,7.342012994453023,5.0,5.0,0,1.4670820089464567,2,5.547425302072832,-0.3624604091238135,-0.512926321683195,5.396959389513451,5.0,0,-1.4499120289152585,1.873971414464127,2,2,2,5.0,5.0,5.0
3070,SAFE,69,6.9,2.0,49,4.9,-0.009578307159245014,0.09883453696966171,0.009578307159245014,0.0,0.09883453696966171,0.004909329116344452,-0.0018146485090255737,0.004909329116344452,0.0018146485090255737,0.0,0.0,0.0,8,53.45415784747062,44.378758564450266,-5.3281112143518055,3.7472880686685497,5.129985130658553,5.0,5.0,0,10.375397473906107,2,5.893531662309139,-0.016354048887506245,-0.02013974514894734,5.889745966047698,5.0,0,-2.6741254797503764,5.307971469202858,2,3,3,5.0,5.0,5.0
3070,SAFE,69,6.9,1.0,59,5.9,0.04573154076933861,0.056574128568172455,0.0,0.04573154076933861,0.056574128568172455,0.014584863558411598,-0.011002764105796814,0.014584863558411598,0.011002764105796814,0.0,0.0,0.0,8,42.99025361140301,33.91485432838266,-5.745845981642549,3.329553301377806,4.061384102544954,4.061384102544954,4.061384102544954,1,10.521630525407689,9,53.61353671350104,47.69067456495678,-2.1198314541403627,3.8030306944038954,2.712600600827143,1,-3.932838717891456,3.626014527502186,2,3,3,2.712600600827143,2.712600600827143,2.712600600827143
3070,SAFE,69,6.9,0.5,64,6.4,0.09849964082241058,0.009686768986284733,0.0,0.09849964082241058,0.009686768986284733,0.018149256706237793,-0.014949428848922253,0.018149256706237793,0.014949428848922253,0.0,0.0,0.0,8,37.640884032780136,28.565484749759783,-5.699080685439586,3.376318597580768,3.6309720762209934,3.6309720762209934,3.6309720762209934,1,10.283206158863212,9,43.95392862305386,38.0310664745096,-1.8613378228695625,4.061524325674696,2.264602118231442,1,-3.7802092541545744,3.837742862570024,3,3,3,2.264602118231442,2.264602118231442,2.264602118231442
