scenario_index,group,reference_step,reference_seconds,lead_s,frame,time_from_start_s,action_accel,action_steer,brake_strength,throttle_strength,abs_steer,delta_accel,delta_steer,abs_delta_accel,abs_delta_steer,accel_change_excess,steer_change_excess,smooth_excess,risk_object_index,risk_distance,risk_static_clearance,risk_predicted_clearance,risk_dcpa,risk_tcpa_raw,risk_tcpa_clipped,risk_future_tcpa,risk_approaching,risk_closing_speed,second_object_index,second_distance,second_static_clearance,second_predicted_clearance,second_dcpa,second_future_tcpa,second_approaching,top2_mean_predicted_clearance,second_minus_first_pred_gap,num_pred_conflict_0,num_pred_conflict_1,num_pred_conflict_2,min_future_tcpa_conflict_0,min_future_tcpa_conflict_1,min_future_tcpa_conflict_2,risk_relative_x,risk_relative_y,risk_relative_vx,risk_relative_vy,risk_closest_x,risk_closest_y
5,SAFE,24,2.4000000000000004,2.0,4,0.4,-0.12893618643283844,0.14385433495044708,0.12893618643283844,0.0,0.14385433495044708,-0.007634669542312622,0.00501638650894165,0.007634669542312622,0.00501638650894165,0.0,0.0,0.0,2,10.267263148227512,5.051476075596116,0.4052468574643644,5.62103393009576,11.000241830866964,5.0,5.0,0,0.930452573653746,1,20.3058653754402,15.196125502222428,6.498638714455867,11.608378587673638,5.0,0,3.4519427859601155,6.093391856991502,0,1,1,5.0,5.0,5.0,10.251220703125,0.57373046875,-0.9319086670875549,1.431011753538769e-09,5.591677367687225,0.5737304759050588
5,SAFE,24,2.4000000000000004,1.0,14,1.4000000000000001,-0.09666876494884491,0.1486164778470993,0.09666876494884491,0.0,0.1486164778470993,0.011465422809123993,-0.0017877966165542603,0.011465422809123993,0.0017877966165542603,0.0,0.0,0.0,1,18.105323243199468,12.995583369981697,1.453053298551228,6.562793171768999,7.541917115909423,5.0,5.0,0,2.352430352758828,2,9.797018218172415,4.581231145541019,3.9935376965874037,9.2093247692188,5.0,0,2.7232954975693158,2.5404843980361758,0,0,1,5.0,5.0,5.0,-18.0911865234375,0.71533203125,2.3372901156544685,-0.4293957053534747,-6.404735945165157,-1.4316464955173736
5,SAFE,24,2.4000000000000004,0.5,19,1.9000000000000001,-0.042287666350603104,0.13776317238807678,0.042287666350603104,0.0,0.13776317238807678,0.004411481320858002,-0.001260712742805481,0.004411481320858002,0.001260712742805481,0.0,0.0,0.0,1,16.80393868582043,11.694198812602659,-0.39103840901551656,4.718701464202255,6.944081459804205,5.0,5.0,0,2.4186466871307197,2,9.77570339468506,4.559916322053664,4.559916322053664,9.77570339468506,5.0,0,2.0844389565190737,4.950954731069181,1,1,1,5.0,5.0,5.0,-16.7874755859375,0.74365234375,2.4138467237353325,-0.16190050541370288,-4.7182419672608376,-0.06585018331851433
24,NEW_COLLISION,24,2.4000000000000004,2.0,4,0.4,-0.01868000067770481,-0.1460215002298355,0.01868000067770481,0.0,0.1460215002298355,-0.00507389847189188,-0.03146287798881531,0.00507389847189188,0.03146287798881531,0.0,0.0,0.0,15,52.210012470279366,39.85050799422287,-7.272922097577716,5.086582378478777,2.6784645471662567,2.6784645471662567,2.6784645471662567,1,19.30749843294757,4,4.4976378361297025,-5.498188592031968,-5.498188592031968,4.4976378361297025,5.0,0,-6.3855553448048425,1.7747335055457478,3,4,4,1.7366860152080108,1.7366860152080108,1.7366860152080108,52.04986572265625,-4.086181640625,-19.39619755744934,-0.3731465155881324,0.09783821519544489,-5.085641353526434
24,NEW_COLLISION,24,2.4000000000000004,1.0,14,1.4000000000000001,-0.05235273391008377,0.11984912306070328,0.05235273391008377,0.0,0.11984912306070328,-0.01605098322033882,-0.0014920011162757874,0.01605098322033882,0.0014920011162757874,0.0,0.0,0.0,15,32.66185307146986,20.302348595413363,-6.283527884722114,6.0759765913343795,1.656691306085815,1.656691306085815,1.656691306085815,1,19.03285126761238,14,32.05959378957157,18.80077998097046,4.012612577232405,17.271426385833514,0.6908824678020766,1,-1.1354576537448544,10.296140461954518,1,1,1,1.656691306085815,1.656691306085815,1.656691306085815,31.83050537109375,7.322265625,-19.356256246566772,-0.7550631862366686,-0.23683607096267423,6.071359008816256
24,NEW_COLLISION,24,2.4000000000000004,0.5,19,1.9000000000000001,0.04151511937379837,0.18359209597110748,0.0,0.04151511937379837,0.18359209597110748,0.022525202482938766,0.0308474600315094,0.022525202482938766,0.0308474600315094,0.0,0.0,0.0,15,22.57450636447637,10.215001888419877,-10.243030456655145,2.116474019401349,1.1475725890723378,1.1475725890723378,1.1475725890723378,1,19.49861511653446,5,38.62074340895995,25.83156648268252,-8.491084747549824,4.298092178727612,5.0,0,-9.367057602102484,1.7519457091053212,2,2,3,1.1475725890723378,1.1475725890723378,0.2821156666325777,22.4788818359375,-2.07562255859375,-19.584848403930664,-0.035595103607988676,0.0038466464495456876,-2.116470523799468
60,SAFE,29,2.9000000000000004,2.0,9,0.9,0.043397508561611176,0.07669093459844589,0.0,0.043397508561611176,0.07669093459844589,-0.0018787458539009094,0.005925379693508148,0.0018787458539009094,0.005925379693508148,0.0,0.0,0.0,1,5.033791597879701,0.05239060285149488,0.05239060285149488,5.033791597879701,-15.239353691714241,0.0,5.0,0,-0.21745268985679791,4,6.932221039552037,1.7923266704512413,1.7923266704512413,6.932221039552037,5.0,0,0.9223586366513681,1.7399360675997464,0,1,2,5.0,5.0,5.0,-4.084259033203125,-2.9424285888671875,-0.26800736784935,-3.410036697459873e-09,-4.084259033203125,-2.9424285888671875
60,SAFE,29,2.9000000000000004,1.0,19,1.9000000000000001,0.03402674198150635,0.10115194320678711,0.0,0.03402674198150635,0.10115194320678711,-0.0014066025614738464,0.00290893018245697,0.0014066025614738464,0.00290893018245697,0.0,0.0,0.0,1,5.362793087970142,0.3813920929419359,0.3813920929419359,5.362793087970142,-8.658065912578845,0.0,5.0,0,-0.43891176308940316,4,7.1178316462660405,1.9779372771652444,1.9779372771652444,7.1178316462660405,5.0,0,1.1796646850535901,1.5965451842233085,0,1,2,5.0,5.0,5.0,-4.51434326171875,-2.894866943359375,-0.5214031934738159,8.211955560000206e-09,-4.51434326171875,-2.894866943359375
60,SAFE,29,2.9000000000000004,0.5,24,2.4000000000000004,0.004804209340363741,0.11556137353181839,0.0,0.004804209340363741,0.11556137353181839,-0.005397642496973276,0.0022296011447906494,0.005397642496973276,0.0022296011447906494,0.0,0.0,0.0,1,5.614145019540215,0.6327440245120091,0.6327440245120091,5.614145019540215,-8.201203704334178,0.0,5.0,0,-0.5080827197349459,4,7.2645555241855995,2.1246611550848034,2.1246611550848034,7.2645555241855995,5.0,0,1.3787025897984062,1.4919171305727943,0,1,1,5.0,5.0,5.0,-4.8366851806640625,-2.8504562377929688,-0.5897530913352966,-1.1718174874886245e-08,-4.8366851806640625,-2.8504562377929688
122,SAFE,13,1.3,1.0,3,0.30000000000000004,-0.1542922407388687,0.013440730050206184,0.1542922407388687,0.0,0.013440730050206184,0.0023980289697647095,1.0905787348747253e-05,0.0023980289697647095,1.0905787348747253e-05,0.0,0.0,0.0,3,4.134582887422809,-4.995146310329096,-5.194277571515293,3.935451626236612,20.808961880265333,5.0,5.0,0,0.04417431541193592,13,7.414776185270534,-1.9132658995005842,-1.9132658995005842,7.414776185270534,5.0,0,-3.553771735507939,3.281011672014709,2,3,3,5.0,5.0,5.0,-1.949512243270874,3.6461181640625,0.09368618577718735,-6.494116355781898e-10,-1.4810813143849373,3.646118160815442
122,SAFE,13,1.3,0.5,8,0.8,-0.14659476280212402,0.010398834943771362,0.14659476280212402,0.0,0.010398834943771362,0.001182660460472107,-0.0012809531763195992,0.001182660460472107,0.0012809531763195992,0.0,0.0,0.0,3,4.113783690784173,-5.015945506967732,-5.015945506967732,4.113783690784173,-1879.2028079845609,0.0,5.0,0,-0.000469522440974963,13,7.650721295397704,-1.6773207893734137,-1.6817544373438622,7.646287647427256,5.0,0,-3.348849972155797,3.33419106962387,2,3,3,5.0,5.0,5.0,-1.9051787853240967,3.646026611328125,-0.001013822853565216,-8.927310279904788e-12,-1.9051787853240967,3.646026611328125
181,SAFE,76,7.6000000000000005,3.0,46,4.6000000000000005,-0.0746879130601883,0.1046459823846817,0.0746879130601883,0.0,0.1046459823846817,-0.00582817941904068,-0.00774981826543808,0.00582817941904068,0.00774981826543808,0.0,0.0,0.0,2,13.724089571701876,8.549279428065432,8.549279428065432,13.724089571701876,-3.785547252123968,0.0,5.0,0,-3.413732836937767,1,16.08906934226214,10.907292177217295,10.907292177217295,16.08906934226214,5.0,0,9.728285802641363,2.3580127491518628,0,0,0,5.0,5.0,5.0,-13.31744384765625,-3.316070556640625,-3.517970561981201,5.69645521864004e-08,-13.31744384765625,-3.316070556640625
181,SAFE,76,7.6000000000000005,2.0,56,5.6000000000000005,-0.06883375346660614,0.0842924416065216,0.06883375346660614,0.0,0.0842924416065216,0.003184586763381958,-0.0027470365166664124,0.003184586763381958,0.0027470365166664124,0.0,0.0,0.0,2,16.958323395634963,11.783513251998517,11.783513251998517,16.958323395634963,-5.594655453051968,0.0,5.0,0,-2.995960724280487,1,18.971940891363396,13.790163726318552,13.790163726318552,18.971940891363396,5.0,0,12.786838489158534,2.0066504743200344,0,0,0,5.0,5.0,5.0,-16.85955810546875,-1.82757568359375,-3.0135114192962646,1.7591460732546693e-08,-16.85955810546875,-1.82757568359375
181,SAFE,76,7.6000000000000005,1.0,66,6.6000000000000005,-0.021009471267461777,0.05711837112903595,0.021009471267461777,0.0,0.05711837112903595,0.005424683913588524,-0.0006098896265029907,0.005424683913588524,0.0006098896265029907,0.0,0.0,0.0,2,19.777846154242166,14.60303601060572,14.60303601060572,19.777846154242166,-7.278048189856993,0.0,5.0,0,-2.7144771308250175,1,21.49869542994722,16.316918264902377,16.316918264902377,21.49869542994722,5.0,0,15.459977137754048,1.7138822542966565,0,0,0,5.0,5.0,5.0,-19.7669677734375,-0.6558837890625,-2.715970993041992,1.5835468047953327e-08,-19.7669677734375,-0.6558837890625
181,SAFE,76,7.6000000000000005,0.5,71,7.1000000000000005,0.010464605875313282,0.06097234785556793,0.0,0.010464605875313282,0.06097234785556793,0.006375928875058889,0.0011317022144794464,0.006375928875058889,0.0011317022144794464,0.0,0.0,0.0,2,21.11121429926523,15.936404155628786,15.936404155628786,21.11121429926523,-7.845583361022731,0.0,5.0,0,-2.6904650999395168,1,22.5915015208055,17.40972435576066,17.40972435576066,22.5915015208055,5.0,0,16.673064255694722,1.473320200131873,0,0,0,5.0,5.0,5.0,-21.1097412109375,-0.2493896484375,-2.690652847290039,2.1042048103936395e-08,-21.1097412109375,-0.2493896484375
217,SAFE,37,3.7,3.0,7,0.7000000000000001,0.1501421332359314,-0.02566160075366497,0.0,0.1501421332359314,0.02566160075366497,-0.009004369378089905,-0.000659869983792305,0.009004369378089905,0.000659869983792305,0.0,0.0,0.0,4,6.307248439558329,-2.944023947894106,-2.944023947894106,6.307248439558329,-31.55578705632022,0.0,5.0,0,-0.18961364999515917,19,13.996561731704386,4.837057713953945,2.9087748791022605,12.068278896852702,5.0,0,-0.01762453439592271,5.852798826996366,1,1,1,5.0,5.0,5.0,-4.97064208984375,3.882537841796875,-0.17658567428588867,0.08195572739988677,-4.97064208984375,3.882537841796875
217,SAFE,37,3.7,2.0,17,1.7000000000000002,0.05787571519613266,-0.022677836939692497,0.0,0.05787571519613266,0.022677836939692497,-0.012541428208351135,-0.0014982149004936218,0.012541428208351135,0.0014982149004936218,0.0,0.0,0.0,34,24.115998694889093,17.441860715445745,-2.590617637331147,4.083520342112202,5.980131588941783,5.0,5.0,0,4.0251883447752626,4,6.764983442174623,-2.4862889452778116,-2.4862889452778116,6.764983442174623,5.0,0,-2.5384532913044793,0.10432869205333528,2,2,4,5.0,5.0,0.5349496002751102,24.09356689453125,-1.0399169921875,-4.02893590927124,2.4499371420461102e-08,3.948887348175049,-1.039916869690643
217,SAFE,37,3.7,1.0,27,2.7,-0.049753203988075256,-0.00993528962135315,0.049753203988075256,0.0,0.00993528962135315,-0.011987339705228806,0.005876578390598297,0.011987339705228806,0.005876578390598297,0.0,0.0,0.0,34,20.019885300030765,13.345747320587417,-6.311550048841508,0.3625879306018404,4.922180429018634,4.922180429018634,4.922180429018634,1,4.0659456957289,4,7.805804706065642,-1.445467681386793,-1.445467681386793,7.805804706065642,5.0,0,-3.8785088651141506,4.866082367454715,4,4,5,4.922180429018634,4.922180429018634,1.79691692081059,20.0166015625,-0.36258697509765625,-4.066612720489502,-1.9412213703162706e-07,1.730834853219676e-08,-0.36258793060183997
217,SAFE,37,3.7,0.5,32,3.2,-0.06266453862190247,0.015466959215700626,0.06266453862190247,0.0,0.015466959215700626,-0.0002685822546482086,0.0025258688256144524,0.0002685822546482086,0.0025258688256144524,0.0,0.0,0.0,34,18.0246976933819,11.350559713938551,-6.297009584052503,0.3771283953908453,4.629459379534765,4.629459379534765,4.629459379534765,1,3.8917734465654874,4,8.267006692349328,-0.9842656951031064,-0.9842656951031064,8.267006692349328,5.0,0,-3.640637639577805,5.312743888949397,3,4,5,4.629459379534765,4.629459379534765,1.3566186567472966,18.020751953125,-0.37712860107421875,-3.892625570297241,4.4429242507249e-08,-4.30442881338422e-09,-0.3771283953908453
263,SAFE,57,5.7,3.0,27,2.7,-0.05321197956800461,0.0033327064011245966,0.05321197956800461,0.0,0.0033327064011245966,0.0017297565937042236,-0.018159094965085387,0.0017297565937042236,0.018159094965085387,0.0,0.0,0.0,23,13.551700277303256,7.618914826995214,5.712133225676782,11.644918675984824,0.5883022810659627,0.5883022810659627,0.5883022810659627,1,6.026274371028807,19,20.392290536960555,14.459859155007562,5.9464748399199365,11.87890622187293,1.6964832381614072,1,5.829304032798359,0.2343416142431547,0,0,0,5.0,5.0,5.0,6.91192626953125,11.656494140625,-11.782039403915405,-0.01970372889400096,-0.019474387401238857,11.644902391971154
263,SAFE,57,5.7,2.0,37,3.7,-0.01718093827366829,0.0007643101271241903,0.01718093827366829,0.0,0.0007643101271241903,-0.0006787534803152084,0.019416790222749114,0.0006787534803152084,0.019416790222749114,0.0,0.0,0.0,39,25.24402823875099,21.478289404012433,1.6759083945866786,5.441647229325236,2.955600780872832,2.955600780872832,2.955600780872832,1,8.144204496359865,2,30.661950806856442,24.73216145402559,5.611608351713135,11.541397704543988,5.0,0,3.643758373149907,3.935699957126457,0,0,1,5.0,5.0,2.955600780872832,24.21746826171875,-7.12567138671875,-8.320497512817383,0.5741415268646506,-0.3746006844147658,-5.4287382415860685
263,SAFE,57,5.7,1.0,47,4.7,-0.012248528189957142,0.028026191517710686,0.012248528189957142,0.0,0.028026191517710686,0.001840757206082344,-0.007830029353499413,0.001840757206082344,0.007830029353499413,0.0,0.0,0.0,39,17.341489823414914,13.575750988676358,3.438517095403066,7.204255930141623,1.9297853123862116,1.9297853123862116,1.9297853123862116,1,7.435330820388334,2,27.13949470473733,21.20970535190648,3.6849389178242067,9.614728270655059,5.0,0,3.5617280066136363,0.24642182242114075,0,0,0,5.0,5.0,5.0,15.31109619140625,-8.142333984375,-8.159204959869385,0.4928982005933378,-0.43441770089841825,-7.191146276368384
263,SAFE,57,5.7,0.5,52,5.2,-0.019913140684366226,0.0046708169393241405,0.019913140684366226,0.0,0.0046708169393241405,-0.0016742032021284103,-0.006421178113669157,0.0016742032021284103,0.006421178113669157,0.0,0.0,0.0,2,25.45245604992767,19.522666697096817,2.5731105933649285,8.50289994619578,7.439382018329869,5.0,5.0,0,3.4056590313837782,39,13.828560853038924,10.062822018300366,4.141928060553905,7.907666895292462,1.3999799320183937,1,3.357519326959417,1.5688174671889765,0,0,0,5.0,5.0,5.0,-25.44854736328125,0.446044921875,3.401089668273926,-0.2905431743389757,-8.443099021911621,-1.0066709498198785
278,FIXED_COLLISION,78,7.800000000000001,3.0,48,4.800000000000001,-0.021848026663064957,0.01109009888023138,0.021848026663064957,0.0,0.01109009888023138,-0.02245352027239278,0.000881110318005085,0.02245352027239278,0.000881110318005085,0.0,0.0,0.0,3,6.299366925061162,-3.748316362932692,-7.257174663149822,2.790508624844031,3.183799403934464,3.183799403934464,3.183799403934464,1,1.5903077106288397,1,4.21613430299109,-5.035384504230867,-5.035384504230867,4.21613430299109,5.0,0,-6.146279583690345,2.221790158918955,4,5,6,3.183799403934464,3.183799403934464,1.9655252743221263,5.45635986328125,-3.148040771484375,-1.7701728343963623,0.11411281314649102,-0.17951535173086963,-2.784728465007292
278,FIXED_COLLISION,78,7.800000000000001,2.0,58,5.800000000000001,-0.1771174669265747,-0.05870778486132622,0.1771174669265747,0.0,0.05870778486132622,0.0006247460842132568,0.0018893331289291382,0.0006247460842132568,0.0018893331289291382,0.0,0.0,0.0,3,5.002666331028988,-5.045016956964866,-8.106184656710502,1.9414986312833524,6.908735665393223,5.0,5.0,0,0.6658710446908537,1,4.766042379174897,-4.48547642804706,-4.48547642804706,4.766042379174897,5.0,0,-6.295830542378781,3.6207082286634416,3,3,5,4.446032036572114,4.446032036572114,1.0148361034622488,4.135986328125,-2.814300537109375,-0.6612930297851562,0.2117868074667193,0.8295211791992188,-1.7553664997757785
278,FIXED_COLLISION,78,7.800000000000001,1.0,68,6.800000000000001,-0.15065599977970123,-0.036339521408081055,0.15065599977970123,0.0,0.036339521408081055,0.0050572603940963745,0.004854358732700348,0.0050572603940963745,0.004854358732700348,0.0,0.0,0.0,3,4.730305219984756,-5.317378068009098,-5.317378068009098,4.730305219984756,-6.54244636137272,0.0,5.0,0,-0.2786246649029309,5,7.802343265151084,-1.4558130662900872,-4.6033734751556254,4.6547828562855456,2.402716657703215,1,-4.9603757715823615,0.7140045928534722,4,4,5,2.402716657703215,2.402716657703215,0.052114382537529036,3.95294189453125,-2.59808349609375,0.42610323429107666,0.1410199556590399,3.95294189453125,-2.59808349609375
278,FIXED_COLLISION,78,7.800000000000001,0.5,73,7.300000000000001,-0.13911065459251404,0.0022344773169606924,0.13911065459251404,0.0,0.0022344773169606924,0.0024721771478652954,0.006860547000542283,0.0024721771478652954,0.006860547000542283,0.0,0.0,0.0,3,5.1569406137215115,-4.890742674272342,-4.890742674272342,5.1569406137215115,-3.3586083102238358,0.0,5.0,0,-1.0049992643581478,5,6.599754886202794,-2.6584014452383773,-4.624854528049657,4.633301803391514,1.4747370948778225,1,-4.757798601160999,0.265888146222685,4,5,6,1.4747370948778225,1.4747370948778225,1.1002242437532312,4.52227783203125,-2.478515625,1.232228398323059,0.15725446419445888,4.52227783203125,-2.478515625
309,SAFE,64,6.4,3.0,34,3.4000000000000004,-0.006676455028355122,0.10629269480705261,0.006676455028355122,0.0,0.10629269480705261,0.00014217384159564972,-8.55177640914917e-05,0.00014217384159564972,8.55177640914917e-05,0.0,0.0,0.0,1,3.971032646152826,-1.2230649476481683,-1.2291270493169408,3.9649705444840535,1086.1860274181506,5.0,5.0,0,0.001214289752605076,3,5.129109540935813,-0.00740638647675862,-0.00740638647675862,5.129109540935813,5.0,0,-0.6182667178968497,1.2217206628401822,2,3,3,5.0,5.0,5.0,-2.28857421875,3.2452316284179688,0.0021069818176329136,5.4622001366411155e-12,-2.2780393096618354,3.24523162844528
309,SAFE,64,6.4,2.0,44,4.4,-0.013578384183347225,0.10420987755060196,0.013578384183347225,0.0,0.10420987755060196,-0.0011864537373185158,-0.00022304803133010864,0.0011864537373185158,0.00022304803133010864,0.0,0.0,0.0,1,3.9696370259075615,-1.2244605678934328,-1.2359982518827337,3.9580993419182606,567.4186200407805,5.0,5.0,0,0.002314380359645276,9,28.495658896494074,19.96638167602665,-0.3736850118426389,8.155592208624785,4.987244244799873,1,-0.8048416318626863,0.8623132400400948,3,4,4,4.987244244799873,4.987244244799873,4.987244244799873,-2.283203125,3.2473068237304688,0.004023842513561249,-5.1184029237205664e-11,-2.2630839124321938,3.2473068234745486
309,SAFE,64,6.4,1.0,54,5.4,-0.07171046733856201,0.09783576428890228,0.07171046733856201,0.0,0.09783576428890228,-0.003636769950389862,-0.0004231482744216919,0.003636769950389862,0.0004231482744216919,0.0,0.0,0.0,9,23.490608398537695,14.961331178070271,-7.589251103624855,0.9400261168425693,4.8069023936678335,4.8069023936678335,4.8069023936678335,1,4.87902381930008,1,3.956747153716173,-1.2373504400848212,-1.2966732027972938,3.8974243910037005,5.0,0,-4.442962153211075,6.2925779008275615,2,4,4,4.8069023936678335,4.8069023936678335,4.8069023936678335,9.4591064453125,21.501953125,-2.143525030463934,-4.387294769296259,-0.8446091545114989,0.4126553967434461
309,SAFE,64,6.4,0.5,59,5.9,-0.048371441662311554,0.10582713782787323,0.048371441662311554,0.0,0.10582713782787323,0.009577549993991852,0.002107061445713043,0.009577549993991852,0.002107061445713043,0.0,0.0,0.0,9,21.036093175858113,12.506815955390689,-4.788325880744832,3.7409513397225926,4.30835218153273,4.30835218153273,4.30835218153273,1,4.7282164139121114,1,3.9439282947539365,-1.2501692990470579,-1.3016708852749157,3.8924267085260786,5.0,0,-3.044998383009874,3.4866549954699164,2,4,4,4.30835218153273,4.30835218153273,4.30835218153273,8.2940673828125,19.331985473632812,-2.649474209174514,-4.008294105354416,-3.1208006061992215,2.062842820604331
357,SAFE,21,2.1,2.0,1,0.1,-0.011979564093053341,0.021818295121192932,0.011979564093053341,0.0,0.021818295121192932,0.005339580588042736,-0.050858184695243835,0.005339580588042736,0.050858184695243835,0.0,0.0,0.0,3,13.431576168831446,4.193384540174872,4.193384540174872,13.431576168831446,-3.880051678028291,0.0,5.0,0,-1.5849216763728706,1,37.97350879662182,28.8034273894848,12.39581273312632,21.565894140263342,5.0,0,8.294598636650596,8.202428192951448,0,0,0,5.0,5.0,5.0,13.0986328125,2.9720458984375,1.9272613525390625,-1.3312353536925912,13.0986328125,2.9720458984375
357,SAFE,21,2.1,1.0,11,1.1,-0.03861019015312195,-0.022567907348275185,0.03861019015312195,0.0,0.022567907348275185,0.007586196064949036,-0.00965274777263403,0.007586196064949036,0.00965274777263403,0.0,0.0,0.0,3,15.824523678980697,6.586332050324122,6.586332050324122,15.824523678980697,-4.7262902806128935,0.0,5.0,0,-2.673431166747985,1,35.14283973387061,25.972758326733587,11.363398717529158,20.53348012466618,5.0,0,8.974865383926641,4.777066667205036,0,0,0,5.0,5.0,5.0,15.6953125,2.018096923828125,2.822887420654297,-0.9911939280722208,15.6953125,2.018096923828125
357,SAFE,21,2.1,0.5,16,1.6,-0.02238284982740879,-0.0113130584359169,0.02238284982740879,0.0,0.0113130584359169,0.004072833806276321,-0.018446417525410652,0.004072833806276321,0.018446417525410652,0.0,0.0,0.0,3,17.166597590003803,7.928405961347229,7.928405961347229,17.166597590003803,-5.450337282204859,0.0,5.0,0,-2.747572710405591,1,33.67655186690414,24.50647045976712,10.17690256312543,19.346983970262453,5.0,0,9.05265426223633,2.2484966017782018,0,0,0,5.0,5.0,5.0,17.048095703125,2.013580322265625,2.8518905639648438,-0.7215148978354478,17.048095703125,2.013580322265625
402,SAFE,11,1.1,1.0,1,0.1,-0.04219465330243111,0.10814747959375381,0.04219465330243111,0.0,0.10814747959375381,5.478411912918091e-05,-8.008629083633423e-05,5.478411912918091e-05,8.008629083633423e-05,0.0,0.0,0.0,5,4.727767874182906,-1.1402141848266076,-1.1402141848266076,4.727767874182906,-169.74514297080927,0.0,5.0,0,-0.016337919599387664,6,5.561255980265706,-0.3244018981289827,-0.41009645870053557,5.475561419694153,5.0,0,-0.7751553217635716,0.7301177261260721,2,3,3,5.0,5.0,5.0,3.6209716796875,3.039794921875,0.02133181318640709,-3.749001109554229e-12,3.6209716796875,3.039794921875
402,SAFE,11,1.1,0.5,6,0.6000000000000001,-0.04114609211683273,0.10773636400699615,0.04114609211683273,0.0,0.10773636400699615,0.0003543272614479065,-3.6582350730895996e-06,0.0003543272614479065,3.6582350730895996e-06,0.0,0.0,0.0,5,4.737178207089894,-1.1308038519196195,-1.1308038519196195,4.737178207089894,-974.1815534943981,0.0,5.0,0,-0.0028570486439356713,6,5.546804253032995,-0.3388536253616934,-0.3538666043071501,5.531791274087539,5.0,0,-0.7423352281133848,0.7769372476124694,2,2,3,5.0,5.0,5.0,3.631103515625,3.0423583984375,0.0037273375783115625,-3.9050273431540106e-12,3.631103515625,3.0423583984375
467,SAFE,18,1.8,1.0,8,0.8,-0.08028828352689743,0.1770629584789276,0.08028828352689743,0.0,0.1770629584789276,-0.06497365515679121,0.006168782711029053,0.06497365515679121,0.006168782711029053,0.014973655156791207,0.0,0.014973655156791207,15,17.865873951638687,9.00191416669708,-4.869086837539064,3.994872947402542,3.261001114943886,3.261001114943886,3.261001114943886,1,5.204722585613568,2,3.7676784112455963,-1.4268107091288793,-1.4268107091288793,3.7676784112455963,5.0,0,-3.1479487733339715,3.442276128410185,4,4,4,3.261001114943886,3.261001114943886,3.261001114943886,17.41351318359375,-3.994873046875,-5.33992862701416,3.050365648959996e-08,-2.282019906374444e-08,-3.994872947402542
467,SAFE,18,1.8,0.5,13,1.3,-0.1215629056096077,0.02001415193080902,0.1215629056096077,0.0,0.02001415193080902,0.007102213799953461,-0.020652979612350464,0.007102213799953461,0.020652979612350464,0.0,0.0,0.0,15,15.270864182869902,6.406904397928296,-3.4011909687752526,5.462768816166354,2.854815322121753,2.854815322121753,2.854815322121753,1,4.66464344960893,1,13.405548082885371,8.201235412272705,-2.4735418877183992,2.7307707828942664,4.603833581673995,1,-2.937366428246826,0.9276490810568534,3,4,4,2.854815322121753,2.854815322121753,2.854815322121753,14.260345458984375,-5.4627685546875,-4.995190143585205,-9.15922129252067e-08,1.0016577078886257e-07,-5.462768816166353
524,SAFE,75,7.5,3.0,45,4.5,-0.09534800052642822,0.024756021797657013,0.09534800052642822,0.0,0.024756021797657013,0.015078321099281311,-0.0029044784605503082,0.015078321099281311,0.0029044784605503082,0.0,0.0,0.0,1,10.601522038866785,1.336957016040662,1.336957016040662,10.601522038866785,-0.6168132900909228,0.0,5.0,0,-11.274581741452726,14,41.20984864342227,32.11130945320024,24.11403893132075,33.212578121542776,5.0,0,12.725497973680707,22.777081915280085,0,0,1,5.0,5.0,5.0,9.4342041015625,4.83612060546875,13.757780075073242,-2.1227713779564965,9.4342041015625,4.83612060546875
524,SAFE,75,7.5,2.0,55,5.5,-0.09583190828561783,-0.020208138972520828,0.09583190828561783,0.0,0.020208138972520828,0.0009084418416023254,0.006497807800769806,0.0009084418416023254,0.006497807800769806,0.0,0.0,0.0,1,25.62260881409033,16.35804379126421,16.35804379126421,25.62260881409033,-1.7777233851597012,0.0,5.0,0,-13.924721836125714,14,39.63761212463491,30.539072934412886,21.396054567559187,30.494593757781214,5.0,0,18.8770491794117,5.038010776294978,0,0,0,5.0,5.0,5.0,25.492919921875,2.57470703125,14.116302490234375,-1.1955024346767686,25.492919921875,2.57470703125
524,SAFE,75,7.5,1.0,65,6.5,-0.06203458458185196,-0.0004987790598534048,0.06203458458185196,0.0,0.0004987790598534048,0.010379880666732788,0.007228689326439053,0.010379880666732788,0.007228689326439053,0.0,0.0,0.0,3,67.87825610344557,58.642670544452486,0.6051103535655251,9.840695912558608,1.3652026224396652,1.3652026224396652,1.3652026224396652,1,48.67526145273523,12,58.24983300954597,45.135156001834886,1.3237370023722868,14.438414010083374,1.3084870918806206,1,0.9644236779689059,0.7186266488067616,0,1,2,5.0,1.3652026224396652,1.3084870918806206,67.0408935546875,10.6290283203125,-49.19160079956055,-0.5779446265257775,-0.11560885887769246,9.840016800554595
524,SAFE,75,7.5,0.5,70,7.0,-0.039499226957559586,0.004926533438265324,0.039499226957559586,0.0,0.004926533438265324,0.008980795741081238,-0.00024708500131964684,0.008980795741081238,0.00024708500131964684,0.0,0.0,0.0,3,43.35309641430412,34.11751085531104,0.2376878787006529,9.473273437693736,0.8611241536727892,0.8611241536727892,0.8611241536727892,1,47.9408806550376,12,37.36194112585819,24.2472641181471,1.0855654461315964,14.200242453842684,0.7929736569707395,1,0.6616266624161247,0.8478775674309436,0,1,2,5.0,0.8611241536727892,0.7929736569707395,42.250244140625,9.71636962890625,-49.12731170654297,-0.2824828362130347,-0.05447057489111984,9.473116835645211
577,SAFE,55,5.5,3.0,25,2.5,-0.011669022962450981,0.048352282494306564,0.011669022962450981,0.0,0.048352282494306564,-2.3398548364639282e-05,0.002675909548997879,2.3398548364639282e-05,0.002675909548997879,0.0,0.0,0.0,3,13.339697382037748,8.140305371176824,8.140305371176824,13.339697382037748,-2091.4595829831196,0.0,5.0,0,-0.006372130637534967,12,16.999453387475118,11.795154660722568,11.778368580238292,16.98266730699084,5.0,0,9.959336975707558,3.6380632090614675,0,0,0,5.0,5.0,5.0,13.3333740234375,-0.4106864929199219,0.006375152617692947,-1.8342705132567971e-10,13.3333740234375,-0.4106864929199219
577,SAFE,55,5.5,2.0,35,3.5,-0.011390640400350094,0.04808603972196579,0.011390640400350094,0.0,0.04808603972196579,5.826912820339203e-05,-1.893937587738037e-05,5.826912820339203e-05,1.893937587738037e-05,0.0,0.0,0.0,3,13.343133695586205,8.143741684725281,8.143741684725281,13.343133695586205,-2134.3115003731828,0.0,5.0,0,-0.0062466151422921595,12,16.994217202331978,11.789918475579428,11.773471759309919,16.977770486062468,5.0,0,9.958606722017599,3.6297300745846375,0,0,0,5.0,5.0,5.0,13.337677001953125,-0.381561279296875,0.006249170750379562,2.657007946993417e-11,13.337677001953125,-0.381561279296875
577,SAFE,55,5.5,1.0,45,4.5,-0.013468507677316666,0.04497230052947998,0.013468507677316666,0.0,0.04497230052947998,-2.401042729616165e-05,-5.389750003814697e-05,2.401042729616165e-05,5.389750003814697e-05,0.0,0.0,0.0,3,13.345612853752955,8.146220842892031,8.146220842892031,13.345612853752955,-1938.12784923661,0.0,5.0,0,-0.006879937864557309,12,16.99096393026133,11.78666520350878,11.768565487070964,16.972864213823513,5.0,0,9.957393164981497,3.6223446441789324,0,0,0,5.0,5.0,5.0,13.33990478515625,-0.3902854919433594,0.006882881745696068,-1.6188689277996104e-10,13.33990478515625,-0.3902854919433594
577,SAFE,55,5.5,0.5,50,5.0,-0.013141724281013012,0.04191599786281586,0.013141724281013012,0.0,0.04191599786281586,3.5577453672885895e-05,-3.676116466522217e-05,3.5577453672885895e-05,3.676116466522217e-05,0.0,0.0,0.0,3,13.355148664999199,8.155756654138274,8.155756654138274,13.355148664999199,-12974.135888155537,0.0,5.0,0,-0.0010284992739671179,12,16.988712704208602,11.784413977456053,11.781706061327965,16.986004788080514,5.0,0,9.96873135773312,3.6259494071896903,0,0,0,5.0,5.0,5.0,13.349517822265625,-0.3877754211425781,0.001028933096677065,1.6336355879165154e-11,13.349517822265625,-0.3877754211425781
624,SAFE,61,6.1000000000000005,3.0,31,3.1,0.1013193279504776,-0.024691374972462654,0.0,0.1013193279504776,0.024691374972462654,-0.00495823472738266,-0.006518080830574036,0.00495823472738266,0.006518080830574036,0.0,0.0,0.0,2,8.115974173353,-0.6843457896461747,-0.6843457896461747,8.115974173353,-10.336842420303928,0.0,5.0,0,-0.6524351027553073,1,17.02007269244312,11.709499955789461,0.9723741570833306,6.282946893736988,3.965699560982205,1,0.144014183718578,1.6567199467295053,1,2,2,5.0,3.965699560982205,3.965699560982205,5.04425048828125,-6.3580322265625,0.6360235214233398,-0.32822804460386124,5.04425048828125,-6.3580322265625
624,SAFE,61,6.1000000000000005,2.0,41,4.1000000000000005,0.11134487390518188,-0.026549698784947395,0.0,0.11134487390518188,0.026549698784947395,0.009038999676704407,-0.0373819712549448,0.009038999676704407,0.0373819712549448,0.0,0.0,0.0,2,8.295738690181446,-0.5045812728177292,-0.5852653212559673,8.215054641743208,2.2570295831546985,2.2570295831546985,2.2570295831546985,1,0.07114810013861908,1,14.334510913622013,9.023938176968356,1.2549869910653397,6.565559727718997,3.6764723370536574,1,0.3348608349046862,1.840252312321307,1,1,2,2.2570295831546985,2.2570295831546985,2.2570295831546985,5.4188232421875,-6.2813720703125,-0.4299125671386719,-0.2769130922983436,4.448497859985537,-6.906373111592709
624,SAFE,61,6.1000000000000005,1.0,51,5.1000000000000005,0.17285394668579102,-0.035795971751213074,0.0,0.17285394668579102,0.035795971751213074,0.0033995062112808228,-0.02938394108787179,0.0033995062112808228,0.02938394108787179,0.0,0.0,0.0,2,8.448077830919676,-0.3522421320794997,-1.570512389985855,7.22980757301332,4.260514979070974,4.260514979070974,4.260514979070974,1,0.5306536118887588,1,12.093620960030167,6.783048223376509,1.1225121723992055,6.433084909052863,3.8139133738922033,1,-0.22400010879332477,2.6930245623850606,1,1,2,4.260514979070974,4.260514979070974,3.8139133738922033,5.78472900390625,-6.1568603515625,-1.003129005432129,-0.21436679777104928,1.510882850322096,-7.070173304481534
624,SAFE,61,6.1000000000000005,0.5,56,5.6000000000000005,0.15977178514003754,0.018263189122080803,0.0,0.15977178514003754,0.018263189122080803,0.0008986145257949829,0.010013312101364136,0.0008986145257949829,0.010013312101364136,0.0,0.0,0.0,2,7.6089495837612136,-1.191370379237962,-2.7932794760662816,6.007040486932894,2.644419024773712,2.644419024773712,2.644419024773712,1,1.0840070687229035,1,11.436529952223216,6.125957215569558,1.295354808592771,6.605927545246429,4.572012365549613,1,-0.7489623337367552,4.088634284659053,1,1,2,2.644419024773712,2.644419024773712,2.644419024773712,4.9810791015625,-5.751953125,-1.7636260986328125,-0.09329108858423751,0.3173126937504511,-5.998653854494007
643,FIXED_COLLISION,72,7.2,3.0,42,4.2,-0.07097472995519638,-0.013027033768594265,0.07097472995519638,0.0,0.013027033768594265,-0.03080599755048752,-0.008569187950342894,0.03080599755048752,0.008569187950342894,0.0,0.0,0.0,2,5.007851950866463,-4.219340862615352,-4.219340862615352,5.007851950866463,-3.9652885881815805,0.0,5.0,0,-0.4342674221337189,3,14.240780985487296,5.020013845073645,-0.9682506702238758,8.252516470189775,5.0,0,-2.593795766419614,3.2510901923914766,2,2,2,5.0,5.0,5.0,1.43804931640625,4.79693603515625,0.6993200778961182,0.24371602802169434,1.43804931640625,4.79693603515625
643,FIXED_COLLISION,72,7.2,2.0,52,5.2,-0.040443483740091324,-0.053001340478658676,0.040443483740091324,0.0,0.053001340478658676,0.007968004792928696,-0.00047289952635765076,0.007968004792928696,0.00047289952635765076,0.0,0.0,0.0,1,48.68450691122296,39.403394805125046,-8.202611412236429,1.078500693861483,2.435379209003662,2.435379209003662,2.435379209003662,1,19.980713830799438,2,5.4597489959431895,-3.7674438175386262,-3.7674438175386262,5.4597489959431895,5.0,0,-5.985027614887528,4.435167594697803,2,2,3,2.435379209003662,2.435379209003662,2.435379209003662,-47.7347412109375,-9.56951904296875,19.67794394493103,3.4933457639826457,0.18851434848703263,-1.0618973995044012
643,FIXED_COLLISION,72,7.2,1.0,62,6.2,-0.1156693771481514,0.2291775643825531,0.1156693771481514,0.0,0.2291775643825531,-0.012643508613109589,0.11705127358436584,0.012643508613109589,0.11705127358436584,0.0,0.0,0.0,1,28.44287020548105,19.16175809938314,-8.581893888683917,0.6992182174139951,1.3671013892974087,1.3671013892974087,1.3671013892974087,1,20.792664955996813,2,6.0131052022169325,-3.2140876112648833,-3.2140876112648833,6.0131052022169325,5.0,0,-5.8979907499744,5.367806277419033,2,3,3,1.3671013892974087,1.3671013892974087,1.3671013892974087,-27.5909423828125,-6.9091796875,20.294081449508667,4.5548444254402085,0.15312456132556918,-0.6822455454471337
643,FIXED_COLLISION,72,7.2,0.5,67,6.7,-0.42255929112434387,0.3548668920993805,0.42255929112434387,0.0,0.3548668920993805,-0.08965840935707092,-0.031197279691696167,0.08965840935707092,0.031197279691696167,0.03965840935707092,0.0,0.03965840935707092,1,17.972771014833985,8.691658908736073,-8.244461505279105,1.0366506008188061,0.8318726462849928,0.8318726462849928,0.8318726462849928,1,21.53331783939021,2,6.073831196285616,-3.1533616171961993,-3.537307687664187,5.689885125817629,5.0,0,-5.890884596471646,4.707153817614918,2,3,3,0.8318726462849928,0.8318726462849928,0.8318726462849928,-17.79656982421875,-2.510498046875,21.495988607406616,1.7759537914109131,0.08535510313664929,-1.0331306667341376
654,NEW_COLLISION,29,2.9000000000000004,2.0,9,0.9,-0.051674503833055496,0.10008065402507782,0.051674503833055496,0.0,0.10008065402507782,0.0017602033913135529,-0.0003188103437423706,0.0017602033913135529,0.0003188103437423706,0.0,0.0,0.0,13,13.622596962365256,7.688134031869945,-3.7703626854826084,2.1641002450127025,5.0667863258569525,5.0,5.0,0,2.621210439017559,3,3.931526132144828,-3.1567345699160847,-3.5921392458990256,3.496121456161887,1.4050825859190148,1,-3.681250965690817,0.1782234395835829,3,4,6,1.4050825859190148,1.4050825859190148,1.4050825859190148,-13.33935546875,-2.7634658813476562,2.651973783969879,0.12016517675930721,-0.07948654890060425,-2.1626399975511204
654,NEW_COLLISION,29,2.9000000000000004,1.0,19,1.9000000000000001,-0.047801997512578964,0.09994243085384369,0.047801997512578964,0.0,0.09994243085384369,0.00022124499082565308,0.00030413269996643066,0.00022124499082565308,0.00030413269996643066,0.0,0.0,0.0,13,11.231371141595039,5.296908211099728,-3.5081742012370873,2.4262887292582236,5.338606008733415,5.0,5.0,0,2.013722823848815,3,3.7430482044624993,-3.345212497598413,-3.3845794819805537,3.703681220080359,5.0,0,-3.4463768416088207,0.12359471925653365,3,4,6,3.1433613460854173,3.1433613460854173,3.1433613460854173,-10.89434814453125,-2.7307281494140625,2.056848404929042,0.07647989682564829,-0.6101061198860407,-2.348328665285821
654,NEW_COLLISION,29,2.9000000000000004,0.5,24,2.4000000000000004,-0.05153395235538483,0.0994555875658989,0.05153395235538483,0.0,0.0994555875658989,-0.002065662294626236,-0.00014378875494003296,0.002065662294626236,0.00014378875494003296,0.0,0.0,0.0,3,3.842971456386779,-3.2452892456741336,-3.250152117851093,3.8381085842098197,526.1387502692746,5.0,5.0,0,0.0009765994991071086,5,11.003907603842087,4.82351957286029,-2.56062882205462,3.6197592089271775,2.9357413561355807,1,-2.9053904699528563,0.689523295796473,3,4,6,2.9357413561355807,2.9357413561355807,2.9357413561355807,-1.40521240234375,-3.57684326171875,0.002670801943168044,-4.292410177297867e-12,-1.3918583926279098,-3.576843261740212
677,SAFE,29,2.9000000000000004,2.0,9,0.9,0.022295579314231873,0.12707367539405823,0.0,0.022295579314231873,0.12707367539405823,0.0006638467311859131,0.0006814301013946533,0.0006638467311859131,0.0006814301013946533,0.0,0.0,0.0,3,3.7664461675521195,-1.3702634270212593,-1.7056331800594093,3.4310764145139694,16.321597190219634,5.0,5.0,0,0.07567973211370078,5,8.899566357729384,3.716541115581726,3.716541115581726,8.899566357729384,5.0,0,1.0054539677611583,5.422174295641135,1,1,1,5.0,5.0,5.0,2.1569347381591797,-3.087677001953125,-0.13215218484401703,-3.992237651573305e-10,1.4961738139390945,-3.087677003949244
677,SAFE,29,2.9000000000000004,1.0,19,1.9000000000000001,0.005523006431758404,0.12931236624717712,0.0,0.005523006431758404,0.12931236624717712,0.007577366894111037,-0.008778765797615051,0.007577366894111037,0.008778765797615051,0.0,0.0,0.0,3,3.6537880226022237,-1.482921571971155,-1.9274289450084163,3.2092806495649624,8.782503537043663,5.0,5.0,0,0.11671846228255014,6,9.722981890249015,4.527633634183406,3.492375528823615,8.687723784889224,5.0,0,0.7824732919075994,5.4198044738320315,1,1,1,5.0,5.0,5.0,1.9353103637695312,-3.099151611328125,-0.22035975754261017,-9.762102237687031e-10,0.8335115760564804,-3.099151616209176
677,SAFE,29,2.9000000000000004,0.5,24,2.4000000000000004,-0.015450372360646725,0.13811320066452026,0.015450372360646725,0.0,0.13811320066452026,-0.003919568844139576,0.0018806010484695435,0.003919568844139576,0.0018806010484695435,0.0,0.0,0.0,3,3.6086117421773967,-1.528097852395982,-1.9319331853725776,3.204776409200801,8.573215036902534,5.0,5.0,0,0.10763471013426118,6,9.61383145191282,4.418483195847211,3.4215509443567527,8.616899200422361,5.0,0,0.7448088794920875,5.35348412972933,1,1,1,5.0,5.0,5.0,1.8248119354248047,-3.11322021484375,-0.21285036206245422,-7.370831722752769e-10,0.7605601251125336,-3.113220218529166
721,SAFE,42,4.2,3.0,12,1.2000000000000002,-0.058759905397892,-0.03989222273230553,0.058759905397892,0.0,0.03989222273230553,-0.00824444368481636,-0.006103634834289551,0.00824444368481636,0.006103634834289551,0.0,0.0,0.0,4,27.8374647002067,22.641777208779587,20.556143674535566,25.751831165962678,1.8469788057805312,1.8469788057805312,1.8469788057805312,1,2.173824406961701,14,55.497852486097635,50.28172104252341,50.28172104252341,55.497852486097635,5.0,0,35.41893235852949,29.725577367987842,0,0,0,5.0,5.0,5.0,10.572021484375,-25.7518310546875,-5.723953723907471,-6.024713172791962e-08,2.7104935540478436e-07,-25.751831165962674
721,SAFE,42,4.2,2.0,22,2.2,-0.11980542540550232,0.0012215964961797,0.11980542540550232,0.0,0.0012215964961797,0.009255766868591309,-0.0073603184428066015,0.009255766868591309,0.0073603184428066015,0.0,0.0,0.0,3,19.645823926753167,8.767687196306055,2.306921939256668,13.18505866970378,2.835765851545357,2.835765851545357,2.835765851545357,1,3.8073771932483,4,26.0784669108573,20.88277941943019,20.257559608487302,25.453247099914414,1.105199723993009,1,11.282240773871985,17.950637669230634,0,0,0,5.0,5.0,5.0,14.5640869140625,-13.18505859375,-5.135856628417969,-2.678422106328071e-08,6.876195079996705e-08,-13.18505866970378
721,SAFE,42,4.2,1.0,32,3.2,-0.08638909459114075,-0.01973549835383892,0.08638909459114075,0.0,0.01973549835383892,0.00461442768573761,0.0018685534596443176,0.00461442768573761,0.0018685534596443176,0.0,0.0,0.0,3,13.036659636473205,2.158522906026093,0.9620418354557696,11.840178565902882,0.44916770730589517,0.44916770730589517,0.44916770730589517,1,5.083070828118722,5,25.392255634343705,16.83909557327882,14.960114716487373,23.51327477755226,2.122279460985923,1,7.9610782759715715,13.998072881031604,0,1,1,5.0,0.44916770730589517,0.44916770730589517,4.87744140625,-12.089874267578125,-12.13206672668457,0.5866743971996158,-0.5718911902570447,-11.826359073652906
721,SAFE,42,4.2,0.5,37,3.7,-0.07655157148838043,0.04649468883872032,0.07655157148838043,0.0,0.04649468883872032,-0.0002406388521194458,0.005955122411251068,0.0002406388521194458,0.005955122411251068,0.0,0.0,0.0,5,24.63873344714953,16.08557338608464,14.938996890103239,23.492156951168127,1.7386672016812208,1.7386672016812208,1.7386672016812208,1,1.288226088330791,4,25.154223862809438,19.958536371382326,19.958536371382326,25.154223862809438,5.0,0,17.44876663074278,5.019539481279088,0,0,0,5.0,5.0,5.0,7.4287109375,23.492156982421875,-4.272646903991699,-1.7975693822336325e-08,-9.883517915199036e-08,23.492156951168127
775,SAFE,22,2.2,2.0,2,0.2,-0.009738688357174397,0.03932804614305496,0.009738688357174397,0.0,0.03932804614305496,-0.028338258154690266,-0.001779705286026001,0.028338258154690266,0.001779705286026001,0.0,0.0,0.0,3,3.447054481118762,-9.68032435960979,-9.680723567053695,3.446655273674857,1.2721364159125725,1.2721364159125725,1.2721364159125725,1,0.0006275810087176271,5,8.549509918190218,-0.3474014464082398,-5.633743473789991,3.2631678908084667,2.101077916256295,1,-7.657233520421843,4.046980093263704,3,3,4,1.2721364159125725,1.2721364159125725,1.2721364159125725,0.052459716796875,3.4466552734375,-0.0412374809384346,1.8658137534988128e-10,1.559459177763456e-08,3.446655273674857
775,SAFE,22,2.2,1.0,12,1.2000000000000002,-0.052509430795907974,0.05433166027069092,0.052509430795907974,0.0,0.05433166027069092,0.00033932551741600037,0.00024174153804779053,0.00033932551741600037,0.00024174153804779053,0.0,0.0,0.0,3,3.444573211311592,-9.68280562941696,-9.68280562941696,3.444573211311592,-3.697679233947136,0.0,5.0,0,-0.0003593905641195003,5,4.761474810447076,-4.135436554151381,-5.6099462581396065,3.2869651064588514,0.919508207280796,1,-7.646375943778283,4.072859371277353,3,3,5,0.919508207280796,0.919508207280796,0.919508207280796,0.067657470703125,3.44390869140625,0.01829727552831173,-7.939802981749011e-11,0.067657470703125,3.44390869140625
775,SAFE,22,2.2,0.5,17,1.7000000000000002,-0.052638642489910126,0.05419006198644638,0.052638642489910126,0.0,0.05419006198644638,0.0004848204553127289,8.99098813533783e-05,0.0004848204553127289,8.99098813533783e-05,0.0,0.0,0.0,3,3.4445641386680053,-9.682814702060547,-9.682814702060547,3.4445641386680053,-6.262944007189312,0.0,5.0,0,-0.0003164639703959632,2,3.5280517739691786,-5.23736006333654,-5.432537369484853,3.332874467820865,0.2740138170258907,1,-7.5576760357727,4.250277332575694,3,3,5,0.2740138170258907,0.2740138170258907,0.2740138170258907,0.0826263427734375,3.443572998046875,0.013192892074584961,6.063122226507289e-12,0.0826263427734375,3.443572998046875
828,SAFE,34,3.4000000000000004,3.0,4,0.4,0.05698998272418976,0.08524619787931442,0.0,0.05698998272418976,0.08524619787931442,0.0013522803783416748,0.002248317003250122,0.0013522803783416748,0.002248317003250122,0.0,0.0,0.0,2,4.811908032961291,-0.43341880482363315,-0.5549917558831678,4.690335081901757,8.739004804220151,5.0,5.0,0,0.03362733390272979,6,15.871130596102157,10.655269264610073,10.630968678727726,15.84683001021981,5.0,0,5.0379884614222785,11.185960434610895,1,1,1,5.0,5.0,5.0,1.18914794921875,-4.66265869140625,-0.13607360422611237,-1.9891372993185996e-09,0.5087799280881882,-4.662658701351937
828,SAFE,34,3.4000000000000004,2.0,14,1.4000000000000001,0.08021854609251022,0.1065763607621193,0.0,0.08021854609251022,0.1065763607621193,0.002016022801399231,0.0009011998772621155,0.002016022801399231,0.0009011998772621155,0.0,0.0,0.0,2,4.747311855716637,-0.49801498206828754,-0.5738180580268093,4.671508779758115,1.6017446297472626,1.6017446297472626,1.6017446297472626,1,0.09389496773595744,3,12.111435324839317,6.8912490704542595,6.878202411301357,12.098388665686414,1.0653616836862505,1,3.152192176637274,7.452020469328167,1,1,1,1.6017446297472626,1.6017446297472626,1.6017446297472626,0.844970703125,-4.6715087890625,-0.5275315046310425,5.808907133086905e-09,-5.144026549164238e-08,-4.671508779758114
828,SAFE,34,3.4000000000000004,1.0,24,2.4000000000000004,-0.1254688799381256,0.24458099901676178,0.1254688799381256,0.0,0.24458099901676178,-0.006762787699699402,0.06393849849700928,0.006762787699699402,0.06393849849700928,0.0,0.0,0.0,2,4.683961267265588,-0.5613655705193361,-0.5614889469478381,4.683837890837086,0.049208814519486936,0.049208814519486936,0.049208814519486936,1,0.00501433756646044,1,3.303124304390602,0.1928785712482428,0.1928785712482428,3.303124304390602,5.0,0,-0.18430518784979766,0.7543675181960809,1,2,2,0.049208814519486936,0.049208814519486936,0.049208814519486936,0.03399658203125,-4.683837890625,-0.6908630728721619,-4.309919532374806e-09,2.9219920996692572e-08,-4.683837890837086
828,SAFE,34,3.4000000000000004,0.5,29,2.9000000000000004,-0.07291259616613388,0.17232264578342438,0.07291259616613388,0.0,0.17232264578342438,0.04373033344745636,-0.055678412318229675,0.04373033344745636,0.055678412318229675,0.0,0.0,0.0,2,4.689281322647997,-0.5560455151369279,-0.5560455151369279,4.689281322647997,-1.1203069419961382,0.0,5.0,0,-0.015804652640868506,1,3.4107200707034893,0.30047433756113007,0.30047433756113007,3.4107200707034893,5.0,0,-0.12778558878789892,0.856519852698058,1,2,2,5.0,5.0,5.0,-0.28814697265625,-4.680419921875,-0.2572036385536194,-2.6994086965714814e-09,-0.28814697265625,-4.680419921875
883,SAFE,53,5.300000000000001,3.0,23,2.3000000000000003,-0.021495113149285316,0.09628909826278687,0.021495113149285316,0.0,0.09628909826278687,0.0003886781632900238,-2.5667250156402588e-05,0.0003886781632900238,2.5667250156402588e-05,0.0,0.0,0.0,1,2.920824041665835,-1.73402254739859,-1.73402254739859,2.920824041665835,-248.13945280320002,0.0,5.0,0,-0.0027225814687101176,2,4.943385550012549,-0.10374875982556642,-0.12789612954965435,4.9192381802884615,5.0,0,-0.9309593384741222,1.6061264178489356,2,3,3,5.0,5.0,5.0,1.40472412109375,2.56085205078125,0.005661027040332556,6.85253520593676e-11,1.40472412109375,2.56085205078125
883,SAFE,53,5.300000000000001,2.0,33,3.3000000000000003,-0.019085517153143883,0.09490545094013214,0.019085517153143883,0.0,0.09490545094013214,0.0007555000483989716,-2.4184584617614746e-05,0.0007555000483989716,2.4184584617614746e-05,0.0,0.0,0.0,1,2.9293827610470573,-1.7254638280173675,-1.7254638280173675,2.9293827610470573,-267.42083430293235,0.0,5.0,0,-0.0025520596801311135,2,4.976662340614895,-0.07047196922322119,-0.09308246427224987,4.954051845565866,5.0,0,-0.9092731461448087,1.6323813637451177,2,3,3,5.0,5.0,5.0,1.4139404296875,2.5655517578125,0.005287323147058487,-1.2874781796234913e-10,1.4139404296875,2.5655517578125
883,SAFE,53,5.300000000000001,1.0,43,4.3,-0.01925862766802311,0.09491454809904099,0.01925862766802311,0.0,0.09491454809904099,-0.0002042427659034729,-3.550201654434204e-05,0.0002042427659034729,3.550201654434204e-05,0.0,0.0,0.0,1,2.9125237795277017,-1.7423228095367231,-1.7423228095367231,2.9125237795277017,-248.99745254732454,0.0,5.0,0,-0.002711836079270216,2,4.942702678289702,-0.1044316315484135,-0.12843242831619772,4.918701881521918,5.0,0,-0.9353776189264604,1.6138903812205254,2,3,3,5.0,5.0,5.0,1.402374267578125,2.55267333984375,0.005632082466036081,-1.7871118473955505e-10,1.402374267578125,2.55267333984375
883,SAFE,53,5.300000000000001,0.5,48,4.800000000000001,-0.018705449998378754,0.09491907805204391,0.018705449998378754,0.0,0.09491907805204391,-0.0004266016185283661,-6.385147571563721e-05,0.0004266016185283661,6.385147571563721e-05,0.0,0.0,0.0,1,2.9186977971981616,-1.7361487918662633,-1.7361487918662633,2.9186977971981616,-252.19089325346962,0.0,5.0,0,-0.0027160870458155773,2,4.937817152919331,-0.10931715691878452,-0.13320321334195828,4.913931096496158,5.0,0,-0.9346760026041108,1.602945578524305,2,3,3,5.0,5.0,5.0,1.4139404296875,2.5533447265625,0.005606627557426691,-3.917421942389865e-11,1.4139404296875,2.5533447265625
1001,SAFE,29,2.9000000000000004,2.0,9,0.9,0.05957120656967163,0.011994489468634129,0.0,0.05957120656967163,0.011994489468634129,0.007626917213201523,-0.0037445807829499245,0.007626917213201523,0.0037445807829499245,0.0,0.0,0.0,4,29.73575280069864,23.345528495534175,-3.136439391842574,3.253784913321892,4.145938064476891,4.145938064476891,4.145938064476891,1,7.086384886355992,5,5.0198962676327445,-0.056566049304962895,-0.8818822332633554,4.194580083674352,0.44122905354904496,1,-2.009160812552965,2.254557158579219,3,5,5,0.44122905354904496,0.44122905354904496,0.44122905354904496,-29.5550537109375,-3.273193359375,6.957451820373535,1.5554006225471255,-0.709889377086828,3.1754012871541804
1001,SAFE,29,2.9000000000000004,1.0,19,1.9000000000000001,-0.01299991738051176,0.05728747323155403,0.01299991738051176,0.0,0.05728747323155403,-0.022630633786320686,0.005410280078649521,0.022630633786320686,0.005410280078649521,0.0,0.0,0.0,4,25.109172976012857,18.71894867084839,-5.32558409148754,1.0646402136769262,4.61790601388331,4.61790601388331,4.61790601388331,1,5.427575112474059,1,6.227093445410313,0.9903591992011602,-1.0044345353459159,4.232299710863237,0.7203527218838893,1,-3.165009313416728,4.321149556141624,3,4,4,0.7203527218838893,0.7203527218838893,0.7203527218838893,-25.0753173828125,-1.303466796875,5.432214260101318,0.051727958161038146,0.010137517612054836,-1.0645919477972376
1001,SAFE,29,2.9000000000000004,0.5,24,2.4000000000000004,-0.14774832129478455,0.02551559917628765,0.14774832129478455,0.0,0.02551559917628765,-0.01259283721446991,-0.002077212557196617,0.01259283721446991,0.002077212557196617,0.0,0.0,0.0,4,22.91535619633725,16.525131891172784,-2.126239424859828,4.263984880304638,4.3646055353916955,4.3646055353916955,4.3646055353916955,1,5.068484007099962,1,4.422618596196831,-0.8141156500123214,-1.1251620246269622,4.111572221582191,0.26783361997360633,1,-1.6257007247433952,1.001077400232866,3,3,3,0.26783361997360633,0.26783361997360633,0.26783361997360633,-22.89501953125,-0.9652099609375,5.104416847229004,-0.745544538430039,-0.6162535048876627,-4.219217780250295
1032,FIXED_COLLISION,56,5.6000000000000005,3.0,26,2.6,-0.09232652187347412,-0.025172114372253418,0.09232652187347412,0.0,0.025172114372253418,0.0038793087005615234,0.009529877454042435,0.0038793087005615234,0.009529877454042435,0.0,0.0,0.0,2,68.7863086285285,63.58297852402405,-2.331665927080926,2.8716641774235283,2.9963177449599265,2.9963177449599265,2.9963177449599265,1,22.916936503115704,7,26.168621170642837,20.15544770577726,2.3919163601299687,8.405089824995546,2.8131475842854186,1,0.03012521652452138,4.723582287210895,1,1,1,2.9963177449599265,2.9963177449599265,2.9963177449599265,68.52775573730469,5.95843505859375,-22.913743019104004,-1.0311570777827228,-0.12909907428827694,2.8687608085923544
1032,FIXED_COLLISION,56,5.6000000000000005,2.0,36,3.6,-0.08448013663291931,0.019439641386270523,0.08448013663291931,0.0,0.019439641386270523,0.00026047229766845703,0.003628801554441452,0.00026047229766845703,0.003628801554441452,0.0,0.0,0.0,2,46.149628900897305,40.94629879639285,-1.8508579921821489,3.3524721123223054,2.044739989931524,2.044739989931524,2.044739989931524,1,22.450821966019276,7,18.31820416590653,12.305030701040952,2.7713722465769504,8.784545711442528,1.9400037875339031,1,0.46025712719740075,4.6222302387591,1,1,1,2.044739989931524,2.044739989931524,2.044739989931524,45.781707763671875,5.8157958984375,-22.47790813446045,-1.2070714007102623,-0.17976988886650958,3.3476487347025676
1032,FIXED_COLLISION,56,5.6000000000000005,1.0,46,4.6000000000000005,-0.09244175255298615,0.0780872330069542,0.09244175255298615,0.0,0.0780872330069542,0.006353259086608887,0.00711648166179657,0.006353259086608887,0.00711648166179657,0.0,0.0,0.0,2,23.273565371324914,18.07023526682046,-2.5861748332100394,2.617155271294415,1.0227509642715982,1.0227509642715982,1.0227509642715982,1,22.46809071395209,1,9.677892720979715,6.8552010048318355,0.329163736213574,3.151855452361454,1.1832862151571268,1,-1.1285055484982327,2.9153385694236134,1,2,3,1.0227509642715982,1.0227509642715982,1.0227509642715982,23.156631469726562,2.330078125,-22.609771728515625,0.28049425675659734,0.03246563242648648,2.6169538965704553
1032,FIXED_COLLISION,56,5.6000000000000005,0.5,51,5.1000000000000005,-0.03668685257434845,0.04364774748682976,0.03668685257434845,0.0,0.04364774748682976,0.016539976000785828,-0.009142830967903137,0.016539976000785828,0.009142830967903137,0.0,0.0,0.0,2,11.994855265477923,6.791525160973469,-2.907329041361461,2.296001063142993,0.5199145928658373,0.5199145928658373,0.5199145928658373,1,22.22550638545544,1,6.330917856190286,3.508226140042406,0.8469859708108034,3.6696776869586833,0.6855946479574256,1,-1.030171535275329,3.7543150121722646,1,2,3,0.5199145928658373,0.5199145928658373,0.5199145928658373,11.898162841796875,1.51995849609375,-22.59559440612793,1.483151981850071,0.1503835755732812,2.2910708548954895
1037,SAFE,13,1.3,1.0,3,0.30000000000000004,0.029442645609378815,0.07977530360221863,0.0,0.029442645609378815,0.07977530360221863,0.0009607262909412384,0.002418629825115204,0.0009607262909412384,0.002418629825115204,0.0,0.0,0.0,4,10.101524159711992,5.104955268671919,-1.231883065472922,3.7646858255671516,1.2618173158538097,1.2618173158538097,1.2618173158538097,1,6.89361477021825,8,11.843444488757047,6.618112419255695,6.618112419255695,11.843444488757047,5.0,0,2.6931146768913865,7.849995484728617,1,1,1,1.2618173158538097,1.2618173158538097,1.2618173158538097,9.4019775390625,3.6937255859375,-7.428588654845953,0.05615131006989227,0.02845574202271628,3.7645782812915662
1037,SAFE,13,1.3,0.5,8,0.8,0.037530556321144104,0.09107065945863724,0.0,0.037530556321144104,0.09107065945863724,0.0021260343492031097,0.001977473497390747,0.0021260343492031097,0.001977473497390747,0.0,0.0,0.0,4,7.149674357571359,2.1531054665312856,-1.2238428448657848,3.772726046174289,0.8159506831791892,0.8159506831791892,0.8159506831791892,1,6.322550901754642,8,11.872121775814398,6.646789706313045,6.646789706313045,11.872121775814398,5.0,0,2.7114734307236303,7.87063255117883,1,1,1,0.8159506831791892,0.8159506831791892,0.8159506831791892,6.1060791015625,3.7193603515625,-7.442873999476433,0.06522555066469815,0.03306097687308096,3.772581184188099
1092,SAFE,76,7.6000000000000005,3.0,46,4.6000000000000005,-0.0872807651758194,-0.010218724608421326,0.0872807651758194,0.0,0.010218724608421326,0.003211475908756256,0.006093697622418404,0.003211475908756256,0.006093697622418404,0.0,0.0,0.0,10,15.48634948555066,10.043010325113329,3.2504456543996216,8.693784814836953,11.360377052379627,5.0,5.0,0,1.359827992374601,8,14.832763972825575,9.160270152082733,8.964508286734445,14.637002107477286,0.6664050287826934,1,6.107476970567033,5.714062632334823,0,0,0,5.0,5.0,5.0,15.477935791015625,-0.5104155540466309,-1.3613176345825195,-0.022756769470738902,8.671347618103027,-0.6241994014003254
1092,SAFE,76,7.6000000000000005,2.0,56,5.6000000000000005,-0.09655875712633133,0.05648130178451538,0.09655875712633133,0.0,0.05648130178451538,-0.005035296082496643,0.005746588110923767,0.005035296082496643,0.005746588110923767,0.0,0.0,0.0,10,13.612559704555709,8.169220544118378,1.5386685463779433,6.982007706815274,10.20932365338616,5.0,5.0,0,1.3284440101718096,3,16.25895272295385,10.311967425776167,4.655343387396547,10.60232868457423,5.0,0,3.097005966887245,3.116674841018604,0,0,1,5.0,5.0,5.0,13.59368896484375,-0.7165207862854004,-1.3308500051498413,-0.01065932264724978,6.9394389390945435,-0.7698173995216493
1092,SAFE,76,7.6000000000000005,1.0,66,6.6000000000000005,-0.14644721150398254,0.14538832008838654,0.14644721150398254,0.0,0.14538832008838654,-0.0036913007497787476,-0.0020233988761901855,0.0036913007497787476,0.0020233988761901855,0.0,0.0,0.0,3,15.019782100771936,9.072796803594253,0.21567374217287671,6.16265903935056,8.249028155858543,5.0,5.0,0,1.7923111447852305,10,12.524535418726893,7.0811962582895625,3.096821256664933,8.540160417102264,5.0,0,1.656247499418905,2.8811475144920564,0,1,1,5.0,5.0,5.0,-15.003021240234375,0.7093715667724609,1.7796399593353271,-0.31034052095314024,-6.104821443557739,-0.8423310379932403
1092,SAFE,76,7.6000000000000005,0.5,71,7.1000000000000005,-0.04408974200487137,0.10245287418365479,0.04408974200487137,0.0,0.10245287418365479,0.00886806845664978,0.0009066909551620483,0.00886806845664978,0.0009066909551620483,0.0,0.0,0.0,3,14.208955743493425,8.261970446315742,-1.1313451125228786,4.8156401846548045,7.191730255903188,5.0,5.0,0,1.9278469235406073,10,12.351821957370445,6.908482796933114,4.852862304526445,10.296201464963776,5.0,0,1.8607585960017832,5.984207417049324,1,1,1,5.0,5.0,5.0,-14.1646728515625,1.1209220886230469,1.8978688716888428,-0.45498249999553764,-4.675328493118286,-1.1539904113546413
1124,NEW_COLLISION,76,7.6000000000000005,3.0,46,4.6000000000000005,-0.09774334728717804,0.26695460081100464,0.09774334728717804,0.0,0.26695460081100464,-0.0003536045551300049,-0.0008173882961273193,0.0003536045551300049,0.0008173882961273193,0.0,0.0,0.0,2,3.045076674000465,-2.1177399134671084,-2.1177399134671084,3.045076674000465,-47.39619953435588,0.0,5.0,0,-0.02239728369719375,4,3.1179989288072005,-2.083105740150233,-2.083105740150233,3.1179989288072005,5.0,0,-2.1004228268086704,0.03463417331687557,2,5,5,5.0,4.31099117574318,4.31099117574318,1.79791259765625,-2.4576416015625,0.03793368488550186,1.5396348640450697e-09,1.79791259765625,-2.4576416015625
1124,NEW_COLLISION,76,7.6000000000000005,2.0,56,5.6000000000000005,-0.1498783975839615,0.2667465806007385,0.1498783975839615,0.0,0.2667465806007385,-0.011680960655212402,-0.0003243684768676758,0.011680960655212402,0.0003243684768676758,0.0,0.0,0.0,2,3.0619920222932904,-2.100824565174283,-2.100824565174283,3.0619920222932904,-34.74231940494521,0.0,5.0,0,-0.03144733091684126,4,3.134519290455344,-2.0665853785020896,-2.0665853785020896,3.134519290455344,5.0,0,-2.0837049718381864,0.03423918667219361,2,5,5,5.0,3.4646585976590494,3.4646585976590494,1.82904052734375,-2.4556884765625,0.05264589563012123,1.2868728305193144e-10,1.82904052734375,-2.4556884765625
1124,NEW_COLLISION,76,7.6000000000000005,1.0,66,6.6000000000000005,-0.1942606270313263,0.15013760328292847,0.1942606270313263,0.0,0.15013760328292847,-0.008618727326393127,-0.0063549429178237915,0.008618727326393127,0.0063549429178237915,0.0,0.0,0.0,4,3.1971279090159745,-2.003976759941459,-2.003976759941459,3.1971279090159745,-29.558272492139928,0.0,5.0,0,-0.028472003196541487,5,5.386709426597953,0.16734326737658556,0.16734326737658556,5.386709426597953,5.0,0,-0.9183167462824366,2.1713200273180444,1,4,4,5.0,2.6968342200887854,2.6968342200887854,1.64031982421875,2.7442626953125,0.05549444258213043,6.354410331255167e-10,1.64031982421875,2.7442626953125
1124,NEW_COLLISION,76,7.6000000000000005,0.5,71,7.1000000000000005,-0.22959068417549133,0.13499480485916138,0.22959068417549133,0.0,0.13499480485916138,-0.004282847046852112,-0.000843241810798645,0.004282847046852112,0.000843241810798645,0.0,0.0,0.0,4,3.2306049051848005,-1.970499763772633,-1.970499763772633,3.2306049051848005,-24.295212405088,0.0,5.0,0,-0.03634695774867874,1,4.513354265518124,1.4073838212870342,0.1391024350768988,3.245072879307988,2.453477306829437,1,-0.9156986643478671,2.1096021988495317,1,4,4,5.0,2.453477306829437,2.453477306829437,1.68902587890625,2.75390625,0.06952093541622162,3.441140705717771e-10,1.68902587890625,2.75390625
1155,SAFE,37,3.7,3.0,7,0.7000000000000001,-0.029297880828380585,0.015056534670293331,0.029297880828380585,0.0,0.015056534670293331,0.004128776490688324,-0.012612148188054562,0.004128776490688324,0.012612148188054562,0.0,0.0,0.0,13,43.592684259171556,34.24904070762496,2.455576551485164,11.79922010303176,0.866382289174503,0.866382289174503,0.866382289174503,1,46.62952259966008,11,70.03585686379228,60.80468846789832,2.7215421414907226,11.952710537384673,1.404186999041498,1,2.5885593464879433,0.26596559000555864,0,0,0,5.0,5.0,5.0,41.8096923828125,12.33984375,-48.43355369567871,-0.6251355346478817,-0.15228074090583021,11.798237394447442
1155,SAFE,37,3.7,2.0,17,1.7000000000000002,0.01256247702986002,-0.010753246955573559,0.0,0.01256247702986002,0.010753246955573559,0.003231373615562916,-0.012571659754030406,0.003231373615562916,0.012571659754030406,0.0,0.0,0.0,1,30.17683976579129,20.886691949216313,1.4520083277427354,10.742156144317713,7.286508367221199,5.0,5.0,0,4.011708161714172,7,50.38838851016866,41.18834704229044,1.634012308786314,10.834053776664538,1.0263399347006408,1,1.5430103182645247,0.18200398104357873,0,0,2,5.0,5.0,1.0263399347006408,-29.75689697265625,5.016845703125,4.075828552246094,0.04451720013889826,-9.377754211425781,5.239431703819491
1155,SAFE,37,3.7,1.0,27,2.7,0.03291860967874527,0.007810940034687519,0.0,0.03291860967874527,0.007810940034687519,0.006732212379574776,0.012356566730886698,0.006732212379574776,0.012356566730886698,0.0,0.0,0.0,1,25.9065058540829,16.616358037507922,-1.6745844459029344,7.615563370672043,5.447520496906001,5.0,5.0,0,4.374214747597904,7,10.585919626157528,1.3858781582793043,1.3858781582793043,10.585919626157528,5.0,0,-0.14435314381181508,3.0604626041822387,1,1,3,5.0,5.0,1.0417641695755224,-25.4654541015625,4.760009765625,4.537078857421875,0.4659976643754362,-2.780059814453125,7.089998087502181
1155,SAFE,37,3.7,0.5,32,3.2,0.038976311683654785,0.011165423318743706,0.0,0.038976311683654785,0.011165423318743706,0.006673093885183334,0.007185463327914476,0.006673093885183334,0.007185463327914476,0.0,0.0,0.0,1,23.669228043826894,14.379080227251917,-5.1612731251487505,4.128874691426227,4.847997450139045,4.847997450139045,4.847997450139045,1,4.733703934524654,23,89.83376132032551,76.82293570711387,0.9892261141120198,14.000051727323653,2.0837717206618582,1,-2.0860235055183654,6.15049923926077,1,2,4,4.847997450139045,2.0837717206618582,0.5532551325891344,-23.013916015625,5.531005859375,4.798610687255859,-0.2907779544857476,0.24973636040137492,4.121315077471449
1221,SAFE,57,5.7,3.0,27,2.7,-0.007662510499358177,-0.0560620054602623,0.007662510499358177,0.0,0.0560620054602623,0.0001919073984026909,-0.00023884698748588562,0.0001919073984026909,0.00023884698748588562,0.0,0.0,0.0,9,60.95888920586939,48.228343969710934,48.228343969710934,60.95888920586939,-7.3064490843400725,0.0,5.0,0,-7.901724694211616,9,60.95888920586939,48.228343969710934,48.228343969710934,60.95888920586939,5.0,0,48.228343969710934,0.0,0,0,0,5.0,5.0,5.0,-58.515655517578125,-17.085205078125,-7.061569205950946,-4.007444381714074,-58.515655517578125,-17.085205078125
1221,SAFE,57,5.7,2.0,37,3.7,-0.007095500826835632,-0.05615118518471718,0.007095500826835632,0.0,0.05615118518471718,4.711467772722244e-05,-1.796707510948181e-05,4.711467772722244e-05,1.796707510948181e-05,0.0,0.0,0.0,9,69.90435721649075,57.173811980332296,57.173811980332296,69.90435721649075,-7.664134152653941,0.0,5.0,0,-8.800725889160178,9,69.90435721649075,57.173811980332296,57.173811980332296,69.90435721649075,5.0,0,57.173811980332296,0.0,0,0,0,5.0,5.0,5.0,-66.5126953125,-21.510009765625,-7.857146559050307,-4.305395126342454,-66.5126953125,-21.510009765625
1221,SAFE,57,5.7,1.0,47,4.7,-0.006295954808592796,-0.05618656054139137,0.006295954808592796,0.0,0.05618656054139137,0.00017859041690826416,-6.1765313148498535e-06,0.00017859041690826416,6.1765313148498535e-06,0.0,0.0,0.0,9,78.12367991577311,65.39313467961465,65.39313467961465,78.12367991577311,-9.034432842947933,0.0,5.0,0,-8.28139667469703,9,78.12367991577311,65.39313467961465,65.39313467961465,78.12367991577311,5.0,0,65.39313467961465,0.0,0,0,0,5.0,5.0,5.0,-73.71011352539062,-25.8868408203125,-7.236714408267289,-4.386558532714608,-73.71011352539062,-25.8868408203125
1221,SAFE,57,5.7,0.5,52,5.2,-0.005982275120913982,-0.05618056654930115,0.005982275120913982,0.0,0.05618056654930115,6.448198109865189e-05,-2.4475157260894775e-06,6.448198109865189e-05,2.4475157260894775e-06,0.0,0.0,0.0,9,82.38571151139577,69.6551662752373,69.6551662752373,82.38571151139577,-9.598939430873711,0.0,5.0,0,-8.502693942725259,9,82.38571151139577,69.6551662752373,69.6551662752373,82.38571151139577,5.0,0,69.6551662752373,0.0,0,0,0,5.0,5.0,5.0,-77.60844421386719,-27.6466064453125,-7.732713795499876,-3.6307024955759415,-77.60844421386719,-27.6466064453125
1237,NEW_COLLISION,37,3.7,3.0,7,0.7000000000000001,0.10693666338920593,0.05474499985575676,0.0,0.10693666338920593,0.05474499985575676,-0.019162550568580627,0.0033534541726112366,0.019162550568580627,0.0033534541726112366,0.0,0.0,0.0,2,2.912945639613968,-2.2144907680697226,-2.2144907680697226,2.912945639613968,-0.7596738417459487,0.0,5.0,0,-0.8712912882256845,3,3.168348133998199,-1.9564273207519758,-1.9564273207519758,3.168348133998199,5.0,0,-2.0854590444108494,0.2580634473177468,4,6,6,1.3850460650183667,1.3850460650183667,1.3850460650183667,-1.3885498046875,2.560699462890625,-1.8278236389160156,8.008029794837057e-10,-1.3885498046875,2.560699462890625
1237,NEW_COLLISION,37,3.7,2.0,17,1.7000000000000002,-0.0266246497631073,0.04395648464560509,0.0266246497631073,0.0,0.04395648464560509,-0.05684925429522991,0.0007915683090686798,0.05684925429522991,0.0007915683090686798,0.006849254295229909,0.0,0.006849254295229909,4,7.992053562463195,2.709149893137412,-1.045812614707419,4.237091054618364,3.087980905437792,3.087980905437792,3.087980905437792,1,1.8606671653368416,2,4.242784546801261,-0.8846518608824301,-0.8846518608824301,4.242784546801261,5.0,0,-0.9652322377949245,0.16116075382498884,4,6,7,0.4257694051922293,0.4257694051922293,0.4257694051922293,6.77642822265625,4.237091064453125,-2.1944527626037598,-3.184851493642782e-09,-6.149371678532134e-09,4.237091054618364
1237,NEW_COLLISION,37,3.7,1.0,27,2.7,-0.04164653271436691,0.057508379220962524,0.04164653271436691,0.0,0.057508379220962524,0.03343039005994797,-0.0007232241332530975,0.03343039005994797,0.0007232241332530975,0.0,0.0,0.0,4,6.511974326912318,1.2290706575865347,-1.224950709287473,4.05795296003831,3.54367399533933,3.54367399533933,3.54367399533933,1,1.1240455177498152,1,2.0763402542654625,-0.897086374204882,-0.897086374204882,2.0763402542654625,5.0,0,-1.0610185417461775,0.32786433508259094,2,3,5,3.54367399533933,3.54367399533933,3.0460589334894825,5.093017578125,4.057952880859375,-1.4372138977050781,2.2343741079566826e-08,6.308723410342054e-08,4.0579529600383095
1237,NEW_COLLISION,37,3.7,0.5,32,3.2,0.046735990792512894,0.05390910431742668,0.0,0.046735990792512894,0.05390910431742668,0.002671085298061371,-0.00042679905891418457,0.002671085298061371,0.00042679905891418457,0.0,0.0,0.0,4,5.980506345735379,0.6976026764095957,-1.2776240937719212,4.005279575553862,3.04595208476388,3.04595208476388,3.04595208476388,1,1.0827749290631457,1,2.591657061639859,-0.38176956683048546,-0.38176956683048546,2.591657061639859,5.0,0,-0.8296968303012033,0.8958545269414357,2,2,5,3.04595208476388,3.04595208476388,2.5027504755294676,4.441192626953125,4.005279541015625,-1.4580638408660889,1.1339061245507764e-08,3.1148231549593675e-08,4.005279575553862
1270,SAFE,64,6.4,3.0,34,3.4000000000000004,-0.17975696921348572,-0.0403132289648056,0.17975696921348572,0.0,0.0403132289648056,-0.005461513996124268,0.0014074742794036865,0.005461513996124268,0.0014074742794036865,0.0,0.0,0.0,3,10.108039924780352,4.892403231223761,4.892403231223761,10.108039924780352,-0.48269945229873507,0.0,5.0,0,-2.383613831706604,2,14.532097074246948,9.384436103467237,6.2573683381157075,11.405029308895418,1.274725153902084,1,5.574885784669734,1.3649651068919466,0,0,0,5.0,5.0,5.0,-3.4102783203125,-9.515380859375,-7.065013885498047,-9.429812486416722e-09,-3.4102783203125,-9.515380859375
1270,SAFE,64,6.4,2.0,44,4.4,-0.17594675719738007,-0.03448256850242615,0.17594675719738007,0.0,0.03448256850242615,0.0024545490741729736,0.02463606372475624,0.0024545490741729736,0.02463606372475624,0.0,0.0,0.0,2,11.581069711459433,6.433408740679722,5.970991359203264,11.118652329982975,0.5437324208420135,0.5437324208420135,0.5437324208420135,1,1.6669431330599491,3,13.628841864155532,8.413205170598943,8.413205170598943,13.628841864155532,5.0,0,7.192098264901103,2.4422138113956784,0,0,0,5.0,5.0,5.0,3.2398681640625,-11.11865234375,-5.958570957183838,2.531948339878909e-08,-4.724598134941971e-08,-11.118652329982975
1270,SAFE,64,6.4,1.0,54,5.4,-0.10207418352365494,0.14638037979602814,0.10207418352365494,0.0,0.14638037979602814,0.008945129811763763,0.027480334043502808,0.008945129811763763,0.027480334043502808,0.0,0.0,0.0,2,11.233565206855898,6.085904236076187,6.085904236076187,11.233565206855898,-0.5173575898858113,0.0,5.0,0,-1.1877563848633326,9,16.027291773270875,10.816707300066543,10.816707300066543,16.027291773270875,5.0,0,8.451305768071364,4.730803063990356,0,0,0,5.0,5.0,5.0,-2.627349853515625,-10.9219970703125,-5.078402042388916,5.7628923855190806e-09,-2.627349853515625,-10.9219970703125
1270,SAFE,64,6.4,0.5,59,5.9,-0.019898423925042152,0.17976225912570953,0.019898423925042152,0.0,0.17976225912570953,0.007704652845859528,-0.014923706650733948,0.007704652845859528,0.014923706650733948,0.0,0.0,0.0,2,12.097038976326102,6.949378005546391,6.949378005546391,12.097038976326102,-1.3416842955083634,0.0,5.0,0,-2.6397361032438207,9,16.399936151380228,11.189351678175896,11.189351678175896,16.399936151380228,5.0,0,9.069364841861145,4.239973672629505,0,0,0,5.0,5.0,5.0,-6.5455322265625,-10.1732177734375,-4.878593444824219,8.378647109452686e-09,-6.5455322265625,-10.1732177734375
1294,FIXED_COLLISION,79,7.9,3.0,49,4.9,0.030296266078948975,-0.00888014305382967,0.0,0.030296266078948975,0.00888014305382967,-0.00980934128165245,-0.013076039031147957,0.00980934128165245,0.013076039031147957,0.0,0.0,0.0,17,14.780665888646888,5.484240836379184,-6.368819722993034,2.9276053292746704,4.473318203604223,4.473318203604223,4.473318203604223,1,3.17455514790974,1,3.257430422971017,-6.161403735935139,-6.340744090290233,3.0780900686159227,0.37073773290780293,1,-6.354781906641634,0.028075632702800668,2,3,4,0.37073773290780293,0.37073773290780293,0.37073773290780293,14.32177734375,3.6544189453125,-3.2346010208129883,-0.16331005812929789,-0.14762228404954314,2.923881089451048
1294,FIXED_COLLISION,79,7.9,2.0,59,5.9,-0.0059535992331802845,-0.015972714871168137,0.0059535992331802845,0.0,0.015972714871168137,0.0015714927576482296,0.01578317955136299,0.0015714927576482296,0.01578317955136299,0.0,0.0,0.0,1,3.4558606148518463,-5.96297354405431,-5.96297354405431,3.4558606148518463,-0.45069701881639496,0.0,5.0,0,-0.8344227923095485,10,11.892380757259545,2.691391340938761,-3.8684098438107526,5.332579572510031,3.298902041964704,1,-4.915691693932532,2.0945637002435573,2,2,3,3.298902041964704,3.298902041964704,3.298902041964704,-1.55780029296875,-3.0848388671875,-2.507643699645996,0.33154380825892815,-1.55780029296875,-3.0848388671875
1294,FIXED_COLLISION,79,7.9,1.0,69,6.9,0.02528601884841919,-0.00018849968910217285,0.0,0.02528601884841919,0.00018849968910217285,0.0007432252168655396,0.004411589819937944,0.0007432252168655396,0.004411589819937944,0.0,0.0,0.0,1,4.469551736430983,-4.949282422475173,-4.949282422475173,4.469551736430983,-1.5505493025777712,0.0,5.0,0,-1.2235500842277587,10,9.306383920003242,0.10539450368245795,-3.480112528998828,5.720876887321956,2.301220901287556,1,-4.214697475737001,1.4691698934763453,2,3,3,2.301220901287556,2.301220901287556,2.301220901287556,-3.5389404296875,-2.72998046875,-1.8390169143676758,0.38075397148918455,-3.5389404296875,-2.72998046875
1294,FIXED_COLLISION,79,7.9,0.5,74,7.4,0.05691812187433243,-0.0025513411965221167,0.0,0.05691812187433243,0.0025513411965221167,0.005719613283872604,0.0032558960374444723,0.005719613283872604,0.0032558960374444723,0.0,0.0,0.0,1,5.1458804519969705,-4.272953706909186,-4.272953706909186,5.1458804519969705,-1.9607685971479154,0.0,5.0,0,-1.2826363810983217,10,8.052196052439266,-1.1487933638815182,-3.367504865267187,5.833484551053597,1.6729093172033358,1,-3.8202292860881863,0.9054488416419986,3,3,4,1.6729093172033358,1.6729093172033358,1.6729093172033358,-4.4541015625,-2.5770263671875,-1.7671871185302734,0.4931798298783576,-4.4541015625,-2.5770263671875
1309,SAFE,21,2.1,2.0,1,0.1,0.024892009794712067,0.10187839716672897,0.0,0.024892009794712067,0.10187839716672897,0.0012128613889217377,0.001082003116607666,0.0012128613889217377,0.001082003116607666,0.0,0.0,0.0,2,6.6101765755288024,1.3827710883314879,1.3827710883314879,6.6101765755288024,-22.89471651744359,0.0,5.0,0,-0.007758974099049131,3,9.476222437066351,4.2920939827685505,4.115719837205079,9.29984829150288,5.0,0,2.7492454627682834,2.732948748873591,0,0,1,5.0,5.0,5.0,-1.0836181640625,6.520751953125,-0.04733049497008324,7.324336692704492e-10,-1.0836181640625,6.520751953125
1309,SAFE,21,2.1,1.0,11,1.1,0.028638387098908424,0.12317735701799393,0.0,0.028638387098908424,0.12317735701799393,-0.0010784287005662918,0.00039573758840560913,0.0010784287005662918,0.00039573758840560913,0.0,0.0,0.0,2,6.634377994617536,1.406972507420221,1.406972507420221,6.634377994617536,-5.7734297811534265,0.0,5.0,0,-0.03719514315822501,3,9.406482098811374,4.222353644513573,3.4748347468680567,8.658963201165857,5.0,0,2.440903627144139,2.0678622394478356,0,0,1,5.0,5.0,5.0,-1.193603515625,6.526123046875,-0.2067408412694931,6.790101814146965e-09,-1.193603515625,6.526123046875
1309,SAFE,21,2.1,0.5,16,1.6,0.032047342509031296,0.12560582160949707,0.0,0.032047342509031296,0.12560582160949707,-0.0012883283197879791,0.0015260577201843262,0.0012883283197879791,0.0015260577201843262,0.0,0.0,0.0,2,6.65456423209769,1.4271587449003755,1.4271587449003755,6.65456423209769,-4.232767306367852,0.0,5.0,0,-0.05772660470162188,3,9.299193229470418,4.115064775172618,3.0529456760933904,8.237074130391191,5.0,0,2.240052210496883,1.6257869311930149,0,0,1,5.0,5.0,5.0,-1.275146484375,6.53125,-0.3012559413909912,-8.52424086872361e-09,-1.275146484375,6.53125
1310,FIXED_COLLISION,18,1.8,1.0,8,0.8,-0.038809068500995636,0.0006161256460472941,0.038809068500995636,0.0,0.0006161256460472941,0.006775941699743271,0.00810551771428436,0.006775941699743271,0.00810551771428436,0.0,0.0,0.0,3,7.440294724649908,-1.72946635409453,-4.984955941518366,4.184805137226072,3.644722376626832,3.644722376626832,3.644722376626832,1,1.3955918050521663,2,6.2873243986619896,-2.8429422748497144,-2.8429422748497144,6.2873243986619896,5.0,0,-3.91394910818404,2.1420136666686513,2,2,3,3.644722376626832,3.644722376626832,3.644722376626832,6.285888671875,3.98065185546875,-1.6869726181030273,0.055394878278519855,0.13734182191814526,4.1825508078809905
1310,FIXED_COLLISION,18,1.8,0.5,13,1.3,-0.022179976105690002,-0.004989209584891796,0.022179976105690002,0.0,0.004989209584891796,0.002392960712313652,0.006728138774633408,0.002392960712313652,0.006728138774633408,0.0,0.0,0.0,3,6.827049921454757,-2.3427111572896813,-5.0240499907426335,4.145711088001804,3.4123022685301385,3.4123022685301385,3.4123022685301385,1,1.2629525812061018,2,7.573850926984606,-1.5564157465270982,-1.5564157465270982,7.573850926984606,5.0,0,-3.290232868634866,3.4676342442155352,2,2,2,3.4123022685301385,3.4123022685301385,3.4123022685301385,5.52294921875,4.01318359375,-1.5891284942626953,0.038482080859154166,0.10036245279152123,4.144496085563452
1363,SAFE,11,1.1,1.0,1,0.1,0.06807293742895126,0.08630594611167908,0.0,0.06807293742895126,0.08630594611167908,0.00034830719232559204,0.0009149760007858276,0.00034830719232559204,0.0009149760007858276,0.0,0.0,0.0,1,3.958083755949388,-1.2539017409835442,-2.157790580994746,3.0541949159381865,1.140888810684863,1.140888810684863,1.140888810684863,1,1.4036081797557944,2,4.532374317167614,-0.8003493289921728,-0.8003493289921728,4.532374317167614,5.0,0,-1.4790699549934594,1.3574412520025732,3,3,4,1.140888810684863,1.140888810684863,1.140888810684863,-2.5231399536132812,-3.04962158203125,2.2066988050937653,-0.004004163921719511,-0.005541978330147135,-3.0541898878456877
1363,SAFE,11,1.1,0.5,6,0.6000000000000001,0.0725625529885292,0.09838654100894928,0.0,0.0725625529885292,0.09838654100894928,0.002498142421245575,0.0026436150074005127,0.002498142421245575,0.0026436150074005127,0.0,0.0,0.0,1,3.4250991278727794,-1.786886369060153,-2.1139736799075854,3.098011817025347,0.8875159325505861,0.8875159325505861,0.8875159325505861,1,0.7018901664407701,7,23.896242258395898,18.674795704230604,-1.1690652212087764,4.052381332956518,4.325764573391788,1,-1.641519450558181,0.944908458698809,3,3,5,0.8875159325505861,0.8875159325505861,0.8875159325505861,-1.5153961181640625,-3.071624755859375,1.6455640494823456,-0.029182593240313248,-0.054931806216019785,-3.097524772313296
1400,FIXED_COLLISION,74,7.4,3.0,44,4.4,0.16530008614063263,-0.007469484116882086,0.0,0.16530008614063263,0.007469484116882086,-0.006020992994308472,-0.0016673803329467773,0.006020992994308472,0.0016673803329467773,0.0,0.0,0.0,11,12.105416593621227,2.9737283746790037,-5.670083390083132,3.461604828859091,2.5063067185788905,2.5063067185788905,2.5063067185788905,1,4.435033102825207,40,15.069533046380183,3.6840721561721033,-4.634596550097622,6.750864340110458,5.0,0,-5.152339970090377,1.0354868399855102,3,3,3,2.5063067185788905,2.5063067185788905,2.5063067185788905,-11.454833984375,-3.9150848388671875,4.624716758728027,0.18200387719298305,0.13612469954944473,-3.4589272986510067
1400,FIXED_COLLISION,74,7.4,2.0,54,5.4,0.012880148366093636,-0.3699975311756134,0.0,0.012880148366093636,0.3699975311756134,-0.039771704003214836,-0.3814801471307874,0.039771704003214836,0.3814801471307874,0.0,0.23148014713078738,0.23148014713078738,40,12.348887392461503,0.963426502253423,-5.663839554655146,5.721621335552934,3.493257971550804,3.493257971550804,3.493257971550804,1,2.7761715292329576,38,30.245122816382686,21.058527751980982,-2.2317273541447564,6.954867710256948,5.0,0,-3.9477834543999513,3.4321122005103897,3,3,3,3.493257971550804,3.493257971550804,3.493257971550804,11.319091796875,4.936920166015625,-3.1249465942382812,0.22056823429218753,0.4028471958815878,5.707421908727694
1400,FIXED_COLLISION,74,7.4,1.0,64,6.4,-0.09243942052125931,0.029349902644753456,0.09243942052125931,0.0,0.029349902644753456,0.0014861151576042175,-0.011131683364510536,0.0014861151576042175,0.011131683364510536,0.0,0.0,0.0,16,5.7860117756380625,-3.338226752793373,-7.060607588418747,2.063630940012689,2.0761625906559953,2.0761625906559953,2.0761625906559953,1,2.432372130999178,40,9.380843392850345,-2.004617497357735,-6.638156576815069,4.747304313393011,2.3565551419029696,1,-6.849382082616907,0.4224510116036777,3,3,4,2.0761625906559953,2.0761625906559953,2.0761625906559953,-5.0615234375,-2.803375244140625,2.577718734741211,0.36618358661232264,0.2902397688028069,-2.043118580303881
1400,FIXED_COLLISION,74,7.4,0.5,69,6.9,-0.13218237459659576,-0.005230408627539873,0.13218237459659576,0.0,0.005230408627539873,-0.005679026246070862,0.0028102626092731953,0.005679026246070862,0.0028102626092731953,0.0,0.0,0.0,40,7.999894032542526,-3.3855668576655535,-6.990002986055441,4.3954579041526385,2.002282520888282,2.002282520888282,2.002282520888282,1,2.789244630290536,16,4.518565520666627,-4.605673007764809,-6.673240632438334,2.450997895993101,1.4277952776501337,1,-6.831621809246888,0.3167623536171069,3,3,3,1.4277952776501337,1.4277952776501337,1.4277952776501337,6.47265625,4.701385498046875,-3.334671974182129,-0.15516193642827147,-0.20429915680089739,4.390707464829369
1417,SAFE,18,1.8,1.0,8,0.8,0.471321165561676,0.14552585780620575,0.0,0.471321165561676,0.14552585780620575,0.04596447944641113,0.03197430819272995,0.04596447944641113,0.03197430819272995,0.0,0.0,0.0,3,3.5791007056084196,-1.57650889567681,-2.0996403550243685,3.055969246260861,1.5514336170254959,1.5514336170254959,1.5514336170254959,1,0.6250996095986308,6,10.5100074010018,5.321651403693395,-0.07356755242252966,5.114788444885876,5.0,0,-1.086603953723449,2.026072802601839,2,2,2,1.5514336170254959,1.5514336170254959,1.5514336170254959,1.8630657196044922,-3.05596923828125,-1.2008671760559082,-5.143379055994046e-09,1.3088881534173424e-08,-3.055969246260861
1417,SAFE,18,1.8,0.5,13,1.3,0.36497244238853455,0.06825853139162064,0.0,0.36497244238853455,0.06825853139162064,-0.06118643283843994,-0.03481584042310715,0.06118643283843994,0.03481584042310715,0.011186432838439939,0.0,0.011186432838439939,14,14.13719808336068,8.963996657963245,-2.060146003360428,3.1130554220370072,5.2539652257420695,5.0,5.0,0,2.566289843592001,3,3.2845744319942707,-1.871035169290959,-2.029266827486096,3.126342773799134,0.38327972530076276,1,-2.0447064154232617,0.030879175874332088,2,2,3,0.38327972530076276,0.38327972530076276,0.38327972530076276,13.806325912475586,3.040679931640625,-2.6277916431427,-9.435243697453188e-10,0.667367696762085,3.040679926923003
1473,SAFE,75,7.5,3.0,45,4.5,-0.056595925241708755,0.06302814930677414,0.056595925241708755,0.0,0.06302814930677414,0.0005041696131229401,-0.0006352663040161133,0.0005041696131229401,0.0006352663040161133,0.0,0.0,0.0,7,24.053735485686197,18.525761291823127,-3.3596716531653974,2.1683025406976735,3.730724903409568,3.730724903409568,3.730724903409568,1,6.39507774064506,10,13.762445041939145,7.876234733163713,-1.6086180170137991,4.277592291761633,4.942927800327474,1,-2.484144835089598,1.7510536361515983,2,2,3,3.730724903409568,3.730724903409568,3.730724903409568,-23.87255859375,-2.94671630859375,6.417819436639547,0.20895728468839692,0.07056020410712449,-2.167154162857905
1473,SAFE,75,7.5,2.0,55,5.5,-0.03293231874704361,0.05968821421265602,0.03293231874704361,0.0,0.05968821421265602,0.004272613674402237,-0.0008151605725288391,0.004272613674402237,0.0008151605725288391,0.0,0.0,0.0,7,17.906640537128236,12.378666343265166,-2.1649986937413592,3.3629755001217116,2.8089673651377223,2.8089673651377223,2.8089673651377223,1,6.149965853313045,10,11.644767686048864,5.758557377273432,-1.2368834380388742,4.649326870736558,5.0,0,-1.7009410658901167,0.928115255702485,2,2,3,2.8089673651377223,2.8089673651377223,2.8089673651377223,-17.631103515625,-3.12921142578125,6.260828351601958,-0.08311516045906597,-0.04464099724609838,-3.3626791990589515
1473,SAFE,75,7.5,1.0,65,6.5,-0.02912316471338272,0.05926278233528137,0.02912316471338272,0.0,0.05926278233528137,-0.0044334884732961655,0.0014651045203208923,0.0044334884732961655,0.0014651045203208923,0.0,0.0,0.0,7,13.036462695481346,7.508488501618275,-1.5782418620044694,3.9497323318586015,2.4287148741936244,2.4287148741936244,2.4287148741936244,1,4.874919499252583,10,9.62839167711406,3.7421813683386276,-1.3808614515753153,4.505348857200117,4.7837220324323315,1,-1.4795516567898923,0.1973804104291541,2,2,3,2.4287148741936244,2.4287148741936244,2.4287148741936244,-12.5933837890625,-3.369873046875,5.1098564229905605,-0.2370050251554592,-0.1829994895514968,-3.945490676728698
1473,SAFE,75,7.5,0.5,70,7.0,0.0163362305611372,0.059696514159440994,0.0,0.0163362305611372,0.059696514159440994,0.014966665650717914,-0.0013582408428192139,0.014966665650717914,0.0013582408428192139,0.0,0.0,0.0,7,10.832966357290836,5.304992163427765,-1.494158222839566,4.033815971023505,2.069377109005016,2.069377109005016,2.069377109005016,1,4.509045262238342,8,7.08982681109504,1.2226938207381979,1.2226938207381979,7.08982681109504,5.0,0,-0.13573220105068406,2.716852043577764,1,1,2,2.069377109005016,2.069377109005016,2.069377109005016,-10.2562255859375,-3.487548828125,4.851408327929676,-0.2611583769287861,-0.21683224568353054,-4.027983995166333
1535,SAFE,55,5.5,3.0,25,2.5,-0.2687404155731201,0.11842317879199982,0.2687404155731201,0.0,0.11842317879199982,0.011781424283981323,-0.00447651743888855,0.011781424283981323,0.00447651743888855,0.0,0.0,0.0,2,3.240668320211083,-1.8913245762683184,-1.8913245762683184,3.240668320211083,-24.55737552699931,0.0,5.0,0,-0.0440667410733638,4,4.962637235597486,-0.04733389488069051,-0.3703042889707975,4.639666841507379,5.0,0,-1.130814432619558,1.521020287297521,2,5,7,5.0,5.0,0.7108323031478014,1.8726806640625,-2.644805908203125,0.0762573629617691,-1.0059315602717334e-09,1.8726806640625,-2.644805908203125
1535,SAFE,55,5.5,2.0,35,3.5,-0.24579574167728424,0.08137132227420807,0.24579574167728424,0.0,0.08137132227420807,-0.04745393991470337,-0.010708197951316833,0.04745393991470337,0.010708197951316833,0.0,0.0,0.0,2,3.3212905570848172,-1.810702339394584,-1.810702339394584,3.3212905570848172,-33.175649302522906,0.0,5.0,0,-0.036829286464900086,12,9.32601623804736,6.31374114864666,-0.5125690520578581,2.4997060373428424,5.0,0,-1.161635695726221,1.298133287336726,3,6,7,5.0,4.726631092868055,4.726631092868055,2.01446533203125,-2.640625,0.060721203684806824,-6.126552598573198e-10,2.01446533203125,-2.640625
1535,SAFE,55,5.5,1.0,45,4.5,-0.14500947296619415,0.0744425505399704,0.14500947296619415,0.0,0.0744425505399704,0.0010502338409423828,-0.00826995074748993,0.0010502338409423828,0.00826995074748993,0.0,0.0,0.0,2,3.4212568419576312,-1.71073605452177,-1.71073605452177,3.4212568419576312,-55.57603047495294,0.0,5.0,0,-0.02419166275834158,12,8.08859764336465,5.07632255396395,-0.8359743320771558,2.1763007573235447,5.0,0,-1.273355193299463,0.8747617224446143,3,5,7,5.0,5.0,5.0,2.14471435546875,-2.665557861328125,0.03859063610434532,-1.8406942636772783e-10,2.14471435546875,-2.665557861328125
1535,SAFE,55,5.5,0.5,50,5.0,-0.1300824135541916,0.1068166121840477,0.1300824135541916,0.0,0.1068166121840477,0.01429566740989685,0.010875687003135681,0.01429566740989685,0.010875687003135681,0.0,0.0,0.0,2,3.433020500077841,-1.6989723964015604,-1.6989723964015604,3.433020500077841,-49.69477132488004,0.0,5.0,0,-0.028345064793002278,4,4.710039815572438,-0.29993131490573877,-0.48282537414460514,4.527145756333572,5.0,0,-1.0908988852730828,1.2161470222569553,2,5,6,5.0,5.0,5.0,2.19903564453125,-2.636260986328125,0.04425084590911865,-4.0041547855196313e-10,2.19903564453125,-2.636260986328125
1575,SAFE,61,6.1000000000000005,3.0,31,3.1,-0.06648347526788712,-0.0016821754397824407,0.06648347526788712,0.0,0.0016821754397824407,-0.0008178651332855225,-0.010723319952376187,0.0008178651332855225,0.010723319952376187,0.0,0.0,0.0,2,37.908363293560434,32.822353215369965,-2.61016746096744,2.4758426172230266,4.448368009339658,4.448368009339658,4.448368009339658,1,8.485508131642312,6,10.35257563491434,5.494333654264025,-2.4620242295710133,2.396217751079301,5.0,0,-2.5360958452692266,0.1481432313964266,5,6,6,3.5642597848847246,3.5642597848847246,3.5642597848847246,-36.93170166015625,8.549468994140625,8.39214551448822,-1.3726595842506129,0.3996499762164589,2.443374011846723
1575,SAFE,61,6.1000000000000005,2.0,41,4.1000000000000005,-0.09543076902627945,0.04114985093474388,0.09543076902627945,0.0,0.04114985093474388,-0.002700984477996826,0.004789333790540695,0.002700984477996826,0.004789333790540695,0.0,0.0,0.0,2,31.188466032514768,26.102455954324302,-2.568722372545149,2.5172877056453173,4.150005370959672,4.150005370959672,4.150005370959672,1,7.466325364831305,13,24.66655041240784,19.304701614379105,-2.3370506626615684,3.0247981353671647,5.0,0,-2.4528865176033587,0.23167170988358077,4,5,6,2.770074660647007,2.770074660647007,2.770074660647007,-30.29248046875,7.4219970703125,7.3957090973854065,-1.1895533722258307,0.3997520074547438,2.485344186532113
1575,SAFE,61,6.1000000000000005,1.0,51,5.1000000000000005,-0.03074655495584011,0.055223021656274796,0.03074655495584011,0.0,0.055223021656274796,0.015172360464930534,-0.0015215761959552765,0.015172360464930534,0.0015215761959552765,0.0,0.0,0.0,1,10.100110589513136,4.859205619853482,-2.1240025142503836,3.116902455409271,3.064181714293496,3.064181714293496,3.064181714293496,1,2.982274804159885,2,25.21846609889384,20.132456020703373,-2.116700505546223,2.9693095726442436,3.913145374674827,1,-2.1203515098983035,0.007302008704160645,4,4,4,3.064181714293496,3.064181714293496,3.064181714293496,-9.03326416015625,4.51800537109375,3.10007550381124,-0.46868124626962165,0.465930511551349,3.0818808664420887
1575,SAFE,61,6.1000000000000005,0.5,56,5.6000000000000005,-0.008484010584652424,0.043370846658945084,0.008484010584652424,0.0,0.043370846658945084,0.004758898168802261,-0.006874416023492813,0.004758898168802261,0.006874416023492813,0.0,0.0,0.0,1,8.80208117235903,3.561176202699375,-2.0546690482795085,3.186235921380146,3.2346394271453907,3.2346394271453907,3.2346394271453907,1,2.3646240828805354,2,22.008525406575558,16.922515328385092,-2.0172025703290095,3.068807507861457,3.580853573140532,1,-2.035935809304259,0.037466477950498955,3,3,4,3.2346394271453907,3.2346394271453907,3.2346394271453907,-7.66192626953125,4.332611083984375,2.5103070142213255,-0.3646359740477137,0.4580117729086748,3.153145185774077
1584,FIXED_COLLISION,28,2.8000000000000003,2.0,8,0.8,0.19181160628795624,-0.0305353794246912,0.0,0.19181160628795624,0.0305353794246912,-0.009106040000915527,-0.005071703344583511,0.009106040000915527,0.005071703344583511,0.0,0.0,0.0,1,4.759168131475304,-4.489710707149859,-6.528363053345222,2.7205157852799413,2.5088436234728815,2.5088436234728815,2.5088436234728815,1,1.2770908004664672,7,5.011099422911704,-4.153390947374406,-4.153390947374406,5.011099422911704,5.0,0,-5.340877000359814,2.3749721059708158,3,5,5,2.5088436234728815,0.7186635818581589,0.7186635818581589,3.76251220703125,-2.914306640625,-1.554478645324707,0.078627607947098,-0.13743163011640425,-2.7170422677979973
1584,FIXED_COLLISION,28,2.8000000000000003,1.0,18,1.8,0.1314326822757721,-0.08936650305986404,0.0,0.1314326822757721,0.08936650305986404,-0.01107749342918396,0.025529876351356506,0.01107749342918396,0.025529876351356506,0.0,0.0,0.0,1,3.2801919054243065,-5.968686933200857,-6.693027455466927,2.5558513831582363,0.8182852133290547,0.8182852133290547,0.8182852133290547,1,1.5749157657100508,2,5.489120018828979,-3.666408887627128,-3.666408887627128,5.489120018828979,5.0,0,-5.1797181715470275,3.026618567839799,4,5,5,0.8182852133290547,0.8182852133290547,0.8182852133290547,1.9013671875,-2.67291259765625,-2.508221745491028,0.14851792045303114,-0.15107357858569959,-2.551382579435154
1584,FIXED_COLLISION,28,2.8000000000000003,0.5,23,2.3000000000000003,0.04049607738852501,0.030553657561540604,0.0,0.04049607738852501,0.030553657561540604,-0.01869232952594757,0.017438242211937904,0.01869232952594757,0.017438242211937904,0.0,0.0,0.0,1,2.6214102953290537,-6.62746854329611,-6.919563977392961,2.329314861232202,0.4780724080183421,0.4780724080183421,0.4780724080183421,1,1.153891316977331,2,6.031806882105164,-3.1237220243509434,-3.1237220243509434,6.031806882105164,5.0,0,-5.021643000871952,3.795841953042018,3,4,5,0.4780724080183421,0.4780724080183421,0.4780724080183421,0.94537353515625,-2.44500732421875,-2.5008240938186646,0.27018719211771014,-0.25020146140592736,-2.315838282667322
1610,FIXED_COLLISION,69,6.9,3.0,39,3.9000000000000004,0.07020357251167297,0.046199772506952286,0.0,0.07020357251167297,0.046199772506952286,0.008641060441732407,0.07377256266772747,0.008641060441732407,0.07377256266772747,0.0,0.0,0.0,1,4.026358077571011,-1.4514088944137704,-3.156897585514958,2.3208693864698233,11.764010242662103,5.0,5.0,0,0.3414105035802128,24,73.70468232918917,67.82194035859968,4.547010507417964,10.429752478007458,1.587879424093929,1,0.6950564609515029,7.703908092932922,1,1,1,5.0,5.0,5.0,-1.7733383178710938,-3.61480712890625,0.1350727081298828,0.314017121620509,-1.0979747772216797,-2.044721520803705
1610,FIXED_COLLISION,69,6.9,2.0,49,4.9,0.05841948837041855,-9.804964065551758e-05,0.0,0.05841948837041855,9.804964065551758e-05,0.017520230263471603,-0.00015746057033538818,0.017520230263471603,0.00015746057033538818,0.0,0.0,0.0,1,4.135080299373007,-1.3426866726117748,-1.3426866726117748,4.135080299373007,-9.620139028393744,0.0,5.0,0,-0.4212977228241523,24,28.398255919109175,22.515513948519683,3.921504753674686,9.80424672426418,0.5719890173502274,1,1.2894090405314556,5.264191426286461,1,1,1,5.0,5.0,5.0,-2.0060195922851562,-3.61590576171875,-0.25682640075683594,-0.3393067195156618,-2.0060195922851562,-3.61590576171875
1610,FIXED_COLLISION,69,6.9,1.0,59,5.9,-0.00965349841862917,0.0013228235766291618,0.00965349841862917,0.0,0.0013228235766291618,-0.03896316234022379,0.014902629889547825,0.03896316234022379,0.014902629889547825,0.0,0.0,0.0,14,49.845769623135894,44.1506378612058,7.462763364827042,13.157895126757133,1.104308316539838,1.104308316539838,1.104308316539838,1,41.992305067944514,7,17.73272813793436,11.905424746687245,11.905424746687245,17.73272813793436,5.0,0,9.684094055757143,4.442661381860203,0,0,0,5.0,5.0,5.0,46.849082946777344,17.0224609375,-43.39245796203613,-3.5389655029557616,-1.069569255804467,13.114351900638361
1610,FIXED_COLLISION,69,6.9,0.5,64,6.4,0.039295732975006104,0.014051103964447975,0.0,0.039295732975006104,0.014051103964447975,0.01100686751306057,0.01052309782244265,0.01100686751306057,0.01052309782244265,0.0,0.0,0.0,14,28.757988049457232,23.06285628752714,5.341141749904702,11.036273511834793,0.6078044857876516,0.6078044857876516,0.6078044857876516,1,40.34630682495348,7,17.788322490850742,11.961019099603629,11.961019099603629,17.788322490850742,5.0,0,8.651080424754166,6.6198773496989265,0,0,0,5.0,5.0,5.0,26.337677001953125,11.54766845703125,-43.68355751037598,-0.8447749901653197,-0.21338520801624838,11.03421042852755
1632,SAFE,29,2.9000000000000004,2.0,9,0.9,0.049279239028692245,0.09205959737300873,0.0,0.049279239028692245,0.09205959737300873,0.001038767397403717,0.00318281352519989,0.001038767397403717,0.00318281352519989,0.0,0.0,0.0,15,25.643154268055955,17.943288912314912,4.318975169622745,12.018840525363789,6.968132522686726,5.0,5.0,0,3.1205911036928455,2,18.82744378058543,13.741153240371364,5.736022547053355,10.822313087267421,2.731294509765832,1,5.02749885833805,1.4170473774306096,0,0,0,5.0,5.0,5.0,4.2039794921875,25.29620361328125,0.7918445467948914,-3.2949883938901925,8.163202226161957,8.821261643830287
1632,SAFE,29,2.9000000000000004,1.0,19,1.9000000000000001,0.04889807477593422,0.10288842767477036,0.0,0.04889807477593422,0.10288842767477036,-0.0019954927265644073,0.0019843727350234985,0.0019954927265644073,0.0019843727350234985,0.0,0.0,0.0,2,12.619516427160043,7.533225886945977,1.7156711707986316,6.801961711012698,1.4769788443855922,1.4769788443855922,1.4769788443855922,1,6.0618581427316265,15,23.082797256453848,15.382931900712805,4.137236257961688,11.837101613702732,5.0,0,2.92645371438016,2.4215650871630565,0,0,1,5.0,5.0,1.4769788443855922,12.28192138671875,2.8994140625,-6.7909353375434875,2.3825557156632726,2.251853559576489,6.418398450104628
1632,SAFE,29,2.9000000000000004,0.5,24,2.4000000000000004,0.036721859127283096,0.10701485723257065,0.0,0.036721859127283096,0.10701485723257065,-0.008815951645374298,0.0001325160264968872,0.008815951645374298,0.0001325160264968872,0.0,0.0,0.0,2,9.689059295832168,4.602768755618102,0.29805199103461266,5.384342531248679,1.0798299708542325,1.0798299708542325,1.0798299708542325,1,6.201815861629812,15,22.341447004761353,14.64158164902031,4.576940120305898,12.276805476046942,5.0,0,2.4374960556702554,4.2788881292712855,0,1,1,5.0,1.0798299708542325,1.0798299708542325,9.1373291015625,3.222900390625,-7.2275813817977905,1.846482158108056,1.332770108709198,5.216787165597682
1666,FIXED_COLLISION,32,3.2,3.0,2,0.2,0.2747620642185211,0.033694684505462646,0.0,0.2747620642185211,0.033694684505462646,0.0253010094165802,0.0055321455001831055,0.0253010094165802,0.0055321455001831055,0.0,0.0,0.0,7,10.656902317038732,3.336321008999281,3.336321008999281,10.656902317038732,-1.550448199783384,0.0,5.0,0,-2.7222116863738783,8,14.197553500789885,9.015504264601073,4.255032907361799,9.437082143550612,1.5252322413190729,1,3.79567695818054,0.9187118983625178,0,0,0,5.0,5.0,5.0,6.8299560546875,-8.1805419921875,-0.8358250260353088,-4.244094371543338,6.8299560546875,-8.1805419921875
1666,FIXED_COLLISION,32,3.2,2.0,12,1.2000000000000002,0.10612677782773972,0.026961538940668106,0.0,0.10612677782773972,0.026961538940668106,-0.06748565286397934,-0.0028314385563135147,0.06748565286397934,0.0028314385563135147,0.017485652863979337,0.0,0.017485652863979337,15,18.61474764432436,11.30010582799068,0.8729404383935675,8.187582254727246,1.946127498221887,1.946127498221887,1.946127498221887,1,7.714545919492867,8,9.675840883529403,4.493791647340591,1.1644689511482458,6.346518187337058,1.1659105120181346,1,1.0187046947709066,0.2915285127546783,0,1,2,5.0,1.946127498221887,1.1659105120181346,11.0689697265625,14.9661865234375,-1.5495942831039429,-8.449173947936075,8.053261681126486,-1.476983233900878
1666,FIXED_COLLISION,32,3.2,1.0,22,2.2,0.07872133702039719,0.18828292191028595,0.0,0.07872133702039719,0.18828292191028595,0.012358076870441437,-0.0456712543964386,0.012358076870441437,0.0456712543964386,0.0,0.0,0.0,8,6.212806979314553,1.03075774312574,0.09758873065201978,5.279637966840832,0.6206786059874542,0.6206786059874542,0.6206786059874542,1,2.781109596672875,15,10.85513020303594,3.5404883867022603,0.4705309553761907,7.7851727717098695,0.819248800280195,1,0.28405984301410525,0.37294222472417093,0,2,2,5.0,0.6206786059874542,0.6206786059874542,6.2127685546875,-0.0218505859375,-2.7968616485595703,-4.473884124390956,4.476816365519773,-2.798694747613881
1666,FIXED_COLLISION,32,3.2,0.5,27,2.7,0.0908648669719696,0.10156767815351486,0.0,0.0908648669719696,0.10156767815351486,-0.005705572664737701,0.0021927058696746826,0.005705572664737701,0.0021927058696746826,0.0,0.0,0.0,8,4.957713138102807,-0.22433609808600607,-0.6390312430884357,4.543017993100377,0.42027236379830796,0.42027236379830796,0.42027236379830796,1,1.8909225976489357,15,8.252587202641939,0.9379453863082601,0.520933440672871,7.83557525700655,0.26634836414049595,1,-0.05904890120778239,1.1599646837613067,1,2,2,0.42027236379830796,0.26634836414049595,0.26634836414049595,4.6861572265625,-1.6182861328125,-3.2000457644462585,-3.4735920088009777,3.3412664288759073,-3.0781408572221998
1685,FIXED_COLLISION,21,2.1,2.0,1,0.1,-0.009220531210303307,0.0035677694249898195,0.009220531210303307,0.0,0.0035677694249898195,0.015595996752381325,0.05793717806227505,0.015595996752381325,0.05793717806227505,0.0,0.0,0.0,8,7.418860305087847,-1.7924953480992265,-2.9682609738797776,6.243094679307296,3.532438134001076,3.532438134001076,3.532438134001076,1,0.6129454861739057,2,6.376824916822114,-2.767109021914484,-2.767109021914484,6.376824916822114,5.0,0,-2.867684997897131,0.20115195196529356,3,3,3,3.532438134001076,3.532438134001076,3.532438134001076,-6.1689605712890625,4.12109375,1.0400505065917969,0.4534411843350199,-2.495046500517062,5.722846681071635
1685,FIXED_COLLISION,21,2.1,1.0,11,1.1,-0.0036112130619585514,0.0011372709413990378,0.0036112130619585514,0.0,0.0011372709413990378,0.00815951218828559,-0.0037624893011525273,0.00815951218828559,0.0037624893011525273,0.0,0.0,0.0,10,32.03228626251545,18.18825228749579,-5.027194545891703,8.816839429127956,5.260889728892731,5.0,5.0,0,5.641336600465702,8,6.646113094846733,-2.5652425583403407,-3.9969570999645923,5.214398553222481,3.1389843365582313,1,-4.512075822928148,1.0302374459271109,3,3,3,3.1389843365582313,3.1389843365582313,3.1389843365582313,-24.960433959960938,20.075958251953125,5.391605377197266,-2.297678564316243,1.9975929260253906,8.58756543037191
1685,FIXED_COLLISION,21,2.1,0.5,16,1.6,0.12561754882335663,-0.21986056864261627,0.0,0.12561754882335663,0.21986056864261627,0.11636393889784813,-0.22195054637268186,0.11636393889784813,0.22195054637268186,0.06636393889784813,0.07195054637268186,0.13831448527052997,10,29.318686823884622,15.474652848864963,-4.7407260092711585,9.1033079657485,4.86133574354323,4.86133574354323,4.86133574354323,1,5.449562815733034,8,6.305506067613992,-2.9058495855730815,-4.0684661872292,5.142889465957873,2.6022636625713167,1,-4.404596098250179,0.6722598220419584,2,3,3,2.6022636625713167,2.6022636625713167,2.6022636625713167,-21.978622436523438,19.404266357421875,5.263341903686523,-2.2723364158130153,3.608249690356729,8.357676117875153
1691,SAFE,42,4.2,3.0,12,1.2000000000000002,-0.03868121653795242,-0.01230901014059782,0.03868121653795242,0.0,0.01230901014059782,-0.0019184723496437073,-0.0012151654809713364,0.0019184723496437073,0.0012151654809713364,0.0,0.0,0.0,2,37.14154899672334,28.21644276083734,18.072947389223984,26.998053625109982,13.67439019533406,5.0,5.0,0,2.1435717461866752,1,34.484984131997955,21.334118511912706,21.334118511912706,34.484984131997955,5.0,0,19.703532950568345,3.2611711226887223,0,0,0,5.0,5.0,5.0,-37.140533447265625,0.274658203125,2.1353206634521484,-1.1236748580263338,-26.463930130004883,-5.343716087006669
1691,SAFE,42,4.2,2.0,22,2.2,-0.02173871546983719,-0.0002757832407951355,0.02173871546983719,0.0,0.0002757832407951355,0.00293620303273201,0.004689585417509079,0.00293620303273201,0.004689585417509079,0.0,0.0,0.0,2,34.733173513581114,25.808067277695116,12.966569811040857,21.891676046926857,13.320058690749262,5.0,5.0,0,2.577239551739329,1,37.374389313990676,24.223523693905427,24.223523693905427,37.374389313990676,5.0,0,18.59504675247314,11.25695388286457,0,0,0,5.0,5.0,5.0,-34.690093994140625,-1.7293701171875,2.5879669189453125,-0.1509839523178016,-21.750259399414062,-2.484289878776508
1691,SAFE,42,4.2,1.0,32,3.2,0.057201072573661804,0.006387592758983374,0.0,0.057201072573661804,0.006387592758983374,-0.0006364621222019196,-0.011568295303732157,0.0006364621222019196,0.011568295303732157,0.0,0.0,0.0,2,31.467908547908127,22.542802312022125,6.817152229996575,15.742258465882575,9.146840210574826,5.0,5.0,0,3.2466249291193052,1,40.06156927996793,26.910703659882678,26.910703659882678,40.06156927996793,5.0,0,16.863927944939626,20.093551429886105,0,0,0,5.0,5.0,5.0,-31.45574951171875,-0.87469482421875,3.2674121856689453,-0.702419733195029,-15.118688583374023,-4.386793490193895
1691,SAFE,42,4.2,0.5,37,3.7,-0.030936969444155693,-0.016669724136590958,0.030936969444155693,0.0,0.016669724136590958,-0.012754272669553757,0.00016950443387031555,0.012754272669553757,0.00016950443387031555,0.0,0.0,0.0,2,30.628235435683862,21.703129199797864,12.397669257410803,21.322775493296803,16.43751946943647,5.0,5.0,0,1.8614898106395366,1,41.605585522738956,28.454719902653707,28.454719902653707,41.605585522738956,5.0,0,20.426194580032256,16.057050645242903,0,0,0,5.0,5.0,5.0,-30.542755126953125,-2.28668212890625,1.8606433868408203,0.08089136491344107,-21.239538192749023,-1.8822253043390447
1739,SAFE,22,2.2,2.0,2,0.2,-0.021068502217531204,0.0854877158999443,0.021068502217531204,0.0,0.0854877158999443,0.00034016557037830353,-0.0004673898220062256,0.00034016557037830353,0.0004673898220062256,0.0,0.0,0.0,1,3.009714848995468,-2.2297961387736565,-2.2297961387736565,3.009714848995468,-483.76139802103563,0.0,5.0,0,-0.0013703858141577356,2,3.0673694866866192,-2.0626006464890603,-2.0626006464890603,3.0673694866866192,5.0,0,-2.1461983926313586,0.16719549228459618,2,3,3,5.0,5.0,5.0,1.41253662109375,2.65765380859375,0.002919903490692377,-2.8950036812247504e-11,1.41253662109375,2.65765380859375
1739,SAFE,22,2.2,1.0,12,1.2000000000000002,-0.01889416016638279,0.08705895394086838,0.01889416016638279,0.0,0.08705895394086838,0.00019876845180988312,-0.0003881976008415222,0.00019876845180988312,0.0003881976008415222,0.0,0.0,0.0,1,3.017086254388761,-2.2224247333803633,-2.2224247333803633,3.017086254388761,-655.0977080179828,0.0,5.0,0,-0.001019818873188669,2,3.0648524010269003,-2.0651177321487793,-2.0651177321487793,3.0648524010269003,5.0,0,-2.1437712327645713,0.15730700123158403,2,3,3,5.0,5.0,5.0,1.41973876953125,2.66217041015625,0.0021672167349606752,-4.369999501152577e-11,1.41973876953125,2.66217041015625
1739,SAFE,22,2.2,0.5,17,1.7000000000000002,-0.018710050731897354,0.08809204399585724,0.018710050731897354,0.0,0.08809204399585724,0.0007568094879388809,0.00011641532182693481,0.0007568094879388809,0.00011641532182693481,0.0,0.0,0.0,1,3.020446935367659,-2.2190640524014653,-2.2190640524014653,3.020446935367659,-149.1879865088957,0.0,5.0,0,-0.004431500896638731,2,3.096829871172201,-2.0331402620034784,-2.0331402620034784,3.096829871172201,5.0,0,-2.126102157202472,0.1859237903979869,2,3,3,5.0,5.0,5.0,1.413116455078125,2.66949462890625,0.009472052566707134,-1.612565636577301e-11,1.413116455078125,2.66949462890625
1780,SAFE,34,3.4000000000000004,3.0,4,0.4,0.08651626855134964,0.02324780263006687,0.0,0.08651626855134964,0.02324780263006687,-7.083266973495483e-05,-0.0007617492228746414,7.083266973495483e-05,0.0007617492228746414,0.0,0.0,0.0,2,5.3476938382374914,-3.825037202859173,-4.711173272551401,4.461557768545264,21.15006921242987,5.0,5.0,0,0.18433215422840174,1,4.80333696754595,-4.2656569715998875,-4.2656569715998875,4.80333696754595,5.0,0,-4.488415122075644,0.44551630095151307,2,3,3,5.0,5.0,5.0,4.5660400390625,-2.783721923828125,-0.21588771045207977,-1.6199395158622565e-09,3.486601486802101,-2.783721931927823
1780,SAFE,34,3.4000000000000004,2.0,14,1.4000000000000001,-0.004762777127325535,-0.010137143544852734,0.004762777127325535,0.0,0.010137143544852734,-0.008895001374185085,-0.003032717853784561,0.008895001374185085,0.003032717853784561,0.0,0.0,0.0,2,5.018776311024548,-4.153954730072116,-5.937244604414483,3.2354864366821823,8.070947626511359,5.0,5.0,0,0.42491087543716377,1,5.142955645287814,-3.9260382938580234,-3.9260382938580234,5.142955645287814,5.0,0,-4.931641449136253,2.0112063105564593,2,3,3,5.0,5.0,5.0,4.148681640625,-2.82427978515625,-0.5140265822410583,-3.043592045059995e-09,1.5785487294197083,-2.8242798003742102
1780,SAFE,34,3.4000000000000004,1.0,24,2.4000000000000004,-0.011937900446355343,-0.03661835938692093,0.011937900446355343,0.0,0.03661835938692093,-1.580454409122467e-06,-0.003072742372751236,1.580454409122467e-06,0.003072742372751236,0.0,0.0,0.0,2,4.622764057594966,-4.549966983501698,-6.0193377511475585,3.153393289949106,8.29606469120322,5.0,5.0,0,0.3537802734180479,1,5.542872463425692,-3.526121475720146,-3.526121475720146,5.542872463425692,5.0,0,-4.772729613433852,2.4932162754274128,2,2,3,5.0,5.0,5.0,3.683441162109375,-2.793243408203125,-0.4439986050128937,-1.926277803931953e-09,1.4634481370449066,-2.793243417834514
1780,SAFE,34,3.4000000000000004,0.5,29,2.9000000000000004,-0.005062298383563757,-0.04855846241116524,0.005062298383563757,0.0,0.04855846241116524,0.0009884079918265343,-0.0015322789549827576,0.0009884079918265343,0.0015322789549827576,0.0,0.0,0.0,2,4.45298740327055,-4.719743637826115,-6.062900894691396,3.109830146405269,8.335556005696207,5.0,5.0,0,0.325845218087824,1,5.734842799829357,-3.3341511393164804,-3.3341511393164804,5.734842799829357,5.0,0,-4.698526017003938,2.728749755374915,2,2,3,5.0,5.0,5.0,3.477752685546875,-2.78106689453125,-0.41721904277801514,1.826093054546618e-09,1.3916574716567993,-2.7810668854007847
1799,NEW_COLLISION,57,5.7,3.0,27,2.7,0.0664496049284935,-0.1666233092546463,0.0,0.0664496049284935,0.1666233092546463,0.002080678939819336,-0.13206972926855087,0.002080678939819336,0.13206972926855087,0.0,0.0,0.0,4,25.02332432877909,12.037056874421502,-8.924165252200899,4.062102202156689,5.950807404917905,5.0,5.0,0,4.201479083677101,3,19.52882068537445,6.725884946554002,-4.493594148962517,8.30934158985793,4.2045640236303345,1,-6.708879700581708,4.430571103238382,2,2,2,4.2045640236303345,4.2045640236303345,4.2045640236303345,25.01275634765625,-0.7271728515625,-4.203254222869873,3.786215785339664e-08,3.9964852333068848,-0.7271726622517107
1799,NEW_COLLISION,57,5.7,2.0,37,3.7,0.014272963628172874,-0.13281430304050446,0.0,0.014272963628172874,0.13281430304050446,-0.0056238435208797455,-0.016274750232696533,0.0056238435208797455,0.016274750232696533,0.0,0.0,0.0,4,20.721163794739827,7.734896340382239,-10.336837795825396,2.6494296585321924,4.55983967402041,4.55983967402041,4.55983967402041,1,4.469982807905086,3,16.048454168225113,3.245518429404667,-2.2471799252158906,10.555755813604556,2.682148666793518,1,-6.292008860520643,8.089657870609505,2,2,2,2.682148666793518,2.682148666793518,2.682148666793518,20.55108642578125,2.6494293212890625,-4.5069756507873535,7.39594270271482e-08,4.3477118794044145e-08,2.649429658532192
1799,NEW_COLLISION,57,5.7,1.0,47,4.7,-0.047171495854854584,-0.001580192125402391,0.047171495854854584,0.0,0.001580192125402391,1.862645149230957e-05,-0.031444542459212244,1.862645149230957e-05,0.031444542459212244,0.0,0.0,0.0,4,16.34386396382594,3.357596509468351,-6.212799440354629,6.773468014002959,3.321327416663746,3.321327416663746,3.321327416663746,1,4.075690399169019,3,13.649773394808483,0.8468376559880362,-0.12541498808338147,12.677520750737065,1.1297193355646655,1,-3.169107214219005,6.087384452271247,2,3,5,1.1297193355646655,1.1297193355646655,1.1297193355646655,14.87420654296875,6.773468017578125,-4.478392124176025,-1.076426947577147e-09,-1.6280736758744752e-09,6.773468014002959
1799,NEW_COLLISION,57,5.7,0.5,52,5.2,-0.08409469574689865,-0.103010393679142,0.08409469574689865,0.0,0.103010393679142,-0.008009351789951324,0.038489930331707,0.008009351789951324,0.038489930331707,0.0,0.0,0.0,4,14.437263060464996,1.4509956061074085,-5.335693715707781,7.650573738649807,2.8551200431528256,2.8551200431528256,2.8551200431528256,1,3.6366533940809496,40,28.78736553162933,16.244126504290243,-1.15536573337946,11.387873293959627,5.0,0,-3.2455297245436205,4.180327982328321,3,5,5,2.8551200431528256,0.5558586612834242,0.5558586612834242,12.243499755859375,7.65057373046875,-4.2882609367370605,2.8653985850723984e-09,5.112081424840653e-09,7.650573738649807
1826,SAFE,53,5.300000000000001,3.0,23,2.3000000000000003,0.03856253623962402,0.006054624915122986,0.0,0.03856253623962402,0.006054624915122986,-0.0015826113522052765,0.004271945101208985,0.0015826113522052765,0.004271945101208985,0.0,0.0,0.0,1,5.243857172989993,-4.905270807721808,-4.905270807721808,5.243857172989993,-0.01601198905888776,0.0,5.0,0,-1.2176197870234151,3,9.49577824474685,0.2883604710751406,-0.5560844017791933,8.651333371892516,0.17864023035450272,1,-2.730677604750501,4.349186405942615,2,2,2,0.17864023035450272,0.17864023035450272,0.17864023035450272,0.387054443359375,5.22955322265625,19.967453956604004,-0.2568991011506796,0.387054443359375,5.22955322265625
1826,SAFE,53,5.300000000000001,2.0,33,3.3000000000000003,0.0661744624376297,-0.0006503163021989167,0.0,0.0661744624376297,0.0006503163021989167,-0.0015140175819396973,-0.02578720246674493,0.0015140175819396973,0.02578720246674493,0.0,0.0,0.0,1,21.102668432841604,10.953540452129802,10.953540452129802,21.102668432841604,-1.0145017799496638,0.0,5.0,0,-19.59947331090543,3,20.47620682071346,11.268789047041752,11.268789047041752,20.47620682071346,5.0,0,11.111164749585777,0.31524859491194945,0,0,0,5.0,5.0,5.0,20.6695556640625,4.25347900390625,20.175347328186035,-0.8027024231775286,20.6695556640625,4.25347900390625
1826,SAFE,53,5.300000000000001,1.0,43,4.3,0.05708581209182739,-0.027982432395219803,0.0,0.05708581209182739,0.027982432395219803,0.0010793022811412811,-0.007833560928702354,0.0010793022811412811,0.007833560928702354,0.0,0.0,0.0,1,40.44830761251227,30.299179631800463,30.299179631800463,40.44830761251227,-2.0792162780317427,0.0,5.0,0,-19.155710346691254,3,41.00663295451328,31.79921518084157,31.79921518084157,41.00663295451328,5.0,0,31.049197406321017,1.5000355490411081,0,0,0,5.0,5.0,5.0,40.253173828125,3.96832275390625,19.297670364379883,-0.4980479508987372,40.253173828125,3.96832275390625
1826,SAFE,53,5.300000000000001,0.5,48,4.800000000000001,0.06012424826622009,-0.019649777561426163,0.0,0.06012424826622009,0.019649777561426163,0.0019540078938007355,-0.01059478335082531,0.0019540078938007355,0.01059478335082531,0.0,0.0,0.0,1,50.272385126948286,40.12325714623648,40.12325714623648,50.272385126948286,-2.5754014549953212,0.0,5.0,0,-19.369301582798332,3,51.725517821842814,42.51810004817111,42.51810004817111,51.725517821842814,5.0,0,41.320678597203795,2.3948429019346236,0,0,0,5.0,5.0,5.0,50.065643310546875,4.5545654296875,19.444540977478027,0.05215336092683742,50.065643310546875,4.5545654296875
1868,NEW_COLLISION,64,6.4,3.0,34,3.4000000000000004,-0.09218074381351471,-0.07077927142381668,0.09218074381351471,0.0,0.07077927142381668,0.00342656672000885,-0.00803779810667038,0.00342656672000885,0.00803779810667038,0.0,0.0,0.0,3,23.26402492573963,18.090492634576538,-5.024851163532787,0.14868112763030492,2.5651252707298777,2.5651252707298777,2.5651252707298777,1,9.06898191887395,47,18.588999849612122,15.514028352206497,5.846548028021967,8.921519525427593,1.7753790141634536,1,0.41084843224459,10.871399191554755,1,1,1,2.5651252707298777,2.5651252707298777,2.5651252707298777,23.2635498046875,-0.148681640625,-9.069167137145996,1.9998816469524172e-07,-3.2786324766220787e-09,-0.1486811276303049
1868,NEW_COLLISION,64,6.4,2.0,44,4.4,0.041778940707445145,0.04157312214374542,0.0,0.041778940707445145,0.04157312214374542,2.212822437286377e-06,0.10115917026996613,2.212822437286377e-06,0.10115917026996613,0.0,0.0,0.0,12,12.873272494337304,9.862413988798911,0.6530293595273946,3.663887865065787,1.4016290472730455,1.4016290472730455,1.4016290472730455,1,8.440525725869952,3,14.79715703163733,9.623624740474238,2.1584988715891074,7.3320311627522,1.4878075386515737,1,1.405764115558251,1.5054695120617128,0,1,1,5.0,1.4016290472730455,1.4016290472730455,11.85198974609375,-5.02508544921875,-8.749092251062393,0.9876520643325364,-0.4109920902668165,-3.64076362725108
1868,NEW_COLLISION,64,6.4,1.0,54,5.4,-0.004212875850498676,-0.06400290131568909,0.004212875850498676,0.0,0.06400290131568909,0.013278973288834095,0.039482906460762024,0.013278973288834095,0.039482906460762024,0.0,0.0,0.0,9,4.835308281293809,1.8191401927173603,1.2348121768384104,4.250980265414859,0.26334472304753664,0.26334472304753664,0.26334472304753664,1,4.169600488624246,3,8.427179544381582,3.2536472532184897,2.0797636377349145,7.253295928898007,0.4901245671409817,1,1.6572879072866624,0.8449514608965041,0,0,1,5.0,5.0,0.26334472304753664,1.83563232421875,-4.47332763671875,-8.69944191351533,0.9371830846475859,-0.4553197971640768,-4.226525416847395
1868,NEW_COLLISION,64,6.4,0.5,59,5.9,0.0052871135994791985,0.04985829442739487,0.0,0.0052871135994791985,0.04985829442739487,-0.0021422896534204483,0.007269550114870071,0.0021422896534204483,0.007269550114870071,0.0,0.0,0.0,3,7.700520423310344,2.5269881321472516,2.5269881321472516,7.700520423310344,-0.01688032426868551,0.0,5.0,0,-0.16867074362846404,1,10.70605841990382,5.674582225547258,3.712481175710794,8.743957370067356,0.7042569449244465,1,3.1197346539290227,1.1854930435635422,0,0,0,5.0,5.0,5.0,-0.1480712890625,7.6990966796875,-8.77181625366211,-2.1222921020580543e-07,-0.1480712890625,7.6990966796875
1876,SAFE,24,2.4000000000000004,2.0,4,0.4,0.058559220284223557,0.020568588748574257,0.0,0.058559220284223557,0.020568588748574257,-0.012741070240736008,0.06804080121219158,0.012741070240736008,0.06804080121219158,0.0,0.0,0.0,7,8.679217309570774,2.7232779942590657,2.7232779942590657,8.679217309570774,-0.5782056757571853,0.0,5.0,0,-1.010233131374313,24,11.471560946801736,5.774893105016318,5.606670196360714,11.303338038146132,0.08848749465879936,1,4.16497409530989,2.883392202101648,0,0,0,5.0,5.0,5.0,-8.316925048828125,2.4814453125,0.10717487335205078,3.892650069962997,-8.316925048828125,2.4814453125
1876,SAFE,24,2.4000000000000004,1.0,14,1.4000000000000001,0.18598102033138275,0.03889475762844086,0.0,0.18598102033138275,0.03889475762844086,-0.0006178766489028931,0.014699574559926987,0.0006178766489028931,0.014699574559926987,0.0,0.0,0.0,2,19.167751745982272,13.247762775761622,-0.1417205358833904,5.77826843433726,7.09458194952742,5.0,5.0,0,2.690758490036587,7,9.705745357819982,3.7498060425082738,3.7498060425082738,9.705745357819982,5.0,0,1.8040427533124417,3.891526578391664,1,1,1,5.0,5.0,5.0,-19.1624755859375,-0.44970703125,2.694051742553711,-0.1087596926970491,-5.692216873168945,-0.9935054947352455
1876,SAFE,24,2.4000000000000004,0.5,19,1.9000000000000001,0.16228601336479187,-0.002048683352768421,0.0,0.16228601336479187,0.002048683352768421,-0.011621400713920593,-0.005209611263126135,0.011621400713920593,0.005209611263126135,0.0,0.0,0.0,2,17.999352641669464,12.079363671448814,1.2630701615770459,7.183059131797696,7.788436387004524,5.0,5.0,0,2.228650111581822,7,9.883939248915576,3.927999933603868,3.927999933603868,9.883939248915576,5.0,0,2.595535047590457,2.664929772026822,0,0,1,5.0,5.0,5.0,-17.995223999023438,-0.385498046875,2.237316131591797,-0.38066514877402824,-6.808643341064453,-2.288823790745141
1928,SAFE,29,2.9000000000000004,2.0,9,0.9,0.0282143522053957,0.01652202010154724,0.0,0.0282143522053957,0.01652202010154724,-0.00205332413315773,0.010842574760317802,0.00205332413315773,0.010842574760317802,0.0,0.0,0.0,4,15.021271768633225,5.752250519534668,-0.36320109177413507,8.905820157324422,3.09572410641625,3.09572410641625,3.09572410641625,1,3.1466576830170085,5,36.643715093031474,27.387375029198893,9.243499267409902,18.499839331242484,5.0,0,4.4401490878178835,9.606700359184037,1,1,1,3.09572410641625,3.09572410641625,3.09572410641625,-14.318267822265625,4.54156494140625,3.699819564819336,1.2568811141821499,-2.8646472060639265,8.432522105479247
1928,SAFE,29,2.9000000000000004,1.0,19,1.9000000000000001,0.02297677844762802,0.0074852644465863705,0.0,0.02297677844762802,0.0074852644465863705,-0.0030898302793502808,0.018663216847926378,0.0030898302793502808,0.018663216847926378,0.0,0.0,0.0,4,12.363112664579898,3.0940914154813406,-2.2140675213631837,7.0549537277353735,3.181081779562218,3.181081779562218,3.181081779562218,1,2.62088061458958,5,32.94315300002591,23.686812936193327,5.140625627104356,14.396965690936938,5.0,0,1.4632790528705861,7.35469314846754,1,1,1,3.181081779562218,3.181081779562218,3.181081779562218,-10.994903564453125,5.6531982421875,3.163616180419922,0.42125048477951665,-0.9311817753910923,6.993230483951372
1928,SAFE,29,2.9000000000000004,0.5,24,2.4000000000000004,0.005793655291199684,0.00026794523000717163,0.0,0.005793655291199684,0.00026794523000717163,-0.010217703878879547,0.010874596424400806,0.010217703878879547,0.010874596424400806,0.0,0.0,0.0,4,11.193216649806113,1.9241954007075552,-2.311361138430441,6.957660110668116,2.9343761225606526,2.9343761225606526,2.9343761225606526,1,2.3406549773569103,5,31.02110062673648,21.7647605629039,3.1069083452165565,12.363248409049138,5.0,0,0.3977736033930577,5.418269483646998,1,1,1,2.9343761225606526,2.9343761225606526,2.9343761225606526,-9.517730712890625,5.8907470703125,2.9677772521972656,0.34750200845824963,-0.8091560069643045,6.910448666474258
1972,SAFE,13,1.3,1.0,3,0.30000000000000004,0.0003579556941986084,0.046793196350336075,0.0,0.0003579556941986084,0.046793196350336075,0.002748052589595318,0.005111929029226303,0.002748052589595318,0.005111929029226303,0.0,0.0,0.0,4,17.079522682524004,7.903364547893538,5.094839416127128,14.270997550757594,0.3153247950732051,0.3153247950732051,0.3153247950732051,1,16.34892550178482,5,67.21904041284853,58.03910968646741,8.096863564415195,17.276794290796307,2.5376746961825667,1,6.595851490271161,3.0020241482880667,0,0,0,5.0,5.0,5.0,-10.6712646484375,13.33544921875,29.628739641571883,2.770381212227272,-1.3285883926814979,14.209019106770223
1972,SAFE,13,1.3,0.5,8,0.8,0.005311334505677223,0.058876391500234604,0.0,0.005311334505677223,0.058876391500234604,-0.002454353030771017,0.002775687724351883,0.002454353030771017,0.002775687724351883,0.0,0.0,0.0,1,60.00217287259845,46.84625272827108,-4.447535729562938,8.708384414764428,2.025536877497921,2.025536877497921,2.025536877497921,1,28.9988726664509,4,14.752136056731217,5.575977922100751,5.575977922100751,14.752136056731217,5.0,0,0.5642210962689065,10.02351365166369,1,1,1,2.025536877497921,2.025536877497921,2.025536877497921,-59.838134765625,4.43377685546875,29.233920353464782,2.099315165993456,-0.6237510158450164,8.686017141679166
2021,SAFE,76,7.6000000000000005,3.0,46,4.6000000000000005,0.0011660077143460512,0.0966566875576973,0.0,0.0011660077143460512,0.0966566875576973,-8.539843838661909e-05,1.1548399925231934e-05,8.539843838661909e-05,1.1548399925231934e-05,0.0,0.0,0.0,3,5.150227434164556,-0.025431268069556978,-0.026671885875194867,5.148986816358918,3.733610307620132,3.733610307620132,3.733610307620132,1,0.0006644873351464597,4,5.35475562994008,0.5130571419235626,0.5059316167635632,5.34763010478008,5.0,0,0.2396298654441842,0.5326035026387581,1,4,4,3.733610307620132,3.733610307620132,3.733610307620132,0.113037109375,-5.14898681640625,-0.030275551602244377,1.2677220384560428e-11,-2.156024817012714e-09,-5.148986816358918
2021,SAFE,76,7.6000000000000005,2.0,56,5.6000000000000005,0.0004722698940895498,0.09610290080308914,0.0,0.0004722698940895498,0.09610290080308914,3.1307339668273926e-05,-8.758902549743652e-05,3.1307339668273926e-05,8.758902549743652e-05,0.0,0.0,0.0,3,5.11333065905206,-0.06232804318205254,-0.06292676890928472,5.112731933324828,2.2882786419587706,2.2882786419587706,2.2882786419587706,1,0.0005232672835502856,4,5.349836030624339,0.5081375426078223,0.4999203967465764,5.341618884763093,5.0,0,0.21849681391864584,0.5628471656558611,1,4,4,2.2882786419587706,2.2882786419587706,2.2882786419587706,0.0782470703125,-5.11273193359375,-0.034194737672805786,1.175213260040664e-10,-1.7571564439600174e-08,-5.112731933324828
2021,SAFE,76,7.6000000000000005,1.0,66,6.6000000000000005,0.0005461944965645671,0.09517426043748856,0.0,0.0005461944965645671,0.09517426043748856,9.268516441807151e-05,-0.00012036412954330444,9.268516441807151e-05,0.00012036412954330444,0.0,0.0,0.0,3,5.117741437588548,-0.05791726464556479,-0.05865430803772309,5.11700439419639,2.421127120375633,2.421127120375633,2.421127120375633,1,0.0006087993583233124,4,5.352863964137069,0.511165476120552,0.503290566128122,5.344989054144639,5.0,0,0.22231812904519943,0.561944874165845,1,4,4,2.421127120375633,2.421127120375633,2.421127120375633,0.08685302734375,-5.11700439453125,-0.03587298095226288,1.3830744882703527e-10,-1.9728492145487664e-08,-5.11700439419639
2021,SAFE,76,7.6000000000000005,0.5,71,7.1000000000000005,0.00012399256229400635,0.09486010670661926,0.0,0.00012399256229400635,0.09486010670661926,3.103911876678467e-05,-0.00014712661504745483,3.103911876678467e-05,0.00014712661504745483,0.0,0.0,0.0,3,5.140368144758593,-0.03529055747551979,-0.035857677098240615,5.139801025135872,2.064341721370322,2.064341721370322,2.064341721370322,1,0.0005494132416596231,4,5.347309749964479,0.505611261947962,0.49760281301687925,5.339301301033396,5.0,0,0.23087256795931932,0.5334604901151199,1,4,4,2.064341721370322,2.064341721370322,2.064341721370322,0.07635498046875,-5.139801025390625,-0.03698757663369179,1.2340628519069696e-10,-1.7148562000968148e-08,-5.139801025135872
2066,SAFE,37,3.7,3.0,7,0.7000000000000001,0.004188706632703543,0.11844659596681595,0.0,0.004188706632703543,0.11844659596681595,-0.0009827692992985249,0.0012307316064834595,0.0009827692992985249,0.0012307316064834595,0.0,0.0,0.0,34,7.4931922018675445,1.526528951685,1.4821800595007257,7.44884330968327,136.94111283903055,5.0,5.0,0,0.009007980174366723,9,6.9514802436673575,3.160590236623397,2.2112925926475904,6.002182599691551,2.317963720585139,1,1.846736326074158,0.7291125331468646,0,0,1,5.0,5.0,5.0,3.040283203125,-6.84869384765625,-0.02220139279961586,7.567121373952546e-10,2.9292762391269207,-6.848693843872689
2066,SAFE,37,3.7,2.0,17,1.7000000000000002,0.005642682313919067,0.12149763107299805,0.0,0.005642682313919067,0.12149763107299805,0.001621447503566742,0.00034914910793304443,0.001621447503566742,0.00034914910793304443,0.0,0.0,0.0,34,7.497309309884264,1.530646059701719,1.4348542171086942,7.401517467291239,62.61796932343172,5.0,5.0,0,0.019827586192723425,9,6.150623729294497,2.3597337222505366,1.8851241956454277,5.676014202689388,1.5144809155466188,1,1.659989206377061,0.45026997853673345,0,0,3,5.0,5.0,1.5144809155466188,3.05096435546875,-6.84844970703125,-0.04872346296906471,-3.2684477346833773e-10,2.8073470406234264,-6.848449708665473
2066,SAFE,37,3.7,1.0,27,2.7,0.00709573132917285,0.12085599452257156,0.0,0.00709573132917285,0.12085599452257156,-0.0005085337907075882,-0.0012473911046981812,0.0005085337907075882,0.0012473911046981812,0.0,0.0,0.0,34,7.451872217755245,1.4852089675727003,1.3175265630920547,7.284189813274599,35.11194862549696,5.0,5.0,0,0.03570110987581204,20,5.920953632697074,2.0103441384658427,1.629603840592988,5.5402133348242195,5.0,0,1.4735652018425214,0.3120772775009333,0,0,3,5.0,5.0,0.6191981976924635,3.05633544921875,-6.7962646484375,-0.08704545348882675,5.3490678553203e-10,2.6211081817746162,-6.796264645762966
2066,SAFE,37,3.7,0.5,32,3.2,0.011332979425787926,0.1213352158665657,0.0,0.011332979425787926,0.1213352158665657,0.01634760946035385,-0.0021696090698242188,0.01634760946035385,0.0021696090698242188,0.0,0.0,0.0,34,7.428837084711494,1.46217383452895,1.2893264282437986,7.255989678426343,32.48140686569653,5.0,5.0,0,0.037016357735893145,9,5.631740526595352,1.8408505195513913,1.8408505195513913,5.631740526595352,5.0,0,1.565088473897595,0.5515240913075927,0,0,2,5.0,5.0,5.0,2.9886474609375,-6.8011474609375,-0.09201101958751678,-1.3202408055690285e-09,2.528592362999916,-6.801147467538704
2101,NEW_COLLISION,21,2.1,2.0,1,0.1,-0.06419520825147629,0.014292309992015362,0.06419520825147629,0.0,0.014292309992015362,-0.015251033008098602,0.05801208969205618,0.015251033008098602,0.05801208969205618,0.0,0.0,0.0,6,28.778033770856638,19.800435770174975,-4.2825296520170335,4.69506834866463,1.4545953435130707,1.4545953435130707,1.4545953435130707,1,19.257620042622307,2,7.699566150571243,2.6533208240217983,-2.9603178669679666,2.0859274595814785,2.8891341495921834,1,-3.6214237594925,1.322211785049067,4,4,4,0.03296418206745497,0.03296418206745497,0.03296418206745497,28.3924560546875,4.695068359375,-19.51914405822754,-7.363126997006475e-09,-1.7711023758693045e-09,4.69506834866463
2101,NEW_COLLISION,21,2.1,1.0,11,1.1,-0.06283999234437943,-0.030149171128869057,0.06283999234437943,0.0,0.030149171128869057,0.0016378238797187805,-0.03137716022320092,0.0016378238797187805,0.03137716022320092,0.0,0.0,0.0,6,10.566457089003917,1.5888590883222538,-4.6697366920247,4.307861308656963,0.5063061065844723,0.5063061065844723,0.5063061065844723,1,17.400888233112763,7,25.129947524553888,16.213555759366805,-4.026133025860934,4.890258739326149,1.2934955180328604,1,-4.347934858942817,0.6436036661637665,3,6,6,0.5063061065844723,0.5063061065844723,0.5063061065844723,9.6484375,4.307861328125,-19.056529998779297,-3.845111962164083e-08,-8.69214389354056e-09,4.307861308656963
2101,NEW_COLLISION,21,2.1,0.5,16,1.6,-0.18506211042404175,0.005792947486042976,0.18506211042404175,0.0,0.005792947486042976,-0.0018251091241836548,-0.003950652666389942,0.0018251091241836548,0.003950652666389942,0.0,0.0,0.0,6,4.457991052869732,-4.519606947811931,-4.535947610205352,4.441650390476311,0.02042550140306545,0.02042550140306545,0.02042550140306545,1,1.5970931545631764,7,15.740227683776274,6.823835918589191,-3.7393898178578278,5.177001947329255,0.7961630265345071,1,-4.13766871403159,0.7965577923475244,3,3,7,0.02042550140306545,0.02042550140306545,0.02042550140306545,0.38134765625,4.441650390625,-18.67017364501953,-7.279595592990518e-09,-1.7318220191242517e-09,4.441650390476311
2119,SAFE,57,5.7,3.0,27,2.7,-0.051211170852184296,0.02211030200123787,0.051211170852184296,0.0,0.02211030200123787,-0.004880189895629883,-0.007500002160668373,0.004880189895629883,0.007500002160668373,0.0,0.0,0.0,31,20.478673143194886,14.543331690113266,7.652769764197627,13.588111217279247,11.138435002387144,5.0,5.0,0,1.477995365526396,32,22.134200017376234,16.1909789452328,16.1909789452328,22.134200017376234,5.0,0,11.921874354715214,8.538209181035173,0,0,0,5.0,5.0,5.0,20.31640625,-2.5728759765625,-1.558000087738037,-0.538533040407529,12.526405811309814,-5.265541178600145
2119,SAFE,57,5.7,2.0,37,3.7,-0.10435334593057632,-0.01953643560409546,0.10435334593057632,0.0,0.01953643560409546,-0.005906298756599426,-0.00521234143525362,0.005906298756599426,0.00521234143525362,0.0,0.0,0.0,31,19.541675608431,13.60633415534938,11.133653774346762,17.06899522742838,13.702119242796432,5.0,5.0,0,0.5666324229706016,32,22.6541638318212,16.710942759677767,16.55347766252808,22.496698734671515,2.014219472481545,1,13.843565718437421,5.41982388818132,0,0,0,5.0,5.0,5.0,19.2752685546875,-3.21575927734375,-0.6737513542175293,-0.5951289035220668,15.906511783599854,-6.191403794954084
2119,SAFE,57,5.7,1.0,47,4.7,-0.10507615655660629,-0.06087750568985939,0.10507615655660629,0.0,0.06087750568985939,0.0022019296884536743,-0.002509232610464096,0.0022019296884536743,0.002509232610464096,0.0,0.0,0.0,31,19.051499661296074,13.116158208214454,11.981377056674479,17.916718509756098,70.31853718063662,5.0,5.0,0,0.228314174354596,32,22.392566973703822,16.44934590156039,14.091487116050999,20.034708188194433,5.0,0,13.036432086362739,2.1101100593765203,0,0,0,5.0,5.0,5.0,18.933349609375,-2.11846923828125,-0.23786687850952148,-0.07264177036182673,17.744015216827393,-2.4816780900903836
2119,SAFE,57,5.7,0.5,52,5.2,-0.0916854590177536,-0.0632471889257431,0.0916854590177536,0.0,0.0632471889257431,0.0010588690638542175,-0.0013431049883365631,0.0010588690638542175,0.0013431049883365631,0.0,0.0,0.0,32,21.94782063385935,16.004599561715917,10.461988608372668,16.4052096805161,17.468726125416804,5.0,5.0,0,1.1303139060803002,31,19.11296720741826,13.177625754336642,13.177625754336642,19.11296720741826,5.0,0,11.819807181354655,2.7156371459639743,0,0,0,5.0,5.0,5.0,-21.8516845703125,-2.052001953125,1.1606593132019043,-0.2701919139169604,-16.04838800430298,-3.402961522709802
2139,NEW_COLLISION,11,1.1,1.0,1,0.1,-0.028164364397525787,0.08055081218481064,0.028164364397525787,0.0,0.08055081218481064,-0.008789893239736557,-0.030309148132801056,0.008789893239736557,0.030309148132801056,0.0,0.0,0.0,13,9.16389938355577,-0.08987966796198243,-5.046190860431625,4.207588191086127,1.9274809756425826,1.9274809756425826,1.9274809756425826,1,3.752043625956656,10,3.724380942875428,-2.1864796910739073,-2.9448880659587453,2.96597256799059,5.0,0,-3.9955394631951853,2.1013027944728795,4,4,4,1.9274809756425826,1.9274809756425826,1.9274809756425826,8.140838623046875,-4.207588195800781,-4.2235636711120605,2.4460184988583933e-09,-2.4367672324387968e-09,-4.207588191086127
2139,NEW_COLLISION,11,1.1,0.5,6,0.6000000000000001,-0.04171094670891762,-0.04796320199966431,0.04171094670891762,0.0,0.04796320199966431,8.620321750640869e-05,0.0026707984507083893,8.620321750640869e-05,0.0026707984507083893,0.0,0.0,0.0,13,7.546608223098005,-1.7071708284197467,-5.106688135570701,4.147090915947051,1.5421787466081247,1.5421787466081247,1.5421787466081247,1,3.4157230805333456,41,10.440290964198214,4.4995561637529295,-4.014400473380653,1.9263343270646314,4.28515584618408,1,-4.560544304475677,1.0922876621900475,3,4,5,1.5421787466081247,1.5421787466081247,1.5421787466081247,6.30499267578125,-4.147090911865234,-4.088366985321045,-2.6467859015610884e-09,2.6848034906379326e-09,-4.147090915947051
2174,NEW_COLLISION,18,1.8,1.0,8,0.8,0.024838611483573914,-0.09950121492147446,0.0,0.024838611483573914,0.09950121492147446,-0.08766376972198486,-0.04431524500250816,0.08766376972198486,0.04431524500250816,0.03766376972198486,0.0,0.03766376972198486,5,3.399124295345535,-2.6395793712071853,-2.724888019686982,3.3138156468657387,0.09257281169849454,0.09257281169849454,0.09257281169849454,1,1.8199326777078046,11,6.42659364568025,-2.7226602051688653,-2.7226602051688653,6.42659364568025,5.0,0,-2.7237741124279236,0.002227814518116489,3,3,3,0.09257281169849454,0.09257281169849454,0.09257281169849454,-0.592041015625,3.34716796875,8.16466474533081,-0.40403140363810586,0.163784956425846,3.309765645700731
2174,NEW_COLLISION,18,1.8,0.5,13,1.3,0.16661028563976288,-0.00308420998044312,0.0,0.16661028563976288,0.00308420998044312,0.011830881237983704,0.01075818738900125,0.011830881237983704,0.01075818738900125,0.0,0.0,0.0,11,7.181955624732768,-1.9672982261163474,-1.9672982261163474,7.181955624732768,-2.5029891529184716,0.0,5.0,0,-1.3963945978916175,5,4.7190106415449,-1.3196930250078207,-1.3196930250078207,4.7190106415449,5.0,0,-1.643495625562084,0.6476052011085267,2,2,3,5.0,5.0,2.2036668190770445,-6.086181640625,-3.81298828125,-1.9447579383850098,0.47398677626985375,-6.086181640625,-3.81298828125
2191,SAFE,64,6.4,3.0,34,3.4000000000000004,0.1325683295726776,0.06909430772066116,0.0,0.1325683295726776,0.06909430772066116,0.005831524729728699,-0.0008656159043312073,0.005831524729728699,0.0008656159043312073,0.0,0.0,0.0,11,26.379619291942042,21.166418231581368,12.777144008274925,17.990345068635598,1.0977525842655462,1.0977525842655462,1.0977525842655462,1,12.854064615680487,7,21.479253452138053,16.216388554074438,16.216388554074438,21.479253452138053,5.0,0,14.496766281174683,3.4392445457995127,0,0,0,5.0,5.0,5.0,25.7967529296875,5.5146942138671875,-10.064366698265076,-14.408296584596313,14.74856837767091,-10.302050596737859
2191,SAFE,64,6.4,2.0,44,4.4,0.12942884862422943,0.09435790777206421,0.0,0.12942884862422943,0.09435790777206421,0.006118789315223694,-0.00617574155330658,0.006118789315223694,0.00617574155330658,0.0,0.0,0.0,10,37.032329478907634,31.821251990217434,10.16915500210789,15.38023249079809,1.9844590778031672,1.9844590778031672,1.9844590778031672,1,15.442306686398375,11,16.76604313942938,11.552842079068709,11.46021672372172,16.673417784082393,0.09048594278748769,1,10.814685862914805,1.2910617216138291,0,0,0,5.0,5.0,5.0,32.93670654296875,16.92828369140625,-10.51160717010498,-13.329577444574618,12.076852271953062,-9.523717271760194
2191,SAFE,64,6.4,1.0,54,5.4,0.12590020895004272,0.06790632009506226,0.0,0.12590020895004272,0.06790632009506226,-0.0008817762136459351,-0.0003673657774925232,0.0008817762136459351,0.0003673657774925232,0.0,0.0,0.0,10,19.92240901719814,14.711331528507943,8.629183198985372,13.84026068767557,0.7141159715699271,0.7141159715699271,0.7141159715699271,1,14.433883277717987,11,23.832390538267706,18.619189477907035,18.619189477907035,23.832390538267706,5.0,0,13.624186338446204,9.990006278921664,0,0,0,5.0,5.0,5.0,19.9146728515625,0.555145263671875,-14.039819240570068,-14.337363236288299,9.88861369391665,-9.683394813561097
2191,SAFE,64,6.4,0.5,59,5.9,-0.0067829410545527935,0.17547036707401276,0.0067829410545527935,0.0,0.17547036707401276,-0.009781939443200827,0.006901443004608154,0.009781939443200827,0.006901443004608154,0.0,0.0,0.0,8,38.36678802141331,33.144649627808185,4.970480052309783,10.192618445914913,2.176159181604193,2.176159181604193,2.176159181604193,1,16.38620528945943,10,13.978949817664889,8.76787232897469,8.132846576805592,13.343924065495791,0.19569348852853696,1,6.551663314557688,3.162366524495809,0,0,0,5.0,5.0,5.0,33.6419677734375,18.445281982421875,-12.197405576705933,-11.837245952273339,7.098471635938697,-7.3144494815248216
2253,SAFE,21,2.1,2.0,1,0.1,0.0877394899725914,0.056391701102256775,0.0,0.0877394899725914,0.056391701102256775,0.05296959728002548,-0.020104557275772095,0.05296959728002548,0.020104557275772095,0.0029695972800254794,0.0,0.0029695972800254794,4,33.084036771815114,23.816120749877793,-2.1790396494961692,7.088876372441152,5.940870564772806,5.0,5.0,0,5.4499069432359,15,11.759133981347906,2.520913717868707,2.520913717868707,11.759133981347906,5.0,0,0.17093703418626882,4.699953367364876,1,1,1,5.0,5.0,5.0,-32.6368408203125,5.4212646484375,5.244289398193359,-1.6874076441065284,-6.415393829345703,-3.015773572095142
2253,SAFE,21,2.1,1.0,11,1.1,0.08666480332612991,-0.0004723369493149221,0.0,0.08666480332612991,0.0004723369493149221,-0.0022005215287208557,0.023369403614196926,0.0022005215287208557,0.023369403614196926,0.0,0.0,0.0,4,27.857692762455397,18.589776740518076,-2.052047659147399,7.215868362789922,5.8556490927011415,5.0,5.0,0,4.535041879325606,31,13.911118099597182,4.500197620036493,3.3189017810728725,12.729822260633561,0.12297130811608242,1,0.6334270609627368,5.370949440220271,1,1,1,5.0,5.0,5.0,-27.80389404296875,1.73046875,4.588663101196289,0.7205558178504887,-4.860578536987305,5.333247839252444
2253,SAFE,21,2.1,0.5,16,1.6,0.05500774085521698,-0.005256067495793104,0.0,0.05500774085521698,0.005256067495793104,-0.006992820650339127,0.0026961718685925007,0.006992820650339127,0.0026961718685925007,0.0,0.0,0.0,4,25.634994506177453,16.367078484240132,-1.3182692122554194,7.9496468096819015,5.48986713449577,5.0,5.0,0,4.254328613508089,31,21.28595619751426,11.87503571795357,11.87503571795357,21.28595619751426,5.0,0,5.278383252849076,13.19330493020899,1,1,1,5.0,5.0,5.0,-25.54937744140625,2.0933837890625,4.348649978637695,0.9771782129546409,-3.8061275482177734,6.979274853835705
2301,FIXED_COLLISION,30,3.0,3.0,0,0.0,0.04010554403066635,-0.09349565953016281,0.0,0.04010554403066635,0.09349565953016281,,,,,,,,14,8.84508959360123,3.6619613910380524,-1.2042859262187586,3.978842276344419,1.388798590853017,1.388798590853017,1.388798590853017,1,5.080118886210486,13,22.561349274093903,17.509688588470567,-1.1851478716056048,3.8665128140177303,3.9077199183985387,1,-1.1947168989121817,0.019138054613153876,6,6,6,1.1587892562381261,1.1587892562381261,1.1587892562381261,7.9173583984375,-3.9434814453125,-5.688058853149414,-0.02543281577527523,0.017790278494565825,-3.9788025040226267
2301,FIXED_COLLISION,30,3.0,2.0,10,1.0,0.14555391669273376,0.01953042484819889,0.0,0.14555391669273376,0.01953042484819889,0.0064767152070999146,-0.16551398299634457,0.0064767152070999146,0.16551398299634457,0.0,0.015513982996344572,0.015513982996344572,13,16.498926518390686,11.44726583276735,-1.834009317070843,3.217651368552492,2.5761081576238194,2.5761081576238194,2.5761081576238194,1,6.1610045799750734,14,4.1180465515030065,-1.0650816510601713,-1.6118391398902214,3.5712890626729563,0.32641508039871864,1,-1.7229242284805322,0.2221701771806215,7,7,7,0.023591588269639772,0.023591588269639772,0.023591588269639772,16.18212890625,-3.2176513671875,-6.281618595123291,-5.298659289110219e-10,2.7141311420564307e-10,-3.217651368552492
2301,FIXED_COLLISION,30,3.0,1.0,20,2.0,0.10908564180135727,0.07858961820602417,0.0,0.10908564180135727,0.07858961820602417,-0.01209990680217743,0.0017854049801826477,0.01209990680217743,0.0017854049801826477,0.0,0.0,0.0,12,27.1973263998397,21.966001887706824,-1.730470494685071,3.5008540174478044,3.7832522523615975,3.7832522523615975,3.7832522523615975,1,7.0697624328157405,13,9.996946900673505,4.94528621505017,-1.610742882085852,3.440917803537483,1.316596514769662,1,-1.6706066883854616,0.11972761259921905,6,8,8,0.17509871664537596,0.17509871664537596,0.17509871664537596,26.9710693359375,-3.5008544921875,-7.129069805145264,1.2548454719762958e-07,-6.162137466958484e-08,-3.500854017447804
2301,FIXED_COLLISION,30,3.0,0.5,25,2.5,0.07737144827842712,-0.07333103567361832,0.0,0.07737144827842712,0.07333103567361832,0.003801703453063965,-0.03161804378032684,0.003801703453063965,0.03161804378032684,0.0,0.0,0.0,13,6.761622491566798,1.709961805943463,-1.4922124950316218,3.5594481905917132,0.7776592270465313,0.7776592270465313,0.7776592270465313,1,6.285350062202104,12,23.611788839313114,18.38046432718024,-1.4641128072691325,3.767211704863743,3.153074186108302,1,-1.4781626511503771,0.028099687762489278,7,8,8,0.7673553798859262,0.7673553798859262,0.7673553798859262,5.7489013671875,-3.5594482421875,-7.392571449279785,6.634755322920682e-08,-3.1945673661937235e-08,-3.5594481905917132
2317,SAFE,11,1.1,1.0,1,0.1,0.09096900373697281,-0.04510875791311264,0.0,0.09096900373697281,0.04510875791311264,-0.0013955235481262207,0.003982532769441605,0.0013955235481262207,0.003982532769441605,0.0,0.0,0.0,2,16.22354260463592,6.961593339187033,6.961593339187033,16.22354260463592,-2.3299770356936493,0.0,5.0,0,-3.1044251638548843,3,90.32391552413728,81.10109958783188,9.529177588890187,18.751993525195576,4.25823134312737,1,8.245385464038609,2.5675842497031542,0,0,0,5.0,5.0,5.0,-10.832763671875,-12.0770263671875,-4.649300575256348,3.830089667644643e-08,-10.832763671875,-12.0770263671875
2317,SAFE,11,1.1,0.5,6,0.6000000000000001,0.1616603285074234,-0.009692207910120487,0.0,0.1616603285074234,0.009692207910120487,0.011616408824920654,0.005043972283601761,0.011616408824920654,0.005043972283601761,0.0,0.0,0.0,3,78.79034176025768,69.56752582395228,6.470325885328865,15.693141821634255,3.2321055201118374,3.2321055201118374,3.2321055201118374,1,23.41032640457387,2,17.910256350787694,8.648307085338807,8.648307085338807,17.910256350787694,5.0,0,7.559316485333836,2.177981200009942,0,0,0,5.0,5.0,5.0,77.6590576171875,13.3037109375,-23.877601623535156,0.736968966994823,0.48412960272814587,15.685672403875085
2321,FIXED_COLLISION,36,3.6,1.0,26,2.6,-0.1627611219882965,-0.00599277950823307,0.1627611219882965,0.0,0.00599277950823307,-0.002066686749458313,-0.00022195139899849892,0.002066686749458313,0.00022195139899849892,0.0,0.0,0.0,56,80.27469567551961,74.37367595376489,-3.6599920068562475,2.241027714898481,4.766258272757944,4.766258272757944,4.766258272757944,1,16.829162068321693,56,80.27469567551961,74.37367595376489,-3.6599920068562475,2.241027714898481,4.766258272757944,1,-3.6599920068562475,0.0,1,1,1,4.766258272757944,4.766258272757944,4.766258272757944,80.243408203125,2.24102783203125,-16.835723876953125,-2.4575413704042148e-08,-3.2712819120206404e-09,2.241027714898481
2321,FIXED_COLLISION,36,3.6,0.5,31,3.1,-0.16998550295829773,-0.02173645980656147,0.16998550295829773,0.0,0.02173645980656147,-0.002594470977783203,-0.004590220749378204,0.002594470977783203,0.004590220749378204,0.0,0.0,0.0,56,72.07227945579606,66.17125973404134,-1.8669007950290144,4.034118926725714,4.4034543293494846,4.4034543293494846,4.4034543293494846,1,16.31593548589738,49,63.00782704846852,57.14056329301057,-1.5163113673440591,4.3509523881138925,3.846477476379189,1,-1.6916060811865368,0.35058942768495527,2,2,2,3.846477476379189,3.846477476379189,3.846477476379189,71.95928955078125,4.03411865234375,-16.341554641723633,6.231061888684053e-08,1.53821559933931e-08,4.034118926725714
2365,SAFE,18,1.8,1.0,8,0.8,-0.0911150872707367,0.05660702660679817,0.0911150872707367,0.0,0.05660702660679817,0.0009217187762260437,-0.00023842602968215942,0.0009217187762260437,0.00023842602968215942,0.0,0.0,0.0,3,3.4457916361606475,-9.69232520039919,-9.69232520039919,3.4457916361606475,0.0,0.0,5.0,0,4.9032255983934856e-06,7,9.161621902210427,-0.06498283815361638,-1.2946468310960535,7.93195790926799,5.0,0,-5.493486015747623,8.397678369303136,3,3,5,5.0,5.0,5.0,0.1042633056640625,3.4442138671875,-0.0001620464026927948,-4.106377781212811e-14,0.1042633056640625,3.4442138671875
2365,SAFE,18,1.8,0.5,13,1.3,-0.08644815534353256,0.05562259256839752,0.08644815534353256,0.0,0.05562259256839752,0.0010478943586349487,-0.00013234466314315796,0.0010478943586349487,0.00013234466314315796,0.0,0.0,0.0,3,3.4460413113560615,-9.692075525203776,-9.692075525203776,3.4460413113560615,-2.4591652934781507,0.0,5.0,0,-0.0019571169022398202,7,8.758035981600514,-0.46856875876352966,-2.562648517522196,6.663956222841848,5.0,0,-6.127362021362986,7.12942700768158,3,3,6,5.0,5.0,5.0,0.1287841796875,3.443634033203125,0.05236905813217163,-1.4411725979268653e-10,0.1287841796875,3.443634033203125
2411,SAFE,75,7.5,3.0,45,4.5,-0.14812061190605164,-0.03812842816114426,0.14812061190605164,0.0,0.03812842816114426,-0.00674891471862793,-0.017294563353061676,0.00674891471862793,0.017294563353061676,0.0,0.0,0.0,26,22.601277811836628,17.611446983506838,17.611446983506838,22.601277811836628,-2.7544647694988202,0.0,5.0,0,-3.249589457857574,4,26.46419891050414,21.2365961969672,21.2365961969672,26.46419891050414,5.0,0,19.424021590237018,3.625149213460361,0,0,0,5.0,5.0,5.0,-14.2232666015625,-17.56463623046875,-5.163713455200195,-5.60254562742557e-08,-14.2232666015625,-17.56463623046875
2411,SAFE,75,7.5,2.0,55,5.5,-0.11908674985170364,-0.019333112984895706,0.11908674985170364,0.0,0.019333112984895706,-0.00036272406578063965,0.0030841100960969925,0.00036272406578063965,0.0030841100960969925,0.0,0.0,0.0,26,25.85203846715036,20.86220763882057,20.86220763882057,25.85203846715036,-4.169168260885447,0.0,5.0,0,-3.0962023046769236,4,30.88431931965859,25.65671660612165,25.65671660612165,30.88431931965859,5.0,0,23.25946212247111,4.794508967301077,0,0,0,5.0,5.0,5.0,-18.267822265625,-18.29247283935547,-4.381646633148193,4.6059270175646816e-08,-18.267822265625,-18.29247283935547
2411,SAFE,75,7.5,1.0,65,6.5,-0.09401342272758484,-0.02807166799902916,0.09401342272758484,0.0,0.02807166799902916,0.01051831990480423,0.01301785558462143,0.01051831990480423,0.01301785558462143,0.0,0.0,0.0,26,28.804457345080227,23.814626516750437,23.814626516750437,28.804457345080227,-5.9014751071406,0.0,5.0,0,-2.764224189042091,4,34.731385078806866,29.503782365269924,29.503782365269924,34.731385078806866,5.0,0,26.659204441010182,5.689155848519487,0,0,0,5.0,5.0,5.0,-21.6768798828125,-18.96864891052246,-3.673129081726074,8.07330025054398e-09,-21.6768798828125,-18.96864891052246
2411,SAFE,75,7.5,0.5,70,7.0,-0.07062923163175583,-0.03547326475381851,0.07062923163175583,0.0,0.03547326475381851,-0.002994224429130554,0.00023252889513969421,0.002994224429130554,0.00023252889513969421,0.0,0.0,0.0,26,30.230202083963047,25.240371255633256,25.240371255633256,30.230202083963047,-6.7116633714567,0.0,5.0,0,-2.6179544198494553,4,36.350628373206185,31.123025659669242,31.123025659669242,36.350628373206185,5.0,0,28.18169845765125,5.882654404035986,0,0,0,5.0,5.0,5.0,-23.047119140625,-19.562602519989014,-3.4338908195495605,-1.659268633602551e-08,-23.047119140625,-19.562602519989014
2415,NEW_COLLISION,75,7.5,3.0,45,4.5,0.06624084711074829,0.01417905930429697,0.0,0.06624084711074829,0.01417905930429697,0.009503230452537537,0.013010957976803184,0.009503230452537537,0.013010957976803184,0.0,0.0,0.0,2,12.020301237887304,5.99917071117976,-1.1910608842686683,4.830069642438876,3.141479794752528,3.141479794752528,3.141479794752528,1,3.2085050044093113,3,4.735128901748341,-1.1593516509410637,-1.1593516509410637,4.735128901748341,5.0,0,-1.175206267604866,0.03170923332760456,4,4,4,0.6960863286167303,0.6960863286167303,0.6960863286167303,11.407806396484375,-3.7880859375,-3.488710403442383,-0.32505497497118085,0.4480931543271893,-4.809239573555754
2415,NEW_COLLISION,75,7.5,2.0,55,5.5,0.3918192982673645,0.006971864495426416,0.0,0.3918192982673645,0.006971864495426416,0.009931981563568115,0.035905560944229364,0.009931981563568115,0.035905560944229364,0.0,0.0,0.0,2,8.743177785684754,2.7220472589772093,-2.639497784967205,3.3816327417403396,1.831192561677188,1.831192561677188,1.831192561677188,1,4.060332455417307,7,6.697172812919827,0.7673208862310519,-0.6679037588064114,5.261948167882363,0.09630417777208486,1,-1.6537007718868082,1.9715940261607936,5,6,6,0.09630417777208486,0.09630417777208486,0.09630417777208486,7.854736328125,-3.840087890625,-4.395698547363281,0.2534201005176442,-0.1946341551818609,-3.3760268875776047
2415,NEW_COLLISION,75,7.5,1.0,65,6.5,0.2879278361797333,-0.035879116505384445,0.0,0.2879278361797333,0.035879116505384445,-0.0021980106830596924,0.006459921598434448,0.0021980106830596924,0.006459921598434448,0.0,0.0,0.0,16,71.49131025051477,62.653993850976185,-1.1342482526971969,7.703068146841388,1.7735748515663514,1.7735748515663514,1.7735748515663514,1,39.84118154498938,8,12.392356221900497,6.501433300693187,0.13336823890379357,6.024291160111104,0.2550225151649653,1,-0.5004400068967017,1.2676164916009904,1,2,2,1.7735748515663514,0.2550225151649653,0.2550225151649653,70.99063110351562,8.4461669921875,-40.07229423522949,-0.41922129392912666,-0.08058219665467448,7.702646648033696
2415,NEW_COLLISION,75,7.5,0.5,70,7.0,0.16578920185565948,-0.025986025109887123,0.0,0.16578920185565948,0.025986025109887123,-0.03187203407287598,-0.018296671099960804,0.03187203407287598,0.018296671099960804,0.0,0.0,0.0,4,3.45657755412369,-2.5783977026658573,-2.6391031298539978,3.3958721269355494,0.09159979020075666,0.09159979020075666,0.09159979020075666,1,1.3138100821410073,16,50.33496774956467,41.49765135002608,-1.9562444295261026,6.881071970012482,1.2419042895557166,1,-2.29767377969005,0.6828587003278952,2,2,2,0.09159979020075666,0.09159979020075666,0.09159979020075666,0.43707275390625,-3.4288330078125,-7.028072357177734,0.4285736567391041,-0.20669719952696786,-3.389575750769627
2455,SAFE,55,5.5,3.0,25,2.5,0.04545287415385246,0.0037947671953588724,0.0,0.04545287415385246,0.0037947671953588724,0.004639882594347,-0.00139792007394135,0.004639882594347,0.00139792007394135,0.0,0.0,0.0,6,26.08036276862608,16.78472748452403,-6.7274827582968335,2.568152525805217,5.530812069000079,5.0,5.0,0,4.713156296981661,24,51.77632007198492,39.048372421799264,-2.5006280614015726,10.227319588784082,0.9631493303985339,1,-4.614055409849203,4.226854696895261,3,3,3,0.9631493303985339,0.9631493303985339,0.9631493303985339,-25.58624267578125,5.05267333984375,4.644079208374023,-0.8107170410575009,-2.365846633911133,0.9990881345562457
2455,SAFE,55,5.5,2.0,35,3.5,0.07524451613426208,0.003105190582573414,0.0,0.07524451613426208,0.003105190582573414,0.0016637817025184631,0.002975684590637684,0.0016637817025184631,0.002975684590637684,0.0,0.0,0.0,6,21.339885495599077,12.044250211497026,-4.030309303286402,5.265325980815649,4.2031858314941335,4.2031858314941335,4.2031858314941335,1,4.767987630246146,24,10.695236727729654,-2.032710922456001,-2.032710922456001,10.695236727729654,5.0,0,-3.0315101128712016,1.997598380830401,2,2,3,4.2031858314941335,4.2031858314941335,1.0878782649898304,-20.9593505859375,4.01202392578125,4.911197662353516,0.2959113779430709,-0.3166741558660924,5.255794436929471
2455,SAFE,55,5.5,1.0,45,4.5,0.047819603234529495,0.008931301534175873,0.0,0.047819603234529495,0.008931301534175873,0.002831757068634033,0.015683562494814396,0.002831757068634033,0.015683562494814396,0.0,0.0,0.0,6,16.768325369552464,7.472690085450413,-2.2853910969419804,7.010244187160071,2.9882379667290824,2.9882379667290824,2.9882379667290824,1,4.630685439019225,23,12.235605962469535,3.0376405117423015,2.1893070833317143,11.387272534058948,0.08851267163818617,1,-0.04804200680513304,4.474698180273695,1,1,1,2.9882379667290824,2.9882379667290824,2.9882379667290824,-16.192138671875,4.35791015625,5.025417327880859,0.8544036012828542,-1.1749958140432017,6.911071436513482
2455,SAFE,55,5.5,0.5,50,5.0,0.0028627135325223207,-0.0013445158256217837,0.0,0.0028627135325223207,0.0013445158256217837,-0.015236804960295558,-0.013539836625568569,0.015236804960295558,0.013539836625568569,0.0,0.0,0.0,6,14.525552433149313,5.229917149047262,-2.7685043599579373,6.527130924144114,2.5231548115364664,2.5231548115364664,2.5231548115364664,1,4.594467558956731,39,95.63330817191525,82.83237417478759,2.399980898374519,15.20091489550217,2.038743192076899,1,-0.18426173079170916,5.168485258332456,1,1,1,2.5231548115364664,2.5231548115364664,2.5231548115364664,-13.6075439453125,5.08197021484375,5.112638473510742,0.5575147344405309,-0.7075655812274153,6.488666199549851
2473,FIXED_COLLISION,27,2.7,2.0,7,0.7000000000000001,-0.048824843019247055,0.10514775663614273,0.048824843019247055,0.0,0.10514775663614273,-0.005834642797708511,-0.0548081174492836,0.005834642797708511,0.0548081174492836,0.0,0.0,0.0,8,19.724551673228344,13.856518518108576,-3.892447231108622,1.9755859240111464,2.6501321192375107,2.6501321192375107,2.6501321192375107,1,7.36819095413659,23,26.493348930332868,20.582779440750475,-1.7972424796746997,4.113327009907693,2.0337954545576644,1,-2.8448448553916608,2.095204751433922,3,3,3,0.5365837170993082,0.5365837170993082,0.5365837170993082,19.6253662109375,-1.9755859375,-7.405429363250732,5.089879628883409e-09,-1.357854273464909e-09,-1.9755859240111464
2473,FIXED_COLLISION,27,2.7,1.0,17,1.7000000000000002,0.028306173160672188,-0.1964113861322403,0.0,0.028306173160672188,0.1964113861322403,-0.007035722956061363,-0.02465929090976715,0.007035722956061363,0.02465929090976715,0.0,0.0,0.0,8,12.250702673753288,6.38266951863352,-4.135855347891016,1.7321778072287526,1.6154000334200393,1.6154000334200393,1.6154000334200393,1,7.432080351802401,23,14.399316130777573,8.48874664119518,0.9628972590844835,6.873466748666877,1.0019424225062399,1,-1.5864790444032661,5.098752606975499,1,2,2,1.6154000334200393,1.0019424225062399,1.0019424225062399,12.12762451171875,1.732177734375,-7.507505416870117,4.509951168074622e-08,1.0405635464394436e-08,1.7321778072287526
2473,FIXED_COLLISION,27,2.7,0.5,22,2.2,-0.04022352397441864,0.3354279100894928,0.04022352397441864,0.0,0.3354279100894928,-0.021564951166510582,0.11671300232410431,0.021564951166510582,0.11671300232410431,0.0,0.0,0.0,1,8.616100395096238,2.8321655427386734,-3.0180655726235313,2.765869279734033,1.0778121276486379,1.0778121276486379,1.0778121276486379,1,7.170288512148084,3,9.519581987725541,3.672268011024462,1.649295726220731,7.49660970292181,0.4789066464743186,1,-0.6843849232014001,4.667361298844263,1,1,2,1.0778121276486379,1.0778121276486379,0.4789066464743186,8.16009521484375,2.765869140625,-7.570981025695801,1.2906612312235666e-07,4.7151091919772625e-08,2.7658692797340327
2512,SAFE,61,6.1000000000000005,3.0,31,3.1,-0.020755259320139885,0.13065752387046814,0.020755259320139885,0.0,0.13065752387046814,0.00020976178348064423,-0.0021771788597106934,0.00020976178348064423,0.0021771788597106934,0.0,0.0,0.0,1,3.778482553968956,-1.3798188311922606,-1.3798188311922606,3.778482553968956,-8.602496522241308,0.0,5.0,0,-0.0803019437335771,2,7.29997652535737,2.6654604065358756,1.852945180850445,6.487461299671939,5.0,0,0.23656317482909217,3.2327640120427055,1,1,2,5.0,5.0,5.0,-1.6156005859375,3.4156646728515625,-0.18780601024627686,-1.9759993641343954e-09,-1.6156005859375,3.4156646728515625
2512,SAFE,61,6.1000000000000005,2.0,41,4.1000000000000005,-0.014668439514935017,0.1284562051296234,0.014668439514935017,0.0,0.1284562051296234,0.0007894774898886681,-0.0003463476896286011,0.0007894774898886681,0.0003463476896286011,0.0,0.0,0.0,1,3.8353397184083584,-1.322961666752858,-1.322961666752858,3.8353397184083584,-22.008885243067308,0.0,5.0,0,-0.03485736267092135,2,7.174657973129934,2.5401418543084393,2.199970192505713,6.834486311327208,5.0,0,0.4385042628764275,3.522931859258571,1,1,1,5.0,5.0,5.0,-1.71533203125,3.4303741455078125,-0.07793816179037094,6.282059317186395e-10,-1.71533203125,3.4303741455078125
2512,SAFE,61,6.1000000000000005,1.0,51,5.1000000000000005,-0.007088512182235718,0.12461020797491074,0.007088512182235718,0.0,0.12461020797491074,0.0023436127230525017,-0.0006151720881462097,0.0023436127230525017,0.0006151720881462097,0.0,0.0,0.0,1,3.8592683940519095,-1.299032991109307,-1.303978775225295,3.8543226099359216,799.2419489946703,5.0,5.0,0,0.0009916247706189822,3,10.693400559933925,2.2589609974046336,2.248029603320713,10.682469165850005,5.0,0,0.47202541404770915,3.552008378546008,1,1,1,5.0,5.0,5.0,-1.7489013671875,3.44024658203125,0.002188200131058693,1.885899769682453e-11,-1.7379603665322065,3.440246582125545
2512,SAFE,61,6.1000000000000005,0.5,56,5.6000000000000005,-0.006160053890198469,0.1248125359416008,0.006160053890198469,0.0,0.1248125359416008,-0.00018166052177548409,4.5321881771087646e-05,0.00018166052177548409,4.5321881771087646e-05,0.0,0.0,0.0,1,3.8544928527101283,-1.3038085324510882,-1.3078672609605841,3.8504341242006324,975.2953994626006,5.0,5.0,0,0.0008134033411985779,3,10.76182997420206,2.327390411672768,2.318433176834727,10.752872739364019,5.0,0,0.5052829579370715,3.626300437795311,1,1,1,5.0,5.0,5.0,-1.7486572265625,3.4350128173828125,0.001792951370589435,1.757169063032471e-12,-1.7396924697095528,3.4350128173915984
2534,NEW_COLLISION,55,5.5,3.0,25,2.5,0.01937374845147133,-0.08643130958080292,0.0,0.01937374845147133,0.08643130958080292,-0.002500077709555626,0.01705818623304367,0.002500077709555626,0.01705818623304367,0.0,0.0,0.0,1,3.5918397835084175,-5.549910060600801,-5.574946864747815,3.566802979361403,0.2637964868353824,0.2637964868353824,0.2637964868353824,1,0.189157523101927,10,8.499668984035601,-0.14898619597118845,-4.659275282200254,3.9893798978065353,4.676609293203512,1,-5.117111073474035,0.915671582547561,6,6,6,0.2637964868353824,0.2637964868353824,0.2637964868353824,0.4233551025390625,3.566802978515625,-1.604854941368103,3.206176657499782e-09,7.125753265224688e-09,3.566802979361403
2534,NEW_COLLISION,55,5.5,2.0,35,3.5,-0.036981694400310516,-0.02678634412586689,0.036981694400310516,0.0,0.02678634412586689,-0.008262811228632927,0.001393510028719902,0.008262811228632927,0.001393510028719902,0.0,0.0,0.0,1,3.839795436857156,-5.3019544072520635,-5.3019544072520635,3.839795436857156,-0.9924060165584624,0.0,5.0,0,-0.6300030249654088,10,6.922534673732666,-1.7261205062741238,-4.497226978508111,4.151428201498678,3.548113229083752,1,-4.899590692880087,0.8047274287439521,6,6,6,3.548113229083752,3.548113229083752,3.548113229083752,-1.5494232177734375,3.5133056640625,-1.561279535293579,-5.963048721469022e-09,-1.5494232177734375,3.5133056640625
2534,NEW_COLLISION,55,5.5,1.0,45,4.5,-0.05707744136452675,0.019061364233493805,0.05707744136452675,0.0,0.019061364233493805,-0.0039818063378334045,0.0023906640708446503,0.0039818063378334045,0.0023906640708446503,0.0,0.0,0.0,1,4.494748613005663,-4.647001231103556,-4.647001231103556,4.494748613005663,-2.145422893820077,0.0,5.0,0,-0.7700114674009089,10,6.17546929237181,-2.4731858876349797,-4.370823121345909,4.277832058660881,3.5066182371579413,1,-4.508912176224733,0.2761781097576472,4,5,5,3.5066182371579413,3.5066182371579413,3.5066182371579413,-2.724945068359375,3.574554443359375,-1.2701202630996704,7.816899127988108e-09,-2.724945068359375,3.574554443359375
2534,NEW_COLLISION,55,5.5,0.5,50,5.0,-0.017163952812552452,0.034420277923345566,0.017163952812552452,0.0,0.034420277923345566,0.01332671195268631,0.002860765904188156,0.01332671195268631,0.002860765904188156,0.0,0.0,0.0,10,5.888470543417489,-2.760184636589301,-4.3344766970862185,4.314178482920571,3.5622989191356442,3.5622989191356442,3.5622989191356442,1,0.7657118819059343,1,4.8089127042849675,-4.332837139824251,-4.332837139824251,4.8089127042849675,5.0,0,-4.333656918455235,0.0016395572619671839,3,4,4,3.5622989191356442,3.5622989191356442,3.5622989191356442,4.0077362060546875,4.314178466796875,-1.1250420808792114,4.526205188426502e-09,1.7356556192282824e-08,4.314178482920571
2572,NEW_COLLISION,61,6.1000000000000005,3.0,31,3.1,0.21213074028491974,0.008435234427452087,0.0,0.21213074028491974,0.008435234427452087,-0.021167591214179993,-0.0015642950311303139,0.021167591214179993,0.0015642950311303139,0.0,0.0,0.0,4,7.048442780958978,-2.126402441751991,-7.386581407395577,1.788263815315392,1.6421659177087833,1.6421659177087833,1.6421659177087833,1,4.015880146648734,2,19.937228728657637,7.117816477693395,-3.0240624620561665,9.795349788908075,2.2854104635591996,1,-5.2053219347258715,4.362518945339411,2,2,2,1.6421659177087833,1.6421659177087833,1.6421659177087833,-2.6517333984375,-6.530609130859375,2.486785888671875,3.3245609709658765,1.4319816325786014,-1.0711284129943923
2572,NEW_COLLISION,61,6.1000000000000005,2.0,41,4.1000000000000005,-0.05455682426691055,0.0056235939264297485,0.05455682426691055,0.0,0.0056235939264297485,-0.00027618929743766785,0.003745513502508402,0.00027618929743766785,0.003745513502508402,0.0,0.0,0.0,4,3.991309168362593,-5.183536054348377,-6.450943657205591,2.723901565505378,1.0753082596098698,1.0753082596098698,1.0753082596098698,1,1.9830223210081326,2,13.77347845441563,0.9540662034513883,-5.774354835539135,7.045057415425106,1.6941888448860982,1,-6.112649246372364,0.6765888216664555,2,2,2,1.0753082596098698,1.0753082596098698,1.0753082596098698,-0.826416015625,-3.904815673828125,2.2220001220703125,1.5566826173253503,1.5629190684913459,-2.2309019978270657
2572,NEW_COLLISION,61,6.1000000000000005,1.0,51,5.1000000000000005,-0.08714446425437927,0.013259440660476685,0.08714446425437927,0.0,0.013259440660476685,-0.011183112859725952,0.005779428873211145,0.011183112859725952,0.005779428873211145,0.0,0.0,0.0,2,7.914419081961472,-4.904993169002769,-7.355259336915754,5.464152914048487,0.7589329842857458,0.7589329842857458,0.7589329842857458,1,5.4575855502199815,6,4.461489128906372,-4.7625554690979826,-4.7625554690979826,4.461489128906372,5.0,0,-6.058907403006868,2.5927038678177716,2,2,2,0.7589329842857458,0.7589329842857458,0.7589329842857458,-6.0181884765625,5.139984130859375,7.532623291015625,0.4161739440663723,-0.3014322028116956,5.455832264211636
2572,NEW_COLLISION,61,6.1000000000000005,0.5,56,5.6000000000000005,-0.08698809146881104,-0.007062495220452547,0.08698809146881104,0.0,0.007062495220452547,-0.002588704228401184,-0.033667557407170534,0.002588704228401184,0.033667557407170534,0.0,0.0,0.0,27,5.417092096384967,-7.404499310888439,-7.404499310888439,5.417092096384967,-0.03071277783205625,0.0,5.0,0,-0.6613708209344427,6,6.301932869085754,-2.9221117289186003,-2.9221117289186003,6.301932869085754,5.0,0,-5.16330551990352,4.482387581969839,2,2,2,5.0,5.0,5.0,0.86474609375,5.347625732421875,10.747621536254883,-1.0679986557566394,0.86474609375,5.347625732421875
2611,FIXED_COLLISION,78,7.800000000000001,3.0,48,4.800000000000001,0.12396614253520966,0.07416188716888428,0.0,0.12396614253520966,0.07416188716888428,-2.2977590560913086e-05,0.0012280791997909546,2.2977590560913086e-05,0.0012280791997909546,0.0,0.0,0.0,2,5.599331257103505,0.375536426715791,-1.3289068372586619,3.894887993129052,0.24541191127996004,0.24541191127996004,0.24541191127996004,1,11.776331085442845,1,4.622038154668505,-0.5704674369528231,-0.5704674369528231,4.622038154668505,5.0,0,-0.9496871371057425,0.7584394003058388,2,2,2,0.24541191127996004,0.24541191127996004,0.24541191127996004,4.989501953125,2.5411376953125,-15.668349981307983,4.815828798194083,1.1443022376088816,3.722999445074383
2611,FIXED_COLLISION,78,7.800000000000001,2.0,58,5.800000000000001,0.10337483882904053,0.06181912496685982,0.0,0.10337483882904053,0.06181912496685982,-0.0065859779715538025,-0.008155230432748795,0.0065859779715538025,0.008155230432748795,0.0,0.0,0.0,1,6.850221543075865,1.657715951454536,1.657715951454536,6.850221543075865,-2.2811923125988343,0.0,5.0,0,-2.662070921407576,8,21.129564286585385,15.90126809484653,5.751785815799813,10.980082007538668,1.3273020028415456,1,3.7047508836271748,4.094069864345277,0,0,1,5.0,5.0,5.0,-6.4497528076171875,-2.307861328125,-2.8273603916168213,2.1211945977483992e-08,-6.4497528076171875,-2.307861328125
2611,FIXED_COLLISION,78,7.800000000000001,1.0,68,6.800000000000001,-0.005075135268270969,-0.003739614738151431,0.005075135268270969,0.0,0.003739614738151431,-0.010037039406597614,0.005310752661898732,0.010037039406597614,0.005310752661898732,0.0,0.0,0.0,3,17.581778242474403,12.358451215666069,0.10025269664379088,5.323579723452125,1.224690307770371,1.224690307770371,1.224690307770371,1,13.039911828434676,8,9.480664000182381,4.252367808443527,1.2646673670983724,6.492963558837227,0.47855700731351875,1,0.6824600318710816,1.1644146704545815,0,1,2,5.0,1.224690307770371,0.47855700731351875,16.94434356689453,-4.6912841796875,-11.461729049682617,7.472018713395137,2.9072750894581247,4.459624718086362
2611,FIXED_COLLISION,78,7.800000000000001,0.5,73,7.300000000000001,-0.1798088401556015,-0.117813840508461,0.1798088401556015,0.0,0.117813840508461,-0.05522007495164871,-0.08340154588222504,0.05522007495164871,0.08340154588222504,0.005220074951648709,0.0,0.005220074951648709,3,11.161472048976927,5.938145022168593,-2.165228397626335,3.0580986291819996,0.7727854337645047,0.7727854337645047,0.7727854337645047,1,13.358937970101422,8,5.402995870923722,0.17469967918486784,0.13506052754841935,5.363356719287274,0.04477866067259727,1,-1.0150839350389578,2.3002889251747543,1,2,3,0.7727854337645047,0.04477866067259727,0.04477866067259727,10.931228637695312,-2.25537109375,-12.314333438873291,6.426711088179594,1.4148911296148707,2.71109762220802
2627,SAFE,42,4.2,3.0,12,1.2000000000000002,0.09484551101922989,0.08274873346090317,0.0,0.09484551101922989,0.08274873346090317,-0.03507295995950699,0.009868010878562927,0.03507295995950699,0.009868010878562927,0.0,0.0,0.0,3,15.331386649345882,10.154843784645026,3.3849094621566564,8.561452326857513,2.830185677761374,2.830185677761374,2.830185677761374,1,3.7278278310746695,28,27.386751759136104,18.844945550061862,9.312717062273908,17.85452327134815,5.0,0,6.348813262215282,5.9278076001172515,0,0,0,5.0,5.0,5.0,-15.26220703125,-1.454803466796875,3.949129104614258,-2.1443832232736284,-4.085438399740129,-7.523806152937668
2627,SAFE,42,4.2,2.0,22,2.2,-0.13005803525447845,-0.05029034614562988,0.13005803525447845,0.0,0.05029034614562988,-0.0066460371017456055,-0.08916794508695602,0.0066460371017456055,0.08916794508695602,0.0,0.0,0.0,3,11.489085455346194,6.312542590645338,4.937632041626834,10.11417490632769,0.9140683212335767,0.9140683212335767,0.9140683212335767,1,2.8283270443990305,36,45.61646573240815,40.38785207585102,8.239247682513758,13.467861339070886,5.0,0,6.588439862070296,3.301615640886924,0,0,0,5.0,5.0,5.0,-11.162445068359375,-2.7200927734375,3.990602493286133,-4.4299922891854635,-7.5147617466107945,-6.769408388290946
2627,SAFE,42,4.2,1.0,32,3.2,-0.13834945857524872,-0.07951319217681885,0.13834945857524872,0.0,0.07951319217681885,-0.0014823079109191895,0.015671998262405396,0.0014823079109191895,0.015671998262405396,0.0,0.0,0.0,3,9.275588393387252,4.099045528686396,3.898422902388379,9.074965767089235,0.3158390004845636,0.3158390004845636,0.3158390004845636,1,1.25667180176397,12,18.040457716640287,12.870064735556117,12.870064735556117,18.040457716640287,5.0,0,8.384243818972248,8.971641833167737,0,0,0,5.0,5.0,5.0,-5.149810791015625,-7.71466064453125,5.64112663269043,-2.254715434580568,-3.368122993739828,-8.426787713766295
2627,SAFE,42,4.2,0.5,37,3.7,-0.15204475820064545,-0.06547471135854721,0.15204475820064545,0.0,0.06547471135854721,-0.003432825207710266,-0.01644930988550186,0.003432825207710266,0.01644930988550186,0.0,0.0,0.0,15,15.240019982726928,10.063213029947093,3.68364590284628,8.860452855626114,0.49781235285878006,0.49781235285878006,0.49781235285878006,1,20.265884783212783,3,9.03890808488946,3.862365220188604,3.862365220188604,9.03890808488946,5.0,0,3.773005561517442,0.17871931734232405,0,0,0,5.0,5.0,5.0,13.102325439453125,7.783782958984375,-24.819583892822266,2.099464548006111,0.7468299847913933,8.828922345370891
2664,NEW_COLLISION,29,2.9000000000000004,2.0,9,0.9,-0.12170005589723587,0.0007750389631837606,0.12170005589723587,0.0,0.0007750389631837606,-0.008958235383033752,0.0012002882140222937,0.008958235383033752,0.0012002882140222937,0.0,0.0,0.0,1,5.052121988384998,-3.8075238683453545,-6.47954503188252,2.3801008248478333,1.482983827991876,1.482983827991876,1.482983827991876,1,2.6506254964036353,2,9.42757218219211,0.16683303323603837,-4.678464000378195,4.582275148577876,2.093469232441115,1,-5.579004516130357,1.8010810315043244,2,2,2,1.482983827991876,1.482983827991876,1.482983827991876,3.845458984375,-3.276641845703125,-2.9357051849365234,0.64155607278866,-0.5081443286377638,-2.3252245650075634
2664,NEW_COLLISION,29,2.9000000000000004,1.0,19,1.9000000000000001,-0.21035370230674744,-0.0013468405231833458,0.21035370230674744,0.0,0.0013468405231833458,-0.004347443580627441,0.001113917212933302,0.004347443580627441,0.001113917212933302,0.0,0.0,0.0,1,3.260181574742537,-5.5994642819878155,-6.580550464720356,2.279095392009997,1.2951887622757379,1.2951887622757379,1.2951887622757379,1,1.2870202605628784,2,6.225118275224578,-3.035620873731493,-4.965693763327912,4.29504538562816,0.9679601132390315,1,-5.773122114024134,1.6148567013924442,2,2,2,0.9679601132390315,0.9679601132390315,0.9679601132390315,1.3355712890625,-2.97406005859375,-1.6750679016113281,0.6586104868747498,-0.8339578331532937,-2.121035157276622
2664,NEW_COLLISION,29,2.9000000000000004,0.5,24,2.4000000000000004,-0.2278081178665161,0.004868688527494669,0.2278081178665161,0.0,0.004868688527494669,-0.0034365057945251465,0.01592847378924489,0.0034365057945251465,0.01592847378924489,0.0,0.0,0.0,1,3.2582991384373177,-5.601346718293035,-6.352882906138451,2.506762950591902,1.6506259927293372,1.6506259927293372,1.6506259927293372,1,0.8055903460652991,2,4.759255966994837,-4.501483181961235,-5.054723087699272,4.2060160612568,0.43617650638038263,1,-5.703802996918862,1.2981598184391787,2,2,2,0.43617650638038263,0.43617650638038263,0.43617650638038263,0.8087158203125,-3.156341552734375,-1.1397666931152344,0.539582597724575,-1.0726127089906676,-2.265692491705774
2675,SAFE,22,2.2,2.0,2,0.2,-0.04909859970211983,-0.02071601152420044,0.04909859970211983,0.0,0.02071601152420044,0.006336528807878494,0.020237676799297333,0.006336528807878494,0.020237676799297333,0.0,0.0,0.0,21,69.4353519812895,56.66272335772478,54.43876803379052,67.21139665735524,21.81701062450928,5.0,5.0,0,0.49431073742243675,21,69.4353519812895,56.66272335772478,54.43876803379052,67.21139665735524,5.0,0,54.43876803379052,0.0,0,0,0,5.0,5.0,5.0,69.319091796875,4.01641845703125,-0.5601634979248047,1.1222398614765154,66.51827430725098,9.627617764413827
2675,SAFE,22,2.2,1.0,12,1.2000000000000002,-0.04364361986517906,0.0045368727296590805,0.04364361986517906,0.0,0.0045368727296590805,-4.017353057861328e-05,-0.001895138993859291,4.017353057861328e-05,0.001895138993859291,0.0,0.0,0.0,21,69.18992756101431,56.417298937449594,54.74991623115873,67.52254485472345,29.782948025361677,5.0,5.0,0,0.3596474143169879,21,69.18992756101431,56.417298937449594,54.74991623115873,67.52254485472345,5.0,0,54.74991623115873,0.0,0,0,0,5.0,5.0,5.0,69.1224365234375,3.0552978515625,-0.3964042663574219,0.8236349832554879,67.14041519165039,7.1734727678399395
2675,SAFE,22,2.2,0.5,17,1.7000000000000002,-0.0473647303879261,0.003833367954939604,0.0473647303879261,0.0,0.003833367954939604,-3.547593951225281e-05,-0.0008551953360438347,3.547593951225281e-05,0.0008551953360438347,0.0,0.0,0.0,21,69.3170122292903,56.54438360572558,56.54438360572558,69.3170122292903,-392.6511250976046,0.0,5.0,0,-0.15053422401262204,21,69.3170122292903,56.54438360572558,56.54438360572558,69.3170122292903,5.0,0,56.54438360572558,0.0,0,0,0,5.0,5.0,5.0,69.28924560546875,1.9617919921875,0.15224456787109375,-0.05827764052678219,69.28924560546875,1.9617919921875
2689,FIXED_COLLISION,66,6.6000000000000005,3.0,36,3.6,-0.057608772069215775,0.03092685341835022,0.057608772069215775,0.0,0.03092685341835022,-0.00870257243514061,-0.0010185465216636658,0.00870257243514061,0.0010185465216636658,0.0,0.0,0.0,40,19.49929096449922,10.292322281875869,10.005559831855479,19.21252851447883,0.7706616099063076,0.7706616099063076,0.7706616099063076,1,0.7387258917563586,39,34.33533455935836,25.054688286938767,12.941337659605342,22.221983932024933,5.0,0,11.47344874573041,2.935777827749863,0,0,0,5.0,5.0,5.0,-2.242584228515625,-19.369903564453125,4.3164520263671875,0.24391571456047245,1.0839396392078555,-19.181927087188505
2689,FIXED_COLLISION,66,6.6000000000000005,2.0,46,4.6000000000000005,-0.10626927018165588,-0.17202341556549072,0.10626927018165588,0.0,0.17202341556549072,-0.0067020803689956665,-0.13926756381988525,0.0067020803689956665,0.13926756381988525,0.0,0.0,0.0,23,89.7991843879588,80.49321222175183,-0.12466100250965084,9.181311163697321,1.9597571948131935,1.9597571948131935,1.9597571948131935,1,45.34258762800159,40,21.14604868882204,11.93908000619869,11.93908000619869,21.14604868882204,5.0,0,5.90720950184452,12.063741008708341,1,1,1,1.9597571948131935,1.9597571948131935,1.9597571948131935,88.87548828125,-12.846832275390625,-45.542903900146484,1.8743581800050038,-0.37754530974793,-9.173545346468856
2689,FIXED_COLLISION,66,6.6000000000000005,1.0,56,5.6000000000000005,-0.07248039543628693,0.053965624421834946,0.07248039543628693,0.0,0.053965624421834946,-0.0027720853686332703,0.023744018748402596,0.0027720853686332703,0.023744018748402596,0.0,0.0,0.0,23,45.00115852338209,35.69518635717512,-8.464997188489754,0.8409749777172186,1.01001750444377,1.01001750444377,1.01001750444377,1,44.53927017083955,39,27.359666126262617,18.079019853843025,-1.7981643836837389,7.482481888735853,4.753514919676808,1,-5.131580786086746,6.666832804806015,2,2,2,1.01001750444377,1.01001750444377,1.01001750444377,44.70166015625,5.1832275390625,-44.33873176574707,-4.303079144037696,-0.08123505199156966,0.8370422805775126
2689,FIXED_COLLISION,66,6.6000000000000005,0.5,61,6.1000000000000005,-0.11772847920656204,0.029507774859666824,0.11772847920656204,0.0,0.029507774859666824,0.0017780065536499023,-0.010260716080665588,0.0017780065536499023,0.010260716080665588,0.0,0.0,0.0,23,22.50260216648388,13.196630000276906,-7.208540371505349,2.097431794701623,0.49936415611697177,0.49936415611697177,0.49936415611697177,1,44.67101534651767,39,25.088869641287452,15.80822336886786,2.49196283263152,11.772609105051112,5.0,0,-2.3582887694369146,9.700503204136869,1,1,1,0.49936415611697177,0.49936415611697177,0.49936415611697177,22.418243408203125,-1.9466552734375,-44.86532020568848,-0.3018419596591002,0.014110644771776037,-2.0973843289033596
2735,SAFE,34,3.4000000000000004,3.0,4,0.4,-0.024515913799405098,0.035156503319740295,0.024515913799405098,0.0,0.035156503319740295,-0.005004674196243286,-0.0011399835348129272,0.005004674196243286,0.0011399835348129272,0.0,0.0,0.0,9,10.834297576580347,1.5059625194517317,-5.068942064726828,4.2593929924017875,3.2941956445276177,3.2941956445276177,3.2941956445276177,1,2.7805758636689233,10,4.752355894806629,-4.3998683067657955,-4.513054815249315,4.63916938632311,0.3514795300644858,1,-4.790998439988071,0.5558872494775136,5,5,6,0.3514795300644858,0.3514795300644858,0.3514795300644858,-10.3062744140625,3.341064453125,3.011687704361975,0.27347379919948134,-0.38518589567590134,4.241940651340352
2735,SAFE,34,3.4000000000000004,2.0,14,1.4000000000000001,-0.04091016203165054,0.02356579527258873,0.04091016203165054,0.0,0.02356579527258873,-0.0010861679911613464,-0.0017548240721225739,0.0010861679911613464,0.0017548240721225739,0.0,0.0,0.0,9,8.137333012111242,-1.191002045017374,-5.332734728392854,3.995600328735762,2.3574187867411434,2.3574187867411434,2.3574187867411434,1,2.6195642031759196,10,4.955767686548503,-4.196456515023922,-4.196456515023922,4.955767686548503,5.0,0,-4.764595621708388,1.1362782133689322,4,4,5,2.3574187867411434,2.3574187867411434,2.3574187867411434,-7.324951171875,3.544189453125,3.001133187673986,0.18816369750471812,-0.2500234137400117,3.9877700886053002
2735,SAFE,34,3.4000000000000004,1.0,24,2.4000000000000004,-0.044961072504520416,0.007722655776888132,0.044961072504520416,0.0,0.007722655776888132,0.00044681131839752197,-0.0013060695491731167,0.00044681131839752197,0.0013060695491731167,0.0,0.0,0.0,9,5.900673828854316,-3.4276612282742995,-5.327717005352486,4.000618051776129,1.5963347911479535,1.5963347911479535,1.5963347911479535,1,1.9972509002582197,10,6.933497475237757,-2.218726726334668,-2.218726726334668,6.933497475237757,5.0,0,-3.773221865843577,3.108990279017818,5,5,6,1.5963347911479535,1.5963347911479535,1.5963347911479535,-4.593505859375,3.7037353515625,2.7110985163599253,0.18044507503778395,-0.26568497548005165,3.9917861027366177
2735,SAFE,34,3.4000000000000004,0.5,29,2.9000000000000004,-0.028126252815127373,0.022688306868076324,0.028126252815127373,0.0,0.022688306868076324,0.01464902050793171,0.015871336217969656,0.01464902050793171,0.015871336217969656,0.0,0.0,0.0,9,5.053631280096191,-4.274703777032425,-5.4188819404326765,3.9094531166959396,1.2999695395849646,1.2999695395849646,1.2999695395849646,1,1.5610413696172858,24,9.516833225521065,0.4309623088846237,-1.2398040880746253,7.846066828561816,1.3559390678938328,1,-3.329343014253651,4.179077852358051,2,4,6,1.2999695395849646,1.2999695395849646,1.2999695395849646,-3.388671875,3.7491455078125,2.4605294913053513,0.11976051311872454,-0.19005848505255507,3.9048305269119075
2795,SAFE,53,5.300000000000001,3.0,23,2.3000000000000003,-0.03090718947350979,0.016918949782848358,0.03090718947350979,0.0,0.016918949782848358,0.00998128391802311,-0.005279622972011566,0.00998128391802311,0.005279622972011566,0.0,0.0,0.0,10,35.596761329224776,26.377830789474874,0.13305166997111684,9.351982209721019,0.5917503685204474,0.5917503685204474,0.5917503685204474,1,56.00302094271105,19,12.972412512920931,3.718281774566867,3.7057832727794953,12.95991401113356,0.012951851923508683,1,1.919417471375306,3.5727316028083784,0,1,1,5.0,0.5917503685204474,0.5917503685204474,34.450286865234375,8.96142578125,-58.038169860839844,0.6589833772017073,0.10617846183007629,9.35137943755796
2795,SAFE,53,5.300000000000001,2.0,33,3.3000000000000003,0.023937106132507324,0.009925738908350468,0.0,0.023937106132507324,0.009925738908350468,0.005702022463083267,0.0019377842545509338,0.005702022463083267,0.0019377842545509338,0.0,0.0,0.0,12,43.20806631696872,34.01043962991061,0.14515715320284173,9.342783840260955,0.7520130964387767,0.7520130964387767,0.7520130964387767,1,54.770185776689225,4,41.13834745920269,31.861403272639578,1.7203653736518039,10.997309560214916,5.0,0,0.9327612634273228,1.5752082204489621,0,1,2,5.0,0.7520130964387767,0.7520130964387767,42.2681884765625,8.963104248046875,-56.095014572143555,0.5043820950742202,0.0840028733865239,9.342406189151916
2795,SAFE,53,5.300000000000001,1.0,43,4.3,0.08449524641036987,-0.012009518221020699,0.0,0.08449524641036987,0.012009518221020699,-0.009903401136398315,-0.0007979525253176689,0.009903401136398315,0.0007979525253176689,0.0,0.0,0.0,4,35.20630229817535,25.92935811161224,-0.98044846106135,8.296495725501762,6.107849743308119,5.0,5.0,0,5.629207476013221,24,87.66963554262011,78.42473983306957,3.114012999464716,12.358908709015271,1.722216182655892,1,1.066782269201683,4.094461460526066,1,1,1,5.0,5.0,5.0,-35.144561767578125,2.0841064453125,5.670921325683594,0.5366639081264566,-6.789955139160156,4.767425985944783
2795,SAFE,53,5.300000000000001,0.5,48,4.800000000000001,0.0927450880408287,0.002144664991647005,0.0,0.0927450880408287,0.002144664991647005,0.011282198131084442,0.012850709725171328,0.011282198131084442,0.012850709725171328,0.0,0.0,0.0,4,32.41820263128976,23.141258444726645,-0.9770751940802125,8.2998689924829,5.684130443746573,5.0,5.0,0,5.407776732871564,16,31.027484054859332,21.76544280791078,3.520271304374347,12.782312551322901,0.5657405229633551,1,1.2715980551470674,4.49734649845456,1,1,1,5.0,5.0,5.0,-32.354217529296875,2.035797119140625,5.47648811340332,0.9220397204646815,-4.971776962280273,6.645995721464033
2832,SAFE,24,2.4000000000000004,2.0,4,0.4,-0.009623035788536072,0.06118849292397499,0.009623035788536072,0.0,0.06118849292397499,0.0006738677620887756,0.0010758861899375916,0.0006738677620887756,0.0010758861899375916,0.0,0.0,0.0,2,15.947242442579642,1.9104178689930063,-6.370634013010388,7.666190560576247,1.4252386342572638,1.4252386342572638,1.4252386342572638,1,8.603426510495574,3,24.0549837625688,14.031305790611693,14.003679181764092,24.027357153721198,5.0,0,3.8165225843768518,20.37431319477448,1,1,1,1.4252386342572638,1.4252386342572638,1.4252386342572638,13.62847900390625,8.28125,-9.801753174047917,-0.43688344945586455,-0.3413583032006038,7.6585868291679216
2832,SAFE,24,2.4000000000000004,1.0,14,1.4000000000000001,0.010021126829087734,0.06467625498771667,0.0,0.010021126829087734,0.06467625498771667,0.004004401154816151,-0.0009415000677108765,0.004004401154816151,0.0009415000677108765,0.0,0.0,0.0,2,8.95383417044587,-5.082990403140766,-6.436069305841751,7.600755267744884,0.5469085816938619,0.5469085816938619,0.5469085816938619,1,4.574227412633143,1,84.97675716822903,71.96527007410728,12.955832105032234,25.967319199153987,5.0,0,3.259881399595242,19.391901410873984,1,1,1,0.5469085816938619,0.5469085816938619,0.5469085816938619,4.34710693359375,7.8277587890625,-8.64297263044864,-0.4324286878474377,-0.3798089693437827,7.59125982870812
2832,SAFE,24,2.4000000000000004,0.5,19,1.9000000000000001,0.024724293500185013,0.061724189668893814,0.0,0.024724293500185013,0.061724189668893814,0.0003493521362543106,2.0634382963180542e-05,0.0003493521362543106,2.0634382963180542e-05,0.0,0.0,0.0,2,7.553453702929774,-6.483370870656861,-6.483370870656861,7.553453702929774,-0.07276700419136649,0.0,5.0,0,-0.9622269925257632,1,79.23360638566791,66.22211929154616,9.008096705123512,22.019583799245265,5.0,0,1.2623629172333253,15.491467575780373,1,1,1,5.0,5.0,5.0,-1.19622802734375,7.4581298828125,-9.974532537162304,-0.625314712150643,-1.19622802734375,7.4581298828125
2879,SAFE,29,2.9000000000000004,2.0,9,0.9,-0.0314520001411438,0.02810530737042427,0.0314520001411438,0.0,0.02810530737042427,-0.006111392751336098,0.01504575740545988,0.006111392751336098,0.01504575740545988,0.0,0.0,0.0,1,79.61614636562665,70.34279531009042,20.55942630099616,29.83277735653239,7.919590017239473,5.0,5.0,0,10.000711324670087,2,46.85296120097533,37.60488118730257,33.83926521386469,43.087345227537455,5.0,0,27.19934575743043,13.27983891286853,0,0,0,5.0,5.0,5.0,79.4085693359375,-5.74542236328125,-10.026853561401367,5.8042957107318216e-08,29.274301528930664,-5.7454220730664645
2879,SAFE,29,2.9000000000000004,1.0,19,1.9000000000000001,-0.032235682010650635,-0.009128919802606106,0.032235682010650635,0.0,0.009128919802606106,-0.0010971296578645706,-0.004795719403773546,0.0010971296578645706,0.004795719403773546,0.0,0.0,0.0,1,69.88160808766348,60.608257032127256,12.718748726204119,21.992099781740347,7.043735507241177,5.0,5.0,0,9.760200263602911,2,46.051283634581594,36.80320362090883,33.2713267693738,42.51940678304656,5.0,0,22.99503774778896,20.55257804316968,0,0,0,5.0,5.0,5.0,69.3126220703125,-8.8994140625,-9.84032154083252,1.874425379355671e-07,20.111014366149902,-8.89941312528731
2879,SAFE,29,2.9000000000000004,0.5,24,2.4000000000000004,-0.039908234030008316,-0.0349876843392849,0.039908234030008316,0.0,0.0349876843392849,-0.001834474503993988,-0.003969471901655197,0.001834474503993988,0.003969471901655197,0.0,0.0,0.0,1,64.95378487148321,55.680433815946984,8.050597263578709,17.323948319114937,6.635511816668904,5.0,5.0,0,9.680596253487284,2,45.32517520941163,36.07709519573887,30.59857291217766,39.84665292585042,5.0,0,19.324585087878184,22.54797564859895,0,0,0,5.0,5.0,5.0,64.59375,-6.8294677734375,-9.734554290771484,3.765723022297607e-08,15.920978546142578,-6.829467585151349
2891,NEW_COLLISION,42,4.2,3.0,12,1.2000000000000002,-0.1452741175889969,-0.011292565613985062,0.1452741175889969,0.0,0.011292565613985062,0.00355704128742218,-0.013511050259694457,0.00355704128742218,0.013511050259694457,0.0,0.0,0.0,7,7.070794126008161,1.2195796540296202,1.2195796540296202,7.070794126008161,-1.7335447712492429,0.0,5.0,0,-3.835996429299337,34,10.898935169390077,5.093023001682425,2.4248078084799545,8.230719976187606,0.26596481397048144,1,1.8221937312547873,1.2052281544503343,0,0,1,5.0,5.0,5.0,-3.419921875,-6.188720703125,-2.700057029724121,-2.8906712353239072,-3.419921875,-6.188720703125
2891,NEW_COLLISION,42,4.2,2.0,22,2.2,-0.18375635147094727,-0.010435639880597591,0.18375635147094727,0.0,0.010435639880597591,-0.003761470317840576,-0.016250021755695343,0.003761470317840576,0.016250021755695343,0.0,0.0,0.0,23,22.801292772160956,16.77982091519824,2.0351709157462086,8.056642772708924,3.354322611506618,3.354322611506618,3.354322611506618,1,5.948905015347441,27,35.15450881376141,29.25871104039978,3.3568639231208435,9.252661696482473,4.068998784391962,1,2.696017419433526,1.321693007374635,0,0,0,5.0,5.0,5.0,21.894775390625,-6.3653564453125,-6.339661598205566,-0.4968679827658349,0.6295051424638842,-8.032011954837621
2891,NEW_COLLISION,42,4.2,1.0,32,3.2,-0.21865089237689972,0.02322082407772541,0.21865089237689972,0.0,0.02322082407772541,-0.0007379353046417236,0.0070162247866392136,0.0007379353046417236,0.0070162247866392136,0.0,0.0,0.0,23,16.70744546774119,10.685973610778476,1.6258146152978972,7.647286472260613,2.1505444168938053,2.1505444168938053,2.1505444168938053,1,6.141305527589481,27,27.542317819213988,21.64652004585236,2.6585691789801844,8.554366952341814,3.296475536656067,1,2.142191897139041,1.0327545636822872,0,0,1,5.0,5.0,2.1505444168938053,15.2093505859375,-6.914794921875,-6.899149417877197,-0.3363881452165174,0.37242332400554723,-7.638212569479644
2891,NEW_COLLISION,42,4.2,0.5,37,3.7,-0.20544089376926422,0.005089566111564636,0.20544089376926422,0.0,0.005089566111564636,0.003496527671813965,-0.0018050274811685085,0.003496527671813965,0.0018050274811685085,0.0,0.0,0.0,23,14.151459837271885,8.129987980309169,1.9818104338078442,8.00328229077056,1.7748555619439237,1.7748555619439237,1.7748555619439237,1,5.423115336152502,27,23.94898593792851,18.05318816456688,3.1131615938420483,9.008959367203678,2.880272448603769,1,2.547486013824946,1.131351160034204,0,0,1,5.0,5.0,1.7748555619439237,12.06390380859375,-7.397705078125,-6.567167639732361,-0.3353309981930579,0.40812979699662044,-7.9928691653601565
2909,FIXED_COLLISION,33,3.3000000000000003,3.0,3,0.30000000000000004,-0.14057376980781555,0.0029848499689251184,0.14057376980781555,0.0,0.0029848499689251184,-0.0017535388469696045,0.00022559426724910736,0.0017535388469696045,0.00022559426724910736,0.0,0.0,0.0,1,4.207245095210933,-4.897061623185092,-5.148908538271917,3.9553981801241074,33.298667302330124,5.0,5.0,0,0.05282804849791102,13,11.710214342868989,-0.7071457651858513,-0.7071457651858513,11.710214342868989,5.0,0,-2.9280271517288843,4.441762773086066,2,2,3,5.0,5.0,5.0,-2.7204742431640625,-3.2093505859375,0.0816991925239563,-3.166757966965861e-10,-2.311978280544281,-3.2093505875208788
2909,FIXED_COLLISION,33,3.3000000000000003,2.0,13,1.3,-0.13202059268951416,0.0008518915856257081,0.13202059268951416,0.0,0.0008518915856257081,0.001174435019493103,0.0004075837496202439,0.001174435019493103,0.0004075837496202439,0.0,0.0,0.0,1,4.168029214591144,-4.936277503804881,-5.177363877692985,3.9269428407030404,33.28364635004237,5.0,5.0,0,0.050625357389967714,13,11.837807371110797,-0.5795527369440432,-0.5795527369440432,11.837807371110797,5.0,0,-2.878458307318514,4.5978111407489415,2,2,3,5.0,5.0,5.0,-2.650115966796875,-3.217041015625,0.07962216436862946,-1.5658085938952127e-10,-2.2520051449537277,-3.2170410164079044
2909,FIXED_COLLISION,33,3.3000000000000003,1.0,23,2.3000000000000003,-0.1211891695857048,-0.0022864004131406546,0.1211891695857048,0.0,0.0022864004131406546,0.000941157341003418,7.960153743624687e-05,0.000941157341003418,7.960153743624687e-05,0.0,0.0,0.0,1,4.113739522943367,-4.990567195452658,-5.207863401069894,3.8964433173261304,35.384731799426824,5.0,5.0,0,0.04552808537411972,13,11.918986016088352,-0.49837409196648785,-0.49837409196648785,11.918986016088352,5.0,0,-2.853118746518191,4.7094893091034065,2,2,3,5.0,5.0,5.0,-2.5743408203125,-3.20867919921875,0.07275287061929703,-1.317408682144361e-10,-2.210576467216015,-3.208679199877454
2909,FIXED_COLLISION,33,3.3000000000000003,0.5,28,2.8000000000000003,-0.1210697591304779,-0.008112326264381409,0.1210697591304779,0.0,0.008112326264381409,0.0011286959052085876,-0.0006559542380273342,0.0011286959052085876,0.0006559542380273342,0.0,0.0,0.0,1,4.086814898537777,-5.017491819858248,-5.017491819858248,4.086814898537777,0.0,0.0,5.0,0,3.338309208125714e-05,13,11.975760010426118,-0.4416000976287222,-0.4416000976287222,11.975760010426118,5.0,0,-2.729545958743485,4.5758917222295254,2,2,3,5.0,5.0,5.0,-2.527801513671875,-3.211273193359375,5.397200584411621e-05,2.577148563998044e-15,-2.527801513671875,-3.211273193359375
2922,NEW_COLLISION,22,2.2,2.0,2,0.2,-0.025507846847176552,-0.0077514429576694965,0.025507846847176552,0.0,0.0077514429576694965,0.008980995044112206,-0.05042697163298726,0.008980995044112206,0.05042697163298726,0.0,0.0,0.0,1,4.9396647860095975,-5.255561390325605,-5.757895444760681,4.437330731574521,1.087002971593479,1.087002971593479,1.087002971593479,1,0.8772595811199129,4,21.825324123995337,12.541015362642442,6.717319466153144,16.00162822750604,5.0,0,0.4797120106962316,12.475214910913826,1,1,1,1.087002971593479,1.087002971593479,1.087002971593479,-2.95867919921875,3.95556640625,1.9617061614990234,0.37180287294256686,-0.8262987722760742,4.359717233985563
2922,NEW_COLLISION,22,2.2,1.0,12,1.2000000000000002,-0.02125774323940277,0.009345698170363903,0.02125774323940277,0.0,0.009345698170363903,-0.0070136962458491325,0.014554552733898163,0.0070136962458491325,0.014554552733898163,0.0,0.0,0.0,1,4.379222699032152,-5.816003477303051,-5.910719870307305,4.284506306027898,0.4708470931168812,0.4708470931168812,0.4708470931168812,1,0.3979725204510218,13,24.779123075665304,15.5843614153516,3.7151964463434126,12.909958106657117,5.0,0,-1.097761711981946,9.625916316650716,1,1,1,0.4708470931168812,0.4708470931168812,0.4708470931168812,-0.983856201171875,4.26727294921875,1.9235916137695312,0.0350873366576252,-0.07813868148448067,4.283793719689206
2922,NEW_COLLISION,22,2.2,0.5,17,1.7000000000000002,-0.027763744816184044,0.006597989238798618,0.027763744816184044,0.0,0.006597989238798618,0.004325373098254204,0.0051951800705865026,0.004325373098254204,0.0051951800705865026,0.0,0.0,0.0,1,4.171772386132992,-6.02345379020221,-6.02345379020221,4.171772386132992,-0.16874198768209359,0.0,5.0,0,-0.10556286704786504,13,23.280485006619426,14.085723346305722,2.6096157266575375,11.804377386971241,5.0,0,-1.7069190317723364,8.633069516859749,1,1,1,5.0,5.0,5.0,0.0127410888671875,4.1717529296875,1.6123523712158203,0.10063902057015639,0.0127410888671875,4.1717529296875
2924,SAFE,13,1.3,1.0,3,0.30000000000000004,0.1453251987695694,0.06594191491603851,0.0,0.1453251987695694,0.06594191491603851,-0.032011717557907104,0.004693508148193359,0.032011717557907104,0.004693508148193359,0.0,0.0,0.0,9,20.874223342384454,14.944992832859292,-2.5223643071665625,3.4068662023585996,2.107481987172384,2.107481987172384,2.107481987172384,1,9.640979809144982,16,12.130694762725128,6.191127638380788,-2.0714319227086517,3.868135201635688,5.0,0,-2.296898114937607,0.45093238445791073,2,3,3,2.107481987172384,2.107481987172384,2.107481987172384,-20.689697265625,-2.7694091796875,9.767349481582642,-0.301702649114143,-0.1051841707720591,-3.405242078177747
2924,SAFE,13,1.3,0.5,8,0.8,-0.06290049850940704,0.04461806267499924,0.06290049850940704,0.0,0.04461806267499924,-0.03455664590001106,0.05186107661575079,0.03455664590001106,0.05186107661575079,0.0,0.0,0.0,9,16.65341145606767,10.724180946542507,-2.3804111729012307,3.5488193366239313,1.8581523872314738,1.8581523872314738,1.8581523872314738,1,8.555360147111493,16,11.189390945062046,5.249823820717706,-1.762488653403901,4.1770784709404385,5.0,0,-2.071449913152566,0.6179225194973297,3,3,3,1.8581523872314738,1.8581523872314738,1.8581523872314738,-16.4510498046875,-2.5882568359375,8.741412162780762,-0.5136561990512514,-0.2081739266421856,-3.5427083284208276
2938,FIXED_COLLISION,75,7.5,3.0,45,4.5,-0.07185482233762741,-0.014879818074405193,0.07185482233762741,0.0,0.014879818074405193,0.005780845880508423,0.0008650189265608788,0.005780845880508423,0.0008650189265608788,0.0,0.0,0.0,7,3.3506800105498318,-5.7210566345588525,-6.183682292016791,2.888054353091893,0.5052616648988465,0.5052616648988465,0.5052616648988465,1,1.7048136191228962,6,4.178036288729824,-4.872821942807545,-4.873150911402635,4.177707320134734,0.05144882830175311,1,-5.528416601709713,1.3105313806141563,3,3,3,0.05144882830175311,0.05144882830175311,0.05144882830175311,1.5787353515625,-2.9554443359375,-3.3595380783081055,0.13820709840345557,-0.11871045117452472,-2.8856135872973314
2938,FIXED_COLLISION,75,7.5,2.0,55,5.5,-0.008294719271361828,0.00214447476901114,0.008294719271361828,0.0,0.00214447476901114,0.007051926106214523,-0.008862750371918082,0.007051926106214523,0.008862750371918082,0.0,0.0,0.0,7,2.9293168812613013,-6.142419763847383,-6.142419763847383,2.9293168812613013,-0.3905498628362074,0.0,5.0,0,-0.7137622322620394,6,4.420624844372969,-4.6302333871644,-4.6302333871644,4.420624844372969,5.0,0,-5.386326575505891,1.5121863766829833,2,2,2,5.0,5.0,5.0,-1.058349609375,-2.7314453125,-2.31014347076416,0.1296396754095781,-1.058349609375,-2.7314453125
2938,FIXED_COLLISION,75,7.5,1.0,65,6.5,0.06912250071763992,0.026049455627799034,0.0,0.06912250071763992,0.026049455627799034,0.0059836506843566895,0.033983456902205944,0.0059836506843566895,0.033983456902205944,0.0,0.0,0.0,7,4.068319643717574,-5.00341700139111,-5.00341700139111,4.068319643717574,-1.189175722899069,0.0,5.0,0,-1.5759990104069694,6,4.874972189386832,-4.175886042150537,-4.175886042150537,4.874972189386832,5.0,0,-4.589651521770824,0.8275309592405735,3,3,3,5.0,5.0,5.0,-3.1961669921875,-2.51708984375,-2.2931957244873047,0.3646150140379518,-3.1961669921875,-2.51708984375
2938,FIXED_COLLISION,75,7.5,0.5,70,7.0,0.13377860188484192,-0.021032387390732765,0.0,0.13377860188484192,0.021032387390732765,0.0007319599390029907,-0.0035313908010721207,0.0007319599390029907,0.0035313908010721207,0.0,0.0,0.0,7,4.85850622623049,-4.213230418878195,-4.213230418878195,4.85850622623049,-1.6349713639548233,0.0,5.0,0,-1.8525009723703292,6,5.224501051091759,-3.8263571804456094,-3.8263571804456094,5.224501051091759,5.0,0,-4.019793799661902,0.38687323843258525,2,3,3,5.0,5.0,5.0,-4.25634765625,-2.3427734375,-2.3171987533569336,0.3681175314490588,-4.25634765625,-2.3427734375
2965,SAFE,76,7.6000000000000005,3.0,46,4.6000000000000005,0.08550010621547699,0.0018031166400760412,0.0,0.08550010621547699,0.0018031166400760412,-0.00976543128490448,0.004155253060162067,0.00976543128490448,0.004155253060162067,0.0,0.0,0.0,3,14.716950421079707,5.446246951510345,3.027760211994181,12.298463681563543,25.338064039698462,5.0,5.0,0,0.4925515109926268,2,17.05598645466633,7.817155982494256,5.284504129489369,14.52333460166144,5.0,0,4.156132170741775,2.2567439174951875,0,0,0,5.0,5.0,5.0,10.52850341796875,10.282958984375,-0.2066783905029297,-0.49332512499410086,9.495111465454102,7.816333359404496
2965,SAFE,76,7.6000000000000005,2.0,56,5.6000000000000005,0.004686686210334301,-0.004800640512257814,0.0,0.004686686210334301,0.004800640512257814,-0.005431295372545719,-0.006495329202152789,0.005431295372545719,0.006495329202152789,0.0,0.0,0.0,3,14.066705809128383,4.7960023395590206,2.3873144528042065,11.658017922373569,28.983154304666,5.0,5.0,0,0.4820751902090254,7,26.890097043888083,13.59950260679258,5.849211104876133,19.139805541971636,5.0,0,4.11826277884017,3.4618966520719265,0,0,0,5.0,5.0,5.0,9.9591064453125,9.9342041015625,-0.3693256378173828,-0.3123608601977139,8.112478256225586,8.37239980057393
2965,SAFE,76,7.6000000000000005,1.0,66,6.6000000000000005,-0.012081019580364227,-0.0065958513878285885,0.012081019580364227,0.0,0.0065958513878285885,0.0013240836560726166,-0.003061191877350211,0.0013240836560726166,0.003061191877350211,0.0,0.0,0.0,3,13.691832139088767,4.421128669519405,3.9376429461454734,13.208346415714836,9.677984012330375,5.0,5.0,0,0.12807361404047718,7,25.375912471541298,12.085318034445795,4.5869871425791935,17.877581579674697,5.0,0,4.262315044362333,0.6493441964337201,0,0,0,5.0,5.0,5.0,9.23126220703125,10.11187744140625,-0.3861503601074219,0.17910549362341044,7.300510406494141,11.007404909523302
2965,SAFE,76,7.6000000000000005,0.5,71,7.1000000000000005,-0.005179596599191427,0.008854826912283897,0.005179596599191427,0.0,0.008854826912283897,0.013364511076360941,0.02348533645272255,0.013364511076360941,0.02348533645272255,0.0,0.0,0.0,3,13.74137140719439,4.470667937625027,4.470667937625027,13.74137140719439,-6.511560431325639,0.0,5.0,0,-0.8158403107589045,7,24.6801308759318,11.389536438836295,6.581934643589939,19.872529080685442,5.0,0,5.526301290607483,2.111266705964912,0,0,0,5.0,5.0,5.0,8.41229248046875,10.865478515625,-0.31313323974609375,1.2742129209763107,8.41229248046875,10.865478515625
3022,SAFE,37,3.7,3.0,7,0.7000000000000001,0.10344865918159485,0.09323737770318985,0.0,0.10344865918159485,0.09323737770318985,-0.04920327663421631,-0.02057279646396637,0.04920327663421631,0.02057279646396637,0.0,0.0,0.0,10,7.140680918589367,1.390266327413813,1.3582024713778846,7.108617062553439,0.051070523154937646,0.051070523154937646,0.051070523154937646,1,1.252850598206097,8,9.550166479914106,3.6062921598998035,3.6062921598998035,9.550166479914106,5.0,0,2.482247315638844,2.248089688521919,0,0,1,5.0,5.0,0.051070523154937646,0.88787841796875,7.08526611328125,-13.229414880275726,0.3951729616548221,0.21224527899935186,7.105447803169648
3022,SAFE,37,3.7,2.0,17,1.7000000000000002,0.036932703107595444,0.10382199287414551,0.0,0.036932703107595444,0.10382199287414551,-0.011915788054466248,-0.0009121149778366089,0.011915788054466248,0.0009121149778366089,0.0,0.0,0.0,7,53.302370402946316,47.28432791189228,1.5278386872955192,7.54588117834956,5.4598564112759735,5.0,5.0,0,9.635291406906404,2,14.37707787257534,8.453283629401914,8.453283629401914,14.37707787257534,5.0,0,4.990561158348717,6.925444942106395,0,0,1,5.0,5.0,5.0,-53.261474609375,-2.08758544921875,9.671275019645691,-0.7293102126481301,-4.905099511146545,-5.734136512459401
3022,SAFE,37,3.7,1.0,27,2.7,0.08558426797389984,0.06995048373937607,0.0,0.08558426797389984,0.06995048373937607,0.004955768585205078,-0.0015392675995826721,0.004955768585205078,0.0015392675995826721,0.0,0.0,0.0,7,44.32624247308552,38.30819998203148,1.2828369737344945,7.300879464788535,4.891074553376978,4.891074553376978,4.891074553376978,1,8.816821323562758,21,21.42176865587647,18.09024988637999,10.536862350030166,13.868381119526646,5.0,0,5.90984966188233,9.254025376295672,0,0,1,5.0,5.0,4.891074553376978,-44.300750732421875,-1.503082275390625,8.861676096916199,-1.1724867225741917,-0.9576322745260413,-7.237802248345626
3022,SAFE,37,3.7,0.5,32,3.2,0.06785508245229721,0.08894021064043045,0.0,0.06785508245229721,0.08894021064043045,-0.019382022321224213,0.011767596006393433,0.019382022321224213,0.011767596006393433,0.0,0.0,0.0,7,39.829150074668185,33.811107583614145,1.4584700969661695,7.47651258802021,4.508878953582835,4.508878953582835,4.508878953582835,1,8.522229133440614,27,20.476203830036336,17.14468506580821,8.233781711219542,11.565300475447668,5.0,0,4.846125904092856,6.775311614253373,0,0,1,5.0,5.0,4.508878953582835,-39.805877685546875,-1.361358642578125,8.57291841506958,-1.3364580464049922,-1.1516262730569267,-7.387286200360026
3037,NEW_COLLISION,34,3.4000000000000004,3.0,4,0.4,-0.10787913203239441,-0.023892875760793686,0.10787913203239441,0.0,0.023892875760793686,0.002636432647705078,-0.017996942158788443,0.002636432647705078,0.017996942158788443,0.0,0.0,0.0,5,71.35275178317775,58.5749418218589,-10.870287327066688,1.9075226342521665,3.662286837346064,3.662286837346064,3.662286837346064,1,19.469189559273158,3,4.680631616369719,-7.532743206947438,-7.532743206947438,4.680631616369719,5.0,0,-9.201515267007062,3.33754412011925,7,7,7,0.4895713300102017,0.4895713300102017,0.4895713300102017,71.3468017578125,-0.92144775390625,-19.46084213256836,0.7720506854543743,0.07561577203769332,1.906023309197311
3037,NEW_COLLISION,34,3.4000000000000004,2.0,14,1.4000000000000001,-0.07903808355331421,-0.12647108733654022,0.07903808355331421,0.0,0.12647108733654022,0.008933685719966888,-0.014981597661972046,0.008933685719966888,0.014981597661972046,0.0,0.0,0.0,6,41.92950183326386,28.855282179955594,-9.735779697765885,3.338439955542386,4.313364251113267,4.313364251113267,4.313364251113267,1,9.659210718553961,4,24.16657318237258,11.074326092957651,-8.963890147767843,4.128356941647086,2.457317299869665,1,-9.349834922766863,0.7718895499980416,8,8,8,0.3761766195962713,0.3761766195962713,0.3761766195962713,41.79638671875,-3.33843994140625,-9.689973831176758,-3.2772877744946527e-09,1.12910925054166e-09,-3.338439955542386
3037,NEW_COLLISION,34,3.4000000000000004,1.0,24,2.4000000000000004,0.029977016150951385,-0.07107733190059662,0.0,0.029977016150951385,0.07107733190059662,-0.0027848631143569946,0.10713650286197662,0.0027848631143569946,0.10713650286197662,0.0,0.0,0.0,7,5.8478427848173204,-3.3460574417769298,-3.3460574417769298,5.8478427848173204,-0.2117434836579554,0.0,5.0,0,-3.3249175486144367,4,15.403706229310803,2.3114591398958737,-2.893723756805123,10.198523332609806,1.314413468567193,1,-3.1198905992910264,0.4523336849718067,3,3,3,1.314413468567193,1.314413468567193,1.314413468567193,-2.029052734375,-5.4845428466796875,-9.582597732543945,1.886860161448567e-07,-2.029052734375,-5.4845428466796875
3037,NEW_COLLISION,34,3.4000000000000004,0.5,29,2.9000000000000004,0.029472513124346733,-0.07144437730312347,0.0,0.029472513124346733,0.07144437730312347,-0.0015448927879333496,0.03526619076728821,0.0015448927879333496,0.03526619076728821,0.0,0.0,0.0,4,12.060261767131527,-1.0319853222834023,-2.904444111959771,10.187802977455158,0.6663942959985852,0.6663942959985852,0.6663942959985852,1,5.183421223779461,7,8.748381600701148,-0.44551862589310254,-0.44551862589310254,8.748381600701148,5.0,0,-1.6749813689264368,2.4589254860666685,2,2,2,0.6663942959985852,0.6663942959985852,0.6663942959985852,6.454345703125,10.187803268432617,-9.685476303100586,-4.3664459781211917e-07,-4.592906952538556e-07,10.187802977455148
3053,NEW_COLLISION,53,5.300000000000001,3.0,23,2.3000000000000003,0.19321739673614502,-0.028126483783125877,0.0,0.19321739673614502,0.028126483783125877,-0.016772136092185974,-0.018595498986542225,0.016772136092185974,0.018595498986542225,0.0,0.0,0.0,1,5.515990809962463,-3.5516802648934,-3.5516802648934,5.515990809962463,-2.2213319347074463,0.0,5.0,0,-1.1795058101376952,3,29.310397664308578,20.172358759101215,2.2194814127345595,11.357520317941923,5.0,0,-0.6660994260794202,5.771161677627959,1,1,1,5.0,5.0,5.0,-0.3123321533203125,5.50714111328125,-1.3048396110534668,1.107398506432176,-0.3123321533203125,5.50714111328125
3053,NEW_COLLISION,53,5.300000000000001,2.0,33,3.3000000000000003,0.11788109689950943,0.16347505152225494,0.0,0.11788109689950943,0.16347505152225494,0.00767526775598526,0.18244821019470692,0.00767526775598526,0.18244821019470692,0.0,0.03244821019470692,0.03244821019470692,1,7.126967197562699,-1.9407038772931635,-1.9407038772931635,7.126967197562699,-3.247206309123361,0.0,5.0,0,-1.989684249373547,24,17.908835552956464,8.69499459323616,0.1758919323479855,9.38973289206829,5.0,0,-0.882405972472589,2.116595809641149,1,2,2,5.0,5.0,5.0,-1.735565185546875,6.91241455078125,-1.1041364669799805,1.77421557641145,-1.735565185546875,6.91241455078125
3053,NEW_COLLISION,53,5.300000000000001,1.0,43,4.3,0.18467840552330017,-0.022913333028554916,0.0,0.18467840552330017,0.022913333028554916,0.0021370500326156616,-0.021743443561717868,0.0021370500326156616,0.021743443561717868,0.0,0.0,0.0,1,7.780706397962012,-1.2869646768938505,-2.6940987045511635,6.373572370304699,4.214629733449552,4.214629733449552,4.214629733449552,1,0.607357999257071,3,22.294387846598404,13.156348941391041,-0.9485215616906331,8.18951734351673,5.0,0,-1.8213101331208983,1.7455771428605305,2,3,3,4.214629733449552,3.0250021015186075,3.0250021015186075,0.009429931640625,7.78070068359375,-0.868128776550293,-0.6063063042126764,-3.649411422471422,5.225344106281095
3053,NEW_COLLISION,53,5.300000000000001,0.5,48,4.800000000000001,0.18023790419101715,0.08359614759683609,0.0,0.18023790419101715,0.08359614759683609,-0.017419084906578064,-0.015834428369998932,0.017419084906578064,0.015834428369998932,0.0,0.0,0.0,3,21.154819272564662,12.016780367357299,0.2017933996737309,9.339832304881094,8.614091545029227,5.0,5.0,0,2.3995242805801484,24,13.822108869134043,4.608267909413739,1.9009829584781208,11.114823918198425,1.7265734549284688,1,1.0513881790759259,1.69918955880439,0,1,2,5.0,5.0,1.7265734549284688,-21.049972534179688,2.10357666015625,2.351078987121582,-0.6043774944303877,-9.294577598571777,-0.9183108119956884
3070,SAFE,57,5.7,3.0,27,2.7,-0.17041172087192535,0.16327756643295288,0.17041172087192535,0.0,0.16327756643295288,0.012454673647880554,-0.0075688958168029785,0.012454673647880554,0.0075688958168029785,0.0,0.0,0.0,13,13.157320956957422,7.251524295715464,-1.235685672689634,4.670110988552324,7.479924982777629,5.0,5.0,0,1.727271894805482,2,4.76931572293597,-1.1405699882606752,-1.1405699882606752,4.76931572293597,5.0,0,-1.1881278304751546,0.09511568442895868,2,2,2,5.0,5.0,5.0,-12.985595703125,2.1188201904296875,1.6670185923576355,-0.5092651253809801,-4.6505027413368225,-0.42750543647521333
3070,SAFE,57,5.7,2.0,37,3.7,-0.0632936954498291,0.11804933100938797,0.0632936954498291,0.0,0.11804933100938797,0.004562303423881531,-0.0016384273767471313,0.004562303423881531,0.0016384273767471313,0.0,0.0,0.0,13,11.178351695059485,5.272555033817527,-2.572466410436234,3.333330250805724,7.002281195993804,5.0,5.0,0,1.5839484679749851,2,5.5251763041630335,-0.3847094070336121,-0.3847094070336121,5.5251763041630335,5.0,0,-1.478587908734923,2.1877570034026217,2,2,2,5.0,5.0,5.0,-11.0220947265625,1.862518310546875,1.5384198725223541,-0.4023173750637862,-3.3299953639507294,-0.149068564772056
3070,SAFE,57,5.7,1.0,47,4.7,-0.016590353101491928,0.10135231167078018,0.016590353101491928,0.0,0.10135231167078018,0.0010076798498630524,-0.00032251328229904175,0.0010076798498630524,0.00032251328229904175,0.0,0.0,0.0,8,55.596302825017965,46.52090354199761,-4.46087184041142,4.614527442608935,5.318486854242388,5.0,5.0,0,10.418752847416677,13,9.761296917815852,3.855500256573894,-0.2995076453473935,5.606289015894564,5.0,0,-2.3801897428794065,4.161364195064026,3,3,3,5.0,5.0,5.0,-55.171630859375,6.858573913574219,10.265043772757053,-1.8815766572955723,-3.846411995589733,-2.549309372903643
3070,SAFE,57,5.7,0.5,52,5.2,0.0010236348025500774,0.09460390359163284,0.0,0.0010236348025500774,0.09460390359163284,0.003981968387961388,-0.0017013922333717346,0.003981968387961388,0.0017013922333717346,0.0,0.0,0.0,8,50.25591824439658,41.18051896137623,-5.764946171204875,3.3104531118154794,4.7565688947224505,4.7565688947224505,4.7565688947224505,1,10.519736704417852,2,6.214262232017702,0.30437652082105604,0.30437652082105604,6.214262232017702,5.0,0,-2.7302848251919096,6.069322692025931,1,2,2,4.7565688947224505,4.7565688947224505,4.7565688947224505,-49.91552734375,5.839302062988281,10.367794314486673,-1.9120619297013088,-0.6003994005824183,-3.2555522366119494
